name,sex,meaning,origin
A'ishah,F,Lively,Arabic
Aakarshan,M,Attraction,Indian
Aaliyah,F,High exalted,Arabic
Aaliyah,F,To ascend,Hebrew
Aaron,M,Appeared in Titus Andronicus,Shakespearian
Aaron,M,"Revered, Sharer",Hebrew
Aaron,M,"Shining light, High mountain, Messenger",Arabic
Aarone,M,"Revered, Sharer",Hebrew
Aayesha,F,The prophet Muhammad's wife,Arabic
Ab,M,Allah's Servant,Arabic
Aba,M,Bright,Spanish
Aba,M,Father,Hungarian
Aba,F,Born on Thursday,African
Abacas,M,"Device for doing calculations, Clever",English
Abacus,M,"Device for doing calculations, Clever",English
Abagail,F,A father's joy,Hebrew
Abagail,F,Head of a monastery,Latin
Abaigael,F,Bringer of joy,Hebrew
Abaigeal,F,Bringer of joy,Hebrew
Abakus,M,"Device for doing calculations, Clever",English
Abarrane,F,Father of many,Hebrew
Abba,M,"Device for doing calculations, Clever",English
Abba,M,Father,Arabic
Abba,M,Father,Hebrew
Abba,F,Born on Thursday,African
Abbas,M,Harsh,Arabic
Abbe,M,Father,Arabic
Abbe,M,Father,Hebrew
Abbe,F,A father's joy,Hebrew
Abbe,F,Head of a monastery,Latin
Abbey,M,A father's joy,Hebrew
Abbey,M,Firm,German
Abbey,F,Bringer of joy,Hebrew
Abbey,F,Head of a monastery,Latin
Abbiah,M,The Lord is my father,Hebrew
Abbie,F,Bringer of joy,Hebrew
Abbie,F,Head of a monastery,Latin
Abbitt,M,"Father, Leader",Hebrew
Abbondanzio,M,Plentiful,Latin
Abbondazio,M,Plentiful,Latin
Abbondio,M,Plentiful,Latin
Abbot,M,Father,Arabic
Abbot,M,Father,Hebrew
Abbott,M,Father,Arabic
Abbott,M,Father,Hebrew
Abby,M,Firm,German
Abby,M,Spiritual,Hebrew
Abby,F,Bringer of joy,Hebrew
Abby,F,Head of a monastery,Latin
Abdallah,M,Allah's Servant,Arabic
Abdel,M,Allah's Servant,Arabic
Abdia,M,Servant of God,Hebrew
Abdiel,M,Servant of God,Hebrew
Abdieso,M,Servant of God,Persian
Abdon,M,Allah's Servant,Arabic
Abdone,M,Allah's Servant,Arabic
Abdul,M,Allah's Servant,Arabic
Abdul-Jabbar,M,Comforting,Arabic
Abdulah,M,Allah's Servant,Arabic
Abdulla,M,Allah's Servant,Arabic
Abdullah,M,Allah's Servant,Arabic
Abe,M,Firm,German
Abe,M,"Peaceful, Handsom, Vital, Father of Many",Hebrew
Abeba,F,Flower,African
Abebi,F,We asked and got her,African
Abedabun,F,Sight of day (Chippewa),Native American
Abeer,M,Strong,Hebrew
Abegayle,F,Bringer of joy,Hebrew
Abejundio,M,Relating to the abaje (bee),Spanish
Abel,M,"Breath, Child",Arabic
Abel,M,Firm,German
Abel,M,"Peaceful, Handsom, Vital, Father of Many",Hebrew
Abel,M,"Son of Adam and Eve, Naïve",Spanish
Abelard,M,"Resolute, Keeper of the abbey larder",English
Abelard,M,"Resolute, Keeper of the abbey larder",German
Abelardo,M,"Resolute, Keeper of the abbey larder",English
Abelardo,M,"Resolute, Keeper of the abbey larder",German
Abele,M,"Breath, Child",Arabic
Abele,M,"Peaceful, Handsom, Vital, Father of Many",Hebrew
Abelerd,M,Firm,German
Abelino,M,"Son of Adam and Eve, Naïve",Spanish
Abell,M,"Breath, Child",Arabic
Abell,M,"Peaceful, Handsom, Vital, Father of Many",Hebrew
Abella,F,Breath,French
Abella,F,Child,Arabic
Abena,F,Females born on Tuesday,African
Abequa,F,Stays at home (Chippewa),Native American
Abeque,F,Stays at home (Chippewa),Native American
Abey,M,"Peaceful, Handsom, Vital, Father of Many",Hebrew
Abey,F,Leaf,Native American
Abha,F,Lustrous beauty,Indian
Abhay,M,"Son of Dharma, Fearless",Indian
Abhaya,F,Fearless,Indian
Abhijat,M,"Noble, Wise",Indian
Abhijit,M,One who is victorious (Abhijeet),Indian
Abhilasha,F,Desire,Indian
Abhinav,M,Quite new,Indian
Abhishek,M,"Shower of milk, Water over an idol",Indian
Abhorson,M,Appeared in Measure for Measure,Shakespearian
Abhy,F,Bringer of joy,Hebrew
Abia,M,The Lord is my father,Hebrew
Abia,F,Great,Arabic
Abiageal,F,Bringer of joy,Irish
Abiam,M,The Lord is my father,Hebrew
Abichail,F,Bringer of joy,Hebrew
Abie,M,"Peaceful, Handsom, Vital, Father of Many",Hebrew
Abigail,F,A father's joy,Hebrew
Abigail,F,Head of a monastery,Latin
Abigale,F,A father's joy,Hebrew
Abigale,F,Head of a monastery,Latin
Abigayle,F,A father's joy,Hebrew
Abigayle,F,Head of a monastery,Latin
Abihail,F,A father's joy,Hebrew
Abihail,F,Head of a monastery,Latin
Abijah,M,The Lord is my father,Hebrew
Abilio,F,A father's joy,Hebrew
Abilio,F,Head of a monastery,Latin
Abina,F,Born on Tuesday,African
Abiona,F,Born on a journey,African
Abir,M,Strong,Hebrew
Abir,F,Fragrant,Arabic
Abira,F,Strong,Hebrew
Able,M,"Breath, Child",Arabic
Able,M,"Peaceful, Handsom, Vital, Father of Many",Hebrew
Able,M,"Son of Adam and Eve, Naïve",Spanish
Abner,M,Cheerful leader,Hebrew
Abnir,M,Cheerful leader,Hebrew
Abnor,M,Cheerful leader,Hebrew
Abod,M,Father,Hungarian
Abony,M,Father,Hungarian
Abos,M,Father,Hungarian
Abott,M,"Father, Leader",Hebrew
Abotte,M,"Father, Leader",Hebrew
Abra,M,Father of many,Hebrew
Abra,F,Lesson,Arabic
Abra,F,Mother of many,Hebrew
Abraham,M,Appeared in Romeo & Juliet,Shakespearian
Abraham,M,Father of many,Hebrew
Abrahim,M,Father of many,Hebrew
Abrahm,M,Father of many,Hebrew
Abram,M,Father of many,Hebrew
Abramio,M,Father of many,Hebrew
Abramo,M,Father of many,Hebrew
Abran,M,Father of many,Hebrew
Abrasha,M,Father,Hebrew
Abraxas,M,Bright,Spanish
Abrihet,F,"She has made it light, She emanates light",African
Abril,F,"The month April, Spring",Spanish
Abs,M,"Peaceful, Handsom, Vital, Father of Many",Hebrew
Absa,M,Father,Arabic
Absa,M,Father,Hebrew
Absalom,M,"Peaceful, Handsom, Vital, Father of Many",Hebrew
Abul,M,Allah's Servant,Arabic
Abun,M,Abundant living,Spanish
Abund,M,Abundant living,Spanish
Abundiantus,M,Plentiful,Latin
Abundio,M,Abundant living,Spanish
Acacia,F,Honorable,Spanish
Acacia,F,Thorny,African
Acacia,F,"Thorny, Naive",Greek
Acacio,M,The Lord holds,Hebrew
Acanit,F,Hard times,African
Acantha,F,Thorny,Greek
Acario,M,Ungrateful,Latin
Acatia,F,"Thorny, Naive",Greek
Acazia,F,"Thorny, Naive",Greek
Acca,F,From Acca,Anglo-Saxon
Accalia,F,Foster mother of Romulus and Remus,Latin
Accorso,M,To hasten,Latin
Accursio,M,To hasten,Latin
Accursius,M,To hasten,Latin
Ace,M,"One, Unity",Latin
Acelin,F,Noble,Teutonic
Aceline,F,Noble,French
Acey,M,"One, Unity",Latin
Achal,F,"Steady, Mountainous",Indian
Achala,F,"Steady, Mountain",Indian
Achan,F,Female child in the first pair of twins,African
Acharius,M,Ungrateful,Latin
Achazia,F,The Lord holds,Hebrew
Achazio,M,The Lord holds,Hebrew
Acheflow,F,White flower,Arthurian Legend
Achen,F,A twin,African
Achill,M,Hero of the Iliad,Greek
Achilla,M,Hero of the Iliad,Greek
Achille,M,Hero of the Iliad,Greek
Achilleo,M,Hero of the Iliad,Greek
Achilles,M,Appeared in Troilus & Cressida,Shakespearian
Achilles,M,Hero of the Iliad,Greek
Achintya,M,Beyond comprehension,Indian
Achlys,F,"Mist, Darknesss",Greek
Achyuta,M,"Indestructible, A name of Vishnu",Indian
Ackerley,M,Meadow of oaks,English
Ackill,M,Hero of the Iliad,Greek
Ackley,M,Meadow of oaks,English
Acton,M,Town with many oaks,English
Acuzio,M,Sharp,Latin
Ada,F,First born females,African
Ada,F,Happy,Teutonic
Ada,F,Joyful,German
Ada,F,Noble kind,Hebrew
Ada,F,Wealthy,English
Adah,M,Happy,Teutonic
Adah,M,Noble kind,Hebrew
Adah,F,Adorned,Latin
Adah,F,"Adorned with beauty, Spectacular ornament",Hebrew
Adah,F,Happy,Teutonic
Adailia,F,Adorned,Latin
Adailia,F,Noble kind,Hebrew
Adair,M,"Noble, Exalted, Oak-tree ford",Gaelic
Adair,F,From the oak tree ford,Scottish
Adaira,F,From the oak tree ford,Scottish
Adairia,F,From the oak tree ford,Scottish
Adal,F,"Sweet, Noble",German
Adalardo,M,Noble,Celtic
Adalbeorht,F,Noble,English
Adalbert,M,Famous for nobility,German
Adalberto,M,Famous for nobility,German
Adalbrechta,F,Noble,English
Adalee,F,Adorned,Latin
Adalee,F,Noble kind,Hebrew
Adalene,F,Good humor,French
Adalfreddo,M,Who protects the descendants,German
Adalfredo,M,Who protects the descendants,German
Adalfrid,M,Who protects the descendants,German
Adalgisa,F,Noble hostage,German
Adalgisal,F,Noble hostage,German
Adalgiso,M,Noble hostage,German
Adalheida,F,"Sweet, Noble",German
Adalheld,F,Adorned,Latin
Adalheld,F,Noble kind,Hebrew
Adalhelm,M,Noble protector,German
Adali,F,Noble,German
Adalia,F,Adorned,Latin
Adalia,F,Just,Arabic
Adalia,F,Noble,German
Adalia,F,"Of the nobility, Noble",Spanish
Adalia,F,"Refuge of God, Just, Noble one",Hebrew
Adalicia,F,"Of the nobility, Noble",French
Adalicia,F,"Of the nobility, Noble",German
Adalie,F,Noble,German
Adalie,F,"Of the nobility, Noble",French
Adaliz,F,"Of the nobility, Noble",French
Adaliz,F,"Of the nobility, Noble",German
Adalrich,M,"Noble, Powerful and rich",German
Adalrich,M,"Noble, Powerful and rich",Latin
Adalrico,M,"Noble, Powerful and rich",German
Adalrico,M,"Noble, Powerful and rich",Latin
Adalricus,M,"Noble, Powerful and rich",German
Adalricus,M,"Noble, Powerful and rich",Latin
Adalwolfa,F,"Noble wolf, Noble hero",German
Adalyn,F,Good humor,French
Adam,M,Appeared in As You Like It,Shakespearian
Adam,M,Created by God,Hebrew
Adama,F,"Beautiful child, Queenly",African
Adamah,M,Created by God,Hebrew
Adamina,F,Dauggher of the earth,Hebrew
Adamo,M,Created by God,Hebrew
Adams,M,Created by God,Hebrew
Adamson,M,Created by God,Hebrew
Adan,M,Created by God,Hebrew
Adan,F,Little fire,Irish
Adana,F,Created by God,Spanish
Adanech,F,She has rescued them,African
Adanna,F,Father's daughter,African
Adar,F,Fire,Hebrew
Adara,F,Adorned,Latin
Adara,F,"Beauty, Virgin",Arabic
Adara,F,From the ford at the oak tree,Irish
Adara,F,Noble kind,Hebrew
Adara,F,Virgin,Greek
Adaulfo,M,"Noble wolf, Noble hero",German
Adda,F,Wealthy,English
Addai,M,Man of God,Hebrew
Addi,F,Created by God,Hebrew
Addie,M,Created by God,Hebrew
Addie,F,Adorned,Latin
Addie,F,Created by God,Hebrew
Addie,F,Good humor,French
Addisen,M,Adam's son,English
Addisyn,F,"Joyful, Kind",Hebrew
Addo,M,Created by God,Hebrew
Addo,M,Happy,Teutonic
Addolorata,F,"Lady of sorrows, From the virgin Mary",Latin
Addy,M,Created by God,Hebrew
Ade,F,A mistress of Lancelot,Arthurian Legend
Adeben,M,Twelfth-born son,African
Adeen,F,Little fire,Irish
Adela,F,Adorned,Latin
Adela,F,Good humor,French
Adela,F,Noble kind,Hebrew
Adela,F,Of nobility,Teutonic
Adela,F,"Pleasant, Noble",German
Adelaide,F,Adorned,Latin
Adelaide,F,Noble kind,Hebrew
Adelaide,F,"Of the nobility, Noble",French
Adelaide,F,"Sweet, Noble",German
Adelais,M,Noble,Latin
Adelardo,M,Noble,Celtic
Adelasia,M,Noble,Latin
Adelbert,M,Famous for nobility,German
Adelberto,M,Famous for nobility,German
Adelchi,M,Noble hostage,German
Adele,M,Noble,Hebrew
Adele,F,Adorned,Latin
Adele,F,Good humor,French
Adele,F,Noble kind,Hebrew
Adele,F,Pleasant,German
Adelfio,M,Brother,Greek
Adelfrid,M,Who protects the descendants,German
Adelfried,M,Who protects the descendants,German
Adelgiese,F,Noble hostage,German
Adelheid,F,"Sweet, Noble",German
Adelheide,F,"Sweet, Noble",German
Adelhelm,M,Noble protector,German
Adelia,F,"Of the nobility, Noble",French
Adelina,F,"Noble, Kind",Spanish
Adelina,F,"Noble, Sweet",German
Adelina,F,"Of nobility, Noble",French
Adelinda,F,"Noble, Sweet",German
Adeline,F,Adorned,Latin
Adeline,F,Good humor,French
Adeline,F,Noble kind,Hebrew
Adeline,F,"Sweet, Noble",German
Adelino,M,Noble,German
Adelisa,F,"Of the nobility, Noble",French
Adelisa,F,"Of the nobility, Noble",German
Adelise,F,"Forerunner of Alice, Of the nobility, Noble",French
Adelita,F,Kind or winged; Of the nobility. Noble.,Spanish
Adelita,F,"Sweet, Noble",German
Adella,F,Of nobility,Teutonic
Adella,F,"Of the nobility, Noble",Spanish
Adelle,F,Adorned,Latin
Adelle,F,Noble kind,Hebrew
Adelle,F,"Noble, Sweet",German
Adelle,F,"Of the nobility, Noble",French
Adelmo,M,Noble protector,German
Adelphos,M,Brother,Greek
Adelynn,F,Good humor,French
Adelyte,F,Has good humor,German
Adem,M,Created by God,Hebrew
Ademaro,M,Glorious in battle,German
Ademia,F,Without husband,Greek
Adena,F,"Delicate, Sensual, Voluptous",Hebrew
Adene,F,Tender,Hebrew
Adenna,F,"Delicate, Sensual, Voluptous",Hebrew
Adeodato,M,Given by God,Latin
Adeodatus,M,Given by God,Latin
Adeola,F,Crown of honor,African
Aderes,F,Protector,Hebrew
Adesina,F,The way is opened for more,African
Adetoun,F,Princess,African
Adette,F,"Noble, Sweet",German
Adhiambo,F,Females born after sunset,African
Adhira,F,Lightning,Indian
Adi,M,Famous for nobility,German
Adia,F,Wealthy,English
Adiba,F,Polite,Arabic
Adie,M,Created by God,Hebrew
Adie,F,Created by God,Hebrew
Adila,F,Similar,Arabic
Adilene,F,Good humor,French
Adimaro,M,Glorious in battle,German
Adina,F,"Delicate, Sensual, Voluptous",Hebrew
Adina,F,She has saved,African
Adinah,F,"Delicate, Sensual, Voluptous",Hebrew
Adinam,F,Tender,Hebrew
Adine,F,Tender,Hebrew
Adinna,F,"Delicate, Sensual, Voluptous",Hebrew
Adiodato,M,Given by God,Latin
Adira,F,Strong,Arabic
Adiran,M,Of the adriatic,Latin
Adishree,F,Exalted,Indian
Adison,M,Adam's son,English
Adisree,F,Exalted,Indian
Aditi,F,Mother of gods,Indian
Aditya,M,Lord of the sun,Indian
Adiva,F,"Pleasant, Gentle",Arabic
Adjoa,F,"Females born on Monday, Peace",African
Adlai,M,"My witness, Refuge of God",Hebrew
Adler,M,Eagle,German
Adley,M,Just,Hebrew
Admina,F,Of the red earth,Hebrew
Admon,M,Red peony,Hebrew
Ado,M,Created by God,Hebrew
Ado,M,Happy,Teutonic
Adoette,F,Large tree,Native American
Adolf,M,"Noble wolf, Noble hero",German
Adolfa,F,"Noble wolf, Noble hero",German
Adolfina,F,"Noble wolf, Noble hero",German
Adolfo,M,"Noble wolf, Noble hero",German
Adolfus,M,"Noble wolf, Noble hero",German
Adolph,M,"Noble wolf, Noble hero",German
Adolpha,F,"Noble wolf, Noble hero",German
Adolphe,M,"Noble wolf, Noble hero",German
Adolpho,M,"Noble wolf, Noble hero",German
Adolphus,M,"Noble wolf, Noble hero",German
Adon,M,Lord,Hebrew
Adona,F,A lady,Hebrew
Adoncia,F,Sweet,Spanish
Adone,M,Lord,Hebrew
Adone,M,"Man loved by Aphrodite, Handsome",Greek
Adoni,M,The sunset,Australian Abori
Adonia,F,Beautiful,Greek
Adonia,F,Beautiful woman,Spanish
Adonis,M,"Man loved by Aphrodite, Handsome",Greek
Adonna,F,A lady,Hebrew
Adonne,F,A lady,Hebrew
Adora,F,Beloved one,French
Adoracion,F,Adoration,Spanish
Adorlee,F,Adored,French
Adowa,F,Noble,African
Adrasto,M,Undaunted,Greek
Adrastos,M,Undaunted,Greek
Adrea,F,Dark one,Latin
Adrea,F,"Rich, Wealthy",Greek
Adreanna,F,"From Adria the Adriatic sea region, Dark",French
Adreena,F,Dark one,Latin
Adreena,F,"Rich, Wealthy",Greek
Adri,F,Dark one,Latin
Adri,F,"Rich, Wealthy",Greek
Adria,F,Dark one,Latin
Adria,F,"Rich, Wealthy",Greek
Adrian,M,Appeared in The Tempest,Shakespearian
Adrian,M,Dark one,Latin
Adrian,M,"Rich, Wealthy",Greek
Adrian,F,Dark,German
Adriana,F,Appeared in Comedy of Errors,Shakespearian
Adriana,F,Dark,Spanish
Adriana,F,Dark one,Latin
Adriana,F,"Rich, Wealthy",Greek
Adriane,F,Dark,German
Adriane,F,"From Adria the Adriatic sea region, Dark",French
Adrianna,F,Dark one,Latin
Adrianna,F,"From Adria the Adriatic sea region, Dark",French
Adrianna,F,"Rich, Wealthy",Greek
Adrianne,F,Dark one,Latin
Adrianne,F,"From Adria the Adriatic sea region, Dark",French
Adrianne,F,"Rich, Wealthy",Greek
Adriano,M,Appeared in Love's Labour Lost,Shakespearian
Adriano,M,Dark one,Latin
Adriano,M,"Rich, Wealthy",Greek
Adrianus,M,Dark one,Latin
Adrianus,M,"Rich, Wealthy",Greek
Adrie,M,Dark one,Latin
Adrie,M,"Rich, Wealthy",Greek
Adriel,M,"Beaver, Symbol of skill",Native American
Adrien,M,Dark one,Latin
Adrien,M,"Rich, Wealthy",Greek
Adriene,F,"From Adria the Adriatic sea region, Dark",French
Adrienne,F,Dark one,Latin
Adrienne,F,"From Adria the Adriatic sea region, Dark",French
Adrienne,F,"Rich, Wealthy",Greek
Adsila,F,Blossom (Cherokee),Native American
Adwoa,F,"Females born on Monday, Peace",African
Ady,F,Adorned,Latin
Ady,F,"Noble kind, Lady",Hebrew
Aedre,F,Stream,Anglo-Saxon
Aefentid,F,Evening,Anglo-Saxon
Aefre,F,Forever,Anglo-Saxon
Aegeon,M,Appeared in Comedy of Errors,Shakespearian
Aeldra,F,Noble,English
Aelfraed,F,Elf counselor,English
Aelfwine,F,Friend of the elves,English
Aemilia,F,Appeared in Comedy of Errors,Shakespearian
Aemilius,M,Appeared in Titus Andronicus,Shakespearian
Aemilius Lepidus,M,"Appeared in Julius Caesar, Antony & Cleopatra",Shakespearian
Aeneas,M,Appeared in Troilus & Cressida,Shakespearian
Aeneas,M,Worthy of praise,Greek
Aerlene,F,Elfin,Anglo-Saxon
Aerwyna,F,Friend of the sea,English
Aeryn,F,Elfin,Anglo-Saxon
Aethelflaed,F,Sister of King Edward,Anglo-Saxon
Aethelreda,F,Noble maiden,English
Aethelthryth,F,Wife of King Ecgfrith,Anglo-Saxon
Aethelwine,F,Friend of the elves,English
Aethelwyne,F,Friend of the elves,English
Aetos,M,Eagle,Greek
Afafa,F,Firstborn child of a second husband,African
Affrica,F,"Pleasing, Pleasant",Celtic
Afia,F,Females born on Friday,African
Afiya,F,"Health, Good health",African
Afra,F,Doe,Hebrew
Afra,F,From Africa,Latin
Afra,F,Peaceful ruler,African
Afraate,F,From Africa,Latin
Afreda,F,Elf counselor,English
Afric,F,Agreeable,Celtic
Afric,F,Pleasant,Irish
Africa,F,Pleasant,Irish
Africa,F,"Pleasing, Pleasant, Agreeable",Celtic
Africana,F,From Africa,Latin
Africano,M,From Africa,Latin
Afro,M,From Africa,Latin
Afrodille,F,Daffodil,French
Afrodite,F,Goddess of Love,Greek
Afton,F,River name,English
Aftonio,F,River name,English
Afua,F,Born on Friday,African
Afya,F,"Health, Good health",African
Agace,F,"Good, Kind",Greek
Agacia,F,Kind,Spanish
Agamemnon,M,Appeared in Troilus & Cressida,Shakespearian
Agape,M,Love of the next,Greek
Agape,F,Love of the next,Greek
Agapio,M,Love of the next,Greek
Agapio,F,Love of the next,Greek
Agata,F,"Good, Kind",Greek
Agata,F,Kind,Irish
Agate,F,Kind,Irish
Agatha,F,Good,German
Agatha,F,"Good, Kind",Greek
Agathe,F,Good,German
Agathe,F,"Good, Kind",Greek
Agathe,F,Kind,French
Agatone,M,"Good, Kind",Greek
Agbenyaga,F,Life is precious,African
Agdta,F,Kind,Spanish
Age,F,Dark one,Latin
Age,F,"Rich, Wealthy",Greek
Agenta,F,"Lamb, Pure, Chaste",Latin
Agenta,F,Pure,Greek
Aggie,F,"Good, Kind",Greek
Aggie,F,"Lamb, Pure, Chaste",Latin
Aggy,F,"Good, Kind",Greek
Aggy,F,"Lamb, Pure, Chaste",Latin
Aghadreena,F,From the field of the sloe bushes,Irish
Aghamora,F,From the great field,Irish
Aghanashini,F,Destroyer of sins,Indian
Aghaveagh,F,From the field of the old tree,Irish
Aghavilla,F,From the field of the old tree,Irish
Aghna,F,"Pure, Innocent",Irish
Aglai,F,"Wisdom, Glory",Greek
Aglaia,F,"Wisdom, Glory",Greek
Aglaian,F,"Wisdom, Glory",Greek
Agnes,F,"Lamb, Pure, Chaste",Latin
Agnes,F,Pure,Greek
Agnes,F,Pure,Spanish
Agnesa,F,"Lamb, Pure, Chaste",Latin
Agnesa,F,Pure,Greek
Agnese,F,"Lamb, Pure, Chaste",Latin
Agnese,F,Pure,Greek
Agnese,F,"Pure, Innocent",Spanish
Agneta,F,Pure,German
Agostino,M,Exalted,Latin
Agrippa,M,Appeared in Antony & Cleopatra,Shakespearian
Agueda,F,Kind,Spanish
Agustin,M,Exalted,Latin
Ahab,M,Uncle,Hebrew
Ahana,F,From the little stronghold,Irish
Ahava,F,Dearly loved,Hebrew
Ahave,F,Dearly loved,Hebrew
Ahearn,M,Lord of the horses,Celtic
Ahelia,F,Breath,Hebrew
Ahelie,F,Breath,Hebrew
Ahimsa,F,Dark one,Latin
Ahimsa,F,Nonviolent virtue,Indian
Ahimsa,F,"Rich, Wealthy",Greek
Ahladita,F,In happy mood,Indian
Ahmad,M,Praised one,Arabic
Ahmet,M,Praised one,Arabic
Ahmik,M,Strength of Gods flock,Hebrew
Ahren,M,Eagle,German
Ahren,M,"Revered, Sharer",Hebrew
Ahron,M,"Revered, Sharer",Hebrew
Ahron,M,"Shining light, High mountain, Messenger",Arabic
Ahuda,F,Dearly loved,Hebrew
Ahuva,F,Dearly loved,Hebrew
Ai,F,Love,Chinese
Ai,F,Love,Japanese
Aida,F,Help,French
Aida,F,Help,Spanish
Aida,F,Joyful,Arabic
Aida,F,"Wealthy, Helper",English
Aidan,M,Help,English
Aidan,M,Little fire,Gaelic
Aidan,F,Little fire,Irish
Aideen,F,Little fire,Irish
Aidia,F,Help,Spanish
Aiesha,F,Woman,Arabic
Aife,F,A great warrior woman of myth,Celtic
Aifric,F,Pleasant,Irish
Aiglentina,F,Sweetbrier rose,French
Aiglentine,F,Sweetbrier rose,French
Aigneis,F,Pure,Celtic
Aigneis,F,Pure,Irish
Aiken,M,"Sturdy, Oaken",Anglo-Saxon
Aiko,F,"Beloved one, Little love",Japanese
Aila,F,From the strong fortress,Scottish
Ailat,F,Behind,Hebrew
Aileana,F,From the green meadow,Scottish
Aileen,F,Giver of life,Irish
Aileen,F,Giver of life,Scottish
Aileen,F,Green meadow,Celtic
Aileen,F,Light,Greek
Aileene,F,Giver of life,Irish
Aileene,F,Giver of life,Scottish
Ailen,M,Made of oak,English
Ailey,F,Light,Irish
Aili,F,Light,Irish
Aili,F,Sweet,German
Ailia,F,Light,Irish
Ailidh,F,Kind,Celtic
Ailis,F,Noble,Celtic
Ailis,F,"Noble, Honest",Irish
Ailis,F,Sweet,German
Ailisa,F,Noble,Irish
Ailise,F,Noble,Irish
Ailison,F,Honest,Irish
Ailsa,F,Devoted to God,Hebrew
Ailse,F,Sweet,German
Ailsie,F,Devoted to God,Hebrew
Aimee,F,Beloved,French
Aimee,F,"Beloved, Liked",Latin
Aimelin,F,"Beloved, Liked",Latin
Aimelyn,F,"Beloved, Liked",Latin
Aimery,M,Industrious ruler,Teutonic
Aimory,M,Industrious ruler,Teutonic
Aims,F,"Beloved, Liked",Latin
Ain,F,"Precious, Eye",Arabic
Aina,F,Difficult birth,African
Aina,F,Joy,Celtic
Aine,F,Ardent,Irish
Aine,F,Joy,Celtic
Aineislis,M,Glory,Polish
Aingeal,F,Angel,Celtic
Aingeal,F,Angel,Irish
Ainhoa,F,Reference to the Virgin Mary,Spanish
Ainslee,F,My meadow,Scottish
Ainsley,F,My meadow,Scottish
Ainsly,F,My meadow,Scottish
Ainsworth,F,My meadow,Scottish
Aintzane,F,Glorious,Spanish
Airic,F,Agreeable,Celtic
Airleas,F,Oath,Irish
Airlia,F,Ethereal,Greek
Aisha,F,"Lively, Woman",Arabic
Aisha,F,"Woman, Life, Alive",African
Aishah,F,"Woman, Life",Arabic
Aisley,F,Dwells at the ash tree meadow,Anglo-Saxon
Aisley,F,From the ash tree grove,English
Aislin,F,Vision,Irish
Aisling,F,"Dream, Vision, Inspiration",Celtic
Aisling,F,Vision,Irish
Aislinn,F,"Dream, Vision, Inspiration",Celtic
Aislinn,F,Vision,Irish
Aisly,F,Dwells at the ash tree meadow,Anglo-Saxon
Aissa,F,Grateful,African
Aitan,M,Fights of possession,African
Aitan,M,Fights of possession,Hebrew
Aithne,F,Fire,Celtic
Aiya,F,Bird,Hebrew
Aiyana,F,Eternal blossom,Native American
Aja,F,High Priestess of Mecca.,African
Ajala,F,The earth,Indian
Ajana,F,Eternal bllom,Native American
Ajatashatru,M,"A name of Vishnu, Without enemies",Indian
Ajax,M,Appeared in Troilus & Cressida,Shakespearian
Ajay,M,"Unconquerable, Invincible",Indian
Ajayi,M,Born face-down,African
Ajeet,M,Unconquerable,Indian
Ajit,M,Unconquerable,Indian
Ajitabh,M,One who has conquered the sky,Indian
Akaash,M,Sky,Indian
Akaisha,F,The akaisha flower,Irish
Akako,F,Red,Japanese
Akala,F,A parrot,Australian Abori
Akalla,F,A parrot,Australian Abori
Akama,M,A whale,Australian Abori
Akando,M,Ambush,Native American
Akanke,F,To know her is to love her,African
Akash,M,Sky,Indian
Akasma,F,White rose,Arabic
Akela,F,Noble,Hawaiian
Akello,M,I have bought,African
Akhila,F,"Complete, Whole",Indian
Akhilesh,M,"Indestructible, Immortal, Lord of the universe",Indian
Akibe,F,Protected,Hebrew
Akiha,F,Protected,Hebrew
Akil,M,"Intelligent, Logical",Arabic
Akilah,F,Intelligent one who reasons,African
Akilah,F,Wise,Arabic
Akili,F,Wisdom,African
Akilina,F,Eagle,Latin
Akilles,M,Hero of the Iliad,Greek
Akilleys,M,Hero of the Iliad,Greek
Akim,F,"Nigeria folktale - Akim was a gorgeous, fat, young woman made of oil who melted in the sun while doing farm labor.",African
Akina,F,Spring flower,Japanese
Akira,M,Anchor,Japanese
Akira,M,Anchor,Scottish
Akira,F,Anchor,Scottish
Akiva,F,Protected,Hebrew
Akosua,F,Females born on Sunday,African
Akpena,F,Thanks to God,African
Akpenamawu,F,Thanks to God,African
Akriti,F,Diagram,Indian
Akshat,M,Uninjurable,Indian
Akshay,M,Name of a God,Indian
Akua,F,Females born on Wednesday,African
Akuti,F,Princess,Indian
Al,F,"Noble, Truth",German
Al,F,"Noble, Truth",Greek
Alain,M,"Cheerful, Noble",Celtic
Alain,M,Handsome,Gaelic
Alaina,F,Dear child,Irish
Alaina,F,"Fair, Beautiful",Gaelic
Alaina,F,Offering,Hawaiian
Alaine,F,Beautiful,Irish
Alaine,F,Dear child,French
Alair,F,Cheerful,French
Alake,F,One petted,African
Alaknanda,F,Flawless,Indian
Alala,F,War Goddess,Greek
Alameda,F,Grove of cottonwood,Native American
Alameda,F,Promenade,Spanish
Alan,M,"Cheerful, Noble",Celtic
Alan,M,Handsome,Gaelic
Alana,F,"Beautiful, Dear child",Irish
Alana,F,"Fair, Beautiful",English
Alana,F,"Fair, Beautiful",Gaelic
Alana,F,Light,French
Alana,F,Offering,Hawaiian
Aland,M,Bright as the sun,English
Alandra,F,Protector of mankind,Spanish
Alane,F,Fair,Celtic
Alani,F,Dear child,Irish
Alanna,F,"Beautiful, Dear child",Irish
Alanna,F,Fair,Celtic
Alanna,F,"Fair, Beautiful",Gaelic
Alanna,F,Offering,Hawaiian
Alannah,F,Dear child,Irish
Alano,M,"Cheerful, Noble",Celtic
Alano,M,Handsome,Gaelic
Alanza,F,"Noble estate, Eager",Spanish
Alaqua,F,Sweet-gum tree,Native American
Alarbus,M,Appeared in Titus Andronicus,Shakespearian
Alard,M,"Noble, Brave",English
Alard,M,"Noble, Brave",Teutonic
Alaric,M,Noble ruler,English
Alaric,M,Noble ruler,German
Alarica,F,Rules all,German
Alarice,F,Rules all,English
Alart,M,Noble,Celtic
Alasdair,M,"Protector of mankind, Defender, Helper",Scottish
Alastair,M,Protector of mankind,Greek
Alastair,M,"Protector of mankind, Defender, Helper",Scottish
Alastaire,M,"Protector of mankind, Defender, Helper",Scottish
Alaster,M,"Protector of mankind, Defender, Helper",Scottish
Alastrina,F,Protector of mankind,Celtic
Alastrina,F,Protector of mankind,Irish
Alastrine,F,Protector of mankind,Celtic
Alastriona,F,Protector of mankind,Celtic
Alastriona,F,Protector of mankind,Irish
Alavda,F,Fun,French
Alawa,F,Pea (Algonquin),Native American
Alayna,F,Dear child,Irish
Alayne,F,"Beautiful, Dear child",Irish
Alazne,F,Miracle,Spanish
Alba,F,A sand hill,Australian Abori
Alban,M,"White, Fair",Latin
Albano,M,"White, Fair",Latin
Alben,M,"White, Fair",Latin
Albert,M,"Noble, Bright",German
Alberta,F,Noble,English
Alberta,F,"Noble, Bright",German
Alberteen,F,Noble,English
Albertina,F,Noble,English
Albertina,F,"Noble, Bright",French
Albertina,F,"Noble, Bright",German
Albertine,F,Noble,English
Albertine,F,Noble,Spanish
Albertine,F,"Noble, Bright",German
Alberto,M,"Noble, Bright",German
Albertus,M,"Noble, Bright",German
Albertyna,F,Noble,English
Albertyne,F,Intelligent,German
Albertyne,F,Noble,English
Albie,M,"Noble, Bright",German
Albin,M,"White, Fair",Latin
Albinka,F,Blond,Latin
Albion,M,Blond,Latin
Albiona,F,White,Arthurian Legend
Albione,M,Blond,Latin
Albrecht,M,"Noble, Bright",German
Alby,M,"Noble, Bright",German
Alcander,M,Strong,Greek
Alcandor,M,Strong,Greek
Alcibiades,M,Appeared in Timon of Athens,Shakespearian
Alcina,F,Strongminded,Greek
Alcindor,M,Strong,Greek
Alcot,M,Old cottage,English
Alcott,M,Old cottage,English
Alda,F,Long lived,Arabic
Alda,F,Old,German
Alda,F,"Wise, Elder",Spanish
Aldan,M,"Antique, Wise protector, Old friend",English
Aldea,F,Rich,Teutonic
Aldelfo,M,Brother,Greek
Alden,M,"Antique, Wise protector, Old friend",English
Aldene,F,"Wise, Elder",Spanish
Alder,M,"Birch tree, Revered one",English
Aldercy,F,Chief,English
Aldis,F,From the old house,English
Aldo,M,"Wise, Elder",German
Aldo,F,"Wise, Elder",Spanish
Aldon,M,"Antique, Wise protector, Old friend",English
Aldona,F,Ancient,German
Aldona,F,"Wise, Elder",Spanish
Aldonsa,F,Nice,Spanish
Aldonza,F,Nice,Spanish
Aldora,F,Noble,English
Aldous,M,"Wise, Elder",German
Aldred,M,Old king,English
Aldren,M,Old king,English
Aldrich,M,Old king,English
Aldridge,M,Old king,English
Aldrych,M,Old king,English
Aldus,M,"Birch tree, Revered one",English
Aldus,M,"Old, Wealthy",German
Aldwin,M,"Antique, Wise protector, Old friend",English
Aldys,F,From the old house,English
Alea,F,High exalted,Arabic
Alea,F,To ascend,Hebrew
Aleah,F,High exalted,Arabic
Aleah,F,To ascend,Hebrew
Aleaseya,F,High exalted,Arabic
Aleaseya,F,To ascend,Hebrew
Alec,M,Protector of mankind,Greek
Alecks,M,Protector of mankind,Greek
Aleda,F,Ancient,German
Aleda,F,"Beautiful dressed, Small winged one",Greek
Aleda,F,"Beautiful dressed, Small winged one",Latin
Aleda,F,Winged,English
Aleece,F,Of the nobility,Spanish
Aleen,F,"Fair, Good-looking",Celtic
Aleena,F,"Fair, Good-looking",Celtic
Aleeya,F,High exalted,Arabic
Aleeya,F,To ascend,Hebrew
Aleeza,F,Joyous,Hebrew
Aleezah,F,Joyous,Hebrew
Alegria,F,Merry,Spanish
Alejanda,F,Protector of mankind,Greek
Alejandra,F,Protector of mankind,Spanish
Alejandrina,F,Protector of mankind,Spanish
Alejandro,M,Protector of mankind,Greek
Alejo,M,Protector of mankind,Greek
Alek,M,Protector of mankind,Greek
Aleka,F,Protector of mankind,Greek
Aleks,M,Protector of mankind,Greek
Aleksander,M,Protector of mankind,Greek
Aleksandr,M,Protector of mankind,Greek
Aleksey,F,Protector of mankind,Greek
Aleksy,M,Protector of mankind,Greek
Alena,F,"Fair, Good-looking",Celtic
Alena,F,Light,Slavic
Alena,F,Pretty,Greek
Alene,F,"Fair, Good-looking",Celtic
Aleron,M,Knight armor,French
Alesandra,F,Protector of mankind,Greek
Alesandro,M,Protector of mankind,Greek
Aleser,M,Lion,Arabic
Aleshanee,F,She plays all the time,Native American
Alessa,F,"Noble, Truth",German
Alessa,F,"Noble, Truth",Greek
Alessandra,F,Protector of mankind,Greek
Alessandro,M,Protector of mankind,Greek
Alesti,F,Protector of mankind,Greek
Aleta,F,Winged,English
Aleta,F,Winged,Spanish
Aletea,F,Honest,Spanish
Alethea,F,Truthful one,Greek
Aletia,F,Honest,Spanish
Aletta,F,"Beautiful dressed, Small winged one",Greek
Aletta,F,"Beautiful dressed, Small winged one",Latin
Alette,F,"Beautiful dressed, Small winged one",Greek
Alette,F,"Beautiful dressed, Small winged one",Latin
Alex,M,Protector of mankind,Greek
Alex,F,Protector of mankind,Greek
Alexa,F,Protector of mankind,English
Alexa,F,Protector of mankind,Greek
Alexander,M,Appeared in Troilus & Cressida,Shakespearian
Alexander,M,Protector of mankind,Greek
Alexandra,F,Protector of mankind,English
Alexandra,F,Protector of mankind,Greek
Alexandre,M,Protector of mankind,Greek
Alexandrea,F,Protector of mankind,English
Alexandria,F,Protector of mankind,English
Alexandria,F,Protector of mankind,Greek
Alexandrina,F,Protector of mankind,English
Alexandrina,F,Protector of mankind,Greek
Alexandrine,F,Protector of mankind,French
Alexas,M,Appeared in Antony & Cleopatra,Shakespearian
Alexavia,F,Protector of mankind,Greek
Alexei,M,Protector of mankind,Greek
Alexi,F,Protector of mankind,English
Alexia,F,Protector of mankind,English
Alexina,F,Protector of mankind,English
Alexina,F,Protector of mankind,Greek
Alexine,F,Protector of mankind,English
Alexine,F,Protector of mankind,Greek
Alexis,F,"Noble, Truth",German
Alexis,F,Protector of mankind,English
Alexis,F,Protector of mankind,French
Alexis,F,Protector of mankind,Greek
Alf,M,Wise counsel,English
Alfie,M,Wise counsel,English
Alfons,M,"Noble estate, Eager",German
Alfonsa,F,"Noble estate, Eager",Spanish
Alfonse,M,"Noble estate, Eager",German
Alfonsine,F,Noble,German
Alfonso,M,"Noble estate, Eager",German
Alfonso,F,"Noble estate, Eager",Spanish
Alfred,M,Wise counsel,English
Alfreda,F,Wise counsel,German
Alfreda,F,Wise counsel,Spanish
Alfredo,M,Wise counsel,English
Alfredo,F,Wise counsel,Spanish
Alfric,M,Wise counsel,English
Alfrid,M,Wise counsel,English
Alfrida,F,Elf counselor,English
Alger,M,Noble warrior,German
Algernon,M,Mustachioed,French
Algie,M,Mustachioed,French
Algoma,F,Valley of flowers,Native American
Alhertina,F,Noble,Spanish
Alhertine,F,"Noble, Bright",French
Alhraed,F,Divine counselor,English
Ali,M,God,Arabic
Ali,M,Little,Native American
Ali,F,"Lion of God, Greatest",Arabic
Ali,F,"Noble, Truth",German
Ali,F,"Noble, Truth",Greek
Alia,F,High exalted,Arabic
Alia,F,To ascend,Hebrew
Alice,F,Appeared in Henry IV,Shakespearian
Alice,F,Noble,Celtic
Alice,F,"Noble, Truth",German
Alice,F,"Noble, Truth",Greek
Alice,F,"Of nobility, Noble",English
Alice,F,"Of nobility, Noble",French
Alicia,F,"Noble, Truth",German
Alicia,F,"Noble, Truth",Greek
Alicia,F,"Noble, Truth",Spanish
Alida,F,Ancient,German
Alida,F,"Beautiful dressed, Small winged one",Greek
Alida,F,"Beautiful dressed, Small winged one",Latin
Alidia,F,"Beautiful dressed, Small winged one",Greek
Alidia,F,"Beautiful dressed, Small winged one",Latin
Alika,M,Defender of mankind - Note: This Database is Copyright by NetStep Enterprise 2004.,Polynesian
Alika,F,"Noble, Truth",German
Alika,F,"Noble, Truth",Greek
Alike,F,Girl who drives out beautiful women,African
Aliki,F,"Noble, Truth",German
Aliki,F,Protector of mankind,Greek
Alim,M,"Wise, Learned",Arabic
Alima,F,"Wise, Learned",Arabic
Alimaia,F,Princess,Arabic
Alina,F,Beautiful,Irish
Alina,F,"Bright one, Most beautiful woman",Polish
Alina,F,Fair,Celtic
Aline,F,Adorned,Latin
Aline,F,"Fair, Good-looking",Celtic
Aline,F,Noble kind,Hebrew
Alinga,F,The sun,Australian Abori
Alisa,F,"Noble, Truth",German
Alisa,F,"Noble, Truth",Greek
Alisa,F,Of the nobility,Spanish
Alisanne,F,"Of nobility, Noble",English
Alisanne,F,"Of nobility, Noble",French
Alise,F,"Noble, Truth",German
Alise,F,"Noble, Truth",Greek
Alise,F,Of the nobility,Spanish
Alisha,F,"Noble, Truth",German
Alisha,F,"Noble, Truth",Greek
Alishea,F,"Noble, Truth",German
Alishea,F,"Noble, Truth",Greek
Alison,F,Honest,Irish
Alison,F,"Noble, Truth",German
Alison,F,"Noble, Truth",Greek
Alison,F,Renowned warrior,Scottish
Alissa,F,"Noble, Truth",English
Alissa,F,"Noble, Truth",German
Alissa,F,"Noble, Truth",Greek
Alisse,F,"Noble, Truth",English
Alistair,M,"Protector of mankind, Defender, Helper",Scottish
Alistaire,M,"Protector of mankind, Defender, Helper",Scottish
Alister,M,"Protector of mankind, Defender, Helper",Scottish
Alisz,F,"Noble, Truth",German
Alita,F,Noble,Spanish
Alita,F,Winged,English
Alita,F,Winged,French
Alitash,F,"May I not lose you, May I find you always my precious",African
Alithea,F,"Healer, Wholesome",Greek
Alitza,F,Joyous,Hebrew
Alix,F,"Noble, Truth",German
Alix,F,"Noble, Truth",Greek
Alix,F,Protector of mankind,French
Alixandra,F,Protector of mankind,French
Aliya,F,High exalted,Arabic
Aliya,F,To ascend,Hebrew
Aliyah,F,High exalted,Arabic
Aliyah,F,To ascend,Hebrew
Aliyn,F,Beautiful,Irish
Aliz,F,Kind,Hungarian
Aliz,F,"Noble, Truth",German
Aliza,F,God's oath,German
Aliza,F,Joyous,Hebrew
Alizah,F,Joyous,Hebrew
Alka,F,Lock of curly hair,Indian
Alkina,F,The moon,Australian Abori
Alkira,F,The sky,Australian Abori
Allah,M,God,Arabic
Allaire,F,Cheerful,French
Allambee,M,A quiet resting-place,Australian Abori
Allambie,M,A quiet resting-place,Australian Abori
Allan,M,"Cheerful, Noble",Celtic
Allan,M,Handsome,Gaelic
Allana,F,Dear child,Irish
Allard,M,"Noble, Brave",English
Allard,M,"Noble, Brave",Teutonic
Allaryce,F,Noble ruler,English
Allaryce,F,Noble ruler,German
Allayna,F,"Fair, Beautiful",Irish
Alleffra,F,Cheerful,French
Allegra,F,"Brisk and cheerful, Full of energy",Latin
Allen,M,"Cheerful, Noble",Celtic
Allen,M,Handsome,Gaelic
Allena,F,"Fair, Good-looking",Celtic
Allene,F,Beautiful,Irish
Allene,F,"Fair, Good-looking",Celtic
Allesandra,F,Protector of mankind,Greek
Allete,F,Winged,French
Alley,F,Protector of mankind,Greek
Alli,F,"Fair, Beautiful",Gaelic
Alli,F,"Lion of God, Greatest",Arabic
Alli,F,Lioness of God,Hebrew
Alli,F,Offering,Hawaiian
Allida,F,"Beautiful dressed, Small winged one",Greek
Allida,F,"Beautiful dressed, Small winged one",Latin
Allidia,F,"Beautiful dressed, Small winged one",Greek
Allidia,F,"Beautiful dressed, Small winged one",Latin
Allie,M,Wise counsel,English
Allie,F,"Fair, Beautiful",Gaelic
Allie,F,"Fair, Beautiful",Irish
Allie,F,"Lion of God, Greatest",Arabic
Allie,F,"Noble, Truth",German
Allie,F,"Noble, Truth",Greek
Allihmyir,F,Princess,Arabic
Allirea,F,Quartz,Australian Abori
Allison,F,"Noble, Truth",German
Allison,F,"Noble, Truth",Greek
Allison,F,"Of nobility, Noble",English
Allison,F,"Of nobility, Noble",French
Alliss,F,Of the nobility,Spanish
Allona,F,Strong as an oak,Hebrew
Allonia,F,Strong as an oak,Hebrew
Allora,F,The place of the swamp,Australian Abori
Allston,F,"Brisk and cheerful, Full of energy",Latin
Allsun,F,Honest,Irish
Allunga,F,The sun,Australian Abori
Allura,F,Divine counselor,English
Ally,F,"Fair, Beautiful",Gaelic
Ally,F,"Noble, Truth",German
Ally,F,"Noble, Truth",Greek
Allyce,F,Of the nobility,Spanish
Allyiah,F,High exalted,Arabic
Allyiah,F,To ascend,Hebrew
Allyn,F,"Fair, Beautiful",Gaelic
Allyn,F,Offering,Hawaiian
Allyse,F,"Noble, Truth",English
Allyson,F,"Of nobility, Noble",English
Allyson,F,"Of nobility, Noble",French
Allyssa,F,"Noble, Truth",German
Allyssa,F,"Noble, Truth",Greek
Alma,F,All good,Irish
Alma,F,Geist spirit,Spanish
Alma,F,Good,Celtic
Alma,F,"Soul, Nourishing",Latin
Almaia,F,Princess,Arabic
Almaye,F,Princess,Arabic
Almira,F,From Almeira,Spanish
Almira,F,Princess,Arabic
Almunda,F,Reference to the Virgin Mary,Spanish
Almundena,F,Reference to the Virgin Mary,Spanish
Almundina,F,Reference to the Virgin Mary,Spanish
Alodia,F,"Rich, Wealthy",Anglo-Saxon
Alodie,F,"Rich, Wealthy",Anglo-Saxon
Aloise,F,Famous in battle,Spanish
Aloisia,F,Famous warrior,German
Alok,M,Cry of victory,Indian
Alona,F,Dear child,Irish
Alona,F,"Fair, Beautiful",Gaelic
Alona,F,Light,Spanish
Alona,F,Oak tree,Native American
Alona,F,Offering,Hawaiian
Alona,F,Strong as an oak,Hebrew
Alondra,F,Protector of mankind,Spanish
Alonna,F,Dear child,Irish
Alonsa,F,Eager,German
Alonsa,F,"Ready, Noble",Spanish
Alonso,M,Appeared in The Tempest,Shakespearian
Alonso,M,"Noble estate, Eager",German
Alonza,M,"Noble estate, Eager",German
Alonzo,M,"Noble estate, Eager",German
Alonzo,M,"Noble estate, Eager",Spanish
Alopa,F,Faultless,Indian
Aloysia,F,Famous in war,Teutonic
Aloysia,F,Famous warrior,German
Alpa,F,Little,Indian
Alphonse,M,"Noble estate, Eager",German
Alphonsine,F,Noble,German
Alphonso,M,"Noble estate, Eager",German
Alpina,F,Blond,Scottish
Alsatia,F,From Alsace,English
Alsatia,F,From Alsace,French
Alseia,F,"Noble, Truth",German
Alseia,F,"Noble, Truth",Greek
Alsoomse,F,Independent (Algonquin),Native American
Alston,M,From the old manor,Anglo-Saxon
Alta,F,"High, A reference to the high grace of Jesus' mother Mary",Spanish
Altagracia,F,"High, A reference to the high grace of Jesus' mother Mary",Spanish
Altair,M,"Bird, Star",Arabic
Altair,M,"Bird, Star",Greek
Altair,F,"Bird, High-flying",Arabic
Altair,F,"Bird, Star",Greek
Altaira,F,"Bird, High-flying",Arabic
Altha,F,Healer,English
Althea,F,"Healer, Wholesome",Greek
Altheda,F,Healer,English
Althia,F,Healer,English
Alton,M,From the old manor,Anglo-Saxon
Alula,F,First born,Arabic
Alula,F,Winged one,Latin
Aluma,F,Girl,Hebrew
Alumit,F,Girl,Hebrew
Alun,F,"Fair, Beautiful",Gaelic
Alun,F,Offering,Hawaiian
Alura,F,Divine counselor,English
Alurea,F,Divine counselor,English
Alva,F,Army of elves,German
Alva,F,Sublime,Hebrew
Alvar,F,Army of elves,German
Alvara,F,Army of elves,German
Alvarie,F,Army of elves,German
Alvarita,F,Speaker of truth,Spanish
Alvaro,M,Speaker of truth,Spanish
Alvera,F,Speaker of truth,Spanish
Alverna,F,Wise friend,Hebrew
Alvie,F,Army of elves,German
Alvin,M,"Elf wine, Noble friend",English
Alvina,F,Friend of the elves,English
Alvina,F,Wise friend,Hebrew
Alvita,F,Annointed,Latin
Alvy,F,Olive,Irish
Alwyn,M,"Elf wine, Noble friend",English
Alya,F,Protector of mankind,Greek
Alyce,F,"Noble, Truth",German
Alyce,F,"Noble, Truth",Greek
Alyce,F,Of the nobility,Spanish
Alyda,F,Ancient,German
Alyn,F,"Fair, Beautiful",Gaelic
Alyn,F,Offering,Hawaiian
Alys,F,Noble,Celtic
Alys,F,Of the nobility,Spanish
Alys,F,Sweet,German
Alysa,F,Princess,Greek
Alysander,M,Protector of mankind,Greek
Alyse,F,"Noble, Truth",English
Alyse,F,"Noble, Truth",German
Alyse,F,"Noble, Truth",Greek
Alysha,F,"Noble, Truth",German
Alysha,F,"Noble, Truth",Greek
Alyshia,F,"Noble, Truth",German
Alyshia,F,"Noble, Truth",Greek
Alyson,F,Honest,Irish
Alyson,F,"Noble, Truth",German
Alyson,F,"Noble, Truth",Greek
Alyson,F,"Of nobility, Noble",English
Alyson,F,"Of nobility, Noble",French
Alyss,F,Of the nobility,Spanish
Alyssa,F,"Noble, Truth",English
Alyssa,F,"Noble, Truth",German
Alyssa,F,"Noble, Truth",Greek
Alyssandra,F,Protector of mankind,French
Alysse,F,"Noble, Truth",English
Alyssia,F,"Noble, Truth",English
Alyx,F,Protector of mankind,English
Alzan,F,Woman,Arabic
Alzena,F,Woman,Arabic
Alzina,F,Woman,Arabic
Ama,F,"Females born on Saturday, Happy",African
Amabel,F,"My fair maid, Lovely",French
Amabel,F,"My fair maid, Lovely",Latin
Amabella,F,Lovable,French
Amabelle,F,Lovable,French
Amachi,F,Who knows what God has brought us through this child,African
Amad,M,Praised one,Arabic
Amada,F,Beloved,Spanish
Amadahy,F,Forest water (Cherokee),Native American
Amadeus,M,Love of God,Latin
Amadi,M,General rejoicing,African
Amadi,F,General rejoicing,African
Amadis,M,Love of God,Latin
Amadis,F,Love of God,Latin
Amado,M,Love of God,Latin
Amador,M,Lover,Spanish
Amaia,F,End,Spanish
Amal,M,"Bright, Clean, Pure",Indian
Amal,F,"Hope, Wish, Dream",Arabic
Amala,F,"Bird, Beloved",Arabic
Amala,F,"Flatterer, Work of the Lord, Beloved",Latin
Amalasand,F,Industrious,German
Amalasanda,F,Industrious,German
Amalda,F,"Eagle, Powerful",German
Amalia,F,"Flatterer, Work of the Lord, Beloved",Latin
Amalia,F,"Industrious, Striving",English
Amalia,F,"Industrious, Striving",Spanish
Amalie,F,"Industrious, Striving",French
Amalur,F,Homeland,Spanish
Amalure,F,Homeland,Spanish
Aman,F,Light of peace,Indian
Amana,F,Faithful,Arabic
Amanda,F,"Love, Worthy of love, Precious thing",English
Amanda,F,"Love, Worthy of love, Precious thing",Latin
Amanda,F,"Love, Worthy of love, Precious thing",Spanish
Amandeep,F,Light of peace,Indian
Amandine,F,"Love, Worthy of love, Precious thing",Latin
Amani,F,Peace,African
Amanishakhete,F,Peace,African
Amapola,F,Poppy,Arabic
Amar,M,"Forever, Immortal",Indian
Amara,F,"Eternal, Immortal, Steadfast",German
Amara,F,Imperishable,Spanish
Amara,F,Paradise,African
Amarande,F,"Eternal, Immortal, Steadfast",German
Amaranta,F,Flower,Spanish
Amarante,F,Flower name,French
Amariah,F,Given by God,Hebrew
Amarina,F,Rain,Australian Abori
Amaris,F,Child of the moon,English
Amaris,F,Child of the moon,Spanish
Amaris,F,Given by God,Hebrew
Amarisa,F,Given by God,Hebrew
Amarise,F,Given by God,Hebrew
Amarissa,F,Child of the moon,Spanish
Amarissa,F,Given by God,Hebrew
Amaroo,M,A beautiful place,Australian Abori
Amata,F,Beloved,Spanish
Amata,F,Dearly loved,French
Amato,M,Beloved,Spanish
Amba,F,Parvati,Indian
Ambar,M,Sky,Indian
Amber,F,"Brownish-yellow, Precious jewel",African
Amber,F,"Brownish-yellow, Precious jewel",Arabic
Amber,F,"Brownish-yellow, Precious jewel",English
Amberjill,F,"Brownish-yellow, Precious jewel",English
Amberlee,F,"Brownish-yellow, Precious jewel",Arabic
Amberlee,F,"Brownish-yellow, Precious jewel",English
Amberleigh,F,Sky,Indian
Amberley,F,Sky,Indian
Amberlie,F,Sky,Indian
Amberly,F,"Brownish-yellow, Precious jewel",Arabic
Amberly,F,"Brownish-yellow, Precious jewel",English
Amberlyn,F,"Brownish-yellow, Precious jewel",Arabic
Amberlyn,F,"Brownish-yellow, Precious jewel",English
Amberlynn,F,"Brownish-yellow, Precious jewel",Arabic
Amberlynn,F,"Brownish-yellow, Precious jewel",English
Ambert,F,"Brownish-yellow, Precious jewel",Arabic
Ambika,F,Goddess of destruction,Indian
Ambra,F,Jewel ??,French
Ambre,F,Jewel ??,French
Ambria,F,"Brownish-yellow, Precious jewel",English
Ambrose,F,Immortal,Greek
Ambrosia,F,Immortal,Greek
Ambu,F,Water,Indian
Ambuda,F,Clouds,Indian
Ambuja,F,Lotus,Indian
Amdis,F,Immortal,Latin
Amed,M,Praised one,Arabic
Amedee,F,Loves God,French
Ameena,F,Trustworthy,Arabic
Ameenah,F,Trustworthy,Arabic
Ameer,M,Prince,Arabic
Ameerah,F,Princess,Arabic
Ameilie,F,"Flatterer, Work of the Lord, Beloved",Latin
Amela,F,"Flatterer, Work of the Lord, Beloved",Latin
Amelia,F,"Flatterer, Work of the Lord, Beloved",Latin
Amelia,F,"Industrious, Striving",English
Amelie,F,"Hardworking, Industrious, Eager",French
Amena,F,Honest woman,Latin
Ames,F,Loves,Latin
Amethyst,F,A precious stone,Greek
Ametta,F,Love,English
Amette,F,Love,English
Ameya,M,"Boundless, Limitless",Indian
Amherst,M,Place name,English
Ami,F,Dearly loved,French
Ami,F,Friend,Japanese
Amia,F,Beloved,English
Amia,F,Beloved,French
Amia,F,"Flatterer, Work of the Lord, Beloved",Latin
Amie,F,Beloved,English
Amie,F,Beloved,French
Amie,F,"Beloved, Liked",Latin
Amiel,M,God of my people,Hebrew
Amiens,M,Appeared in As You Like It,Shakespearian
Amina,F,Honest woman,Latin
Amina,F,Trustworthy,Arabic
Aminah,F,Trustworthy,Arabic
Amineh,F,"Faithful, Trustworthy",Arabic
Aminia,F,"Trustful, Honest, Referring to Prophet Muhammed's mother",African
Aminta,F,Protectress,Latin
Amir,M,Prince,Arabic
Amir,F,Commanding,Arabic
Amira,F,Princess,Arabic
Amira,F,"Princess, One who speaks",Hebrew
Amirah,F,"Princess, One who speaks",Arabic
Amiri,M,The east wind,Maori
Amish,M,Honest,Indian
Amisha,F,Honest,Indian
Amissa,F,Friend,Hebrew
Amistad,M,Friendship,Spanish
Amit,M,"Endless, Boundless",Indian
Amita,F,Limitless,Indian
Amitabh,M,One with boundless splendour,Indian
Amitava,M,One with boundless splendour,Indian
Amite,F,Friend,French
Amitee,F,Friend,French
Amitesh,M,Infinite God,Indian
Amitola,F,Rainbow,Native American
Amity,F,"Flatterer, Work of the Lord, Beloved",Latin
Amity,F,Friend,French
Amity,F,Friendship,English
Amma,F,"Females born on Saturday, Happy",African
Ammon,M,The hidden,African
Ammon,M,The hidden,Celtic
Amoda,F,Happiness,Indian
Amodini,F,Happy girl,Indian
Amogh,M,Unerring,Indian
Amoke,F,To pet her,African
Amol,M,"Priceless, Valuable",Indian
Amold,F,Love,English
Amon,M,The hidden,African
Amon,M,The hidden,Celtic
Amon,M,Wealthy guardian,Anglo-Saxon
Amor,F,Love,Spanish
Amora,F,Love,Spanish
Amorica,F,Ancient name for Britain,English
Amory,M,Loving,Latin
Amory,F,Loving,Latin
Amos,M,Troubled,Hebrew
Amreeta,F,Immortality,Indian
Amrit,M,Nectar,Indian
Amrita,F,Immortality,Indian
Amsden,M,From the Ambroses valley,English
Amshula,F,Sunny,Indian
Amulya,M,"Priceless, Valuable",Indian
Amy,F,Beloved,English
Amy,F,Beloved,Latin
Amy,F,Dearly loved,French
An,F,Peace,Chinese
An,F,Safety,Vietnamese
Ana,F,Grace,Hebrew
Ana,F,"Grace, Favour",Spanish
Anabel,F,Lovable,Latin
Anabelle,F,Lovable,Latin
Anabeth,F,"Lovable, Devoted to God",Latin
Anahid,F,Goddess of the Moon,Arabic
Anaia,F,"Trusted by God, Royalty",Latin
Anais,F,Grace,Hebrew
Analee,F,"Grace, Favour",Spanish
Analeigh,F,"Grace, Favour",Spanish
Analena,F,"Grace, Favour",Spanish
Analise,F,"Grace, Devoted to God",Hebrew
Analyn,F,"Favor, Grace",English
Analynne,F,"Favor, Grace",English
Anamari,F,"Grace, Bitter",Hebrew
Anamarie,F,"Grace, Bitter",Hebrew
Anamarie,F,"Grace, Favour",Spanish
Anan,F,Clouds,Arabic
Anand,M,"Bliss, Happiness",Indian
Ananda,M,"Bliss, Happiness",Indian
Anandita,F,Happy,Indian
Anani,F,Orange tree,Hawaiian
Anant,M,Infinite,Indian
Anantram,M,Eternal god,Indian
Ananya,F,Matchless,Indian
Anarghya,F,"Priceless, Valuable",Indian
Anarosa,F,"Grace, Favour",Spanish
Anastace,F,Resurrection,Greek
Anastasia,F,Resurrection,Greek
Anastasio,F,Resurrection,Greek
Anastasius,F,Resurrection,Greek
Anastice,F,Resurrection,Greek
Anat,F,Singer,Hebrew
Anata,F,Singer,Hebrew
Anate,F,Singer,Hebrew
Anatie,F,Singer,Hebrew
Anatole,M,From the East,Greek
Anatoly,M,From the East,Greek
Anaya,F,Look up to God,African
Anaya,F,"Trusted by God, Royalty",Latin
Anca,F,Gracious,Hebrew
Ance,F,Grace,Hebrew
Ancel,M,"Knight's attendant, Land",French
Ancel,M,"Knight's attendant, Land",German
Ancelin,F,Handmaiden,French
Ancelin,F,Handmaiden,Latin
Ancelina,F,Handmaiden,French
Ancell,M,"Diety, Servent, Divine Helmt",German
Ancelot,M,"Diety, Servent, Divine Helmt",German
Anchita,F,"Honoured, Worshipped",Indian
Anda,F,Womanly,English
Andeana,F,Leaving,Spanish
Andee,F,"Valiant, Courageous",English
Andena,F,"Valiant, Courageous",English
Andera,F,"Valiant, Courageous",Spanish
Andere,F,"Valiant, Courageous",Spanish
Anders,M,"Manly, Valiant, Courageous",French
Anders,M,"Manly, Valiant, Courageous",Greek
Anderson,M,"Manly, Valiant, Courageous",Greek
Andi,F,"Valiant, Courageous",English
Andie,M,"Manly, Valiant, Courageous",French
Andie,M,"Manly, Valiant, Courageous",Greek
Andie,F,"Valiant, Courageous",English
Andie,F,Womanly,Latin
Andra,F,Protector of mankind,Greek
Andras,F,Breath,Norwegian
Andraste,F,Victory,Celtic
Andraya,F,"Trusted by God, Royalty",Latin
Andre,M,"Manly, Valiant, Courageous",French
Andre,M,"Manly, Valiant, Courageous",Greek
Andrea,M,"Manly, Valiant, Courageous",English
Andrea,M,"Manly, Valiant, Courageous",French
Andrea,M,"Manly, Valiant, Courageous",Greek
Andrea,F,"Valiant, Courageous",French
Andrea,F,"Valiant, Courageous",Spanish
Andrea,F,Womanly,Latin
Andreana,F,Womanly,Latin
Andreas,M,"Manly, Valiant, Courageous",French
Andreas,M,"Manly, Valiant, Courageous",Greek
Andree,F,"Valiant, Courageous",French
Andreea,F,"Love, Joy",Italian
Andrei,M,"Manly, Valiant, Courageous",French
Andrei,M,"Manly, Valiant, Courageous",Greek
Andres,M,"Manly, Valiant, Courageous",French
Andres,M,"Manly, Valiant, Courageous",Greek
Andreus,M,Son of river Peneius,Greek
Andrew,M,"Manly, Valiant, Courageous",French
Andrew,M,"Manly, Valiant, Courageous",Greek
Andrew Aguecheek (Sir),M,Appeared in Twelfth Night,Shakespearian
Andrews,M,"Manly, Valiant, Courageous",French
Andrews,M,"Manly, Valiant, Courageous",Greek
Andrey,M,"Manly, Valiant, Courageous",French
Andrey,M,"Manly, Valiant, Courageous",Greek
Andria,F,"Love, Joy",Italian
Andria,F,Protector of mankind,Greek
Andria,F,"Valiant, Courageous",Spanish
Andries,M,"Manly, Valiant, Courageous",French
Andries,M,"Manly, Valiant, Courageous",Greek
Andromache,F,Appeared in Troilus & Cressida,Shakespearian
Andromeda,F,Beautiful maiden rescued by Perseus,Greek
Andromeda,F,"Ruler of men, African princess",African
Andros,M,"Manly, Valiant, Courageous",French
Andros,M,"Manly, Valiant, Courageous",Greek
Andrys,M,"Manly, Valiant, Courageous",French
Andrys,M,"Manly, Valiant, Courageous",Greek
Andsware,F,Answer,Anglo-Saxon
Andswaru,F,Answer,Anglo-Saxon
Andy,M,"Manly, Valiant, Courageous",French
Andy,M,"Manly, Valiant, Courageous",Greek
Andy,F,Womanly,Latin
Ane,F,Prayer,Hebrew
Aneisha,F,"Favor, Grace",English
Anemone,F,"Breath, Windflower",Greek
Anemy,F,Superior,Native American
Anessa,F,"Favor, Grace",English
Aneta,F,Grace,Hebrew
Anetta,F,Grace,Hebrew
Aneya,F,Grace,Hebrew
Anezka,F,Pure,Czech
Ang,M,Red,Chinese
Angada,M,"Bracelet, Son of Lakshmana",Indian
Ange,F,Angel,French
Ange,F,"Angel, Heavenly messenger",Greek
Angel,F,Angel of wine,French
Angel,F,"Angel, Heavenly messenger",Greek
Angela,F,Angel,French
Angela,F,Angel,Spanish
Angela,F,"Angel, Heavenly messenger",Greek
Angeletta,F,Little angel,French
Angelette,F,Little angel,French
Angelia,F,Angel,Spanish
Angelic,F,"Angel, Heavenly messenger",Greek
Angelica,F,"Angel, Heavenly messenger",Greek
Angelico,M,"Angel, Heavenly messenger",Greek
Angelika,F,Angel,French
Angelika,F,Like an angel,German
Angelina,F,Angel,French
Angelina,F,Angel,Spanish
Angelina,F,"Angel, Heavenly messenger",Greek
Angeline,F,Angel,French
Angelique,F,Like an angel,French
Angell,F,"Angel, Heavenly messenger",Greek
Angelo,M,"Angel, Heavenly messenger",Greek
Angelo,M,"Appeared in Measure for Measure, Comedy of Errors",Shakespearian
Angelus,F,Angel of wine,French
Angeni,F,Spirit,Native American
Angevin,F,Angel of wine,French
Angharad,F,A love of Peredur,Arthurian Legend
Angharat,F,A love of Peredur,Arthurian Legend
Angie,F,Angel of wine,French
Angie,F,"Angel, Heavenly messenger",Greek
Angilia,F,Angel,French
Anglides,F,Mother of Alexandre,Arthurian Legend
Angus,M,Appeared in Macbeth,Shakespearian
Angus,M,"Superb, Unique",Celtic
Angus,M,"Superb, Unique",Gaelic
Angwusnasomtaqa,F,Crow mother spirit (Hopi),Native American
Anica,F,Grace,Hebrew
Anica,F,Grace,Spanish
Anica,F,Very beautiful,Indian
Anice,F,Grace,Scottish
Anichka,F,Grace,Hebrew
Anieli,M,Manly,Greek
Anika,F,Grace,Hebrew
Anika,F,Grace,Spanish
Anika,F,Very beautiful,Indian
Aniki,F,Grace,Hebrew
Aniko,F,Grace,Hebrew
Anil,M,God of wind,Indian
Anirudhh,M,Cooperative,Indian
Anirudhha,M,Cooperative,Indian
Anisa,F,Friendly,Arabic
Anish,M,Supreme,Indian
Anisha,F,Continuous,Indian
Anisha,F,"Favor, Grace",English
Anissa,F,"Favor, Grace",English
Anissa,F,Friendly,Arabic
Anita,F,Grace,Hebrew
Anita,F,Grace,Indian
Anitia,F,Grace,Hebrew
Anitia,F,Grace,Spanish
Anitra,F,Grace,Hebrew
Anja,F,Gracious,Hebrew
Anjali,F,Offering,Indian
Anjanette,F,Gift of God's favor,English
Anjanique,F,Gift of God's favor,English
Anjeanette,F,Gift of God's favor,English
Anjelica,F,"Angel, Heavenly messenger",Greek
Anjelica,F,Like an angel,Spanish
Anju,F,One who lives in heart,Indian
Anjuman,M,A party place,Indian
Ank,F,"Night star, Graceful, Shining",Hebrew
Anka,F,Barramundi,Australian Abori
Anka,F,"Night star, Graceful, Shining",Hebrew
Ankareeda,F,"Night star, Graceful, Shining",Hebrew
Anke,F,"Night star, Graceful, Shining",Hebrew
Anker,M,Manly,Greek
Anki,F,"Night star, Graceful, Shining",Hebrew
Ankit,M,Conquered,Indian
Ankita,F,"Conquered, A signet, Symbol",Indian
Ankti,F,Repeat dance (Hopi),Native American
Anku,F,Grace,Hebrew
Ankur,M,Sprout,Indian
Anlicnes,F,Image,Anglo-Saxon
Anlienisse,F,Image,Anglo-Saxon
Ann,F,Gracious,Hebrew
Ann,F,Lovable,Latin
Anna,F,Arthur's sister,Arthurian Legend
Anna,F,"Bringer of Peace, Hope",Spanish
Anna,F,"Favor, Grace",English
Anna,F,Grace,Hebrew
Anna,F,Lovable,Latin
Anna,F,Mother (Algonquin),Native American
Annabel,F,Beautiful grace,Scottish
Annabel,F,Lovable,Latin
Annabella,F,Beautiful grace,Scottish
Annabella,F,Lovable,Latin
Annabelle,F,Lovable,Latin
Annabeth,F,"Lovable, Devoted to God",English
Annabla,F,Lovable,Irish
Annakiya,F,Sweet face,African
Annalee,F,"Favor, Grace",English
Annaliese,F,"Grace, Devoted to God",Hebrew
Annalisa,F,"Favor, Grace",English
Annalisa,F,"Grace, Devoted to God",Hebrew
Annalynn,F,"Favor, Grace",English
Annalynne,F,"Favor, Grace",English
Annamaria,F,Bitter grace,German
Annamarie,F,"Favor, Grace",English
Annamarie,F,"Grace, Bitter",Hebrew
Annapurna,F,One of the Hindu Goddesses,Indian
Anne,F,God's grace,English
Anne,F,God's grace,French
Anne,F,Gracious,Hebrew
Anne Page,F,Appeared in Merry Wives of Windsor,Shakespearian
Anneka,F,Gracious,Hebrew
Anneke,F,Little Ann,Scandinavian
Anneliese,F,"Grace, Devoted to God",Hebrew
Annemarie,F,Bitter grace,German
Annette,F,"Favor, Grace",French
Annette,F,Grace,Hebrew
Anni,F,God's grace,German
Annice,F,"Favor, Grace",English
Annice,F,Gracious,Hebrew
Annice,F,"Lamb, Pure, Chaste",Latin
Annice,F,Pure,Greek
Annie,F,Gracious,Hebrew
Annika,F,Gracious,Hebrew
Annikka,F,Grace,Hebrew
Annikke,F,Grace,Hebrew
Annikki,F,Grace,Hebrew
Anniruddha,M,Son of Pradyummna,Indian
Annis,F,"Favor, Grace",English
Annis,F,Gracious,Hebrew
Annis,F,"Lamb, Pure, Chaste",Latin
Annis,F,Pure,Greek
Annis,F,Unity,Anglo-Saxon
Annissa,F,"Favor, Grace",English
Annjeanette,F,Gift of God's favor,English
Annora,F,Grace,Hebrew
Annora,F,Honor,Latin
Annorah,F,Grace,Hebrew
Annot,F,Light,Hebrew
Annwfn,F,Mythical name of The Otherworld,Celtic
Annwn,F,Mythical name of The Otherworld,Celtic
Anny,F,Prayer,Hebrew
Annys,F,Gracious,Hebrew
Annze,F,Grace,Hebrew
Anoki,M,Actor,Native American
Anoop,M,"Incomparable, The best",Indian
Anora,F,Grace,Hebrew
Anora,F,Light,English
Anoush,F,Sweet,Arabic
Anschel,M,"Fortunate, Lucky, Blessed, Happy",Hebrew
Ansel,M,"Diety, Servent, Divine Helmt",German
Anselm,M,"Diety, Servent, Divine Helmt",German
Anselme,M,"Diety, Servent, Divine Helmt",German
Anselmo,M,"Diety, Servent, Divine Helmt",German
Ansen,M,"Son of a nobleman, Son of Ann or Hans",Anglo-Saxon
Anshu,M,Radiant,Indian
Anshul,M,Radiant,Indian
Anshuman,M,Sun,Indian
Ansley,M,From the pastureland of the noble,English
Anson,M,"Son of a nobleman, Son of Ann or Hans",Anglo-Saxon
Ansonia,M,"Son of a nobleman, Son of Ann or Hans",Anglo-Saxon
Anstasie,F,Resurrection,Greek
Antal,M,Prince,Latin
Anteia,F,Wife of sea-God Proteus,Greek
Antenor,M,Appeared in Troilus & Cressida,Shakespearian
Anth,M,"Priceless, Flourishing, Flower",Latin
Anthea,F,Lady of flowers,Greek
Anthoney,M,"Priceless, Flourishing, Flower",Latin
Anthony,M,"Priceless, Flourishing, Flower",Latin
Antigonus,M,Appeared in A Winter's Tale,Shakespearian
Antiochus,M,Appeared in Pericles,Shakespearian
Antipholus,M,Appeared in Comedy of Errors,Shakespearian
Antje,F,Grace,German
Antje,F,Grace,Hebrew
Antoine,M,"Priceless, Flourishing, Flower",Latin
Antoine,F,"Priceless, Flourishing, Flower",Latin
Antoinetta,F,"Priceless, Flourishing, Flower",Latin
Antoinette,F,"Priceless, Flourishing, Flower",French
Antoinette,F,"Priceless, Flourishing, Flower",Latin
Anton,M,"Priceless, Flourishing, Flower",Latin
Antone,M,"Priceless, Flourishing, Flower",Latin
Antonella,F,"Priceless, Flourishing, Flower",Latin
Antonellina,F,"Priceless, Flourishing, Flower",Latin
Antonia,F,"Priceless, Flourishing, Flower",Latin
Antonia,F,"Priceless, Flourishing, Flower",Spanish
Antonie,F,Priceless,German
Antonina,F,"Priceless, Flourishing, Flower",Spanish
Antonio,M,"Appeared in Merchant of Venice, Much Ado About Nothing, Twelfth Night, The Tempest, Two Gentlemen of Verona",Shakespearian
Antonio,M,"Priceless, Flourishing, Flower",Latin
Antonius,M,"Priceless, Flourishing, Flower",Latin
Antony,M,"Priceless, Flourishing, Flower",Latin
Anulka,F,Happiness is the best,African
Anunciacion,F,Of the Annunciation,Spanish
Anupam,M,Incomparable,Indian
Anupama,F,"Unique, Unparalleled",Indian
Anuprabha,F,Brightness,Indian
Anuradha,F,A bright star,Indian
Anurag,M,"Attachment, Devotion, Love",Indian
Anuragini,F,Beloved,Indian
Anurati,F,Consent,Indian
Anuschka,F,Gracious,Hebrew
Anusha,F,"Beautiful morning, A star",Indian
Anushka,F,Gracious,Hebrew
Anushri,F,Pretty,Indian
Anusree,F,Pretty,Indian
Anya,F,Gracious,Hebrew
Anyango,F,Friend,African
Anyssa,F,"Favor, Grace",English
Anyuta,F,Grace,Hebrew
Aoibheann,F,Fair,Irish
Aoife,F,Giver of life,Irish
Aoife,F,Life,Hebrew
Aolani,F,Cloud from Heaven,Hawaiian
Aolani,F,Cloud from Heaven,Indian
Apala,F,Most beautiful,Indian
Apanie,F,Water,Australian Abori
Apara,F,One who comes and goes,African
Aparajita,F,Undefeated,Indian
Apari,M,Father,Australian Abori
Aparna,F,The Goddess Sarasvati,Indian
Apemantus,M,Appeared in Timon of Athens,Shakespearian
Aphra,F,Dust. Biblical place name.,Hebrew
Aphria,F,Agreeable,Celtic
Aphrodesia,F,Goddess of Love,Greek
Aphrodite,F,Goddess of Love,Greek
Apirka,F,Pleasant,Gaelic
Apollina,F,Gift from Apollo,French
Apolline,F,Gift from Apollo,French
Apolline,F,"Sunshine, Warmth, Strength",Greek
Aponi,F,Butterfly,Native American
Apoorva,M,Quite new,Indian
April,F,"Blooming, Opening",Latin
April,F,Opening buds of spring; Born in April,English
Aprille,F,"Blooming, Opening",Latin
Aprille,F,"The month April, Spring",English
Apryl,F,"Blooming, Opening",Latin
Apryl,F,"The month April, Spring",English
Apryll,F,"The month April, Spring",English
Aquanetta,F,Blue-green sea color,English
Aquene,F,Peace,Native American
Aquila,M,Hero of the Iliad,Greek
Aquilina,F,"Eagle, Sharp-eyed",Spanish
Ar,F,Mercy,Anglo-Saxon
Ara,F,Opinionated,Arabic
Arabel,F,Beautiful eagle,German
Arabella,F,Beautiful eagle,German
Arabelle,F,Beautiful eagle,German
Araceli,F,Alter of heaven,Latin
Araceli,F,Alter of heaven,Spanish
Aracelia,F,Alter of heaven,Spanish
Aracely,F,Alter of heaven,Spanish
Aradhana,F,Worship,Indian
Araluen,M,The place of waterlilies,Australian Abori
Araluen,F,The place of waterlilies,Australian Abori
Aram,M,High place,Arabic
Arama,F,Reference to the Virgin Mary,Spanish
Araminta,F,Lofty,Hebrew
Araminta,F,Mint,Greek
Araminte,F,Lofty,Hebrew
Arana,M,Handsome,Polynesian
Arana,F,Moon,Australian Abori
Ararinda,F,Tenacious,German
Arashel,F,Protected hill,Hebrew
Arati,F,"Hymn, A song in praise of god",Indian
Araxie,F,River said to inspire poetic expression,Arabic
Arcadia,F,Adventurous,Spanish
Arcelia,F,"Treasure, Altar of heaven",Spanish
Arcene,F,Silvery,French
Arch,M,Bold prince,Anglo-Saxon
Archana,F,Worship,Indian
Archer,M,The archer,Teutonic
Archibald,M,Bold prince,Anglo-Saxon
Archidamus,M,Appeared in A Winter's Tale,Shakespearian
Archie,M,Bold prince,Anglo-Saxon
Archisha,F,A ray of light,Indian
Archita,F,One who is worshipped,Indian
Archy,M,Bold prince,Anglo-Saxon
Arcilla,F,Alter of heaven,Spanish
Arda,F,Warm,English
Ardala,F,High honor,Irish
Ardath,F,Flowering field,Hebrew
Ardeen,F,Warm,English
Ardel,F,"Eager, Industrious",English
Ardelia,F,Warm,English
Ardelia,F,Zealous one,Latin
Ardella,F,"Warm, Eager, Industrious",English
Ardelle,F,"Eager, Industrious",English
Arden,M,Eagle valley,English
Arden,M,Passionate,Latin
Arden,F,Eagle valley,English
Arden,F,"Lofty, Eager",Celtic
Arden,F,Passionate,Latin
Ardena,F,"Lofty, Eager",Celtic
Ardena,F,"Lofty, Eager",English
Ardene,F,"Lofty, Eager",Celtic
Ardene,F,"Warm, Eager, Lofty",English
Ardere,F,Fire,Latin
Ardi,F,Warm,English
Ardine,F,Warm,English
Ardis,M,Eagle valley,English
Ardis,M,Passionate,Latin
Ardith,F,Good war,Anglo-Saxon
Ardon,M,Bronze,Hebrew
Ardon,M,Eagle valley,English
Ardon,M,Passionate,Latin
Ardra,F,Noble,Celtic
Ardyne,F,Warm,English
Ardys,F,Warm,English
Aree,M,Lion,Hebrew
Areille,F,Lioness of God,Hebrew
Arela,F,An oath,Celtic
Arella,F,"Angel, Heavenly messenger",Hebrew
Arella,F,Golden,Spanish
Aren,M,Eagle,African
Ares,M,God of war,Greek
Aret,F,Female children born on market day,African
Areta,F,"Virtuous, Excellent",Arabic
Aretha,F,Nymph,Greek
Aretha,F,"Virtuous, Excellent",Arabic
Aretina,F,Virtous,Greek
Argante,F,Name of a queen,Arthurian Legend
Argus,M,"Bright, Watchful",Greek
Ari,M,Lion,Hebrew
Ari,F,Lioness of God,Hebrew
Ari,F,Melody,Greek
Ari,F,Very holy one,Latin
Aria,F,Beautiful melody,Latin
Aria,F,Gentle music,English
Aria,F,Melody,Greek
Ariadne,F,Melody,Greek
Ariadne,F,Very holy one,Latin
Ariah,F,Beautiful melody,Latin
Arial,F,Lioness of God,Hebrew
Ariana,F,Melody,Greek
Ariana,F,Very holy one,Latin
Ariane,F,Melody,French
Arianna,F,Melody,Greek
Arianna,F,Very holy one,Latin
Arianne,F,Melody,Greek
Arianne,F,Very holy one,Latin
Arianrod,F,Silver wheel,Anglo-Saxon
Aricela,F,Alter of heaven,Spanish
Aricia,F,Princess of the royal blood of Athens,Greek
Aricin,M,The eternal king's son,Norwegian
Aridatha,F,Flowering field,Hebrew
Arie,F,Beautiful melody,Latin
Ariel,M,Appeared in The Tempest,Shakespearian
Ariel,F,Lioness of God,Hebrew
Ariela,F,Lion of God,Spanish
Ariela,F,Lioness of God,Hebrew
Ariele,F,Lion of God,French
Ariele,F,Lioness of God,Hebrew
Ariella,F,Lioness of God,Hebrew
Arielle,F,Lion of God,French
Arielle,F,Lioness of God,Hebrew
Ariellel,F,Lioness of God,Hebrew
Ariene,F,Silvery,Welsh
Arienh,F,An oath,Celtic
Arietta,F,Melody,English
Ariette,F,Melody,English
Arihant,M,One who has killed his enemies,Indian
Arika,F,A waterlily,Australian Abori
Ariki,M,Chief,Polynesian
Arin,M,"Revered, Sharer",Hebrew
Arinya,F,A kangaroo,Australian Abori
Ario,F,Lioness of God,Hebrew
Arion,M,Musician,Greek
Arista,F,Harvest,Latin
Aristo,M,Best,Greek
Ariyaunna,F,Melody,Greek
Ariyaunna,F,Very holy one,Latin
Ariyne,F,Oath,Irish
Arjean,F,Silvery,French
Arjun,M,Peacock,Indian
Arkady,M,Bold prince,Anglo-Saxon
Arkin,M,The eternal king's son,Norwegian
Arky,M,Bold prince,Anglo-Saxon
Arla,F,"Strong, Strong-woman",English
Arlana,F,An oath,Celtic
Arlana,F,"Strong, Strong-woman",English
Arland,M,"Pledge, Vow",Celtic
Arleana,F,"Strong, Strong-woman",English
Arleen,F,An oath,Celtic
Arleen,F,An oath,Irish
Arleen,F,"Strong, Strong-woman",English
Arleena,F,"Strong, Strong-woman",English
Arleene,F,"Strong, Strong-woman",English
Arleigh,M,"Pledge, Vow",Celtic
Arleigh,F,Meadow of the hares,English
Arleigh,F,Meadow of the hares,German
Arleine,F,"Pledge, Vow",Celtic
Arlen,M,"Pledge, Vow",Celtic
Arlen,F,"Pledge, Vow",Celtic
Arlena,F,Oath,Irish
Arlena,F,"Strong, Strong-woman",English
Arlene,F,An oath,Celtic
Arlene,F,An oath,Irish
Arlene,F,"Strong, Strong-woman",English
Arlenna,F,"Strong, Strong-woman",English
Arles,M,"Pledge, Vow",Celtic
Arleta,F,A medieval given name,French
Arleta,F,An oath,Celtic
Arleta,F,Oath,Irish
Arletta,F,A medieval given name,French
Arlette,F,A medieval given name,French
Arlette,F,An oath,Celtic
Arlette,F,An oath,Irish
Arley,M,The bowman,Latin
Arlie,M,"Pledge, Vow",Celtic
Arlina,F,An oath,Celtic
Arlina,F,"Strong, Strong-woman",English
Arlinda,F,"Strong, Strong-woman, Beautiful woman",English
Arline,F,An oath,Celtic
Arline,F,An oath,Irish
Arline,F,"Strong, Strong-woman",English
Arlisa,F,God's oath,German
Arlisa,F,God's oath,Hebrew
Arlise,F,God's oath,German
Arlise,F,God's oath,Hebrew
Arliss,M,"Pledge, Vow",Celtic
Arliss,F,"High fort, A place name",Irish
Arlo,M,"Pledge, Vow",Celtic
Arly,M,"Pledge, Vow",Celtic
Arlyn,F,"Pledge, Vow",Celtic
Arlyn,F,"Strong, Strong-woman",English
Arlyne,F,"Strong, Strong-woman",English
Arlynn,F,"Pledge, Vow",Celtic
Arlyss,M,"Pledge, Vow",Celtic
Arman,M,Of the army,French
Armand,M,Of the army,French
Armanda,F,Of the army,Spanish
Armande,M,Of the army,French
Armando,M,Of the army,French
Armani,F,Faith,African
Armen,M,Armenian,Arabic
Armina,F,Of a high degree,Latin
Armina,F,Warrior maiden,German
Armon,M,Castle,Hebrew
Armond,M,Of the army,French
Arnald,M,"Eagle, Powerful",German
Arnaldo,M,"Eagle, Powerful",German
Arnaud,M,"Eagle, Powerful",German
Arnault,M,"Eagle, Powerful",German
Arnav,M,"Ocean, Sea",Indian
Arne,M,"Eagle, Powerful",German
Arnel,M,"Eagle, Powerful",German
Arnell,M,"Eagle, Powerful",German
Arnelle,F,Love,English
Arness,M,"Eagle, Powerful",German
Arnie,M,"Eagle, Powerful",German
Arnisha,F,"Favor, Grace",English
Arno,M,"Eagle, Powerful",German
Arnold,M,"Eagle, Powerful",German
Arnon,M,Rushing stream,Hebrew
Arnot,M,"Eagle, Powerful",German
Arnurna,F,A blue waterlily,Australian Abori
Aroa,F,Love,Maori
Aroha,F,Love,Maori
Aron,M,"Revered, Sharer",Hebrew
Arora,F,A cockatoo,Australian Abori
Arpiar,M,Sunny,Arabic
Arron,M,"Revered, Sharer",Hebrew
Arron,M,"Shining light, High mountain, Messenger",Arabic
Arsen,M,Strong,Greek
Arsenio,M,"Manly, Virile",Greek
Art,M,"Bear hero, A rock",Welsh
Arta,M,"Bear hero, A rock",Welsh
Arte,M,"Bear hero, A rock",Welsh
Artemis,M,Moon,Greek
Artemis,F,Source of water,African
Artemisia,F,Belonging to artemis,Greek
Artemisia,F,Perfection,Spanish
Artemus,M,Moon,Greek
Arthie,M,"Noble, Follower of Thor",Celtic
Arthur,M,King,Arthurian Legend
Arthur,M,Noble,English
Arthur,M,"Noble, Follower of Thor",Celtic
Arthurine,F,Noble,English
Arthus,M,"Bear hero, A rock",Welsh
Artie,M,Moon,Greek
Artu,M,"Noble, Follower of Thor",Celtic
Arturo,M,"Noble, Follower of Thor",Celtic
Arty,M,"Noble, Follower of Thor",Celtic
Arub,F,Loves her husband,Arabic
Aruba,F,Loves her husband,Arabic
Aruiragus,M,Appeared in Cymbeline,Shakespearian
Arun,M,Sun,Indian
Aruna,F,Dawn,Indian
Arunima,F,Glow of dawn,Indian
Arunta,M,A white cockatoo,Australian Abori
Arusi,F,"Wedding, Girls born at the time of a wedding",African
Arvind,M,Lotus,Indian
Arwin,M,Young Prince,Celtic
Aryel,F,Lioness of God,Hebrew
Arziki,F,Prosperity (Hausa),African
Asa,F,Grateful,African
Asa,F,Healer,Hebrew
Asabi,F,One of select birth,African
Ascencion,F,Reference to the Ascension,Spanish
Aseem,M,"Boundless, Limitless",Indian
Asenka,F,Grace,Hebrew
Asenke,F,Grace,Hebrew
Asfoureh,F,Bird,Arabic
Ash,F,Ash-tree,English
Asha,F,"Hope, Life",Indian
Asha,F,Lively,Arabic
Asha,F,"Woman, Life, Alive",African
Ashaki,F,Beautiful,African
Ashakiran,F,Ray of hope,Indian
Ashalata,F,Creeper of hope,Indian
Ashavari,F,Name of a raaga,Indian
Ashbel,M,"Fortunate, Lucky, Blessed, Happy",Hebrew
Ashby,F,Ash-tree,English
Ashe,M,"Fortunate, Lucky, Blessed, Happy",Hebrew
Ashe,F,Ash-tree,English
Asher,M,"Fortunate, Lucky, Blessed, Happy",Hebrew
Ashford,F,Ash-tree,English
Ashi,F,Ash-tree,English
Ashia,F,Lively,Arabic
Ashia,F,The prophet Muhammad's wife,African
Ashira,F,Wealthy,Hebrew
Ashish,M,Blessings,Indian
Ashla,F,Meadow of ash trees,English
Ashlan,F,Ash-tree,English
Ashleah,F,Meadow of ash trees,English
Ashlee,F,Meadow of ash trees,English
Ashleen,F,Meadow of ash trees,English
Ashleena,F,Meadow of ash trees,English
Ashleigh,F,Meadow of ash trees,English
Ashlen,F,Meadow of ash trees,English
Ashley,F,Dwells at the ash tree meadow,Anglo-Saxon
Ashley,F,From the ash tree grove,English
Ashli,F,Ash-tree,English
Ashlie,F,Meadow of ash trees,English
Ashlin,F,Meadow of ash trees,English
Ashling,F,Ash-tree,English
Ashling,F,Vision,Irish
Ashlinn,F,Meadow of ash trees,English
Ashly,F,Meadow of ash trees,English
Ashlyn,F,Meadow of ash trees,English
Ashlynn,F,Meadow of ash trees,English
Ashlynne,F,Meadow of ash trees,English
Ashok,M,One without sorrow,Indian
Ashon,M,Seventh-born son,African
Ashten,F,Town of ash trees,English
Ashton,F,Town of ash trees,English
Ashtyn,F,Town of ash trees,English
Ashvin,M,A cavalier,Indian
Ashwatthama,M,Fiery tempered,Indian
Ashwin,M,Strong horse,Indian
Ashwini,M,One of the constallations,Indian
Asia,F,East,Greek
Asia,F,From fantacy,Latin
Asia,F,"Woman, Life",Arabic
Asianne,F,"Woman, Life",Arabic
Asija,M,"A great sage, Brother of Brihaspati",Indian
Asim,M,"Boundless, Limitless",Indian
Asima,F,"Defender, Guard",Arabic
Asisa,F,Ripe,Hebrew
Askini,F,Daughter of Prajapati Virat,Indian
Asmita,F,Pride,Indian
Aspasia,F,Welcome,Greek
Aspen,F,Place name,English
Assaggi,F,Strong,African
Assana,F,Waterfall,Irish
Assane,F,Waterfall,Irish
Asser,M,"Fortunate, Lucky, Blessed, Happy",Hebrew
Asta,F,Star,Greek
Asta,F,"Super strength, Divine strength",Norse
Astera,F,Flower name,Hebrew
Astera,F,Star,Greek
Astera,F,"Super strength, Divine strength",Norse
Asthore,F,Loved one,Irish
Astolat,F,Lady of Shalott who kills herself for the love of Lancelot,Arthurian Legend
Astra,F,Like a star,Greek
Astred,F,Star,Greek
Astred,F,"Super strength, Divine strength",Norse
Astrid,F,Star,Greek
Astrid,F,"Super strength, Divine strength",Norse
Astyr,F,Star,Greek
Astyr,F,"Super strength, Divine strength",Norse
Asucena,F,Lily,Arabic
Asuman,M,Lord of vital breaths,Indian
Asuncion,F,Born during the Feast of Assumption,Spanish
Asura,F,Female children born during the Muslim month of Ashur,African
Asvathama,M,Sun of Drona,Indian
Asvin,M,Gods of medicine (Nasatya and Dasra),Indian
Asya,F,Grace,Hebrew
Asztrik,M,Made from ashenwood,Hungarian
Atalaya,F,Guardtower,Spanish
Atalia,F,God is great,Hebrew
Atalie,F,God is great,Hebrew
Atara,F,Crowned,Hebrew
Atarah,F,Crowned,Hebrew
Atena,F,Goddess of wisdom,Greek
Atepa,F,Wigwam (Choctaw),Native American
Atera,F,Pray,Hebrew
Ateret,F,Crowned,Hebrew
Athaleyah,F,Lioness of God,Hebrew
Athalia,F,God is exalted,Indian
Athalia,F,God is great,Hebrew
Athalia,F,Guardtower,Spanish
Athalie,F,God is great,Hebrew
Athan,M,Immortal,Greek
Atharvan,M,Knower of the Arthara vedas,Indian
Athdara,F,From the ford at the oak tree,Irish
Athdara,F,From the oak tree ford,Scottish
Athena,F,Goddess of wisdom,Greek
Athene,F,Goddess of wisdom,Greek
Atherol,M,Dweller at the spring farm,English
Athilda,F,At the elder tree,English
Athol,M,Place name,Scottish
Athracht,F,Name of a saint,Irish
Atia,F,Ancient,Arabic
Atifa,F,Affection,Arabic
Atilda,F,At the elder tree,English
Atilla,M,Beloved father,Hungarian
Atira,F,Pray,Hebrew
Atiu,M,Eldest,Polynesian
Atiya,F,Gift,Arabic
Atmaja,F,Daughter,Indian
Atmajyoti,M,Light of Atma,Indian
Atman,M,The self,Indian
Atonia,F,Strong as an oak,Hebrew
Atsukpi,F,Female twin,African
Attheaeldre,F,At the elder tree,English
Attis,M,Handsome boy,Greek
Attisa,M,Handsome boy,Greek
Attisian,M,Handsome boy,Greek
Attracta,F,Name of a saint,Irish
Atul,M,Matchless,Indian
Atulya,M,"Unweighable, Incomparable",Indian
Aubert,M,"Noble, Bright",German
Auberta,F,"Noble, Bright",French
Aubin,M,Fair,Latin
Aubina,F,Blond,French
Aubine,F,Blond,French
Aubree,F,Rules with elf-wisdom,English
Aubree,F,Rules with elf-wisdom,French
Aubrey,F,Rules with elf-wisdom,English
Aubrey,F,Rules with elf-wisdom,French
Aubrey,F,Rules with elf-wisdom,German
Aubriana,F,Rules with elf-wisdom,English
Aubriana,F,Rules with elf-wisdom,French
Aubrianne,F,Rules with elf-wisdom,English
Aubrianne,F,Rules with elf-wisdom,French
Aubrie,F,Rules with elf-wisdom,English
Aubrie,F,Rules with elf-wisdom,French
Aubry,F,Rules with elf-wisdom,English
Aubry,F,Rules with elf-wisdom,French
Auburn,M,Fair,Latin
Auda,F,"Old, Wealthy",French
Aude,F,"Old, Wealthy",French
Audelia,F,"Nobility, Strength",English
Audene,F,"Nobility, Strength",English
Audery,F,Noble strength,English
Audey,F,Noble strength,English
Audie,F,Noble strength,English
Audra,F,Noble strength,English
Audra,F,Noble strength,French
Audre,F,Noble strength,English
Audrea,F,"Nobility, Strength",English
Audreana,F,"Nobility, Strength",English
Audreanna,F,"Nobility, Strength",English
Audree,F,"Nobility, Strength",French
Audrey,F,Appeared in As You Like It,Shakespearian
Audrey,F,Noble strength,Anglo-Saxon
Audrey,F,Noble strength,English
Audri,F,"Nobility, Strength",English
Audria,F,"Nobility, Strength",English
Audriana,F,"Nobility, Strength",English
Audrianna,F,"Nobility, Strength",English
Audric,M,Old and wise rule,French
Audrie,F,"Nobility, Strength",English
Audrielle,F,"Nobility, Strength",English
Audrina,F,"Nobility, Strength",English
Audris,F,"Nobility, Strength",English
Audry,F,Noble strength,English
Audun,M,Deserted,Norwegian
Audun,F,Deserted,Norwegian
Augie,M,Exalted,Latin
August,M,Exalted,Latin
Augusta,M,Exalted,Latin
Augusteen,F,Exalted,Irish
Augustin,M,Exalted,Latin
Augustina,M,Exalted,Latin
Augustine,M,Exalted,Latin
Augustine,F,Exalted,English
Augusto,M,Exalted,Latin
Augustus,M,Exalted,Latin
Aundy,F,New prosperity,Norwegian
Aung,M,Success,Burmese
Aung,F,Success,Burmese
Aure,F,"Breeze, Soft-air",Greek
Aurea,F,Gold,Latin
Aurear,F,Gentle music,English
Aurek,M,"Blond, Golden hair",Polish
Aurelia,F,Gold,Latin
Aurelia,F,Golden,Spanish
Aureliana,F,Golden,Spanish
Aurelie,F,Gold,Latin
Aurelio,M,Gold,Latin
Aurelius,M,Gold,Latin
Auriar,F,Gentle music,English
Aurilia,F,Gold,Latin
Aurilio,M,Gold,Latin
Aurilius,M,Gold,Latin
Aurkena,F,Present,Spanish
Aurkene,F,Presentation,Spanish
Aurnia,F,Golden lady,Irish
Aurora,F,Dawn,African
Aurora,F,Dawn,Latin
Aurore,F,Dawn,French
Aurore,F,Dawn,Latin
Austen,F,Exalted,English
Austin,M,Exalted,Latin
Austina,F,Exalted,English
Austina,F,Exalted,French
Austine,F,Exalted,English
Austine,F,Exalted,French
Autolucus,M,Appeared in A Winter's Tale,Shakespearian
Autumn,F,Autumn,Latin
Autumn,F,Born in the fall,English
Ava,F,Bird,German
Ava,F,"Blooming, Opening",Latin
Ava,F,Life,Hebrew
Ava,F,Refuge in battle,English
Avagail,F,My father rejoices,Hebrew
Avah,F,Refuge in battle,English
Avalee,F,Refuge in battle,English
Avalina,F,"Lively, Pleasant",Celtic
Avaline,F,"Lively, Pleasant",Celtic
Avalon,F,Arthur's burial place,Arthurian Legend
Avani,F,King of the earth,Indian
Avanindra,M,King of the earth,Indian
Avanish,M,God of the earth,Indian
Avanti,F,Ancient Malwa,Indian
Avantika,F,Ancient Malwa,Indian
Avaron,F,Arthur's burial place,Arthurian Legend
Avarona,F,Arthur's burial place,Arthurian Legend
Avasa,F,Independent,Indian
Avaset,F,Bird,German
Ave,M,Ruler of the elves,Anglo-Saxon
Ave,F,Ruler of the elves,Anglo-Saxon
Avelaine,F,Nut,French
Avelina,F,Refuge in battle,English
Aveline,F,"Lively, Pleasant",Celtic
Aveline,F,Nut,French
Aveline,F,Refuge in battle,English
Avelyn,F,Refuge in battle,English
Avena,F,Oats,English
Avera,F,Transgresses,Hebrew
Averell,M,Boar-warrior,English
Averi,M,Ruler of the elves,Anglo-Saxon
Averi,F,Ruler of the elves,Anglo-Saxon
Averil,M,Boar-warrior,English
Averil,F,Opening buds of spring; Born in April,English
Averill,M,Boar-warrior,English
Averill,F,Opening buds of spring; Born in April,English
Avery,M,Place name,Scottish
Avery,M,Ruler of the elves,Anglo-Saxon
Avery,F,Ruler of the elves,Anglo-Saxon
Averyl,F,Born in April,English
Aves,M,Ruler of the elves,Anglo-Saxon
Aves,F,Ruler of the elves,Anglo-Saxon
Avi,F,Spring time,Hebrew
Avia,F,"Grace, Favor",English
Avia,F,Spring time,Hebrew
Aviana,F,"Grace, Favor",English
Aviance,F,"Grace, Favor",English
Avianna,F,"Grace, Favor",English
Avice,F,Warlike,French
Avichayil,F,Bringer of joy,Hebrew
Avigail,F,Bringer of joy,Hebrew
Avilon,F,Arthur's burial place,Arthurian Legend
Avinash,M,Indestructible,Indian
Avis,F,Refuge in battle,English
Avital,F,Spring time,Hebrew
Aviva,F,"Innocent, Springtime",Hebrew
Avivah,F,Spring time,Hebrew
Avivi,F,"Innocent, Springtime",Hebrew
Avivit,F,Innocent,Hebrew
Avlynn,F,Refuge in battle,English
Avonmora,F,From the great river,Irish
Avraham,M,Father of many,Hebrew
Avram,M,Father of many,Hebrew
Avriel,F,Opening buds of spring; Born in April,English
Avril,F,"Blooming, Opening",Latin
Avril,F,Opening buds of spring; Born in April,English
Avrill,F,Opening buds of spring; Born in April,English
Avrom,M,Father of many,Hebrew
Avryl,F,Born in April,English
Awenasa,F,My home (Cherokee),Native American
Awendela,F,Morning,Native American
Awenita,F,Fawn,Native American
Awinita,F,Fawn (Cherokee),Native American
Axel,M,Divine reward,Hebrew
Axel,M,Divine source of life,Swedish
Axelia,F,Protector of mankind,Greek
Axella,F,Peace,Hebrew
Axelle,F,Peace,Hebrew
Axtel,M,Divine reward,Hebrew
Axtel,M,Divine source of life,Swedish
Aya,F,Bird,Hebrew
Ayala,F,Doe,Hebrew
Ayalah,F,Behind,Hebrew
Ayame,F,Iris,Japanese
Ayan,F,Bright,African
Ayana,F,Beautiful flower,African
Ayasha,F,Little one (Chippewa),Native American
Ayasha,F,"Woman, Life",Arabic
Ayashe,F,Little one (Chippewa),Native American
Ayda,F,Benefit,Arabic
Aye,M,Cool,Burmese
Aye,F,Cool,Burmese
Ayeisha,F,"Woman, Life",Arabic
Ayesha,F,"Woman, Life",Arabic
Ayiana,F,Eternal bllom,Native American
Ayisha,F,"Woman, Life",Arabic
Ayisha,F,"Woman, Life, Alive",African
Ayita,F,"Worker, First to dance (Cherokee)",Native American
Ayla,F,Oak tree,Hebrew
Ayn,F,Prayer,Hebrew
Aynsley,F,My meadow,Scottish
Ayo,F,Joyful,African
Ayse,F,"Woman, Life",Arabic
Aysha,F,"Woman, Life",Arabic
Ayska,F,Lively,Arabic
Ayush,M,Person who has a long life,Indian
Ayushi,F,Person who has a long life,Indian
Ayushmati,F,Person who has a long life,Indian
Az,F,"Dry earth, Detached, Free of material things",Latin
Aza,F,Powerful,African
Azadeh,F,"Dry earth, Detached, Free of material things",Latin
Azalea,F,Democracy,Arabic
Azalea,F,Flower,Hebrew
Azalia,F,Spared by Jehovah,Hebrew
Azalyn,F,Powerful,African
Azaria,M,God has helped,Hebrew
Azaria,F,Spared by Jehovah,Hebrew
Azarious,M,God has helped,Hebrew
Azaryah,M,God has helped,Hebrew
Azaryahu,M,God has helped,Hebrew
Azelia,F,Flower,Hebrew
Azelie,F,Flower,Hebrew
Azhar,F,Flower,Arabic
Azhara,F,Flower,Arabic
Azia,F,"Woman, Life",Arabic
Aziel,F,Flower,Hebrew
Azima,F,"Defender, Guard",Arabic
Azinza,F,Mermaid,African
Azio,M,"Friend, Lover",Hebrew
Aziza,F,Precious,African
Aziza,F,Precious,Arabic
Azizah,F,Cherished,Arabic
Azize,F,Precious,African
Azize,F,Precious,Arabic
Azland,F,Powerful,African
Azmera,F,Harvest,African
Azrael,F,"Dry earth, Detached, Free of material things",Latin
Azriel,M,God has helped,Hebrew
Azucena,F,Lily,Arabic
Azura,F,Sky-blue,English
Azura,F,Sky-blue,French
Azura,F,Sky-blue,Persian
Azure,F,Sky-blue,English
Azure,F,Sky-blue,French
Azure,F,Sky-blue,Persian
Azurine,F,Sky-blue,English
Azurine,F,Sky-blue,French
Azusa,F,Lily,Arabic
Azusena,F,Lily,Arabic
Azy,F,Precious,African
Azy,F,Precious,Arabic
Azzam,M,Determined,Arabic
Azzie,F,"Dry earth, Detached, Free of material things",Latin
Ba,M,"Spear thrower, Marksman",Celtic
Ba,M,"Spear thrower, Marksman",French
Ba,M,"Spear thrower, Marksman",Welsh
Baako,F,First born,African
Bab,F,From the gateway,Arabic
Babette,F,"Foreign, Strange, Exotic, Mysterious",Greek
Babette,F,"Foreign, Strange, Exotic, Mysterious",Latin
Babette,F,"Stranger, Lovely",French
Babs,F,"Foreign, Strange, Exotic, Mysterious",Greek
Babs,F,"Foreign, Strange, Exotic, Mysterious",Latin
Bac,M,Bank,Scottish
Bacia,F,Family deaths ruined the home,African
Backstere,M,Baker,English
Badrinath,M,Lord of Mt.Badri,Indian
Badriprasad,M,Goft of Badri,Indian
Bae,M,Inspiration,Korean
Baecere,M,Baker,Anglo-Saxon
Baen,M,Fair skinned,Scottish
Baerhloew,M,"Ruler, Lives on the bare hill",English
Baethan,M,Foolish,Irish
Bagdemagus,M,Father of Meleagant,Arthurian Legend
Bageshri,F,Name of a raaga,Indian
Baghel,M,Ox,Arabic
Bahati,F,"Luck, Fortune",African
Bahir,M,Sparkling,Arabic
Bahira,F,Sparkling,Arabic
Baibre,F,Strange,Irish
Baigh,M,From the upper part,Scottish
Bailee,M,"Bailiff, Fortification, Able",English
Bailee,M,"Bailiff, Fortification, Able",French
Bailee,M,"Bailiff, Fortification, Able",Teutonic
Bailee,F,"Courtyard within castle walls, Steward, Public official",English
Bailee,F,"Courtyard within castle walls, Steward, Public official",French
Bailey,M,"Bailiff, Fortification, Able",English
Bailey,M,"Bailiff, Fortification, Able",French
Bailey,M,"Bailiff, Fortification, Able",Teutonic
Bailey,F,"Bailiff, Fortification, Able",English
Bailey,F,"Bailiff, Fortification, Able",French
Bailintin,M,Valiant,Irish
Bailoch,M,From the pasture,Scottish
Baily,M,"Bailiff, Fortification, Able",English
Baily,M,"Bailiff, Fortification, Able",French
Baily,M,"Bailiff, Fortification, Able",Teutonic
Bainbridge,M,Lives near the bridge over the white water,English
Bainbrydge,M,Lives near the bridge over the white water,English
Baingana,M,People are equal,African
Baird,M,Bard,Celtic
Baird,M,Bard,Irish
Baird,M,Bay horse,French
Baird,M,Minstrel,Scottish
Baird,M,"Minstrel, A singer-poet",English
Baird,M,Reddish brown hair,Teutonic
Bairn,M,Child,Scottish
Bairrfhionn,M,Marksman,Celtic
Bairrfhoinn,M,Handsome,Irish
Bajnok,M,Victor,Hungarian
Baka,F,Crane,Indian
Bakana,F,A lookout,Australian Abori
Bakari,M,Promise,African
Bakarne,F,Solitude,Spanish
Baker,M,Baker,English
Baker,F,Baker,English
Bakula,F,Nagakeshar flower,Indian
Bala,F,"An ever 9 year old girl, A young girl",Indian
Balaaditya,M,Young sun,Indian
Balachandra,M,Young moon,Indian
Balaji,M,A name of Vishnu,Indian
Balakrishna,M,Young krishna,Indian
Balamani,M,Young jewel,Indian
Balamohan,M,One who is attractive,Indian
Balavan,M,Powerful,Indian
Balbina,F,"Strong, Stammers",Latin
Balbo,M,Inarticulate,Latin
Baldemar,M,Princely,German
Balder,M,Bold army,English
Balder,M,God of light,Swedish
Baldev,M,Godlike in power,Indian
Baldhart,F,"Strong, Brave",German
Baldhere,M,Bold army,English
Baldlice,M,Brave,Anglo-Saxon
Baldovino,M,Brave friend,German
Baldric,M,Brave,German
Baldrik,M,Brave,German
Balduin,M,Brave friend,German
Baldulf,M,A knight,Arthurian Legend
Baldwin,M,Brave friend,German
Baldwyn,M,Brave friend,German
Bale,M,Home of the Mutima clan,African
Balen,M,Brother of Balaan,Arthurian Legend
Balfour,M,From the pastureland,Scottish
Balgair,M,Fox,Scottish
Balgaire,M,Fox,Scottish
Bali,M,Mighty warrior,Indian
Balik,M,Mighty warrior,Indian
Balin,M,Brother of Balaan,Arthurian Legend
Balin,M,Mighty warrior,Indian
Balinda,F,"Patience, Endurance, Fortitude",African
Balint,M,"Strong, Healthy",Latin
Ballard,M,A dancing song,English
Ballard,M,A dancing song,French
Ballard,F,"Strong, Brave",German
Ballinamore,M,From the great river,Irish
Ballindeny,M,From the town of oak wood,Irish
Balmoral,M,From the majestic village,Scottish
Balram,M,Krishna's brother,Indian
Baltasar,M,Protected by God,German
Balthasar,M,"Appeared in Merchant of Venice, Much Ado About Nothing, Romeo & Juliet",Shakespearian
Balthazar,M,Appeared in Comedy of Errors,Shakespearian
Balun,M,River,Australian Abori
Balunn,M,River,Australian Abori
Balwin,M,Brave friend,German
Bama,M,Son of prophecy,Hebrew
Bamard,M,Brave as a bear,German
Bambi,F,Child,Italian
Bamey,M,Brave as a bear,German
Ban,M,Father of Lancelot,Arthurian Legend
Bana,M,Slayer,Anglo-Saxon
Banaing,M,Son of the slayer,English
Banan,M,Slayer,Anglo-Saxon
Banan,M,White,Irish
Banan,F,Fingertips,Arabic
Banbhan,M,Piglet,Irish
Banbrigge,M,Lives near the bridge over the white water,English
Bancroft,M,From the bean field,English
Bandele,M,Born away from home,African
Bandhura,F,Pretty,Indian
Bane,M,Long-awaited child,Hawaiian
Banjora,M,A koala,Australian Abori
Bannan,M,Commander,German
Banner,M,"Flag, Ensign bearer",English
Banner,M,"Flag, Ensign bearer",Scottish
Banning,M,Blond child,Gaelic
Banning,M,One who reads the banns,Anglo-Saxon
Banning,M,Son of the slayer,English
Bannruod,M,Famous commander,German
Banquo,M,Appeared in Macbeth,Shakespearian
Bansari,F,Bansuri,Indian
Bansi,M,Flute,Indian
Bao,M,Protection,Vietnamese
Baptista,M,Appeared in Taming of the Shrew,Shakespearian
Bar,M,Boar,Anglo-Saxon
Bar,M,"Spear thrower, Marksman",Celtic
Bar,M,"Spear thrower, Marksman",French
Bar,M,"Spear thrower, Marksman",Welsh
Bar,F,"Spear thrower, Marksman",Celtic
Bar,F,"Spear thrower, Marksman",French
Bar,F,"Spear thrower, Marksman",Welsh
Bara,F,To choose,Hebrew
Barabas,M,Barabba,Hebrew
Barak,M,Victory against overwhelming odds,Hebrew
Barak,M,White one,Arabic
Baraka,F,White,Arabic
Barakah,M,Blessed,Arabic
Barakah,F,White one,Arabic
Baram,M,Son of the nation,Hebrew
Bararella,F,"Foreign, Strange, Exotic, Mysterious",Greek
Bararella,F,"Foreign, Strange, Exotic, Mysterious",Latin
Barb,F,"Foreign, Strange, Exotic, Mysterious",Greek
Barb,F,"Foreign, Strange, Exotic, Mysterious",Latin
Barbara,F,"Foreign, Strange, Exotic, Mysterious",Greek
Barbara,F,"Foreign, Strange, Exotic, Mysterious",Latin
Barbara,F,Traveler from a foreign land,English
Barber,M,Beard,Latin
Barbi,F,Traveler from a foreign land,English
Barbie,F,"Foreign, Strange, Exotic, Mysterious",Greek
Barbie,F,"Foreign, Strange, Exotic, Mysterious",Latin
Barbie,F,Traveler from a foreign land,English
Barbour,M,Beard,Latin
Barbra,F,"Foreign, Strange, Exotic, Mysterious",Greek
Barbra,F,"Foreign, Strange, Exotic, Mysterious",Latin
Barbra,F,Traveler from a foreign land,English
Barbs,F,"Foreign, Strange, Exotic, Mysterious",Greek
Barbs,F,"Foreign, Strange, Exotic, Mysterious",Latin
Barby,F,"Foreign, Strange, Exotic, Mysterious",Greek
Barby,F,"Foreign, Strange, Exotic, Mysterious",Latin
Barclay,M,Birch meadow,English
Barclay,M,Birch meadow,Scottish
Barclay,M,From the birch meadow,Anglo-Saxon
Bard,M,Bart,Celtic
Bard,M,Minstrel,Scottish
Bard,M,"Minstrel, A singer-poet",English
Bardalph,M,Ax wolf,English
Bardan,M,Lives near the boar's den,English
Bardaric,M,Ax ruler,English
Bardarik,M,Ax ruler,English
Bardawulf,M,Ax wolf,English
Barday,M,From Berkeley,Scottish
Barden,M,Bart,Celtic
Barden,M,Lives near the boar's den,English
Bardene,M,From the boar valley,English
Bardo,M,"Furrow, Hill",English
Bardo,M,Son of the earth,Danish
Bardo,M,Water,Australian Abori
Bardolf,M,Ax wolf,English
Bardolph,M,"Appeared in Merry Wives of Windsor, Henry V",Shakespearian
Bardolph,M,Ax wolf,English
Bardon,M,Barley valley,Anglo-Saxon
Bardon,M,Bart,Celtic
Bardon,M,"Minstrel, A singer-poet",English
Bardrick,M,Ax ruler,English
Bardulf,M,Ax wolf,English
Barega,M,The wind,Australian Abori
Barend,M,Bear,German
Barhloew,M,Lives on the bare hill,English
Bari,M,Children of Allah,Arabic
Bari,M,"Spear thrower, Marksman",Celtic
Bari,M,"Spear thrower, Marksman",French
Bari,M,"Spear thrower, Marksman",Welsh
Bari,F,"Spear thrower, Marksman",Celtic
Bari,F,"Spear thrower, Marksman",French
Bari,F,"Spear thrower, Marksman",Welsh
Barie,M,"Spear thrower, Marksman",Celtic
Barie,M,"Spear thrower, Marksman",French
Barie,M,"Spear thrower, Marksman",Welsh
Barika,F,Bloom,African
Barina,F,The summit,Australian Abori
Barklay,M,Birch meadow,English
Barkley,M,Birch meadow,English
Barks,M,Birch meadow,English
Barksdale,M,Birch meadow,English
Barlow,M,Lives on the bare hill,English
Barn,M,Son of prophecy,Hebrew
Barna,M,Son of comfort,Hebrew
Barnabas,M,Son of prophecy,Hebrew
Barnabe,M,Son of prophecy,Hebrew
Barnaby,M,Son of comfort,English
Barnaby,M,Son of prophecy,Hebrew
Barnard,M,Brave as a bear,German
Barnard,M,Strong as a bear,English
Barnardine,M,Appeared in Measure for Measure,Shakespearian
Barnet,M,Noble man,English
Barnett,M,Noble man,English
Barney,M,Brave as a bear,German
Barney,M,Son of comfort,English
Barney,M,Son of prophecy,Hebrew
Barnie,M,Brave as a bear,German
Barnie,M,Son of prophecy,Hebrew
Barnum,M,From the nobleman's home,English
Baron,M,A title of nobility used as a given name,French
Baron,M,"Noble man, A title of nobility used as a given name",English
Baron,M,Son of Aaron,Hebrew
Barr,M,Noble man,English
Barra,M,Marksman,Celtic
Barrak,M,Victory against overwhelming odds,Hebrew
Barram,M,Handsome,Irish
Barran,F,Little top,Irish
Barre,M,Gateway,English
Barret,M,Mighty as a bear,German
Barret,M,Noble man,English
Barrett,M,Bear-like,Teutonic
Barrett,M,Brave as a bear,German
Barrett,M,Noble man,English
Barric,M,Grain farm,English
Barrick,M,Grain farm,English
Barrie,M,"Fair-haired, Blonde",English
Barrie,M,"Fair-haired, Blonde",Irish
Barrie,M,"Spear thrower, Marksman",Celtic
Barrie,M,"Spear thrower, Marksman",French
Barrie,M,"Spear thrower, Marksman",Welsh
Barrington,M,"Fair-haired, Blonde",English
Barrington,M,"Fair-haired, Blonde",Irish
Barris,M,"Spear thrower, Marksman",Celtic
Barris,M,"Spear thrower, Marksman",French
Barris,M,"Spear thrower, Marksman",Welsh
Barron,M,"Noble man, A title of nobility used as a given name",English
Barry,M,"Fair-haired, Blonde",English
Barry,M,"Fair-haired, Blonde",Irish
Barry,M,"Spear thrower, Marksman",Celtic
Barry,M,"Spear thrower, Marksman",French
Barry,M,"Spear thrower, Marksman",Welsh
Barrymore,M,"Spear thrower, Marksman",Celtic
Barrymore,M,"Spear thrower, Marksman",French
Barrymore,M,"Spear thrower, Marksman",Welsh
Bars,M,Pepper,Hungarian
Barse,M,Fresh-water perch,English
Bart,M,From the barley farm,English
Bart,M,"Furrow, Hill",Hebrew
Bartel,M,"Furrow, Hill",English
Bartel,M,"Furrow, Hill",Hebrew
Barth,M,"Furrow, Hill",Hebrew
Barth,M,Son of the earth,English
Barthol,M,"Furrow, Hill",Hebrew
Bartholomew,M,"Furrow, Hill",Hebrew
Barthram,M,Glorious raven,English
Bartleah,M,From Bart's meadow,English
Bartleigh,M,From Bart's meadow,English
Bartlett,M,Farmer,French
Bartlett,M,"Furrow, Hill",Hebrew
Bartley,M,From the birch meadow,English
Bartley,M,From the birch meadow,Scottish
Bartley,M,"Furrow, Hill",Hebrew
Bartold,M,"Furrow, Hill",Hebrew
Bartoli,M,Farmer,Spanish
Bartolo,M,Farmer,Spanish
Bartolome,M,Farmer,Spanish
Bartolomeo,M,"Furrow, Hill",Hebrew
Barton,M,From the barley farm,English
Barton,M,"Furrow, Hill",Hebrew
Bartram,M,Glorious raven,English
Bartram,M,Glorious raven,German
Baruch,M,Blessed,Hebrew
Barwolf,M,Ax wolf,English
Barwon,M,A wide river,Australian Abori
Basha,F,Daughter of God,Greek
Basha,F,Daughter of God,Hebrew
Basha,F,Stranger,Polish
Bashiga,F,Joyful,Arabic
Bashira,F,Joyful,Arabic
Bashshar,M,Brings good news,Arabic
Basia,M,Brave,Arabic
Basia,M,Royal,Greek
Basia,F,Daughter of the oath,Hebrew
Basil,M,Brave,Arabic
Basil,M,Royal,English
Basil,M,Royal,Greek
Basile,M,Brave,Arabic
Basile,M,Royal,Greek
Basilia,M,Brave,Arabic
Basilia,M,Royal,Greek
Basilio,M,Noble,Spanish
Basilo,M,Brave,Arabic
Basilo,M,Royal,Greek
Basimah,F,Smiling,Arabic
Bassanio,M,Appeared in Merchant of Venice,Shakespearian
Bassanius,M,Appeared in Titus Andronicus,Shakespearian
Bassett,M,Appeared in King Henry VI,Shakespearian
Bastiaan,M,Venerable,Greek
Bastian,M,Revered one,Latin
Bastian,M,Venerable,Greek
Bastien,M,Revered one,Latin
Basya,F,Daughter of the oath,Hebrew
Bat,M,"Furrow, Hill",Hebrew
Bates,M,Appeared in Henry V,Shakespearian
Bates,M,"Furrow, Hill",English
Bathild,F,Heroine,German
Bathilda,F,Heroine,German
Bathilde,F,Heroine,German
Bathsheba,F,"Daughter of the Queen of Sheba - the legendary ruler of Abyssinia, Daughter of the oath",African
Bathsheba,F,Daughter of the oath,Hebrew
Bathshua,F,Daughter of the oath,Hebrew
Batsheva,F,"Daughter of the Queen of Sheba - the legendary ruler of Abyssinia, Daughter of the oath",African
Batsheva,F,Daughter of the oath,Hebrew
Battseeyon,F,Daughter of Zion,Hebrew
Battzion,F,Daughter of Zion,Hebrew
Batul,F,Virgin,Arabic
Batula,F,Virgin,Arabic
Batya,F,Daughter of the oath,Hebrew
Baul,M,Snail,English
Bavol,M,Wind,English
Bawdewyn,M,Brave friend,Anglo-Saxon
Bawdewyne,M,Brave friend,Anglo-Saxon
Bax,M,Baker,English
Baxley,M,Baker,English
Baxley,F,Baker,English
Baxter,M,Baker,English
Baxter,F,Baker,English
Bay,M,Auburn-haired,English
Bay,M,Auburn-haired,French
Bay,M,"Born in July, Seventh-born son",Vietnamese
Bayard,M,Auburn-haired,English
Bayard,M,Bay horse,French
Bayard,M,Reddish brown hair,Teutonic
Bayen,M,From Ban,Anglo-Saxon
Bayhard,M,Reddish brown hair,English
Baylee,F,"Courtyard within castle walls, Steward, Public official",English
Baylee,F,"Courtyard within castle walls, Steward, Public official",French
Baylen,M,Auburn-haired,English
Baylen,M,Auburn-haired,French
Bayless,M,Bay horse,French
Bayless,M,Reddish brown hair,Teutonic
Bayley,M,"Bailiff, Fortification, Able",English
Bayley,M,"Bailiff, Fortification, Able",French
Bayley,M,"Bailiff, Fortification, Able",Teutonic
Bayley,F,"Bailiff, Fortification, Able",English
Bayley,F,"Bailiff, Fortification, Able",French
Baylie,F,"Courtyard within castle walls, Steward, Public official",English
Baylie,F,"Courtyard within castle walls, Steward, Public official",French
Baylor,M,"Bailiff, Fortification, Able",English
Baylor,M,"Bailiff, Fortification, Able",French
Baylor,M,"Bailiff, Fortification, Able",Teutonic
Bayo,F,To find joy,African
Bazyli,M,Royalty,Polish
Bea,F,"Happy, Bringer of joy",Latin
Beacan,M,"Small, Little one",Celtic
Beacan,M,"Small, Little one",Gaelic
Beacher,M,Dweller by the beech tree,English
Beadu,F,Warrior maiden,English
Beadurinc,M,Warrior,Anglo-Saxon
Beadutun,M,From the warrior's estate,English
Beadwof,M,Brave in war,Anglo-Saxon
Beagan,M,"Small, Little one",Celtic
Beagan,M,"Small, Little one",Gaelic
Beah,F,"Happy, Bringer of joy",Latin
Beal,M,Handsome,English
Beal,M,Handsome,French
Beale,M,Handsome,English
Beale,M,Handsome,French
Beall,M,Handsome,English
Beall,M,Handsome,French
Bealohydig,M,Enemy,Anglo-Saxon
Beaman,M,Beekeeper,English
Beamard,M,Brave as a bear,Irish
Beamer,M,Trumpeter,English
Bean,M,Fair skinned,Scottish
Bearacb,M,Marksman,Celtic
Bearcban,M,Marksman,Celtic
Beardsley,M,"Beard, Wood",English
Bearn,M,Son,Anglo-Saxon
Bearnard,M,Strong as a bear,Scottish
Bearrocscir,F,From Berkshire,Anglo-Saxon
Beartlaidh,M,From Bart's meadow,Irish
Beata,F,Divinely blessed,Latin
Beata,F,Divinely blessed,Polish
Beate,F,Divinely blessed,Latin
Beate,F,Divinely blessed,Polish
Beatha,F,Life,Celtic
Beathag,F,Serves God,Hebrew
Beathan,M,Son of the right hand,Scottish
Beathas,F,Wise,Scottish
Beatirsa,F,"Happy, Bringer of joy",Latin
Beaton,M,From the warrior's estate,English
Beatrice,F,Appeared in Much Ado About Nothing,Shakespearian
Beatrice,F,"Happy, Bringer of joy",Latin
Beatrisa,F,Brings happiness,Spanish
Beatrix,F,"Happy, Bringer of joy",Latin
Beatriz,F,"Happy, Bringer of joy",Latin
Beatriz,F,"Happy, Bringer of joy",Spanish
Beattie,F,"Happy, Bringer of joy",Latin
Beau,M,"Handsome, Beautiful",French
Beaufort,M,From the beautiful fortress,French
Beaumains,M,White hands,Arthurian Legend
Beaumont,M,From the beautiful mountain,French
Beauregard,M,"Handsome, Beautiful",French
Beauvais,M,From Beauvais,French
Bebe,M,Baby,French
Bebe,F,Baby,French
Bebeodan,M,Commands,Anglo-Saxon
Bebhinn,F,Singer,Irish
Becan,M,Small,Celtic
Becca,F,Captivating,English
Becca,F,Captivating,Hebrew
Beceere,M,Lives by the beech tree,English
Becha,F,Captivating,Hebrew
Beck,M,From the brook,English
Beck,M,From the brook,Swedish
Becka,F,Captivating,Hebrew
Becki,F,Captivating,English
Becky,F,Captivating,English
Becky,F,Captivating,Hebrew
Becse,M,The kite,Hungarian
Beda,F,Warrior maiden,English
Bede,M,Name of a historian,Anglo-Saxon
Bede,M,Prayer,English
Bedegrayne,F,Name of a castle,Arthurian Legend
Bedelia,F,Strength,French
Bedelia,F,Visible from delos,Greek
Bedivere,M,Returns Excalibur to the Lady of the Lake,Arthurian Legend
Bedver,M,Returns Excalibur to the Lady of the Lake,Arthurian Legend
Bedwyr,M,Returns Excalibur to the Lady of the Lake,Arthurian Legend
Beecher,M,Dweller by the beech tree,English
Beeman,M,Beekeeper,English
Bega,F,Beautiful,Australian Abori
Beinvenido,M,Welcome,Spanish
Beiste,M,Beast,Scottish
Bek,M,From the brook,English
Bekki,F,Captivating,Hebrew
Bel,F,Beautiful woman,Italian
Bel,F,"Fair, Beautiful",French
Bel,F,Sacred wood apple tree,Indian
Bela,M,Destruction,Hebrew
Bela,F,To Perch,African
Bela,F,White,Czech
Belakane,F,An African queen,Arthurian Legend
Belarius,M,Appeared in Cymbeline,Shakespearian
Belda,F,Fair maiden,French
Beldan,M,Lives in the beautiful glen,English
Beldane,M,Lives in the beautiful glen,English
Belden,M,"Beautiful pasture, Child of the unspoiled glen",English
Beldene,M,Lives in the beautiful glen,English
Beldon,M,"Beautiful pasture, Child of the unspoiled glen",English
Belen,M,Arrow,Greek
Belen,F,Bethlehem,Spanish
Belicia,F,Devoted to God,Spanish
Belinda,F,Beautiful woman,English
Belinda,F,Beautiful woman,Italian
Belinda,F,Beautiful woman,Spanish
Bell,M,Handsome,French
Bella,F,Beautiful,French
Bella,F,Beautiful,Spanish
Bella,F,Devoted to God,Hebrew
Bella,F,Lovable,Latin
Bella,F,"Slave, Freed slave",African
Belladonna,F,Beautiful woman,Italian
Bellamy,M,Handsome friend,French
Bellanca,F,Stronghold,Greek
Bellangere,M,Son of Alexandre,Arthurian Legend
Belle,F,Beautiful woman,French
Belle,F,Beautiful woman,Italian
Belle,F,Beautiful woman,Latin
Belle,F,Beautiful woman,Spanish
Bellinus,M,Name of a king,Anglo-Saxon
Beltran,M,Bright raven,Spanish
Belva,F,Beautiful,French
Belynda,F,Beautiful woman,Italian
Belynda,F,Beautiful woman,Spanish
Bem,M,Bear,German
Bem,M,Peace,African
Bemabe,M,Son of comfort,Spanish
Bemadette,F,Has the courage of a bear,German
Bembe,M,Son of prophecy,Spanish
Bemeere,M,Trumpeter,English
Bemelle,M,Strong as a bear,English
Bemelle,M,Strong as a bear,German
Bemia,F,Battle maid,Anglo-Saxon
Bemossed,M,Walker,Native American
Bemot,M,Brave as a bear,German
Bemus,M,Platform,Greek
Ben,M,Behold - a son,Hebrew
Ben,M,Blessed,English
Ben,M,Blessed,Latin
Bena,F,Pheasant,Native American
Benat,M,Brave as a bear,German
Bence,M,Victor,Hungarian
Bendigeidfran,M,Name of a king,Celtic
Bene,M,Blessed,Latin
Benecroft,M,From the bean field,English
Benedekt,M,Blessed,Latin
Benedetto,M,Blessed,Latin
Benedick,M,Appeared in Much Ado About Nothing,Shakespearian
Benedict,M,Blessed,English
Benedict,M,Blessed,Latin
Benedicto,M,Blessed,Spanish
Benedictson,M,Son of Benedict,Hebrew
Benen,M,Blessed,Latin
Benen,M,Kind,Irish
Benet,M,Blessed,Latin
Bengt,M,Blessed,Latin
Beniamino,M,Son of the right hand,Hebrew
Benigna,F,Kind,Spanish
Benita,F,Blessed,Latin
Benita,F,Blessed,Spanish
Benito,M,Blessed,Latin
Benjamin,M,Son of the right hand,Hebrew
Benji,M,Blessed,English
Benji,M,Son of the right hand,Hebrew
Benjie,M,Son of the right hand,Hebrew
Benjy,M,Blessed,English
Benkamin,M,Farmer,Hebrew
Benn,M,Blessed,English
Benn,M,Blessed,Latin
Benner,M,Blessed,Latin
Bennet,M,Blessed,English
Bennett,M,Blessed,English
Bennett,M,Blessed,Latin
Bennie,M,Blessed,English
Bennie,M,Son of the right hand,Hebrew
Benny,M,Behold - a son,Hebrew
Benny,M,Blessed,English
Benoic,M,From Ban,Anglo-Saxon
Benoit,M,Blessed,Latin
Benon,M,"Bright, Famous",English
Benoni,M,Son of my sorrows,Hebrew
Benoyce,M,Name of a kingdom,Arthurian Legend
Benquasha,F,Daughter of Ben,Native American
Benroy,M,Son of a lion,Hebrew
Bensen,M,"Ben's son, Excellent son",English
Bensen,M,"Ben's son, Excellent son",Hebrew
Benson,M,"Ben's son, Excellent son",English
Benson,M,"Ben's son, Excellent son",Hebrew
Bent,M,Blessed,Latin
Bente,F,Blessed,Latin
Bentleah,M,From the bent grass meadow,English
Bentleigh,M,From the bent grass meadow,English
Bentley,M,From the moors,English
Benton,M,Blessed,Latin
Benton,M,Settlement in a grassy place.,English
Benvolio,M,Appeared in Romeo & Juliet,Shakespearian
Benwick,M,From Ban,Anglo-Saxon
Benzion,M,Son of Zion,Hebrew
Beolagh,M,Foolish,Irish
Beomann,M,Beekeeper,English
Beomia,F,Battle maid,Anglo-Saxon
Beore,M,Birch tree,English
Beorht,M,Glorious,English
Beorhthilde,F,Shining battlemaid,English
Beorhthram,M,Bright raven,English
Beorhthramm,M,Glorious raven,English
Beorhttun,M,From the fortified town,English
Beorn,M,Warrior,Anglo-Saxon
Beornet,M,Leader,English
Beornham,M,From the nobleman's home,English
Beornwulf,M,Name of a king,Anglo-Saxon
Beortbtraed,F,Bright counselor,English
Beowulf,M,Intelligent wolf,Anglo-Saxon
Ber,M,Bear,German
Berakhiah,M,God blesses,Hebrew
Berangari,F,Spearbearer maid,English
Berangaria,F,Name of a princess,French
Berangèr,F,Courage of a bear,French
Berchtwald,M,Bright ruler,German
Bercilak,M,The Green Knight,Arthurian Legend
Bercleah,M,Lives at the birch tree meadow,English
Berdina,F,Glorious,German
Berdine,F,Brave as a bear,French
Berdine,F,Glorious,German
Berdy,M,Intelligent,German
Berend,M,Brave as a bear,German
Berengaria,F,Spearbearer maid,English
Berenger,M,Courage of a bear,French
Berenice,F,One who brings victory,French
Beresford,M,From the barley ford,English
Beretun,M,From the barley farm,English
Berford,M,From the barley ford,English
Berg,M,Mountain,German
Bergan,M,Mountain dweller,German
Bergen,M,Free citizen,English
Bergen,M,Mountain dweller,German
Bergess,M,Free citizen,English
Bergin,M,Mountain dweller,German
Bergren,M,Mountain stream,Swedish
Berhane,F,My light,African
Beric,M,Grain farm,English
Berinhard,M,Brave as a bear,German
Beriszl,M,Honor,Hungarian
Berit,F,"Bright, Glorious",German
Berit,F,Splendid,Celtic
Berk,M,From the birch meadow,English
Berk,M,From the birch meadow,Irish
Berk,M,"Solid, Firm",Arabic
Berke,M,From the birch meadow,English
Berke,M,From the birch meadow,Irish
Berkeley,M,From the birch meadow,Anglo-Saxon
Berkeley,M,From the birch meadow,English
Berkeley,M,From the birch meadow,Irish
Berkley,M,From the birch meadow,Anglo-Saxon
Berkley,M,From the birch meadow,English
Berkley,M,From the birch meadow,Irish
Berlyn,M,Son of Berl,German
Bern,M,Brave as a bear,German
Bern,F,Brave as a bear,German
Bernadea,F,Brave as a bear,French
Bernadete,F,Brave as a bear,German
Bernadett,F,Brave as a bear,German
Bernadette,F,Brave as a bear,French
Bernadette,F,Brave as a bear,German
Bernadina,F,Brave as a bear,French
Bernadina,F,Brave as a bear,German
Bernadine,F,Brave as a bear,French
Bernadine,F,Brave as a bear,German
Bernard,M,Brave as a bear,French
Bernard,M,Brave as a bear,German
Bernard,M,Strong as a bear,English
Bernarda,F,Brave as a bear,French
Bernardo,M,Appeared in Hamlet,Shakespearian
Bernardo,M,Brave as a bear,German
Bernardo,M,Strong as a bear,Spanish
Bernardyn,M,Brave as a bear,German
Bernd,M,Brave as a bear,German
Berndt,M,Brave as a bear,German
Berne,M,Brave as a bear,German
Berne,M,Strong as a bear,English
Berneen,F,Brave as a bear,French
Berneen,F,Brave as a bear,Irish
Bernelle,F,Brave as a bear,French
Bernetta,F,Brave as a bear,French
Bernette,F,Brave as a bear,French
Bernhard,M,Brave as a bear,German
Bernhardt,M,Brave as a bear,German
Bernice,F,One who brings victory,French
Bernice,F,One who brings victory,Greek
Bernicia,F,One who brings victory,Spanish
Bernie,M,Brave as a bear,German
Bernie,F,Brave as a bear,German
Berniss,F,One who brings victory,French
Bernita,F,Brave as a bear,French
Bernlak,M,The Green Knight,Arthurian Legend
Bernon,M,Brave as a bear,German
Bernyce,F,One who brings victory,French
Berowalt,M,Mighty as a bear,German
Berowne,M,Appeared in Love's Labour Lost,Shakespearian
Berrigan,M,Wattle,Australian Abori
Berrin,M,Bear,German
Berry,F,One who brings victory,Greek
Bersh,M,One year,English
Bersules,M,A knight,Arthurian Legend
Bert,M,"Bright, Famous",English
Bert,M,Famous for nobility,German
Bert,F,"Bright, Famous",English
Berta,F,Bright,Spanish
Berta,F,"Bright, Famous",English
Berta,F,"Glorious, Intelligent",German
Berta,F,Learning,Slavic
Berta,F,Splendid,Celtic
Bertana,F,The day,Australian Abori
Bertel,M,"Noble, Bright",German
Bertha,F,"Intelligent, Bright",German
Berthe,F,Bright,French
Berthe,F,"Bright, Famous",English
Berthold,M,Bright ruler,German
Berthold,M,Glorious ruler,Teutonic
Bertholt,M,Glorious ruler,Teutonic
Bertie,M,"Bright, Famous",English
Bertie,M,"Noble, Bright",German
Bertie,F,"Bright, Famous",English
Bertilda,F,Shining battlemaid,English
Bertilde,F,Shining battlemaid,English
Bertin,M,"Bright, Famous",English
Bertina,F,Intelligent,German
Bertl,M,Famous for nobility,German
Berto,M,Intelligent,Spanish
Bertol,M,"Furrow, Hill",Hebrew
Bertold,M,Glorious ruler,Teutonic
Bertolt,M,Glorious ruler,Teutonic
Berton,M,Fortress,English
Berton,M,Glorious ruler,Teutonic
Bertrade,F,Bright counselor,English
Bertram,M,A knight,Arthurian Legend
Bertram,M,Bright raven,English
Bertram,M,Glorious raven,German
Bertram,M,Mountain stream,Swedish
Bertrand,M,"Intelligent, Glorious raven",French
Berty,M,"Bright, Famous",English
Berty,M,"Noble, Bright",German
Beruriah,F,Selected by God,Hebrew
Berwick,M,From the barley grange,English
Berwyk,M,From the barley grange,English
Beryl,M,Dazzling jewel,Hebrew
Beryl,F,Gemstone,English
Bess,F,God's oath,German
Bess,F,God's oath,Hebrew
Bess,F,"My God is bountiful, God of plenty",English
Bessie,F,"My God is bountiful, God of plenty",English
Bessy,F,"My God is bountiful, God of plenty",English
Bestandan,M,Stands beside,Anglo-Saxon
Besyrwan,M,Ensnares,Anglo-Saxon
Beta,F,Devoted to God,Czech
Beth,M,Lively,Scottish
Beth,F,God's oath,German
Beth,F,God's oath,Hebrew
Beth,F,Mountain stream,Swedish
Beth,F,"My God is bountiful, God of plenty",English
Betha,F,Life,Celtic
Bethanee,F,House of God,Hebrew
Bethani,F,House of God,Hebrew
Bethanie,F,House of God,Hebrew
Bethann,F,House of God,Hebrew
Bethannie,F,House of God,Hebrew
Bethany,F,House of God,Hebrew
Bethea,F,Maid-servant of Jehovah,Hebrew
Bethel,F,House of God,Hebrew
Betheli,F,House of God,Hebrew
Betheny,F,House of God,Hebrew
Bethesda,F,House of God,Hebrew
Bethia,F,Maid-servant of Jehovah,Hebrew
Bethiar,F,House of God,English
Bethsaida,F,Merciful,Hebrew
Bethseda,F,Merciful,Hebrew
Bethshaya,F,Mountain stream,Swedish
Bethsheba,F,Oath,Hebrew
Betia,F,House of God,English
Betje,F,Devoted to God,Hebrew
Betlic,M,Splendid,Anglo-Saxon
Betsey,F,"My God is bountiful, God of plenty",English
Betsy,F,God's oath,German
Betsy,F,God's oath,Hebrew
Betsy,F,"My God is bountiful, God of plenty",English
Bette,F,God's oath,German
Bette,F,God's oath,Hebrew
Bette,F,"Stranger, Lovely",French
Betti,F,Devoted to God,Hebrew
Bettie,F,God's oath,German
Bettie,F,God's oath,Hebrew
Bettina,F,Devoted to God,Hebrew
Bettine,F,Devoted to God,Hebrew
Bettine,F,"Stranger, Lovely",French
Betty,F,God's oath,German
Betty,F,God's oath,Hebrew
Betty,F,"My God is bountiful, God of plenty",English
Betzalel,M,In God's shadow,Hebrew
Beula,F,To marry,Hebrew
Beulah,F,Married,Arabic
Beulah,F,To marry,Hebrew
Bev,F,Meadow of beavers,English
Beval,M,Like the wind,English
Bevan,M,"Young soldier, Son of Evan",Celtic
Bevan,F,Lady with a sweet song,Celtic
Beverely,F,Meadow of beavers,English
Beverlee,F,Beaver stream,English
Beverley,M,From the beaver meadow,English
Beverley,F,From the beaver meadow,English
Beverly,M,From the beaver meadow,English
Beverly,F,From the beaver meadow,English
Bevin,M,"Young soldier, Son of Evan",Celtic
Bevin,F,Lady with a sweet song,Celtic
Bevin,F,Singer,Irish
Bevis,M,From Beauvais,French
Bevis,M,Son of Evan,Celtic
Bevis,F,Lady with a sweet song,Celtic
Bevyn,M,"Young soldier, Son of Evan",Celtic
Bhadrak,M,Handsome,Indian
Bhadraksh,M,One with beautiful eyes,Indian
Bhagini,F,Mountain stream,Swedish
Bhagirath,M,One who brought Ganga on earth,Indian
Bhagyalakshmi,F,Goddess of wealth,Indian
Bhaic,M,Bank,Scottish
Bhairavi,F,A melody in classical music,Indian
Bhaltair,M,Strong warrior,Scottish
Bhanu,M,Sun,Indian
Bhanuja,F,River Yamuna,Indian
Bhanuprasad,M,Gift of sun,Indian
Bharadwaj,M,Little bird,Indian
Bharat,M,Universal monarch,Indian
Bharati,F,Universal monarch,Indian
Bhaskar,M,Sun,Indian
Bhavana,F,"Feelings, Sentiments",Indian
Bhavani,F,Parvati,Indian
Bhavesh,M,Lord of the world,Indian
Bhavya,F,"Grand, Splendid",Indian
Bhim,M,Fearful,Indian
Bhoomi,F,Earth,Indian
Bhradain,M,Salmon,Scottish
Bhraghad,M,From the upper part,Scottish
Bhreac,M,Speckled,Scottish
Bhric,M,Speckled,Scottish
Bhrigu,M,A Prajapati,Indian
Bhudev,M,Lord of the earth,Indian
Bhumi,F,Earth,Indian
Bhupen,M,King,Indian
Bhupendra,M,King of kings,Indian
Bhushan,M,Ornament,Indian
Bhuvan,M,"Palace, One of the three worlds",Indian
Bhuvana,F,The earth,Indian
Bhuvanesh,M,Lord of the worlds,Indian
Biagio,M,Stammerer,Latin
Bialy,M,White-haired,Polish
Bian,F,"Secretive, Hidden",Vietnamese
Bianca,F,"Appeared in Taming of the Shrew, Othello",Shakespearian
Bianca,F,White,Italian
Biancha,F,White,Italian
Biast,M,Beast,Scottish
Bibi,F,A lady,Arabic
Bibi,F,"Daughter of a king, Lady, Grandmother",African
Bibiana,F,A lady,Arabic
Bibiana,F,Lively,Spanish
Bibsbebe,F,A lady,Arabic
Bick,M,From the hewer's ford,English
Bickford,M,From the hewer's ford,English
Bicoir,M,Father of Arthur,Arthurian Legend
Biddy,F,Protective,Irish
Biddy,F,"Resolute, Strength, Saint",Celtic
Bidelia,F,Protective,Irish
Bidina,F,Protective,Irish
Bidziil,M,He is strong (Navajo),Native American
Biecaford,M,From the hewer's ford,English
Bienchen,F,Sabine woman,Latin
Biene,F,Sabine woman,Latin
Bienvenida,F,Welcome,Spanish
Biford,M,Lives at the river crossing,English
Bijou,M,Dazzling jewel,Hebrew
Bilagaana,M,White person (Navajo),Native American
Bilal,M,First convert of muhammad,Arabic
Bill,M,Resolute protector,English
Billie,M,Resolute protector,English
Billie,F,"Determination, Strength",English
Billie,F,Fierce protector,Teutonic
Billy,M,Resolute protector,English
Billy,F,Fierce protector,Teutonic
Bimisi,M,Slippery,Native American
Bin,M,Kettle-shaped hollow,German
Bina,F,A musical instrument,Indian
Bina,F,Intelligent,Hebrew
Binah,M,Understanding,Hebrew
Binda,F,Deep water,Australian Abori
Bindiya,F,"Drop, Point",Indian
Bindusar,M,An excellent pearl,Indian
Bing,M,Kettle-shaped hollow,German
Binga,F,From the kettle shaped hollow,German
Binge,M,From the kettle shaped hollow,German
Binge,F,From the kettle shaped hollow,German
Bingham,M,Kettle-shaped hollow,German
Binghampton,M,Kettle-shaped hollow,German
Binghamton,M,Kettle-shaped hollow,German
Bini,F,Sabine woman,Latin
Bink,M,Lives at the bank,English
Binta,F,With God,African
Binty,F,Daughter,African
Binyamin,M,Farmer,Hebrew
Biondello,M,Appeared in Taming of the Shrew,Shakespearian
Bipin,M,Forest,Indian
Birch,M,"White, The birch tree",English
Birche,M,Birch,English
Bird,M,Bird,English
Birde,M,Bird,English
Birdena,F,Little bird,English
Birdhil,M,From the bird hill,English
Birdhill,M,From the bird hill,English
Birdie,F,Little bird,English
Birdie,F,"Resolute, Strength, Saint",Celtic
Birdine,F,Little bird,English
Birdoswald,M,From Birdoswald,Anglo-Saxon
Birdy,F,Birdlike,English
Birget,F,Protecting,Norwegian
Birgit,F,"Resolute, Strength, Saint",Celtic
Birgitta,F,"Resolute, Strength, Saint",Celtic
Birk,M,Birch tree,English
Birk,M,Birch tree,German
Birk,M,From a birch tree,Scottish
Birke,M,Birch tree,German
Birkett,M,Lives at the birch headland,English
Birkey,M,From the birch tree island,English
Birkhead,M,Lives at the birch headland,English
Birkhed,M,Lives at the birch headland,English
Birkita,F,Strength,Celtic
Birley,M,From the cattle shed on the meadow,English
Birney,M,Lives on the brook island,English
Biron,M,Surname,English
Birr,M,From Birr,Irish
Birte,F,Splendid,Celtic
Birtel,M,From the bird hill,English
Birtle,M,From the bird hill,English
Bisgu,F,Cares,Anglo-Saxon
Bishop,M,A bishop,English
Bitalo,M,Finger-licking,African
Bitanig,M,From the Preserving land,English
Bittan,M,Desire,German
Bitten,M,Desire,German
Bitya,F,Daughter of God,Hebrew
Bjarne,M,Bear,Swedish
Bjorn,M,Bear,Swedish
Bjorne,M,Bear,Swedish
Björn,M,Bear,Swedish
Blachard,M,"Fair-haired, Pallid",English
Black,M,Dark,English
Blade,M,Glory,English
Bladen,M,Glory,English
Blaec,M,Black,English
Blaecleah,M,From the dark meadow,English
Blaed,M,Wealthy glory,English
Blaeey,M,Blond,English
Blagdan,M,From the dark valley,English
Blagden,M,From the dark valley,English
Blagdon,M,From the dark valley,English
Blain,M,Source of a river,English
Blain,M,"Thin, Lean",Gaelic
Blaine,M,Source of a river,English
Blaine,M,Source of a river,Scottish
Blaine,M,"Thin, Lean",Celtic
Blaine,M,"Thin, Lean",Gaelic
Blaine,M,"Thin, Lean",Irish
Blainey,M,Slender,Celtic
Blair,M,From the fields,Irish
Blair,M,From the plain,Celtic
Blair,M,"From the plain, Child of the fields",Gaelic
Blair,M,Peat moss,Scottish
Blair,F,Field of battle,Scottish
Blair,F,From the plain lands,Celtic
Blaire,M,"From the plain, Child of the fields",Gaelic
Blaire,F,Field of battle,Scottish
Blais,M,"Lisp, Stutter",French
Blaisdell,M,"Lisp, Stutter",French
Blaise,M,A cleric,Arthurian Legend
Blaise,M,"Lisp, Stutter",French
Blaise,M,Stammerer,Latin
Blaise,M,Stutters,English
Blaize,M,"Lisp, Stutter",French
Blake,M,"Dark, Dark-haired, Can also mean the reverse - Fair; Pale",Scottish
Blake,M,"Fair-haired, Pallid",English
Blakeley,M,"Fair-haired, Pallid",English
Blakely,M,From the dark meadow,English
Blakeman,M,"Dark, Dark-haired, Can also mean the reverse - Fair; Pale",Scottish
Blakemore,M,From the dark moor,English
Blakey,M,Blond,English
Blanca,F,White,Italian
Blanca,F,"White, Shining",Spanish
Blanch,F,White,French
Blancha,F,White,Italian
Blanche,F,White,Italian
Blanche,F,"White, Shining",French
Blanchefleur,F,White flower,French
Blancheflor,F,White flower,Arthurian Legend
Blancheflour,F,White flower,Arthurian Legend
Blanco,M,Blond,Spanish
Blanco,M,"Fair-haired, Pallid",English
Blanda,F,Dazzling,Teutonic
Blandford,M,Gray haired,English
Blandina,F,Flattering,Spanish
Blane,M,Source of a river,English
Blane,M,Source of a river,Scottish
Blane,M,"Thin, Lean",Celtic
Blane,M,"Thin, Lean",Gaelic
Blaney,M,Source of a river,English
Blaney,M,Source of a river,Scottish
Blanford,M,Gray haired,English
Blar,M,From the fields,Irish
Blas,M,Stutters,Spanish
Blas,F,Firebrand,German
Blasa,F,Firebrand,German
Blasa,F,Stutters,Spanish
Blase,M,"Lisp, Stutter",French
Blasé,M,Stammerer,Latin
Blathma,M,Flower,Irish
Blathnaid,F,Flower,Irish
Blayne,M,Slender,Celtic
Blayne,M,Source of a river,Scottish
Blayne,M,Twin,English
Blayney,M,Slender,Celtic
Blayze,M,"Lisp, Stutter",French
Blaz,M,Resolute protector,German
Blaze,M,"Lisp, Stutter",French
Blaze,M,Resolute protector,German
Blaze,M,Stammerer,Latin
Blaze,M,Stutters,English
Blenda,F,Dazzling,Teutonic
Blerung,F,Blessing,Anglo-Saxon
Blessing,F,Consecrated,English
Bletsung,F,Consecrated,English
Blian,M,"Thin, Lean",Irish
Bliant,M,Healer,Arthurian Legend
Blinda,F,Beautiful woman,Italian
Blinda,F,Beautiful woman,Spanish
Blis,M,Stammerer,Latin
Bliss,M,Happy,Anglo-Saxon
Bliss,M,Happy,English
Bliss,F,Happy,Anglo-Saxon
Bliss,F,Happy,English
Blisse,F,Joyful,English
Blithe,F,Joyful,English
Bliths,F,Joyful,English
Blondell,F,"Fair-haired, Blonde",English
Blondell,F,"Fair-haired, Blonde",French
Blondelle,F,"Fair-haired, Blonde",English
Blondelle,F,"Fair-haired, Blonde",French
Blondene,F,"Fair-haired, Blonde",English
Blondene,F,"Fair-haired, Blonde",French
Blossom,F,Lovely,English
Blostm,F,Fresh,English
Bluinse,F,White,Irish
Bluma,F,"Flower, Bloom",German
Bly,F,"High, Tall",Native American
Blyana,F,Strong,Irish
Blyss,F,Joyful,English
Blysse,F,Joyful,English
Blyth,M,Merry,English
Blythe,M,Happy,English
Blythe,F,Happy,Anglo-Saxon
Blythe,F,Happy,English
Bo,M,Commanding,Swedish
Bo,M,"Handsome, Beautiful",French
Bo,M,Precious,Chinese
Bo,M,"Son of Owen, Yellow-haired",Gaelic
Bo,F,Commanding,Swedish
Bo,F,Nickname made popular by actress Bo Derek.,English
Bo,F,Precious,Chinese
Bo-Bae,F,"Treasure, Precious",Korean
Boadicea,F,Victory,Anglo-Saxon
Boarte,M,Son of Arthur,Arthurian Legend
Boas,M,Swift,Hebrew
Boaz,M,Swift,Hebrew
Bob,M,"Bright, Famous",English
Bobbi,F,"Bright, Famous",English
Bobbie,M,"Bright, Famous",English
Bobbie,F,"Bright, Famous",English
Bobbie,F,"Foreign, Strange, Exotic, Mysterious",Greek
Bobbie,F,"Foreign, Strange, Exotic, Mysterious",Latin
Bobby,M,"Bright, Famous",English
Bobby,F,"Bright, Famous",English
Boc,M,Male deer,English
Bocleah,M,Lives at the buck meadow,English
Bocley,M,Lives at the buck meadow,English
Bod,M,Branch,Hungarian
Boda,M,Herald,English
Bodaway,M,Fire maker,Native American
Boden,M,Blond,Celtic
Boden,M,Herald,French
Boden,M,Messenger,Anglo-Saxon
Bodiccea,F,Victory,Anglo-Saxon
Bodicea,F,Victory,Anglo-Saxon
Bodicia,F,Victory,Anglo-Saxon
Bodony,M,Branch,Hungarian
Bodor,M,Curly,Hungarian
Bodwyn,M,Brother of Mark,Arthurian Legend
Body,M,Blond,Celtic
Boell,M,Hill dweller,German
Bogart,M,Bowstring,German
Bogart,M,Strong as a bow,French
Bogdan,M,Gift from God,Hebrew
Bogdan,M,God's gift,Slavic
Bogdana,F,From God,Russian
Bogohardt,M,Bowstring,German
Bohannon,M,Son of Owen.,Irish
Bohdan,M,Gift from God,Hebrew
Bohdana,F,From God,Russian
Bohort,M,Uncle of Arthur,Arthurian Legend
Bolton,M,Of the manor house farm,English
Bonamy,F,Good friend,French
Bond,M,Farmer,English
Bondig,M,Free,English
Boni,F,"Sweet, Good",Scottish
Bonie,F,Good,English
Boniface,M,Name of a saint,Anglo-Saxon
Boniface,F,"Sweet, Good",Scottish
Bonifacio,M,Benefactor,Spanish
Bonifaco,M,Benefactor,Spanish
Bonita,F,Pretty little one,Spanish
Bonita,F,"Sweet, Good",Scottish
Bonni,F,"Pretty, Charming",Scottish
Bonnibelle,F,"Pretty, Charming",Scottish
Bonnie,F,"Sweet, Good",English
Bonnie,F,"Sweet, Good",French
Bonnie,F,"Sweet, Good",Scottish
Bonnie-jo,F,"Pretty, Charming",Scottish
Bonny,F,"Sweet, Good",English
Bonny,F,"Sweet, Good",French
Bonny,F,"Sweet, Good",Scottish
Bonny-jean,F,"Pretty, Charming",Scottish
Bonny-lee,F,"Pretty, Charming",Scottish
Bono,M,Good,French
Bono,M,Good,Latin
Booker,M,Beech tree,English
Boone,M,"Sweet, Good",English
Boone,M,"Sweet, Good",French
Boone,M,"Sweet, Good",Latin
Booth,M,Lives in a hut,English
Boothe,M,Lives in a hut,English
Borachio,M,Appeared in Much Ado About Nothing,Shakespearian
Borak,M,The lightning,Arabic
Bordan,M,Cottage,French
Bordan,M,From the boar valley,Anglo-Saxon
Bordan,M,Near the boar's den,English
Borden,M,Cottage,French
Borden,M,Near the boar's den,Anglo-Saxon
Borden,M,Near the boar's den,English
Borgny,F,"Help, New",Norwegian
Boris,M,"Fight, Battler",Russian
Borre,M,Son of Arthur,Arthurian Legend
Bors,M,"Fight, Battler",Russian
Bors,M,Pepper,Hungarian
Bors,M,Uncle of Arthur,Arthurian Legend
Bort,M,Fortified,English
Borys,M,"Fight, Battler",Russian
Bos,M,Forested town,French
Boswell,M,Forested town,French
Bosworth,M,Forested town,French
Bosworth,M,Lives at the cattle enclosure,English
Botan,M,Peony,Japanese
Botewolf,M,Herald wolf,English
Both,M,From the stone house,Scottish
Bothain,M,From the stone house,Scottish
Bothan,M,From the stone house,Scottish
Bothe,M,Lives in a hut,English
Botolf,M,Herald wolf,English
Botond,M,Mace wielding warrior,Hungarian
Bottom,M,Appeared in Midsummer Night's Dream,Shakespearian
Botwolf,M,Herald wolf,English
Boudicea,F,Victory,Anglo-Saxon
Boult,M,Appeared in Pericles,Shakespearian
Boulus,M,Little one,Arabic
Bourke,M,Birch tree,German
Bourke,M,Fortified hill,English
Bourn,M,From the brook,English
Bourne,M,From the brook,English
Bowden,M,Blond,Celtic
Bowden,M,Messenger,Anglo-Saxon
Bowdyn,M,Blond,Celtic
Bowdyn,M,Messenger,Anglo-Saxon
Bowen,M,Son of Owen,Celtic
Bowen,M,"Son of Owen, Yellow-haired",Gaelic
Bowie,M,"Son of Owen, Yellow-haired",Gaelic
Bowie,M,Surname,Irish
Bowman,M,The archer,English
Bowyn,M,Son of Owen,Celtic
Boyce,M,Lives near the wood,English
Boyce,M,Lives near the wood,French
Boyd,M,Blond,Celtic
Boyd,M,Blond,Scottish
Boyden,M,Blond,Celtic
Boyden,M,Messenger,Anglo-Saxon
Boyet,M,Appeared in Love's Labour Lost,Shakespearian
Boynton,M,From the town by the river Boyn,Irish
Boynton,M,From the white river,Celtic
Bozi,F,Devoted to God,Hebrew
Bple,M,Cup bearer,English
Brabantio,M,Appeared in Othello,Shakespearian
Bracha,F,A blessing,Hebrew
Brachah,F,Blessed,Hebrew
Brad,M,From the broad meadow,English
Bradaigh,M,Spirited,Irish
Bradan,M,From the broad meadow,English
Bradana,F,Salmon,Scottish
Bradbourne,M,From the brook,English
Bradburn,M,From the brook,English
Bradd,M,"Broad, Wide",English
Braddock,M,Broad-spreading oak,English
Braddon,M,From the broad meadow,English
Braddon,M,From the broad meadow,Irish
Braden,M,From the broad meadow,English
Braden,M,From the broad meadow,Irish
Braden,M,Salmon,Scottish
Bradene,M,From the broad meadow,English
Bradford,M,Broad crossing,English
Bradig,M,From tbe broad island,English
Bradleah,M,From tbe broad meadow,English
Bradlee,M,From the broad meadow,English
Bradley,M,From the broad meadow,English
Bradly,M,From the broad meadow,English
Bradney,M,From the broad meadow,English
Bradon,M,From the broad meadow,English
Bradon,M,From the broad meadow,Irish
Bradshaw,M,Broad clearing in the wood,English
Bradwell,M,From the broad spring,English
Brady,M,From the broad meadow,English
Brady,M,Spirited,Irish
Bradyn,M,From the broad meadow,English
Braeden,M,From the broad meadow,English
Braeden,M,From the broad meadow,Irish
Braedon,M,From the broad meadow,English
Braedon,M,From the broad meadow,Irish
Braemwiella,M,From the bramble bush spring,English
Braham,M,Father of many,Hebrew
Braid,M,From the broad meadow,English
Brainard,M,Bold raven,English
Brainerd,M,Bold raven,English
Braleah,M,From the hillslope meadow,English
Bram,M,Father of many,English
Bram,M,Father of many,Hebrew
Bram,M,Father of many,Irish
Bram,M,Father of many,Scottish
Bram,M,Raven,Celtic
Bram,M,Raven,Gaelic
Bramwell,M,Place name,English
Bran,M,Father of Caradoc or Caradawc,Arthurian Legend
Bran,M,"Fiery hill, Sword-blade",English
Bran,M,Raven,Celtic
Bran,M,Raven,Gaelic
Branch,M,Extension,Latin
Brand,M,"Fiery hill, Sword-blade",English
Brand,M,"Fiery torch, Beacon",German
Brand,M,Sword blade,Swedish
Branda,F,Brandy drink,English
Brandan,M,Beacon on the hill or gorse-covered hill.,English
Brandan,M,Name of a saint,Irish
Brandan,M,Sword,Celtic
Branddun,M,From the beacon hill,English
Brande,F,Firebrand,English
Brandee,F,Brandy drink,English
Brandee,F,"Brandy, After Dinner Drink",Scandinavian
Brandeis,M,Dweller on a burned clearing,German
Brandeles,M,A knight,Arthurian Legend
Brandelis,M,A knight,Arthurian Legend
Brandelyn,F,Brandy drink,English
Branden,M,"Fiery hill, Sword-blade",English
Brandi,F,Brandy drink,English
Brandice,F,Brandy drink,English
Brandie,F,Brandy drink,English
Brandilyn,F,Brandy drink,English
Brandin,M,Beacon on the hill or gorse-covered hill.,English
Brandon,M,Appeared in Henry VIII,Shakespearian
Brandon,M,"Fiery hill, Sword-blade",English
Brandon,M,"Fiery hill, Sword-blade",Irish
Brandt,M,Firebrand,Teutonic
Brandubh,M,Black raven,Irish
Branduff,M,Black raven,Irish
Brandy,F,Brandy drink,Dutch
Brandy,F,Brandy drink,English
Brandyce,F,Brandy drink,English
Brandyn,M,Beacon on the hill or gorse-covered hill.,English
Brandyn,F,Brandy drink,English
Branford,M,"Fiery hill, Sword-blade",English
Brangaine,F,Character from Isolde legend,Celtic
Branhard,M,Bold raven,English
Branigan,M,Surname,Irish
Brann,M,Raven,Celtic
Brann,F,Brandy drink,Dutch
Brann,F,Raven,Irish
Brannan,M,"Fiery hill, Sword-blade",Irish
Brannen,M,"Fiery hill, Sword-blade",Irish
Brannon,M,"Fiery hill, Sword-blade",Irish
Branor,M,A knight,Arthurian Legend
Branson,M,"Fiery hill, Sword-blade",Irish
Brant,M,"Fiery hill, Sword-blade",English
Brant,M,Firebrand,Teutonic
Brantley,M,Proud,English
Branton,M,"Fiery hill, Sword-blade",English
Brantson,M,"Fiery hill, Sword-blade",English
Branwell,M,Place name,English
Branwen,F,Daughter of Llyr,Arthurian Legend
Branwen,F,Sister of Bendigeidfran,Celtic
Branwyn,F,Daughter of Llyr,Arthurian Legend
Braoin,M,Sadness,Irish
Brarn,M,Raven,Celtic
Brasil,M,Battle,Celtic
Braw)eigh,M,From the hillslope meadow,English
Brawley,M,From the hillslope meadow,English
Braxton,M,Badger,English
Braxton,M,Brock's town,Anglo-Saxon
Bray,M,"To cry out, Singing",English
Brayden,M,From the broad meadow,English
Brayden,M,From the broad meadow,Irish
Braydon,M,From the broad meadow,English
Braydon,M,From the broad meadow,Irish
Brayton,M,"Brave, Broad",English
Braz,M,Stammerer,Latin
Brazil,M,"Strong, Brave",Celtic
Brea,F,Strong,Irish
Breac,M,Speckled,Scottish
Breanainn,M,Sword,Celtic
Breandan,M,Prince,Irish
Breandan,M,Sword,Celtic
Breandan,F,Little raven,Irish
Breanne,F,Strong,Irish
Breasal,M,Pain,Irish
Brecc,M,Name of a king,Anglo-Saxon
Breck,F,Freckled,Irish
Bredbeddle,M,The Green Knight,Arthurian Legend
Bredon,M,Sword,Celtic
Bree,F,Broth,Celtic
Bree,F,Hill,Irish
Breeda,F,Protective,Irish
Breeda,F,Strong,Celtic
Breen,M,Sadness,Irish
Breen,F,Fairy palace,Irish
Breena,F,Fairy palace,Irish
Breezy,F,The woman Achilles loved in Homer's Iliad.,Spanish
Brehus,M,A knight,Arthurian Legend
Bren,M,Flame,German
Brencis,M,"Laurel crown, The crown of victory",Latin
Brenda,F,"Fiery hill, Sword-blade",English
Brenda,F,"Fiery hill, Sword-blade",German
Brenda,F,"Prince, Beacon on the hill",Irish
Brendalynn,F,"Prince, Beacon on the hill",Irish
Brendan,M,"Fiery hill, Sword-blade",English
Brendan,M,Flame,German
Brendan,M,Little raven,Gaelic
Brendan,M,"Prince, Beacon on the hill",Irish
Brendan,M,Raven,Celtic
Brenden,M,"Fiery hill, Sword-blade",English
Brenden,M,Prince,Irish
Brendis,M,Flame,German
Brendolyn,F,"Prince, Beacon on the hill",Irish
Brendon,M,Prince,Irish
Brendt,M,Hilltop,Celtic
Brendt,M,Hilltop,English
Brenius,M,A supposed king of Britain,Arthurian Legend
Brenn,M,Prince,Irish
Brenna,F,"Beacon on the hill, Little raven",Irish
Brenna,F,"Raven maid, Dark-haired",Celtic
Brennan,M,"Fiery hill, Sword-blade",English
Brennan,M,"Little drop, Prince",Irish
Brennan,M,Raven,Celtic
Brennen,M,"Fiery hill, Sword-blade",English
Brennen,M,Prince,Irish
Brennon,M,Prince,Irish
Brennus,M,A supposed king of Britain,Arthurian Legend
Brent,M,"Fiery hill, Sword-blade",English
Brent,M,Hilltop,Celtic
Brentan,M,"Fiery hill, Steep hill",English
Brenten,M,Hilltop,Celtic
Brenten,M,Hilltop,English
Brentley,M,Hilltop,Celtic
Brentley,M,Hilltop,English
Brently,M,Hilltop,Celtic
Brently,M,Hilltop,English
Brenton,M,Hilltop,Celtic
Brenton,M,Hilltop,English
Brenunda,F,"Fiery hill, Sword-blade",English
Brenunda,F,"Fiery hill, Sword-blade",German
Breri,M,A messenger,Arthurian Legend
Breslin,M,Surname,Irish
Bressal,M,Battle,Celtic
Bret,M,A native of England: (Britain) or France: (Brittany),Celtic
Bret,M,A native of England: (Britain) or France: (Brittany),English
Bret,M,A native of England: (Britain) or France: (Brittany),French
Bret,F,A native of England: (Britain) or France: (Brittany),Celtic
Bret,F,A native of England: (Britain) or France: (Brittany),English
Bret,F,A native of England: (Britain) or France: (Brittany),French
Brett,M,A native of England: (Britain) or France: (Brittany),Celtic
Brett,M,A native of England: (Britain) or France: (Brittany),English
Brett,M,A native of England: (Britain) or France: (Brittany),French
Brett,F,A native of England: (Britain) or France: (Brittany),Celtic
Brett,F,A native of England: (Britain) or France: (Brittany),English
Brett,F,A native of England: (Britain) or France: (Brittany),French
Bretta,F,Brit. A native of Brittany: (France) or Britain: (England),English
Bretta,F,Brit. A native of Brittany: (France) or Britain: (England),French
Bretta,F,From Britain,Celtic
Brettany,F,Brit. A native of Brittany: (France) or Britain: (England),English
Brettany,F,Brit. A native of Brittany: (France) or Britain: (England),French
Brette,F,Brit. A native of Brittany: (France) or Britain: (England),English
Brette,F,Brit. A native of Brittany: (France) or Britain: (England),French
Brette,F,From Britain,Celtic
Bretton,M,A native of England: (Britain) or France: (Brittany),Celtic
Bretton,M,A native of England: (Britain) or France: (Brittany),English
Bretton,M,Brit. A native of Brittany: (France) or Britain: (England),Scottish
Breuse,M,A knight,Arthurian Legend
Brew,M,Brewer,English
Brewster,M,Brewer,English
Brewstere,M,Brewer,English
Bria,F,Strong,Irish
Briac,M,Estime,Celtic
Brian,M,Strong,Celtic
Brian,M,Strong,English
Briana,F,She ascends,English
Briana,F,Strong,Celtic
Briana,F,Strong,Irish
Briand,M,Castle,French
Briand,M,Strong,Celtic
Briann,F,Strong,Celtic
Briann,F,Strong,English
Brianna,F,She ascends,English
Brianna,F,Strong,Celtic
Brianna,F,Strong,Irish
Briannah,F,Strong,Celtic
Briannah,F,Strong,English
Brianne,F,She ascends,English
Brianne,F,Strong,Celtic
Brianne,F,Strong,Irish
Briannon,F,Strong,Celtic
Briannon,F,Strong,English
Briant,M,Strong,Celtic
Bric,M,"Swift, Quick-moving",Celtic
Bric,F,"Swift, Quick-moving",Celtic
Brice,M,From Brieuxtown,French
Brice,M,Son of a nobleman,Anglo-Saxon
Brice,M,Son of a nobleman,English
Brice,M,Speckled,Scottish
Brice,M,"Swift, Quick-moving",Celtic
Brice,F,"Swift, Quick-moving",Celtic
Brick,M,Bridge,English
Brick,M,"Swift, Quick-moving",Celtic
Brick,F,"Swift, Quick-moving",Celtic
Brickand,M,"Swift, Quick-moving",Celtic
Brickand,F,"Swift, Quick-moving",Celtic
Brickman,M,Bridge,English
Bricriu,M,The poison tongued,Celtic
Brid,F,Protective,Irish
Brid,F,Strong,Celtic
Bride,F,Protective,Irish
Bride,F,Strong,Celtic
Bridge,F,"Resolute, Strength, Saint",Celtic
Bridger,M,Lives at tbe bridge,English
Bridget,F,"Resolute, Strength, Saint",Celtic
Bridget,F,"Strength, Mythological Celtic Goddess of fire and poetry",Irish
Bridgett,F,"Strength, Mythological Celtic Goddess of fire and poetry",French
Bridgette,F,"Strength, Mythological Celtic Goddess of fire and poetry",French
Brie,M,The one who is loved,Hebrew
Brie,F,Region in France,French
Brie,F,"Resolute, Strength, Saint",Celtic
Brieg,M,Estime,Celtic
Brielle,F,Strong,Irish
Brien,M,He ascends,Celtic
Brienna,F,Strong,Celtic
Brienna,F,Strong,English
Brienne,F,Strong,Celtic
Brienne,F,Strong,English
Brier,F,Heather,French
Brietta,F,Strong,Celtic
Brigada,F,"Resolute, Strength, Saint",Celtic
Brigantia,F,Yorkshire Goddess,Anglo-Saxon
Brigbam,M,Lives by the bridge,English
Brigetta,F,"Resolute, Strength, Saint",Celtic
Brigette,F,"Resolute, Strength, Saint",Celtic
Brigette,F,"Strength, Mythological Celtic Goddess of fire and poetry",French
Brigg,M,"Swift, Quick-moving",Celtic
Brigg,F,"Swift, Quick-moving",Celtic
Briggebam,M,Lives by the bridge,English
Briggere,M,Lives at tbe bridge,English
Brigham,M,Lives near a bridge,English
Brigham,M,Soldier,French
Brighid,F,Protective,Irish
Brighid,F,"Resolute, Strength, Saint",Celtic
Bright,M,The one who is loved,Hebrew
Brighton,M,The one who is loved,Hebrew
Brigid,F,"Resolute, Strength, Saint",Celtic
Brigida,F,"Resolute, Strength, Saint",Celtic
Brigida,F,Strong,Spanish
Brigidia,F,Strong,Spanish
Brigit,F,Strong,Scandinavian
Brigita,F,"Resolute, Strength, Saint",Celtic
Brigitta,F,Strong,Celtic
Brigitte,F,"Resolute, Strength, Saint",Celtic
Brigitte,F,"Strength, Mythological Celtic Goddess of fire and poetry",French
Brijesh,M,God of the land of Brij,Indian
Brijmohan,M,Krishna,Indian
Brik,M,Bridge,English
Brimlad,F,Seaway,Anglo-Saxon
Brina,F,Protector,Celtic
Brina,F,Strong,Irish
Brinda,F,Tulasi,Indian
Brinley,M,Tawny,English
Brinton,M,From Brinton,English
Brion,M,He ascends,Celtic
Brione,F,The name of a flowering vine used in folk medicine,English
Brioni,F,The name of a flowering vine used in folk medicine,English
Brionna,F,The name of a flowering vine used in folk medicine,English
Brionne,F,The name of a flowering vine used in folk medicine,English
Briony,F,Plant name,Latin
Briony,F,The name of a flowering vine used in folk medicine,English
Brisa,F,The woman Achilles loved in Homer's Iliad.,Spanish
Brisha,F,The woman Achilles loved in Homer's Iliad.,Spanish
Brishen,M,Born during a rain,English
Brisia,F,The woman Achilles loved in Homer's Iliad.,Spanish
Brissa,F,The woman Achilles loved in Homer's Iliad.,Spanish
Brit,F,"From England, Strong, Industrious",Latin
Brit,F,"Resolute, Strength, Saint",Celtic
Brita,F,"From England, Strong, Industrious",Latin
Brita,F,"Resolute, Strength, Saint",Celtic
Britani,F,A native of England: (Britain) or France: (Brittany),English
Britannia,F,"From England, Strong, Industrious",Latin
Britany,F,"From England, Strong, Industrious",Latin
Brite,F,From Britain,Celtic
Brites,F,Strength,Celtic
Britney,F,A native of England: (Britain) or France: (Brittany),English
Britney,F,"From England, Strong, Industrious",Latin
Britny,F,"From England, Strong, Industrious",Latin
Brits,F,"From England, Strong, Industrious",Latin
Britt,M,The helpful one,Hebrew
Britt,F,"From England, Strong, Industrious",Latin
Britta,F,"From England, Strong, Industrious",Latin
Britta,F,"Resolute, Strength, Saint",Celtic
Brittain,M,Brit. A native of Brittany: (France) or Britain: (England),English
Brittan,M,Brit. A native of Brittany: (France) or Britain: (England),English
Brittaney,F,A native of England: (Britain) or France: (Brittany),English
Brittani,F,A native of England: (Britain) or France: (Brittany),English
Brittanie,F,A native of England: (Britain) or France: (Brittany),English
Brittany,F,A native of England: (Britain) or France: (Brittany),English
Brittany,F,From Britain,Celtic
Brittany,F,"From England, Strong, Industrious",Latin
Britte,F,"Resolute, Strength, Saint",Celtic
Brittnee,F,A native of England: (Britain) or France: (Brittany),English
Brittney,F,A native of England: (Britain) or France: (Brittany),English
Brittni,F,A native of England: (Britain) or France: (Brittany),English
Brittny,F,"From England, Strong, Industrious",Latin
Britton,M,Brit. A native of Brittany: (France) or Britain: (England),English
Brittyn,F,"From England, Strong, Industrious",Latin
Briza,F,The woman Achilles loved in Homer's Iliad.,Spanish
Broc,M,Badger,English
Broc,M,Badger,Scottish
Brochan,M,Broken,Scottish
Brock,M,Badger,English
Brock,M,Badger,German
Brockley,M,From the badger meadow,English
Brocleah,M,From tbe badger meadow,English
Brocleigh,M,From the badger meadow,English
Brocly,M,From the badger meadow,English
Brocton,M,Badger,English
Brod,M,"Son of Roderick, From the broad ridge",English
Broden,M,The Castle Brodie in Scotland,Scottish
Broderic,M,Brother,Scottish
Broderick,M,Brother,Scottish
Broderick,M,Famous ruler,German
Broderick,M,"Son of Roderick, From the broad ridge",English
Broderick,M,Surname,Irish
Broderik,M,"Son of Roderick, From the broad ridge",English
Brodie,M,From Brodie,Scottish
Brodny,M,Lives near a shallow stream crossing,Slavic
Brodric,M,Brother,Scottish
Brodrick,M,Brother,Scottish
Brodrig,M,"Son of Roderick, From the broad ridge",English
Brodrik,M,"Son of Roderick, From the broad ridge",English
Brody,M,"Ditch, Unusual beard",Gaelic
Brody,M,From the muddy place,Irish
Brody,M,The Castle Brodie in Scotland,Scottish
Broehain,M,Broken,Scottish
Broga,M,Terror,Anglo-Saxon
Brogan,M,Terror,Anglo-Saxon
Broin,M,Raven,Celtic
Brok,M,Badger,English
Brom,M,Raven,Gaelic
Bromleah,M,From the broom covered meadow,English
Bromleigh,M,From the broom covered meadow,English
Bromley,M,Brush-covered meadow,English
Bromly,M,From the broom covered meadow,English
Bromwell,M,Brush-covered meadow,English
Bromwood,M,Brush-covered meadow,English
Bron,M,"Brown, Dark",Anglo-Saxon
Brona,F,Sorrow,Irish
Brone,M,Sorrowful,Irish
Bronson,M,Brown's son,German
Bronson,M,"Son of Brown, Son of the dark-skinned one",English
Bronson,M,Son of the dark man,Anglo-Saxon
Brontë,M,Thunder,Greek
Brontë,F,Thunder,Greek
Bronwen,M,"Son of Brown, Son of the dark-skinned one",English
Bronwyn,M,"Son of Brown, Son of the dark-skinned one",English
Bronwyn,F,Fair breast,Welsh
Brook,M,Lives by the stream,English
Brook,F,Lives by the stream,English
Brooke,M,Lives by the stream,English
Brooke,F,Lives by the stream,English
Brookes,F,Stream,English
Brooklyn,F,"Water, Stream",English
Brooklynn,F,"Water, Stream",English
Brooklynne,F,"Water, Stream",English
Brooks,M,Son of Brooke,English
Brooks,F,Stream,English
Brookson,M,Son of Brooke,English
Brooksone,M,Son of Brooke,English
Brougher,M,Lives at the fortress,English
Broughton,M,From the fortified town,English
Broun,M,Colour,English
Brown,M,"Colour, Dark skinned",English
Bruce,M,From Brys,French
Bruce,M,Woodlands,English
Bruce,M,Woodlands,Scottish
Brucie,F,Forest sprite,French
Bruhier,M,Name of a Sultan,Arabic
Bruin,M,Colour,English
Bruins,M,Colour,English
Brun,M,"Brown, Dark",Anglo-Saxon
Brun,M,Dark skinned,English
Bruna,F,Of the dark hair,German
Brune,F,Of the dark hair,German
Brunella,F,Brown haired,French
Brunelle,M,Dark haired,French
Brunhild,F,"Dark, Noble",German
Brunhilda,F,"Dark, Noble",German
Brunhilde,F,"Dark, Noble",German
Bruno,M,Brown,German
Bruno,M,Colour,English
Brunon,M,Brown,German
Brutus,M,Bruto,Latin
Bryan,M,Lord of Pendragon,Arthurian Legend
Bryan,M,Strong,Celtic
Bryan,M,Strong,English
Bryana,F,Strong,Celtic
Bryana,F,Strong,English
Bryani,F,The name of a flowering vine used in folk medicine,English
Bryann,F,Strong,Celtic
Bryann,F,Strong,English
Bryanna,F,Strong,Celtic
Bryanna,F,Strong,English
Bryanna,F,Strong,Irish
Bryanne,F,Strong,Celtic
Bryanne,F,Strong,English
Bryant,M,He ascends,French
Bryant,M,Strong,Celtic
Bryant,M,Strong,English
Bryce,M,Son of a nobleman,Anglo-Saxon
Bryce,M,Speckled,Scottish
Bryce,M,"Swift, Quick-moving",Celtic
Bryce,F,"Swift, Quick-moving",Celtic
Brycen,M,Speckled,Scottish
Bryceton,M,Speckled,Scottish
Bryde,F,"Resolute, Strength, Saint",Celtic
Brydger,M,Lives at tbe bridge,English
Bryggere,M,Lives at tbe bridge,English
Brygid,F,Strong,Celtic
Bryn,F,Coat,Norwegian
Bryn,F,Hill,Welsh
Bryna,F,Strong,Irish
Brynda,F,"Prince, Beacon on the hill",Irish
Bryne,M,Surname,Irish
Brynn,F,Coat,Norwegian
Brynn,F,"Fiery hill, Sword-blade",English
Brynn,F,"Fiery hill, Sword-blade",German
Brynn,F,Hill,Welsh
Brynna,F,"Fiery hill, Sword-blade",English
Brynna,F,"Fiery hill, Sword-blade",German
Bryon,M,Strong,English
Bryony,F,The name of a flowering vine used in folk medicine,English
Brys,M,From Brys,French
Bryson,M,Speckled,Scottish
Bryssa,F,The woman Achilles loved in Homer's Iliad.,Spanish
Bryston,M,Speckled,Scottish
Bssil,M,Battle,Celtic
Buach,M,Victorious,Irish
Buagh,M,Victorious,Irish
Buan,F,Goodness,Irish
Buchanan,M,From the cannon's seat,Scottish
Buck,M,"Male deer, Meadow of deer",English
Buckley,M,"Boy, Son",Irish
Buckley,M,"Male deer, Meadow of deer",English
Buckminster,M,Meadow of deer,English
Buckner,M,Meadow of deer,English
Bucky,M,Meadow of deer,English
Bud,M,"Herald, To puff up, Friend",English
Bud,M,"Herald, To puff up, Friend",German
Budd,M,"Herald, To puff up, Friend",English
Budd,M,"Herald, To puff up, Friend",German
Buddhadev,M,Wise person,Indian
Buddie,M,"Herald, To puff up, Friend",English
Buddie,M,"Herald, To puff up, Friend",German
Buddy,M,"Herald, To puff up, Friend",English
Buddy,M,"Herald, To puff up, Friend",German
Buena,F,Good,Spanish
Buffy,F,God's oath,Hebrew
Buinton,M,Born fifth,Spanish
Buiron,M,From the cottage,French
Bundy,M,Free,English
Bunny,F,Little rabbit,English
Bunny,F,One who brings victory,Greek
Bupe,F,Hospitality,African
Burbank,M,Lives on the castle's hill,English
Burcet,M,From the little stronghold,French
Burch,M,Birch,English
Burchard,M,Strong as a castle,English
Burdett,M,Surname,English
Burdett,M,Surname,French
Burdette,M,Surname,English
Burdette,M,Surname,French
Burdette,F,Little bird,English
Burdon,M,Lives at the castle,English
Bureig,M,Lives on the brook island,English
Burel,M,Reddish brown haired,French
Burford,M,Lives at the castle ford,English
Burg,M,Free citizen,English
Burgeis,M,Lives in town,English
Burgess,M,Choice,Celtic
Burgess,M,Free citizen,English
Burghard,M,Strong as a castle,English
Burghere,M,Lives at the fortress,English
Burgtun,M,From the fortified town,English
Burhan,M,Proof,Arabic
Burhardt,M,Strong as a castle,German
Burhbank,M,Lives on the castle's hill,English
Burhdon,M,Lives at the castle,English
Burhford,M,Lives at the castle ford,English
Burhleag,M,Lives at the castle's meadow,English
Burhtun,M,From the fortified town,English
Burilda,F,A black swan,Australian Abori
Burk,M,Birch tree,German
Burke,M,Birch tree,German
Burke,M,Fortified hill,English
Burkett,M,From the little stronghold,French
Burkhart,M,Strong as a castle,German
Burl,M,Knotted wood,English
Burle,M,Knotted wood,English
Burleigh,M,Knotted wood,English
Burley,M,Knotted wood,English
Burlin,M,Son of Berl,German
Burly,M,Lives at the castle's meadow,English
Burn,M,From the brook,English
Burnard,M,Strong as a bear,English
Burnard,M,Strong as a bear,German
Burne,M,"Bear, Brown",Irish
Burne,M,From the brook,English
Burneig,M,Lives on the brook island,English
Burnell,M,"Bear, Brown",Irish
Burnell,M,Reddish brown haired,French
Burnell,M,Strong as a bear,English
Burnell,M,Strong as a bear,German
Burnette,M,"Bear, Brown",English
Burnette,M,"Bear, Brown",Irish
Burney,M,"Bear, Brown",Irish
Burney,M,Lives on the brook island,English
Burns,M,From the brook,English
Burnu,M,Tree,Australian Abori
Burnum,M,Mighty warrior,Australian Abori
Burr,M,Youth,Swedish
Burrell,M,Fortified,English
Burrell,M,Reddish,French
Bursone,M,Son of Byrne,English
Burt,M,Fortress,English
Burton,M,Fortress,English
Buthaynah,F,Of a beautiful body,Arabic
Butrus,M,"Rock, Stone",Arabic
Butts (Dr.),M,Appeared in Henry VIII,Shakespearian
Byford,M,Lives at the river crossing,English
Byme,M,"Bear, Brown",English
Byme,M,"Bear, Brown",Irish
Byram,M,Bear,Anglo-Saxon
Byram,M,From the cattle yard,English
Byram,M,From the cottage,French
Byran,M,Bear,Anglo-Saxon
Byran,M,From the cottage,French
Byrd,M,Bird,English
Byrdene,F,Little bird,English
Byreleah,M,From the cattle shed on the meadow,English
Byrne,M,From the brook,English
Byrnes,M,Son of Byrne,English
Byron,M,Bear,Anglo-Saxon
Byron,M,Bear,English
Byron,M,From the cottage,French
Byrtel,M,From the bird hill,English
Bysen,F,Unique,Anglo-Saxon
Bärbel,F,"Foreign, Strange, Exotic, Mysterious",Greek
Bärbel,F,"Foreign, Strange, Exotic, Mysterious",Latin
Cab,M,Rope,French
Cabal,M,Arthur's dog,Arthurian Legend
Cabe,M,Ropemaker,English
Cabel,M,Rope,French
Cable,M,Rope,French
Cable,M,Ropemaker,English
Cacamwri,M,Servant,Arthurian Legend
Cacanisius,M,Son of Nis,Irish
Cace,M,"Brave, Watchful",Irish
Cacey,M,"Brave, Watchful",Irish
Cachamwri,M,Mythical servant of Arthur,Celtic
Cacia,F,"Brave, Watchful",Irish
Cadabyr,M,From the warrior's settlement,English
Cadby,M,From the warrior's settlement,English
Cadda,M,Warring,English
Caddaham,M,From the soldier's land,English
Caddaric,M,Battle leader,English
Caddarik,M,Battle leader,English
Caddawyc,M,From the warrior's town,English
Caddie,F,"Pure, Innocent",Greek
Cade,M,Pure,Celtic
Cade,M,Pure,Welsh
Cadee,F,Rhythmic flow of sounds,English
Cadee,F,Rhythmic flow of sounds,Irish
Cadell,M,Warring,Celtic
Cadena,F,Rhythmic,English
Cadence,F,"Melodious, To fall",Latin
Cadence,F,Rhythmic,French
Cadence,F,Rhythmic flow of sounds,English
Cadence,F,Rhythmic flow of sounds,Irish
Cadencia,F,Rhythmic,French
Cadeo,M,Folk song,Vietnamese
Cadha,F,From the steep place,Scottish
Cadhla,M,Handsome,Irish
Cadhla,F,Beautiful,Irish
Cadi,F,Rhythmic flow of sounds,English
Cadi,F,Rhythmic flow of sounds,Irish
Cadie,F,"Pure, Innocent",Greek
Cadie,F,Rhythmic flow of sounds,English
Cadie,F,Rhythmic flow of sounds,Irish
Cadman,M,Fighter,Celtic
Cadman,M,Warrior,Anglo-Saxon
Cadmus,M,Cold spring,English
Cador,M,Nephew of Arthur,Arthurian Legend
Cadwallon,M,A seventh century king,Arthurian Legend
Cadwallon,M,Name of a king,Anglo-Saxon
Cadwell,M,Cold spring,English
Cady,F,Rhythmic flow of sounds,English
Cady,F,Rhythmic flow of sounds,Irish
Cadyna,F,Rhythmic flow of sounds,English
Caedmon,M,Poet,Anglo-Saxon
Caedmon,M,Wise warrior,Celtic
Caedwalla,M,Name of a king,Anglo-Saxon
Caerleon,M,Name of a battle site,Arthurian Legend
Caersewiella,M,Lives at the watercress spring,English
Caesar,M,"Hairy child, Long haired",Latin
Caesar,M,"Hairy child, Long haired",Spanish
Cafall,M,Arthur's dog,Arthurian Legend
Caffar,M,Helmet,Irish
Caffara,F,Helmet,Irish
Caffaria,F,Helmet,Irish
Caflice,M,Brave,Anglo-Saxon
Cagney,M,Surname,Irish
Cahal,M,Strong in battle,Celtic
Cahir,M,Wamor,Irish
Cahira,F,Warrior,Irish
Cahya,M,Life,Hebrew
Cahyim,M,Life,Hebrew
Cahyyam,M,Life,Hebrew
Cai,M,Arthur's brother,Arthurian Legend
Cailan,M,Child,Gaelic
Cailean,M,Child,Scottish
Cailin,M,Child,Scottish
Cailin,F,Girl,Irish
Cailleach,F,Hag,Scottish
Caillen,M,Virile,Scottish
Caillic,F,Hag,Scottish
Caimile,F,Name from a proverb,African
Cain,M,Ancient,Irish
Cain,M,Craftsman,Hebrew
Cain,M,Warrior,Gaelic
Cain,F,Warrior,Gaelic
Caindale,M,From the clear river valley,English
Caine,M,Craftsman,Hebrew
Caine,M,Place name,English
Caine,M,Place name,French
Caine,M,Warrior,Gaelic
Caine,F,Warrior,Gaelic
Caino,M,Craftsman,Hebrew
Cairbre,M,Charioteer,Celtic
Caiseal,M,From Cashel,Irish
Cait,F,Pure,Irish
Cait,F,Pure,Scottish
Caith,M,From the battlefield,Irish
Caithness,M,Appeared in Macbeth,Shakespearian
Caitie,F,Pure,Irish
Caitlan,F,Pure,Irish
Caitland,F,Pure,Irish
Caitlin,F,Pure,Celtic
Caitlin,F,Pure,Irish
Caitlin,F,Pure,Welsh
Caitlinn,F,Pure,Irish
Caitlyn,F,Pure,Celtic
Caitlyn,F,Pure,Irish
Caitlyn,F,Pure,Welsh
Caitlynn,F,Pure,Irish
Caitrin,F,Pure,Celtic
Caitrin,F,Pure,Irish
Caitrin,F,Pure,Scottish
Caitrin,F,Pure,Welsh
Caius,M,Appeared in Titus Andronicus,Shakespearian
Caius (Dr.),M,Appeared in Merry Wives of Windsor,Shakespearian
Caius Lucius,M,Appeared in Cymbeline,Shakespearian
Caius Marcius,M,Appeared in Coriolanus,Shakespearian
Cal,M,"Bold, Dog",Hebrew
Cal,M,Most beautiful,Greek
Cal,M,"River of stones, Stream",English
Cal,F,"Bold, Dog",Hebrew
Cal,F,Fun,Greek
Cala,F,Castle,Arabic
Caladh,M,Harbor,Scottish
Calan,M,Child,Scottish
Calandra,F,Fun,Greek
Calandre,F,Fun,French
Calandria,F,Fun,Spanish
Calantha,F,Beautiful blossoms,Greek
Calantha,F,Beautiful flower,French
Calanthe,F,Beautiful flower,French
Calbert,M,"Cowherd, Cowboy",English
Calbex,M,Shepherd,English
Calbhach,M,Bald,Irish
Calder,M,From the stony river,Celtic
Calder,M,"River of stones, Stream",English
Calder,M,Rough waters,Scottish
Caldre,M,Cold brook,English
Caldwell,M,From the cold spring,English
Caldwiella,M,From the cold spring,English
Cale,M,"Bold, Dog",Hebrew
Cale,M,Brave,English
Cale,F,"Bold, Dog",Hebrew
Caleb,M,Brave,Hebrew
Caleb,F,"Bold, Dog",Hebrew
Caledonia,F,From Scotland,Latin
Caley,M,Child,Scottish
Caley,M,Slender,Irish
Caley,F,Slender,Gaelic
Calfhierde,M,Shepherd,English
Calhoun,M,From the forest,Irish
Calhoun,M,Warrior,English
Caliana,F,A Moorish princess for whom a splendid palace was built in Spain,Arabic
Caliban,M,Appeared in The Tempest,Shakespearian
Calibom,M,Various names for Arthur's sword,Arthurian Legend
Calibome,M,Various names for Arthur's sword,Arthurian Legend
Calibor,M,Various names for Arthur's sword,Arthurian Legend
Calibum,M,Various names for Arthur's sword,Arthurian Legend
Calibumus,M,Various names for Arthur's sword,Arthurian Legend
Calida,F,Ardent,Latin
Calida,F,"Warm, Loving",Spanish
Calinda,F,"Fun, Beautiful woman",English
Calista,F,Most beautiful,Greek
Calisto,M,Most beautiful,Greek
Calixto,M,A chalice,Latin
Call,F,Beautiful,Greek
Calla,F,Chatter,German
Callaghan,M,Strife,Irish
Callahan,M,Surname,Irish
Callan,F,Chatter,German
Calldwr,M,Cold brook,English
Callee,F,Beautiful,Greek
Callee,F,From the forest,Irish
Calli,F,From the forest,Irish
Calli,F,Fun,English
Callia,F,Beautiful,Greek
Callidora,F,Gift of beauty,Greek
Callie,F,From the forest,Irish
Callie,F,Fun,English
Callie,F,Fun,Greek
Calliope,F,Beautiful voice,Greek
Callis,M,Cup,Latin
Callough,M,Bald,Irish
Callum,M,Bald dove,Scottish
Cally,F,Fun,Greek
Callyr,F,Fun,English
Callys,M,Cup,Latin
Calogrenant,M,A knight,Arthurian Legend
Calpurnia,F,Appeared in Julius Caesar,Shakespearian
Caltha,F,Yellow flower,Latin
Calum,M,Dove,Celtic
Calvagh,M,Bald,Irish
Calvert,M,"Cowherd, Cowboy",English
Calvex,M,Shepherd,English
Calvin,M,Bald,Latin
Calvin,M,Bald,Spanish
Calvin,F,Bald,Latin
Calvina,F,Bald,Spanish
Calvinnia,M,Bald,Latin
Calvinnia,F,Bald,Latin
Calvino,M,Bald,Latin
Calvino,M,Bald,Spanish
Calvino,F,Bald,Latin
Calvyn,M,Bald,Latin
Calvyn,F,Bald,Latin
Caly,M,Slender,Irish
Calynda,F,"Fun, Beautiful woman",English
Calypso,F,Concealor,Greek
Cam,M,Bent nose,English
Cam,M,Crooked,Scottish
Cam,M,"Orange fruit, Sweet, Beloved",Vietnamese
Cam,F,Bent nose,English
Cam,F,"Orange fruit, Sweet, Beloved",Vietnamese
Cambeul,M,Crooked mouth,Scottish
Cambria,F,Wales,English
Camdan,M,From the winding valley,Scottish
Camden,M,From the winding valley,Anglo-Saxon
Camden,M,From the winding valley,Scottish
Camdene,M,From the winding valley,Anglo-Saxon
Camdin,M,From the winding valley,Scottish
Camdyn,M,From the winding valley,Scottish
Came,F,Joyful,English
Camelai,F,Flower name,Latin
Camelia,F,Attendant at a religious ceremony,Latin
Camelia,F,Flower name,English
Camella,F,Camelia Flower,English
Camellia,F,Camelia Flower,English
Camelon,M,Site of Arthur's last battle,Arthurian Legend
Camelot,F,Arthur's castle,Arthurian Legend
Cameo,F,A carved gem portrait,English
Camero,M,Crooked nose,Celtic
Cameron,M,Bent nose,English
Cameron,M,Bent nose,Scottish
Cameron,M,Crooked nose,Celtic
Cameron,F,Bent nose,English
Cameron,F,Bent nose,Scottish
Camey,M,Crooked nose,Celtic
Camhlaidh,M,Relic,Scottish
Camila,F,Attendant,Spanish
Camila,F,Attendant at a religious ceremony,Latin
Camila,F,"Free-born, Noble",French
Camile,F,"Free-born, Noble",French
Camilla,F,Attendant at a religious ceremony,Latin
Camilla,F,"Free-born, Noble",French
Camilla,F,The perfect one,Arabic
Camille,F,Attendant at a religious ceremony,Latin
Camille,F,Camelia Flower,English
Camillei,F,"Free-born, Noble",French
Camillo,M,Appeared in A Winter's Tale,Shakespearian
Camillo,M,Perfection,Arabic
Camira,F,Of the wind,Australian Abori
Camlann,M,Site of Arthur's last battle,Arthurian Legend
Camlin,M,Crooked line,Celtic
Camm,M,Bent nose,English
Camm,F,Bent nose,English
Cammi,F,"Free-born, Noble",French
Cammie,M,Bent nose,English
Cammie,F,Attendant at a religious ceremony,Latin
Cammie,F,Bent nose,English
Cammilla,F,Attendant at a religious ceremony,Latin
Cammy,F,Attendant at a religious ceremony,Latin
Camp,M,Crooked mouth,Scottish
Camp,M,From the beautiful field,French
Campbell,M,Crooked mouth,Scottish
Campbell,M,From the beautiful field,French
Camron,M,Bent nose,Scottish
Camshron,M,Crooked nose,Scottish
Camyron,M,Bent nose,English
Camyron,F,Bent nose,English
Canace,F,Child of the wind,Greek
Candace,F,Ethiopian queen,English
Candace,F,"Glowing, Glittering",Greek
Candan,M,Sincerely,Arabic
Candi,F,"Bright, Shining, Clear",Spanish
Candi,F,"Glowing, Glittering",Greek
Candice,F,Ethiopian queen,English
Candice,F,"Glowing, Glittering",Greek
Candida,F,Pure,Latin
Candida,F,Pure,Spanish
Candide,F,"Bright, Shining, Clear",French
Candidius,M,Appeared in Antony & Cleopatra,Shakespearian
Candie,F,"Bright, Shining, Clear",Spanish
Candie,F,"Glowing, Glittering",Greek
Candie,F,"Honest one, Shy",Celtic
Candie,F,Sweet,English
Candis,F,"Glowing, Glittering",Greek
Candiss,F,Ethiopian queen,English
Candra,F,Luminescent,Latin
Candy,F,"Glowing, Glittering",Greek
Candy,F,"Honest one, Shy",Celtic
Candy,F,Sweet,English
Candyce,F,Ethiopian queen,English
Candys,F,"Glowing, Glittering",Greek
Cane,M,Warrior,Gaelic
Cane,F,Warrior,Gaelic
Canice,M,Handsome,Irish
Cannon,M,Cannon,English
Canon,M,Cannon,English
Cantara,F,Bridge,Arabic
Canute,M,Kindness,Danish
Canute,M,Knot,Norwegian
Caoilfhinnn,F,"Slender, Beautiful",Celtic
Caoimhe,F,"Gentleness, Beauty, Grace",Celtic
Caoimhe,F,"Lovely, Charming",Irish
Caoimhghin,M,Gentle,Celtic
Caolaidhe,M,Slender,Irish
Caolan,M,Slender,Irish
Caomh,M,Lovable,Irish
Caphis,M,Appeared in Timon of Athens,Shakespearian
Capri,F,The goat,Anglo-Saxon
Caprice,F,"Fanciful, Unpredictable",Italian
Capucina,F,Cape,French
Capucine,F,Cape,French
Capucius,M,Appeared in Henry VIII,Shakespearian
Capulet,M,Appeared in Romeo & Juliet,Shakespearian
Car,M,Fighter,Celtic
Cara,F,"Beloved, Dear, Darling",Latin
Cara,F,Friend,Celtic
Cara,F,"Pure, Innocent",Greek
Cara,F,Strong,English
Cara,F,"Strong, Melody, Song",German
Caradawc,M,Son of Bran,Arthurian Legend
Caradoc,M,Dearly loved,Celtic
Caradoc,M,Son of Bran,Arthurian Legend
Caradoc,F,Friendly,Welsh
Caraid,F,Friend,Irish
Caraidland,M,From the land between the streams,Scottish
Caralyn,F,Strong,English
Carbry,M,Charioteer,Celtic
Carden,M,From the black fortress,Celtic
Cardew,M,From the black fortress,Celtic
Cardinia,F,The dawn,Australian Abori
Care,M,Father's dark child,Celtic
Caree,F,Strong,English
Carel,M,Strong,French
Caren,F,"Pure, Innocent",Greek
Caress,F,Tender touch,French
Caressa,F,Tender touch,French
Caresse,F,Tender touch,French
Carew,M,From the fortress,Celtic
Carew,F,Run,Latin
Carey,M,"Dear, Pleasant stream",Latin
Carey,M,From the fortress,Celtic
Carey,M,Of the dark ones,Irish
Carey,F,"Honest one, Shy",Celtic
Carey,F,Strong,English
Carey,F,"Strong, Melody, Song",German
Carha,F,A stone pillar,Latin
Cari,F,"Beloved, Dear, Darling",Spanish
Cari,F,Flows like water,Arabic
Cari,F,"Pure, Innocent",Greek
Carilla,F,"Strong, Strong-woman",Spanish
Carilyn,F,Strong,English
Carilynne,F,Strong,English
Carin,F,"Pure, Innocent",Greek
Carina,F,"A keel, Beloved, Dear, Darling",Italian
Carina,F,"A keel, Beloved, Dear, Darling",Latin
Carina,F,Pure,French
Carine,F,Friend,Arabic
Carine,F,Pure,French
Carisa,F,"Beloved, Dear, Darling",Spanish
Carissa,F,"Love, Grace",Greek
Carl,M,"Strong, Manly",English
Carl,M,"Strong, Manly",French
Carl,M,"Strong, Manly",German
Carl,M,"Strong, Manly",Teutonic
Carla,F,"Strong, Strong-woman",English
Carla,F,"Strong, Strong-woman",Spanish
Carla,F,"Strong, Strong-woman",Teutonic
Carlatun,M,From Carl's farm,English
Carleen,M,"Strong, Manly",Teutonic
Carleen,F,"Strong, Strong-woman",Irish
Carleigh,F,Freeholder,German
Carlen,F,Woman,Teutonic
Carlene,M,"Strong, Manly",Teutonic
Carleton,M,Carl's town,English
Carletta,F,"Strong, Strong-woman",Spanish
Carlie,M,Carl's island,English
Carlie,M,"Strong, Manly",Teutonic
Carlin,M,A man,German
Carlin,M,Little champion,Gaelic
Carlin,M,Little champion,Irish
Carling,F,Hill where old women or witches gather,English
Carlisle,M,From the walled City,English
Carlisle,M,"Strong, Manly",Teutonic
Carlita,F,"Strong, Strong-woman",Spanish
Carlo,M,Strong,French
Carlo,M,"Strong, Manly",English
Carlo,M,"Strong, Manly",Teutonic
Carlomagno,M,"Strong, Manly",Spanish
Carlos,M,Strong,French
Carlos,M,"Strong, Manly",English
Carlos,M,"Strong, Manly",Spanish
Carlota,F,"Strong, Strong-woman",Spanish
Carlota,F,"Strong, Strong-woman",Teutonic
Carlotta,F,"Petite, Feminine",French
Carlotta,F,Strong,English
Carlotta,F,"Strong, Strong-woman",Spanish
Carlotta,F,"Strong, Strong-woman",Teutonic
Carlson,M,Free men's town,English
Carlton,M,Free men's town,English
Carlton,M,From the land between the streams,Scottish
Carlton,M,"Strong, Manly",Teutonic
Carly,M,Carl's island,English
Carly,M,"Strong, Manly",Teutonic
Carly,F,"Little, Womanly",Latin
Carly,F,"Strong, Melody, Song",German
Carlyle,M,Carl's island,English
Carlyle,M,"Strong, Manly",Teutonic
Carmel,M,Garden,Hebrew
Carmel,F,From the vineyard,Celtic
Carmel,F,Fruit Garden,Hebrew
Carmel,F,Song,Latin
Carmela,F,Garden,Spanish
Carmela,F,Golden,Hebrew
Carmelide,M,Guinevere's father,Arthurian Legend
Carmelina,F,Golden,Hebrew
Carmeline,F,Golden,Hebrew
Carmelita,F,Fruit Garden,Hebrew
Carmelita,F,Garden,Spanish
Carmelita,F,Song,Latin
Carmella,F,Golden,Hebrew
Carmelle,F,Fruit Garden,Hebrew
Carmelle,F,Song,Latin
Carmelo,M,Fruit Garden,Hebrew
Carmen,F,Fruit Garden,Hebrew
Carmen,F,Fruit Garden,Spanish
Carmen,F,Song,Latin
Carmencita,F,Song,Spanish
Carmi,M,Vine dresser,Hebrew
Carmia,F,Song,English
Carmichael,M,Friend of Saint Michael,Scottish
Carmina,F,Song,English
Carmina,F,Song,Spanish
Carmine,M,Vine dresser,Hebrew
Carmine,F,Fruit Garden,Hebrew
Carmine,F,Song,English
Carmine,F,Song,Latin
Carmita,F,Fruit Garden,Hebrew
Carmita,F,Rosy,Spanish
Carmita,F,Song,English
Carmita,F,Song,Latin
Carmya,F,Song,English
Carna,F,Horn,Arabic
Carnation,F,Flesh - colored,French
Carnelian,F,A red gem,Latin
Carnell,M,Defender of the castle,English
Carney,M,Fighter,Celtic
Carney,M,Victorious,Irish
Caro,F,Strong,English
Caro,F,"Strong, Melody, Song",German
Carol,F,"Joy, Song of happiness",French
Carol,F,Joyful,English
Carol,F,"Strong, Melody, Song",German
Carol,F,"Strong, Strong-woman",Teutonic
Carola,F,"Joy, Song of happiness",French
Carola,F,"Joy, Song of happiness",Spanish
Carola,F,"Strong, Strong-woman",Teutonic
Carolan,F,Strong,English
Carolan,F,"Strong, Strong-woman",Irish
Carolann,F,Strong,English
Carolanne,F,Strong,English
Carole,F,"Joy, Song of happiness",French
Caroliana,F,Strong,English
Carolina,F,"Joy, Song of happiness",French
Carolina,F,Joyful,English
Carolina,F,"Strong, Melody, Song",German
Caroline,F,"Joy, Song of happiness",French
Caroline,F,Joyful,English
Caroline,F,"Strong, Melody, Song",German
Caroline,F,"Strong, Strong-woman",Scottish
Caroll,F,"Strong, Strong-woman",Teutonic
Carolos,M,Strong,French
Carolus,M,Strong,French
Carolyn,F,Joyful,English
Carolyn,F,"Strong, Melody, Song",German
Carolyne,F,Strong,English
Carolyne,F,"Strong, Melody, Song",German
Carolynn,F,Strong,English
Caron,F,Pure,French
Carona,F,Crowned,Spanish
Carr,M,Fighter,Celtic
Carr,M,From the broken mossy ground,Scottish
Carr,M,From the marsh,Norwegian
Carra,M,"Small, Dark-skinned",Gaelic
Carra,F,Dear,Latin
Carra,F,"Strong, Melody, Song",German
Carrado,M,A knight,Arthurian Legend
Carraig,M,From the rocky headland,Irish
Carree,F,Joyful,English
Carressa,F,Tender touch,French
Carrick,M,Dweller on the rocky cape,Gaelic
Carrick,M,From the rocky headland,Irish
Carrie,M,"Dear, Pleasant stream",Latin
Carrie,F,Flows like water,Arabic
Carrie,F,Joyful,English
Carrie,F,"Pure, Innocent",Greek
Carrie,F,Run,Latin
Carrie,F,"Strong, Melody, Song",German
Carrington,M,Beautiful,English
Carrington,M,Place name,Celtic
Carrington,F,Beautiful,English
Carrington,F,Place name,Celtic
Carrol,M,Champion,Celtic
Carrola,F,Joy,Spanish
Carroll,M,Champion,Celtic
Carroll,M,"Strong, Manly",Irish
Carroll,F,Joy,Irish
Carry,M,"Dear, Pleasant stream",Latin
Carry,F,"Pure, Innocent",Greek
Carry,F,Run,Latin
Carry,F,"Strong, Melody, Song",German
Carson,M,Son of Carr,English
Carson,M,Son of Carr,Swedish
Carson,M,Surname,Scottish
Carswell,M,Lives at the watercress spring,English
Carter,M,Cart driver,English
Cartere,M,Cart driver,English
Carthach,M,Loving,Irish
Carthage,M,Loving,Irish
Cartimandua,F,Name of a queen of Brigantes,Anglo-Saxon
Cartland,M,From the land between the streams,English
Carvel,M,From the villa by the march,English
Carvell,M,From the villa by the march,English
Carvell,M,Marshy estate,French
Carver,M,"Sculptor, Wood carver",English
Cary,M,"Dear, Pleasant stream",Latin
Cary,M,"Honest one, Shy",Celtic
Cary,M,"Honest one, Shy",Irish
Cary,F,"Honest one, Shy",Celtic
Cary,F,Run,Latin
Cary,F,"Strong, Melody, Song",German
Caryl,F,Joyful,English
Caryn,F,"A keel, Beloved, Dear, Darling",Italian
Caryn,F,"A keel, Beloved, Dear, Darling",Latin
Caryn,F,Pure,English
Caryn,F,"Pure, Innocent",Greek
Carynn,F,"A keel, Beloved, Dear, Darling",Italian
Carynn,F,"A keel, Beloved, Dear, Darling",Latin
Carynn,F,Pure,English
Casandra,F,Protector of mankind,Spanish
Cascadia,F,Protector of mankind,Greek
Case,M,"Brave, Watchful",Irish
Case,M,Chest,French
Casee,F,"Brave, Watchful",Irish
Casey,M,"Brave, Watchful",Celtic
Casey,M,"Brave, Watchful",Gaelic
Casey,M,"Brave, Watchful",Irish
Casey,F,"Brave, Watchful",Celtic
Casey,F,"Brave, Watchful",Gaelic
Casey,F,"Brave, Watchful",Irish
Casey,F,Honorable,Spanish
Cashel,M,From Cashel,Irish
Casidhe,F,Clever,Irish
Casilda,F,Of the home,Latin
Casimir,M,Demands peace,Slavic
Casimiro,M,Peaceful,Spanish
Casmir,M,Demands peace,Slavic
Caspar,M,Treasurer,French
Caspar,M,Treasurer,Persian
Casper,M,Treasurer,Persian
Cass,M,Curly haired,Irish
Cass,F,Protector of mankind,Greek
Cassandra,F,Appeared in Troilus & Cressida,Shakespearian
Cassandra,F,Protector of mankind,Greek
Cassee,F,Protector of mankind,Greek
Cassi,F,Protector of mankind,English
Cassi,F,Protector of mankind,Greek
Cassia,F,Champion,Greek
Cassian,M,Curly haired,Irish
Cassidy,M,Clever,Gaelic
Cassidy,M,Curly haired,Irish
Cassidy,F,Curly haired,Irish
Cassie,F,Protector of mankind,English
Cassie,F,Protector of mankind,Greek
Cassiel,F,"Angel of Saturday, The earthy mother",Latin
Cassio,M,Appeared in Othello,Shakespearian
Cassius,M,Vain,Latin
Cassy,F,Protector of mankind,English
Casta,F,Pure,Spanish
Casta,F,Purity,Greek
Castalia,F,Wife of king Delphus,Greek
Castel,M,Belonging to a castle,Spanish
Caster,M,From the Roman camp,English
Cat,M,Catlike,Scottish
Cat,F,Pure,Irish
Cat,F,"Pure, Innocent",Greek
Catalin,F,"Pure, Innocent",Greek
Catalina,F,Pure,Spanish
Catava,F,Name from a proverb,African
Cate,F,Innocent,Anglo-Saxon
Cate,F,"Pure, Innocent",Greek
Cateline,F,Pure,French
Catelyn,F,Pure,Celtic
Catelyn,F,Pure,Irish
Catelyn,F,Pure,Welsh
Caterina,F,"Pure, Innocent",Greek
Cath,M,Name of a monster,Arthurian Legend
Cathair,M,Fighter,Celtic
Cathair,M,From the broken mossy ground,Scottish
Cathal,M,Strong in battle,Celtic
Cathal,M,Strong in battle,Irish
Cathan,M,Warrior,Gaelic
Cathan,F,Warrior,Gaelic
Cathaoir,M,Fighter,Celtic
Cathaoir,M,Wamor,Irish
Catharine,F,Pure,Irish
Cathasach,F,Brave,Irish
Catherine,F,"Pure, Innocent",Anglo-Saxon
Catherine,F,"Pure, Innocent",Greek
Catheryn,F,Innocent,Anglo-Saxon
Cathi,F,Pure,English
Cathia,F,Pure,English
Cathie,F,Pure,English
Cathleen,F,Pure,Irish
Cathleen,F,"Pure, Innocent",Greek
Cathmor,M,Great fighter,Irish
Cathmore,M,Great fighter,Irish
Cathryn,F,Innocent,Anglo-Saxon
Cathryn,F,Pure,Irish
Cathryne,F,"Pure, Innocent",Greek
Cathy,F,Pure,English
Cathy,F,"Pure, Innocent",Greek
Catie,F,"Pure, Innocent",Greek
Catlee,F,Pure,Irish
Catlin,F,Pure,Irish
Catlina,F,"Pure, Innocent",Greek
Catline,F,Pure,Irish
Catlyn,F,Pure,Irish
Cato,M,Appeared in Julius Caesar,Shakespearian
Cato,M,Wise,Latin
Caton,M,"Knowledgable, Wise",Spanish
Catori,F,Spirit (Hopi),Native American
Catriana,F,"Pure, Innocent",Greek
Catrice,F,"Pure, Innocent, Noble",English
Catrina,F,"Pure, Innocent",Greek
Catriona,F,Pure,Irish
Catriona,F,Pure,Scottish
Catriona,F,"Pure, Innocent",Greek
Cattee,F,Pure,Irish
Catterick,M,Name of a battle,Arthurian Legend
Catterik,M,Name of a battle,Arthurian Legend
Caulder,M,"River of stones, Stream",English
Cauley,M,Relic,Scottish
Cauvery,F,Name of a river,Indian
Cavalon,M,Name of a king,Arthurian Legend
Cavan,M,From Cavan,Irish
Cavan,M,Handsome,Gaelic
Cavana,F,From Cavan,Irish
Cavery,F,Name of a river,Indian
Caw,M,Name of a giant,Arthurian Legend
Cawley,M,Relic,Scottish
Cay,F,Party,Gaelic
Caycee,F,"Brave, Watchful",Irish
Cayden,M,Spirit of battle,Gaelic
Cayla,F,"Pure, Innocent",Greek
Caylah,F,Party,Gaelic
Cayle,M,Brave,English
Cayleigh,F,Party,Gaelic
Cayley,F,From the forest,Irish
Ceallach,M,Strife,Irish
Ceallachan,M,Strife,Irish
Ceapmann,M,Merchant,English
Cearbhall,M,"Strong, Manly",French
Cearbhall,M,"Strong, Manly",Irish
Ceard,M,Smith,Scottish
Ceardach,M,Smith,Scottish
Cearnach,M,Victorious,Irish
Cearo,F,Sorrow,Anglo-Saxon
Ceasar,M,"Hairy child, Long haired",Latin
Ceaster,M,Lives at the camp,English
Ceastun,M,Camp,English
Ceawlin,M,Name of a king,Anglo-Saxon
Cecania,F,Free,German
Cece,F,Blind,Latin
Cecelia,F,Blind,Latin
Cecero,M,Chickpea,Latin
Cecil,F,Blind,Latin
Cecile,F,Blind,French
Cecilia,F,Blind,Latin
Cecille,F,Blind,French
Cecily,F,Blind,Latin
Cedd,M,Name of a bishop,Anglo-Saxon
Cedra,F,Battle leader,English
Cedric,M,Battle leader,English
Cedric,M,"Bounty, Spectacle, Founder",Welsh
Cedrica,F,Battle leader,English
Cedrick,M,"Bounty, Spectacle, Founder",Welsh
Cedrina,F,Battle leader,English
Cedro,M,Strong gift,Spanish
Cedrych,M,"Bounty, Spectacle, Founder",Welsh
Cein,M,Ancient,Irish
Ceire,F,Saint,Irish
Ceirnin,M,"Small, Dark-skinned",Gaelic
Celandia,F,The swallow,Greek
Celdtun,M,From the farm by the spring,English
Celena,F,Moon,Greek
Celene,F,Moon,Greek
Celesse,F,Heavenly,French
Celesta,F,Heavenly,Spanish
Celeste,F,Heavenly,French
Celeste,F,Heavenly,Latin
Celestia,F,Heavenly,French
Celestiel,F,Heavenly,French
Celestina,F,Heavenly,Latin
Celestina,F,Heavenly,Spanish
Celestine,F,Heavenly,French
Celestyna,F,Heavenly,French
Celia,F,Appeared in As You Like It,Shakespearian
Celia,F,Blind,Latin
Celia,F,Moon,Greek
Celie,F,Blind,French
Celie,F,Moon,Greek
Celina,F,Moon,Greek
Celine,F,Blind,French
Celsus,M,Name of a saint,Irish
Celyddon,M,Mythical father of Culhwch,Celtic
Cem,M,Beautiful,Arabic
Cemal,M,Beautiful,Arabic
Cendrillon,F,Of the ashes,French
Cenehard,M,Brave warrior,English
Cenewig,M,Brave warrior,English
Cenewyg,M,Brave warrior,English
Cenobia,F,Born of Zeus,Spanish
Cenwalh,M,Name of a king,Anglo-Saxon
Ceolbeorht,M,Seaman,English
Ceolfrith,M,Name of an abbot,Anglo-Saxon
Ceolwulf,M,Name of a king,Anglo-Saxon
Ceray,F,"Strong, Melody, Song",German
Cerdic,M,Name of a king,Anglo-Saxon
Cerdric,M,"Bounty, Spectacle, Founder",Welsh
Cerdwin,F,The mother Goddess,Celtic
Cerelia,F,"Mistress, Lady",English
Cerelia,F,Of the spring,Latin
Cerella,F,"Mistress, Lady",English
Ceres,F,Appeared in The Tempest,Shakespearian
Ceri,F,"Lordly, Proud",Spanish
Ceria,F,"Lordly, Proud",Spanish
Cerimon,M,Appeared in Pericles,Shakespearian
Cerise,F,"Cherry, Cherry red",French
Cesar,M,"Hairy child, Long haired",Latin
Cesar,M,"Hairy child, Long haired",Spanish
Cesara,F,Long haired,Spanish
Cesario,M,"Hairy child, Long haired",Spanish
Cesaro,M,Long haired,Spanish
Cetewind,M,From the cottage on the winding path,English
Cezar,M,"Hairy child, Long haired",Latin
Cha'akmongwi,M,Crier chief (Hopi),Native American
Cha'kwaina,F,One who cries (Hopi),Native American
Cha'risa,F,Elk (Hopi),Native American
Cha'tima,M,The caller (Hopi),Native American
Chaba,F,Life,Hebrew
Chabah,F,Life,Hebrew
Chace,M,Huntsman,English
Chad,M,Defence,Celtic
Chad,M,Name of a saint,Anglo-Saxon
Chad,M,"Warlike, Warrior",English
Chadburn,M,From the wildcat brook,English
Chadburne,M,From the wildcat brook,English
Chadbyrne,M,From the wildcat brook,English
Chadwell,M,"Warlike, Warrior",English
Chadwick,M,"Warlike, Warrior",English
Chadwik,M,From the warrior's town,English
Chadwyk,M,From the warrior's town,English
Chagai,M,Mediates,Hebrew
Chago,M,Supplanter,Spanish
Chaika,M,Life,Hebrew
Chaim,M,Crooked,Scottish
Chaim,M,Life,Hebrew
Chait,M,Catlike,Scottish
Chaitaly,F,Name of an ancient city,Indian
Chaitanya,M,"Life, Knowledge",Indian
Chaitra,F,Aries sign,Indian
Chaka,F,Life,Hebrew
Chakrika,F,Lakshmi,Indian
Chal,M,"Boy, Son",English
Chale,M,"Strong, Manly",Spanish
Chalina,F,Rose,Spanish
Chalmer,M,Rules the home,Scottish
Chalmers,M,Son of the Lord,Scottish
Chaman,M,Garden,Indian
Chameli,F,A flowering creeper,Indian
Chan,M,Candle maker,French
Chan,M,God is merciful,Spanish
Chana,F,Graceful,Hebrew
Chanah,F,Graceful,Hebrew
Chanan,M,Clouds,Hebrew
Chance,M,Chancellor,English
Chance,M,Secretary,French
Chancellor,M,Chancellor,English
Chancellor,M,Secretary,French
Chancey,M,Chancellor,English
Chanchala,F,"Unsteady, Lakshmi",Indian
Chanda,F,Name of the Goddess Devi,Indian
Chandan,M,Sandal wood,Indian
Chandan,F,Name of the Goddess Devi,Indian
Chandana,F,Sandal wood,Indian
Chandani,F,Name of the Goddess Devi,Indian
Chander,M,Moon,Indian
Chandi,F,Angry name of Goddess Sakti,Indian
Chandler,M,Candle maker,English
Chandler,M,Candle maker,French
Chandra,M,Moon,Indian
Chandra,F,"Eminent, Illustrious, Moon",Indian
Chandrahas,M,Bow of Shiva,Indian
Chandrak,M,Peacock feather,Indian
Chandraki,F,Peacock,Indian
Chandrashekhar,M,One who holds the moon in his hair knot (Shiva),Indian
Chandresh,M,Lord of the moon,Indian
Chandrika,F,Moonlight,Indian
Chane,M,Dependability,African
Chane,M,Name of a God,Indian
Chane,M,Oak-hearted,French
Chane,F,Dependability,African
Chanel,F,Canal,French
Chanell,F,Canal,French
Chanelle,F,Canal,French
Chaney,M,Candle maker,French
Chankoowashtay,M,Good road (Sioux),Native American
Chanler,M,Candle maker,French
Chann,M,Young wolf,English
Chann,M,Young wolf,Irish
Channe,M,Young wolf,English
Channe,M,Young wolf,Irish
Channel,F,Channel,French
Channelle,F,Canal,French
Channing,M,Member of the bishop's council,French
Channing,M,Young wolf,English
Channing,M,Young wolf,Irish
Channon,M,Young wolf,English
Channon,M,Young wolf,Irish
Chano,M,Abbreviation of names ending in -ario,Spanish
Chanoch,M,Initiating,Hebrew
Chansomps,M,Locust (Algonquin),Native American
Chantae,F,Singer,French
Chantal,F,Singer,French
Chantalle,F,Singer,French
Chantay,F,Singer,French
Chante,F,Singer,French
Chantel,F,Singer,French
Chantell,F,Singer,French
Chantelle,F,Singer,French
Chantrell,F,Singer,French
Chapal,M,Quick,Indian
Chapalu,M,Name of a monster,Arthurian Legend
Chapin,M,Clergyman,French
Chapman,M,Merchant,Anglo-Saxon
Chapman,M,Merchant,English
Chappel,M,From the chapel,French
Chappell,M,From the chapel,French
Chara,F,Rose,Greek
Chara,F,Rose,Latin
Charan,M,Feet,Indian
Charanjit,M,One who has won over the lord (Charanjeet),Indian
Chardae,F,"Strong, Strong-woman",French
Charee,F,"Beloved, Dear, Darling",French
Charis,F,"Beloved, Dear, Darling",English
Charis,F,Charity,Greek
Charisma,F,Grace,Greek
Charissa,F,Grace,Greek
Charity,F,"Affection, Charity, Brotherly love",Latin
Charity,F,"Benevolent, Goodwill, Love",English
Charla,F,Strong,English
Charlaine,F,"Strong, Strong-woman",French
Charlayne,F,"Petite, Feminine",French
Charlee,F,Strong,English
Charleen,F,"Strong, Strong-woman",French
Charleena,F,"Strong, Strong-woman",French
Charlena,F,"Strong, Strong-woman",French
Charlene,F,"Petite, Feminine",French
Charlene,F,Strong,English
Charles,M,Appeared in As You Like It,Shakespearian
Charles,M,"Strong, Manly",English
Charles,M,"Strong, Manly",French
Charles,M,"Strong, Manly",German
Charleson,M,"Strong, Manly",English
Charleston,M,"Strong, Manly",English
Charleton,M,From Charles's farm,English
Charlette,F,"Strong, Strong-woman",French
Charley,M,"Strong, Manly",English
Charli,F,Strong,English
Charlie,M,"Strong, Manly",English
Charlie,F,"Petite, Feminine",French
Charline,F,"Strong, Strong-woman",French
Charlisa,F,"Strong, Strong-woman",French
Charlita,F,"Strong, Strong-woman",French
Charlot,M,Son of Charlemagne,French
Charlotta,F,"Strong, Strong-woman",French
Charlotte,F,"Petite, Feminine",English
Charlotte,F,"Petite, Feminine",French
Charlton,M,"Strong, Manly",English
Charly,M,"Strong, Manly",English
Charly,F,Strong,English
Charlyn,F,Strong,English
Charlynn,F,Strong,English
Charmain,F,"Petite, Feminine",French
Charmaine,F,"Petite, Feminine",French
Charmaine,F,Song,English
Charmayne,F,"Petite, Feminine",French
Charmian,F,A little joy,Greek
Charmian,F,Appeared in Antony & Cleopatra,Shakespearian
Charmine,F,"Petite, Feminine",French
Charo,F,Beautiful,Spanish
Charo,F,Rose,Greek
Charo,F,Rose,Latin
Charon,F,Princess,Hebrew
Charro,M,A cowboy,Spanish
Charu,F,"Beautiful, Attractive",Indian
Charudutta,M,Born Beautiful,Indian
Charulata,F,Beautiful creeper,Indian
Charulekha,F,Beautiful picture,Indian
Chas,M,"Strong, Manly",English
Chas chunk a,M,Wave (Winnebago),Native American
Chase,M,Hunter,French
Chase,M,Huntsman,English
Chasen,M,Huntsman,English
Chasidah,F,"Pious, Righteous",Hebrew
Chastity,F,Purity,Latin
Chasya,F,Shelter,Hebrew
Chasye,F,Shelter,Hebrew
Chata,M,An ending,African
Chatham,M,From the soldier's land,English
Chatillon,M,Appeared in King John,Shakespearian
Chatlie,F,Strong,English
Chattan,M,Clan of the cats,Scottish
Chatwin,M,Warring friend,English
Chatwyn,M,Warring friend,English
Chatzie,F,"Petite, Feminine",French
Chaunce,M,Chancellor,English
Chaunce,M,"Fortune, A gamble",French
Chaunceler,M,Chancellor,English
Chauncey,M,Chancellor,Latin
Chauncey,M,"Fortune, A gamble",English
Chauncey,M,Secretary,French
Chauncy,M,"Fortune, A gamble",English
Chauncy,M,"Fortune, A gamble",French
Chaunte,F,Singer,French
Chauntel,F,Singer,French
Chava,F,Life,Hebrew
Chavatangakwunua,M,Short rainbow (Hopi),Native American
Chavela,F,Devoted to God,Spanish
Chavelle,F,Devoted to God,Spanish
Chaviv,M,Dearly loved,Hebrew
Chaviva,F,Dearly loved,Hebrew
Chavive,F,Dearly loved,Hebrew
Chavivi,M,Dearly loved,Hebrew
Chay,F,A man,German
Chaya,F,Abbreviation of names ending in -ario,Spanish
Chaya,F,Life,Hebrew
Chayce,M,Huntsman,English
Chayim,M,Life,Hebrew
Chayka,F,Life,Hebrew
Chayne,M,Oak-hearted,French
Chayo,M,Abbreviation of names ending in -ario,Spanish
Chayton,M,Falcon (Sioux),Native American
Chaz,M,"Strong, Manly",English
Che,M,Arthur's brother,Arthurian Legend
Che,M,God wiIl multiply,Hebrew
Che,M,God wiIl multiply,Spanish
Chedva,F,Joyous,Hebrew
Chela,F,Consolation,Spanish
Chelina,F,Heavenly,Latin
Chelinda,F,Tristan's grandmother,Arthurian Legend
Chelinde,F,Tristan's grandmother,Arthurian Legend
Chelle,F,"Ewe, One with purity",Hebrew
Chelli,F,Heavenly,Latin
Chellie,F,"Ewe, One with purity",Hebrew
Chelsa,F,Place name,English
Chelsea,F,"River landing place, Port",Anglo-Saxon
Chelsea,F,"River landing place, Port",English
Chelsee,F,Place name,English
Chelsey,F,Place name,English
Chelsi,F,Place name,English
Chelsie,F,Place name,English
Chelsy,F,Place name,English
Chen,M,"Great, Vast",Chinese
Chenelle,F,Canal,French
Cheney,M,From the oak wood,French
Chenoa,F,Dove,Native American
Chepe,M,God wiIl multiply,Hebrew
Chephzibah,F,She is our delight,Hebrew
Chepi,F,Fairy (Algonquin),Native American
Chepito,M,God wiIl multiply,Hebrew
Cher,F,"Beloved, Dear, Darling",French
Chere,F,"Beloved, Dear, Darling",French
Cheree,F,"Beloved, Dear, Darling",French
Chereen,F,"Beloved, Dear, Darling",French
Cherell,F,"Beloved, Dear, Darling",French
Cherelle,F,"Beloved, Dear, Darling",French
Cherese,F,"Beloved, Dear, Darling",English
Cheresse,F,"Beloved, Dear, Darling",English
Cheri,F,"Beloved, Dear, Darling",French
Cherice,F,"Beloved, Dear, Darling",English
Cherie,F,"Beloved, Dear, Darling",French
Cherilyn,F,Bitter,English
Cherilynn,F,Bitter,English
Cherina,F,"Beloved, Dear, Darling",French
Cherine,F,"Beloved, Dear, Darling",French
Cherisa,F,"Beloved, Dear, Darling",English
Cherise,F,"Beloved, Dear, Darling",English
Cherise,F,"Beloved, Dear, Darling",French
Cherise,F,Grace,Greek
Cherish,F,"Beloved, Dear, Darling",French
Cherisse,F,"Beloved, Dear, Darling",English
Cherita,F,"Beloved, Dear, Darling",French
Cherokee,M,"People of a different speech, One of the largest American Indian tribes",Native American
Cherree,F,"Beloved, Dear, Darling",French
Cherrell,F,"Beloved, Dear, Darling",English
Cherrelle,F,"Beloved, Dear, Darling",French
Cherri,F,The fruit-bearing cherry tree,English
Cherrie,F,"Beloved, Dear, Darling",French
Cherrie,F,The fruit-bearing cherry tree,English
Cherrill,F,"Beloved, Dear, Darling",English
Cherry,F,"Beloved, Dear, Darling",French
Cherry,F,The fruit-bearing cherry tree,English
Cheryl,F,"Beloved, Dear, Darling",English
Cheryl,F,"Beloved, Dear, Darling",French
Cheryl,F,"Beloved, Dear, Darling",German
Cheryle,F,"Beloved, Dear, Darling",French
Cheryll,F,"Beloved, Dear, Darling",English
Ches,M,Soldiers Camp,Latin
Chesmu,M,Witty,Native American
Chesna,F,Peaceful,Slavic
Chess,M,Soldiers Camp,English
Chess,M,Soldiers Camp,Latin
Chester,M,Soldiers Camp,English
Chester,M,Soldiers Camp,Latin
Cheston,M,Soldiers Camp,English
Chet,M,Soldiers Camp,English
Chet,M,Soldiers Camp,Latin
Chetan,M,Life,Indian
Chetwin,M,From the cottage on the winding path,English
Chetwyn,M,From the cottage on the winding path,English
Cheval,M,"Horseman, Knight",French
Chevalier,M,"Horseman, Knight",French
Chevalier,M,"Knight, Chase, Hunt",English
Chevell,M,"Horseman, Knight",French
Cheveyo,M,Spirit warrior (Hopi),Native American
Chevie,M,"Horseman, Knight",French
Chevie,M,"Knight, Chase, Hunt",English
Chevy,M,"Horseman, Knight",French
Chevy,M,"Knight, Chase, Hunt",English
Cheyanna,F,"Algonquian tribe, Place Name",French
Cheyanne,F,"Algonquian tribe, Place Name",French
Cheyenne,F,"Algonquian tribe, Place Name",French
Cheyne,M,Oak-hearted,French
Chhavvi,F,"Image, Radiance",Indian
Chhaya,F,Shadow,Indian
Chiamaka,M,God is splendid,African
Chiana,F,"Algonquian tribe, Place Name",French
Chianna,F,"Algonquian tribe, Place Name",French
Chiara,F,"Bright, Shining, Clear",French
Chiara,F,"Bright, Shining, Clear",Greek
Chiara,F,"Bright, Shining, Clear",Latin
Chiara,F,Dark,Irish
Chiarina,M,Long lived,Indian
Chiarina,F,"Famous, Light",Latin
Chica,F,Little girl,Spanish
Chicha,F,Grated coconut,African
Chick,M,"Strong, Manly",English
Chico,M,Strength of God,Spanish
Chico,M,"Strong, Manly",English
Chidambar,M,One whose heart is as big as the sky,Indian
Chika,F,Near,Japanese
Chike,M,Power of God,African
Chiku,F,Chatterer,African
Chil,M,Farm by the spring,English
Chilali,F,Snowbird,Native American
Chilam,F,Snowbird,Native American
Chill,M,Farm by the spring,English
Chilly,M,Farm by the spring,English
Chilton,M,Farm by the spring,English
Chimalis,F,Bluebird,Native American
Chin,M,Precious,Korean
China,F,Place name,English
China,F,Thursday,African
Chinaka,F,God decides,African
Chinara,F,May God receive,African
Chinmay,M,Full of knowledge,Indian
Chinmayi,F,Blissful,Indian
Chintamani,M,Philosopher's stone,Indian
Chip,M,"Strong, Manly",English
Chip,F,Gift,African
Chipo,F,Gift,African
Chiquita,F,Little girl,Spanish
Chirag,M,Lamp,Indian
Chiram,M,Noble,Hebrew
Chiranjeev,M,Long lived,Indian
Chiron,M,Appeared in Titus Andronicus,Shakespearian
Chisholm,M,From Chisolm,Scottish
Chit,M,Love,Burmese
Chit,F,Love,Burmese
Chitra,F,"Picture, A nakshatra",Indian
Chitragandha,F,A fragrant material,Indian
Chitraksh,M,Beautiful eyes,Indian
Chitralekha,F,As beautiful as a picture,Indian
Chitrani,F,River Ganga,Indian
Chitsa,F,Fair,Native American
Chittaprasad,M,Happiness,Indian
Chittaranjan,M,One who pleases the mind,Indian
Chittaswarup,M,The supreme spirit,Indian
Chlodwig,M,Famous warrior,German
Chloe,F,Blooming,Greek
Chloris,F,Pale,German
Cho,M,Sweet,Burmese
Cho,F,Butterfly,Japanese
Cho,F,Sweet,Burmese
Chochmingwu,F,Corn mother (Hopi),Native American
Chochmo,M,Mud mound (Hopi),Native American
Chochokpi,M,Throne for the clouds (Hopi),Native American
Chochuschuvio,M,White tailed deer (Hopi),Native American
Chogan,M,Blackbird (Algonquin),Native American
Cholena,F,Bird,Native American
Choncey,M,"Fortune, A gamble",English
Choncey,M,"Fortune, A gamble",French
Choni,M,Gracious,Hebrew
Choovio,M,Antelope (Hopi),Native American
Chosovi,F,Bluebird (Hopi),Native American
Chosposi,F,Bluebird eye (Hopi),Native American
Choviohoya,M,Young deer (Hopi),Native American
Chowilawu,M,Joined together by water (Hopi),Native American
Chrestian,M,"Annointed, Follower of Christ",Greek
Chrestian,F,"Annointed, Follower of Christ",English
Chrestian,F,Servant of Christ,Irish
Chris,M,"Annointed, Follower of Christ",English
Chris,M,"Annointed, Follower of Christ",Greek
Chris,F,"Annointed, Follower of Christ",English
Chris,F,"Annointed, Follower of Christ",Greek
Chris,F,Servant of Christ,Irish
Chrisanna,F,"Bright, Shining, Clear",Spanish
Chrisanne,F,"Bright, Shining, Clear",Spanish
Chriselda,F,Strong,German
Chrissa,F,"Annointed, Follower of Christ",Irish
Chrissa,F,"Annointed, Follower of Christ",Scottish
Chrissie,F,"Annointed, Follower of Christ",Irish
Chrissie,F,"Annointed, Follower of Christ",Scottish
Chrissy,F,"Annointed, Follower of Christ",English
Chrissy,F,"Annointed, Follower of Christ",Greek
Chrissy,F,"Annointed, Follower of Christ",Irish
Chrissy,F,"Annointed, Follower of Christ",Scottish
Christa,F,"Annointed, Follower of Christ",English
Christa,F,"Annointed, Follower of Christ",Greek
Christa,F,Servant of Christ,Irish
Christabel,F,"Annointed, Follower of Christ",English
Christabel,F,Beautiful christian,Latin
Christal,F,"Annointed, Follower of Christ",Scottish
Christal,F,"Bright, Shining, Clear",Latin
Christan,F,"Annointed, Follower of Christ",English
Christana,F,"Annointed, Follower of Christ",English
Christanne,F,"Annointed, Follower of Christ",English
Christeen,F,"Annointed, Follower of Christ",English
Christeena,F,"Annointed, Follower of Christ",English
Christeena,F,"Annointed, Follower of Christ",Greek
Christel,F,"Annointed, Follower of Christ",Scottish
Christen,F,"Annointed, Follower of Christ",English
Christena,F,"Annointed, Follower of Christ",English
Christene,F,"Annointed, Follower of Christ",English
Christi,F,"Annointed, Follower of Christ",Irish
Christi,F,"Annointed, Follower of Christ",Scottish
Christiaan,M,"Annointed, Follower of Christ",Greek
Christiaan,F,"Annointed, Follower of Christ",English
Christiaan,F,Servant of Christ,Irish
Christian,M,"Annointed, Follower of Christ",Greek
Christian,F,"Annointed, Follower of Christ",English
Christian,F,Servant of Christ,Irish
Christiana,F,"Annointed, Follower of Christ",English
Christiana,F,"Annointed, Follower of Christ",Greek
Christiane,F,"Annointed, Follower of Christ",French
Christie,M,"Annointed, Follower of Christ",Scottish
Christie,F,"Annointed, Follower of Christ",English
Christie,F,"Annointed, Follower of Christ",Greek
Christie,F,"Annointed, Follower of Christ",Irish
Christie,F,"Annointed, Follower of Christ",Scottish
Christien,M,"Annointed, Follower of Christ",French
Christina,F,"Annointed, Follower of Christ",English
Christina,F,"Annointed, Follower of Christ",Greek
Christine,F,"Annointed, Follower of Christ",English
Christine,F,"Annointed, Follower of Christ",French
Christine,F,"Annointed, Follower of Christ",Greek
Christo,M,Christ bearer,Greek
Christof,M,Christ bearer,Greek
Christofer,M,With Christ inside,German
Christoffer,M,Bearer of Christ,Scandinavian
Christoffer,M,With Christ inside,German
Christofor,M,With Christ inside,French
Christophe,M,Christ bearer,Greek
Christophe,M,With Christ inside,French
Christopher,M,Christ bearer,Greek
Christophero Sly,M,Appeared in Taming of the Shrew,Shakespearian
Christos,M,Christ bearer,Greek
Christy,M,"Annointed, Follower of Christ",Scottish
Christy,F,"Annointed, Follower of Christ",English
Christy,F,"Annointed, Follower of Christ",Irish
Christy,F,"Annointed, Follower of Christ",Scottish
Christyn,F,"Annointed, Follower of Christ",English
Chruse,F,"Golden, The golden one",Greek
Chrysann,F,"Bright, Shining, Clear",Spanish
Chrysantus,F,"Bright, Shining, Clear",Spanish
Chrystal,F,"Bright, Shining, Clear",Latin
Chrystina,F,"Annointed, Follower of Christ",English
Chrystol,F,"Bright, Shining, Clear",Latin
Chu'a,M,Snake (Hopi),Native American
Chu'mana,F,Snake maiden (Hopi),Native American
Chu'si,F,Snake flower (Hopi),Native American
Chuchip,M,Deer spirit (Hopi),Native American
Chuck,M,"Strong, Manly",English
Chudamani,M,Crest jewel,Indian
Chunta,M,Cheating (Hopi),Native American
Churchill,M,Lives at the church hill,English
Churchyll,M,Lives at the church hill,English
Chyna,F,Place name,English
Chynna,F,Place name,English
Chyou,F,Autumn,Chinese
Ciaira,M,Long lived,Indian
Ciaira,F,"Famous, Light",Latin
Cian,M,Ancient,Irish
Cianan,M,Ancient,Irish
Ciannait,F,Ancient,Irish
Ciar,F,Saint's name,Irish
Ciara,F,Saint's name,Irish
Ciaran,M,Dark,Irish
Ciaran,M,"Small, Dark-skinned",Gaelic
Ciarrai,M,County,Irish
Ciatlllait,F,Ancient,Irish
Cibil,F,"Prophetess, Fortune-teller",English
Cibil,F,"Prophetess, Fortune-teller",Greek
Cicely,F,Blind,English
Cicely,F,Blind,Latin
Cicero,M,Appeared in Julius Caesar,Shakespearian
Cicero,M,Chickpea,Latin
Ciceron,M,Chickpea,Latin
Ciceron,M,Chickpea,Spanish
Cicilie,F,Blind,Latin
Cicily,F,Blind,English
Cidney,F,From the city of St. Denis,English
Cidro,M,Strong gift,Spanish
Ciel,M,From heaven,French
Ciel,M,"Shield, Scholar",Dutch
Ciel,F,"Shield, Scholar",Dutch
Cierra,F,Saint's name,Irish
Cilla,F,From ancient times,Latin
Cillian,M,Battle,Irish
Cim,F,Ruler,English
Cimberleigh,F,From the royal meadow,English
Cinda,F,"Moon, Greek God",English
Cindel,F,"Moon, Greek God",English
Cinderella,F,Of the ashes,French
Cindi,F,"Moon, Greek God",English
Cindia,F,"Moon, Greek God",English
Cindie,F,"Moon, Greek God",Greek
Cindy,F,"Moon, Greek God",English
Cindy,F,"Moon, Greek God",Greek
Cingeswell,M,Lives at the king's spring,English
Cingeswiella,M,Lives at the king's spring,English
Cinneide,M,Helmeted,Irish
Cinnia,F,Beautiful,Celtic
Cinnie,F,Beautiful,Celtic
Cinta,F,"Moon, Greek God",Greek
Cintia,F,"Moon, Greek God",Greek
Cinwell,M,Lives at the king's spring,English
Cinzia,F,"Moon, Greek God",Greek
Cipriana,F,From Cyprus,Spanish
Cipriano,M,From Cyprus,Spanish
Ciqala,M,Little one (Dakota),Native American
Cira,F,"Lordly, Proud",Spanish
Cirano,M,From Cyrene,Greek
Circe,F,"Greek mythology, this African witch transformed the Greek troops of Odysseus into swine",African
Circe,F,"Witch-Goddess, Seductive",Greek
Circehyll,M,Lives at the church hill,English
Ciri,F,"Lordly, Proud",Spanish
Cirilla,F,"Mistress, Lady",English
Cirillo,M,"Lordly, Proud",Greek
Cirilo,M,Noble,Spanish
Ciro,M,Chickpea,Latin
Ciro,M,Sun,Spanish
Cisco,M,"Free, A free man",Spanish
Cissy,F,Blind,Latin
Clach,M,Stone,Scottish
Clachas,M,Appeared in Troilus & Cressida,Shakespearian
Claec,M,Dark,English
Claefer,F,Clover,English
Claeg,M,Mortal,English
Claegborne,M,From the clay brook,English
Claegtun,M,Mortal,English
Claennis,F,Purity,Anglo-Saxon
Claiborn,M,From the clay brook,English
Claiborne,M,"Born of the earth, Clay",English
Claiborne,F,"Born of the earth, Clay",English
Claibourne,F,"Born of the earth, Clay",English
Clair,F,"Bright, Shining, Clear",French
Claire,F,"Bright, Shining, Clear",French
Claire,F,"Bright, Shining, Clear",Greek
Claire,F,"Bright, Shining, Clear",Latin
Clairese,F,"Bright, Shining, Clear",French
Clairese,F,"Bright, Shining, Clear",Greek
Clairese,F,"Bright, Shining, Clear",Latin
Clamedeus,M,Name of a king,Arthurian Legend
Clan,M,Offspring of red-headed soldier,Celtic
Clancey,M,Offspring of red-headed soldier,Celtic
Clancy,M,Offspring of red-headed soldier,Celtic
Clancy,M,Ruddy warrior,Irish
Clara,F,"Bright, Shining, Clear",French
Clara,F,"Bright, Shining, Clear",Greek
Clara,F,"Bright, Shining, Clear",Latin
Claral,F,"Bright, Shining, Clear",French
Claral,F,"Bright, Shining, Clear",Greek
Claral,F,"Bright, Shining, Clear",Latin
Clare,F,"Bright, Shining, Clear",French
Clare,F,"Bright, Shining, Clear",Greek
Clare,F,"Bright, Shining, Clear",Latin
Clarence,M,"Bright, Shining, Clear",Latin
Clarendon,M,"Bright, Shining, Clear",Latin
Claressa,F,"Bright, Shining, Gentle, Famous",English
Claresta,F,"Bright, Shining, Gentle, Famous",English
Clareta,F,"Bright, Shining, Clear",French
Clareta,F,"Bright, Shining, Clear",Greek
Clareta,F,"Bright, Shining, Clear",Latin
Clareta,F,Brilliant,Spanish
Claretta,F,"Bright, Shining, Clear",French
Claretta,F,"Bright, Shining, Clear",Greek
Claretta,F,"Bright, Shining, Clear",Latin
Clarette,F,"Bright, Shining, Clear",French
Clarette,F,"Bright, Shining, Clear",Greek
Clarette,F,"Bright, Shining, Clear",Latin
Claribel,F,"Bright, Shining, Clear",French
Clarice,F,"Bright, Shining, Clear",French
Clarice,F,"Bright, Shining, Clear",Greek
Clarice,F,"Bright, Shining, Clear",Latin
Clarice,F,"Bright, Shining, Gentle, Famous",English
Clarimond,F,Brilliant protectress,German
Clarimonda,F,Brilliant protectress,German
Clarimonde,F,Brilliant protectress,German
Clarinda,F,Beautiful,Spanish
Clarinda,F,"Bright, Shining, Clear",French
Clarine,F,Mother of Lancelot,Arthurian Legend
Clarion,M,Name of a king,Arthurian Legend
Claris,F,"Bright, Shining, Clear",French
Claris,F,"Bright, Shining, Clear",Greek
Claris,F,"Bright, Shining, Clear",Latin
Clarisa,F,"Bright, Shining, Clear",Spanish
Clarissa,F,"Bright, Shining, Clear",French
Clarissa,F,"Bright, Shining, Clear",Greek
Clarissa,F,"Bright, Shining, Clear",Latin
Clarissa,F,"Bright, Shining, Gentle, Famous",English
Clarissa,F,Clear,Spanish
Clarissant,F,Sister of Gawain,Arthurian Legend
Clarisse,F,"Bright, Shining, Clear",French
Clarisse,F,"Bright, Shining, Clear",Greek
Clarisse,F,"Bright, Shining, Clear",Latin
Clarita,F,"Bright, Shining, Clear",French
Clark,M,"Cleric, Scholar",English
Clark,M,"Cleric, Scholar",French
Clarke,M,"Cleric, Scholar",English
Clarke,M,"Cleric, Scholar",French
Clarkson,M,"Cleric, Scholar",English
Clarkson,M,"Cleric, Scholar",French
Claron,M,"Bright, Shining, Clear",Latin
Clarrie,F,"Bright, Shining, Clear",French
Clarrie,F,"Bright, Shining, Clear",Greek
Clarrie,F,"Bright, Shining, Clear",Latin
Clarrisa,F,"Bright, Shining, Gentle, Famous",English
Claud,M,Lame,English
Claud,F,Lame,Latin
Claude,M,Lame,English
Claude,F,Lame,Latin
Claudell,F,Lame,Latin
Claudelle,F,Lame,English
Claudelle,F,Lame,German
Claudette,F,Lame,English
Claudette,F,Lame,French
Claudette,F,Lame,German
Claudette,F,Lame,Latin
Claudia,F,Lame,English
Claudia,F,Lame,German
Claudia,F,Lame,Latin
Claudia,F,Lame,Spanish
Claudine,F,Lame,English
Claudine,F,Lame,French
Claudine,F,Lame,German
Claudio,M,"Appeared in Much Ado About Nothing, Measure for Measure",Shakespearian
Claudio,M,Lame,English
Claudio,M,Lame,Spanish
Claudio,F,Lame,Latin
Claudius,M,"Appeared in Hamlet, Julius Caesar",Shakespearian
Claudius,M,Lame,English
Claudius,F,Lame,Latin
Claus,M,People's victory,Greek
Clay,M,"Born of the earth, Clay",English
Clay,F,"Adhere, Mortal",German
Clay,F,"Born of the earth, Clay",English
Clayborne,M,"Born of the earth, Clay",English
Clayborne,F,"Adhere, Mortal",German
Clayborne,F,"Born of the earth, Clay",English
Claybourne,M,"Born of the earth, Clay",English
Claybourne,F,"Born of the earth, Clay",English
Clayburn,M,"Born of the earth, Clay",English
Clayland,F,"Adhere, Mortal",German
Clayton,M,"Born of the earth, Clay",English
Clayton,F,"Adhere, Mortal",German
Clayton,F,"Born of the earth, Clay",English
Clea,F,"Praise, Muse of history",Greek
Cleantha,F,Glory,English
Cleavon,M,From the cliff,English
Cleit,M,Rocky eminence,Scottish
Clem,M,Merciful,Latin
Clemence,F,"Clemency, Mercy, Roman Goddess of pity",French
Clemens,M,Merciful,Latin
Clement,M,Merciful,Latin
Clementina,F,"Clemency, Mercy, Roman Goddess of pity",French
Clementina,F,Merciful,Latin
Clementina,F,Merciful,Spanish
Clementine,F,Merciful,French
Clementine,F,Merciful,Latin
Clements,M,Merciful,Latin
Clementyne,F,Merciful,Latin
Clemmons,M,Merciful,Latin
Clemon,M,Merciful,Latin
Clennan,M,Finnian's servant,Scottish
Cleo,F,"Praise, Muse of history",Greek
Cleomenes,M,Appeared in A Winter's Tale,Shakespearian
Cleon,M,Appeared in Pericles,Shakespearian
Cleon,M,From the cliff,English
Cleon,F,"Praise, Muse of history",Greek
Cleonie,F,Daughter of a river God,Irish
Cleopatra,F,Appeared in Antony & Cleopatra,Shakespearian
Cleopatra,F,"Praise, Muse of history",Greek
Cleopatra,F,Queen of Egypt,African
Cleva,F,From the cliff,English
Cleve,M,From the cliff,English
Cleveland,M,From the cliff,English
Clevon,M,From the cliff,English
Cliantha,F,Flower of glory,Greek
Cliff,M,From the cliff,English
Clifford,M,Cliff-side ford,English
Cliffton,M,From the farm near the cliff,English
Clifland,M,From the cliff,English
Clifton,M,From the farm near the cliff,English
Cliftun,M,From the farm near the cliff,English
Clint,M,Hillside town,English
Clinton,M,Hillside town,English
Clinttun,M,Hillside town,English
Clintwood,M,Hillside town,English
Clio,F,"Praise, Muse of history",Greek
Clitus,M,Appeared in Julius Caesar,Shakespearian
Clive,M,From the cliff,English
Clodagh,F,From Clodagh,Irish
Clodovea,F,Famous warrior,Spanish
Clodoveo,M,Famous warrior,Spanish
Cloe,F,Blooming,Greek
Cloris,F,Pale,German
Cloten,M,Appeared in Cymbeline,Shakespearian
Clothilde,F,Clover,English
Clotilda,F,Heroine,German
Clotilde,F,Clover,English
Clotilde,F,Heroine,German
Clover,F,Clover,Anglo-Saxon
Clover,F,Clover,English
Clovis,M,Famous warrior,German
Clovis,M,Name of a king,French
Clovis,F,Clover,English
Cluny,M,From the meadow,Irish
Clust,M,Mythical son of Clustfeinad,Celtic
Clustfeinad,M,Mythical father of Clust,Celtic
Clyde,M,Heard from afar,Welsh
Clyde,M,"Place name, Scottish Clyde river",Scottish
Clyffton,M,From the farm near the cliff,English
Clyfland,M,From the cliff,English
Clyford,M,Cliff-side ford,English
Clyftun,M,From the farm near the cliff,English
Clyve,M,From the cliff,English
Cnidel,M,Name of a king,Arthurian Legend
Cnut,M,Kindness,Danish
Cnut,M,Name of a king,Anglo-Saxon
Cnutte,M,Kindness,Danish
Coalan,M,Slender,Celtic
Cobar,M,Burnt earth,Australian Abori
Coburn,M,Place name,English
Coburn,M,Place name,Scottish
Cobweb,M,Appeared in Midsummer Night's Dream,Shakespearian
Coby,M,Place name,English
Coby,M,Place name,Scottish
Cochava,F,Star,Hebrew
Cocheta,F,Stranger,Native American
Cochise,M,Renowned warrior chief of the Chiricahua Apache,Native American
Cochiti,F,Forgotten,Spanish
Cochlain,M,Hooded,Irish
Cocidius,M,Mythical hunter God,Celtic
Coco,F,A pet name,French
Coco,F,Help,Spanish
Codee,F,Helpful,English
Codee,F,Helpful,Irish
Codell,M,Helpful,English
Codell,M,Helpful,Irish
Codey,M,Helpful,English
Codey,M,Helpful,Irish
Codi,M,"Assistant, A cushion, Helpful",English
Codi,F,"Assistant, A cushion, Helpful",English
Codi,F,Helpful,Irish
Codie,M,"Assistant, A cushion, Helpful",Celtic
Codie,M,"Assistant, A cushion, Helpful",English
Codie,M,Helpful,Irish
Codier,F,"Assistant, A cushion, Helpful",English
Cody,M,"Assistant, A cushion, Helpful",Celtic
Cody,M,"Assistant, A cushion, Helpful",English
Cody,M,"Assistant, A cushion, Helpful",Irish
Cody,F,"Assistant, A cushion, Helpful",English
Cody,F,"Assistant, A cushion, Helpful",Irish
Codyr,F,"Assistant, A cushion, Helpful",English
Cofahealh,M,Lives at the cave slope,English
Coghlan,M,Hooded,Irish
Coilin,M,Virile,Irish
Coillcumhann,M,From the narrow forest,Irish
Coinneach,M,Handsome,Celtic
Coinneach,M,Handsome,Irish
Coira,F,Seething pool,Scottish
Coire,M,Seething pool,Scottish
Coireail,M,"Lordly, Proud",Irish
Colan,M,People's victory,English
Colan,M,People's victory,French
Colbert,M,Dark haired,French
Colbert,M,Seaman,English
Colbey,M,Dark haired,French
Colby,M,Coal town,Anglo-Saxon
Colby,M,Coal town,English
Colby,F,Dark skinned,English
Cole,M,People's victory,English
Cole,M,People's victory,Greek
Coleen,F,Girl,Celtic
Coleen,F,Girl,Gaelic
Coleen,F,Girl,Irish
Coleman,M,"Charcoal burner, Peace",English
Coleman,M,Dove,Irish
Colemann,M,"Charcoal burner, Peace",English
Colene,F,Girl,Celtic
Colene,F,Girl,Gaelic
Colene,F,Girl,Irish
Colet,M,People's victory,Greek
Coleta,F,Victorious,Spanish
Coletta,F,Victorious,French
Colette,F,"Necklace, People's victory",French
Colette,F,People's victory,Greek
Coletun,M,From the dark town,English
Coley,M,People's victory,English
Colfre,M,Dove,English
Colier,M,"Charcoal merchant, Coal miner",English
Colin,M,People's victory,English
Colin,M,People's victory,French
Colin,M,People's victory,Greek
Colin,M,People's victory,Scottish
Colin,M,"Youth, Child",Celtic
Colina,F,People's victory,Scottish
Colis,M,Son of the dark man,English
Colla,M,An ancient Irish name whos meaning is lost in antiquety,Irish
Colleen,F,Girl,Celtic
Colleen,F,Girl,Gaelic
Colleen,F,Girl,Irish
Collena,F,Girl,Irish
Collene,F,Girl,Irish
Colletta,F,Victorious,French
Collette,F,"Necklace, People's victory",French
Collette,F,People's victory,Greek
Collier,M,"Charcoal merchant, Coal miner",English
Collin,M,People's victory,English
Collin,M,People's victory,French
Collin,M,People's victory,Greek
Collin,M,Virile,Irish
Collin,M,"Youth, Child",Celtic
Collins,M,People's victory,English
Collins,M,People's victory,French
Collins,M,People's victory,Greek
Collins,M,"Youth, Child",Celtic
Collis,M,Son of the dark man,English
Collyer,M,"Charcoal merchant, Coal miner",English
Colm,M,Disciple of Saint Columbia,Scottish
Colm,M,Dove,Irish
Colman,M,"Charcoal burner, Peace",English
Colman,M,Dove,Irish
Colmcilla,F,Dove,Irish
Colmcille,M,Dove,Irish
Colon,M,Dove,Spanish
Colquhoun,M,From Colquhoun,Scottish
Colson,M,People's victory,English
Colston,M,Town of colt-breeding,English
Colt,M,Horse herdsman,English
Colten,M,Town of colt-breeding,English
Colter,M,Horse herdsman,English
Coltere,M,Horse herdsman,English
Colton,M,Town of colt-breeding,English
Coltrane,M,Horse herdsman,English
Columbia,F,Dove,English
Columbo,M,Dove,Irish
Colver,M,Dove,English
Colvert,M,Seaman,English
Colvyr,M,Dove,English
Colyer,M,"Charcoal merchant, Coal miner",English
Colyn,M,People's victory,English
Colyn,M,People's victory,French
Colys,M,Son of the dark man,English
Coman,M,Bent,Irish
Coman,M,Noble,Arabic
Comfort,M,Strengthen,Latin
Comfort,F,Strength,French
Comforte,F,Strength,French
Comhghan,M,Twin,Irish
Cominius,M,Appeared in Coriolanus,Shakespearian
Comsy,M,"Order, Universe",Greek
Comyn,M,From Comines,Scottish
Comyn,M,Shrewd,Irish
Comyna,F,Shrewd,Irish
Con,M,"Brave counsel, Wise",German
Con,M,"Knowledgable, Wise",Celtic
Conaire,M,"Knowledgable, Wise",Irish
Conal,M,"High, Mighty",Celtic
Conal,M,"High, Mighty",Irish
Conall,M,"High, Mighty",Irish
Conall,M,Strong in battle,Celtic
Conan,M,"Desire, Wise aid, Hound lover",Irish
Conan,M,"Knowledgable, Wise",Celtic
Conant,M,"Knowledgable, Wise",Celtic
Conary,M,An ancient Irish name whos meaning is lost in antiquety,Irish
Concepcion,M,Father of nations,Spanish
Concepcion,F,"Fertile one, Mother",Spanish
Concepta,F,Reference to the Immaculate Conception,Irish
Concetta,F,Reference to the Immaculate Conception,Spanish
Concha,M,Father of nations,Spanish
Concha,F,"Fertile one, Mother",Spanish
Conchetta,F,Reference to the Immaculate Conception,Spanish
Conchobar,M,Mythical hero,Celtic
Conchobara,F,"Strong willed, Wise",Irish
Conchobarra,F,"Strong willed, Wise",Irish
Conchobarre,F,"Strong willed, Wise",Irish
Conchobhar,M,"Strong willed, Wise",Irish
Condan,M,Dark haired wise man,Celtic
Condon,M,Dark haired wise man,Celtic
Condwiramurs,F,Wife of Percival,Arthurian Legend
Congalie,F,Constant,Irish
Conlan,M,Hero,Irish
Conleth,M,"Ardent, Wise",Irish
Conley,M,"Ardent, Wise",Irish
Conn,M,"High, Mighty",Irish
Conn,M,"Knowledgable, Wise",Celtic
Connacht,M,"Brave counsel, Wise",Irish
Connal,M,"High, Mighty",Celtic
Connal,M,"High, Mighty",Irish
Connal,F,Constant,Irish
Conncetta,F,"Faithful, Firmness",Latin
Connell,M,"High, Mighty",Irish
Connell,M,Strong in battle,Celtic
Conner,M,"Desire, Wise aid, Hound lover",Celtic
Conner,M,"Desire, Wise aid, Hound lover",Irish
Conners,M,"Desire, Wise aid, Hound lover",Celtic
Conners,M,"Desire, Wise aid, Hound lover",Irish
Connie,M,"Brave counsel, Wise",German
Connie,M,Father of nations,Spanish
Connie,M,"Strong willed, Wise",Irish
Connie,F,"Faithful, Firmness",English
Connie,F,"Faithful, Firmness",Latin
Connie,F,"Fertile one, Mother",Spanish
Connla,M,Mythical son of Conn,Celtic
Connlaio,M,"Ardent, Wise",Irish
Connolly,M,"Brave counsel, Wise",Irish
Connor,M,"Desire, Wise aid, Hound lover",Celtic
Connor,M,"Desire, Wise aid, Hound lover",Irish
Conny,M,"Strong willed, Wise",Irish
Conny,F,"Faithful, Firmness",Latin
Conor,M,"Desire, Wise aid, Hound lover",Celtic
Conor,M,"Desire, Wise aid, Hound lover",Irish
Conrad,M,"Brave counsel, Wise",German
Conrade,M,Appeared in Much Ado About Nothing,Shakespearian
Conradin,M,Honest advisor,German
Conradina,F,Brave,German
Conradine,F,Brave,German
Conrado,M,"Brave counsel, Wise",Spanish
Conrado,M,Honest advisor,German
Conroy,M,"Brave counsel, Wise",German
Conroy,M,"Knowledgable, Wise",Irish
Conroy,M,"Persistent, Perseverance",Celtic
Conshita,F,Reference to the Immaculate Conception,Spanish
Consolacion,F,Consolation,Spanish
Consolata,F,Consolation,Spanish
Constance,F,Appeared in King John,Shakespearian
Constance,F,"Faithful, Firmness",English
Constance,F,"Faithful, Firmness",French
Constance,F,"Faithful, Firmness",Latin
Constancia,F,"Constancy, Steadfastness",French
Constancia,F,"Faithful, Firmness",English
Constant,F,"Faithful, Firmness",Latin
Constantia,F,"Constancy, Steadfastness",Spanish
Constantia,F,"Faithful, Firmness",Latin
Constantine,M,"Faithful, Firmness",Latin
Constantine,F,"Faithful, Firmness",Latin
Constantino,M,Constant,Spanish
Constanza,F,Constant,Spanish
Constanza,F,"Faithful, Firmness",Latin
Consuela,F,Consolation,Spanish
Consuelo,M,Consolation,Spanish
Consuelo,F,Consolation,Spanish
Conway,M,Hound of the plains,Celtic
Conway,M,Hound of the plains,Irish
Conway,M,Hound of the plains,Welsh
Conwy,M,Hound of the plains,Welsh
Cony,M,"From the round hill, Seething pool, Ravine",Irish
Cony,M,From the round hill; Seething pool; Ravine,English
Cooey,M,Hound of the plains,Irish
Cooley,M,Hound of Ulster,Irish
Coolie,M,Hound of Ulster,Irish
Cooney,M,Handsome,Irish
Coop,M,Barrel maker,Latin
Cooper,M,Barrel maker,English
Cooper,M,Barrel maker,Latin
Coopersmith,M,Barrel maker,English
Coorah,F,Woman,Australian Abori
Coorain,M,The wind,Australian Abori
Cora,F,Maiden,English
Cora,F,Maiden,Greek
Cora,F,Seething pool,Scottish
Coral,F,Coral,English
Coral,F,Rock,Latin
Coralee,F,Maiden,English
Coralee,F,Maiden,Greek
Coralia,F,Maiden,English
Coralie,F,Coral,French
Coralie,F,Maiden,English
Coralie,F,Maiden,Greek
Coraline,F,Coral,English
Coralyn,F,Maiden,English
Corann,M,Mythical druid,Celtic
Corazana,F,Heart,Spanish
Corazon,F,Heart,Spanish
Corban,M,A gift devoted to God,Greek
Corben,M,Raven-haired,English
Corben,M,Raven-haired,French
Corbenic,M,Where the grail was kept,Arthurian Legend
Corbet,M,"Raven, Black hair",English
Corbet,M,"Raven, Black hair",French
Corbett,M,"Raven, Black hair",English
Corbett,M,"Raven, Black hair",French
Corbin,M,"Raven, Black hair",English
Corbin,M,"Raven, Black hair",French
Corbmac,M,Charioteer,Irish
Corby,M,"Raven, Black hair",English
Corby,M,"Raven, Black hair",French
Corbyn,M,Raven-haired,English
Corbyn,M,Raven-haired,French
Corcoran,M,Of reddish complexion,Gaelic
Corcoran,M,Reddish skin,Irish
Cord,M,Cordmaker,English
Cord,M,Honest advisor,German
Cord,M,Small rope,Latin
Cordale,M,Cordmaker,English
Cordas,M,Small rope,Latin
Corday,M,Cordmaker,English
Cordelia,F,Appeared in King Lear,Shakespearian
Cordelia,F,"Rope, Heart, A sea jewel",Celtic
Cordelia,F,"Rope, Heart, A sea jewel",Latin
Cordell,M,Cordmaker,English
Cordell,M,Small rope,Latin
Cordie,M,Small rope,Latin
Cordy,M,Small rope,Latin
Cordy,F,"Rope, Heart, A sea jewel",Celtic
Cordy,F,"Rope, Heart, A sea jewel",Latin
Coreen,F,Maiden,Irish
Coreen,F,The end of the hills,Australian Abori
Coreene,F,Maiden,Irish
Corella,F,Maiden,English
Corene,F,Maiden,Greek
Coretta,F,"From the round hill, Seething pool, Ravine",English
Coretta,F,"From the round hill, Seething pool, Ravine",Irish
Coretta,F,Little maiden,French
Coretta,F,Maiden,Greek
Corette,F,Little maiden,French
Corey,M,Chosen,Anglo-Saxon
Corey,M,From the hollow,English
Corey,M,From the hollow,Irish
Corey,M,"Raven, From the hollow",Celtic
Corey,M,Seething pool,Scottish
Corey,F,From the court,French
Corey,F,"From the court, Courteous",English
Corey,F,From the hollow,Irish
Cori,M,From the round hill,Irish
Cori,F,"From the round hill, Seething pool, Ravine",English
Cori,F,"From the round hill, Seething pool, Ravine",Irish
Cori,F,Maiden,Greek
Coriann,F,"From the round hill, Seething pool, Ravine",English
Coriann,F,"From the round hill, Seething pool, Ravine",Irish
Corianne,F,"From the round hill, Seething pool, Ravine",English
Corianne,F,"From the round hill, Seething pool, Ravine",Irish
Corie,F,"From the round hill, Seething pool, Ravine",English
Corie,F,"From the round hill, Seething pool, Ravine",Irish
Corin,M,Appeared in As You Like It,Shakespearian
Corin,M,Spear-bearer,English
Corin,M,Spear-bearer,Irish
Corin,F,Maiden,Greek
Corina,F,Maiden,Greek
Corinda,F,Maiden,Greek
Corinna,F,Maiden,Greek
Corinne,F,Maiden,French
Corinne,F,Maiden,Greek
Corisa,F,"From the round hill, Seething pool, Ravine",English
Corisa,F,"From the round hill, Seething pool, Ravine",Irish
Corissa,F,Maiden,English
Corissa,F,Maiden,Greek
Corisse,F,Maiden,Greek
Corita,F,Maiden,Greek
Corky,M,"From the round hill, Seething pool, Ravine",English
Corky,M,"From the round hill, Seething pool, Ravine",Irish
Corlan,M,Spear-bearer,Irish
Corlene,F,Maiden,English
Corley,M,"From the round hill, Seething pool, Ravine",English
Corley,M,"From the round hill, Seething pool, Ravine",Irish
Corliss,F,"Cheerful, Generous",English
Cormac,M,Charioteer,Celtic
Cormac,M,Charioteer,Irish
Cormack,M,Raven's son,Irish
Cormic,M,Charioteer,Irish
Cormick,M,Charioteer,Irish
Cornel,M,Horn,Latin
Cornelia,F,Horn,Latin
Cornelio,M,Horn,Spanish
Cornelius,M,"Appeared in Hamlet, Cymbeline",Shakespearian
Cornelius,M,Horn,Latin
Cornelius,M,"Strong willed, Wise",Irish
Cornell,M,Horn,Latin
Corowa,F,A rocky river,Australian Abori
Corrado,M,"Brave counsel, Wise",German
Corran,M,Spear-bearer,Irish
Correen,F,Maiden,Irish
Correena,F,Maiden,Irish
Corren,M,Spear-bearer,Irish
Correy,M,"From the round hill, Seething pool, Ravine",English
Correy,M,"From the round hill, Seething pool, Ravine",Irish
Correy,M,"Raven, From the hollow",Celtic
Corri,F,"From the round hill, Seething pool, Ravine",English
Corri,F,"From the round hill, Seething pool, Ravine",Irish
Corrianna,F,"From the round hill, Seething pool, Ravine",English
Corrianna,F,"From the round hill, Seething pool, Ravine",Irish
Corrianne,F,"From the round hill, Seething pool, Ravine",English
Corrianne,F,"From the round hill, Seething pool, Ravine",Irish
Corrick,M,"From the round hill, Seething pool, Ravine",English
Corrick,M,"From the round hill, Seething pool, Ravine",Irish
Corrie,M,"Raven, From the hollow",Celtic
Corrie,F,"From the round hill, Seething pool, Ravine",English
Corrie,F,"From the round hill, Seething pool, Ravine",Irish
Corrin,M,Spear-bearer,Irish
Corrissa,F,Maiden,English
Corry,M,"Raven, From the hollow",Celtic
Corry,F,"From the round hill, Seething pool, Ravine",English
Corry,F,"From the round hill, Seething pool, Ravine",Irish
Cort,M,"Brave counsel, Wise",German
Cort,M,Court attendant,French
Cort,M,Lives in the King's court,English
Cortez,M,Courteous,Spanish
Cortie,F,From the court,English
Cortie,F,From the court,French
Cortland,M,Court attendant,French
Cortland,M,Lives in the King's court,English
Cortney,F,"From the court, Courteous",English
Cortney,F,"From the court, Courteous",French
Corvin,M,Crow,Latin
Corvin,M,Raven-haired,English
Corvin,M,Raven-haired,French
Corwan,M,"Raven, Black hair",English
Corwan,M,"Raven, Black hair",French
Corwin,M,"Raven, Black hair",English
Corwin,M,"Raven, Black hair",French
Corwine,M,Friend of the heart,English
Corwyn,M,"Raven, Black hair",English
Corwyn,M,"Raven, Black hair",French
Cory,M,From the round hill,Irish
Cory,M,"From the round hill, Seething pool, Ravine",English
Cory,M,"Raven, From the hollow",Celtic
Cory,M,Seething pool,Scottish
Cory,F,"From the round hill, Seething pool, Ravine",English
Cory,F,"From the round hill, Seething pool, Ravine",Irish
Cosette,F,People's victory,Greek
Cosette,F,Victorious,French
Cosmo,M,"Order, Universe",Greek
Costanza,F,"Faithful, Firmness",Latin
Costard,M,Appeared in Love's Labour Lost,Shakespearian
Costello,M,Surname,Irish
Cotovatre,F,Name of a lake,Arthurian Legend
Coty,M,Old house,English
Coughlan,M,Hooded,Irish
Coulter,M,Horse herdsman,English
Countess,F,"Title, Feminine equivalent of Count",English
Court,M,Appeared in Henry V,Shakespearian
Court,M,Court attendant,French
Court,M,Lives in the King's court,English
Court,F,From the court,English
Court,F,From the court,French
Courtenay,M,Court attendant,English
Courtenay,M,Court attendant,French
Courtland,M,Court attendant,French
Courtland,M,Lives in the King's court,Anglo-Saxon
Courtland,M,Lives in the King's court,English
Courtlyn,F,Courteous,English
Courtlyn,F,Courteous,French
Courtnay,M,Dweller by the dark stream,Anglo-Saxon
Courtnay,M,From the court,French
Courtney,M,From the court,Anglo-Saxon
Courtney,F,From the court,English
Courtney,F,From the court,French
Covell,M,Lives at the cave slope,English
Coventina,F,Name of a nymph,Anglo-Saxon
Coventina,F,Water Goddess,Celtic
Covey,M,Hound of the plains,Irish
Covyll,M,Lives at the cave slope,English
Cowan,M,Twin,Irish
Cowen,M,Twin,Irish
Cowyn,M,Twin,Irish
Coyan,M,Modest,French
Coyle,M,Leader in battle,Irish
Coyne,M,Modest,French
Cradawg,M,Mythical son of Bran,Celtic
Craig,M,From near the crag,Celtic
Craig,M,From near the crag,Scottish
Crandall,M,From the crane valley,English
Crandell,M,From the crane valley,English
Cranleah,M,From the crane meadow,English
Cranley,M,From the crane meadow,English
Cranly,M,From the crane meadow,English
Cranmer,M,Appeared in Henry VIII,Shakespearian
Crannog,M,Lake dweller,Scottish
Cranston,M,From the crane estate,English
Cranstun,M,From the crane estate,English
Crawford,M,From the crow's ford,English
Crayton,M,Border dweller,Scottish
Cree,M,Lives at a town near a creek,English
Creed,M,"Belief, Guiding principle",English
Creedon,M,"Belief, Guiding principle",Irish
Creiddyladl,F,Daughter of Llud,Arthurian Legend
Creigh,M,Lives at a town near a creek,English
Creighton,M,From the farm by the creek,Scottish
Creighton,M,Lives at a town near a creek,English
Creissant,F,One who creates,French
Creketun,M,Lives at the creek town,English
Crescent,F,One who creates,French
Crespin,M,Curly haired,English
Cressida,F,Appeared in Troilus & Cressida,Shakespearian
Cressida,F,Gold,Greek
Cretien,M,"Annointed, Follower of Christ",French
Crevan,M,Fox,Irish
Crichton,M,Lives at a town near a creek,English
Cris,M,"Annointed, Follower of Christ",Spanish
Crisann,F,"Bright, Shining, Clear",Spanish
Crisanna,F,"Bright, Shining, Clear",Spanish
Crisp,M,Curly haired,Latin
Crispen,M,Curly haired,Latin
Crispin,M,Curly haired,English
Crispin,M,Curly haired,Latin
Crispina,F,Curly haired,African
Crispo,M,Curly haired,Latin
Crispus,M,Curly haired,Latin
Crissa,F,"Annointed, Follower of Christ",Irish
Crissa,F,"Annointed, Follower of Christ",Scottish
Crissie,F,"Annointed, Follower of Christ",Irish
Crissie,F,"Annointed, Follower of Christ",Scottish
Crissy,F,"Annointed, Follower of Christ",Irish
Crissy,F,"Annointed, Follower of Christ",Scottish
Crista,F,"Annointed, Follower of Christ",Spanish
Cristal,F,"Bright, Shining, Clear",Latin
Cristale,F,"Bright, Shining, Clear",Latin
Cristel,F,"Bright, Shining, Clear",Latin
Cristen,F,"Annointed, Follower of Christ",English
Cristian,M,"Annointed, Follower of Christ",Spanish
Cristiano,M,"Annointed, Follower of Christ",Spanish
Cristie,F,"Annointed, Follower of Christ",Irish
Cristie,F,"Annointed, Follower of Christ",Scottish
Cristin,F,"Annointed, Follower of Christ",English
Cristin,F,Servant of Christ,Irish
Cristina,F,"Annointed, Follower of Christ",Spanish
Cristine,F,"Annointed, Follower of Christ",Spanish
Cristo,M,Christ bearer,Greek
Cristobal,M,Christ bearer,Spanish
Cristobel,M,Christ bearer,Greek
Cristofer,M,With Christ inside,Spanish
Cristofor,M,With Christ inside,Spanish
Cristoforo,M,Christ bearer,Greek
Cristol,F,"Bright, Shining, Clear",Latin
Criston,M,"Annointed, Follower of Christ",Spanish
Cristos,M,"Annointed, Follower of Christ",Spanish
Cristoval,M,With Christ inside,Spanish
Cristy,F,"Annointed, Follower of Christ",Irish
Cristy,F,"Annointed, Follower of Christ",Scottish
Cristyn,F,"Annointed, Follower of Christ",English
Croften,M,From the enclosed town,English
Crofton,M,From the enclosed town,English
Crogher,M,Loves hounds,Irish
Crohoore,M,Loves hounds,Irish
Crom,M,Crooked,Scottish
Crombwiella,M,Lives by the winding stream,English
Crompton,M,From the winding farm,English
Cromwell,M,Appeared in Henry VIII,Shakespearian
Cromwell,M,From the crooked well,Scottish
Cromwell,M,Lives by the winding stream,English
Cronan,M,Little dark one,Irish
Crosby,M,Lives near the town crossing,English
Crosleah,M,From the cross meadow,English
Crosleigh,M,From the cross meadow,English
Crosley,M,From the cross meadow,English
Crosly,M,From the cross meadow,English
Crowley,M,Hunch backed,Irish
Croydon,M,Place name,English
Cruadhlaoich,M,Hunch backed,Irish
Cruim,M,Crooked,Scottish
Cruz,M,Cross,Spanish
Crystal,F,"Annointed, Follower of Christ",English
Crystal,F,"Bright, Shining, Clear",Latin
Csaba,M,"Sheperd, Wanderer",Hungarian
Cseke,M,"Puller, Carrier",Hungarian
Csepel,M,Young forest,Hungarian
Csilla,F,"Defender, Guard",Hebrew
Csongor,M,Hunting bird,Hungarian
Cuanaic,M,Handsome,Irish
Cuartio,M,Born fourth,Spanish
Cuarto,M,Born fourth,Spanish
Cuchulain,M,Mythical Hound of Ulster,Celtic
Cuinn,M,Intelligent,Irish
Cuinn,M,"Knowledgable, Wise",Celtic
Culain,M,Mythical smith,Celtic
Culann,M,Mythical smith,Celtic
Culbart,M,Seaman,English
Culbert,M,Seaman,English
Culhwch,M,Arthur's nephew,Arthurian Legend
Cullan,M,Good looking lad,Irish
Cullen,M,Good looking lad,Irish
Cullen,M,"Young animal, Handsome",Celtic
Culley,M,"Young animal, Handsome",Celtic
Cullin,M,Good looking lad,Irish
Cullin,M,"Young animal, Handsome",Celtic
Cullo,M,Hound of Ulster,Irish
Culloden,M,From the nook of the marsh,Scottish
Cullodena,F,From the broken mossy ground,Scottish
Cullodina,F,From the broken mossy ground,Scottish
Culver,M,Dove,English
Cumania,F,Name of a saint,Irish
Cumhea,M,Hound of the plains,Irish
Cumin,M,From Comines,Scottish
Cumina,F,From Comines,Scottish
Cumming,M,From Comines,Scottish
Cundrie,F,Woman who condemns Percival,Arthurian Legend
Cundry,F,Woman who condemns Percival,Arthurian Legend
Cunningham,M,From Cunningham,Scottish
Cupere,M,Barrel maker,English
Cupid,M,Appeared in Timon of Athens,Shakespearian
Curan,M,Appeared in King Lear,Shakespearian
Curcio,M,Courteous,French
Curcio,M,Polite,Spanish
Curio,M,Appeared in Twelfth Night,Shakespearian
Curran,M,Churn,English
Curran,M,Hero,Gaelic
Curran,M,Surname,Irish
Curren,M,Churn,English
Currer,M,Churn,English
Currey,M,Churn,English
Currie,M,Churn,English
Currier,M,Churn,English
Currito,M,Free,Spanish
Curro,M,Free,Spanish
Curry,M,Churn,English
Curt,M,"Brave counsel, Wise",German
Curt,M,Courteous,English
Curt,M,Courteous,French
Curt,M,Courteous,Latin
Curtice,M,Courteous,French
Curtis,M,Appeared in Taming of the Shrew,Shakespearian
Curtis,M,"Brave counsel, Wise",German
Curtis,M,Courteous,English
Curtis,M,Courteous,French
Curtis,M,Courteous,Latin
Curtiss,M,Courteous,English
Curtiss,M,Courteous,French
Curtys,M,Courteous,French
Curtys,M,Courteous,Latin
Cus,M,Name of a king,Arthurian Legend
Custennin,M,Mythical giant,Celtic
Cuthbeorht,M,Noted splendor,English
Cuthbert,M,Noted splendor,English
Cutler,M,Makes knives,English
Cuuladh,M,Hound of Ulster,Irish
Cuyler,M,Chapel,Irish
Cuyler,F,Chapel,Celtic
Cwen,F,Queen,Anglo-Saxon
Cwen,F,Queen,English
Cwene,F,Queen,Anglo-Saxon
Cwentun,M,From the queen's estate,English
Cy,M,"Lordly, Proud",Greek
Cy,M,"Master, Lord",English
Cy,M,The sun,Persian
Cybele,F,Asiastic Goddess,Latin
Cybil,F,Asiastic Goddess,Latin
Cybil,F,"Prophetess, Fortune-teller",Greek
Cybill,F,Asiastic Goddess,Latin
Cybill,F,"Prophetess, Fortune-teller",Greek
Cydnee,F,From the city of St. Denis,English
Cydney,F,From the city of St. Denis,English
Cyla,F,From ancient times,Latin
Cym,F,Ruler,English
Cymbeline,M,Appeared in Cymbeline,Shakespearian
Cymberly,F,From the royal meadow,English
Cyna,F,Wise,Gaelic
Cynara,F,Thistle,Greek
Cynburleigh,F,From the royal meadow,English
Cyndee,F,"Moon, Greek God",English
Cyndi,F,"Moon, Greek God",English
Cyndi,F,"Moon, Greek God",Greek
Cyndy,F,"Moon, Greek God",English
Cyne,F,Ruler,English
Cyne,F,Wise,Gaelic
Cyneburhleah,F,Lives in the royal meadow,English
Cyneleah,M,Lives in the royal meadow,English
Cyneley,M,Lives in the royal meadow,English
Cyneric,M,Royal,English
Cynerik,M,Royal,English
Cynhard,M,Bold guardian,English
Cyning,M,Royal,English
Cynric,M,Royal,English
Cynrik,M,Royal,English
Cynthia,F,"Moon, Greek God",Greek
Cyntia,F,One of the names of the mythological mood Goddess Artemis,Spanish
Cyprien,F,Cypriot,French
Cyra,M,"Lordly, Proud",Greek
Cyrano,M,From Cyrene,Greek
Cyrene,F,Name of a mythological nymph,Greek
Cyril,M,"Lordly, Proud",Greek
Cyrill,M,"Master, Lord",English
Cyrilla,F,"Lordly, Proud",Greek
Cyrilla,F,"Mistress, Lady",English
Cyrus,M,The sun,Persian
Cyst,F,Best,Anglo-Saxon
Cytheria,F,Venus,Latin
Cyzarine,F,Royalty,Russian
Cyzars,F,Royalty,Russian
D'Arcy,M,From Arcy,French
D'Arcy,F,Dark,Gaelic
D'Arcy,F,From Arcy,French
D'Artagnan,M,"Bear hero, A rock",Welsh
D'Artagnan,M,Leader,French
D'anton,M,"Priceless, Flourishing, Flower",French
D'arcy,F,Dark,Irish
D'or,F,Golden,French
Daba,F,"Kind words, Bee swarm",Hebrew
Dabi,M,Dearly loved,Hebrew
Dabir,M,Teacher,Arabic
Dabney,M,Beloved one,Hebrew
Dabria,F,Name of an angel,Latin
Dace,M,Of the nobility,English
Dace,M,Of the nobility,French
Dacey,M,Of the nobility,English
Dacey,M,Of the nobility,French
Dacey,F,Southerner,Gaelic
Dacia,F,From Dacia,Latin
Dacian,M,Of the nobility,English
Dacian,M,Of the nobility,French
Dacio,M,From Dacia,Spanish
Dacio,F,From Arcy,French
Dack,M,"Place name, French town Dax",English
Dada,F,Children with curly hair,African
Dada,F,My judge is the Lord,Hebrew
Dae,F,Greatness,Korean
Daedbot,F,Penance,Anglo-Saxon
Daeg,M,Black haired,Irish
Daegal,M,Dweller by the dark stream,Anglo-Saxon
Daegan,M,Black haired,Irish
Dael,M,Lives in the valley,English
Dael,F,Lives in the valley,English
Daelan,M,Angel from God,English
Daelyn,F,Small valley,English
Daena,F,From Denmark,English
Daesgesage,F,Day's eye,English
Dag,M,"Day, Brightness, New day, Dane's joy",Norwegian
Dagan,M,"Grain, Corn",Hebrew
Daganya,F,Ceremonial grain,Hebrew
Daganyah,F,Ceremonial grain,Hebrew
Dagen,M,Black haired,Irish
Dagget,M,"Day, Brightness, New day, Dane's joy",Norwegian
Dagian,F,Dawn,English
Dagmar,F,Joy of the Danes,Danish
Dagmar,F,"Joyous day, Bright",German
Dagna,F,A splendid day,German
Dagney,M,"Day, Brightness, New day, Dane's joy",Norwegian
Dagny,M,"Day, Brightness, New day, Dane's joy",Norwegian
Dagny,F,"Day, Brightness, New day, Dane's joy",Norwegian
Dagobert,M,Shining sun,German
Dagoberto,M,Glorious day,German
Dagomar,F,Glorious day,German
Dagonet,M,Arthur's fool,Arthurian Legend
Daguenet,M,Arthur's fool,Arthurian Legend
Dagwood,M,From the bright one's forest,English
Dahana,M,A Rudra,Indian
Dahlia,F,"A branch, To draw water",Hebrew
Dahy,M,Quick and agile,Irish
Dai,F,Great,Japanese
Daibheid,M,Dearly loved,Irish
Daileass,M,From the waterfall,Scottish
Dailey,M,"Assembly, From the valley",Anglo-Saxon
Dailey,M,"Assembly, From the valley",Gaelic
Daily,M,"Assembly, From the valley",Anglo-Saxon
Daily,M,"Assembly, From the valley",Gaelic
Daimen,M,"Tamer, Divine power, Fate",Greek
Daimh,M,Ox,Scottish
Daimhin,M,Bard,Irish
Dain,M,From Denmark,English
Daina,F,From Denmark,English
Daine,M,From Denmark,English
Daine,M,From Denmark,French
Daine,F,Danish,Danish
Daire,M,Wealthy,Irish
Daisey,F,"Day's eye, Flower name",English
Daisey,F,"Day's eye, Flower name",Latin
Daisi,F,Daisy,French
Daisi,F,"Day's eye, Flower name",English
Daisie,F,"Day's eye, Flower name",English
Daisy,F,"Day's eye, Flower name",English
Daisy,F,"Day's eye, Flower name",Latin
Daisy,F,The day's eye,Anglo-Saxon
Daithi,M,"Beloved, Quick, Agile",Irish
Daiton,M,Bright town,English
Daizy,F,"Day's eye, Flower name",English
Dakarai,M,Happiness,African
Dakin,F,Danish,Danish
Dakota,M,"Friend, Ally, Tribal name",Native American
Dakota,F,Friend,Native American
Dakotah,M,"Friend, Ally, Tribal name",Native American
Dakshesh,M,Shiva,Indian
Daku,M,Sand,Australian Abori
Dal,M,"Blind, A saint's name",Irish
Dal,M,Valley,English
Dal,M,Valley,Norse
Dal,F,Valley,English
Dal,F,Valley,Norse
Dalan,M,"Blind, A saint's name",Irish
Dalbert,M,Proud,English
Dale,M,Valley,English
Dale,M,Valley,Norse
Dale,F,Valley,English
Dale,F,Valley,Norse
Dalen,M,Angel from God,English
Dalena,F,Woman from Magdala,English
Dalene,F,Small valley,English
Dalenna,F,Woman from Magdala,English
Daley,M,"Assembly, From the valley",Anglo-Saxon
Daley,M,"Assembly, From the valley",Gaelic
Daley,M,Lives in the valley,English
Dalia,F,"A branch, To draw water",Hebrew
Dalia,F,Gentle,Arabic
Daliah,F,Tree branch,Hebrew
Dalila,F,Delicate,Spanish
Dalila,F,Desired,Hebrew
Dalila,F,Gentle,African
Dalis,F,Drawing water,Hebrew
Dalit,F,Drawing water,Hebrew
Daliyah,F,Tree branch,Hebrew
Dallan,M,Blind,Irish
Dallan,M,Valley,English
Dallan,M,Valley,Norse
Dallan,F,Valley,English
Dallan,F,Valley,Norse
Dallas,M,Dwells by the waterfall,Celtic
Dallas,M,"Place name, Wise",Scottish
Dallas,F,"From the dales, The valley meadows, Name of a Texas city",Scottish
Dallen,M,"Blind, A saint's name",Irish
Dallen,M,Valley,English
Dallen,M,Valley,Norse
Dallen,F,Valley,English
Dallen,F,Valley,Norse
Dallin,M,Blind. A saint's name.,Irish
Dallin,M,Valley,English
Dallin,M,Valley,Norse
Dallin,F,Valley,English
Dallin,F,Valley,Norse
Dallis,F,"From the dales, The valley meadows, Name of a Texas city",Scottish
Dallon,M,"Blind, A saint's name",Irish
Dalon,M,"Blind, A saint's name",Irish
Dalston,M,From Dougal's place,Anglo-Saxon
Dalton,M,Valley,English
Dalton,M,Valley,Norse
Dalton,F,Valley,English
Dalton,F,Valley,Norse
Daly,M,Adviser,Gaelic
Daly,F,Small valley,English
Dalyell,M,From the little field,Scottish
Dalyn,M,Angel from God,English
Dalziel,M,From the little field,Scottish
Damalis,F,One who gentles,Greek
Daman,M,Demon,Celtic
Daman,M,Tame,Irish
Damara,F,Gentle girl,Greek
Damario,M,"Heifer, Gentle",Spanish
Damaris,F,Heifer,Greek
Damaris,F,Heifer,Hebrew
Dame,F,A lady,German
Damek,M,Earth,Czech
Damen,M,"Tamer, Divine power, Fate",Greek
Damh,M,Ox,Scottish
Damhnait,F,The name of a saint bard,Irish
Damia,F,Untamed,French
Damian,M,Tame,Spanish
Damian,M,"Tamer, Divine power, Fate",Greek
Damiana,F,Untamed,French
Damiane,F,Untamed,French
Damien,M,One who tames,French
Damien,M,"Tamer, Divine power, Fate",Greek
Damien,F,Untamed,French
Damini,F,Lightning,Indian
Damita,F,Little noble,Spanish
Damon,M,"Constant, Day",English
Damon,M,Tame,Irish
Damon,M,"Tamer, Divine power, Fate",Greek
Dan,M,My judge is the Lord,Hebrew
Dana,M,God is my judge,English
Dana,F,A Dane,Irish
Dana,F,From Denmark,Celtic
Dana,F,From Denmark,English
Dana,F,From Denmark,Swedish
Dana,F,My judge is the Lord,Hebrew
Danae,F,God is my judge,Hebrew
Danah,F,From Denmark,English
Dane,M,From Denmark,English
Dane,M,God will judge,Hebrew
Dane,F,Danish,Danish
Daneen,F,Danish,Danish
Danel,M,God will judge,Hebrew
Danele,F,God is my judge,Hebrew
Danell,M,God is my judge,Hebrew
Danelle,F,God is my judge,Hebrew
Danelle,F,God will judge,English
Danet,F,My judge is the Lord,Hebrew
Danett,F,My judge is the Lord,Hebrew
Danetta,F,God is my judge,Hebrew
Danette,F,God is my judge,Hebrew
Danette,F,God will judge,English
Daney,F,From Denmark,English
Dani,M,God will judge,Hebrew
Dani,F,God will judge,Spanish
Dania,F,"From Denmark, God will judge",English
Dania,F,God is my judge,Hebrew
Danica,F,The morning star,Slavic
Danice,F,God will judge,English
Danice,F,My judge is the Lord,Hebrew
Daniel,M,My judge is the Lord,Hebrew
Daniela,F,God is my judge,Hebrew
Daniele,M,My judge is the Lord,Hebrew
Daniella,F,My judge is the Lord,Hebrew
Danielle,F,God is my judge,Hebrew
Daniels,M,My judge is the Lord,Hebrew
Danielus,M,My judge is the Lord,Hebrew
Danika,F,Danish,Danish
Danil,M,My judge is the Lord,Hebrew
Danila,M,God will judge,Hebrew
Danila,F,God is my judge,Hebrew
Danilo,M,God is my judge,Spanish
Danilo,M,My judge is the Lord,Hebrew
Danior,M,Born with teeth,English
Danise,F,God will judge,English
Danit,F,God is my judge,Hebrew
Danita,F,God is my judge,Hebrew
Danita,F,God will judge,English
Danita,F,God will judge,Spanish
Danitza,F,God will judge,English
Dann,M,God is my judge,Hebrew
Danna,F,God will judge,English
Danna,F,My judge is the Lord,Hebrew
Dannah,F,"A Biblical place name, God will judge",English
Dannalee,F,God will judge,English
Dannee,F,God will judge,English
Dannell,F,God will judge,English
Dannelle,F,God will judge,English
Dannett,F,My judge is the Lord,Hebrew
Danni,M,My judge is the Lord,Hebrew
Danni,F,God will judge,English
Dannia,F,God will judge,English
Dannie,M,God is my judge,Hebrew
Dannon,F,God will judge,English
Danny,M,My judge is the Lord,Hebrew
Danon,M,From Denmark,English
Danrelle,F,Hidden,English
Dantae,M,"Enduring, The medieval Hell known as Dante's Inferno",Spanish
Dante,M,"Enduring, The medieval Hell known as Dante's Inferno",Spanish
Dante,M,Lasting,Italian
Dantel,M,"Enduring, The medieval Hell known as Dante's Inferno",Spanish
Dantina,F,God will judge,English
Danton,M,"Priceless, Flourishing, Flower",French
Dantrell,M,God is my judge,Hebrew
Dany,F,God will judge,English
Danya,F,God is my judge,Hebrew
Danya,F,God will judge,English
Danylynn,F,Dearly loved,English
Daphna,F,Victory,Hebrew
Daphnah,F,Victory,Hebrew
Daphne,F,"The laurel tree, Sweet bay tree, Honor, Victory",Greek
Daphne,F,Victory,Hebrew
Daphnis,F,"The laurel tree, Sweet bay tree, Honor, Victory",Greek
Dar,M,Pearl ??,Hebrew
Dara,F,Angel of rain and rivers,Persian
Dara,F,"Compassion, Wisdom",Hebrew
Dara,F,"Small great one, Riches",Arabic
Dara,F,"Small great one, Riches",Gaelic
Darach,M,Oak,Scottish
Daracha,F,From the oak,Scottish
Darah,F,Wise,Hebrew
Daralis,F,Beloved,English
Daran,M,Great,English
Darby,M,Free,Irish
Darby,M,Without envy,English
Darby,F,Free,Gaelic
Darcel,M,"From Arcy, Dark",French
Darcel,F,Dark,French
Darcel,F,Dark,Irish
Darcell,M,"From Arcy, Dark",French
Darcell,F,Dark,French
Darcell,F,Dark,Irish
Darcelle,F,Dark,French
Darcelle,F,Dark,Irish
Darcey,F,Dark,French
Darcey,F,Dark,Gaelic
Darcey,F,Dark,Irish
Darchelle,F,Dark,French
Darchelle,F,Dark,Irish
Darci,F,Dark,French
Darci,F,Dark,Gaelic
Darci,F,Dark,Irish
Darcia,F,Dark,French
Darcia,F,Dark,Irish
Darcie,F,Dark,French
Darcie,F,Dark,Gaelic
Darcie,F,Dark,Irish
Darcio,M,"From Arcy, Dark",French
Darcy,M,Dark,Celtic
Darcy,M,From Arcy,French
Darcy,F,Dark,Gaelic
Darcy,F,Dark,Irish
Darcy,F,From Arcy Dark.,French
Dare,M,"Great, Rocky hill",English
Dare,M,"Great, Rocky hill",Gaelic
Dare,F,"Tenderly beloved, Little darling",Anglo-Saxon
Dareau,M,"Dearly loved, Open",French
Dareen,F,Wise,Hebrew
Darek,M,"Gifted ruler, From Theodoric",English
Darek,M,"Gifted ruler, From Theodoric",German
Darel,M,Blue sky,Australian Abori
Darel,M,"Dearly loved, Open",English
Darel,F,"Tenderly beloved, Little darling",Anglo-Saxon
Darelene,F,"Tenderly beloved, Little darling",Anglo-Saxon
Darell,M,Beloved,English
Darelle,F,"Tenderly beloved, Little darling",Anglo-Saxon
Daren,M,Born at night,African
Daren,M,Great,English
Darence,M,Beloved,English
Darerca,F,Name of a saint,Irish
Daria,F,Queen,Persian
Daria,F,Rich,Spanish
Darian,M,King,Persian
Daric,M,Gifted ruler,Irish
Darice,F,Wise,Hebrew
Darick,M,Gifted ruler,Irish
Dariel,M,"Dearly loved, Open",English
Dariel,M,"Dearly loved, Open",French
Dariell,M,"Dearly loved, Open",English
Dariell,M,"Dearly loved, Open",French
Darien,M,King,Persian
Darika,F,Maiden,Indian
Darin,M,"Great, Rocky hill",English
Darin,M,"Great, Rocky hill",Gaelic
Darine,F,Queen,Persian
Dario,M,King,Persian
Dario,M,Rich,Spanish
Darissa,F,Wise,Hebrew
Darius,M,King,Persian
Darla,F,Darling,English
Darla,F,"Tenderly beloved, Little darling",Anglo-Saxon
Darleane,F,Darling,English
Darleen,F,Darling,English
Darleen,F,"Tenderly beloved, Little darling",Anglo-Saxon
Darleena,F,Darling,English
Darlen,F,"Tenderly beloved, Little darling",Anglo-Saxon
Darlena,F,Darling,English
Darlene,F,Darling,English
Darlene,F,"Tenderly beloved, Little darling",Anglo-Saxon
Darlin,F,"Tenderly beloved, Little darling",Anglo-Saxon
Darlina,F,Darling,English
Darline,F,Darling,English
Darline,F,"Tenderly beloved, Little darling",Anglo-Saxon
Darlynn,F,"Tenderly beloved, Little darling",Anglo-Saxon
Darnall,M,From Darnall,English
Darneil,M,Hidden,English
Darnel,M,Hidden,English
Darnell,M,Hidden nook,English
Darnell,F,Hidden,English
Darnetta,F,Hidden,English
Darnisha,F,Hidden,English
Darold,M,Beloved,English
Darolyn,F,Dearly loved,English
Daron,M,Great,English
Darpak,M,"Kamdev, God of love",Indian
Darra,F,"Small great one, Riches",Arabic
Darra,F,"Small great one, Riches",Gaelic
Darra,F,Wise,Hebrew
Darragh,M,Wealthy,Irish
Darrah,F,Wise,Hebrew
Darrance,M,Beloved,English
Darrel,M,Beloved,English
Darrell,M,Dearly loved,English
Darrell,M,Open,French
Darrellyn,F,Dearly loved,English
Darren,M,"Great, Rocky hill",English
Darren,M,"Great, Rocky hill",Gaelic
Darrence,M,Beloved,English
Darri,F,A track,Australian Abori
Darrick,M,Gifted ruler,Irish
Darrill,F,Dearly loved,English
Darrin,M,"Great, Rocky hill",English
Darrin,M,"Great, Rocky hill",Gaelic
Darroch,M,Gifted ruler,Irish
Darrock,M,Gifted ruler,Irish
Darrold,M,Beloved,English
Darroll,M,"Dearly loved, Open",English
Darroll,M,"Dearly loved, Open",French
Darron,M,Great,English
Darry,M,Wealthy,Irish
Darryl,M,Beloved,English
Darryll,M,Beloved,English
Darryll,F,Dearly loved,English
Darryn,M,"Great, Rocky hill",English
Darryn,M,"Great, Rocky hill",Gaelic
Darshan,M,A God's name,Indian
Dartagnan,M,Leader,French
Darthmouth,M,Port's name,English
Darton,M,From the deer park,English
Daruka,M,Deodar tree,Indian
Darvell,M,Town of eagles,English
Darvell,M,Town of eagles,French
Darvin,M,Beloved,English
Darwin,M,Beloved friend,English
Darwyn,M,Beloved friend,English
Dary,M,Wealthy,Irish
Daryl,M,Beloved,English
Daryl,F,Dearly loved,English
Daryl,F,"Tenderly beloved, Little darling",Anglo-Saxon
Daryle,M,"Dearly loved, Open",English
Darylene,F,Dearly loved,English
Daryll,M,Beloved,English
Daryll,F,Dearly loved,English
Darylyn,F,Dearly loved,English
Dasha,F,Gift of God,Greek
Dattatreya,M,"A son of Atri, A god",Indian
Daunte,M,"Enduring, The medieval Hell known as Dante's Inferno",Spanish
Davan,F,Beloved one,Hebrew
Dave,M,Beloved one,Hebrew
Dave,M,David's son,Scottish
Daveen,F,Beloved one,English
Daveney,F,Place name,French
Daveon,M,Beloved,English
Davet,M,Beloved,French
Davey,M,Beloved,Irish
Davey,M,Beloved one,Hebrew
Davi,M,Beloved one,Hebrew
Davi,F,Cherished,Hebrew
Davia,F,Beloved one,English
Davian,M,Beloved,English
Davianna,F,Beloved one,English
David,M,Beloved one,Hebrew
Davida,F,Beloved one,English
Davida,F,Beloved one,Hebrew
Davidson,M,Beloved,English
Davidson,M,Beloved one,Hebrew
Davidson,M,David's son,Scottish
Davidsone,M,David's son,English
Davie,M,Beloved,Irish
Davie,M,Beloved one,Hebrew
Daviel,M,Beloved,English
Davin,M,Beloved,French
Davin,M,Bright finn,Scandinavian
Davin,M,Dearly loved,Hebrew
Davina,F,Beloved one,English
Davina,F,Beloved one,Hebrew
Davinah,F,Cherished,Hebrew
Davine,F,Beloved one,English
Davine,F,The one who is loved,Hebrew
Davinia,F,Beloved one,English
Davinia,F,Cherished,Hebrew
Davion,M,Beloved,English
Daviot,M,Beloved,English
Davis,M,Beloved one,Hebrew
Davis,M,David's son,English
Davis,M,David's son,Scottish
Davison,M,Beloved,English
Davita,F,Beloved one,English
Davita,F,The one who is loved,Hebrew
Davitah,F,Cherished,Hebrew
Davite,F,Cherished,Hebrew
Davonna,F,Beloved one,English
Davy,M,Beloved,English
Davy,M,Beloved one,Hebrew
Davy,F,Beloved one,English
Davyd,M,Beloved one,Hebrew
Davynn,F,Beloved one,English
Dawayne,M,Dark,Irish
Dawes,M,Beloved one,Hebrew
Dawn,F,Awakening,Anglo-Saxon
Dawn,F,Dawn,English
Dawna,F,"Daybreak, The first appearance of daylight",English
Dawne,F,"Daybreak, The first appearance of daylight",English
Dawnelle,F,"Daybreak, The first appearance of daylight",English
Dawnetta,F,"Daybreak, The first appearance of daylight",English
Dawnette,F,"Daybreak, The first appearance of daylight",English
Dawnielle,F,"Daybreak, The first appearance of daylight",English
Dawnika,F,"Daybreak, The first appearance of daylight",English
Dawson,M,Beloved,English
Dawson,M,Beloved one,Hebrew
Dawud,M,Dearly loved,Arabic
Dax,M,"Place name, French town Dax",French
Daxter,M,"Dexterous, Right side",Latin
Daxton,M,"Place name, French town Dax",English
Day,M,Bright town,English
Day,M,"Day, Brightness, New day, Dane's joy",Norwegian
Daya,F,Bird,Hebrew
Daya,F,"Kindness, Mercy, Pity",Indian
Dayanand,M,One who likes being merciful,Indian
Dayita,F,Beloved,Indian
Dayla,F,"To draw water, Branch, Bough",Hebrew
Daylan,M,Angel from God,English
Dayle,M,Lives in the valley,English
Dayle,F,Lives in the valley,English
Daylen,M,Angel from God,English
Daylin,M,Angel from God,English
Daylon,M,Angel from God,English
Daymond,M,"Day, Brightness, New day, Dane's joy",Norwegian
Dayna,F,From Denmark,English
Dayne,M,From Denmark,English
Dayne,M,From Denmark,French
Dayne,F,From Denmark,English
Dayner,M,From Denmark,English
Daysi,F,"Day's eye, Flower name",English
Dayson,M,Beloved,English
Dayton,M,Bright town,English
Dayton,M,"Day, Brightness, New day, Dane's joy",Norwegian
Deacon,M,"Dusty one, Servant",English
Deacon,M,"Servant, Messenger",Greek
Deaglan,M,Name of a saint,Irish
Deagmund,M,Bridge protector,English
Deakin,M,"Dusty one, Servant",English
Dealbeorht,M,Proud,English
Dealbert,M,Proud,English
Dean,M,"Presiding official, Valley",English
Dean,M,"Presiding official, Valley",Latin
Deana,F,"Presiding official, Valley",Latin
Deana,F,"Presiding official, Valley, Divine",English
Deanda,F,Divine protector,English
Deandra,F,Divine,Latin
Deandra,F,Divine protector,English
Deandrea,F,Divine protector,English
Deandria,F,Divine protector,English
Deane,M,"Presiding official, Valley",English
Deane,F,"Presiding official, Valley",Latin
Deane,F,"Presiding official, Valley, Divine",English
Deann,F,Divine,English
Deanna,F,"Presiding official, Valley",Latin
Deanna,F,"Presiding official, Valley, Divine",English
Deanna,F,"Vindicated, Judgement",Hebrew
Deanne,M,From the dene,English
Deanne,F,"Presiding official, Valley",English
Deanne,F,"Presiding official, Valley",Latin
Dearbhail,F,True desire,Irish
Dearborn,M,From the deer brook,English
Dearbourne,M,From the deer brook,English
Dearg,M,Red,Scottish
Dearg,M,Red haired,German
Dearg,M,Son of Daghda,Celtic
Deavon,M,Place name,English
Deb,F,"A bee, To speak kind words",Hebrew
Debashish,M,Pleased by Gods,Indian
Debbie,F,"A bee, To speak kind words",Hebrew
Debby,F,"A bee, To speak kind words",Hebrew
Debo,F,"A bee, To speak kind words",Hebrew
Debora,F,"A bee, To speak kind words",Hebrew
Deborah,F,"A bee, To speak kind words",Hebrew
Debra,F,"A bee, To speak kind words",Hebrew
Debrah,F,"A bee, To speak kind words",Hebrew
Debralee,F,"A bee, To speak kind words",Hebrew
Dechtire,F,Mythical nursemaid,Celtic
Decla,F,The name of an Irish saint,Irish
Declan,M,"Servant, Messenger",Greek
Declan,M,The name of an Irish saint,Irish
Decretas,M,Appeared in Antony & Cleopatra,Shakespearian
Dedre,F,Sorrowful,Irish
Dedric,M,Gifted ruler,German
Dedrick,M,Gifted ruler,English
Dedrick,M,People's ruler,German
Dedrik,M,People's ruler,German
Dee,F,Abbreviation of names beginning with the letter D-,English
Dee,F,"Young girl, One who rages, Broken-hearted",Celtic
Deeana,F,Divine,English
Deeandra,F,Divine protector,English
Deeann,F,Divine,English
Deeanna,F,Divine,English
Deedee,F,"Young girl, One who rages, Broken-hearted",Celtic
Deedra,F,"Young girl, One who rages, Broken-hearted",Celtic
Deedra,F,"Young girl, One who rages, Broken-hearted",Irish
Deegan,M,Black haired,Irish
Deems,M,Judge's son,English
Deen,M,God will judge,Hebrew
Deena,F,"Presiding official, Valley",English
Deena,F,"Presiding official, Valley",Latin
Deena,F,"Vindicated, Judgement",Hebrew
Deepa,F,A lamp,Indian
Deepak,M,"Lamp, Kindle",Indian
Deepali,F,Collection of lamps,Indian
Deepankar,M,One who lights lamps,Indian
Deependra,M,Lord of light,Indian
Deepika,F,A little light,Indian
Deepti,F,"Glow, Shine",Indian
Deerward,M,Guardian of the deer,English
Defena,F,From Devonshire,English
Deheune,F,Divine one,Celtic
Deianira,F,Wife of Heracles,Greek
Deidra,F,"Young girl, One who rages, Broken-hearted",Irish
Deidre,F,"Young girl, One who rages, Broken-hearted",Irish
Deiene,F,Religious holiday,Spanish
Deikun,F,Religious holiday,Spanish
Deina,F,Religious holiday,Spanish
Deiphobus,M,Appeared in Troilus & Cressida,Shakespearian
Deirdra,F,"Young girl, One who rages, Broken-hearted",Celtic
Deirdra,F,"Young girl, One who rages, Broken-hearted",Irish
Deirdre,F,"Young girl, One who rages, Broken-hearted",Celtic
Deja,F,Before,French
Dejah,F,Before,French
Deka,F,One who pleases,African
Deke,M,"Dusty one, Servant",English
Dekel,M,"Dusty one, Servant",English
Dekle,M,"Dusty one, Servant",English
Del,M,Sea,Latin
Del,M,Surname,French
Dela eden,F,Saviour,African
Dela o kande,F,Girls born after many males,African
Delaina,F,Descendant of the challenger,Gaelic
Delaine,M,From the elder tree grove,French
Delaine,M,From the elder tree grove,Irish
Delaine,F,Descendant of the challenger,Gaelic
Delana,F,Soft as wool,Italian
Delancy,M,From the elder tree grove,French
Delancy,M,From the elder tree grove,Irish
Delane,M,From the elder tree grove,French
Delane,M,From the elder tree grove,Irish
Delaney,M,From the elder tree grove,French
Delaney,M,From the river Slaney,Irish
Delaney,F,Descendant of the challenger,Gaelic
Delanna,F,Soft as wool,Italian
Delano,M,From the elder tree grove,Irish
Delano,M,Of the night,French
Delbert,M,"Proud, Noble, Bright",English
Delbin,F,"Dolphin, Flower name",Greek
Delcine,F,Sweet,Spanish
Deleep,M,"A king, Ancestor of Rama",Indian
Delfina,F,Dolphin,Spanish
Deli,M,Warrior,Hungarian
Delia,F,"Rope, Heart, A sea jewel",Celtic
Delia,F,"Rope, Heart, A sea jewel",Latin
Delia,F,Visible from delos,Greek
Delice,F,Gives pleasure,English
Delicia,F,Charming,Spanish
Delicia,F,Delightful,Latin
Delight,F,Gives pleasure,English
Delight,F,Pleasure,French
Delila,F,"Delicate, Amorous, Desired. Languishing",Hebrew
Delilah,F,"Delicate, Amorous, Desired. Languishing",Hebrew
Delisa,F,Gives pleasure,English
Delisha,F,Gives pleasure,English
Delissa,F,Gives pleasure,English
Delit,F,Pleasure,French
Deliza,F,Gives pleasure,English
Dell,F,Noble,English
Dell,F,Noble,German
Dell,F,Of nobility,Teutonic
Della,F,Adorned,Latin
Della,F,"Bright, Noble",German
Della,F,Noble,English
Della,F,Noble kind,Hebrew
Della,F,Of nobility,Teutonic
Delling,M,Scintillating,Scandinavian
Delling,F,Scintillating,Scandinavian
Delma,F,Noble protector,German
Delma,F,Of the sea,Spanish
Delman,M,From the valley,English
Delmar,M,Mariner,French
Delmar,M,Of the sea,Spanish
Delmar,M,Sea,Latin
Delmar,F,Of the sea,Spanish
Delmara,F,Of the sea,Spanish
Delmare,F,Of the sea,French
Delmer,M,Mariner,French
Delmer,M,Sea,Latin
Delmi,F,Noble protector,German
Delmira,F,Noble protector,German
Delmon,M,Of the mountain,English
Delmon,M,Of the mountain,French
Delmont,M,Of the mountain,English
Delmont,M,Of the mountain,French
Delmore,M,Of the sea,French
Delmore,M,Sea,Latin
Delmy,F,Noble protector,German
Delora,F,"Lady of sorrows, From the virgin Mary",English
Delores,F,"Lady of sorrows, From the virgin Mary",English
Delores,F,"Lady of sorrows, From the virgin Mary",Latin
Deloris,F,"Lady of sorrows, From the virgin Mary",English
Deloris,F,"Lady of sorrows, From the virgin Mary",Latin
Delphia,F,Dolphin,Spanish
Delphine,F,A thirteenth-century French saint,French
Delphine,F,Calmness,Greek
Delray,M,Of the King,French
Delrick,M,Of the King,French
Delrico,M,Of the King,French
Delron,M,Of the King,French
Delroy,M,Of the King,French
Delsin,M,He is so,Native American
Delton,M,From the town in the valley,English
Delvin,M,Godly friend,English
Delvon,M,Godly friend,English
Delyssa,F,Gives pleasure,English
Deman,M,Judge,Anglo-Saxon
Deman,M,Man,Dutch
Demario,M,"Heifer, Gentle",Spanish
Demason,M,Judge's son,English
Demasone,M,Judge's son,English
Dembe,F,Peace,African
Demelza,F,Fortified,English
Demeter,M,"Lover of the earth, Given to the Earth Goddess",Greek
Demetrius,M,"Appeared in Antony & Cleopatra, Midsummer Night's Dream",Shakespearian
Demetrius,M,"Lover of the earth, Given to the Earth Goddess",Greek
Demi,F,"Half, Small",French
Demi,F,Mythological goddess of corn and harvest,English
Demie,F,Fort on a hill,English
Demitiri,M,"Lover of the earth, Given to the Earth Goddess",Greek
Demothi,M,Talks while walking,Native American
Dempsey,M,From the judge's meadow,English
Dempsey,M,Proud,Gaelic
Dempsey,M,Proud,Irish
Dempster,M,Judge,English
Den,M,From the oak tree valley,English
Dena,F,Divine valley,English
Dena,F,Valley,Native American
Dena,F,"Vindicated, Judgement",Hebrew
Denby,M,From the Danish settlement,Anglo-Saxon
Denby,M,Home of the Danes,Swedish
Denby,F,Home of the Danes,Swedish
Dene,M,"Presiding official, Valley",English
Dene,F,Divine valley,English
Deneen,F,Divine valley,English
Deneise,F,Of dionysus,Greek
Denes,M,"Wine, Drama",Greek
Denes,M,"Wine, Drama",Hungarian
Denholm,M,Home of the Danes,Swedish
Denholme,M,Home of the Danes,Swedish
Denholme,F,Home of the Danes,Swedish
Denia,F,Divine valley,English
Denica,F,Divine valley,English
Denice,F,Of dionysus,French
Denice,F,Of dionysus,Greek
Deniece,F,Of dionysus,French
Deniece,F,Of dionysus,Greek
Deniese,F,Of dionysus,Greek
Denim,M,Home of the Danes,Swedish
Denim,F,Home of the Danes,Swedish
Denis,M,Of dionysus,French
Denis,M,Of dionysus,Greek
Denisa,F,Of dionysus,Spanish
Denisc,M,Danish,Anglo-Saxon
Denise,F,Of dionysus,French
Denise,F,Of dionysus,Greek
Denisha,F,Of dionysus,French
Denissa,F,Of dionysus,French
Denisse,F,Of dionysus,French
Denit,M,Of dionysus,Greek
Denley,M,From the valley meadow,English
Denna,F,"Vindicated, Judgement",Hebrew
Dennet,M,Named for Saint Denys,French
Denney,M,Greek god of wine,English
Denni,F,Divine valley,English
Dennice,F,Of dionysus,Greek
Dennie,M,Greek god of wine,English
Dennis,M,Appeared in As You Like It,Shakespearian
Dennis,M,Greek god of wine,English
Dennis,M,Named for Saint Denys,French
Dennis,M,Of dionysus,Greek
Dennise,F,Of dionysus,French
Dennison,M,Greek god of wine,English
Dennison,M,Of dionysus,Greek
Denniston,M,Of dionysus,Greek
Dennit,M,Of dionysus,Greek
Denny,M,From the oak tree valley,English
Denny,M,Of dionysus,Greek
Dennys,M,Of dionysus,Greek
Denton,M,From the valley farm,English
Denver,M,From Anvers,French
Denver,M,Green valley,English
Denyce,F,Of dionysus,Greek
Denys,M,Named for Saint Denys,French
Denyse,F,Of dionysus,French
Denyse,F,Of dionysus,Greek
Denzel,M,Of dionysus,Greek
Denzel,M,Place name,English
Denzell,M,Of dionysus,Greek
Denzell,M,Place name,English
Denzil,M,Of dionysus,Greek
Denzil,M,Place name,English
Deo,M,Godlike,Greek
Deoch,F,Mythical princess of Munster,Celtic
Deogol,M,Secret,Anglo-Saxon
Deon,M,Of dionysus,English
Deon,M,Of dionysus,French
Deona,F,Divine,English
Deondra,F,Divine,English
Deonna,F,Divine,English
Deonne,F,Divine,English
Deoradhain,M,Exile,Irish
Deortun,M,From the deer park,English
Deorward,M,Guardian of the deer,English
Deorwine,M,"Friend of the deer, Gifted friend",English
Dep,F,Beautiful,Vietnamese
Der,M,Ruler,German
Derain,M,Of the mountains,Australian Abori
Derald,M,Beloved,English
Derby,F,Free,Gaelic
Derebourne,M,From the deer brook,English
Dereck,M,"Gifted ruler, From Theodoric",English
Dereck,M,"Gifted ruler, From Theodoric",German
Derek,M,Gifted ruler,English
Derek,M,Ruler,German
Dereka,F,Gifted ruler,English
Derell,M,"Dearly loved, Open",English
Derell,M,"Dearly loved, Open",French
Derex,M,Ruler,German
Derforgal,F,Servant of Dervor,Irish
Derforgala,F,Servant of Dervor,Irish
Derian,M,Harm,Anglo-Saxon
Derica,F,Gifted ruler,English
Derick,M,"Gifted ruler, From Theodoric",English
Derick,M,Ruler,German
Dericka,F,Gifted ruler,English
Derik,M,"Gifted ruler, From Theodoric",English
Derik,M,Ruler,German
Dermod,M,Free,Irish
Dermot,M,Free,Irish
Dermot,M,Free of envy,Celtic
Deron,M,Eree,Hebrew
Derora,F,Free,Hebrew
Derorice,F,Free,Hebrew
Derorit,F,Free,Hebrew
Derrall,M,"Dearly loved, Open",English
Derrall,M,"Dearly loved, Open",French
Derrance,M,Beloved,English
Derrek,M,"Gifted ruler, From Theodoric",English
Derrek,M,"Gifted ruler, From Theodoric",German
Derrell,M,"Dearly loved, Open",English
Derrell,M,"Dearly loved, Open",French
Derren,M,Great,English
Derrian,M,Great,English
Derrica,F,Gifted ruler,English
Derrick,M,"Gifted ruler, From Theodoric",English
Derrick,M,Ruler,German
Derrik,M,"Gifted ruler, From Theodoric",English
Derrik,M,Ruler,German
Derrill,M,"Dearly loved, Open",English
Derrill,M,"Dearly loved, Open",French
Derrin,M,Great,English
Derrold,M,Beloved,English
Derry,M,"Great lover, An ancient hero",Celtic
Derry,M,Oak grove,Irish
Derry,M,Ruler,German
Derry,F,Oak grove,Irish
Derryl,M,"Dearly loved, Open",English
Derval,F,True desire,Irish
Dervilia,F,True desire,Irish
Dervin,M,Gifted friend,English
Dervla,F,True desire,Irish
Dervon,M,Gifted friend,English
Dervorgilla,F,Servant of Dervor,Irish
Derwan,M,"Friend of the deer, Gifted friend",English
Derward,M,Guardian of the deer,English
Derwent,M,Place name,English
Derwin,M,"Friend of the deer, Gifted friend",English
Derwood,M,Gatekeeper,English
Derwyn,M,"Friend of the deer, Gifted friend",English
Derych,M,Ruler,German
Deryck,M,"Gifted ruler, From Theodoric",English
Deryck,M,"Gifted ruler, From Theodoric",German
Deryk,M,"Gifted ruler, From Theodoric",English
Deryk,M,"Gifted ruler, From Theodoric",German
Des,M,Abbreviation of names beginning with Des-,English
Des,M,Man of the world,Celtic
Des,M,Man of the world,Latin
Des,F,Destiny,French
Desarae,F,The one desired,French
Desaree,F,The one desired,French
Desdemona,F,Appeared in Othello,Shakespearian
Desdemona,F,"Ill-fated one, Misery",Greek
Desi,M,Man of the world,Celtic
Desi,M,Man of the world,Latin
Desi,M,"So long hoped for, Crave, Desire",French
Desi,F,"So long hoped for, Crave, Desire",French
Desi,F,"So long hoped for, Crave, Desire",Latin
Desideria,F,Desire,Spanish
Desideria,F,"So long hoped for, Crave, Desire",French
Desideria,F,"So long hoped for, Crave, Desire",Latin
Desiderio,M,Desired,Spanish
Desiderio,M,"So long hoped for, Crave, Desire",French
Desiderio,M,"So long hoped for, Crave, Desire",Latin
Desirae,F,"So long hoped for, Crave, Desire",French
Desirae,F,"So long hoped for, Crave, Desire",Latin
Desirat,F,Desired,French
Desire,M,Desired,French
Desire,F,Desired,French
Desire,F,"So long hoped for, Crave, Desire",English
Desiree,F,"So long hoped for, Crave, Desire",French
Desiree,F,"So long hoped for, Crave, Desire",Latin
Desiri,F,"So long hoped for, Crave, Desire",French
Desiri,F,"So long hoped for, Crave, Desire",Latin
Desmond,M,From south Munster,Irish
Desmond,M,Happy defender,Anglo-Saxon
Desmond,M,Man of the world,Celtic
Desmond,M,Man of the world,Latin
Desmond,M,Protective grace,English
Desmund,M,Protective grace,English
Desta,F,Happiness,African
Destan,M,By the still waters,French
Destanee,F,"Certain fortune, Fate, The mythological Greek god of fate",English
Destanee,F,"Certain fortune, Fate, The mythological Greek god of fate",French
Destin,M,Destiny,French
Destina,F,"Certain fortune, Fate, The mythological Greek god of fate",Spanish
Destine,F,"Certain fortune, Fate, The mythological Greek god of fate",English
Destine,F,"Certain fortune, Fate, The mythological Greek god of fate",French
Destinee,F,"Certain fortune, Fate, The mythological Greek god of fate",English
Destinee,F,Destiny,French
Destini,F,"Certain fortune, Fate, The mythological Greek god of fate",English
Destini,F,Destiny,French
Destinie,F,"Certain fortune, Fate, The mythological Greek god of fate",English
Destinie,F,"Certain fortune, Fate, The mythological Greek god of fate",French
Destiny,F,"Certain fortune, Fate, The mythological Greek god of fate",English
Destiny,F,Destiny,French
Deston,M,Destiny,French
Destrey,M,Surname,English
Destrey,M,Surname,French
Destrie,M,Surname,English
Destrie,M,Surname,French
Destry,M,Surname,English
Destry,M,Surname,French
Destry,F,War horse,French
Desty,F,Modest one,Latin
Desyre,F,"So long hoped for, Crave, Desire",English
Deutsch,M,A German,German
Dev,M,Abbreviation of names beginning with Dev-,English
Deva,F,Divine,Indian
Deva,F,Divine one,Celtic
Devadutt,M,Gift of God,Indian
Devaki,F,Mother of Krishna,Indian
Devan,M,Fighter of wrong,Spanish
Devan,M,Place name,English
Devan,F,Divine,English
Devan,F,Divine,French
Devana,F,Divine,English
Devana,F,Divine,French
Devanand,M,Joy of God,Indian
Devaney,F,Dark haired,Irish
Devang,M,Part of God,Indian
Devanie,F,Dark haired,Irish
Devanna,F,Divine,English
Devanna,F,Divine,French
Devante,M,Fighter of wrong,Spanish
Devany,F,Dark haired,Irish
Devarsi,M,Sage of the Devas,Indian
Devdas,M,Servant of God,Indian
Deven,M,Place name,English
Devendra,M,King of gods,Indian
Devenny,F,Dark haired,Irish
Devent,F,Bard,Irish
Deveon,M,Place name,English
Devera,F,Task,Spanish
Deveral,M,Place name,English
Deveral,M,Place name,French
Devere,M,Place name,English
Devere,M,Place name,French
Devereau,M,Place name,English
Devereau,M,Place name,French
Devereaux,M,Place name,English
Devereaux,M,Place name,French
Deverel,M,Place name,English
Deverel,M,Place name,French
Deverell,M,From the riverbank,Welsh
Deverell,M,Place name,English
Deverell,M,Place name,French
Deverick,M,Place name,English
Deverick,M,Place name,French
Devery,M,Place name,English
Devery,M,Place name,French
Devery,F,"A bee, To speak kind words",Hebrew
Devesh,M,God of Gods,Indian
Devi,M,Fighter of wrong,Spanish
Devi,F,"A bee, To speak kind words",Hebrew
Devi,F,Resides in heaven,Indian
Devilal,M,Son of Godess,Indian
Devin,M,"Divine, Perfect",French
Devin,M,Poet,Celtic
Devin,M,Poet,Gaelic
Devin,F,"Defender, Guard",English
Devin,F,Divine,French
Devin,F,Poet,Gaelic
Devine,M,Bard,Irish
Devinee,F,Dark haired,Irish
Devion,M,Place name,English
Deviprasad,M,Gift of Godess,Indian
Devland,M,Misfortune,Irish
Devlin,M,Beloved one,Hebrew
Devlin,M,Brave,Gaelic
Devlin,M,Surname,Irish
Devlon,M,Misfortune,Irish
Devlyn,M,Misfortune,Irish
Devnet,F,Bard,Irish
Devnet,F,Home of the Danes,Swedish
Devnet,F,Poet,Celtic
Devon,M,From Devon,Anglo-Saxon
Devon,M,Place name,English
Devon,F,"Defender, Guard",English
Devona,F,Divine,French
Devona,F,Divine one,Celtic
Devona,F,"Divine, From Devonshire",English
Devona,F,Protector,Anglo-Saxon
Devondra,F,Divine,English
Devondra,F,Divine,French
Devonn,M,Place name,English
Devonna,F,Divine,French
Devonna,F,"Divine, From Devonshire",English
Devonne,F,Divine,English
Devonne,F,Divine,French
Devony,F,Dark haired,Irish
Devora,F,"A bee, To speak kind words",Hebrew
Devorah,F,"A bee, To speak kind words",Hebrew
Devoria,F,"A bee, To speak kind words",Hebrew
Devra,F,"A bee, To speak kind words",Hebrew
Devraj,M,King of gods,Indian
Devri,F,"A bee, To speak kind words",Hebrew
Devron,M,Place name,English
Devry,M,Place name,English
Devry,M,Place name,French
Devyn,M,From Devon,Anglo-Saxon
Devyn,M,Place name,English
Devyn,M,Poet,Celtic
Devyn,F,Divine,English
Devyn,F,Divine,French
Devyna,F,From Devonshire,English
Devynn,F,Divine,English
Devynn,F,Divine,French
Dewain,M,Song,Celtic
Dewayne,M,Dark,Irish
Dewey,M,Beloved one,Hebrew
Dewey,M,Devin,Welsh
Dewey,M,Place name,English
Dewi,M,Beloved one,Hebrew
Dewitt,M,Blond,Welsh
Dex,M,"Dexterous, Right side",Latin
Dexter,M,"Dexterous, Right side",Latin
Deylin,M,Angel from God,English
Deysi,F,"Day's eye, Flower name",English
Dezirae,F,The one desired,French
Deziree,F,The one desired,French
Dhananjay,M,One who wins wealth,Indian
Dhanesh,M,Lord of wealth,Indian
Dhanyata,F,"Success, Fulfilment",Indian
Dhara,F,Constant flow,Indian
Dharini,F,Earth,Indian
Dharma,M,Law (religious),Indian
Dharmadev,M,Lord of law,Indian
Dharmendra,M,King of religion,Indian
Dharmesh,M,Master of religion,Indian
Dharuna,M,A rishi,Indian
Dhatri,F,Earth,Indian
Dhaval,M,Fair complexioned,Indian
Dheran,M,A gully,Australian Abori
Dhiren,M,Strong,Indian
Dhirendra,M,Lord of the brave,Indian
Dhoire,M,From the grove,Scottish
Dhriti,F,"Courage, Morale",Indian
Dhruv,M,Pole star,Indian
Di,F,Divine,French
Di,F,Divine,Latin
Dia,F,Day,Spanish
Diahann,F,Divine,French
Diahann,F,Divine,Latin
Diahna,F,Divine,French
Diamanda,F,"Of high value, Brilliant, The precious diamond stone",English
Diamanta,F,Like a diamond,French
Diamante,F,"Of high value, Brilliant, The precious diamond stone",English
Diamond,M,Bridge protector,English
Diamond,F,"Of high value, Brilliant, The precious diamond stone",English
Diamonique,F,"Of high value, Brilliant, The precious diamond stone",English
Diamont,M,Bridge protector,English
Diamontina,F,"Of high value, Brilliant, The precious diamond stone",English
Dian,F,Divine,French
Diana,F,"Appeared in All's Well that Ends Well, Pericles",Shakespearian
Diana,F,Divine,English
Diana,F,Divine,Latin
Diana,F,Goddess of the Moon,French
Dianda,F,Divine protector,English
Diandra,F,Divine,French
Diandra,F,Divine,Latin
Diandra,F,Divine protector,English
Diandre,M,Of dionysus,English
Diandre,M,Of dionysus,French
Diandre,F,Divine protector,English
Diane,F,Divine,French
Diane,F,Divine,Latin
Dianna,F,Divine,French
Diannah,F,Divine,French
Dianne,F,Divine,French
Diantha,F,Divine,English
Diantha,F,Divine,Latin
Dianthe,F,Divine flower,Greek
Dichali,M,Speaks a lot,Native American
Dick,M,Powerful ruler,English
Dick,M,Powerful ruler,French
Dick,M,Powerful ruler,German
Dicken,M,"Powerful, Rich ruler",English
Dickens,M,"Powerful, Rich ruler",English
Dickenson,M,"Powerful, Rich ruler",English
Dickie,M,Powerful ruler,English
Dickie,M,Powerful ruler,French
Dickie,M,Powerful ruler,German
Dickinson,M,"Powerful, Rich ruler",English
Dickson,M,Strong ruler,English
Dicky,M,Powerful ruler,English
Dicky,M,Powerful ruler,French
Dicky,M,Powerful ruler,German
Didier,M,Desired,French
Didrika,F,Folk rule,German
Diederich,M,People's ruler,German
Diederick,M,Gifted ruler,English
Diederick,M,Gifted ruler,German
Diederik,M,People's ruler,Danish
Diedre,F,"Young girl, One who rages, Broken-hearted",Irish
Diedrick,M,Gifted ruler,German
Diega,F,Supplanter,Spanish
Diego,M,Supplanter,Spanish
Diella,F,Worships God,Latin
Diera,F,From Diera,Anglo-Saxon
Dierck,M,People's ruler,German
Dierdra,F,"Young girl, One who rages, Broken-hearted",Celtic
Dierdre,F,Sorrowful,Irish
Dierdre,F,"Young girl, One who rages, Broken-hearted",Celtic
Dieter,M,People's ruler,German
Dietrich,M,People's ruler,German
Dietz,M,People's ruler,German
Digamber,M,Nacked,Indian
Digby,M,Settlement near a ditch,English
Digna,F,Worthy,Spanish
Dikesone,M,Son of Dick,English
Dikranouhi,F,Queen,Arabic
Dilan,M,Like a lion,French
Dilan,M,Like a lion,Irish
Dilip,M,"A king, Ancestor of Rama",Indian
Dillan,M,"Sea God, Son of the waves",Welsh
Dillen,M,Like a lion,French
Dillen,M,Like a lion,Irish
Dillian,F,Worshipped one,Latin
Dillion,M,Faithful,Celtic
Dillon,M,Faithful,Gaelic
Dillon,M,Like a lion,French
Dillon,M,Like a lion,Irish
Dillon,M,"Sea God, Son of the waves",Welsh
Dilys,F,Genuine,Welsh
Dimitri,M,"Lover of the earth, Given to the Earth Goddess",Greek
Dimitry,M,"Lover of the earth, Given to the Earth Goddess",Greek
Dimity,M,"Lover of the earth, Given to the Earth Goddess",Greek
Dina,F,From the valley,English
Dina,F,"Vindicated, Judgement",Hebrew
Dina,F,"Vindicated, Judgement",Spanish
Dinadan,M,Friend of Tristan,Arthurian Legend
Dinah,F,"Vindicated, Judgement",Hebrew
Dinesh,M,"Sun, God of the day",Indian
Dinkar,M,Sun,Indian
Dino,M,Abbreviation of names ending in -dino,Spanish
Dino,M,From the dene,English
Dinora,F,"Judged, Vindicated, In the bible Dinah was Jacob's only daughter",Hebrew
Dinora,F,"Vindicated, Judgement",Spanish
Dinorah,F,"Judged, Vindicated, In the bible Dinah was Jacob's only daughter",Hebrew
Dinsmore,M,From the hill fort,Celtic
Diomedes,M,"Appeared in Antony & Cleopatra, Troilus & Cressida",Shakespearian
Dion,M,Appeared in A Winter's Tale,Shakespearian
Dion,M,Of dionysus,English
Dion,M,Of dionysus,French
Dion,M,Of dionysus,Greek
Dion,F,Divine queen,Greek
Diona,F,From the sacred spring,English
Diondra,F,From the sacred spring,English
Diondre,M,Of dionysus,English
Diondre,M,Of dionysus,French
Dione,F,Divine queen,Greek
Dione,F,From the sacred spring,English
Dionis,F,God of wine,Spanish
Dionisa,F,God of wine,Spanish
Dionna,F,From the sacred spring,English
Dionne,F,Divine,Latin
Dionne,F,Divine queen,Greek
Dionne,F,From the sacred spring,English
Dionte,M,Of dionysus,English
Dionte,M,Of dionysus,French
Dionysius,M,Of dionysus,English
Dionysius,M,Of dionysus,Greek
Dionysus,M,Of dionysus,Greek
Dionyza,F,Appeared in Pericles,Shakespearian
Dior,F,Golden,French
Dirk,M,Ruler,German
Disa,F,Active spirit,Norwegian
Dita,F,Joyous,Spanish
Dita,F,Rich gift,Czech
Diva,F,Divine one,Celtic
Divakar,M,Sun,Indian
Divia,F,Divinely brilliant,Indian
Divone,F,Divine one,Celtic
Divsha,F,Honey,Hebrew
Divshah,F,Honey,Hebrew
Divya,F,Divinely brilliant,Indian
Divyendu,M,Bright moon,Indian
Divyesh,M,Sun,Indian
Dix,M,"Powerful, Rich ruler",English
Dix,M,Ten,French
Dixi,M,Dick's son,English
Dixie,M,Dick's son,English
Dixie,F,Born tenth,French
Dixie,F,Powerful ruler,English
Dixon,M,"Powerful, Rich ruler",English
Dixy,M,Dick's son,English
Diya al din,M,Faithful,Arabic
Dmitri,M,"Lover of the earth, Given to the Earth Goddess",Greek
Dmitry,M,"Lover of the earth, Given to the Earth Goddess",Greek
Dnias,M,A murderer,Arthurian Legend
Doane,M,From the down hill,English
Doanna,F,Talented one,English
Dob,M,"Bright, Famous",English
Dobbs,M,"Bright, Famous",English
Dobry,M,Good,Polish
Dogberry,M,Appeared in Much Ado About Nothing,Shakespearian
Dohosan,M,Bluff,Native American
Dohtor,F,Daughter,Anglo-Saxon
Doire,M,From the grove,Scottish
Doireann,F,Sullen,Irish
Dolabella,M,Appeared in Antony & Cleopatra,Shakespearian
Dolan,M,"Dark, Bold",Irish
Dolce,F,Sweet,Spanish
Dolf,M,"Wolf, Protector",Anglo-Saxon
Dolley,F,Gift of God,Greek
Dollie,F,Gift of God,English
Dolly,F,Gift of God,English
Dolly,F,Gift of God,Greek
Dolores,F,"Lady of sorrows, From the virgin Mary",English
Dolores,F,"Lady of sorrows, From the virgin Mary",Latin
Dolores,F,Sorrows,Spanish
Dolorita,F,Full of sorrows,Spanish
Dolph,M,Wolf,German
Dolph,M,"Wolf, Protector",Anglo-Saxon
Dolphus,M,"Noble wolf, Noble hero",German
Dom,M,Of the Lord,Latin
Domenica,F,Of the Lord,Spanish
Domenico,M,Of the Lord,Latin
Domenico,M,Of the Lord,Spanish
Domenique,F,Of the Lord,French
Domhnall,M,Stranger,Celtic
Domhnull,M,All ruler,Scottish
Domina,F,A lady,Italian
Dominga,F,Born on Sunday,Spanish
Domingo,M,Born on Sunday,Spanish
Domingo,M,Of the Lord,Latin
Dominic,M,Of the Lord,Latin
Dominica,M,Of the Lord,Latin
Dominica,F,Name of a saint,Irish
Dominica,F,Of the Lord,Spanish
Dominick,M,Of the Lord,Latin
Dominik,M,Of the Lord,Latin
Dominique,M,Of the Lord,French
Dominique,M,Of the Lord,Latin
Dominique,F,Of the Lord,French
Dominy,M,Of the Lord,Latin
Domitus Enobarbus,M,Appeared in Antony & Cleopatra,Shakespearian
Domokos,M,God's own,Hungarian
Domonkos,M,God's own,Hungarian
Domos,M,God's own,Hungarian
Don,M,Dark stranger,Celtic
Don,M,"Ruler of the world, Brown stranger",English
Don,F,Mother goddess,Anglo-Saxon
Dona,F,A lady,Italian
Dona,F,"Lady, Respectful title and female equivalent of Don.",Spanish
Donaghy,M,Strong warrior,Celtic
Donahue,M,A brave black man,Celtic
Donahue,M,Surname,Irish
Donal,M,Great chief,Irish
Donal,M,Great chief. Donald is a major Scottish clan names.,Scottish
Donal,M,"Ruler of the world, Brown stranger",English
Donal,M,Stranger,Celtic
Donalbain,M,Appeared in Macbeth,Shakespearian
Donald,M,Dark stranger,Celtic
Donald,M,Great chief,Irish
Donald,M,Great chief. Donald is a major Scottish clan names.,Scottish
Donald,M,"Ruler of the world, Brown stranger",English
Donaldson,M,"Ruler of the world, Brown stranger",English
Donall,M,Stranger,Celtic
Donar,M,God of Thunder,Scandinavian
Donat,M,Stranger,Celtic
Donata,F,Gift from God,Italian
Donatello,M,Gift from God,Spanish
Donatien,M,Gift,French
Donatien,M,Gift,Latin
Donato,M,Gift,French
Donato,M,Gift,Latin
Donato,M,Gift of God,Spanish
Donavan,M,Brown-haired chieftain,Irish
Donavon,M,Brown-haired chieftain,Irish
Dondre,M,Of dionysus,English
Dondre,M,Of dionysus,French
Donegan,M,Surname,Irish
Donel,M,All ruler,Scottish
Donell,M,All ruler,Scottish
Donell,M,Great chief,Irish
Donella,F,Dark haired,Celtic
Donelle,F,Great chief,Irish
Donghal,M,"Ruler of the world, Brown stranger",English
Donia,F,Dark skinned,Celtic
Donn,M,"Brown, King of the underworld",Irish
Donn,M,In mythology the Irish Donn was known as king of the underworld.,English
Donna,F,A lady,Italian
Donnachadh,M,Brown warrior,Scottish
Donnally,M,Brave,Celtic
Donnan,M,Brown,Irish
Donnchadh,M,Brown warrior,Scottish
Donnchadh,M,Strong warrior,Celtic
Donne,M,"Ruler of the world, Brown stranger",English
Donnel,M,A brave black man,Celtic
Donnel,M,Great chief,Irish
Donnel,M,Great chief. Donald is a major Scottish clan names.,Scottish
Donnell,M,A brave black man,Celtic
Donnell,M,Great chief,Irish
Donnell,M,Great chief. Donald is a major Scottish clan names.,Scottish
Donnelly,M,A brave black man,Celtic
Donnelly,M,Surname,Irish
Donner,M,A brave black man,Celtic
Donnie,M,"Ruler of the world, Brown stranger",English
Donny,M,"Ruler of the world, Brown stranger",English
Donogb,M,Strong warrior,Celtic
Donovan,M,A brave black man,Celtic
Donovan,M,Brown-haired chieftain,Irish
Donovan,M,Dark warrior,Gaelic
Donovon,M,A brave black man,Celtic
Dontae,M,Enduring,English
Dontay,M,Enduring,English
Dontaye,M,Enduring,English
Donte,M,Enduring,English
Dontell,M,Enduring,English
Dontrell,M,Enduring,English
Donzel,M,Gift of God,Spanish
Doon,F,From Doon,Irish
Dooriya,F,The sea,English
Dor,M,A home,Hebrew
Dora,M,Good gift,Greek
Dora,F,"A dorian woman, Of the sea",Greek
Dora,F,"Lady of sorrows, From the virgin Mary",Latin
Dorak,M,Lively,Australian Abori
Doran,M,Stranger,Celtic
Doran,M,Stranger,English
Doran,M,Stranger,Irish
Dorbeta,F,Reference to the Virgin Mary,Spanish
Dorcas,F,Appeared in Winter's Tale,Shakespearian
Dorcey,F,"From Arcy, Dark",English
Dore,F,"A dorian woman, Of the sea",Greek
Dore,F,Blond,French
Doreen,F,Golden,French
Doreen,F,Moody,Celtic
Doreen,F,Sullen,Irish
Doreena,F,Moody,Celtic
Doren,M,Gift,Hebrew
Dorene,F,Golden,French
Dori,F,"A dorian woman, Of the sea",Greek
Doria,F,Place name,Greek
Dorian,M,Descendant of Dorus,English
Dorian,M,Place name,Greek
Dorian,F,Place name,Greek
Dorice,F,"A dorian woman, Of the sea",Greek
Dorie,M,Place name,Greek
Dorie,F,Place name,Greek
Dorien,M,Descendant of Dorus,English
Dorien,M,Place name,Greek
Dorien,F,Place name,Greek
Dorinda,F,"Gift of God, Beautiful one",Greek
Dorine,F,Golden,French
Dorion,M,Descendant of Dorus,English
Doris,F,"A dorian woman, Of the sea",Greek
Dorit,F,Gift of God,English
Doro,F,Gift of God,English
Doron,M,Gift,Hebrew
Doron,M,Stranger,English
Doron,M,Stranger,Irish
Dorota,F,God's gift,Greek
Dorota,F,God's gift,Spanish
Dorotea,F,Gift from God,Spanish
Doroteia,F,Gift from God,Spanish
Dorotha,F,Gift of God,English
Dorothea,F,Talented one,Greek
Dorothee,F,Gift of God,English
Dorothy,F,Talented one,Greek
Dorran,M,Stranger,Celtic
Dorrance,M,Stranger,English
Dorrance,M,Stranger,Irish
Dorrel,M,Stranger,English
Dorrel,M,Stranger,Irish
Dorrell,M,Stranger,English
Dorrell,M,Stranger,Irish
Dorren,M,Stranger,English
Dorren,M,Stranger,Irish
Dorrian,M,Place name,Greek
Dorrian,F,Place name,Greek
Dorrie,F,"Lady of sorrows, From the virgin Mary",Latin
Dorrien,M,Place name,Greek
Dorrien,F,Place name,Greek
Dorrin,M,Stranger,English
Dorrin,M,Stranger,Irish
Dorris,F,"A dorian woman, Of the sea",Greek
Dorset,M,Tribe near the sea,English
Dorsey,M,Tribe near the sea,English
Dorsey,F,"From Arcy, Dark",English
Dortha,F,Gift of God,English
Dory,M,Place name,Greek
Dory,F,"A dorian woman, Of the sea",Greek
Dory,F,Blond,French
Dory,F,"Blond, Golden hair",English
Dosne,M,From the sandy hill,Celtic
Dot,F,Gift of God,Greek
Dotson,F,Gift of God,Greek
Dottie,F,Gift of God,English
Dottie,F,Gift of God,Greek
Dotty,F,Gift of God,Greek
Doug,M,From the dark water,Scottish
Dougal,M,Dark stranger,Celtic
Dougal,M,Dark stranger,Irish
Dougal,M,Dweller by the dark stream,Anglo-Saxon
Dougal,M,From the dark water,Scottish
Dough,M,"Dark faced, Baker",Celtic
Doughal,M,Dark stranger,Celtic
Doughall,M,Black stranger,Scottish
Doughlas,M,Dwells by the dark stream,Celtic
Dougie,M,From the dark water,Scottish
Douglas,M,Dark stranger,Irish
Douglas,M,Dweller by the dark stream,Anglo-Saxon
Douglas,M,Dwells by the dark stream,Celtic
Douglas,M,From the dark water,Scottish
Douglass,M,From the dark water,Scottish
Doune,M,From the down hill,English
Dour,M,From the water,Scottish
Dov,M,Bear,Hebrew
Dover,M,Water,English
Dovev,M,Speaks in a whisper,Hebrew
Dow,M,Black haired,Irish
Dowan,M,Black,Irish
Dowle,M,Dark stranger,Irish
Downeti,F,Bard,Irish
Downett,F,Bard,Irish
Doy,M,Dark stranger,Celtic
Doyl,M,Dark stranger,Gaelic
Doyle,M,Dark stranger,Celtic
Doyle,M,Dark stranger,Gaelic
Doyle,M,Dark stranger,Irish
Doyt,M,Fair,English
Draca,M,Dragon,English
Dracon,M,Dragon,English
Drago,M,Dragon,French
Drake,M,Dragon,English
Drake,M,Dragon,Latin
Drayce,M,Dragon,English
Drea,M,Loving male,Celtic
Dreama,F,Joyous song,Greek
Dreena,F,Protector of mankind,Spanish
Drefan,M,Trouble,Anglo-Saxon
Drem,M,Mythical son of Dremidydd,Celtic
Dreng,M,Warrior,Anglo-Saxon
Dreogan,M,Suffers,Anglo-Saxon
Drew,M,"Manly, Valiant, Courageous",English
Drew,M,"Manly, Valiant, Courageous",French
Drew,M,"Manly, Valiant, Courageous",Greek
Drew,M,Wise,Anglo-Saxon
Drew,F,"Sturdy, Vision",French
Drew,F,"Sturdy, Vision",Greek
Drew,F,"Valiant, Courageous",Scottish
Dridan,M,From the dry valley,English
Driden,M,From the dry valley,English
Drina,F,Protector of mankind,English
Drina,F,Protector of mankind,Spanish
Drisana,F,Daughter of the sun,Indian
Driscol,M,Interpreter,Celtic
Driscol,M,Mediator,Irish
Driscoll,M,Interpreter,Celtic
Driscoll,M,Mediator,Irish
Driskell,M,Interpreter,Celtic
Dristan,M,An advisor to Arthur,Arthurian Legend
Dristi,F,"Sight, A form of the Devi",Indian
Dromio,M,Appeared in Comedy of Errors,Shakespearian
Dru,M,"Manly, Valiant, Courageous",French
Dru,M,"Sturdy, Vision",Greek
Dru,F,"Sturdy, Vision",French
Dru,F,"Sturdy, Vision",Greek
Druce,M,Son of Drew,Anglo-Saxon
Druce,M,Wise,Celtic
Drud,M,Strong,German
Drudwyn,M,A knight,Arthurian Legend
Drudwyn,M,Mythical Mabon's dog,Celtic
Drue,M,"Manly, Valiant, Courageous",English
Drugi,M,Strong,German
Drummand,M,At the ridge,Scottish
Drummond,M,At the ridge,Scottish
Drummond,M,Lives on the hill top,Celtic
Dryden,M,From the dry valley,English
Drygedene,M,From the dry valley,English
Drystan,M,An advisor to Arthur,Arthurian Legend
Duana,F,Dark,Irish
Duane,M,Dark,Irish
Duane,M,"Dark, From the dunes",Celtic
Duane,M,"Dark, From the dunes",English
Duante,M,Dark,Irish
Duardo,M,Wealthy guardian,Spanish
Duarte,M,Wealthy guardian,Spanish
Duayna,F,Dark,Irish
Duayne,M,Dark,Irish
Dubg,M,Black haired,Irish
Dubh,M,Black,Scottish
Dubhagain,M,Black,Irish
Dubhain,F,Dark,Irish
Dubhan,M,Black,Irish
Dubheasa,F,Dark beauty,Irish
DubhgMl,M,Dark stranger,Irish
Dubhglas,M,From the dark water,Scottish
Dubv,M,Dark faced,Celtic
Dud,M,People's meadow,English
Duddy,M,People's meadow,English
Dudley,M,People's meadow,English
Dudly,M,People's meadow,English
Duena,F,Chaperon,Spanish
Duer,M,Hero,Celtic
Duff,M,Black,Scottish
Duff,M,"Dark faced, Baker",Celtic
Duffy,M,Dark faced,Celtic
Duffy,M,Surname,Irish
Dugald,M,From the dark water,Scottish
Dugan,M,From the dark water,Scottish
Dugan,M,To be worthy,English
Duggan,M,Black,Irish
Dughall,M,Dark stranger,Celtic
Duglas,M,Dark stranger,Gaelic
Duke,M,A royalty title,English
Duke,M,Leader,Latin
Duke,M,Leader of the seas,Celtic
Dukine,F,Sweet,Spanish
Dukinea,F,Sweet,Spanish
Dulce,F,Sweet,Spanish
Dulcea,F,Sweet,Spanish
Dulcie,F,Sweet,Spanish
Dulcina,F,Sweet,Spanish
Dulcinea,F,Sweet,Spanish
Dulcinia,F,Sweet,Spanish
Dull,M,Appeared in Love's Labour Lost,Shakespearian
Dulsie,F,Sweet,Spanish
Dumaine,M,Appeared in Love's Labour Lost,Shakespearian
Dumont,M,Of the mountain,French
Dun,M,Dark skinned warrior,Celtic
Dunc,M,Dark skinned warrior,Celtic
Duncan,M,Appeared in Macbeth,Shakespearian
Duncan,M,Brown warrior,Scottish
Duncan,M,Dark skinned warrior,Celtic
Dunham,M,Dark skinned warrior,Celtic
Dunleah,M,From the hill meadow,English
Dunleigh,M,From the hill meadow,English
Dunley,M,From the hill meadow,English
Dunly,M,From the hill meadow,English
Dunmor,M,From the great hill fortress,Scottish
Dunmore,M,From the great hill fortress,Scottish
Dunn,M,Brown,Celtic
Dunn,M,Dark skinned,English
Dunne,M,Brown,Celtic
Dunstan,M,From the brown rock quarry,English
Dunston,M,"Valiant fighter, Dark stone",English
Dunston,M,"Valiant fighter, Dark stone",German
Dunston,F,"Valiant fighter, Dark stone",English
Dunston,F,"Valiant fighter, Dark stone",German
Dunton,M,From the farm on the hill,English
Dural,M,A hollow tree that is on fire,Australian Abori
Duran,M,Enduring,Latin
Duran,M,"Firm, Enduring",English
Duran,M,"Firm, Enduring",French
Durand,M,Enduring,Latin
Durand,M,"Firm, Enduring",English
Durand,M,"Firm, Enduring",French
Durandt,M,Enduring,Latin
Durango,M,Strong,French
Duranjaya,M,A heroic son,Indian
Durant,M,Enduring,Latin
Durant,M,"Firm, Enduring",English
Durant,M,"Firm, Enduring",French
Durante,M,Enduring,Latin
Durante,M,"Firm, Enduring",English
Durante,M,"Firm, Enduring",French
Durdanius,M,Appeared in Julius Caesar,Shakespearian
Dureau,M,Strong,French
Durell,M,Strong,English
Durga,M,Unreachable,Indian
Durjaya,M,Difficult to conquer,Indian
Duron,M,Strong,French
Durrant,M,"Firm, Enduring",English
Durrant,M,"Firm, Enduring",French
Durrell,M,Strong,English
Durriken,M,Fortune-telling,English
Durwald,M,Gatekeeper,English
Durward,M,Gatekeeper,English
Durwin,M,Dear friend,Anglo-Saxon
Durwin,M,Gatekeeper,English
Durwood,M,Gatekeeper,English
Durwyn,M,Dear friend,Anglo-Saxon
Durwyn,M,"Friend of the deer, Gifted friend",English
Dustan,M,"Valiant fighter, Dark stone",English
Dustan,M,"Valiant fighter, Dark stone",German
Dustan,F,"Valiant fighter, Dark stone",English
Dustan,F,"Valiant fighter, Dark stone",German
Dustee,F,"Valiant fighter, Dark stone",English
Dusti,F,"Valiant fighter, Dark stone",English
Dustin,M,"Valiant fighter, Dark stone",English
Dustin,M,"Valiant fighter, Dark stone",German
Dustin,F,"Valiant fighter, Dark stone",English
Dustin,F,"Valiant fighter, Dark stone",German
Duston,M,"Valiant fighter, Dark stone",English
Dusty,M,"Valiant fighter, Dark stone",English
Dusty,M,"Valiant fighter, Dark stone",German
Dusty,F,"Valiant fighter, Dark stone",English
Dusty,F,"Valiant fighter, Dark stone",German
Dustyn,M,"Valiant fighter, Dark stone",English
Dutch,M,A German,German
Duval,M,Of the valley,French
Duvessa,F,Dark beauty,Irish
Duwayne,M,Dark,Irish
Duwayne,M,"Dark, From the dunes",Celtic
Duwayne,M,"Dark, From the dunes",English
Dwade,M,Dark traveler. Blend of Dwayne and Wade,English
Dwain,M,Dark,Irish
Dwain,M,"Dark, From the dunes",Celtic
Dwain,M,"Dark, From the dunes",English
Dwaine,M,Dark,Irish
Dwaine,M,"Dark, From the dunes",Celtic
Dwaine,M,"Dark, From the dunes",English
Dwane,M,Dark,Irish
Dwane,M,"Dark, From the dunes",Celtic
Dwane,M,"Dark, From the dunes",English
Dwayne,M,Dark,Irish
Dwayne,M,"Dark, From the dunes",Celtic
Dwayne,M,"Dark, From the dunes",English
Dwenn,M,One of originality,English
Dwennon,M,One of originality,English
Dwight,M,Fair,English
Dwighte,M,Fair,English
Dwite,M,Fair,English
Dwyer,M,Black,Irish
Dwyght,M,Fair,English
Dwyghte,M,Fair,English
Dwyte,M,Fair,English
Dyami,M,Eagle,Native American
Dyan,F,Divine,Latin
Dyana,F,Divine,French
Dyani,F,Deer,Native American
Dyann,F,Divine,French
Dyanna,F,Divine,French
Dyanne,F,Divine,Latin
Dyfed,M,From Dyfed,Celtic
Dylan,M,"Sea God, Son of the waves",Welsh
Dymas,M,Father of Hecate,Greek
Dymphna,F,Bard,Irish
Dymphna,F,"Suitable one, Virgin saint",Gaelic
Dympna,F,Name of a saint,Irish
Dyna,F,Powerful,Greek
Dynadin,M,A knight,Arthurian Legend
Dynah,F,"Judged, Vindicated, In the bible Dinah was Jacob's only daughter",Hebrew
Dynean,F,Powerful,Greek
Dyre,M,Dear Heart,Scandinavian
Dyre,F,Dear Heart,Scandinavian
Dysis,F,Sunset,Greek
Ea,M,Fire,Celtic
Eachan,M,Horseman,Irish
Eacnung,F,Bears children,Anglo-Saxon
Eada,F,Wealthy,English
Eadaion,F,Joyous friendship,German
Eadbeorht,M,Wealthy,English
Eadbert,M,Name of a king,Anglo-Saxon
Eadburt,M,Wealthy,English
Eadda,F,Wealthy,English
Eadelmarr,M,Noble,English
Eadgard,M,Lucky spearman,Anglo-Saxon
Eadger,M,Wealthy spear,English
Eadgyth,F,"Happy warfare, Spoils of war",English
Eadgyth,F,Wife of Edward the Confessor,Anglo-Saxon
Eadig,M,Blessed,Anglo-Saxon
Eadignes,F,Bliss,Anglo-Saxon
Eadlin,F,Princess,Anglo-Saxon
Eadlyn,M,Wealthy friend,Anglo-Saxon
Eadmund,M,Happy defender,English
Eadmund,F,Rich benefactress,English
Eadric,M,Wealthy ruler,English
Eadsele,M,From Edward's estate,English
Eadward,M,Guardian,Anglo-Saxon
Eadward,M,Wealthy guardian,English
Eadwardsone,M,Son of Edward,English
Eadweald,M,Wealthy ruler,English
Eadweard,M,Wealthy guardian,English
Eadwiella,M,From the old spring,English
Eadwine,M,Wealthy friend,English
Eadwine,F,Wealthy friend,English
Eadwyn,M,Valued,Anglo-Saxon
Eadwyn,M,Wealthy friend,English
Eagan,M,"Fiery, Forceful",Irish
Eagon,M,Fiery,Irish
Ealdian,M,Long lived,Anglo-Saxon
Ealdun,M,From the elves'valley,English
Ealdwode,M,From the old forest,English
Ealga,F,Noble,Irish
Ealhdun,M,From the elves'valley,English
Ealhhard,M,Brave,English
Eallard,M,Brave,English
Eallison,M,Son of Elder,English
Eames,M,Prosperous guardian,Irish
Eammon,M,The hidden,African
Eammon,M,The hidden,Celtic
Eamon,M,Guardian,Irish
Eamon,M,The hidden,African
Eamon,M,The hidden,Celtic
Eamon,M,Wealthy defender,Anglo-Saxon
Eanruig,M,Rules the home,Scottish
Ear,M,From the East,Scottish
Eara,F,From the East,Scottish
Earc,M,Red,Irish
Earh,M,Coward,Anglo-Saxon
Earie,M,From the East,Scottish
Earie,F,From the East,Scottish
Earl,M,Chief,Anglo-Saxon
Earl,M,Nobleman,English
Earle,M,Chief,Anglo-Saxon
Earle,M,Nobleman,English
Earlena,F,Noble woman,English
Earlena,F,Shield,Spanish
Earlene,F,Noble woman,English
Earlene,F,Shield,Spanish
Earlina,F,Noble woman,English
Earlina,F,Shield,Spanish
Earline,F,Noble woman,English
Earm,M,Wretched,Anglo-Saxon
Earna,F,Eagle,English
Earnan,M,Knowing,Irish
Earnest,M,"Earnest, Vigorous",German
Earnest,M,"Serious, Determined",English
Earnestine,F,"Earnest, Vigorous",German
Earnestyna,F,Serious,English
Earric,F,Powerful,English
Eartha,F,The earth,German
Eartha,F,Worldly,English
Earvin,M,Friend,English
Earwine,M,Friend of the sea,English
Earwine,F,Friend of the sea,English
Earwyn,M,Friend of the sea,English
Earwyn,F,Friend of the sea,English
Earwyna,F,Friend of the sea,English
Easter,F,Born at Easter,English
Easter,F,Goddess of the dawn,Anglo-Saxon
Easton,M,From East town,English
Eastre,F,Born at Easter,English
Eathelin,F,Noble waterfall,English
Eathellreda,F,Noble maiden,English
Eathelyn,F,Noble waterfall,English
Eaton,M,From the riverside village,English
Eatun,M,From the riverside village,English
Eavan,F,Fair,Irish
Eawart,M,Shepherd,English
Eban,M,Rock,Hebrew
Ebba,F,Flowing tide,English
Ebba,F,Strength,German
Ebba,F,"Strength, Return of the tide",Anglo-Saxon
Eben,M,Rock,Hebrew
Ebenezer,M,Rock,Hebrew
Eberardo,M,Strong wild boar,German
Ebere,F,Mercy,African
Eberhard,M,"Resolute, Keeper of the abbey larder",English
Eberhard,M,Strong as a boar,German
Eberhardt,M,Strong as a boar,German
Eberhart,M,Strong wild boar,German
Ebonee,F,"Dark beauty, A hard wood",English
Ebonee,F,"Dark beauty, A hard wood",Greek
Ebonie,F,"Dark beauty, A hard wood",English
Ebonie,F,"Dark beauty, A hard wood",Greek
Ebony,F,"Dark beauty, A hard wood",English
Ebony,F,"Dark beauty, A hard wood",Greek
Eburhardt,M,Strong as a boar,German
Eburscon,M,Lives near the yew tree estate,Celtic
Ecchumati,F,River,Indian
Ecgbeorht,M,Intelligent,English
Ecgfrith,M,Name of a king,Anglo-Saxon
Echo,F,"A nymph, Repeated voice",Greek
Eckerd,M,Sacred,German
Ector,M,Father of Arthur,Arthurian Legend
Ed,M,"Guardian of prosperity, Guardian of the mists",English
Ed,M,Prosperous warrior,French
Eda,M,Wealthy guardian,English
Eda,F,Adorned,Latin
Eda,F,Noble kind,Hebrew
Eda,F,Rich,English
Eda,F,Wealthy,Anglo-Saxon
Edan,M,"Delightful, Adornment, Paradise, Perfect, Pleasure",Hebrew
Edan,M,Fire,Celtic
Edan,F,"Delightful, Adornment, Paradise, Perfect, Pleasure",Hebrew
Edana,F,Little fire,Irish
Edana,F,Passionate,Celtic
Edbert,M,Wealthy,English
Edda,F,Rich,English
Edda,F,"Rich gift, Happy",Teutonic
Edda,F,Vigorous battle maiden,German
Eddie,M,"Delightful, Adornment, Paradise, Perfect, Pleasure",Hebrew
Eddie,M,"Guardian of prosperity, Guardian of the mists",English
Eddie,F,"Delightful, Adornment, Paradise, Perfect, Pleasure",Hebrew
Eddis,M,Son of Edward,English
Eddison,M,Ed's son,Anglo-Saxon
Eddrick,M,Power and good fortune,English
Eddy,M,"Delightful, Adornment, Paradise, Perfect, Pleasure",Hebrew
Eddy,M,"Guardian of prosperity, Guardian of the mists",English
Eddy,F,"Delightful, Adornment, Paradise, Perfect, Pleasure",Hebrew
Ede,M,Prosperous guardian,English
Ede,F,Wealthy,English
Edee,F,Spoils of war,English
Edeen,F,From Edinburgh,Scottish
Edel,M,Brave,German
Edelina,F,Gracious,German
Edelina,F,Spoils of war,English
Edeline,F,Gracious,German
Edelmar,M,Noble,English
Edelmarr,M,Noble,English
Eden,M,"Delightful, Adornment, Paradise, Perfect, Pleasure",Hebrew
Eden,F,"Delightful, Adornment, Paradise, Perfect, Pleasure",Hebrew
Edenia,F,Pleasure,Spanish
Eder,M,God's watchfulness,Hebrew
Edet,F,Female children born on market day,African
Edgar,M,Appeared in King Lear,Shakespearian
Edgar,M,Lucky spearman,Anglo-Saxon
Edgar,M,"Noble, Exalted, Oak-tree ford",Gaelic
Edgar,M,Prosperous warrior,English
Edgar,M,Prosperous warrior,French
Edgard,M,"Fortunate, Powerful",French
Edgard,M,Lucky spearman,Anglo-Saxon
Edgardo,M,"Fortunate, Powerful",Spanish
Edgardo,M,Prosperous warrior,English
Edgardo,M,Prosperous warrior,French
Edgarton,M,Prosperous warrior,English
Edgarton,M,Prosperous warrior,French
Edger,M,Prosperous warrior,English
Edger,M,Prosperous warrior,French
Edgerton,M,Prosperous warrior,English
Edgerton,M,Prosperous warrior,French
Edie,M,"Delightful, Adornment, Paradise, Perfect, Pleasure",Hebrew
Edie,F,"Delightful, Adornment, Paradise, Perfect, Pleasure",Hebrew
Edie,F,"Rich gift, Happy",Teutonic
Edie,F,Spoils of war,English
Ediline,F,Gracious,German
Edina,F,From Edinburgh,Scottish
Edina,F,"Prosperous friend, Heir's axe",German
Edina,F,Wealthy,Anglo-Saxon
Edina,F,Wealthy friend,English
Edine,F,From Edinburgh,Scottish
Edingu,M,Famous ruler,German
Edison,M,Son of Edward,English
Edit,F,Joyous,Anglo-Saxon
Edita,F,Joyous,Anglo-Saxon
Edita,F,"Rich gift, Happy",Teutonic
Edita,F,Spoils of war,Spanish
Edith,F,"Happy warfare, Spoils of war",English
Edith,F,Joyous,Anglo-Saxon
Edith,F,"Rich gift, Happy",Teutonic
Editha,F,Joyous,Anglo-Saxon
Editha,F,"Rich gift, Happy",Teutonic
Edithe,F,"Rich gift, Happy",Teutonic
Edla,F,Princess,Anglo-Saxon
Edlen,F,Noble waterfall,English
Edlin,M,Abbreviation of names beginning with Ed-,German
Edlin,M,Wealthy friend,Anglo-Saxon
Edlin,F,Noble waterfall,English
Edlin,F,Princess,Anglo-Saxon
Edlyn,M,Wealthy friend,Anglo-Saxon
Edlyn,F,Noble woman,English
Edlyn,F,Princess,Anglo-Saxon
Edlynn,F,Princess,Anglo-Saxon
Edlynne,F,Princess,Anglo-Saxon
Edmanda,F,Rich benefactress,English
Edmee,F,Prosperous guardian,French
Edmee,F,Wealthy defender,Anglo-Saxon
Edmon,M,Prosperous guardian,English
Edmon,M,Prosperous guardian,French
Edmond,M,Prosperous guardian,English
Edmond,M,Prosperous guardian,French
Edmond,M,Wealthy defender,Anglo-Saxon
Edmonda,F,Rich benefactress,English
Edmonda,F,Wealthy defender,Anglo-Saxon
Edmondo,M,Happy defender,English
Edmund,M,Appeared in King Lear,Shakespearian
Edmund,M,Prosperous guardian,English
Edmund,M,Prosperous guardian,French
Edmund,M,The hidden,African
Edmund,M,The hidden,Celtic
Edmund,M,Wealthy defender,Anglo-Saxon
Edmunda,F,Rich benefactress,English
Edmunda,F,Wealthy defender,Anglo-Saxon
Edmundo,M,Prosperous guardian,English
Edmundo,M,Prosperous guardian,French
Edmundo,M,Wealthy defender,Spanish
Edna,F,"Delightful, Adornment, Paradise, Perfect, Pleasure",Hebrew
Edna,F,Fire,Celtic
Edolie,F,Noble,English
Edra,F,Powerful,English
Edra,F,Powerful,Hebrew
Edrea,F,Powerful,English
Edrea,F,Powerful,Hebrew
Edred,M,Name of a king,Anglo-Saxon
Edria,F,Mighty,Hebrew
Edric,M,Power and good fortune,English
Edric,M,Wealthy ruler,Anglo-Saxon
Edrick,M,Power and good fortune,English
Edrik,M,Wealthy ruler,English
Edris,F,Wealthy ruler,Anglo-Saxon
Edrys,F,Wealthy ruler,Anglo-Saxon
Edsel,M,From Ed's hall,Anglo-Saxon
Edsel,M,From Edward's estate,English
Edsel,M,Noble,German
Edsel,F,Rich,English
Edson,M,Ed's son,Anglo-Saxon
Edson,M,Son of the Prosperous warrior,English
Eduard,M,"Guardian of prosperity, Guardian of the mists",English
Eduard,M,Prosperous guardian,French
Eduard,M,Strong as a boar,German
Eduarda,F,Rich benefactress,English
Eduardo,M,"Guardian of prosperity, Guardian of the mists",English
Eduardo,M,Prosperous guardian,Spanish
Edvard,M,"Guardian of prosperity, Guardian of the mists",English
Edwald,M,Wealthy ruler,English
Edwaldo,M,Wealthy ruler,English
Edward,M,Guardian,Anglo-Saxon
Edward,M,"Guardian of prosperity, Guardian of the mists",English
Edward,M,Strong as a boar,German
Edwardo,M,"Guardian of prosperity, Guardian of the mists",English
Edwardo,M,Prosperous guardian,Spanish
Edwards,M,"Guardian of prosperity, Guardian of the mists",English
Edwardson,M,"Guardian of prosperity, Guardian of the mists",English
Edwin,M,"Prosperous friend, Heir's axe",German
Edwin,M,Rich in friendship,English
Edwin,M,Valued,Anglo-Saxon
Edwina,F,"Prosperous friend, Heir's axe",German
Edwina,F,Rich in friendship,English
Edwinna,F,"Prosperous friend, Heir's axe",German
Edwinna,F,Rich in friendship,English
Edwy,M,Name of a king,Anglo-Saxon
Edwyn,M,"Prosperous friend, Heir's axe",German
Edwyn,M,Valued,Anglo-Saxon
Edwyn,M,Wealthy friend,English
Edwyna,F,"Prosperous friend, Heir's axe",German
Edwynna,F,"Prosperous friend, Heir's axe",German
Edyson,M,Son of Edward,English
Edyt,F,Joyous,Anglo-Saxon
Edyth,F,"Happy warfare, Spoils of war",English
Edyth,F,Joyous,Anglo-Saxon
Edyth,F,"Rich gift, Happy",Teutonic
Edytha,F,Spoils of war,English
Edythe,F,"Rich gift, Happy",Teutonic
Edythe,F,Spoils of war,English
Eerin,F,A small grey owl,Australian Abori
Eeva,F,Life,Hebrew
Eferhard,M,Brave,English
Eferhild,F,"Bear, Warrior maiden",English
Eferhilda,F,"Bear, Warrior maiden",English
Eferleah,M,From Ever's meadow,English
Effie,F,Pretty in face,Greek
Effie,F,Well - spoken,English
Efia,F,Born on Tuesday,African
Efnisien,M,Mythical son of Euroswydd,Celtic
Efraim,M,Very fruitful,Hebrew
Efrain,M,Very fruitful,Spanish
Efran,M,Very fruitful,Hebrew
Efrat,M,Honored,Hebrew
Efrayim,M,Fruitful,Hebrew
Efrem,M,Very fruitful,Hebrew
Efren,M,Very fruitful,Hebrew
Efron,M,Young stag,Hebrew
Efrosini,F,Bird,Hebrew
Efterpi,F,Pretty in face,Greek
Egan,M,"Ardent, Little fire",Celtic
Egan,M,"Ardent, Little fire",Gaelic
Egan,M,"Fiery, Forceful",Irish
Egbert,M,Intelligent,English
Egbert,M,Name of a king,Anglo-Saxon
Egbert,M,"Sword, Famous, Shiny",German
Egberta,F,Shining sword,English
Egbertina,F,Shining sword,English
Egbertine,F,Shining sword,English
Egbertyne,F,Shining sword,English
Egerton,M,From the town on the ridge,English
Egesa,M,Terror,Anglo-Saxon
Egeslic,M,Terror,Anglo-Saxon
Egeus,M,Appeared in Midsummer Night's Dream,Shakespearian
Eghan,M,"Ardent, Little fire",Celtic
Egil,M,A sting,French
Egil,M,"Ardent, Little fire",Celtic
Egil,M,"Ardent, Little fire",Gaelic
Egil,M,"The edge, Point",Norwegian
Eginhard,M,Strong with a sword,German
Eginhardt,M,Strong with a sword,German
Eglamour,M,Appeared in Two Gentlemen of Verona,Shakespearian
Eglantina,F,Wild rose,French
Eglantine,F,Wild rose,French
Egmont,M,"Weapon, Defender",German
Egon,M,"Ardent, Little fire",Celtic
Egon,M,"Ardent, Little fire",Gaelic
Egon,M,Fiery,Irish
Egon,M,Strong with a sword,German
Egor,M,"Farmer, To work the earth",Greek
Egyed,M,Shieldbearer,Hungarian
Ehren,M,Honorable,German
Eibhear,M,Strong as a boar,English
Eibhlhin,F,Light,Irish
Eideard,M,Wealthy guardian,English
Eila,F,Giver of life,Irish
Eileen,F,Giver of life,English
Eileen,F,Giver of life,Irish
Eileen,F,"Lively, Pleasant",Celtic
Eileene,F,Giver of life,Irish
Eilen,F,"Lively, Pleasant",Celtic
Eilena,F,Giver of life,Irish
Eilene,F,Giver of life,Irish
Eilig,M,From the deer pass,Scottish
Eilinora,F,Light,Irish
Eilis,M,Jehovah is God,Hebrew
Eilis,F,Consecrated to God,Irish
Eilis,F,God's oath,Celtic
Eilis,F,God's oath,Hebrew
Eily,F,Light,Irish
Eimar,M,Swift,Irish
Eimhin,M,Swift,Irish
Einar,M,"Warrior, Leader",Norwegian
Einhard,M,Strong with a sword,German
Einhardt,M,Strong with a sword,German
Einion,M,Anvil,Celtic
Eirene,F,Peace,Greek
Eiric,F,Ruler,Scottish
Eirica,F,Ruler,Scottish
Eisa,M,God will help,Arabic
Eisig,M,He who laughs,Hebrew
Eistir,F,Star,Irish
Eithna,F,Little fire,Irish
Eithne,F,Graceful,Irish
Ekachakra,M,Son of Kashyapa,Indian
Ekala,F,A lake,Australian Abori
Ekalinga,M,Shiva,Indian
Ekanga,M,Bogyguard,Indian
Ekaterina,F,"Pure, Innocent",Greek
Ekerd,M,Sacred,German
Ekhard,M,Sacred,German
Eknath,M,"Poet, Saint",Indian
Ekta,F,Unity,Indian
Ektor,M,Father of Arthur,Arthurian Legend
El,F,"Intelligent, Smart",French
El'azar,M,God's help,Hebrew
Ela,F,Earth,Indian
Elaina,F,Shining light,French
Elaine,F,"Fair, Beautiful",Gaelic
Elaine,F,Mother of Lancelot,Arthurian Legend
Elaine,F,Shining light,French
Elam,M,In the bible one of five sons of Noah's son Shem.,Hebrew
Elan,M,Friendly,Native American
Elan,M,Tree,Hebrew
Elan,F,Shining light,Irish
Elana,F,Light,French
Elanora,F,A home by the sea,Australian Abori
Elary,M,"Lives near the elder tree, Cheerful",German
Elary,M,"Lives near the elder tree, Cheerful",Latin
Elayna,F,Shining light,French
Elayne,F,Light,French
Elayne,F,Mother of Lancelot,Arthurian Legend
Elazar,M,God has helped,Hebrew
Elazaro,M,God has helped,Hebrew
Elbert,M,"Bright, Famous",German
Elberta,F,"Noble, Glorious",English
Elberte,F,"Noble, Glorious",English
Elbertina,F,Noble,Spanish
Elbertina,F,"Noble, Glorious",English
Elbertine,F,"Noble, Glorious",English
Elbertyna,F,"Noble, Glorious",English
Elbow,M,Appeared in Measure for Measure,Shakespearian
Elbridge,M,Old counsel,English
Elda,F,Wise adviser,Anglo-Saxon
Eldan,M,From the elves'valley,English
Elden,M,"From the elves' valley, From the old town",English
Elder,M,"Birch tree, Revered one",English
Eldon,M,"From the elves' valley, From the old town",English
Eldora,F,"Blond, Gift of the sun",Spanish
Eldred,M,Old and wise rule,English
Eldred,M,Wise advisor,Anglo-Saxon
Eldreda,F,Sage,English
Eldrian,M,Old and wise rule,English
Eldrick,M,Old and wise rule,English
Eldrid,M,Wise advisor,Anglo-Saxon
Eldrida,F,Sage,English
Eldrida,F,Wise adviser,Anglo-Saxon
Eldride,F,Wise adviser,Anglo-Saxon
Eldridge,M,Old and wise rule,English
Eldur,M,From the elder tree,English
Eldwin,M,Old and wise rule,English
Eldwin,M,Old friend,German
Eldwin,M,Wise advisor,Anglo-Saxon
Eldwyn,M,Wise advisor,Anglo-Saxon
Eleadora,F,Gift of the sun,Spanish
Eleanor,F,"Light, Mercy",Greek
Eleanor,F,Shining light,English
Eleanor,F,Shining light,French
Eleanora,F,"Light, Mercy",Greek
Eleanora,F,Shining light,Spanish
Eleanore,F,"Light, Mercy",Greek
Eleazar,M,God has helped,Hebrew
Electra,F,"Bright, The shining one",Greek
Eleena,F,Shining light,Spanish
Elek,M,Protector of mankind,Hungarian
Elen,F,"Light, Mercy",Hebrew
Elena,F,"Light, Mercy",Hebrew
Elena,F,Shining light,Russian
Elena,F,Shining light,Spanish
Elene,F,Name of a poem,Anglo-Saxon
Eleni,F,"Light, Torch",Greek
Eleonore,F,Shining light,French
Eleora,F,God is light,Hebrew
Elery,M,"Lives near the elder tree, Cheerful",German
Elery,M,"Lives near the elder tree, Cheerful",Latin
Eleta,F,Chosen,French
Elethea,F,Healer,English
Elethia,F,Healer,English
Elfie,F,Good elf,English
Elfred,M,Wise counsel,English
Elfreda,F,Good counselor,English
Elfrida,F,Good counselor,English
Elfrida,F,Peaceful ruler,German
Elfrieda,F,Good counselor,English
Elga,F,Elfs spear,Anglo-Saxon
Elgan,M,Bright circle,Welsh
Elgar,M,Noble warrior,German
Elger,M,Noble warrior,German
Elgin,M,"Noble, White",Celtic
Elgin,M,"Noble, White",English
Elgine,M,"Noble, White",Celtic
Elgine,M,"Noble, White",English
Elhanan,M,God is gracious,Hebrew
Eli,M,Jehovah is God,Hebrew
Eli,F,"Impartial judgement, Close",Spanish
Elia,M,Jehovah is God,Hebrew
Elia,M,Jehovah is God,Spanish
Elia,F,Jehovah is God,Hebrew
Eliakim,M,Jehovah is God,Hebrew
Eliana,F,Jehovah is God,Hebrew
Eliana,F,"Light, Mercy",Greek
Eliane,F,Daughter of the sun,French
Eliane,F,Jehovah is God,Hebrew
Elias,M,Jehovah is God,Hebrew
Elias,M,Jehovah is God,Spanish
Eliazar,M,God has helped,Spanish
Elica,F,Noble,German
Elicia,F,Devoted to God,French
Elida,F,Winged,English
Elidor,M,Mythical monk,Celtic
Elie,F,"Light, Mercy",Greek
Elienor,F,Light,French
Eliezer,M,God has helped,Hebrew
Eliha,M,Jehovah is God,Hebrew
Elihu,M,Jehovah is God,Hebrew
Elija,M,Jehovah is God,Spanish
Elijah,M,Jehovah is God,Hebrew
Elin,F,"Bright one, Torchlight",Greek
Elin,F,Light,Scandinavian
Elin,F,"Light, Mercy",Hebrew
Elina,F,Intelligent,Indian
Elina,F,Pure,Greek
Elina,F,Shining light,Spanish
Elinor,F,"Light, Mercy",Greek
Elinor,F,Shining light,English
Elinore,F,Light,French
Elinore,F,"Light, Mercy",Greek
Eliora,F,God is light,Hebrew
Eliot,M,Believes in God,French
Eliot,M,Jehovah is God,English
Eliot,M,Jehovah is God,Hebrew
Eliott,M,Believes in God,French
Eliott,M,Hight,Hebrew
Eliott,M,Jehovah is God,English
Elisa,F,Consecrated to God,French
Elisa,F,Devoted to God,Spanish
Elisabet,F,Devoted to God,Hebrew
Elisabeth,F,Consecrated to God,French
Elisabeth,F,God's oath,German
Elisamarie,F,Devoted to God,French
Elisavet,F,Devoted to God,Hebrew
Elisaveta,F,Devoted to God,Hebrew
Elise,F,Consecrated to God,French
Elise,F,Devoted to God,Spanish
Elise,F,God's oath,German
Elise,F,God's oath,Hebrew
Eliseo,M,Jehovah is God,Hebrew
Elisha,M,God is salvation,Hebrew
Elisha,F,Devoted to God,French
Elisha,F,Jehovah is God,Hebrew
Elishama,M,God has heard,Hebrew
Elisheba,M,God is my wrath,Hebrew
Elisheba,F,Jehovah is God,Hebrew
Elisheva,M,God is my wrath,Hebrew
Elisheva,F,Devoted to God,Hebrew
Elishia,F,Devoted to God,French
Eliska,F,Truthful - Note: This Database is Copyright by NetStep Enterprise 2004.,Czech
Elissa,F,"My God is bountiful, God of plenty",English
Elissa,F,Queen of carthage,Greek
Elita,F,Chosen,French
Elita,F,Winged,English
Elivina,F,Good elf,English
Eliza,F,Consecrated to God,French
Eliza,F,Devoted to God,Hebrew
Eliza,F,"My God is bountiful, God of plenty",English
Elizabeth,F,God's oath,German
Elizabeth,F,House of God,Hebrew
Elizabeth,F,"My God is bountiful, God of plenty",English
Elizabeth,F,Sister of Mark,Arthurian Legend
Elizabeth,F,"Stranger, Lovely",French
Elizaveta,F,Devoted to God,Hebrew
Eljin,M,"Noble, White",Celtic
Eljin,M,"Noble, White",English
Elka,F,Oath to God,Hebrew
Elkan,M,He belongs to God,Hebrew
Elkanah,M,Possessed by God,Hebrew
Elke,F,"Noble, Truth",German
Elke,F,Oath to God,Hebrew
Elke,F,Protector of mankind,Greek
Ella,F,All,French
Ella,F,Beautiful fairy woman,English
Ella,F,Beautiful fairy woman,German
Ella,F,"Light, Mercy",Greek
Ellaine,F,Shining light,French
Ellard,M,Brave,English
Ellary,M,"Lives near the elder tree, Cheerful",German
Ellary,M,"Lives near the elder tree, Cheerful",Latin
Ellayne,F,Shining light,French
Ellder,M,From the elder tree,English
Elle,F,Adorned,Latin
Elle,F,Noble kind,Hebrew
Elle,F,Shining light,English
Elle,F,"Woman, Girl",French
Ellecia,F,Jehovah is God,English
Ellee,F,Shining light,English
Elleen,F,"Bright one, Most beautiful woman",Irish
Ellen,M,Courage,Anglo-Saxon
Ellen,F,"Bright one, Most beautiful woman",English
Ellen,F,"Light, Mercy",Hebrew
Ellena,F,"Bright one, Most beautiful woman",English
Ellene,F,"Bright one, Most beautiful woman",English
Ellenweorc,F,Famous courage,Anglo-Saxon
Ellery,M,Joyful,English
Ellery,M,Lives by the alder tree,German
Ellery,M,"Lives near the elder tree, Cheerful",Latin
Ellesse,F,Shining light,English
Ellette,F,Little elf,Anglo-Saxon
Elli,F,Devoted to God,Hebrew
Ellia,F,Shining light,English
Elliana,F,"Light, Mercy",Greek
Ellice,F,Jehovah is God,English
Ellice,F,Jehovah is God,Hebrew
Ellie,F,Adorned,Latin
Ellie,F,Beautiful fairy woman,English
Ellie,F,God's oath,German
Ellie,F,God's oath,Hebrew
Ellie,F,"Light, Mercy",Greek
Ellin,F,"Light, Mercy",Hebrew
Ellin,F,To move,Australian Abori
Ellinor,F,Light,French
Elliot,M,Believes in God,French
Elliot,M,Hight,Hebrew
Elliot,M,Jehovah is God,English
Elliot,M,Old Welshman,Scottish
Elliott,M,Hight,Hebrew
Elliott,M,Jehovah is God,English
Ellis,M,Jehovah is God,English
Ellis,M,Jehovah is God,Hebrew
Ellisha,F,Jehovah is God,English
Ellison,M,Jehovah is God,Hebrew
Ellison,M,Son of Elder,English
Ellison,F,Jehovah is God,English
Elliston,M,Jehovah is God,English
Ellory,M,"Lives near the elder tree, Cheerful",German
Ellory,M,"Lives near the elder tree, Cheerful",Latin
Ellsworth,M,Jehovah is God,Hebrew
Ellwood,M,From the old forest,English
Elly,F,Shining light,English
Ellyce,F,Jehovah is God,English
Ellyn,F,"Bright one, Most beautiful woman",English
Ellyn,F,"Light, Mercy",Hebrew
Ellys,M,Jehovah is God,Hebrew
Ellyzabeth,F,God's oath,German
Ellyzabeth,F,God's oath,Hebrew
Elma,F,God's protection,German
Elman,M,Famous nobleman,English
Elmar,M,Famous nobleman,English
Elmer,M,Lives at the elm tree moor Famed; noble.,English
Elmer,M,Noble,Anglo-Saxon
Elmira,F,Noble,English
Elmoor,M,Lives at the elm tree moor,English
Elmore,M,Lives at the elm tree moor,English
Elmyra,F,Noble,English
Elne,M,Courage,Anglo-Saxon
Elnora,F,Shining light,English
Elo,F,"Intelligent, Smart",French
Elodie,F,"Marshy, White blossom",Greek
Eloisa,F,Famous in war,French
Eloisa,F,Renowned warrior,Spanish
Eloisa,F,Warrior maiden,German
Eloise,F,"Intelligent, Smart",French
Eloise,F,Warrior maiden,German
Eloisee,F,Famous in war,French
Elora,F,God is light,Hebrew
Elora,F,"Laurel crown, The crown of victory",English
Elory,M,"Lives near the elder tree, Cheerful",German
Elory,M,"Lives near the elder tree, Cheerful",Latin
Elouera,F,From the pleasant place,Australian Abori
Elouise,F,"Intelligent, Smart",French
Eloy,M,Chosen,French
Eloy,M,Famous warrior,German
Eloy,M,Renowned warrior,Spanish
Elpeth,F,God's oath,German
Elpeth,F,God's oath,Hebrew
Elrad,M,God rules,Hebrew
Elric,M,The king,English
Elrick,M,The king,English
Elrod,M,The king,English
Elroy,M,Red-haired youth,Irish
Elroy,M,The king,English
Els,F,Devoted to God,Hebrew
Elsa,F,God's oath,German
Elsa,F,God's oath,Hebrew
Elsa,F,God's oath,Scandinavian
Elsa,F,"My God is bountiful, God of plenty",English
Elsa,F,Rescued by Percival,Arthurian Legend
Elsa,F,Truth,Spanish
Elsbeth,F,God's oath,German
Elsbeth,F,God's oath,Hebrew
Elsbeth,F,God's oath,Scottish
Elsdon,M,From the noble's hill,English
Else,F,Consecrated to God,Hebrew
Else,F,Noble,German
Elsha,F,Noble,Celtic
Elsha,F,Noble,German
Elsie,F,God's oath,German
Elsie,F,God's oath,Hebrew
Elsje,F,Noble,German
Elson,M,From the old town,English
Elspeth,F,Devoted to God,Hebrew
Elspeth,F,God's oath,Scottish
Elspeth,F,"My God is bountiful, God of plenty",English
Elston,M,Jehovah is God,English
Elsu,M,Flying falcon,Native American
Elsworth,M,From the noble's estate,English
Elswyth,F,Elf from the willow trees,Anglo-Saxon
Elten,M,"From the old estate, Ella's town",English
Elthia,F,Healer,English
Elton,M,From the old town,English
Elu,M,Full of grace,Native American
Eluwilussit,M,Holy one (Algonquin),Native American
Elva,F,Elf,Anglo-Saxon
Elva,F,Elfin,Irish
Elva,F,"Elfin, Good elf",English
Elva,F,"Impartial judgement, Close",Spanish
Elvena,F,Good elf,English
Elvera,F,"Impartial judgement, Close",Spanish
Elvern,M,"Elf wine, Noble friend",English
Elvey,M,Elf warrior,English
Elvia,F,Elf,Anglo-Saxon
Elvia,F,Elfin,Irish
Elvia,F,"Elfin, Good elf",English
Elvie,F,Elfin,Irish
Elvie,F,"Elfin, Good elf",English
Elvie,F,"Impartial judgement, Close",Spanish
Elvin,M,"Elf wine, Noble friend",English
Elvin,F,Good elf,English
Elvina,F,Elfin,Irish
Elvina,F,"Elfin, Good elf",English
Elvina,F,Friend of the elves,Anglo-Saxon
Elvine,F,Good elf,English
Elvinia,F,Elfin,English
Elvinia,F,Elfin,Irish
Elvio,M,Blond,Spanish
Elvira,F,"Impartial judgement, Close",Spanish
Elvis,M,"Elf wine, Noble friend",English
Elvis,M,Wise friend,Anglo-Saxon
Elvita,F,Truth,Spanish
Elvy,M,Elf warrior,English
Elvyn,M,"Elf wine, Noble friend",English
Elvyne,F,Good elf,English
Elvyra,F,"Impartial judgement, Close",Spanish
Elwald,M,Old Welshman,English
Elwell,M,From the old spring,English
Elwen,M,Old friend,English
Elwin,M,"Elf wine, Noble friend",English
Elwine,F,Friend of the elves,Anglo-Saxon
Elwold,M,Old Welshman,English
Elwood,M,From the old forest,English
Elwyn,M,"Elf wine, Noble friend",English
Elwyna,F,Friend of the elves,Anglo-Saxon
Ely,M,Famous warrior,German
Ely,M,Jehovah is God,Hebrew
Elyas,M,Jehovah is God,Hebrew
Elyce,F,Jehovah is God,English
Elyn,F,"Light, Mercy",Hebrew
Elynn,F,"Bright one, Most beautiful woman",English
Elysa,F,Devoted to God,Spanish
Elyse,F,Devoted to God,Spanish
Elyse,F,God's oath,German
Elyse,F,God's oath,Hebrew
Elysia,F,God's oath,German
Elysia,F,God's oath,Hebrew
Elysia,F,Sweetly blissful,Latin
Elyta,F,Winged,English
Elyza,F,"My God is bountiful, God of plenty",English
Elzira,F,Devoted to God,Hebrew
Em,F,"Hardworking, Industrious, Eager",German
Em,F,"Industrious, Eager",Latin
Ema,F,Beloved,Polynesian
Ema,F,Grandmother,Spanish
Ema,F,Serious,German
Emalia,F,Flirt,Latin
Emaline,F,"Industrious, Eager",German
Emaline,F,"Industrious, Eager",Latin
Eman,M,Serious,Irish
Emanuel,M,God is with us,Hebrew
Emanuel,M,With God,Spanish
Emanuela,F,God is with us,Hebrew
Ember,F,"Brownish-yellow, Precious jewel",English
Emele,F,"Flatterer, Work of the Lord, Beloved",Latin
Emelia,F,"Industrious, Eager",German
Emelia,F,"Industrious, Eager",Latin
Emelie,F,"Industrious, Eager",German
Emelie,F,"Industrious, Eager",Latin
Emeline,F,Hardworking,French
Emelyn,F,"Industrious, Eager",German
Emelyn,F,"Industrious, Eager",Latin
Emerald,F,"Emerald, A bright green gem",Spanish
Emeraude,F,"Emerald, A bright green gem",French
Emersen,M,Emery's son,English
Emerson,M,"Brave, Powerful",German
Emerson,M,"Brave, Powerful, Mighty",English
Emery,M,"Brave, Powerful",English
Emery,M,"Brave, Powerful",German
Emery,M,Loving,Latin
Emery,F,Loving,Latin
Emest,M,Serious,German
Emest,M,"Serious, Determined",Spanish
Emesta,F,Serious,Spanish
Emestina,F,Serious,German
Emestine,F,Serious,German
Emesto,M,Serious,Spanish
Emil,M,Industrious,English
Emil,M,Industrious,German
Emile,M,Industrious,French
Emilia,F,"Appeared in Winter's Tale, Othello",Shakespearian
Emilia,F,Flattering,Spanish
Emilia,F,"Industrious, Eager",German
Emilia,F,"Industrious, Eager",Latin
Emilie,F,Flattering,Spanish
Emilie,F,"Hardworking, Industrious, Eager",German
Emilie,F,"Industrious, Eager",Latin
Emiline,F,"Industrious, Eager",German
Emiline,F,"Industrious, Eager",Latin
Emilio,M,Flattering,Spanish
Emily,F,Hardworking,French
Emily,F,"Hardworking, Industrious, Eager",German
Emily,F,"Industrious, Eager",Latin
Emir,M,Charming prince,Arabic
Emlin,F,Place name,Welsh
Emlyn,F,Place name,Welsh
Emma,F,"Hardworking, Industrious, Eager",German
Emma,F,"Whole, Complete",English
Emmaline,F,Hardworking,French
Emmaline,F,"Hardworking, Industrious, Eager",German
Emmaline,F,"Industrious, Eager",Latin
Emmalyn,F,Hardworking,French
Emmalyn,F,Hardworking,German
Emmanuel,M,God is with us,Hebrew
Emmanuella,F,Faith,Hebrew
Emmanuelle,F,Faith,Hebrew
Emmeline,F,Hardworking,French
Emmeline,F,"Hardworking, Industrious, Eager",German
Emmeline,F,"Industrious, Eager",Latin
Emmerson,M,Emery's son,English
Emmery,M,"Ruler of work, Powerful home",German
Emmett,M,"Whole, Complete",English
Emmie,F,"Universal, All-embracing",German
Emmilyne,F,"Industrious, Eager",German
Emmilyne,F,"Industrious, Eager",Latin
Emmory,M,"Ruler of work, Powerful home",German
Emmot,M,"Hard worker, Truth",English
Emmott,M,"Hard worker, Truth",English
Emmy,F,Hardworking,French
Emmy,F,"Hardworking, Industrious, Eager",German
Emmyrson,M,Emery's son,English
Emo,M,Serious,German
Emory,M,"Brave, Powerful",English
Emory,M,Loving,Latin
Emory,M,"Ruler of work, Powerful home",German
Emory,F,Loving,Latin
Emrick,M,Immortal,Welsh
Emris,M,Immortal,Welsh
Emryk,M,Immortal,Welsh
Emrys,M,Immortal,Celtic
Emrys,M,Immortal,Welsh
Emst,M,Serious,German
Emunah,F,Faith,Hebrew
Emyln,F,"Industrious, Eager",German
Emyln,F,"Industrious, Eager",Latin
Emyrson,M,Emery's son,English
Ena,F,Little fire,Irish
Ena,F,Passionate,Celtic
Ena,F,"Wife, Soul",English
Enando,M,Bold venture,German
Enapay,M,Brave (Sioux),Native American
Enat,F,Ardent,Irish
Encarnacion,F,Reference to the Incarnation,Spanish
Enda,M,Name of a saint,Irish
Endora,F,Fountain,Hebrew
Endora,F,Talented one,Greek
Eneas,M,Praised,Spanish
Enerstina,F,Serious,English
Enerstyne,F,Serious,English
Engel,M,Angel,German
Engel,F,Angel,Anglo-Saxon
Engelbertha,F,Bright angel,German
Engelbertina,F,Bright angel,German
Engelbertine,F,Bright angel,German
Engl,F,Light,Celtic
Englbehrt,M,Bright angel,German
Englebert,M,Bright angel,German
Engleberta,F,Bright angel,German
Engracia,F,Graceful,Spanish
Engres,M,A usurper,Arthurian Legend
Enid,F,Fair,English
Enid,F,"Faithful, Abused wife",Arthurian Legend
Enid,F,"Quiet woman, Soul",Welsh
Enid,F,Spirit,Celtic
Enide,F,"Faithful, Abused wife",Arthurian Legend
Enit,F,Fair,English
Enite,F,"Faithful, Abused wife",Arthurian Legend
Enkoodabaoo,M,One who lives alone (Algonquin),Native American
Enkoodabooaoo,M,One who lives alone (Algonquin),Native American
Enna,F,"Wife, Soul",English
Ennis,F,From Ennis,Irish
Enno,M,Strong with a sword,German
Eno,M,Strong with a sword,German
Enoch,M,"Trained, Dedicated",Hebrew
Enola,F,Solitary,Native American
Enos,M,One vigor,Irish
Enrica,F,Ever-powerful,English
Enrica,F,Ever-powerful,German
Enrica,F,Ever-powerful,Norse
Enrica,F,Rules her household,Spanish
Enrico,M,Ruler of an estate,Spanish
Enriqua,F,Ruler,Spanish
Enrique,M,Ruler of an estate,Spanish
Enriqueta,F,Ruler,Spanish
Eny,F,Ardent,Irish
Enyd,F,Fair,English
Enye,F,Grace,Yiddish
Enyeto,M,Walks as a bear,Native American
Enygeus,F,Grandmotber of Percival,Arthurian Legend
Enzo,M,Rules her household,Spanish
Eoforwic,M,From the bear estate,English
Eoghan,M,God's gift,Irish
Eoghann,M,Young,Celtic
Eoin,M,God's gift,Irish
Eoin,M,Young,Celtic
Eoin Baiste,M,"Gracious, Merciful, God is gracious",Irish
Eolande,F,"Violet flower, Modest",Greek
Eorl,M,Chief,Anglo-Saxon
Eorl,M,Nobleman,English
Eorland,M,From the noblemsn's land,English
Eorlland,M,From the noblemsn's land,English
Eorlson,M,Nobleman's son,English
Eostre,F,Goddess of the dawn,Anglo-Saxon
Ephraim,M,Very fruitful,Hebrew
Ephram,M,Fruitful,Hebrew
Ephrem,M,Very fruitful,Hebrew
Ephron,M,Very fruitful,Hebrew
Eraman,F,Honorable,German
Eramana,F,Honorable,German
Eran,M,"Roused, Awakened",Hebrew
Eranthe,F,Spring flower,Greek
Erasma,F,Friendly,Greek
Erasmo,M,Friendly,Spanish
Erc,M,Red,Irish
Erchanbold,M,"Sacred, Bold",German
Erchanhardt,M,Sacred,German
Erea,F,From Ireland,Celtic
Erek,M,Lovable,Polish
Erela,F,Angel,Hebrew
Erelah,F,Angel,Hebrew
Erendira,F,Name of a princess,Spanish
Erendiria,F,Name of a princess,Spanish
Ereonberht,M,Name of a king,Anglo-Saxon
Erhard,M,Honor,German
Erhardt,M,Honor,German
Eri,M,From Ireland,Hebrew
Erian,M,Ploughs,Anglo-Saxon
Erianthe,F,Sweet as many flowers,Greek
Eric,M,Ever-powerful,Scandinavian
Erica,F,Ever-powerful,English
Erica,F,Ever-powerful,German
Erica,F,Ever-powerful,Norse
Erica,F,Honorable Ruler,Scandinavian
Erich,M,Ever-powerful,German
Ericka,F,Ever-powerful,English
Ericka,F,Ever-powerful,German
Ericka,F,Ever-powerful,Norse
Erie,F,From Ireland,Celtic
Erik,M,Ever-powerful,Scandinavian
Erika,F,Ever-powerful,English
Erika,F,Ever-powerful,German
Erika,F,Ever-powerful,Norse
Erikson,M,Ever-powerful,Scandinavian
Erin,F,From Ireland,Irish
Erin,F,"Peace, Western island",Celtic
Erin,F,"Peace, Western island",Gaelic
Erina,F,From Ireland,Celtic
Erina,F,From Ireland,Irish
Erinna,F,"Peace, Western island",Celtic
Erinna,F,"Peace, Western island",Gaelic
Erinne,F,"Peace, Western island",Celtic
Erinne,F,"Peace, Western island",Gaelic
Eriq,M,Ever-powerful,French
Erith,F,Flower,Hebrew
Eritha,F,Flower,Hebrew
Erkerd,M,Sacred,German
Erland,M,From the noblemsn's land,English
Erle,M,Nobleman,English
Erleen,F,Noble woman,English
Erlene,F,Elfin,Anglo-Saxon
Erlene,F,Noble woman,English
Erlene,F,Shield,Spanish
Erlina,F,Elfin,Anglo-Saxon
Erlina,F,Girl from Ireland,Celtic
Erlina,F,Noble woman,English
Erlina,F,Shield,Spanish
Erline,F,Elfin,Anglo-Saxon
Erling,M,Descendant,Scandinavian
Erling,M,Nobleman's son,English
Erling,F,Descendant,Scandinavian
Erma,F,Complete. War goddess,German
Erna,F,Eagle,English
Erna,F,"Earnest, Vigorous",German
Ernesha,F,"Serious, Determined",German
Ernest,M,"Earnest, Vigorous",German
Ernest,M,"Serious, Determined",English
Ernesta,F,"Earnest, Vigorous",German
Ernesta,F,"Serious, Determined",Spanish
Ernestina,F,"Serious, Determined",German
Ernestine,F,"Earnest, Vigorous",German
Ernestine,F,Serious,English
Ernesto,M,"Earnest, Vigorous",German
Ernesto,M,"Serious, Determined",Spanish
Erni,M,"Earnest, Vigorous",German
Ernie,M,"Earnest, Vigorous",German
Ernie,F,"Earnest, Vigorous",German
Ernst,M,"Earnest, Vigorous",German
Erny,M,"Earnest, Vigorous",German
Eron,M,"Revered, Sharer",Spanish
Eros,M,Appeared in Antony & Cleopatra,Shakespearian
Errapel,M,Divine healer,Hebrew
Errin,F,"Peace, Western island",Celtic
Errin,F,"Peace, Western island",Gaelic
Errol,M,"Earl, Nobleman",German
Errol,M,"Earl, Nobleman",Scottish
Erroll,M,"Earl, Nobleman",German
Erroll,M,"Earl, Nobleman",Scottish
Erskina,F,From the top of the cliff,Scottish
Erskine,M,Dweller of the top of the cliff,Gaelic
Erskine,M,From the top of the cliff,Scottish
Erskine,M,Green heights,English
Ertha,F,The earth,German
Ertha,F,Worldly,English
Eruera,M,Happy guardian,Maori
Ervin,M,Friend,English
Ervine,M,Friend,English
Erving,M,Friend,English
Erwin,M,Friend of the sea,English
Erwina,F,Friend of the sea,English
Erwyn,M,Friend of the sea,English
Erwyna,F,Friend of the sea,English
Eryk,M,Ever-powerful,Scandinavian
Eryka,F,Ever-powerful,English
Eryka,F,Ever-powerful,German
Eryka,F,Ever-powerful,Norse
Eryn,F,"Peace, Western island",Celtic
Eryn,F,"Peace, Western island",Gaelic
Erynn,F,"Peace, Western island",Celtic
Erynn,F,"Peace, Western island",Gaelic
Erynna,F,"Peace, Western island",Celtic
Erynna,F,"Peace, Western island",Gaelic
Eryx,M,Son of Aphrodite and Poseidon,Greek
Erzsebet,F,Devoted to God,Hebrew
Esau,M,Hairy,Hebrew
Esben,M,God,Scandinavian
Escalibor,M,King Arthur's sword,Arthurian Legend
Escalus,M,"Appeared in Measure for Measure, Romeo & Juliet",Shakespearian
Escanes,M,Appeared in Pericles,Shakespearian
Escanor,M,Knight slain by Gawain,Arthurian Legend
Escott,M,From Scotland,English
Esdras,M,Help,Hebrew
Esequiel,M,God strengthens,Spanish
Eshe,F,Life,African
Eshkol,M,Grape cluster,Hebrew
Esi,F,Born on Sunday,African
Esiankiki,F,Young maiden,African
Esinam,F,God has heard,African
Eskama,F,Merciful,Spanish
Eskame,F,Merciful,Spanish
Eskarne,F,Merciful,Spanish
Esma,F,"Emerald, A bright green gem",Spanish
Esma,F,Esteem,Latin
Esma,F,Kind defender,Anglo-Saxon
Esmaralda,F,"Emerald, A bright green gem",Spanish
Esmarelda,F,"Emerald, A bright green gem",Spanish
Esme,F,"Emerald, A bright green gem",Spanish
Esme,F,Esteem,Latin
Esme,F,Esteemed,French
Esme,F,Kind defender,Anglo-Saxon
Esmee,F,Esteem,Latin
Esmeralda,F,"Emerald, A bright green gem",Spanish
Esmeraude,F,"Emerald, A bright green gem",French
Esmerelda,F,"Emerald, A bright green gem",Spanish
Esmie,F,Esteem,Latin
Esmiralda,F,"Emerald, A bright green gem",Spanish
Esmirelda,F,"Emerald, A bright green gem",Spanish
Esmond,M,Protected by God,English
Esmund,M,Protected by God,English
Espen,M,God Bear,Scandinavian
Espen,F,God Bear,Scandinavian
Esperanza,F,Hope,French
Esperanza,F,Hope,Spanish
Esra,M,Help. 5th century BC Jewish priest and scholar Ezra wrote and compiled the Old Testament.,Hebrew
Esrlson,M,Nobleman's son,English
Essie,F,Star,Latin
Essie,F,Star,Persian
Essien,M,Sixth-born son,African
Esta,F,From the East,Italian
Esta,F,Star,Latin
Esta,F,Star,Persian
Estcot,M,From the east cottage,English
Estcott,M,From the east cottage,English
Esteban,M,Crown,Greek
Esteban,M,"Crown, Wreath",Spanish
Estebana,F,"Laurel crown, The crown of victory",Spanish
Estee,F,Star,French
Estee,F,Star,Latin
Estee,F,Star,Persian
Estefan,M,Crowned in victory,Spanish
Estefana,F,"Laurel crown, The crown of victory",Spanish
Estefani,F,"Crown, Wreath",Spanish
Estefania,F,"Crown, Wreath",Spanish
Estefany,F,"Crown, Wreath",Spanish
Estel,F,Star,Latin
Estel,F,Star,Persian
Estela,F,Star,Spanish
Estelita,F,Star,Spanish
Estella,F,Star,Latin
Estella,F,Star,Persian
Estella,F,Star,Spanish
Estelle,F,Star,French
Estelle,F,Star,Latin
Estelle,F,Star,Persian
Estephanie,F,"Crown, Wreath",Spanish
Ester,F,Star,Hebrew
Ester,F,Star,Latin
Ester,F,Star,Persian
Ester,F,Star,Spanish
Estes,M,Estuary,Latin
Esteva,F,"Laurel crown, The crown of victory",Spanish
Estevan,M,Crown,Greek
Estevan,M,"Crown, Wreath",Spanish
Estevon,M,"Crown, Wreath",Spanish
Esther,F,Star,Hebrew
Esther,F,Star,Latin
Esther,F,Star,Persian
Estie,F,Star,Latin
Estie,F,Star,Persian
Estmund,M,Protected by God,English
Eston,M,Estuary,Latin
Eston,M,From East town,English
Estralita,F,Star,Latin
Estralita,F,Star,Persian
Estrela,F,Star,Hebrew
Estrella,F,Star,Spanish
Estrellita,F,Star,Spanish
Eszter,F,Star,Hebrew
Etain,F,Shining,Celtic
Etain,F,Sparkling,Irish
Etan,M,"Strong, Firm, Constant",Hebrew
Etan,M,"Strong, Firm, Constant",Latin
Etania,F,Wealthy,Native American
Etchemin,M,Canoe man (Algonquin),Native American
Etel,F,Noble,Hebrew
Etenia,F,Rich,Native American
Eth,M,Fire,Irish
Ethan,M,"Strong, Firm, Constant",Hebrew
Ethan,M,"Strong, Firm, Constant",Latin
Ethel,M,Noble,Hebrew
Ethel,F,Noble,English
Ethel,F,Noble,German
Ethel,F,Noble,Hebrew
Ethelbald,M,Name of a king,Anglo-Saxon
Ethelbert,M,Name of a king,Anglo-Saxon
Ethelbert,M,Noble,Hebrew
Ethelbert,M,Splendid,English
Ethelinda,F,Noble serpent,German
Ethelinde,F,Noble serpent,German
Ethelred,M,Name of a king,Anglo-Saxon
Ethelred,M,Noble,Hebrew
Ethelreda,F,Noble maiden,English
Ethelwulf,M,Name of a king,Anglo-Saxon
Ethen,M,"Strong, Firm, Constant",Hebrew
Ethen,M,"Strong, Firm, Constant",Latin
Etheswitha,F,Name of a princess,Anglo-Saxon
Ethna,F,Graceful,Irish
Ethne,F,Fire,Celtic
Etienne,M,Crown,Greek
Etienne,M,"Crown, Wreath",French
Etilka,F,Noble,Hebrew
Etlelooaat,M,Shouts (Algonquin),Native American
Etney,F,Little fire,Irish
Etsu,F,Delight,Japanese
Etta,F,Adorned,Latin
Etta,F,Little one,German
Etta,F,Noble kind,Hebrew
Etta,F,Rules her household,English
Ettard,F,Lover of Pelleas,Arthurian Legend
Ettare,F,Lover of Pelleas,Arthurian Legend
Ettie,F,Rules her household,English
Etty,F,Rules her household,English
Etu,M,Sun,Native American
Euan,M,God is merciful,Irish
Eudocia,F,Esteemed,Greek
Eudor,M,Good gift,Greek
Eugen,M,Noble,German
Eugene,M,"Born lucky, Wellborn",French
Eugene,M,"Born lucky, Wellborn",Greek
Eugenia,M,Born lucky,Greek
Eugenia,F,Noble,French
Eugenie,M,Born lucky,Greek
Eugenie,F,"Born lucky, Wellborn",French
Eugenio,M,Noble,Spanish
Eulalia,F,Fair of speech,Greek
Eulalie,F,Well - spoken,French
Eunice,F,Victorious,Greek
Eunyce,F,Victorious,Greek
Euphrosyne,F,Joy,Greek
Eustace,M,Fruitful,English
Eustace,M,Fruitful,Greek
Eustacia,F,Tranquil,Latin
Ev,F,Life,Hebrew
Eva,F,Giver of life,Spanish
Eva,F,Life,Hebrew
Evacsa,F,Life,Hebrew
Evacska,F,Life,Hebrew
Evadeam,M,Dwarf,Arthurian Legend
Evadine,F,From greek mythology,Greek
Evadne,F,A water-nymph,Greek
Evalac,M,Name of a king,Arthurian Legend
Evaleen,F,Giver of life,English
Evalina,F,Giver of life,English
Evalina,F,"Lively, Pleasant",Celtic
Evaline,F,Giver of life,English
Evalyn,F,Giver of life,English
Evalyn,F,"Lively, Pleasant",Celtic
Evan,M,Right handed,Scottish
Evan,M,"Young warrior, Well-born",Celtic
Evan,M,"Young warrior, Well-born",English
Evan,M,"Young warrior, Well-born",Greek
Evander,M,"Early founder of rome, Benevolent ruler",Greek
Evanee,F,"Young warrior, Well-born",English
Evangaline,F,Like an angel,Greek
Evangalyne,F,Like an angel,Greek
Evangelia,F,One who brings good news,Greek
Evangeline,F,Like an angel,Greek
Evangelyn,F,Like an angel,Greek
Evania,F,"Young warrior, Well-born",English
Evanna,F,Right handed,Scottish
Evanna,F,"Young warrior, Well-born",English
Evans,M,"Young warrior, Well-born",Celtic
Evans,M,"Young warrior, Well-born",Greek
Evanston,M,"Young warrior, Well-born",Celtic
Evanston,M,"Young warrior, Well-born",Greek
Evanthe,F,Flower,Greek
Evarado,M,"Hardy, Brave",Spanish
Eve,F,Life,Hebrew
Evel,F,"Lively, Pleasant",Celtic
Evelake,M,Name of a king,Arthurian Legend
Eveleen,F,Giver of life,Irish
Evelin,F,Giver of life,English
Evelina,F,Giver of life,English
Evelina,F,Life giving,Hebrew
Evelina,F,"Lively, Pleasant",Celtic
Eveline,F,Giver of life,English
Eveline,F,"Lively, Pleasant",Celtic
Evelyn,M,Life,Hebrew
Evelyn,F,Life,English
Evelyn,F,Life,French
Evelyn,F,"Lively, Pleasant",Celtic
Evelyne,F,Giver of life,English
Evelynn,F,Giver of life,English
Evelynne,F,Giver of life,English
Ever,M,Strong as a boar,English
Everard,M,Brave,English
Everard,M,Strong as a boar,German
Everardo,M,"Hardy, Brave",Spanish
Everet,M,Strong as a boar,English
Everet,M,Strong wild boar,German
Everett,M,"Hardy, Brave",English
Everett,M,Strong wild boar,German
Everhard,M,Strong as a boar,English
Everil,M,Boar-warrior,English
Everill,M,Boar-warrior,English
Everleigh,M,From Ever's meadow,English
Everley,M,From Ever's meadow,English
Everly,M,From Ever's meadow,English
Evert,M,"Hardy, Brave",German
Evert,M,Strong as a boar,English
Everton,M,"Hardy, Brave",English
Evetta,F,Living one,Hebrew
Evette,F,Life,Hebrew
Evette,F,"Lively, Pleasant",Celtic
Evia,F,Living one,Hebrew
Evian,M,"Young warrior, Well-born",English
Eviana,F,Living one,Hebrew
Evie,F,Life,Hebrew
Evika,F,Life,Hebrew
Evike,F,Life,Hebrew
Evilio,F,"Lively, Pleasant",Celtic
Evin,M,Swift,Irish
Evin,F,"Young warrior, Well-born",English
Evina,F,Right handed,Scottish
Evita,F,Giver of life,Spanish
Evita,F,Life,Hebrew
Evon,F,Archer,French
Evon,F,Archer,German
Evonna,F,Archer,French
Evonna,F,Archer,German
Evonne,F,Archer,French
Evonne,F,Archer,German
Evonne,F,Life,Hebrew
Evony,F,Archer,French
Evony,F,Archer,German
Evoy,M,Blond,Irish
Evrain,M,Name of a king,Arthurian Legend
Evrard,M,Strong as a boar,German
Evy,F,Life,Hebrew
Evzen,M,Of noble birth,Czech
Ewa,F,Life,Hebrew
Ewald,M,Powerful,English
Ewan,M,God is merciful,Irish
Ewan,M,Warrior,Welsh
Ewan,M,Well born,Gaelic
Ewan,M,Well born,Greek
Ewan,M,Young,Celtic
Eward,M,Strong as a boar,German
Ewart,M,"Hardy, Brave",German
Ewart,M,Youth,English
Eweheorde,M,Shepherd,English
Ewen,M,God is merciful,Irish
Ewen,M,Warrior,Welsh
Ewen,M,Well born,Greek
Ewen,M,Young,Celtic
Ewert,M,Shepherd,English
Ewing,M,Youth,English
Ewyn,M,Young,Celtic
Exaltacion,F,Lifted up,Spanish
Excalibur,M,King Arthur's sword,Arthurian Legend
Eyota,F,Great,Native American
Eyou,M,Symbol of piety,Hebrew
Ezechiel,M,Strength of God,Hebrew
Ezekiel,M,Strength of God,Hebrew
Ezekyel,M,Strength of God,Hebrew
Ezequiel,M,God strengthens,Spanish
Ezer,M,"Helper, Salvation",Hebrew
Ezhno,M,Solitary,Native American
Ezio,M,"Friend, Lover",Hebrew
Ezmeralda,F,"Emerald, A bright green gem",Spanish
Ezra,M,"Helper, Salvation",Hebrew
Ezrah,M,Help. 5th century BC Jewish priest and scholar Ezra wrote and compiled the Old Testament.,Hebrew
Ezri,M,"Helper, Salvation",Hebrew
Ezzret,M,"Helper, Salvation",Hebrew
F'enton,M,From the farm on the fens,English
Fab,M,Bean grower,Latin
Faber,M,Bean grower,English
Fabia,F,Bean grower,Latin
Fabian,M,Appeared in Twelfth Night,Shakespearian
Fabian,M,Bean grower,English
Fabian,M,Bean grower,Latin
Fabiana,F,Bean grower,Latin
Fabien,M,Bean grower,French
Fabienne,F,Bean grower,French
Fabienne,F,Bean grower,Latin
Fabio,M,Bean grower,Latin
Fabio,M,Bean grower,Spanish
Fabion,M,Bean grower,English
Fabius,M,Bean grower,Latin
Fabya,F,Bean grower,Latin
Fabyan,M,Bean grower,Latin
Fachnan,M,Name of a saint,Irish
Fadil,M,Generous,Arabic
Fadilah,F,Virtue,Arabic
Fae,F,Faithful,French
Fae,F,"Trust, Faith",English
Faegan,M,Joyful,English
Faer,M,Traveler,English
Faerrleah,M,From the bull's pasture,English
Faerwald,M,Powerful traveler,English
Fafelina,F,Butterfly,Italian
Fafelyna,F,Butterfly,Italian
Faffa,F,Butterfly,Italian
Faffelina,F,Butterfly,Italian
Fafylena,F,Butterfly,Italian
Fagan,M,Joyful,English
Fagan,M,Little Hugh,Irish
Fahey,M,From the green field,Irish
Fahy,M,From the green field,Irish
Faiga,F,Bird,German
Faiion,M,Ruler,Irish
Fain,M,Joyful,English
Faina,F,Joyous,Anglo-Saxon
Fainche,F,Free,Irish
Fainche,F,Saint's name,Celtic
Faine,M,Good natured,English
Faing,M,From the sheep pen,Scottish
Fairfax,M,Blond,Anglo-Saxon
Fairfax,M,Blond,English
Fairfield,M,Blond,English
Fairleigh,M,Distant meadow,English
Fairley,M,Distant meadow,English
Fairlie,M,From the bull's pasture,English
Fairly,M,Distant meadow,English
Fairuza,F,Turquoise,Arabic
Faith,F,Faithful,English
Faith,F,"Trust, Faith",Latin
Faithe,F,Faithful,English
Faithful,F,"Trust, Faith",Latin
Faizah,F,Victorious,African
Fakhir,M,Proud,Arabic
Fala,F,Crow (Choctaw),Native American
Falana,F,Adoring,Greek
Falcon,M,Falconry,English
Falgun,M,Month in the Hindu calendar,Indian
Faline,F,In charge,Irish
Falk,M,Falconry,German
Falke,M,Falconry,German
Falken,M,Falconry,German
Fallamhain,M,Ruler,Irish
Fallon,M,Surname,Irish
Fallon,F,"Grandchild of the ruler, In charge",Celtic
Fallon,F,In charge,Irish
Fallyn,F,In charge,Irish
Falon,F,In charge,Irish
Falstaff (Sir John),M,Appeared in Merry Wives of Windsor,Shakespearian
Fana,F,Light,African
Fanceen,F,"From France, Free",English
Fanchon,F,Free,French
Fanchon,F,"From France, Free",Latin
Fanchone,F,Free,French
Fane,M,Joyful,English
Fanetta,F,"Laurel crown, The crown of victory",French
Fanette,F,"Laurel crown, The crown of victory",French
Fang,M,From the sheep pen,Scottish
Fanni,F,"From France, Free",English
Fannia,F,"From France, Free",English
Fannie,F,Crown,Greek
Fannie,F,"From France, Free",English
Fanny,F,Appearance of God,French
Fanny,F,"From France, Free",English
Fanny,F,"From France, Free",Latin
Fanny,F,Goddess of the underworld,Greek
Fanta,F,Beautiful day,African
Fanta,F,From fantacy,Latin
Fantasia,F,From fantacy,Latin
Fantina,F,Childlike,French
Fantine,F,Childlike,French
Fantine,F,"From France, Free",English
Fanuco,M,Free,Spanish
Faoiltiama,F,Wolf lady,Irish
Faolan,M,Wolf,Irish
Faqueza,F,Weakness,Spanish
Fara,F,Traveler,English
Farah,F,Beautiful,English
Farah,F,Beautiful,Latin
Faraji,M,Consolation,African
Faran,M,Advances,Anglo-Saxon
Farar,M,Blacksmith,Latin
Fardoragh,M,Dark,Irish
Faren,F,Adventurous,English
Farfa,F,Butterfly,Italian
Farfalla,F,Butterfly,Italian
Farid,M,One of a kind,Arabic
Faridah,F,Unique,Arabic
Fariel,M,Star,Persian
Farin,F,Adventurous,English
Faris,M,A knight,Arabic
Faris,M,Strong as iron,English
Farkas,M,Wolf,Hungarian
Farlan,M,Son of the furrows,Scottish
Farland,M,Distant meadow,English
Farlane,M,Son of the furrows,Scottish
Farleigh,M,From the bull's pasture,English
Farley,M,From the bull's pasture,English
Farlow,M,From the bull's pasture,English
Farly,M,From the bull's pasture,English
Farmon,M,Traveler,Anglo-Saxon
Farnall,M,From the fern slope,English
Farnell,M,From the fern slope,English
Farnham,M,From the fern field,English
Farnly,M,From the fern meadow,English
Faro,M,Reference to the card game faro.,Spanish
Farold,M,Powerful traveler,English
Faron,M,Blacksmith,Latin
Faron,M,Pharoah,Spanish
Farquharson,M,Son of the dear one,Scottish
Farr,M,Traveler,English
Farra,F,Beautiful,English
Farra,F,Beautiful,Latin
Farrah,F,Beautiful,English
Farrah,F,Beautiful,Latin
Farrah,F,Happy,Arabic
Farran,M,Baker,Arabic
Farran,M,The land,Irish
Farran,F,Adventurous,Irish
Farrar,M,Blacksmith,Latin
Farrel,M,Brave,Irish
Farrel,M,"Courageous, Man of valor",Celtic
Farrel,M,"Courageous, Man of valor",English
Farrell,M,"Courageous, Man of valor",Celtic
Farrell,M,"Courageous, Man of valor",English
Farrell,M,Surname,Irish
Farren,M,Adventurous,English
Farren,M,The land,Irish
Farren,F,Adventurous,English
Farrier,M,Blacksmith,Latin
Farrin,M,The land,Irish
Farrin,F,Adventurous,English
Farris,M,Strong as iron,English
Farron,M,Blacksmith,Latin
Farron,F,Adventurous,English
Farrow,M,"Courageous, Man of valor",Celtic
Farrow,M,"Courageous, Man of valor",English
Farrs,M,Son of Farr,English
Farry,M,Manly,Irish
Farryn,F,Adventurous,English
Fars,M,Son of Farr,English
Farson,M,Son of Farr,English
Faruq,M,Wise,Arabic
Faryn,F,Adventurous,English
Fascienne,F,Black,Latin
Fatima,F,"Captivating, Daughter of the Prophet Muhammad",Arabic
Fatimah,F,"Captivating, Daughter of the Prophet Muhammad",Arabic
Fatin,M,Intelligent,Arabic
Fatin,F,"Captivating, Daughter of the Prophet Muhammad",Arabic
Fatina,F,"Captivating, Daughter of the Prophet Muhammad",Arabic
Fatinah,F,"Captivating, Daughter of the Prophet Muhammad",Arabic
Fatma,F,"Captivating, Daughter of the Prophet Muhammad",Arabic
Fatuma,F,Weaned,African
Faun,F,Young deer,French
Faun,F,Young deer,Latin
Fauna,F,Young deer,English
Fauna,F,Young deer,French
Fauna,F,Young deer,Latin
Faunia,F,Fawn,French
Fausta,F,Lucky,Spanish
Faustina,F,Lucky,Spanish
Fausto,M,Lucky,Spanish
Favel,F,"Blond, Golden hair",Latin
Favian,M,Bean grower,English
Favio,M,Bean grower,English
Favor,F,Approval,French
Fawn,F,Young deer,English
Fawn,F,Young deer,French
Fawn,F,Young deer,Latin
Fawna,F,Young deer,English
Fawna,F,Young deer,French
Fawna,F,Young deer,Latin
Fawne,F,Young deer,English
Fawne,F,Young deer,French
Fawne,F,Young deer,Latin
Fawnia,F,Fawn,French
Faxon,M,Long haired,Teutonic
Fay,M,Raven,Irish
Fay,F,Faithful,French
Fay,F,"Trust, Faith",English
Fayanna,F,"Trust, Faith",English
Fayanna,F,"Trust, Faith",French
Faye,F,Faithful,French
Faye,F,"Trust, Faith",English
Fayette,F,Little fairy,French
Fayina,F,Free,Russian
Fayme,F,Famed,French
Fayne,M,Joyful,English
Fayola,F,Luck,African
Fayre,F,Beautiful,English
Fayth,F,Faithful,English
Fayth,F,"Trust, Faith",Latin
Faythe,F,"Trust, Faith",Latin
Fe,F,Trust,Spanish
Fealty,F,Faithful,French
Feandan,M,From the narrow glen,Scottish
Fear,M,Fear,English
Fearchar,M,Dear one,Scottish
Fearchara,F,Dear,Scottish
Fearcharia,F,Dear,Scottish
Fearghus,M,"Strong, Manly",Celtic
Fearn,F,Leafy plant,English
Fearne,F,Leafy plant,English
Fearnhamm,M,From the fern field,English
Fearnhealh,M,From the fern slope,English
Fearnleah,M,From the fern meadow,English
Feb,M,Pagan God,Latin
Febby,M,Pagan God,Latin
Februus,M,Pagan God,Latin
Fedelm,F,Mythical wife of Loegaire,Celtic
Federica,F,Peaceful ruler,German
Federico,M,Peaceful ruler,Spanish
Fedor,M,Gift of God,Greek
Fedora,F,Gift of God,Greek
Feenat,F,Deer,Irish
Feich,M,Raven,Irish
Feirefiz,M,A mulatto heathen who became Christian,Arthurian Legend
Felabeorbt,M,Brilliant,English
Felabeorht,F,Brilliant,English
Felamaere,M,Famous,English
Felan,M,Wolf,Irish
Felberta,F,Brilliant,English
Felcia,F,Lucky,Polish
Felda,F,From the field,German
Felding,M,Lives in the field,English
Feldon,M,From the field estate,English
Feldtun,M,From the field estate,English
Feldun,M,From the field estate,English
Felecia,F,Happy,French
Felice,M,Happy,Latin
Felice,F,Happy,Latin
Felicia,F,Great happiness,French
Felicia,F,Happy,Latin
Feliciana,F,Happy,Latin
Feliciano,M,Happy,Spanish
Felicienne,F,Great happiness,French
Felicita,F,"Happy, Lucky",Spanish
Felicitas,F,"Happy, Lucky",Spanish
Felicite,F,Fortunate,French
Felicity,F,Great happiness,French
Felicity,F,Happy,Latin
Felicity,F,"Happy, A virtue name",English
Felipa,F,Loves horses,Greek
Felipe,M,Loves horses,Greek
Felipe,M,Loves horses,Spanish
Felipe,F,Loves horses,Greek
Felippe,M,Loves horses,Spanish
Felisa,F,Lucky,Spanish
Felisberta,F,Intelligent,German
Felisse,F,Happy,Latin
Felix,M,Happy,Latin
Felix,M,Lucky,Spanish
Felix,M,Name of a saint,Anglo-Saxon
Felton,M,From the field estate,English
Felyce,F,Happy,Latin
Femi,F,Love me,African
Fenella,F,Fair shoulders,Scottish
Fenella,F,Of the white shoulders,Celtic
Fenella,F,White shouldered,Irish
Fennella,F,White shouldered,Gaelic
Fenton,M,Appeared in Merry Wives of Windsor,Shakespearian
Fenton,M,Marshland dweller,English
Feodor,M,Gift of God,Greek
Feodora,F,Gift of God,Greek
Feran,M,Advances,Anglo-Saxon
Ferd,M,Courageous traveler,German
Ferde,M,Courageous traveler,German
Ferdie,M,Courageous traveler,German
Ferdinand,M,Adventurer,German
Ferdinand,M,Adventurer,Spanish
Ferdinand,M,"Appeared in The Tempest, Love's Labour Lost",Shakespearian
Ferdy,M,Courageous traveler,German
Ferehar,M,Mythical son of Uisneeh,Celtic
Ferenc,M,Free,French
Ferenc,M,"From France, Free",Latin
Ferenc,M,"Independent, free",Hungarian
Ferghus,M,"Strong, Manly",Celtic
Fergie,M,"Strong, Manly",Celtic
Fergun,M,"Strong, Manly",Celtic
Fergus,M,"First choice, Man of strength",Scottish
Fergus,M,"Strong, Manly",Celtic
Ferguson,M,Son of Fergus,Celtic
Ferguson,M,Son of the first choice,Scottish
Fergusson,M,Son of the first choice,Scottish
Fergy,M,"Strong, Manly",Celtic
Fermin,M,Strong,Spanish
Fermina,F,Strong,Spanish
Fern,F,"Fern, A green plant that loves shade",English
Fernald,M,From the fern slope,English
Fernand,M,Adventurer,French
Fernanda,F,Adventurous,German
Fernandas,M,Courageous traveler,German
Fernando,M,Adventurer,Spanish
Fernando,M,Courageous traveler,German
Ferne,F,"Fern, A green plant that loves shade",English
Fernly,F,Leafy plant,English
Feronia,F,Goddess of springs and woods,Latin
Ferran,M,Baker,Arabic
Ferran,F,Adventurous,English
Ferrel,M,"Rock, Iron",Celtic
Ferrel,M,"Rock, Iron",Latin
Ferrell,M,Brave,Irish
Ferrell,M,"Rock, Iron",Celtic
Ferrell,M,"Rock, Iron",Latin
Ferris,M,"Rock, Iron",Celtic
Ferris,M,"Rock, Iron",Latin
Ferron,M,Ironworker,English
Ferryn,F,Adventurous,English
Ferrys,M,"Rock, Iron",Celtic
Ferrys,M,"Rock, Iron",Latin
Feste,M,Appeared in Twelfth Night,Shakespearian
Fey,F,Fairy,French
Ffionn,M,Foxglove Flower,Welsh
Fia,F,Dark of peace,Scottish
Fiacra,M,Eagle,Celtic
Fiacre,M,Eagle,Celtic
Fianait,F,Deer,Irish
Fianna,F,Legendary tale,Celtic
Fiannan,M,Ruddy,Irish
Fibh,M,From Fifeshire,Scottish
Fidel,M,Faithful,Spanish
Fidele,M,Faithful,Spanish
Fidelity,M,"Faithful, Sincere",Spanish
Fidelma,F,Faithful,Irish
Fido,M,"Faithful, Sincere",Spanish
Fie,M,Dark of peace,Scottish
Field,M,Field,English
Fielder,M,Field,English
Fielding,M,Lives in the field,English
Fifi,F,God wiIl multiply,French
Fifine,F,God wiIl multiply,French
Fifna,F,He shall add,Hebrew
Fifne,F,He shall add,Hebrew
Filbert,M,Brilliant,English
Filbert,M,Loves horses,Greek
Filberta,F,Brilliant,English
Filbuk,M,Brilliant,English
Filicia,F,Great happiness,French
Filida,F,"Leafy branch, Dear",Greek
Filip,M,Loves horses,Greek
Filipa,F,Loves horses,Spanish
Filippo,M,Loves horses,Greek
Filmarr,M,Famous,English
Filmer,M,Famous,English
Filmore,M,Famous,English
Filomena,F,"Song lover, Friend, Lover of the moon",Greek
Filomena,F,"Song lover, Friend, Lover of the moon",Welsh
Fina,F,He shall add,Hebrew
Finan,M,Name of a bishop,Anglo-Saxon
Finbar,M,Blond,Celtic
Finbar,M,Handsome,Irish
Findabair,F,Mythical daughter of Medb,Celtic
Fineen,M,Handsome,Irish
Fineena,F,Beautiful child,Irish
Finella,F,White shouldered,Irish
Finghin,M,Handsome,Irish
Fingula,F,Mythical daughter of Lyr,Celtic
Finian,M,Fair,Irish
Finian,M,"Fair heroe, Sunbeam",English
Finian,M,"Fair heroe, Sunbeam",Scottish
Finian,M,Handsome,Celtic
Finlay,M,"Fair heroe, Sunbeam",English
Finlay,M,"Fair heroe, Sunbeam",Scottish
Finley,M,"Fair heroe, Sunbeam",English
Finley,M,"Fair heroe, Sunbeam",Scottish
Finn,M,Blond,English
Finn,M,Fair,Irish
Finn,M,"Fair heroe, Sunbeam",Scottish
Finn,M,Laplander,Norwegian
Finn,F,Dark skinned,African
Finn,F,Oracle,Greek
Finna,F,Fair,Irish
Finnbar,M,Blond,Celtic
Finneen,M,Beautiful child,Irish
Finnegan,M,Fair,Irish
Finnian,M,"Fair heroe, Sunbeam",English
Finnian,M,"Fair heroe, Sunbeam",Scottish
Finnie,M,"Fair heroe, Sunbeam",English
Finnie,M,"Fair heroe, Sunbeam",Scottish
Finnin,M,Handsome,Irish
Finnobarr,M,Blond,Celtic
Finny,M,"Fair heroe, Sunbeam",English
Finny,M,"Fair heroe, Sunbeam",Scottish
Finola,F,Fair shoulders,Irish
Finola,F,White shouldered,Gaelic
Fiona,F,Fair,Irish
Fiona,F,Fair,Scottish
Fiona,F,"White, Fair",Celtic
Fionan,M,Handsome,Irish
Fione,F,"White, Fair",Celtic
Fionn,M,Handsome,Irish
Fionn,M,"White, Fair",Celtic
Fionn,F,Fair,Irish
Fionn,F,"White, Fair",Celtic
Fionna,F,Fair,Irish
Fionnbarr,M,Handsome,Irish
Fionnghuala,F,White shouldered,Irish
Fionnuala,F,Fair shoulders,Irish
Fionnula,F,"White, Fair",Celtic
Fiorenza,F,Flower,Italian
Firman,M,Fair,English
Firman,M,Traveler,Anglo-Saxon
Firth,M,Arm of the sea,Scottish
Firtha,F,Arm of the sea,Scottish
Fisk,M,Fisherman,Swedish
Fiske,M,Fish,English
Fitch,M,Ermine,English
Fitche,M,Ermine,English
Fitz,M,Son,French
Fitz,M,Son,Latin
Fitz,M,"Surname prefix meaning """"son of""""",English
Fitz Adam,M,Son of Adam,English
Fitz Gerald,M,Son of Gerald,English
Fitz Gibbon,M,Son of Gilbert,English
Fitz Gilbert,M,Son of Gilbert,English
Fitz Hugh,M,Son of Hugh,English
Fitz James,M,Son of James,English
Fitz Patrick,M,Son of Patrick,English
Fitz Simon,M,Son of Simon,English
Fitz Walter,M,Son of Walter,English
Fitz Water,M,Son of Walter,English
Fitzadam,M,Son of Adam,English
Fitzgerald,M,Son,Latin
Fitzgerald,M,Son of Gerald,English
Fitzgerald,M,Son of Gerald,French
Fitzgerald,M,Surname,Irish
Fitzgibbon,M,Son of Gilbert,English
Fitzgilbert,M,Son of Gilbert,English
Fitzhugh,M,Son,Latin
Fitzhugh,M,Son of Hugh,English
Fitzhugh,M,Son of Hugh,French
Fitzjames,M,Son of James,English
Fitzpatrick,M,Son,Latin
Fitzpatrick,M,Son of Patrick,English
Fitzpatrick,M,Son of Patrick,French
Fitzroy,M,Son,Latin
Fitzsimmons,M,Son of Simon,English
Fitzsimon,M,Son of Simon,English
Fitzsimons,M,Son of Simon,English
Fitzwalter,M,Son of Walter,English
Fitzwater,M,Son of Walter,English
Fiynn,M,Ruddy,Irish
Flainn,M,Ruddy,Irish
Flair,F,Style,English
Flan,M,"Sheet of metal, Flat land",French
Flan,F,"Sheet of metal, Flat land",French
Flanagan,M,Ruddy,Irish
Flann,M,Ruddy,Irish
Flann,M,"Sheet of metal, Flat land",French
Flann,F,"Sheet of metal, Flat land",French
Flanna,F,Red haired,Irish
Flannagain,M,Ruddy,Irish
Flannagan,M,Surname,Irish
Flannery,M,"Sheet of metal, Flat land",French
Flannery,M,Surname,Irish
Flannery,F,"Sheet of metal, Flat land",French
Flavia,F,"Blond, Golden hair",Latin
Flavio,M,Blond,Spanish
Flavius,M,Appeared in Timon of Athens,Shakespearian
Fleance,M,Appeared in Macbeth,Shakespearian
Fleming,M,Dutchman,English
Fleming,M,From Flanders,Anglo-Saxon
Flemming,M,A native of Flanders,English
Fleta,F,Swift,English
Fletcher,M,Arrow maker,English
Fletcher,M,Arrow maker,French
Fletcher,M,Maker of arrows,Scottish
Fleur,F,"Blooming flower, Flourishing",Latin
Fleur,F,Flower,French
Fleurette,F,Little flower,French
Flin,M,Son of the red-haired man,Celtic
Flinn,M,Son of a red-haired man,Irish
Flinn,M,Son of the red-haired man,Celtic
Flint,M,"Place name, A stone to start fire",English
Flo,F,Arrow,Native American
Flo,F,"Blooming flower, Flourishing",Latin
Floinn,M,Ruddy,Irish
Floke,M,Guardian of the people,Norse
Floke,M,Guardian of the people,Teutonic
Flor,F,"Blooming flower, Flourishing",Spanish
Flora,F,"Blooming flower, Flourishing",Latin
Florence,M,Son of Gawain,Arthurian Legend
Florence,F,"Blooming flower, Flourishing",Latin
Florence,F,Flowering,English
Florencia,F,"Flowering, Blooming",Spanish
Florentia,F,"Blooming flower, Flourishing",Latin
Florentina,F,Blooming,Spanish
Florentino,M,Blooming,Spanish
Florenz,F,"Blooming flower, Flourishing",Latin
Floressa,F,Flower,French
Floretta,F,Flower,French
Flori,F,Flower,French
Floria,F,"Blooming flower, Flourishing",Latin
Floria,F,Flower,French
Florian,F,Flowering,Latin
Floriana,F,Flower,French
Florida,F,Blooming,Spanish
Florida,F,"Blooming flower, Flourishing",Latin
Florida,F,Flower,French
Florie,F,"Blooming flower, Flourishing",Latin
Florinda,F,Flower,French
Florinia,F,Blooming,Spanish
Florinio,M,Blooming,Spanish
Floris,F,"Blooming flower, Flourishing",Latin
Florita,F,Flower,Spanish
Floritzel,M,Appeared in A Winter's Tale,Shakespearian
Florrie,F,"Blooming flower, Flourishing",Latin
Florrie,F,Flower,French
Florus,M,Flower,French
Flory,F,"Blooming flower, Flourishing",Latin
Floryn,F,"Blooming flower, Flourishing",Latin
Flos,F,Chieftain,Norse
Flossie,F,"Blooming flower, Flourishing",Latin
Flower,F,"Blooming flower, Flourishing",Latin
Floyd,M,Gray,Celtic
Floyd,M,Gray haired,English
Floyd,M,Gray haired,Welsh
Fluellen,M,Appeared in Henry V,Shakespearian
Flyn,M,Son of a red-haired man,Irish
Flyn,M,Son of the red-haired man,Celtic
Flynn,M,Son of a red-haired man,Irish
Flynn,M,Son of the red-haired man,Celtic
Flynt,M,Stream,English
Flyta,F,Swift,English
Fodor,M,Curly haired,Hungarian
Fogartaigh,M,Exiled,Irish
Fogarty,M,Exiled,Irish
Fogerty,M,Exiled,Irish
Fola,F,Honour,African
Foley,M,Plunders,Irish
Folkus,M,"People, Famous",Hungarian
Foma,M,Twin,Hebrew
Fonda,M,Profound,Spanish
Fonda,F,Profound,Spanish
Fonda,F,Tender,English
Fonsie,M,"Noble estate, Eager",German
Fonso,M,"Noble estate, Eager",German
Fontaine,M,Fountain,French
Fontane,M,Fountain,French
Fontanne,F,Fountain,French
Fontayne,M,Fountain,French
Fonteyne,M,Fountain,French
Fonzell,M,"Noble estate, Eager",German
Fonzie,M,"Noble estate, Eager",German
Fonzo,M,"Noble estate, Eager",German
Forba,M,Owns the fields,Irish
Forba,F,Headstrong,Scottish
Forbes,M,Headstrong,Scottish
Forbes,M,Prosperous,English
Forbia,F,Headstrong,Scottish
Ford,M,Appeared in Merry Wives of Windsor,Shakespearian
Ford,M,River crossing,English
Forde,M,A shallow place used to cross a river or stream,English
Forest,M,Keeps the forest Woodland.,English
Forest,M,Out of the woods,French
Forester,M,Forest-ranger,English
Forestt,M,Out of the woods,French
Forrest,M,From the woods,French
Forrest,M,Woodland,English
Forrester,M,Protector of the forest,English
Forrestt,M,Out of the woods,French
Forster,M,Out of the woods,French
Fortinbras,M,Appeared in Hamlet,Shakespearian
Fortun,M,Lucky,French
Fortuna,F,Lucky,Spanish
Fortune,M,Lucky,French
Foster,M,Forest keeper,French
Foster,M,Forest-ranger,English
Fowler,M,Game warden,English
Fraco,M,Weak,Spanish
Fraine,M,Foreigner,English
Fraiser,M,Strawberry,French
Fran,F,Free,French
Fran,F,"From France, Free",Latin
France,F,Free,French
France,F,"From France, Free",English
Francena,F,Free,French
Francene,F,Free,French
Frances,F,Free,French
Frances,F,"From France, Free",English
Frances,F,"From France, Free",Latin
Francesca,F,Free,French
Francesca,F,"From France, Free",Latin
Franchesca,F,Free,French
Franchesca,F,"From France, Free",Latin
Franci,M,Free,French
Franci,M,"From France, Free",Latin
Franci,F,"From France, Free",English
Francia,F,"From France, Free",English
Francie,F,"From France, Free",English
Francille,F,Free,French
Francina,F,Free,French
Francine,F,Free,French
Francine,F,"From France, Free",Latin
Francis,M,Free,French
Francis,M,"From France, Free",Latin
Francis (Friar),M,Appeared in Much Ado About Nothing,Shakespearian
Francisca,F,Appeared in Measure for Measure,Shakespearian
Francisca,F,"From France, Free",Spanish
Francisco,M,"Appeared in Hamlet, The Tempest",Shakespearian
Francisco,M,"Free, A free man",Spanish
Franco,M,Frank,Spanish
Franco,M,Free,French
Franco,M,"From France, Free",Latin
Francois,M,"Free, A free man",French
Francoise,F,Free,French
Frank,M,Free,French
Frank,M,"Free, A free man",English
Frank,M,"From France, Free",Latin
Franki,F,"From France, Free",English
Frankie,M,Free,French
Frankie,M,"Free, A free man",English
Frankie,M,"From France, Free",Latin
Frankie,F,"From France, Free",English
Franklin,M,Free man,French
Franklin,M,"Free man, Landholder",English
Franklyn,M,Free man,French
Franklyn,M,"Free man, Landholder",English
Franky,M,Free,French
Franky,M,"Free, A free man",English
Frannie,F,Free,French
Frannie,F,"From France, Free",Latin
Franny,F,Free,French
Franny,F,"From France, Free",Latin
Frantz,M,"Free, A free man",German
Franz,M,Free,French
Franz,M,"From France, Free",German
Franz,M,"From France, Free",Latin
Franziska,F,Free,German
Fraomar,M,Name of a king,Anglo-Saxon
Frasco,M,Free,Spanish
Frascuelo,M,Free,Spanish
Fraser,M,Strawberry,French
Fraser,M,"Strawberry flowers, Of the forest men, A major Scottish clan",Scottish
Frasier,M,Strawberry,French
Frasier,M,"Strawberry flowers, Of the forest men, A major Scottish clan",Scottish
Frayne,M,Foreigner,English
Frazer,M,Strawberry,French
Frazer,M,"Strawberry flowers, Of the forest men, A major Scottish clan",Scottish
Frazier,M,Strawberry,French
Frazier,M,"Strawberry flowers, Of the forest men, A major Scottish clan",Scottish
Freca,M,Brave,English
Fred,M,Peaceful ruler,German
Fred,M,Wise counsel,English
Fred,F,Peaceful friend,English
Freda,F,Peaceful ruler,German
Fredda,F,Peaceful ruler,German
Freddi,F,Peaceful ruler,German
Freddie,M,Peaceful ruler,German
Freddie,M,Wise counsel,English
Freddie,F,Peaceful friend,English
Freddy,M,Peaceful friend,English
Freddy,M,Peaceful ruler,German
Freddy,F,Peaceful friend,English
Frederic,M,Peaceful ruler,French
Frederic,M,Peaceful ruler,German
Frederica,F,Peaceful ruler,German
Frederick,M,Appeared in As You Like It,Shakespearian
Frederick,M,Peaceful ruler,German
Fredericka,F,Peaceful ruler,German
Frederico,M,Peaceful ruler,Spanish
Frederika,F,Peaceful ruler,German
Fredie,F,"Peace, Joy",German
Fredrika,F,Peaceful ruler,German
Free,M,In liberty,English
Freeland,M,From the free land,English
Freeman,M,Free man,Anglo-Saxon
Freeman,M,Free man,English
Freia,F,"Noble woman, Godess of love and seduction",Norwegian
Freida,F,"Peace, Joy",German
Freira,F,Sister,Spanish
Freja,F,Norse Goddess of Love,Scandinavian
Freman,M,Free man,French
Fremont,M,Free man,French
Fremont,M,Noble protector,German
Freowine,M,Noble friend,English
Fresco,M,Fresh,Spanish
Frescura,F,Freshness,Spanish
Frewen,M,Noble friend,English
Frewin,M,Noble friend,English
Frewyn,M,Noble friend,English
Frey,M,God of Weather,Scandinavian
Frey,M,Lord,English
Freya,F,"Noble woman, Godess of love and seduction",Norwegian
Freya,F,Queen of the gods,Anglo-Saxon
Freyne,M,Foreigner,English
Frick,M,Brave,English
Fridolf,M,Peaceful wolf,English
Fridolph,M,Peaceful wolf,English
Friduwulf,M,Peaceful wolf,English
Fridwolf,M,Peaceful wolf,English
Frieda,F,Peaceful ruler,German
Friede,F,"Peace, Joy",German
Friederike,F,Peaceful ruler,German
Friedrich,M,Peaceful ruler,German
Friedrick,M,Peaceful ruler,German
Frigyes,M,"Peace, Might",Hungarian
Frika,M,Brave,English
Frimunt,M,Noble protector,German
Frisa,M,Curly haired,English
Frisco,M,"Free, A free man",Spanish
Fritz,M,Peaceful ruler,German
Fritzi,M,Peaceful ruler,German
Fritzi,F,Peaceful ruler,German
Fritzie,M,Peaceful ruler,German
Froille,M,Killed by Arthur,Arthurian Legend
Frollo,M,Killed by Arthur,Arthurian Legend
Froth,M,Appeared in Measure for Measure,Shakespearian
Fruma,F,One who is religious,Yiddish
Fshd,M,Lynx,Arabic
Fuensanta,F,A holy fountain,Spanish
Fugeltun,M,From the people's estate,English
Fugol,M,Bird,Anglo-Saxon
Fujita,M,Field,Japanese
Fujita,F,Field,Japanese
Fulaton,M,From the people's estate,English
Fuller,M,Cloth thickener,English
Fullere,M,Cloth thickener,English
Fulton,M,From the people's estate,English
Fuscienne,F,Black,Latin
Fyfa,F,From Fifeshire,Scottish
Fyfe,M,From Fifeshire,Scottish
Fyn,M,"Fair heroe, Sunbeam",English
Fyn,M,"Fair heroe, Sunbeam",Scottish
Fynballa,F,Fair shoulders,Irish
Fynbar,M,Blond,Celtic
Fynn,M,"Fair heroe, Sunbeam",English
Fynn,M,"Fair heroe, Sunbeam",Scottish
Fyodor,M,Gift of God,Greek
Fyren,M,Wicked,Anglo-Saxon
Fytch,M,Ermine,English
Gaagii,M,Raven (Navajo),Native American
Gaarwine,M,Friend with a spear,English
Gab,M,God is my strength,Hebrew
Gabai,M,"Delight, Adornment",Hebrew
Gabbryela,F,God is my strength,Hebrew
Gabby,M,God is my strength,Hebrew
Gabby,F,God is my strength,Hebrew
Gabe,M,God is my strength,Hebrew
Gabi,M,God is my strength,Hebrew
Gabi,F,God is my strength,Hebrew
Gabi,F,God's able-bodied one,English
Gabino,M,God is my strength,Hebrew
Gabino,M,God is my strength,Spanish
Gable,M,God is my strength,Hebrew
Gabor,M,God is my strength,Hebrew
Gabrian,M,God's able-bodied one,Hebrew
Gabriel,M,God is my strength,Hebrew
Gabriel,M,God is my strength,Spanish
Gabriela,F,God is my strength,Hebrew
Gabriele,M,God is my strength,Hebrew
Gabriele,F,God gives strength,Hebrew
Gabriele,F,God's able-bodied one,German
Gabriell,F,God's able-bodied one,English
Gabriella,F,God is my strength,Hebrew
Gabrielle,F,God is my strength,Hebrew
Gabrielle,F,God's able-bodied one,French
Gabriello,M,God is my strength,Hebrew
Gabrielo,M,God is my strength,Hebrew
Gabrio,M,God is my strength,Spanish
Gabryel,M,God is my strength,Hebrew
Gaby,F,God is my strength,Hebrew
Gaby,F,God's able-bodied one,English
Gace,M,"Pledge, Vow",French
Gad,M,Juniper tree (Navajo),Native American
Gaderian,M,Gathers,Anglo-Saxon
Gadhra,M,Mastiff,Irish
Gadi,M,My wealth,Arabic
Gadiel,M,God is my wealth,Arabic
Gadil,M,God is my wealth,Arabic
Gae,M,Merry,French
Gaea,M,Merry,French
Gaea,F,Goddess of the Earth,Greek
Gael,M,Stranger,Irish
Gael,F,Joyful,English
Gaelle,F,Stranger,German
Gaetan,M,Fom Gaete,French
Gaetana,F,From Gaete,French
Gaetane,F,From Gaete,French
Gaffney,M,Calf,Irish
Gagan,M,"Sky, Heaven",Indian
Gaganvihari,M,One who stays in heaven,Indian
Gage,M,"A pledge, Oath",English
Gage,M,"A pledge, Oath",French
Gahan,M,Eager aide,Celtic
Gahariet,M,Sons of Lot,Arthurian Legend
Gaheris,M,Sons of Lot,Arthurian Legend
Gahmuret,M,Percival's father,Arthurian Legend
Gaho,F,Mother,Native American
Gai,M,Merry,French
Gaia,F,Goddess of the Earth,Greek
Gail,M,Lively,English
Gail,M,Rooster,Irish
Gail,F,A father's joy,Hebrew
Gail,F,Head of a monastery,Latin
Gail,F,Joyful,English
Gaila,F,Joyful,English
Gaile,M,Stranger,Irish
Gaines,F,Increase in wealth,English
Gainor,F,Increase in wealth,English
Gainsborough,F,Increase in wealth,English
Gair,M,Short,Scottish
Gaira,F,Short,Scottish
Gairbith,M,Rough peace,Irish
Gais,M,Percival's grandfather,Arthurian Legend
Gajanan,M,One with elephant face,Indian
Gajendra,M,Elephant king,Indian
Gal,M,Wave,Hebrew
Gala,F,From Gaul,French
Gala,F,From Gaul,Spanish
Gala,F,Joyful,English
Gala,F,Singer,Swedish
Galahad,M,Son of Lancelot,Arthurian Legend
Galahalt,M,Name of a prince,Arthurian Legend
Galahault,M,Name of a prince,Arthurian Legend
Galan,M,Sings,Anglo-Saxon
Galantyne,M,Gawain's sword,Arthurian Legend
Galatea,F,Milk-white,Greek
Galatee,F,White,French
Galatyn,M,Gawain's sword,Arthurian Legend
Gale,M,Lively,English
Gale,M,Stranger,Irish
Gale,F,Joyful,English
Gale,F,Stranger,Irish
Galea,F,Festive party,English
Galen,M,Calm,Gaelic
Galen,F,Festive party,English
Galena,F,Festive party,English
Galena,F,Small intelligent one,Spanish
Galenia,F,Small intelligent one,Spanish
Galenka,F,God shall redeem,Hebrew
Galeno,M,Small intelligent one,Spanish
Galeron,M,A knight,Arthurian Legend
Galeun,M,From the town on the high ground,English
Gali,F,"Spring, Fountain",Hebrew
Galia,F,God is my strength,Hebrew
Galiana,F,Haughty,German
Galice,F,Fountain,Hebrew
Galiena,F,Haughty,German
Galiene,F,A lady,Arthurian Legend
Galila,F,God shall redeem,Hebrew
Galilah,F,God shall redeem,Hebrew
Galilahi,F,Attractive (Cherokee),Native American
Galina,F,"Bright one, Most beautiful woman",English
Galina,F,God shall redeem,Hebrew
Galina,F,Light,Russian
Galip,M,Winner,Arabic
Galit,F,Fountain,Hebrew
Gall,M,Stranger,Celtic
Galla,F,From Gaul,French
Gallagar,M,Eager aide,Celtic
Gallagher,M,Eager aide,Celtic
Gallagher,M,Surname,Irish
Gallia,F,From Gaul,French
Gallia,F,God shall redeem,Hebrew
Galloway,M,From Gaul,Latin
Gallus,M,Appeared in Antony & Cleopatra,Shakespearian
Galochka,F,God shall redeem,Hebrew
Galt,M,From the high ground,English
Galtero,M,Strong warrior,Spanish
Galton,M,From the town on the high ground,English
Galvarium,M,A knight,Arthurian Legend
Galvin,M,Sparrow,Celtic
Galvin,M,Sparrow,Irish
Galvyn,M,Sparrow,Celtic
Galway,M,From Gaul,Latin
Galya,F,God is my strength,Hebrew
Gamal,M,Camel,Arabic
Gamali,M,Camel,Arabic
Gamaliel,M,God's reward,Hebrew
Gamba,M,Warrior,African
Gamble,M,Old,Norse
Gana,F,Garden,Hebrew
Ganan,M,From the west,Australian Abori
Ganaraj,M,Lord of the clan,Indian
Ganesa,F,Good luck,Indian
Ganesh,M,A Hindu God,Indian
Ganet,F,Garden,Hebrew
Gangadhar,M,Shiva,Indian
Gangadutt,M,Gift of Ganga,Indian
Ganice,F,Garden,Hebrew
Ganieda,F,Merlin's sister,Arthurian Legend
Ganit,F,Garden,Hebrew
Gann,M,Spear protector,English
Gannon,M,Fair,Irish
Gannon,M,Speannan,English
Gar,M,Gardener,Danish
Gar,M,"Gentle, Enclosure, Watchful",French
Gar,M,"Gentle, Enclosure, Watchful",Norse
Gar,M,"Gentle, Enclosure, Watchful",Welsh
Gar,M,Promontory,English
Gar,M,Spear,Anglo-Saxon
Gara,M,Goshawk,Hungarian
Gara,M,Mastiff,Irish
Gara,F,Short,Scottish
Garabina,F,Purification,Spanish
Garabine,F,Purification,Spanish
Garaden,M,From the three cornered hill,English
Garadin,M,From the three cornered hill,English
Garadun,M,From the three cornered hill,English
Garadyn,M,From the three cornered hill,English
Garafeld,M,From the triangular field,English
Garaitz,F,Victory,Spanish
Garan,M,"Guards, Guardian",French
Garan,M,"Guards, Guardian",German
Garatun,M,Lives in the triangular farm stead,English
Garberend,M,Spear bearer,Anglo-Saxon
Garbhan,M,Rough,Irish
Garbina,F,Purification,Spanish
Garbine,F,Purification,Spanish
Garcia,M,Brave in war,Spanish
Gard,M,Keeper of the garden,English
Gard,M,Keeper of the garden,French
Garden,M,Gardener,Danish
Gardener,M,Gardener,Danish
Gardenia,F,Flower,English
Gardenor,M,Gardener,Danish
Gardiner,M,Gardener,Danish
Gardiner,M,Gardener,English
Gardiner,M,Keeper of the garden,French
Gardnard,M,Gardener,Danish
Gardner,M,Gardener,Danish
Gardner,M,Keeper of the garden,English
Gardner,M,Keeper of the garden,French
Gare,M,Short,Scottish
Gared,M,Rules by the spear,English
Garen,M,"Guards, Guardian",French
Garen,M,"Guards, Guardian",German
Garet,M,Brave with a spear,English
Garet,F,Child of light,Persian
Garet,F,Pearl ??,Latin
Gareth,M,"Gentle, Enclosure, Watchful",French
Gareth,M,"Gentle, Enclosure, Watchful",Norse
Gareth,M,"Gentle, Enclosure, Watchful",Welsh
Gareth,M,Son of Lot,Arthurian Legend
Gareth,M,Strong spear,Anglo-Saxon
Garett,M,Powerful with the spear,Anglo-Saxon
Garett,M,Rules by the spear,English
Garey,M,Spear,English
Garey,M,Spear,German
Garfield,M,Promontory,English
Garia,F,Short,Scottish
Gariland,M,From the spear land,English
Garin,M,"Guards, Guardian",French
Garin,M,Warrior,German
Garion,M,"Guards, Guardian",French
Garion,M,"Guards, Guardian",German
Garit,M,"Gentle, Enclosure, Watchful",French
Garit,M,"Gentle, Enclosure, Watchful",Norse
Garit,M,"Gentle, Enclosure, Watchful",Welsh
Garlan,M,"Wreath, Prize",French
Garland,M,Crowned in victory,French
Garland,M,From the spear land,English
Garland,F,Crowned in victory,French
Garlen,M,"Wreath, Prize",French
Garlon,M,Wreath,French
Garlyn,M,"Wreath, Prize",French
Garman,M,Speannan,English
Garmangahis,F,A goddess worshipped in Lanchester,Anglo-Saxon
Garmann,M,Speannan,English
Garmond,M,Spear protector,English
Garmund,M,Spear protector,English
Garnell,M,Keeper of grain,English
Garnell,M,Keeper of grain,French
Garner,M,Granary,Latin
Garner,M,Keeper of grain,English
Garner,M,Keeper of grain,French
Garnet,M,Armed with a spear,English
Garnet,M,Keeper of grain,French
Garnet,M,Red seed,Latin
Garnet,F,A dark-red gemstone,English
Garnet,F,A dark-red gemstone,French
Garnett,M,Armed with a spear,English
Garnett,M,Red seed,Latin
Garold,M,Rules by the spear,Teutonic
Garon,M,"Guards, Guardian",French
Garon,M,"Guards, Guardian",German
Garr,M,Spear,Anglo-Saxon
Garr,M,Spear,English
Garrad,M,Rules by the spear,English
Garran,M,"Guards, Guardian",Irish
Garrard,M,Brave with a spear,English
Garrard,M,Rules by the spear,Teutonic
Garred,M,Rules by the spear,English
Garren,M,"Guards, Guardian",French
Garren,M,"Guards, Guardian",German
Garret,M,"Gentle, Enclosure, Watchful",French
Garret,M,"Gentle, Enclosure, Watchful",Norse
Garret,M,"Gentle, Enclosure, Watchful",Welsh
Garret,M,Rules by the spear,English
Garreth,M,A knight,Arthurian Legend
Garreth,M,"Gentle, Enclosure, Watchful",French
Garreth,M,"Gentle, Enclosure, Watchful",Norse
Garreth,M,"Gentle, Enclosure, Watchful",Welsh
Garrett,M,"Gentle, Enclosure, Watchful",French
Garrett,M,"Gentle, Enclosure, Watchful",Norse
Garrett,M,"Gentle, Enclosure, Watchful",Welsh
Garrett,M,Rules by the spear,English
Garrett,M,Strong spear,Anglo-Saxon
Garrey,M,Spear,English
Garrey,M,Spear,German
Garrick,M,Rules by the spear,English
Garrick,M,Rules by the spear,German
Garrick,M,Spear bearer,Latin
Garrick,M,Spear bearer,Teutonic
Garridan,M,You hid,English
Garrie,M,Spear bearer,English
Garrie,M,Spear bearer,Latin
Garrie,M,Spear bearer,Teutonic
Garrin,M,"Guards, Guardian",French
Garrin,M,"Guards, Guardian",German
Garrison,M,Son of Gary,English
Garrison,M,Spear-fortified town,German
Garrity,M,Surname,Irish
Garrman,M,Speannan,English
Garrod,M,Rules by the spear,Teutonic
Garron,M,"Guards, Guardian",French
Garron,M,"Guards, Guardian",German
Garroway,M,Spear fighter,English
Garrson,M,Son of Gar,English
Garry,M,Carries a spear,English
Garry,M,"Gentle, Enclosure, Watchful",French
Garry,M,"Gentle, Enclosure, Watchful",Norse
Garry,M,"Gentle, Enclosure, Watchful",Welsh
Garry,M,Spear,German
Garry,M,Spear bearer,Latin
Garry,M,Spear bearer,Teutonic
Garryson,M,Son of Gary,English
Garson,M,Son of Gar,English
Garson,M,Spear-fortified town,German
Garsone,M,Son of Gar,English
Garth,M,Garden,English
Garth,M,"Gentle, Enclosure, Watchful",French
Garth,M,"Gentle, Enclosure, Watchful",Norse
Garth,M,"Gentle, Enclosure, Watchful",Welsh
Garton,M,Lives in the triangular farm stead,English
Garvan,M,Rough,Irish
Garve,M,"Rough, Rugged",Irish
Garvey,M,Rough peace,Irish
Garvey,M,Spear bearer,English
Garvey,M,Spear bearer,Latin
Garvey,M,Spear bearer,Teutonic
Garvie,M,Spear bearer,English
Garvie,M,Spear bearer,Latin
Garvie,M,Spear bearer,Teutonic
Garvin,M,Carries a spear,English
Garvin,M,"Rough, Rugged",Irish
Garvin,M,Spear bearer,Latin
Garvin,M,Spear bearer,Teutonic
Garvyn,M,Friend with a spear,English
Garvyn,M,Spear friend,German
Garwig,M,Spear fighter,English
Garwin,M,Friend with a spear,English
Garwood,M,From the fir forest,English
Garwyn,M,Friend with a spear,English
Gary,M,Carries a spear,English
Gary,M,"Gentle, Enclosure, Watchful",French
Gary,M,"Gentle, Enclosure, Watchful",Norse
Gary,M,"Gentle, Enclosure, Watchful",Welsh
Gary,M,Spear,German
Gary,M,Spear bearer,Latin
Gary,M,Spear bearer,Teutonic
Garyson,M,Son of Gary,English
Gascon,M,From Gascony,French
Gaspar,M,Treasure,Spanish
Gaspar,M,Treasurer,Arabic
Gaspar,M,Treasurer,French
Gaspara,F,Treasure,Spanish
Gaspard,M,Treasure,Spanish
Gaspard,M,Treasurer,French
Gaspare,M,Master of treasure,Spanish
Gaston,M,From Gascony,French
Gaukroger,M,Roger the clumsy,English
Gaurang,M,Fair complexioned,Indian
Gaurav,M,"Honour, Pride, Respect",Indian
Gauri,F,Yellow,Indian
Gauthier,M,Powerful ruler,French
Gauthier,M,"Powerful warrior, Rule amry",German
Gautier,M,Powerful ruler,French
Gautier,M,"Powerful warrior, Rule amry",German
Gauvain,M,Eldest son of Lot,Arthurian Legend
Gavan,M,White hawk,Scottish
Gavan,M,White hawk,Welsh
Gaven,M,White hawk,Scottish
Gavenia,F,White hawk,Scottish
Gavi,M,God is my strength,Hebrew
Gavin,M,White hawk,Scottish
Gavin,M,White hawk,Welsh
Gavina,F,White hawk,Scottish
Gavra,F,God is my strength,Hebrew
Gavrie,M,Man of God,Russian
Gavriel,M,God is my strength,Hebrew
Gavrila,M,God is my strength,Hebrew
Gavrila,F,God is my strength,Hebrew
Gavrilla,F,God gives strength,Hebrew
Gavyn,M,White hawk,Scottish
Gawain,M,Battle hawk,English
Gawain,M,Courteous,Welsh
Gawain,M,Eldest son of Lot,Arthurian Legend
Gawain,M,From Arthurian legend - Eldest son of Lot,Celtic
Gawain,M,White hawk,Scottish
Gawaine,M,Courteous,Welsh
Gawen,M,Battle hawk,English
Gawen,M,Courteous,Welsh
Gawen,M,White hawk,Scottish
Gawyn,M,Battle hawk,English
Gawyn,M,White hawk,Scottish
Gay,M,Merry,French
Gay,F,Joyful,English
Gay,F,Light hearted,French
Gayatri,F,Mother of the Vedas,Indian
Gaye,M,Merry,French
Gayelord,M,Brave strength,French
Gayla,F,Festive party,English
Gaylard,M,Brave strength,French
Gayle,M,Lively,English
Gayle,F,Joyful,English
Gaylen,F,Festive party,English
Gaylene,F,Joyful,English
Gaylord,M,Brave strength,French
Gaynes,F,Increase in wealth,English
Gaynor,M,Son of the fair-haired one,Gaelic
Gaynor,F,Increase in wealth,English
Gazit,F,Cut stone,Hebrew
Gearoid,M,Brave with a spear,Irish
Geary,M,Flexible,English
Gechina,F,Grace,Spanish
Gedala,F,The day,Australian Abori
Gedaliah,M,God has made great,Hebrew
Gedalya,M,God has made great,Hebrew
Gedalyahu,M,God has made great,Hebrew
Gedeon,M,Destroyer,Hebrew
Gedeon,M,"Warrior, Devastator",Hungarian
Geela,F,Eternal joy,Hebrew
Geert,M,Brave strength,German
Geet,M,Song,Indian
Geffrey,M,Peaceful,English
Geffrey,M,Peaceful,French
Gefjun,F,One who endows wealth,Scandinavian
Gehard,M,Spear hard,English
Geir,M,Spear,Norse
Gelar,M,A brother,Australian Abori
Gelasia,F,Predisposed to laughter,Greek
Gelsey,F,Flower,Persian
Gelsi,F,Flower,Persian
Gelsy,F,Flower,Persian
Gemma,F,Jewel ??,English
Gemma,F,Jewel ??,French
Gemma,F,Jewel ??,Latin
Genavieve,F,"White wave, White spirit, White cheeked",Welsh
Genaya,F,White wave,English
Gene,M,Born lucky,English
Gene,M,Born lucky,Greek
Generosa,F,Generous,Spanish
Generosb,M,Generous,Spanish
Genesis,M,"Origin, Birth",Hebrew
Genesis,F,"Origin, Birth",Hebrew
Genessa,F,"Origin, Birth",Hebrew
Geneva,F,Of the race of women,German
Geneva,F,"Of the race of women, White wave",French
Geneve,F,Of the race of women,French
Geneve,F,Of the race of women,German
Genevia,F,Juniper berry,French
Genevie,F,Of the race of women,French
Genevie,F,Of the race of women,German
Genevieve,F,"Of the race of women, White wave",French
Genevieve,F,"Of the race of women, White wave",German
Genevieve,F,White wave,Celtic
Genevre,F,Juniper,French
Genisa,F,"Origin, Birth",Hebrew
Genisia,F,"Origin, Birth",Hebrew
Genisis,F,"Origin, Birth",Hebrew
Genivee,F,Of the race of women,French
Genivee,F,Of the race of women,German
Genji,F,Gold,Chinese
Genna,F,White wave,English
Genny,F,"Of the race of women, White wave",French
Genny,F,White wave,English
Genoveva,F,White wave,German
Genowefa,F,White wave,German
Geoff,M,Peaceful,English
Geoff,M,Peaceful,French
Geoff,M,Peaceful gift,Anglo-Saxon
Geoffrey,M,Divine peace,French
Geoffrey,M,Peaceful,English
Geoffrey,M,Peaceful gift,Anglo-Saxon
Geol,M,Born at Christmas,English
Geomar,M,Famous in battle,German
Geordie,M,"Farmer, To work the earth",Greek
Georg,M,Farmer,German
Georg,M,"Farmer, To work the earth",Greek
George,M,Farmer,English
George,M,"Farmer, To work the earth",Greek
Georgea,F,"Farmer, To work the earth",Greek
Georgeanne,F,"Farmer, To work the earth",Greek
Georgeen,F,"Farmer, To work the earth",Greek
Georgeena,F,"Farmer, To work the earth",Greek
Georges,M,"Farmer, To work the earth",Greek
Georgette,F,Farmer,French
Georgette,F,"Farmer, To work the earth",Greek
Georgi,M,"Farmer, To work the earth",Greek
Georgia,F,Farmer,English
Georgia,F,Farmer,German
Georgia,F,"Farmer, To work the earth",Greek
Georgianna,F,"Farmer, To work the earth",Greek
Georgie,M,"Farmer, To work the earth",Greek
Georgie,F,"Farmer, To work the earth",Greek
Georgienne,F,"Farmer, To work the earth",Greek
Georgina,F,"Farmer, To work the earth",Greek
Georgine,F,Farmer,French
Georgine,F,"Farmer, To work the earth",Greek
Georgio,M,"Farmer, To work the earth",Greek
Georgitte,F,Farmer,French
Georgius,M,"Farmer, To work the earth",Greek
Georgy,M,"Farmer, To work the earth",Greek
Georgy,F,"Farmer, To work the earth",Greek
Geraghty,M,From the court,Irish
Geraint,M,Name of a king,Anglo-Saxon
Gerald,M,Rules by the spear,English
Gerald,M,Rules by the spear,German
Gerald,M,Rules by the spear,Teutonic
Geraldene,F,Rules by the spear,Teutonic
Geraldina,F,Rules by the spear,English
Geraldina,F,Rules by the spear,German
Geraldina,F,Rules by the spear,Teutonic
Geraldine,F,Rules by the spear,English
Geraldine,F,Rules by the spear,German
Geraldine,F,Rules by the spear,Teutonic
Geraldo,M,Rules by the spear,Spanish
Geraldo,M,Rules by the spear,Teutonic
Geraldyne,F,Rules by the spear,Teutonic
Geralt,M,Fanner,Irish
Geralyn,F,Rules by the spear,English
Geralyn,F,Rules by the spear,German
Geralynn,F,Rules by the spear,English
Geralynn,F,Rules by the spear,German
Gerard,M,Rules by the spear,Teutonic
Gerard,M,Spear strong,French
Gerard,M,Spear strong,German
Gerardo,M,Rules by the spear,Spanish
Gerardo,M,Rules by the spear,Teutonic
Gerardo,M,Spear hard,English
Geraud,M,Rules by the spear,Teutonic
Gerbert,M,Rules by the spear,Teutonic
Gerd,M,Spear hard,English
Gerd,F,To be guarded,Scandinavian
Gerda,F,"Farmer, To work the earth",Greek
Gerda,F,Protection,German
Gerda,F,Spear maiden,Teutonic
Gerde,F,Protected,German
Gerdie,F,Protected,German
Gere,M,Rules by the spear,English
Gere,M,Rules by the spear,German
Gerek,M,Rules by the spear,Teutonic
Gereldine,F,Rules by the spear,Teutonic
Geremia,M,God is high,Hebrew
Gergely,M,Vigilant watch,Latin
Gerhard,M,Rules by the spear,Teutonic
Gerhard,M,Spear strong,German
Gerhardina,F,Mighty with a spear,German
Gerhardine,F,Mighty with a spear,German
Gerhardt,M,Rules by the spear,Teutonic
Gerhart,M,Rules by the spear,Teutonic
Geri,M,Rules by the spear,Teutonic
Geri,F,Rules by the spear,English
Geri,F,Rules by the spear,Teutonic
Gerica,F,Ruler with the spear,English
Gericka,F,Ruler with the spear,English
Gerik,M,Prosperous spearman,Polish
Gerika,F,Ruler with the spear,English
Gerlach,M,"Spear thrower, Marksman",German
Germain,M,"From Germany, Bud",English
Germain,M,"From Germany, Bud",French
Germain,F,From Germany,French
Germaine,F,From Germany,French
Germaine,F,Loud of voice,Celtic
German,M,"From Germany, Bud",English
German,M,"From Germany, Bud",French
German,M,Warrior,Spanish
Germana,F,From Germany,French
Germano,M,German,French
Gerold,M,Rules by the spear,English
Gerold,M,Rules by the spear,German
Geron,M,"Guards, Guardian",French
Geron,M,"Guards, Guardian",German
Geronimo,M,Sacred,Spanish
Gerrald,M,Rules by the spear,English
Gerrald,M,Rules by the spear,German
Gerrard,M,Spear strong,French
Gerrard,M,Spear strong,German
Gerred,M,Rules by the spear,English
Gerrell,M,Rules by the spear,English
Gerrell,M,Rules by the spear,German
Gerri,F,Rules by the spear,English
Gerrie,F,Rules by the spear,Teutonic
Gerrilyn,F,Ruler with the spear,English
Gerrit,M,Rules by the spear,Teutonic
Gerrit,M,Spear hard,English
Gerry,M,Rules by the spear,English
Gerry,M,Rules by the spear,Teutonic
Gerry,F,Rules by the spear,Teutonic
Gersemi,F,Jewel ??,Scandinavian
Gersham,M,Exiled,Hebrew
Gershom,M,Exiled,Hebrew
Gerson,M,"Stranger, Banished",Hungarian
Gert,F,Spear maiden,Teutonic
Gerta,F,Spear maiden,Teutonic
Gerte,F,Spear maiden,Teutonic
Gertie,F,Spear maiden,Teutonic
Gertrud,F,From the protected farm,German
Gertrud,F,Spear maiden,Teutonic
Gertruda,F,From the protected farm,German
Gertrude,F,Appeared in Hamlet,Shakespearian
Gertrude,F,From the protected farm,German
Gertrude,F,Spear maiden,Teutonic
Gertrudes,F,Spear maiden,Spanish
Gertrudis,F,Spear maiden,Spanish
Gertrut,F,From the protected farm,German
Gerty,F,Spear maiden,Teutonic
Gervais,M,Spear bearer,English
Gervais,M,Spear bearer,Latin
Gervais,M,Spear bearer,Teutonic
Gervaise,M,Spearman,English
Gervase,M,Carries a spear,English
Gervase,M,Spear bearer,Latin
Gervase,M,Spear bearer,Teutonic
Gervasio,M,Warrior,Spanish
Gervaso,M,Warrior,Spanish
Gervis,M,Spear bearer,English
Gervis,M,Spear bearer,Latin
Gervis,M,Spear bearer,Teutonic
Gerwalt,F,Mighty with a spear,German
Gerwalta,F,Mighty with a spear,German
Gery,F,Rules by the spear,Teutonic
Gerzson,M,"Stranger, Banished",Hungarian
Geva,F,Hill,Hebrew
Gezana,F,Reference to the Incarnation,Spanish
Gezane,F,Reference to the Incarnation,Spanish
Gheera,F,A gum leaf,Australian Abori
Ghera,F,A gum leaf,Australian Abori
Gherardo,M,Spear hard,English
Ghislain,M,Oath,German
Ghislaine,F,Pleasant oath,German
Ghislaine,F,Sweet pledge,French
Giacinta,F,Hyacinth flower,Italian
Giacomo,M,Replaces,Hebrew
Giaffar,M,"January, enlightened",Arabic
Gian,M,Gift from God,Hebrew
Gianina,F,God is gracious,Italian
Gianna,F,"Gracious, Merciful, God is gracious",Hebrew
Giannes,M,Gift from God,Hebrew
Gibbesone,M,Gilbert's Son,English
Gibson,M,Gilbert's Son,English
Gid,M,Mighty warrior,Hebrew
Giddy,M,Mighty warrior,Hebrew
Gideon,M,Mighty warrior,Hebrew
Gidget,F,"Resolute, Strength, Saint",Celtic
Gidgey,F,"Resolute, Strength, Saint",Celtic
Gifford,M,Chubby cheeks,French
Gifford,M,Gift of bravery,English
Giflet,M,Returns Excalibur to the lake,Arthurian Legend
Gifre,M,Greedy,Anglo-Saxon
Gifuhard,M,Gift of bravery,English
Gijs,M,Intelligent,English
Gijs,F,Bright,English
Gikhrist,M,Serves Christ,Irish
Gil,M,From the high peak,Scottish
Gil,M,Happiness,Hebrew
Gil,M,Serves Christ,Irish
Gil,M,Squire Young shield,Spanish
Gil,M,Youthful,French
Gila,F,Eternal joy,Hebrew
Gilah,F,Eternal joy,Hebrew
Gilal,F,Eternal joy,Hebrew
Gilala,F,Eternal joy,Hebrew
Gilana,F,Eternal joy,Hebrew
Gilat,F,Eternal joy,Hebrew
Gilbarta,F,"Pledge, Vow",Scottish
Gilbert,M,Bright lad,French
Gilbert,M,Bright lad,German
Gilbert,M,Trusted,English
Gilberta,F,Hostage,German
Gilberto,M,Bright lad,Spanish
Gilbride,M,Serves Saint Bridget,Irish
Gilburt,M,Trusted,English
Gilda,F,Golden,English
Gilda,F,Serves God,Celtic
Gildan,F,Gilded,English
Gildas,M,Gilded,English
Gildas,M,Name of a historian,Anglo-Saxon
Gildas,M,Serves God,Celtic
Gildas,F,Serves God,Celtic
Gildea,M,Golden,Irish
Gilen,F,Industrious pledge,Teutonic
Gilford,M,From Gill'S ford,English
Gili,M,Happiness,Hebrew
Gili,F,Eternal joy,Hebrew
Gilia,F,Eternal joy,Hebrew
Gilibeirt,M,"Pledge, Vow",Irish
Gilie,M,From the high peak,Scottish
Gilit,F,Eternal joy,Hebrew
Gill,M,Youthful,French
Gilleabart,M,"Pledge, Vow",Scottish
Gilleasbuig,M,Brave,German
Gilleasbuig,M,Brave,Scottish
Gillecriosd,M,Christ bearer,Scottish
Gillermo,M,Resolute protector,Spanish
Gilley,M,Serves Christ,Irish
Gilli,M,Happiness,Hebrew
Gillian,F,Downy-haired,Latin
Gillian,F,Youthful,English
Gillivray,M,Servant of judgment,Scottish
Gilly,M,From the high peak,Scottish
Gilmar,M,Famous hostage,English
Gilmat,M,Sword bearer,Scottish
Gilmer,M,Famous hostage,English
Gilmer,M,Sword bearer,Scottish
Gilmore,M,Serves Mary,Celtic
Gilmore,M,Sword bearer,Scottish
Gilpin,M,Trusted,English
Gilroy,M,Serves the king,Scottish
Gilroy,M,Serves the red haired lord,Celtic
Gilvarry,M,Serves Christ,Irish
Gimm,M,Gem,Anglo-Saxon
Gin,F,Silver,Japanese
Gina,F,Abbreviation of names ending in -gina,English
Gina,F,"Farmer, To work the earth",Greek
Gina,F,Queenly,Latin
Gina,F,Silvery,Japanese
Ginebra,F,White,Spanish
Ginebra,F,White as foam,Celtic
Ginerva,F,White as foam,Celtic
Ginessa,F,White,Spanish
Ginessa,F,White as foam,Celtic
Ginger,F,Ginger plant,Latin
Ginger,F,"Liveliness, The pungent ginger root",English
Ginia,F,"Chaste, Maiden",Latin
Ginna,F,Virgin,English
Ginnette,F,Virgin,English
Ginni,F,"Chaste, Maiden",Latin
Ginnie,F,Virgin,English
Ginny,F,"Chaste, Maiden",Latin
Ginny,F,Virgin,English
Ginton,M,A garden,Arabic
Gioa,F,Joyful,English
Giolla Chriost,M,Serves Christ,Irish
Giollabrighde,M,Serves Saint Bridget,Irish
Giollabuidhe,M,Blond,Irish
Giolladhe,M,Golden,Irish
Giomar,M,Famous in battle,German
Giorgia,F,"Farmer, To work the earth",Greek
Giorgio,M,"Farmer, To work the earth",Greek
Giorgis,M,"Farmer, To work the earth",Greek
Giovanna,F,God is gracious,Hebrew
Giovanni,M,Gift from God,Hebrew
Gipsy,F,Wandering tribe,English
Girard,M,Rules by the spear,Teutonic
Girauld,M,Rules by the spear,Teutonic
Girault,M,Rules by the spear,Teutonic
Giraut,M,Rules by the spear,Teutonic
Girflet,M,Returns Excalibur to the lake,Arthurian Legend
Giridhar,M,One who holds mountain (Krishna),Indian
Girilal,M,Son of mountain,Indian
Giriraj,M,Lord of mountain,Indian
Girish,M,God of mountain,Indian
Girra,M,"A creek, A tree",Australian Abori
Gisa,F,Cut stone,Hebrew
Gisela,F,"A pledge, Oath",German
Giselbert,M,Trusted,English
Gisella,F,"Pledge, Vow",French
Gisella,F,"Pledge, Vow",German
Giselle,F,"A pledge, Oath",German
Giselle,F,"Pledge, Vow",French
Giselmaere,M,Famous hostage,English
Gisilberhta,F,Hostage,German
Gitana,F,Gypsy,Spanish
Githa,F,Gift,Anglo-Saxon
Githa,F,Gift,English
Gitta,F,Strong,Celtic
Giuseppe,M,God wiIl multiply,Hebrew
Giuseppina,F,God wiIl multiply,Hebrew
Giustina,F,"Just, True",Hebrew
Giustina,F,"Just, True",Latin
Givon,M,"Hill, Heights",Arabic
Giynna,F,Of the glen,Irish
Giza,F,Cut stone,Hebrew
Gizane,F,Christ's incarnation,Spanish
Glad,F,Happy,English
Gladwin,M,Happy friend,English
Gladwyn,M,Happy friend,English
Glaedwine,M,Happy friend,English
Glais,M,Percival's grandfather,Arthurian Legend
Glaleanna,M,Dwells in the glen,Irish
Gleda,F,To make happy,English
Glen,M,From the valley,Celtic
Glenn,M,From the valley,Celtic
Glenn,M,Valley,Gaelic
Glenna,F,From the valley,Gaelic
Glenna,F,Of the glen,Irish
Glifieu,M,Mythical son of Taran,Celtic
Gliona,F,Daughter of a river God,Irish
Gloria,F,Glory,Latin
Gloriana,F,Glorious grace,English
Gloriane,F,Glorious grace,English
Glorianna,F,Glorious grace,English
Glyn,M,From the valley,Celtic
Glynis,F,Little valley,Welsh
Glynn,F,Little valley,Welsh
Gobha,M,A smith,Scottish
Gobinet,F,Bringer of joy,Irish
Gobnait,F,Bringer of joy,Irish
Gobnat,F,Bringer of joy,Irish
Godalupe,F,Reference to the Virgin Mary,Spanish
Goddard,M,Hard spear,German
Godfredo,M,Friend of God,Spanish
Godfrey,M,God's peace,English
Godfrey,M,Peace from God,Irish
Godfrey,M,Peaceful god,German
Godgifu,F,Gift from God,English
Godiva,F,Gift from God,English
Godofredo,M,Friend of God,Spanish
Godric,M,Rules with God,Anglo-Saxon
Godwin,M,God's friend,English
Godwine,M,Friend of God,Anglo-Saxon
Godwine,M,God's friend,English
Gofraidh,M,Peace from God,Irish
Gofried,M,Peaceful god,German
Gogarty,M,Banished,Irish
Gogo,F,Grandmother,African
Gold,M,Blond,English
Golda,F,Flower,Greek
Golda,F,Gold,English
Golden,M,Blond,English
Goldie,F,Flower,Greek
Goldie,F,Gold,English
Golding,M,Son Of Gold,English
Golds,F,Gilded,English
Goldwin,M,Golden friend,English
Goldwine,M,Golden friend,English
Goldwyn,M,Golden friend,English
Goldy,F,Gilded,English
Golligan,M,Surname,Irish
Goneril,F,Appeared in King Lear,Shakespearian
Gonzalo,M,Appeared in The Tempest,Shakespearian
Goodwin,M,Good friend,English
Goodwine,M,Good friend,English
Goodwyn,M,Good friend,English
Gopal,M,Lord Krishna,Indian
Gopan,M,Protection,Indian
Goraidh,M,Peaceful,Scottish
Goran,M,"Farmer, To work the earth",Greek
Gorane,F,Holy cross,Spanish
Gordain,M,Hero,Scottish
Gordan,M,Hero,Scottish
Gordana,F,Heroic,Scottish
Gordania,F,Heroic,Scottish
Gordie,M,From the cornered hill,Anglo-Saxon
Gordon,M,From the cornered hill,Anglo-Saxon
Gordon,M,From the cornered hill,English
Gordon,M,From the marshes,Scottish
Gordy,M,From the cornered hill,Anglo-Saxon
Gore,M,A kingdom,Arthurian Legend
Gorlois,M,Igraine's husband,Arthurian Legend
Gormain,M,Blue,Irish
Gorman,M,Blue,Irish
Gormghlaith,F,Sad,Irish
Gormley,M,Surname,Irish
Gormley,F,Sad,Irish
Gormly,F,Sad,Irish
Gorre,M,A kingdom,Arthurian Legend
Gorrie,M,Peace from God,Irish
Gorry,M,Peace from God,Irish
Gorsedd,M,From Arbeth,Celtic
Gorvenal,M,A knight,Arthurian Legend
Gosceline,F,"Happy, Full of joy",Latin
Gosheven,M,Leaper,Native American
Gothfraidh,M,Peaceful,Irish
Gottfried,M,Peaceful god,German
Gotzone,F,"Angel, Heavenly messenger",Spanish
Gouveniail,M,A knight,Arthurian Legend
Govannon,M,God of the forge,Anglo-Saxon
Goveniayle,M,A knight,Arthurian Legend
Govind,M,Cowherd,Indian
Gow,M,A smith,Scottish
Gowan,M,A smith,Scottish
Gower,M,Appeared in Henry V,Shakespearian
Gowyn,M,God's friend,English
Grace,F,Grace,English
Grace,F,"Grace, Blessing",Latin
Gracia,F,Grace,English
Gracia,F,Grace,Spanish
Graciana,F,Grace,Spanish
Gracie,F,Grace,English
Graden,M,"Gray haired, Son of the Gray family, Son of Gregory",English
Gradon,M,"Gray haired, Son of the Gray family, Son of Gregory",English
Grady,M,Noble,Irish
Grady,M,"Noble, Illustrious",Gaelic
Graeae,F,Gray ones,Greek
Graeghamm,M,From the gray home,English
Graegleah,M,From the gray meadow,English
Graeham,M,From the gray home,English
Graeme,M,Farm home,English
Graeme,M,Farm home,Scottish
Graeme,M,Warring,Anglo-Saxon
Graent,M,Great,English
Grafere,M,Lives in the grove,English
Graham,M,From the gray home,Scottish
Graham,M,"From the great meadow, Farm home",English
Graham,M,Warring,Anglo-Saxon
Grahem,M,Warring,Anglo-Saxon
Graine,F,Taken from Igraine,Arthurian Legend
Grainne,F,Charming,Irish
Grainne,F,Love,Gaelic
Grainne,F,Taken from Igraine,Arthurian Legend
Gram,M,From the gray home,English
Gram,M,Grain,Latin
Gram,M,Warring,Anglo-Saxon
Grandpré,M,Appeared in Henry V,Shakespearian
Granger,M,Farmer,English
Grangere,M,Farmer,English
Grania,F,Love,Celtic
Grania,F,Love,Gaelic
Grant,M,"Bestow, Great, Tall",English
Grant,M,Great,Latin
Grant,M,Great,Scottish
Grantham,M,From the great meadow,English
Grantland,M,From the large meadow,English
Grantley,M,From the large meadow,English
Granville,M,From the large town,French
Gratiano,M,"Appeared in Merchant of Venice, Othello",Shakespearian
Gray,M,Gray haired,English
Graysen,M,"Gray haired, Son of the Gray family, Son of Gregory",English
Grayson,M,Son of Gray,English
Grayvesone,M,Son of the reeve,English
Grazia,F,"Grace, Blessing",Latin
Graziana,F,"Grace, Blessing",Latin
Grazina,F,Grace,Hebrew
Grazinia,F,Grace,Hebrew
Grazyna,F,Grace,Hebrew
Greagoir,M,Watchful,Irish
Grear,F,Watchful,Scottish
Greeley,M,From the gray meadow,English
Greely,M,From the gray meadow,English
Greg,M,Fierce,Celtic
Greg,M,On the watch,English
Greger,M,Vigilant,Swedish
Gregg,M,On the watch,English
Gregor,M,On the watch,German
Gregor,M,Vigilant,Scottish
Gregoria,F,Vigilant,Spanish
Gregorio,M,Watchful,Spanish
Gregory,M,Appeared in Romeo & Juliet,Shakespearian
Gregory,M,On the watch,English
Gregory,M,Vigilant watch,Latin
Gregson,M,Son of Gerald,English
Gremian,M,Enrages,Anglo-Saxon
Gremio,M,Appeared in Taming of the Shrew,Shakespearian
Grendel,M,Legend name,Anglo-Saxon
Grenville,M,From the large town,French
Gresham,M,From the grazeland,English
Greta,F,Child of light,Persian
Greta,F,Pearl ??,German
Greta,F,Pearl ??,Latin
Gretchen,F,Child of light,Persian
Gretchen,F,Pearl ??,German
Gretchen,F,Pearl ??,Latin
Grete,F,Child of light,Persian
Grete,F,Pearl ??,Latin
Gretel,M,Pearl ??,German
Gretel,F,Child of light,Persian
Gretel,F,Pearl ??,German
Gretel,F,Pearl ??,Latin
Gretel,F,Pearl ??,Scandinavian
Gretle,F,Child of light,Persian
Gretle,F,Pearl ??,Latin
Grette,F,Pearl ??,Danish
Grey,M,Gray haired,English
Greyson,M,"Gray haired, Son of the Gray family, Son of Gregory",English
Gricelda,F,"Gray, Gray haired",German
Griff,M,"Fierce chief, Ruddy",Welsh
Griffie,M,"Fierce chief, Ruddy",Welsh
Griffin,M,Surname,Irish
Griffith,M,A murderer,Arthurian Legend
Griffith,M,Appeared in Henry VIII,Shakespearian
Griffith,M,"Fierce chief, Ruddy",Welsh
Griffyth,M,A murderer,Arthurian Legend
Griflet,M,Returns Excalibur to the lake,Arthurian Legend
Grimbold,M,Fierce bold,Anglo-Saxon
Grimm,M,Fierce,Anglo-Saxon
Grimme,M,Fierce,Anglo-Saxon
Grindan,M,Sharp,Anglo-Saxon
Gringalet,M,Gawain's horse,Arthurian Legend
Gringolet,M,Gawain's horse,Arthurian Legend
Grioghar,M,Watchful,Irish
Griorgair,M,Vigilant,Scottish
Grisandole,F,A princess who dresses as a man,Arthurian Legend
Griselda,F,Gray battle maiden,German
Griselde,F,Gray battle maiden,German
Grisella,F,"Gray, Gray haired",German
Grisham,M,From the grazeland,English
Grisjahilde,F,Gray battle maiden,German
Griswald,M,From the gray forest,German
Griswalda,F,From the gray forest,German
Griswalde,F,From the gray forest,German
Griswold,M,From the gray forest,German
Grizel,F,Gray haired,Scottish
Grizela,F,Gray haired,Scottish
Grosvenor,M,Great hunter,French
Grover,M,Lives in the grove,English
Gruddieu,M,Mythical son of Muriuel,Celtic
Grumio,M,Appeared in Taming of the Shrew,Shakespearian
Gruzia,F,"Farmer, To work the earth",Greek
Gryfflet,M,Killed by Lancelot,Arthurian Legend
Gryselda,F,"Gray, Gray haired",German
Grzegorz,M,Vigilant watch,Latin
Guadalupe,M,Wolf valley,Arabic
Guadalupe,F,Named for the Virgin Mary,Spanish
Guadalupe,F,Wolf valley,Arabic
Gualterio,M,Strong warrior,Spanish
Guanhamara,F,Arthur's queen,Arthurian Legend
Guanhumora,F,Arthur's queen,Arthurian Legend
Gubnat,F,Bringer of joy,Irish
Gudrun,F,Battler,Scandinavian
Gudrun,F,Divine knowledge,German
Gudruna,F,Divine knowledge,German
Guendolen,F,White,English
Guenevere,F,Arthur's queen,Arthurian Legend
Guenevere,F,White lady,Celtic
Guenloie,F,Arthur's queen,Arthurian Legend
Guennola,F,White,Celtic
Guerehes,M,Brother of Gawain,Arthurian Legend
Gui,M,"Guide, Wood, Wide",French
Gui,M,"Guide, Wood, Wide",Teutonic
Guida,F,Guide,German
Guiderius,M,Appeared in Cymbeline,Shakespearian
Guiditta,F,Praise,Hebrew
Guido,M,Guide,Spanish
Guifford,M,Chubby cheeks,French
Guilaine,F,Pleasant oath,German
Guilbert,M,Trusted,English
Guildenstern,M,Appeared in Hamlet,Shakespearian
Guillaume,M,Resolute protector,French
Guillaume,M,Valiant protector,Teutonic
Guillelmina,F,Resolute protector,Spanish
Guillelmine,F,Fierce protector,Teutonic
Guillemette,F,Fierce protector,Teutonic
Guillermo,M,Resolute protector,Spanish
Guillermo,M,Valiant protector,Teutonic
Guinevere,F,Arthur's queen,Arthurian Legend
Guinevere,F,White lady,Celtic
Guinevere,F,"White, Fair, White wave",Welsh
Guiseppe,M,God wiIl multiply,Hebrew
Guiseppie,F,He shall add,Hebrew
Guiseppina,F,He shall add,Hebrew
Guivret,M,A dwarf king,Arthurian Legend
Gulab,M,Rose,Indian
Gulara,F,Goolara,Australian Abori
Gunaratna,M,Jewel of virtue,Indian
Gunda,F,Female Warrior,Scandinavian
Gunilla,F,Battle maiden,German
Gunn,M,White,Scottish
Gunna,F,White,Scottish
Gunnar,M,Brave warrior,Teutonic
Gunnel,F,Battle maiden,German
Gunter,M,"Battle-army, Warrior",Scandinavian
Gunther,M,"Battle-army, Warrior",Scandinavian
Gunther,M,Warrior,German
Gurbachan,M,Promise of the guru,Indian
Gurcharan,M,Feet of the guru,Indian
Gurdayal,M,Compassionate guru,Indian
Gurdeep,M,Lamp of the guru,Indian
Gurgalan,M,A pagan king,Arthurian Legend
Guri,M,My lion cub,Hebrew
Gurice,F,Cub,Hebrew
Gurion,M,My lion cub,Hebrew
Gurit,F,Cub,Hebrew
Gurley,F,A native willow,Australian Abori
Gurmeet,M,Friend of the guru,Indian
Gurnam,M,Name of the guru,Indian
Gursharan,M,Refuge at the guru,Indian
Guru,M,"Teacher, Master, Priest",Indian
Gurudas,M,Servant of the guru,Indian
Gurudutt,M,Gift of the guru,Indian
Gus,M,Exalted,Latin
Gussie,M,Exalted,Latin
Gussy,M,Exalted,Latin
Gusta,M,Exalted,Latin
Gustav,M,Royal staff,French
Gustav,M,Royal staff,German
Gustava,F,Staff of the gods,Spanish
Gustave,M,Royal staff,French
Gustave,M,Royal staff,German
Gustave,M,Staff of the Goths,Scandinavian
Gustavo,M,Royal staff,Spanish
Gustel,F,Noble,German
Guy,M,Guide,French
Guy,M,"Guide, Wood, Wide",Teutonic
Guy,M,Lively,English
Guy,M,Sensible,Celtic
Guy,M,Valley,Hebrew
Guyapi,M,Frank,Native American
Guyon,M,Lively,English
Guyra,F,"A fishing place, A white cockatoo",Australian Abori
Gvenour,F,Arthur's queen,Arthurian Legend
Gwawl,M,Mythical son of Clud,Celtic
Gwen,M,Mythical son of Gwastad,Celtic
Gwen,F,"White, Fair, White wave",Welsh
Gwenddydd,F,Merlin's sister,Arthurian Legend
Gwendolen,F,Arthur's wife,Arthurian Legend
Gwendolen,F,Of the white brow,Celtic
Gwendolin,F,Of the white brow,Celtic
Gwendoline,F,White brow,Celtic
Gwendoloena,F,Merlin's wife,Arthurian Legend
Gwendolyn,F,White brow,Celtic
Gwendolynne,F,White brow,Celtic
Gweneth,F,Blessed,Celtic
Gwenevere,F,Arthur's queen,Arthurian Legend
Gwenhwyfach,F,Guinevere's sister,Arthurian Legend
Gwenhyvar,F,"White, Fair, White wave",Welsh
Gwenith,F,Blessed,Celtic
Gwenn,F,Of the white brow,Celtic
Gwenneth,F,Blessed,Celtic
Gwenyver,F,White lady,Celtic
Gwern,M,Mythical son of Matholwch,Celtic
Gwernaeh,M,Mythical,Celtic
Gwri,M,Blond,Celtic
Gwyndolin,F,Of the white brow,Celtic
Gwyndolyn,F,Little valley,Welsh
Gwyneth,F,"White, Blessed, Fortunate",Welsh
Gwynham,M,Mythical father of Teithi,Celtic
Gwynith,F,Blessed,Celtic
Gwynn,F,Of the white brow,Celtic
Gwynne,F,"White, Blessed, Fortunate",Welsh
Gyda,F,Gods,Scandinavian
Gylda,F,Gilded,English
Gyldan,F,Gilded,English
Gymea,F,Little bird,Australian Abori
Gypsy,F,Wanderer,English
Gytha,F,"A gift, Offering",English
Gyula,M,Name of a honor,Hungarian
Gzifa,F,One is at peace,African
Gülay,F,Rosemoon,Arabic
Günter,M,"Battle-army, Warrior",Scandinavian
Günther,M,"Battle-army, Warrior",Scandinavian
Ha-Neul,M,Sky,Korean
Ha-Neul,F,Sky,Korean
Habib,M,Beloved one,Arabic
Habib,M,Dearly loved,Hebrew
Habiba,F,"Beloved, Sweetheart",African
Habika,F,Sweetheart,African
Hacket,M,Little hacker,German
Hackett,M,Little woodsman,German
Hadar,M,Glory,Hebrew
Hadar,F,Spectacular ornament,Hebrew
Hadara,F,"Adorned with beauty, Spectacular ornament",Hebrew
Hadarah,F,"Adorned with beauty, Spectacular ornament",Hebrew
Hadasa,F,Flowering myrtle,Hebrew
Hadaseh,F,Flowering myrtle,Hebrew
Hadassa,F,Flowering myrtle,Hebrew
Hadassah,F,Myrtle tree,Hebrew
Haddad,M,Smith,Arabic
Hadden,M,Child of the heather-filled valley,English
Haddon,M,From the heath,English
Haden,M,Child of the heather-filled valley,English
Hadi,M,Guiding to the light,Arabic
Hadiya,F,Gift,African
Hadiya,F,"Guide to righteousness, Gift",Arabic
Hadiyah,F,Gift,African
Hadley,M,Heath-covered meadow,English
Hadley,F,Field of heather,English
Hadon,M,From the heath,English
Hadrian,M,Dark one,Latin
Hadrian,M,Dark one,Swedish
Hadrian,M,"Rich, Wealthy",Greek
Hadrian,M,Son of Adrian,English
Hadrianus,M,Dark one,Latin
Hadrianus,M,"Rich, Wealthy",Greek
Hadu,F,Vigorous battle maiden,German
Hadumar,M,Glorious in battle,German
Haduwig,F,Strife,German
Hadwin,M,War friend,English
Hadwyn,M,War friend,English
Hadya,F,Well-behaved,Arabic
Haefen,M,Safety,English
Haele,M,Lives in the hall,English
Haesel,F,Nut,English
Haestingas,M,Violent,English
Haethowine,M,War friend,English
Hagaleah,M,From the hedged meadow,English
Hagalean,M,From the hedged enclosure,English
Hagan,M,Little Hugh,Irish
Hagan,M,Strong defense,Teutonic
Hagar,F,Flight,Hebrew
Hagaward,M,Keeper of the hedged enclosure,English
Hagley,M,From the hedged enclosure,English
Hagly,M,From the hedged enclosure,English
Hahkethomemah,M,Little robe (Cheyenne),Native American
Hahn,M,Rooster,German
Hahnee,M,Beggar,Native American
Haidee,F,Modest,Greek
Haifa,F,Slender,Arabic
Haig,M,From the hedged enclosure,English
Hailey,F,Field of hay,English
Hailey,F,Hero,Scandinavian
Haim,M,Life,Hebrew
Haimi,F,The seeker,Hawaiian
Hakan,M,Fiery,Arabic
Hakan,M,Fire,Native American
Hakan,M,Noble,Norse
Hakeem,M,Wise,Arabic
Hakidonmuya,F,Time of waiting (Hopi),Native American
Hakim,M,Wise,Arabic
Hal,M,Rules her household,English
Hala,F,"Strong, Beautiful",Indian
Halag,F,"Pious, Righteous",German
Halah,F,Nimble,Arabic
Halbart,M,Brilliant hero,English
Halbert,M,Brilliant hero,English
Halburt,M,Brilliant hero,English
Haldane,M,From Denmark,English
Halden,M,From Denmark,English
Halden,M,Half Dane,Teutonic
Haldis,F,"Stone spirit, Reliable, Assistant",Norse
Haldis,F,"Stone spirit, Reliable, Assistant",Teutonic
Hale,M,"Hero, Army ruler",English
Hale,M,"Hero, Army ruler",Norse
Hale,F,"Hero, Army ruler",English
Hale,F,"Hero, Army ruler",Norse
Haleah,F,House of the rising sun,Hawaiian
Halebeorht,M,Brilliant hero,English
Haleigh,F,Field of hay,English
Haleigha,F,House of the rising sun,Hawaiian
Halette,F,Little Hal,French
Haley,M,Ingenious,Irish
Haley,F,Field of hay,English
Haley,F,Hero,Scandinavian
Halford,M,From the hall by the ford,English
Halfrid,F,Peaceful heroine,German
Halfrida,F,Peaceful heroine,German
Halfrith,F,Peaceful home,English
Halfryta,F,Peaceful home,English
Hali,F,"Sea, Necklace, Place name",Greek
Hali,F,"Sea, Necklace, Place name",Hebrew
Halian,M,Of Julius (Zuni),Native American
Halifrid,F,Peaceful heroine,German
Halig,M,Holy,Anglo-Saxon
Halig,F,Holy,English
Haligwiella,M,Lives by the holy spring,English
Halim,M,Gentle,Arabic
Halima,F,"Gentle, Humane, Kind",African
Halimah,F,"Gentle, Humane, Kind",African
Hall,M,From the manor,English
Hallam,M,Lives at the hall's slopes,English
Halle,F,Heroine,Scandinavian
Halley,M,From the manor house meadow,English
Halley,F,From the Hall,English
Hallfrita,F,Peaceful home,English
Hallie,F,From the Hall,English
Hallie,F,Thinking of the sea,Greek
Halliwell,M,Lives by the holy spring,English
Hallwell,M,Lives by the holy spring,English
Halona,F,Fortunate,Native American
Halsey,M,From Hal's island,English
Halsig,M,From Hal's island,English
Halstead,M,From the manor house,English
Halton,M,From the hillslope estate,English
Halwende,M,Lonely,Anglo-Saxon
Ham,M,Home,Anglo-Saxon
Hamad,M,Praised one,Arabic
Hamal,M,Lamb,Arabic
Hamden,M,Praised,Arabic
Hamdun,M,Praised,Arabic
Hamelstun,M,From the grassy estate,English
Hamia,F,A Syrian goddess,Anglo-Saxon
Hamid,M,Praised,Arabic
Hamilton,M,Beautiful mountain,English
Hamilton,M,From the mountain town,French
Hamilton,M,Place name,Scottish
Hamlet,M,Appeared in Hamlet,Shakespearian
Hamlet,M,From the little home,German
Hamlett,M,From the little home,German
Hamlin,M,Little home-lover,French
Hamlin,M,Loves the little home,German
Hammad,M,Praised,Arabic
Hammed,M,Praised one,Arabic
Hammer,M,A Hammer,Scandinavian
Hamoelet,M,From the little home,German
Hampton,M,Place name,English
Hamsa,F,Swan,Indian
Han,M,Gift from God,German
Hana,F,"Flower, Blossom",Japanese
Hana,F,God's grace,Hebrew
Hanan,M,Grace,Hebrew
Hanan,F,Mercy,Arabic
Hananel,M,God is gracious,Hebrew
Hand,M,Worker,English
Hanford,M,From the high ford,English
Hania,M,Spirit warrior (Hopi),Native American
Hank,M,Ruler of an estate,German
Hank,M,Rules the home,English
Hanley,M,From the high meadow,English
Hanlon,M,Surname,Irish
Hanly,M,From the high meadow,English
Hann,M,Gift from God,German
Hanna,M,God is merciful,Arabic
Hanna,F,God's grace,Hebrew
Hannah,M,Favor; Grace. Biblical mother of the prophet Samuel.,Hebrew
Hannah,F,Favor; Grace. Biblical mother of the prophet Samuel.,English
Hannah,F,God's grace,Hebrew
Hannalee,F,Favor; Grace. Biblical mother of the prophet Samuel.,English
Hannalee,F,Favor; Grace. Biblical mother of the prophet Samuel.,Hebrew
Hanne,F,God's grace,Hebrew
Hannela,F,Grace,Hebrew
Hannele,F,Grace,Hebrew
Hanno,M,Gift from God,German
Hanraoi,M,Rules the home,Irish
Hanrietta,F,Rules the home,French
Hanriette,F,Rules the home,French
Hans,M,Gift from God,German
Hans,M,Gift from God,Hebrew
Hans,M,God is gracious,Scandinavian
Hansel,M,Gift from God,Hebrew
Hansel,M,God is gracious,Scandinavian
Hansen,M,"Son of a nobleman, Son of Ann or Hans",Anglo-Saxon
Hanson,M,"Son of a nobleman, Son of Ann or Hans",Anglo-Saxon
Hanya,F,Stone,Australian Abori
Hanz,M,Gift from God,German
Harac,M,From the ancient oak tree,English
Haraford,M,From the hare's ford,English
Harailt,M,Leader,Scottish
Harb,M,War,Arabic
Harbin,M,Famous warrior,French
Harcourt,M,From the fortified farm,French
Harden,M,From the hare's valley,English
Hardin,M,From the hare's valley,English
Harding,M,From the hare's valley,English
Hardouin,M,Name of a count,French
Hardtman,M,Strong,German
Hardwin,M,Brave friend,English
Hardwyn,M,Brave friend,English
Hardy,M,Daring,German
Hardy,M,Strong,Teutonic
Hardyn,M,From the hare's valley,English
Hare,M,"Manly, Full grown",Maori
Hare,M,Rabbit,English
Harel,M,Mountain of God,Hebrew
Harelache,M,Lives at the hare's lake,English
Hareleah,M,From the hare's meadow,English
Haresh,M,Shiva,Indian
Harford,M,From the hare's ford,English
Hargrove,M,From the hare's grove,English
Hari,M,"Sun, Vishnu",Indian
Harihar,M,Vishu and Shiva together,Indian
Harika,F,Wonderful,Arabic
Harilal,M,Son of Hari,Indian
Hariman,M,Protective,German
Harimann,M,Protective,German
Harimanna,F,Warrior maiden,German
Harimanne,F,Warrior maiden,German
Harimilla,F,A Tungrian goddess,Anglo-Saxon
Harinakshi,F,One with eyes like deer,Indian
Harish,M,Vishnu,Indian
Harith,M,Cultivator,African
Harkahome,M,Little robe (Cheyenne),Native American
Harlak,M,Lives at the hare's lake,English
Harlake,M,Lives at the hare's lake,English
Harlan,M,From the hare's land,English
Harland,M,Meadow of the hares,English
Harleen,F,From the hare's meadow,English
Harleigh,M,From the hare's meadow,English
Harlen,M,From the hare's meadow,English
Harley,M,From the hare's meadow,English
Harlie,F,From the hare's meadow,English
Harlon,M,From the hare's meadow,English
Harlow,M,From the hare's meadow,English
Harlowe,M,From the hare's hill,English
Harman,M,Man of the army,German
Harman,M,Soldier,English
Harman,M,Soldier,French
Harmen,M,Soldier,French
Harmon,M,A biblical place-name,Hebrew
Harmon,M,Soldier,French
Harmonee,F,"Unity, Concord, Musically in tune",English
Harmonie,F,"Unity, Concord, Musically in tune",English
Harmony,F,A beautiful blending,English
Harold,M,Army commander,English
Haroun,M,Superior,Arabic
Haroun al Rachid,M,Aaron the upright,Arabic
Harper,M,Harpist,English
Harrell,M,Mountain of God,Hebrew
Harriet,F,Rules her household,English
Harriet,F,Rules the home,French
Harriett,F,Rules her household,French
Harrietta,F,Rules the home,French
Harriette,F,Rules her household,French
Harriman,M,Surname,English
Harrington,M,Surname,Irish
Harris,M,Son of Harry,English
Harrison,M,Son of Harry,English
Harrod,M,Heroic,Hebrew
Harry,M,Army man,English
Harsh,M,Joy,Indian
Harsha,M,Joy,Indian
Harshad,M,One who gives pleasure,Indian
Harshal,M,Lover,Indian
Harshini,F,Happy,Indian
Harshul,M,Deer,Indian
Harshvardhan,M,Bringer of joy,Indian
Hart,M,"Strong, Brave",English
Harte,M,"Strong, Brave",English
Hartford,M,From the stag's ford,English
Harti,M,Daring,German
Hartley,M,From the deer pasture,English
Hartman,M,Strong,German
Hartman,M,"Strong, Brave",English
Hartmann,M,Strong,German
Hartun,M,From the gray estate,English
Hartwell,M,Lives near the stag's spring,English
Hartwood,M,From the stag's forest,English
Haru,M,Born in the spring,Japanese
Harun,M,Superior,Arabic
Harun al Rachid,M,Aaron the upright,Arabic
Harv,M,Army warrior,English
Harva,F,Army warrior,English
Harvelle,F,Army warrior,English
Harvey,M,Army warrior,English
Harvey,M,Eager to fight,Celtic
Harvey,M,Soldier,German
Harvina,F,Army warrior,English
Harvine,F,Army warrior,English
Hasana,F,First born of twins,African
Hashim,M,Destroys eviI,Arabic
Hasina,F,Good,African
Haslet,M,From the hazel tree land,English
Haslett,M,From the hazel tree land,English
Hasna,F,Beautiful,Arabic
Hassan,M,Handsome,Arabic
Hassun,M,Stone (Algonquin),Native American
Hastiin,M,Man (Navajo),Native American
Hastin,M,Elephant,Indian
Hastings,M,Swift one,German
Hastings,M,Violent,English
Hatria,F,Dark one,Latin
Hatria,F,"Rich, Wealthy",Greek
Hattie,F,Rules her household,English
Hausis,F,Old woman (Algonquin),Native American
Hausisse,F,Old woman (Algonquin),Native American
Hava,F,Life,Hebrew
Havard,M,Guardian of the Home,Scandinavian
Haven,M,"Place of safety, Shelter",English
Haverhil,M,Boar-warrior,English
Haverl,M,Boar-warrior,English
Havyn,M,Safety,English
Hawa,F,Longing,African
Hawiovi,M,Going down the ladder (Hopi),Native American
Hawley,M,From the hedged meadow,English
Hawly,M,From the hedged meadow,English
Hay,M,From the stockade,Scottish
Haya,F,Life,Hebrew
Haya,F,"Quick, Light",Japanese
Hayden,M,From the hay meadow,English
Hayden,F,From the hay meadow,English
Haydon,M,From the hedged in valley,English
Haye,M,From the stockade,Scottish
Hayes,M,From the hedged place,English
Hayes,M,Surname,Irish
Hayfa,F,Slender,Arabic
Hayle,M,Lives in the hall,English
Haylee,F,From the hay meadow,English
Hayleigh,F,From the hay meadow,English
Hayley,F,From the hay meadow,English
Haylie,F,Field of hay,English
Haym,M,Life,Hebrew
Hayward,M,Keeper of the hedged enclosure,English
Haywood,M,From the hedged forest,English
Hayyim,M,Life,Hebrew
Hazel,F,"The hazel nut tree, Commander",English
Hazell,F,"The hazel nut tree, Commander",English
Hazen,M,From the hedged place,English
He lush ka,M,Fighter (Winnebago),Native American
Hea,F,Grace,Korean
Heahweard,M,Chief guardian,English
Healhtun,M,From the hillslope estate,English
Heall,M,From the manor,English
Healleah,M,From the manor house meadow,English
Heallfrith,F,Peaceful home,English
Heallstede,M,From the manor house,English
Healum,M,Lives at the hall's slopes,English
Healy,M,From the slope land,English
Heammawihio,M,Wise one above (Cheyenne),Native American
Heanford,M,From the high ford,English
Heanleah,M,From the high meadow,English
Heardind,M,From the hare's valley,English
Heardwine,M,Brave friend,English
Hearne,M,Mythical hunter,English
Hearpere,M,Harpist,English
Heath,M,Untended land where flowering shrubs grow,English
Heathcliff,M,From the heath cliff,English
Heathclyf,M,From the heath cliff,English
Heathdene,M,From the heath,English
Heather,F,A flowering evergreen plant,English
Heathleah,M,From the heath covered meadow,English
Heathley,M,From the heath covered meadow,English
Heba,F,Gift from God,Hebrew
Heber,M,Partner. Heber was a biblical ancestor of Abraham.,Hebrew
Heber,M,Surname,Irish
Hector,M,"Anchor, Steadfast",Latin
Hector,M,Appeared in Troilus & Cressida,Shakespearian
Hector,M,Tenacious,Spanish
Hedda,F,Vigorous battle maiden,German
Hedia,F,Voice of the Lord,Hebrew
Hedva,F,Joyous,Hebrew
Hedvige,F,Fighter,French
Hedwig,F,Strife,German
Hedy,F,Strife,German
Hedya,F,Voice of the Lord,Hebrew
Hefeydd,M,Mythical father of Rhiannon,Celtic
Hegarty,M,Unjust,Irish
Hehewuti,F,Warrior mother spirit (Hopi),Native American
Hei,F,Grace,Korean
Heida,F,Noble,German
Heide,F,"Sweet, Noble",German
Heidi,F,Noble,German
Heilyn,M,Mythical son of Gwyn,Celtic
Heinrich,M,Rules her household,German
Hekli,M,Touch (Miwok),Native American
Helaine,F,"Bright one, Most beautiful woman",French
Helaine,F,"Bright one, Torchlight",Greek
Helaku,M,Sunny day,Native American
Helen,F,"Appeared in Troilus & Cressida, Cymbeline",Shakespearian
Helen,F,Shining light,Greek
Helena,F,"Appeared in Midsummer Night's Dream, All's Well that Ends Well",Shakespearian
Helena,F,"Bright one, Most beautiful woman",English
Helena,F,"Bright one, Torchlight",Greek
Helene,F,"Bright one, Most beautiful woman",French
Helene,F,"Bright one, Torchlight",German
Helene,F,"Bright one, Torchlight",Greek
Helenus,M,Appeared in Troilus & Cressida,Shakespearian
Helga,F,"Holy, Faithful",Scandinavian
Helga,F,"Pious, Righteous",German
Heli,M,"Helmet, Protector, Courage",German
Helicanus,M,Appeared in Pericles,Shakespearian
Helki,F,To touch (Miwok),Native American
Hellekin,M,French lover of Morgan le Fay,Arthurian Legend
Heller,M,The sun,German
Helma,F,Fierce protector,Teutonic
Helma,F,Protective,German
Helmut,M,Brave,German
Helmuth,M,"Helmet, Protector, Courage",German
Helmutt,M,Brave,German
Heloise,F,Renowned warrior,French
Heloise,F,Renowned warrior,Spanish
Helsa,F,Devoted to God,Hebrew
Helsin,F,Mother of Lancelot,Arthurian Legend
Helton,M,From the hillslope estate,English
Hema,F,Golden,Indian
Hemachandra,M,Golden moon,Indian
Hemadri,M,Mountain of gold,Indian
Hemang,M,One with shining body,Indian
Hemangi,F,Golden body,Indian
Hemangini,F,Girl with golden body,Indian
Hemant,M,One of the six seasons,Indian
Hemaraj,M,Lord of gold,Indian
Hemendra,M,Lord of gold,Indian
Hemi,M,Supplanter,Maori
Hemlata,F,Golden creeper,Indian
Henbeddestr,M,Fastest man,Celtic
Henderson,M,Son of Henry,Scottish
Hengist,M,Son of Wodan,Anglo-Saxon
Henka,F,Ruler of an estate,Teutonic
Hennessy,M,Surname,Irish
Henning,M,Ruler of an estate,Teutonic
Henri,M,Rules her household,French
Henri,M,Rules the home,German
Henriella,F,Rules the home,German
Henrietta,F,Rules her household,French
Henrietta,F,Rules her household,German
Henriette,F,Keeper of the hearth,French
Henriette,F,Rules the home,German
Henrik,M,Rules the home,German
Henriqua,F,Rules the home,Spanish
Henrique,M,Rules the home,Spanish
Henry,M,Rules her household,English
Henry,M,Rules the home,French
Henry,M,Rules the home,German
Henson,M,Son of Henry,Scottish
Henwas,M,Mythical brother of Henbeddestr,Celtic
Heolstor,M,Darkness,Anglo-Saxon
Heorot,M,Deer,Anglo-Saxon
Heort,M,Stag,English
Heortwiella,M,Lives near the stag's spring,English
Heortwode,M,From the stag's forest,English
Hephzibah,F,She is my delight,Hebrew
Hepsiba,F,She is my delight,Hebrew
Hepzibeth,F,She is my delight,Hebrew
Herald,M,Army commander,English
Heraldo,M,Army commander,English
Heramba,M,"Boastful, Name of Ganapati",Indian
Herb,M,Strong army,English
Herbert,M,Famous warrior,French
Herbert,M,Famous warrior,German
Herbert,M,Strong army,English
Herbie,M,Strong army,English
Herby,M,Strong army,English
Hererinc,M,Hero,Anglo-Saxon
Heretoga,M,Commander,Anglo-Saxon
Heriberto,M,Famous warrior,Spanish
Herlbert,M,Strong army,English
Herlebeorht,M,Strong army,English
Herman,M,Of the army,French
Herman,M,Soldier,German
Hermann,M,Of the army,French
Hermelinda,F,Shield of power,Spanish
Hermia,F,Appeared in Midsummer Night's Dream,Shakespearian
Herminia,F,Lady of the earth,Spanish
Hermione,F,Appeared in Winter's Tale,Shakespearian
Hermosa,F,Beautiful,Spanish
Hern,M,Mythical hunter,English
Hernan,M,"Adventurous, Courageous traveler",Spanish
Hernandez,M,"Adventurous, Courageous traveler",Spanish
Hernando,M,Adventurous,German
Hernando,M,"Adventurous, Courageous traveler",Spanish
Herne,M,Mythical hunter,English
Herne,M,Mythical hunter God,Celtic
Hero,F,Appeared in Much Ado About Nothing,Shakespearian
Herrick,M,Army commander,German
Herschel,M,Deer,Hebrew
Hershel,M,Deer,Hebrew
Herta,F,Of the earth,German
Hertha,F,Of the earth,English
Hertha,F,Of the earth,German
Herve,M,Bitter,English
Herzeloyde,F,Percival's mother,Arthurian Legend
Heskovizenako,M,Porcupine bear (Cheyenne),Native American
Hesper,F,Evening star,Greek
Hester,F,Star,English
Hesutu,M,Yellow jacket's nest rising out of the ground (Miwok),Native American
Hetheclif,M,From the heath cliff,English
Hettie,F,Rules her household,French
Hetty,M,"Favoured by God, God is doing good",Hebrew
Hevataneo,M,Hairyrope (Cheyenne),Native American
Hevovitastamiutsto,M,Whirlwind (Cheyenne),Native American
Hewett,M,Little Hugh,German
Hewitt,M,Little Hugh,German
Hewlett,M,Little Hugh,German
Hewlitt,M,Little Hugh,German
Heywood,M,From the hedged forest,English
Hezekiah,M,God is my strength,Hebrew
Hiamovi,M,High chief (Cheyenne),Native American
Hiatt,M,From the high gate,English
Hickey,M,Healer,Irish
Hid,M,From the hide,English
Hida,F,Warrior,German
Hide,M,From the hide,English
Hide,F,Warrior,German
Hieremias,M,God will uplift,Hebrew
Hiero,M,Name of a saint,Irish
Higgins,M,Intelligent,Irish
Hika,F,A daughter,Polynesian
Hil,F,"Mild, Power",Anglo-Saxon
Hilaire,F,"Joy, Song of happiness",French
Hilario,M,Happy,Spanish
Hilary,F,Cheerful,Latin
Hilary,F,Joyful,English
Hild,F,Battle maid,English
Hild,F,Noble,German
Hild,F,War,Anglo-Saxon
Hilda,F,Battle maid,English
Hilda,F,Noble,German
Hilda,F,Protector,Scandinavian
Hilda,F,War,Anglo-Saxon
Hildagarde,F,Warfare,German
Hildbrand,M,War sword,German
Hilde,F,Battle maid,English
Hilde,F,Noble,German
Hilde,F,Protector,Scandinavian
Hildegard,F,"Glorious, Warfare, Hildegard was a Valkyrie sent by Odin to escort battle heroes to Valhalla.",German
Hildehrand,M,War sword,German
Hildemar,F,Glorious,German
Hildemara,F,Glorious,German
Hilderinc,M,Warrior,Anglo-Saxon
Hildie,F,Battle maid,English
Hildimar,F,Glorious,German
Hildireth,F,Battle counselor,German
Hildred,F,"Mild, Power",Anglo-Saxon
Hildreth,F,Battle counselor,German
Hillary,F,Cheerful,Latin
Hillary,F,Joyful,English
Hillock,M,From the small hill,English
Hillocke,M,From the small hill,English
Hilma,F,Protective,German
Hilton,M,Manor of the hill,English
Himagouri,F,Parvati,Indian
Himani,F,Parvati,Indian
Hinda,F,Female deer,Indian
Hine,F,A maiden,Polynesian
Hinto,M,Blue (Dakota),Native American
Hiolair,F,Cheerful,Irish
Hippolyta,F,Appeared in Midsummer Night's Dream,Shakespearian
Hiram,M,Exalted,Hebrew
Hiranmayi,F,Golden girl,Indian
Hiranya,M,Wealth,Indian
Hiresh,M,King of gems,Indian
Hiriwa,F,Silver,Polynesian
Hiroshi,M,Generous,Japanese
Hisa,F,Long-lasting,Japanese
Hisolda,F,The fair,Irish
Hita,F,Lovable,Indian
Hitty,M,"Favoured by God, God is doing good",Hebrew
Hla,M,Beautiful,Burmese
Hla,F,Beautiful,Burmese
Hlaford,M,Master,Anglo-Saxon
Hlaing,M,Plenty,Burmese
Hlaing,F,Plenty,Burmese
Hline,M,From the bank,English
Hlink,M,From the bank,English
Hlisa,M,Fame,Anglo-Saxon
Hlithtun,M,From tbe hillside town,English
Hlynn,F,Waterfall,English
Hobard,M,"High, Bright",German
Hobart,M,"High, Bright",German
Hobbard,M,"High, Bright",German
Hod,M,Hooded,English
Hod,M,Vigorous,Hebrew
Hodsone,M,Son of the hooded man,English
Hoel,M,Father of Isolde,Arthurian Legend
Hogan,M,Youth,Irish
Hoh,M,High,German
Hohberht,M,"High, Bright",German
Hohnihohkaiyohos,M,High backed wolf (Cheyenne),Native American
Hoireabard,M,Soldier,Irish
Hok'ee,M,Abandoned (Navajo),Native American
Hoku,F,Star,Polynesian
Hola,F,Saviour,African
Holbrook,M,From the brook,English
Holcomb,M,From the deep valley,English
Holda,F,Beloved,German
Holda,F,Weasel,Hebrew
Holde,F,Beloved,German
Holden,M,From tbe hollow in the valley,English
Holden,M,"Kindly, Gracious",Teutonic
Holdin,M,From tbe hollow in the valley,English
Holdyn,M,From tbe hollow in the valley,English
Holea,F,Holy,English
Holgernes,M,Appeared in Love's Labour Lost,Shakespearian
Holle,F,Beloved,German
Hollee,F,"Plant with red berries, holly grove",English
Holli,F,"Plant with red berries, holly grove",English
Hollie,F,"Plant with red berries, holly grove",English
Hollis,M,Lives by the holly trees,English
Hollis,F,The holy three,English
Holly,F,"Plant with red berries, holly grove",English
Holly,F,Shrub,French
Hollye,F,"Plant with red berries, holly grove",English
Holman,M,From the valley,English
Holmes,M,From the river island,English
Holt,M,Son of the unspoiled forest,English
Holt,M,Wood,Anglo-Saxon
Holwell,M,Lives by the holy spring,English
Home,M,From the cave,Scottish
Homer,M,Promise,Greek
Honani,M,Badger (Hopi),Native American
Honaw,M,Bear (Hopi),Native American
Honbria,F,Sweet,English
Honbrie,F,Sweet,English
Honey,F,"Honey, Sweet",English
Honi,M,Gracious,Hebrew
Honiahaka,M,Little wolf (Cheyenne),Native American
Honon,M,Bear (Miwok),Native American
Honor,F,Honor,Irish
Honor,F,Honor,Spanish
Honora,F,Honor,Irish
Honora,F,Honor,Latin
Honoratas,F,Honor,Spanish
Honorato,M,Honor,Spanish
Honore,F,"Honor, Good name, Integrity",French
Honoria,F,Honor,Irish
Honoria,F,Honor,Latin
Honoria,F,Honor,Spanish
Honovi,M,Strong,Native American
Honovi,F,Strong deer (Hopi),Native American
Hont,M,"Dogbreeder, Friend of dogs",Hungarian
Hope,F,Hope,English
Horado,M,Timekeeper,Spanish
Horatio,M,Appeared in Hamlet,Shakespearian
Hori,M,Farmer,Polynesian
Hortencia,F,Garden,Spanish
Hortense,F,Garden,English
Hortense,F,"Gardener, Farmer",Latin
Hortensio,M,Appeared in Taming of the Shrew,Shakespearian
Hortensius,M,Appeared in Timon of Athens,Shakespearian
Horton,M,From the gray estate,English
Hosanna,F,A prayer,Hebrew
Hosea,M,Salvation,Hebrew
Hoshi,M,Star,Japanese
Hoshiko,F,Star,Japanese
Hotah,M,White (Sioux),Native American
Hototo,M,Warrior spirit who sings (Hopi),Native American
Hotuaekhaashtait,M,Tall bull (Cheyenne),Native American
Houdain,M,Tristan's dog,Arthurian Legend
Houdenc,M,Tristan's dog,Arthurian Legend
Houerv,M,Bitter,English
Houghton,M,From the estate on the bluff,English
Houston,M,"From Hugh's town, Place name",Scottish
Houston,M,Hill town,English
How,M,High,German
Howahkan,M,Of the mysterious voice (Sioux),Native American
Howard,M,"Guardian of the home, Watchman",English
Howe,M,"Guardian of the home, Watchman",English
Howe,M,High,German
Howel,M,Killed by Arthur,Arthurian Legend
Howi,M,Turtle dove (Miwok),Native American
Howie,M,"Guardian of the home, Watchman",English
Howland,M,From the chiefs land,English
Hraefnscaga,M,From the raven forest,English
Hrapenly,M,From the shouter's meadow,English
Hridayesh,M,King of heart,Indian
Hridaynath,M,"Beloved, Dear",Indian
Hring,M,Ring,English
Hrishikesh,M,One who controls senses,Indian
Hristun,M,From the brushwood estate,English
Hroc,M,Crow,English
Hrocby,M,From the crow's estate,English
Hrocesburh,M,From the crow's forest,English
Hrothbeorhta,F,"Bright, Famous",English
Hrothberta,F,"Bright, Famous",English
Hrothbertina,F,"Bright, Famous",English
Hrothgar,M,Legend name,Anglo-Saxon
Hrothnerta,F,"Bright, Famous",English
Hrothrehr,M,Famous ruler,Irish
Hrycg,M,From the ridge,English
Hrychleah,M,From the meadow's edge,English
Hrypa,M,The shouter,Anglo-Saxon
Hrypanleah,M,From the shouter's meadow,English
Hrytherford,M,From the cattle ford,English
Hsmilton,M,From the grassy estate,English
Htay,M,Rich,Burmese
Htay,F,Rich,Burmese
Htet,M,Sharp,Burmese
Htet,F,Sharp,Burmese
Htin,M,Appear,Burmese
Htin,F,Appear,Burmese
Htun,M,Success,Burmese
Htun,F,Success,Burmese
Htut,M,Apex,Burmese
Htut,F,Apex,Burmese
Htway,M,Youngest,Burmese
Htway,F,Youngest,Burmese
Htwe,M,Youngest,Burmese
Htwe,F,Youngest,Burmese
Huarwar,M,Mythical son of Halwn,Celtic
Huatare,M,The name of a great chief,Maori
Hubbard,M,Graceful,German
Hubert,M,Brilliant,German
Huberta,F,Intelligent,German
Hud,M,Hooded,English
Hudson,M,Son of the hooded man,English
Hue,F,Lily,Vietnamese
Hueil,M,Mythical son of Caw,Celtic
Huette,F,Intelligent,French
Huette,F,Little Hugh,English
Huetts,F,Little Hugh,English
Huey,M,Intelligent,English
Hugette,F,Intelligent,French
Hugh,M,Intelligent,English
Hugh,M,Intelligent,French
Hugh Evans (Sir),M,Appeared in Merry Wives of Windsor,Shakespearian
Hughes,M,Surname,Irish
Hughetta,F,Little Hugh,English
Hughette,F,Little Hugh,English
Hugi,M,Intelligent,English
Hugiet,F,Little Hugh,English
Hugiherahta,F,Intelligent,German
Hugo,M,Intelligent,English
Hugo,M,Intelligent,German
Hugo,M,Intelligent,Spanish
Huguetta,F,Intelligent,French
Hulbard,M,Graceful,German
Hulbart,M,Graceful,German
Hulbert,M,Graceful,German
Hulda,F,Beloved,German
Hulda,F,Weasel,Hebrew
Hulde,F,Beloved,German
Huldiberaht,M,Graceful,German
Humayd,M,Praised,Arabic
Humberto,M,"Big, Bright",German
Humberto,M,"Intelligent, Big, Bright",Spanish
Hume,M,From the cave,Scottish
Humility,M,Humble,English
Humita,F,Shelled corn (Hopi),Native American
Humphrey,M,Peaceful Hun,German
Hunfrid,M,Peaceful Hun,German
Hunfried,M,Peaceful Hun,German
Hungas,M,One vigor,Irish
Hunig,F,Sweet,English
Hunor,M,Name of an etnhic group,Hungarian
Hunt,M,Pursuer,English
Hunter,M,Hunter,English
Huntingden,M,From the hunter's hill,English
Huntingdon,M,From the hunter's hill,English
Huntington,M,From the hunting farm,English
Huntingtun,M,From the hunting farm,English
Huntley,M,From the hunter's meadow,English
Huntly,M,From the hunter's meadow,English
Hurit,F,Beautiful (Algonquin),Native American
Huritt,M,Handsome (Algonquin),Native American
Hurlbart,M,Strong army,English
Hurlbert,M,Strong army,English
Hurley,M,Sea tide,Irish
Hurst,M,Lives in the forest,English
Hurste,M,Lives in the forest,English
Husain,M,"Handsome, Good",Arabic
Husam al Din,M,Sword of faith,Arabic
Husayn,M,"Handsome, Good",Arabic
Hussain,M,"Handsome, Good",Arabic
Hussein,M,"Handsome, Good",Arabic
Hutton,M,From the estate on the ridge,English
Huxeford,M,From Hugh's ford,English
Huxford,M,From Hugh's ford,English
Huxley,M,From Hugh's meadow,English
Huxly,M,From Hugh's meadow,English
Huyana,F,Rain falling,Native American
Hwaeteleah,M,From the wheat feild,English
Hweolere,M,Wheel maker,English
Hwertun,M,From the estate at the hollow,English
Hwistlere,M,Piper,English
Hwitby,M,From the white farmstead,English
Hwitcomb,M,From the white hollow,English
Hwitcumb,M,From the white hollow,English
Hwitford,M,From the white ford,English
Hwithloew,M,From the white hill,English
Hwitloc,M,From the white fortress,English
Hyacinth,F,Hyacinth flower,Greek
Hyatt,M,From the high gate,English
Hyde,M,From the hide,English
Hylda,F,Warfare,German
Hyman,M,Life,Hebrew
Hymen,M,Appeared in As You Like It,Shakespearian
Hypatia,F,Highest,Greek
Hòng,F,Rose,Vietnamese
Iachima,M,Appeared in Cymbeline,Shakespearian
Iacob,M,Held by the heel,Hebrew
Iacobe,M,Held by the heel,Hebrew
Iago,M,Appeared in Othello,Shakespearian
Iago,M,Supplanter,Spanish
Iago,M,Supplanter,Welsh
Iain,M,Gift from God,Scottish
Iain,M,God is merciful,Hebrew
Iain,M,God's gracious gift,Gaelic
Iakovos,M,Supplanter,Hebrew
Iamar,F,Moon,Arabic
Ian,M,Gift from God,Scottish
Ian,M,God is merciful,Hebrew
Ian,M,God's gracious gift,Gaelic
Ianthe,F,Violet-colored flower,Greek
Iaokim,M,God will estahlish,Hebrew
Ibeamaka,M,The agnates are splendid,African
Ibernia,F,From Ireland,Irish
Ibhanan,M,Elephant faced,Indian
Ibila,M,"Breath, Child",Arabic
Iblis,F,Wife of Lancelot,Arthurian Legend
Ibrahim,M,Father of many,Arabic
Ibrahim,M,Father of many,Hebrew
Ice,F,Supreme Goddess,African
Ichabod,M,The glory has departed,Hebrew
Ida,M,Name of a king,Anglo-Saxon
Ida,F,Active,German
Ida,F,"Prosperous, Diligent",English
Ida,F,Thirsty,Irish
Idaia,F,Active,German
Idal,M,From the yew tree valley,English
Idalie,F,Active,German
Ide,F,Thirsty,Irish
Ideh,F,Praise,Hebrew
Idelisa,F,Bountiful,Celtic
Idelle,F,Bountiful,Celtic
Iden,M,Wealthy,Anglo-Saxon
Iden,M,Wealthy,Celtic
Idetta,F,Hardworking,German
Idette,F,Hardworking,German
Idla,F,Battle,English
Idna,F,Active,German
Idoia,F,Reference to the Virgin Mary,Spanish
Idola,F,Idolized,Greek
Idonia,F,Industrious,German
Idurre,F,Reference to the Virgin Mary,Spanish
Ielena,F,Shining light,Russian
Ierne,F,From Ireland,Irish
Ifeoma,F,"It's a good thing, Beautiful",African
Ifig,F,Ivy,English
Igasho,M,Wanders,Native American
Igerne,F,Mother of Arthur,Arthurian Legend
Ignace,M,Fiery,French
Ignacia,F,Fire,Spanish
Ignacio,M,Lively,Latin
Ignado,M,Fire,Spanish
Ignatios,M,Lively,Latin
Ignatius,M,Lively,Latin
Ignazio,M,Fire,Spanish
Ignazio,M,Lively,Latin
Ignazios,M,Lively,Latin
Igone,F,Ascension,Spanish
Igor,M,Hero,Norse
Igraine,F,In Arthurian legend Igrayne is mother of Arthur.,English
Igraine,F,Mother of Arthur,Arthurian Legend
Igrayne,F,Arthur's mother,Arthurian Legend
Ihorangi,M,Rain,Polynesian
Ike,M,Laughing one,Hebrew
Ike,M,Laughter,English
Ikerne,F,Visitation,Spanish
Iksander,M,Protector of mankind,Greek
Ikshu,M,Sugarcane,Indian
Ila,F,"Earth, Daughter of Manu",Indian
Ila,F,From the island,French
Ilana,F,"Sunshine, Tree",Hebrew
Ilane,F,Island,Irish
Ilani,F,Sunshine,Hebrew
Ilanit,F,Tree,Hebrew
Ilaria,F,One who is merry,Latin
Ilde,F,Battle,English
Ildiko,F,Fierce warrior,Hungarian
Ileanna,F,Shining light,Spanish
Ilena,F,Giver of life,English
Ilene,F,Giver of life,English
Ilene,F,"Lively, Pleasant",Celtic
Ilesh,M,Lord of earth,Indian
Ili,F,Blessed,African
Ilia,F,God is Lord,Hebrew
Iliana,M,Shining light,Spanish
Iliana,F,Shining light,Spanish
Ilias,M,Jehovah is God,Hebrew
Ilias,M,Jehovah is God,Latin
Ilisa,F,Blessed,African
Ilisapesi,F,Blessed,African
Ilja,M,Jehovah is God,Hebrew
Illanipi,M,Amazing,Native American
Illias,M,Jehovah is God,Hebrew
Ilona,F,"Beautiful, Sunshine",Hungarian
Ilonka,F,"Beautiful, Sunshine",Hungarian
Ilsa,F,Devoted to God,German
Ilse,F,God's oath,German
Ilse,F,God's oath,Hebrew
Ilse,F,"My God is bountiful, God of plenty",English
Iluka,F,Near the sea,Australian Abori
Iluminada,F,Illuminated,Spanish
Ily,F,"Beautiful, Sunshine",Hungarian
Ilya,M,Jehovah is God,Hebrew
Ilyse,F,Noble,German
Imala,F,Disaplines,Native American
Iman,F,Faith,African
Iman,F,"Faith, Belief",Arabic
Imani,F,"Faith, Belief",Arabic
Imanol,M,God is with us,Hebrew
Imanuel,M,God is with us,Hebrew
Imelda,F,Powerful fighter,Spanish
Immaculada,F,The Immaculate Conception,Spanish
Immanuel,M,God is with us,German
Immanuel,M,God is with us,Hebrew
Imogen,F,Appeared in Cymbeline,Shakespearian
Imogene,F,Image,Latin
Imre,M,Great king,German
Ina,F,Nickname dirived from suffix of many names.,English
Inas,F,The wife of the moon,Polynesian
Inayat,F,Kindness,Indian
Ince,M,Innocent,Latin
Incendio,M,Fire,Spanish
Inda,F,The country India,English
Indee,F,The country India,English
Indeever,M,Blue lotus,Indian
India,F,From India,English
India,F,River,Indian
Indiana,F,The country India,English
Indira,F,Lakshmi,Indian
Indra,M,God of rain and thunder,Indian
Indradutt,M,Gift of Indra,Indian
Indrajit,M,Conqueror of Indra,Indian
Indrakshi,F,One with beautiful eyes,Indian
Indraneel,M,"Emerald, A bright green gem",Indian
Indrani,F,Wife of Indra,Indian
Indrina,F,Deep,Indian
Indu,F,Moon,Indian
Induja,F,Narmada river,Indian
Indulala,F,Moon light,Indian
Induma,F,Moon,Indian
Indumukhi,F,With moonlike face,Indian
Ine,M,Name of a king,Anglo-Saxon
Inerney,M,Steward of church lands,Irish
Ines,F,"Lamb, Pure, Chaste",Latin
Ines,F,Pure,Greek
Ines,F,Pure,Spanish
Inesh,M,King of kings,Indian
Inez,F,"Lamb, Pure, Chaste",Latin
Inez,F,Pure,Greek
Inez,F,Pure,Spanish
Inga,F,Hero's daughter,Swedish
Inga,F,Sunday,Spanish
Ingall,M,Angel,German
Ingalls,M,Angel,German
Ingar,M,Famous son,Scandinavian
Inge,F,Hero's daughter,Swedish
Inge,F,Island,Scandinavian
Ingel,M,Angel,German
Ingelbert,M,Bright angel,German
Inghean,F,Daughter,Scottish
Inghinn,F,Daughter,Scottish
Inglebert,M,Divinely brilliant,German
Ingmar,M,Famous son,Scandinavian
Ingram,M,Ing's raven,Teutonic
Ingrid,F,"Hero's daughter, A meadow",Teutonic
Ingvarr,M,Of Ing's army,Norse
Inis,M,From the river island,Irish
Inis,F,From Ennis,Irish
Iniss,M,From the river island,Irish
Innes,M,From Innes,Scottish
Innes,M,From the river island,Irish
Inness,M,From the island,Celtic
Innis,M,From the island,Celtic
Innis,M,From the river island,Irish
Innocent,M,Innocent,English
Inocencio,M,Innocent,Spanish
Inoceneia,F,Innocent,Spanish
Inocenta,F,Innocent,Spanish
Inocente,M,Innocent,Spanish
Inteus,M,Has no shame,Native American
Intisar,F,Triumphant,Arabic
Intisara,F,Triumphant,Arabic
Intizara,F,Triumphant,Arabic
Inys,M,From the river island,Irish
Ioan,M,Gift from God,Hebrew
Ioanna,F,Tree,Australian Abori
Iolana,F,To soar like an eagle,Hawaiian
Iolande,F,"Violet flower, Modest",Greek
Iolanthe,F,Violet,French
Iolanthe,F,"Violet flower, Modest",Greek
Iona,F,"Flower name, Purple jewel",Greek
Iona,F,From the king's island,Celtic
Iona,F,Tree,Australian Abori
Iona,F,Violet,English
Iona,F,Violet,Scottish
Ionanna,F,Grace,Hebrew
Ione,F,From the king's island,Celtic
Ionnes,M,Gift from God,Hebrew
Iosef,M,God wiIl multiply,Hebrew
Iosep,M,God wiIl multiply,Hebrew
Ioseph,M,God wiIl multiply,Hebrew
Iov,M,God will estahlish,Hebrew
Ira,M,Descendant,Hebrew
Ira,F,"Watchful, Descendant",Indian
Iras,F,Appeared in Antony & Cleopatra,Shakespearian
Iratze,F,Reference to the Virgin Mary,Spanish
Iravan,M,Son of Arjuna/Uloopi,Indian
Irawaru,M,A figure from legend,Polynesian
Irenbend,M,Iron bend,Anglo-Saxon
Irene,F,Peace,Greek
Irene,F,Peace,Spanish
Iria,F,"Rainbow, A play of colours",Greek
Irihapeti,F,Consecrated to God,Maori
Iris,F,Appeared in The Tempest,Shakespearian
Iris,F,Flower,Hebrew
Iris,F,"Rainbow, A play of colours",Greek
Irma,F,War Goddess,German
Irmgard,F,War Goddess,German
Irmigard,F,War Goddess,German
Irmina,F,War Goddess,German
Irmine,F,War Goddess,German
Irmuska,F,War Goddess,German
Irune,F,Reference to the Holy Trinity,Spanish
Irv,M,Lover of the sea,Anglo-Saxon
Irven,M,Friend,English
Irven,M,White,Celtic
Irvetta,F,Friend of the sea,English
Irvette,F,Friend of the sea,English
Irvin,M,Friend,English
Irvin,M,From the city,Scottish
Irvin,M,Lover of the sea,Anglo-Saxon
Irvin,M,White,Celtic
Irvine,M,Friend,English
Irvine,M,Lover of the sea,Anglo-Saxon
Irving,M,Friend,English
Irving,M,From the city,Scottish
Irving,M,White,Celtic
Irvyn,M,Friend,English
Irvyn,M,White,Celtic
Irwin,M,Sea friend,English
Irwin,M,Sea lover,Anglo-Saxon
Irwyn,M,Sea friend,English
Irwyn,M,Sea lover,Anglo-Saxon
Isa,F,Grateful,African
Isa,F,Strong willed,German
Isaac,M,Laughing one,Hebrew
Isaakios,M,Child of laughter,Hebrew
Isabeau,F,"My God is bountiful, God of plenty",French
Isabel,F,Devoted to God,Spanish
Isabel,F,God's oath,German
Isabel,F,God's oath,Hebrew
Isabel,F,"My God is bountiful, God of plenty",English
Isabela,F,"My God is bountiful, God of plenty",Spanish
Isabella,F,Appeared in Measure for Measure,Shakespearian
Isabella,F,Devoted to God,Spanish
Isabella,F,God's oath,German
Isabella,F,God's oath,Hebrew
Isabelle,F,Devoted to God,Spanish
Isabelle,F,God's oath,German
Isabelle,F,God's oath,Hebrew
Isabelle,F,"My God is bountiful, God of plenty",English
Isadora,F,Gift of the moon,Greek
Isadoro,M,Strong gift,Spanish
Isaiah,M,God's helper,Hebrew
Isaias,M,God's helper,Hebrew
Isaias,M,Salvation of Jehovah,Spanish
Isana,F,Strong willed,German
Isane,F,Strong willed,German
Isaura,F,Soft air,Greek
Isdemus,M,Knight of Arthur,Arthurian Legend
Iseabail,M,Devoted to God,Hebrew
Iseabal,F,Consecrated to God,Scottish
Isen,M,Iron,Anglo-Saxon
Isenham,M,From the iron one's estate,English
Isha,M,Protector,Indian
Isha,F,Woman,Hebrew
Isham,M,From the iron one's estate,English
Ishan,M,Sun,Indian
Ishana,F,Rich,Indian
Ishmael,M,God listens,Hebrew
Ishmael,M,God listens,Spanish
Ishrat,F,Affection,Arabic
Ishwar,M,"Powerful, The supreme god",Indian
Isi,F,Deer (Choctaw),Native American
Isiah,M,God's helper,Hebrew
Isibeal,F,Consecrated to God,Irish
Isibeal,F,Devoted to God,Hebrew
Isidora,F,Gifted with many ideas,Spanish
Isidoro,M,Gifted with many ideas,Spanish
Isidro,M,Gifted with many ideas,Spanish
Isis,F,Supreme Goddess,African
Isleen,F,Vision,Irish
Islene,F,Vision,Irish
Isleta,F,Little Island,Spanish
Ismael,M,God listens,Hebrew
Ismael,M,God listens,Spanish
Ismitta,F,Daughter of the Mountains of the Moon,African
Isobel,F,Consecrated to God,Scottish
Isoke,F,Satisfying gift,African
Isold,F,Rule of ice,German
Isold,F,The fair,Celtic
Isolda,F,Rule of ice,German
Isolda,F,The fair,Celtic
Isolde,F,Lover of Tristan,Arthurian Legend
Isolde,F,The fair,Celtic
Isole,F,Rule of ice,German
Isoud,F,Lover of Tristan,Arthurian Legend
Isoude,F,Lover of Tristan,Arthurian Legend
Israel,M,God perseveres,Hebrew
Israt,F,Affection,Arabic
Isreal,M,Ruling with the Lord,Hebrew
Issa,F,Grateful,African
Istaqa,M,Coyote man (Hopi),Native American
Istas,F,Snow,Native American
Istu,M,Sugar,Native American
Ita,F,Thirsty,Irish
Itai,M,Friendly,Hebrew
Ither,M,Killed by Percival,Arthurian Legend
Itsaso,F,Sea,Spanish
Ittamar,M,Island of palms,Hebrew
Ituha,F,Sturdy oak - Note: This Database is Copyright by NetStep Enterprise 2004.,Native American
Itxaro,F,Hope,Spanish
Itzak,M,Laughter,Hebrew
Iuwine,M,Friend,Anglo-Saxon
Iva,F,From the yew tree,French
Iva,F,God's gracious gift,Hebrew
Iva,F,"Ivy, A climbing evergreen ornamental plant",English
Iva,F,Yew tree,Japanese
Ivalyn,F,"Ivy, A climbing evergreen ornamental plant",English
Ivan,M,Archer,Spanish
Ivan,M,Gift from God,Hebrew
Ivana,F,Gift from God,Hebrew
Ivane,F,Gift from God,Hebrew
Ivanna,F,Gift from God,Hebrew
Ivar,M,Archer's bow,English
Ivar,M,"Archer, A norse God",Norwegian
Iven,M,Little archer,French
Iver,M,Archer,Scottish
Iverem,F,"Blessing, Favor",African
Ives,M,Archer,English
Ives,M,Archer,Teutonic
Ivette,F,Archer,Spanish
Ivey,M,"Ivy, A climbing evergreen ornamental plant",English
Ivey,F,"Ivy, A climbing evergreen ornamental plant",English
Ivie,F,"Ivy plant, A wine",Greek
Ivie,F,"Ivy, A climbing evergreen ornamental plant",English
Ivo,M,Archer's bow,English
Ivon,M,Archer's bow,English
Ivon,F,Archer,Teutonic
Ivona,F,Archer,Teutonic
Ivonne,F,Archer,French
Ivor,M,Archer's bow,English
Ivory,F,"White, Pure, Ivory",English
Ivy,F,Ivy,English
Ivy,F,"Ivy plant, A wine",Greek
Ivyanne,F,"Ivy, A climbing evergreen ornamental plant",English
Iwan,M,God is merciful,Hebrew
Iwdael,M,From the yew tree valley,English
Ixaka,M,Child of laughter,Hebrew
Ixsander,M,Protector of mankind,Greek
Iyana,F,Sunshine,Hebrew
Iyangura,F,"To arbitrate, To perform ceremonies for the birth of twins",African
Iye,M,Smoke,Native American
Izaak,M,Child of laughter,Hebrew
Izaak,M,Laughter,German
Izabella,F,Devoted to God,Hebrew
Izar,F,Star,Spanish
Izarra,F,Star,Spanish
Izarre,F,Star,Spanish
Izazkun,F,Reference to the Virgin Mary,Spanish
Izett,F,The fair,Irish
Izreal,M,Ruling with the Lord,Hebrew
Izso,F,God's salvation,Hebrew
Izusa,F,White stone,Native American
Izza,F,Grateful,African
Izzy,F,Devoted to God,Spanish
Jaantje,F,Gift from God,Hebrew
Jaap,M,Supplanter,Hebrew
Jabari,M,"Brave, Fearless",African
Jabbar,M,Mighty,Arabic
Jabin,M,God has built,Hebrew
Jabir,M,Comforts,Arabic
Jacalyn,F,Supplanter,French
Jacan,M,Troubled,Hebrew
Jacee,F,Beautiful,English
Jacelyn,F,Beautiful,English
Jacey,F,Beautiful,English
Jaci,F,Beautiful,English
Jacinda,F,Beautiful,Greek
Jacinta,F,"Hyacinth, Purple",Spanish
Jacinthe,F,Hyacinth flower,French
Jacinthe,F,Hyacinth flower,Greek
Jacinto,M,Hyacinth flower,Spanish
Jack,M,God is gracious,English
Jack,M,God is merciful,Hebrew
Jacki,F,Supplanter,English
Jacki,F,Supplanter,Hebrew
Jackie,M,God is gracious,English
Jackie,M,God is gracious,Scottish
Jackie,F,Supplanter,Hebrew
Jackleen,F,Supplanter,English
Jacklynn,F,Supplanter,English
Jackson,M,God is gracious,Scottish
Jackson,M,Son of Jack,English
Jacky,M,God is gracious,Scottish
Jacky,F,Supplanter,Hebrew
Jaclyn,F,Supplanter,English
Jaclyn,F,Supplanter,Hebrew
Jacob,M,Supplanter,Hebrew
Jacoba,F,Supplanter,Hebrew
Jacobe,M,Supplanter,Hebrew
Jacobienne,F,Supplanter,Hebrew
Jacobo,M,Supplanter,Spanish
Jacot,M,Supplanter,Hebrew
Jacqualine,F,Supplanter,French
Jacque,F,Supplanter,English
Jacqueleen,M,Supplanter,French
Jacqueleen,F,Supplanter,French
Jacquelin,M,Supplanter,French
Jacqueline,F,Supplanter,French
Jacqueline,F,Supplanter,Hebrew
Jacquelyn,F,Supplanter,French
Jacquelyne,F,Supplanter,French
Jacquelynne,F,Supplanter,French
Jacquenetta,F,Little Jacques,French
Jacquenette,F,Little Jacques,French
Jacques,M,Held by the heel,Hebrew
Jacques,M,Supplanter,French
Jacqui,F,Supplanter,English
Jacy,M,Beautiful,English
Jacy,M,Moon,Native American
Jacy,F,Beautiful,English
Jada,F,Goodness,Arabic
Jada,F,Wise,Hebrew
Jade,F,Jewel ??,Spanish
Jadee,F,Goodness,Arabic
Jaden,M,Jehovah has heard,Hebrew
Jader,M,Jehovah has heard,Hebrew
Jadira,F,"The gemstone jade, The color green",English
Jadon,M,Jehovah has heard,Hebrew
Jady,F,"The gemstone jade, The color green",English
Jae,M,Healer,English
Jae,F,Bluejay,English
Jaecar,M,Hunter,German
Jaeda,F,Goodness,Arabic
Jaedon,M,Jehovah has heard,Hebrew
Jael,M,Mountain goat,Hebrew
Jael,F,To ascend,Hebrew
Jaeleah,F,Bluejay,English
Jaen,F,Ostrich,Hebrew
Jaena,F,Bluejay,English
Jaenette,F,Bluejay,English
Jafar,M,Little stream,Indian
Jaffa,F,Beautiful,Hebrew
Jaffar,M,"January, enlightened",Arabic
Jafit,F,Beautiful,Hebrew
Jafita,F,Beautiful,Hebrew
Jagadamba,F,Mother of the world,Indian
Jagadeep,M,Light of the world,Indian
Jagadhidh,M,Lord of the world,Indian
Jagajeet,M,Conqueror of the world,Indian
Jagajeevan,M,Life of the world,Indian
Jagannath,M,Lord of the world,Indian
Jager,M,Cart driver,English
Jagger,M,A teamster,English
Jagmohan,M,One who attracts the world,Indian
Jago,M,Supplanter,English
Jago,M,Supplanter,Spanish
Jagrati,F,Awakening,Indian
Jaha,F,Dignity,African
Jahmal,M,Handsome,Arabic
Jahnavi,F,Ganga river,Indian
Jai,M,Healer,English
Jaicee,F,Beautiful,English
Jaida,F,"The gemstone jade, The color green",English
Jaide,M,Goodness,Arabic
Jaide,F,Goodness,Arabic
Jaidev,M,God of victory,Indian
Jaime,M,Supplanter,Hebrew
Jaime,M,Supplanter,Scottish
Jaime,M,Supplanter,Spanish
Jaime,F,Supplanter,Scottish
Jaime,F,Supplanter,Spanish
Jaimee,F,Supplanter,Scottish
Jaimee,F,"Supplanter, One who replaces",Hebrew
Jaimelynn,F,Supplanter,Scottish
Jaimi,F,Supplanter,Scottish
Jaimica,F,Supplanter,Spanish
Jaimie,F,Love,French
Jaimie,F,Supplanter,Scottish
Jaimy,F,"Supplanter, One who replaces",Hebrew
Jaina,F,God is gracious,English
Jaina,F,God is gracious,Hebrew
Jaina,F,Good character,Indian
Jaine,F,Gift from God,Hebrew
Jaione,F,Nativity,Spanish
Jaira,M,Jehovah enlightens,Hebrew
Jaira,F,Jehovah enlightens,Hebrew
Jairo,M,Jehovah enlightens,Spanish
Jairus,M,Jehovah enlightens,Hebrew
Jake,M,Supplanter,English
Jake,M,Supplanter,Hebrew
Jakeem,M,Raised up,Arabic
Jakeem,M,Raised up,Hebrew
Jakinda,F,Hyacinth flower,Spanish
Jaklyn,F,Supplanter,English
Jakob,M,Held by the heel,Hebrew
Jakob,M,Supplanter,German
Jakoba,F,Supplanter,German
Jakoba,F,Supplanter,Hebrew
Jakobah,F,Supplanter,Hebrew
Jakobe,F,Supplanter,German
Jakobie,F,Supplanter,German
Jakoh,M,Supplanter,German
Jakome,M,Supplanter,Hebrew
Jal,M,Wanderer,English
Jala,F,Charity,Arabic
Jaladhija,F,Lakshmi,Indian
Jaleel,M,"Great, Fine",Arabic
Jamaal,M,Handsome,Arabic
Jamael,M,Handsome,Arabic
Jamahl,M,Handsome,Arabic
Jamal,M,Handsome,Arabic
Jamall,M,Handsome,Arabic
Jamari,F,Warrior,French
Jamee,F,Supplanter,Scottish
Jamee,F,"Supplanter, One who replaces",Hebrew
Jameel,M,Handsome,Arabic
Jameelah,F,Beautiful,Arabic
Jamel,M,Handsome,Arabic
Jamelia,F,Beautiful,Arabic
James,M,Replace,English
James,M,Supplanter,Hebrew
Jameson,M,Supplanter,English
Jamey,F,Supplanter,Scottish
Jami,F,Supplanter,Scottish
Jamia,F,Supplanter,Scottish
Jamian,M,"Right hand of favor, A Biblical name",Hebrew
Jamie,M,Supplanter,Hebrew
Jamie,M,Supplanter,Scottish
Jamie,F,Supplanter,Hebrew
Jamie,F,Supplanter,Scottish
Jamiel,M,Handsome,Arabic
Jamiel,M,"Right hand of favor, A Biblical name",Hebrew
Jamielee,F,Supplanter,Scottish
Jamieson,M,Supplanter,Scottish
Jamil,M,Handsome,Arabic
Jamila,F,Beautiful,Arabic
Jamilah,F,Beautiful,Arabic
Jamile,M,Handsome,Arabic
Jamilia,F,Beautiful,Arabic
Jamilla,F,Beautiful,Arabic
Jamille,F,Beautiful,Arabic
Jamilyn,F,Supplanter,Scottish
Jamin,M,"Right hand of favor, A Biblical name",Hebrew
Jamison,M,Supplanter,English
Jamison,F,Supplanter,Scottish
Jammal,M,Camel,Arabic
Jamon,M,"Right hand of favor, A Biblical name",Hebrew
Jamy,M,Appeared in Henry V,Shakespearian
Jan,M,Gift from God,Hebrew
Jan,F,"Gracious, Merciful, God is gracious",Hebrew
Jana,F,God is gracious,Irish
Jana,F,"God's gracious gift, A harvest of fruit",Arabic
Jana,F,"God's gracious gift, A harvest of fruit",Czech
Jana,F,"Gracious, Merciful, God is gracious",Hebrew
Janae,F,God has answered,English
Janae,F,"Gracious, Merciful, God is gracious",Hebrew
Janai,F,God has answered,English
Janais,F,God has answered,English
Janak,M,"Father of Sita, Creator",Indian
Janaki,F,Seeta,Indian
Janardan,M,One who helps people,Indian
Janaya,M,God has answered,English
Janaya,F,God has answered,English
Janaye,F,God has answered,English
Jancsi,M,Gift from God,Hebrew
Jane,F,God is gracious,English
Jane,F,"Gracious, Merciful, God is gracious",Hebrew
Janee,F,God is gracious,English
Janee,F,God is gracious,Hebrew
Janell,F,God is gracious,English
Janella,F,God is gracious,English
Janene,M,God is gracious,English
Janene,F,God is gracious,English
Janet,F,God is gracious,Scottish
Janet,F,"Gracious, Merciful, God is gracious",Hebrew
Janetta,F,Gift from God,Hebrew
Janetta,F,God is gracious,Scottish
Janette,F,Gift from God,Hebrew
Janey,F,God is gracious,English
Janez,M,God's gracious gift,German
Jani,M,Gift from God,Hebrew
Janice,F,"Gracious, Merciful, God is gracious",Hebrew
Janicia,F,God is gracious,English
Janie,M,Gift from God,Hebrew
Janie,F,Gift from God,Hebrew
Janie,F,God is gracious,English
Janiece,F,God is gracious,English
Janina,F,Gift from God,Hebrew
Janina,F,God is gracious,English
Janine,F,"Gracious, Merciful, God is gracious",Hebrew
Janis,F,Gift from God,Hebrew
Janise,F,God is gracious,English
Janita,F,Gift from God,Hebrew
Janka,F,Gift from God,Hebrew
Jankia,M,Gift from God,Hebrew
Janko,M,Gift from God,Hebrew
Janna,F,Flourishing,Hebrew
Jannae,F,God has answered,English
Jannali,F,The moon,Australian Abori
Janne,F,Gift from God,Hebrew
Jannes,M,Gift from God,Hebrew
Jannet,F,God is gracious,Scottish
Janneth,M,God is gracious,Scottish
Janneth,F,God is gracious,Scottish
Jannina,F,God is gracious,English
Jannis,F,God is gracious,English
Janos,M,Gift from God,Hebrew
Jans,F,Gift from God,Hebrew
Jansen,M,God is merciful,German
Jansje,F,Gift from God,Hebrew
Jantis,M,Sharp spear,German
Jantje,M,Gift from God,Hebrew
Janvier,M,"January, enlightened",Arabic
Janvier,M,"January, enlightened",French
Janvier,F,"January, enlightened",Arabic
Janvier,F,"January, enlightened",French
Janyd,M,Spearman,English
Janyl,M,"Strong, Open-minded",English
Japera,F,Offer thanks,African
Japhet,M,Handsome,Hebrew
Japheth,M,May He grant ample room. In the bible Japheth was eldest of Noah's three sons.,Hebrew
Jaquelin,F,Supplanter,French
Jaquelina,F,Supplanter,Hebrew
Jaqueline,F,Supplanter,Hebrew
Jaquenette,F,Supplanter,Hebrew
Jaques,M,Appeared in As You Like It,Shakespearian
Jaques,M,Supplanter,Hebrew
Jaquetta,F,Supplanter,Hebrew
Jarah,M,"He gives sweetness, Honey",Hebrew
Jaran,M,"To cry out, Singing",English
Jardena,F,"To descend, To flow",Hebrew
Jared,M,Ruler,Hebrew
Jarek,M,Born in January,Polish
Jarel,M,"Strong, Open-minded",English
Jarell,M,"Strong, Open-minded",English
Jaren,M,"To cry out, Singing",English
Jarett,M,Ruler,Hebrew
Jarett,M,Rules by the spear,Teutonic
Jarin,M,"To cry out, Singing",English
Jarlath,M,A tributary lord,Hebrew
Jarlath,M,Tributary lord,Irish
Jarman,M,A German,English
Jarman,M,A German,German
Jarman,M,"From Germany, Bud",French
Jarmann,M,A German,German
Jaron,M,"To cry out, Singing",Hebrew
Jarra,M,Eucalyptus tree,Australian Abori
Jarra,F,Eucalyptus tree,Australian Abori
Jarrad,M,Spearman,English
Jarrah,M,Eucalyptus tree,Australian Abori
Jarrah,M,Vessel,Arabic
Jarrah,F,Eucalyptus tree,Australian Abori
Jarran,M,"To cry out, Singing",English
Jarred,M,Spearman,English
Jarrel,M,"Strong, Open-minded",English
Jarrell,M,"Strong, Open-minded",English
Jarren,M,"To cry out, Singing",English
Jarret,M,Spear strong,English
Jarrett,M,Ruler,Hebrew
Jarrett,M,Rules by the spear,Teutonic
Jarrett,M,Spear strong,English
Jarrod,M,Spear strong,English
Jarron,M,"To cry out, Singing",English
Jarvia,F,Spear-keen,German
Jarvinia,F,Keen intelligence,German
Jarvis,M,Spearman,English
Jaryl,M,"Strong, Open-minded",English
Jaryn,M,"To cry out, Singing",English
Jaslynn,F,"Jasmine flower, Gift from God",English
Jasmeen,F,Flower name,Arabic
Jasmeen,F,Flower name,French
Jasmin,M,Flower name,French
Jasmin,F,Flower name,Arabic
Jasmin,F,Flower name,French
Jasmin,F,"Jasmine flower, Gift from God",Persian
Jasmine,M,"Jasmine flower, Gift from God",English
Jasmine,F,"Jasmine flower, Gift from God",English
Jasmine,F,"Jasmine flower, Gift from God",Persian
Jasmyne,F,Flower name,Arabic
Jasmyne,F,Flower name,French
Jason,M,Healer,Greek
Jasone,F,Assumption,Spanish
Jaspar,M,Treasurer,Arabic
Jasper,M,Jasperstone,French
Jasper,M,Jewel ??,Hebrew
Jasper,M,Master of treasure,English
Jasper,M,Master of treasure,Spanish
Jasper,M,Treasurer,Arabic
Jasper,M,Treasurer,Persian
Jasraj,M,King of fame,Indian
Jasveer,M,Hero of fame,Indian
Jaswant,M,Victorious,Indian
Javan,M,Angel of Greece,Latin
Javier,M,Born in January,French
Javier,M,"Bright, Splendid",Spanish
Javier,M,"January, enlightened",Arabic
Javier,F,"January, enlightened",Arabic
Javier,F,"January, enlightened",French
Javiera,F,Owns a new house,Spanish
Javiero,M,Born in January,Spanish
Jawahar,M,Jewel ??,Indian
Jawhar,M,Jewel ??,Arabic
Jax,M,God is gracious,English
Jax,M,Hyacinth flower,Spanish
Jaxine,F,"Hyacinth, Purple",English
Jaxon,M,God is gracious,English
Jay,M,Bluejay,French
Jay,M,Healer,English
Jay,M,Swift,German
Jay,F,"Supplanter, One who replaces",Hebrew
Jaya,F,Victory,Indian
Jayadeep,M,Light of victory,Indian
Jayaditya,M,Victorious sun,Indian
Jayani,F,A sakti of Ganesha,Indian
Jayant,M,Victorious,Indian
Jayanti,F,Victorious,Indian
Jayaprada,F,Giver of victory,Indian
Jayar,M,Healer,English
Jayashekhar,M,Crest of victory,Indian
Jayashri,F,Goddess of victory,Indian
Jaycee,M,Beautiful,English
Jaycee,F,Beautiful,English
Jaycie,F,Beautiful,English
Jayde,F,"The gemstone jade, The color green",English
Jaydee,M,"The gemstone jade, The color green",English
Jaydon,M,Jehovah has heard,Hebrew
Jaydra,F,Goodness,Arabic
Jaye,M,Bluejay,French
Jaye,M,Healer,English
Jaye,M,Swift,German
Jaylene,F,Bluejay,English
Jaylynn,F,Bluejay,English
Jayme,M,Supplanter,English
Jayme,F,"Supplanter, One who replaces",Hebrew
Jaymee,F,Supplanter,Scottish
Jaymes,M,Supplanter,English
Jaymie,F,Supplanter,Scottish
Jaymie,F,"Supplanter, One who replaces",Hebrew
Jaymin,M,"Right hand of favor, A Biblical name",Hebrew
Jayna,M,God is gracious,English
Jayna,F,God is gracious,English
Jayne,F,Gift from God,Hebrew
Jayne,F,God is gracious,English
Jayne,F,Victorious,Indian
Jayni,F,God is gracious,English
Jaynie,M,God is gracious,Hebrew
Jaynie,F,God is gracious,English
Jaynie,F,God is gracious,Hebrew
Jayron,M,Healer,English
Jayronn,M,Healer,English
Jaysukh,M,Pleasure of victory,Indian
Jayvee,M,Beautiful,English
Jayvyn,M,Light spirit,African
Jazlyn,F,"Jasmine flower, Gift from God",English
Jazlynn,F,"Jasmine flower, Gift from God",English
Jazmaine,F,"Jasmine flower, Gift from God",English
Jazmina,M,"Jasmine flower, Gift from God",English
Jazmina,F,"Jasmine flower, Gift from God",English
Jazmine,F,Flower name,Arabic
Jazmine,F,Flower name,French
Jazzalyn,M,"Jasmine flower, Gift from God",English
Jazzalyn,F,"Jasmine flower, Gift from God",English
Jazzmine,F,Flower name,Arabic
Jazzmine,F,Flower name,French
Jazzmyn,M,Flower name,Arabic
Jazzmyn,F,Flower name,Arabic
Jazzmyn,F,Flower name,French
Jazzy,F,"Jasmine flower, Gift from God",English
Jean,M,Gift from God,Hebrew
Jean,M,God is gracious,French
Jean,F,God is merciful,French
Jean,F,Gracious gift from God,Scottish
Jean,F,"Gracious, Merciful, God is gracious",Hebrew
Jean Baptiste,M,God is merciful,French
Jeana,F,God is merciful,French
Jeanae,F,God has answered,English
Jeanay,F,God has answered,English
Jeane,F,God is merciful,French
Jeanee,F,God is merciful,French
Jeanelle,M,God is gracious,English
Jeanelle,F,God is gracious,English
Jeanetta,F,Little Jean,French
Jeanette,F,"Gracious, Merciful, God is gracious",Hebrew
Jeanette,F,Little Jean,French
Jeanice,F,God is merciful,French
Jeanie,F,God is merciful,French
Jeanie,F,"Gracious, Merciful, God is gracious",Hebrew
Jeanina,M,"Gracious, Merciful, God is gracious",French
Jeanina,F,"Gracious, Merciful, God is gracious",French
Jeanine,F,"Gracious, Merciful, God is gracious",French
Jeanise,F,"Gracious, Merciful, God is gracious",Hebrew
Jeanita,F,"Gracious, Merciful, God is gracious",Hebrew
Jeanna,F,God is merciful,French
Jeanne,M,God is merciful,French
Jeanne,F,God is gracious,French
Jeanne,F,"Gracious, Merciful, God is gracious",Hebrew
Jeannell,F,"Gracious, Merciful, God is gracious",English
Jeannette,M,"Gracious, Merciful, God is gracious",French
Jeannette,F,"Gracious, Merciful, God is gracious",French
Jeannie,F,God is merciful,French
Jeannie,F,"Gracious, Merciful, God is gracious",Hebrew
Jeannine,F,"Gracious, Merciful, God is gracious",French
Jeannot,M,Gift from God,Hebrew
Jeb,M,Held by the heel,Hebrew
Jed,M,Beloved by God,Hebrew
Jed,M,The hand,Arabic
Jedadiah,M,Beloved of Jehovah,Hebrew
Jedaiah,M,Jehovah knows,Hebrew
Jedd,M,Beloved of Jehovah,Hebrew
Jedediah,M,Beloved of Jehovah,Hebrew
Jedi,M,Beloved by God,Hebrew
Jediah,M,Jehovah knows,Hebrew
Jedidiah,M,Beloved of Jehovah,Hebrew
Jedidiah,M,The hand,Arabic
Jedrek,M,"Strong, Manly",Polish
Jeena,F,God is merciful,French
Jeevan,M,Life,Indian
Jeevika,F,Water,Indian
Jef,M,God's peace,Teutonic
Jeff,M,God's peace,Teutonic
Jeff,M,Peaceful,English
Jefferson,M,Son of Geoffrey,English
Jeffery,M,Peaceful,English
Jefford,M,Place name,English
Jeffrey,M,Divine peace,French
Jeffrey,M,God's peace,Teutonic
Jeffrey,M,Peaceful,English
Jeffrey,M,Peaceful gift,Anglo-Saxon
Jeffry,M,Peaceful,English
Jehan,F,Beautiful flower,Arabic
Jehane,F,"Gracious, Merciful, God is gracious",French
Jehoichin,M,Jehovah has established,Hebrew
Jehu,M,Jehovah is He. The biblical military commander of Israel (later king) who was noted for pell-mell style of chariot driving.,Hebrew
Jelani,M,Mighty,African
Jelena,F,Shining light,Russian
Jem,M,Supplanter,English
Jem,M,Supplanter,Hebrew
Jemal,M,Handsome,Arabic
Jemila,F,Beautiful,Arabic
Jemima,F,Little dove,Arabic
Jemima,F,Little dove,Hebrew
Jemimah,F,Little dove,Arabic
Jemimah,F,Little dove,Hebrew
Jemina,F,Listened to,Hebrew
Jemma,F,Jewel ??,English
Jemma,F,Jewel ??,Latin
Jen,F,"God is gracious, Fair one",English
Jen,F,"Knowledge, Understanding, Kindness",German
Jena,F,"God is gracious, Fair one",English
Jenae,F,God has answered,English
Jenai,F,God has answered,English
Jenai,F,Name of a plant,French
Jenalee,F,"God is gracious, Fair one",English
Jenalyn,F,"God is gracious, Fair one",English
Jenalynn,F,"God is gracious, Fair one",English
Jenarae,M,"God is gracious, Fair one",English
Jenarae,F,"God is gracious, Fair one",English
Jenavieva,F,"White wave, White spirit, White cheeked",Welsh
Jenavieve,F,"Of the race of women, White wave",English
Jenay,F,God has answered,English
Jenay,F,Name of a plant,French
Jenaya,F,God has answered,English
Jenda,M,Gift from God,Hebrew
Jenda,F,Gift from God,Hebrew
Jendayi,F,Give thanks,African
Jendyose,F,Have done good to produce a child,African
Jenee,F,God has answered,English
Jeneen,F,"God is gracious, Fair one",English
Jenell,F,"Knowledge, Understanding, Kindness",German
Jenella,F,"Gracious, Merciful, God is gracious",English
Jenelle,F,"Gracious, Merciful, God is gracious",English
Jenene,F,"God is gracious, Fair one",English
Jenetta,F,"God is gracious, Fair one",English
Jenette,F,"Gracious, Merciful, God is gracious",French
Jeneva,F,"Of the race of women, White wave",English
Jenevieve,F,"Of the race of women, White wave",English
Jeni,F,God is gracious,Hebrew
Jeni,F,"God is gracious, Fair one",English
Jeni,F,"Knowledge, Understanding, Kindness",German
Jenice,F,"God is gracious, Fair one",English
Jeniece,F,"God is gracious, Fair one",English
Jenifer,F,Arthur's queen,Arthurian Legend
Jenifer,F,White wave,English
Jenilynn,M,"God is gracious, Fair one",English
Jenilynn,F,"God is gracious, Fair one",English
Jenina,F,"Gracious, Merciful, God is gracious",French
Jenine,F,"Gracious, Merciful, God is gracious",French
Jenise,F,"God is gracious, Fair one",English
Jenita,F,"God is gracious, Fair one",English
Jenna,F,White wave,English
Jenna,F,"White wave, White spirit, White cheeked",Welsh
Jennabel,F,White wave,English
Jennae,F,God has answered,English
Jennah,F,White wave,English
Jennalee,F,White wave,English
Jennalyn,M,White wave,English
Jennalyn,F,White wave,English
Jennarae,F,White wave,English
Jennasee,F,White wave,English
Jennavieve,F,"Of the race of women, White wave",English
Jennay,F,God has answered,English
Jennelle,M,"Gracious, Merciful, God is gracious",English
Jennelle,F,"Gracious, Merciful, God is gracious",English
Jennessa,F,"God is gracious, Fair one",English
Jenneva,F,"Of the race of women, White wave",English
Jenni,F,"God is gracious, Fair one",English
Jenni,F,"White wave, White spirit, White cheeked",Welsh
Jennie,F,"God is gracious, Fair one",English
Jennie,F,"White wave, White spirit, White cheeked",Welsh
Jennifer,F,Arthur's queen,Arthurian Legend
Jennifer,F,Fair,English
Jennifer,F,White wave,Celtic
Jennifer,F,"White wave, White spirit, White cheeked",Welsh
Jennika,F,"God is gracious, Fair one",English
Jennilee,F,"God is gracious, Fair one",English
Jennilyn,F,"God is gracious, Fair one",English
Jennine,F,"Gracious, Merciful, God is gracious",French
Jennis,M,"God is gracious, Fair one",English
Jennis,F,"God is gracious, Fair one",English
Jenny,F,Fair one,English
Jenny,F,White wave,Celtic
Jenny,F,"White wave, White spirit, White cheeked",Welsh
Jenny-lee,M,"God is gracious, Fair one",English
Jenny-lee,F,"God is gracious, Fair one",English
Jennyann,F,"God is gracious, Fair one",English
Jennyfer,F,White wave,Celtic
Jennylynn,F,"White wave, White spirit, White cheeked",Welsh
Jennyver,F,White wave,Celtic
Jeno,F,"Heaven, Well-born",Greek
Jenralyn,F,Waterfall,English
Jens,M,Gift from God,Hebrew
Jensi,F,God is gracious,Hebrew
Jensina,F,God has blessed,Hebrew
Jensine,F,"Gracious, Merciful, God is gracious",Hebrew
Jensyn,F,God is gracious,Hebrew
Jenyd,M,Rules by the spear,English
Jeoffroi,M,Divine peace,French
Jeorg,M,"Farmer, To work the earth",Greek
Jeorjia,F,Farmer,English
Jeovana,F,Gift from God,English
Jeovanna,F,Gift from God,English
Jephtah,M,First born,Hebrew
Jera,F,Spear maiden,Teutonic
Jerad,M,Descending,Hebrew
Jerad,M,Rules by the spear,English
Jerah,M,Jehovah has seen,Hebrew
Jeraldine,F,Farmer,English
Jeraldo,M,Rules by the spear,Spanish
Jeralyn,F,Waterfall,English
Jeramie,M,Exalted of the Lord,English
Jeramy,M,Exalted of the Lord,English
Jeran,M,"To cry out, Singing",English
Jerande,M,Rules by the spear,English
Jerara,M,Falling water,Australian Abori
Jerard,M,Rules by the spear,English
Jerard,M,Rules by the spear,French
Jerard,M,Rules by the spear,Teutonic
Jerardo,M,Rules by the spear,Spanish
Jered,M,Rules by the spear,English
Jerel,M,"Strong, Open-minded",English
Jerelyn,F,Waterfall,English
Jeremi,M,Exalted of the Lord,Hebrew
Jeremiah,M,Exalted of the Lord,Hebrew
Jeremias,M,Exalted of the Lord,Hebrew
Jeremias,M,Jehovah exalts.,Spanish
Jeremie,M,Exalted of the Lord,English
Jeremie,M,Exalted of the Lord,Hebrew
Jeremy,M,Exalted of the Lord,English
Jeremy,M,Exalted of the Lord,Hebrew
Jeren,M,"To cry out, Singing",English
Jerett,M,Spear strong,English
Jeri,M,Rules by the spear,Teutonic
Jeri,F,Rules by the spear,Teutonic
Jeriah,M,Jehovah has seen,Hebrew
Jeric,M,"Strong, Gifted ruler",English
Jerica,F,Spear maiden,Teutonic
Jericho,M,City of the moon,Arabic
Jericho,M,City of the moon,Hebrew
Jerick,M,"Strong, Gifted ruler",English
Jerico,M,City of the moon,Spanish
Jerie,M,Rules by the spear,Teutonic
Jeriel,M,"Strong, Open-minded",English
Jerilyn,F,Waterfall,English
Jerilynn,F,Waterfall,English
Jermain,M,"From Germany, Bud",English
Jermain,M,"From Germany, Bud",French
Jermaine,M,"From Germany, Bud",English
Jermaine,M,"From Germany, Bud",French
Jermana,M,"From Germany, Bud",English
Jermana,M,"From Germany, Bud",French
Jermane,M,Brotherly,English
Jermayne,M,"From Germany, Bud",English
Jermayne,M,"From Germany, Bud",French
Jermyn,M,"From Germany, Bud",English
Jermyn,M,"From Germany, Bud",French
Jerod,M,Rules by the spear,English
Jerold,M,Rules by the spear,Spanish
Jerold,M,Rules by the spear,Teutonic
Jerolin,M,Holy name,Latin
Jeronimo,M,Sacred,Spanish
Jerrad,M,Rules by the spear,English
Jerrah,M,Jehovah has seen,Hebrew
Jerrald,M,Rules by the spear,Spanish
Jerrall,M,"Strong, Open-minded",English
Jerred,M,Rules by the spear,English
Jerrel,M,"Strong, Open-minded",English
Jerrell,M,"Strong, Open-minded",English
Jerren,M,"To cry out, Singing",English
Jerrett,M,Spear strong,English
Jerri,M,Rules by the spear,Teutonic
Jerric,M,"Strong, Gifted ruler",English
Jerrick,M,"Strong, Gifted ruler",English
Jerriel,M,"Strong, Open-minded",English
Jerrilyn,F,Waterfall,English
Jerrin,M,"To cry out, Singing",English
Jerrod,M,Rules by the spear,English
Jerrold,M,Rules by the spear,Spanish
Jerron,M,"To cry out, Singing",English
Jerry,M,Abbreviation of names beginning with Jer-,English
Jerry,M,Rules by the spear,Teutonic
Jerryl,M,"Strong, Open-minded",English
Jerusha,F,Married,Hebrew
Jervis,M,Spearman,English
Jeryl,M,"Strong, Open-minded",English
Jerzy,M,Farmer,Polish
Jerzy,M,"Farmer, To work the earth",Greek
Jesiah,M,God is salvation,Hebrew
Jesper,M,Jasperstone,French
Jess,M,Jehovah exists,Hebrew
Jess,F,God's grace,Hebrew
Jess,F,"Jasmine flower, Gift from God",Persian
Jessamina,F,Jasmine,French
Jessamine,F,Jasmine,French
Jessamine,F,"Jasmine flower, Gift from God",Persian
Jessamy,F,"Jasmine flower, Gift from God",Persian
Jessamyn,F,Flower name,Arabic
Jessamyn,F,Flower name,French
Jesse,M,Jehovah exists,English
Jesse,M,Wealthy,Hebrew
Jesse,F,God's grace,Hebrew
Jessey,M,Jehovah exists,Hebrew
Jessica,F,Appeared in Merchant of Venice,Shakespearian
Jessica,F,Rich,Hebrew
Jessicka,F,God's grace,Hebrew
Jessie,M,"Wealthy, Jehovah exists",Hebrew
Jessie,F,Rich,Hebrew
Jessy,M,Jehovah exists,Hebrew
Jessy,F,God's grace,Hebrew
Jessykah,F,God's grace,Hebrew
Jesus,M,God will help,Hebrew
Jesus,M,Named for Jesus,Spanish
Jesusa,F,Named for Jesus,Spanish
Jethro,M,"Overflowing, Abundance",Hebrew
Jewel,F,Jewel ??,French
Jewell,F,Jewel ??,French
Jez,F,Follower of idols,Hebrew
Jezebel,F,Follower of idols,Hebrew
Jezreel,F,Follower of idols,Hebrew
Jiba,F,The moon,Australian Abori
Jibril,M,Archangel Gabriel,Arabic
Jifunza,F,Teach oneself,African
Jihan,F,Universe,Arabic
Jilian,F,Jove's child,English
Jill,F,Girl,English
Jillanne,F,Jove's child,English
Jillayne,F,Jove's child,English
Jillene,F,Jove's child,English
Jillesa,F,Jove's child,English
Jillian,F,Girl,English
Jilliane,F,Jove's child,English
Jilliann,M,Jove's child,English
Jilliann,F,Jove's child,English
Jillianna,F,Jove's child,English
Jillianne,F,Jove's child,English
Jilly,F,Youthful,English
Jim,M,Supplanter,English
Jim,M,Supplanter,Hebrew
Jimena,F,Heard,Spanish
Jimi,F,Supplanter,English
Jimmi,F,Supplanter,English
Jimmie,M,Supplanter,English
Jimmy,M,Supplanter,English
Jimmy,M,Supplanter,Hebrew
Jimuta,M,One of 108 names of the Sun God,Indian
Jin,M,"Gold, Truth, Treasure, Pearl",Chinese
Jin,M,"Gold, Truth, Treasure, Pearl",Korean
Jin,F,"Super-excellent, Jewel",Japanese
Jin,F,"Super-excellent, Jewel",Korean
Jineen,F,"Gracious, Merciful, God is gracious",French
Jinendra,M,Lord of life,Indian
Jinni,F,"God is gracious, Fair one",English
Jinny,M,"God is gracious, Fair one",English
Jinny,F,"Chaste, Maiden",Latin
Jinny,F,"God is gracious, Fair one",English
Jinx,F,A charm,Latin
Jirca,F,"Farmer, To work the earth",Greek
Jiri,M,"Farmer, To work the earth",Greek
Jirina,F,"Farmer, To work the earth",Greek
Jirka,F,"Farmer, To work the earth",Greek
Jiro,M,Second male,Japanese
Jirra,M,Kangaroo,Australian Abori
Jirra,F,A kangaroo,Australian Abori
Jiselle,F,"Pledge, Vow",English
Jishnu,M,Triumphant,Indian
Jitendra,M,Lord of conquerors,Indian
Jitzak,M,Laughter,Hebrew
Jivana,M,One of 108 names of the Sun God,Indian
Jivin,M,To give life,Indian
Jnyandeep,M,Light of knowledge,Indian
Jnyaneshwar,M,God of wisdom,Indian
Jo,F,God wiIl multiply,English
Jo,F,"Violet flower, Modest",Greek
Joachim,M,The Lord will judge,Hebrew
Joakim,M,The Lord will judge,Hebrew
Joakima,F,The Lord will judge,Hebrew
Joan,F,God is gracious,Hebrew
Joan,F,God is merciful,English
Joana,F,God is gracious,English
Joanie,M,God is gracious,English
Joanie,F,God is gracious,English
Joann,F,God is gracious,English
Joanna,F,God is gracious,Hebrew
Joanna,F,God is merciful,English
Joanna,F,God's gift,French
Joanne,F,God is gracious,English
Joanne,F,God is gracious,French
Joanne,F,God is gracious,Hebrew
Joannie,F,The Lord will judge,Hebrew
Joaquin,M,Jehovah has established,Spanish
Joaquina,F,God shall establish,Hebrew
Joaquina,F,Prepared,Spanish
Joaquine,F,God shall establish,Hebrew
Joas,F,God is gracious,Hebrew
Job,M,Persecuted,Hebrew
Jobe,M,Persecuted,English
Jobe,M,Persecuted,Hebrew
Jobey,F,Persecuted,Hebrew
Jobina,F,The persecuted,Hebrew
Joby,M,Persecuted,English
Joby,M,Persecuted,Hebrew
Joce,F,"Happy, Full of joy",Latin
Jocelin,F,Supplanter,Hebrew
Jocelina,M,"Happy, Full of joy, Supplanter",French
Jocelina,F,"Happy, Full of joy, Supplanter",English
Jocelina,F,"Happy, Full of joy, Supplanter",French
Joceline,F,"Happy, Full of joy",Latin
Joceline,F,"Happy, Full of joy, Supplanter",English
Joceline,F,"Happy, Full of joy, Supplanter",French
Joceline,F,Supplanter,Hebrew
Jocelyn,M,"Happy, Full of joy, Supplanter",French
Jocelyn,F,"Happy, Full of joy",Latin
Jocelyn,F,"Happy, Full of joy, Supplanter",French
Jocelyn,F,Playful,English
Jocelyn,F,Supplanter,Hebrew
Jocelyne,F,"Happy, Full of joy, Supplanter",English
Jocelyne,F,"Happy, Full of joy, Supplanter",French
Jocelynn,F,"Happy, Full of joy, Supplanter",English
Jocelynn,F,"Happy, Full of joy, Supplanter",French
Jochebed,F,God's glory,Hebrew
Jochen,M,The Lord will judge,Hebrew
Jocheved,M,God is glorious,Hebrew
Jock,M,God is gracious,Scottish
Jock,M,Supplanter,Hebrew
Jocosa,F,Gleeful,Latin
Joda,F,A biblical ancestor of Christ.,Hebrew
Joda,F,God wiIl multiply,English
Jodee,F,God wiIl multiply,English
Jodi,F,God wiIl multiply,English
Jodie,F,God wiIl multiply,English
Jodie,F,Praised,Hebrew
Jodoc,M,Joy,Celtic
Jody,M,God wiIl multiply,English
Jody,F,God wiIl multiply,English
Jody,F,God wiIl multiply,Hebrew
Joe,M,God wiIl multiply,English
Joe,M,God wiIl multiply,Hebrew
Joeanna,F,God is gracious,English
Joeanne,F,God is gracious,English
Joed,M,Jehovah is witness,Hebrew
Joel,M,Strong willed,Hebrew
Joeliyn,F,Jehovah is God,French
Joell,F,Jehovah is God,French
Joella,F,Jehovah is God,French
Joella,F,Jehovah is God,Hebrew
Joelle,F,Jehovah is God,French
Joelle,F,Jehovah is God,Hebrew
Joellen,F,Jehovah is God,French
Joelliana,F,Jehovah is God,Hebrew
Joelliane,F,Jehovah is God,Hebrew
Joen,M,Gift from God,Hebrew
Joetta,F,God is gracious,Hebrew
Joey,M,God wiIl multiply,English
Joey,M,God wiIl multiply,Hebrew
Johan,M,Gift from God,Hebrew
Johan,M,"Gracious, Merciful, God is gracious",German
Johann,M,God's gracious gift,German
Johann,M,The Lord will judge,Hebrew
Johanna,F,God is gracious,Hebrew
Johanna,F,"Gracious, Merciful, God is gracious",German
Johannah,F,God is gracious,German
Johannah,F,God is gracious,Hebrew
Johanne,F,God is gracious,Hebrew
Johannes,M,"Gracious, Merciful, God is gracious",German
Johfrit,M,A knight,Arthurian Legend
John,M,God is merciful,English
John,M,God is merciful,Hebrew
John (Don),M,Appeared in Much Ado About Nothing,Shakespearian
John (Friar),M,Appeared in Romeo & Juliet,Shakespearian
John-paul,M,God is merciful,English
John-paul,M,God is merciful,French
Johnathan,M,Jehovah has given,Hebrew
Johnathon,M,Jehovah has given,Hebrew
Johnelle,F,God is merciful,English
Johnetta,F,God is merciful,English
Johnette,F,God is merciful,English
Johnn,M,God is merciful,English
Johnn,M,God is merciful,French
Johnna,F,God is merciful,English
Johnnie,M,God is merciful,English
Johnnie,M,God is merciful,French
Johnnie,F,God is merciful,English
Johnny,M,God is merciful,English
Johnny,M,God is merciful,French
Johnny,M,God is merciful,Hebrew
Johnson,M,God is merciful,English
Johnson,M,God is merciful,French
Johnson,M,Son of John,Scottish
Johnston,M,From John's farm,Scottish
Johyna,F,Persecuted,Hebrew
Joi,F,Rejoicing,English
Joi,F,Rejoicing,French
Joia,F,Joyful,English
Joia,F,Rejoicing,French
Joie,F,Joyful,English
Joie,F,Rejoicing,French
Joka,F,Gift from God,Hebrew
Jokin,M,God will establish,Hebrew
Jokina,F,God shall establish,Hebrew
Jokine,F,God shall establish,Hebrew
Jola,F,Jehovah is God,Hebrew
Jolan,F,County,German
Jolan,F,Violet blossom,Hungarian
Jolanda,F,"Violet flower, Modest",Greek
Jolanka,F,County,German
Jolanta,F,Violet blossom,Hungarian
Jolaunda,F,"Violet flower, Modest",Greek
Jolee,F,"Cheerful, Pretty",English
Jolee,F,"Cheerful, Pretty",French
Joleen,F,"Cheerful, Pretty",English
Joleigh,F,"Cheerful, Pretty",English
Joleigh,F,"Cheerful, Pretty",French
Jolena,F,"Cheerful, Pretty",English
Jolene,F,He will increase,English
Joli,F,"Cheerful, Pretty",English
Joli,F,"Cheerful, Pretty",French
Joli,F,County,German
Jolie,M,"Cheerful, Pretty",French
Jolie,F,Beautiful,French
Jolie,F,"Cheerful, Pretty",English
Jolina,F,"Cheerful, Pretty",English
Joline,F,He will increase,English
Jolleen,F,"Cheerful, Pretty",English
Jollene,F,"Cheerful, Pretty",English
Jolon,M,Valley of the dead oaks,Native American
Jomar,M,God wiIl multiply,Hebrew
Jon,M,Gift from God,Hebrew
Jon,M,God is merciful,English
Jon,M,God is merciful,French
Jonah,M,Dove,Hebrew
Jonalyn,F,God is merciful,English
Jonalynn,F,God is merciful,English
Jonam,M,Gift from God,Hebrew
Jonas,M,Dove,Spanish
Jonas,M,Gift from God,Hebrew
Jonatan,M,Gift from God,Hebrew
Jonathan,M,Gift from God,Hebrew
Jonathon,M,Jehovah has given,Hebrew
Jonati,F,Dove,Hebrew
Jonay,F,God is merciful,English
Jone,F,Gift from God,Hebrew
Jonell,F,God is merciful,English
Jonetta,F,God is merciful,English
Jonette,F,God is merciful,English
Joni,F,God is merciful,English
Jonina,F,Dove,Hebrew
Jonita,F,God is merciful,English
Jonn,M,God is merciful,English
Jonn,M,God is merciful,French
Jonna,F,Dove,Hebrew
Jonna,F,God is merciful,English
Jonnelle,F,God is merciful,English
Jonni,M,God is merciful,English
Jonni,F,God is merciful,English
Jonnie,M,God is merciful,English
Jonnie,M,God is merciful,French
Jonnie,F,God is merciful,English
Jonny,M,God is merciful,Hebrew
Joo-Chan,M,Praise God,Korean
Joo-Eun,F,Silver pearl,Korean
Joop,M,God wiIl multiply,Hebrew
Joosef,M,God wiIl multiply,Hebrew
Jooseppi,M,God wiIl multiply,Hebrew
Jopie,M,God wiIl multiply,Hebrew
Jora,F,Autumn rain,Hebrew
Jorah,M,He has reproached,Hebrew
Joram,M,Jehovah is exalted,Hebrew
Joran,M,Fictional character Jorel father of Superman,English
Jorcina,F,Farmer,English
Jordain,M,"To descend, To flow",English
Jordain,M,"To descend, To flow",Hebrew
Jordan,M,"To descend, To flow",Hebrew
Jordan,F,Descended,Hebrew
Jordana,F,"Descendant, Flowing down",Hebrew
Jordana,F,Down flowing,Spanish
Jordane,F,"Descendant, Flowing down",Hebrew
Jordane,F,Down flowing,French
Jordann,F,"Descendant, Flowing down",Hebrew
Jordanna,M,"To descend, To flow",English
Jordanna,F,"To descend, To flow",English
Jordanne,F,"To descend, To flow",English
Jordell,M,"To descend, To flow",English
Jordell,M,"To descend, To flow",Hebrew
Jorden,M,"To descend, To flow",French
Jordene,F,"Descendant, Flowing down",Hebrew
Jordi,M,"To descend, To flow",English
Jordi,M,"To descend, To flow",Hebrew
Jordon,M,"To descend, To flow",French
Jordy,M,"To descend, To flow",English
Jordy,M,"To descend, To flow",Hebrew
Jordyn,F,"Descendant, Flowing down",Hebrew
Jore,M,God will uplift,Hebrew
Jorel,M,Fictional character Jorel father of Superman,English
Jorell,M,Fictional character Jorel father of Superman,English
Jorge,M,Farmer,Spanish
Jorge,M,"Farmer, To work the earth",Greek
Jorgelina,F,Farmer,English
Jorgen,M,Farmer,Hebrew
Jorgen,M,"Farmer, To work the earth",Greek
Jorges,M,"Farmer, To work the earth",Greek
Jorgina,F,"Farmer, To work the earth",Greek
Jori,M,Descending,Hebrew
Jori,F,"Descendant, Flowing down",Hebrew
Jori,F,"To descend, To flow",English
Jorian,M,Fictional character Jorel father of Superman,English
Jorie,M,God will uplift,Hebrew
Jorim,M,Jehovah is exalted,Hebrew
Jorja,F,Farmer,English
Jorrel,M,Fictional character Jorel father of Superman,English
Jorrell,M,Fictional character Jorel father of Superman,English
Jorrin,M,"Farmer, To work the earth",Greek
Jory,M,God will uplift,Hebrew
Josalind,F,Playful,English
Josalyn,F,"Happy, Full of joy, Supplanter",English
Josalyn,F,"Happy, Full of joy, Supplanter",French
Josalynn,F,"Happy, Full of joy, Supplanter",English
Josalynn,F,"Happy, Full of joy, Supplanter",French
Josceline,F,Playful,English
Joscelyn,F,"Happy, Full of joy, Supplanter",English
Joscelyn,F,"Happy, Full of joy, Supplanter",French
Joscelyne,F,Playful,English
Jose,M,God wiIl multiply,Hebrew
Jose,M,May God give increase,Spanish
Jose,F,God wiIl multiply,Hebrew
Joseba,M,God wiIl multiply,Hebrew
Josebe,F,God wiIl multiply,Hebrew
Josee,F,God wiIl multiply,Hebrew
Josef,M,God wiIl multiply,German
Josef,M,God wiIl multiply,Hebrew
Josefa,F,God wiIl multiply,German
Josefa,F,God wiIl multiply,Spanish
Josefina,F,God wiIl multiply,Hebrew
Josefina,F,God wiIl multiply,Spanish
Joselito,M,May God give increase,Spanish
Joseph,M,God wiIl multiply,Hebrew
Josepha,F,God wiIl multiply,French
Josepha,F,God wiIl multiply,Hebrew
Josephe,F,God wiIl multiply,French
Josephina,F,God wiIl multiply,French
Josephina,F,God wiIl multiply,Hebrew
Josephine,F,God wiIl multiply,French
Josephine,F,God wiIl multiply,Hebrew
Josephus,M,God wiIl multiply,Hebrew
Josetta,F,God wiIl multiply,Hebrew
Josette,F,God wiIl multiply,French
Josette,F,God wiIl multiply,Hebrew
Josh,M,Jehovah is salvation,Hebrew
Joshua,M,God is salvation,Hebrew
Josiah,M,Jehovah has healed,Hebrew
Josias,M,God is salvation,Hebrew
Josias,M,Jehovah has healed,Spanish
Josie,F,God wiIl multiply,English
Josie,F,God wiIl multiply,Hebrew
Josilyn,M,"Happy, Full of joy, Supplanter",English
Josilyn,F,"Happy, Full of joy, Supplanter",English
Josilyn,F,"Happy, Full of joy, Supplanter",French
Josina,F,God wiIl multiply,English
Joslin,F,"Happy, Full of joy, Supplanter",English
Joslin,F,"Happy, Full of joy, Supplanter",French
Joslyn,F,"Happy, Full of joy, Supplanter",English
Joslyn,F,"Happy, Full of joy, Supplanter",French
Joss,M,Jehovah is salvation,Hebrew
Josu,M,God saves,Hebrew
Josue,M,God is salvation,Hebrew
Josue,M,God is salvation,Spanish
Josune,F,Named for Jesus,Spanish
Jotham,M,May Jehovah complete. A king of Judah during a time of military strife.,Hebrew
Jourdaine,M,"To descend, To flow",English
Jourdaine,M,"To descend, To flow",Hebrew
Jourdan,M,"To descend, To flow",French
Jourdon,M,"To descend, To flow",English
Jourdon,M,"To descend, To flow",Hebrew
Jov,M,Supplanter,Hebrew
Jovana,F,"Roman mythological God Jupiter, Father of the sky.",Spanish
Jovanna,F,"Roman mythological God Jupiter, Father of the sky.",Spanish
Jovena,F,"Roman mythological God Jupiter, Father of the sky.",Spanish
Jovian,M,"Roman mythological God Jupiter, Father of the sky.",Spanish
Jovina,F,"Roman mythological God Jupiter, Father of the sky.",Spanish
Jovita,F,"Roman mythological God Jupiter, Father of the sky.",Spanish
Joxepa,F,God wiIl multiply,Hebrew
Joy,M,Rejoicing,French
Joy,F,Joy,French
Joy,F,Joyful,English
Joya,F,Rejoicing,English
Joya,F,Rejoicing,French
Joyann,F,Rejoicing,English
Joyann,F,Rejoicing,French
Joyanna,M,Rejoicing,French
Joyanna,F,Rejoicing,English
Joyanna,F,Rejoicing,French
Joyanne,F,Rejoicing,English
Joyanne,F,Rejoicing,French
Joyce,F,"Cheerful, Merry",English
Joyce,F,Joy,Celtic
Joyce,F,Rejoicing,Latin
Joyceanne,F,"Cheerful, Merry",English
Joycelyn,F,"Cheerful, Merry",English
Joycelynn,F,"Cheerful, Merry",English
Joyelle,F,Rejoicing,English
Joyelle,F,Rejoicing,French
Joze,M,God wiIl multiply,Hebrew
Joziah,M,Jehovah has healed,Hebrew
Jozlyn,F,"Happy, Full of joy, Supplanter",English
Jozlyn,F,"Happy, Full of joy, Supplanter",French
Jozsa,F,God wiIl multiply,Hebrew
Juan,M,Gift from God,Hebrew
Juan,M,"Gracious, Merciful, God is gracious",Spanish
Juana,F,Gift from God,Hebrew
Juana,F,God's gift,Spanish
Juanetta,F,Gift from God,Spanish
Juaniqua,F,God is gracious,Hebrew
Juanisha,F,Gift from God,Spanish
Juanita,F,God is gracious,Hebrew
Juanita,F,God's gift,Spanish
Juanito,M,Gracious gift from God,Spanish
Juba,F,Born on Monday,African
Jubal,M,The ram,Hebrew
Juci,F,Praised,Hebrew
Jucika,F,Praised,Hebrew
Jud,M,Praised,Hebrew
Judah,M,The praised one,Hebrew
Judas,M,Praised,Hebrew
Judd,M,Praised,Hebrew
Jude,M,Praised,Hebrew
Jude,F,"Praise, Admired",Hebrew
Judeana,F,From Judea,Hebrew
Judeena,F,From Judea,Hebrew
Judi,F,From Judea,Hebrew
Judie,F,Praised; From Judea,Hebrew
Judit,F,"Praise, Admired",Hebrew
Judith,F,"Praise, Admired",Hebrew
Juditha,F,From Judea,Hebrew
Judy,M,Praised,Hebrew
Judy,F,"Praise, Admired",Hebrew
Juha,M,Gift from God,Hebrew
Juhi,F,Flower,Indian
Jukka,M,Gift from God,Hebrew
Jul,M,Youthful,Latin
Jule,F,Jewel ??,French
Julee,F,Youthful,French
Juleen,F,Youthful,French
Jules,M,Youthful,French
Jules,M,Youthful,Latin
Jules,F,"Softhaired, Youthful, Downy-haired, Gentle",Latin
Julia,F,Appeared in Two Gentlemen of Verona,Shakespearian
Julia,F,"Softhaired, Youthful, Downy-haired, Gentle",Latin
Julia,F,Youthful,French
Julian,M,Youth,Spanish
Julian,M,Youthful,English
Julian,M,Youthful,French
Julian,M,Youthful,Latin
Juliana,F,Name of a poem,Anglo-Saxon
Juliana,F,Youthful,English
Julianna,F,"Softhaired, Youthful, Downy-haired, Gentle",Latin
Julianne,F,"Softhaired, Youthful, Downy-haired, Gentle",Latin
Juliano,M,Jove's child,Spanish
Julie,F,"Softhaired, Youthful, Downy-haired, Gentle",Latin
Julie,F,Youthful,French
Julien,M,Jove's child,French
Julienne,F,Youthful,French
Juliet,F,"Appeared in Romeo & Juliet, Measure for Measure",Shakespearian
Juliet,F,"Softhaired, Youthful, Downy-haired, Gentle",Latin
Juliet,F,Youthful,French
Julieta,F,Youthful,Spanish
Julietta,F,Youthful,French
Juliette,F,Youthful,French
Julina,F,Youthful,Spanish
Julinka,F,Youthful,Latin
Julio,M,Youth,Spanish
Julio,M,Youthful,Latin
Julita,F,Youthful,French
Julita,F,Youthful,Latin
Julius,M,Jove's child,French
Julius,M,Youthful,Latin
Julius Caesar,M,Appeared in Julius Caesar,Shakespearian
Jullien,M,Youthful,French
July,M,Born on the month of July,English
July,F,Born on the month of July,English
July,F,"Softhaired, Youthful, Downy-haired, Gentle",Latin
Juma,M,Born on Friday,African
Jumanah,F,Silver pearl,Arabic
Jumoke,F,Everyone loves the baby,African
Jun,F,Truth,Chinese
June,F,Name of a month,Latin
Jung,M,Righteous,Korean
Junien,M,God will uplift,Hebrew
Junius Brutus,M,Appeared in Coriolanus,Shakespearian
Juno,F,Appeared in The Tempest,Shakespearian
Jur,M,"Farmer, To work the earth",Greek
Jurek,M,"Farmer, To work the earth",Greek
Jurgen,M,Farmer,German
Jurgen,M,"Farmer, To work the earth",Greek
Jurgi,M,"Farmer, To work the earth",Greek
Jurik,M,"Farmer, To work the earth",Greek
Jurnel,F,God is gracious,Hebrew
Juro,M,"Farmer, To work the earth",Greek
Jurre,M,God will uplift,Hebrew
Jussey,M,Justice,Latin
Jussi,M,Gift from God,Hebrew
Just,M,Justice,Latin
Justain,M,Justice,English
Justeen,F,"Just, True, Upright",French
Justeene,F,"Just, True, Upright",English
Justene,F,"Just, True, Upright",English
Justice,M,Justice,English
Justice,M,Justice,Latin
Justin,M,"Just, True, Upright",English
Justin,M,"Just, True, Upright",French
Justin,M,"Just, True, Upright",Hebrew
Justin,M,"Just, True, Upright",Irish
Justina,F,"Just, True",Hebrew
Justina,F,"Just, True",Latin
Justine,F,"Just, True",Hebrew
Justine,F,"Just, True",Latin
Justine,F,"Just, True, Upright",English
Justino,M,Justice,Spanish
Justis,M,Justice,English
Justus,M,Justice,Latin
Justyne,F,"Just, True, Upright",French
Jutka,F,Praised,Hebrew
Jwahir,F,Golden lady,African
Jyl,F,Youthful,English
Jyll,M,Youthful,English
Jyll,F,Youthful,English
Jyllina,F,Jove's child,English
Jyoti,F,Light,Indian
Jyotsna,F,Moon light,Indian
Jürgen,M,Farmer,Hebrew
Jürgen,M,"Farmer, To work the earth",Greek
Kaarle,M,"Strong, Manly",French
Kaarlo,M,"Strong, Manly",French
Kaatje,F,Pure,Dutch
Kabos,M,Swindler,Hebrew
Kacee,F,"Brave, Watchful",English
Kacey,F,"Brave, Watchful",English
Kachada,M,White man (Hopi),Native American
Kachina,F,Spirit (Hopi),Native American
Kachine,F,Sacred dancer,Native American
Kaci,F,"Brave, Watchful",English
Kacia,F,"Brave, Watchful",English
Kacie,F,"Brave, Watchful",English
Kacy,F,"Brave, Watchful",English
Kadar,M,Strong,Arabic
Kade,M,From the wetlands,Scottish
Kadee,F,Mother,Australian Abori
Kadee,F,Rhythmic flow of sounds,English
Kadee,F,The prophet Muhammad's wife,African
Kadeen,M,"Friend, Companion",Arabic
Kaden,M,"Friend, Companion",Arabic
Kadi,F,Rhythmic flow of sounds,English
Kadia,F,Rhythmic flow of sounds,English
Kadian,F,Rhythmic flow of sounds,English
Kadie,F,Rhythmic flow of sounds,English
Kadienne,F,Rhythmic flow of sounds,English
Kadija,F,The prophet Muhammad's wife,African
Kadin,M,"Friend, Companion",Arabic
Kadir,M,Green,Arabic
Kadischa,F,Holy,Hebrew
Kadisha,F,Holy,Hebrew
Kadiza,F,Holy,Hebrew
Kady,F,Rhythmic flow of sounds,English
Kady,F,Rhythmic flow of sounds,Irish
Kaede,F,Maple leaf,Japanese
Kaedee,M,Rhythmic flow of sounds,English
Kaedee,F,Rhythmic flow of sounds,English
Kaelah,F,Keeper of the keys,English
Kaelee,F,Keeper of the keys,English
Kaeleigh,F,Keeper of the keys,English
Kaelene,F,Keeper of the keys,English
Kaeley,F,Keeper of the keys,English
Kaeli,F,Keeper of the keys,English
Kaelie,F,Keeper of the keys,English
Kaelin,F,Keeper of the keys,English
Kaelyn,F,Keeper of the keys,English
Kaelynn,F,Keeper of the keys,English
Kaesha,F,"Brave, Watchful",English
Kaethe,F,Pure,Greek
Kaga,M,Chronicler,Native American
Kagan,M,Intelligent,Irish
Kagen,M,Intelligent,Irish
Kaherdin,M,Brother of Isolde,Arthurian Legend
Kahill,M,"Good friend, Best friend",Arabic
Kahleil,M,Friend,Arabic
Kahli,F,Fun,English
Kahlil,M,Friend,Arabic
Kahoku,M,Star,Hawaiian
Kai,M,Fire,Scottish
Kai,M,Fort,German
Kai,M,Rejoicer,Welsh
Kai,M,Sea,Hawaiian
Kai,M,Willow tree,Native American
Kai,F,Sea,Hawaiian
Kai,F,Willow tree,Native American
Kaia,F,Earth,Greek
Kaie,F,Combat,Celtic
Kaikara,M,Traditional name of God,African
Kaila,F,Keeper of the keys,English
Kaila,F,"Laurel crown, The crown of victory",Hebrew
Kailan,F,Keeper of the keys,English
Kailash,M,"Name of a Himalayan peak, Abode of Shiva",Indian
Kailee,F,Keeper of the keys,English
Kailene,M,Keeper of the keys,English
Kailene,F,Keeper of the keys,English
Kailey,F,Keeper of the keys,English
Kaili,F,A deity,Hawaiian
Kailil,M,"Good friend, Best friend",Arabic
Kailin,F,Keeper of the keys,English
Kailyn,F,Keeper of the keys,English
Kailyn,F,"Laurel crown, The crown of victory",Hebrew
Kailynne,F,Keeper of the keys,English
Kaimi,F,The seeker,Polynesian
Kain,M,Craftsman,Hebrew
Kain,M,Warrior,Gaelic
Kain,F,Warrior,Gaelic
Kaine,M,Warrior,Gaelic
Kaine,F,Warrior,Gaelic
Kainen,F,Warrior,Gaelic
Kairos,F,Goddess from Jupiter,Greek
Kaiser,M,Emperor,German
Kait,F,Little darling,Celtic
Kaitlan,F,"Pure, Innocent",Irish
Kaitleen,F,"Pure, Innocent",Irish
Kaitlin,F,Pure,Celtic
Kaitlin,F,Pure,Welsh
Kaitlin,F,"Pure, Innocent",Irish
Kaitlyn,F,Pure,Celtic
Kaitlyn,F,Pure,Welsh
Kaitlyn,F,"Pure, Innocent",Irish
Kaitlynn,F,"Pure, Innocent",Irish
Kaitlynne,F,Little darling,Celtic
Kaiya,F,A type of spear,Australian Abori
Kaiya,F,Forgiveness,Japanese
Kajal,F,Eyeliner,Indian
Kajika,M,Walks without sound,Native American
Kakawangwa,F,Bitter (Hopi),Native American
Kakra,F,Younger of twins,African
Kal,M,Most beautiful,Greek
Kal,F,Most beautiful,Greek
Kala,F,Art,Indian
Kala,F,Fire,Australian Abori
Kalama,F,Flaming torch,Hawaiian
Kalan,F,Keeper of the keys,English
Kalanit,F,Flower,Hebrew
Kalare,F,"Bright, Clear",Latin
Kalavati,F,"Parvati, Artist",Indian
Kalb,M,Dog,Arabic
Kale,M,"Strong, Manly",Hawaiian
Kalea,F,Bright,Hawaiian
Kalee,F,Keeper of the keys,English
Kaleigh,F,Keeper of the keys,English
Kalen,M,Keeper of the keys,English
Kalen,F,Keeper of the keys,English
Kaley,F,Keeper of the keys,English
Kali,F,"Energy, Dark Goddess",Indian
Kalidas,M,"The poet, Dramatist, Slave of Godess Kali",Indian
Kalie,F,Keeper of the keys,English
Kalika,F,Rosebud,Greek
Kalil,M,"Good friend, Best friend",Arabic
Kalila,F,Dearly loved,Arabic
Kalilah,F,"Darling, Sweetheart",Arabic
Kalin,M,"Bold, Dog",Hebrew
Kalin,F,"Bold, Dog",Hebrew
Kalin,F,Keeper of the keys,English
Kalin,F,"Sun, Name of mountains",Indian
Kalinda,F,A lookout,Australian Abori
Kalinda,F,"Sun, Name of mountains",Indian
Kalindi,F,Yamuna river,Indian
Kaliq,M,Creative,Arabic
Kaliska,F,Coyote chasing deer (Miwok),Native American
Kalista,F,Most beautiful,Greek
Kalisto,M,Most beautiful,Greek
Kalkin,M,Tenth incarnation of God Vishnu,Indian
Kalle,M,"Strong, Manly",French
Kalli,F,Fun,English
Kallie,F,From the forest,Irish
Kallie,F,Fun,English
Kallita,M,Fun,English
Kallita,F,Fun,English
Kally,F,Fun,English
Kalman,M,"Strong, Manly",French
Kalman,M,"Strong, Manly",Hungarian
Kalonice,F,Beauty's victory,Greek
Kalpana,F,"Idea, Imagination, Fancy",Indian
Kalpita,F,Imagined,Indian
Kalti,M,Spear,Australian Abori
Kalyani,F,"Blissful, Fortunate",Indian
Kalyca,F,Rosebud,Greek
Kalyn,F,Keeper of the keys,English
Kalynn,F,Keeper of the keys,English
Kam,M,Bent nose,Scottish
Kama,F,Love,Indian
Kamadev,M,God of love,Indian
Kamakshi,F,A Devi,Indian
Kamal,M,"Lotus flower, Name of a God",Indian
Kamal,M,Perfection,Arabic
Kamala,F,Lotus,Indian
Kamalika,F,Lakshmi,Indian
Kamaria,F,Like the moon,African
Kamballa,F,Young woman,Australian Abori
Kambiri,F,Allow me to join this family,African
Kambo,F,Must work for everything,African
Kambria,F,Wales,English
Kamden,M,From the winding valley,Scottish
Kameko,F,"Tortoise-child, Symbol for long-life",Japanese
Kamelia,F,Flower name,English
Kameron,M,Bent nose,English
Kameron,M,Bent nose,Scottish
Kameron,F,Bent nose,English
Kameron,F,Bent nose,Scottish
Kami,M,A prickly lizard,Australian Abori
Kami,F,Flower name,English
Kamil,M,Perfection,Arabic
Kamila,F,Perfect,Arabic
Kamilah,F,Perfect,Arabic
Kamilia,F,Sweet flower,Slavic
Kamilla,F,Attendant at a religious ceremony,Latin
Kamilla,F,Perfection,Arabic
Kamille,F,Attendant at a religious ceremony,Latin
Kamille,F,Camelia Flower,English
Kamille,F,"Free-born, Noble",French
Kamille,F,Perfection,Arabic
Kamillo,M,Perfection,Arabic
Kamini,F,Woman,Indian
Kamlesh,M,God of lotus,Indian
Kamlyn,F,Flower name,English
Kammi,F,Flower name,English
Kammie,F,Flower name,English
Kamna,F,Desire,Indian
Kamren,F,Bent nose,English
Kamrin,F,Bent nose,English
Kamron,M,Bent nose,Scottish
Kamron,F,Bent nose,English
Kamryn,F,Bent nose,English
Kan,F,"Glowing, Glittering",Greek
Kanak,M,Gold,Indian
Kanaka,F,Gold,Indian
Kanan,F,Forest,Indian
Kanaye,M,Zealous one,Japanese
Kanchana,F,Gold,Indian
Kandace,F,Ethiopian queen,English
Kandee,F,Ethiopian queen,English
Kandi,F,Ethiopian queen,English
Kandice,F,Ethiopian queen,English
Kandice,F,"Glowing, Glittering",Greek
Kandis,F,Ethiopian queen,English
Kandis,F,"Glowing, Glittering",Greek
Kandiss,M,Ethiopian queen,English
Kandiss,F,Ethiopian queen,English
Kandy,F,Ethiopian queen,English
Kandy,F,"Glowing, Glittering",Greek
Kandyce,F,Ethiopian queen,English
Kane,M,Fighter,Irish
Kane,M,Intelligent,Celtic
Kane,M,Warrior,Gaelic
Kane,F,Warrior,Gaelic
Kanelinqes,M,Father of Tristan,Arthurian Legend
Kanen,M,Free,Polynesian
Kanene,F,A little thing in the eye is big,African
Kangee,M,Raven (Sioux),Native American
Kanha,M,Krishna,Indian
Kaniel,M,"Stalk, Reed",Hebrew
Kanika,F,Black cloth,African
Kannelite,F,Lord's vineyard,Hebrew
Kannen,M,Free,Polynesian
Kannon,M,Cannon,English
Kannon,M,Free,Polynesian
Kanon,M,Free,Polynesian
Kantha,F,Name of a God,Indian
Kanti,F,Sings (Algonquin),Native American
Kapera,F,This child will die too,African
Kapil,M,Name of a rishi,Indian
Kaplony,M,Tiger,Hungarian
Kapri,F,Caprice,English
Kaprice,F,Caprice,English
Kapricia,F,Caprice,English
Kaprisha,F,Caprice,English
Kara,F,Dear,Latin
Kara,F,"Pure, Innocent",English
Kara,F,"Pure, Innocent",Greek
Karan,F,"Pure, Innocent",English
Karan,F,"Pure, Innocent",Greek
Karcsi,M,"Strong, Manly",French
Karcsi,F,"Joy, Song of happiness",French
Kardal,M,Mustard seed,Arabic
Kardeiz,M,Son of Percival,Arthurian Legend
Kardos,M,Swordsman,Hungarian
Kare,M,Enormous,Scandinavian
Kareef,M,Bom during autumn,Arabic
Kareem,M,Generous,Arabic
Karel,M,"Strong, Manly",French
Karel,M,"Strong, Strong-man",Teutonic
Karen,F,"Pure, Innocent",English
Karen,F,"Pure, Innocent",Greek
Karena,F,Pure One,Scandinavian
Kari,M,Smoke,Australian Abori
Kari,M,"Strong, Manly",French
Kari,F,Flows like water,Arabic
Kari,F,"Joy, Song of happiness",French
Kari,F,"Pure, Innocent",Greek
Kari,F,"Strong, Melody, Song",German
Karida,F,Virgin,Arabic
Karif,M,Bom during autumn,Arabic
Karim,M,"Generous, A friend",Arabic
Karima,F,"Generous, A friend",Arabic
Karimah,F,Generous,African
Karimah,F,Giving,Arabic
Karin,F,"Pure, Innocent",Greek
Karina,M,"Pure, Innocent",English
Karina,F,"A keel, Beloved, Dear, Darling",Italian
Karina,F,"A keel, Beloved, Dear, Darling",Latin
Karina,F,Dear Little One,Scandinavian
Karina,F,Pure,English
Karina,F,"Pure, Innocent",Greek
Karisma,F,"Favor, Gift, Carisma",English
Karissa,F,"Love, Grace",Greek
Karka,F,Crab,Indian
Karl,M,A man,English
Karl,M,"Strong, Manly",French
Karl,M,"Strong, Manly",German
Karl,M,"Strong, Strong-man",Teutonic
Karla,M,"Strong, Strong-man",Teutonic
Karla,F,Strong,English
Karla,F,Strong,French
Karla,F,Strong,German
Karla,F,"Strong, Strong-woman",Teutonic
Karlee,M,Strong,German
Karlee,F,Strong,German
Karleen,M,"Strong, Strong-man",Teutonic
Karleen,F,Strong,German
Karleigh,F,Strong,German
Karlen,F,Strong,German
Karlene,M,"Strong, Strong-man",Teutonic
Karlene,F,Strong,German
Karlens,M,"Strong, Manly",French
Karlesha,F,Strong,German
Karley,F,Strong,German
Karli,F,Covered with snow,Arabic
Karli,F,Strong,German
Karlie,M,"Strong, Strong-man",Teutonic
Karlie,F,Covered with snow,Arabic
Karlie,F,Strong,German
Karlin,F,Strong,German
Karlina,F,Strong,German
Karline,F,Strong,German
Karlis,M,"Strong, Manly",French
Karlitis,M,"Strong, Manly",French
Karlo,M,"Strong, Strong-man",Teutonic
Karlotta,F,"Petite, Feminine",French
Karly,M,"Strong, Strong-man",Teutonic
Karly,F,Strong,German
Karlyn,M,Strong,German
Karlyn,F,Strong,German
Karmel,M,Vineyard,Hebrew
Karmel,F,Fruit Garden,Hebrew
Karmel,F,Song,Latin
Karmelit,F,Lord's vineyard,Hebrew
Karmelita,F,Fruit Garden,Hebrew
Karmelita,F,Song,Latin
Karmelle,F,Fruit Garden,Hebrew
Karmelle,F,Song,Latin
Karmen,F,Fruit Garden,Hebrew
Karmen,F,Fruit Garden,Spanish
Karmen,F,Song,Latin
Karmia,F,Lord's vineyard,Hebrew
Karmina,F,Fruit Garden,English
Karmit,F,Lord's vineyard,Hebrew
Karney,M,Fighter,Celtic
Karo,F,"Strong, Melody, Song",German
Karol,F,Strong,English
Karol,F,"Strong, Strong-woman",Teutonic
Karola,F,Strong,German
Karola,F,"Strong, Strong-woman",Teutonic
Karolina,F,"Petite, Feminine",French
Karolina,F,"Strong, Melody, Song",German
Karoline,F,"Petite, Feminine",French
Karoline,F,"Strong, Melody, Song",German
Karoly,M,"Strong, Manly",French
Karoly,M,"Strong, Strong-man",Teutonic
Karoly,F,"Joy, Song of happiness",French
Karolyna,F,"Strong, Melody, Song",German
Karolyne,F,"Strong, Melody, Song",German
Karon,F,"Pure, Innocent",English
Karon,F,"Pure, Innocent",Greek
Karra,F,Dear,Latin
Karren,F,"Pure, Innocent",English
Karri,F,A type of Eucalyptus,Australian Abori
Karri,F,"Strong, Melody, Song",German
Karrie,F,"Pure, Innocent",Greek
Karrie,F,"Strong, Melody, Song",German
Karrin,F,"Pure, Innocent",English
Karry,F,"Pure, Innocent",Greek
Karsa,M,Falcon,Hungarian
Karstan,M,"Annointed, Follower of Christ",Greek
Karstan,F,"Annointed, Follower of Christ",English
Karstan,F,Servant of Christ,Irish
Karsten,M,"Blessed, Anointed one",Greek
Karston,M,"Annointed, Follower of Christ",Greek
Karston,F,"Annointed, Follower of Christ",English
Karston,F,Servant of Christ,Irish
Kartal,M,Eagle,Hungarian
Kartik,M,Name of one of the months,Indian
Kartikeya,M,God of war,Indian
Karuah,F,A native Plum tree,Australian Abori
Karuka,F,Heavenly piece of art,Indian
Kary,F,Flows like water,Arabic
Karyan,F,The dark one,Arabic
Karyn,F,"Pure, Innocent",English
Karyn,F,"Pure, Innocent",Greek
Kasa,F,Fur-robe dress (Hopi),Native American
Kasamira,F,Demands peace,Slavic
Kasandra,F,Protector of mankind,Spanish
Kasch,M,Blackbird,German
Kaseeb,M,Fertile,Arabic
Kaseem,M,Divided,Arabic
Kasen,M,Protected with a helmet,Latin
Kasen,F,Pure,Greek
Kasey,M,"Brave, Watchful",Irish
Kasey,F,"Brave, Watchful",English
Kasey,F,The akaisha flower,Irish
Kasia,M,"Brave, Watchful",English
Kasia,F,"Brave, Watchful",English
Kasia,F,Pure,Greek
Kasib,M,Fertile,Arabic
Kasie,F,"Brave, Watchful",Irish
Kasim,M,Divided,Arabic
Kasimir,M,Demands peace,Slavic
Kasinda,F,Born to a family with twins,African
Kasmira,F,Demands peace,Slavic
Kaspar,M,A treasured secret,Persian
Kassandra,M,Protector of mankind,English
Kassandra,F,Protector of mankind,English
Kassandra,F,Protector of mankind,Spanish
Kassi,M,Protector of mankind,English
Kassi,F,Protector of mankind,English
Kassia,F,Pure,Greek
Kassia,F,"Pure, Innocent",English
Kassidy,F,Curly haired,English
Kassie,F,Protector of mankind,English
Kassim,M,Divided,Arabic
Kasturi,F,"Musk, A fragrant material",Indian
Kat,F,"Pure, Innocent",English
Kat,F,"Pure, Innocent",Greek
Katarina,F,"Pure, Innocent",Greek
Katchen,F,"Pure, Innocent",German
Kate,F,"Pure, Innocent",English
Kate,F,"Pure, Innocent",Greek
Kateb,M,Writer,Arabic
Katelin,F,"Pure, Innocent",English
Kateline,F,"Pure, Innocent",English
Katelinn,M,"Pure, Innocent",English
Katelinn,F,"Pure, Innocent",English
Katelyn,F,Pure,Celtic
Katelyn,F,Pure,Welsh
Katelyn,F,"Pure, Innocent",English
Katelynn,F,"Pure, Innocent",English
Katharina,F,Appeared in Taming of the Shrew,Shakespearian
Katharina,F,"Pure, Innocent",German
Katharine,F,"Pure, Innocent",Greek
Kathe,F,"Pure, Innocent",German
Katherina,F,"Pure, Innocent",English
Katherine,F,Pure,English
Katherine,F,"Pure, Innocent",Greek
Katheryn,F,"Pure, Innocent",English
Kathie,F,"Pure, Innocent",Greek
Kathleen,F,Innocent,Irish
Kathleen,F,Little darling,Celtic
Kathleen,F,"Pure, Innocent",English
Kathleena,F,"Pure, Innocent",Irish
Kathlene,F,"Pure, Innocent",Irish
Kathlynn,M,"Pure, Innocent",Irish
Kathlynn,F,"Pure, Innocent",Irish
Kathreen,F,"Pure, Innocent",Greek
Kathrine,F,"Pure, Innocent",English
Kathryn,F,"Pure, Innocent",English
Kathryn,F,"Pure, Innocent",Greek
Kathrynn,F,"Pure, Innocent",English
Kathy,M,"Pure, Innocent",English
Kathy,F,"Pure, Innocent",English
Kathy,F,"Pure, Innocent",Greek
Katia,M,"Pure, Innocent",Spanish
Katia,F,"Pure, Innocent",Spanish
Katie,F,Little darling,Celtic
Katie,F,"Pure, Innocent",English
Katie,F,"Pure, Innocent",Greek
Katilyn,F,"Pure, Innocent",English
Katina,F,"Pure, Innocent",Greek
Katja,F,Pure,Greek
Katlan,F,Little darling,Celtic
Katlin,F,"Pure, Innocent",English
Katlyn,F,"Pure, Innocent",English
Katlynn,F,"Pure, Innocent",English
Katlynne,M,"Pure, Innocent",English
Katlynne,F,"Pure, Innocent",English
Katoka,F,Pure,Greek
Katriane,F,"Pure, Innocent",French
Katriel,F,My crown is God,Hebrew
Katrien,F,Pure,Greek
Katrin,F,"Pure, Innocent",Greek
Katrina,M,"Pure, Innocent",German
Katrina,F,"Pure, Innocent",English
Katrina,F,"Pure, Innocent",German
Katrina,F,"Pure, Innocent",Greek
Katryn,F,"Pure, Innocent",Greek
Katura,F,Take a burden off my mind,African
Katy,M,Rhythmic flow of sounds,English
Katy,F,Rhythmic flow of sounds,English
Katyin,F,Water,Australian Abori
Kaula,F,Prophet,Polynesian
Kaumudi,F,Moonlight,Indian
Kauri,M,A New Zealand tree,Polynesian
Kaushal,M,"Clever, Skilled",Indian
Kaushik,M,Sentiment of love,Indian
Kavan,M,Handsome,Irish
Kaven,M,Handsome,Irish
Kaveri,F,Sacred river of India,Indian
Kavi,M,"A wise man, Poet",Indian
Kavindra,F,Mighty poet,Indian
Kavita,F,Poem,Indian
Kay,M,Fire,Scottish
Kay,M,Fort,German
Kay,M,Rejoicer,Welsh
Kay,M,Son of Ector,Arthurian Legend
Kay,F,A boomerang,Australian Abori
Kay,F,A knight,Arthurian Legend
Kay,F,Elder sister (Hopi),Native American
Kay,F,Keeper of the keys,English
Kay,F,"Laurel crown, The crown of victory",Hebrew
Kaya,F,My elder sister (Hopi),Native American
Kaya,F,Stay and don't go back,African
Kayana,F,Keeper of the keys,English
Kayanna,F,Keeper of the keys,English
Kayce,F,"Brave, Watchful",English
Kaycee,F,"Brave, Watchful",English
Kayci,F,"Brave, Watchful",English
Kaycie,M,"Brave, Watchful",English
Kaycie,F,"Brave, Watchful",English
Kaydee,F,Little darling,Celtic
Kaye,F,Keeper of the keys,English
Kayey,M,Slender,Celtic
Kayin,M,Celebrated child,African
Kayiyn,F,"Pure, Innocent",English
Kayla,F,Keeper of the keys,English
Kayla,F,"Laurel crown, The crown of victory",Hebrew
Kaylah,M,Keeper of the keys,English
Kaylah,F,Keeper of the keys,English
Kaylah,F,"Laurel crown, The crown of victory",Hebrew
Kaylan,M,Keeper of the keys,English
Kaylan,F,Keeper of the keys,English
Kayle,F,A boomerang,Australian Abori
Kaylea,F,Keeper of the keys,English
Kaylee,F,"Pure, Innocent",English
Kayleen,F,Keeper of the keys,English
Kaylei,F,Keeper of the keys,English
Kayleigh,F,A boomerang,Australian Abori
Kayleigh,F,Keeper of the keys,English
Kaylen,F,Keeper of the keys,English
Kaylene,M,Keeper of the keys,English
Kaylene,F,Keeper of the keys,English
Kaylene,F,"Laurel crown, The crown of victory",Hebrew
Kayley,F,Keeper of the keys,English
Kayli,F,Keeper of the keys,English
Kaylie,F,Keeper of the keys,English
Kaylin,F,Keeper of the keys,English
Kayln,F,"Laurel crown, The crown of victory",Hebrew
Kaylyn,M,Keeper of the keys,English
Kaylyn,F,Keeper of the keys,English
Kaylynn,F,Keeper of the keys,English
Kaylynn,F,"Laurel crown, The crown of victory",Hebrew
Kayne,M,Intelligent,Celtic
Kayne,M,Warrior,Gaelic
Kayne,F,Warrior,Gaelic
Kaysa,F,Pure,Greek
Kazamira,F,Demands peace,Slavic
Kazia,F,Plant with cinnamon-like bark,Hebrew
Ke,M,Arthur's brother,Arthurian Legend
Keagan,M,Intelligent,Irish
Keagan,M,Little fierce one,Gaelic
Keaghan,M,Son of Egan,Celtic
Kealan,M,Slender,Irish
Keallach,M,Battle,Irish
Kealy,M,Handsome,Irish
Kealy,F,"Beautiful, Graceful",Gaelic
Kean,M,Ancient,Irish
Kean,M,"Sharp, Brave",English
Keana,F,Ancient,Irish
Keanan,M,Ancient,Irish
Keanan,M,Little ancient one,Gaelic
Keanan,M,Sharp,English
Keandre,M,Ancient,English
Keandre,M,Ancient,Irish
Keane,M,Ancient,Irish
Keane,M,"Sharp, Brave",English
Keane,M,"Tall, Handsome",Celtic
Keanna,F,Ancient,Irish
Keannen,M,Ancient,English
Keannen,M,Ancient,Irish
Kear,M,Father's dark child,Celtic
Keara,F,Saint's name,Irish
Kearn,M,Dark,Irish
Kearne,M,Dark,Irish
Kearney,M,Dark,Irish
Kearney,M,Warrior,Celtic
Keary,M,Father's dark child,Celtic
Keary,M,From county Kerry,Irish
Keash,F,Pretty,African
Keasha,F,Pretty,African
Keaton,M,Place of the hawks,English
Keavy,F,Graceful,Irish
Kecia,F,Joyful,English
Kedar,M,"Mountain lord, Powerful",Indian
Kedar,M,Strong,Arabic
Keddrick,M,"Bounty, Spectacle, Founder",English
Kedric,M,"Bounty, Spectacle, Founder",English
Kedrick,M,"Bounty, Spectacle, Founder",English
Keefe,M,Handsome,Irish
Keefe,M,"Lovable, Handsome, Noble",Gaelic
Keefer,M,Barrel maker,German
Keefer,M,"Lovable, Handsome, Noble",Gaelic
Keegan,M,Intelligent,German
Keegan,M,Intelligent,Irish
Keegan,M,Little fierce one,Gaelic
Keegan,M,Son of Egan,Celtic
Keegsquaw,F,Virgin (Algonquin),Native American
Keel,F,"Beautiful, Graceful",Gaelic
Keelan,F,"Beautiful, Graceful",Gaelic
Keeland,M,"Little, Slender",Gaelic
Keeler,F,"Beautiful, Graceful",Gaelic
Keeley,F,"Beautiful, Graceful",Gaelic
Keeley,F,"Lively, Aggressive",Irish
Keelia,F,"Slender, Fair",Celtic
Keelin,F,"Slender, Fair",Celtic
Keely,M,Handsome,Irish
Keely,F,Beautiful,Irish
Keely,F,"Beautiful, Graceful",Gaelic
Keely,F,"Slender, Fair",Celtic
Keelyn,F,"Lively, Aggressive",Irish
Keen,M,Little ancient one,Gaelic
Keen,M,"Sharp, Brave",English
Keenan,M,Ancient,Irish
Keenan,M,Little ancient one,Gaelic
Keenan,M,Sharp,English
Keenat,F,Ancient,Irish
Keene,M,Ancient,Irish
Keene,M,"Sharp, Brave",English
Keene,M,"Tall, Handsome",Celtic
Keenon,M,Surname,Irish
Keera,F,"Light, Sun",Latin
Keera,F,"Light, Sun",Persian
Keertana,F,"Hymn, A song in praise of god",Indian
Keesha,F,"Cassia, Cinnamon",Hebrew
Keesha,F,Joyful,English
Keever,M,"Lovable, Handsome, Noble",Gaelic
Keezheekoni,F,Burning fire (Chippewa),Native American
Kefira,F,Young lion,Hebrew
Kegan,M,Intelligent,Irish
Kegan,M,Son of Egan,Celtic
Kehinde,F,Second of tiwns,African
Kei,M,Son of Ector,Arthurian Legend
Kei,F,"Rapture, Reverence",Japanese
Keiana,F,Ancient,Irish
Keifer,M,Barrel maker,German
Keiko,F,Adored,Japanese
Keilah,M,"Lively, Aggressive",Irish
Keilah,F,"Lively, Aggressive",Irish
Keir,M,Dark skinned,Celtic
Keir,M,"Dusky, Dark-haired",Irish
Keir,M,Marshland,Norse
Keira,F,"Dusky, Dark-haired",Irish
Keiran,M,"Dusky, Dark-haired",Irish
Keisha,F,"Cassia, Cinnamon",Hebrew
Keisha,F,Favourite,African
Keisha,F,Joyful,English
Keishia,F,"Cassia, Cinnamon",Hebrew
Keith,M,From the battlefield,Irish
Keith,M,From the battlefield,Scottish
Keith,M,"Wood, Wind, Wood-dweller",Celtic
Keith,M,"Wood, Wind, Wood-dweller",Welsh
Keiyn,F,Horn,Hebrew
Kekona,F,Second born,Hawaiian
Kel,M,"Name of a river, From the narrow river",Celtic
Kel,M,"Name of a river, From the narrow river",Gaelic
Kel,F,"Church, Warrior, Wood, Holly, Farm by the spring",Gaelic
Kel,F,"Church, Warrior, Wood, Holly, Farm by the spring",Teutonic
Kel,F,Clear mountain spring,Scandinavian
Kelan,M,Slender,Irish
Kelby,M,Dark haired,German
Kelby,M,From the farm by the spring,Norse
Kelcey,F,Brave,English
Kelcie,M,"Ceol's island, Beautiful island",English
Kelcie,M,"From the ship's island, Shipping harbor",Scandinavian
Kelcie,F,Brave,Irish
Kelcie,F,"Ceol's island, Beautiful island",English
Kelcie,F,"From the ship's island, Shipping harbor",Scandinavian
Kelcy,F,Brave,Irish
Kelda,F,Clear mountain spring,Scandinavian
Kele,M,Sparrow (Hopi),Native American
Keleman,M,"Gentle, Kind",Hungarian
Kelemen,M,"Gentle, Kind",Hungarian
Kelian,M,"Fight, Cell, Strife, Small water channel",Dutch
Kelian,M,"Fight, Cell, Strife, Small water channel",Gaelic
Kelilah,F,Victorious,Hebrew
Kell,M,From the spring,English
Kell,F,Clear mountain spring,Scandinavian
Kellach,M,Strife,Irish
Kellan,F,Warrior princess,Gaelic
Kelleher,M,Loving husband,Irish
Kellen,M,Swamp,German
Kelley,F,Clear mountain spring,Scandinavian
Kellsey,F,Brave,Irish
Kellsie,F,Brave,English
Kelly,M,"Lively, Aggressive",Irish
Kelly,F,"Church, Warrior, Wood, Holly, Farm by the spring",Gaelic
Kelly,F,"Church, Warrior, Wood, Holly, Farm by the spring",Teutonic
Kelly,F,Clear mountain spring,Scandinavian
Kels,M,"Ceol's island, Beautiful island",English
Kels,M,"From the ship's island, Shipping harbor",Scandinavian
Kels,F,"Ceol's island, Beautiful island",English
Kels,F,"From the ship's island, Shipping harbor",Scandinavian
Kelsa,F,Brave,English
Kelsee,F,Brave,Irish
Kelsey,M,Brave,Irish
Kelsey,M,"Ceol's island, Beautiful island",English
Kelsey,M,"From the ship's island, Shipping harbor",Scandinavian
Kelsey,F,Brave,Irish
Kelsey,F,"From the ship's island, Shipping harbor",Scandinavian
Kelsey,F,"River landing place, Port",English
Kelsi,M,"Ceol's island, Beautiful island",English
Kelsi,M,"From the ship's island, Shipping harbor",Scandinavian
Kelsi,F,Brave,Irish
Kelsi,F,"Ceol's island, Beautiful island",English
Kelsi,F,"From the ship's island, Shipping harbor",Scandinavian
Kelsie,M,"Ceol's island, Beautiful island",English
Kelsie,M,"From the ship's island, Shipping harbor",Scandinavian
Kelsie,F,"From the ship's island, Shipping harbor",Scandinavian
Kelsie,F,"River landing place, Port",English
Kelson,M,"Ceol's island, Beautiful island",English
Kelson,M,"From the ship's island, Shipping harbor",Scandinavian
Kelson,F,"Ceol's island, Beautiful island",English
Kelson,F,"From the ship's island, Shipping harbor",Scandinavian
Kelsy,M,"Ceol's island, Beautiful island",English
Kelsy,M,"From the ship's island, Shipping harbor",Scandinavian
Kelsy,F,"From the ship's island, Shipping harbor",Scandinavian
Kelsy,F,"River landing place, Port",English
Kelton,M,"Ceol's island, Beautiful island",English
Kelton,M,"From the ship's island, Shipping harbor",Scandinavian
Kelton,F,"Ceol's island, Beautiful island",English
Kelton,F,"From the ship's island, Shipping harbor",Scandinavian
Kelula,F,Victorious,Hebrew
Kelvan,M,"Name of a river, From the narrow river",Celtic
Kelvan,M,"Name of a river, From the narrow river",Gaelic
Kelvan,M,River man,English
Kelven,M,"Name of a river, From the narrow river",Celtic
Kelven,M,"Name of a river, From the narrow river",Gaelic
Kelven,M,River man,English
Kelvin,M,Bald,Spanish
Kelvin,M,"Name of a river, From the narrow river",Celtic
Kelvin,M,"Name of a river, From the narrow river",Gaelic
Kelvin,M,River man,English
Kelvyn,M,"Name of a river, From the narrow river",Celtic
Kelvyn,M,"Name of a river, From the narrow river",Gaelic
Kelwin,M,"Name of a river, From the narrow river",Celtic
Kelwyn,M,"Name of a river, From the narrow river",Celtic
Kelyn,F,Beautiful,Hebrew
Kem,M,Champion,English
Kemal,M,Beautiful,Arabic
Kemble,M,Chief,English
Kemble,F,Chief,English
Keme,M,Secret Pajackok - thunder (Algonquin),Native American
Kemen,M,Strong,Spanish
Kemena,F,Strong,Spanish
Kemenes,M,Furnace maker,Hungarian
Kemina,F,Strong,Spanish
Kemp,M,Warrior,English
Kempe,M,Warrior,English
Kemper,M,Champion,English
Kemplen,M,Champion,English
Kempson,M,Champion,English
Kempy,M,Champion,English
Ken,M,Born of fire,Scottish
Ken,M,Helmeted chief,Gaelic
Ken,M,Royal obligation,English
Ken,M,Ruler of the valley,Celtic
Ken,F,Ruler of the valley,Celtic
Kenan,M,Ancient,Irish
Kenan,M,Possession,Hebrew
Kendal,M,Royal valley,English
Kendal,M,Ruler of the valley,Celtic
Kendal,F,Royal valley referring to Kent in England.,English
Kendal,F,Ruler of the valley,Celtic
Kendale,M,Royal valley,English
Kendalia,M,Ruler of the valley,Celtic
Kendalia,F,Ruler of the valley,Celtic
Kendaline,M,Ruler of the valley,Celtic
Kendaline,F,Ruler of the valley,Celtic
Kendall,M,Royal valley,English
Kendall,M,Ruler of the valley,Celtic
Kendall,F,Ruler of the valley,Celtic
Kende,M,Name of a honor,Hungarian
Kendel,M,Royal valley,English
Kendel,M,Ruler of the valley,Celtic
Kendel,F,Ruler of the valley,Celtic
Kendell,M,Royal valley,English
Kendell,M,Ruler of the valley,Celtic
Kendell,F,Ruler of the valley,Celtic
Kendhal,M,Ruler of the valley,Celtic
Kendra,M,Ruler of the valley,Celtic
Kendra,F,Royal protector,English
Kendra,F,Ruler of the valley,Celtic
Kendra,F,"Understanding, Knowledge",Anglo-Saxon
Kendreague,M,Loving male,Celtic
Kendrew,M,"Manly, Valiant, Courageous",Scottish
Kendria,F,Royal protector,English
Kendric,M,Royal chieftain,Scottish
Kendric,M,Son of Henry,Gaelic
Kendrick,M,Fearless leader,Anglo-Saxon
Kendrick,M,Royal chieftain,Scottish
Kendrick,M,Son of Henry,Gaelic
Kendriek,M,Son of Harry,English
Kendrik,M,Royal chieftain,Scottish
Kendrik,M,Son of Harry,English
Kendrix,M,Royal chieftain,Scottish
Kendryek,M,Fearless leader,Anglo-Saxon
Kendryk,M,Son of Harry,English
Kendyl,F,Royal valley referring to Kent in England.,English
Kenelm,M,Defends the family,English
Kengi,F,Whose child? - Taken from the subject of a Loma folktale,African
Kenisha,F,Royal obligation,English
Kenley,M,Chief hero,Welsh
Kenley,M,From the king's meadow,English
Kenly,M,Dweller at the king's meadow,English
Kenn,M,Born of fire,Scottish
Kenn,M,Clear water,Welsh
Kenn,M,Handsome,Gaelic
Kenn,M,Royal obligation,English
Kenna,M,Ruler of the valley,Celtic
Kenna,F,Ruler of the valley,Celtic
Kennady,M,Helmeted chief,Gaelic
Kennan,M,Abbreviation of names beginning with Ken-,English
Kennan,M,"Royal obligation, Good-looking, Fair",Scottish
Kennard,M,Chief hero,Welsh
Kennard,M,Strong,English
Kennedy,M,Helmeted,Irish
Kennedy,M,Helmeted chief,Gaelic
Kennedy,M,Ugly head,Scottish
Kennelly,M,Surname,Irish
Kennet,M,Born of fire,Scottish
Kennet,M,Handsome,Gaelic
Kennet,M,Royal oath,English
Kenneth,M,Born of fire,Scottish
Kenneth,M,Handsome,Celtic
Kenneth,M,Handsome,Gaelic
Kenneth,M,Royal oath,English
Kenney,M,Born of fire,Scottish
Kenney,M,Handsome,Gaelic
Kenney,M,Royal oath,English
Kenni,M,Ruler of the valley,Celtic
Kenni,F,Ruler of the valley,Celtic
Kennis,F,Beautiful,Gaelic
Kennocha,F,Lovely,Celtic
Kennon,M,"Royal obligation, Good-looking, Fair",Scottish
Kenny,M,Born of fire,Scottish
Kenny,M,Handsome,Irish
Kenny,M,Helmeted chief,Gaelic
Kenny,M,Royal oath,English
Kenny,M,Ruler of the valley,Celtic
Kenny,F,Ruler of the valley,Celtic
Kenric,M,Fearless leader,Anglo-Saxon
Kenrich,M,Chief hero,Welsh
Kenrich,M,Royal ruler,English
Kenrick,M,Chief hero,Welsh
Kenrick,M,Royal chieftain,Scottish
Kenrick,M,Royal ruler,English
Kenriek,M,Royal ruler,English
Kenrik,M,Royal chieftain,Scottish
Kenrik,M,Royal ruler,English
Kenryk,M,Royal ruler,English
Kent,M,Chief,Celtic
Kent,M,From Kent,English
Kent,M,White,Anglo-Saxon
Kentigem,M,Chief,Celtic
Kenton,M,From Kent,English
Kentrell,M,Royal chieftain,English
Kenward,M,Bold guardian,English
Kenway,M,Brave in war,Anglo-Saxon
Kenway,M,Chief hero,Welsh
Kenway,M,Royal ruler,English
Kenya,F,Artist,African
Kenyangi,F,White egret,African
Kenyon,M,Blond,Gaelic
Kenzie,M,Fair,Scottish
Kenzie,M,Son of the wise leader,Gaelic
Kenzie,F,The fair one,Scottish
Kenzy,F,The fair one,Scottish
Keon,M,"Gracious, Merciful, God is gracious",Irish
Keona,M,God's gracious gift,Hawaiian
Keoni,M,The righteous one,Polynesian
Keowynn,M,God's gracious gift,Hawaiian
Kepa,F,Stone,Spanish
Ker,M,House,English
Kera,F,"Dusky, Dark-haired",Irish
Keran,F,Horn,Hebrew
Kerani,F,Sacred bells,Indian
Kerecsen,M,Falcon,Hungarian
Keren,F,Horn,Hebrew
Kerenhappuch,F,Beautiful,Hebrew
Kerensa,F,Love,English
Kereteki,M,A mythological figure,Polynesian
Keri,M,"Ciar's people, Dark eyes",Gaelic
Keri,F,"Ciar's people, Dark eyes",Gaelic
Keri,F,"Dusky, Dark-haired",Irish
Keri,F,Flows like water,Arabic
Keriana,F,"Dusky, Dark-haired",Irish
Keriann,F,"Dusky, Dark-haired",Irish
Kerianna,F,"Dusky, Dark-haired",Irish
Kerianne,F,"Dusky, Dark-haired",Irish
Kerilyn,F,"Dusky, Dark-haired",Irish
Kerk,M,From the church,Scottish
Kerman,M,German,French
Kermeilde,F,Gilded,English
Kermichil,M,From Michael's fortress,Scottish
Kermilda,F,Gilded,English
Kermilla,F,Gilded,English
Kermillie,F,Gilded,English
Kermit,M,Free of envy,Celtic
Kermit,M,"Free, A free man",Gaelic
Kermode,M,Free of envy,Celtic
Kern,M,"Small, Dark-skinned",Gaelic
Kerr,M,Man of strength,Scottish
Kerr,M,Marshland,Norse
Kerr,M,"Small, Dark-skinned",Gaelic
Kerra,F,"Dusky, Dark-haired",Irish
Kerri,M,"Ciar's people, Dark eyes",Gaelic
Kerri,F,"Ciar's people, Dark eyes",Gaelic
Kerri,F,"Dusky, Dark-haired",Irish
Kerrianne,F,"Dusky, Dark-haired",Irish
Kerrick,M,King's rule,English
Kerrie,M,"Ciar's people, Dark eyes",Gaelic
Kerrie,M,"Dear, Pleasant stream",Latin
Kerrie,M,"Dusky, Dark-haired",Irish
Kerrie,F,"Ciar's people, Dark eyes",Gaelic
Kerrie,F,"Dusky, Dark-haired",Irish
Kerrie,F,Ruler,English
Kerrie,F,"Strong, Melody, Song",German
Kerrigan,M,"Dusk, Dark",Irish
Kerrin,M,"Ciar's people, Dark eyes",Gaelic
Kerrin,F,Beautiful,Hebrew
Kerrin,F,"Ciar's people, Dark eyes",Gaelic
Kerrolyn,F,"Strong, Melody, Song",German
Kerry,M,Dark,Celtic
Kerry,M,"Dear, Pleasant stream",Latin
Kerry,M,From county Kerry,Irish
Kerry,M,"Small, Dark-skinned",Gaelic
Kerry,F,"Ciar's people, Dark eyes",Gaelic
Kerry,F,"Dusky, Dark-haired",Irish
Kerry,F,"Strong, Melody, Song",German
Kers,M,Name of a plant,Indian
Kerwin,M,Dark skinned,Celtic
Kerwin,M,Little dark one,Irish
Kerwin,M,"Small, Dark-skinned",Gaelic
Kerwin,F,"Ciar's people, Dark eyes",Gaelic
Kerwyn,M,Dark skinned,Celtic
Kerwyn,M,Small black one,Irish
Kery,F,Flows like water,Arabic
Kesar,F,"Pollen, Lion",Indian
Kesara,F,Youthful,Spanish
Kesare,F,Long haired,Spanish
Kesegowaase,M,Swift (Algonquin),Native American
Keshav,M,Krishna's name,Indian
Keshia,F,"Cassia, Cinnamon",Hebrew
Keshini,F,One with beautiful hair,Indian
Kesi,F,Born when father was in trouble,African
Kesia,F,Favourite,African
Kessie,F,Born fat,African
Kestejoo,M,Slave (Algonquin),Native American
Kester,M,Christ bearer,Greek
Kester,M,From the Roman camp,English
Kester,M,From the camp of the Roman army,Latin
Ketaki,F,Cream coloured flower,Indian
Ketifa,F,Flowering,Arabic
Ketty,F,Ruler,English
Ketura,F,Incense,Hebrew
Keturah,F,"Fragrance, Sacrifice",Hebrew
Ketzia,F,"Cassia, Cinnamon",Hebrew
Kev,M,"Gentle, Lovable",Gaelic
Keva,F,Beautiful child,English
Kevan,M,Gentle,Celtic
Kevan,M,"Gentle, Lovable",Gaelic
Kevan,M,Handsome child,Irish
Kevay,F,"Lovely, Charming",Irish
Keve,M,Stone,Hungarian
Keven,M,"Gentle, Lovable",Gaelic
Keven,M,Handsome child,Irish
Keveon,M,Handsome child,Irish
Kevia,F,Beautiful child,English
Kevin,M,Born of fire,Scottish
Kevin,M,Gentle,Celtic
Kevin,M,Handsome,Gaelic
Kevin,M,Handsome child,Irish
Kevin,M,Royal oath,English
Kevina,F,Beautiful child,English
Kevinn,M,Handsome child,Irish
Kevion,M,Handsome child,Irish
Kevis,M,Handsome child,Irish
Kevon,M,Handsome child,Irish
Kevron,M,Handsome child,Irish
Kevyn,M,Gentle,Celtic
Kevyn,M,Handsome child,Irish
Key,M,"Guiding, Leading",English
Key,M,"Small, Dark-skinned",Gaelic
Keyne,M,Warrior,Gaelic
Keyne,F,Warrior,Gaelic
Keyon,M,"Guiding, Leading",English
Kezia,F,"Cassia, Cinnamon",Hebrew
Keziah,F,"Cassia, Cinnamon",Hebrew
Kezzy,F,"Cassia, Cinnamon",Hebrew
Khadija,F,Born prematurely,African
Khadijah,F,The prophet Muhammad's wife,Arabic
Khairi,M,Kingly,African
Khaldun,M,Eternal,Arabic
Khaled,M,Immortal,Arabic
Khalid,M,Immortal,Arabic
Khalidah,F,Eternal,Arabic
Khalil,M,"Good friend, Best friend",Arabic
Khalila,F,Beloved,Arabic
Khanh,M,Prince. Title used by central Asian tribal chieftains and ruling princes.,Arabic
Kharim,M,"Generous, A friend",Arabic
Kharouf,M,Lamb,Arabic
Khatiti,F,"Tiny, Little",African
Khayri,M,Generous,Arabic
Khayyat,M,Tailor,Arabic
Khin,M,Friendly,Burmese
Khin,F,Friendly,Burmese
Khine,M,Firm,Burmese
Khine,F,Firm,Burmese
Khorshed,M,The sun,Persian
Khortdad,M,Perfection,Persian
Khoury,M,Priest,Arabic
Khristina,F,"Annointed, Follower of Christ",English
Khrystalline,F,"Bright, Shining, Clear",English
Kiah,F,From the beautiful place,Australian Abori
Kiahna,F,Ancient,Irish
Kian,M,Ancient,Irish
Kiana,F,Ancient,Irish
Kiana,F,Moon Goddess,Hawaiian
Kiandra,F,Ancient,Irish
Kiandria,F,Ancient,Irish
Kiani,F,Ancient,Irish
Kianna,F,Ancient,Irish
Kianni,M,Ancient,Irish
Kianni,F,Ancient,Irish
Kiara,F,Dark,Irish
Kiauna,F,Ancient,Irish
Kiba,F,Protected,Hebrew
Kibibi,F,Little lady,African
Kichi,F,Fortunate,Japanese
Kiefer,M,Barrel maker,German
Kiele,F,"Gardenia, Fragrant blossom",Hawaiian
Kienan,M,Ancient,Irish
Kienan,M,Little ancient one,Gaelic
Kieon,M,"Guiding, Leading",English
Kier,F,"Christian, Stone church",English
Kier,F,"Christian, Stone church",Greek
Kiera,F,"Dusky, Dark-haired",Irish
Kieran,M,Dark skinned,Celtic
Kieran,M,"Dusky, Dark-haired",Irish
Kieran,M,"Small, Dark-skinned",Gaelic
Kiernan,M,"Small, Dark-skinned",Gaelic
Kiernan,M,Surname,Irish
Kieron,M,Dark,Irish
Kieron,M,"Small, Dark-skinned",Gaelic
Kiersten,F,Annointed,Scandinavian
Kiersten,F,"Christian, Stone church",English
Kiersten,F,"Christian, Stone church",Greek
Kifle,F,My class,African
Kikka,F,Mistress of all,German
Kildaire,M,From county Kildare,Irish
Kildare,M,From county Kildare,Irish
Kile,M,"Place name, A church",Irish
Kiley,M,"Place name, A church",Irish
Kiley,F,A boomerang,Australian Abori
Kilian,M,Blind,Celtic
Kilian,M,"Fight, Cell, Strife, Small water channel",Dutch
Kilian,M,"Fight, Cell, Strife, Small water channel",Gaelic
Kilian,M,"Small, Fierce",Irish
Killara,M,"Permanent, Always there",Australian Abori
Killdaire,M,From county Kildare,Irish
Killian,M,Blind,Celtic
Killian,M,"Fight, Cell, Strife, Small water channel",Dutch
Killian,M,"Fight, Cell, Strife, Small water channel",Gaelic
Killian,M,Strife,Irish
Kim,M,Chief,English
Kim,M,"Noble, Brave",Anglo-Saxon
Kim,M,The golden one,Vietnamese
Kim,F,"Land belonging to Cyneburg, Royal fortress meadow",English
Kim,F,Seduce,Indian
Kim,F,The golden one,Vietnamese
Kimatra,F,Seduce,Indian
Kimba,F,A bushfire,Australian Abori
Kimball,M,Chief,English
Kimball,M,"Noble, Brave",Anglo-Saxon
Kimball,F,Chief,English
Kimbell,M,Chief,English
Kimbell,F,Chief,English
Kimberley,M,"Land belonging to Cyneburg, Royal fortress meadow",English
Kimberley,F,"Land belonging to Cyneburg, Royal fortress meadow",English
Kimberly,M,"Land belonging to Cyneburg, Royal fortress meadow",English
Kimberly,F,"Land belonging to Cyneburg, Royal fortress meadow",English
Kimble,M,Chief,English
Kimble,F,Chief,English
Kimbra,F,From the royal fortress meadow,English
Kimbro,F,From the royal field,English
Kimbrough,F,From the royal field,English
Kimby,M,"Land belonging to Cyneburg, Royal fortress meadow",English
Kimby,F,"Land belonging to Cyneburg, Royal fortress meadow",English
Kimi,F,Secret (Algonquin),Native American
Kimm,M,The golden one,Vietnamese
Kimm,F,The golden one,Vietnamese
Kimmey,M,Chief,English
Kimmey,F,Chief,English
Kimmi,M,Chief,English
Kimmi,F,"Land belonging to Cyneburg, Royal fortress meadow",English
Kimmie,M,"Land belonging to Cyneburg, Royal fortress meadow",English
Kimmie,F,"Land belonging to Cyneburg, Royal fortress meadow",English
Kimmy,M,Chief,English
Kimmy,F,"Land belonging to Cyneburg, Royal fortress meadow",English
Kin,M,From the top of the cliff,Scottish
Kin,M,Golden,Japanese
Kindall,M,Ruler of the valley,Celtic
Kindall,F,Ruler of the valley,Celtic
Kindell,M,Ruler of the valley,Celtic
Kindell,F,Ruler of the valley,Celtic
Kindra,F,Royal protector,English
Kineks,F,Rosebud,Native American
Kineta,F,Active one,Greek
King,M,Ruler,English
Kingdon,M,From the king's hall,English
Kingsley,M,Ruler,English
Kingston,M,Ruler,English
Kingswell,M,Ruler,English
Kinnard,M,"Wearing a crown, Sharply pointed hill",English
Kinnat,F,Ancient,Irish
Kinnel,M,Dweller at the head of the cliff,Gaelic
Kinnell,M,"Wearing a crown, Sharply pointed hill",English
Kinneret,F,Harp,Hebrew
Kinnette,F,Harp,Hebrew
Kinney,M,"Royal obligation, Good-looking, Fair",Scottish
Kinnon,M,Fair born,Scottish
Kinny,M,From the top of the cliff,Scottish
Kinsella,M,Surname,Irish
Kinsey,M,Victorious,English
Kinsley,M,Victorious,English
Kintan,M,Wearing a crown,Indian
Kiona,F,Ancient,Irish
Kiona,F,Brown hills,Native American
Kionah,F,Ancient,Irish
Kioni,F,Ancient,Irish
Kionna,F,Ancient,Irish
Kip,M,One who cures salmon or herring,English
Kipling,M,One who cures salmon or herring,English
Kipp,M,From the pointed hill,English
Kippar,M,From the pointed hill,English
Kipper,M,"Wearing a crown, Sharply pointed hill",English
Kippie,M,From the pointed hill,English
Kippy,M,"Wearing a crown, Sharply pointed hill",English
Kira,F,"Light, Sun",Japanese
Kira,F,"Light, Sun",Latin
Kira,F,"Light, Sun",Persian
Kiran,F,Ray,Indian
Kiranpal,F,Ray,Indian
Kirby,M,Church farm,English
Kirby,M,From the church,Norse
Kirby,M,Surname,Irish
Kirby,F,From the church town,Anglo-Saxon
Kiri,F,The bark of a tree,Polynesian
Kirima,F,A hill (Eskimo),Native American
Kirit,M,"Crown, Tiara",Indian
Kirk,M,Church,English
Kirk,M,From the church,Norse
Kirk,M,From the church,Scottish
Kirkland,M,Church,Scottish
Kirkley,M,From the church,Norse
Kirkley,M,From the church's meadow,English
Kirklin,M,Church,Scottish
Kirkly,M,From the church's meadow,English
Kirklyn,M,Church,Scottish
Kirkus,M,From the church,Norse
Kirkwood,M,From the church,Norse
Kirkwood,M,From the church's forest,English
Kirra,F,A leaf,Australian Abori
Kirsten,F,"Annointed, Follower of Christ",English
Kirsten,F,"Annointed, Follower of Christ",Greek
Kirsti,F,"Christian, Stone church",English
Kirsti,F,"Christian, Stone church",Greek
Kirstie,F,"Christian, Stone church",English
Kirstie,F,"Christian, Stone church",Greek
Kirstin,F,"Christian, Stone church",English
Kirstin,F,"Christian, Stone church",Greek
Kirsty,F,"Christian, Stone church",English
Kirsty,F,"Christian, Stone church",Greek
Kirti,F,Fame,Indian
Kirwin,M,Dark skinned,Celtic
Kirwin,M,"Small, Dark-skinned",Gaelic
Kirwyn,M,Dark skinned,Celtic
Kisa,F,Kitty,Russian
Kisha,F,Joyful,English
Kisha,F,Pretty,African
Kisho,M,One who knows his own mind,Japanese
Kishori,F,Young girl,Indian
Kiska,F,Pure,Russian
Kismet,F,"Fate, Destiny",English
Kissa,F,Born after twins,African
Kisser,F,Born after twins,African
Kit,M,Christ bearer,English
Kit,M,Christ bearer,Greek
Kita,F,North,Japanese
Kitchi,M,Brave (Algonquin),Native American
Kitlyn,F,"Pure, Innocent",English
Kitty,F,"Pure, Innocent",English
Kitty,F,"Pure, Innocent",Greek
Kiva,F,Protected,Hebrew
Kivi,F,Protected,Hebrew
Kiwidinok,F,Of the wind (Chippewa),Native American
Kiyoshi,M,Quiet,Japanese
Klaas,M,People's victory,Greek
Klas,M,People's victory,Greek
Klaudia,F,Lame,Latin
Klaus,M,People's victory,German
Klavdia,F,A lame one,Slavic
Kleef,M,From the cliff,English
Klemens,M,Merciful,Latin
Knight,M,"Noble, Soldier",English
Knocks,M,From the hills,English
Knoll,M,From the hills,English
Knoton,M,Wind,Native American
Knox,M,From the hills,English
Knud,M,Kindness,Danish
Knut,M,Kindness,Danish
Knute,M,Kindness,Danish
Koby,M,Dark haired,German
Koen,M,Honest advisor,German
Koenraad,M,Honest advisor,German
Kohana,M,Swift (Sioux),Native American
Kohana,F,Little flower,Japanese
Kohia,F,A passionflower,Polynesian
Kohkahycumest,M,"White crow, White antelope (Cheyenne)",Native American
Kokila,F,"Cuckoo, Nightingale",Indian
Koko,F,Born second,African
Koko,F,Night (Black Foot),Native American
Kokyangwuti,F,Spider woman at middle age (Hopi),Native American
Kolby,M,Dark haired,German
Kolby,M,From the coal town,English
Kolby,F,Dark skinned,English
Kolena,F,"Pure, Innocent",English
Kolet,M,A dove,Australian Abori
Kolichiyaw,M,Skunk (Hopi),Native American
Kolina,F,Pure,Greek
Kolora,F,A freshwater lagoon,Australian Abori
Kolos,M,Scholar,Hungarian
Kolt,M,Coal town,German
Kolten,M,Coal town,German
Koltin,M,Coal town,German
Kolton,M,Coal town,German
Kolya,M,Winter,Australian Abori
Komal,F,Tender,Indian
Kon,M,"Brave counsel, Wise",German
Konni,M,Honest advisor,German
Konol,M,The sky,Australian Abori
Konrad,M,"Brave counsel, Wise",German
Konstantin,M,"Faithful, Firmness",Latin
Konstanza,F,"Faithful, Firmness",Latin
Konstanzia,F,"Faithful, Firmness",Latin
Kontar,M,Only child,African
Koora,M,The day,Australian Abori
Koorine,F,A daughter,Australian Abori
Koorong,M,A canoe,Australian Abori
Kora,F,A companion,Australian Abori
Korban,M,A gift devoted to God,Greek
Korbin,M,Raven-haired,English
Kord,M,Cordmaker,English
Kord,M,Honest advisor,German
Kordale,M,Cordmaker,English
Kordelia,F,"Rope, Heart, A sea jewel",Celtic
Kordelia,F,"Rope, Heart, A sea jewel",Latin
Kordell,M,Cordmaker,English
Koren,F,Maiden,Greek
Kori,F,Maiden,Greek
Korra,F,Grass,Australian Abori
Korrie,F,Maiden,Greek
Korrigan,M,Spearman,English
Korry,F,Maiden,Greek
Kort,M,"Brave counsel, Wise",German
Kort,M,Short,Scandinavian
Kort,F,From the court,English
Kort,F,From the court,French
Kortney,F,From the court,English
Kortney,F,From the court,French
Korvin,M,Crow,Latin
Kosmos,M,"Order, Universe",Greek
Kosumi,M,Fishes for salmon with spear (Miwok),Native American
Kotori,M,Screech owl spirit (Hopi),Native American
Kovit,M,Expert,Scandinavian
Kozma,M,Decoration,Greek
Kripa,M,Has a twin sister,Indian
Kris,M,Christ bearer,Greek
Kris,M,Christ bearer,Scandinavian
Kris,F,"Annointed, Follower of Christ",English
Kris,F,"Annointed, Follower of Christ",Greek
Kris,F,Christ bearer,Scandinavian
Krischnan,M,Christian,Greek
Krishna,F,Draupadi,Indian
Krispen,M,Curly haired,Latin
Krissie,F,"Annointed, Follower of Christ",English
Krissie,F,"Annointed, Follower of Christ",Greek
Krissy,F,"Annointed, Follower of Christ",English
Krissy,F,"Annointed, Follower of Christ",Greek
Krista,F,"Annointed, Follower of Christ",English
Krista,F,Christ bearer,Scandinavian
Kristabelle,F,"Bright, Shining, Clear",English
Kristal,F,"Clear, Bright, Ice",Latin
Kristalena,F,"Bright, Shining, Clear",English
Kristalyn,F,"Bright, Shining, Clear",English
Kristeena,F,"Annointed, Follower of Christ",English
Kristeena,F,"Annointed, Follower of Christ",Greek
Kristen,F,"Annointed, Follower of Christ",English
Kristen,F,"Annointed, Follower of Christ",Greek
Kristen,F,Follower of Christ,Latin
Kristena,F,"Annointed, Follower of Christ",English
Krister,M,Christian,Greek
Kristi,F,"Annointed, Follower of Christ",English
Kristi,F,"Annointed, Follower of Christ",Greek
Kristian,M,"Annointed, Follower of Christ",Greek
Kristian,M,Christ bearer,Scandinavian
Kristian,F,"Annointed, Follower of Christ",English
Kristian,F,Christ bearer,Scandinavian
Kristian,F,Servant of Christ,Irish
Kristiana,F,"Annointed, Follower of Christ",English
Kristiane,F,"Annointed, Follower of Christ",English
Kristianna,F,"Annointed, Follower of Christ",English
Kristianne,F,"Annointed, Follower of Christ",English
Kristin,F,"Annointed, Follower of Christ",English
Kristin,F,"Annointed, Follower of Christ",Greek
Kristina,F,"Annointed, Follower of Christ",English
Kristina,F,"Annointed, Follower of Christ",Greek
Kristine,F,"Annointed, Follower of Christ",English
Kristine,F,"Annointed, Follower of Christ",Greek
Kristo,M,Christ bearer,Greek
Kristof,M,Christ bearer,Greek
Kristofer,M,Christ bearer,Greek
Kristopher,M,Christ bearer,Greek
Kristy,F,"Annointed, Follower of Christ",English
Kristy,F,"Annointed, Follower of Christ",Greek
Kristyne,F,"Annointed, Follower of Christ",English
Kriti,F,A work of art,Indian
Krupa,F,"Grace, Favour",Indian
Krystabelle,F,"Bright, Shining, Clear",English
Krystal,F,"Annointed, Follower of Christ",English
Krystal,F,"Clear, Bright, Ice",Latin
Krystalyn,F,"Bright, Shining, Clear",English
Krystalynn,F,"Bright, Shining, Clear",English
Krystiana,F,"Annointed, Follower of Christ",English
Krystianna,F,"Annointed, Follower of Christ",English
Krystine,M,"Annointed, Follower of Christ",English
Krystine,F,"Annointed, Follower of Christ",English
Krystyn,F,"Christian, Annointed",Scandinavian
Ksena,F,Praise be to God,Hebrew
Kshama,F,Forgiveness,Indian
Kuckunniwi,M,Little wolf (Cheyenne),Native American
Kuhlbert,M,"Calm, Bright",German
Kulan,M,A possum,Australian Abori
Kulbart,M,"Calm, Bright",German
Kulbert,M,"Calm, Bright",German
Kumud,F,Lotus,Indian
Kund,M,A name of a honor,Hungarian
Kunda,F,Name of a flower,Indian
Kundanika,F,Golden girl,Indian
Kunjal,F,"Cuckoo, Nightingale",Indian
Kuno,M,Honest advisor,German
Kunsgnos,M,Wise,Celtic
Kunz,M,Honest advisor,German
Kuonrada,F,Wise,German
Kupe,M,The name of a heroic explorer,Polynesian
Kura,F,Red,Polynesian
Kura,F,Treasure,Maori
Kurk,M,From the church,Norse
Kurt,M,"Brave counsel, Wise",German
Kurt,M,Courteous,English
Kurt,F,From the court,English
Kurt,F,From the court,French
Kurtis,M,"Brave counsel, Wise",German
Kurtney,F,From the court,English
Kurtney,F,From the court,French
Kuruk,M,Bear (Pawnee),Native American
Kusagra,M,A king,Indian
Kush,M,Son of Rama,Indian
Kushala,F,"Safe, Happy, Expert",Indian
Kusuma,F,Flower,Indian
Kusumita,F,Blossomed,Indian
Kuwanlelenta,F,To make beautiful surroundings (Hopi),Native American
Kuwanyamtiwa,F,Beautiful badger going over the hill (Hopi),Native American
Kuwanyauma,F,Butterfly showing beautiful wings (Hopi),Native American
Kwahu,M,Eagle (Hopi),Native American
Kwatoko,M,Bird with big beak (Hopi),Native American
Kwesi,F,Born on Sunday,African
Ky,F,"Narrow, Narrow channel, Honor",English
Ky,F,"Narrow, Narrow channel, Honor",Gaelic
Ky,F,"Pure, Innocent",Greek
Kyaw,M,"Famous, Fry",Burmese
Kyaw,F,"Famous, Fry",Burmese
Kye,M,"Place name, A church",Irish
Kyeema,F,"Of the dawn, A Kangaroo",Australian Abori
Kyeemah,F,"Of the dawn, A Kangaroo",Australian Abori
Kyi,M,Clear,Burmese
Kyi,F,Clear,Burmese
Kyine,M,Smell sweet,Burmese
Kyine,F,Smell sweet,Burmese
Kyla,F,"Narrow, Narrow channel, Honor",English
Kyla,F,"Narrow, Narrow channel, Honor",Gaelic
Kyla,F,Victorious,Hebrew
Kylan,M,"Place name, A church",Irish
Kylar,M,"Place name, A church",Irish
Kyle,M,"Handsome, Near the chapel, Narrow, Narrow channel, Strait",Gaelic
Kyle,M,"Place name, A church",Irish
Kylee,F,A boomerang,Australian Abori
Kylee,F,"Narrow, Narrow channel, Honor",English
Kylee,F,"Narrow, Narrow channel, Honor",Gaelic
Kyleigh,M,"Handsome, Near the chapel, Narrow, Narrow channel, Strait",Gaelic
Kyleigh,F,A boomerang,Australian Abori
Kylen,M,"Place name, A church",Irish
Kylene,F,"Narrow, Narrow channel, Honor",English
Kylene,F,"Narrow, Narrow channel, Honor",Gaelic
Kyler,M,Archer,Dutch
Kyler,M,"Place name, A church",Irish
Kyli,M,"Handsome, Near the chapel, Narrow, Narrow channel, Strait",Gaelic
Kyli,F,A boomerang,Australian Abori
Kylie,M,"Handsome, Near the chapel, Narrow, Narrow channel, Strait",Gaelic
Kylie,F,A boomerang,Australian Abori
Kym,M,Chief,English
Kym,F,Chief,English
Kymberly,M,"Land belonging to Cyneburg, Royal fortress meadow",English
Kymberly,F,"Land belonging to Cyneburg, Royal fortress meadow",English
Kymm,M,The golden one,Vietnamese
Kymm,F,The golden one,Vietnamese
Kyn,M,The golden one,Vietnamese
Kyn,F,The golden one,Vietnamese
Kyna,F,Wise,Gaelic
Kyndall,F,Royal valley referring to Kent in England.,English
Kyne,M,Royal,English
Kyne,F,Wise,Gaelic
Kynthelig,M,Guide,Celtic
Kynthia,F,Born under the sign of cancer,Greek
Kyoko,F,Mirror,Japanese
Kyran,M,Dark,Irish
Kyrell,M,"Place name, A church",Irish
Kyril,M,"Lordly, Proud",Greek
Kyrk,M,Church,English
Kyrk,M,Church,Scottish
Kyrksen,M,Church,Scottish
Kyrkwode,M,From the church's forest,English
Kywe,M,Rich,Burmese
Kywe,F,Rich,Burmese
L'Angley,M,Englishman,French
La Reina,F,Queen,Spanish
La Row,F,Red haired,French
La Vergne,F,Born in the spring,French
La Verne,F,Born in the spring,French
Laban,M,White,Hebrew
Label,M,Lion,Hebrew
Labhaoise,F,Warrior maiden,Irish
Labhras,M,"Laurel crown, The crown of victory",Latin
Laboni,F,Grace,Indian
Laborc,M,Brave panther,Hungarian
Lace,F,Place name,English
Lace,F,Place name,French
Lacee,F,Place name,English
Lacee,F,Place name,French
Lacene,F,Place name,English
Lacene,F,Place name,French
Lacey,M,Surname,Irish
Lacey,F,Place name,English
Lacey,F,Place name,French
Lach,M,Lives near water,English
Lache,M,Lives near water,English
Lachlan,M,From the land of lakes,Scottish
Laci,F,Place name,English
Laci,F,Place name,French
Laciann,F,Place name,English
Laciann,F,Place name,French
Lacie,F,Place name,English
Lacie,F,Place name,French
Lacina,F,Place name,English
Lacina,F,Place name,French
Lacole,F,People's victory,Greek
Lacy,F,Place name,English
Lacy,F,Place name,French
Lacyann,F,Place name,English
Lacyann,F,Place name,French
Lad,M,Attendant,English
Ladbroc,M,Lives by the path by the brook,English
Ladd,M,Young man,English
Ladde,M,Attendant,English
Ladislao,M,Famous ruler,Czech
Ladislaus,M,Famous ruler,Czech
Ladislav,M,Famous ruler,Czech
Ladislaw,M,Famous ruler,Czech
Ladomér,M,Trapper,Hungarian
Laec,M,Lives near water,English
Laefertun,M,From the rush farm,English
Lael,F,Belonging to God,Hebrew
Laertes,M,Appeared in Hamlet,Shakespearian
Laetitia,F,Joy,Latin
Laetitia,F,Joyful,Irish
Lafayette,M,Surname,French
Laibrook,M,Lives by the path by the brook,English
Laidley,M,From the creek meadow,English
Laidly,M,From the creek meadow,English
Laila,F,Born at night,African
Laila,F,Dark as the night,Arabic
Laila,F,Nightfall,Hebrew
Laili,F,Nightfall,Hebrew
Lailie,F,Born during light,Hebrew
Lailoken,M,A fool,Arthurian Legend
Laina,F,"Fair, Beautiful",Gaelic
Laina,F,Offering,Hawaiian
Laina,F,"Path, Roadway",English
Laine,M,Narrow road,English
Laine,M,Serves John,Scottish
Laine,F,Light,French
Laine,F,"Path, Roadway",English
Lainey,F,Sun ray,English
Lainie,F,Serves John,Scottish
Lair,F,Mare,Scottish
Laird,M,Lord,Scottish
Laire,F,Mare,Scottish
Lairgnen,M,Of Connaught,Celtic
Lajos,M,Famous warrior,German
Lajwanti,F,Modest,Indian
Lakeisha,F,"Cassia, Cinnamon",Hebrew
Lakeisha,F,Favourite one,African
Lakeisha,F,Joyful,English
Lakeland,M,Home of the Norse,Irish
Lakesha,F,Joyful,English
Lakeshia,F,Joyful,English
Lakiesha,F,Joyful,English
Lakisha,F,Joyful,English
Lakota,M,Friend,Native American
Lakota,F,Friend,Native American
Lakshman,M,"Prosperous, Brother of Rama",Indian
Lakshmi,F,Wife of Vishnu,Indian
Lakshya,M,Target,Indian
Lala,F,Tulip,Slavic
Lala,F,Well - spoken,Spanish
Lalana,F,A girl,Indian
Lalasa,F,Love,Indian
Lali,F,Darling girl,Indian
Lali,F,Well - spoken,Spanish
Lalia,F,Well - spoken,Spanish
Lalima,F,Wife of Vishnu,Indian
Lalit,M,"Beautiful, Attractive",Indian
Lalita,F,"Variety, Beauty",Indian
Lalitaditya,M,Beautiful sun,Indian
Lalitchandra,M,Beautiful moon,Indian
Lalitmohan,M,"Beautiful, Attractive",Indian
Lalla,M,Well - spoken,Spanish
Lalla,F,Well - spoken,Spanish
Lally,F,"From the alder grove, Spring-like",French
Lalo,F,To sing a lullaby,Latin
Lalor,M,Leper,Irish
Lam,M,"Full understanding, Knowledge",Vietnamese
Lamar,M,Land,German
Lamar,M,Of the sea,French
Lamar,F,Land,German
Lamarr,M,Famous land,German
Lamarr,M,Of the sea,French
Lambart,M,Light of land,German
Lambert,M,Light of land,German
Lambert,M,"Wealthy in land, Brilliant",Latin
Lamberto,M,"Wealthy in land, Brilliant",Latin
Lambrecht,M,Light of land,German
Lambret,M,Light of land,German
Lambrett,M,Light of land,German
Lamilla,F,Stone,Australian Abori
Lamond,M,Clan name,Scottish
Lamont,M,Lawyer,Norse
Lamont,M,Man of law,Scottish
Lamorak,M,Brother of Percival,Arthurian Legend
Lamorat,M,Brother of Percival,Arthurian Legend
Lan,F,"Bringer of Peace, Hope",Spanish
Lan,F,Flower name,Vietnamese
Lana,F,"Fair, Beautiful",English
Lana,F,Sunshine,Hebrew
Lana,F,To float,Polynesian
Lancdon,M,From the long hill slope,English
Lance,M,"Knight's attendant, Land",German
Lance,M,Lancer,French
Lancelin,M,Servant,French
Lancelot,M,Knight of Arthur and lover of Guinevere,Arthurian Legend
Lancelot,M,"Knight's attendant, Land",French
Lancelot,M,"Knight's attendant, Land",German
Landa,F,Reference to the Virgin Mary,Spanish
Landa,F,"Violet flower, Modest",Greek
Landan,M,Long hill,English
Landen,M,Long hill,English
Lander,M,Lion man,Greek
Lander,M,Property owner,English
Landers,M,From the grassy plain,French
Landers,M,Lion man,Greek
Landers,M,Property owner,English
Landis,M,From the grassy plain,French
Landis,M,Lion man,Greek
Landis,M,Property owner,English
Landman,M,Lion man,Greek
Landman,M,Property owner,English
Landmari,M,Famous land,German
Lando,M,Bright sun,Latin
Landon,M,From the long hill,English
Landor,M,Lion man,Greek
Landor,M,Property owner,English
Landra,F,Counselor,German
Landra,F,Counselor,Spanish
Landrada,F,Counselor,Spanish
Landry,M,Lion man,Greek
Landry,M,Property owner,English
Landry,M,Ruler,Anglo-Saxon
Lane,M,Narrow road,English
Lane,F,"Fair, Beautiful",Gaelic
Lane,F,Narrow road,English
Lanette,F,"Fair, Good-looking",English
Laney,F,"Fair, Beautiful",Gaelic
Laney,F,Light,French
Laney,F,"Path, Roadway",English
Laney,F,Shining light,Russian
Lang,M,Long,Anglo-Saxon
Lang,M,"Long, Tall",English
Lang,M,"Long, Tall",Norse
Langdon,M,"Long, Tall",English
Langdon,M,"Long, Tall",Norse
Lange,M,Long,Anglo-Saxon
Langer,M,Tall man ??,Scandinavian
Langford,M,"Long, Tall",English
Langford,M,"Long, Tall",Norse
Langhorne,M,"Long, Tall",English
Langhorne,M,"Long, Tall",Norse
Langleah,M,From the long meadow,English
Langley,M,Englishman,French
Langley,M,"Long, Tall",English
Langley,M,"Long, Tall",Norse
Langston,M,"Long, Tall",English
Langston,M,"Long, Tall",Norse
Langtry,M,"Long, Tall",English
Langtry,M,"Long, Tall",Norse
Langundo,M,Peaceful,Native American
Lani,M,The sky,Polynesian
Lani,F,"Bringer of Peace, Hope",Spanish
Lani,F,"Fair, Beautiful",Gaelic
Lani,F,"Sky, Heaven",Hawaiian
Lanice,F,"Fair, Good-looking",English
Lanie,F,"Path, Roadway",English
Lanikai,F,Heavenly sea,Hawaiian
Lanna,F,"Bringer of Peace, Hope",Spanish
Lanna,F,"Fair, Good-looking",English
Lannie,M,Famous soldier,English
Lanny,M,Famous soldier,English
Lanny,F,"Fair, Beautiful",Gaelic
Lansa,M,Lance (Hopi),Native American
Lanston,M,From the long estate,English
Lantos,M,Lute player,Hungarian
Lany,M,Servant,Irish
Laochailan,M,Waning,Scottish
Laoghaire,M,Shepherd,Irish
Laoidhigh,M,Poetic,Irish
Lapidos,M,Torch,Hebrew
Lapidoth,M,Torch,Hebrew
Lapu,M,Cedar bark (Hopi),Native American
Laquisha,F,Joyful,English
Lar,M,Teaches,Anglo-Saxon
Lara,F,Mare,Scottish
Lara,F,Protection,Spanish
Lara,F,"Well-known, Name of a nymph",Latin
Laraine,F,Sea bird,Latin
Laraine,F,Warrior maiden,English
Laramie,M,Surname,French
Larcwide,M,Counsel,Anglo-Saxon
Lareina,F,The queen,Spanish
Lareina,F,Warrior maiden,English
Laren,M,Serves Lawrence,Scottish
Laren,F,Serves Lawrence,Scottish
Larena,F,Serves Lawrence,Scottish
Larena,F,Warrior maiden,English
Larenzo,M,"From the place of laurel trees, Honor, Victory",German
Lari,F,"Laurel crown, The crown of victory",English
Laria,F,Serves Lawrence,Scottish
Laria,F,The sars are mine,Greek
Larissa,F,Cheerful,Russian
Larissa,F,"Name of a city, Mythical woman",Greek
Lark,F,A cloud,Australian Abori
Lark,F,Lark,English
Larke,F,Lark,English
Larkin,M,"Laurel crown, The crown of victory",Latin
Larkin,F,Bird,English
Larnell,M,"Laurel crown, The crown of victory",English
Larraine,F,Warrior maiden,English
Larry,M,"Laurel crown, The crown of victory",English
Larry,M,"Laurel crown, The crown of victory",Latin
Lars,M,"Laurel crown, The crown of victory",Latin
Lars,M,"Laurel crown, The crown of victory",Scandinavian
Larson,M,"Laurel crown, The crown of victory",Latin
Lartius,M,Appeared in Coriolanus,Shakespearian
Larue,M,The red-haired one,French
Larunda,F,"Laurel crown, The crown of victory",Spanish
Lasalle,M,The hall,French
Lassie,F,Girl,English
Laszlo,M,God's help,Hebrew
Lata,F,"Creeper, Vine",Indian
Latangi,F,Slim girl,Indian
Latasha,F,Birthday,English
Latasha,F,Favourite one,African
Latasha,F,Joy,Latin
Lateefa,F,"Gentle, Pleasant",African
Lateefah,F,"Gentle, Pleasant",African
Lateisha,F,Joyful,English
Latesha,F,Joyful,English
Latham,M,A Division,Scandinavian
Lathrop,M,From the farmstead with the barn,English
Laticia,F,Joy,Latin
Laticia,F,Joyful,English
Latifa,F,"Gentle, Pleasant",African
Latiffa,F,"Gentle, Pleasant",African
Latika,F,Small creeper,Indian
Latimer,M,Interprets Latin,English
Latimer,M,Interprets Latin,French
Latisha,F,Joyful,English
Latonia,F,Mother of Apollo and Diana,Latin
Latonya,F,Favourite one,African
Latoya,F,Favourite one,African
Latoya,F,Victorious one,Spanish
Lattimore,M,Interpreter,English
Laudegrance,M,Father of Guinevere,Arthurian Legend
Laudine,F,A widow,Arthurian Legend
Laughlin,M,Servant,Irish
Laughton,M,"Laurel crown, The crown of victory",Latin
Launce,M,Appeared in Two Gentlemen of Verona,Shakespearian
Launcelot,M,Knight of Arthur and lover of Guinevere,Arthurian Legend
Launcelot,M,"Knight's attendant, Land",French
Launcelot,M,"Knight's attendant, Land",German
Launcelot Gobbo,M,Appeared in Merchant of Venice,Shakespearian
Launder,M,From the grassy plain,English
Launfal,M,A knight,Arthurian Legend
Laura,F,"Laurel crown, The crown of victory",Spanish
Laura,F,"Laurel leaves, Honour, Fame, Spirit",Latin
Laura,F,"The laurel tree, Sweet bay tree, Honor, Victory",English
Lauraine,M,"The laurel tree, Sweet bay tree, Honor, Victory",English
Lauraine,F,"The laurel tree, Sweet bay tree, Honor, Victory",English
Laural,F,"The laurel tree, Sweet bay tree, Honor, Victory",English
Lauralee,F,"The laurel tree, Sweet bay tree, Honor, Victory",English
Lauralyn,F,"The laurel tree, Sweet bay tree, Honor, Victory",English
Laurana,F,"The laurel tree, Sweet bay tree, Honor, Victory",Spanish
Lauranne,F,"Laurel leaves, Honour, Fame, Spirit",Latin
Laure,F,"Laurel leaves, Honour, Fame, Spirit",Latin
Laureano,M,"From the place of laurel trees, Honor, Victory",English
Laureen,F,"Laurel leaves, Honour, Fame, Spirit",Latin
Laureen,F,"The laurel tree, Sweet bay tree, Honor, Victory",English
Laurel,F,Laurel,French
Laurel,F,"Laurel leaves, Honour, Fame, Spirit",Latin
Laurel,F,"The laurel tree, Sweet bay tree, Honor, Victory",English
Laurelle,F,"The laurel tree, Sweet bay tree, Honor, Victory",English
Lauren,F,Laurel,French
Lauren,F,"Laurel leaves, Honour, Fame, Spirit",Latin
Lauren,F,"The laurel tree, Sweet bay tree, Honor, Victory",English
Laurena,F,"Laurel leaves, Honour, Fame, Spirit",Latin
Laurena,F,"The laurel tree, Sweet bay tree, Honor, Victory",English
Laurence,M,"From the place of laurel trees, Honor, Victory",English
Laurence,M,"From the place of laurel trees, Honor, Victory",German
Laurence,M,"From the place of laurel trees, Honor, Victory",Scottish
Laurence,M,"From the place of laurel trees, Honor, Victory",Spanish
Laurence,M,"Laurel crown, The crown of victory",Latin
Laurence (Friar),M,Appeared in Romeo & Juliet,Shakespearian
Laurencia,F,"Laurel crown, The crown of victory",Spanish
Laurene,F,Laurel,French
Laurene,F,"The laurel tree, Sweet bay tree, Honor, Victory",English
Laurenne,F,"From the place of laurel trees, Honor, Victory",English
Laurens,M,"Laurel crown, The crown of victory",Latin
Laurent,M,"From the place of laurel trees, Honor, Victory",French
Laurent,M,"Laurel crown, The crown of victory",Latin
Laurentia,F,"From the place of laurel trees, Honor, Victory",English
Laurenz,M,"From the place of laurel trees, Honor, Victory",German
Lauretta,F,"Laurel leaves, Honour, Fame, Spirit",Latin
Lauretta,F,"The laurel tree, Sweet bay tree, Honor, Victory",English
Laurette,F,"Laurel leaves, Honour, Fame, Spirit",Latin
Laurette,F,"The laurel tree, Sweet bay tree, Honor, Victory",French
Laurian,M,"From the place of laurel trees, Honor, Victory",English
Lauriano,M,"From the place of laurel trees, Honor, Victory",English
Laurie,F,"Laurel leaves, Honour, Fame, Spirit",Latin
Laurie,F,"The laurel tree, Sweet bay tree, Honor, Victory",English
Lauriel,F,"The laurel tree, Sweet bay tree, Honor, Victory",English
Laurien,F,"Laurel leaves, Honour, Fame, Spirit",Latin
Lauriette,F,"Laurel leaves, Honour, Fame, Spirit",Latin
Laurin,F,"Laurel leaves, Honour, Fame, Spirit",Latin
Laurinda,F,"Laurel leaves, Honour, Fame, Spirit",Latin
Laurinda,F,"The laurel tree, Sweet bay tree, Honor, Victory",Spanish
Laurita,F,"The laurel tree, Sweet bay tree, Honor, Victory",Spanish
Lauritz,M,"Laurel crown, The crown of victory",Latin
Lauryn,F,"From the place of laurel trees, Honor, Victory",English
Lauryn,F,"Laurel leaves, Honour, Fame, Spirit",Latin
Lausanne,F,Lake Geneva,Arthurian Legend
Lavali,F,Clove,Indian
Lavan,M,White,Hebrew
Lavani,F,Grace,Indian
Lavanya,F,Grace,Indian
Laveda,F,Innocent one,Latin
Lavena,F,Joy,Celtic
Lavern,F,Woodland,French
Laverna,F,Born in the spring,French
Laverne,M,"From the alder grove, Spring-like",French
Laverne,M,"From the alder grove, Spring-like",Latin
Laverne,F,Woodland,French
Lavernia,F,Born in the spring,French
Lavin,F,Purity,Latin
Lavina,F,Derived from the Roman given name Levinia,Spanish
Lavine,F,Purity,Latin
Lavinia,M,"From the alder grove, Spring-like",French
Lavinia,M,"From the alder grove, Spring-like",Latin
Lavinia,F,Appeared in Titua Andronicus,Shakespearian
Lavinia,F,Derived from the Roman given name Levinia,Spanish
Lavinia,F,Purity,Latin
Law,M,From the hill,English
Lawanna,F,Favourite one,African
Lawe,M,From the hill,English
Lawford,M,From the ford at the hill,English
Lawford,M,"Laurel crown, The crown of victory",Latin
Lawler,M,"Laurel crown, The crown of victory",Latin
Lawler,M,Soft spoken,Gaelic
Lawley,M,From the hill meadow,English
Lawley,M,"Laurel crown, The crown of victory",Latin
Lawly,M,From the hill meadow,English
Lawrance,M,"Laurel crown, The crown of victory",Latin
Lawrence,M,"From the place of laurel trees, Honor, Victory",English
Lawrence,M,"Laurel crown, The crown of victory",Latin
Lawry,M,"Laurel crown, The crown of victory",Latin
Lawson,M,"Laurel crown, The crown of victory",Latin
Lawson,M,Son of Lawrence,English
Lawton,M,From the hillside farm,English
Lawton,M,"Laurel crown, The crown of victory",Latin
Lay,M,From the meadow farm,English
Laycee,F,Place name,French
Laycie,F,Place name,English
Laycie,F,Place name,French
Layla,F,Born at night,African
Layla,F,Dark as the night,Arabic
Laylie,F,Nightfall,Hebrew
Layna,M,Narrow road,English
Layna,F,"Light, Truth",Greek
Layna,F,Narrow road,English
Layne,M,Narrow road,English
Layne,F,Narrow road,English
Laynie,F,"Light, Truth",Greek
Layton,M,From the meadow farm,English
Lazar,M,God will help,Hebrew
Lazaro,M,God's help,Hebrew
Lazaro,M,Help of God,Spanish
Lazarus,M,God will help,Hebrew
Lazre,M,God's help,Hebrew
Lazzaro,M,God will help,Hebrew
LeBeau,M,Appeared in As You Like It,Shakespearian
Lea,M,Glade,English
Lea,M,Poet,Gaelic
Lea,F,Glade,English
Lea,F,Poet,Gaelic
Lea,F,Tired,Hebrew
Lea,F,Woman,Greek
Lea,F,Woman,Spanish
Leachlainn,M,Servant,Irish
Leah,F,Meadow,English
Leah,F,Tired,Hebrew
Leah,F,Woman,Greek
Leal,M,Faithful,French
Leal,M,Loyal,English
Leala,F,Loyal,French
Leala,F,"Loyal, Faithful",Spanish
Lealia,F,Loyal,French
Lean,M,Serves John,Scottish
Leana,F,Serves John,Scottish
Leana,F,"Vine, To bind, Youthful",English
Leana,F,"Vine, To bind, Youthful",French
Leana,F,"Vine, To bind, Youthful",Latin
Leander,M,Like a lion,English
Leander,M,Lion man,Greek
Leandra,F,Lion woman,Greek
Leandre,M,Like a lion,French
Leandre,M,Lion man,Greek
Leandro,M,Lion,Spanish
Leandro,M,Lion man,Greek
Leane,M,Serves John,Scottish
Leanian,M,Reward,Anglo-Saxon
Leann,F,"Vine, To bind, Youthful",English
Leanna,F,"Vine, To bind, Youthful",English
Leanne,M,Glade,English
Leanne,M,Poet,Gaelic
Leanne,F,Glade,English
Leanne,F,Poet,Gaelic
Lear,M,Of the meadow,German
Lear,M,Shakespearian king,English
Lear (King),M,Appeared in King Lear,Shakespearian
Leary,M,Cattle keeper,Irish
Leathan,M,River,Scottish
Leathlobhair,M,Leper,Irish
Leatrice,F,Woman,Greek
Leax,M,Salmon,Anglo-Saxon
Leb,M,Heart,Hebrew
Leba,F,Beloved,Yiddish
Lecia,F,Happy,English
Leda,F,"Forgetful, Oblivion",Greek
Ledah,F,Birth,Hebrew
Lee,M,Dweller by the deer meadow,English
Lee,M,Healer,Celtic
Lee,M,Plum,Chinese
Lee,M,Poet,Gaelic
Lee,M,Poetic,Irish
Lee,M,The king,French
Lee,F,Dweller by the deer meadow,English
Lee,F,Dweller in the gray castle,Scottish
Lee,F,Plum,Chinese
Lee,F,Poet,Gaelic
Lee,F,Woman,Greek
Leeann,F,"Vine, To bind, Youthful",English
Leeanne,M,Glade,English
Leeanne,M,Poet,Gaelic
Leeanne,F,Glade,English
Leeanne,F,Poet,Gaelic
Leela,F,"Play, Amusement",Indian
Leeland,M,Pasture ground,English
Leen,F,Green meadow,Celtic
Leen,F,Light,Greek
Leena,F,A possum,Australian Abori
Leena,F,Wet meadow,Irish
Leener,F,Green meadow,Celtic
Leener,F,Light,Greek
Leeroy,M,The king,French
Leetice,F,Joy,Latin
Leewana,F,The wind,Australian Abori
Legarre,F,Reference to the Virgin Mary,Spanish
Legget,M,Delegate,French
Lehel,M,Breathes,Hungarian
Lei,M,"Handsome, Near the chapel, Narrow, Narrow channel, Strait",Gaelic
Leia,F,Meadow,English
Leianna,F,"Vine, To bind, Youthful",English
Leicester,M,From Leicester,English
Leif,M,Beloved,Norse
Leigb,F,Meadow,English
Leigh,M,Dweller by the deer meadow,English
Leigh,M,Healer,Celtic
Leigh,M,Poet,Gaelic
Leigh,F,A boomerang,Australian Abori
Leigh,F,Glade,English
Leigh,F,Poet,Gaelic
Leigh Anne,M,Glade,English
Leigh Anne,M,Poet,Gaelic
Leigh Anne,F,Glade,English
Leigh Anne,F,Poet,Gaelic
Leigha,F,House of the rising sun,Hawaiian
Leighton,M,From the meadow land,English
Leiko,F,Arrogant,Japanese
Leila,F,Born at night,African
Leila,F,Dark as the night,Arabic
Leila,F,Name of a saint,Irish
Leilah,F,Born at night,Arabic
Leilani,M,"Heavenly flower, Heavenly child",Hawaiian
Leilia,F,Dark as the night,Arabic
Leira,F,Reference to the Virgin Mary,Spanish
Leith,M,Meadow,Celtic
Leith,M,River,Scottish
Leitha,F,"Forgetful, Oblivion",Greek
Leithia,F,"Forgetful, Oblivion",Greek
Lekha,F,"Writing, Picture",Indian
Lela,F,Dark as the night,Arabic
Lela,F,Loyalty,French
Leland,M,From the meadow land,English
Lele,M,Loyal,English
Leman,M,From the valley,English
Lemana,F,The She-Oak tree,Australian Abori
Lemuel,M,Devoted to God,Hebrew
Lemuela,F,Devoted to God,Hebrew
Len,M,"Amid the lems, From the field of elm trees",Scottish
Len,M,Flute (Hopi),Native American
Len,M,Lion-hearted,English
Len,M,Lion-hearted,German
Len,M,With a lion's hart,Scandinavian
Lena,F,"Alluring, Temptress",Latin
Lena,F,Butterfly,Italian
Lena,F,"Child of light, Bitter",German
Lena,F,Light,Greek
Lena,F,Name suffix.,English
Lena,F,Shining light,Russian
Lena,F,"Woman from Magdala, One who is elevated, A high tower",Hebrew
Lenard,M,Brave as a Lion,French
Lenard,M,Lion-hearted,German
Lendall,M,From the linden tree dell,English
Lendell,M,From the linden tree dell,English
Lene,F,"Child of light, Bitter",German
Lene,F,Illustrious,Norwegian
Lene,F,"Woman from Magdala, One who is elevated, A high tower",Hebrew
Leng,M,Long,Anglo-Saxon
Lenin,M,"Cloak, Little cape",Gaelic
Lenix,M,"Amid the lems, From the field of elm trees",Scottish
Lenmana,F,Flute girl (Hopi),Native American
Lenn,M,Lion-hearted,English
Lennard,M,Brave as a Lion,French
Lennard,M,Lion-hearted,German
Lennart,M,Lion-hearted,German
Lennell,M,Lion-hearted,English
Lennie,M,"Amid the lems, From the field of elm trees",Scottish
Lennie,M,Lion-hearted,English
Lennie,M,Lion-hearted,German
Lenno,M,Man,Native American
Lennon,M,"Cloak, Little cape",Gaelic
Lennon,M,Surname,Irish
Lennox,M,"Amid the lems, From the field of elm trees",Scottish
Lennox,M,Appeared in Macbeth,Shakespearian
Lenny,M,"Amid the lems, From the field of elm trees",Scottish
Lenny,M,Lion-hearted,English
Lenny,M,Lion-hearted,German
Lenny,M,With a lion's hart,Scandinavian
Lenora,F,Shining light,English
Lenore,F,Alluring,Latin
Lenore,F,Light,Greek
Lenox,M,"Amid the lems, From the field of elm trees",Scottish
Lensar,M,With his parents,English
Lenya,F,Little angel,German
Leo,M,Holy oil used in church,Spanish
Leo,M,Lion,English
Leo,M,Lion of the woods,Greek
Leo,M,Lion-hearted,German
Leocadie,M,Lion,French
Leod,M,Ugly,Scottish
Leoda,F,Of the people,German
Leodegan,M,Father of Guinevere,Arthurian Legend
Leodegrance,M,Lion,French
Leodegraunce,M,Father of Guinevere,Arthurian Legend
Leof,M,Beloved,Anglo-Saxon
Leola,F,Lion,Latin
Leola,F,"Loyal, Faithful",French
Leoma,F,Bright,English
Leon,M,Lion,French
Leon,M,Lion,Spanish
Leon,M,Lion of the woods,Greek
Leon,M,Lion-hearted,German
Leona,F,Lion,French
Leona,F,Lion,Latin
Leonard,M,Brave as a Lion,French
Leonard,M,Lion-hearted,German
Leonarda,F,Lion,French
Leonarda,F,Lion,Latin
Leonardo,M,Appeared in Merchant of Venice,Shakespearian
Leonardo,M,Brave as a Lion,Spanish
Leonardo,M,Lion-hearted,German
Leonato,M,Appeared in Much Ado About Nothing,Shakespearian
Leonce,M,Lion,French
Leonda,F,Lion,French
Leondra,F,Lion,French
Leondrea,F,Lion,French
Leone,M,Lion,French
Leone,F,Lion,French
Leonel,M,Young lion,Spanish
Leonela,F,Lion,French
Leonelle,F,Lion,French
Leonhard,M,Lion-hearted,German
Leonid,M,Brave as a Lion,Greek
Leonidas,M,Brave as a Lion,Greek
Leonides,M,Lion,Spanish
Leonidis,M,Brave as a Lion,Greek
Leonie,F,Lion,French
Leonine,M,Appeared in Pericles,Shakespearian
Leonne,F,Alluring,Latin
Leonne,F,Light,Greek
Leonor,F,Shining light,Spanish
Leonora,F,Alluring,Latin
Leonora,F,"Bright one, Most beautiful woman",English
Leonora,F,Light,Greek
Leonora,F,Shining light,Spanish
Leonore,M,Shining light,French
Leonore,F,Alluring,Latin
Leonore,F,Light,Greek
Leonore,F,Shining light,French
Leonore,F,Shining light,German
Leontes,M,Appeared in A Winter's Tale,Shakespearian
Leontina,F,Lion,French
Leontine,F,Lion,Latin
Leontyne,F,Lion,English
Leontyne,F,Lion,Latin
Leonárd,M,Lion-hearted,German
Leopold,M,Bold leader,German
Leopold,M,Brave one,English
Leopolda,F,Bold leader,German
Leopoldina,F,Of the people,German
Leopoldine,F,Bold leader,German
Leopoldo,M,Bold leader,German
Leopoldo,M,Brave one,Spanish
Leota,F,Of the people,German
Leotie,F,Flower of the prairie,Native American
Lera,F,Reference to the Virgin Mary,Spanish
Leroi,M,The king,French
Leron,M,The circle,French
Leron,M,This song is mine,Arabic
Leroux,M,The red-haired one,French
Leroy,M,The king,French
Les,M,Legion camp,Latin
Les,F,Dweller in the gray castle,Scottish
Les,F,Small meadow,English
Lesham,F,Precious,Hebrew
Leshem,M,Precious stone,Hebrew
Leslee,F,Dweller in the gray castle,Scottish
Lesley,M,From the gray fortress,Celtic
Lesley,F,Dweller in the gray castle,Scottish
Lesley,F,From the gray fortress,Celtic
Lesley,F,Small meadow,English
Leslie,M,From Leslie,Scottish
Leslie,M,From the gray fortress,Celtic
Leslie,F,Dweller in the gray castle,Scottish
Leslie,F,From the gray fortress,Celtic
Leslie,F,Small meadow,English
Lesly,F,Dweller in the gray castle,Scottish
Lesly,F,Small meadow,English
Lester,M,Fortified,English
Lester,M,Legion camp,Latin
Leta,F,Bring,African
Leta,F,"Forgetful, Oblivion",Greek
Leta,F,Joy,Latin
Letha,F,"Forgetful, Oblivion",Greek
Lethia,F,"Forgetful, Oblivion",Greek
Letice,F,Joy,Latin
Leticia,F,Joy,Latin
Letitia,M,Joyful,English
Letitia,F,Happy,Spanish
Letitia,F,Joy,Latin
Letitia,F,Joyful,English
Letizia,F,Joy,Latin
Letje,F,"Tiny, Womanly",French
Letty,F,Joy,Latin
Letya,F,"Tiny, Womanly",French
Letycia,F,Joy,Latin
Leupold,M,Bold leader,German
Leura,F,Lava,Australian Abori
Lev,M,United,Hebrew
Levana,F,Rising sun,Latin
Levane,F,The elm tree,Irish
Levene,F,Issh,English
Levente,M,Being,Hungarian
Leveret,M,Young rabbit,French
Leverett,M,Young rabbit,French
Leverton,M,From the rush farm,English
Levey,M,United,Hebrew
Levi,M,United,Hebrew
Levia,F,Join,Hebrew
Levina,F,Derived from the Roman given name Levinia,Spanish
Levina,F,Issh,English
Levita,F,Innocent one,Latin
Levyna,F,Issh,English
Lew,M,Famous warrior,German
Lew,M,Shelter,English
Lewanna,F,The moon,Hebrew
Lewes,M,Famous warrior,German
Lewi,M,United,Hebrew
Lewie,M,Famous warrior,German
Lewis,M,Famous warrior,German
Lewis,M,Renowned warrior,English
Lewy,M,Famous warrior,German
Lex,M,Protector of mankind,English
Lexa,F,Protector of mankind,Greek
Lexandra,F,Protector of mankind,English
Lexann,M,Protector of mankind,English
Lexann,F,Protector of mankind,English
Lexie,F,Protector of mankind,English
Lexie,F,Protector of mankind,Greek
Lexine,F,Protector of mankind,Hebrew
Lexy,F,Protector of mankind,Greek
Ley,F,Meadow,English
Leya,F,Loyalty,Spanish
Leyla,F,Born at night,African
Leyla,F,Born at night,Arabic
Leyman,M,From the meadow land,English
Leyna,F,Little angel,German
Leyns,F,Little angel,German
Leyti,M,Shaped like an abalone shell (Miwok),Native American
Leza,F,One who besets,African
Lezlie,F,Name of a prominent Scottish clan,Scottish
Leó,M,Lion-hearted,German
Li,M,Strength,Chinese
Lia,M,Pretty rose,Spanish
Lia,F,Dependence,Hebrew
Lia,F,Pretty rose,Spanish
Lia,F,Woman,Greek
Liadan,F,Grey lady,Irish
Liah,F,Woman,Greek
Liam,M,Resolute protector,Irish
Lian,F,The graceful willow,Chinese
Liana,F,"Vine, To bind, Youthful",French
Liana,F,"Vine, To bind, Youthful",Latin
Liana,F,Youthful,Spanish
Liander,M,Lion man,Greek
Liane,F,Daughter of the sun,English
Liane,F,"Vine, To bind, Youthful",French
Liane,F,"Vine, To bind, Youthful",Latin
Liani,F,"Bringer of Peace, Hope",Spanish
Lianna,F,Daughter of the sun,English
Lianna,F,"Vine, To bind, Youthful",French
Lianna,F,"Vine, To bind, Youthful",Latin
Liannaka,F,"Bringer of Peace, Hope",Spanish
Lianne,F,"Vine, To bind, Youthful",French
Lianne,F,"Vine, To bind, Youthful",Latin
Libby,M,"My God is bountiful, God of plenty",English
Libby,F,Freedom,English
Libby,F,God's oath,German
Libby,F,God's oath,Hebrew
Liberty,F,Freedom,English
Licia,F,"Noble, Truth",English
Lida,F,"Beautiful dressed, Small winged one",Greek
Lida,F,"Beautiful dressed, Small winged one",Latin
Lidia,F,"Woman from Persia, Beauty",Greek
Lidmann,M,Sailor,Anglo-Saxon
Lidoine,F,Daughter of Cavalon,Arthurian Legend
Liealia,F,Loyal,French
Lien,F,Lotus,Chinese
Lien,F,Lotus,Vietnamese
Liesbet,F,Devoted to God,Hebrew
Liese,F,Beloved by God,German
Lieselotte,F,Beloved by God,German
Liesheth,F,Devoted to God,Hebrew
Liesl,F,Beloved by God,German
Liesl,F,"My God is bountiful, God of plenty",English
Liezel,F,"My God is bountiful, God of plenty, Devoted to God",German
Lifton,M,From tbe hillside town,English
Lil,F,Flower,Latin
Lil,F,Name of a saint,Irish
Lila,F,Dark as the night,Arabic
Lila,F,"Delicate, Amorous, Desired. Languishing",Hebrew
Lila,F,Islander,English
Lilah,F,"Delicate, Amorous, Lily",Hebrew
Lilah,F,Islander,English
Lili,F,Flower,Latin
Lili,F,"Flower, Innocence, Purity, Beauty",French
Lilia,F,Flower,Latin
Lilian,M,"Innocence, Purity, Beauty",English
Lilian,F,Flower,Latin
Lilian,F,"Innocence, Purity, Beauty",English
Liliana,F,Flower,Latin
Liliane,F,"Innocence, Purity, Beauty",French
Lilianne,F,Flower,Latin
Lilias,F,Flower,Latin
Lilibet,F,"My God is bountiful, God of plenty",English
Lilibeth,F,"My God is bountiful, God of plenty",English
Lilie,F,Lily,Hebrew
Lilith,F,"Delicate, Amorous, Lily",Hebrew
Lilith,F,"Ghost, Storm Goddess, Spirit of the night",Arabic
Lillah,F,Dark as the night,Arabic
Lilli,F,"Flower, Innocence, Purity, Beauty",German
Lillian,F,"Innocence, Purity, Beauty",English
Lillie,F,"Flower, Innocence, Purity, Beauty",English
Lilly,F,Flower,Latin
Lilly,F,"Flower, Innocence, Purity, Beauty",English
Lily,F,"Delicate, Amorous, Lily",Hebrew
Lily,F,Flower,Latin
Lily,F,"Flower, Innocence, Purity, Beauty",English
Lily,F,"Ghost, Storm Goddess, Spirit of the night",Arabic
Lily Ann,F,Flower,Latin
Lilybell,F,"My God is bountiful, God of plenty",English
Lilybeth,M,"My God is bountiful, God of plenty",English
Lilybeth,F,"My God is bountiful, God of plenty",English
Lilyth,F,"Ghost, Storm Goddess, Spirit of the night",Arabic
Lilyth,F,"Ghost, Storm Goddess, Spirit of the night",Hebrew
Limber,F,Joyful,African
Lin,M,Dwells by the torrent,Anglo-Saxon
Lin,M,Lives by the linden tree,English
Lin,F,Pretty,Spanish
Lin,F,Waterfall,English
Lina,F,Alluring,Latin
Lina,F,Butterfly,Italian
Lina,F,Delicate,Arabic
Lina,F,Joyful,English
Lina,F,Light,Greek
Lina,F,"Strong, Melody, Song",German
Linc,M,Lakeside colony,English
Lincoln,M,From the settlement by the pool,Celtic
Lincoln,M,Lakeside colony,English
Lind,M,Lives by the linden tree,English
Lind,F,Snake,German
Linda,F,Beautiful woman,Italian
Linda,F,Beautiful woman,Spanish
Linda,F,Gentle one,Greek
Linda,F,"Lime tree, Linden tree, Beautiful",English
Linda,F,"Snake, Lime tree, Linden tree",German
Linda,F,Wait,African
Lindael,M,Lives by the linden tree valley,English
Lindberg,M,From the linden tree hill,German
Lindberg,M,Linden tree,English
Linddun,M,Lives by the linden tree,English
Lindeberg,M,From the linden tree hill,German
Lindel,M,From the linden tree dell,English
Lindell,M,From the linden tree meadow,English
Linden,M,Linden tree,English
Linden,F,Pretty,Spanish
Linden,F,The linden tree,English
Lindi,F,"Lime tree, Linden tree, Beautiful",English
Lindi,F,Pretty,Spanish
Lindie,F,Snake,German
Lindisfarne,M,From Lindisfarne,English
Lindiwe,F,Have waited,African
Lindleigh,M,From the linden tree meadow,English
Lindley,M,From the linden tree meadow,English
Lindly,M,From the linden tree meadow,English
Lindon,M,Linden tree,English
Lindsay,M,From the island of the lime tree,Scottish
Lindsay,F,"A lake, A place of linden trees",Scottish
Lindsay,F,From the linden tree island,English
Lindsay,F,Linden island,Celtic
Lindsey,F,From the linden tree island,English
Lindsey,F,Linden island,Celtic
Lindt,M,Linden tree,English
Lindy,F,Gentle one,Greek
Lindy,F,"Lime tree, Linden tree, Beautiful",English
Lindy,F,Linden island,Celtic
Lindy,F,Pretty,Spanish
Lindzee,F,Linden island,Celtic
Lindzee,F,Pool island,English
Line,M,From the bank,English
Linely,M,Linden tree,English
Linetta,F,"Linnet bird, Flaxen",French
Linette,F,Bird,Anglo-Saxon
Linette,F,Grace,Celtic
Linette,F,Little lion,French
Linford,M,From the linden tree ford,English
Link,M,From the bank,English
Linleah,M,From the flax field,English
Linley,M,From the flax field,English
Linly,M,From the flax field,English
Linn,M,Dwells by the torrent,Anglo-Saxon
Linn,F,A cascade,Anglo-Saxon
Linn,F,"Linnet bird, Flaxen",French
Linne,F,Waterfall,English
Linnea,F,"Lime tree, National flower of Sweden",Norwegian
Linnet,F,"Linnet bird, Flaxen",French
Linnette,F,Grace,Celtic
Linnette,F,"Linnet bird, Flaxen",French
Linnette,F,Songbird,English
Linsey,F,"A lake, A place of linden trees",English
Linsey,F,"A lake, A place of linden trees",Scottish
Linsey,F,Linden island,Celtic
Linton,M,Linden tree,English
Lintun,M,From the flax enclosure,English
Linus,M,Flaxen-haired,French
Linwood,M,From the linden tree meadow,English
Lion,M,Lion,English
Lion,M,Young lion,French
Lionel,M,Cousin of Lancelot,Arthurian Legend
Lionel,M,Lion,English
Lionel,M,Young lion,French
Lionell,M,Lion,English
Lionell,M,Young lion,French
Lionello,M,Young lion,French
Liora,F,"The laurel tree, Sweet bay tree, Honor, Victory",English
Lioslaith,F,Dwells at the gray fortress,Scottish
Lipika,F,Short letter,Indian
Lipót,M,Brave,Hungarian
Lir,M,A mythical king,Celtic
Liriene,F,Reads aloud,French
Lirienne,F,Reads aloud,French
Lirit,F,Poetic,Hebrew
Lirita,F,Poetic,Hebrew
Lirkin,F,Bird,English
Lis,F,"Bee, Honey",Greek
Lis,F,Consecrated to God,Scandinavian
Lis,F,Flower,Latin
Lisa,F,"Bee, Honey",Greek
Lisa,F,Consecrated to God,Hebrew
Lisa,F,Devoted to God,German
Lisa,F,Devoted to God,Spanish
Lisa,F,"My God is bountiful, God of plenty",English
Lisabet,M,Devoted to God,English
Lisabet,F,Devoted to God,English
Lisabet,F,Devoted to God,Hebrew
Lisabeth,F,Devoted to God,English
Lisabette,F,Devoted to God,Hebrew
Lisandra,F,Protector of mankind,English
Lisandro,M,"Liberator, Emancipation",Spanish
Lisavet,F,Devoted to God,Hebrew
Lisbet,F,Devoted to God,English
Lisbeth,F,God's oath,German
Lisbeth,F,God's oath,Hebrew
Lise,M,Salmon's head rising above water (Miwok),Native American
Lise,F,Devoted to God,German
Lise,F,Devoted to God,Hebrew
Lise,F,Devoted to God,Spanish
Lise,F,"My God is bountiful, God of plenty, Devoted to God",French
Lisetta,F,Consecrated to God,Hebrew
Lisette,F,Consecrated to God,Hebrew
Lisette,F,Warrior maiden,German
Lisha,F,Happy,English
Lishan,F,"Award, Medal",African
Lisie,F,Devoted to God,Spanish
Lisle,M,Carl's island,English
Lisle,M,From the island,French
Lissa,F,"Bee, Honey",Greek
Lissa,F,Honey,English
Lissette,F,God's oath,French
List,M,Cunning,Anglo-Saxon
Litsa,F,One who brings good news,Greek
Litton,M,From tbe hillside town,English
Liusadh,F,Warrior maiden,German
Liv,F,Kind one,Norse
Liv,F,Life,Norwegian
Liv,F,Olive tree,French
Liv,F,Olive tree,Latin
Livana,F,Goddess,Greek
Livana,F,White,Hebrew
Livania,F,Goddess,Greek
Livanna,F,Goddess,Greek
Livanya,F,Goddess,Greek
Livia,F,Kind one,Norse
Livia,F,Olive tree,English
Livia,F,Olive tree,French
Livia,F,Olive tree,Latin
Livingston,M,From Lyfing's town,English
Livingstone,M,From Livingston,Scottish
Livvy,F,Kind one,Norse
Livvy,F,Olive tree,French
Livvy,F,Olive tree,Latin
Livy,F,Kind one,Norse
Livy,F,Olive tree,French
Livy,F,Olive tree,Latin
Liwanu,M,Growl of a bear (Miwok),Native American
Liz,F,Devoted to God,English
Liz,F,God's oath,German
Liz,F,God's oath,Hebrew
Liza,F,Devoted to God,Hebrew
Liza,F,God's oath,German
Liza,F,"My God is bountiful, God of plenty",English
Lizabeth,F,Devoted to God,English
Lizandra,F,God's protection,English
Lizann,F,Beloved by God,English
Lizbet,F,Devoted to God,English
Lizbet,F,Devoted to God,Hebrew
Lizbeth,F,Devoted to God,Hebrew
Lizbeth,F,"My God is bountiful, God of plenty",English
Lizette,F,"My God is bountiful, God of plenty",English
Lizzie,F,God's oath,German
Lizzie,F,God's oath,Hebrew
Lizzy,F,God's oath,German
Lizzy,F,God's oath,Hebrew
Llacheu,M,Arthur's son,Arthurian Legend
Llamrei,F,Arthur's horse,Arthurian Legend
Llaynie,F,"Fair, Beautiful",Irish
Llesenia,F,A gypsy,Spanish
Llewellyn,M,Famous warrior,German
Llewellyn,M,Ruler,English
Llewelyn,M,Ruler,Celtic
Lloyd,M,Gray,Celtic
Lloyd,M,Gray haired,English
Lloyd,M,Gray haired,Welsh
Lludd,M,Name of a king,Arthurian Legend
Llyr,M,A mythical king,Celtic
Loc,M,Lives by tbe stronghold,English
Lochana,F,Eye,Indian
Lochlain,M,Home of the Norse,Irish
Lochlann,M,Home of the Norse,Irish
Locke,M,Lives by tbe stronghold,English
Locke,F,Stronghold,English
Lockwood,M,From the enclosed wood,English
Lodema,F,Guide,English
Lodima,F,Guide,English
Lodovico,M,Appeared in Othello,Shakespearian
Lodovico,M,Famous warrior,German
Lodyma,F,Guide,English
Loe,M,Father of Erec,Arthurian Legend
Loefel,M,Dearly loved,English
Loella,F,Elfin,English
Logan,M,Little hollow,Scottish
Logan,F,Little hollow,Scottish
Logen,M,Low meadow,Scottish
Logestilla,F,Legend,French
Logistilla,F,Legend,French
Lohengrin,M,Son of Percival,Arthurian Legend
Lohoot,M,Son of Arthur,Arthurian Legend
Lois,F,Warrior maiden,German
Loise,F,Warrior maiden,German
Lokelani,F,Small red rose,Hawaiian
Lokesh,M,King of world,Indian
Loki,M,Trickster God,Scandinavian
Loki,F,Trickster God,Scandinavian
Loknath,M,Lord of all worlds,Indian
Lokni,M,Rain falls through the roof (Miwok),Native American
Lokprakash,M,Light of the world,Indian
Lola,F,"Strong, Strong-woman",Spanish
Lolaksi,F,A sakti of Ganesha,Indian
Loleta,F,Strong,Spanish
Lolita,F,"Strong, Strong-woman",Spanish
Lolitta,F,Strong,Spanish
Lomahongva,F,Beautiful clouds arising (Hopi),Native American
Loman,M,Bare,Irish
Lomasi,F,Pretty flower,Native American
Lon,M,Fierce,Gaelic
Lon,M,"Laurel crown, The crown of victory",Latin
Lona,F,Beautiful,Indian
Lona,F,Solitary,English
Lonato,M,Flint,Native American
London,M,Fierce ruler of the world,English
Lonell,M,Young lion,English
Lonell,M,Young lion,French
Longaville,M,Appeared in Love's Labour Lost,Shakespearian
Loni,F,Solitary,English
Lonna,F,Lion,English
Lonnell,M,Young lion,English
Lonnell,M,Young lion,French
Lonnie,M,"Laurel crown, The crown of victory",Latin
Lonnie,F,Lion,English
Lonny,M,Fierce,Gaelic
Lonyn,F,"Laurel crown, The crown of victory",English
Lonzo,M,"Noble estate, Eager",Spanish
Loorea,F,The moon,Australian Abori
Lootah,M,Red (Sioux),Native American
Lor,F,"Laurel leaves, Honour, Fame, Spirit",Latin
Lora,F,Flower,Spanish
Lora,F,"Laurel leaves, Honour, Fame, Spirit",Latin
Lora,F,Small sage one,Anglo-Saxon
Lora,F,"The laurel tree, Sweet bay tree, Honor, Victory",English
Lorah,M,"The laurel tree, Sweet bay tree, Honor, Victory",German
Lorah,F,"The laurel tree, Sweet bay tree, Honor, Victory",German
Loraina,F,Place name,French
Loraine,F,Made famous in battle,German
Loraine,F,Place name,French
Loralei,F,Temptress,German
Loran,M,"From the place of laurel trees, Honor, Victory",English
Lorance,M,"From the place of laurel trees, Honor, Victory",English
Loranna,F,"The laurel tree, Sweet bay tree, Honor, Victory",German
Lorayne,F,Place name,French
Lorcan,M,"Laurel crown, The crown of victory",Latin
Lorcan,M,Little fierce one,Irish
Lorda,F,Reference to the Virgin Mary,Spanish
Lore,F,Flower,Spanish
Loreen,F,"The laurel tree, Sweet bay tree, Honor, Victory",English
Loreene,F,"The laurel tree, Sweet bay tree, Honor, Victory",English
Lorelei,F,Temptress,German
Loren,M,"From the place of laurel trees, Honor, Victory",English
Loren,M,"Laurel crown, The crown of victory",Latin
Loren,F,"The laurel tree, Sweet bay tree, Honor, Victory",English
Lorena,F,"The laurel tree, Sweet bay tree, Honor, Victory",English
Lorence,M,"From the place of laurel trees, Honor, Victory",English
Lorene,F,"Laurel leaves, Honour, Fame, Spirit",Latin
Lorene,F,"The laurel tree, Sweet bay tree, Honor, Victory",English
Lorenia,F,"The laurel tree, Sweet bay tree, Honor, Victory",English
Lorenna,F,"The laurel tree, Sweet bay tree, Honor, Victory",English
Lorenz,M,Laurel,German
Lorenz,M,"Laurel crown, The crown of victory",Latin
Lorenza,F,"Laurel leaves, Honour, Fame, Spirit",Latin
Lorenza,F,"The laurel tree, Sweet bay tree, Honor, Victory",English
Lorenzo,M,Appeared in Merchant of Venice,Shakespearian
Lorenzo,M,"From the place of laurel trees, Honor, Victory",Spanish
Lorenzo,M,"Laurel crown, The crown of victory",Latin
Loreta,F,"The laurel tree, Sweet bay tree, Honor, Victory",English
Loretta,F,"Laurel leaves, Honour, Fame, Spirit",Latin
Loretta,F,Pure,Spanish
Loretta,F,Small sage one,Anglo-Saxon
Loretta,F,"The laurel tree, Sweet bay tree, Honor, Victory",English
Loretta,F,Where Lothar dwells,German
Lorette,M,"The laurel tree, Sweet bay tree, Honor, Victory",English
Lorette,F,"Laurel leaves, Honour, Fame, Spirit",Latin
Lorette,F,"The laurel tree, Sweet bay tree, Honor, Victory",English
Lorette,F,Where Lothar dwells,German
Lori,F,"Laurel leaves, Honour, Fame, Spirit",Latin
Lori,F,"The laurel tree, Sweet bay tree, Honor, Victory",English
Lori,F,Where Lothar dwells,German
Loria,M,"The laurel tree, Sweet bay tree, Honor, Victory",English
Loria,F,"The laurel tree, Sweet bay tree, Honor, Victory",English
Lorian,F,"The laurel tree, Sweet bay tree, Honor, Victory",English
Loriana,F,"The laurel tree, Sweet bay tree, Honor, Victory",English
Loriann,F,"The laurel tree, Sweet bay tree, Honor, Victory",English
Lorianne,F,"The laurel tree, Sweet bay tree, Honor, Victory",English
Loriel,F,"The laurel tree, Sweet bay tree, Honor, Victory",English
Lorilee,F,"The laurel tree, Sweet bay tree, Honor, Victory",English
Lorilynn,F,"The laurel tree, Sweet bay tree, Honor, Victory",English
Lorimar,M,Saddle maker,English
Lorimer,M,Saddle maker,English
Lorin,M,"From the place of laurel trees, Honor, Victory",English
Lorin,M,"Laurel crown, The crown of victory",Latin
Lorin,F,"Laurel crown, The crown of victory",French
Lorin,F,"Laurel leaves, Honour, Fame, Spirit",Latin
Lorina,F,"Laurel leaves, Honour, Fame, Spirit",Latin
Lorinda,F,"The laurel tree, Sweet bay tree, Honor, Victory",English
Loring,M,Famous in battle,German
Loring,M,"Laurel crown, The crown of victory",Latin
Loring,M,Warrior,French
Loris,F,"The laurel tree, Sweet bay tree, Honor, Victory",English
Lorita,F,"Laurel leaves, Honour, Fame, Spirit",Latin
Lorita,F,"The laurel tree, Sweet bay tree, Honor, Victory",German
Loritz,M,Laurel,German
Lorna,F,"From the place of laurel trees, Honor, Victory",English
Lorna,F,"From the place of laurel trees, Honor, Victory",Scottish
Lorna,F,"Laurel leaves, Honour, Fame, Spirit",Latin
Lorna,F,Of Lorne,Celtic
Lorna,F,Where Lothar dwells,German
Lorne,M,"From the place of laurel trees, Honor, Victory",Scottish
Lorne,M,"Laurel crown, The crown of victory",Latin
Lorne,M,Of Lorne,Celtic
Lorne,F,Where Lothar dwells,German
Lornell,M,"From the place of laurel trees, Honor, Victory",Scottish
Lorraina,F,Place name,French
Lorraine,F,Warrior maiden,French
Lorraine,F,Warrior maiden,German
Lorren,M,"Laurel crown, The crown of victory",English
Lorren,F,"Laurel crown, The crown of victory",English
Lorrie,F,Where Lothar dwells,German
Lorrin,F,"Laurel crown, The crown of victory",English
Lorrina,F,"The laurel tree, Sweet bay tree, Honor, Victory",English
Lorry,F,"Laurel leaves, Honour, Fame, Spirit",Latin
Lorry,F,Where Lothar dwells,German
Loryn,M,"From the place of laurel trees, Honor, Victory",English
Loryn,F,"Laurel crown, The crown of victory",English
Loryn,F,"Laurel leaves, Honour, Fame, Spirit",Latin
Loránd,M,Brave warrior,Hungarian
Lot,M,Name of a king,Arthurian Legend
Lot,M,Veiled,Hebrew
Lotario,M,Warrior,German
Lothair,M,Famous in battle,German
Lothair,M,Fighter,French
Lothaire,M,Warrior,German
Lothar,M,Renowned warrior,German
Lotharing,M,Famous in battle,German
Lotte,F,Masculine,German
Lotte,F,"Petite, Feminine",French
Lottie,F,"Petite, Feminine",French
Lotus,F,"Freamlike, Lotus flower",Greek
Lotye,F,"Tiny, Womanly",French
Lou,M,Famous warrior,German
Lou,F,Light,Latin
Lou,F,Warrior maiden,German
Louella,F,Famous elf,English
Louella,F,"From the place of laurel trees, Honor, Victory",French
Loughlin,M,Servant,Irish
Louie,M,Famous warrior,German
Louis,M,Famous warrior,German
Louis,M,"From the place of laurel trees, Honor, Victory",English
Louis,M,"From the place of laurel trees, Honor, Victory",French
Louis,M,"From the place of laurel trees, Honor, Victory",Spanish
Louisa,F,"From the place of laurel trees, Honor, Victory",French
Louisa,F,Warrior maiden,German
Louisane,F,Renowned warrior,German
Louise,F,"From the place of laurel trees, Honor, Victory",French
Louise,F,Warrior maiden,German
Louisiana,F,Warrior maiden,German
Lourdes,F,Reference to the Virgin Mary,Spanish
Louredes,F,Reference to the Virgin Mary,Spanish
Louvel,M,Little wolf,French
Lov,F,Affection,English
Love,F,Affection,English
Lovell,M,Dearly loved,English
Lovell,M,Young wolf,French
Lovie,F,Loved one,English
Lovisa,F,Renowned warrior,German
Lowan,M,A mallee fowl,Australian Abori
Lowan,F,A mallee fowl,Australian Abori
Lowana,F,A girl,Australian Abori
Lowanna,F,A girl,Australian Abori
Lowe,M,Little wolf,French
Lowell,M,Dearly loved,English
Lowell,M,Young wolf,French
Loyal,M,"Faithful, Unswerving",English
Loyal,M,True,French
Loyce,F,Warrior maiden,German
Lsss,F,Girl,English
Lssse,F,Girl,English
Lu,M,Famous warrior,German
Lu,F,Light,Latin
Lu,F,Warrior maiden,German
Luana,F,Warrior maiden,German
Luane,F,Warrior maiden,German
Luc,M,Bringer of light,Latin
Luc,M,"Light, Illumination",French
Luca,M,Bringer of light,Latin
Lucais,M,Bringer of light,Latin
Lucan,M,Bringer of light,Latin
Lucan,M,Brother of Arthur,Arthurian Legend
Lucan,M,Joins,Anglo-Saxon
Lucas,M,Bringer of light,Latin
Lucas,M,"Light, Illumination",English
Luce,F,Appeared in Comedy of Errors,Shakespearian
Luce,F,Light,Latin
Lucena,F,Illumination,Spanish
Lucentio,M,Appeared in Taming of the Shrew,Shakespearian
Lucero,M,Bringer of light,Spanish
Lucetta,F,Appeared in Two Gentlemen of Verona,Shakespearian
Lucette,F,Light,Latin
Lucette,F,"Light, Illumination",French
Luchas,M,Bringer of light,Latin
Luci,F,"Light, Illumination",English
Lucia,F,Light,Latin
Lucian,M,Bringer of light,Latin
Lucian,M,"Light, Illumination",French
Luciana,F,Appeared in Comedy of Errors,Shakespearian
Luciana,F,Light,Latin
Lucianna,F,Light,Latin
Lucianne,F,Light,Latin
Luciano,M,Bringer of light,Latin
Luciano,M,"Light, Illumination",Spanish
Lucida,F,Light,Latin
Lucie,F,Light,Latin
Lucie,F,"Light, Illumination",French
Lucien,M,Bringer of light,Latin
Lucien,M,"Light, Illumination",French
Lucienne,F,Light,Latin
Lucienne,F,"Light, Illumination",French
Lucila,M,"Light, Illumination",Spanish
Lucila,F,"Light, Illumination",Spanish
Lucile,F,Light,French
Lucile,F,Light,Latin
Lucille,F,Light,French
Lucille,F,Light,Latin
Lucina,F,Illumination,German
Lucinda,F,Bringer of light,Latin
Lucinde,F,Bringer of light,Latin
Lucine,F,Moon,Arabic
Lucio,M,Appeared in Measure for Measure,Shakespearian
Lucio,M,Bringer of light,Spanish
Lucita,F,Little light,Spanish
Lucius,M,"Appeared in Julius Caesar, Timon of Athens, Titus Andronicus",Shakespearian
Lucius,M,Bringer of light,Latin
Lucius,M,"Light, Illumination",English
Luckas,M,Bringer of light,Latin
Lucky,M,"Fortunate, Lucky",English
Lucrece,F,Riches,French
Lucrece,F,Riches,Latin
Lucrecia,F,Bringer of light,Spanish
Lucretia,F,Riches,Latin
Lucrezia,F,Riches,Latin
Lucullus,M,Appeared in Timon of Athens,Shakespearian
Lucy,F,"Light, Illumination",English
Lucy,F,Riches,Latin
Ludkhannah,F,Graceful battle maiden,German
Ludlow,M,From the prince's hill,English
Luduvico,M,Famous warrior,German
Ludvig,M,Famous warrior,German
Ludwig,M,Famous warrior,German
Ludwik,M,Famous warrior,German
Lueius,M,A Roman emperor,Arthurian Legend
Luell,F,Famous elf,English
Luella,F,Famous elf,English
Luella,F,"From the place of laurel trees, Honor, Victory",Spanish
Luelle,F,Elfin,English
Luete,F,Of the people,German
Lufian,M,Love,Anglo-Saxon
Lufti,M,Kind,Arabic
Lugaidh,M,Famous warrior,Irish
Lughaidh,M,Famous warrior,German
Luighseach,F,Torch bringer,Irish
Luigi,M,Famous warrior,German
Luiginw,M,Famous warrior,German
Luijzika,F,Renowned warrior,German
Luis,M,Famous warrior,German
Luis,M,Famous warrior,Spanish
Luisa,F,Renowned warrior,Spanish
Luisa,F,Warrior maiden,German
Luise,F,Warrior maiden,German
Luitpold,M,Bold leader,German
Luiza,F,"From the place of laurel trees, Honor, Victory",Spanish
Lujza,F,Renowned warrior,German
Luka,M,Bringer of light,Latin
Lukas,M,Bringer of light,Latin
Luke,M,Bringer of light,Latin
Lukene,F,Bringer of light,Latin
Luki,M,Famous warrior,German
Lukian,M,Bringer of light,Latin
Lukyan,M,Bringer of light,Latin
Lukács,M,Bringer of light,Latin
Lulie,F,Warrior maiden,German
Lulu,F,"Pearl, Precious",African
Lulu,F,Rabbit,Native American
Lulu,F,Renowned warrior,English
Lulu,F,Warrior maiden,German
Lun,M,Strong,Irish
Luna,F,Moon,Latin
Lunden,M,From London,Anglo-Saxon
Lundie,M,From the island grove,Scottish
Lundy,M,By the Island,Scandinavian
Lundy,M,From the island grove,Scottish
Lundy,F,By the Island,Scandinavian
Lundy,F,Monday,French
Lune,F,Moon,Latin
Luned,F,Servant of Laudine,Arthurian Legend
Lunet,F,Servant of Laudine,Arthurian Legend
Lunete,F,Servant of Laudine,Arthurian Legend
Lunetta,F,Moon,Latin
Lunn,M,Strong,Irish
Lunt,M,From the grove,Scandinavian
Lupe,F,Wolf,Latin
Lupe,F,Wolf,Spanish
Lupita,F,Named for the Virgin Mary,Spanish
Lur,F,Earth,Spanish
Lurleen,F,Temptress,German
Lurlene,F,Temptress,German
Lurlina,F,Temptress,German
Lurline,F,Temptress,German
Lurnea,F,A resting-place,Australian Abori
Lutera,M,Warrior,German
Luthais,M,Famous warrior,Scottish
Luther,M,Famous warrior,German
Luthias,M,Famous warrior,German
Lutz,M,Famous warrior,German
Luvena,F,Little beloved one,English
Luvenia,F,Derived from the Roman given name Levinia,Spanish
Luvina,F,Derived from the Roman given name Levinia,Spanish
Luvina,F,Little beloved one,English
Luvyna,F,Little beloved one,English
Luwana,F,Warrior maiden,German
Luxovious,M,Mythical god of Luxeuil,Celtic
Luyu,F,Wild dove,Native American
Luz,F,Bringer of light,Spanish
Luz,F,Light,Latin
Luza,F,Light,Latin
Lwin,M,Outstanding,Burmese
Lwin,F,Outstanding,Burmese
Lyall,M,Loyal,Scottish
Lyam,M,Resolute protector,Irish
Lychorinda,F,Appeared in Pericles,Shakespearian
Lydell,M,From the open dell,English
Lydell,M,Surname,Scottish
Lydia,F,"Woman from Persia, Beauty",Greek
Lydie,F,"Woman from Persia, Beauty",Greek
Lyel,M,Loyal,Scottish
Lyell,M,Island,French
Lyfing,M,Dearly loved,English
Lykaios,M,Wolf-like,Greek
Lykaios,F,Wolf-like,Greek
Lyla,F,Dark as the night,Arabic
Lyla,F,Islander,English
Lyle,M,Carl's island,English
Lyle,M,Islander,French
Lyman,M,From the valley,English
Lymoges,M,Appeared in King John,Shakespearian
Lyn,M,Dwells by the torrent,Anglo-Saxon
Lyn,F,A cascade,Anglo-Saxon
Lyn,F,Waterfall,English
Lyna,F,Butterfly,Italian
Lynd,M,Lives by the linden tree,English
Lynda,F,"Lime tree, Linden tree, Beautiful",English
Lynda,F,Pretty,Spanish
Lyndall,F,"Lime tree, Linden tree, Beautiful",English
Lyndee,F,"Lime tree, Linden tree, Beautiful",English
Lyndi,F,"Lime tree, Linden tree, Beautiful",English
Lyndon,M,Lives by the linden tree,English
Lyndsay,F,From the linden tree island,English
Lyndsay,F,Linden island,Celtic
Lyndsey,F,"A lake, A place of linden trees",English
Lyndsey,F,"A lake, A place of linden trees",Scottish
Lyndsey,F,Linden island,Celtic
Lyndsie,M,From the linden tree island,English
Lyndsie,F,From the linden tree island,English
Lyndsy,F,Linden island,Celtic
Lyndsy,F,Pool island,English
Lynelle,F,"House, Church",English
Lynelle,F,Lynette accompanied Sir Gareth on a knightly quest.,Arthurian Legend
Lynessa,M,"House, Church",English
Lynessa,F,"House, Church",English
Lynessa,F,Lynette accompanied Sir Gareth on a knightly quest.,Arthurian Legend
Lynet,F,Bird,Anglo-Saxon
Lynet,F,Grace,Celtic
Lynet,F,Lynette accompanied Sir Gareth on a knightly quest.,Arthurian Legend
Lynette,F,Bird,Anglo-Saxon
Lynette,F,Grace,Celtic
Lynette,F,"House, Church",English
Lynette,F,"Linnet bird, Flaxen",French
Lynette,F,Lynette accompanied Sir Gareth on a knightly quest.,Arthurian Legend
Lynford,M,From the linden tree ford,English
Lynley,F,"House, Church",English
Lynley,F,Lynette accompanied Sir Gareth on a knightly quest.,Arthurian Legend
Lynn,M,Dwells by the torrent,Anglo-Saxon
Lynn,F,A cascade,Anglo-Saxon
Lynn,F,Bitter,Hebrew
Lynn,F,Waterfall,English
Lynna,F,A cascade,Anglo-Saxon
Lynna,F,"House, Church",English
Lynna,F,Lynette accompanied Sir Gareth on a knightly quest.,Arthurian Legend
Lynne,M,"House, Church",English
Lynne,F,A cascade,Anglo-Saxon
Lynne,F,"House, Church",English
Lynne,F,Lynette accompanied Sir Gareth on a knightly quest.,Arthurian Legend
Lynnet,F,"House, Church",English
Lynnet,F,Lynette accompanied Sir Gareth on a knightly quest.,Arthurian Legend
Lynnette,F,"House, Church",English
Lynnette,F,Little lion,French
Lynnette,F,Lynette accompanied Sir Gareth on a knightly quest.,Arthurian Legend
Lynsey,F,From the linden tree island,English
Lynsey,F,Linden island,Celtic
Lynzee,F,From the linden tree island,English
Lynzie,F,From the linden tree island,English
Lyon,M,Young lion,French
Lyonel,M,Young lion,French
Lyones,F,Wife of Gareth,Arthurian Legend
Lyonesse,F,Little lion,Celtic
Lyonesse,F,Wife of Gareth,Arthurian Legend
Lyonet,F,Lynette accompanied Sir Gareth on a knightly quest.,Arthurian Legend
Lyonette,F,Little lion,French
Lyonors,F,Mother of Boore,Arthurian Legend
Lyra,F,Of the Iyre or song,French
Lyre,M,A fork from river,English
Lyric,F,Of the Iyre or song,French
Lyris,F,Player of the lyre,Greek
Lysa,F,Devoted to God,Spanish
Lysander,M,Appeared in Midsummer Night's Dream,Shakespearian
Lysander,M,"Liberator, Emancipation",Greek
Lysandra,M,"Liberator, Emancipation",Greek
Lysanor,F,Mother of Boore,Arthurian Legend
Lyse,F,Devoted to God,Spanish
Lysimachus,M,Appeared in Pericles,Shakespearian
Lyssa,F,"Bee, Honey",English
Lyssa,F,"Noble, Truth",German
Lyssa,F,"Noble, Truth",Greek
Lytton,M,Hillside town,English
Lyvia,F,Olive tree,English
Lyza,M,Devoted to God,English
Lyza,F,Devoted to God,English
Lyzbeth,F,Devoted to God,English
László,M,"Might, Fame",Hungarian
Lázár,M,God's help,Hebrew
Lél,M,Bugler,Hungarian
Lénárd,M,Lion-hearted,German
Lóránt,M,Brave warrior,Hungarian
Lõrinc,M,Laurentian,Hungarian
Ma,F,"Sky, Skye",Arabic
Maaka,M,God of war,Maori
Maarten,M,Fondness of war,Dutch
Maata,F,A lady,Maori
Mab,F,Happiness,Irish
Mab,F,Joyous,Gaelic
Mabbina,F,Happiness,Irish
Mabel,F,"My fair maid, Lovely",French
Mabel,F,"My fair maid, Lovely",Latin
Mabella,F,"My fair maid, Lovely",French
Mabella,F,"My fair maid, Lovely",Latin
Mabelle,F,Lovable,French
Mabina,F,Nimble,Celtic
Mable,F,"My fair maid, Lovely",English
Mablevi,M,Do not deceive,African
Mabley,F,Joyous,Gaelic
Mabon,M,A knight,Arthurian Legend
Mabon,M,Mythical god of youth,Celtic
Mabonaqain,M,A knight,Arthurian Legend
Mabry,F,"My fair maid, Lovely",French
Mabry,F,"My fair maid, Lovely",Latin
Mabuz,M,Ruler of Death Castle,Arthurian Legend
Mac,M,Diminutive of names beginning with Mac..,Scottish
Mac,M,Son of Flann,Celtic
Mac,M,The greatest,Latin
MacAdhamh,M,Son of Adam,Scottish
MacAlister,M,Son of Alasdair,Scottish
MacAlpin,M,Son of Alpine,Scottish
MacAlpine,M,Son of Alpine,Scottish
MacAndrew,M,Son of Andrew,Scottish
MacArthur,M,Son of Arthur,Scottish
MacAulay,M,Son of Olaf,Scottish
MacAuliffe,M,Son of Olaf,Irish
MacAuslan,M,Son of Absalon,Scottish
MacBain,M,Son of Beathan,Scottish
MacBean,M,Son of Beathan,Scottish
MacBeth,M,Son of Beth,Scottish
MacBride,M,Son of Bridget Bride,Irish
MacCallum,M,Son of Callum,Scottish
MacClennan,M,Son of Finnian's servant,Scottish
MacColl,M,Son of Coll,Scottish
MacCormack,M,Son of Cormac,Irish
MacDaibhidh,M,David's son,Scottish
MacDhuBh,M,Son of the blackman,Scottish
MacDomhnall,M,Son of the world's ruler,Scottish
MacDonald,M,Son of the world's ruler,Scottish
MacDonell,M,Son of the world's ruler,Scottish
MacDougal,M,Son of Dougal,Scottish
MacDoughall,M,Son of Dougal,Scottish
MacDubhgall,M,Son of Dougal,Scottish
MacDuff,M,Son of the blackman,Scottish
MacElroy,M,Son of Elroy,Irish
MacEwen,M,Son of Ewen,Scottish
MacFarlane,M,Son of Farlan,Scottish
MacFie,M,Son of the dark of peace,Scottish
MacGillivray,M,Son of the servant of judgment,Scottish
MacGowan,M,Son of the smith,Scottish
MacGregor,M,Son of a shepherd,Scottish
MacInnes,M,Son of the unique choice,Scottish
MacIntosh,M,Son of the thane,Scottish
MacIver,M,Son of an archer,Scottish
MacKay,M,Rejoicer,Welsh
MacKay,M,Son of fire,Scottish
MacKendrick,M,Son of Henry,Scottish
MacKenzie,M,"Fair, Favored one, Son of the fair man, Son of Kenzie",Scottish
MacKinley,M,Son of Kinley,Scottish
MacKinnon,M,Son of the fair born,Scottish
MacLachlan,M,Son of Lachlan,Scottish
MacLaine,M,Son of the servant of John,Scottish
MacLaren,M,Son of Laren,Scottish
MacLean,M,Son of the servant of John,Scottish
MacLeod,M,Son of the ugly man,Scottish
MacMaureadhaigh,M,Son of Murray,Irish
MacMillan,M,Son of the ba!d man,Scottish
MacMurra,M,Son of Murray,Irish
MacNab,M,Son of the Abbot,Scottish
MacNachtan,M,Son of the pure one,Scottish
MacNaughton,M,Son of the pure one,Scottish
MacNeill,M,Son of the champion,Scottish
MacNiall,M,Son of the champion,Scottish
MacNicol,M,Son of the conquering people,Scottish
MacPherson,M,Son of the parson,Scottish
MacQuaid,M,Son of Quaid,Irish
MacQuarrie,M,Son of the proud,Scottish
MacQueen,M,Son of the good man,Scottish
MacRae,M,Son of grace,Scottish
MacRay,M,Son of grace,Scottish
Macaria,F,Daughter of Hercules and Deianara,Greek
Macario,M,Happy,Spanish
Macartan,M,Son of Artan,Irish
Macbeth,M,Appeared in Macbeth,Shakespearian
Maccus,M,Hammer,Celtic
Macduff,M,Appeared in Macbeth,Shakespearian
Mace,M,A medieval weapon,English
Mace,M,Aromatic spice,Latin
Mace,M,"From Matthew's land, Club",French
Macee,F,Gift of God,French
Maceo,M,"From Matthew's land, Club",English
Maceo,M,"From Matthew's land, Club",French
Macerio,M,Medieval weapon used by knights,Spanish
Macey,M,"From Matthew's land, Club",English
Macey,M,"From Matthew's land, Club",French
Macey,F,Gift of God,French
Macha,F,Plain,Irish
Machair,M,Plain,Scottish
Machakw,M,Horny toad (Hopi),Native American
Machar,M,Plain,Scottish
Machara,F,Plain,Scottish
Machau,M,Gift from God,Hebrew
Machi,F,10 thousand,Japanese
Machiko,F,Child of Machi,Japanese
Machk,M,Bear (Algonquin),Native American
Machum,M,Comfort,Hebrew
Maci,F,Gift of God,English
Macie,F,Gift of God,English
Mack,M,Son of Flann,Celtic
Mack,M,Son of Flann,Scottish
Mack,M,The greatest,Latin
MackIntosh,M,Son of the thane,Scottish
Mackenzie,M,Son of the wise leader,Gaelic
Mackenzie,F,"Son of Kenzie, Fair; Favored one.",Scottish
Mackenzy,M,Son of the wise leader,Gaelic
Mackie,M,Son of the wise leader,Gaelic
Macklin,M,Son of Flann,Celtic
Macklyn,M,Son of Flann,Celtic
Macmorris,M,Appeared in Henry V,Shakespearian
Macomb,M,To make,English
Macon,M,To make,English
Macy,M,"From Matthew's land, Club",English
Macy,M,"From Matthew's land, Club",French
Macy,F,Gift of God,French
Mada,F,From Mathilda,Irish
Madailein,F,"Woman from Magdala, One who is elevated, A high tower",Irish
Madalen,F,From the tower,Hebrew
Madalena,F,Bitter,Spanish
Madalena,F,"Woman from Magdala, One who is elevated, A high tower",Hebrew
Madalene,F,Woman from Magdala,French
Madalyn,F,From the tower,Hebrew
Madalynn,F,Woman from Magdala,Spanish
Madalynn,F,"Woman from Magdala, One who is elevated, A high tower",Hebrew
Madan,M,"Cupid, God of love",Indian
Maddalen,F,Magnificent,German
Maddalena,F,Magnificent,German
Maddalena,F,"Woman from Magdala, One who is elevated, A high tower",Hebrew
Maddalene,F,Magnificent,German
Maddalyn,F,Magnificent,German
Madden,M,Smalldog Milos,Irish
Maddie,F,"Battle maiden, Strength",German
Maddie,F,Woman from Magdala,English
Maddie,F,"Woman from Magdala, One who is elevated, A high tower",Hebrew
Maddison,M,Son of a mighty warrior,English
Maddison,M,Son of a mighty warrior,German
Maddock,M,Beneficent,Celtic
Maddock,M,"Champion, Good fortune",Welsh
Maddox,M,Beneficent,Celtic
Maddox,M,"Champion, Good fortune",Welsh
Maddy,M,"Champion, Good fortune",Welsh
Maddy,M,Son of a mighty warrior,English
Maddy,M,Son of a mighty warrior,German
Maddy,F,"Battle maiden, Strength",German
Maddy,F,Woman from Magdala,French
Maddy,F,"Woman from Magdala, One who is elevated, A high tower",Hebrew
Madeira,F,Sweet wine,Spanish
Madel,F,From the tower,Hebrew
Madelaine,F,"Woman from Magdala, One who is elevated, A high tower",Hebrew
Madeleina,F,Tower,French
Madeleine,F,Tower,French
Madeleine,F,"Woman from Magdala, One who is elevated, A high tower",Hebrew
Madelena,F,From the tower,Hebrew
Madelena,F,Woman from Magdala,English
Madelene,F,From the tower,Hebrew
Madelene,F,Woman from Magdala,English
Madelhari,M,War counselor,German
Madelhari,F,Army counsellor,German
Madelina,F,Woman from Magdala,French
Madeline,F,Woman from Magdala,French
Madeline,F,"Woman from Magdala, One who is elevated, A high tower",Hebrew
Madelon,M,Woman from Magdala,French
Madelon,F,Woman from Magdala,French
Madelon,F,"Woman from Magdala, One who is elevated, A high tower",Hebrew
Madelyn,F,"Woman from Magdala, One who is elevated, A high tower",Hebrew
Madelynn,F,Woman from Magdala,Spanish
Madelynne,F,"Woman from Magdala, One who is elevated, A high tower",Hebrew
Madena,F,Woman from Magdala,Spanish
Madge,F,Child of light,Persian
Madge,F,Pearl ??,Latin
Madhav,M,Sweet like honey,Indian
Madhavi,F,Daughter of Yayati,Indian
Madhavilata,F,A flowering creeper,Indian
Madhu,F,Honey,Indian
Madhubala,F,Sweet girl,Indian
Madhukar,M,"Honey bee, Lover",Indian
Madhumalati,F,A flowering creeper,Indian
Madhumita,F,Sweet girl,Indian
Madhur,F,Sweet,Indian
Madhura,F,Sweet,Indian
Madhuri,F,Sweet girl,Indian
Madhusudhana,M,"Krishna, One who killed demon Madhu",Indian
Madia,F,Woman from Magdala,Spanish
Madie,F,Tower,French
Madigan,F,"Woman from Magdala, One who is elevated, A high tower",Hebrew
Madina,F,Woman from Magdala,Spanish
Madison,M,"Gift of God, Strong fighter",English
Madison,M,Son of a mighty warrior,German
Madison,F,"Gift of God, Strong fighter",English
Madleen,F,"Woman from Magdala, One who is elevated, A high tower",Hebrew
Madlin,F,"Woman from Magdala, One who is elevated, A high tower",Hebrew
Madntyre,M,Son of the carpenter,Scottish
Madoc,M,"Champion, Good fortune",Welsh
Madock,M,"Champion, Good fortune",Welsh
Madog,M,"Champion, Good fortune",Welsh
Madolen,F,Tower,French
Madonna,F,A lady,Italian
Madonna,F,Bitter,Hebrew
Mador,M,Accuser of Guinevere,Arthurian Legend
Madora,F,"Ruling, Middle child",Greek
Madora,F,"Ruling, Middle child",Latin
Madox,M,"Champion, Good fortune",Welsh
Madra,F,Mother,English
Madra,F,Mother,Spanish
Madre,F,Mother,English
Madre,F,Mother,Spanish
Madrona,F,Mother,Spanish
Mads,M,Gift from God,Hebrew
Maduley,M,Son of Olaf,Irish
Mady,F,Maiden,English
Mady,F,Maiden,German
Mady,F,"Woman from Magdala, One who is elevated, A high tower",Hebrew
Mae,F,Kinswomen,Anglo-Saxon
Mae,F,May,French
Mae,F,"Woman from Magdala, One who is elevated, A high tower",Hebrew
MaeAdam,M,Son of Adam,Scottish
Maed,M,From the meadow,English
Maegth,F,Maiden,English
Maeleachlainn,M,Servant,Irish
Maelee,F,May,French
Maelisa,M,Serves Christ,Irish
Maelwine,M,Strong friend,English
Maelynn,F,May,French
Maeret,M,Little famous one,English
Maerewine,M,Famous friend,English
Maergrethe,F,Child of light,Persian
Maergrethe,F,Pearl ??,Latin
Maertisa,F,Famous,English
Maethelwine,M,Council friend,English
Maetthere,M,Strong army,English
Maeve,M,Little bird,English
Maeve,F,A mythical queen,Celtic
Maeve,F,A purple flower,Latin
Maeve,F,Goddess,Greek
Maeve,F,Joy,Irish
Maeveen,F,Nimble,Celtic
Maeves,M,Little bird,English
Mag,F,Child of light,Persian
Mag,F,Pearl ??,Latin
Magan,M,Competent,Anglo-Saxon
Magan,F,Powerful,Teutonic
Maganhildi,F,Strong battle maiden,German
Magd,F,Maiden,German
Magda,F,Woman from Magdala,German
Magda,F,"Woman from Magdala, One who is elevated, A high tower",Hebrew
Magdala,F,From the tower,Hebrew
Magdalen,F,Woman from Magdala,Spanish
Magdalen,F,"Woman from Magdala, One who is elevated, A high tower",Hebrew
Magdalena,F,Woman from Magdala,Spanish
Magdalena,F,"Woman from Magdala, One who is elevated, A high tower",Hebrew
Magdalene,F,Woman from Magdala,Spanish
Magdalene,F,"Woman from Magdala, One who is elevated, A high tower",Hebrew
Magdaline,F,"Woman from Magdala, One who is elevated, A high tower",Hebrew
Magee,M,Surname,Irish
Magee,F,Child of light,Persian
Magee,F,Pearl ??,Latin
Magena,F,"A covering, Protection",Hebrew
Magena,F,The coming moon,Native American
Maggi,F,Pearl ??,English
Maggie,F,Child of light,Persian
Maggie,F,Pearl ??,English
Maggie,F,Pearl ??,Latin
Maggie,F,Pearl ??,Scottish
Maggy,F,Child of light,Persian
Maggy,F,Pearl ??,English
Maggy,F,Pearl ??,Latin
Magna,F,Large,Latin
Magne,M,Mighty warrior,Norse
Magnhilda,F,Strong battle maiden,German
Magnild,F,Strong battle maiden,German
Magnilda,F,Large,Latin
Magnilda,F,Strong battle maiden,German
Magnilde,F,Strong battle maiden,German
Magnolia,F,Flower,French
Magnum,M,Large,Latin
Magnum,M,The great,Scandinavian
Magnus,M,Large,Latin
Magnus,M,The great,Scandinavian
Magnuson,M,Large,Latin
Magnuson,M,The great,Scandinavian
Mago,M,Great,Irish
Mah Chow,F,Great,Vietnamese
Mahabala,M,Remarkable strength,Indian
Mahadev,M,Most powerful god,Indian
Mahal,F,Woman,Native American
Mahala,F,Marrow,Arabic
Mahala,F,Tenderness,Hebrew
Mahala,F,Woman,Native American
Mahalah,F,Marrow,Arabic
Mahalah,F,Tenderness,Hebrew
Mahalah,F,Woman,Native American
Mahalar,F,Marrow,Arabic
Mahalar,F,Tenderness,Hebrew
Mahalar,F,Woman,Native American
Mahalia,F,Marrow,Arabic
Mahalia,F,Tenderness,Hebrew
Mahalia,F,Woman,Native American
Mahavir,M,Most courageous among men,Indian
Mahavira,M,Son of Priyavrata,Indian
Maheepati,M,The king,Indian
Mahela,F,Marrow,Arabic
Mahela,F,Tenderness,Hebrew
Mahela,F,Woman,Native American
Mahelia,F,Marrow,Arabic
Mahelia,F,Tenderness,Hebrew
Mahelia,F,Woman,Native American
Maheloas,M,Lord of the Isle of Glass,Arthurian Legend
Mahendra,M,Indra,Indian
Maher,M,Generous,Irish
Mahesh,M,Shiva,Indian
Mahieu,M,Gift of God,French
Mahima,F,Greatness,Indian
Mahina,F,The moon,Polynesian
Mahir,M,Skilled,Arabic
Mahkah,M,Earth (Sioux),Native American
Mahmoud,M,Praised one,Arabic
Mahmud,M,Praised one,Arabic
Mahon,M,Bear,Irish
Mahoney,M,Surname,Irish
Mahpee,M,Sky (Sioux),Native American
Mahuru,F,The goddess of spring,Polynesian
Mai,M,Ron,Hebrew
Mai,F,Bitter,Hebrew
Mai,F,Brightness,Japanese
Mai,F,Coyote,Native American
Mai,F,May,French
Mai,F,Pearl ??,Scottish
Maia,F,Bitter,Hebrew
Maia,F,May,French
Maia,F,"Nurse, Mother, Goddess of spring, Great",Greek
Maia,F,"Nurse, Mother, Goddess of spring, Great",Latin
Maialen,F,From the tower,Hebrew
Maibelle,F,"My fair maid, Lovely",French
Maibelle,F,"My fair maid, Lovely",Latin
Maible,F,Lovable,Irish
Maichail,M,Gift from God,Hebrew
Maida,F,Maiden,Anglo-Saxon
Maida,F,Maiden,English
Maidel,F,From the tower,Hebrew
Maidel,F,Maiden,English
Maidie,F,Maiden,English
Maidoc,M,"Champion, Good fortune",Welsh
Maidy,F,A maiden,English
Maigarena,F,"Woman from Magdala, One who is elevated, A high tower",Hebrew
Maighdlin,F,"Woman from Magdala, One who is elevated, A high tower",Hebrew
Maighdlin,F,"Woman from Magdala, One who is elevated, A high tower",Irish
Maiko,F,Child of Mai,Japanese
Mailhairer,M,Ill fated,French
Maille,F,Pearl ??,Irish
Mailsi,F,Pearl ??,Irish
Mainchin,M,Monk,Irish
Maiolaine,F,Flower,French
Mair,F,Bitter,Hebrew
Maira,F,Bitter,Scottish
Maire,F,Bitter,Hebrew
Maire,F,Bitter,Irish
Maire,F,Little Mary,French
Mairead,F,Name of a saint,Irish
Mairghread,F,Child of light,Persian
Mairghread,F,Pearl ??,Latin
Mairi,F,Bitter,Hebrew
Mairi,F,Bitter,Scottish
Mairia,F,Bitter,Irish
Mairin,F,Bitter,Hebrew
Mairona,F,Bitter,Irish
Maisie,F,Child of light,Persian
Maisie,F,Child of light,Scottish
Maisie,F,"Love, Worthy of love, Precious thing",English
Maisie,F,Pearl ??,Latin
Maisy,F,Child of light,Scottish
Maitane,F,Dearly loved,English
Maite,F,Dearly loved,English
Maite,F,Love,Spanish
Maitea,F,Love,Spanish
Maitena,F,Dearly loved,English
Maiti,F,Strong battle maiden,Irish
Maitilda,F,Strong battle maiden,Irish
Maitilde,F,"Battle maiden, Strength",German
Maitilde,F,Strong battle maiden,Irish
Maitland,M,From the meadow,English
Maitreya,M,Friend,Indian
Maitreyi,F,Name of a woman scholar,Indian
Maitri,F,Friendship,Indian
Maitryi,F,Friendship,Indian
Maive,M,Little bird,English
Maiya,F,A vegetable,Australian Abori
Maiya,F,May,French
Maizah,F,Discerning,African
Maize,F,Bitter,Hebrew
Maizie,F,Child of light,Scottish
Maj,F,Pearl ??,Swedish
Majella,F,Name of a saint,Irish
Majeur,M,Greater,Latin
Majida,F,Glorious,Arabic
Major,M,Greater,Latin
Majori,F,Pearl ??,French
Majorie,M,Greater,Latin
Majors,M,Greater,Latin
Maka,M,A small fire,Australian Abori
Makarand,M,Honey bee,Indian
Makarim,F,Honourable,Arabic
Makda,F,"Woman from Magdala, One who is elevated, A high tower",African
Makeda,F,Beautiful armrest,African
Makeen,M,Strong,Arabic
Makemba,F,A Congolese Goddess.,African
Makena,F,The happy one,African
Makepeace,M,Peace maker,English
Makiko,F,Child of Maki,Japanese
Makin,M,Strong,Arabic
Makis,M,Gift from God,Hebrew
Makkapitew,M,He has large teeth (Algonquin),Native American
Makkitotosimew,F,She has large breasts (Algonquin),Native American
Makolm,M,Follower of Saint Columba,Scottish
Makon,M,To make,English
Maks,M,The greatest,Latin
Maksim,M,The greatest,Latin
Makya,M,Eagle hunter (Hopi),Native American
Mal,M,Chief,Irish
Mal,M,"Chief, Leader",Celtic
Mal,M,Disciple of Saint Columbia,Scottish
Mal,M,Messenger of God,Hebrew
Mal,F,Army counsellor,German
Mal,F,Smooth snow,Gaelic
Mala,F,"Bad one, Meeting hall",English
Mala,F,"Bad one, Meeting hall",French
Mala,F,"Battle maiden, Strength",German
Mala,F,"Necklace, Garland",Indian
Mala,F,"Woman from Magdala, One who is elevated, A high tower",Hebrew
Malachai,M,Messenger of God,Hebrew
Malachi,M,Messenger of God,Hebrew
Malachy,M,Messenger of God,Hebrew
Malachy,M,Servant,Irish
Malak,F,Messenger,Hebrew
Malati,F,Jasmine,Indian
Malavika,F,Princess of Malawa,Indian
Malca,F,Queen,Hebrew
Malcah,F,Queen,Hebrew
Malcolm,M,Servant of Saint Columba,Celtic
Malcolm,M,St. Columb's disciple,Scottish
Malcom,M,St. Columb's disciple,Scottish
Maldue,M,A wizard,Arthurian Legend
Maldwyn,M,Brave friend,German
Malena,F,Gentle one,Greek
Malene,F,Magnificent,German
Malha,F,"Strong, Beautiful",Indian
Mali,F,"Strong, Beautiful",Indian
Malia,F,Bitter,Hebrew
Malia,F,Bitter,Spanish
Maliha,F,"Strong, Beautiful",Indian
Malik,M,Master,Arabic
Malika,F,"Queen, Princess",African
Malila,F,Salmon going fast upstream (Miwok),Native American
Malin,M,Little warrior,English
Malin,F,Army counsellor,German
Malina,F,Dark,Indian
Malina,F,Gentle one,Greek
Malina,F,"Woman from Magdala, One who is elevated, A high tower",Hebrew
Malinda,F,Gentle one,Greek
Malinda,F,"My God is bountiful, God of plenty",English
Malinde,F,Gentle one,Greek
Malini,F,"Florist, A river",Indian
Malini,F,From the tower,Hebrew
Malita,F,Bitter,Spanish
Malka,F,Queen,Hebrew
Malkah,F,Queen,Hebrew
Mallaidh,F,Bitter,Hebrew
Mallana,F,A canoe,Australian Abori
Mallee,M,Scrubland,Australian Abori
Malleville,M,From Malleville,French
Mallie,F,Gentle one,Greek
Mallika,F,Queen,Indian
Mallorey,F,Army counsellor,German
Mallorie,F,Army counsellor,German
Mallory,M,Ill fated,French
Mallory,M,War counselor,German
Mallory,F,Army counsellor,German
Mallory,F,Mailed,French
Mallory,F,Surname,English
Malloy,M,Noble chief,Irish
Mally,F,Army counsellor,German
Mally,F,Bitter,Hebrew
Mally,F,Gentle one,Greek
Mally,F,Smooth snow,Gaelic
Malmuira,F,Dark skinned,Scottish
Malmuirie,F,Dark skinned,Scottish
Malone,M,Serves Saint John,Irish
Maloney,M,Serves Saint John,Irish
Malori,F,Army counsellor,German
Malory,F,Army counsellor,German
Malti,F,Small fragrant flower,Indian
Malu,F,Peaceful,Hawaiian
Malva,F,"Slender, Soft, Mallow flower",Greek
Malva,F,"Slender, Soft, Mallow flower",Latin
Malva,F,Smooth snow,Gaelic
Malvie,F,Smooth snow,Gaelic
Malvin,M,Chief,Irish
Malvin,M,"Chief, Leader",Celtic
Malvin,M,Council friend,English
Malvina,F,Handmaiden,Celtic
Malvina,F,Smooth snow,Gaelic
Malvina,F,Sweet,Irish
Malvolio,M,Appeared in Twelfth Night,Shakespearian
Malvyn,M,"Chief, Leader",Celtic
Malvyn,M,Council friend,English
Malyn,M,Little warrior,English
Mamata,F,"Love, Affection",Indian
Mame,F,Bitter,Hebrew
Mamie,F,Bitter,English
Mamie,F,Bitter,Hebrew
Mamie,F,Child of light,Persian
Mamie,F,Pearl ??,Latin
Mamiko,F,Child of Mami,Japanese
Mamillius,M,Appeared in A Winter's Tale,Shakespearian
Mamo,M,Earth,Japanese
Mamoru,M,Earth,Japanese
Mamta,F,"Mother's love for child, Wife of sage Asija",Indian
Man,M,Son of the hero,English
Manal,F,Achieve,Arabic
Manar,F,Light,Arabic
Manara,F,Light,Arabic
Manasi,F,A lady,Indian
Manasses,M,Forgetful,Hebrew
Manavendra,M,King among men,Indian
Manchester,M,Man of the meadow,English
Manda,F,Battle maid,Spanish
Manda,F,Harmony,Indian
Manda,F,"Love, Worthy of love, Precious thing",English
Manda,F,"Love, Worthy of love, Precious thing",Latin
Manda,F,Whiskey,Scottish
Mandalyn,F,"Love, Worthy of love, Precious thing",English
Mandar,M,Flower,Indian
Mandara,F,Mythical tree,Indian
Mandeep,F,Light of heart,Indian
Mandek,M,Army man,Polish
Mandel,M,Almond,German
Mandel,M,Makes garments,French
Mander,M,From me,English
Mandhatri,M,Prince,Indian
Mandi,F,"Love, Worthy of love, Precious thing",English
Mandi,F,"Love, Worthy of love, Precious thing",Latin
Mandie,F,"Love, Worthy of love, Precious thing",English
Mandie,F,"Love, Worthy of love, Precious thing",Latin
Mandisa,F,Sweet,African
Mandu,M,The sun,Australian Abori
Mandy,F,"Extraordinary, To be admired",Latin
Mandy,F,"Love, Worthy of love, Precious thing",English
Mane,M,Great,Irish
Manendra,M,King of mind,Indian
Manette,F,Bitter,French
Manette,F,Bitter,Hebrew
Manfred,M,Hero's peace,English
Manfred,M,Peaceful,German
Manfrid,M,Hero's peace,English
Manfried,M,Peaceful,German
Manfrit,M,Peaceful,German
Mangala,F,"Auspicious, Bliss",Indian
Mangena,F,Melody,Hebrew
Manhattan,F,Whiskey,English
Manhattan,F,Whiskey,Scottish
Manheim,M,Man of the meadow,English
Mani,M,Equal,Australian Abori
Mani,M,God is with us,Spanish
Mani,F,Equal,Australian Abori
Manik,F,Gem,Indian
Manilla,F,A winding river,Australian Abori
Manindra,M,Diamond,Indian
Manini,F,A lady,Indian
Maniram,M,Jewel of a person,Indian
Manish,M,God of mind,Indian
Manisha,F,"Sharp intellect, Genius",Indian
Manishankar,M,Shiva,Indian
Manjari,F,A bunch,Indian
Manju,F,"Snow, Dew drops",Indian
Manjula,F,Melodious,Indian
Manjusha,F,A box of jewels,Indian
Manjusri,F,Saraswati,Indian
Manley,M,Hero,English
Manly,M,Hero,English
Mann,M,Hero,English
Mann,M,Vassal,Anglo-Saxon
Manneville,M,From the great estate,French
Mannie,M,God is with us,Spanish
Manning,M,Son of a hero,English
Mannix,M,Monk,Irish
Mannix,M,Munk,Celtic
Mannleah,M,From the hero's meadow,English
Mannuss,M,Great,Irish
Manny,M,God is with us,Hebrew
Manny,M,God is with us,Spanish
Manny,M,Man of peace,German
Manny,F,Whiskey,English
Manny,F,Whiskey,Scottish
Mano,M,God is with us,Spanish
Manoela,F,With God,Spanish
Manohar,M,One who wins over mind,Indian
Manoj,M,Born of mind,Indian
Manolito,M,God is with us,Spanish
Manolo,M,God is with us,Spanish
Manon,F,Bitter,French
Manon,F,Bitter,Hebrew
Manorama,F,Attractive,Indian
Manoranjan,M,One who pleases the mind,Indian
Manprasad,M,Mentally calm and cool person,Indian
Mansfield,M,Man of the meadow,English
Mansi,F,Plucked flower (Hopi),Native American
Mansukh,M,Pleasure of mind,Indian
Mansur,M,Divinely aided,Arabic
Mantel,M,Makes garments,French
Manton,M,From Mann's castle,Anglo-Saxon
Manton,M,Man of the meadow,English
Mantotohpa,M,Four bears (Cheyenne),Native American
Manu,M,"Founder, Father of human beings",Indian
Manu,M,The man of the birds,Polynesian
Manuel,M,God is with us,Hebrew
Manuel,M,God is with us,Spanish
Manuela,F,God is among us,Hebrew
Manuela,F,God is with us,Spanish
Manuella,F,God is with us,Hebrew
Manuelo,M,God is with us,Spanish
Manus,M,Large,Latin
Manus,M,Surname,Irish
Manus,M,The great,Scandinavian
Manushri,F,Lakshmi,Indian
Manville,M,From the great estate,French
Manville,M,Man of the meadow,English
Manya,F,Little Mary,French
Manya,F,Small,Australian Abori
Maola,F,Handmaiden,Irish
Maoli,F,Handmaiden,Irish
Maolmuire,M,Dark skinned,Scottish
Maolruadhan,M,Serves Saint Ruadhan,Irish
Maonaigh,M,Wealthy,Irish
Mapenzi,F,Beloved,African
Maponus,M,God of youth and music,Anglo-Saxon
Mar,F,Bitter,Hebrew
Mar,F,Full of grace,Latin
Mara,F,Bitter,English
Mara,F,Bitter,Hebrew
Mara,F,"Eternal, Immortal, Steadfast",German
Mara,F,Little Mary,French
Marabel,F,"Extraordinary, To be admired",Latin
Marabel,F,"Extraordinary, To be admired",Spanish
Marala,F,Swan,Indian
Maralah,F,Born during an earthquake,Native American
Maralin,F,Bitter,Hebrew
Maralyn,M,Waterfall,English
Maralyn,F,Waterfall,English
Marama,M,The moon man,Polynesian
Marc,M,"Warlike, Hammer, Defender",French
Marc,M,"Warlike, Hammer, Defender",Latin
Marcade,M,Appeared in Love's Labour Lost,Shakespearian
Marcail,F,Pearl ??,French
Marcail,F,Pearl ??,Scottish
Marcas,M,"Of Mars, The god of war",Irish
Marcas,M,"Of Mars, The god of war",Scottish
Marceau,M,God of war,French
Marceau,M,"Warlike, Hammer, Defender",Latin
Marcel,M,God of war,French
Marcel,M,"Warlike, Hammer, Defender",Latin
Marcela,F,Warring,Spanish
Marcelia,F,Martial,Latin
Marcelin,F,God of war,French
Marcelin,F,God of war,Latin
Marceline,F,God of war,French
Marceline,F,God of war,Latin
Marcella,F,God of war,French
Marcella,F,God of war,Latin
Marcelle,F,God of war,French
Marcelle,F,God of war,Latin
Marcellia,F,God of war,French
Marcellino,M,God of war,French
Marcello,M,God of war,French
Marcellus,M,Appeared in Hamlet,Shakespearian
Marcellus,M,God of war,French
Marcey,F,Martial,Latin
March,M,"Warlike, Hammer, Defender",Latin
Marchelle,F,"Of Mars, The god of war",French
Marchette,F,Martial,Latin
Marchita,F,Martial,Latin
Marchland,M,From the march,English
Marchman,M,From the march,English
Marci,F,Martial,Latin
Marcia,F,Martial,Latin
Marciana,F,God of war,French
Marciana,F,God of war,Latin
Marcie,F,God of war,French
Marcie,F,Martial,Latin
Marcille,F,Martial,Latin
Marcin,M,Warlike,Polish
Marclyn,F,God of war,French
Marclyn,F,God of war,Latin
Marco,M,"Warlike, Hammer, Defender",Latin
Marco,M,Warring,Spanish
Marcos,M,"Of Mars, The god of war",Spanish
Marcus,M,"Warlike, Hammer, Defender",Latin
Marcus Andonicus,M,Appeared in Titus Andronicus,Shakespearian
Marcus Antonius,M,Appeared in Julius Caesar,Shakespearian
Marcus Brutus,M,Appeared in Julius Caesar,Shakespearian
Marcy,F,God of war,French
Marcy,F,Martial,Latin
Mardel,M,Surname,English
Marden,M,From the valley with the pool,English
Mardian,M,Appeared in Antony & Cleopatra,Shakespearian
Mardon,M,From the valley with the pool,English
Mardyth,M,Field near water,English
Mare,F,Bitter,Hebrew
Mare,F,Bitter,Irish
Maree,F,Bitter,English
Maree,F,Bitter,French
Mareechi,M,Ray of light,Indian
Mareesa,F,Bitter,English
Marek,M,"Warlike, Hammer, Defender",Latin
Marel,F,Bitter,Hebrew
Marelda,F,Famous battle maiden,German
Marella,F,A lady,Arabic
Marella,F,Bitter,Hebrew
Marella,F,Shining sea,Celtic
Marella,F,Shining sea,Irish
Maren,F,Bitter,Hebrew
Maren,F,Sea,Latin
Maressa,F,Of the sea,Latin
Maretta,F,Bitter,Hebrew
Marette,F,Bitter,Hebrew
Marga,F,Child of light,Persian
Marga,F,Pearl ??,Latin
Margalith,F,Child of light,Persian
Margalith,F,Pearl ??,Latin
Margalo,F,Child of light,Persian
Margalo,F,Pearl ??,Latin
Margarelon,M,Appeared in Troilus & Cressida,Shakespearian
Margaret,F,Appeared in Much Ado About Nothing,Shakespearian
Margaret,F,Child of light,Persian
Margaret,F,Name of a saint,Irish
Margaret,F,Pearl ??,Latin
Margareta,F,Child of light,Persian
Margareta,F,Pearl ??,Latin
Margaretha,F,Child of light,Persian
Margaretha,F,Pearl ??,Latin
Margarethe,F,Child of light,Persian
Margarethe,F,Pearl ??,Latin
Margarida,F,Child of light,Persian
Margarida,F,Pearl ??,Latin
Margarita,F,Child of light,Persian
Margarita,F,Pearl ??,Latin
Margarita,F,Pearl ??,Spanish
Margaux,F,Child of light,Persian
Margaux,F,Pearl ??,French
Margaux,F,Pearl ??,Latin
Margawse,F,Mother of Gawain,Arthurian Legend
Marge,F,Child of light,Persian
Marge,F,Pearl ??,French
Marge,F,Pearl ??,Latin
Margeaux,F,Pearl ??,French
Margerie,M,Pearl ??,French
Margerie,F,Pearl ??,English
Margery,F,Child of light,Persian
Margery,F,Pearl ??,French
Margery,F,Pearl ??,Latin
Marget,F,Child of light,Persian
Marget,F,Pearl ??,Latin
Margette,F,Child of light,Persian
Margette,F,Pearl ??,Latin
Margey,F,Pearl ??,French
Margherita,F,Child of light,Persian
Margherita,F,Pearl ??,Latin
Margiad,F,Child of light,Persian
Margiad,F,Pearl ??,Latin
Margie,F,Child of light,Persian
Margie,F,Pearl ??,French
Margie,F,Pearl ??,Latin
Margit,M,Pearl ??,German
Margit,F,Pearl ??,German
Margita,F,Child of light,Persian
Margita,F,Pearl ??,Latin
Margo,F,Child of light,Persian
Margo,F,Pearl ??,French
Margo,F,Pearl ??,German
Margo,F,Pearl ??,Latin
Margory,F,Child of light,Persian
Margory,F,Pearl ??,Latin
Margot,F,Child of light,Persian
Margot,F,Pearl ??,French
Margot,F,Pearl ??,Latin
Margret,F,Child of light,Persian
Margret,F,Pearl ??,Latin
Margrit,F,Pearl ??,German
Marguerite,F,Child of light,Persian
Marguerite,F,Pearl ??,French
Marguerite,F,Pearl ??,Latin
Marhilda,F,Famous battle maiden,German
Marhildi,F,Famous battle maiden,German
Mari,F,Bitter,Hebrew
Mari,F,Flower,Greek
Mari,F,Of the sea,Latin
Maria,F,Appeared in Twelfth Night,Shakespearian
Maria,F,Bitter,French
Maria,F,Bitter,German
Maria,F,Bitter,Hebrew
Maria,F,Bitter,Spanish
Mariabella,F,My beautiful Mary,Italian
Mariabelle,F,My beautiful Mary,Italian
Mariadok,M,King Mark's servant,Arthurian Legend
Mariah,F,Bitter,English
Mariah,F,Bitter,French
Mariah,F,Bitter,Hebrew
Mariam,F,Bitter,Arabic
Mariam,F,Wife of Herod,Greek
Mariama,F,Gift of God,African
Mariamne,F,Rebellious,Hebrew
Mariamne,F,Wife of Herod,Greek
Marian,F,Bitter,French
Mariana,M,Bitter,Hebrew
Mariana,F,"Appeared in All's Well that Ends Well, Measure for Measure",Shakespearian
Mariana,F,Bitter,Hebrew
Mariana,F,Little Mary,French
Mariane,F,Bitter,French
Mariann,F,Little Mary,French
Marianna,F,Little Mary,French
Marianne,F,Bitter,French
Mariano,M,Bitter,Hebrew
Mariano,M,Bitter,Spanish
Mariano,F,Bitter,Hebrew
Mariasha,F,Bitter,Hebrew
Mariath,F,Bitter,Hebrew
Maribel,F,Bitter,Hebrew
Maribel,F,My beautiful Mary,Italian
Maribella,F,Bitter,Hebrew
Maribelle,F,Bitter,Hebrew
Maribelle,F,My beautiful Mary,Italian
Maricel,F,Full of grace,Latin
Maricel,F,God of war,Spanish
Maricela,F,God of war,Spanish
Maricelia,F,God of war,Spanish
Maricella,F,God of war,Spanish
Maricelle,F,Full of grace,Latin
Marid,M,Rebellious,Arabic
Maridel,F,Bitter,Hebrew
Maridel,F,God is with us,Spanish
Marie,F,Bitter,English
Marie,F,Bitter,French
Marie,F,Bitter,Hebrew
Mariel,M,Bitter,English
Mariel,F,Bitter,English
Mariel,F,Bitter,Hebrew
Mariele,F,Bitter,French
Mariella,F,Bitter,Hebrew
Marielle,F,Bitter,French
Marielle,F,Bitter,Hebrew
Marieta,F,Bitter,Hebrew
Marietta,F,Bitter,French
Marietta,F,Bitter,Hebrew
Marietta,F,Bitter,Spanish
Mariette,F,Bitter,French
Mariette,F,Bitter,Hebrew
Marigold,F,Flower,Greek
Marigold,F,Mary's gold - refers to both the flower and the mother of Jesus.,English
Marija,F,Bitter,Hebrew
Marika,F,Bitter,Hebrew
Marika,F,Quiet and careful,Maori
Mariko,F,Child of Mari,Japanese
Marilda,F,Famous battle maiden,German
Marilee,F,Bitterness,Greek
Marilin,F,Bitter,Hebrew
Marilla,F,Bitter,Hebrew
Marilla,F,Shining sea,Celtic
Marilla,F,Shining sea,Irish
Marilo,M,"Warlike, Hammer, Defender",Latin
Marily,F,Bitter,Hebrew
Marilyn,F,Bitter,Hebrew
Marilyn,F,Little Mary,French
Marilyn,F,Waterfall,English
Marilynn,M,Waterfall,English
Marilynn,F,Waterfall,English
Marina,F,Appeared in Pericles,Shakespearian
Marina,F,Of the sea,Latin
Marina,F,Sea maiden,Russian
Mariner,M,Lives by the sea,Celtic
Marinna,F,Song,Australian Abori
Mario,M,"Bitter, King-ruler",Hebrew
Mario,M,Warring,Spanish
Marion,M,Bitter,Hebrew
Marion,F,Bitter,Hebrew
Marion,F,Little Mary,French
Mariposa,F,Butterfly,Spanish
Mariquita,F,Bitter,Spanish
Maris,F,Heifer,Greek
Maris,F,Heifer,Hebrew
Maris,F,I am the sun,Spanish
Maris,F,Of the sea,Latin
Marisa,F,Bitter,English
Marisa,F,Bitter,Spanish
Marisa,F,Mother of Daksa,Indian
Marisa,F,Of the sea,Latin
Marise,F,Bitter,English
Marisela,F,God of war,Spanish
Marisha,F,Bitter,Hebrew
Marisha,F,Little Mary,French
Mariska,F,Bitter,Hebrew
Marisol,F,Bitter,Spanish
Marissa,F,Of the sea,Latin
Marissah,F,Of the sea,Latin
Maritza,F,Of the sea,German
Maritza,F,Of the sea,Latin
Marius,M,"Bitter, King-ruler",Hebrew
Marius,M,"Warlike, Hammer, Defender",Latin
Mariya,F,Bitter,Hebrew
Marja,F,Sadness from the sea ??,Scandinavian
Marjani,F,Coral,African
Marjary,F,Pearl ??,French
Marje,F,Pearl ??,French
Marjeta,F,Pearl ??,Czech
Marji,M,Pearl ??,English
Marji,F,Pearl ??,English
Marjo,F,Pearl ??,English
Marjoe,F,Child of light,Persian
Marjoe,F,Pearl ??,Latin
Marjolaina,F,Flower,French
Marjorey,F,Pearl ??,French
Marjorie,F,Child of light,Persian
Marjorie,F,Pearl ??,French
Marjorie,F,Pearl ??,Latin
Marjory,F,Child of light,Persian
Marjory,F,Pearl ??,French
Marjory,F,Pearl ??,Latin
Marjy,F,Pearl ??,French
Mark,M,God of war,English
Mark,M,Tristan's uncIe,Arthurian Legend
Mark,M,"Warlike, Hammer, Defender",French
Mark,M,"Warlike, Hammer, Defender",Latin
Mark Antony,M,Appeared in Antony & Cleopatra,Shakespearian
Markandeya,M,A sage,Indian
Markel,M,"Of Mars, The god of war",German
Markell,M,"Of Mars, The god of war",German
Markey,M,"Of Mars, The god of war",French
Markie,M,"Warlike, Hammer, Defender",Latin
Markku,M,Rebellious,Scandinavian
Markku,F,Rebellious,Scandinavian
Marko,M,"Warlike, Hammer, Defender",Latin
Markos,M,"Of Mars, The god of war",German
Markos,M,"Warlike, Hammer, Defender",Latin
Marks,M,"Warlike, Hammer, Defender",Latin
Markus,M,"Of Mars, The god of war",German
Markus,M,"Warlike, Hammer, Defender",Latin
Marky,M,"Warlike, Hammer, Defender",Latin
Markó,M,"Warlike, Hammer, Defender",Latin
Marla,F,Bitter,Hebrew
Marla,F,"Child of light, Bitter",German
Marla,F,Woman from Magdala,English
Marlaina,F,Woman from Magdala,English
Marlaina,F,Woman from Magdala,German
Marlan,M,"Famous, Of the sea",English
Marlana,F,Woman from Magdala,English
Marlana,F,Woman from Magdala,German
Marland,M,"Famous, Of the sea",English
Marlayna,F,Woman from Magdala,English
Marlayna,F,Woman from Magdala,German
Marlayne,M,From Magdala,English
Marlayne,F,Woman from Magdala,English
Marlayne,F,Woman from Magdala,German
Marlee,F,An Elder tree,Australian Abori
Marlee,F,Bitterness,Greek
Marleen,F,Woman from Magdala,English
Marleen,F,Woman from Magdala,German
Marleen,F,"Woman from Magdala, One who is elevated, A high tower",Hebrew
Marleena,F,An Elder tree,Australian Abori
Marleena,F,Woman from Magdala,English
Marleena,F,Woman from Magdala,German
Marleene,F,Woman from Magdala,English
Marleene,F,Woman from Magdala,German
Marleigh,M,Marshy meadow,English
Marleigh,F,Marshy meadow,English
Marleina,F,Woman from Magdala,English
Marleina,F,Woman from Magdala,German
Marlen,M,Falcon,Anglo-Saxon
Marlen,M,Sea,Celtic
Marlen,M,Sea hill,Welsh
Marlena,F,Woman from Magdala,English
Marlena,F,Woman from Magdala,German
Marlena,F,"Woman from Magdala, One who is elevated, A high tower",Hebrew
Marlene,F,Woman from Magdala,English
Marlene,F,Woman from Magdala,German
Marlene,F,"Woman from Magdala, One who is elevated, A high tower",Hebrew
Marlenne,F,Woman from Magdala,English
Marley,M,From the marsh valley,English
Marley,F,Marshy meadow,English
Marlie,F,"Child of light, Bitter",German
Marlin,M,Falcon,Anglo-Saxon
Marlin,M,"Famous, Of the sea",English
Marlin,M,Little hawk,French
Marlin,M,Sea,Celtic
Marlin,M,Sea hill,Welsh
Marlin,F,Bitter,Hebrew
Marlin,F,Woman from Magdala,English
Marlina,F,An Elder tree,Australian Abori
Marlina,F,Woman from Magdala,English
Marlina,F,Woman from Magdala,German
Marlinda,F,Woman from Magdala,English
Marlinda,F,Woman from Magdala,German
Marline,M,From Magdala,English
Marline,F,Woman from Magdala,English
Marline,F,Woman from Magdala,German
Marline,F,"Woman from Magdala, One who is elevated, A high tower",Hebrew
Marlis,M,Little hawk,French
Marlis,F,Bitter,German
Marlisa,F,Bitter,German
Marlisa,F,Woman from Magdala,English
Marliss,F,Woman from Magdala,English
Marlo,M,From the hillside lake,English
Marlo,M,Little hawk,French
Marlo,F,Bitter,Hebrew
Marlon,M,Falcon,French
Marlon,M,"Famous, Of the sea",English
Marlow,M,"From the hill by the lake, Marshy meadow",English
Marlowe,M,"From the hill by the lake, Marshy meadow",English
Marlowe,F,Woman from Magdala,English
Marly,M,From the march meadow,English
Marly,M,Little hawk,French
Marly,F,Bitter,Hebrew
Marly,F,"Child of light, Bitter",German
Marlyn,M,Little hawk,French
Marlyn,F,Bitter,Hebrew
Marlyn,F,Waterfall,English
Marlyna,F,An Elder tree,Australian Abori
Marlynn,F,Woman from Magdala,English
Marlys,M,Little hawk,French
Marlys,F,Woman from Magdala,English
Marlyssa,M,From Magdala,English
Marlyssa,F,Woman from Magdala,English
Marmaduke,M,Leader of the seas,Celtic
Marmara,F,Radiant,Greek
Marmion,M,Small one,French
Marna,F,Rejoice,Hebrew
Marne,F,Rejoice,Hebrew
Marnette,F,Rejoice,Hebrew
Marni,F,Rejoice,Hebrew
Marnie,F,Rejoice,Hebrew
Marnin,M,"Cheerful, Brings joy",Hebrew
Marnina,F,"Cheerful, Brings joy",Hebrew
Marny,F,From the sea,Scandinavian
Marny,F,Rejoice,Hebrew
Marq,M,"Of Mars, The god of war",French
Marque,M,"Of Mars, The god of war",French
Marque,M,"Warlike, Hammer, Defender",Latin
Marquette,M,"Warlike, Hammer, Defender",Latin
Marquez,M,A title name ranking below duke and above earl,Spanish
Marquilla,F,Bitter,Spanish
Marquis,M,A title name ranking below duke and above earl,French
Marquis,M,"Warlike, Hammer, Defender",Latin
Marquisa,F,"Royalty, French royalty title",French
Marquise,F,"Royalty, French royalty title",French
Marquisha,F,"Royalty, French royalty title",French
Marquita,F,Bitter,Hebrew
Marrion,F,Little Mary,French
Marrok,M,A knight thought to be a werewolf,Arthurian Legend
Marron,M,A leaf,Australian Abori
Mars Leucetius,M,God worshipped at Bath,Anglo-Saxon
Marschall,M,"Keeper of the horses, Steward",English
Marschall,M,"Keeper of the horses, Steward",French
Marsden,M,From the marsh valley,English
Marsdon,M,Field near water,English
Marsh,M,From the marsh valley,English
Marsh,M,"Keeper of the horses, Steward",French
Marsha,F,Martial,English
Marsha,F,Martial,Latin
Marshal,M,"Keeper of the horses, Steward",English
Marshal,M,"Keeper of the horses, Steward",French
Marshall,M,"Keeper of the horses, Steward",English
Marshall,M,"Keeper of the horses, Steward",French
Marshe,M,"Keeper of the horses, Steward",English
Marshe,M,"Keeper of the horses, Steward",French
Marshe,F,Martial,Latin
Marsi,F,Martial,Latin
Marsie,F,Martial,Latin
Marsten,M,Town near the marsh,English
Marston,M,From the Town near the marsh,English
Marsy,F,Martial,Latin
Mart,M,Of Mars,Latin
Marta,F,A lady,Arabic
Marta,F,A lady,Spanish
Marta,F,Child of light,Persian
Marta,F,Pearl ??,Latin
Martand,M,Sun,Indian
Marteena,F,Warring,French
Martel,M,Of Mars,Latin
Martel,M,Warrior of Mars,German
Martell,M,Warrior of Mars,German
Marten,M,Of Mars,Latin
Marth,F,A lady,Arabic
Martha,F,A lady,Arabic
Martha,F,Bitter,Hebrew
Marthe,F,A lady,Arabic
Marthe,F,Bitter,Hebrew
Marti,F,A lady,Arabic
Martia,F,Martial,Latin
Martie,M,Of Mars,Latin
Martin,M,Of Mars,Latin
Martin,M,Warring,French
Martin,M,Warring,Spanish
Martin,M,Warrior of Mars,English
Martina,F,A lady,Arabic
Martina,F,Warlike,Latin
Martina,F,Warring,Spanish
Martine,F,Warlike,Latin
Martinet,M,Of Mars,Latin
Martinez,M,Warring,Spanish
Martinique,M,Of Mars,Latin
Martino,M,Of Mars,Latin
Martino,M,Warring,Spanish
Martins,M,Of Mars,Latin
Martinson,M,Of Mars,Latin
Martita,F,A lady,Arabic
Martius,M,Appeared in Titus Andronicus,Shakespearian
Marton,M,Of Mars,Latin
Marty,M,Of Mars,Latin
Marty,M,Warrior of Mars,English
Marty,F,A lady,Arabic
Marty,F,Warlike,Latin
Martyn,M,Of Mars,Latin
Martyn,M,Warrior of Mars,English
Maru,F,Gentle,Polynesian
Marus,M,"Warlike, Hammer, Defender",Latin
Marv,M,Beautiful sea,Celtic
Marv,M,Good friend,Anglo-Saxon
Marva,F,Miracle,French
Marveille,F,Miracle,French
Marvel,F,Miracle,French
Marvell,F,Miracle,French
Marvella,F,Miracle,French
Marvelle,F,Miracle,French
Marven,M,Famous friend,English
Marvin,M,Beautiful sea,Celtic
Marvin,M,Famous friend,English
Marvin,M,Good friend,Anglo-Saxon
Marvina,F,Renowned friend,Celtic
Marvyn,M,Beautiful sea,Celtic
Marvyn,M,Famous friend,English
Marwin,M,Falcon,Anglo-Saxon
Marwin,M,Famous friend,English
Marwin,M,Sea,Celtic
Marwin,M,Sea hill,Welsh
Marwood,M,From the lake forest,English
Marx,M,"Of Mars, The god of war",German
Marx,M,"Warlike, Hammer, Defender",Latin
Mary,F,Bitter,English
Mary,F,Bitter,Hebrew
Mary-Ann,F,Little Mary,French
Mary-Lynn,F,Bitter,Hebrew
Marya,F,Bitter,Hebrew
Maryam,F,Bitter,Arabic
Maryan,F,Bitter,English
Maryann,M,Bitter,English
Maryann,F,Bitter,English
Maryann,F,Bitter,Hebrew
Maryanna,F,Bitter,English
Maryanna,F,Bitter,Hebrew
Maryanne,F,Little Mary,French
Marybell,M,Bitter,English
Marybell,F,Bitter,English
Marybell,F,Bitter,Hebrew
Maryjo,F,Bitter,English
Maryjo,F,Bitter,Hebrew
Maryl,F,Blackbird,French
Marylin,F,Bitter,Hebrew
Marylin,F,Waterfall,English
Marylu,M,Bitter,English
Marylu,F,Bitter,English
Marylu,F,Bitter,Hebrew
Marylyn,F,Bitter,English
Marylynn,F,Bitter,English
Maryon,F,Bitter,English
Maryse,M,"Moorish, Dark-skinned, Moor land",English
Maryse,M,"Moorish, Dark-skinned, Moor land",French
Maryse,M,"Moorish, Dark-skinned, Moor land",Latin
Marzia,F,Martial,Latin
Marót,M,Moravian,Hungarian
Masakazu,M,First son of Masa,Japanese
Masako,F,Child of Masa,Japanese
Mase,M,Stone worker,French
Masen,M,Stone worker,French
Mash,F,Bitter,Hebrew
Masha,F,Bitter,Hebrew
Mashia,F,Bitter,Hebrew
Masia,F,A lady,Arabic
Masichuvio,M,Gray deer (Hopi),Native American
Maska,M,Strong,Native American
Maslen,M,Little twin,French
Maslin,M,Little twin,French
Mason,M,Stone worker,English
Mason,M,Stone worker,French
Massassi,F,Makoni of Zimbabwe legend name for first woman on earth,African
Masselin,M,Little Thomas,French
Massey,M,Gift of God,Hebrew
Massey,M,Twin,Greek
Massimiliano,M,The greatest,Latin
Masson,M,Stone worker,French
Matai,M,Gift of God,Hebrew
Matana,F,Gift,Arabic
Matanga,M,"Sage, Advisor to Devi Lalita",Indian
Matangi,F,A Devi,Indian
Matareka,M,The one with a smiling face,Polynesian
Matari,M,A man,Australian Abori
Matchitehew,M,He has an evil heart (Algonquin),Native American
Matchitisiw,M,He has bad character (Algonquin),Native American
Mate,M,Gift from God,Hebrew
Matea,F,God's gift,Hebrew
Matelda,F,"Battle maiden, Strength",German
Mateo,M,Gift of God,Hebrew
Mateo,M,God's gift,Spanish
Mateus,M,Gift of God,Hebrew
Math,M,Bear,Scottish
Mathe,M,Bear,Scottish
Mathe,M,Gift of God,Hebrew
Mathea,F,Gift of God,Hebrew
Mather,M,Strong army,English
Mathern,M,Gift of God,Hebrew
Mathers,M,Son of Mather,English
Matherson,M,Son of Mather,English
Matheson,M,Bear's son,Scottish
Matheu,M,Gift of God,Hebrew
Mathew,M,Gift of God,English
Mathew,M,Gift of God,Hebrew
Mathews,M,Gift from God,Hebrew
Mathia,F,Gift of God,Hebrew
Mathias,M,Gift of God,Hebrew
Mathieu,M,Gift of God,French
Mathild,F,Mighty battle maiden,German
Mathilda,F,"Battle maiden, Strength",German
Mathilda,F,Strong in war,French
Mathilde,F,"Battle maiden, Strength",German
Mathilde,F,Strong in war,French
Mathylda,F,"Battle maiden, Strength",German
Matia,M,Gift of God,Hebrew
Matias,M,Gift of God,Hebrew
Matias,M,Gift of God,Spanish
Matilda,F,"Battle maiden, Strength",German
Matilda,F,Mother of Merlin,Arthurian Legend
Matilda,F,Strong in war,French
Matilde,F,Strength for battle,French
Matin,M,Strong,Arabic
Matoskah,M,White bear (Sioux),Native American
Matrika,F,"Mother, Name of Goddess",Indian
Matro,M,God's gift,Spanish
Mats,M,Gift of God,Hebrew
Matsendra,M,King of the fishes,Indian
Matt,M,Gift of God,English
Matt,M,Gift of God,Hebrew
Mattea,F,Gift of God,Hebrew
Matteo,M,Gift of God,Hebrew
Matthea,F,Gift of God,Hebrew
Mattheson,M,Gift of God,Hebrew
Mattheus,M,Gift of God,Hebrew
Matthew,M,Gift of God,Hebrew
Matthews,M,Gift of God,Hebrew
Matthia,F,God's gift,Hebrew
Matthias,M,Gift of God,English
Matthias,M,Gift of God,Hebrew
Matthieson,M,Gift of God,Hebrew
Matthieu,M,Gift from God,Hebrew
Matthieu,M,Gift of God,French
Matthuas,M,Gift of God,Hebrew
Matthäus,M,Gift of God,Hebrew
Mattias,M,Gift of God,Hebrew
Mattie,F,A lady,Arabic
Mattie,F,"Battle maiden, Strength",German
Mattie,F,Strong in war,French
Mattieu,M,Gift of God,Hebrew
Mattison,M,Gift of God,Hebrew
Matty,M,Gift of God,Hebrew
Matty,F,A lady,Arabic
Matty,F,"Battle maiden, Strength",German
Matty,F,Strong in war,French
Matty,F,"Woman from Magdala, One who is elevated, A high tower",Hebrew
Mattye,F,"Battle maiden, Strength",German
Matunaagd,M,Fights (Algonquin),Native American
Matwau,M,Enemy (Algonquin),Native American
Matxalen,F,From the tower,Hebrew
Matyas,M,Gift from God,Hebrew
Matyus,M,Gift of God,Hebrew
Matz,M,Gift from God,Hebrew
Matze,M,Gift of God,Hebrew
Maud,F,Strength for battle,German
Maud,F,Strong battle maiden,Irish
Maud,F,Strong in war,French
Maude,F,Strength for battle,German
Maude,F,Strong battle maiden,Irish
Maude,F,Strong in war,French
Maudie,F,Strength for battle,German
Maudlin,F,"Woman from Magdala, One who is elevated, A high tower",Hebrew
Maughold,M,Name of a saint,Irish
Maui,M,A legendary hero,Polynesian
Maunfeld,M,From the field by the small river,English
Maung,M,"Brother, Mister",Burmese
Maura,F,Bitter,Hebrew
Maura,F,Bitter,Irish
Maura,F,Exceptional,Celtic
Maura,F,"Great, Little Mary, Dark-haired",French
Maura,F,"Great, Little Mary, Dark-haired",Gaelic
Maura,F,"Great, Little Mary, Dark-haired",Latin
Maure,F,Bitter,Hebrew
Maureen,F,Bitter,Hebrew
Maureen,F,Bitter,Irish
Maureen,F,Great,Celtic
Maureen,F,"Great, Little Mary, Dark-haired",French
Maureen,F,"Great, Little Mary, Dark-haired",Gaelic
Maureen,F,"Great, Little Mary, Dark-haired",Latin
Maurelle,F,Dark and elfin,French
Maureo,M,"Dark skinned, A Moor",Spanish
Maurice,M,Dark skinned warrior,Spanish
Maurice,M,"Dark skinned, A Moor",English
Maurice,M,"Dark skinned, A Moor",French
Maurice,M,"Moorish, Dark-skinned, Moor land",Latin
Mauricio,M,Moorish,Spanish
Mauricio,M,"Moorish, Dark-skinned, Moor land",English
Mauricio,M,"Moorish, Dark-skinned, Moor land",French
Mauricio,M,"Moorish, Dark-skinned, Moor land",Latin
Maurin,F,"Great, Little Mary, Dark-haired",French
Maurin,F,"Great, Little Mary, Dark-haired",Gaelic
Maurin,F,"Great, Little Mary, Dark-haired",Latin
Maurina,F,Dark skinned,French
Maurine,F,Bitter,Irish
Maurine,F,"Great, Little Mary, Dark-haired",French
Maurine,F,"Great, Little Mary, Dark-haired",Gaelic
Maurine,F,"Great, Little Mary, Dark-haired",Latin
Maurizia,F,"Great, Little Mary, Dark-haired",French
Maurizia,F,"Great, Little Mary, Dark-haired",Gaelic
Maurizia,F,"Great, Little Mary, Dark-haired",Latin
Maurizio,M,"Moorish, Dark-skinned, Moor land",English
Maurizio,M,"Moorish, Dark-skinned, Moor land",French
Maurizio,M,"Moorish, Dark-skinned, Moor land",Latin
Mauro,M,Moorish,Spanish
Maury,M,"Moorish, Dark-skinned, Moor land",English
Maury,M,"Moorish, Dark-skinned, Moor land",French
Maury,M,"Moorish, Dark-skinned, Moor land",Latin
Maurya,F,Bitter,Irish
Mausi,F,Plucks flowers (Hopi),Native American
Mausumi,F,"Beauty, Monsoon wind",Indian
Mauve,M,Little bird,English
Mava,F,Pleasant,Hebrew
Mave,F,Joy,Irish
Mave,F,Joyous,Gaelic
Mavelle,F,Songbird,Celtic
Maverick,M,An independent man who avoids conformity,English
Maves,M,Little bird,English
Mavie,F,Songbird,Celtic
Mavis,M,Little bird,English
Mavis,F,"Joy, Song of happiness",French
Mavis,F,Joyous,Gaelic
Mavis,F,Songbird,Celtic
Mavis,F,Songbird,English
Mavise,F,"Joy, Song of happiness",French
Mavrick,M,An independent man who avoids conformity,English
Mawunyaga,F,God is great,African
Max,M,Son of the wise leader,Gaelic
Max,M,The greatest,Latin
Maxa,M,The greatest,Latin
Maxey,M,The greatest,Latin
Maxfield,M,Field belonging to Mack,English
Maxfield,M,The greatest,Latin
Maxie,M,The greatest,Latin
Maxie,F,The greatest,English
Maxim,M,The greatest,Latin
Maxime,M,The greatest,French
Maximilian,M,The greatest,English
Maximilian,M,The greatest,German
Maximilian,M,The greatest,Latin
Maximiliano,M,The greatest,Latin
Maximilien,M,The greatest,Latin
Maximillian,M,The greatest,English
Maximillian,M,The greatest,German
Maximino,M,The greatest,Latin
Maximo,M,The greatest,Latin
Maximus,M,The greatest,Latin
Maxine,F,The greatest,English
Maxwell,M,Capable,English
Maxwell,M,From Maccus's pool,Anglo-Saxon
Maxwell,M,Mack's well,Scottish
May,F,Bitter,Hebrew
May,F,"Great, Little Mary, Dark-haired",French
May,F,"Great, Little Mary, Dark-haired",Gaelic
May,F,"Great, Little Mary, Dark-haired",Latin
May,F,Kinswomen,Anglo-Saxon
May,F,Pearl ??,Scottish
Maya,F,Bitter,Hebrew
Maya,F,Divine creative force,Indian
Maya,F,Industrious,Spanish
Mayah,F,Close to God,Hebrew
Mayako,F,Child of Maya,Japanese
Mayalen,F,"Woman from Magdala, One who is elevated, A high tower",Hebrew
Mayank,M,Moon,Indian
Maybelle,F,"My fair maid, Lovely",French
Maybelle,F,"My fair maid, Lovely",Latin
Maybelline,F,"My fair maid, Lovely",French
Maybelline,F,"My fair maid, Lovely",Latin
Mayda,F,Maiden,Anglo-Saxon
Mayda,F,Maiden,English
Mayde,F,Maiden,English
Maye,F,Bitter,Hebrew
Mayer,M,Farmer,German
Mayer,M,"Farmer, Greater, Bringer of light",Hebrew
Mayer,M,"Farmer, Greater, Bringer of light",Latin
Mayer,M,"Headman, Mayor",English
Mayes,F,Bitter,Hebrew
Mayfield,M,From the warrior's field,English
Mayhew,M,Gift of God,French
Mayhew,M,Gift of God,Hebrew
Mayir,M,Enlightens,Hebrew
Mayme,F,Bitter,English
Mayme,F,Bitter,Hebrew
Maymie,F,Bitter,Hebrew
Maymie,F,Child of light,Persian
Maymie,F,Pearl ??,Latin
Maynard,M,Firm,German
Maynard,M,Powerful,French
Maynard,M,Remarkable strength,Anglo-Saxon
Mayne,M,Powerful,French
Mayne,M,Powerful,German
Maynor,M,Powerful,French
Maynor,M,Powerful,German
Mayoko,F,Child of Mayo,Japanese
Mayon,M,The black God,Indian
Mayor,M,Farmer,German
Mayor,M,"Farmer, Greater, Bringer of light",Hebrew
Mayor,M,"Farmer, Greater, Bringer of light",Latin
Mayr,M,Farmer,German
Mayr,M,"Farmer, Greater, Bringer of light",Hebrew
Mayr,M,"Farmer, Greater, Bringer of light",Latin
Mayra,F,Bitter,Irish
Mayra,F,"Spring, The wind",Australian Abori
Mayrah,F,"Spring, The wind",Australian Abori
Mays,F,Bitter,Hebrew
Maysa,F,Graceful,Arabic
Maysie,F,Child of light,Scottish
Maysun,F,Has a beautiful face,Arabic
Mayukhi,F,Peahen,Indian
Mayuko,F,Child of Mayu,Japanese
Mayur,M,Peacock,Indian
Mayuri,F,Peahen,Indian
Maza blaska,M,Flat iron (Dakota),Native American
Mazel,F,Luck,Hebrew
Mazey,F,Child of light,Scottish
McCloud,M,Son of the ugly man,Scottish
Mccoy,M,Surname,Irish
Mckenzie,F,The fair one,Scottish
Mead,M,From the meadow,English
Meade,M,"Honey, Wine, Meadow",English
Meade,M,"Honey, Wine, Meadow",Irish
Meadghbh,F,Nimble,Celtic
Meadhbh,F,"Happiness, Pearl",Irish
Meadhra,M,Happy,Irish
Meagan,F,Strong,Gaelic
Meagan,F,Strong,Greek
Meagan,F,Strong,Welsh
Mealcoluim,M,Follower of Saint Columba,Scottish
Meara,M,Happy,Irish
Meara,M,Merry,Gaelic
Mearann,M,To call,Australian Abori
Mearr,F,Bitter,Irish
Meave,M,Little bird,English
Mecaenus,M,Appeared in Antony & Cleopatra,Shakespearian
Meccus,M,Son of Gus,Anglo-Saxon
Meckenzie,F,Daughter of the Wise Leader,Gaelic
Meda,F,Prophetess,Native American
Medb,F,A mythical queen,Celtic
Medea,F,"Ruling, Middle child",Greek
Medea,F,"Ruling, Middle child",Latin
Medha,F,"Intelligence, Saraswati",Indian
Media,F,"Ruling, Middle child",Greek
Media,F,"Ruling, Middle child",Latin
Medina,F,City of the Prophet,Arabic
Medora,F,"Ruling, Middle child",Greek
Medora,F,"Ruling, Middle child",Latin
Medredydd,M,Mythical son of Medredydd,Celtic
Medwin,M,Strong friend,English
Medwine,M,Strong friend,English
Medwyn,M,Strong friend,English
Medárd,M,Strong,Hungarian
Meed,M,Meadow,English
Meeda,F,Thirsty,Irish
Meena,F,"Precious stone, Fish",Indian
Meenakshi,F,"One with fish shaped eyes, Parvati",Indian
Meera,M,Merry,Gaelic
Meera,F,A devotee of Krishna,Indian
Meera,F,A string bag,Australian Abori
Meg,F,Child of light,Persian
Meg,F,Pearl ??,Latin
Meg,F,Strong,Gaelic
Meg,F,Strong,Greek
Meg,F,Strong,Welsh
Megan,F,Strong,Gaelic
Megan,F,Strong,Greek
Megan,F,Strong,Welsh
Megan,F,"Strong, Capable",Anglo-Saxon
Megann,F,Strong,Gaelic
Megann,F,Strong,Greek
Megann,F,Strong,Welsh
Megara,F,Wife of Heracles,Greek
Megdn,F,Pearl ??,Irish
Megedagik,M,Kills many (Algonquin),Native American
Meggie,F,Child of light,Persian
Meggie,F,Pearl ??,Latin
Meggie,F,Strong,Gaelic
Meggie,F,Strong,Greek
Meggie,F,Strong,Welsh
Meggy,F,Strong,Gaelic
Meggy,F,Strong,Greek
Meggy,F,Strong,Welsh
Megha,F,Clouds,Indian
Meghan,F,Pearl ??,Irish
Meghan,F,Strong,Gaelic
Meghan,F,Strong,Greek
Meghan,F,Strong,Welsh
Meghan,F,"Strong, Capable",Anglo-Saxon
Meghana,F,Raincloud,Indian
Meghdutt,M,Gift of clouds,Indian
Meghnad,M,Thunder,Indian
Megless,F,Strong,Gaelic
Megless,F,Strong,Greek
Megless,F,Strong,Welsh
Megs,F,Strong,Gaelic
Megs,F,Strong,Greek
Megs,F,Strong,Welsh
Mehala,F,Marrow,Arabic
Mehala,F,Tenderness,Hebrew
Mehala,F,Woman,Native American
Mehemet,M,Praised one,Arabic
Mehetabel,M,"Favoured by God, God is doing good",Hebrew
Mehetabel,F,God's favor,Hebrew
Meheytabel,F,God's favor,Hebrew
Mehitabel,M,"Favoured by God, God is doing good",Hebrew
Mehitabelle,M,"Favoured by God, God is doing good",Hebrew
Mehitahelle,F,God's favor,Hebrew
Mehmet,M,Praised one,Arabic
Mehul,M,Rain,Indian
Mei,F,Great one,Latin
Meid,M,Meadow,English
Meier,M,Farmer,German
Meier,M,"Farmer, Greater, Bringer of light",Hebrew
Meier,M,"Farmer, Greater, Bringer of light",Latin
Meilseoir,M,King,Hebrew
Meinhard,M,Firm,German
Meinke,M,Firm,German
Meino,M,Firm,German
Meinrad,M,Strong advisor,German
Meinyard,M,Firm,German
Meir,M,"Enlightens, Shining",Hebrew
Meir,M,Farmer,German
Meir,M,"Farmer, Greater, Bringer of light",Latin
Meira,F,Light,Hebrew
Meka,M,Eyes,Hawaiian
Mekledoodum,M,Conceited (Algonquin),Native American
Mel,M,"Chief, Leader",Celtic
Mel,M,"Hillside, Town by the mill",Anglo-Saxon
Mel,M,Repairer,English
Mel,M,Wisdom,Hebrew
Mel,F,"Bee, Honey",Greek
Mel,F,Smooth snow,Gaelic
Mela,F,"Dressed in black, Dark",Greek
Mela,F,Religious gathering,Indian
Melaina,F,Dark,French
Melaine,F,Dark,French
Melanchthon,M,Black flower,Greek
Melanctha,F,Black flower,Greek
Melancton,M,Black flower,Greek
Melane,F,"Dressed in black, Dark",Greek
Melanee,F,Dark,French
Melani,F,"Dressed in black, Dark",Greek
Melania,F,"Dressed in black, Dark",Greek
Melanie,F,Dark,French
Melanie,F,"Dressed in black, Dark",Greek
Melantha,F,Black flower,Greek
Melany,F,"Dressed in black, Dark",Greek
Melanya,F,"Dressed in black, Dark",Greek
Melba,F,"Slender, Soft, Mallow flower",Greek
Melba,F,"Slender, Soft, Mallow flower",Latin
Melborn,M,From the mill stream,English
Melbourne,M,From the mill stream,English
Melburn,M,From the mill stream,English
Melbyrne,M,From the mill stream,English
Melchoir,M,King,Hebrew
Meldon,M,"Hillside, Town by the mill",English
Meldrick,M,From the powerful mill,English
Meldrik,M,From the powerful mill,English
Meldryk,M,From the powerful mill,English
Meleagant,M,Kidnapped Guinevere,Arthurian Legend
Melechan,M,Mordred's son,Arthurian Legend
Melek,F,Angel,Arabic
Meli,F,"Bee, Honey",Greek
Melia,F,Nymph daugher of Oceanus,Greek
Meliadus,M,Tristan's father,Arthurian Legend
Melicent,F,"Bee, Honey",Greek
Melicent,F,"Industrious, Strength",German
Melina,F,Gentle one,Greek
Melina,F,Yellow canary,Latin
Melinda,F,Gentle one,Greek
Melinda,F,"My God is bountiful, God of plenty",English
Meliodas,M,Tristan's father,Arthurian Legend
Melisande,F,"Strength, Determination",French
Melisande,F,"Strength, Determination",German
Melisenda,F,"Strength, Determination",German
Melisenda,F,Sweet,Spanish
Melisent,F,"Bee, Honey",Greek
Melissa,F,"Bee, Honey",Greek
Melisse,F,"Bee, Honey",Greek
Melita,F,"Bee, Honey",Greek
Melita,F,Garden,Spanish
Mellen,F,Smooth snow,Gaelic
Mellie,F,Song,Greek
Mellissa,F,"Bee, Honey",Greek
Melloney,F,"Dressed in black, Dark",Greek
Melly,F,"Industrious, Strength",German
Melly,F,Smooth snow,Gaelic
Melly,F,Song,Greek
Melodie,F,Melody,French
Melodie,F,Song,Greek
Melody,F,Song,Greek
Melonie,F,"Dressed in black, Dark",Greek
Melony,F,"Dressed in black, Dark",Greek
Melor,M,Marx Engels Lenin October Revolution,English
Melosa,F,Sweet,Spanish
Melosia,F,Sweet,Spanish
Melrone,M,Serves Saint Ruadhan,Irish
Melton,M,From the mill town,English
Melun,M,Appeared in King John,Shakespearian
Melusina,F,Dark skinned,French
Melva,F,Handmaiden,Celtic
Melva,F,Ruler,Irish
Melva,F,"Slender, Soft, Mallow flower",Greek
Melva,F,"Slender, Soft, Mallow flower",Latin
Melva,F,Strong friend,English
Melville,M,"Chief, Leader",Celtic
Melville,M,From Malleville,French
Melville,M,"Hillside, Town by the mill",Anglo-Saxon
Melville,M,"Hillside, Town by the mill",English
Melvin,M,Chief,Irish
Melvin,M,"Chief, Leader",Celtic
Melvin,M,Strong friend,English
Melvina,F,Handmaiden,Celtic
Melvina,F,Smooth snow,Gaelic
Melvina,F,Strong friend,English
Melvine,F,Smooth snow,Gaelic
Melvon,M,Friend of Michael,English
Melvyn,M,Chief,Irish
Melvyn,M,"Chief, Leader",Celtic
Melvyn,M,Strong friend,English
Melwas,M,Name of a king,Arthurian Legend
Melynda,F,"My God is bountiful, God of plenty",English
Melyon,M,Son of Mordred,Arthurian Legend
Memdi,F,Henna,Native American
Mena,F,Mother of Menaka,Indian
Menachem,M,Repairer,English
Menachem,M,Wisdom,Hebrew
Menachema,F,Consolation,Hebrew
Menachemah,F,Consolation,Hebrew
Menahem,M,Repairer,English
Menahem,M,Wisdom,Hebrew
Menaka,F,Celestial damsel,Indian
Menas,M,Appeared in Antony & Cleopatra,Shakespearian
Menassah,M,Forgetful,Hebrew
Mendel,M,Repairer,English
Mendel,M,Wisdom,Hebrew
Mendelssohn,M,Repairer,English
Mendelssohn,M,Wisdom,Hebrew
Mendi,F,Reference to the Virgin Mary,Spanish
Menecrates,M,Appeared in Antony & Cleopatra,Shakespearian
Menelaus,M,Appeared in Troilus & Cressida,Shakespearian
Menenius Velutus,M,Appeared in Coriolanus,Shakespearian
Menteith,M,Appeared in Macbeth,Shakespearian
Menw,M,Mythical wizard,Celtic
Menyhért,M,Royal light,Hungarian
Menzies,M,From Mesniers,Scottish
Meoquanee,F,Wears red (Chippewa),Native American
Meranda,F,"Extraordinary, To be admired",Latin
Merce,M,Storekeeper,English
Mercedes,F,Mercy,Latin
Mercedes,F,Mercy,Spanish
Mercer,M,Merchant,English
Mercer,M,Merchant,French
Mercer,F,Merchant,English
Mercer,F,Merchant,French
Merci,F,"Compassion, Pity",English
Merci,F,Merciful,French
Mercia,F,"Compassion, Pity",English
Mercia,F,From Mercia,Anglo-Saxon
Mercia,F,Mercy,Latin
Mercia,F,Mercy,Spanish
Mercie,F,"Compassion, Forbearance",English
Mercilla,F,"Compassion, Forbearance",English
Mercina,F,"Compassion, Forbearance",English
Mercutio,M,Appeared in Romeo & Juliet,Shakespearian
Mercy,F,"Compassion, Pity",English
Mercy,F,Merciful,French
Mercy,F,Mercy,Latin
Mercy,F,Mercy,Spanish
Mere,F,Bitterly wanted child,Polynesian
Meredith,M,Protector of the sea,Welsh
Meredith,F,Protector of the sea,Celtic
Meredith,F,Protector of the sea,Welsh
Merestun,M,From the farm by the pool,English
Merewode,M,From the lake forest,English
Merewood,M,From the lake forest,English
Meri,M,Protector of the sea,Welsh
Meri,F,Joyful,English
Meri,F,Protector of the sea,Welsh
Meridel,F,Bitter,Hebrew
Meridel,F,Joyful,English
Meridith,M,Protector of the sea,Welsh
Meridith,F,Protector of the sea,Welsh
Meriel,F,Angel of June,Latin
Meriel,F,Bitter,Hebrew
Meriel,F,Myrrh,Arabic
Meriel,F,"Myrrh, Sea-bright, Angel of June",Greek
Meriel,F,"Myrrh, Sea-bright, Angel of June",Irish
Meriel,F,Shining sea,English
Meril,M,"Famous, Of the sea",English
Meril,M,"Famous, Of the sea",German
Merisa,F,Of the sea,Latin
Merit,F,Deserving,Latin
Merl,F,Blackbird,Latin
Merla,M,Blackbird,French
Merla,F,Blackbird,French
Merla,F,Blackbird,Latin
Merle,M,Blackbird,French
Merle,M,Falcon,Anglo-Saxon
Merle,M,"Famous, Of the sea",English
Merle,M,"Famous, Of the sea",German
Merle,M,Sea,Celtic
Merle,M,Sea hill,Welsh
Merle,F,Blackbird,Latin
Merlin,M,Falcon,Anglo-Saxon
Merlin,M,Falcon,French
Merlin,M,Sea,Celtic
Merlin,M,Sea hill,Welsh
Merlin,M,The wizard Merlin was King Arthur's mentor.,Arthurian Legend
Merlina,F,Blackbird,Latin
Merlion,M,Falcon,French
Merlow,M,From the hill by the lake,English
Merlyn,M,Falcon,Anglo-Saxon
Merlyn,M,Sea,Celtic
Merlyn,M,Sea hill,Welsh
Merlyn,M,The wizard Merlin was King Arthur's mentor.,Arthurian Legend
Merlyn,F,Blackbird,French
Merna,F,Beloved,Irish
Merna,F,"Polite one, Gentle",Gaelic
Merna,F,Tender,Celtic
Merola,F,Blackbird,Latin
Merral,M,"Famous, Of the sea",English
Merral,M,"Famous, Of the sea",German
Merrel,M,"Famous, Of the sea",English
Merrel,M,"Famous, Of the sea",German
Merri,F,Joyful,English
Merri,F,Stone,Australian Abori
Merrick,M,"Famous, Of the sea",English
Merrick,M,"Famous, Of the sea",German
Merrie,F,Joyful,English
Merrielle,F,Joyful,English
Merril,M,Shining sea.,English
Merrilee,F,Joyful,English
Merrill,M,"Famous, Of the sea",English
Merrill,M,"Famous, Of the sea",German
Merrill,F,Blackbird,Latin
Merrily,F,Joyful,English
Merrisa,F,Of the sea,Latin
Merrita,F,Joyful,English
Merritt,M,Little famous one,English
Merritt,F,Deserving,Latin
Merriwell,F,Deserving,Latin
Merry,M,Protector of the sea,Welsh
Merry,F,Bitter,Hebrew
Merry,F,Joyful,English
Merry,F,Protector of the sea,Welsh
Merryl,F,Blackbird,French
Mersc,M,From the marsh,English
Mert,F,"Flower, Symbol of victory",Greek
Mertice,F,Famous,English
Mertice,F,"Flower, Symbol of victory",Greek
Mertil,M,Of Mars,Latin
Mertin,M,Of Mars,Latin
Mertise,F,Famous,English
Mertle,F,"Flower, Symbol of victory",Greek
Merton,M,"Famous, Of the sea",English
Merton,M,"Famous, Of the sea",German
Merton,M,From the farm by the sea,Anglo-Saxon
Mertysa,F,Famous,English
Merv,M,Falcon,Anglo-Saxon
Merv,M,Sea,Celtic
Merv,M,Sea hill,Welsh
Mervin,M,Beautiful sea,Celtic
Mervin,M,Famous friend,English
Mervin,M,Good friend,Anglo-Saxon
Mervin,M,Sea hill,Welsh
Mervyn,M,Beautiful sea,Celtic
Mervyn,M,Famous friend,English
Mervyn,M,Good friend,Anglo-Saxon
Merwin,M,Beautiful sea,Celtic
Merwin,M,Good friend,Anglo-Saxon
Merwyn,M,Beautiful sea,Celtic
Merwyn,M,Famous friend,English
Merwyn,M,Good friend,Anglo-Saxon
Mery-Lee,F,Bitterness,Greek
Meryem,F,Bitter,Hebrew
Meryl,M,"Famous, Of the sea",English
Meryl,M,"Famous, Of the sea",German
Meryl,F,Blackbird,French
Meryl,F,Blackbird,Latin
Meryl,F,Myrrh,Arabic
Mesha,F,"Ram, Born under the sign of Aries",Indian
Messala,M,Appeared in Julius Caesar,Shakespearian
Messena,F,Middle child,Latin
Messina,F,Middle child,Latin
Meta,F,Ambitious,Latin
Metabel,M,"Favoured by God, God is doing good",Hebrew
Metta,F,Pearl ??,Scandinavian
Mettabel,F,God's favor,Hebrew
Meturato,M,Black kettle (Cheyenne),Native American
Meuriz,M,"Moorish, Dark-skinned, Moor land",English
Meuriz,M,"Moorish, Dark-skinned, Moor land",French
Meuriz,M,"Moorish, Dark-skinned, Moor land",Latin
Mevin,F,Smooth snow,Gaelic
Meyer,M,"Enlightens, Shining",Hebrew
Meyer,M,Farmer,German
Meyer,M,"Farmer, Greater, Bringer of light",Latin
Mia,F,Mine,Italian
Miah,F,The moon,Australian Abori
Miakoda,F,Power of the moon,Native American
Micaela,F,Gift from God,English
Micaela,F,Like God,Hebrew
Micah,M,Like God,Hebrew
Micah,F,Who is like Jah? Biblical prophet and writer of the Book of Micah.,Hebrew
Mical,F,Like God,Hebrew
Micha,M,Like God,Hebrew
Michael,M,Like God,Hebrew
Michaela,F,Gift from God,English
Michaela,F,Like God,Hebrew
Michaele,F,Close to God,Hebrew
Michaelina,F,Like God,Hebrew
Michaeline,F,Like God,Hebrew
Michaelyn,F,Like God,Hebrew
Michail,M,Like God,Hebrew
Michal,F,Like God,Hebrew
Michalin,F,Close to God,Hebrew
Michau,M,Like God,Hebrew
Micheal,M,Like God,Irish
Micheal,M,Like God,Scottish
Micheala,F,Close to God,Hebrew
Michel,M,Like God,French
Michel,M,Like God,Hebrew
Michela,F,Gift from God,French
Michelangelo,M,Like God,Hebrew
Michele,M,Like God,French
Michele,M,Like God,Hebrew
Michele,F,Gift from God,French
Michelina,F,Like God,Hebrew
Micheline,F,Like God,Hebrew
Michella,F,Gift from God,French
Michelle,F,Gift from God,French
Michelle,F,Like God,Hebrew
Michelyn,F,Like God,Hebrew
Michi,F,Righteous,Japanese
Michiel,M,Like God,Hebrew
Michiko,F,Child of Michi,Japanese
Michon,M,Gift from God,Hebrew
Mick,M,Like God,English
Mick,M,Like God,Hebrew
Mick,M,Like God,Irish
Mickey,M,Like God,English
Mickey,M,Like God,Hebrew
Mickey,M,Like God,Irish
Mickey,F,Like God,Hebrew
Mickie,M,Like God,Hebrew
Micky,M,Like God,Hebrew
Micole,F,Like God,Hebrew
Mide,F,Thirsty,Irish
Midge,M,Like God,Hebrew
Midge,F,Child of light,Persian
Midge,F,Pearl ??,Latin
Midori,F,Green,Japanese
Mieze,F,"Small, Bitter",Hebrew
Migina,F,Moon returning (Omaha),Native American
Migisi,F,Eagle (Chippewa),Native American
Mignon,F,Delicate,French
Mignonette,F,Delicate,French
Miguel,M,Like God,Hebrew
Miguel,M,Like God,Spanish
Miguela,F,Like God,Hebrew
Mihal,M,Like God,Hebrew
Mihaly,M,Like God,Hebrew
Mihir,M,Sun,Indian
Mihoko,F,Child of Mihoko,Japanese
Mihon,M,Like God,Hebrew
Mihály,M,Like God,Hebrew
Mika,M,Gift from God,Hebrew
Mika,F,Gift from God,English
Mika,F,Intelligent raccoon,Native American
Mika,F,New moon,Japanese
Mikael,M,Gift from God,Hebrew
Mikaela,F,Gift from God,English
Mikaela,F,Like God,Hebrew
Mikaeli,F,Like God,Hebrew
Mikas,M,Like God,Hebrew
Mikayla,F,Gift from God,English
Mike,M,Like God,English
Mike,M,Like God,Hebrew
Mikel,M,Like God,French
Mikel,M,Like God,Hebrew
Mikele,F,Close to God,Hebrew
Mikella,F,Gift from God,English
Mikelle,F,Gift from God,English
Mikey,M,Like God,Hebrew
Mikhaeli,F,Like God,Hebrew
Mikhail,M,Like God,Hebrew
Mikhalis,M,Gift from God,Hebrew
Mikhos,M,Like God,Hebrew
Miki,M,The moon,Australian Abori
Miki,F,Beautiful tree,Japanese
Miki,F,The moon,Australian Abori
Mikkel,M,Like God,Hebrew
Mikki,F,Gift from God,English
Mikko,M,Gift from God,Hebrew
Mikko,M,Who is like God?,Scandinavian
Mikko,F,Gift from God,English
Miklós,M,People's victory,Greek
Miksa,M,Like God,Hungarian
Mikó,M,Like God,Hebrew
Mil,F,"Mild, Power",Anglo-Saxon
Mila,M,Merciful,German
Mila,M,Merciful,Greek
Mila,M,Soldier,Latin
Mila,F,Attendant at a religious ceremony,Latin
Milagritos,F,Miracle,Spanish
Milagros,F,Miracle,Spanish
Milagrosa,F,Miracle,Spanish
Milah,M,Merciful,German
Milah,M,Merciful,Greek
Milah,M,Soldier,Latin
Milan,M,Merciful,German
Milan,M,Merciful,Greek
Milan,M,Soldier,Latin
Milap,M,Charitable,Native American
Milburn,M,From the mill stream,English
Milbyrne,M,From the mill stream,English
Milcah,F,Queen,Hebrew
Mildraed,F,Mild of strength,English
Mildraed,F,"Mild, Power",Anglo-Saxon
Mildred,F,Mild of strength,English
Mildred,F,"Mild, Power",Anglo-Saxon
Mildrid,F,Mild of strength,English
Mildrid,F,"Mild, Power",Anglo-Saxon
Mildryd,F,Mild of strength,English
Mildryd,F,"Mild, Power",Anglo-Saxon
Milena,F,"Dressed in black, Dark",Greek
Miles,M,Merciful,English
Miles,M,Merciful,German
Miles,M,Merciful,Greek
Miles,M,Servant,Irish
Miles,M,Soldier,Latin
Milford,M,From the mill's ford,English
Mili,F,"Industrious, Strength",German
Milind,M,Honey bee,Indian
Millard,M,One who grinds grain,English
Millard,M,Strong,French
Millen,M,One who grinds grain,English
Miller,M,One who grinds grain,English
Milley,F,"Mild, Power",Anglo-Saxon
Milli,F,"Mild, Power",Anglo-Saxon
Millicent,F,"Bee, Honey",Greek
Millicent,F,"Industrious, Strength",German
Millicent,F,Of a thousand saints,French
Millicente,F,Of a thousand saints,French
Millie,F,"Bee, Honey",Greek
Millie,F,"Industrious, Strength",German
Millie,F,"Mild, Power",Anglo-Saxon
Millie,F,"Strength, Determination",French
Millisent,F,"Industrious, Strength",German
Millman,M,Mill worker,English
Mills,M,One who mills,English
Millson,M,One who mills,English
Milly,F,"Bee, Honey",Greek
Milly,F,"Industrious, Strength",German
Milly,F,"Mild, Power",Anglo-Saxon
Milman,M,Mill worker,English
Milo,M,Merciful,English
Milo,M,Merciful,German
Milo,M,Merciful,Greek
Milo,M,Soldier,Latin
Milos,M,Merciful,German
Milos,M,Merciful,Greek
Milos,M,Soldier,Latin
Milt,M,From the mill town,English
Milten,M,From the mill town,English
Milton,M,From the mill town,English
Milty,M,From the mill town,English
Milward,M,Keeper of the mill,English
Mily,F,Beautiful,Hawaiian
Milán,M,Kind,Hungarian
Mimi,F,Bitter,Hebrew
Mimi,F,Bitter,Spanish
Mimi,F,Resolute protector,French
Mimir,M,God of Prophecy,Scandinavian
Mimir,F,God of Prophecy,Scandinavian
Mims,F,Bitter,Hebrew
Mimsie,F,Bitter,Hebrew
Mimsy,F,Pleasant,Hebrew
Min,F,Cleverness,Korean
Min,F,"Smooth, Fine, Small",Irish
Mina,F,Bitterness,Hebrew
Mina,F,Fierce protector,Teutonic
Mina,F,"Goddess of sun, moon and stars",Danish
Mina,F,"Jasmine flower, Gift from God",Persian
Mina,F,Love,German
Mina,F,Mother,Scottish
Mina,F,"Precious stone, Fish",Indian
Mina,F,South,Japanese
Minako,F,Child of Mina,Japanese
Minal,F,Fruit,Native American
Minar,M,A mariner,Australian Abori
Mincarlie,F,Rain,Australian Abori
Minda,F,Bitterness,Hebrew
Minda,F,Gentle one,Greek
Minda,F,Knowledge,Native American
Minda,F,Love,German
Minda,F,Mother,Scottish
Mindel,F,Sea of bitterness,Yiddish
Mindie,F,Gentle one,English
Mindy,M,Gentle one,English
Mindy,F,Bitterness,Hebrew
Mindy,F,Gentle one,English
Mindy,F,Gentle one,Greek
Mindy,F,Love,German
Mindy,F,Mother,Scottish
Mine,F,"Goddess of sun, moon and stars",Danish
Mine,F,"Jasmine flower, Gift from God",Persian
Mine,F,Resolute protector,Japanese
Miner,M,Youth,Latin
Minerva,F,"Power, Thinker",Latin
Minetta,F,Bitterness,Hebrew
Minetta,F,Love,German
Minetta,F,Mother,Scottish
Minetta,F,Resolute protector,French
Minette,F,Bitter,Hebrew
Minette,F,Love,German
Minette,F,Mother,Scottish
Minette,F,"Power, Thinker",Latin
Minette,F,Resolute protector,French
Ming,F,"Smart, Intelligent",Chinese
Mingan,M,Gray wolf,Native American
Mini,F,Lady of the earth,Spanish
Minka,F,"Strong, Resolute",Teutonic
Minna,F,Bitterness,Hebrew
Minna,F,Love,German
Minna,F,Mother,Scottish
Minna,F,Resolute protector,French
Minne,F,Love,German
Minney,F,Lady of the earth,Spanish
Minnie,F,Bitter,Hebrew
Minnie,F,Fierce protector,Teutonic
Minnie,F,"Power, Thinker",Latin
Minnie,F,Resolute protector,French
Minninnewah,M,Whirlwind (Cheyenne),Native American
Minny,F,Bitter,Hebrew
Minny,F,Fierce protector,Teutonic
Minny,F,"Power, Thinker",Latin
Mint,F,Mint,Greek
Minta,F,Mint,Greek
Mintha,F,Mint,Greek
Minya,F,Small,Australian Abori
Miquel,M,Like God,French
Mira,M,Merry,Gaelic
Mira,F,Bitter,Hebrew
Mira,F,"Extraordinary, To be admired",Latin
Mira,F,"Extraordinary, To be admired",Spanish
Mirabel,F,"Extraordinary, To be admired",Latin
Mirabel,F,"Extraordinary, To be admired",Spanish
Mirabella,F,Of incredible beauty,French
Mirabelle,F,"Extraordinary, To be admired",Latin
Mirabelle,F,"Extraordinary, To be admired",Spanish
Mirabelle,F,Of incredible beauty,French
Mirable,F,"Extraordinary, To be admired",Latin
Mirable,F,"Extraordinary, To be admired",Spanish
Miranda,F,Appeared in The Tempest,Shakespearian
Miranda,F,"Extraordinary, To be admired",Latin
Miranda,F,"Extraordinary, To be admired",Spanish
Mirari,F,Miracle,Spanish
Mireille,F,Miracle,French
Mireille,F,Mircaulous,Spanish
Mirella,F,Bitter,Hebrew
Mirella,F,"Extraordinary, To be admired",Latin
Mirella,F,"Extraordinary, To be admired",Spanish
Mirelle,F,Bitter,Hebrew
Mirelle,F,"Extraordinary, To be admired",Latin
Mirelle,F,"Extraordinary, To be admired",Spanish
Mirem,F,Bitter,Hebrew
Miremba,F,Peace,African
Miren,F,Bitter,Hebrew
Mireya,F,Mircaulous,Spanish
Miri,F,Bitter,Hebrew
Miriam,F,Bitter,Hebrew
Mirielle,F,Bitter,Hebrew
Mirielle,F,"Extraordinary, To be admired",Latin
Mirielle,F,Mircaulous,Spanish
Mirila,F,Bitter,Hebrew
Mirila,F,"Extraordinary, To be admired",Latin
Mirila,F,"Extraordinary, To be admired",Spanish
Mirit,F,Bitter,Hebrew
Miriyan,F,Star,Australian Abori
Mirjam,F,Bitter,Hebrew
Mirla,F,Blackbird,French
Mirna,F,"Polite one, Gentle",Gaelic
Mirna,F,Tender,Celtic
Miro,M,A throwing stick,Australian Abori
Miron,M,Holy place,Hebrew
Miroslav,M,Famous,Slavic
Miroslaw,M,Famous,Slavic
Mirrin,F,A cloud,Australian Abori
Mirtle,F,"Flower, Symbol of victory",Greek
Miryam,F,Bitter,Hebrew
Misako,F,Child of Misa,Japanese
Mischa,M,Like God,Hebrew
Misha,F,"Lively, Woman",Arabic
Mishan,F,"Lively, Woman",Arabic
Misi,M,Gift from God,Hebrew
Miska,M,Gift from God,Hebrew
Misrak,F,East,African
Missie,F,Young girl,English
Missy,F,"Bee, Honey",Greek
Missy,F,Young girl,English
Missye,F,Young girl,English
Mistee,F,Covered by mist,English
Misti,F,Misty,English
Mistie,M,Misty,English
Mistie,F,Misty,English
Mistique,F,Air of mystery,French
Misty,F,Covered by mist,English
Misu,M,Rippling brook (Miwok),Native American
Mitali,M,Friend,Indian
Mitcbel,M,Like God,English
Mitch,M,Like God,English
Mitch,M,Like God,Hebrew
Mitch,M,Like God,Irish
Mitch,M,Like God,Scottish
Mitchel,M,Like God,English
Mitchel,M,Like God,Irish
Mitchel,M,Like God,Scottish
Mitchell,M,Like God,English
Mitchell,M,Like God,Hebrew
Mitchell,M,Like God,Irish
Mitchell,M,Like God,Scottish
Mitena,F,"Coming moon, New moon",Native American
Mitesh,M,One with few desires,Indian
Mitexi,F,Sacred moon,Native American
Mithil,M,Kingdom,Indian
Mithun,M,Couple,Indian
Mitsuko,F,Child of Mitsu,Japanese
Mitul,M,Limited,Indian
Mitzi,F,Bitter,German
Mitzi,F,Bitter,Hebrew
Miyoko,F,Child of Miyo,Japanese
Mladen,M,Forever in youth,Slavic
Mo,F,"Great, Little Mary, Dark-haired",French
Mo,F,"Great, Little Mary, Dark-haired",Gaelic
Mo,F,"Great, Little Mary, Dark-haired",Latin
Moana,M,Wide expanse of water or sea,Maori
Moana,F,Wide expanse of water or sea,Maori
Mochni,M,Talking bird (Hopi),Native American
Modesta,F,Modest one,Latin
Modesta,F,Modest one,Spanish
Modeste,F,Modest one,Latin
Modeste,F,Modest one,Spanish
Modestia,F,Modest one,Latin
Modestine,F,Modest one,Latin
Modestus,F,Modest one,Latin
Modesty,F,Modest one,Latin
Modig,M,Brave,Anglo-Saxon
Modraed,M,Brave,English
Modred,M,Son or nephew of Arthur,Arthurian Legend
Modron,F,A goddess and possible precursor of Morgan le Fey,Arthurian Legend
Moe,M,Rain,Burmese
Moe,M,Saved,Greek
Moe,M,Taken from water,Hebrew
Moe,F,Rain,Burmese
Moey,M,Saved,Greek
Moey,M,Taken from water,Hebrew
Mogo,M,A stone axe,Australian Abori
Mogue,M,Name of a saint,Irish
Mohamad,M,Praised one,Arabic
Mohamed,M,Praised one,Arabic
Mohamet,M,Praised one,Arabic
Mohammad,M,Praised one,Arabic
Mohammed,M,Praised one,Arabic
Mohan,M,"Charming, Fascinating",Indian
Mohin,M,Attractive,Indian
Mohini,F,"Most beautiful, Bewitching",Indian
Mohit,M,Ensnarled by beauty,Indian
Moibeal,F,Lovable,Scottish
Moina,F,"Mild, Tender",Celtic
Moina,F,Noble,Irish
Moina,F,"Polite one, Gentle",Gaelic
Moira,F,Bitter,Anglo-Saxon
Moira,F,Bitter,Hebrew
Moira,F,Bitter,Irish
Moira,F,Bitter,Scottish
Moira,F,Exceptional,Celtic
Moira,F,"Great, Little Mary, Dark-haired",French
Moira,F,"Great, Little Mary, Dark-haired",Gaelic
Moira,F,"Great, Little Mary, Dark-haired",Latin
Moire,F,Bitter,Anglo-Saxon
Moire,F,Bitter,Hebrew
Moire,F,Bitter,Irish
Moire,F,Bitter,Scottish
Moireach,F,A lady,Scottish
Moises,M,Saved from the water,Spanish
Moishe,M,Saved,Greek
Moishe,M,Taken from water,Hebrew
Mojag,M,Never silent,Native American
Mokatavatah,M,Black kettle (Cheyenne),Native American
Moketavato,M,Black kettle (Cheyenne),Native American
Moketaveto,M,Black kettle (Cheyenne),Native American
Moketoveto,M,Black kettle (Cheyenne),Native American
Moki,M,Deer (Hopi),Native American
Mokovaoto,M,Black kettle (Cheyenne),Native American
Molan,M,Servant of the storm,Irish
Molara,F,Reference to the Virgin Mary,Spanish
Molimo,M,Bear walking into shade (Miwok),Native American
Molli,M,Bitter,Irish
Molli,F,Bitter,English
Molli,F,Bitter,Irish
Mollie,F,Bitter,English
Mollie,F,Bitter,Irish
Molloy,M,Noble chief,Irish
Molly,F,Bitter,English
Molly,F,Bitter,Hebrew
Momoko,F,Child of Momo,Japanese
Mona,M,Gathers jimson weed seed (Miwok),Native American
Mona,F,Gathers jimson weed seed (Miwok),Native American
Mona,F,Individual,Greek
Mona,F,My lady,Italian
Mona,F,Noble one,Gaelic
Mona,F,Noble woman,Irish
Mona,F,Peaceful,Latin
Mona,F,Wise protector,Spanish
Monca,F,Adviser,Latin
Monca,F,Wise,Irish
Moncha,F,Alone,Irish
Moncreiffe,M,From the hill of the sacred bough,Scottish
Mongwau,M,Owl (Hopi),Native American
Monica,F,Adviser,English
Monica,F,Adviser,Latin
Monica,F,Adviser,Spanish
Monifa,F,I am lucky,African
Monika,F,A lady,German
Moniqua,F,Wise,French
Monique,F,A lady,French
Monique,F,Adviser,Latin
Monish,M,Lord of mind,Indian
Monohan,M,Monk,Irish
Monro,M,Mouth of the Roe River,Celtic
Monro,M,Wheelwright,Scottish
Monroe,M,From the river's mouth,Scottish
Monroe,M,Mouth of the Roe River,Celtic
Montae,M,Steep mountain,Spanish
Montag,F,Steep mountain,French
Montagu,F,Steep mountain,French
Montague,M,Appeared in Romeo & Juliet,Shakespearian
Montague,M,Steep mountain,French
Montague,F,Steep mountain,French
Montaigu,M,From the pointed hill,French
Montaine,M,Mountain,French
Montano,M,Appeared in Othello,Shakespearian
Montay,M,Mountain,Spanish
Monte,M,From the wealthy man's mountain,English
Monte,M,Mountain,Latin
Monte,M,Mountain,Spanish
Montel,M,Mountain,Spanish
Montes,M,Mountain,Spanish
Montez,M,Mountain,Spanish
Montgomery,M,From the wealthy man's mountain,English
Montgomery,M,Mountain,Scottish
Montgomery,M,Mountain hunter,French
Monti,M,A stork,Australian Abori
Montie,M,Mountain,English
Montrel,M,Mountain,Spanish
Montrell,M,Mountain,Spanish
Montrelle,M,Mountain,Spanish
Monty,M,Mountain,English
Monty,M,Mountain,Latin
Moon,F,Letters,Korean
Mooney,M,Wealthy,Irish
Moor,M,Dark skinned,French
Moore,M,Dark skinned,French
Moore,M,Moorish,Hungarian
Moore,M,Surname,Irish
Mopsa,F,Appeared in Winter's Tale,Shakespearian
Mor,F,Exceptional,Celtic
Mor,F,Great,Irish
Mora,F,"Great, Little Mary, Dark-haired",French
Mora,F,"Great, Little Mary, Dark-haired",Gaelic
Mora,F,"Great, Little Mary, Dark-haired",Latin
Mora,F,Little blueberry,Spanish
Morain,M,Great,Irish
Moran,M,Great,Irish
Moray,M,Sailor,Celtic
Morcades,F,Sister of Arthur,Arthurian Legend
Morcan,F,Bright sea,Welsh
Mordecai,M,Warrior,Hebrew
Mordechai,M,Warrior,Hebrew
Mordrain,M,Name of a king,Arthurian Legend
Mordred,M,Brave,English
Mordred,M,Son or nephew of Arthur,Arthurian Legend
Mordy,M,Warrior,Hebrew
More,M,Dark skinned,French
More,M,From the moors,English
More,F,Great,Irish
Moree,F,"Water, A spring",Australian Abori
Moreen,F,Great,Celtic
Moreen,F,Great,Irish
Moreen,F,"Great, Little Mary, Dark-haired",French
Moreen,F,"Great, Little Mary, Dark-haired",Gaelic
Moreen,F,"Great, Little Mary, Dark-haired",Latin
Moreland,M,From the moors,English
Moreley,M,From the meadow on the moor,English
Morell,M,"Dark skinned, A Moor",French
Morella,F,Great,Irish
Morella,F,Little blueberry,Spanish
Morena,F,"Great, Little Mary, Dark-haired",French
Morena,F,"Great, Little Mary, Dark-haired",Gaelic
Morena,F,"Great, Little Mary, Dark-haired",Latin
Morets,M,"Moorish, Dark-skinned, Moor land",English
Morets,M,"Moorish, Dark-skinned, Moor land",French
Morets,M,"Moorish, Dark-skinned, Moor land",Latin
Morey,M,"Moorish, Dark-skinned, Moor land",English
Morey,M,"Moorish, Dark-skinned, Moor land",French
Morey,M,"Moorish, Dark-skinned, Moor land",Latin
Morfran,M,Mythical ugly demon,Celtic
Morgan,M,Fighter of the sea,Irish
Morgan,M,Lives by the sea,Celtic
Morgan,F,Dweller of the sea,Celtic
Morgan,F,Enchantress half sister of Arthur,Arthurian Legend
Morgan,F,"White sea, Bright, Dweller by the sea",Gaelic
Morgan,F,"White sea, Bright, Dweller by the sea",Welsh
Morgan Tud,M,A physician,Arthurian Legend
Morgana,F,Dweller of the sea,Celtic
Morgana,F,Enchantress half sister of Arthur,Arthurian Legend
Morgana,F,"White sea, Bright, Dweller by the sea",Gaelic
Morgana,F,"White sea, Bright, Dweller by the sea",Welsh
Morgance,F,Dweller of the sea,Celtic
Morgandy,F,Dweller of the sea,Celtic
Morgane,F,Dweller of the sea,Celtic
Morganica,F,"White sea, Bright, Dweller by the sea",Gaelic
Morganica,F,"White sea, Bright, Dweller by the sea",Welsh
Morganne,F,"White sea, Bright, Dweller by the sea",Gaelic
Morganne,F,"White sea, Bright, Dweller by the sea",Welsh
Morgawse,F,Mother of Gawain,Arthurian Legend
Morgayne,F,Bright sea,Irish
Morgen,F,Morning,German
Morguase,F,Mother of Gawain,Arthurian Legend
Morholt,M,Prince killed by Tristan,Arthurian Legend
Moria,F,"Great, Little Mary, Dark-haired",French
Moria,F,"Great, Little Mary, Dark-haired",Gaelic
Moria,F,"Great, Little Mary, Dark-haired",Latin
Moria,F,My teacher is God,Hebrew
Moriah,F,"Great, Little Mary, Dark-haired",French
Moriah,F,"Great, Little Mary, Dark-haired",Gaelic
Moriah,F,"Great, Little Mary, Dark-haired",Latin
Moriah,F,My teacher is God,Hebrew
Moriarty,M,Expert seaman,Irish
Morice,F,God teaches,Hebrew
Moriel,F,My teacher is God,Hebrew
Morilla,F,From the stony ridge,Australian Abori
Morina,F,Little blueberry,Spanish
Morisa,F,Dark skinned warrior,Spanish
Morise,F,God teaches,Hebrew
Morissa,F,Dark skinned warrior,Spanish
Morit,F,My teacher is God,Hebrew
Moritz,M,"Moorish, Dark-skinned, Moor land",English
Moritz,M,"Moorish, Dark-skinned, Moor land",French
Moritz,M,"Moorish, Dark-skinned, Moor land",Latin
Moriz,M,"Moorish, Dark-skinned, Moor land",English
Moriz,M,"Moorish, Dark-skinned, Moor land",French
Moriz,M,"Moorish, Dark-skinned, Moor land",Latin
Morland,M,Marshland,English
Morlee,M,"Moor, Meadow",English
Morleigh,M,"Moor, Meadow",English
Morley,M,"Moor, Meadow",English
Morly,M,From the meadow on the moor,English
Morna,F,Beloved,Irish
Morna,F,Dearly loved,Celtic
Morna,F,"Polite one, Gentle",Gaelic
Morogh,M,Man of the sea,Scottish
Morold,M,Prince killed by Tristan,Arthurian Legend
Morrell,M,"Moorish, Dark-skinned, Moor land",English
Morrell,M,"Moorish, Dark-skinned, Moor land",French
Morrell,M,"Moorish, Dark-skinned, Moor land",Latin
Morrey,M,"Moorish, Dark-skinned, Moor land",English
Morrie,M,"Moorish, Dark-skinned, Moor land",English
Morrie,M,"Moorish, Dark-skinned, Moor land",French
Morrie,M,"Moorish, Dark-skinned, Moor land",Latin
Morrigan,F,A war goddess,Celtic
Morrin,F,Long haired,Irish
Morris,M,"Moorish, Dark-skinned, Moor land",English
Morris,M,"Moorish, Dark-skinned, Moor land",French
Morris,M,"Moorish, Dark-skinned, Moor land",Latin
Morrisey,M,Son of More,English
Morrison,M,"Moorish, Dark-skinned, Moor land",English
Morrison,M,"Moorish, Dark-skinned, Moor land",French
Morrison,M,"Moorish, Dark-skinned, Moor land",Latin
Morrison,M,Son of the servant of Mary,Scottish
Morrissey,M,Choice of the sea,Irish
Morry,M,"Moorish, Dark-skinned, Moor land",English
Morry,M,"Moorish, Dark-skinned, Moor land",French
Morry,M,"Moorish, Dark-skinned, Moor land",Latin
Morse,M,"Moorish, Dark-skinned, Moor land",English
Morse,M,"Moorish, Dark-skinned, Moor land",French
Morse,M,"Moorish, Dark-skinned, Moor land",Latin
Mort,M,City on the moor,Anglo-Saxon
Mort,M,Still water,French
Mort,M,Warrior,Hebrew
Morten,M,City on the moor,Anglo-Saxon
Mortimer,M,Still water,French
Morton,M,City on the moor,Anglo-Saxon
Morton,M,From the farm near the moor,English
Morty,M,City on the moor,Anglo-Saxon
Morty,M,Still water,French
Morty,M,Warrior,Hebrew
Mortyn,M,City on the moor,Anglo-Saxon
Morven,M,Child of the sea,English
Morven,M,Lives by the sea,Celtic
Morvyn,M,Lives by the sea,Celtic
Moryah,F,My teacher is God,Hebrew
Moryn,M,Lives by the sea,Celtic
Mose,M,Saved,Greek
Mose,M,Taken from water,Hebrew
Moselle,F,Taken from water,Hebrew
Moses,M,Saved,Greek
Moses,M,Saved from the water,Hebrew
Moshe,M,Saved,Greek
Moshe,M,Saved from the water,Hebrew
Mosheh,M,Saved,Greek
Mosheh,M,Saved from the water,Hebrew
Mosheh,F,Taken from water,Hebrew
Moss,M,"Moorish, Dark-skinned, Moor land",English
Moss,M,"Moorish, Dark-skinned, Moor land",French
Moss,M,"Moorish, Dark-skinned, Moor land",Latin
Moss,M,Saved,Greek
Moss,M,Taken from water,Hebrew
Mosya,M,Saved,Greek
Mosya,M,Taken from water,Hebrew
Motavato,M,Black kettle (Cheyenne),Native American
Motega,M,New arrow,Native American
Moth,M,"Appeared in Midsummer Night's Dream, Love's Labour Lost",Shakespearian
Moukib,M,Last of the prophets,Arabic
Moulton,M,From the mule farm,English
Mountjoy,M,Appeared in Henry V,Shakespearian
Mowan,M,The sun,Australian Abori
Moya,F,Bitter,Hebrew
Moya,F,Bitter,Irish
Moya,F,Exceptional,Celtic
Moyes,M,Saved,Greek
Moyes,M,Taken from water,Hebrew
Moyna,F,"Mild, Tender",Celtic
Moyna,F,Noble,Irish
Moyna,F,"Polite one, Gentle",Gaelic
Moyra,F,Bitter,Irish
Moyra,F,Exceptional,Celtic
Moyse,M,Saved,Greek
Moyse,M,Taken from water,Hebrew
Mozelle,F,Taken from water,Hebrew
Mpenzi,F,Beloved,African
Mrabella,F,"Extraordinary, To be admired",Latin
Mrabella,F,"Extraordinary, To be admired",Spanish
Mridula,F,Tendreness,Indian
Mrinalini,F,Stem of lotus,Indian
Muadhnait,F,Noble one,Irish
Muata,M,Yellow jackets inside a nest (Miwok),Native American
Mudawar,M,Round,Arabic
Mufidy,M,Man of the sea,Scottish
Mugdha,F,"Spellbound, Innocent",Indian
Muhammad,M,Praised one,Arabic
Muhammed,M,Praised one,Arabic
Muhunnad,M,Sword,Arabic
Muiel,F,Knows the sea,Irish
Muir,M,From the moors,Scottish
Muira,F,From the moors,Scottish
Muircheartaigh,M,Expert seaman,Irish
Muire,F,Bitter,Hebrew
Muire,F,Bitter,Irish
Muire,F,"Bitter, From the moor",Scottish
Muireadhach,M,Lord of the sea,Irish
Muireall,F,Angel of June,Latin
Muireall,F,"Myrrh, Sea-bright, Angel of June",Greek
Muireall,F,"Myrrh, Sea-bright, Angel of June",Irish
Muireann,F,Long haired,Irish
Muirfinn,M,DweIls near the beautiful sea,Scottish
Muirgheal,F,Knows the sea,Irish
Muirne,F,Beloved,Irish
Muirne,F,"Polite one, Gentle",Gaelic
Mukasa,M,God's chief administrator,African
Mukesh,M,Lord of the dumb,Indian
Mukhtar,M,Chosen,Arabic
Mukki,M,Child (Algonquin),Native American
Mukonry,M,Hound of prosperity,Irish
Mukta,M,A pearl in Telugu,Indian
Mukul,M,Bud,Indian
Mukunda,M,Freedom giver,Indian
Mulcahy,M,Battle chief,Irish
Mulga,M,Acacia tree,Australian Abori
Mull,M,Grinder,English
Muller,M,Grinder,English
Mullian,M,Eagle,Australian Abori
Mullion,M,Eagle,Australian Abori
Mullyan,M,Eagle,Australian Abori
Muna,F,Desire,Arabic
Muna,F,Overflowing spring (Hopi),Native American
Mundy,M,From Reamon,Irish
Mungo,M,Lovable,Celtic
Munin,M,Memory,Scandinavian
Munin,F,Memory,Scandinavian
Munir,M,Sparkling,Arabic
Munro,M,From Ro,Scottish
Munro,M,Mouth of the Roe River,Celtic
Munroe,M,From Ro,Scottish
Munroe,M,Mouth of the Roe River,Celtic
Muraco,M,White moon,Native American
Murchadh,M,Fighter of the sea,Irish
Murdoc,M,Protector of the sea,Scottish
Murdoc,M,Seaman,Celtic
Murdoch,M,Protector of the sea,Scottish
Murdoch,M,Seaman,Celtic
Murdock,M,Protector of the sea,Scottish
Murdock,M,Seaman,Celtic
Murel,F,Knows the sea,Irish
Murial,F,Angel of June,Latin
Murial,F,"Myrrh, Sea-bright, Angel of June",Greek
Murial,F,"Myrrh, Sea-bright, Angel of June",Irish
Muriel,F,Angel of June,Latin
Muriel,F,Bitter,Hebrew
Muriel,F,Myrrh,Arabic
Muriel,F,"Myrrh, Sea-bright, Angel of June",Greek
Muriel,F,"Myrrh, Sea-bright, Angel of June",Irish
Muriel,F,Shining sea,Celtic
Muriel,F,Shining sea,English
Murphee,M,Sea warrior,Gaelic
Murphey,M,Sea warrior,Irish
Murphree,M,Sea warrior,Gaelic
Murphy,M,Sea warrior,Gaelic
Murphy,M,Sea warrior,Irish
Murray,M,From the sea,Scottish
Murray,M,Lord of the sea,Irish
Murray,M,"Moorish, Dark-skinned, Moor land",English
Murray,M,"Moorish, Dark-skinned, Moor land",French
Murray,M,"Moorish, Dark-skinned, Moor land",Latin
Murray,M,Seaman,Celtic
Murrough,M,Fighter of the sea,Irish
Murry,M,Lord of the sea,Irish
Murry,M,Seaman,Celtic
Murtagh,M,Protector of the sea,Celtic
Murtagh,M,Protector of the sea,Scottish
Murtaugh,M,Surname,Irish
Murvyn,M,Beautiful sea,Celtic
Murvyn,M,Good friend,Anglo-Saxon
Musa,M,Saved from the water,Arabic
Musa,F,Song,French
Muse,F,Song,French
Musetta,F,Song,French
Musette,F,Song,French
Mustardseed,M,Appeared in Midsummer Night's Dream,Shakespearian
Mutius,M,Appeared in Titus Andronicus,Shakespearian
Mutsuko,F,Child of Mutsu,Japanese
My-Duyen,F,Beautiful,Vietnamese
Mya,M,"Emerald, A bright green gem",Burmese
Mya,F,"Emerald, A bright green gem",Burmese
Myaing,M,Forest,Burmese
Myaing,F,Forest,Burmese
Myall,M,"Wild, An Acacia tree",Australian Abori
Myat,M,Better,Burmese
Myat,F,Better,Burmese
Mychaela,F,Gift from God,English
Mychal,F,Gift from God,Hebrew
Mychau,F,Great,Vietnamese
Mychele,F,Gift from God,French
Mychelle,F,Gift from God,French
Myer,M,Farmer,German
Myer,M,"Farmer, Greater, Bringer of light",Hebrew
Myer,M,"Farmer, Greater, Bringer of light",Latin
Myerson,M,Farmer,German
Myerson,M,"Farmer, Greater, Bringer of light",Hebrew
Myerson,M,"Farmer, Greater, Bringer of light",Latin
Myesha,F,"Lively, Woman",Arabic
Myeshia,M,Lively,Arabic
Myeshia,F,"Lively, Woman",Arabic
Myfanwy,F,Sweet lady,Welsh
Myiesha,F,Life's blessing,Arabic
Myine,M,Forest,Burmese
Myine,F,Forest,Burmese
Myint,M,High,Burmese
Myint,F,High,Burmese
Myla,F,Merciful,English
Myleen,F,Merciful,English
Myles,M,Merciful,English
Myles,M,Merciful,German
Myles,M,Merciful,Greek
Myles,M,Servant,Irish
Myles,M,Soldier,Latin
Mylnburne,M,From the mill stream,English
Mylnric,M,From the powerful mill,English
Mylo,M,Merciful,English
Myma,F,Beloved,Irish
Myna,F,Bitterness,Hebrew
Myna,F,Love,German
Myna,F,Mother,Scottish
Myndee,F,A sycamore,Australian Abori
Mynogan,M,Mythical father of Beli,Celtic
Myo,M,Relative,Burmese
Myo,F,Relative,Burmese
Myra,F,Bitter,Hebrew
Myra,F,"Extraordinary, To be admired",Latin
Myra,F,"Extraordinary, To be admired",Spanish
Myra,F,Poetic invention,English
Myra,F,Quiet song,French
Myranda,F,"Extraordinary, To be admired",Latin
Myriam,F,Bitter,Hebrew
Myril,M,"Famous, Of the sea",English
Myril,M,"Famous, Of the sea",German
Myrilla,F,Bitter,Hebrew
Myrilla,F,"Extraordinary, To be admired",Latin
Myrilla,F,"Extraordinary, To be admired",Spanish
Myrl,M,"Famous, Of the sea",English
Myrl,M,"Famous, Of the sea",German
Myrla,F,Blackbird,French
Myrle,F,Blackbird,Latin
Myrlene,F,Blackbird,Latin
Myrna,M,"Myrrh, Sweet oil",Arabic
Myrna,F,"Myrrh, Sweet oil",Arabic
Myrna,F,"Polite one, Gentle",Gaelic
Myrna,F,Tender,Celtic
Myron,M,Holy place,Hebrew
Myron,M,"Myrrh, Sweet oil",Arabic
Myron,M,Sweet oil,Greek
Myrta,F,"Flower, Symbol of victory",Greek
Myrtia,F,"Flower, Symbol of victory",Greek
Myrtice,F,"Flower, Symbol of victory",Greek
Myrtilla,F,"Flower, Symbol of victory",Greek
Myrtis,F,"Flower, Symbol of victory",Greek
Myrtle,F,"Flower, Symbol of victory",Greek
Myrvyn,M,Beautiful sea,Celtic
Myrvyn,M,Good friend,Anglo-Saxon
Myrwyn,M,Beautiful sea,Celtic
Myrwyn,M,Good friend,Anglo-Saxon
Mysie,F,Child of light,Scottish
Mystee,F,Misty,English
Mysti,F,Misty,English
Mystique,F,Air of mystery,French
Mythily,F,Seeta,Indian
Myuna,F,Clear water,Australian Abori
Márk,M,"Warlike, Hammer, Defender",Latin
Márkus,M,"Warlike, Hammer, Defender",Latin
Márton,M,Of Mars,Latin
Mátyás,M,Gift of God,Hebrew
Máté,M,Gift of God,Hebrew
Mór,M,Moorish,Hungarian
Móric,M,Moorish,Hungarian
Müller,M,Grinder,English
Naal,M,Name of a saint,Irish
Naalnish,M,He works (Navajo),Native American
Naalyehe ya sidahi,M,Trader (Navajo),Native American
Naamah,F,Pleasant,Hebrew
Naaman,M,Pleasant,Hebrew
Naamit,F,Bird,Hebrew
Naava,F,Beautiful,Hebrew
Naavah,F,Beautiful,Hebrew
Nab,M,Abbot,Scottish
Nabelung,F,Beautiful one,African
Nabi Ulmalhamsh,M,Prophet of war,Arabic
Nabil,M,Noble,Arabic
Nabulung,M,Do not receive,African
Nachik,M,Fire,Indian
Nachiketa,M,Fire,Indian
Nachman,M,Compassionate,Hebrew
Nachmanke,M,"Compassionate one, One who comforts",Hebrew
Nachton,M,Pure,Scottish
Nada,F,Giving,Arabic
Nada,F,Hope,Slavic
Nadav,M,"Nobel, A generous one",Hebrew
Nadda,F,A camp,Australian Abori
Nadeen,F,Hope,French
Nadeen,F,Hope,Slavic
Nadetta,F,The courage of a bear,German
Nadette,F,The courage of a bear,German
Nadezda,F,One with hope,Czech
Nadezhda,F,Hope,Slavic
Nadia,F,Hope,French
Nadia,F,Hope,Slavic
Nadie,F,Hope,Slavic
Nadie,F,Wise (Algonquin),Native American
Nadifa,F,Born between two seasons,African
Nadim,M,Friend,Arabic
Nadina,F,Hope,Slavic
Nadina,F,The courage of a bear,German
Nadine,F,From Nada,French
Nadine,F,Hope,Slavic
Nadine,F,The courage of a bear,German
Nadir,M,Dearly loved,Arabic
Nadira,F,Unusual,African
Nadiv,M,Noble,Hebrew
Nadja,F,Hope,German
Nadra,F,Unusual,African
Nadya,F,Hope,Slavic
Naeem,M,Benevolent,African
Naf,F,Precious thing,Arabic
Nafeeza,F,Precious thing,Arabic
Naffo,F,Precious thing,Arabic
Naffy,F,Precious thing,Arabic
Nafiza,F,Precious thing,Arabic
Naftali,M,Wreath,Hebrew
Naftalie,M,Wreath,Hebrew
Nagesa,F,Born in the harvest season,African
Nahcomence,M,Oldbark antelope (Cheyenne),Native American
Nahele,M,Forest,Native American
Nahiossi,M,Has three fingers (Cheyenne),Native American
Nahoko,F,Child of Naho,Japanese
Nahum,M,Compassionate,Hebrew
Naia,F,Flowing,Greek
Naiad,F,Water nymph,Greek
Naiara,F,Reference to the Virgin Mary,Spanish
Naida,F,Water nymph,Greek
Naiia,F,Water nymph,Greek
Nailah,F,Success,African
Naimah,F,"Living a soft, enjoyable life",Arabic
Naina,F,Eyes,Indian
Naing,M,Win,Burmese
Naing,F,Win,Burmese
Nainsi,F,Grace,Hebrew
Nainsi,F,Grace,Irish
Nairna,F,Dwells at the alder tree river,Scottish
Nairne,M,From the narrow river glade,Scottish
Nairne,F,Dwells at the alder tree river,Scottish
Najja,F,Second born,African
Najjar,M,Carpenter,Arabic
Naki,F,First born girl,African
Nalani,F,Clamness of the skies,Hawaiian
Nalda,F,Strong,Spanish
Naldo,M,"Powerful, Rules with counsel",Norse
Naldo,M,Strong,Spanish
Naliaka,F,Wedding,African
Nalin,M,"Lotus, Water",Indian
Nalini,F,Lovely,Indian
Nally,M,Poor,Irish
Nalong,M,Source of a river,Australian Abori
Nalren,M,Thawed out (Dene),Native American
Nama,F,Tea-Tree,Australian Abori
Namazzi,F,Water,African
Nambur,M,Tea-Tree,Australian Abori
Namdev,M,"Poet, Saint",Indian
Nami,F,Wave,Japanese
Namid,F,Star dancer (Chippewa),Native American
Namiko,F,Child of Nami,Japanese
Namrata,F,Modesty,Indian
Nan,F,"Favor, Grace",English
Nan,F,"Favor, Grace",French
Nan,F,Grace,Hebrew
Nana,F,Grace,Hebrew
Nana,F,Grace,Spanish
Nana,F,Mother of the Earth,African
Nanako,F,Child of Nana,Japanese
Nance,F,Grace,Hebrew
Nancee,F,Grace,Hebrew
Nancey,F,Grace,English
Nancey,F,Grace,French
Nanci,F,Grace,English
Nanci,F,Grace,French
Nancie,M,Grace,English
Nancie,F,Grace,English
Nancie,F,Grace,French
Nancsi,F,Grace,Hebrew
Nancy,F,Grace,English
Nancy,F,Grace,French
Nancy,F,Grace,Hebrew
Nanda,M,"Meritorious, Great achiever",Indian
Nanda,M,River,Burmese
Nanda,F,"Happiness, A daughter",Indian
Nanda,F,River,Burmese
Nandakishor,M,Wiz kid,Indian
Nandan,M,"Pleasing, Son",Indian
Nandi,M,One who pleases,Indian
Nandika,F,Lakshmi,Indian
Nandin,M,"The delightful, Follower of Shiva",Indian
Nandini,F,"A holy cow, Bestower of joy, Ganga",Indian
Nandita,F,Happy,Indian
Nanelia,F,Grace,Hebrew
Nanelle,F,Grace,Hebrew
Nanetta,F,Grace,Hebrew
Nanette,F,Grace,French
Nanette,F,Grace,Hebrew
Nangila,F,Born while the parents were traveling,African
Nani,F,Beautiful,Polynesian
Nanice,F,Grace,Hebrew
Nanine,F,Grace,French
Nanine,F,Grace,Hebrew
Nann,M,Grace,French
Nann,F,Grace,English
Nann,F,Grace,French
Nanna,F,Grace,Hebrew
Nannette,F,Grace,French
Nannette,F,Grace,Hebrew
Nannie,F,Grace,Hebrew
Nanny,F,Grace,Hebrew
Nanon,F,Grace,French
Nansee,F,Grace,Hebrew
Nansen,M,Son of Nancy,Scandinavian
Nansey,F,Grace,Hebrew
Nantale,F,Clan totem is a lion,African
Nantan,M,Spokesman (Apache),Native American
Nantres,M,Name of a king,Arthurian Legend
Naois,M,Mythical warrior,Celtic
Naoko,F,Child of Nao,Japanese
Naoma,F,Pleasant,Hebrew
Naomhan,M,Holy,Irish
Naomi,F,Beautiful,Japanese
Naomi,F,Pleasant,Hebrew
Nap,M,From the city of Naples,Italian
Nap,M,Lion of the woods,Greek
Napayshni,M,"Strong, Courageous (Sioux)",Native American
Napea,F,Of the valley,Latin
Napier,M,In charge of royal linens,English
Napoleon,M,From Naples,French
Napoleon,M,From the city of Naples,Italian
Napoleon,M,Lion of the woods,Greek
Nappie,M,From the city of Naples,Italian
Nappie,M,Lion of the woods,Greek
Nappy,M,From the city of Naples,Italian
Nappy,M,Lion of the woods,Greek
Nar,F,Pretty,African
Nara,F,A companion,Australian Abori
Nara,F,Contented,Celtic
Nara,F,From Nara,Native American
Nara,F,Joyous,Gaelic
Nara,F,Nearest,English
Narayana,M,"Vishnu, Refuge of man",Indian
Narcisa,F,Daffodil,Spanish
Narciso,M,"A lily, Daffodil",Latin
Narcissa,F,Self-love,Greek
Narcisse,F,Self-love,Greek
Narcissus,M,Self-love,Greek
Narcisus,M,Self-love,Greek
Narda,F,Fervently annointed,Latin
Nardo,M,Strong,German
Nardoo,M,A plant with edible seeds,Australian Abori
Nardu,M,A plant with edible seeds,Australian Abori
Nareen,F,Contented,Celtic
Nareena,F,Contented,Celtic
Nareene,F,Contented,Celtic
Narella,F,Bright one,Greek
Narelle,F,Bright one,Greek
Narendra,M,King of men,Indian
Naresh,M,Lord of man,Indian
Naretha,F,A saltbush,Australian Abori
Narhari,M,Man-lion,Indian
Narkeasha,F,Pretty,African
Narmad,M,Bringing delight,Indian
Narmada,F,"One who arouses tender feelings in others, River Narmada",Indian
Narottam,M,Best among men,Indian
Narrah,M,The sea,Australian Abori
Narsi,M,"Poet, Saint",Indian
Narsimha,M,Lion among men,Indian
Nartan,M,Dance,Indian
Nartana,M,Makes others dance,Indian
Nas,M,Protector,Arabic
Nash,M,Cliff,English
Nashe,M,Cliff,English
Nashota,F,Twin,Native American
Nashwa,F,Wonderful feeling,African
Nashy,F,Wonderful feeling,African
Nasiche,F,Born during locust season,African
Nasim,M,Fresh,Arabic
Nasir,M,Protector,Arabic
Nasser,M,Victorious,Arabic
Nassir,M,Protector,Arabic
Nastas,M,Curve like foxtail grass (Navajo),Native American
Nastassia,F,Born at Christmas,Latin
Nat,M,Gift from God,Hebrew
Nata,F,Hope,Slavic
Nata,F,Speaker,Native American
Natal,M,Born at Christmas,Spanish
Natal,M,Christmas,French
Natala,F,Born at Christmas,Latin
Natale,M,Christmas,French
Natalee,F,Born at Christmas,French
Natalee,F,Born at Christmas,Latin
Nataleigh,F,Born at Christmas,Latin
Natalia,F,Born at Christmas,Latin
Natalia,F,Born at Christmas,Spanish
Natalie,F,Born at Christmas,French
Natalie,F,Born at Christmas,Latin
Natalii,F,Born at Christmas,French
Nataline,F,Born at Christmas,Latin
Natalio,M,Born at Christmas,Spanish
Natalja,F,Born at Christmas,Latin
Nataly,F,Born at Christmas,Latin
Natalya,F,Born at Christmas,Latin
Natan,M,A Figtree,Australian Abori
Natan,M,Gift from God,Hebrew
Natanael,M,Gift from God,Hebrew
Natanael,M,Gift from God,Spanish
Natane,F,Daughter (Arapaho),Native American
Natania,F,Gift from God,Hebrew
Nataniel,M,Gift from God,Hebrew
Nataniel,M,Gift from God,Spanish
Nataniella,F,Gift from God,Hebrew
Natanielle,F,Gift from God,Hebrew
Natasa,F,Born at Christmas,Latin
Natasha,F,Born at Christmas,Latin
Natasha,F,Resurrection,Greek
Natashi,F,Born at Christmas,Latin
Natashia,F,Born at Christmas,Latin
Natassia,F,Born at Christmas,Latin
Nate,M,Gift from God,Hebrew
Nathair,M,Snake,Scottish
Nathaira,F,Snake,Scottish
Nathalee,F,Born at Christmas,French
Nathalia,M,Born at Christmas,French
Nathalia,F,Born at Christmas,French
Nathalia,F,Born at Christmas,Latin
Nathalie,F,Born at Christmas,French
Nathalie,F,Born at Christmas,Latin
Nathaly,F,Born at Christmas,French
Nathan,M,Gift from God,Hebrew
Nathanael,M,Gift from God,French
Nathanael,M,Gift from God,Hebrew
Nathania,F,Gift from God,Hebrew
Nathanial,M,Gift from God,Hebrew
Nathaniel,M,Appeared in Love's Labour Lost,Shakespearian
Nathaniel,M,Gift from God,Hebrew
Nathanielle,F,Gift from God,Hebrew
Nathara,F,Snake,Scottish
Nathrach,M,Snake,Scottish
Nathraichean,M,Snake,Scottish
Natividad,F,Born at Christmas,Latin
Natividad,F,Reference to the Nativity,Spanish
Natosha,F,Born at Christmas,Latin
Natraj,M,King among actors,Indian
Natsuko,F,Child of Natsu,Japanese
Natty,M,Gift from God,Hebrew
Natty,F,Born at Christmas,Latin
Natuche,F,Born at Christmas,French
Naughton,M,Pure,Scottish
Navarre,M,Plains,French
Navarro,M,"Plains, A medieval Spanish kingdom",Spanish
Naveen,M,New,Indian
Navin,M,New,Indian
Navit,F,Pleasant,Hebrew
Navnit,M,Fresh butter,Indian
Nawar,F,Flower,Arabic
Nawat,M,Left handed,Native American
Nawkaw,M,Wood (Winnebago),Native American
Nayad,F,Water nymph,Greek
Nayan,M,Eye,Indian
Nayana,F,Eyes,Indian
Nayati,M,He who wrestles,Native American
Nayoko,F,Child of Nayo,Japanese
Naysa,F,Miracle of God,Hebrew
Nazi,F,Coconut,African
Nazirah,F,"Equal, Like",Arabic
Ndila,F,Billy goat,African
Neakail,M,People's victory,Scottish
Neal,M,Champion,Celtic
Neal,M,Champion,English
Neal,M,Champion,Gaelic
Neala,F,Champion,Gaelic
Neala,F,Champion,Irish
Neala,F,Ruler,Celtic
Nealah,F,Champion,Gaelic
Neale,M,Champion,Celtic
Neale,M,Champion,Gaelic
Nealie,F,Ruler,Celtic
Nealon,M,Champion,Celtic
Nealson,M,"Son of a champion, Son of Neil",Celtic
Nealson,M,"Son of a champion, Son of Neil",English
Nearra,F,Nearest,English
Neason,M,Name of a saint,Irish
Nechama,F,Comfort,Hebrew
Nechemya,M,Comforted by God,Hebrew
Nechtan,M,Pure,Scottish
Nechten,M,Name of a king,Anglo-Saxon
Neci,F,"Intense, Fiery",Latin
Ned,M,"Guardian of prosperity, Guardian of the mists",English
Ned,F,Born on Sunday,Slavic
Ned,F,"Guardian of prosperity, Guardian of the mists",English
Neda,F,Born on Sunday,Slavic
Neda,F,"Guardian of prosperity, Guardian of the mists",English
Nedda,F,Born on Sunday,Slavic
Nedda,F,"Guardian of prosperity, Guardian of the mists",English
Neddie,M,"Guardian of prosperity, Guardian of the mists",English
Neddy,M,"Guardian of prosperity, Guardian of the mists",English
Neddy,F,Born on Sunday,Slavic
Neddy,F,"Guardian of prosperity, Guardian of the mists",English
Nediva,F,Giving,Hebrew
Nedivah,F,Giving,Hebrew
Nedjelko,F,Born on Sunday,Slavic
Nedjelko,F,"Guardian of prosperity, Guardian of the mists",English
Nedo,F,Born on Sunday,Slavic
Nedo,F,"Guardian of prosperity, Guardian of the mists",English
Nedra,F,"Guardian of prosperity, Guardian of the mists",English
Nee,M,"Priceless, Flourishing, Flower",Latin
Neeharika,F,Dew drops,Indian
Neeheeoeewootis,M,High backed wolf (Cheyenne),Native American
Neel,M,Blue,Indian
Neel,M,Champion,Gaelic
Neela,F,Blue,Indian
Neela,F,Champion,Gaelic
Neelam,M,"Emerald, A bright green gem",Indian
Neelam,F,Sapphire,Indian
Neelie,F,Champion,English
Neelkanth,M,"Peacock, Shiva",Indian
Neely,M,Champion,Gaelic
Neely,F,Champion,English
Neema,F,Born at a prosperous time,African
Neeraj,M,Lotus,Indian
Neeraja,F,Lotus,Indian
Neerja,F,Lotus flower,Indian
Neese,M,Choice,Celtic
Nef,M,Nephew,German
Nefen,M,Nephew,German
Neff,M,Nephew,German
Neffe,M,Middle,English
Neffe,M,Nephew,German
Neffe,M,Worshiper,Gaelic
Nefin,M,Nephew,German
Neha,F,"Love, Rain",Indian
Nehama,F,Comfort,Hebrew
Nehanda,F,The beautiful one has arrived,African
Nehemiah,M,God's compassion,Hebrew
Neil,M,Champion,Celtic
Neil,M,Champion,Gaelic
Neila,F,Champion,English
Neila,F,Champion,Gaelic
Neilan,M,Champion,Irish
Neilan,M,Champion,Scottish
Neill,M,Champion,Celtic
Neill,M,Champion,Gaelic
Neill,M,Champion,Irish
Neill,M,Champion,Scottish
Neilla,F,Champion,Gaelic
Neilson,M,"Son of a champion, Son of Neil",Celtic
Neilson,M,"Son of a champion, Son of Neil",English
Neiva,F,Snowy,Spanish
Neka,M,Wild goose,Native American
Nekana,F,Sorrows,Spanish
Nekane,F,Sorrows,Spanish
Nela,F,Champion,Gaelic
Nela,F,The bright one,Greek
Nelda,F,By the alder tree,English
Nelda,F,Champion,Irish
Nelda,F,From the Alder trees,Anglo-Saxon
Nelda,F,The bright one,Greek
Nelek,M,Like a horn,Polish
Nelia,F,The bright one,Greek
Nelia,F,Yellow,Spanish
Nelida,F,Shining light,Spanish
Nelina,F,The bright one,Greek
Nelita,F,The bright one,Greek
Nell,M,Champion,Celtic
Nell,F,Shining light,English
Nell,F,The bright one,Greek
Nella,F,Shining light,English
Nella,F,The bright one,Greek
Nelle,F,My judge is the Lord,Hebrew
Nelle,F,The bright one,Greek
Nelleke,F,A horn,Dutch
Nellie,M,"Son of a champion, Son of Neil",Celtic
Nellie,M,"Son of a champion, Son of Neil",English
Nellie,F,Shining light,English
Nellie,F,The bright one,Greek
Nellis,F,The bright one,Greek
Nellwyn,F,Bright friend,English
Nellwyn,F,The bright one,Greek
Nelly,M,"Son of a champion, Son of Neil",Celtic
Nelly,M,"Son of a champion, Son of Neil",English
Nelly,F,My judge is the Lord,Hebrew
Nelly,F,Shining light,English
Nelly,F,The bright one,Greek
Nels,M,Champion,Gaelic
Nels,M,"Chief, Leader",Celtic
Nels,M,"Son of a champion, Son of Neil",English
Nelson,M,"Son of a champion, Son of Neil",Celtic
Nelson,M,"Son of a champion, Son of Neil",English
Nelwin,F,Bright friend,English
Nelwina,F,Bright friend,English
Nelwyna,F,Bright friend,English
Nemausus,M,Mythical god of Nimes,Celtic
Nemesio,M,Named for Nemesis goddess of vengeance,Spanish
Nemiah,M,God's compassion,Hebrew
Nemo,M,"No name, Nobody",Latin
Nentres,M,Name of a king,Arthurian Legend
Neo,M,New,Greek
Neola,F,Youthful,Greek
Neoma,F,New moon,Greek
Neomi,F,Pleasant,Hebrew
Neona,F,New moon,Greek
Neorah,F,Light,Hebrew
Nerang,M,Little,Australian Abori
Nerea,F,Mine,Spanish
Neria,F,"Lamp of God, Angel",Hebrew
Nerian,M,Protects,Anglo-Saxon
Nerida,F,Born on Sunday,Slavic
Nerida,F,Flower,Australian Abori
Nerida,F,"Guardian of prosperity, Guardian of the mists",English
Neridah,F,Flower,Australian Abori
Nerin,F,"A nereid, One from the sea",Greek
Nerissa,F,Appeared in Merchant of Venice,Shakespearian
Nerissa,F,Daughter of the sea,Latin
Nerole,F,Orange blossom,Italian
Neroli,F,Orange blossom,Italian
Nerolia,F,Orange blossom,Italian
Nerolie,F,Orange blossom,Italian
Neroly,F,Orange blossom,Italian
Neron,M,Strong,Spanish
Nerthus,F,Name of a goddess,Anglo-Saxon
Nesa,F,Headland,Norse
Ness,M,From the headland,Scottish
Nessa,F,From the headland,Scottish
Nessa,F,God is gracious,Irish
Nessa,F,Headland,Norse
Nessa,F,"Lamb, Pure, Chaste",Latin
Nessa,F,Pure,Greek
Nessan,M,Name of a saint,Irish
Nessia,F,From the headland,Scottish
Nessie,F,Butterfly,Greek
Nessie,F,Headland,Norse
Nessy,F,Butterfly,Greek
Nest,M,"Traveler, Wisdom",Greek
Nesta,M,"Traveler, Wisdom",Greek
Nesto,M,Serious,Spanish
Nestor,M,Appeared in Troilus & Cressida,Shakespearian
Nestor,M,"Traveler, Wisdom",Greek
Nestor,M,Wise,Spanish
NetStep,N,The next step in your business. Note: This Database is Copyright by NetStep Enterprise 2004.,English
Neta,F,Grace,Hebrew
Neta,F,Serious,Spanish
Nethanel,M,Gift from God,Hebrew
Neto,M,Serious,Spanish
Netra,F,Eyes,Indian
Netta,F,Plant,Hebrew
Nettie,F,Born at Christmas,Latin
Netty,F,Born at Christmas,Latin
Netty,F,Name ending used as an independent name,English
Neuman,M,Newcomer,English
Neumann,M,Newcomer,English
Neuveville,M,From the new town,French
Nev,M,New village,English
Nev,M,New village,French
Neva,F,Snowy,Spanish
Nevada,M,"Snow-clad, A western USA state",Spanish
Nevada,F,Snowy,Latin
Nevada,F,Snowy,Spanish
Nevan,M,Holy,Irish
Nevea,F,Snow-clad,Spanish
Nevelson,M,New village,English
Nevelson,M,New village,French
Neven,M,Middle,English
Neven,M,Nephew,German
Neven,M,Worshiper,Gaelic
Nevia,F,Snow-clad,Spanish
Nevil,M,New village,English
Nevil,M,New village,French
Nevile,M,New village,English
Nevile,M,New village,French
Neville,M,New village,English
Neville,M,New village,French
Nevin,M,Middle,English
Nevin,M,Nephew,German
Nevin,M,Worshiper,Gaelic
Nevins,M,Middle,English
Nevins,M,Nephew,German
Nevins,M,Worshiper,Gaelic
Nevita,F,Snow-clad,Spanish
Nevyn,M,Holy,Irish
Newall,M,From the new manor,English
Newall,M,Kernel,French
Newbold,M,From the new manor,English
Newbold,M,Kernel,French
Newell,M,From the new manor,English
Newell,M,Kernel,French
Newgate,M,From the new manor,English
Newgate,M,Kernel,French
Newland,M,New village,English
Newland,M,New village,French
Newlin,M,From the new manor,English
Newlin,M,From the new spring,Celtic
Newlin,M,Kernel,French
Newlyn,M,From the new spring,Celtic
Newlyn,M,Pool,Welsh
Newman,M,Newcomer,English
Newmie,M,Newcomer,English
Newton,M,From the new estate,Anglo-Saxon
Newton,M,From the new manor,English
Newton,M,Kernel,French
Neya,F,Grace,Hebrew
Neysa,F,Pure,Greek
Neza,F,"Lamb, Pure, Chaste",Latin
Neza,F,Pure,Greek
Ngaio,F,The name of a native New Zealand tree,Maori
Ngaire,F,Flaxen,Maori
Nhu,F,Everything according to one's wishes,Vietnamese
Nhung,M,Velvet,Vietnamese
Nhung,F,Velvet,Vietnamese
Nia,F,Abbreviation of names ending in -nia,English
Nia,F,Purpose,African
Nial,M,Champion,Gaelic
Niall,M,Champion,Celtic
Niall,M,Champion,English
Niall,M,Champion,Gaelic
Niall,M,Champion,Irish
Niall,M,Champion,Scottish
Niallan,M,Champion,Celtic
Nica,F,True image,Latin
Nicanor,M,People's victory,Greek
Nicanor,M,Victorious army,Spanish
Nicanor,F,Victorious army,Greek
Nicanora,F,Victorious army,Spanish
Nicci,F,People's victory,Greek
Nichele,F,People's victory,English
Nichelle,F,Like God,Hebrew
Nichelle,F,People's victory,Greek
Nichol,M,People's victory,French
Nichol,M,People's victory,Greek
Nichol,F,People's victory,French
Nichola,F,People's victory,Greek
Nicholai,M,People's victory,Greek
Nicholas,M,People's victory,English
Nicholas,M,People's victory,Greek
Nichole,F,People's victory,French
Nichole,F,People's victory,Greek
Nichols,M,People's victory,Greek
Nicia,F,Victorious army,Greek
Nick,M,Of the Lord,Latin
Nick,M,People's victory,English
Nick,M,People's victory,Greek
Nicki,F,People's victory,English
Nickie,F,People's victory,English
Nickie,F,People's victory,Greek
Nickita,M,People's victory,Greek
Nicklaus,M,People's victory,Greek
Nicko,M,People's victory,Greek
Nickolaus,M,People's victory,German
Nickson,M,People's victory,English
Nicky,M,People's victory,English
Nicky,M,People's victory,Greek
Nicky,F,People's victory,Greek
Nicky,F,True image,Latin
Nico,M,People's victory,English
Nicodemus,M,People's victory,Greek
Nicol,M,People's victory,English
Nicol,M,People's victory,Greek
Nicol,M,People's victory,Scottish
Nicola,M,People's victory,Greek
Nicola,F,People's victory,French
Nicola,F,People's victory,Greek
Nicolas,M,People's victory,French
Nicolas,M,People's victory,Greek
Nicolas,M,People's victory,Spanish
Nicole,F,People's victory,Greek
Nicolette,F,People's victory,French
Nicolette,F,People's victory,Greek
Nicoline,F,People's victory,Greek
Nicolo,M,People's victory,Greek
Nicolson,M,People's victory,Greek
Nicos,M,People's victory,Greek
Nicson,M,Son of Nick,English
Nidhi,F,Treasure,Indian
Nidhish,M,Lord of treasure,Indian
Nidra,F,Sleep,Indian
Niece,M,Choice,Celtic
Niel,M,Champion,Gaelic
Niela,F,Champion,Gaelic
Niels,M,Champion,Gaelic
Nieve,F,Snowy,Spanish
Niewheall,M,From the new hall,English
Nigan,M,Ahead,Native American
Nigel,M,Champion,English
Nigel,M,Dark one,Latin
Nigesa,F,Born in the harvest season,African
Nighean,F,Young woman,Scottish
Nighinn,F,Young woman,Scottish
Niguel,M,Champion,Spanish
Nihar,M,"Mist, Fog, Dew",Indian
Niichaad,M,Swollen (Navajo),Native American
Nij,F,Pansophist,Indian
Nijel,M,Champion,English
Nijlon,F,Mistress (Algonquin),Native American
Niju,F,Pansophist,Indian
Nika,F,Born on Sunday,Russian
Nika,F,People's victory,Greek
Nike,M,Victory,Greek
Nike,F,Victory,Greek
Nikhil,M,"Complete, Whole",Indian
Nikhita,F,Sharp,Indian
Nikita,M,People's victory,Greek
Nikiti,M,"Round, Smooth",Native American
Nikki,M,People's victory,English
Nikki,M,People's victory,Greek
Nikki,F,People's victory,English
Nikki,F,People's victory,Greek
Nikkie,F,People's victory,English
Nikko,M,People's victory,English
Niko,M,People's victory,English
Niko,M,People's victory,Greek
Nikola,M,People's victory,Greek
Nikolai,M,People's victory,Greek
Nikolas,M,People's victory,Greek
Nikolaus,M,People's victory,German
Nikolaus,M,People's victory,Greek
Nikole,F,People's victory,Greek
Nikolia,F,People's victory,Greek
Nikolie,M,People's victory,Greek
Nikolos,M,People's victory,Greek
Nikos,M,People's victory,English
Nikos,M,People's victory,Greek
Nikson,M,Son of Nick,English
Nikunj,M,A bower,Indian
Nila,F,Champion,Gaelic
Nilay,M,Heaven,Indian
Niles,M,Champion,English
Niles,M,Champion,Gaelic
Niles,M,People's victory,Greek
Nilesh,M,"Krishna, Blue God",Indian
Niley,F,A shell,Australian Abori
Nili,F,Success,Hebrew
Nilima,F,Blue,Indian
Nilini,F,Perpetuator of the Kuru race,Indian
Nils,M,Champion,Danish
Nils,M,Champion,Gaelic
Nils,M,People's victory,Greek
Nilson,M,"Son of a champion, Son of Neil",Celtic
Nilson,M,"Son of a champion, Son of Neil",English
Nimah,F,"Blessing, Loan",Arabic
Nimai,M,Name of Lord Krishna,Indian
Nimay,M,Name of Lord Krishna,Indian
Nimbus,M,"Rain cloud, Halo",Latin
Nimiane,F,The Lady of the Lake,Arthurian Legend
Nimue,F,The Lady of the Lake,Arthurian Legend
Nin,F,Grace,Hebrew
Nina,F,Girl,Spanish
Nina,F,Grace,Hebrew
Nina,F,Strong,Native American
Ninacska,F,Grace,Hebrew
Ninad,M,"Sound, Gentle sound of water",Indian
Ninette,F,Girl,Spanish
Ninette,F,Grace,French
Ninette,F,Grace,Hebrew
Nineve,F,The Lady of the Lake,Arthurian Legend
Nini,F,Stone,African
Nino,M,God is gracious,Italian
Ninon,F,Girl,Spanish
Ninon,F,Grace,French
Ninon,F,Grace,Hebrew
Ninoshka,M,God is gracious,Italian
Ninya,F,Girl,Spanish
Ninya,F,Grace,Hebrew
Niobe,F,Fern,Greek
Nioka,M,Green hills,Australian Abori
Nir,M,God's field,Hebrew
Nira,M,God's field,Hebrew
Nira,F,Plow,Hebrew
Nirad,M,Given by water,Indian
Niraj,M,Lotus,Indian
Niral,F,Calm,Indian
Niramitra,M,Son of pandava Sahadeva,Indian
Niranjan,M,Simple,Indian
Nirav,M,Without sound,Indian
Niree,F,Flaxen,Maori
Nirel,M,God's field,Hebrew
Niria,M,God's field,Hebrew
Niria,F,Plow,Hebrew
Niriel,M,God's field,Hebrew
Nirit,F,Plant,Hebrew
Nirmal,M,"Clean, Pure",Indian
Nirmala,F,"Clean, Pure",Indian
Nirupa,F,"A decree, Command",Indian
Nirupama,F,"Unique, Uncomparable",Indian
Nirvana,F,"Deep silence, Ultimate bliss",Indian
Nirvelli,F,Water child,Native American
Nisha,F,Night,Indian
Nishad,M,Seventh note on Indian musical scale,Indian
Nishan,M,Sign,Arabic
Nishan,F,"Award, Medal",African
Nishit,M,Midnight,Indian
Nishtha,F,"Faith, Trust",Indian
Nisi,M,Emblem,Hebrew
Nisi,F,Emblem,Hebrew
Nisien,M,Mythical son of Euroswydd,Celtic
Nissa,F,"Elf, Fairy",Scandinavian
Nissa,F,Headland,Norse
Nissan,F,"Elf, Fairy",Scandinavian
Nisse,F,"Elf, Fairy",Scandinavian
Nissi,F,"Elf, Fairy",Scandinavian
Nissim,M,Wonders,Hebrew
Nissim,F,"Elf, Fairy",Scandinavian
Nita,F,Bear (Choctaw),Native American
Nita,F,Grace,Hebrew
Nita,F,Moral,Indian
Nita,F,Serious,Spanish
Nitara,F,Deeply rooted,Indian
Niteesh,M,"God of law, One well versed in law",Indian
Niti,F,Morality,Indian
Nitika,F,Angel of precious stone,Native American
Nitis,M,Friend,Native American
Nittawosew,F,She is not sterile (Algonquin),Native American
Nituna,F,Daughter,Native American
Nitya,F,Goddess Parvati,Indian
Nitya-Sundara,M,Handsome,Indian
Nityanand,M,Perennially happy,Indian
Nityasundar,M,Ever good-looking,Indian
Nitza,F,Blossom,Hebrew
Nitzana,F,Blossom,Hebrew
Nitzanah,F,Blossom,Hebrew
Nivedita,F,One dedicated to service,Indian
Nivrutti,M,Separation from world,Indian
Nixen,M,Son of Nick,English
Nixie,F,Little water sprite,German
Nixkamich,M,Grandfather (Algonquin),Native American
Nixon,M,People's victory,English
Nixon,M,People's victory,Greek
Niyati,F,"Fate, Fortune, Supreme power",Indian
Niyol,M,Wind (Navajo),Native American
Nizana,F,Blossom,Hebrew
Njemile,F,Upstanding,African
Nkechi,F,Loyal,African
Noa,M,Comfort,Hebrew
Noach,M,Comfort,Hebrew
Noadiah,M,God assembles,Hebrew
Noah,M,Comfort,Hebrew
Noam,M,Comfort,Hebrew
Noami,F,Pleasant,Hebrew
Nobel,M,"Honorable one, Well born",Latin
Nobile,M,"Honorable one, Well born",Latin
Noble,M,"Honorable one, Well born",Latin
Nodens,M,A British god,Anglo-Saxon
Nodin,M,Wind,Native American
Nodons,M,A British god,Anglo-Saxon
Noe,M,Comfort,Hebrew
Noe,M,Comfort,Spanish
Noel,M,Christmas,French
Noel,M,Comfort,Hebrew
Noel,F,Born at Christmas,Latin
Noel,F,Christmas,French
Noelani,F,Beautiful girl from heaven,Hawaiian
Noele,F,Christmas,French
Noell,F,Christmas,French
Noella,F,Christmas,French
Noelle,F,Born at Christmas,Latin
Noelle,F,Christmas,French
Noemi,F,Pleasant,Spanish
Noemie,F,Pleasant,French
Noga,F,Sparkles,Hebrew
Nokomis,F,Grandmother (Chippewa),Native American
Nola,F,Famous,Celtic
Nola,F,Kind one,Norse
Nola,F,Olive tree,French
Nola,F,Olive tree,Latin
Nolan,M,Noble,Celtic
Nolan,M,Noble,Gaelic
Nolan,M,"Renowned, Noble",Irish
Noland,M,Noble,Celtic
Noland,M,"Renowned, Noble",Irish
Nolen,M,Noble,Gaelic
Nolen,M,"Renowned, Noble",Irish
Nolene,F,Noble,English
Nolin,M,Noble,Gaelic
Noll,M,Kind one,Norse
Noll,M,Olive tree,French
Noll,M,Olive tree,Latin
Nollie,F,Kind one,Norse
Nollie,F,Olive tree,French
Nollie,F,Olive tree,Latin
Nolly,M,Kind one,Norse
Nolly,M,Olive tree,French
Nolly,M,Olive tree,Latin
Nolyn,M,Noble,Gaelic
Nolyn,M,"Renowned, Noble",Irish
Nomi,F,Pleasant,Hebrew
Nona,M,Ninth,Latin
Noora,F,A camp,Australian Abori
Nootau,M,Fire (Algonquin),Native American
Nora,F,"Honor, Light",English
Nora,F,"Honor, Light",Greek
Nora,F,"Honor, Light",Latin
Nora,F,Light,Hebrew
Norabel,F,"Honor, Light",English
Norah,F,"Honor, Light",Greek
Norah,F,"Honor, Light",Latin
Norah,F,Light,Hebrew
Norberaht,F,Bright heroine,German
Norbert,M,Shining from the North,English
Norbert,M,Shining from the North,German
Norberta,F,Bright heroine,German
Norberte,F,Bright heroine,German
Norberto,M,Heroic,Spanish
Norberto,M,Shining from the North,English
Norberto,M,Shining from the North,German
Norcross,M,From the north cross roads,English
Nordica,F,From the north,German
Nordika,F,From the north,German
Noreen,F,"Honor, Light",Greek
Noreen,F,"Honor, Light",Irish
Noreen,F,"Honor, Light",Latin
Noreena,F,"Honor, Light",Irish
Noreis,M,Caretaker,French
Nori,F,Doctrine,Japanese
Norice,M,Caretaker,French
Noriko,F,Child of Nori,Japanese
Norina,F,"Honor, Light",Greek
Norina,F,"Honor, Light",Latin
Norine,F,"Honor, Light",Greek
Norine,F,"Honor, Light",Latin
Norm,M,From the north,English
Norm,M,From the north,French
Norma,F,Model,Latin
Normal,M,From the north,English
Normal,M,From the north,French
Norman,M,From the north,English
Norman,M,From the north,French
Norman,M,From the north,German
Normand,M,From the north,English
Normand,M,From the north,French
Normand,M,From the north,German
Normando,M,From the north,Spanish
Normie,M,From the north,English
Normie,M,From the north,French
Norna,F,From the north,German
Norris,M,From the north,English
Norris,M,From the north,French
Norris,M,From the north,Scottish
North,M,From the north,English
Northclif,M,From the north cliff,English
Northcliff,M,From the north,English
Northcliffe,M,From the north cliff,English
Northclyf,M,From the north cliff,English
Northrop,M,From the north farm,English
Northrup,M,From the north,English
Northtun,M,From the north farm,English
Northwode,M,From the north forest,English
Nortin,M,From the north farm,English
Norton,M,From the north,English
Norton,M,From the north farm,Anglo-Saxon
Norval,M,From the north valley,Scottish
Norvel,M,From the north state,Anglo-Saxon
Norville,M,From the north,English
Norville,M,From the north,French
Norville,M,From the north state,Anglo-Saxon
Norvin,M,From the north,English
Norvyn,M,Friend of the north,English
Norward,M,From the north,English
Norwel,M,From the north spring,English
Norwell,M,From the north,English
Norwin,M,From the north,English
Norwood,M,From the north,English
Norwyn,M,From the north,English
Nosh,M,Father (Algonquin),Native American
Noshi,M,Father (Algonquin),Native American
Nouel,M,Kernel,French
Nova,F,Chases butterfly (Hopi),Native American
Nova,F,New,Latin
Novella,F,Born at Christmas,Latin
Novia,F,New,Latin
Now,M,Light,Arabic
Nowa,F,Light,Arabic
Nowell,M,Christmas,French
Nowlan,M,Noble,Gaelic
Nowles,M,From the north,English
Nowra,M,A black cockatoo,Australian Abori
Noy,F,Decoration,Hebrew
Noya,F,"Adorned with beauty, Spectacular ornament",Arabic
Nozomi,F,Hope,Japanese
Noël,M,Christmas,French
Nripendra,M,King of kings,Indian
Nuala,F,Lovely shoulders,Irish
Nudar,F,Gold,Arabic
Nudara,F,Gold,Arabic
Nudd,M,A knight,Arthurian Legend
Nukpana,M,Evil (Hopi),Native American
Nukpana,F,Evil (Hopi),Native American
Nulte,M,From Ulster,Irish
Nulty,M,From Ulster,Irish
Numees,F,Sister (Algonquin),Native American
Numen,M,Newcomer,English
Nuna,F,Land,Native American
Nupura,F,Anklet,Indian
Nur,M,Light,Arabic
Nura,F,Light,Arabic
Nuray,F,White moon,Arabic
Nureet,F,Plant,Hebrew
Nuri,M,Fire,Arabic
Nuri,M,My fire,Hebrew
Nurit,F,Plant,Hebrew
Nurita,F,Plant,Hebrew
Nuru,F,"Light, Born during the day",African
Nusa,F,Grace,Hebrew
Nusi,F,Grace,Hebrew
Nutan,F,New,Indian
Nuttah,F,My heart (Algonquin),Native American
Nweh,F,Light,Arabic
Nyad,F,Water nymph,Greek
Nyaga,F,Life is precious,African
Nydia,F,"Refuge, Nest",Latin
Nye,M,Island,English
Nyein,M,Quiet,Burmese
Nyein,F,Quiet,Burmese
Nygel,M,Champion,English
Nyki,F,People's victory,Greek
Nykki,F,People's victory,Greek
Nykko,M,People's victory,English
Nykky,F,People's victory,Greek
Nykole,F,People's victory,Greek
Nyky,F,People's victory,Greek
Nyle,M,Champion,Celtic
Nyle,M,Desire,Anglo-Saxon
Nyle,M,Island,English
Nyles,M,Champion,English
Nym,M,"Appeared in Henry V, Merry Wives of Windsor",Shakespearian
Nynette,F,"Favor, Grace",French
Nyneve,F,The Lady of the Lake,Arthurian Legend
Nyree,M,God's field,Hebrew
Nyree,F,Flaxen,Maori
Nyunt,M,Blossom,Burmese
Nyunt,F,Blossom,Burmese
Nyx,F,Night,Greek
Nyék,M,Borderlands,Hungarian
O'Conner,M,"Desire, Wise aid, Hound lover",Celtic
O'Conner,M,"Desire, Wise aid, Hound lover",Irish
O'Connor,M,"Desire, Wise aid, Hound lover",Celtic
O'Connor,M,"Desire, Wise aid, Hound lover",Irish
O'Neill,M,Champion,Gaelic
O'brian,M,Surname,Irish
O'brien,M,Surname,Irish
O'keefe,M,Surname,Irish
O'shay,M,Surname,Irish
O'shea,M,Surname,Irish
Oakden,M,From the oak tree valley,English
Oakes,M,From the oak tree valley,English
Oakley,M,From the oak tree valley,English
Obadiah,M,Servant of God,Hebrew
Obax,F,Flower,African
Obe,M,Servant of God,Hebrew
Obed,M,Servant of God,Hebrew
Obediah,M,Serves God,Hebrew
Obelia,F,Pillar of strength,Greek
Obelius,M,Pillar of strength,Greek
Obelix,M,Pillar of strength,Greek
Oberon,M,Appeared in Midsummer Night's Dream,Shakespearian
Obharnait,F,The color of olive,Irish
Obiajulu,M,The heart is consoled,African
Obie,M,Servant of God,Hebrew
Ocelfa,M,From the high plain,English
Ochen,M,One of the twins,African
Octave,M,Eighth child,French
Octavia,F,Appeared in Antony & Cleopatra,Shakespearian
Octavia,F,Eighth child,Latin
Octavian,M,Eighth child,Latin
Octavie,F,Eighth child,Latin
Octavio,M,Eighth child,Latin
Octavio,M,Eighth child,Spanish
Octavius,M,Appeared in Julius Caesar,Shakespearian
Octavius,M,Eighth child,Latin
Octavius Caesar,M,Appeared in Antony & Cleopatra,Shakespearian
Octavus,M,Eighth child,Latin
Octe,M,A son of Hengist,Anglo-Saxon
Octha,M,A son of Hengist,Anglo-Saxon
Octha,M,Enemy of Arthur,Arthurian Legend
Ocumwhowurst,M,Yellow wolf (Cheyenne),Native American
Ocunnowhurst,M,Yellow wolf (Cheyenne),Native American
Ocvran,M,Father of Guinevere,Arthurian Legend
Oda,F,Elfin spear,German
Oda,F,Small pointed spear,Norse
Odahingum,F,Rippling water (Chippewa),Native American
Odakota,M,Friend (Sioux),Native American
Odale,M,Of the valley,English
Odam,M,Son in law,English
Odanda,F,Famous land,Spanish
Odanodan,M,Of the red earth,Irish
Odayle,M,Of the valley,English
Odbart,M,Wealthy,German
Oddvar,M,The spear's point,Norse
Ode,M,Little wealthy one,German
Ode,M,Ode,Greek
Ode,M,Otter,Danish
Oded,M,Encourages,Hebrew
Odeda,F,Strong,Hebrew
Odede,F,Strong,Hebrew
Odel,M,Wealthy,Anglo-Saxon
Odeletta,F,Little spring,French
Odelette,F,Little spring,French
Odelette,F,Little wealthy one,German
Odelette,F,Praise God,Hebrew
Odelia,F,Little wealthy one,Anglo-Saxon
Odelia,F,Little wealthy one,German
Odelia,F,Praise God,Hebrew
Odelina,F,Elfin spear,German
Odelina,F,Little wealthy one,Anglo-Saxon
Odelinda,F,Little wealthy one,Anglo-Saxon
Odelinda,F,Little wealthy one,German
Odelinda,F,Praise God,Hebrew
Odell,M,Little wealthy one,German
Odell,M,Ode,Greek
Odell,M,Of the valley,English
Odell,M,Otter,Danish
Odell,M,Surname,Irish
Odell,M,Wealthy,Anglo-Saxon
Odella,F,Little wealthy one,Anglo-Saxon
Odella,F,Little wealthy one,German
Odella,F,Praise God,Hebrew
Odelyn,F,Little wealthy one,Anglo-Saxon
Odelyna,F,Little wealthy one,Anglo-Saxon
Odera,F,Plough,Hebrew
Odern,M,By the sea,Australian Abori
Odessa,F,"Odyssey, Journey, Voyage",Greek
Odetta,F,Melody,French
Odette,F,Elfin spear,German
Odette,F,Happy home,French
Odette,F,Little wealthy one,Anglo-Saxon
Odhert,M,Wealthy,German
Odhran,M,Pale green,Irish
Odi,M,Wealthy defender,Anglo-Saxon
Odiana,F,Elfin spear,German
Odiane,F,Elfin spear,German
Odie,M,Little wealthy one,German
Odie,M,Ode,Greek
Odie,M,Otter,Danish
Odil,M,Rich,French
Odila,F,Elfin spear,German
Odila,F,Wealthy,French
Odile,F,Elfin spear,German
Odile,F,Wealthy,French
Odilia,F,Little wealthy one,Anglo-Saxon
Odilia,F,Little wealthy one,German
Odilia,F,Praise God,Hebrew
Odin,M,Head God in Norse mythology,Norse
Odin,M,Wealthy defender,Anglo-Saxon
Odion,M,First of twins,African
Odis,M,Little wealthy one,German
Odis,M,Ode,Greek
Odis,M,Otter,Danish
Odo,M,Acute,Greek
Odo,M,Name of a bishop,French
Odo,M,Wealthy,German
Odom,M,Son in law,English
Odon,M,Wealthy defender,Anglo-Saxon
Odon,M,Wealthy defender,Hungarian
Odran,M,Pale green,Irish
Odwolf,M,Wealthy wolf,English
Odwolfe,M,Wealthy wolf,English
Odwulf,M,Wealthy wolf,English
Ody,M,Wealthy defender,Anglo-Saxon
Odysseus,M,Full of wrath,Greek
Oegelsby,M,Fearsome,English
Oengus,M,One vigor,Irish
Ofelia,F,"Useful, Wise",Greek
Ofer,M,Fawn,Hebrew
Offa,M,Name of a king,Anglo-Saxon
Ofilia,F,"Useful, Wise",Greek
Ofra,F,Fawn,Hebrew
Ogaleesha,M,Wears a red shirt (Sioux),Native American
Ogden,M,From the oak tree valley,English
Ogdon,M,From the oak tree valley,English
Ogelsby,M,Fearsome,English
Ogelsvie,M,Fearsome,English
Ogelsvy,M,Fearsome,English
Oggie,M,From the oak tree valley,English
Ogilhinn,M,From the high peak,Scottish
Ogilvie,M,From the high peak,Scottish
Ogilvy,M,From the high peak,Scottish
Ogin,F,Wild rose,Native American
Oguz,M,Arrow,Hungarian
Ohanko,M,Reckless,Native American
Ohanna,F,God's gracious gift,Arabic
Ohanzee,M,Shadow (Sioux),Native American
Ohcumgache,M,Little wolf (Cheyenne),Native American
Ohitekah,M,Brave (Sioux),Native American
Ohnicio,F,Honor,Irish
Ohnmar,M,Mad,Burmese
Ohnmar,F,Mad,Burmese
Oidhche,M,Night,Scottish
Oifa,F,Mythical sister of Ove,Celtic
Oihane,F,From the forest,Spanish
Oilbhe,F,Olive,Irish
Oilell,F,A mythical queen,Celtic
Ojas,M,Body strength,Indian
Okelani,F,From heaven,Hawaiian
Okes,M,From the oak,English
Okhmhaka,M,Little wolf (Cheyenne),Native American
Oksana,F,Glory be to God,Russian
Oksanochka,F,Glory be to God,Russian
Oktávián,M,Eighth child,Latin
Ola,F,"Precious, Worth",African
Olaf,M,"Talisman, Ancestor",Norse
Olathe,F,Beautiful,Native American
Olav,M,"Talisman, Ancestor",Norse
Olayinka,F,Honors surround me,African
Olba,F,Red ochre,Australian Abori
Oldrich,M,"Rich, Powerful",Czech
Oldwin,F,Special friend,English
Oldwina,F,Special friend,English
Oldwyn,F,Special friend,English
Oleda,F,Winged,English
Oleg,M,One who is holy,Slavic
Olen,M,"Talisman, Ancestor",Norse
Olena,F,Light,Slavic
Olena,F,Pretty,Greek
Oleos,M,Holy oil used in church,Spanish
Olesia,F,Protector of mankind,Polish
Oleta,F,Winged,English
Oletha,F,"Light, Nimble",English
Olexa,F,Protector of mankind,English
Olga,F,Holy,Russian
Oliana,F,Oleander,Hawaiian
Olie,M,"Talisman, Ancestor",Norse
Olimpie,F,"Of Mount Olympus, Heavenly",Greek
Olin,M,Holy,English
Olin,M,"Talisman, Ancestor",Norse
Olinda,M,Holy,English
Olinda,F,"Defender, Guard",German
Olinda,F,Protector,Spanish
Oliphant,M,Great strength,Scottish
Olita,F,Winged,English
Olive,F,Kind one,Norse
Olive,F,Olive,Irish
Olive,F,Olive tree,French
Olive,F,Olive tree,Latin
Oliver,M,Kind one,Norse
Oliver,M,Olive tree,English
Oliver,M,Olive tree,French
Oliver,M,Olive tree,Latin
Oliver Martext (Sir),M,Appeared in As You Like It,Shakespearian
Oliveria,F,Affectionate,Spanish
Oliverio,M,Affectionate,Spanish
Oliverios,M,Affectionate,Spanish
Olivero,M,Kind one,Norse
Olivero,M,Olive tree,French
Olivero,M,Olive tree,Latin
Olivette,F,Kind one,Norse
Olivette,F,Olive tree,French
Olivette,F,Olive tree,Latin
Olivia,F,Appeared in Twelfth Night,Shakespearian
Olivia,F,Kind one,Norse
Olivia,F,Olive,Spanish
Olivia,F,Olive tree,French
Olivia,F,Olive tree,Latin
Olivier,M,Appeared in As You Like It,Shakespearian
Olivier,M,Kind one,Norse
Olivier,M,Olive tree,French
Olivier,M,Olive tree,Latin
Olivya,F,Kind one,Norse
Olivya,F,Olive tree,French
Olivya,F,Olive tree,Latin
Ollaneg,M,From Olney,English
Olley,M,Kind one,Norse
Olley,M,Olive tree,French
Olley,M,Olive tree,Latin
Ollie,M,Kind one,Norse
Ollie,M,Olive tree,French
Ollie,M,Olive tree,Latin
Ollie,F,Kind one,Norse
Ollie,F,Olive tree,French
Ollie,F,Olive tree,Latin
Olly,M,Kind one,Norse
Olly,M,Olive tree,French
Olly,M,Olive tree,Latin
Olly,F,Kind one,Norse
Olly,F,Olive tree,French
Olly,F,Olive tree,Latin
Olney,M,Holy,English
Olof,M,"Talisman, Ancestor",Norse
Olono,F,A hill,Australian Abori
Olva,F,Kind one,Norse
Olva,F,Olive tree,French
Olva,F,Olive tree,Latin
Olwen,F,Mythical daughter of Yspaddaden,Celtic
Olwyn,F,Daughter of a giant,Arthurian Legend
Olwyn,F,Mythical daughter of Yspaddaden,Celtic
Olympe,F,From Olympus,French
Olympe,F,"Of Mount Olympus, Heavenly",Greek
Olympia,F,From Olympus,French
Olympia,F,"Of Mount Olympus, Heavenly",Greek
Oma,F,Cedar tree,Hebrew
Oma,F,Commanding,Arabic
Oma,F,The color of olive,Irish
Omah,F,Cedar tree,Hebrew
Omaka,F,The place where the stream flows,Maori
Omanand,M,Joy of Om,Indian
Omar,M,Famous,German
Omar,M,Famous speaker,Hebrew
Omar,M,Long lived,Arabic
Omat,F,The color of olive,Irish
Omawnakw,M,Cloud feather (Hopi),Native American
Omeet,M,My light,Hebrew
Omega,F,Great,Greek
Omer,M,Famous,German
Omer,M,First son,Arabic
Omet,M,My light,Hebrew
Omette,F,Cedar tree,Hebrew
Omie,F,Pleasant,Hebrew
Ominotago,F,Beautiful voice (Chippewa),Native American
Ommar,M,First son,Arabic
Ompoly,M,Ampleumian,Hungarian
Omprakash,M,Light of Om,Indian
Ona,F,Graceful,Hebrew
Ona,F,One,Irish
Ona,F,Unity,Gaelic
Ona,F,Unity,Latin
Onaedo,F,Gold,African
Onawa,F,Wide awake,Native American
Ond,M,Tenth child,Hungarian
Onde,F,Of the wave,Latin
Ondine,F,Of the wave,Latin
Onfroi,M,PeacefuI Hun,French
Oni,F,"Desired, Born in a sacred location",African
Onida,F,The expected one,Native American
Onille,M,From the golden village,French
Onit,F,Graceful,Hebrew
Onora,F,Honor,Irish
Onslow,M,From the zealous one's hill,English
Onslowe,M,From the zealous one's hill,English
Oojam,M,Enthusiasm,Indian
Oola,F,A red lizard,Australian Abori
Oona,F,One,English
Oona,F,One,Irish
Oona,F,"One, Unity, Wholeness",Latin
Oona,F,Unity,Gaelic
Oonagh,F,One,Irish
Oonagh,F,Unity,Gaelic
Oonagh,F,Unity,Latin
Oonaugh,F,Unity,Gaelic
Oonaugh,F,Unity,Latin
Oorjit,M,Powerful,Indian
Oota dabun,F,Day star (Algonquin),Native American
Opal,F,Jewel ??,Indian
Ophelia,F,Appeared in Hamlet,Shakespearian
Ophelia,F,Serpentine,French
Ophelia,F,"Useful, Wise",Greek
Ophelie,F,Serpentine,French
Ophelie,F,"Useful, Wise",Greek
Ophira,F,Gold,Greek
Ophra,F,Fawn,Hebrew
Ophrah,F,Fawn,Hebrew
Oprah,F,Fawn,Hebrew
Oprah,F,Gold,Greek
Ora,M,Life,Polynesian
Ora,F,Beautiful seacoast,English
Ora,F,Gold,Spanish
Ora,F,Golden,Latin
Ora,F,Life,Polynesian
Ora,F,Light,Hebrew
Ora,F,Money,Anglo-Saxon
Orabel,F,Beautiful seacoast,English
Orabel,F,Golden,Latin
Orabel,F,Light,Hebrew
Orabelle,F,Beautiful seacoast,English
Orad,M,Earth,Australian Abori
Orah,F,Golden,Latin
Orah,F,Life,Polynesian
Orah,F,Light,Hebrew
Orahamm,M,From tbe riverbank enclosure,English
Oral,F,Golden,Latin
Oral,F,Light,Hebrew
Oralee,F,Golden,Latin
Oralee,F,Light,Hebrew
Orali,F,Light,Hebrew
Oralia,F,East,Greek
Oralia,F,Golden,Latin
Oralia,F,Light,Hebrew
Oralie,F,Golden,English
Oralie,F,Golden,Latin
Oralie,F,Light,Hebrew
Oram,M,From tbe riverbank enclosure,English
Oram,M,Pale one,Gaelic
Oram,M,Pine,Hebrew
Oran,M,Pale green,Irish
Oran,M,Pale one,Gaelic
Oran,M,Pine,Hebrew
Oran,M,White,Celtic
Orana,F,The moon,Australian Abori
Orane,F,Rising,French
Orani,F,The moon,Australian Abori
Oratun,M,From the shore farm,English
Orbart,M,Wealthy,German
Orbert,M,Wealthy,German
Orbán,M,"Citydweller, Educated man",Hungarian
Orbó,M,"Citydweller, Educated man",Hungarian
Ord,M,Spear,Anglo-Saxon
Ordalf,F,Elfin spear,German
Ordella,F,Elfin spear,German
Ordland,M,From the pointed hill,English
Ordman,M,Spearman,English
Ordmund,M,Spear protector,English
Ordsone,M,Ormond's son,English
Ordwald,M,Spear strength,English
Ordway,M,Warrior armed with a spear,Anglo-Saxon
Ordwin,M,Spear friend,English
Ordwine,M,Spear friend,English
Orel,F,Golden,Latin
Orel,F,Light,Hebrew
Orelda,F,Golden,Latin
Orelda,F,Light,Hebrew
Orelia,F,Golden,English
Orelle,F,Dawn,Latin
Orelle,F,East,Greek
Oren,M,Pine tree,Gaelic
Oren,M,Pine tree,Hebrew
Orenda,F,Magic power (Iroquois),Native American
Orest,M,Mountain,Greek
Orestes,M,Mountain,Greek
Orford,M,From the cattle ford,English
Orghlaith,F,Golden,Irish
Orguelleuse,F,An arrogant lady,Arthurian Legend
Orham,M,From tbe riverbank enclosure,English
Ori,M,My light,Hebrew
Oria,F,East,Greek
Oria,F,Golden,Latin
Oria,F,Light,Hebrew
Oriana,F,Blond,Celtic
Oriana,F,Dawn,Latin
Oriana,F,East,Greek
Orianna,F,"Golden, Dawning",Latin
Orick,M,From the ancient oak tree,English
Oriel,F,"Golden, Angel of destiny",French
Orielle,F,"Golden, Angel of destiny",French
Orien,M,"Dawn, East",Latin
Orien,M,The hunter,Greek
Orienne,F,"Golden, Dawning",Latin
Orik,M,From the ancient oak tree,English
Orin,M,Pale one,Gaelic
Orin,M,Pine tree,Hebrew
Orin,M,White,Celtic
Orinda,F,Fire serpent,Teutonic
Oriole,F,Golden,Latin
Oriole,F,Light,Hebrew
Orion,M,"Dawn, East",Latin
Orion,M,The hunter,Greek
Oris,M,"Dawn, East",Latin
Oris,M,The hunter,Greek
Oris,M,Tree,Hebrew
Orla,F,Golden,Irish
Orla,F,Golden lady,Latin
Orlaith,F,Golden,Irish
Orlaithe,F,Golden,Irish
Orlan,M,Famous soldier,German
Orlan,M,Famous soldier,Spanish
Orlan,M,From the pointed hill,English
Orland,M,Famous soldier,German
Orland,M,Famous soldier,Spanish
Orland,M,From the pointed hill,English
Orlanda,F,Bright sun,Latin
Orlando,M,Appeared in As You Like It,Shakespearian
Orlando,M,Bright sun,Latin
Orlando,M,Famous land,Spanish
Orlando,M,Famous soldier,German
Orlanna,F,Dawn,Latin
Orlanna,F,East,Greek
Orlantha,F,From the land,German
Orlee,F,Light,Hebrew
Orlege,M,Battle strife,Anglo-Saxon
Orlena,F,Gold,French
Orlena,F,Golden,Latin
Orlena,F,Light,Hebrew
Orlene,F,Gold,French
Orlene,F,Golden,Latin
Orlene,F,Light,Hebrew
Orlie,F,Golden,Latin
Orlie,F,Light,Hebrew
Orlin,M,Famous soldier,German
Orlin,M,Famous soldier,Spanish
Orlina,F,Gold,French
Orlondo,M,Famous soldier,German
Orlondo,M,Famous soldier,Spanish
Orly,M,Bright sun,Latin
Orly,F,Golden,Latin
Orly,F,Light,Hebrew
Orman,M,Spearman,English
Ormeman,M,Spearman,English
Ormemund,M,Spear protector,English
Ormod,M,Sad,Anglo-Saxon
Ormond,M,Spear protector,English
Ormos,M,Like a cliff,Hungarian
Ormund,M,Spear protector,English
Ornetta,F,Cedar tree,Hebrew
Oro,M,Gold,Spanish
Oroiti,M,The slow-footed one,Polynesian
Oros,M,"Citydweller, Educated man",Hungarian
Orpah,F,Golden,Latin
Orpah,F,Light,Hebrew
Orquidea,F,Orchid,Spanish
Orquidia,F,Orchid,Spanish
Orran,M,Pale one,Gaelic
Orran,M,Pine,Hebrew
Orran,M,River name,English
Orren,M,Pale one,Gaelic
Orren,M,Pine,Hebrew
Orren,M,River name,English
Orrick,M,From the ancient oak tree,English
Orrie,M,Pale one,Gaelic
Orrie,M,Pine,Hebrew
Orrik,M,From the ancient oak tree,English
Orrin,M,Mountain,Greek
Orrin,M,Pale one,Gaelic
Orrin,M,Pine,Hebrew
Orrin,M,River name,English
Orsa,F,Little bear,Latin
Orsen,M,Bear,Latin
Orsen,M,Spearman's son,English
Orsin,M,Bear,Latin
Orsin,M,Spearman's son,English
Orsini,M,Bear,Latin
Orsini,M,Spearman's son,English
Orsino,M,Appeared in Twelfth Night,Shakespearian
Orsola,F,Little bear,Latin
Orson,M,Bear,Latin
Orson,M,Little bear,French
Orson,M,Spearman's son,English
Ortensia,F,"Gardener, Farmer",Latin
Orton,M,From the shore farm,English
Ortun,M,From the shore farm,English
Orva,F,Brave friend,Anglo-Saxon
Orva,F,Special friend,English
Orva,F,Worth gold,French
Orval,M,From the golden village,French
Orval,M,Spear strength,English
Orvalle,M,From the golden village,French
Orvelle,M,From the golden village,French
Orvil,M,From the golden village,French
Orvil,M,Spear strength,English
Orville,M,From the golden village,French
Orville,M,Spear strength,English
Orvin,M,Brave friend,Anglo-Saxon
Orvin,M,Spear friend,English
Orvyn,M,Brave friend,Anglo-Saxon
Orvyn,M,Spear friend,English
Orwald,M,Spear strength,English
Orzora,F,God's strength,Hebrew
Orzsebet,F,Devoted to God,Hebrew
Os,M,Divine,English
Osana,F,Health,Spanish
Osane,F,Health,Spanish
Osaze,M,Favoured by God,Hebrew
Osbart,M,Divinely brilliant,English
Osbeorht,M,Divinely brilliant,English
Osberga,F,Name of a queen,Anglo-Saxon
Osbert,M,"Divinely glorious, Inspired",English
Osborn,M,Bear of God,Scandinavian
Osborn,M,"Divinely glorious, Inspired",English
Osborne,M,"Inspired, Divine",English
Osborne,M,Soldier of God,Hebrew
Osbourne,M,Born from a Bear ??,Scandinavian
Osbourne,M,Divine warrior,English
Osburga,F,Name of a queen,Anglo-Saxon
Osburn,M,Divine warrior,English
Osburt,M,Divinely brilliant,English
Oscar,M,Divine spear,Norse
Oscar,M,God's spear,English
Oscar,M,Jumping fighter,Celtic
Osckar,M,Jumping fighter,Celtic
Osgood,M,Divine spear,Norse
Osip,M,God wiIl multiply,Hebrew
Oskar,M,Divine spear,Norse
Oskar,M,Jumping fighter,Celtic
Osker,M,Jumping fighter,Celtic
Osman,M,"Divinely glorious, Inspired",English
Osmar,M,"Divinely glorious, Inspired",English
Osmarr,M,"Divinely glorious, Inspired",English
Osmen,M,"Inspired, Divine",English
Osmin,M,Godly protection,English
Osmond,M,"Divinely glorious, Inspired",English
Osmont,M,Divine protector,English
Osmund,M,"Divinely glorious, Inspired",English
Osraed,M,Divine counselor,English
Osred,M,Divine counselor,English
Osric,M,Appeared in Hamlet,Shakespearian
Osric,M,Divine ruler,Anglo-Saxon
Osric,M,Divine ruler,English
Osrick,M,Divine ruler,English
Osrid,M,Divine counselor,English
Osrik,M,Divine ruler,English
Osryd,M,Divine counselor,English
Ossian,M,Fawn,Irish
Ossian,M,Fawn,Latin
Ossie,M,"Divinely glorious, Inspired",English
Osted,M,"Inspired, Divine",English
Ostric,M,"Inspired, Divine",English
Oswald,M,Appeared in King Lear,Shakespearian
Oswald,M,"Divinely glorious, Inspired",English
Oswald,M,Name of a king,Anglo-Saxon
Oswald,M,Power of God,German
Oswaldo,M,Divinely powerful,English
Oswall,M,Divinely powerful,English
Osweald,M,Divinely powerful,English
Oswell,M,"Divinely glorious, Inspired",English
Oswin,M,God's friend,English
Oswine,M,Name of a king,Anglo-Saxon
Oswiu,M,Name of a king,Anglo-Saxon
Oswy,M,Name of a king,Anglo-Saxon
Oszkár,M,Divine spear,Norse
Otaktay,M,Kills many (Sioux),Native American
Otello,M,Acute,Greek
Otello,M,Wealthy,German
Otha,F,Little wealthy one,Anglo-Saxon
Othello,M,Acute,Greek
Othello,M,Appeared in Othello,Shakespearian
Othello,M,Wealthy,German
Othili,F,Little wealthy one,Anglo-Saxon
Othman,M,Wealthy,German
Othmann,M,Wealthy,German
Otho,M,Acute,Greek
Otho,M,Wealthy,German
Othomann,M,Wealthy,German
Otilie,F,Fortunate heroine,German
Otilio,M,Acute,Greek
Otilio,M,Wealthy,German
Otis,M,Acute,Greek
Otis,M,Wealthy,German
Otka,F,Fortunate heroine,German
Otoahhastis,M,Tall bull (Cheyenne),Native American
Otoahnacto,M,Bull bear (Cheyenne),Native American
Otthild,F,Fortunate heroine,German
Otthilda,F,Fortunate heroine,German
Otthilde,F,Fortunate heroine,German
Ottila,F,Fortunate heroine,German
Ottilia,F,Fortunate heroine,German
Ottilie,F,Little wealthy one,Anglo-Saxon
Otto,M,Acute,Greek
Otto,M,Wealthy,German
Ottokar,M,Happy fighter,German
Otylia,F,Fortunate heroine,German
Ouisa,F,Warrior maiden,German
Ouise,F,Warrior maiden,German
Ouray,M,Arrow,Native American
Ourson,M,Little bear,French
Ovadiah,M,Serves God,Hebrew
Ovadya,M,Serves God,Hebrew
Ove,M,"Awe, The spear's point",Norse
Ove,F,"Awe, The spear's point",Norse
Ove,F,Mythical daughter of Dearg,Celtic
Oved,M,Worker,Hebrew
Ovid,M,Lamb,Latin
Ovid,M,Worker,Hebrew
Owain,M,Son of Urien,Arthurian Legend
Owen,M,Warrior,Welsh
Owen,M,Well born,Greek
Owen,M,Young fighter,Celtic
Owens,M,Warrior,Welsh
Owens,M,Well born,Greek
Owin,M,Young fighter,Celtic
Owyn,M,Warrior,Welsh
Owyn,M,Well born,Greek
Owyn,M,Young fighter,Celtic
Oxa,M,Ox,Anglo-Saxon
Oxford,M,From the ox farm,English
Oxley,M,From the ox enclosure,English
Oxnaford,M,From the ox ford,English
Oxnaleah,M,From the ox enclosure,English
Oxnatun,M,From the ox farm,English
Oxon,M,From where the oxen ford,English
Oxton,M,From the ox farm,English
Oz,M,Divine,English
Oz,M,Strength,Hebrew
Oz,F,"Dry earth, Detached, Free of material things",Latin
Ozi,M,Strong,Hebrew
Ozor,M,Name of an etnhic group,Hungarian
Ozsvát,M,"Deity, Might",Hungarian
Ozzi,M,Strong,Hebrew
Ozzie,M,Divinely powerful,English
Ozzie,M,Strong,Hebrew
Ozzie,F,"Dry earth, Detached, Free of material things",Latin
Ozzy,M,Strength,Hebrew
Pabla,F,Little,Spanish
Pabla,F,Petite,Latin
Pablo,M,Little one,Latin
Pablo,M,Little one,Spanish
Pace,M,Born on Easter,French
Pachem,M,Peace,Latin
Pachem,F,Peace,Latin
Pacho,M,Free,Spanish
Pachu'a,M,Feathered water snake (Hopi),Native American
Paciencia,F,Patience,Spanish
Packard,M,One who packs,English
Paco,M,Bald eagle,Native American
Paco,M,Free,Spanish
Pacorro,M,Free,Spanish
Paddy,M,Noble one,Latin
Paden,M,Royal,Scottish
Padgett,M,Young attendant,French
Padma,F,Lotus,Indian
Padmajai,F,"Born from lotus, Lakshmi",Indian
Padmanabh,M,One with lotus in his navel i.e. Vishnu,Indian
Padmini,F,Lotus pond,Indian
Padraic,M,Noble one,Irish
Padraic,M,Noble one,Latin
Padraig,M,Noble,Irish
Padraig,M,Noble one,Latin
Padraigin,F,Noble,Irish
Padriac,M,Noble,Irish
Padric,M,Noble one,Irish
Padruig,M,Noble one,Latin
Padruig,M,Royal,Scottish
Paegastun,M,From the fighter's farm,English
Paella,M,Mantle,English
Page,M,Page,Anglo-Saxon
Page,M,Young attendant,French
Page,F,Attendant,French
Paget,M,Attendant,French
Pahana,M,Lost white brother (Hopi),Native American
Paien,M,Name of a nobleman,French
Paige,M,Page,Anglo-Saxon
Paige,M,Young attendant,French
Paige,F,Attendant,French
Paili,F,Bitter,Hebrew
Paine,M,Pagan,English
Paiva,F,God of the Sun,Scandinavian
Paix,M,Peace,Latin
Paix,F,Peace,Latin
Paki,M,A witness,African
Pakuna,F,Deer jumping down hill (Miwok),Native American
Pakwa,F,Frog (Hopi),Native American
Palamedes,M,A knight,Arthurian Legend
Palba,F,Blond,Spanish
Palban,M,Blond,Spanish
Palben,M,Blond,Spanish
Palita,F,Dove,Spanish
Pall,F,Bitter,Hebrew
Pallaton,M,Warrior,Native American
Pallav,M,Young shoots and leaves,Indian
Pallavi,F,New leaves,Indian
Palma,F,Palm bearing pilgrim,English
Palmer,M,Bearing a palm branch,English
Palmere,M,Pilgrim,English
Palmiera,F,Palm bearing pilgrim,English
Palmira,F,From the city of Palms,Spanish
Palmira,F,Palm bearing pilgrim,English
Palmyra,F,Palm bearing pilgrim,English
Paloma,F,Dove,Spanish
Palometa,F,Dove,Spanish
Palomina,F,Dove,Spanish
Palomita,F,Dove,Spanish
Palomydes,M,A knight,Arthurian Legend
Palsmedes,M,A knight,Arthurian Legend
Palt el,M,God liberates,Hebrew
Palti,M,God liberates,Hebrew
Pam,F,Honeyed,Greek
Pamela,F,Honeyed,Greek
Pamelia,F,Honeyed,Greek
Pamelina,F,Honeyed,Greek
Pamella,F,Honeyed,Greek
Pamelyn,F,Honeyed,Greek
Pamilla,F,Honeyed,Greek
Pammie,F,Honeyed,Greek
Pammy,F,Honeyed,Greek
Pamuy,F,Water moon (Hopi),Native American
Pamyla,F,Honeyed,Greek
Pan,F,Talented one,Greek
Pancho,M,"Free, A free man",Spanish
Pancrazio,M,"Supreme ruler, All powerful",Italian
Pandarus,M,Appeared in Troilus & Cressida,Shakespearian
Pandita,M,Scholar,Indian
Pandora,F,Talented one,Greek
Panduranga,M,One with pale white complexion,Indian
Pangari,F,"A shadow, Of the soul",Australian Abori
Pangi,F,Sweet,African
Pangi,F,Unpredictable,Hebrew
Pania,F,A mythological sea-maiden,Maori
Pankaj,M,Lotus flower,Indian
Pankaja,F,Lotus,Indian
Pannoowau,M,He lies (Algonquin),Native American
Panos,M,Rock,Greek
Pansee,F,Thoughtful,French
Pansie,F,Thoughtful,French
Pansy,F,Flower,French
Pant,M,Father of Lancelot,Arthurian Legend
Panthea,M,Of all the Gods,Greek
Panthino,M,Appeared in Two Gentlemen of Verona,Shakespearian
Pantxike,F,Free,Latin
Panya,F,"Laurel crown, The crown of victory",Latin
Panya,F,"Mouse, Small child (Swahili)",African
Panyin,M,Older of twins,African
Panyin,F,Older of twins,African
Paola,F,Petite,Latin
Paolina,F,Petite,Latin
Paolo,M,Little one,Latin
Papillon,F,Butterfly,French
Paquita,F,Free,Spanish
Parag,M,Pollen grains,Indian
Paramartha,M,Highest truth,Indian
Paramjeet,M,Highest success,Indian
Paras,M,Touch stone,Indian
Parees,M,Touch stone,Indian
Paresh,M,Supreme spirit,Indian
Parfait,M,Perfect,French
Pari,F,"Beauty, Fairy",Indian
Pariket,M,Against desire,Indian
Parindra,M,Lion,Indian
Parinita,F,Expert,Indian
Paris,M,"Appeared in Romeo & Juliet, Troilus & Cressida",Shakespearian
Paris,M,Name of a God,Greek
Paris,M,Place name,English
Paris,M,The French capital,French
Parisa,F,Angelic face,Persian
Parisch,M,Lives near the church,English
Paritosh,M,Contentment,Indian
Park,M,"Keeper of the forest, Forest ranger, Cultivated land",English
Parke,M,"Keeper of the forest, Forest ranger, Cultivated land",English
Parker,M,"Keeper of the forest, Forest ranger, Cultivated land",English
Parkin,M,Little rock,English
Parkin,M,"Rock, Stone",Latin
Parkins,M,Son of Parkin,English
Parkinson,M,"Rock, Stone",Latin
Parkinson,M,Son of Parkin,English
Parkley,M,Cultivated land,English
Parks,M,Cultivated land,English
Parlan,M,Farmer,Gaelic
Parlan,M,Farmer,Scottish
Parlan,M,"Furrow, Hill",Hebrew
Parle,M,Little rock,English
Parle,M,"Rock, Stone",Latin
Parnall,M,Little rock,English
Parnel,M,Nineteenth-century Irish Nationalist Charles Parnell.,Irish
Parnel,M,Surname,English
Parnell,M,Nineteenth-century Irish Nationalist Charles Parnell.,Irish
Parnell,M,"Rock, Stone",Latin
Parnell,M,Surname,English
Parnella,F,Rock,French
Parnika,F,"A small leaf, Parvati",Indian
Parnita,F,Auspicious Apsara,Indian
Parr,M,From the stable,English
Parri,M,Stream,Australian Abori
Parrish,M,Lives near the church,English
Parry,M,Pear tree,English
Parry,M,Son of Harry,Welsh
Parsefal,M,Pierce the veil,French
Parsefal,M,Valley piercer,English
Parsifal,M,Hero of several Arthurian stories,Arthurian Legend
Parsifal,M,Pierce the veil,French
Parsifal,M,Valley piercer,English
Parth,M,A name given to Arjun by Lord Krishna,Indian
Partha,M,A name given to Arjun by Lord Krishna,Indian
Parthivi,F,The Goddess Sita,Indian
Parvani,F,Full moon,Indian
Parvati,F,The Goddess Sarasvati,Indian
Parveen,F,Star,Indian
Parzifal,M,Hero of several Arthurian stories,Arthurian Legend
Pascal,M,Born on Easter,French
Pascal,M,Born on Passover,Hebrew
Pascala,F,Born at Easter,French
Pascale,F,Born at Easter,French
Pascali,M,Born on Easter,French
Pascaline,F,Born at Easter,French
Pascha,M,Born on Easter,French
Paschal,M,Born on Easter,French
Paschal,M,Born on Passover,Hebrew
Pasclina,F,Born at Easter,French
Pascual,M,Born on Easter,French
Pascual,M,Passover,Hebrew
Pascual,M,Passover,Spanish
Pasqual,M,Born on Easter,French
Pasqual,M,Passover,Hebrew
Pasqual,M,Passover,Spanish
Pasquale,M,Born on Easter,French
Pastora,F,Shepherdess,Spanish
Pat,M,Fish,Native American
Pat,M,From the fighter's town,English
Pat,M,Noble one,Irish
Pat,M,Noble one,Latin
Pat,F,From the fighter's farm,English
Pat,F,Noble one,Latin
Patamon,M,Tempest,Native American
Paterson,M,Noble one,Latin
Patia,F,Leaf,Spanish
Patia,F,Noble one,Latin
Patience,F,Appeared in Henry VIII,Shakespearian
Patience,F,Enduring,French
Patience,F,Enduring,Latin
Paton,M,From the fighter's town,English
Paton,M,Royal,Scottish
Paton,F,From the fighter's farm,English
Patric,M,Noble one,French
Patrice,M,Noble one,Latin
Patrice,F,Noble,French
Patrice,F,Noble one,Latin
Patricia,F,Noble one,Latin
Patricia,F,Noble one,Spanish
Patricio,M,Noble one,Spanish
Patrick,M,Noble one,English
Patrick,M,Noble one,Irish
Patrick,M,Noble one,Latin
Patrido,M,Noble one,Spanish
Patrizia,F,Noble one,Latin
Patroclus,M,Appeared in Troilus & Cressida,Shakespearian
Patsy,F,Noble one,Latin
Patten,M,From the fighter's town,English
Patten,F,From the fighter's farm,English
Patterson,M,Noble one,Latin
Pattie,F,Noble one,Latin
Pattin,M,From the fighter's town,English
Pattin,F,From the fighter's farm,English
Pattison,M,Noble one,Latin
Patton,M,From the fighter's town,English
Patton,F,From the fighter's farm,English
Patty,F,Noble one,Latin
Patwin,M,Man,Native American
Paul,M,Little one,English
Paul,M,Little one,French
Paul,M,Little one,Latin
Paula,F,Petite,Latin
Paulette,F,Petite,Latin
Pauley,M,Little one,Latin
Paulin,M,Little one,Latin
Paulina,F,Appeared in Winter's Tale,Shakespearian
Paulina,F,Petite,Latin
Pauline,F,Petite,Latin
Paulita,F,Little,Spanish
Paulita,F,Petite,Latin
Paulo,M,Little one,Latin
Pauloc,M,Little rock,English
Paulson,M,"Little, Son of Paul",English
Paulus,M,Little one,Latin
Pauly,M,Little one,Latin
Pauly,F,Petite,Latin
Pauwau,F,Witch (Algonquin),Native American
Pavan,M,Wind,Indian
Pavana,F,"Holy, Sacred",Indian
Pavati,F,Clear water (Hopi),Native American
Pavel,M,Little one,Latin
Pavla,F,Petite,Latin
Pavlina,F,Petite,Latin
Pavlo,M,Little one,Latin
Pawl,M,Little one,Latin
Pawley,M,Little one,Latin
Pax,M,From the peaceful farm,English
Pax,M,Peace,Latin
Pax,F,Peace,Latin
Pax,F,Peaceful,English
Paxton,M,Peace,Latin
Paxton,M,Peaceful town,English
Paxton,M,Trader,Teutonic
Paxton,F,Peace,Latin
Paxtun,M,From the peaceful farm,English
Pay,M,He is coming,Native American
Payal,F,Anklet,Indian
Payat,M,He is coming,Native American
Payatt,M,He is coming,Native American
Payden,M,From the fighter's farm,English
Payge,M,Young attendant,French
Payne,M,Pagan,English
Payne,F,Petite,Latin
Paytah,M,Fire (Sioux),Native American
Payton,M,From the fighter's town,English
Payton,M,Noble one,Irish
Payton,M,Royal,Scottish
Payton,F,From the fighter's farm,English
Paz,M,Golden,Hebrew
Paz,M,Peace,Spanish
Paz,F,Golden,Hebrew
Paz,F,Peace,Spanish
Paza,F,Golden,Hebrew
Pazia,F,Golden,Hebrew
Pazice,F,Golden,Hebrew
Pazit,F,Golden,Hebrew
Peace,M,Peace,Latin
Peace,F,Peace,Latin
Peace,F,Peaceful,English
Peada,M,Name of a prince,Anglo-Saxon
Peadair,M,"Rock, Stone",Latin
Pearce,M,Rock,Anglo-Saxon
Pearce,M,Rock,French
Pearce,M,"Rock, Stone",English
Pearce,M,"Rock, Stone",Irish
Pearl,F,Pearl ??,English
Pearla,F,Pearl ??,English
Pearle,F,Pearl ??,English
Pearroc,M,Of the forest,English
Pears,M,Rock,English
Pears,M,Rock,French
Pearson,M,"Rock, Stone",Irish
Pearson,M,Son of Pierce,English
Peaseblossom,M,Appeared in Midsummer Night's Dream,Shakespearian
Pebbles,F,Stone,English
Peder,M,"Rock, Stone",Latin
Peder,M,Stone,Greek
Pedra,F,Stone,Spanish
Pedro,M,Rock,Spanish
Pedro,M,"Rock, Stone",Latin
Pedro (Don),M,Appeared in Much Ado About Nothing,Shakespearian
Peer,M,Rock,German
Peer,M,"Rock, Stone",Latin
Peg,F,Child of light,Persian
Peg,F,Pearl ??,Latin
Pegeen,F,Pearl ??,English
Pegeen,F,Pearl ??,Greek
Peggy,F,Child of light,Persian
Peggy,F,Pearl ??,Latin
Peirce,M,Rock,English
Pelagia,F,From the sea,Greek
Pelagie,F,From the sea,Greek
Pelga,F,From the sea,Greek
Pelgia,F,From the sea,Greek
Pelham,M,Mantle,English
Pell,M,Mantle,English
Pellam,M,Father of Pelles,Arthurian Legend
Pellanor,M,Name of a king,Arthurian Legend
Pelle,M,"Rock, Stone",Latin
Pellean,M,Percival's father,Arthurian Legend
Pelleas,M,A Fisher king,Arthurian Legend
Pellegrin,M,Pilgrim,Hungarian
Pelles,M,A Fisher king,Arthurian Legend
Pellinore,M,Name of a king,Arthurian Legend
Pelltun,M,From the pool farm,English
Pelton,M,Mantle,English
Pemba,F,The force of present existence,African
Pembroke,M,"From the headland, Rocky hill",Welsh
Pemton,M,From the pool farm,English
Pen,F,Weaver,Greek
Penarddun,F,Mythical daughter of Beli,Celtic
Penda,M,Name of a king,Anglo-Saxon
Penda,F,Love,African
Pendragon,M,From the dragon's enclosed land,Anglo-Saxon
Penelope,F,Weaver,Greek
Pengana,F,A hawk,Australian Abori
Peni,F,"Jewel, Coral",Hebrew
Peni,F,Weaver,Hawaiian
Penina,F,Pearl ??,Hebrew
Peninah,F,Pearl ??,Hebrew
Peninit,F,"Jewel, Coral",Hebrew
Peninna,F,"Jewel, Coral",Hebrew
Penleigh,M,From the enclosed pasture meadow,English
Penley,M,From the enclosed pasture meadow,English
Penn,M,Enclosure,English
Penn,M,Esteemed commander,German
Penney,F,Weaver,Greek
Pennleah,M,From the enclosed pasture meadow,English
Penny,F,"Jewel, Coral",Hebrew
Penny,F,Weaver,Greek
Penrith,M,From Penrith,Anglo-Saxon
Penrod,M,Esteemed commander,German
Pense,F,Thoughtful,French
Pensee,F,Thoughtful,French
Pentele,M,"Merciful, Lion",Hungarian
Penthea,F,"Fifth, Moruner",Greek
Penton,M,From the enclosed farm,English
Peony,F,Flower name,Greek
Pepe,M,God wiIl multiply,Spanish
Pepi,F,"Persistent, Perseverance",German
Pepillo,M,God wiIl multiply,Spanish
Pepin,M,Petitioner,German
Pepin,F,"Persistent, Perseverance",German
Pepita,F,He shall add,Spanish
Pepper,M,From the pepper plant,English
Pepper,F,From the pepper plant,English
Pepperell,M,Piper,French
Peppi,M,Petitioner,German
Peppin,M,Name of a king,French
Peppy,F,"Persistent, Perseverance",German
Per,M,Rock,German
Per,M,"Rock, Stone",Latin
Perahta,F,Glorious,German
Perce,M,Pierce the veil,French
Perceval,M,Hero of several Arthurian stories,Arthurian Legend
Perceval,M,Pierce the veil,French
Perceval,M,Valley piercer,English
Percheval,M,Pierce the veil,French
Perci,M,Pierce the veil,French
Percival,M,Hero of several Arthurian stories,Arthurian Legend
Percival,M,Pierce the veil,French
Percival,M,Pierces,English
Percy,M,Pierce the veil,French
Percy,M,Pierces,English
Percy,F,Goddess of the underworld,Greek
Percyvelle,M,Hero of several Arthurian stories,Arthurian Legend
Perda,F,Lost,Latin
Perdea,F,Lost,Latin
Perdita,F,Appeared in Winter's Tale,Shakespearian
Perdita,F,Lost,Latin
Peredwus,M,Name of a king,Arthurian Legend
Peregrine,M,The peregrine falcon,English
Peregrine,F,Wanderer,Latin
Perekin,M,Little rock,English
Perfecta,F,Perfect,Spanish
Peri,M,Wanderer,English
Peri,F,Wanderer,English
Perian,M,Pear tree,English
Perian,M,Son of Harry,Welsh
Perianne,M,Pear tree,English
Perianne,M,Son of Harry,Welsh
Pericles,M,Appeared in Pericles,Shakespearian
Peril,M,A trial or test,Latin
Perin,M,Pear tree,English
Perin,M,Son of Harry,Welsh
Perke,F,Devoted to God,Hebrew
Perkin,M,Little rock,English
Perkin,M,"Rock, Stone",Latin
Perkins,M,"Rock, Stone",Latin
Perkins,M,Son of Perkin,English
Perkinson,M,Son of Perkin,English
Perla,F,Pearl ??,English
Perle,F,Pearl ??,English
Pernel,M,Little rock,English
Pernell,M,Little rock,English
Pernille,F,"Rock, Stone",Latin
Pero,M,"Rock, Stone",Latin
Perouze,F,Turquoise,Arabic
Perren,M,"Rock, Stone",French
Perri,M,Wanderer,English
Perri,F,Wanderer,English
Perrin,M,Pear tree,English
Perrin,M,"Rock, Stone",French
Perrin,M,"Rock, Stone",Latin
Perrin,M,Son of Harry,Welsh
Perrine,F,"Rock, Stone",Latin
Perry,M,Pear tree,Anglo-Saxon
Perry,M,Pear tree,English
Perry,M,"Rock, Stone",French
Perry,M,Son of Harry,Welsh
Perryn,M,"Rock, Stone",French
Persa,F,Goddess of the underworld,Greek
Perse,F,Goddess of the underworld,Greek
Persephone,F,Goddess of the underworld,Greek
Pert,M,From the thorn bush or thicket,Celtic
Perth,M,From the thorn bush or thicket,Celtic
Perye,M,From the pear tree,English
Perzsi,F,Devoted to God,Hebrew
Perzsike,F,Devoted to God,Hebrew
Pesach,M,Spread,Hebrew
Pessach,M,Spread,Hebrew
Peta,F,Golden eagle (Black Foot),Native American
Peta,F,Tree,Australian Abori
Pete,M,Rock,English
Pete,M,"Rock, Stone",Latin
Pete,F,"Rock, Stone",Latin
Peter,M,Appeared in Romeo & Juliet,Shakespearian
Peter,M,"Rock, Stone",English
Peter,M,"Rock, Stone",Latin
Peter (Friar),M,Appeared in Measure for Measure,Shakespearian
Peterson,M,Rock,English
Peterson,M,"Rock, Stone",Latin
Petey,M,"Rock, Stone",Latin
Petie,F,"Rock, Stone",Latin
Petr,M,"Rock, Stone",Latin
Petra,F,"Rock, Stone",Latin
Petri,M,"Rock, Stone",Latin
Petrie,M,"Rock, Stone",Latin
Petrina,F,"Rock, Stone",Latin
Petrine,F,"Rock, Stone",Latin
Petronella,F,"Rock, Stone",Latin
Petronia,F,"Rock, Stone",Latin
Petronilla,F,Rock,German
Petronilla,F,"Rock, Stone",Latin
Petronille,F,Rock,German
Petronille,F,"Rock, Stone",Latin
Petruchio,M,Appeared in Taming of the Shrew,Shakespearian
Petrus,M,One of Joseph's disciples,Arthurian Legend
Petrus,M,"Rock, Stone",Latin
Petula,F,Impatient,Latin
Petunia,F,Flower,Latin
Petunia,F,Flower name,Native American
Petõ,M,"Rock, Stone",Latin
Petúr,M,"Rock, Stone",Latin
Peverell,M,Piper,French
Peyton,M,From the fighter's farm,English
Peyton,M,Noble one,Irish
Peyton,M,Royal,Scottish
Peyton,F,From the fighter's farm,English
Pfeostun,M,From the Priest's farm,English
PfessSley,M,From the priest's meadow,English
Phae,F,Shining one,Greek
Phaedra,F,Shining one,Greek
Phaidra,F,Shining one,Greek
Phalgun,M,Month in the Hindu calendar,Indian
Phebe,M,Bright one,Greek
Phebe,F,Appeared in As You Like It,Shakespearian
Phebe,F,Bright one,Greek
Phedra,F,Shining one,Greek
Phelan,M,Joyful,Irish
Phelan,M,Little wolf,Gaelic
Phelan,M,Wolf,Celtic
Phelia,F,"Useful, Wise",Greek
Phelps,M,Loves horses,Greek
Phelps,M,Son of Philip,English
Pherson,M,Parson,Scottish
Phiala,F,Saint's name,Irish
Phil,M,Loves horses,English
Phil,M,Loves horses,Greek
Phil,F,"Leafy branch, Dear",Greek
Philadelphia,F,Brotherly love,Greek
Philana,F,Adoring,Greek
Philander,F,Adoring,Greek
Philantha,F,Adoring,Greek
Philario,M,Appeared in Cymbeline,Shakespearian
Philberta,F,Brilliant,English
Philby,M,Loves horses,Greek
Philemon,M,Appeared in Pericles,Shakespearian
Philene,F,Adoring,Greek
Philia,F,Loves horses,Greek
Philicia,F,Happy,Latin
Philicia,F,"Leafy branch, Dear",Greek
Philida,F,"Leafy branch, Dear",Greek
Philina,F,Adoring,Greek
Philip,M,Loves horses,English
Philip,M,Loves horses,French
Philip,M,Loves horses,Greek
Philipe,M,Loves horses,Greek
Philipinna,F,Loves horses,German
Philippa,F,Loves horses,Greek
Philippe,M,Loves horses,French
Philippine,F,Loves horses,German
Philippine,F,Loves horses,Greek
Philippos,M,Loves horses,Greek
Philips,M,Son of Philip,English
Philipson,M,Loves horses,Greek
Phillip,M,Loves horses,English
Phillip,M,Loves horses,Greek
Phillipa,F,Loves horses,French
Phillipe,M,Loves horses,French
Phillips,M,Loves horses,Greek
Phillips,M,Son of Philip,English
Phillis,F,"Leafy branch, Dear",Greek
Philly,M,Loves horses,Greek
Philly,F,"Leafy branch, Dear",Greek
Philo,M,Appeared in Antony & Cleopatra,Shakespearian
Philo,M,Loves horses,Greek
Philomen,F,"Song lover, Friend, Lover of the moon",Greek
Philomen,F,"Song lover, Friend, Lover of the moon",Welsh
Philomena,F,"Song lover, Friend, Lover of the moon",Greek
Philostrate,M,Appeared in Midsummer Night's Dream,Shakespearian
Philotus,M,Appeared in Timon of Athens,Shakespearian
Phin,F,Dark skinned,African
Phin,F,Oracle,Greek
Phineas,M,Oracle,Hebrew
Phineas,F,Dark skinned,African
Phineas,F,Oracle,Greek
Phinny,F,Dark skinned,African
Phinny,F,Oracle,Greek
Phipps,M,Loves horses,Greek
Phoebe,M,Bright one,Greek
Phoebe,F,Bright one,Greek
Phoebus,M,Bright one,Greek
Phoebus,F,Bright one,Greek
Phoena,F,"Mystical bird, Purple",Greek
Phoenix,M,"Mystical bird, Purple",Greek
Phoolan,F,Flower,Indian
Phrynia,F,Appeared in Timon of Athens,Shakespearian
Phuoc,M,Good luck,Vietnamese
Phuong,M,Destiny,Vietnamese
Phuong,F,Destiny,Vietnamese
Phyl,F,"Leafy branch, Dear",Greek
Phylice,F,Happy,Latin
Phylicia,F,Happy,Latin
Phyllis,F,"Leafy branch, Dear",Greek
Phylys,F,"Leafy branch, Dear",Greek
Phyu,M,White,Burmese
Phyu,F,White,Burmese
Pia,F,Devout,Italian
Pia,F,"Pious, Righteous",Spanish
Picaworth,M,From the woodcutter's estate,English
Picford,M,From the woodcutter's ford,English
Pickford,M,From the woodcutter's ford,English
Pickworth,M,From the woodcutter's estate,English
Pier,F,Tree,Australian Abori
Pierah,F,The moon,Australian Abori
Pierce,M,Rock,Anglo-Saxon
Pierce,M,Rock,French
Pierce,M,"Rock, Stone",English
Pierce,M,"Rock, Stone",Irish
Pierce,M,"Rock, Stone",Latin
Piercy,M,Rock,English
Piercy,M,Rock,French
Pierette,F,"Rock, Stone",Latin
Piero,M,"Rock, Stone",Latin
Pierpont,M,Lives by the stone bridge,French
Pierre,M,Rock,French
Pierre,M,"Rock, Stone",Latin
Pierrel,M,Little rock,English
Pierrepont,M,Lives by the stone bridge,French
Pierretta,F,"Rock, Stone",French
Pierrette,F,"Rock, Stone",French
Pierrey,M,Pear tree,English
Pierrey,M,Son of Harry,Welsh
Piers,M,Rock,Anglo-Saxon
Piers,M,Rock,French
Piers,M,"Rock, Stone",English
Piers,M,"Rock, Stone",Latin
Pierson,M,"Rock, Stone",Irish
Pierson,M,"Rock, Stone",Latin
Pierson,M,Son of Pierce,English
Pieter,M,"Rock, Stone",Latin
Pietor,M,"Rock, Stone",Latin
Pietro,M,"Rock, Stone",Latin
Piksi,F,"Small elf, Faery",Celtic
Piksy,F,"Small elf, Faery",Celtic
Pilan,M,Supreme essence,Native American
Pilar,F,Pillar,Spanish
Pilar,F,Spear,Australian Abori
Pillar,F,Spear,Australian Abori
Pimne,M,Weasel (Hopi),Native American
Pinak,M,Shiva's bow,Indian
Pinch,M,Appeared in Comedy of Errors,Shakespearian
Pinchas,F,Dark skinned,African
Pinchas,F,Oracle,Greek
Pinchos,F,Dark skinned,African
Pinchos,F,Oracle,Greek
Pincus,F,Dark skinned,African
Pincus,F,Oracle,Greek
Pindan,M,A desert,Australian Abori
Pindari,M,From the high ground,Australian Abori
Pindarus,M,Appeared in Julius Caesar,Shakespearian
Pinochos,M,Dark skinned,Hebrew
Piotr,M,"Rock, Stone",Latin
Pip,F,"Persistent, Perseverance",German
Piper,M,Piper,English
Piper,F,Piper,English
Pipere,F,Piper,English
Piperel,M,Piper,French
Pippa,F,Loves horses,Greek
Pippi,F,"Persistent, Perseverance",German
Pippin,M,Name of a king,French
Pippin,F,"Persistent, Perseverance",German
Pirra,F,The moon,Australian Abori
Pirro,M,Red haired,Spanish
Pisanio,M,Appeared in Cymbeline,Shakespearian
Pistol,M,"Appeared in Henry V, Merry Wives of Windsor",Shakespearian
Pit,M,From the Pit,English
Pita,M,"Rock, Stone",Maori
Pitney,M,From the Preserving land,English
Pivari,F,A wife of Sukha,Indian
Pixi,F,"Small elf, Faery",Celtic
Pixie,F,"Small elf, Faery",Celtic
Pixie,F,"Song lover, Friend, Lover of the moon",Welsh
Pixy,F,"Small elf, Faery",Celtic
Piyali,F,Tree,Indian
Piyush,M,Milk,Indian
Placida,F,Tranquil,Spanish
Placida,F,Tranquility,Latin
Placido,M,Tranquil,Spanish
Placido,M,Tranquility,Latin
Plat,M,From the flat land,French
Platon,M,Broad shouldered,Spanish
Platon,M,Broad-shouldered,Greek
Platt,M,From the flat land,French
Pleoh,M,Danger,Anglo-Saxon
Pol,M,Little one,Latin
Polikwaptiwa,F,Butterfly sitting on a flower (Hopi),Native American
Polixenes,M,Appeared in A Winter's Tale,Shakespearian
Poll,F,Bitter,Hebrew
Pollock,M,Little rock,English
Polly,F,Bitter,Hebrew
Polly,F,Petite,Latin
Poloma,F,Bow (Choctaw),Native American
Polonius,M,Appeared in Hamlet,Shakespearian
Pomeroy,M,Lives near the apple orchard,French
Pommelraie,M,Lives near the apple orchard,French
Ponce,M,Born fifth,Spanish
Pongor,M,All might,Hungarian
Pongrác,M,All might,Hungarian
Pooja,F,Prayer,Indian
Poonam,F,Full moon,Indian
Poornima,F,Full moon,Indian
Poorvi,F,A classical melody,Indian
Popilius Lena,M,Appeared in Julius Caesar,Shakespearian
Poppy,F,Flower,English
Porfirio,M,Purple,Spanish
Porfiro,M,Purple,Spanish
Porsche,F,"A gift, Offering",Latin
Porsha,F,"A gift, Offering",Latin
Porter,M,"Gatekeeper, Carrier",French
Porteur,M,"Gatekeeper, Carrier",French
Portia,F,"A gift, Offering",Latin
Portia,F,"Appeared in Merchant of Venice, Julius Caesar",Shakespearian
Portier,M,Gatekeeper,French
Posthumus Leonatus,M,Appeared in Cymbeline,Shakespearian
Powaqa,F,Witch (Hopi),Native American
Powell,M,Little one,Latin
Powell,M,Son of Howell,Celtic
Powell,M,Son of Howell,Welsh
Power,M,Son of Howell,Welsh
Powers,M,Son of Howell,Welsh
Powwaw,M,Priest (Algonquin),Native American
Prabha,F,"Light, Glow, Shine",Indian
Prabhakar,M,Sun,Indian
Prabhat,M,Dawn,Indian
Prabhati,F,Morning,Indian
Prabir,M,"Hero, Brave one (Praveer)",Indian
Prabodh,M,Sound advice,Indian
Prabodhan,M,Knowledge,Indian
Prachi,F,Morning,Indian
Pradeep,M,"Light, Glow, Shine",Indian
Pradeepta,F,Glowing,Indian
Pradnesh,M,Lord of wisdom,Indian
Prafulla,M,"Pleasant, Cheerful",Indian
Pragati,F,Progress,Indian
Pragya,F,Wisdom,Indian
Prahlad,M,Eternal joy,Indian
Prajeet,M,Victorious,Indian
Prakash,M,Light,Indian
Prama,F,Knowing truth,Indian
Pramada,F,Woman,Indian
Pramath,M,Horse,Indian
Pramesh,M,Master of accurate knowledge,Indian
Pramit,M,Consciousness,Indian
Pramod,M,Happiness,Indian
Pramsu,M,A scholar,Indian
Pranati,F,Prayer,Indian
Pranav,M,The sacred syllable Om,Indian
Pranay,M,Romance,Indian
Pranet,M,Leader,Indian
Prapti,F,Gain,Indian
Prasad,M,Offering to God during pooja,Indian
Prasanna,M,"Cheerful, Pleased",Indian
Prasata,M,Father of Draupad,Indian
Prashant,M,"Calm, Composed",Indian
Prashanti,F,Peace,Indian
Prasoon,M,Flower,Indian
Prassana,M,Cheerful,Indian
Prasutagus,M,Name of a king,Anglo-Saxon
Pratap,M,"Dignity, Majesty",Indian
Prateek,M,"Symbol, First word in a sentence",Indian
Pratibha,F,Talent,Indian
Pratigya,F,"Pledge, Vow",Indian
Pratik,M,Symbol,Indian
Pratima,F,"Icon, Idol, Statue",Indian
Pratosh,M,Extreme delight,Indian
Pravar,M,Chief,Indian
Praveen,M,Expert,Indian
Prayag,M,Confluence of Ganga-Jamuna-Saraswati,Indian
Preeti,F,Love,Indian
Preetish,M,God of love,Indian
Prem,M,Love,Indian
Prema,F,Love,Indian
Premal,M,Full of love,Indian
Premanand,M,Joy of love,Indian
Prentice,M,Apprentice,English
Prentiss,M,Apprentice,English
Preostcot,M,From the Priest's dwelling,English
Prerana,F,Inspiration,Indian
Preruet,M,Brave,French
Prescot,M,Priest's cottage,English
Prescott,M,"Dweller at the church, Priest's settlement",English
Presley,M,"Dweller at the church, Priest's settlement",English
Prestin,M,From the Priest's farm,English
Preston,M,"Dweller at the church, Priest's settlement",English
Prewitt,M,Valiant one,French
Preyasi,F,Beloved,Indian
Priam,M,Appeared in Troilus & Cressida,Shakespearian
Price,M,Urgent one,Welsh
Pridwyn,F,Name of Arthur's ship,Arthurian Legend
Priest,M,"Dweller at the church, Priest's settlement",English
Priestley,M,"Dweller at the church, Priest's settlement",English
Priestly,M,"Dweller at the church, Priest's settlement",English
Prima,F,First one,Italian
Primavera,F,Spring time,Spanish
Prime,M,First one,Italian
Primeiro,M,Born first,Spanish
Primo,M,First one,Italian
Prince,M,"Principal one, First",English
Princeton,M,"Principal one, First",English
Prior,M,Head of the priory,Latin
Prior,M,Servant of the priory,English
Priour,M,Head of the priory,French
Prisca,F,From ancient times,Latin
Priscilla,F,From ancient times,Latin
Priss,F,From ancient times,Latin
Prissy,F,From ancient times,Latin
Prita,F,Dear one,Indian
Pritam,M,Lover,Indian
Prithu,M,"Broad, Spacious",Indian
Prithvijaj,M,King of the earth,Indian
Priti,F,"Satisfaction, Renowned wife of Pulastya/Sukha",Indian
Pritika,F,Beloved,Indian
Privrata,M,Son of Satarupa,Indian
Priya,F,Beloved,Indian
Priyadarshini,F,Delightful to look at,Indian
Priyal,F,Beloved,Indian
Priyam,F,Beloved,Indian
Priyanka,F,Beloved,Indian
Priyaranjan,M,Beloved,Indian
Priyasha,F,Beloved,Indian
Proculeius,M,Appeared in Antony & Cleopatra,Shakespearian
Prospero,M,Appeared in The Tempest,Shakespearian
Prospero,M,Wealthy,Spanish
Proteus,M,Appeared in Two Gentlemen of Verona,Shakespearian
Pru,F,Foresight,Latin
Prudence,F,Foresight,Latin
Prudencia,F,Prudent,Spanish
Prudy,F,Foresight,Latin
Prue,M,Valiant one,French
Prue,F,Foresight,Latin
Pruet,M,Brave,French
Pruie,M,Brave,French
Pruit,M,Valiant one,French
Pruitt,M,Valiant one,French
Prunella,F,Color of plum,French
Prunellie,F,Color of plum,French
Pryce,M,Urgent one,Welsh
Pryderi,M,Care,Celtic
Prydwyn,F,Name of Arthur's ship,Arthurian Legend
Pryor,M,Head of the priory,French
Pryor,M,Head of the priory,Latin
Pryor,M,Servant of the priory,English
Pslomydes,M,A knight,Arthurian Legend
Psyche,F,The soul,Greek
Publius,M,"Appeared in Julius Caesar, Titus Andronicus",Shakespearian
Puck,M,Appeared in Midsummer Night's Dream,Shakespearian
Puebla,F,From the city,Spanish
Pueblo,M,From the city,Spanish
Puja,F,Prayer,Indian
Pules,F,Pigeon (Algonquin),Native American
Pundarik,M,White lotus,Indian
Puneet,M,Pure,Indian
Punita,F,"Pure, Holy",Indian
Punthali,F,A doll,Indian
Pura,F,Pure,Spanish
Pureza,F,Pure,Spanish
Purisima,F,Pure,Spanish
Purlie,F,Pearl ??,English
Purnima,F,Full moon,Indian
Purujit,M,Conqueror of city,Indian
Purumitra,M,Friend of city,Indian
Purushottam,M,Best among men,Indian
Purva,F,East,Indian
Purvaja,F,Elder sister,Indian
Purvis,F,Provide,French
Pusan,M,A sage,Indian
Puskara,M,"Blue lotus, Fountain",Indian
Pusti,F,"Nourishment, A form of the Devi, Wife of Ganapati",Indian
Putnam,M,Dwells by the pond,Anglo-Saxon
Putnam,M,From the commander's estate,English
Putney,M,From the sire's estate,English
Pwyll,M,Mythical lord of Annwn,Celtic
Pyn,M,From the enclosure,English
Pyotr,M,"Rock, Stone",Latin
Pyper,M,Piper,English
Pyper,F,Piper,English
Pyrena,F,Fiery,Greek
Pyt,M,From the Pit,English
Pythia,F,Prophet,Greek
Pytor,M,"Rock, Stone",Latin
Pál,M,Little one,Latin
Pázmán,M,"Right, Man",Hungarian
Péter,M,"Rock, Stone",Latin
Qadir,M,Capable,Arabic
Qaletaqa,M,Guardian of the people (Hopi),Native American
Qamra,F,Moon,Arabic
Qaseem,M,Divides,Arabic
Qeturah,F,Incense,Hebrew
Qochata,M,White man (Hopi),Native American
Qorbin,M,A gift devoted to God,Greek
Qssim,M,Divides,Arabic
Quaid,M,Powerful ruler,Irish
Quan,M,Soldier,Vietnamese
Quann,M,Soldier,Vietnamese
Quany,M,Proud,Scottish
Quarrie,M,Proud,Scottish
Quasha,F,Daughter of Ben,Native American
Quasim,M,One who helps people,Arabic
Quay,F,Daughter of Ben,Native American
Queena,F,Queen,English
Queenie,F,Queen,English
Quella,F,Pacify,English
Quenby,F,Womanly,Scandinavian
Quennel,M,Dweller by the oak tree,French
Quent,M,Fifth-born child,English
Quent,M,Fifth-born child,French
Quent,M,Fifth-born child,Latin
Quenten,M,Fifth-born child,Latin
Quentin,M,Fifth-born child,French
Quentin,M,Fifth-born child,Latin
Quentin,M,From the queen's estate,English
Quenton,M,Fifth-born child,English
Quenton,M,Fifth-born child,French
Quenton,M,Fifth-born child,Latin
Quentrell,M,Fifth-born child,English
Quentrell,M,Fifth-born child,French
Queran,M,Dark,Irish
Querida,F,Beloved,Spanish
Quesnel,M,From the little oak tree,French
Quickly (Mistress),F,"Appeared in Merry Wives of Windsor, Henry IV",Shakespearian
Quigley,M,Unruly hair,Irish
Quillan,M,Club,Gaelic
Quin,M,Fifth-born child,French
Quin,M,Intelligent,Irish
Quin,M,Jehovah has established,Spanish
Quin,M,Wise,Celtic
Quinby,M,From the queen's estate,Scandinavian
Quince,M,Appeared in Midsummer Night's Dream,Shakespearian
Quince,M,Fifth-born child,French
Quincey,M,Fifth-born child,English
Quincey,M,Fifth-born child,French
Quincy,M,Fifth-born child,English
Quincy,M,Fifth-born child,French
Quinevere,F,Arthur's queen,Arthurian Legend
Quinlan,M,Graceful,Irish
Quinn,M,Fifth-born child,Greek
Quinn,M,Intelligent,Irish
Quinn,M,Surname,Scottish
Quinn,M,Wise,Celtic
Quinn,M,"Wise, Queen",Gaelic
Quinn,F,Essence,Latin
Quinn,F,Fifth-born child,Greek
Quinn,F,"Wise, Queen",Gaelic
Quint,M,Fifth-born child,English
Quint,M,Fifth-born child,French
Quint,M,Fifth-born child,Latin
Quinta,F,Fifth-born child,Latin
Quinta,F,Fifth-born child,Spanish
Quintessa,F,Essence,Latin
Quintessenz,F,Essence,Latin
Quintilian,M,Fifth-born child,Latin
Quintin,M,Fifth-born child,Latin
Quintina,F,Fifth-born child,Latin
Quinto,M,Fifth-born child,Latin
Quinton,M,Fifth-born child,English
Quinton,M,Fifth-born child,French
Quinton,M,Fifth-born child,Latin
Quintrell,M,Fifth-born child,English
Quintrell,M,Fifth-born child,French
Quintus,M,Appeared in Titus Andronicus,Shakespearian
Quintus,M,Fifth-born child,Latin
Quique,M,Ruler of an estate,Spanish
Quirita,F,Citizen,Latin
Quiterie,F,Tranquil,French
Quoba,F,Good,Australian Abori
Quorra,F,Heart,Italian
Quy,M,Precious,Vietnamese
Quy,F,Precious,Vietnamese
R'phael,M,God's healer,Hebrew
Ra,F,Doe,English
Ra'id,M,Leader,Arabic
Raanan,M,Fresh,Hebrew
Raananah,F,Unspoiled,Hebrew
Raashida,F,Righteous,African
Rab,M,"Bright, Famous",English
Rabah,F,Fourth born,Hebrew
Rabi,M,Breeze,Arabic
Rachael,F,"Ewe, One with purity",Hebrew
Rachel,F,"Ewe, One with purity",Hebrew
Rachel,F,Lamb,German
Rachele,F,"Ewe, One with purity",Hebrew
Rachelle,F,Lamb,French
Rachida,F,Righteous,African
Rachna,F,"Construction, Arrangement",Indian
Rad,M,"Brave counsel, Wise",German
Rad,M,Red,English
Radbert,M,Red haired counselor,English
Radbourne,M,Lives by the red stream,English
Radburn,M,Lives by the red stream,English
Radburt,M,Red haired counselor,English
Radbyrne,M,Lives by the red stream,English
Radcliff,M,From the red cliff,English
Radcliffe,M,From the red cliff,English
Radclyf,M,From the red cliff,English
Radclyffe,M,From the red cliff,English
Radeliffe,M,From the red cliff,English
Radella,F,Elfin counselor,English
Radford,M,From the red cliff,English
Radha,F,"Krishna's lover, prosperity",Indian
Radhika,F,"A form of the Devi, 5th Sakti, Wife of Krishna",Indian
Radhiya,F,Agreeable,African
Radinka,F,Active,Slavic
Radley,M,From the red cliff,English
Radman,M,Joy,Slavic
Radmund,M,Red haired defender,English
Radnor,M,From the red cliff,English
Radolf,M,Red wolf,English
Radolph,M,Red wolf,English
Radomér,M,"Happy, Peace",Hungarian
Rae,M,Doe,English
Rae,M,Grace,Scottish
Rae,F,"Beautiful, Unique",Spanish
Rae,F,Doe,English
Raeburn,M,Dweller by the stream where does drink,Teutonic
Raed,M,Red,English
Raedan,M,Advises,Anglo-Saxon
Raedanoran,M,From the red shore,English
Raedbora,M,Advises,Anglo-Saxon
Raedburne,M,Lives by the red stream,English
Raedclyf,M,From the red cliff,English
Raedeman,M,Red haired horseman,English
Raedford,M,From the red ford,English
Raedleah,M,From the red meadow,English
Raedmund,M,Red haired defender,English
Raedpath,M,Lives near the red path,English
Raedself,F,Elfin counselor,English
Raedwald,M,Name of a king,Anglo-Saxon
Raedwolf,M,Red wolf,English
Raeka,F,"Beautiful, Unique",Spanish
Rafa,F,Happy,Arabic
Rafael,M,God has healed,Spanish
Rafael,M,Healed by God,Hebrew
Rafaella,F,Healed by God,Hebrew
Rafaelle,M,Healed by God,Hebrew
Rafaello,M,Healed by God,Hebrew
Rafal,M,Healed by God,Hebrew
Rafe,M,God has healed,Spanish
Rafe,M,Healed by God,Hebrew
Rafe,M,"Wolf, Protector",English
Rafela,F,Healer,Hebrew
Rafer,M,Healed by God,Hebrew
Raff,M,Healed by God,Hebrew
Raff,M,Wolf,English
Rafferty,M,Healed by God,Hebrew
Raffi,M,Wolf,English
Rafi,M,Healed by God,Hebrew
Raghnall,M,Strong,Irish
Raghnall,M,Strong Counselor-ruler,English
Ragnall,F,Gawain's wife,Arthurian Legend
Ragnar,M,Wise leader,English
Ragnar,M,Wise leader,Norse
Ragnhild,F,Wise wamor,Norse
Rah'zell,F,"Ewe, One with purity",Hebrew
Rahel,F,"Ewe, One with purity",Hebrew
Rahi,F,Spring,Arabic
Rahil,F,Innocent,Hebrew
Rahimat,M,Grace,Arabic
Rahimateh,F,Grace,Arabic
Rai,M,Doe,English
Rai,M,Wise protector,Spanish
Rai,F,Trust,Japanese
Rai,F,"Trusted by God, Royalty",Latin
Raicheal,F,Name of a saint,Irish
Raida,F,"Night star, Graceful, Shining",Hebrew
Raidon,M,Thunder God,Japanese
Raighne,M,Mighty,Irish
Raimond,M,Guards wisely,French
Raimond,M,Guards wisely,German
Raimund,M,Worthy protector,English
Raimund,M,Worthy protector,German
Raimunda,F,Wise protector,Spanish
Raimundo,M,Guards wisely,French
Raimundo,M,Wise protector,Spanish
Raimundo,M,Worthy protector,English
Raimundo,M,Worthy protector,German
Rain,F,Ruler,Latin
Raina,F,Queen,French
Raina,F,Ruler,Latin
Rainart,M,Strong judgment,German
Raine,F,Ruler,Latin
Rainer,M,Ruler,Latin
Rainer,M,Strong counselor,German
Rainger,M,Ward of the forest,French
Rainhard,M,Strong judgment,German
Rainier,M,Ruler,Latin
Rainier,M,Strong counselor,French
Rainor,M,Strong counselor,German
Raisa,F,Rose,Greek
Raisa,F,Thinker,French
Raison,F,Thinker,French
Raissa,F,Rose,Greek
Raissa,F,Thinker,French
Raivata,M,A man,Indian
Raizel,F,Rose,Hebrew
Raj,M,King,Indian
Raja,F,Hope,Arabic
Rajan,M,King,Indian
Rajani,M,Night,Indian
Rajani,F,Night,Indian
Rajanigandha,F,Night blossoming scented flower,Indian
Rajanikant,M,"Lord of the night, Sun",Indian
Rajata,F,Silver,Indian
Rajeev,M,Blue lotus,Indian
Rajendra,M,God,Indian
Rajesh,M,God of kings,Indian
Rajiv,M,Striped,Indian
Rajkumar,M,Prince,Indian
Rakel,F,Ewe,Hebrew
Rakesh,M,"Lord of the night, Sun",Indian
Rakhi,F,Thread of brother-sister bonding,Indian
Rakin,M,Respectful,Arabic
Rald,M,Famous leader,German
Raleah,M,From the roe deer meadow,English
Raleich,M,Deer's meadow,English
Raleigh,M,Dweller by the deer meadow,English
Raley,M,Dweller by the deer meadow,English
Ralf,M,Wolf,English
Rally,M,Dweller by the deer meadow,English
Ralph,M,Wolf,English
Ralston,M,Wolf,English
Ram,M,"Lord Rama, Pleasing, Charming",Indian
Ram,M,Ram,English
Rama,F,Lakshmi,Indian
Raman,M,"Beloved, Pleasing",Indian
Ramani,F,Beautiful girl,Indian
Ramanuja,M,Born after Rama i.e. Lakshman,Indian
Rambert,M,"Mighty, Intelligent",German
Rambha,F,Name of an apsara,Indian
Rambures,M,Appeared in Henry V,Shakespearian
Ramesh,M,Ruler of Rama,Indian
Rameshwari,F,Parvati,Indian
Ramey,M,Loving,Arabic
Ramhart,M,"Mighty, Intelligent",German
Rami,M,Loving,Arabic
Ramira,F,Judicious,Spanish
Ramirez,M,Judicious,Spanish
Ramiro,M,Great judge,Spanish
Ramita,F,Pleasing,Indian
Ramla,F,"Prophetess, Fortune-teller",African
Ramm,M,Ram,Anglo-Saxon
Ramm,M,Ram,English
Ramon,M,Wise protector,Spanish
Ramon,M,Worthy protector,English
Ramon,M,Worthy protector,German
Ramona,F,Wise protector,Spanish
Ramond,M,Wise protector,French
Ramond,M,Wise protector,German
Ramonda,F,Wise protector,Spanish
Ramone,M,Wise protector,Spanish
Ramsay,M,Ram's island,English
Ramsay,M,Ram's island,Scottish
Ramsden,M,From the ram's valley,English
Ramsey,M,From Ramsey,Scottish
Ramsey,M,Ram's island,English
Ramy,M,Loving,Arabic
Ramya,F,"Elegant, Beautiful",Indian
Ramzey,M,Ram's island,English
Ramzey,M,Ram's island,Scottish
Ramzi,M,Ram's island,English
Ramzi,M,Ram's island,Scottish
Ran,M,"Wolf, Protector",Anglo-Saxon
Rana,F,Behold,Arabic
Rana,F,Ruler,Latin
Ranait,F,"Wealthy, Charming",Irish
Ranald,M,"Powerful, Rules with counsel",Scottish
Ranalt,F,"Wealthy, Charming",Irish
Rance,M,A kind of Belgian marble,French
Rance,M,Son of the shield,English
Rand,M,"Wolf, Protector",Anglo-Saxon
Rand,M,"Wolf, Protector",English
Randal,M,"Wolf, Protector",Anglo-Saxon
Randal,M,"Wolf, Protector",English
Randale,M,"Wolf, Protector",English
Randall,M,"Wolf, Protector",Anglo-Saxon
Randall,M,"Wolf, Protector",English
Randel,M,"Wolf, Protector",English
Randell,M,"Wolf, Protector",Anglo-Saxon
Randell,M,"Wolf, Protector",English
Randie,M,"Wolf, Protector",Anglo-Saxon
Randkin,M,Little shield,English
Randl,M,"Wolf, Protector",Anglo-Saxon
Randle,M,"Wolf, Protector",Anglo-Saxon
Randolf,M,"Wolf, Protector",Anglo-Saxon
Randolph,M,"Wolf, Protector",Anglo-Saxon
Randolph,M,"Wolf, Protector",English
Randon,M,"Wolf, Protector",English
Randson,M,Son of Rand,English
Randy,M,"Wolf, Protector",Anglo-Saxon
Randy,M,"Wolf, Protector",English
Randy,F,"Extraordinary, To be admired",Latin
Rane,M,Strong counselor,English
Rane,F,"Queen, Pure",Norwegian
Rane,F,Ruler,Latin
Ranell,M,Strong counselor,English
Ranen,M,Joyous,Hebrew
Raner,M,Ruler,Latin
Ranfield,M,From the raven's field,English
Rang,M,Raven,English
Ranger,M,Ward of the forest,French
Rangey,M,From raven's island,English
Rangford,M,From the raven's ford,English
Rangi,M,"Heaven, The sky",Maori
Rangi,M,"Heaven, The sky",Polynesian
Rangi,F,"Heaven, The sky",Maori
Rangi,F,"Heaven, The sky",Polynesian
Rangley,M,From the raven's meadow,English
Rangy,M,From raven's island,English
Rani,M,Song,Hebrew
Rani,F,A queen,Indian
Rani,F,Queenly,Latin
Ranica,F,Lovely tune,Hebrew
Ranice,F,Lovely tune,Hebrew
Ranier,M,Strong counselor,French
Ranit,M,Song,Hebrew
Ranit,F,Lovely tune,Hebrew
Ranita,F,Lovely tune,Hebrew
Ranjan,M,Pleasing,Indian
Ranjana,F,Entertainment,Indian
Ranjeet,M,Victor in wars,Indian
Rankin,M,Little shield,English
Rankin,M,"Wolf, Protector",Anglo-Saxon
Ranon,M,Joyful,Hebrew
Ransden,M,Ram's island,English
Ransford,M,Raven's ford,English
Ransley,M,Raven's meadow,English
Ransom,M,Little shield,English
Ransome,M,Son of the shield,English
Ranson,M,Son of the shield,English
Rantidev,M,Devotee of Narayana,Indian
Ranulf,M,"Wolf, Protector",Anglo-Saxon
Raoghnailt,F,Lamb,Scottish
Raonaid,F,Innocent,Hebrew
Raoul,M,Wolf,English
Raoul,M,Wolf,German
Raoul,M,Wolf counsel,French
Rapere,M,Maker of rope,English
Raph,M,Healed by God,Hebrew
Raphael,M,Healed by God,Hebrew
Raphaella,F,Healer,Hebrew
Raquel,F,"Ewe, One with purity",Hebrew
Raquel,F,Lamb,Spanish
Rase,M,Enthusiastic,Welsh
Rasha,F,Gazelle,Arabic
Rashaad,M,"Thinker, Counselor",Arabic
Rashad,M,"Thinker, Counselor",Arabic
Rasheed,M,"Thinker, Counselor",Arabic
Rasheed,M,Wise adviser,African
Rasheeda,F,Righteous,African
Rashid,M,Integrity,Arabic
Rashid,M,Wise adviser,African
Rashida,F,Righteous,African
Rashmi,F,A ray of light,Indian
Rashne,M,Judge,Persian
Rasia,F,Rose,Greek
Rasia,F,Rose,Latin
Rasine,F,Rose,Polish
Rata,M,Plant,Australian Abori
Rata,M,The name of a great chief,Polynesian
Rata,F,Plant,Australian Abori
Rata,F,The name of a great chief,Polynesian
Ratchell,M,"Nasty, Gross",Vietnamese
Rathnait,F,"Wealthy, Charming",Irish
Rati,F,A Devi,Indian
Ratna,F,Gem,Indian
Ratnakar,M,"Mine of jewels, Sea",Indian
Ratnavali,F,A bunch of gems,Indian
Ratri,M,Night,Indian
Raul,M,Wolf,English
Raul,M,Wolf counsel,Spanish
Raulo,M,Wise,Spanish
Raven,M,Raven,English
Raven,F,"Dark haired, Wise",English
Ravi,M,"Benevolent, Sun, Sun God",Indian
Ravi,M,Ravine,English
Ravid,M,Wanderer,Hebrew
Ravikiran,M,Sun ray,Indian
Ravindra,M,Sun,Indian
Ravinger,M,Ravine,English
Ravinia,M,Ravine,English
Ravyn,F,"Dark haired, Wise",English
Rawgon,M,Son of Rawley or Raleigh,English
Rawiella,M,From the deer spring,English
Rawiri,M,"Beloved, The adored one",Maori
Rawley,M,Dweller by the deer meadow,English
Rawling,M,Son of Rawley or Raleigh,English
Rawlings,M,Son of Rolfe,English
Rawlins,M,Son of Rolfe,English
Rawls,M,Dweller by the deer meadow,English
Rawly,M,Dweller by the deer meadow,English
Rawson,M,Son of Rolfe,English
Ray,M,Counselor,English
Ray,M,Grace,Scottish
Ray,M,Kingly,French
Ray,F,"Ewe, One with purity",Hebrew
Ray,F,Ruler,Latin
Raya,F,"Trusted by God, Royalty",Latin
Rayburn,M,From the deer's stream,English
Rayce,M,Counselor,English
Rayce,M,Counselor,French
Raychel,F,"Ewe, One with purity",Hebrew
Rayder,M,Counselor,English
Rayder,M,Counselor,French
Raydon,M,Counselor,English
Raydon,M,Counselor,French
Rayfield,M,From the deer's stream,English
Rayford,M,Counselor,English
Rayford,M,Counselor,French
Rayghun,M,Little king,Gaelic
Rayhourne,M,From the deer's stream,English
Rayhurn,M,From the deer's stream,English
Raylen,M,Counselor,English
Raylen,M,Counselor,French
Rayman,M,Worthy protector,Spanish
Raymon,M,Worthy protector,Spanish
Raymond,M,Worthy protector,English
Raymond,M,Worthy protector,French
Raymond,M,Worthy protector,German
Raymund,M,Worthy protector,English
Raymund,M,Worthy protector,French
Raymund,M,Worthy protector,German
Raymundo,M,Worthy protector,French
Raymundo,M,Worthy protector,German
Rayna,F,"Pure, Clean",Hebrew
Raynard,M,Brave one,French
Raynard,M,Brave one,German
Raynard,M,Brave one,Norse
Rayne,M,Wise leader,English
Rayne,F,Ruler,Latin
Raynell,M,Worthy protector,English
Raynell,M,Worthy protector,French
Rayner,M,Wise leader,English
Rayner,M,Worthy protector,German
Raynor,M,Brave one,German
Raynor,M,Brave one,Norse
Raynor,M,Wise leader,English
Raynord,M,Wise leader,English
Rayzel,F,Rose,Hebrew
Razel,F,Rose,Hebrew
Razi,M,Secret,African
Raziya,F,"Sweet, Agreeable",African
Re'uven,M,Behold - a son,Hebrew
Rea,F,Mother,Latin
Rea,F,Stream,Greek
Reace,M,Enthusiastic,Welsh
Read,M,Red haired,English
Reade,M,Red haired,English
Reade,M,Red haired,Scottish
Reading,M,Red haired,English
Readman,M,Red haired counselor,English
Reagan,M,Little king,Gaelic
Reagan,M,Regal,Celtic
Reagen,M,Little king,Gaelic
Reaghan,M,Regal,Celtic
Reaghan,F,Nobility,Celtic
Reamonn,M,Worthy protector,English
Reamonn,M,Worthy protector,German
Reardon,M,Poet,Gaelic
Reave,M,"Bailiff, Steward",English
Reaves,M,Son of Reeve,English
Reba,F,Captivating,Hebrew
Rebakah,F,Captivating,Hebrew
Rebeca,F,Captivating,Hebrew
Rebecca,F,Captivating,English
Rebecca,F,Captivating,Hebrew
Rebeccah,F,Captivating,Hebrew
Rebeckah,F,Captivating,Hebrew
Rebeka,F,Captivating,Hebrew
Rebekah,F,Captivating,Hebrew
Rebekka,F,Captivating,Hebrew
Rebequa,F,Captivating,Hebrew
Rebeque,F,Captivating,Hebrew
Recene,M,Quick,Anglo-Saxon
Rechavia,M,Broad,Hebrew
Redamann,M,Red haired counselor,English
Redd,M,From the red ford,English
Redd,M,Red haired,Scottish
Redding,M,From the red ford,English
Redfield,M,From the red ford,English
Redford,M,From the red ford,English
Redgrave,M,From the red ford,English
Redley,M,From the red meadow,English
Redman,M,From the red ford,English
Redmond,M,Adviser,German
Redmond,M,Red haired defender,English
Redmond,M,Worthy protector,Irish
Redmund,M,Red haired defender,English
Redwald,M,From the red ford,English
Ree,F,Captivating,Hebrew
Reeba,F,Captivating,Hebrew
Reece,M,Enthusiastic,English
Reece,M,Enthusiastic,Welsh
Reed,M,Red haired,English
Reed,M,Red haired,Scottish
Reeford,M,Red haired,English
Reena,F,Queen,Indian
Reese,M,Enthusiastic,English
Reese,M,Enthusiastic,Welsh
Reeva,F,River,French
Reeve,M,"Bailiff, Steward",English
Reeves,M,"Bailiff, Steward",English
Reg,M,Strong Counselor-ruler,English
Regan,M,Little king,Gaelic
Regan,M,Little king,Irish
Regan,M,Regal,Celtic
Regan,F,Appeared in King Lear,Shakespearian
Regan,F,Nobility,Celtic
Regan,F,Queenly,Latin
Regen,M,Little king,Gaelic
Regenfrithu,M,Peaceful raven,English
Regent,M,Little king,Gaelic
Regenweald,M,Strong,English
Reggie,M,Powerful ruler,German
Reggie,M,Strong Counselor-ruler,English
Reggie,F,Queenly,Latin
Reggy,M,Strong Counselor-ruler,English
Reghan,M,Regal,Celtic
Regina,F,Queenly,Latin
Regina,F,Queenly,Spanish
Reginald,M,Powerful ruler,German
Reginald,M,Strong Counselor-ruler,English
Reginhard,M,"Brave, Powerful, Mighty",German
Reginheraht,M,"Mighty, Intelligent",German
Regino,M,Little king,Gaelic
Regis,M,"Kingly, Regal",Latin
Regnauld,M,Strong Counselor-ruler,English
Rehema,F,Compassion,African
Rei,M,King,Latin
Rei,F,Gratitude,Japanese
Reid,M,Red haired,English
Reid,M,Red haired,Scottish
Reidar,M,Warrior,Scandinavian
Reidhachadh,M,From the smooth field,Irish
Reidun,F,Nest-lovely,Norwegian
Reign,F,Ruler,Latin
Reiko,F,"Child of Rei, Gratitude",Japanese
Reilley,M,Island meadow,Irish
Reilly,M,Island meadow,Irish
Reilly,M,Valiant,Gaelic
Reilly,F,Valiant,Gaelic
Rein,F,Ruler,Latin
Reina,F,Queen,French
Reina,F,Queen,Spanish
Reina,F,Queenly,Latin
Reinald,M,Strong Counselor-ruler,English
Reine,F,Queen,French
Reine,F,Queenly,Latin
Reiner,M,Counsel,German
Reinhard,M,Brave one,German
Reinhard,M,Brave one,Norse
Reinhart,M,Brave one,German
Reinhart,M,Brave one,Norse
Reinhold,M,Strong Counselor-ruler,English
Reinwald,M,Strong Counselor-ruler,English
Reja,M,King,Indian
Reka,F,Sweet,Maori
Rekha,F,Straight line,Indian
Rel,F,Lioness of God,Hebrew
Rell,M,Thunderer,English
Rell,F,Bright one,Greek
Relle,F,Bright one,Greek
Relly,F,Bright one,Greek
Remedios,F,Remedy,Spanish
Remi,M,From the raven's farm,English
Remi,M,Rower,French
Remington,M,From the raven's farm,English
Remme,M,From the raven's farm,English
Remmie,M,From the raven's farm,English
Remmy,M,From the raven's farm,English
Remo,M,From the raven's farm,English
Remus,M,Swift oarsman,Latin
Remy,M,From the raven's farm,English
Remy,M,Rower,French
Remy,F,From Rheims,French
Ren,M,Raven,English
Ren,F,Water lily,Japanese
Rena,F,Joyous song,Hebrew
Rena,F,"Peace, Joy",Greek
Renaldo,M,Counselor-ruler,Spanish
Renaldo,M,"Powerful, Rules with counsel",Norse
Renard,M,Brave one,German
Renard,M,Brave one,Norse
Renard,M,Counsel hard,Teutonic
Renard,M,Strong counselor,French
Renata,F,Reborn,Latin
Renate,F,Reborn,Latin
Renato,M,Reborn,Latin
Renato,M,Strong Counselor-ruler,English
Renato,M,To rise again,Spanish
Renaud,M,Brave one,German
Renaud,M,Brave one,Norse
Renault,M,Strong Counselor-ruler,English
Rendall,M,"Wolf, Protector",English
Rendell,M,"Wolf, Protector",English
Rendor,M,Policeman,Hungarian
Rene,M,Reborn,French
Rene,M,Reborn,Latin
Rene,M,Strong Counselor-ruler,English
Rene,F,Reborn,French
Renee,M,Reborn,Latin
Renee,F,Reborn,French
Renette,F,Reborn,Latin
Renfield,M,From the raven's field,English
Renfred,M,From the still waters,Welsh
Renfred,M,Peaceful raven,English
Renfrew,M,From the still waters,Welsh
Renfrid,M,Peaceful raven,English
Renita,F,To be firm,Latin
Renke,M,Strong judgment,German
Renne,M,To rise again,French
Rennie,M,Reborn,Latin
Rennie,M,To rise again,French
Renny,M,Mighty,Irish
Renny,M,Reborn,Latin
Renny,M,Small but mighty,Gaelic
Renny,M,To rise again,French
Renny,F,"Wealthy, Charming",Irish
Reno,M,Place name,Spanish
Renshaw,M,From the raven forest,English
Renshaw,M,From the still waters,Welsh
Renton,M,From the raven's farm,English
Renton,M,From the still waters,Welsh
Renuka,F,Wife of Jamadagni rishi,Indian
Renweard,M,Guardian of the house,Anglo-Saxon
René,M,Reborn,Latin
Renée,F,Reborn,Latin
Reod,M,Ruddy colored,English
Rere,F,Waterfall,Maori
Reshma,F,Silky,Indian
Reta,F,Child of light,Persian
Reta,F,Pearl ??,Latin
Rett,M,Enthusiastic,Welsh
Reuben,M,Behold - a son,Hebrew
Reubin,M,Behold - a son,Hebrew
Reuby,M,Behold - a son,Hebrew
Reuel,M,Friend of God,Hebrew
Reuhen,M,Behold - a son,Hebrew
Reule,M,Famous wolf,French
Reuven,M,Behold - a son,Hebrew
Reva,F,River,French
Revati,F,"Wife of Balarama, A star",Indian
Reve,M,Dream,French
Reve,M,Steward,English
Reveka,F,Captivating,Hebrew
Rew,F,Run,Latin
Rewa,F,Slender,Polynesian
Rex,M,King,Latin
Rexer,M,King,Latin
Rexford,M,"Chieftain, Ruler",English
Rexford,M,King,Latin
Rexley,M,From the king's meadow,English
Rexlord,M,From the king's ford,English
Rexton,M,"Chieftain, Ruler",English
Rexy,F,Queenly,Latin
Rey,M,Brave one,German
Rey,M,Brave one,Norse
Rey,M,King,Spanish
Rey,M,Regal,French
Reyes,M,Kings,Spanish
Reyhurn,M,From the deer's stream,English
Reymond,M,Guards wisely,French
Reymond,M,Guards wisely,German
Reymundo,M,Guards wisely,French
Reymundo,M,Guards wisely,German
Reyna,F,Queenly,Latin
Reynald,M,Counselor-ruler,English
Reynald,M,Counselor-ruler,German
Reynaldo,M,Appeared in Hamlet,Shakespearian
Reynaldo,M,Counselor-ruler,Spanish
Reynard,M,Strong counselor,French
Reynard,M,"Strong, Brave",German
Reynardo,M,Strong counselor,Spanish
Reynart,M,Brave one,German
Reynart,M,Brave one,Norse
Reynaud,M,Brave one,German
Reynaud,M,Brave one,Norse
Reyner,M,Brave one,German
Reyner,M,Brave one,Norse
Reynold,M,Counselor-ruler,German
Reynold,M,Strong Counselor-ruler,English
Reynolds,M,Strong Counselor-ruler,English
Reynolds,M,Surname,Irish
Rhaxma,F,Sweet,African
Rhea,F,Mother,Latin
Rhea,F,Stream,Greek
Rheda,F,A goddess,Anglo-Saxon
Rheged,M,From Rheged,Anglo-Saxon
Rhett,M,Enthusiastic,Welsh
Rhiamon,F,"Great queen, Witch",Welsh
Rhiannon,F,"Great queen, Witch",Celtic
Rhiannon,F,"Great queen, Witch",Welsh
Rhianon,F,"Great queen, Witch",Welsh
Rhoda,F,Rose,Greek
Rhodanthe,F,Rose,Greek
Rhodes,M,Lives near the crucifix,English
Rhodes,M,Rose,Greek
Rhodia,F,Rose,Greek
Rhodie,F,Rose,Greek
Rhonda,F,Good spear,Celtic
Rhoswen,F,White rose,Gaelic
Rhys,M,Enthusiastic,Welsh
Ri,F,Bitter,Hebrew
Ria,F,From the river's mouth,Spanish
Ria,F,Mother,Latin
Ria,F,River,French
Ria,F,Stream,Greek
Riagan,M,Little king,Irish
Rian,M,Kingly,Irish
Rian,M,Little king,Gaelic
Rian,F,Little king,Gaelic
Riana,F,"Great queen, Witch",Welsh
Riane,F,Little king,Gaelic
Rianna,F,Melody,Greek
Rianna,F,Very holy one,Latin
Rianne,F,"Great queen, Witch",Welsh
Riannon,F,"Great queen, Witch",Welsh
Riba,F,Captivating,Hebrew
Rica,F,Rules the home,Spanish
Ricadene,M,Lives in the ruler,English
Ricard,M,Powerful ruler,English
Ricard,M,Powerful ruler,French
Ricard,M,Powerful ruler,German
Ricarda,F,Powerful ruler,English
Ricarda,F,Powerful ruler,German
Ricarda,F,Rules the home,Spanish
Ricardo,M,Powerful ruler,English
Ricardo,M,Powerful ruler,French
Ricardo,M,Powerful ruler,German
Ricardo,M,Strong ruler,Spanish
Riccardo,M,Powerful ruler,German
Rice,M,Enthusiastic,Welsh
Rice,M,Powerful,Anglo-Saxon
Rich,M,Powerful ruler,French
Rich,M,Powerful ruler,German
Rich,M,Wealthy,English
Richael,F,Name of a saint,Irish
Richard,M,Powerful ruler,English
Richard,M,Powerful ruler,French
Richard,M,Powerful ruler,German
Richardo,M,Powerful ruler,French
Richardson,M,Powerful ruler,English
Richardson,M,Powerful ruler,French
Richardson,M,Powerful ruler,German
Richart,M,Powerful ruler,English
Richart,M,Powerful ruler,French
Richart,M,Powerful ruler,German
Richelle,F,Powerful ruler,English
Richelle,F,Powerful ruler,German
Richerd,M,Powerful ruler,English
Richerd,M,Powerful ruler,French
Richerd,M,Powerful ruler,German
Richie,M,Powerful ruler,Spanish
Richman,M,Powerful ruler,English
Richman,M,Powerful ruler,French
Richman,M,Powerful ruler,German
Richmond,M,Powerful ruler,English
Richmond,M,Powerful ruler,French
Richmond,M,Powerful ruler,German
Rick,M,Noble one,Latin
Rick,M,Powerful ruler,English
Rick,M,Powerful ruler,French
Rick,M,Powerful ruler,German
Rickard,M,Powerful ruler,English
Rickard,M,Powerful ruler,French
Rickard,M,Powerful ruler,German
Ricker,M,Powerful ruler,English
Ricker,M,Powerful ruler,French
Ricker,M,Powerful ruler,German
Rickert,M,Powerful ruler,English
Rickert,M,Powerful ruler,French
Rickert,M,Powerful ruler,German
Rickey,M,Powerful ruler,English
Rickie,M,Powerful ruler,English
Rickie,M,Powerful ruler,French
Rickie,M,Powerful ruler,German
Rickie,F,Noble one,Latin
Rickman,M,Powerful ruler,English
Rickward,M,Powerful ruler,English
Rickward,M,Powerful ruler,French
Rickward,M,Powerful ruler,German
Ricky,M,Noble one,Latin
Ricky,M,Powerful ruler,English
Ricky,M,Powerful ruler,French
Ricky,M,Powerful ruler,German
Ricky,F,Noble one,Latin
Ricky,F,Powerful ruler,English
Ricky,F,Powerful ruler,German
Ricman,M,Powerful ruler,English
Rico,M,Powerful ruler,German
Rico,M,Powerful ruler,Spanish
Ricweard,M,Powerful ruler,English
Riddhi,F,Siddhi will follow,Indian
Riddoc,M,From the smooth field,Irish
Riddock,M,From the smooth field,Irish
Rider,M,Horseman,English
Ridere,M,"Horseman, Knight",English
Ridge,M,From the ridge,English
Ridgeiey,M,Lives at the meadow's ridge,English
Ridgely,M,Lives at the meadow's ridge,English
Ridgley,M,By the meadow's edge,English
Ridley,M,"Reed clearing, Cleared wood",English
Ridpath,M,Lives near the red path,English
Riece,M,Enthusiastic,Welsh
Rieko,F,Child of Rie,Japanese
Riena,F,Queen,Indian
Ries,M,Enthusiastic,Welsh
Rifka,F,Captivating,Hebrew
Rigby,M,Valley of the ruler,English
Rigel,M,Foot,Arabic
Rigg,M,Lives near the ridge,English
Riggs,M,Son of Rigg,English
Rihana,F,Sweet basil,Arabic
Rikako,F,Child of Rika,Japanese
Rikard,M,Powerful ruler,German
Rikkard,M,Strong ruler,English
Rikkert,M,Powerful ruler,English
Rikkert,M,Powerful ruler,French
Rikkert,M,Powerful ruler,German
Rikki,F,Powerful ruler,English
Rikki,F,Powerful ruler,German
Rikward,M,Strong guardian,English
Riley,M,Island meadow,English
Riley,M,Island meadow,Irish
Riley,M,Valiant,Gaelic
Riley,F,Valiant,Gaelic
Rilla,F,Brook,German
Rille,F,Brook,German
Rilletta,F,Stream,English
Rillette,F,Stream,English
Rillia,F,Brook,German
Rillie,F,Brook,German
Rima,F,White antelope,Arabic
Rimon,M,Pomegranate,Arabic
Rimona,F,Pomegranate,Hebrew
Rina,F,Joyous song,Hebrew
Rina,F,Queen,Indian
Rina,F,Queenly,Latin
Rinako,F,Child of Rina,Japanese
Rinaldo,M,Strong Counselor-ruler,English
Rinan,M,Rain,Anglo-Saxon
Rinc,M,Warrior,Anglo-Saxon
Rinehart,M,Brave one,German
Rinehart,M,Brave one,Norse
Ring,M,A ring,English
Ring,M,A ring,German
Ringling,M,A ring,German
Ringo,M,A ring,German
Ringo,M,"Apple, Peace be with you",Japanese
Rini,F,Little bunny,Japanese
Rinna,F,Joyous song,Hebrew
Rinnah,F,Joyous song,Hebrew
Rio,M,River,French
Rio,M,River,Latin
Rio,M,River,Spanish
Rio,F,River,Spanish
Riobard,M,"Bright, Famous",English
Riobard,M,Royal bard,Irish
Riocard,M,Powerful ruler,English
Riocard,M,Powerful ruler,French
Riocard,M,Powerful ruler,German
Rioghnach,F,Royal,Irish
Rion,M,A pagan giant,Arthurian Legend
Rion,M,Kingly,Irish
Riona,F,Royal,Irish
Riordain,M,Bright,Irish
Riordan,M,Bright,Irish
Riordan,M,Poet,Gaelic
Rip,M,Dweller in the noisy meadow,English
Ripley,M,Dweller in the noisy meadow,English
Ripley,M,From Hrypa's meadow,Anglo-Saxon
Rique,M,Powerful ruler,French
Risa,F,Laughing one,Latin
Risako,F,Child of Risa,Japanese
Rishab,M,The musical note Re,Indian
Rishabh,M,Morality,Indian
Rishi,M,"Sage, Ray of light",Indian
Rishley,M,From the wild meadow,English
Rishon,M,First,Hebrew
Rishona,F,First,Hebrew
Risley,M,From the brushwood meadow,English
Rissa,F,Of the sea,Latin
Risteard,M,Powerful ruler,German
Riston,M,From the wild meadow,English
Risé,F,Laughing one,Latin
Rita,F,Child of light,Persian
Rita,F,Pearl ??,Latin
Rita,F,Pearl ??,Spanish
Rita,F,"Pearl, Precious",Greek
Ritchel,M,"Nasty, Gross",Vietnamese
Ritchell,M,"Nasty, Gross",Vietnamese
Ritchie,M,Powerful ruler,English
Ritchie,M,Powerful ruler,French
Ritchie,M,Powerful ruler,German
Ritchie,M,Powerful ruler,Spanish
Ritsuko,F,Child of Ritsu,Japanese
Ritt,M,"Horseman, Knight",German
Ritter,M,"Horseman, Knight",German
Ritzpa,F,Hope,Greek
Riva,F,Captivating,Hebrew
Riva,F,River,French
Rivalen,M,Tristan's father,Arthurian Legend
Rivca,F,Captivating,Hebrew
Rive,F,River,French
River,M,River,French
River,M,River,Latin
Rivers,M,River,French
Rivers,M,River,Latin
Rivi,F,River,French
Rivka,F,Captivating,Hebrew
Rivy,F,Captivating,Hebrew
Rivy,F,River,French
Riyad,M,Garden,Arabic
Rizpah,F,Hope,Greek
Ro,M,Famous soldier,Spanish
Ro,M,Red haired,Anglo-Saxon
Roald,M,"Fame, Power",Teutonic
Roald,M,Famous leader,German
Roan,M,From the rowan tree,English
Roan,M,Red haired,Gaelic
Roan,F,Red haired,Gaelic
Roana,F,Reddish brown skin,Spanish
Roane,M,Red haired,Irish
Roanee,F,Rose,Greek
Roanee,F,Rose,Latin
Roanna,F,Rose,Greek
Roanna,F,Rose,Latin
Roano,M,Reddish brown skin,Spanish
Roark,M,Famous ruler,Irish
Roarke,M,Famous ruler,Gaelic
Rob,M,"Bright, Famous",English
Rob,M,"Bright, Famous",French
Rob,M,"Bright, Famous",German
Rob Roy,M,Red Rob,Scottish
Robb,M,"Bright, Famous",English
Robb,M,"Bright, Famous",French
Robb,M,"Bright, Famous",German
Robben,M,"Bright, Famous",English
Robbie,M,"Bright, Famous",English
Robbie,M,"Bright, Famous",French
Robbie,M,"Bright, Famous",German
Robbin,M,"Bright, Famous",English
Robbin,F,"Bright, Famous",English
Robbins,M,"Bright, Famous",English
Robby,M,"Bright, Famous",English
Robby,M,"Bright, Famous",French
Robby,M,"Bright, Famous",German
Robena,F,Robin,Scottish
Rober,M,"Bright, Famous",English
Robert,M,"Bright, Famous",English
Robert,M,"Bright, Famous",French
Robert,M,"Bright, Famous",German
Robert,M,"Bright, Famous",Scottish
Roberta,F,"Bright, Famous",English
Robertia,F,"Bright, Famous",English
Roberto,M,"Bright, Famous",English
Roberto,M,"Bright, Famous",Spanish
Robertson,M,"Bright, Famous",English
Robertson,M,Son of Robert,Scottish
Robey,M,"Bright, Famous",English
Robi,M,Shining with fame,Hungarian
Robin,M,Appeared in Merry Wives of Windsor,Shakespearian
Robin,M,"Bright, Famous",English
Robin,F,"Bright, Famous",English
Robin Goodfellow (Puck),M,Appeared in Midsummer Night's Dream,Shakespearian
Robina,F,"Bright, Famous",English
Robina,F,Robin,Scottish
Robinetta,F,Small robin,French
Robinette,F,"Bright, Famous",English
Robinette,F,Small robin,French
Robinson,M,"Bright, Famous",English
Robyn,F,"Bright, Famous",English
Rocco,M,Powerful ruler,English
Rocco,M,Powerful ruler,French
Rocco,M,Powerful ruler,German
Rocco,M,Rest,Italian
Roch,M,Glory,German
Roch,M,Rock,French
Roch,F,Glory,German
Rochan,M,"Red lotus, Bright",Indian
Roche,M,Rock,French
Roche,M,Rock fortress,English
Rochella,F,From the little rock,French
Rochelle,F,From the little rock,French
Rochester,M,Rock fortress,English
Rochette,F,From the little rock,French
Rocho,M,Rock fortress,English
Rocio,F,Dew drops,Spanish
Rock,M,Rock,English
Rocke,M,Rock,French
Rocker,M,Rock fortress,English
Rockford,M,Rock,English
Rockland,M,Rock,English
Rockley,M,Rock fortress,English
Rockne,M,Rock fortress,English
Rockwell,M,Rock,English
Rocky,M,Rock,English
Rod,M,Famous ruler,English
Rod,M,Famous ruler,German
Rodas,M,Rose,Spanish
Rodd,M,Famous ruler,English
Rodd,M,Famous ruler,German
Roddric,M,Famous ruler,English
Roddric,M,Famous ruler,German
Roddrick,M,Famous ruler,English
Roddrick,M,Famous ruler,German
Roddy,M,Famous ruler,English
Roddy,M,Famous ruler,German
Rodel,M,Famous ruler,French
Rodell,M,Famous ruler,French
Roderic,M,Famous ruler,English
Roderic,M,Famous ruler,German
Roderica,F,Famous ruler,German
Roderich,M,Famous ruler,German
Roderick,M,Famous ruler,English
Roderick,M,Famous ruler,German
Roderiga,F,Famous ruler,Spanish
Roderigo,M,Appeared in Othello,Shakespearian
Roderigo,M,Famous ruler,Spanish
Roderik,M,Famous ruler,English
Roderik,M,Famous ruler,German
Roderika,F,Famous ruler,German
Rodes,M,Lives near the crucifix,English
Rodger,M,Famous spearman,German
Rodgers,M,Famous spearman,German
Rodhlann,M,Famous soldier,German
Rodie,F,Rose,Greek
Rodiger,M,Famous spearman,German
Rodman,M,Famous ruler,English
Rodman,M,Famous ruler,German
Rodmond,M,Famous ruler,German
Rodney,M,Famous ruler,English
Rodney,M,Famous ruler,German
Rodolf,M,Wolf,German
Rodolfo,M,Famous wolf,Spanish
Rodolfo,M,Wolf,German
Rodolphe,M,Wolf,German
Rodor,M,Sky,Anglo-Saxon
Rodric,M,Famous ruler,Scottish
Rodrick,M,Famous ruler,German
Rodrick,M,Famous ruler,Scottish
Rodrigo,M,Famous ruler,German
Rodrigo,M,Famous ruler,Spanish
Rodrigue,M,Famous ruler,German
Rodrik,M,Famous ruler,German
Rodwell,M,Lives by the spring near the road,English
Roe,M,Deer,English
Roe,M,Red haired,Anglo-Saxon
Roe,F,Rose,Greek
Roel,M,"Rock, Stone",French
Roesia,F,Rose,French
Rog,M,Famous spearman,German
Rogan,M,Red haired,Gaelic
Rogan,M,Red haired,Irish
Rogan,F,Red haired,Gaelic
Rogelio,M,Famous soldier,Spanish
Roger,M,Famous spearman,English
Roger,M,Famous spearman,German
Rogerio,M,Famous spearman,German
Rogers,M,Famous spearman,German
Rohais,F,Rose,French
Rohan,M,Red haired,Irish
Rohana,F,Sandal wood,Indian
Rohini,F,Star,Indian
Rohit,M,Red,Indian
Roi,M,King,French
Roi,M,King,Latin
Roial,F,Regal,French
Roibeard,M,Robin,Irish
Roibin,M,Robin,Irish
Rois,F,Horse,Irish
Rois,F,Rose,Greek
Rois,F,Rose,Latin
Roisine,F,Rose,Polish
Roland,M,Famous soldier,English
Roland,M,Famous soldier,French
Roland,M,Famous soldier,German
Rolanda,F,Famous soldier,German
Rolande,F,Famous soldier,German
Rolando,M,Famous soldier,English
Rolando,M,Famous soldier,French
Rolando,M,Famous soldier,German
Roldan,M,Famous soldier,Spanish
Roldan,M,"Powerful, Mighty",English
Roldana,F,Famous soldier,Spanish
Rolf,M,Wolf,English
Rolf,M,Wolf,German
Rolf,M,Wolf,Scandinavian
Rolfe,M,Red wolf,English
Rollan,M,Famous soldier,English
Rollan,M,Famous soldier,French
Rollan,M,Famous soldier,German
Rolland,M,Famous soldier,English
Rolland,M,Famous soldier,French
Rolland,M,Famous soldier,German
Rollie,M,Famous soldier,English
Rollie,M,Famous soldier,French
Rollie,M,Famous soldier,German
Rollin,M,Famous soldier,German
Rollins,M,Famous soldier,German
Rollo,M,Famous soldier,English
Rollo,M,Famous soldier,French
Rollo,M,Famous soldier,German
Rolly,M,Famous soldier,German
Rolph,M,Wolf,English
Rolph,M,Wolf,German
Rolt,M,Famous soldier,German
Roma,F,From Rome,Italian
Roma,F,Lakshmi,Indian
Romain,M,From Rome,French
Romain,M,Pilgrim to Rome,Italian
Romaine,F,From Rome,French
Roman,M,From Rome,Spanish
Roman,M,Pilgrim to Rome,Italian
Romana,F,From Rome,French
Romana,F,From Rome,Italian
Romana,F,From Rome,Spanish
Romano,M,From Rome,Spanish
Rome,M,Pilgrim to Rome,Italian
Romeo,M,Appeared in Romeo & Juliet,Shakespearian
Romeo,M,From Rome,Spanish
Romeo,M,Pilgrim to Rome,Italian
Romhild,F,Glorious battle maiden,German
Romhilda,F,Glorious battle maiden,German
Romhilde,F,Glorious battle maiden,German
Romilda,F,Glorious battle maiden,German
Romilde,F,Glorious battle maiden,German
Romney,M,From Romney,English
Romy,F,From Rome,Italian
Ron,M,"Powerful, Rules with counsel",English
Ron,M,"Powerful, Rules with counsel",Norse
Ron,M,Song,Hebrew
Ron,F,True image,Latin
Rona,F,"Covenant, Oath",Gaelic
Rona,F,My joy,Hebrew
Ronal,M,"Powerful, Rules with counsel",English
Ronald,M,"Powerful, Rules with counsel",English
Ronald,M,"Powerful, Rules with counsel",Norse
Ronald,M,"Powerful, Rules with counsel",Scottish
Ronalda,F,"Powerful, Rules with counsel",Norse
Ronaldo,M,"Powerful, Rules with counsel",Spanish
Ronan,M,An oath,Celtic
Ronan,M,Little seal,Irish
Ronan,M,"Powerful, Rules with counsel",Norse
Ronat,F,Seal,Celtic
Ronell,M,"Powerful, Rules with counsel",English
Rongo,M,God of rain and fertility,Maori
Rongo,M,God of rain and fertility,Polynesian
Roni,M,Joyous song,Hebrew
Ronia,F,My joy,Hebrew
Ronica,F,True image,Latin
Ronin,M,Samurai without a master,Japanese
Ronit,M,Song,Hebrew
Ronli,F,My joy,Hebrew
Ronn,M,"Powerful, Rules with counsel",English
Ronnell,M,"Powerful, Rules with counsel",English
Ronnie,M,"Powerful, Rules with counsel",English
Ronnie,M,"Powerful, Rules with counsel",Norse
Ronnie,F,True image,Latin
Ronny,M,"Powerful, Rules with counsel",English
Ronny,M,"Powerful, Rules with counsel",Norse
Ronson,M,Son of Ronald,English
Rook,M,Raven,English
Roon,M,Red haired,Gaelic
Roone,M,Red haired,Gaelic
Rooney,M,Hero,Irish
Rooney,M,Red haired,Gaelic
Roosevelt,M,Field of roses,Dutch
Roper,M,Maker of rope,English
Roque,M,Rock,Spanish
Rorey,M,Red,Irish
Roric,M,Red king,Gaelic
Rorke,M,Famous ruler,Gaelic
Rorke,M,Famous ruler,Irish
Rorry,M,Red,Irish
Rory,M,Famous ruler,German
Rory,M,Red,Irish
Rory,M,Red king,Gaelic
Ros,M,From the peninsula,Scottish
Rosa,F,Noted protector,German
Rosa,F,Rose,Greek
Rosa,F,Rose,Latin
Rosa,F,Rose,Spanish
Rosabell,F,Rose,Greek
Rosabell,F,Rose,Latin
Rosalee,F,Rose,Greek
Rosalee,F,Rose,Latin
Rosaleen,F,Rose,Greek
Rosaleen,F,Rose,Latin
Rosalia,F,Rose,Greek
Rosalia,F,Rose,Latin
Rosalie,F,Rose,Greek
Rosalie,F,Rose,Latin
Rosalind,F,Appeared in As You Like It,Shakespearian
Rosalind,F,Little red-haired one,French
Rosalind,F,Pretty rose,Spanish
Rosalinda,F,Little red-haired one,French
Rosalinda,F,Pretty rose,Spanish
Rosalinde,F,Beautiful,Spanish
Rosalinde,F,Little red-haired one,French
Rosaline,F,Appeared in Romeo & Juliet,Shakespearian
Rosaline,F,Pretty rose,Spanish
Rosalyn,F,Little red-haired one,French
Rosalyn,F,Pretty rose,Spanish
Rosalynda,F,Little red-haired one,French
Rosamaria,F,Bitter,Spanish
Rosamonde,F,Rose,French
Rosamund,F,Noted protector,German
Rosamund,F,Rose,Greek
Rosamund,F,Rose,Latin
Rosana,F,Graceful rose,Hebrew
Rosanna,F,Gracious rose,Latin
Rosanne,F,Graceful rose,Hebrew
Rosanne,F,Gracious rose,Latin
Rosario,M,Rosary. Refers to devotional prayers honoring Mary.,Spanish
Rosario,F,Beautiful,Spanish
Rosco,M,Heathland of the roe deer,English
Roscoe,M,From the deer forest,Norse
Roscoe,M,Heathland of the roe deer,English
Rose,M,Rose,Scottish
Rose,F,Rose,French
Rose,F,Rose,Greek
Rose,F,Rose,Latin
Rose,F,Rose,Scottish
Rose-Lyn,F,Pretty rose,Spanish
Rose-Lynn,F,Little red-haired one,French
Rosebud,F,Rose,Greek
Rosebud,F,Rose,Latin
Roselin,M,Red haired,French
Roseline,F,Pretty rose,Spanish
Rosella,F,Rose,Greek
Rosella,F,Rose,Latin
Roselle,F,Rose,Greek
Roselle,F,Rose,Latin
Rosellen,F,Rose,Greek
Rosellen,F,Rose,Latin
Roselyn,M,Red haired,French
Roselyn,F,Pretty rose,Spanish
Rosemaria,F,Bitter,French
Rosemarie,F,Bitter,French
Rosemarie,F,Bitter,Spanish
Rosemarie,F,Rose,Greek
Rosemarie,F,Rose,Latin
Rosemary,F,Rose,Greek
Rosemary,F,Rose,Latin
Rosemonde,F,Noted protector,German
Rosemonde,F,Rose,Greek
Rosemonde,F,Rose,Latin
Rosemunda,F,Noted protector,German
Rosena,F,Rose,Greek
Rosena,F,Rose,Latin
Rosencrantz,M,Appeared in Hamlet,Shakespearian
Rosetta,F,Rose,Greek
Rosetta,F,Rose,Latin
Rosette,F,Rose,Greek
Rosette,F,Rose,Latin
Rosey,M,Field of roses,Dutch
Rosey,F,Pretty rose,Spanish
Rosey,F,Rose,Greek
Rosey,F,Rose,Latin
Roshan,F,Bright,Indian
Roshni,F,Light,Indian
Rosie,M,Field of roses,Dutch
Rosie,F,Rose,Greek
Rosie,F,Rose,Latin
Rosilind,F,Pretty rose,Spanish
Rosina,F,Rose,Greek
Rosina,F,Rose,Latin
Rosita,F,Rose,Greek
Rosita,F,Rose,Latin
Rosiyn,M,Red haired,French
Rosiyn,F,Beautiful,Spanish
Roslin,M,Red haired,French
Roslin,F,Little red-haired one,French
Roslin,F,Pretty rose,Spanish
Roslin,F,Rose,Greek
Roslin,F,Rose,Latin
Rosly,F,Rose,Greek
Rosly,F,Rose,Latin
Roslyn,F,Little red-haired one,French
Rosmund,F,Rose,Greek
Rosmund,F,Rose,Latin
Ross,M,Appeared in Macbeth,Shakespearian
Ross,M,From the peninsula,Anglo-Saxon
Ross,M,From the peninsula,Scottish
Ross,M,Red,German
Rossano,M,From the peninsula,Anglo-Saxon
Rossano,M,From the peninsula,Scottish
Rosselin,M,Red haired,French
Rosselin,F,Little red-haired one,French
Rosselyn,M,Red haired,French
Rossiter,M,Red,German
Rossiter,M,Red,Scottish
Rosston,M,Red,German
Rosston,M,Red,Scottish
Rosswald,M,Mighty Horseman,German
Roswald,M,From the peninsula,Anglo-Saxon
Roswald,M,From the peninsula,Scottish
Roswald,M,Mighty Horseman,German
Roswalt,M,Mighty Horseman,German
Roswell,M,Mighty Horseman,German
Roth,M,Red,Scottish
Roth,M,Red haired,German
Rourke,M,Clan name,Irish
Rourke,M,Famous ruler,Gaelic
Rousse,M,Red haired,French
Roussel,M,Reddish,French
Rousset,M,Red haired,French
Rousskin,M,Red haired,French
Rouvin,M,Behold - a son,Hebrew
Roux,F,Red,French
Rover,M,Wanderer,English
Rovere,M,Wanderer,English
Row,M,Deer,English
Row,M,Red haired,Anglo-Saxon
Rowan,M,From the rowan tree,English
Rowan,M,Red haired,Gaelic
Rowan,M,Red haired,Irish
Rowana,F,From the rowan tree,English
Rowana,F,Red haired,Gaelic
Rowdy,M,Boisterous,English
Rowe,M,Famous soldier,German
Rowe,M,From the rowan tree,English
Rowe,M,Red haired,Anglo-Saxon
Rowe,M,Red haired,Gaelic
Rowe,M,Red haired,Irish
Rowell,M,From the rowan tree,English
Rowell,M,Red haired,Gaelic
Rowen,M,From the rowan tree,English
Rowen,M,Red haired,Gaelic
Rowen,M,Red haired,Irish
Rowena,F,From the rowan tree,English
Rowena,F,Red haired,Gaelic
Rowena,F,White,Celtic
Rowena,F,White haired,Anglo-Saxon
Roweson,M,Rowe's son,Anglo-Saxon
Rowin,M,Red haired,Irish
Rowland,M,Famous soldier,English
Rowland,M,Famous soldier,French
Rowland,M,Famous soldier,German
Rowley,M,From the rowan tree,English
Rowley,M,Red haired,Gaelic
Rowson,M,From the rowan tree,English
Rowson,M,Red haired,Gaelic
Rowson,M,Rowe's son,Anglo-Saxon
Rowtag,M,Fire (Algonquin),Native American
Rowyn,M,Red haired,Irish
Rox,F,Brilliant,Persian
Roxana,F,Brilliant,Persian
Roxane,F,Brilliant,Persian
Roxane,F,Dawn,French
Roxann,F,Brilliant,Persian
Roxanna,F,Brilliant,Persian
Roxanne,F,Brilliant,Persian
Roxanne,F,Dawn,French
Roxbury,M,From the raven's fortress,English
Roxie,F,Brilliant,Persian
Roxy,F,Brilliant,Persian
Roy,M,Red,Gaelic
Roy,M,Red,Scottish
Roy,M,Red haired,Celtic
Roy,M,The king,French
Royal,M,Noble one,French
Royal,M,Red,Scottish
Royale,M,Noble one,French
Royale,F,Noble one,French
Royall,M,Noble one,French
Royall,M,Red,Scottish
Royan,M,Red haired,Irish
Royce,M,Famous,German
Royce,M,Royal,English
Royce,M,Son of Roy,French
Royden,M,From the king's hill,French
Royden,M,From the royal hill,English
Royns,M,A Welsh king,Arthurian Legend
Royse,M,Royal,English
Roz,F,Rose,Greek
Roz,F,Rose,Latin
Rozamund,F,Rose,Greek
Rozamund,F,Rose,Latin
Rozene,F,Rose,Native American
Rozmonda,F,Noted protector,German
Rozomund,F,Noted protector,German
Rozsi,F,Rose,Greek
Rozsi,F,Rose,Latin
Ruadhagan,M,Red haired,Irish
Ruadhan,M,"Name of a saint, Red haired",Irish
Ruadson,M,Rowe's son,Anglo-Saxon
Ruaidhri,M,Famous ruler,Irish
Ruaidhri,M,Red king,Gaelic
Ruanaidh,M,Hero,Irish
Ruarc,M,Famous ruler,Irish
Ruark,M,Famous ruler,Gaelic
Ruark,M,Famous ruler,Irish
Rube,M,Behold - a son,Hebrew
Rubee,F,"Jewel, Red gem",French
Ruben,M,Behold - a son,Hebrew
Ruben,M,Behold - a son,Spanish
Rubert,M,"Bright, Famous",English
Rubia,F,"Jewel, Red gem",French
Rubie,F,"Jewel, Red gem",French
Rubin,M,Behold - a son,Hebrew
Rubina,F,"Jewel, Red gem",French
Ruby,F,"Jewel, Red gem",French
Ruchi,F,Taste,Indian
Ruchira,F,Tasty,Indian
Ruck,M,Raven,English
Rudd,M,Ruddy colored,English
Ruddy,M,Ruddy colored,English
Rudella,F,Famous,German
Rudelle,F,Famous,German
Rudi,M,Wolf,German
Rudie,M,Wolf,German
Rudiger,M,Famous spearman,German
Rudolf,M,Wolf,German
Rudolph,M,Wolf,German
Rudrani,F,A wife of Shiva,Indian
Rudy,M,From the rough enclosure,English
Rudy,M,Wolf,German
Rudyard,M,From the rough enclosure,English
Rue,F,A herb name,Latin
Rue,F,Regret,Greek
Rueban,M,Behold - a son,Hebrew
Ruelle,M,Famous wolf,French
Rufa,F,Red haired,Spanish
Rufe,M,Red haired,Latin
Ruff,M,Red haired,French
Ruff,M,Red haired,Latin
Ruffe,M,Red haired,French
Rufford,M,From the red ford,English
Rufford,M,Red haired,Latin
Rufina,F,Red haired,Spanish
Rufio,M,Red haired,Spanish
Rufo,M,Red haired,Spanish
Ruford,M,From the red ford,English
Rufus,M,Red haired,English
Rufus,M,Red haired,Latin
Rugby,M,Appeared in Merry Wives of Windsor,Shakespearian
Rugby,M,From the raven's estate,English
Ruggiero,M,Famous spearman,German
Ruhdugeard,M,From the rough enclosure,English
Ruhleah,M,From the rough meadow,English
Rui,M,Regal,French
Rujul,M,"Simple, Honest",Indian
Rujula,F,"Who endows wealth, Lakshmi, Soft",Indian
Rujuta,F,"Honesty, Sincerity",Indian
Rukmini,F,Wife of Krishna,Indian
Rule,M,Famous wolf,French
Rumer,F,Gypsy,English
Rumford,M,From the wide ford,English
Rumiko,F,Child of Rumi,Japanese
Runa,F,Secret lore,Scandinavian
Runako,M,Handsome,African
Rune,M,A rune,English
Rune,M,Red haired,Gaelic
Rune,M,Secret,German
Ruodrik,M,Famous ruler,German
Ruomhildi,F,Glorious battle maiden,German
Rupa,F,Beautiful,Indian
Rupak,M,"Sign, Feature",Indian
Rupali,F,"Beautiful, Attractive",Indian
Rupert,M,"Bright, Famous",English
Rupert,M,"Bright, Famous",German
Ruperta,F,"Bright, Famous",English
Rupesh,M,Lord of beauty,Indian
Rupetta,F,Famous,German
Rupette,F,Famous,German
Ruphus,M,Red haired,Latin
Rupin,M,Embodied beauty,Indian
Ruprecht,M,"Bright, Famous",German
Rurik,M,Red king,Gaelic
Rush,M,Red haired,English
Rush,M,Red haired,French
Rushe,M,Red haired,French
Rushford,M,Lives near the rush ford,English
Rushkin,M,Red haired,French
Rusk,M,Red haired,French
Ruskin,M,Red haired,French
Russ,M,Red haired,English
Russ,M,Red haired,French
Russel,M,Red haired,English
Russel,M,Red haired,French
Russell,M,Fox,Anglo-Saxon
Russell,M,Red haired,English
Russell,M,Reddish,French
Rust,M,Red haired,French
Rusti,M,Red haired,English
Rusti,M,Red haired,French
Rusty,M,Red haired,English
Rusty,M,Red haired,French
Ruta,F,Friend,Hebrew
Rutajit,M,Conqueror of truth,Indian
Rutger,M,Famous spearman,German
Ruth,F,Compassionate friend,Hebrew
Ruthanne,F,Compassionate friend,Hebrew
Rutherford,M,From the cattle ford,English
Ruthie,F,Compassionate friend,Hebrew
Ruthren,M,From the cattle ford,English
Rutledge,M,From the red pool,English
Rutley,M,From the root meadow,English
Rutujit,M,Conqueror of seasons,Indian
Ryan,M,Kingly,Irish
Ryan,M,Little king,Gaelic
Ryan,F,Little king,Gaelic
Ryanne,M,Little king,Gaelic
Ryanne,F,Little king,Gaelic
Ryba,F,Fish,Czech
Ryce,M,Powerful,Anglo-Saxon
Rycroft,M,Dweller in the rye field,English
Ryder,M,Horseman,English
Rydge,M,From the ridge,English
Rye,M,Island meadow,English
Rye,M,Island meadow,Irish
Ryen,M,Kingly,Irish
Ryen,M,Little king,Gaelic
Ryen,F,Little king,Gaelic
Ryence,M,A Welsh king,Arthurian Legend
Ryesen,F,Rye,English
Rygecroft,M,From the rye field,English
Rygeland,M,From the rye land,English
Rygemann,M,Rye merchant,English
Rylan,M,Dweller in the rye field,English
Rylan,M,Island meadow,Irish
Ryland,M,Dweller in the rye field,English
Ryland,M,Island meadow,Irish
Ryle,M,Dweller in the rye field,English
Ryleigh,M,Island meadow,English
Ryleigh,M,Island meadow,Irish
Ryley,M,Island meadow,English
Ryley,M,Island meadow,Irish
Ryley,M,Valiant,Gaelic
Ryley,F,Valiant,Gaelic
Ryman,M,Dweller in the rye field,English
Ryoichi,M,First son of Ryo,Japanese
Ryoko,F,Child of Ryo,Japanese
Ryon,M,Kingly,Irish
Ryons,M,A Welsh king,Arthurian Legend
Ryozo,M,Third son of Ryo,Japanese
Rypan,M,Plunders,Anglo-Saxon
Rypley,M,Dweller in the noisy meadow,English
Rysc,M,Rush,English
Ryscford,M,Lives near the rush ford,English
Ryszard,M,Powerful ruler,German
Ryton,M,Dweller in the rye field,English
Ryuichi,M,First son of Ryu,Japanese
Róbert,M,"Bright, Famous",English
Rüdiger,M,Famous spearman,German
Sa,F,"Sky, Skye",Arabic
Saada,F,Help,African
Saadya,M,God's helper,Hebrew
Saba,F,Woman of Sheba,Greek
Sabana,F,From the open plain,Spanish
Sabel,F,Devoted to God,Spanish
Saber,M,Sword,French
Sabih,M,Handsome,Arabic
Sabina,F,A Sabine,Spanish
Sabina,F,Sabine woman,Latin
Sabine,F,Sabine woman,Latin
Sabino,M,A Sabine,Spanish
Sabiny,F,Sabine woman,Latin
Sabir,M,Patience,Arabic
Sabirah,F,Patience,Arabic
Sabola,M,"Prophetess, Fortune-teller",African
Sabra,F,Thorny cactus,Arabic
Sabra,F,To rest,Hebrew
Sabrena,F,From the border land,Latin
Sabrina,F,From the border land,Latin
Sabrina,F,Legendary princess,English
Sabse,F,Sabine woman,Latin
Sacha,M,Protector of mankind,Greek
Sacha,M,Protector of mankind,Russian
Sachchit,M,"Truth, Consciousness",Indian
Sachetan,M,Rational,Indian
Sachi,F,Bliss-child,Japanese
Sachi,F,Wife of Indra,Indian
Sachiel,M,Angel of water,Hebrew
Sachiko,F,"Bliss, Child of Sachi",Japanese
Sachita,F,Consciousness,Indian
Sadanand,M,Ever joyous,Indian
Sadbh,F,Good,Irish
Sade,F,Honor confers a crown,African
Sadey,F,Princess,Hebrew
Sadhana,F,"Long practice/study, Fulfilment",Indian
Sadhbba,F,Wise,Irish
Sadhbh,F,Wisdom,Greek
Sadhbh,F,Wise,Irish
Sadie,F,Princess,Hebrew
Sadio,F,Pure,African
Sadiq,M,Friend,Arabic
Sadira,F,Ostrich running from water,Arabic
Saebeorht,M,Glory at sea,English
Saeger,M,Seaman,English
Saeko,F,Child of Sae,Japanese
Saelac,M,Blessed,German
Saelig,M,From the happy meadow,English
Saewald,M,Sea powerful,English
Saeweard,M,Sea guardian,English
Safa,F,Innocent,Arabic
Saffi,F,Wisdom,Danish
Safford,M,From the willow ford,English
Safia,F,"Pure, Wise, Lion's share",African
Safiwah,F,Tranquil,Arabic
Safiya,F,"Pure, Wise, Lion's share",African
Safiyeh,F,"Pure, Wise, Lion's share",African
Safiyyah,F,"Pure, Wise, Lion's share",African
Sagar,M,"Sea, Ocean",Indian
Sagar,M,Wise one,English
Sagara,F,"Ocean, Sea",Indian
Sage,M,Wise one,English
Sage,M,Wise one,French
Saghir,M,Short,Arabic
Sagirah,F,Little one,Arabic
Sagiv,M,"Mighty, With strength",Hebrew
Sagramour,M,A knight,Arthurian Legend
Sagremor,M,A knight,Arthurian Legend
Saguna,F,Virtuous,Indian
Sahadev,M,Prince,Indian
Sahale,M,Falcon,Native American
Sahana,F,Patience,Indian
Sahar,F,Awakening,Arabic
Sahara,F,The moon,Arabic
Saheli,F,Friend,Indian
Sahen,M,Falcon,Indian
Sahib,M,Sir,Indian
Sahiba,F,A lady,Indian
Sahila,F,Guide,Indian
Sahir,M,Wakeful,Arabic
Saida,F,Fortunate,Arabic
Saida,F,Helper,African
Saidah,F,Fortunate,Arabic
Saidah,F,"Happy, Lucky",African
Saidhbhin,F,Sabine woman,Latin
Sairne,F,Princess,Hebrew
Sajili,F,Decorated,Indian
Sajni,F,Beloved,Indian
Sak,M,Royalty,Arabic
Sakari,F,Sweet,Native American
Sakeri,M,Remembered by God,Hebrew
Sakhi,F,Friend,Indian
Sakiko,F,Child of Saki,Japanese
Sakima,M,King,Native American
Sakina,F,Friend,Indian
Sakina,F,"God-inspired peace-of-mind, Tranquility",Arabic
Sakinah,F,"God-inspired peace-of-mind, Tranquility",Arabic
Sakti,F,"Energy, Goodness",Indian
Sakuko,F,Child of Saku,Japanese
Sakura,F,Cherry blossoms,Japanese
Sakurako,F,Child of Sakura,Japanese
Sal,M,Saviour,Spanish
Sal,F,Saviour,Spanish
Salaidh,F,Saviour,Spanish
Salal,F,Plant,English
Salali,F,Squirrel (Cherokee),Native American
Salama,F,"Peace, Safety",African
Salamon,M,Peaceful,Hebrew
Salbatora,F,Saviour,Spanish
Salbatore,M,Saviour,Spanish
Saleem,M,Peaceful,Arabic
Saleena,F,By the salt water,Latin
Saleena,F,Solemn,French
Salem,M,Peace,Arabic
Salem,M,Peace,Hebrew
Salford,M,From the willow ford,English
Salhdene,M,From the willow valley,English
Salhford,M,From the willow ford,English
Salhtun,M,Lives near the willow farm,English
Salihah,F,Correct,African
Salila,F,Water,Indian
Salim,M,Peace,African
Salim,M,Peace,Arabic
Salimah,F,"Safe, Healthy",Arabic
Salina,F,By the salt water,Latin
Salina,F,Solemn,French
Salli,F,Saviour,Spanish
Sallie,F,Princess,Hebrew
Sallie,F,Saviour,Spanish
Sallsbury,M,From the fortified keep,English
Sally,F,Heavenly,Latin
Sally,F,Princess,Hebrew
Sally,F,Saviour,Spanish
Sallye,F,Saviour,Spanish
Salma,F,"Peace, Safety",African
Salman,M,"Protector, Conqueror",Arabic
Salmon,M,Peaceful,Hebrew
Saloma,F,Peace,Hebrew
Saloman,M,Peaceful,Hebrew
Salome,M,"Peace, Tranquility",Arabic
Salome,F,Peace,Hebrew
Salome,F,"Peace, Tranquility",Arabic
Salomeaexl,F,Tranquil,Hebrew
Salomi,M,Peaceful,Hebrew
Salomon,M,Peaceful,Hebrew
Salomon,M,Peaceful,Spanish
Saloni,F,"Dear, Beautiful",Indian
Salton,M,Lives near the willow farm,English
Salva,F,"Solace, Comfort",Arabic
Salvador,M,Saviour,Spanish
Salvadora,F,Saviour,Spanish
Salvadore,M,Saviour,Spanish
Salvatora,F,Saviour,Spanish
Salvatore,M,Saviour,Spanish
Salvino,M,Saviour,Spanish
Salwa,F,"Solace, Comfort",Arabic
Sam,M,Asked of God,Hebrew
Samantha,F,Listens well,Hebrew
Samar,F,Summer season,Arabic
Samara,F,Protected by God,Hebrew
Samarjit,M,Victorious in war,Indian
Sameh,F,Forgiver,Arabic
Samella,F,Asked of God,Hebrew
Samelle,M,Asked of God,Hebrew
Sami,M,All hearing,Arabic
Samien,M,To be heard,Arabic
Samiksha,F,Analysis,Indian
Samir,M,Wind,Indian
Samirah,F,Entertaining companion,Arabic
Samm,F,"Sky, Skye",Arabic
Samma,F,"Sky, Skye",Arabic
Samman,M,Grocer,Arabic
Sammi,F,Listens well,Hebrew
Sammie,M,Asked of God,Hebrew
Sammon,M,Grocer,Arabic
Sammy,M,Asked of God,Hebrew
Sammy,F,Listens well,Hebrew
Samoel,M,Name of God,Hebrew
Sampriti,F,Attachment,Indian
Sampson,M,Appeared in Romeo & Juliet,Shakespearian
Sampson,M,Asked of God,Hebrew
Samrat,M,Emperor,Indian
Samson,M,Asked of God,Hebrew
Samudra,M,"Sea, Ocean",Indian
Samuel,M,Asked of God,Hebrew
Samuela,F,Asked of God,Hebrew
Samuele,M,Asked of God,Hebrew
Samuella,F,Asked of God,Hebrew
Samuelson,M,Asked of God,Hebrew
Sanako,F,Child of Sana,Japanese
Sanborn,M,Dweller at the sandy ford,English
Sanbourne,M,From the sandy brook,English
Sancha,F,Holy,Spanish
Sanchay,F,Collection,Indian
Sancho,M,Saint,Spanish
Sancia,F,Holy,Latin
Sancia,F,Holy,Spanish
Sanda,M,Moon,Burmese
Sanda,F,Moon,Burmese
Sandeep,M,A lighted lamp,Indian
Sander,M,Alexander's son,English
Sander,M,Protector of mankind,Greek
Sanders,M,Alexander's son,English
Sanders,M,Protector of mankind,Greek
Sanderson,M,Alexander's son,English
Sandford,M,Dweller at the sandy ford,English
Sandhaya,F,Collection,Indian
Sandhya,F,Collection,Indian
Sandi,M,Moon,Burmese
Sandi,F,Moon,Burmese
Sandia,F,Watermelon,Spanish
Sandie,M,Protector of mankind,Greek
Sandon,M,From the sandy hill,English
Sandor,M,Protector of mankind,Greek
Sandor,M,Protector of mankind,Hungarian
Sandra,F,Protector of mankind,English
Sandra,F,Protector of mankind,Greek
Sandrine,F,Protector of mankind,Greek
Sandro,M,Protector of mankind,Greek
Sands,M,Alexander's son,English
Sandy,M,Dweller at the sandy ford,English
Sandy,M,Protector of mankind,Greek
Sandy,M,Protector of mankind,Scottish
Sandy,F,Protector of mankind,Greek
Sandya,F,"Sunset time, Name of a God",Indian
Sanersone,M,Alexander's son,English
Sanford,M,Dweller at the sandy ford,English
Sangita,F,Music,Indian
Sani,M,The old one (Navajo),Native American
Sanie,F,Protector of mankind,Greek
Sanjna,F,Wife of the Sun,Indian
Sanjog,M,Coincidence,Indian
Sanjukta,F,Union,Indian
Sanjula,F,Beautiful,Indian
Sanjushree,F,Beautiful,Indian
Sankara,M,Shiva,Indian
Sanson,M,Asked of God,Hebrew
Sansone,M,"Like the sun, His ministry",Hebrew
Santi,M,Supplanter,Spanish
Santiago,M,Supplanter,Spanish
Santo,M,A saint,Italian
Santon,M,From the sandy farm,English
Santos,M,A saint,Italian
Santos,M,Saint,Spanish
Santosh,M,Happiness,Indian
Sanura,F,Kitten-like,African
Sanyukta,F,Union,Indian
Sapan,M,Dream (Swapna),Indian
Saphala,F,Successful,Indian
Saphira,F,Blue jewel,Greek
Sapna,F,Dream,Indian
Sapphira,F,Beautiful,Hebrew
Sapphira,F,Blue jewel,Greek
Sapphire,F,Beautiful,Hebrew
Sapphire,F,Blue jewel,Greek
Saqr,M,Falcon,Arabic
Sar,M,Pain,Anglo-Saxon
Sara,F,Princess,Arabic
Sara,F,Princess,Hebrew
Sara,F,Princess,Spanish
Sarafina,F,Burning fire,Hebrew
Sarah,F,Princess,Hebrew
Sarai,F,Argumentative,Hebrew
Saraid,F,Excellent,Celtic
Saraid,F,Excellent,Irish
Sarala,F,Simple,Indian
Saran,F,Joyful,African
Sarang,M,Spotted deer,Indian
Sarasa,F,Swan,Indian
Sarasvat,M,Learned,Indian
Sarasvati,F,A goddess of learning,Indian
Saravati,F,River,Indian
Sarea,F,Name of an angel,Hebrew
Saree,F,Most noble,Arabic
Sarene,F,Princess,Hebrew
Sarett,F,Princess,Hebrew
Sarge,M,"Officer, To serve",French
Sargeant,M,"Officer, To serve",French
Sargent,M,"Officer, To serve",French
Sari,F,Princess,Hebrew
Sarika,F,A parrot,Indian
Sarina,F,Princess,Hebrew
Sarine,F,Princess,Hebrew
Sarisha,F,"Charming, Fascinating",Indian
Sarita,F,Princess,Hebrew
Sarita,F,Princess,Spanish
Sarita,F,River,Indian
Sarkis,M,Royalty,Arabic
Sarlic,M,Pain,Anglo-Saxon
Sarmistha,F,A daughter of Vrsaparvan,Indian
Sarngin,M,Name of God Vishnu,Indian
Sarohildi,F,Armored battle maiden,German
Saroja,F,Lotus,Indian
Sarojin,M,Lotus-like,Indian
Sarosh,M,Prayer,Persian
Sarri,F,Princess,Hebrew
Sarrie,F,Princess,Hebrew
Sarsour,M,Bug,Arabic
Sarsoureh,F,Bug,Arabic
Sary,F,Princess,Hebrew
Saryu,F,River Sharayu,Indian
Sascha,M,Protector of mankind,Russian
Sasha,M,Protector of mankind,Greek
Sasha,M,Protector of mankind,Russian
Sasha,F,Protector of mankind,English
Sashenka,F,Protector of mankind,Russian
Sashi,F,Moon,Indian
Sasson,M,Joy,Hebrew
Satayu,M,Brother of Amavasu and Vivasu,Indian
Satinka,F,Magical dancer,Native American
Satish,M,Ruler of hundreds,Indian
Sativola,M,Name of a saint,Celtic
Satoko,F,Child of Sato,Japanese
Satordi,M,Saturn,French
Satruijt,M,A son of Vatsa,Indian
Saturnin,M,Gift of Saturn,Spanish
Saturnina,F,Gift of Saturn,Spanish
Saturninus,M,Appeared in Titus Andronicus,Shakespearian
Satyajit,M,Victory of truth,Indian
Satyamurty,M,Statue of truth,Indian
Satyavati,F,Mother of Vyasa,Indian
Satyavrat,M,One who has taken vow of truth,Indian
Satyendra,M,Lord of truth (Satyen),Indian
Sauda,F,Black skinned,African
Saul,M,Asked of God,Hebrew
Saul,M,Asked of God,Spanish
Sauly,M,Asked of God,Hebrew
Saumya,F,Mild,Indian
Saunak,M,Boy sage,Indian
Saunders,M,Alexander's son,English
Saunderson,M,Alexander's son,English
Saurabh,M,Fragrance,Indian
Saurav,M,"Divine, Celestial",Indian
Sauveur,M,Saviour,Spanish
Sauville,M,From the willow farm,French
Savanna,F,From the open plain,Spanish
Savannah,F,From the open plain,Spanish
Savarna,F,Daughter of the Ocean,Indian
Savea,F,The Swedish Nation,Scandinavian
Saveage,F,Sister of Lyones,Arthurian Legend
Saville,M,From the willow farm,French
Savina,F,Sabine woman,Latin
Savita,F,Sun,Indian
Savitri,F,"A form of the Devi, 4th Sakti",Indian
Sawyer,M,Cuts timber,Celtic
Sawyer,M,Woodman,English
Sawyere,M,Saws wood,English
Sawyers,M,Son of Sawyer,English
Saxan,M,Sword,English
Saxon,M,Sword,English
Saxon,F,Large stone,Latin
Saxon,F,Swordsman,English
Saxona,F,A Saxon,English
Saxonia,F,A Saxon,English
Saxons,F,A Saxon,English
Sayer,M,Carpenter,Welsh
Sayers,M,Carpenter,Welsh
Sayoko,F,Child of Sayo,Japanese
Sayre,M,Carpenter,Welsh
Sayres,M,Carpenter,Welsh
Sayyid,M,Master,Arabic
Sbtinka,F,Magical dancer,Native American
Scadwiella,M,From the shed spring,English
Scaffeld,M,From the crooked field,English
Scand,M,Disgrace,Anglo-Saxon
Scandleah,M,From the loud meadow,English
Scandy,M,Boisterous,English
Scanlan,M,Scandal,Irish
Scanlon,M,Scandal,Irish
Scannalan,M,Scandal,Irish
Scarlet,F,Deep red,English
Scarlett,F,Deep red,English
Scarus,M,Appeared in Antony & Cleopatra,Shakespearian
Scead,M,Shade,Anglo-Saxon
Sceadu,M,Shade,Anglo-Saxon
Sceapleigh,M,From the sheep meadow,English
Sceley,M,From the happy meadow,English
Scelflesh,F,From the edge meadow,English
Scelftun,M,From the ledge farm,English
Sceotend,M,Archer,Anglo-Saxon
Schaddoc,M,Shad fish,English
Schaeffer,M,Steward,German
Schaffer,M,Steward,German
Schamane,M,Holy man,Native American
Schannel,F,Channel,French
Schlomit,F,Tranquil,Hebrew
Schlomo,M,Peaceful,Hebrew
Schmaiah,M,God has heard,Hebrew
Schmetterling,F,Butterfly,German
Schmuel,M,Asked of God,Hebrew
Schuyler,M,"Shield, Scholar",Dutch
Schuyler,F,"Shield, Scholar",Dutch
Sciiti,M,Legendary messenger of Arthur,Celtic
Scirloc,M,Blond,English
Scirwode,M,From the bright forest,English
Sciymgeour,M,Fighter,Scottish
Scolaighe,M,Herald,Irish
Scot,M,"From Scotland, A Gael",English
Scot,M,Wanderer,Scottish
Scota,F,An Irish woman,Latin
Scota,F,Scotland,Irish
Scott,M,"From Scotland, A Gael",English
Scott,M,Wanderer,Scottish
Scottas,M,From Scotland,English
Scottie,M,"From Scotland, A Gael",English
Scottie,M,From Scotland; a Gael. Diminutive of Scott.,Scottish
Scotty,M,"From Scotland, A Gael",English
Scotty,M,From Scotland; a Gael. Diminutive of Scott.,Scottish
Scowyrhta,M,Shoemaker,Anglo-Saxon
Scrydan,M,Clothes,Anglo-Saxon
Scully,M,Herald,Irish
Scully,M,Town crier,Celtic
Scully,M,Town crier,Gaelic
Scur,M,Storm,Anglo-Saxon
Sea,M,Sea-glorious,English
Seabert,M,Glory at sea,English
Seabright,M,Glory at sea,English
Seabroc,M,From the brook by the sea,English
Seabrook,M,From the brook by the sea,English
Seaburt,M,Glory at sea,English
Seabury,M,Sea-glorious,English
Seadon,M,From the hill by the sea,English
Seafra,M,Peace from God,Irish
Seafraid,M,Peace from God,Irish
Seager,M,Seaman,English
Seaghda,M,Majestic,Irish
Sealey,M,From the happy meadow,English
Seamere,M,Tailor,Anglo-Saxon
Seamus,M,Supplanter,Hebrew
Seamus,M,Supplanter,Irish
Sean,M,Gift from God,Irish
Sean,M,God is merciful,Hebrew
Sean,M,God's grace,Celtic
Seana,F,Present,Irish
Seanachan,M,Wise one,Irish
Seanan,M,Gift from God,Hebrew
Seanan,M,Little old wise one,Irish
Seanlaoch,M,Old hero,Irish
Seanna,F,God's grace,Celtic
Searbhreathach,M,Judicious,Irish
Searlait,F,Petite,French
Searlait,F,Strong,Irish
Searlas,M,Manly,French
Searle,M,Manly,French
Searlus,M,Manly,French
Season,F,Planting time,Latin
Seaton,M,From Sai's estate,Anglo-Saxon
Seaton,M,From the town by the sea,English
Seaton,M,From Baron's estate,French
Seaver,M,Fierce stronghold,Anglo-Saxon
Seaward,M,Sea guardian,English
Sebastian,M,"Appeared in The Tempest, Twelfth Night",Shakespearian
Sebastian,M,Revered one,Latin
Sebastiana,F,Revered one,Latin
Sebastiane,F,Revered one,Latin
Sebastianne,F,Revered one,Latin
Sebastiano,M,Revered one,Spanish
Sebastien,M,Revered one,French
Sebastien,M,Revered one,Latin
Sebastiona,F,Revered one,Latin
Seberg,M,Sea-glorious,English
Sebert,M,Glory at sea,English
Sebes,M,Fast,Hungarian
Sebestyén,M,Revered one,Latin
Sebille,F,A fairy,Arthurian Legend
Seble wengel,F,Harvest of the New Testament,African
Secg,M,Swordsman,English
Secgwic,M,From the sword grass place,English
Sedge,M,Swordsman,English
Sedgeley,M,From the swordsman's meadow,English
Sedgewic,M,From the sword grass place,English
Sedgewick,M,From the sword grass place,English
Sedgewik,M,From the sword grass place,English
Seely,M,From the happy meadow,English
Seema,F,"Limit, border",Indian
Seema,F,Symbol,Greek
Seetin,M,From the farm by the sea,English
Seetin,M,From Baron's estate,French
Seeton,M,From the town by the sea,English
Seeton,M,From Baron's estate,French
Seev,F,"Kinship, Wife of Thor",Norwegian
Seff,M,Wolf,Hebrew
Sefton,M,From Sefton,English
Segar,M,Seaman,English
Segelinde,F,Shield of victory,German
Segenam,M,Lazy (Algonquin),Native American
Seger,M,Seaman,English
Segulah,F,Precious,Hebrew
Segunda,F,Born second,Spanish
Segundo,M,Born second,Spanish
Seif,M,Sword of religion,Arabic
Seignour,M,Lord of the manor,French
Seiichi,M,First son of Sei,Japanese
Sein,M,Diamond,Burmese
Sein,M,Innocent,Spanish
Sein,F,Diamond,Burmese
Seina,F,Innocent,Spanish
Seiorse,M,"Farmer, To work the earth",Greek
Seireadan,M,Untamed,Irish
Sekai,F,Laughter,African
Sela,F,Moon,Greek
Sela,F,Rock,Hebrew
Sela,F,Saviour,African
Selam,F,Peace,African
Selamawit,F,She is peaceful,African
Selby,M,From the manor house,English
Selby,F,Of the manor house farm,English
Selda,F,Famous warrior,German
Selden,M,From the willow valley,English
Selden,F,Of the manor house farm,English
Seldon,M,From the willow valley,English
Seldon,F,Of the manor house farm,English
Sele,F,Rock,Hebrew
Seleby,M,From the manor house,English
Selena,F,Moon,Greek
Selene,F,Moon,Greek
Seleta,F,Rock,Hebrew
Seleucus,M,Appeared in Antony & Cleopatra,Shakespearian
Selia,F,Blind,Latin
Selia,F,Moon,Greek
Selig,M,Blessed,German
Selig,M,From the happy meadow,English
Selik,M,Blessed,German
Selim,M,Peace,Arabic
Selima,F,Peace,Arabic
Selima,F,Tranquil,Hebrew
Selin,F,Peace,Arabic
Selina,F,Moon,Greek
Selinda,F,Moon,Greek
Sellie,F,Moon,Greek
Selly,F,Moon,Greek
Selma,F,Comely,Celtic
Selma,F,Divinely protected,Scandinavian
Selvyn,M,Mythological Greek god of trees,English
Selwin,M,Friend at court,Anglo-Saxon
Selwin,M,Good friend,English
Selwin,F,Of the manor house farm,English
Selwine,M,Good friend,English
Selwyn,M,Friend at court,Anglo-Saxon
Selwyn,M,Good friend,English
Selwyn,F,Of the manor house farm,English
Semadar,F,Berry,Hebrew
Semele,F,Once,Latin
Semina,F,"Goddess of sun, moon and stars",Danish
Semine,F,"Goddess of sun, moon and stars",Danish
Semira,F,From heaven,Hebrew
Semjén,M,One who listens,Hebrew
Sempronius,M,"Appeared in Timon of Athens, Titus Andronicus",Shakespearian
Sena,F,Moon,Greek
Senajit,M,Victory over army,Indian
Senalda,F,Sign,Spanish
Senen,M,Gift from God,Hebrew
Sener,M,Fierce stronghold,Anglo-Saxon
Senet,M,Wise,French
Senet,F,Wise one,French
Senichi,M,First son of Sen,Japanese
Senior,M,Lord of the manor,French
Sennet,M,Wise,French
Sennett,F,Wise one,French
Senon,M,Given life by Zeus,Spanish
Senona,F,Lively,Spanish
Senta,F,Assistant,German
Senta,F,Wise one,French
Sente,F,Assistant,German
Seosaimhin,F,Fertile,Irish
Seosaimhthin,F,Fertile,Irish
Seosamh,M,God wiIl multiply,Hebrew
Seosaph,M,God wiIl multiply,Hebrew
Sepp,M,God wiIl multiply,Hebrew
Septima,F,Seventh born,Latin
Septimus,M,Seventh born,Latin
Sera,F,Burning fire,Hebrew
Serafim,M,An angel like being of a lower order,Hebrew
Serafin,M,An angel like being of a lower order,Hebrew
Serafin,M,Seraph,Spanish
Serafina,F,Burning fire,Hebrew
Serafina,F,Seraph,Spanish
Serafine,F,Burning fire,Hebrew
Seraphim,M,An angel like being of a lower order,Hebrew
Seraphim,F,Burning fire,Hebrew
Seraphina,F,Burning fire,Hebrew
Seraphine,F,Burning fire,Hebrew
Serefina,F,Burning fire,Hebrew
Serena,F,"Peaceful one, Calm",Latin
Serena,F,Serene,Spanish
Serene,F,"Peaceful one, Calm",Latin
Serenity,F,"Peaceful one, Calm",Latin
Serge,M,Attendant,Latin
Sergeant,M,"Officer, To serve",French
Sergei,M,Attendant,Latin
Sergent,M,"Officer, To serve",French
Sergio,M,Attendant,Latin
Sergius,M,Attendant,Latin
Serhild,F,Armored battle maiden,German
Serhilda,F,Armored battle maiden,German
Serihilda,F,Armored battle maiden,German
Serihilde,F,Armored battle maiden,German
Serilda,F,Armored battle maiden,German
Sesha,F,Serpent who symbolizes time,Indian
Set,M,Compensation,Hebrew
Setanta,M,Mythical son of Sualtam,Celtic
Seth,M,Annointed,Hebrew
Sethia,M,Appointed one,Hebrew
Seton,M,From the town by the sea,English
Seton,M,From Baron's estate,French
Seung,M,"Successor, Winning",Korean
Sevati,F,White rose,Indian
Sever,M,Fierce stronghold,Anglo-Saxon
Severin,M,Place name,English
Severin,M,"Strict, Restrained",French
Severn,M,"Strict, Restrained",English
Severne,M,"Strict, Restrained",English
Severo,M,"Strict, Restrained",Spanish
Sevilin,M,Beloved,Arabic
Sevita,F,Beloved,Indian
Sevrin,M,"Strict, Restrained",French
Sewald,M,Sea powerful,English
Sewall,M,Sea powerful,English
Seward,M,Guards the coast,Anglo-Saxon
Seward,M,Sea guardian,English
Sewati,M,Curved bear claw (Miwok),Native American
Sewell,M,Sea powerful,English
Sextus Pompeius,M,Appeared in Antony & Cleopatra,Shakespearian
Seymour,M,Marshy land near the sea,French
Seymour,M,Tailor,English
Seyton,M,Appeared in Macbeth,Shakespearian
Shaan,M,Peaceful,Hebrew
Shad,M,In the bible Shadrach was one of three young Hebrew men who survived being cast into a fiery furnace.,English
Shada,F,Pelican,Native American
Shadd,M,In the bible Shadrach was one of three young Hebrew men who survived being cast into a fiery furnace.,English
Shaddoc,M,Shad fish,English
Shaddock,M,Shad fish,English
Shadoe,M,In the bible Shadrach was one of three young Hebrew men who survived being cast into a fiery furnace.,English
Shadrach,M,In the bible Shadrach was one of three young Hebrew men who survived being cast into a fiery furnace.,Hebrew
Shadwell,M,From the shed spring,English
Shae,M,Majestic,Irish
Shahar,F,The moon,Arabic
Shai,M,Majestic,Irish
Shaila,F,"Stone, Mountain",Indian
Shailendra,M,"King of mountains, Himalaya",Indian
Shailesh,M,"God of mountain, Himalaya",Indian
Shaili,F,Style,Indian
Shain,M,God is gracious,Irish
Shaina,F,Beautiful,Hebrew
Shaine,M,God is gracious,Irish
Shaine,F,Beautiful,Hebrew
Shakar,M,Grateful,Arabic
Shakira,F,Grateful,Arabic
Shako,F,Mint,Native American
Shaku,M,Grateful,Arabic
Shakunt,M,Bluejay,Indian
Shalin,M,Modest,Indian
Shalini,F,Modesty,Indian
Shallow,M,Appeared in Merry Wives of Windsor,Shakespearian
Shalom,M,Peaceful,Hebrew
Shalom,F,Peaceful,Hebrew
Shalott,F,Land of Astolet,Arthurian Legend
Shaman,M,Holy man,Native American
Shamita,F,Peace maker,Indian
Shammara,F,He girded his loins,Arabic
Shamus,M,Supplanter,Irish
Shan,M,God is gracious,Irish
Shan,F,"Wise one, River name",Irish
Shana,F,"Gracious, Merciful, God is gracious",Hebrew
Shanahan,M,Wise one,Irish
Shanata,F,Peaceful,Indian
Shandley,M,From the loud meadow,English
Shandon,M,God is gracious,Irish
Shandy,M,Boisterous,English
Shandy,M,God is gracious,Irish
Shandy,F,Rambunctious,English
Shane,M,God is gracious,Irish
Shane,M,God is merciful,Hebrew
Shanel,F,Channel,French
Shanelly,F,Channel,French
Shanen,F,"Wise one, River name",Irish
Shanessa,F,God is gracious,Irish
Shani,F,Marvelous,African
Shanie,F,Beautiful,Hebrew
Shankar,M,Shiva,Indian
Shanley,M,Old hero,Irish
Shanley,F,Child of the old hero,Gaelic
Shann,M,God is gracious,Irish
Shanna,F,Beautiful,Hebrew
Shannel,F,Channel,French
Shannelle,F,Channel,French
Shannon,M,Little old wise one,Irish
Shannon,F,"Wise one, River name",Irish
Shanon,F,"Wise one, River name",Irish
Shanta,F,"Peace, Name of a God",Indian
Shantah,F,"Peace, Name of a God",Indian
Shantay,F,Enchanted,French
Shanti,F,"Peace, Name of a God",Indian
Shara,F,Princess,Hebrew
Sharad,M,Name of a season,Indian
Sharada,F,"Goddess of learning, Saraswati",Indian
Shardul,M,Tiger,Indian
Sharee,F,Princess,Hebrew
Shareef,M,Illustrious,Arabic
Sharen,F,Princess,Hebrew
Shari,F,Princess,Hebrew
Sharif,M,Illustrious,Arabic
Sharifah,F,Noble,Arabic
Sharlene,F,Strong,English
Sharman,F,A fair share,English
Sharmila,F,Modest,Indian
Sharmistha,F,Wife of Yayati,Indian
Sharon,F,Princess,Hebrew
Sharron,F,Princess,Hebrew
Sharry,F,Princess,Hebrew
Sharufa,F,"Distinguished, Outstanding",African
Sharyn,F,Princess,Hebrew
Shas,F,Princess,African
Shashank,M,Moon,Indian
Shashee,M,Moon,Indian
Shashi,M,"The moon, Moonbeam",Indian
Shashi,F,"The moon, Moonbeam",Indian
Shashikant,M,Moon stone,Indian
Shashwat,M,"Ever lasting, Continuous",Indian
Shasmecka,F,Princess,African
Shatrunjay,M,One who overcomes enemies,Indian
Shattuck,M,Shad fish,English
Shauden,M,God is merciful,Irish
Shaughn,M,God is merciful,Irish
Shaun,M,God is merciful,Irish
Shaun,M,God's grace,Celtic
Shaun,F,God is gracious,Hebrew
Shauna,F,God's grace,Celtic
Shauna,F,Present,Irish
Shaundre,M,God is merciful,Irish
Shaune,F,God's grace,Celtic
Shaunna,F,God is gracious,Hebrew
Shaw,M,From the shady grove,English
Shaw,M,Surname,Irish
Shaw,M,Terse,Scottish
Shawe,M,Terse,Scottish
Shawn,M,From the shady grove,English
Shawn,M,God is merciful,Irish
Shawn,M,God's grace,Celtic
Shawn,F,God is gracious,Hebrew
Shawn,F,Present,Irish
Shawna,F,God is gracious,Hebrew
Shawna,F,God's grace,Celtic
Shawnie,F,God's grace,Celtic
Shawnn,M,God is merciful,Irish
Shawnna,F,God's grace,Celtic
Shawny,F,God's grace,Celtic
Shay,M,Majestic,Irish
Shay,F,Beautiful,Hebrew
Shay,F,God's grace,Celtic
Shay,F,Mountain stream,Swedish
Shaya,F,Mountain stream,Swedish
Shayan,M,Majestic,Irish
Shaye,M,Majestic,Irish
Shayla,F,Fairy palace,Celtic
Shaylon,M,Majestic,Irish
Shayna,F,Beautiful,Hebrew
Shaynah,F,Beautiful,Hebrew
Shayndel,F,Beautiful,Yiddish
Shayne,M,God is gracious,Irish
Shea,M,Majestic,Irish
Sheary,M,Peace from God,Irish
Sheba,F,Daughter of the oath,Hebrew
Sheedy,M,Surname,Irish
Sheehan,M,Little peaceful one,Gaelic
Sheehan,M,Little peaceful one,Irish
Sheela,F,Blind,Latin
Sheelah,F,Blind,Irish
Sheelah,F,Blind,Latin
Sheen,M,Little peaceful one,Gaelic
Sheena,F,God's gracious gift,Irish
Sheena,F,"Gracious, Merciful, God is gracious",Hebrew
Sheetal,F,Cool,Indian
Sheffield,M,From the crooked field,English
Sheil,M,Mountain,Indian
Sheila,F,Blind,Irish
Sheila,F,Blind,Latin
Sheilagh,F,Blind,Latin
Sheilah,F,Blind,Latin
Sheiling,M,From the summer pasture,Scottish
Shein,M,Reflection,Burmese
Shein,F,Reflection,Burmese
Sheiramoth,F,From heaven,Hebrew
Shela,F,Musical,Celtic
Shelah,F,Request,Hebrew
Shelby,M,From the manor house,English
Shelby,F,Sheltered town,English
Shelden,M,Deep valley,English
Sheldon,M,From the hill on the ledge,Anglo-Saxon
Sheldon,M,Protected hill,English
Shell,M,Clearing on a bank,English
Shell,F,Like God,Hebrew
Shelley,M,Clearing on a bank,English
Shelley,M,From the ledge meadow,Anglo-Saxon
Shelley,F,"Ewe, One with purity",Hebrew
Shelley,F,From the edge meadow,English
Shelley,F,From the ledge meadow,Anglo-Saxon
Shelli,M,Clearing on a bank,English
Shellie,F,"Ewe, One with purity",Hebrew
Shelly,M,Clearing on a bank,English
Shelly,F,From the ledge meadow,Anglo-Saxon
Shelly,F,Like God,Hebrew
Shelny,M,From the ledge farm,Anglo-Saxon
Shelomo,M,Peaceful,Hebrew
Shelton,M,Protected hill,English
Shem,M,Protected by God,Hebrew
Shemariah,F,Protected by God,Hebrew
Shemuel,M,Asked of God,Hebrew
Shemus,M,Supplanter,Irish
Shen,M,"Spiritual, Deep-thinking",Chinese
Shep,M,Shepherd,English
Shepard,M,Shepherd,Anglo-Saxon
Shepard,M,Shepherd,English
Shephard,M,Shepherd,Anglo-Saxon
Shepherd,M,Shepherd,English
Shepley,M,Shepherd,English
Sheply,M,From the sheep meadow,Anglo-Saxon
Sheply,M,From the sheep meadow,English
Sheppard,M,Shepherd,English
Sherard,M,Of glorious valor,Anglo-Saxon
Sherborne,M,Wool cutter,English
Sherbourn,M,From the clear brook,English
Sherbourne,M,From the clear brook,English
Sherburne,M,From the clear brook,English
Shereef,M,Illustrious,Arabic
Sherey,F,From the country meadow,English
Sheri,F,"Beloved, Dear",French
Sheridan,M,Bright,English
Sheridan,M,Untamed,Celtic
Sheridan,M,Wild one,Irish
Sheridon,M,Wild one,Irish
Sherif,M,Illustrious,Arabic
Sherlie,F,From the country meadow,English
Sherlock,M,White-haired,English
Sherm,M,Wool cutter,English
Sherman,M,Wool cutter,English
Sherman,M,Wool cutter,German
Shermon,M,Wool cutter,English
Shermon,M,Wool cutter,German
Sheron,M,Peaceful,Irish
Sherri,F,From the white meadow,English
Sherri,F,Princess,Hebrew
Sherrill,F,"Beloved, Dear",French
Sherry,F,"Beloved, Dear",French
Sherry,F,"Beloved, Dear, Darling",English
Sherry,F,Princess,Hebrew
Sherryl,F,"Beloved, Dear",French
Sherryll,F,"Beloved, Dear",French
Sherwin,M,Quick as the wind,Anglo-Saxon
Sherwin,M,Wool cutter,English
Sherwood,M,From the bright forest,English
Sherwyn,M,Quick as the wind,Anglo-Saxon
Sherwyn,M,Swift,English
Sheryl,F,"Beloved, Dear",French
Sheryle,F,"Beloved, Dear",French
Sheshebens,F,Small duck (Chippewa),Native American
Shet,M,Compensation,Hebrew
Shey,M,Majestic,Irish
Shifra,F,Beautiful,Hebrew
Shigekazu,M,First son of Shige,Japanese
Shika,F,Deer,Japanese
Shikha,F,Flame,Indian
Shilah,M,Brother (Navajo),Native American
Shilo,M,The one to whom it belongs,Hebrew
Shiloh,M,The one to whom it belongs,Hebrew
Shilpa,F,Stone,Indian
Shim'on,M,Son of Simon,Hebrew
Shimon,M,One who listens,Hebrew
Shimshon,M,Bright sun,Hebrew
Shin,F,"Belief, Guiding principle",Korean
Shina,F,"Virtue, Good",Japanese
Shing,M,Victory,Chinese
Shinichi,M,First son of Shin,Japanese
Shipley,M,From the deep meadow,English
Shipton,M,From the deep meadow,English
Shir,F,From the country meadow,English
Shira,F,Song,Hebrew
Shirah,F,Song,Hebrew
Shiri,F,Song,Hebrew
Shiriki,M,Coyote (Pawnee),Native American
Shirl,F,From the country meadow,English
Shirlee,F,From the country meadow,English
Shirleen,F,From the country meadow,English
Shirleigh,F,From the country meadow,English
Shirley,F,From the country meadow,English
Shishir,M,"Name of a season, Cold",Indian
Shiv,M,"Lord Shiva, Auspicious, Lucky",Indian
Shiye,M,Son (Navajo),Native American
Shizhe'e,M,Father (Navajo),Native American
Shlomo,M,Peaceful,Hebrew
Shobha,F,Attractive,Indian
Shobhna,F,"Ornamental, Shining",Indian
Shobi,F,Glorious,Hebrew
Shoemowetochawcawe,M,High backed wolf (Cheyenne),Native American
Shoichi,M,First son of Sho,Japanese
Shoko,F,Child of Sho,Japanese
Sholem,M,Peaceful,Hebrew
Shona,F,"Gracious, Merciful, God is gracious",Hebrew
Shonn,M,God is merciful,Irish
Shosha,F,Rose,Hebrew
Shoshana,F,Lily,Spanish
Shoshana,F,Rose,Hebrew
Shoshanah,F,Rose,Hebrew
Shoshanna,F,Rose,Hebrew
Shoshannah,F,Rose,Hebrew
Shradhdha,F,"Faith, Trust",Indian
Shreya,F,Auspicious,Indian
Shreyas,M,Superior,Indian
Shri,F,Lustre,Indian
Shrijani,F,Creative,Indian
Shruti,F,Expert in Vedas,Indian
Shubha,F,Auspicious,Indian
Shuichi,M,First son of Shu,Japanese
Shulabh,M,Easy,Indian
Shulamit,M,Peaceful,Hebrew
Shulamit,F,Tranquil,Hebrew
Shulamith,M,Peaceful,Hebrew
Shuman,F,Rattlesnake handler (Hopi),Native American
Shunichi,M,First son of Shun,Japanese
Shunnar,M,Pleasant,Arabic
Shunnareh,F,Pleasant,Arabic
Shurl,F,From the country meadow,English
Shurlie,F,From the country meadow,English
Shvetang,M,Fair complexioned,Indian
Shvetank,M,Having a white mark,Indian
Shway,M,Gold,Burmese
Shway,F,Gold,Burmese
Shwe,M,Gold,Burmese
Shwe,F,Gold,Burmese
Shy,F,"Loyal to God, Strong",Celtic
Shyam,M,"Dark blue, Black",Indian
Shyamal,M,"Dark blue, Black",Indian
Shyla,F,"Loyal to God, Strong",Celtic
Shylah,F,"Loyal to God, Strong",Celtic
Shylock,M,Appeared in Merchant of Venice,Shakespearian
Shysie,F,Silent little one,Native American
Sia,M,"Bringer of joy, Great emperor",Persian
Siamak,M,"Bringer of joy, Great emperor",Persian
Sian,M,God's grace,Celtic
Sian,F,"Gracious, Merciful, God is gracious",Hebrew
Siana,F,God's grace,Celtic
Siany,F,Good health,Irish
Sib,F,"Prophetess, Fortune-teller",Greek
Sibbi,F,"Prophetess, Fortune-teller",Greek
Sibby,F,"Prophetess, Fortune-teller",Greek
Sibeal,F,Prophetess,Irish
Sibeal,F,"Prophetess, Fortune-teller",Greek
Sibille,F,"Prophetess, Fortune-teller",Greek
Sibley,F,Fiendly,Anglo-Saxon
Sibley,F,"Prophetess, Fortune-teller",Greek
Sibongile,F,Thanks,African
Sibyl,F,"Prophetess, Fortune-teller",Greek
Sibyla,F,Prophetess,French
Sibylle,F,"Prophetess, Fortune-teller",Greek
Sicheii,M,Grandfather (Navajo),Native American
Sid,M,From St. Denis,English
Sid,M,From St. Denis,French
Sid,F,From the city of St. Denis,French
Siddael,M,From the wide valley,English
Siddel,M,From the wide valley,English
Siddell,M,From the wide valley,English
Siddharth,M,White mustard,Indian
Siddhi,F,Achievement,Indian
Siddie,F,From the city of St. Denis,French
Sidell,M,From the wide valley,English
Sidell,F,From the city of St. Denis,French
Sidne,F,From the city of St. Denis,French
Sidney,M,From St. Denis,English
Sidney,M,From St. Denys,French
Sidney,F,From the city of St. Denis,French
Sidoney,F,From the city of St. Denis,French
Sidonia,F,Captivates,Hebrew
Sidonia,F,Follower of Saint Denys,French
Sidonia,F,From Sidonia,Italian
Sidonie,F,Captivates,Hebrew
Sidonie,F,Follower of Saint Denys,French
Sidra,F,Like a star,Latin
Sidwell,M,From the broad well,English
Siegfried,M,Victorious,German
Siegmund,M,"Victory shield, Victory protector",Teutonic
Sienna,F,Reddish brown,Italian
Sierra,F,Dark,Irish
Sierra,F,Saw-tooth mountain range,Spanish
Siffre,M,"Victory shield, Victory protector",Teutonic
Sigehere,M,Victorious,English
Sigenert,M,Name of a king,Anglo-Saxon
Sigfreda,F,Victorious,German
Sigfrid,M,Victorious,German
Sigfrid,M,Victory peace,Teutonic
Sigfried,M,Victory peace,Teutonic
Sigfrieda,F,Victorious,German
Sigfriede,F,Victorious,German
Siggy,M,"Victory shield, Victory protector",Teutonic
Sigifrid,M,Victorious,German
Sigifrith,M,Victorious,German
Sigilwig,F,Champion,German
Sigismond,M,"Victory shield, Victory protector",Teutonic
Sigismundo,M,"Victory shield, Victory protector",Teutonic
Sigiwald,M,Victorious ruler,German
Sigmund,M,"Victory shield, Victory protector",German
Sigmund,M,"Victory shield, Victory protector",Teutonic
Signa,F,"Signal, Sign",Scandinavian
Signe,F,"A sign, victorious",Swedish
Sigourney,F,Daring king,French
Sigrath,F,Winning adviser,Norse
Sigrid,F,Winning adviser,Norse
Sigune,F,Percival's cousin,Arthurian Legend
Sigurd,F,Winning adviser,Norse
Sigvard,M,"Victory shield, Victory protector",Teutonic
Sigwald,M,Victorious ruler,German
Sigwald,F,Winning adviser,Norse
Sigwalt,M,Victorious ruler,German
Siham,F,Arrows,Arabic
Sihtric,M,Name of a king,Anglo-Saxon
Sihu,F,Flower (Hopi),Native American
Sik'is,M,Friend (Navajo),Native American
Sike,M,He sits at home (Navajo),Native American
Sikyahonaw,M,Yellow bear (Hopi),Native American
Sikyatavo,M,Yellow rabbit (Hopi),Native American
Sil,M,Woodman,Latin
Silana,F,Dignified,French
Silas,M,"Forest, Woods",English
Silas,M,Woodman,Latin
Sile,F,Youthful,Irish
Sileas,F,Youth,Latin
Sileas,F,Youthful,Scottish
Silla,F,From ancient times,Latin
Silsby,M,From Sill's farm,English
Silva,F,Woodland maid,Latin
Silvana,F,Woodland maid,Latin
Silvano,M,"Trees, Sylvan. See also Sylvester and .",English
Silvanus,M,Woodman,Latin
Silver,F,White,Anglo-Saxon
Silverio,M,Mythological Greek god of trees,Spanish
Silvester,M,"Trees, Sylvan",English
Silvester,M,"Trees, Sylvan",German
Silvester,M,Woodman,Latin
Silvestre,M,"Trees, Sylvan",French
Silvestre,M,Woodman,Latin
Silvia,F,Appeared in Two Gentlemen of Verona,Shakespearian
Silvia,F,Woodland maid,Latin
Silvie,F,Woodland maid,Latin
Silvino,M,Mythological Greek god of trees,Spanish
Silvio,M,"Belonging to the forest, Silver",Latin
Silvius,M,Appeared in As You Like It,Shakespearian
Sim,M,Listener,Scottish
Sim,M,One who listens,Hebrew
Sima,F,Listener,Scottish
Simao,M,Obedient,Hebrew
Simba,F,Lion,African
Simcha,M,Joy,Hebrew
Simcha,F,Joyous,Hebrew
Simen,M,Obedient,Hebrew
Simeon,M,Obedient,Hebrew
Simeon,M,One who listens,English
Simon,M,Obedient,Hebrew
Simon,M,One who listens,English
Simona,F,God is heard,Spanish
Simona,F,One who listens,Hebrew
Simone,F,One who listens,French
Simone,F,One who listens,Hebrew
Simoni,F,Obedient,Indian
Simonides,M,Appeared in Pericles,Shakespearian
Simple,M,Appeared in Merry Wives of Windsor,Shakespearian
Simpson,M,Son of Simon,Hebrew
Simran,F,God's gift,Indian
Simson,M,Son of Simon,Hebrew
Sinai,M,From the clay desert,Hebrew
Sinclair,M,From Saint Clair sur Elle,Scottish
Sinclair,M,Saint Clair,French
Sinclair,M,St. Clair,English
Sinclaire,M,St. Clair,English
Sinclaire,M,St. Clair,French
Sine,F,God's gracious gift,Gaelic
Sine,F,Praise,Irish
Sinead,F,Gracious,Irish
Sinead,F,Kind,Hebrew
Sineidin,F,Praise,Irish
Singh,M,Lion,Indian
Sinjin,M,St. John,English
Sinjin,M,St. John,French
Sinjon,M,Saint John,French
Sinley,M,Friendly,Anglo-Saxon
Sinon,M,Gift from God,Hebrew
Sinopa,F,Fox (Black Foot),Native American
Siobhan,F,Gracious,Irish
Siobhan,F,Kind,Hebrew
Siodhachan,M,Little peaceful one,Irish
Siomon,M,Obedient,Hebrew
Siomonn,M,One who listens,Hebrew
Sippora,F,Bird,Hebrew
Siran,F,Alluring,Arabic
Siranno,M,From Cyrene,Greek
Sirano,M,From Cyrene,Greek
Sirena,F,Siren,Greek
Siroun,F,Lovely,Arabic
Sisay,F,"Omen of good things, A blessing",African
Sisi,F,Born on Sunday,African
Sisika,F,Bird,Native American
Sissa,F,"Love, Grace",Greek
Sissy,F,Blind,Latin
Sissy,F,Young girl,English
Sitara,F,Morning star,Indian
Sitembile,F,Trust,African
Siti,F,A lady,African
Siubhan,F,Praised,Scottish
Siusan,F,Lily,Scottish
Siv,F,"Kinship, Wife of Thor",Norwegian
Sivan,M,The ninth month,Hebrew
Sive,F,Good,Irish
Siward,M,Appeared in Macbeth,Shakespearian
Siwili,M,Tail of the fox,Native American
Skah,M,White (Sioux),Native American
Skeat,M,Swift,English
Skeet,M,Swift,English
Skeeter,M,Swift,English
Skeets,M,Swift,English
Skelton,M,From the estate on the ledge,English
Skena,F,From Skene,Scottish
Skene,M,From Skene,Scottish
Skete,M,Swift,English
Sketes,M,Swift,English
Skip,M,Captain,Norse
Skipp,M,Captain,Norse
Skipper,M,Captain,English
Skipper,M,Captain,Norse
Skippere,M,Captain,English
Skippy,M,Captain,Norse
Skipton,M,From the sheep estate,English
Skule,M,Hide,Scandinavian
Skule,F,Hide,Scandinavian
Sky,M,"Shield, Scholar",Dutch
Sky,M,"Sky, Sheltering",English
Sky,F,"Shield, Scholar",Dutch
Sky,F,"Sky, Sheltering",English
Skye,M,"Place Name, Sky",English
Skye,M,"Shield, Scholar",Dutch
Skye,F,"Eternal life, Strength, Love, Beauty",English
Skye,F,"Shield, Scholar",Dutch
Skyelar,M,"Shield, Scholar",English
Skyla,F,"Sky, Sheltering",English
Skylar,M,"Shield, Scholar",Dutch
Skylar,M,"Shield, Scholar",English
Skylar,F,"Eternal life, Strength, Love, Beauty",English
Skylar,F,"Shield, Scholar",Dutch
Skyler,M,Learned One ??,Scandinavian
Skyler,M,"Shield, Scholar",Dutch
Skyler,M,"Shield, Scholar",English
Skyler,F,Learned One ??,Scandinavian
Skyler,F,"Shield, Scholar",Dutch
Skylor,M,"Shield, Scholar",English
Skyrah,F,"Eternal life, Strength, Love, Beauty",English
Slade,M,Child of the valley,English
Slaed,M,From the valley,English
Slaine,F,Good health,Irish
Slainie,F,Health,French
Slania,F,Health,French
Slanie,F,Health,French
Slany,F,Good health,Irish
Slaton,M,From the valley farm,English
Slayton,M,From the valley farm,English
Slean,M,Strikes,Anglo-Saxon
Slecg,M,Hammer,Anglo-Saxon
Slender,M,Appeared in Merry Wives of Windsor,Shakespearian
Slevin,M,Mountaineer,Gaelic
Sloan,M,Fighter,Celtic
Sloan,M,Warrior,Gaelic
Sloan,M,Warrior,Scottish
Sloane,M,Fighter,Celtic
Sloane,M,Warrior,Gaelic
Slone,M,Warrior,Gaelic
Sly,M,Woodman,Latin
Smedley,M,From the flat meadow,English
Smetheleah,M,From the flat meadow,English
Smita,F,Smile,Indian
Smith,M,Blacksmith,English
Smits,M,Blacksmith,English
Smitty,M,Blacksmith,English
Smriti,F,Recollection,Indian
Smyth,M,Blacksmith,English
Smythe,M,Blacksmith,English
Sneh,F,Love,Indian
Snehal,M,Freindly,Indian
Snell,M,Nold,Anglo-Saxon
Snigdha,F,"Smooth, Tender",Indian
Snout,M,Appeared in Midsummer Night's Dream,Shakespearian
Snow,M,From the snow-covered hill,English
Snowden,M,From the snow-covered hill,English
Snowdun,M,From the snow-covered hill,English
Snug,M,Appeared in Midsummer Night's Dream,Shakespearian
Socorro,F,Help,Spanish
Soe,M,Dominate,Burmese
Soe,F,Dominate,Burmese
Sofi,F,Wisdom,Greek
Sofia,F,Wisdom,Greek
Sofia,F,Wise,Spanish
Sofie,F,Wisdom,Greek
Sofronio,M,Self-controlled,Greek
Sohan,M,Good looking,Indian
Sohni,F,Beautiful,Indian
Sokanon,F,Rain (Algonquin),Native American
Sokw,F,Sour (Algonquin),Native American
Sol,M,Peaceful,Hebrew
Sol,M,The sun,Latin
Solace,F,Comfort,Latin
Solaina,F,Dignified,French
Solaine,F,Dignified,French
Solana,F,Sunshine,Spanish
Solange,F,Rare jewel,French
Solanio,M,Appeared in Merchant of Venice,Shakespearian
Soledad,F,Solitary,Spanish
Soledada,F,Solitary,Spanish
Soleil,F,Sun,French
Solinus,M,Appeared in Comedy of Errors,Shakespearian
Solita,F,Alone,Latin
Solly,M,Asked of God,Hebrew
Solly,M,The sun,Latin
Solom,M,Peaceful,Hebrew
Soloman,M,Peaceful,Hebrew
Solomon,M,"Peace, Tranquility",Arabic
Solomon,M,Peaceful,Hebrew
Solomon,F,"Peace, Tranquility",Arabic
Solt,M,Name of an honor,Hungarian
Solvig,F,Champion,German
Soma,M,A kind of berry,Hungarian
Somar,F,Summer season,Arabic
Somatra,F,Excelling the moon,Indian
Somer,M,Bom in summer,French
Somerset,M,From the summer settlers,English
Somerton,M,From the summer estate,English
Somerville,M,From the summer estate,French
Sona,F,Gold,Indian
Sonakshi,F,Golden eye,Indian
Sonal,F,Golden,Indian
Sonali,F,Golden,Indian
Songaa,M,Strong,Native American
Sonia,F,Golden,Indian
Sonia,F,Wisdom,Russian
Sonika,F,Golden,Indian
Sonja,F,Wisdom,Russian
Sonja,F,Wisdom,Scandinavian
Sonnagh,M,"Mound, Rampart",Welsh
Sonnenschein,F,Sunshine,German
Sonnie,M,Son,English
Sonny,M,Bear,Latin
Sonny,M,Son,English
Sonya,F,Wisdom,Russian
Soo,F,"Excellence, Long-life",Korean
Sooleawa,F,Silver (Algonquin),Native American
Soos,F,Lily,Hebrew
Soozie,F,Lily,Hebrew
Sophia,F,Wisdom,Greek
Sophie,F,Wisdom,Greek
Sophronia,F,Wisdom,Greek
Sophronio,M,Self-controlled,Greek
Sophy,F,Wisdom,Greek
Sora,F,Of the sky,Japanese
Sorano,F,Of the sky,Japanese
Sorcha,F,Bright,Gaelic
Sorcha,F,Intelligent,Irish
Soredamors,F,Gawain's sister,Arthurian Legend
Sorel,M,Reddish brown hair,French
Soren,M,God of war,Scandinavian
Soren,M,Reddish brown hair,French
Soren,M,Thunder,Norse
Sorley,M,Viking,Irish
Sorley,M,Viking,Scandinavian
Sorrell,M,Reddish brown hair,French
Sosana,F,Lily,Hebrew
Sosanna,F,Lily,Irish
Soterios,M,Saviour,Greek
Southwell,M,From the south spring,English
Sowi'ngwa,M,Black - tailed deer (Hopi),Native American
Soyala,F,Time of the winter solstice (Hopi),Native American
Spalding,M,From the split meadow,English
Spangler,M,Tinsmith,German
Spark,M,Gallant,English
Sparke,M,Gallant,English
Sparrow,F,Bird,English
Spaulding,M,Divided field,English
Spear,M,Spear,English
Sped,M,Success,English
Speed,M,Appeared in Two Gentlemen of Verona,Shakespearian
Speed,M,Success,English
Spelding,M,From the split meadow,English
Spence,M,Keeper of provisions,English
Spencer,M,Keeper of provisions,English
Spengler,M,Tinsmith,German
Spenser,M,Keeper of provisions,English
Spere,M,Spear,English
Spica,F,Name of a star,Latin
Spike,M,"Long, Heavy nail",English
Spring,F,Spring season,English
Sproul,M,Active,English
Sproule,M,Active,English
Sprowle,M,Active,English
Squier,M,Shieldbearer,English
Squire,M,Shieldbearer,English
Sraddha,F,"Faith, A wife of Shiva",Indian
Srikant,M,Lover of wealth,Indian
Srinivas,M,Abode of wealth,Indian
Sriram,M,Lord Rama,Indian
Sroda,F,Respect,African
Sruthair,M,From the stream,Irish
Sruthan,M,Poet,Irish
St. Alban,M,From St. Alban,English
Stace,M,Fruitful,Greek
Stace,F,Tranquil,Latin
Stacey,M,Fruitful,English
Stacey,M,Stable,Latin
Stacey,F,Resurrection,Greek
Stacey,F,Stable,Latin
Staci,M,Stable,Latin
Staci,F,Stable,Latin
Stacia,F,Resurrection,Greek
Stacie,M,Fruitful,Greek
Stacie,F,Tranquil,Latin
Stacy,M,Fruitful,English
Stacy,M,Stable,Latin
Stacy,F,Resurrection,Greek
Stacy,F,Stable,Latin
Staerling,M,Bird,English
Staffan,M,A garland,Swedish
Stafford,M,From the landing ford,English
Stamford,M,From the stony ford,English
Stan,M,Glory,Polish
Stan,M,Lives by the stony grove,English
Stanbeny,M,From the stone fortress,English
Stanberry,M,From the rocky meadow,English
Stanburh,M,From the stone fortress,English
Stanbury,M,From the rocky meadow,English
Stanciyf,M,From the rocky diff,English
Stancliff,M,From the rocky diff,English
Standish,M,From the rocky meadow,English
Stanedisc,M,From the stony park,English
Stanfeld,M,From the stony field,English
Stanfield,M,From the rocky meadow,English
Stanford,M,From the rocky meadow,English
Stanhop,M,From the stony hollow,English
Stanhope,M,From the rocky meadow,English
Stanislao,M,Glory,Polish
Stanislas,M,Glory,Polish
Stanislau,M,Glory,Polish
Stanislaus,M,Glory,Polish
Stanislav,M,Glory,Polish
Stanislavsky,M,Glory,Polish
Stanislaw,M,Glory,Polish
Stanleigh,M,From the rocky meadow,English
Stanley,M,From the rocky meadow,English
Stanly,M,From the rocky meadow,English
Stanmore,M,From the rocky meadow,English
Stanton,M,From the rocky meadow,English
Stantun,M,From the stony farm,English
Stanway,M,From the rocky meadow,English
Stanweg,M,Lives by the stony road,English
Stanwic,M,From the stony village,English
Stanwick,M,From the rocky meadow,English
Stanwik,M,From the stony village,English
Stanwode,M,From the stony forest,English
Stanwood,M,From the stony forest,English
Stanwyck,M,From the rocky meadow,English
Stanwyk,M,From the stony village,English
Star,F,Star,English
Star,F,Star,Greek
Star,F,Star,Latin
Starbuck,M,Star deer,English
Starla,F,Star,Greek
Starla,F,Star,Latin
Starling,M,Bird,English
Starling,F,Star,Greek
Starling,F,Star,Latin
Starls,F,Star,English
Starr,M,Star,English
Starr,F,Star,English
Starr,F,Star,Greek
Starr,F,Star,Latin
Starveling,M,Appeared in Midsummer Night's Dream,Shakespearian
Stasa,F,Resurrection,Greek
Stasia,M,Stable,Latin
Stasia,F,Stable,Latin
Stasio,M,Glory,Polish
Stasya,M,Stable,Latin
Stasya,F,Stable,Latin
Staunton,M,From the stony farm,English
Steadman,M,Dwells at the farm,Anglo-Saxon
Stearc,M,Severe,Anglo-Saxon
Stearn,M,Serious-minded,English
Stearne,M,Serious-minded,English
Steathford,M,From the landing ford,English
Stedeman,M,Owns a farm,English
Stedman,M,Dwells at the farm,Anglo-Saxon
Stedman,M,Owns a farm,English
Steele,M,"Hard, Durable",English
Steen,M,Stone,German
Stef,F,Crown,Greek
Stefa,F,Crown,Greek
Stefan,M,Crown,Greek
Stefan,M,"Crown, Wreath",German
Stefania,F,Crown,Greek
Stefania,F,Crowned in victory,French
Stefanie,F,Crown,Greek
Stefano,M,Crown,Greek
Stefano,M,"Laurel crown, The crown of victory",Spanish
Steffan,M,Crown,Greek
Steffi,F,Crown,Greek
Steffie,F,Crown,Greek
Stefford,M,Crown,English
Stefka,F,Crown,Greek
Stefn,M,Stem,Anglo-Saxon
Stefon,M,Crown,English
Stein,M,Stone,German
Steinbeck,M,Stone,German
Steinberg,M,Stone,German
Steiner,M,Stone,German
Steinmetz,M,Stone,German
Steinway,M,Stone,German
Stela,F,Star,Greek
Stela,F,Star,Latin
Stella,F,Star,Greek
Stella,F,Star,Latin
Stella,F,Star,Persian
Stellar,F,Star,Greek
Stellar,F,Star,Latin
Stem,M,Austere,English
Stepan,M,Crown,Greek
Stepan,M,Exalts,Anglo-Saxon
Stepania,F,Crown,Greek
Stepha,F,Crown,Greek
Stephan,M,Crown,Greek
Stephan,M,"Crown, Wreath",French
Stephan,M,"Crown, Wreath",Spanish
Stephana,F,Crown,Greek
Stephania,F,Crown,Greek
Stephanie,F,Crown,Greek
Stephanie,F,Crowned in victory,French
Stephannie,F,Crown,Greek
Stephano,M,"Appeared in Merchant of Venice, The Tempest",Shakespearian
Stephanya,F,Crown,Greek
Stephen,M,Crown,Greek
Stephen,M,"Crown, Wreath",English
Stephen,M,"Crown, Wreath",Spanish
Stephens,M,Crown,Greek
Stephenson,M,Crown,Greek
Stephenson,M,"Crown, Wreath",English
Stephon,M,"Crown, Wreath",English
Sterling,M,"Pure, Genuine, Valued",English
Sterling,M,"Pure, Genuine, Valued",German
Sterlyn,M,"Pure, Genuine, Valued",English
Sterlyn,M,"Pure, Genuine, Valued",German
Stern,M,Serious-minded,English
Sterne,M,Serious-minded,English
Stesha,F,Crowned,Greek
Stevan,M,"Crown, Wreath",English
Steve,M,Crown,English
Steve,M,Crown,Greek
Steve,F,Crown,English
Steven,M,Crown,Greek
Steven,M,"Crown, Wreath",English
Stevens,M,Crown,Greek
Stevenson,M,Crown,Greek
Stevenson,M,"Crown, Wreath",English
Stevie,M,Crown,English
Stevie,M,Crown,Greek
Stevie,F,Crown,English
Stevon,M,"Crown, Wreath",English
Stevyn,M,"Crown, Wreath",English
Stew,M,Keeper of the estate,Teutonic
Steward,M,Bailiff,English
Steward,M,Keeper of the estate,Teutonic
Stewart,M,Bailiff,English
Stewart,M,Keeper of the estate,Scottish
Stewart,M,Keeper of the estate,Teutonic
Stewart,M,Steward,Anglo-Saxon
Stewert,M,Bailiff,English
Stewert,M,Steward,Anglo-Saxon
Steyn,M,Stone,German
Stian,M,Swift,Scandinavian
Stigols,M,Stiles,English
Stiles,M,Stiles,English
Stilleman,M,Quiet,English
Stillman,M,Gentle,Anglo-Saxon
Stillman,M,Quiet,English
Stillmann,M,Quiet,English
Stilwell,M,From the tranquil stream,Anglo-Saxon
Stine,M,Stone,German
Stirling,M,"Pure, Genuine, Valued",English
Stirling,M,"Pure, Genuine, Valued",German
Stoc,M,From the tree stump,English
Stock,M,From the tree stump,English
Stockard,F,Hardy tree,English
Stockhard,F,Hardy tree,English
Stockhart,F,Hardy tree,English
Stockley,M,From the tree stump meadow,English
Stockman,M,From the tree stump meadow,English
Stockton,M,From the tree stump meadow,English
Stockwell,M,From the tree stump spring,English
Stocleah,M,From the tree stump meadow,English
Stocwiella,M,From the tree stump spring,English
Stod,M,Horse,English
Stodd,M,Horse,English
Stoddard,M,"Keeper of the horses, Steward",English
Stok,M,From the tree stump,English
Stoke,M,From the village,English
Stokkard,F,Hardy tree,English
Stokley,M,From the tree stump meadow,English
Stoner,M,Stone,English
Stoney,M,Stone,English
Storm,M,Storm,Anglo-Saxon
Storm,M,Tempest,English
Storm,F,"Stormy weather, Tempest",English
Storme,M,Tempest,English
Storme,F,"Stormy weather, Tempest",English
Stormie,F,"Stormy weather, Tempest",English
Stormy,F,"Stormy weather, Tempest",English
Stowe,M,Place name,English
Strahan,M,Poet,Irish
Strang,M,Powerful,English
Strang,M,Strong,Anglo-Saxon
Stratford,M,"From the river ford, On the street",English
Strato,M,Appeared in Julius Caesar,Shakespearian
Strod,M,From the thicket,English
Strom,M,Stream,German
Strom,M,Tree,Czech
Strong,M,Powerful,English
Stroud,M,From the thicket,English
Stroude,M,From the thicket,English
Struan,M,Stream,Scottish
Struana,F,From the stream,Scottish
Struthers,M,From the stream,Irish
Stu,M,Keeper of the estate,Teutonic
Stuart,M,Bailiff,English
Stuart,M,Clan names of the royal house of Scotland,Scottish
Stuart,M,Keeper of the estate,Teutonic
Stuart,M,Steward,Anglo-Saxon
Studs,M,A home,English
Styles,M,Stiles,English
Styne,M,Stone,German
Subhadra,F,A wife of Arjuna,Indian
Subhaga,F,A fortunate person,Indian
Subhash,M,Soft spoken,Indian
Subhuja,F,Auspicious Apsara,Indian
Subodh,M,"Sound advice, Easily understood",Indian
Suchir,M,Eternal,Indian
Suchita,F,Beautiful,Indian
Suchitra,F,Beautiful picture,Indian
Sucki,M,Black (Algonquin),Native American
Sudama,M,Meek,Indian
Sudarshan,M,Good looking,Indian
Sudesha,M,Good country,Indian
Sudeva,M,Good Deva,Indian
Sudevi,F,Wife of Krishna,Indian
Sudha,F,Nectar,Indian
Sudhakar,M,Mine of nectar,Indian
Sudhanssu,M,Moon,Indian
Sudhir,M,"Resolute, Brave",Indian
Sudhish,M,Lord of excellent intellect,Indian
Sue,F,Lily,English
Sue,F,Lily,Hebrew
Sue Anne,F,Lily,Hebrew
Sue Ellen,F,Lily,Hebrew
Sueanne,F,Lily,English
Suelita,F,Lily,Spanish
Suellen,F,Lily,English
Suffield,M,From the south field,English
Suffield,M,From the southern land,Norse
Sugn,M,Mythical son of Sugnedudd,Celtic
Sugriva,M,One with graceful neck,Indian
Suidhne,M,Little hero,Irish
Suileabhan,M,Black eyed,Irish
Suisan,F,Lily,Hebrew
Sujata,F,Of good caste,Indian
Sujit,M,Victory,Indian
Sukarman,M,Reciter of 1000 Samhitas,Indian
Sukey,F,Lily,Hebrew
Sukhdev,M,God of happiness,Indian
Suki,F,Beloved,Japanese
Sukie,F,Lily,Hebrew
Suksma,F,Fine,Indian
Sukumar,M,Handsome,Indian
Sukutai,F,Hug,African
Sulaiman,M,"Peace, Tranquility",Arabic
Sulaiman,M,Peaceful,African
Sulalit,M,Graceful,Indian
SulliMn,M,Dark eyes,Irish
Sullivan,M,Dark eyes,Gaelic
Sullivan,M,Dark eyes,Irish
Sully,M,From the south meadow,English
Sully,M,To stain,Gaelic
Sullyvan,M,Dark eyes,Gaelic
Suma,F,Born during the summer,English
Suma,F,To ask,African
Suma,F,To ask,Japanese
Sumadhur,M,Very sweet,Indian
Sumana,F,Good natured,Indian
Sumantu,M,Atharva Veda was assigned to him,Indian
Sumar,F,Summer season,Arabic
Sumarville,M,From the summer estate,French
Sumati,F,Good minded,Indian
Sumehra,F,Beautiful face,Arabic
Sumenor,M,Summoner,French
Sumernor,M,Summoner,English
Sumerton,M,From the summer estate,English
Sumertun,M,From the summer estate,English
Sumi,F,"Clear, Refined",Japanese
Sumit,M,Well measured,Indian
Summer,F,Born during the summer,English
Sumner,M,Summoner,English
Sumner,M,Summoner,French
Sumnor,M,Summoner,French
Sun,M,From the town by the river Boyn,Irish
Sun,F,Goodness,Korean
Sundar,M,"Beautiful, Attractive",Indian
Sunday,M,"Bright disposition, Cheerful",English
Sundy,M,From the southern land,Norse
Sunil,M,Dark blue,Indian
Sunita,F,A daughter of Dharma,Indian
Sunki,F,To catch up with (Hopi),Native American
Sunn,F,Gift of the sun,Anglo-Saxon
Sunnee,M,"Bright disposition, Cheerful",English
Sunnie,M,"Bright disposition, Cheerful",English
Sunniva,F,Gift of the sun,Anglo-Saxon
Sunny,M,"Bright disposition, Cheerful",English
Sunny,F,Cheerful,English
Sunrita,F,A daughter of Dharma,Indian
Sunukkuhkau,M,He crushes (Algonquin),Native American
Suparna,F,Leafy,Indian
Suprabha,F,Radiant,Indian
Supriya,F,Beloved,Indian
Surabhi,F,"Wish-yielding cow, Fragrance",Indian
Suravinda,F,A beautiful Yaksa,Indian
Suresh,M,Sun,Indian
Surotama,F,Auspicious Apsara,Indian
Suruchi,F,One with good taste,Indian
Surupa,F,Beautiful,Indian
Surya,M,Sun,Indian
Surya,F,The sun,Indian
Suryakant,M,Loved by the sun,Indian
Surány,M,Name of an honor,Hungarian
Susan,F,Lily,Hebrew
Susana,F,Lily,Spanish
Susanna,F,Lily,Hebrew
Susannah,F,Lily,Hebrew
Susanne,F,Lily,French
Susanne,F,Lily,Hebrew
Suse,F,Lily,Hebrew
Susette,F,Lily,Hebrew
Sushanti,F,Peace,Indian
Sushila,F,Good conduct,Indian
Sushma,F,Smiling,Indian
Sushmita,F,Smiling,Indian
Susi,F,Lily,Hebrew
Susie,F,Lily,English
Susie,F,Lily,Hebrew
Susila,F,"Wife of Krishna, clever in amorous sciences",Indian
Susmita,F,Smiling,Indian
Susy,F,Lily,English
Susy,F,Lily,Hebrew
Sutciyf,M,From the south cliff,English
Sutcliff,M,From the south cliff,English
Sutcliff,M,From the southern land,Norse
Suthclif,M,From the south cliff,English
Sutherland,M,From Sutherland,Scottish
Sutherland,M,From the southern land,Norse
Suthfeld,M,From the south field,English
Suthleah,M,From the south meadow,English
Suthley,M,From the south meadow,English
Suttecliff,M,From the south cliff,English
Sutton,M,From the south farm,English
Sutton,M,From the southern land,Norse
Suvrata,M,Strict in religious vows (Subrata),Indian
Suvrata,F,A child of Daksa,Indian
Suzanna,M,Lily,English
Suzanna,F,Lily,English
Suzanna,F,Lily,Hebrew
Suzannah,F,Lily,Hebrew
Suzanne,F,Lily,French
Suzanne,F,Lily,German
Suzanne,F,Lily,Hebrew
Suzetta,F,Lily,Hebrew
Suzette,F,Lily,French
Suzette,F,Lily,Hebrew
Suzie,F,Lily,Hebrew
Suzy,F,Lily,English
Suzy,F,Lily,Hebrew
Svaty Vavrinec,M,Saint Lawrence,Czech
Svea,F,The Swedish Nation,Scandinavian
Sven,M,Youth,Scandinavian
Svend,M,Youth,Scandinavian
Svensen,M,Youth,Scandinavian
Svenson,M,Youth,Scandinavian
Svetlana,F,Star,Russian
Swagat,M,Welcome,Indian
Swain,M,Knight's attendant,English
Swaine,M,Knight's attendant,English
Swann,F,Swan,Scandinavian
Swapnil,M,"Seen in a dream, Dreamy",Indian
Swaraj,M,"Liberty, Freedom",Indian
Swarupa,F,Truth,Indian
Swati,F,A nakshatra,Indian
Swayn,M,Knight's attendant,English
Swayne,M,Knight's attendant,English
Swayze,M,Knight's attendant,English
Sweeney,M,Little hero,Gaelic
Sweeney,M,Little hero,Irish
Sweeny,M,Little hero,Gaelic
Swen,M,Youth,Scandinavian
Swensen,M,Youth,Scandinavian
Swenson,M,Youth,Scandinavian
Sweta,F,Fair complexioned,Indian
Swift,M,Swift,Anglo-Saxon
Swinton,M,From the swine farm,English
Swintun,M,From the swine farm,English
Swithun,M,Name of a saint,Anglo-Saxon
Sybil,F,Prophetess,Irish
Sybil,F,"Prophetess, Fortune-teller",Greek
Sybille,F,"Prophetess, Fortune-teller",Greek
Sybilline,F,"Prophetess, Fortune-teller",Greek
Sybyl,F,"Prophetess, Fortune-teller",Greek
Syd,M,From the city of St. Denis,English
Syd,M,From the city of St. Denis,French
Syd,F,From the city of St. Denis,French
Sydel,F,From the city of St. Denis,French
Sydell,M,From the wide valley,English
Sydell,F,From the city of St. Denis,French
Sydelle,F,Princess,Hebrew
Sydnee,F,From the city of St. Denis,French
Sydney,M,From the city of St. Denis,English
Sydney,M,From the city of St. Denis,French
Sydney,F,Follower of Saint Denys,French
Sydney,F,From the city of St. Denis,English
Sydny,F,From the city of St. Denis,French
Syl,M,Woodman,Latin
Sylva,F,Woodland maid,Latin
Sylvana,F,Woodland maid,English
Sylvana,F,Woodland maid,Latin
Sylvanus,M,"Forest, Woods",English
Sylvanus,M,"Forest, Woods",Greek
Sylvester,M,"Trees, Sylvan",English
Sylvester,M,Woodman,Latin
Sylvestro,M,Woodman,Latin
Sylvia,F,Woodland maid,Latin
Sylvie,F,Woodland maid,English
Sylvie,F,Woodland maid,Latin
Sylvina,F,Woodland maid,English
Sylvonna,F,Woodland maid,English
Sylwia,F,Woodland maid,Latin
Symeon,M,Obedient,Hebrew
Symington,M,From Simon's estate,English
Symon,M,One who listens,English
Symontun,M,From Simon's estate,English
Syna,F,Two together,Greek
Synn,M,Sin,Anglo-Saxon
Synne,F,Gift of the sun,Anglo-Saxon
Synnove,F,Gift of the sun,Anglo-Saxon
Synnove,F,Sun Gift ??,Scandinavian
Syranno,M,From Cyrene,Greek
Syrano,M,From Cyrene,Greek
Syshe,F,Street,Yiddish
Szemere,M,"Small man, Demolisher",Hungarian
Szervác,M,Freedom,Hungarian
Szevér,M,"Serious, Strict",Hungarian
Szilveszter,M,Woodman,Latin
Sztaniszláv,M,Glory,Polish
Szörény,M,"Serious, Strict",Hungarian
Sólyom,M,Falcon,Hungarian
Sören,M,Thunder,Norse
Søren,M,Thunder,Norse
T'iis,M,Cottonwood (Navajo),Native American
Taaveti,M,Dearly loved,Hebrew
Taavi,M,Dearly loved,Hebrew
Tab,M,Brilliant,German
Tab,M,Drummer,English
Tab,M,The biblical Mt. Tabor is a landmark mountain near Nazareth,Hebrew
Tabansi,M,One who endures,African
Tabar,M,A well,Irish
Tabar,F,A well,Irish
Tabari,M,After famous muslim historian,African
Tabatha,F,"Beauty, Grace, Gazelle",Greek
Tabatha,F,"Beauty, Grace, Gazelle",Hebrew
Tabbart,M,Brilliant,German
Tabbert,M,Brilliant,German
Tabbert,M,Drummer,English
Tabbi,F,"Beauty, Grace, Gazelle",Greek
Tabbi,F,"Beauty, Grace, Gazelle",Hebrew
Tabbie,F,"Beauty, Grace, Gazelle",Greek
Tabbie,F,"Beauty, Grace, Gazelle",Hebrew
Tabby,M,Brilliant,German
Tabby,M,Drummer,English
Tabby,F,"Beauty, Grace, Gazelle",Greek
Tabby,F,"Beauty, Grace, Gazelle",Hebrew
Tabby,F,Voices that carry,Native American
Taber,M,A well,Irish
Taber,M,Brilliant,German
Taber,M,Drummer,English
Tabia,F,Make incantations,African
Tabitha,F,"Beauty, Grace, Gazelle",Greek
Tabitha,F,"Beauty, Grace, Gazelle",Hebrew
Tablita,F,Tiara (Hopi),Native American
Tabor,M,Brilliant,German
Tabor,M,Drummer,English
Tabor,M,Plays a small drum,Spanish
Tabor,M,The biblical Mt. Tabor is a landmark mountain near Nazareth,Hebrew
Tabora,F,Plays a small drum,Spanish
Taborah,F,Voices that carry,Native American
Taborri,F,Voices that carry,Native American
Taburer,M,Brilliant,German
Taburer,M,Drummer,English
Taci,F,Washtub (Zuni),Native American
Tacincala,F,Deer,Native American
Tacita,F,To be silent,Latin
Tacy,F,Silence,English
Tad,M,"Courageous, One who praises",Latin
Tad,M,One of Christ's 12 apostles,English
Tadako,F,Child of Tada,Japanese
Tadd,M,One of Christ's 12 apostles,English
Tadda,M,"Courageous, One who praises",Latin
Taddeo,M,"Courageous, One who praises",Italian
Taddeo,M,"Courageous, One who praises",Latin
Taddy,M,"Courageous, One who praises",Latin
Tadeo,M,"Courageous, One who praises",Latin
Tadeo,M,Praise,Spanish
Tadeusz,M,"Courageous, One who praises",Latin
Tadgh,M,"Courageous, One who praises",Latin
Tadhg,M,Bard,Irish
Tadhg,M,Poet,Celtic
Tadhg,M,Poet,Gaelic
Tadi,M,Wind (Omaha),Native American
Tadi,F,Wind (Omaha),Native American
Tadleigh,M,Bard,Irish
Taffy,F,Beloved,Welsh
Tafui,F,"To appreciate God, Glory to God",African
Tag,M,"Poet, Handsome",Irish
Tahbert,M,Brilliant,German
Tahir,M,"Chaste, Pure",Arabic
Tahirah,F,"Chaste, Pure",Arabic
Tahkeome,M,Little robe (Cheyenne),Native American
Tahki,F,Cold (Algonquin),Native American
Tahlia,F,Born at Christmas,Hebrew
Tahmelapachme,M,Dull knife (Cheyenne),Native American
Tahnee,M,The name of a god,Polynesian
Tahu,M,Pure,Arabic
Tahurer,M,Drummer,English
Tai,M,Enclosed,English
Tai,M,The talented one,Vietnamese
Tai,F,Blooming,Greek
Tai,F,Dew of heaven,Hebrew
Tai,F,Talent,Vietnamese
Taicligh,M,Peaceful,Irish
Taillefer,M,Works in iron,French
Tailor,M,Tailor,English
Tailor,F,Tailor,English
Taima,M,Thunder,Native American
Taima,F,Thunder,Native American
Tain,M,River,English
Tainn,F,New moon,Native American
Taipa,F,To spread wings (Miwok),Native American
Tait,M,Cheerful,English
Tait,M,Measure of land,Irish
Tait,F,"Cheerful, Brings joy",English
Tait,F,"Pleasant, Bright",Anglo-Saxon
Taite,F,"Cheerful, Brings joy",English
Taite,F,"Pleasant, Bright",Anglo-Saxon
Taitum,F,"Cheerful, Brings joy",English
Tajo,M,Day,Spanish
Taka,F,"Tall, Honorable",Japanese
Takako,F,Child of Taka,Japanese
Takala,F,Corn tassel (Hopi),Native American
Takara,F,"Treasure, Precious",Japanese
Takiyah,F,"Pious, Righteous",African
Takoda,M,Friend to everyone (Sioux),Native American
Takoda,F,Friend to everyone (Sioux),Native American
Taksa,M,A son of Bharata,Indian
Taksony,M,"Well fed, Stone",Hungarian
Tal,M,Tall,English
Tal,F,Dew of heaven,Hebrew
Tala,F,Wolf,Native American
Talasi,F,Corn-tassel flower (Hopi),Native American
Talbert,M,Tall,English
Talbot,M,Bloodhound,French
Talbot,M,Tall,English
Talbott,M,Tall,English
Tale,F,Green,African
Talehot,M,Bloodhound,French
Talford,M,Tall,English
Talia,F,Blooming,Greek
Talia,F,Born at Christmas,Latin
Talia,F,Dew of heaven,Hebrew
Talia,F,Near water,Australian Abori
Taliah,F,Born at Christmas,Hebrew
Taliesin,M,Poet,Celtic
Taliesin,M,Sixth century poet,Arthurian Legend
Talihah,F,Scholar,Arabic
Talitha,F,Blooming,Greek
Talitha,F,Dew of heaven,Hebrew
Tallara,F,Rain,Australian Abori
Tallie,M,Reward,French
Tallie,F,Born at Christmas,Latin
Tallie,F,Leaping water (Choctaw),Native American
Tallis,F,Woodland,French
Tallon,M,Tall,English
Tallulah,F,Leaping water (Choctaw),Native American
Tally,M,Reward,French
Tally,M,Surname,Irish
Tally,F,Blooming,Greek
Tally,F,Born at Christmas,Latin
Tally,F,Dew of heaven,Hebrew
Tally,F,Leaping water (Choctaw),Native American
Talmadge,M,Tall,English
Talman,M,"To injure, To oppress",Hebrew
Talon,M,Claw,English
Talon,M,Sharp,French
Talora,F,Morning's dew,Hebrew
Talori,F,Morning's dew,Hebrew
Talos,M,Giant protector of Minos island,Greek
Talulah,F,Leaping water (Choctaw),Native American
Talya,F,Blooming,Greek
Talya,F,Dew of heaven,Hebrew
Tam,F,Heart,Vietnamese
Tama,M,"Boy, Son",Polynesian
Tama,F,Thunderbolt,Native American
Tamah,F,Thunderbolt,Native American
Tamar,M,From Tamar,Anglo-Saxon
Tamar,F,Palm tree,Hebrew
Tamara,F,Palm tree,Hebrew
Tamara,F,Spice,Indian
Tamarah,F,Palm tree,Hebrew
Tamarind,F,Palm tree,Hebrew
Tamary,F,Palm tree,Hebrew
Tamas,M,Twin,Greek
Tamas,M,Twin,Hebrew
Tami,F,Palm tree,English
Tamika,F,Palm tree,Hebrew
Tamiko,F,Child of Tami,Japanese
Tamir,M,Owns palm trees,Arabic
Tamma,F,Without flaw,Hebrew
Tammie,F,Palm tree,English
Tammie,F,Perfect one,Hebrew
Tammy,F,Palm tree,English
Tammy,F,Perfect one,Hebrew
Tammy,F,Twin,Greek
Tamnais,M,Twin,Scottish
Tamora,F,Appeared in Titua Andronicus,Shakespearian
Tamra,F,Palm tree,Hebrew
Tamryn,F,Palm tree,Hebrew
Tamsen,F,Twin,Greek
Tamsin,M,Twin,Scottish
Tamsin,F,Twin,English
Tamsin,F,Twin,Greek
Tamson,F,Twin,Greek
Tamtun,M,From the quiet river farm,English
Tan,F,Brilliant,Vietnamese
Tan,F,Fairy princess,Russian
Tanaka,F,Dweller,Japanese
Tancrede,M,Of thoughtful counsel,Italian
Tancredo,M,Of thoughtful counsel,Italian
Tandra,F,"Mole, Beaty marks",African
Tane,M,The name of a god,Polynesian
Tanek,M,Immortal,Polish
Taneli,M,Judged by God,Hebrew
Tangakwunu,M,Rainbow (Hopi),Native American
Tangaroa,M,Of the sea,Polynesian
Tangerina,F,From Tangiers,English
Tangerine,F,From Tangiers,English
Tanguy,M,Fighter,Celtic
Tani,F,Born on Monday,African
Tani,F,Fairy princess,Russian
Tani,F,Valley,Japanese
Tania,F,Fairy princess,Russian
Tania,F,Princess,English
Tanisha,F,Born on Monday,African
Tanmay,M,Engrossed,Indian
Tanner,M,Leather maker,English
Tannere,M,Leather maker,English
Tano,M,Name of river,African
Tansy,M,Immortality,Greek
Tansy,F,Immortality,Greek
Tansy,F,Name of a flower (Hopi),Native American
Tanton,M,From the quiet river farm,English
Tanushri,F,Beautiful,Indian
Tanvi,F,A delicate girl,Indian
Tanya,F,Fairy princess,Russian
Tao,M,"Peach, Symbol of long life",Chinese
Tapan,M,"Sun, Summer",Indian
Tapanga,F,Sweet,African
Tapanga,F,Unpredictable,Hebrew
Tapani,M,Victorious,Hebrew
Tapas,M,"Heat, Penance",Indian
Tapi,F,Name of a river,Indian
Tapti,F,Name of a river,Indian
Tara,F,A hill where the kings met,Irish
Tara,F,A hill where the kings met,Scottish
Tara,F,"From the rocky hills, Watchtower",Celtic
Tara,F,Star,Indian
Tara,F,Tower,Gaelic
Tarafah,M,Tree,Arabic
Tarak,M,"Star, Pupil of eye, Protector",Indian
Taralynn,F,A hill where the kings met,English
Taran,M,"Raft, Heaven",Indian
Tarana,F,A large waterhole,Australian Abori
Tarana,F,Born during the day,African
Tarang,M,Wave,Indian
Taranga,F,A figure from legend,Polynesian
Tarangini,F,River,Indian
Taras,M,Of Tarentum,Greek
Tarasios,M,Of Tarentum,Greek
Tardos,M,Bald,Hungarian
Taree,M,A wild fig,Australian Abori
Tareec,M,Morning star,Arabic
Tareek,M,Morning star,Arabic
Tareeq,M,Morning star,Arabic
Tarek,M,Morning star,Arabic
Tareq,M,Morning star,Arabic
Tareva-Chine,F,Beautiful eyes (Shanay),Native American
Taria,F,"From the rocky hills, Watchtower",Celtic
Taria,F,Tower,Gaelic
Taric,M,Morning star,Arabic
Tarick,M,Morning star,Arabic
Tarif,M,Unique,Arabic
Tarik,M,Morning star,Arabic
Tarin,F,"From the rocky hills, Watchtower",English
Tariq,M,Morning star,Arabic
Tarique,M,Morning star,Arabic
Tarján,M,Name of an honor,Hungarian
Tarleton,M,From the thunder estate,English
Taro,M,First born male,Japanese
Taron,M,Earthman,English
Tarra,F,A creek,Australian Abori
Tarrah,F,"From the rocky hills, Watchtower",English
Tarrence,M,Roman clan name,English
Tarrin,M,Earthman,English
Taruh,F,Happy,Arabic
Tarulata,F,A creeper,Indian
Tarun,M,Youth,Indian
Taryn,F,"From the rocky hills, Watchtower",Celtic
Taryn,F,Queen,Greek
Taryn,F,Tower,Gaelic
Tarynn,F,"From the rocky hills, Watchtower",English
Tas,M,"Well fed, Stone",Hungarian
Tash,F,"May I not lose you, May I find you always my precious",African
Tasha,F,Born at Christmas,Latin
Tasha,F,Resurrection,Greek
Tashia,F,Born at Christmas,English
Tasia,M,Stable,Latin
Tasia,F,Resurrection,Greek
Tasia,F,Stable,Latin
Tassa,M,Born at Christmas,English
Tassa,F,Born at Christmas,English
Tasunke,M,Horse (Dakota),Native American
Tat,F,"Cheerful, Brings joy",English
Tata,F,Sweet,African
Tata,F,Unpredictable,Hebrew
Tatanka ptecila,M,Short bull (Dakota),Native American
Tate,M,A great talker,Native American
Tate,M,"Cheerful, Brings joy",English
Tate,M,Measure of land,Irish
Tate,F,A great talker,Native American
Tate,F,"Cheerful, Brings joy",English
Tate,F,Measure of land,Irish
Tate,F,"Pleasant, Bright",Anglo-Saxon
Tathra,F,Beautiful country,Australian Abori
Tatiana,F,Fairy princess,Russian
Tatjana,F,Fairy princess,Russian
Tatu,F,Third born,African
Tatum,F,"Cheerful, Brings joy",English
Tatya,F,A goanna,Australian Abori
Taura,F,Born under the sign of Taurus,English
Taurin,M,Born under the sign of Taurus,Latin
Taurina,F,Born under the sign of Taurus,English
Taurino,M,"Bull-like, Born under the sign of Taurus",Spanish
Taurinus,M,Born under the sign of Taurus,Latin
Tauro,M,"Bull-like, Born under the sign of Taurus",Spanish
Taurus,M,Appeared in Antony & Cleopatra,Shakespearian
Tav,M,Twin,Scottish
Taveon,M,Hillside,Irish
Taveon,M,Twin,Scottish
Taves,F,Great,English
Taves,F,Great,Latin
Tavey,M,Twin,Scottish
Tavia,F,Great,English
Tavia,F,Great,Latin
Tavia,F,Twin,Scottish
Tavie,M,Eighth child,Latin
Tavin,M,A nickname for Gustav royal staff,French
Tavin,M,A nickname for Gustav royal staff,German
Tavin,M,Hillside,Irish
Tavin,M,Twin,Scottish
Tavio,M,Eighth child,Spanish
Tavio,M,Hillside,Irish
Tavio,M,Twin,Scottish
Tavion,M,Hillside,Irish
Tavion,M,Twin,Scottish
Tavis,M,Hillside,Irish
Tavis,M,Twin,Scottish
Tavish,M,Twin,Scottish
Tavon,M,Hillside,Irish
Tavon,M,Twin,Scottish
Tavy,M,Eighth child,Latin
Taweel,M,Tall,Arabic
Tawhiri,M,Tempest,Polynesian
Tawi,F,Deer,Native American
Tawia,F,First child born after twins,African
Tawnee,F,"A green field, The warm sandy color of a lion's coat",Irish
Tawney,F,"A green field, The warm sandy color of a lion's coat",Irish
Tawni,F,"A green field, The warm sandy color of a lion's coat",Irish
Tawnia,F,"A green field, The warm sandy color of a lion's coat",Irish
Tawnie,F,"A green field, The warm sandy color of a lion's coat",Irish
Tawnie,F,"Little one, Yellowish-brown",English
Tawny,F,"A green field, The warm sandy color of a lion's coat",Irish
Tawny,F,"Little one, Yellowish-brown",English
Tawnya,M,"A green field, The warm sandy color of a lion's coat",Irish
Tawnya,F,"A green field, The warm sandy color of a lion's coat",Irish
Tay,M,Tailor,English
Tay,F,Great,Latin
Tay,F,Tailor,English
Tayanita,F,Young beaver (Cherokee),Native American
Tayce,F,Silence,French
Tayen,F,New moon,Native American
Tayla,F,Tailor,French
Taylan,M,Tailor,English
Taylar,F,Tailor,French
Taylee,F,"Blooming, Plentiful",Greek
Tayler,M,Tailor,English
Taylie,F,"Blooming, Plentiful",Greek
Taylon,M,Tailor,English
Taylor,M,Tailor,English
Taylor,M,Tailor,French
Taylor,F,Tailor,English
Taysir,M,Makes easier,Arabic
Tayson,M,Tailor,English
Tayt,M,Cheerful,English
Tayte,M,Cheerful,English
Tayte,M,Happy,Scandinavian
Tayte,F,"Cheerful, Brings joy",English
Tayte,F,Happy,Scandinavian
Tayte,F,"Pleasant, Bright",Anglo-Saxon
Teagan,F,Good looking,English
Teagan,F,Good looking,Irish
Teaghue,M,Poet,Celtic
Teaghue,M,Poet,Irish
Teague,M,Poet,Celtic
Teague,M,Poet,Gaelic
Teague,M,"Poet, Handsome",Irish
Teal,F,"The bird teal, The blue-green color",English
Teamhair,F,Where the kings met,Irish
Teara,F,Flower name,Latin
Teara,F,Turban,Greek
Tearlach,M,Manly,French
Tearlach,M,Strong,Scottish
Tearle,M,Stem,English
Ted,M,"Courageous, One who praises",Latin
Ted,M,Gift of God,Greek
Ted,M,"Guardian of prosperity, Guardian of the mists",English
Tedd,M,Gift of God,English
Teddi,F,Gift of God,English
Teddie,M,"Guardian of prosperity, Guardian of the mists",English
Teddy,M,Gift of God,Greek
Teddy,M,"Guardian of prosperity, Guardian of the mists",English
Tedman,M,Gift of God,English
Tedman,M,Wealthy defender,Anglo-Saxon
Tedmond,M,National protector,English
Tedmund,M,National protector,English
Tedmund,M,Wealthy defender,Anglo-Saxon
Tedra,F,Gift of God,Greek
Tedric,M,Gift of God,English
Tedrick,M,Gift of God,English
Tedrick,M,People's ruler,German
Tee,M,"Priceless, Flourishing, Flower",Latin
Teela,F,"The bird teal, The blue-green color",English
Teerth,M,"Holy place, Sacred water",Indian
Teetonka,M,Talks too much (Sioux),Native American
Tegan,M,Doe,Celtic
Tegan,F,Good looking,English
Tegan,F,Good looking,Irish
Tehya,F,Predous,Native American
Teige,F,Good looking,English
Teige,F,Good looking,Irish
Teithi,M,Mythical son of Gwynham,Celtic
Tej,M,"Light, Lustrous",Indian
Teja,F,Radiant,Indian
Tejal,F,Radiant,Indian
Tejas,M,Sharpness,Indian
Tejaswini,F,Radiant,Indian
Tekla,F,Divine fame,Greek
Telfer,M,Works in iron,French
Telfor,M,Works in iron,French
Telford,M,Works in iron,French
Telfour,M,Works in iron,French
Tellan,M,Considers,Anglo-Saxon
Telly,M,Gift of God,Greek
Telma,F,Nursing,Greek
Telma,F,Nursing,Spanish
Telutci,M,Bear making dust (Miwok),Native American
Tem,M,County,English
Tema,F,"Righteous, A palm tree",Hebrew
Teman,M,"Right hand, South",Hebrew
Temani,M,Of Teman,Hebrew
Teme,F,Without flaw,Hebrew
Temima,F,Without flaw,Hebrew
Temina,F,Honest,Hebrew
Temira,F,Tall,Hebrew
Temman,M,Tame,Anglo-Saxon
Tempeltun,M,From the temple farm,English
Tempest,F,Storm,French
Tempest,F,"Turbulent, Stormy",English
Tempeste,F,Stormy,French
Tempestt,F,Storm,French
Temple,M,Temple-town,English
Temple,F,Temple-town,English
Templeton,M,Temple-town,English
Tennessee,M,Son of Dennis,English
Tennis,M,Of dionysus,Greek
Tennison,M,Son of Dennis,English
Tenny,M,Son of Dennis,English
Tennyson,M,Of dionysus,Greek
Tennyson,M,Son of Dennis,English
Tentagil,M,Land of Igraine,Arthurian Legend
Teo,M,God,Spanish
Teoboldo,M,The boldest,German
Teodor,M,Gift of God,Greek
Teodor,M,Gift of God,Spanish
Teodora,F,Gift of God,Greek
Teodora,F,Gift of God,Spanish
Teodore,M,Gift of God,Greek
Teodoro,M,Gift from God,Spanish
Teodoro,M,Gift of God,Greek
Teon,M,Harms,Anglo-Saxon
Teppi,F,Pretty in face,Greek
Teppo,M,Victorious,Hebrew
Tera,F,"Earth, Land",Latin
Terance,M,"Polished, Tender",Latin
Terceira,F,Born third,Spanish
Terciero,M,Born third,Spanish
Terell,M,Powerful,English
Terell,M,Powerful,German
Terena,F,"Earth, Land",Latin
Terence,M,"Polished, Tender",Latin
Terence,M,Roman clan name,English
Terence,M,Roman clan name,Irish
Terencio,M,"Polished, Tender",Latin
Terenna,F,Earthly,Latin
Terentia,F,Guardian,Greek
Terentius,M,"Polished, Tender",Latin
Teresa,F,Reaper,Greek
Teresa,F,Saint's name,Spanish
Teresita,F,Saint's name,Spanish
Teressa,F,Reaper,Greek
Teri,M,"Polished, Tender",Latin
Teri,F,Reaper,Greek
Teri,F,Saint's name,English
Teriana,F,Saint's name,English
Teriann,F,Saint's name,English
Terika,M,Saint's name,English
Terika,F,Saint's name,English
Terilynn,F,Saint's name,English
Teris,M,Son of Terrence,Irish
Terje,M,Of Thor's spear,Norse
Terra,F,"Earth, Land",Latin
Terrall,M,Powerful,English
Terrall,M,Powerful,German
Terran,M,Earthman,English
Terrance,M,Roman clan name,English
Terrel,M,Powerful,German
Terrel,M,Thunderer,English
Terrell,M,Powerful,German
Terrell,M,Thunder ruler,English
Terrelle,M,Powerful,English
Terrelle,M,Powerful,German
Terrena,F,Earthly,Latin
Terrence,M,"Polished, Tender",Latin
Terrence,M,Roman clan name,English
Terrence,M,Tender,Irish
Terrenna,F,Earthly,Latin
Terri,F,Reaper,Greek
Terri,F,Saint's name,English
Terrie,F,Saint's name,English
Terrill,M,Powerful,German
Terrill,M,Thunder ruler,English
Terrin,M,Earthman,English
Terrin,F,Saint's name,English
Terris,M,"Polished, Tender",Latin
Terris,M,Son of Terrell,English
Terriss,M,Son of Terrence,Irish
Terron,M,Earthman,English
Terry,M,"Polished, Tender",Latin
Terry,M,Roman clan name,English
Terry,F,"Earth, Land",Latin
Terry,F,Reaper,Greek
Terry,F,Saint's name,English
Terryn,F,Saint's name,English
Terrys,M,Son of Terrell,English
Tertia,F,The third,Latin
Teru,F,Good,African
Teryn,F,Saint's name,English
Teryysone,M,Son of Terrell,English
Tesia,F,Loved by God,Polish
Tess,F,Essence,Latin
Tess,F,Fourth born,Greek
Tess,F,Saint's name,English
Tessa,F,Countess,Italian
Tessa,F,Essence,Latin
Tessa,F,Reaper,Greek
Tessa,F,Saint's name,English
Tessia,F,Saint's name,English
Tessica,F,Reaper,Greek
Tessie,F,Fourth born,Greek
Tessie,F,Saint's name,English
Tessy,F,Fourth born,Greek
Teva,F,Twin,Scottish
Tevin,M,Hillside,Irish
Tevin,M,Twin,Scottish
Tevis,M,Hillside,Irish
Tevis,M,Twin,Scottish
Tewart,M,A type of Eucalypt,Australian Abori
Teyen,M,From the enclosure,English
Teyo,M,God,Spanish
Teyrnon,M,Regal,Celtic
Thacher,M,Roofer,English
Thacker,M,Roofer,English
Thackere,M,Roofer,English
Thad,M,"Courageous, One who praises",Latin
Thada,M,"Courageous, One who praises",Latin
Thaddaus,M,"Courageous, One who praises",Latin
Thaddea,M,"Courageous, One who praises",Latin
Thaddeaus,M,"Courageous, One who praises",Latin
Thaddeus,M,"Courageous, One who praises",Latin
Thaddeus,M,One of Christ's 12 apostles,English
Thaddeus,M,Wise,Hebrew
Thadea,M,"Courageous, One who praises",Latin
Thadina,F,Given praise,Hebrew
Thadine,F,Given praise,Hebrew
Thai,M,"Many, Multiple",Vietnamese
Thain,M,Follower,English
Thais,F,The bond,Greek
Thaisa,F,Appeared in Pericles,Shakespearian
Thalassa,F,From the sea,Greek
Thalia,F,"Blooming, Plentiful",Greek
Thalia,F,Near water,Australian Abori
Thaliard,M,Appeared in Pericles,Shakespearian
Thalius,F,"Blooming, Plentiful",Greek
Thaman,M,Name of a God,Indian
Than,M,Brilliant,Vietnamese
Than,M,Death,Greek
Than,M,Million,Burmese
Than,F,Brilliant,Vietnamese
Than,F,Death,Greek
Than,F,Million,Burmese
Thana,F,Gratitude,Arabic
Thane,M,Anglo-Saxon and Scottish feudal lords' title,Anglo-Saxon
Thane,M,Anglo-Saxon and Scottish feudal lords' title,Scottish
Thane,M,Follower,English
Thanh,M,"Bright, Clear, Elegant",Vietnamese
Thanh,F,Brilliant,Vietnamese
Thanos,M,Noble,Greek
Thant,M,Clean,Burmese
Thant,F,Clean,Burmese
Thara,F,Wealth,Arabic
Thatcher,M,Roofer,English
Thaung,M,10 thousand,Burmese
Thaung,F,10 thousand,Burmese
Thaw,M,Thaw,English
Thawain,M,Thaw,English
Thaxter,M,Roofer,English
Thayne,M,Follower,English
Thea,F,"Healer, Wholesome",Greek
Thearl,M,Stem,English
Thebault,M,The boldest,German
Theda,F,Gift of God,Greek
Thedora,F,Gift of God,Greek
Thein,M,100 thousand,Burmese
Thein,F,100 thousand,Burmese
Theingi,M,Gold,Burmese
Theingi,F,Gold,Burmese
Thekla,F,Divine fame,Greek
Thelma,F,Nursing,Greek
Theo,M,The boldest,German
Theobald,M,The boldest,Irish
Theobold,M,The boldest,German
Theodor,M,Gift of God,Greek
Theodora,F,Gift of God,Greek
Theodore,M,Gift of God,Greek
Theodore,F,Talented one,Greek
Theodoric,M,People's ruler,Teutonic
Theodosia,F,Gift of God,Greek
Theomund,M,National protector,English
Theomund,M,Wealthy defender,Anglo-Saxon
Theon,M,Untamed,French
Theone,F,Gift of God,Greek
Theophania,F,Gift of God,Greek
Theophilia,F,Gift of God,Greek
Theophilus,M,Beloved by God,Greek
Theora,F,Gift of God,Greek
Thera,F,Wild,Greek
Theresa,F,Reaper,Greek
Therese,F,Reaper,Greek
Therese,F,Saint's name,French
Theron,M,Hunter,Greek
Theron,M,Untamed,French
Therron,M,Untamed,French
Thersites,M,Appeared in Troilus & Cressida,Shakespearian
Theseus,M,Appeared in Midsummer Night's Dream,Shakespearian
Thet,M,Calm,Burmese
Thet,F,Calm,Burmese
Theyn,M,Follower,English
Thibaud,M,Rule of the peop]e,French
Thibaud,M,The boldest,German
Thibaut,M,The boldest,German
Thida,M,Water,Burmese
Thida,F,Water,Burmese
Thidias,M,Appeared in Antony & Cleopatra,Shakespearian
Thieny,M,Rule of the peop]e,French
Thierry,M,People's ruler,Teutonic
Thierry,M,"Powerful, People's ruler",French
Thiri,M,Gold,Burmese
Thiri,F,Gold,Burmese
Thirza,F,Delightful,Hebrew
Thisbe,F,Where the doves live,Greek
Thistle,F,Thistle,English
Tholy,M,"Furrow, Hill",Hebrew
Thom,M,Twin,English
Thom,M,Twin,Greek
Thoma,M,Twin,Hebrew
Thomas,M,Twin,Greek
Thomas,M,Twin,Hebrew
Thomas (Friar),M,Appeared in Measure for Measure,Shakespearian
Thomas Erpingham (Sir),M,Appeared in Henry V,Shakespearian
Thomasa,F,Twin,Greek
Thomasin,F,Twin,Hebrew
Thomasina,F,Twin,Greek
Thomasine,F,Twin,Greek
Thomasssa,F,Twin,Greek
Thomdic,M,From the thorny dike,English
Thomkins,M,Little Tom,English
Thompson,M,Twin,English
Thompson,M,Twin,Greek
Thomsina,F,Twin,Hebrew
Thomson,M,Twin,Greek
Thor,M,Thunder,Norse
Thora,F,Thunder,Norse
Thorald,M,From Thor's meadow,English
Thoraldtun,M,From the thunder estate,English
Thorbert,M,From Thor's meadow,English
Thorbert,M,Thunder,Norse
Thorburn,M,From Thor's meadow,English
Thordia,F,Thunder,Norse
Thordis,M,Thunder,Norse
Thorley,M,From Thor's meadow,English
Thormond,M,From Thor's meadow,English
Thormund,M,Thor's protection,English
Thorn,M,Town of thorns,English
Thorndike,M,From the thorny dike,English
Thorndyke,M,Thorn tree,English
Thorne,M,Thorn tree,English
Thornley,M,Thorn tree,English
Thornly,M,From the thorny meadow,English
Thornton,M,Thorn tree,English
Thorntun,M,From the thorn tree farm,English
Thorp,M,From the village,English
Thorpe,M,From the village,English
Thos,M,Twin,Greek
Thrythwig,M,Strong warrior,English
Thunder,M,Stormy tempered,English
Thura,M,Sun,Burmese
Thura,F,Sun,Burmese
Thurber,M,From Thor's meadow,English
Thurborn,M,Dweller by Thor's stream,Teutonic
Thurein,M,Sun,Burmese
Thurein,F,Sun,Burmese
Thurhloew,M,From Thor's hill,English
Thurio,M,Appeared in Two Gentlemen of Verona,Shakespearian
Thurl,M,Strong fort,Irish
Thurle,M,Strong fort,Irish
Thurleah,M,From Thor's meadow,English
Thurleigh,M,From Thor's meadow,English
Thurlow,M,From Thor's meadow,English
Thurman,M,From Thor's meadow,English
Thurmon,M,From Thor's meadow,English
Thurmond,M,From Thor's meadow,English
Thurstan,M,Thor's stone,English
Thurstin,M,Thor's stone,Norse
Thurston,M,Thor's stone,English
Thurston,M,Thor's stone,Norse
Thurstun,M,Thor's stone,English
Thuya,M,Sun,Burmese
Thuya,F,Sun,Burmese
Thuza,M,Angel,Burmese
Thuza,F,Angel,Burmese
Thwaite,M,"Clearing, Enclosure",Scandinavian
Thwayya,F,Star,Arabic
Thyra,F,Shieldbearer,Greek
Thyrza,F,"Sweet-natured, Cypress tree",Hebrew
Tia,F,Aunt,Spanish
Tia,F,Princess,Greek
Tiahna,F,Princess,English
Tiana,F,Aunt,Spanish
Tiana,F,Princess,Greek
Tiane,F,Princess,English
Tianna,M,Prince,English
Tianna,F,Aunt,Spanish
Tianna,F,Princess,English
Tianna,F,Princess,Greek
Tiara,F,Flower name,Latin
Tiara,F,Turban,Greek
Tiarchnach,M,Regal,Irish
Tiauna,F,Princess,English
Tibalt,M,People's prince,Greek
Tibalt,M,The boldest,German
Tibault,M,Rule of the peop]e,French
Tibbot,M,The boldest,Irish
Tibelda,F,The boldest,German
Tibelde,F,The boldest,German
Tibeldie,F,The boldest,German
Ticia,F,Joy,Latin
Tie,M,Tailor,English
Tie,F,Tailor,English
Tiegh,M,Enclosed,English
Tien,F,"Laurel crown, The crown of victory",Greek
Tiena,F,"Laurel crown, The crown of victory",Greek
Tienette,F,"Laurel crown, The crown of victory",Greek
Tier,M,Regal,Irish
Tiernan,M,Lord,Gaelic
Tiernan,M,Regal,Celtic
Tiernan,M,Regal,Irish
Tiernay,M,Regal,Celtic
Tierney,M,Lord,Gaelic
Tierney,M,Regal,Celtic
Tierney,M,Regal,Irish
Tierra,F,"Earth, Land",Spanish
Tiesha,F,Joyful,English
Tifanee,F,Appearance of God,French
Tifany,F,Appearance of God,French
Tiff,F,Appearance of God,French
Tiffanie,F,Appearance of God,English
Tiffanie,F,Appearance of God,French
Tiffany,F,Appearance of God,French
Tiffie,F,Appearance of God,French
Tiffney,M,Appearance of God,English
Tiffney,F,Appearance of God,English
Tiffney,F,Appearance of God,French
Tiffy,F,Appearance of God,French
Tigh,M,Enclosed,English
Tighe,M,Enclosed,English
Tighe,M,"Poet, Handsome",Irish
Tighearnach,M,Regal,Irish
Tihalt,M,People's prince,German
Tihamér,M,Likes silence,Hungarian
Tihkoosue,M,Short (Algonquin),Native American
Tiki,M,"One who is fetched, as in a spirit after death",Polynesian
Tikva,F,Hope,Hebrew
Tila,M,Good,English
Tila,F,"Battle maiden, Strength",German
Tiladene,M,From the fertile valley,English
Tilak,M,Spot of vermillion or sandal wood paste on forehead,Indian
Tilda,F,"Battle maiden, Strength",German
Tilda,F,Mighty in war,French
Tilden,M,From the fertile valley,English
Tilford,M,From the fertile ford,English
Tilian,M,Strives,Anglo-Saxon
Tillie,F,"Battle maiden, Strength",German
Tillman,M,Virile,English
Tilly,F,"Battle maiden, Strength",German
Tilly,F,Mighty in war,French
Tilman,M,Virile,English
Tilton,M,From the good estate,English
Tim,M,One who honors God,English
Tim,M,One who honors God,Greek
Timandra,F,Appeared in Timon of Athens,Shakespearian
Timandra,F,Daughter of hero tyndareus,Greek
Timeus,M,Perfect,Greek
Timin,M,Large fish,Indian
Timmie,M,One who honors God,Greek
Timmy,M,One who honors God,English
Timmy,M,One who honors God,Greek
Timo,M,One who honors God,Greek
Timo,M,One who honors God,Spanish
Timoleon,M,I honor what I say,Greek
Timon,M,Appeared in Timon of Athens,Shakespearian
Timon,M,One who honors God,English
Timon,M,One who honors God,Greek
Timora,F,One who honors God,Greek
Timoteo,M,One who honors God,Greek
Timoteo,M,One who honors God,Spanish
Timothea,F,One who honors God,Greek
Timotheus,M,One who honors God,Greek
Timothy,M,One who honors God,English
Timothy,M,One who honors God,Greek
Timur,M,Iron,Hebrew
Timur,M,Iron,Hungarian
Tina,F,Heavenly,Latin
Tina,F,River,English
Tina,F,River,Indian
Tine,M,River,English
Tinh,M,"Mindful, Aware",Vietnamese
Tinka,F,The day,Australian Abori
Tintagel,M,Land of Igraine,Arthurian Legend
Tionna,F,Princess,English
Tipene,M,"Crown, Wreath",Maori
Tiphany,F,Appearance of God,French
Tiponi,F,Child of importance (Hopi),Native American
Tiponya,F,Owl poking the hatching egg (Miwok),Native American
Tipper,M,A well,Irish
Tipper,F,A well,Irish
Tira,F,Land,Scottish
Tirell,M,Thunderer,English
Tirranna,F,Running water,Australian Abori
Tirza,F,"Sweet-natured, Cypress tree",Hebrew
Tis-see-woo-na-tis,F,She who bathes with her knees (Cheyenne),Native American
Tisa,F,Ninth born,African
Tish,F,Noble one,Latin
Titan,M,Of the giants,Greek
Titania,F,Appeared in Midsummer Night's Dream,Shakespearian
Titania,F,Giant,Greek
Titi,F,Flower,African
Titian,F,Red-gold,Greek
Tito,M,"Bright, Famous",English
Tito,M,Giant,Spanish
Tito,M,Of the giants,Greek
Titus,M,"Appeared in Coriolanus, Timon of Athens",Shakespearian
Titus,M,Of the giants,Greek
Titus Andronicus,M,Appeared in Titus Andronicus,Shakespearian
Titusz,M,"Dove, Honored",Hungarian
Tiva,F,Dance (Hopi),Native American
Tivadar,M,Gift of God,Hungarian
Tivon,M,Loves nature,Hebrew
Tivona,F,Loves nature,Hebrew
Tiwesdaeg,F,Born on Tuesday,English
Toa,F,Woman of the Sea,African
Toakase,F,Woman of the Sea,African
Toba,F,Goodly,Hebrew
Tobey,M,Goodness of God,English
Tobey,M,Goodness of God,Hebrew
Tobia,M,Goodness of God,Hebrew
Tobiah,M,Goodness of God,Hebrew
Tobiah,M,Jah is good.,English
Tobias,M,Goodness of God,Hebrew
Tobias,M,Goodness of God,Spanish
Tobie,M,Goodness of God,English
Tobin,M,Goodness of God,English
Tobin,M,Goodness of God,Hebrew
Tobit,M,Goodness of God,Hebrew
Tobrecan,M,Destroys,Anglo-Saxon
Tobrytan,M,Crushes,Anglo-Saxon
Toby,M,Goodness of God,English
Toby,M,Goodness of God,Hebrew
Toby Belch (Toby),M,Appeared in Twelfth Night,Shakespearian
Tobyn,M,Goodness of God,English
Tocho,M,Mountain lion (Hopi),Native American
Tod,M,"Fox, Clever, Wily",English
Todd,M,Fox,Scottish
Todd,M,"Fox, Clever, Wily",English
Toft,M,From the small farm,English
Togquos,M,Twin (Algonquin),Native American
Tohias,M,God is great,Spanish
Tohopka,M,Wild beast (Hopi),Native American
Tohy,M,Goodness of God,Hebrew
Toibe,F,Goodly,Hebrew
Toinette,F,"Priceless, Flourishing, Flower",Latin
Toireasa,F,Reaper,Greek
Toireasa,F,Strong,Irish
Tokala,M,Fox (Dakota),Native American
Tokiko,F,Child of Toki,Japanese
Tola,F,Priceless,Polish
Tolan,M,From the taxed land,Anglo-Saxon
Toland,M,From the taxed land,Anglo-Saxon
Toland,M,Owns taxed land,English
Toli,M,Farmer,Spanish
Tolland,M,Owns taxed land,English
Tolly,M,"Furrow, Hill",Hebrew
Tolman,M,Collects taxes,English
Tolucan,M,Destroys,Anglo-Saxon
Tom,M,Twin,English
Tom,M,Twin,Greek
Tomaj,M,Name of a clan,Hungarian
Tomas,M,Twin,Greek
Tomas,M,Twin,Hebrew
Tomas,M,Twin,Spanish
Tomasina,F,Twin,English
Tomasina,F,Twin,Greek
Tomasina,F,Twin,Hebrew
Tomasine,F,Twin,Hebrew
Tomaso,M,Twin,Greek
Tomek,M,Twin,Hebrew
Tomiko,F,Child of Tomi,Japanese
Tomkin,M,Little Tom,English
Tomlin,M,Little Tom,English
Tommie,F,Twin,English
Tommie,F,Twin,Greek
Tommy,M,Twin,English
Tommy,M,Twin,Greek
Tommy,F,Twin,Greek
Tomo,M,Twin,Japanese
Tomor,M,Iron,Hebrew
Tomor,M,Iron,Hungarian
Tompkin,M,Little Tom,English
Tone,M,"Priceless, Flourishing, Flower",Latin
Toney,M,"Priceless, Flourishing, Flower",Latin
Tong,M,Fragrant,Vietnamese
Toni,M,"Priceless, Flourishing, Flower",Latin
Toni,F,Beyond praise,English
Toni,F,"Priceless, Flourishing, Flower",Latin
Tonia,F,Beyond praise,English
Tonia,F,"Priceless, Flourishing, Flower",Latin
Tonie,M,"Priceless, Flourishing, Flower",Latin
Tonio,M,"Priceless, Flourishing, Flower",Latin
Tonio,M,"Priceless, Flourishing, Flower",Spanish
Tonisha,F,Beyond praise,English
Tony,M,Highly praiseworthy,English
Tony,M,"Priceless, Flourishing, Flower",Latin
Tony,F,"Priceless, Flourishing, Flower",Latin
Tony,F,Triumphant,English
Tonya,F,"Priceless, Flourishing, Flower",Latin
Tooantuh,M,Spring frog (Cherokee),Native American
Toora,F,Woman,Australian Abori
Topaz,F,A yellow gemstone,Latin
Tor,M,"From the rocky hills, Watchtower",Irish
Tor,M,"From the rocky hills, Watchtower",Scottish
Tor,M,Son of Pellinore,Arthurian Legend
Tor,M,Thunder,Norse
Tora,F,Thunder,Norse
Toran,M,"From the rocky hills, Watchtower",Irish
Toran,M,"From the rocky hills, Watchtower",Scottish
Torean,M,"From the rocky hills, Watchtower",Irish
Torean,M,"From the rocky hills, Watchtower",Scottish
Toren,M,"From the rocky hills, Watchtower",Irish
Toren,M,"From the rocky hills, Watchtower",Scottish
Torence,M,"From the rocky hills, Watchtower",Irish
Torence,M,"From the rocky hills, Watchtower",Scottish
Torey,M,From the low hills,Celtic
Torey,M,From the low hills,Gaelic
Torey,M,"From the rocky hills, Watchtower",English
Torey,M,"From the rocky hills, Watchtower",Irish
Torey,M,"From the rocky hills, Watchtower",Scottish
Torey,F,Triumphant,Scottish
Torey,F,Victory,Latin
Torgny,M,Weapon Clatter,Scandinavian
Torht,M,Bright,Anglo-Saxon
Torhte,M,Bright,Anglo-Saxon
Tori,M,From the low hills,Celtic
Tori,M,From the low hills,Gaelic
Tori,F,Bird,Japanese
Tori,F,Triumphant,English
Tori,F,Victory,Latin
Toria,F,Victory,Latin
Toriana,F,Triumphant,English
Toril,F,Female Warrior,Scandinavian
Torin,M,"Chief, Leader",Celtic
Torin,M,"From the rocky hills, Watchtower",Irish
Torin,M,"From the rocky hills, Watchtower",Scottish
Torion,M,"From the rocky hills, Watchtower",Irish
Torion,M,"From the rocky hills, Watchtower",Scottish
Torley,M,From Thor's meadow,English
Tormaigh,M,Thunder spirit,Irish
Tormey,M,Thunder spirit,Irish
Torn,M,From the thom tree,English
Toro,M,"Bull-like, Born under the sign of Taurus",Spanish
Torold,M,From Thor's meadow,English
Torr,M,From the low hills,Celtic
Torr,M,From the low hills,Gaelic
Torr,M,Tower,Anglo-Saxon
Torr,M,Tower,English
Torra,F,From the castle,Scottish
Torran,M,"From the rocky hills, Watchtower",Irish
Torran,M,"From the rocky hills, Watchtower",Scottish
Torrance,M,From the knolls,Irish
Torrance,M,From the low hills,Celtic
Torrance,M,From the low hills,Gaelic
Torrance,M,"From the rocky hills, Watchtower",Scottish
Torrans,M,From the knolls,Irish
Torree,F,Triumphant,Scottish
Torrence,M,"From the rocky hills, Watchtower",Irish
Torrence,M,"From the rocky hills, Watchtower",Scottish
Torrey,M,From the low hills,Celtic
Torrey,M,From the low hills,Gaelic
Torrey,M,"From the rocky hills, Watchtower",English
Torrey,M,"From the rocky hills, Watchtower",Irish
Torrey,M,"From the rocky hills, Watchtower",Scottish
Torrey,F,Triumphant,English
Torri,F,Triumphant,Scottish
Torri,F,Victory,Latin
Torrian,M,"From the rocky hills, Watchtower",Irish
Torrian,M,"From the rocky hills, Watchtower",Scottish
Torrie,M,"From the rocky hills, Watchtower",Scottish
Torrie,F,Triumphant,English
Torry,M,From the low hills,Celtic
Torry,M,From the low hills,Gaelic
Torry,M,"From the rocky hills, Watchtower",Scottish
Torsten,M,Little Tom,English
Torsten,M,Thor's stone,Norse
Tory,M,From the knolls,Irish
Tory,M,From the low hills,Celtic
Tory,M,"From the rocky hills, Watchtower",English
Tory,M,"From the rocky hills, Watchtower",Scottish
Tory,F,Triumphant,Scottish
Toryn,M,Chief,Irish
Tosh,F,Born at Christmas,Latin
Tosha,F,Born at Christmas,English
Tosha,F,Born at Christmas,Latin
Tosia,F,Inestimable,Latin
Tostig,M,Name of an earl,English
Totsi,F,Moccasins (Hopi),Native American
Touchstone,M,Appeared in As You Like It,Shakespearian
Toukere,M,Tucker of doth,English
Tournour,M,Lather worker,English
Toussnint,M,All saints,French
Tova,M,Goodness of God,Hebrew
Tova,F,Goodly,Hebrew
Tove,F,Good,Hebrew
Tovi,M,Goodness of God,Hebrew
Towley,M,From the town meadow,English
Towne,M,From the end of the town,English
Townes,M,From the end of the town,English
Townley,M,From the end of the town,English
Townly,M,From the town meadow,English
Townsend,M,From the end of the town,English
Toyah,F,Toy,Scandinavian
Toyo,M,Plentiful,Japanese
Toyo,F,Plentiful,Japanese
Trace,M,Brave,Anglo-Saxon
Trace,M,From Thracia,English
Trace,M,From Thracia,French
Tracee,F,"Path, Roadway",English
Tracey,M,Brave,Anglo-Saxon
Tracey,F,"Path, Roadway",French
Tracey,F,Reaper,Greek
Traci,F,"Path, Roadway",English
Tracie,F,Reaper,Greek
Tracy,M,Brave,Anglo-Saxon
Tracy,M,From Thracia,English
Tracy,M,From Thracia,French
Tracy,F,"Path, Roadway",French
Tracy,F,Reaper,Greek
Trahaearn,M,Strong as iron,Welsh
Trahern,M,Strong as iron,Celtic
Trahern,M,Strong as iron,Welsh
Traigh,M,Strand,Irish
Tramaine,M,From the big town,English
Tran,M,A family name,Vietnamese
Tranio,M,Appeared in Taming of the Shrew,Shakespearian
Tranter,M,Wagon driver,English
Traveon,M,Fair town,English
Travers,M,From the crossroads,French
Travion,M,Fair town,English
Travis,M,"Crossing, Crossroads",English
Travis,M,"Crossing, Crossroads",French
Travon,M,Fair town,English
Tray,M,Strong as iron,Welsh
Tray,M,Third born,English
Treabhar,M,Prudent,Irish
Treacy,M,Fighter,Irish
Treadway,M,Strong warrior,English
Treasa,F,Strong,Celtic
Treasa,F,Strong,Irish
Treasach,M,Fighter,Irish
Treasigh,M,Fighter,Irish
Tredan,M,Tramples,Anglo-Saxon
Treddian,M,Leaves,Anglo-Saxon
Tredway,M,Strong warrior,English
Treffen,M,Meets,German
Trefor,M,Cautious,Gaelic
Trefor,M,Wise,Celtic
Treise,F,Strong,Irish
Trella,F,Star,Spanish
Tremain,M,From the big town,English
Tremaine,M,From the big town,English
Tremaine,M,From the town encircled by stone,Celtic
Tremayne,M,From the big town,English
Tremayne,M,From the town encircled by stone,Celtic
Trennen,M,Divides,German
Trent,M,Dweller by the river Trent,English
Trent,M,Torrent,Latin
Trenten,M,Dweller by the river Trent,English
Trentin,M,Dweller by the river Trent,English
Trenton,M,Dweller by the river Trent,English
Trenton,M,Torrent,Latin
Trenus,M,Torrent,Latin
Treowbrycg,M,From the tree bridge,English
Treowe,M,Loyal,English
Treoweman,M,Loyal,English
Tresa,F,Saint's name,German
Tressa,F,Reaper,Greek
Tretan,M,Walks,German
Treva,F,Prudent,Celtic
Trevan,M,Fair town,English
Treve,F,Prudent,Celtic
Treven,M,Fair town,English
Trever,M,Crossing,French
Treves,M,Place name,French
Trevian,M,Fair town,English
Trevion,M,Fair town,English
Trevls,M,Place name,English
Trevon,M,Fair town,English
Trevonn,M,Fair town,English
Trevor,M,Cautious,Gaelic
Trevor,M,Prudent,Irish
Trevor,M,Wise,Celtic
Trevrizent,M,Percival's uncle,Arthurian Legend
Trevyn,M,Fair town,English
Trey,M,Third born,English
Tricia,F,Noble one,Latin
Trilby,F,One who sings musical thrills,Italian
Trilochan,M,"One with three eyes, Shiva",Indian
Trilochana,F,Three eyed,Indian
Trilok,M,"The three worlds (heaven, earth, hell)",Indian
Trin,F,The holy three,Latin
Trina,F,"Pure, Innocent",Greek
Trinculo,M,Appeared in The Tempest,Shakespearian
Trind,F,Pure,Swedish
Trinetta,F,Little innocent,French
Trinette,F,Little innocent,French
Triniti,F,The holy three,Latin
Trinity,F,The holy three,Latin
Triny,F,The holy three,Latin
Trip,M,Traveler,English
Tripp,M,Traveler,English
Tripper,M,Traveler,English
Trisa,F,Noble one,English
Trish,F,Noble one,English
Trish,F,Noble one,Latin
Trisha,F,Noble one,English
Trishna,F,Thirst,Indian
Trista,M,Outcry,English
Trista,F,Outcry,English
Trista,F,Sorrowful,Latin
Tristan,M,A knight,Arthurian Legend
Tristan,M,Laborer,Latin
Tristan,M,Noisy one,Welsh
Tristan,M,Outcry,Celtic
Tristan,M,Outcry,English
Tristan,M,Outcry,French
Tristen,M,Outcry,Arthurian Legend
Tristen,M,Outcry,Celtic
Tristen,M,Outcry,English
Tristen,M,Outcry,French
Tristen,F,Outcry,English
Tristian,M,Outcry,Arthurian Legend
Tristian,M,Outcry,Celtic
Tristian,M,Outcry,English
Tristian,M,Outcry,French
Tristin,M,Outcry,Arthurian Legend
Tristin,M,Outcry,Celtic
Tristin,M,Outcry,English
Tristin,M,Outcry,French
Tristina,F,Outcry,English
Tristram,M,A knight,Arthurian Legend
Tristram,M,Laborer,Latin
Tristram,M,Noisy one,Welsh
Trixie,F,"Cheerful, Brings joy",English
Trixie,F,"Happy, Bringer of joy",Latin
Trixy,F,"Happy, Bringer of joy",Latin
Troi,M,The city of Troy,English
Troilus,M,Place name,French
Trowbrydge,M,From the tree bridge,English
Trowhridge,M,From the tree bridge,English
Troy,M,Curly haired,French
Troy,M,The city of Troy,English
Troy,F,Place name,French
Troye,M,The city of Troy,English
Troyes,M,Curly haired,French
Truda,F,Fighting woman,German
Trudchen,F,Fighting woman,German
Trude,F,Fighting woman,German
Trude,F,Spear maiden,Teutonic
Trudi,F,Spear maiden,Teutonic
Trudie,F,Spear maiden,Teutonic
Trudy,F,Beloved,English
Trudy,F,Spear maiden,Teutonic
True,M,"Disciple, Loyal",English
True,F,Spear maiden,Teutonic
Trueman,M,"Disciple, Loyal",English
Truesdale,M,"Disciple, Loyal",English
Truesdell,M,From the beloved one's farm,English
Truitestall,M,From the beloved one's farm,English
Truman,M,"Disciple, Loyal",English
Trumbald,M,"Strong, Brave",English
Trumble,M,"Strong, Brave",English
Trumen,M,"Disciple, Loyal",English
Trumhall,M,"Strong, Brave",English
Trupti,F,Satiatedness,Indian
Trusha,F,Thirst,Indian
Truta,F,Spear maiden,Teutonic
Tryamon,F,A fairy princess,Arthurian Legend
Trymian,M,Encourages,Anglo-Saxon
Trymman,M,Strengthen,Anglo-Saxon
Tryne,F,Pure,Dutch
Tryp,M,Traveler,English
Tryphena,F,Dainty,Latin
Trypp,M,Traveler,English
Tse,M,Rock (Navajo),Native American
Tsidhqiyah,M,God's justice,Hebrew
Tsifira,F,Crown,Hebrew
Tsiishch'ili,M,Curly haired (Navajo),Native American
Ts~egan,M,Crane (Algonquin),Native American
Tu,M,Star,Vietnamese
Tu,F,Star,Vietnamese
Tu-Sha,F,Beautiful eyes (Shanay),Native American
Tuart,M,A type of Eucalypt,Australian Abori
Tubal,M,Appeared in Merchant of Venice,Shakespearian
Tuck,M,Tailor,English
Tucker,M,Tailor,English
Tuckere,M,Tucker of doth,English
Tuckman,M,Tailor,English
Tuesday,F,Born on Tuesday,English
Tugenda,F,Virtue,German
Tuketu,M,Bear making dust (Miwok),Native American
Tulasi,F,"A sacred plant, Basil",Indian
Tulasidas,M,"Servant of Tulasi, Basil plant",Indian
Tulio,M,Lively,Spanish
Tullia,F,Peaceful,Irish
Tullus Aufidus,M,Appeared in Coriolanus,Shakespearian
Tully,M,Peaceful,Irish
Tully,F,Peaceful one,Gaelic
Tun,M,Success,Burmese
Tun,F,Success,Burmese
Tungar,M,"High, Lofty",Indian
Tungesh,M,Moon,Indian
Tunleah,M,From the town meadow,English
Tuomas,M,Twin,Hebrew
Tupi,M,To pull up (Miwok),Native American
Tupper,M,Ram herder,English
Tuppere,M,Ram herder,English
Turi,M,Bear,Celtic
Turi,M,Bear,Spanish
Turi,M,The name of a great chief,Polynesian
Turien,M,Privileged birth,Celtic
Turio,M,Privileged birth,Celtic
Turner,M,Carpenter,English
Turner,M,Champion in a tournament,French
Turpin,M,Thunder-Finn,Norse
Turstan,M,Thor's stone,Norse
Turua,F,Beautiful,Polynesian
Tushar,M,Fine drops of water,Indian
Tusti,F,"Peace, Joy",Indian
Tutyahu,M,Goodness of God,Hebrew
Tuvya,M,Goodness of God,Hebrew
Tuwa,F,Earth (Hopi),Native American
Tuyen,M,Angelic,Vietnamese
Twain,M,Two pieces,English
Twein,M,Cut in two,English
Twiford,M,From the double river ford,English
Twitchel,M,Lives on a narrow passage,English
Twitchell,M,Lives on a narrow passage,English
Twyford,M,From the double river ford,English
Twyla,F,Woven,English
Ty,M,Person from Tyre,Latin
Tybalt,M,Appeared in Romeo & Juliet,Shakespearian
Tybalt,M,The boldest,German
Tyce,M,Fiery,English
Tyce,M,Fiery,French
Tye,M,Enclosed,English
Tyee,M,Chief,Native American
Tyeis,M,Son of a German,French
Tyeson,M,Fiery,English
Tyeson,M,Fiery,French
Tyesone,M,Son of Tye,English
Tyfiell,M,Scandinavian god of battle,English
Tyfiell,M,Scandinavian god of battle,Irish
Tyg,M,From the enclosure,English
Tyla,M,Good,English
Tyler,M,"Tiler, Roofer",English
Tylere,M,"Tiler, Roofer",English
Tylor,M,"Tiler, Roofer",English
Tymon,M,Honoring God,Greek
Tyna,F,River,English
Tynan,M,Enclosed,English
Tynan,M,Surname,Irish
Tyne,M,River,English
Tyne,F,River,English
Tyra,F,God of Battle,Scandinavian
Tyra,F,Land,Scottish
Tyree,M,Scandinavian god of battle,Scottish
Tyreece,M,Scandinavian god of battle,English
Tyreece,M,Scandinavian god of battle,Irish
Tyrel,M,Scandinavian god of battle,English
Tyrel,M,Scandinavian god of battle,Irish
Tyrell,M,Scandinavian god of battle,Irish
Tyrell,M,Thunderer,English
Tyrelle,M,Scandinavian god of battle,English
Tyrelle,M,Scandinavian god of battle,Irish
Tyrnan,M,Lord,Gaelic
Tyrnan,M,Regal,Celtic
Tyron,M,King,Greek
Tyrone,M,From Owen's territory,Irish
Tyrone,M,King,Greek
Tyronne,M,From Owen's territory,Irish
Tyrus,M,Person from Tyre,English
Tyrus,M,Person from Tyre,Latin
Tyrza,F,"Sweet-natured, Cypress tree",Hebrew
Tyson,M,Son of Tye,English
Tyson,M,Son of a German,French
Tzadok,M,Just,Hebrew
Tzefanyah,M,Treasured by God,Hebrew
Tzefanyahu,M,Treasured by God,Hebrew
Tzilla,F,"Defender, Guard",Hebrew
Tzion,M,Sunny mountain,Hebrew
Tzippa,F,Bird,Hebrew
Tzivia,F,Doe,Hebrew
Tziyon,M,Son of Zion,Hebrew
Tziyona,F,Of Zion,Hebrew
Tzuriel,M,God is my rock,Hebrew
Tzvi,M,Deer,Hebrew
Tzzipporah,F,Bird,Hebrew
Tétény,M,Chieftain,Hungarian
Tóbiás,M,Goodness of God,Hebrew
Töhötöm,M,Chieftain,Hungarian
Uaid,M,Powerful ruler,Irish
Ualtar,M,"Powerful warrior, Rule amry",German
Ualtar,M,Strong warrior,Irish
Uba,M,Wealthy,African
Ubel,M,Evil,German
Uchenna,F,God's will,African
Udale,M,From the yew tree valley,English
Udall,M,From the yew tree valley,English
Uday,M,To rise,Indian
Udaya,F,Dawn,Indian
Udayle,M,From the yew tree valley,English
Udeep,M,Flood,Indian
Udeh,M,Praise,Hebrew
Udela,F,Wealthy,Anglo-Saxon
Udele,F,Wealthy,Anglo-Saxon
Udell,M,From the yew tree valley,English
Udit,M,"Grown, Awakened, Shining",Indian
Udo,M,"One with great forture, prosperous",Teutonic
Udolf,M,Wolf ruler,English
Udolf,M,Wolf ruler,German
Udolph,M,Wealthy wolf,English
Ugo,M,Intelligent,Italian
Ugod,M,Name of a clan,Hungarian
Ugor,M,Hungarian,Hungarian
Ugron,M,Hungarian,Hungarian
Uilioc,M,"The hateful one, Wounded in the tigh",Latin
Uilleam,M,Valiant protector,Teutonic
Uilliam,M,Valiant protector,Teutonic
Ujesh,M,One who gives light,Indian
Ujjwala,F,"Bright, Lustrous",Indian
Ula,F,Inherited estate,German
Ula,F,Sea jewel,Celtic
Ula,F,Well - spoken,Spanish
Uland,M,Noble country,Teutonic
Ulandus,M,Noble country,Teutonic
Ulani,M,Cheerful,Polynesian
Ulani,F,"Cheerful, Light hearted",Polynesian
Uldwyna,F,Special friend,English
Ulf,M,Wolf,Teutonic
Ulfred,M,Wolf of peace,English
Ulger,M,Wolf ruler,English
Ulger,M,Wolf ruler,German
Ulhas,M,Joy,Indian
Uli,M,Noble leader,German
Uli,F,Mistress of all,German
Ulises,M,Full of wrath,Spanish
Ulises,M,"The hateful one, Wounded in the tigh",Latin
Ulka,F,Mateorite,Indian
Ulka,F,Mistress of all,German
Ull,M,Wolf ruler,English
Ull,M,Wolf ruler,German
Ulla,F,A well,Australian Abori
Ulla,F,Has willpower,German
Ulla,F,To fill up,English
Ullock,M,Wolf sport,English
Ullok,M,Wolf sport,English
Ulmar,M,Famous wolf,English
Ulmarr,M,Famous wolf,English
Ulric,M,Wolf,Scandinavian
Ulric,M,Wolf ruler,English
Ulric,M,Wolf ruler,German
Ulrica,F,Wolf ruler,English
Ulrica,F,Wolf ruler,German
Ulrich,M,Noble leader,German
Ulrich,M,Wolf ruler,English
Ulrick,M,Wolf ruler,English
Ulrick,M,Wolf ruler,German
Ulrika,F,Wolf ruler,English
Ulrika,F,Wolf ruler,German
Ulrike,F,Wolf ruler,English
Ulrike,F,Wolf ruler,German
Ultima,F,Aloof,Latin
Ulu,M,Wolf ruler,English
Ulu,M,Wolf ruler,German
Ulu,F,Second born,African
Ulvelaik,M,Wolf sport,English
Ulysses,M,Appeared in Troilus & Cressida,Shakespearian
Ulysses,M,"The hateful one, Wounded in the tigh",Latin
Ulz,M,Noble leader,German
Uma,F,Horse,Japanese
Uma,F,Nation,Hebrew
Uma,F,Wife of Shiva,Indian
Umang,M,Enthusiasm,Indian
Umina,F,Sleep,Australian Abori
Una,F,One,English
Una,F,"One, Unity, Wholeness",Latin
Una,F,Remember (Hopi),Native American
Una,F,Together,Irish
Una,F,White wave,Celtic
Unda,F,Of the wave,Latin
Undine,F,Of the wave,Latin
Ungus,M,One vigor,Irish
Unice,F,Victorious,Greek
Unity,F,Together,Irish
Unmesh,M,"Flash, Blowing, Opening",Indian
Unnati,F,Progress,Indian
Unni,M,Modest,Norse
Unni,F,Modest,Norse
Unwin,M,Unfriendly,English
Unwine,M,Unfriendly,English
Unwyn,M,Unfriendly,English
Uny,F,Together,Irish
Upama,F,Comparison,Indian
Upchurch,M,From the upper church,English
Upendra,M,An element,Indian
Upshaw,M,From the upper town,English
Upton,M,From the high town,Anglo-Saxon
Upton,M,From the upper town,English
Uptun,M,From the upper farm,English
Upwode,M,From the upper forest,English
Upwood,M,From the upper forest,English
Urania,F,"Heavenly, Muse of astronomy",Greek
Urbaine,M,From the city,Latin
Urban,M,From the city,Latin
Urbana,F,From the city,Latin
Urbane,M,From the city,Latin
Urbano,M,From the city,Latin
Urbano,M,From the city,Spanish
Urbanus,M,From the city,Latin
Urenna,F,Father's pride,African
Uri,M,God is my light,Hebrew
Uria,M,God is my light,Hebrew
Uria,F,God is my light,Hebrew
Uriah,M,God is my light,Hebrew
Uriah,F,God is my light,Hebrew
Uriana,F,The unknown,Greek
Urice,F,Light,Hebrew
Urie,M,Light,Hebrew
Uriel,M,God is my light,Hebrew
Uriell,M,God is my light,Hebrew
Urien,M,Name of a king,Arthurian Legend
Urien,M,Privileged birth,Celtic
Uriens,M,Name of a king,Arthurian Legend
Urit,F,Light,Hebrew
Urja,F,Energy,Indian
Urjavaha,M,Of the Nimi dynasty,Indian
Urmi,F,Wave,Indian
Urmila,F,Wife of Lakshmana,Indian
Uros,M,Little lord,Hungarian
Urquhart,M,From the fount on the knoll,Scottish
Ursa,F,Bear,Scandinavian
Ursa,F,Little bear,Latin
Ursie,F,Little bear,Latin
Ursola,F,Little bear,Latin
Ursula,F,Appeared in Much Ado About Nothing,Shakespearian
Ursula,F,Little bear,Latin
Ursule,F,Little bear,Latin
Ursulina,F,Little bear,Spanish
Urvasi,F,Most beautiful of Apsaras,Indian
Urvi,F,Earth,Indian
Urzula,F,Little bear,Latin
Usa,F,Moon,Japanese
Usagi,F,Moon,Japanese
Usbeorn,M,Divine warrior,English
Usha,F,Dawn,Indian
Ushakiran,F,Rays of morning sun,Indian
Ushma,F,Eat,Indian
Usoa,F,Dove,Spanish
Uta,F,Fortunate maid of battle,German
Ute,F,Fortunate maid of battle,German
Uther,M,Arthur's father,Arthurian Legend
Utkarsh,M,"Prosperity, Awakening",Indian
Utpal,M,"Water lily, Fleshless",Indian
Utpalini,F,Lotus pond,Indian
Utt,M,"Wise, Kind",Arabic
Uttam,M,Best,Indian
Uttara,F,Star,Indian
Uwan,M,To meet,Australian Abori
Uzor,M,Name of an etnhic group,Hungarian
Uzumati,M,Bear (Miwok),Native American
Uzziah,M,God is mighty,Hebrew
Uzziel,M,God is mighty,Hebrew
Uzziye,F,God's strength,Hebrew
Vachaspati,M,Lord of speech,Indian
Vachel,M,Little cow,French
Vaclav,M,"Wreath, Glory",Slavic
Vadit,F,Rose,Hebrew
Vafara,F,Brave,French
Vahe,M,Victor,Arabic
Vaibhav,M,Richness,Indian
Vail,M,From the vale,French
Vail,M,Lives in the valley,English
Vail,F,From the valley,French
Vairaja,M,Son of Virat,Indian
Vaishali,F,Name of an ancient city,Indian
Vaive atoish,M,Alights on the cloud (Cheyenne),Native American
Vaiveahtoish,M,Alights on the cloud (Cheyenne),Native American
Vajra,F,Diamond,Indian
Vajramani,M,Diamond,Indian
Val,M,Strong,English
Val,F,Brave,French
Val,F,Good health,Latin
Vala,F,Chosen,English
Valarie,F,Brave,French
Valarie,F,Strong,Latin
Valborg,F,A powerful mountain,Swedish
Valborga,F,Protecting ruler,German
Valda,F,Strong warrior,Norse
Valdemar,M,Famous ruler,German
Valdemar,M,Ruler,Scandinavian
Valdemarr,M,Famous ruler,German
Vale,M,Lives in the valley,English
Vale,F,From the valley,French
Valeda,F,Good health,Latin
Valen,M,Strong,English
Valencia,F,Brave,Latin
Valente,M,Good health,Latin
Valentiane,F,Good health,Latin
Valentin,M,Good health,Latin
Valentin,M,Strong,Spanish
Valentina,F,Brave,Spanish
Valentina,F,Good health,Latin
Valentine,M,"Appeared in Titus Andronicus, Twelfth Night, Two Gentlemen of Verona",Shakespearian
Valentine,M,Strong,English
Valentine,F,Good health,Latin
Valentino,M,Good health,Latin
Valeraine,F,Brave,French
Valeray,M,Brave,French
Valeray,M,Strong,Latin
Valere,F,Brave,French
Valeria,F,Appeared in Coriolanus,Shakespearian
Valeria,F,Brave,French
Valeria,F,Strong,Latin
Valerian,F,Brave,French
Valerian,F,Strong,Latin
Valerie,F,Brave,French
Valerie,F,Strong,Latin
Valerie,F,"Strong, Brave",English
Valery,F,Brave,French
Valery,F,Strong,Latin
Valeska,F,Glorious ruler,Polish
Valiant,M,Brave,English
Valiant,M,Brave,French
Valina,F,Good health,Latin
Vallabh,M,"Beloved, Dear",Indian
Valle,F,From the valley,French
Vallen,M,Strong,English
Vallerie,F,Brave,French
Vallerie,F,Strong,Latin
Vallie,F,Brave,French
Vallie,F,Strong,Latin
Vallika,F,Creeper,Indian
Vallis,M,A Welshman,French
Vallois,M,A Welshman,French
Vally,F,Brave,French
Vally,F,Good health,Latin
Valonia,F,Of the vale,Latin
Valora,F,The valorous,Latin
Valtina,F,Good health,Latin
Vana,F,"Deep silence, Ultimate bliss",Indian
Vance,M,Dweller at the windmill,English
Vanda,F,A sandhill,Australian Abori
Vanda,F,Wanderer,German
Vandan,M,Salutation,Indian
Vandana,F,Salute,Indian
Vande,F,Wanderer,German
Vanesa,F,Butterfly,Spanish
Vanessa,F,Butterfly,Greek
Vani,F,Saraswati,Indian
Vania,F,God's gift,Hebrew
Vania,F,God's gift,Russian
Vaninadh,M,Husband of Saraswati (The Goddess of knowledge),Indian
Vaninath,M,Husband of Saraswati (The Goddess of knowledge),Indian
Vanita,F,A lady,Indian
Vanja,F,God's gift,Russian
Vanmala,F,Wildflower garland,Indian
Vanna,F,Butterfly,Greek
Vanna,F,God's gift,Hebrew
Vannes,M,Grain fans,English
Vannia,F,Butterfly,Greek
Vannie,F,Butterfly,Greek
Vanora,F,Butterfly,Greek
Vanora,F,White wave,Scottish
Vanya,F,God's gift,Russian
Varda,F,Rose,Hebrew
Vardan,M,From the green hill,French
Varden,M,From the green hill,Celtic
Varden,M,From the green hill,French
Vardit,F,Rose,Hebrew
Vardon,M,From the green hill,Celtic
Vardon,M,From the green hill,French
Vareck,M,From the fortress,English
Vared,F,Rose,Hebrew
Varek,M,From the fortress,English
Varija,F,Lotus,Indian
Varik,M,From the fortress,English
Variya,M,Excellent one,Indian
Varney,M,From the alder grove,Celtic
Varrius,M,Appeared in Antony & Cleopatra,Shakespearian
Varsha,F,Rain,Indian
Varsàny,M,Name of an etnhic group,Hungarian
Vartan,M,From the green hill,French
Varun,M,"Lord of the waters, Neptune",Indian
Varuni,F,A goddess,Indian
Vasant,M,Vasan Spring (season),Indian
Vasanta,F,Spring,Indian
Vasava,M,Indra,Indian
Vasavi,F,Mental daughter of the Pitrs,Indian
Vashti,F,Beautiful,Persian
Vasili,M,Valiant protector,Teutonic
Vasiliki,F,Basil,Greek
Vasilios,M,"With royal blood, Regal",Greek
Vasilis,M,Brave,Arabic
Vasilis,M,Royal,Greek
Vasily,M,Brave,Arabic
Vasily,M,Royal,Greek
Vasily,M,Valiant protector,Teutonic
Vassily,M,"With royal blood, Regal",Greek
Vasu,M,Wealth,Indian
Vasudev,M,"Krishna's father, God of wealth",Indian
Vasudhara,F,Earth,Indian
Vasuman,M,Born of fire,Indian
Vasumati,F,Apsara of unequalled splendour,Indian
Vatsala,F,Loving,Indian
Vaughan,M,"Little, Small",Celtic
Vaughn,M,"Little, Small",Celtic
Vavrin,M,Laurel,Czech
Vavrinec,M,Lawrence,Czech
Vayk,M,Rich,Hungarian
Vayle,M,From the vale,French
Vayle,M,Lives in the valley,English
Vayle,F,From the valley,French
Ved,M,Sacred knowledge,Indian
Veda,M,Eternal knowledge,Indian
Vedanga,M,Vedas,Indian
Vedetta,F,From the guard tower,French
Vedette,F,From the guard tower,French
Vedis,M,Eternal knowledge,Indian
Veena,F,A musical instrument (Beena),Indian
Veer,M,Brave,Indian
Vega,F,Falling star,Arabic
Velika,F,Great,Slavic
Velouette,F,Soft,English
Velvet,F,Soft,English
Vemados,M,Brave as a bear,German
Venamin,M,Son of the right hand,Hebrew
Vencel,M,"Wreath, Glory",Slavic
Venceslas,M,"Wreath, Glory",Slavic
Venetia,F,Blessed,Celtic
Venetia,F,From Venice,Italian
Veniamin,M,Son of the right hand,Hebrew
Venissa,F,Butterfly,Greek
Venjamin,M,Son of the right hand,Hebrew
Ventidius,M,"Appeared in Timon of Athens, Antony & Cleopatra",Shakespearian
Ventura,F,Good fortune,Spanish
Vera,F,Faith,Slavic
Vera,F,Truth,Latin
Verda,M,"From the alder grove, Spring-like",French
Verda,M,"From the alder grove, Spring-like",Latin
Verdad,F,Honest,Spanish
Verddun,M,From the green hill,French
Verdell,M,"Green, Flourishing",French
Vere,F,Faith,Slavic
Vere,F,Truth,Latin
Verel,M,True,French
Verena,F,"Defender, Guard",Teutonic
Verena,F,Faith,Slavic
Verena,F,Protector,German
Verena,F,Truth,Latin
Verene,F,Protector,German
Verenia,F,Faith,Slavic
Verenia,F,Truth,Latin
Verge,M,Owns four acres of land,Anglo-Saxon
Verges,M,Appeared in Much Ado About Nothing,Shakespearian
Verin,F,Faith,Slavic
Verin,F,Truth,Latin
Verina,F,Faith,Slavic
Verina,F,Protector,German
Verina,F,Truth,Latin
Verine,F,Faith,Slavic
Verine,F,Truth,Latin
Verita,F,"Verity, Truth",English
Verity,F,"Verity, Truth",English
Vern,M,"From the alder grove, Spring-like",English
Vern,M,"From the alder grove, Spring-like",French
Vern,M,"From the alder grove, Spring-like",Latin
Verna,M,"From the alder grove, Spring-like",French
Verna,M,"From the alder grove, Spring-like",Latin
Verna,F,"From the alder grove, Spring-like",French
Vernal,M,"From the alder grove, Spring-like",French
Vernal,M,"From the alder grove, Spring-like",Latin
Vernay,M,"From the alder grove, Spring-like",French
Verne,M,"From the alder grove, Spring-like",English
Verne,M,"From the alder grove, Spring-like",French
Verne,M,"From the alder grove, Spring-like",Latin
Verne,F,"From the alder grove, Spring-like",French
Vernell,M,"Green, Flourishing",French
Verneta,M,"From the alder grove, Spring-like",French
Verneta,M,"From the alder grove, Spring-like",Latin
Verney,M,"From the alder grove, Spring-like",French
Verney,M,"From the alder grove, Spring-like",Latin
Vernia,M,"From the alder grove, Spring-like",French
Vernia,M,"From the alder grove, Spring-like",Latin
Vernis,M,"From the alder grove, Spring-like",French
Vernis,M,"From the alder grove, Spring-like",Latin
Vernon,M,Appeared in King Henry VI,Shakespearian
Vernon,M,"From the alder grove, Spring-like",English
Vernon,M,"From the alder grove, Spring-like",French
Vernon,M,"From the alder grove, Spring-like",Latin
Veronica,F,True image,Latin
Veronique,F,Honest,French
Veronique,F,True image,Latin
Verouska,F,Faith,Slavic
Verouska,F,Truth,Latin
Verrall,M,True,French
Verrell,M,True,French
Verrill,M,True,French
Verta,F,Life,Latin
Veryl,M,True,French
Vesna,F,Goddess of spring,Greek
Vesper,F,Evening,Latin
Vespera,F,Evening,Latin
Vesta,F,Guardian of the sacred fire,Latin
Veta,F,Intelligent,Spanish
Veto,M,Intelligent,Spanish
Vevay,F,White wave,Welsh
Vevila,F,Harmony,Irish
Vevila,F,Woman with a melodious voice,Gaelic
Vevina,F,Sweet lady,Irish
Vevina,F,Sweet lady,Latin
Vial,M,Lively,French
Viau,M,Lively,French
Vibha,F,Radiance,Indian
Vibiana,F,"Living, Lively",Latin
Vic,M,From the village,French
Vic,M,Victor,Latin
Vic,F,Victory,Latin
Vicenta,F,Victor,Spanish
Vicente,M,Conqueror,Spanish
Vick,M,From the village,French
Vick,M,Victor,Latin
Vicki,F,Victory,Latin
Vickie,F,Victory,Latin
Vicky,F,Victory,Latin
Vicq,M,From the village,French
Victoire,F,Victory,Latin
Victor,M,Victor,Latin
Victor,M,Victor,Spanish
Victoria,F,Victory,Latin
Victoriano,M,Conqueror,Spanish
Victorienne,F,Victory,Latin
Victorina,F,Victory,French
Victorine,F,Victory,French
Victorino,M,Conqueror,Spanish
Victorio,M,Conqueror,Spanish
Victoro,M,Victor,Spanish
Victory,F,Victory,Latin
Vid,M,Sylvan man,German
Vida,M,Sylvan man,German
Vida,F,Dearly loved,Hebrew
Vidal,M,Life,English
Vidal,M,Life,French
Vidal,M,Life,Spanish
Vidar,M,Lumberjack,Scandinavian
Videl,M,Life,English
Videl,M,Life,French
Videl,M,Life,Spanish
Vidette,F,Dearly loved,Hebrew
Vidhut,F,Electricity,Indian
Vidonia,F,Vine branch,Latin
Vidor,M,Happy,Hungarian
Vidos,M,Sylvan man,German
Vidula,F,Moon,Indian
Vidur,M,Wise,Indian
Vidvan,M,Scholar,Indian
Vidya,F,"Wisdom, Knowledge",Indian
Vidyacharan,M,Learned,Indian
Vidyadhar,M,Demi God,Indian
Vidyaranya,M,Forest of knowledge,Indian
Vienna,F,From wine country,Latin
Vieva,F,"White wave, White spirit, White cheeked",Welsh
Vignetta,F,Little vine,French
Vignette,F,Little vine,French
Viheke,F,Little woman,German
Viho,M,Chief (Cheyenne),Native American
Vijay,M,Victory,Indian
Vijaya,F,Victorious,Indian
Vijayalakshmi,F,Goddess of victory,Indian
Vika,F,From the creek,Scottish
Vikas,M,"Development, Expanding",Indian
Vikram,M,The sun of valour,Indian
Vikramendra,M,King of prowess,Indian
Vikrant,M,Powerful,Indian
Viktor,M,Victor,Latin
Viktoria,F,Victory,Latin
Vilem,M,Valiant protector,Teutonic
Vilhelm,M,Valiant protector,Teutonic
Vilhelmina,F,Fierce protector,Teutonic
Viliam,M,Valiant protector,Teutonic
Villetta,F,From the countly estate,French
Villette,F,From the countly estate,French
Vilma,F,Fierce protector,Teutonic
Vimal,M,Pure,Indian
Vimala,F,Pure,Indian
Vina,F,From the vineyard,Spanish
Vinanti,F,"Prayer, Request",Indian
Vinata,F,"Humble, Mother of Garuda",Indian
Vinay,M,Good manners,Indian
Vinaya,F,Modesty,Indian
Vince,M,Conqueror,English
Vince,M,Victor,Latin
Vincent,M,Conqueror,English
Vincent,M,Conqueror,Latin
Vincente,M,Victor,Spanish
Vincentio,M,"Appeared in Measure for Measure, Taming of the Shrew",Shakespearian
Vineeta,F,Humble,Indian
Vingon,M,Son of Vinn,English
Vinita,F,Requester,Indian
Vinko,M,Conqueror,Latin
Vinn,M,Conqueror,English
Vinnie,M,Conqueror,English
Vinod,M,"Happy, Full of joy",Indian
Vinodini,F,Happy girl,Indian
Vinson,M,Conqueror,English
Vinsone,M,Son of Vinn,English
Viola,F,Appeared in Twelfth Night,Shakespearian
Viola,F,Violet,Latin
Violenta,F,Appeared in All's Well that Ends Well,Shakespearian
Violet,F,Violet,Latin
Violetta,F,Little violet,French
Viollette,F,Little violet,French
Vipan,M,"Sail, Petty trade",Indian
Viplav,M,"Drifting about, Revolution",Indian
Vipponah,M,Slim face (Cheyenne),Native American
Vipul,M,Plenty,Indian
Viradecthis,F,A Tungrian goddess,Anglo-Saxon
Viraj,M,"Resplendent, Splendour",Indian
Virat,M,"Very big, Giant proportioned",Indian
Virgena,F,"Chaste, Pure",English
Virgie,F,"Chaste, Maiden",Latin
Virgil,M,Flourishing,English
Virgil,M,Unknown,Latin
Virgilia,F,Appeared in Coriolanus,Shakespearian
Virgilio,M,Flourishing,Spanish
Virginia,F,"Chaste, Maiden",Latin
Virginia,F,"Chaste, Pure",English
Virginia,F,Virgin,Spanish
Virginie,F,"Chaste, Maiden",Latin
Virgy,F,"Chaste, Maiden",Latin
Viridis,F,Youthful,Latin
Virna,M,"From the alder grove, Spring-like",French
Virna,M,"From the alder grove, Spring-like",Latin
Virochan,M,"Moon, Fire",Indian
Visala,F,Celestial Apsara,Indian
Vishal,M,"Huge, Broad, Great",Indian
Vishnu,M,"Lord Vishnu, Root, To pervade",Indian
Vishva,M,"Earth, Universe",Indian
Vishvajit,M,One who conquers the universe,Indian
Vishvakarma,M,Architect of the universe,Indian
Vishvatma,M,Universal soul,Indian
Vishwamitra,M,Friend of the universe,Indian
Vishwas,M,"Faith, Trust",Indian
Visvajit,M,One who conquers the universe,Indian
Visvakarman,M,"Architect, Son of Yogasiddha",Indian
Visvayu,M,Brother of Amavasuand Satayu,Indian
Viswanath,M,God of universe,Indian
Vita,F,Life,Latin
Vital,M,Lively,French
Vitas,F,Life,Latin
Vitia,F,Life,Latin
Vito,M,Conqueror,Latin
Vito,M,Vital,Spanish
Vitoria,F,Victory,Latin
Vitorio,M,Victor,Latin
Vittoria,F,Victor,Spanish
Vittorio,M,Victor,Latin
Vitéz,M,Brave warrior,Hungarian
Viv,F,"Living, Lively",Latin
Vivatma,M,Universal soul,Indian
Viveca,F,"Living, Lively",Latin
Vivek,M,Judgement,Indian
Viveka,F,"Little woman, From the strong fortress",German
Vivian,F,"Living, Lively",Latin
Vivian,F,The Lady of the Lake,English
Viviana,F,"Living, Lively",Latin
Viviana,F,The Lady of the Lake,English
Viviane,F,The Lady of the Lake,Arthurian Legend
Viviane,F,The Lady of the Lake,French
Vivianna,F,The Lady of the Lake,English
Vivianne,F,"Living, Lively",Latin
Vivianne,F,The Lady of the Lake,English
Vivie,F,"Living, Lively",Latin
Vivien,F,"Living, Lively",Latin
Vivien,F,The Lady of the Lake,Arthurian Legend
Vivien,F,The Lady of the Lake,French
Vivienne,F,Lively,French
Vivienne,F,"Living, Lively",Latin
Vivyan,F,"Living, Lively",Latin
Vivyen,F,"Living, Lively",Latin
Vlad,M,"To rule with peace, Regal",Slavic
Vladimir,M,"To rule with peace, Regal",Slavic
Vladislav,M,"To rule with peace, Regal",Slavic
Vohkinne,M,Roman nose (Cheyenne),Native American
Voistitoevitz,M,White cow (Cheyenne),Native American
Voisttitoevetz,M,White cow (Cheyenne),Native American
Vokivocummast,M,White antelope (Cheyenne),Native American
Voleta,F,Veiled,French
Voleta,F,Veiled one,Greek
Voletta,F,Veiled,French
Voliny,M,People's spirit,German
Volker,M,People's guard,German
Volney,M,People's spirit,German
Voltimand,M,Appeared in Hamlet,Shakespearian
Volumnia,F,Appeared in Coriolanus,Shakespearian
Von,M,The prefex Von is equivalent of Van in Dutch names and of de in French names.,German
Vortigem,M,Name of a king,Arthurian Legend
Vortimer,M,Vortigem's son,Arthurian Legend
Vrinda,F,"Virtue, Strength",Indian
Vruyk,M,From the fortress,English
Vyacheslav,M,"Wreath, Glory",Slavic
Vyomesh,M,Lord of the sky,Indian
Vyvyan,F,"Living, Lively",Latin
Várkony,M,Name of an Avar ethnic group,Hungarian
Wacfeld,M,From Wake's field,English
Wacian,M,Alert,English
Wacian,M,Watchful,Anglo-Saxon
Wacleah,M,From Wake's meadow,English
Wacuman,M,Watchman,English
Wada,M,Advancer,English
Wadanhyll,M,From the advancer's hill,English
Wade,M,A ford,English
Wade,M,Moving,Anglo-Saxon
Wadley,M,A ford,English
Wadsworth,M,From Wade's estate,English
Waed,M,Advancer,English
Waefreleah,M,From the quaking aspen tree meadow,English
Waer,M,Wary,English
Waerheall,M,From the true man's manor,English
Waeringawicum,M,Fortress,English
Waescburne,M,From the flooding brook,English
Wafiyy,M,Loyal,Arabic
Wagaye,F,"My sense of value, My price",African
Waggoner,M,Wagon maker,English
Wagner,M,Wagon driver,Dutch
Wagner,M,Wagon maker,German
Wahanassatta,M,He who walks with his toes turned outward (Cheyenne),Native American
Wahchinksapa,M,Wise (Sioux),Native American
Wahchintonka,M,Has much Practice (Sioux),Native American
Wahkan,M,Sacred (Sioux),Native American
Wahoo,F,Joyful,English
Wain,M,Craftsman,English
Wainwright,M,Wagon maker,English
Wait,M,Guard,English
Waite,M,Guard,English
Wakanda,F,Inner magical power (Sioux),Native American
Wake,M,Alert,English
Wakefield,M,From Wake's field,English
Wakeley,M,From Wake's meadow,English
Wakeman,M,Watchman,English
Waki,F,Shelter (Hopi),Native American
Wakiza,M,Desperate warrior,Native American
Wakler,M,Thickener of cloth,English
Walborgd,F,Protecting ruler,German
Walbridge,M,From the Welshman's bridge,English
Walbrydge,M,From the Welshman's bridge,English
Walburg,F,"A might defender, A fortress",Anglo-Saxon
Walburga,F,"A might defender, A fortress",Anglo-Saxon
Walby,M,From the Welshman's dwellings,English
Walcot,M,Old cottage,English
Walcott,M,Old cottage,English
Walda,F,Ruler,German
Waldemar,M,Famous ruler,German
Waldemar,M,Powerful,Teutonic
Waldemarr,M,Famous ruler,German
Waldemarr,M,Powerful,Teutonic
Walden,M,Divinely powerful,German
Walden,M,From the Welshman's valley,English
Walden,M,Powerful,Teutonic
Waldhramm,M,Ruling raven,German
Waldhurga,F,Protecting ruler,German
Waldifrid,M,Peaceful ruler,German
Waldmunt,M,Mighty protector,German
Waldo,M,Divinely powerful,English
Waldo,M,Divinely powerful,German
Waldo,M,Powerful,Teutonic
Waldon,M,From the Welshman's hill,English
Waldorf,M,Powerful,Teutonic
Waldrom,M,Ruling raven,German
Waldron,M,Divinely powerful,German
Waldron,M,From the Welshman's hill,English
Waleis,M,From Wales,English
Waleis,F,From Wales,English
Walford,M,From the Welshman's ford,English
Walfred,M,Peaceful ruler,German
Walfred,M,Powerful,Teutonic
Walfrid,M,Peaceful ruler,German
Walker,M,Cloth worker,English
Wallace,M,A Welshman,German
Wallace,M,Stranger,Anglo-Saxon
Wallace,M,Welshman,English
Wallace,M,"Welshman, Stranger",Scottish
Wallach,M,Welshman,English
Wallache,M,A Welshman,German
Wallas,M,Welshman,English
Waller,M,Army ruler,German
Waller,M,Mason,English
Wallie,M,Welshman,English
Wallis,M,Stranger,Anglo-Saxon
Wallis,M,Welshman,English
Wallis,F,From Wales,English
Wally,M,Powerful ruler,German
Wally,M,Welshman,English
Walmond,M,Mighty protector,German
Walram,M,Wolf raven,Teutonic
Walsh,M,Welshman,English
Walt,M,Powerful ruler,German
Walten,M,Ruler,German
Walter,M,Powerful ruler,German
Walthari,M,Powerful ruler,German
Walther,M,"Powerful warrior, Rule amry",German
Walton,M,Mason,English
Walton,M,Powerful ruler,German
Waltraud,F,Rule strength,Teutonic
Walworth,M,"From the Welshman's farm, Welsh friend",English
Walwyn,M,Welsh friend,English
Waman,M,Short,Indian
Wamblee,M,Eagle (Sioux),Native American
Wambleesha,M,White eagle (Sioux),Native American
Wambli waste,M,Good eagle (Dakota),Native American
Wamboi,F,Singer,African
Wambui,F,Singer,African
Wanageeska,M,White spirit (Sioux),Native American
Wanahton,M,Charger (Sioux),Native American
Wanda,F,A sandhill,Australian Abori
Wanda,F,Wanderer,German
Wande,F,Wanderer,German
Wandis,F,A sandhill,Australian Abori
Wandis,F,Wanderer,German
Wandy,F,Wanderer,German
Waneta,F,Charger,Native American
Wanetta,F,Pale,English
Wania,F,God's gift,Russian
Wanikiy,M,Saviour (Sioux),Native American
Wanja,F,God's gift,Russian
Wann,M,Dark,Anglo-Saxon
Wann,F,Pale,English
Wanrrick,M,Fortress,English
Wanya,F,God's gift,Russian
Wanyika,F,Of the bush,African
Wapeka,F,Skillful,Native American
Wapi,M,Lucky,Native American
Waqi,F,Falling star,Arabic
Waquini,M,Hook nose (Cheyenne),Native American
Waratah,F,A red flower,Australian Abori
Ward,M,Bard,Irish
Ward,M,Guardian,English
Warda,F,Guardian,German
Warde,M,Guardian,English
Wardell,M,Guardian,English
Warden,M,Guardian,English
Wardley,M,Guardian,English
Ware,M,Wary,English
Ware,M,Wise,Anglo-Saxon
Wareine,M,Game warden,English
Wareine,M,Guardian,German
Waren,M,Loyal,German
Warenhari,M,Defending warrior,German
Warfield,M,Guardian,English
Warford,M,Guardian,English
Warian,M,Attendant,Anglo-Saxon
Warin,M,Game warden,English
Warin,M,Guardian,German
Warleigh,M,From the weir meadow,English
Warley,M,Guardian,English
Warmond,M,Guardian,English
Warner,M,"Defender, Guard",English
Warner,M,"Defender, Guard",German
Warra,M,Water,Australian Abori
Warrah,F,Honey suckle,Australian Abori
Warrain,M,Belonging to the sea,Australian Abori
Warrane,M,Belonging to the sea,Australian Abori
Warrane,M,Game warden,French
Warren,M,Enclosure,Teutonic
Warren,M,From La Varenne,French
Warren,M,Game warden,English
Warren,M,Guardian,German
Warrener,M,Game warden,English
Warrener,M,Guardian,German
Warrick,M,Fortress,English
Warrigal,M,"Wild, A dingo",Australian Abori
Warrina,F,To give,Australian Abori
Warrun,M,The sky,Australian Abori
Warton,M,Guardian,English
Wartun,M,From the farm by the weir,English
Warwick,M,Guardian,English
Warwyk,M,Fortress,English
Wasdsorth,M,A ford,English
Washbourne,M,From the flooding brook,English
Washburn,M,From the flooding brook,English
Washburne,M,From the flooding brook,English
Washington,M,From the wise man's estate,English
Wasily,M,"With royal blood, Regal",Greek
Wasim,M,Handsome,Arabic
Wat,M,Hurdle,English
Watelford,M,From the hurdle ford,English
Watford,M,From the hurdle ford,English
Watkins,M,"Powerful warrior, Rule amry",German
Watkins,M,Son of Walter,English
Watson,M,"Powerful warrior, Rule amry",German
Watson,M,Son of Walter,English
Watt,M,Son of Walter,English
Wattekinson,M,Son of Walter,English
Wattesone,M,Son of Walter,English
Wattikinson,M,Son of Walter,English
Wattkins,M,Son of Walter,English
Watts,M,Son of Walter,English
Wattson,M,Son of Walter,English
Waverly,M,From the tree-lined meadow,English
Way,M,From the path land,English
Wayde,M,Angel from God,English
Waydee,M,Angel from God,English
Waydell,M,Angel from God,English
Waylan,M,Angel from God,English
Wayland,M,Angel from God,English
Waylin,M,Angel from God,English
Waylon,M,Angel from God,English
Wayne,M,"Dark, From the dunes",Celtic
Wayne,M,Wagon maker,English
Wayte,M,Guard,English
Wazlaw,M,"Wreath, Glory",Slavic
Wealaworth,M,"From the Welshman's farm, Welsh friend",English
Weallcot,M,Lives in the Welshman's cottage,English
Weallere,M,Mason,English
Weard,M,Guard,English
Weardhyll,M,From the guardian's hill,English
Weardleah,M,From the guardian's meadow,English
Weatherby,M,From the wether sheep farm,English
Weatherly,M,From the wether sheep meadow,English
Weayaya,M,Setting sun (Sioux),Native American
Webb,M,Weaver,English
Webbe,M,Weaver,English
Webbeleah,M,From the weaver's meadow,English
Webber,M,Weaver,German
Webbestre,M,Weaver,English
Weber,M,Weaver,English
Weber,M,Weaver,German
Webley,M,Weaver,English
Webster,M,Weaver,English
Weddell,M,From the advancer's hill,English
Wedel,M,A wend,Teutonic
Weema,F,Small,Australian Abori
Weeny,F,Fair,Welsh
Wegland,M,From the land by the highway,English
Weifield,M,From the field by the weir,English
Weiford,M,From the farm by the weir,English
Weirley,M,From the weir meadow,English
Welborn,M,From the spring brook,English
Welborne,M,Lives by the spring,English
Welburn,M,From the spring brook,English
Welby,M,Lives by the spring,English
Welch,M,Welshman,English
Welcome,M,Welcome,English
Welcome,F,Welcome,English
Welda,F,Ruler,German
Weldon,M,Lives by the spring,English
Welford,M,Lives by the spring,English
Weller,M,Lives by the spring,English
Welles,M,Lives by the spring,English
Wellington,M,From the wealthy estate,Anglo-Saxon
Wellington,M,From the wealthy estate,English
Wells,M,Lives by the spring,English
Welsh,M,Welshman,English
Welsie,F,From the west,English
Welss,F,From the west,English
Welton,M,Lives by the spring,English
Wematin,M,Brother (Algonquin),Native American
Wemilat,M,Of wealthy parents,Native American
Wenda,F,Comely,English
Wenda,F,Wanderer,German
Wendale,M,"Traveler, Wanderer",English
Wendale,M,"Traveler, Wanderer",German
Wendall,M,"Traveler, Wanderer",English
Wendall,M,"Traveler, Wanderer",German
Wendel,M,A wend,Teutonic
Wendel,M,Wanders,German
Wendeline,F,Wanderer,German
Wendell,M,A wend,Teutonic
Wendell,M,"Traveler, Wanderer",English
Wendell,M,Wanders,German
Wendi,F,Wanderer,English
Wendlesora,M,From Windsor,English
Wendy,F,Fair,English
Wendy,F,Wanderer,German
Wenhaver,F,Arthur's queen,Arthurian Legend
Wenona,F,First born daughter (Sioux),Native American
Wentworth,M,From the white one's estate,English
Wenzel,M,"Wreath, Glory",Slavic
Weolingtun,M,From the wealthy estate,English
Weorth,M,From the farm,English
Werian,M,"Defender, Guard",Anglo-Saxon
Werner,M,"Defender, Guard",German
Werner,M,"Warlike, Warrior",Teutonic
Wes,M,From the west meadow,English
Weslee,F,From the west meadow,English
Wesley,M,From the west meadow,English
Weslia,F,From the west meadow,English
Wess,M,From the west meadow,English
Wessely,M,From the west meadow,English
Wessley,M,From the west meadow,English
West,M,From the west,English
Westbroc,M,From the west brook,English
Westbrook,M,From the west,English
Westby,M,From the west,English
Westcot,M,From the west cottage,English
Westcott,M,From the west,English
Westen,M,West town,English
Westin,M,West town,English
Westleah,M,From the west meadow,English
Westleigh,M,From the west,English
Westley,M,From the west meadow,English
Weston,M,From the west,English
Westun,M,From the west,English
Wetherby,M,From the wether sheep farm,English
Wetherly,M,From the wether sheep meadow,English
Wethrby,M,From the wether sheep farm,English
Wethrleah,M,From the wether sheep meadow,English
Weyland,M,From the land by the highway,English
Weylin,M,Son of the wolf,Celtic
Weylyn,M,Son of the wolf,Celtic
Wharton,M,From the estate at the hollow,English
Wheatley,M,From the wheat meadow,English
Wheaton,M,Wheat town,English
Wheeler,M,Wheel maker,English
Whelan,M,Joyful,Irish
Whetu,M,Star,Polynesian
Whistler,M,Piper,English
Whit,M,White,English
Whitby,M,White,English
Whitcomb,M,White,English
White,M,White,English
Whitelaw,M,White,English
Whitey,M,White,English
Whitfield,M,White,English
Whitford,M,White,English
Whitlaw,M,From the white hill,English
Whitley,M,White,English
Whitley,F,White meadow,English
Whitlock,M,White,English
Whitman,M,White,English
Whitmoor,M,From the white moor,English
Whitmore,M,White,English
Whitney,M,From the white haired man's estate,English
Whitney,M,From the white island,Anglo-Saxon
Whitney,F,From the white island,Anglo-Saxon
Whitney,F,From the white island,English
Whittaker,M,White,English
Whoopi,F,Joyful,English
Whytlok,M,Blond,English
Wiatt,M,Guide,English
Wiatt,M,Guide,French
Wicapi wakan,F,Holy star (Dakota),Native American
Wicasa,M,Sage (Dakota),Native American
Wiccum,M,From the village meadow,English
Wichamm,M,From the village meadow,English
Wichell,M,From the bend in the road,English
Wickam,M,From the village meadow,English
Wickley,M,From the village meadow,English
Wicleah,M,From the village meadow,English
Widad,F,Love,Arabic
Widjan,F,Ecstacy,Arabic
Wido,F,Warrior maiden,German
Wiellaburne,M,From the spring brook,English
Wiellaby,M,From the spring farm,English
Wielladun,M,From the spring hill,English
Wiellaford,M,From the spring by the ford,English
Wiellatun,M,From the spring farm,English
Wieslav,M,One with great glory,Slavic
Wigmaere,M,Famous in battle,English
Wigman,M,Warrior,English
Wihelma,F,Fierce protector,Teutonic
Wikimak,F,Wife (Algonquin),Native American
Wikvaya,M,One who brings (Hopi),Native American
Wil,M,Valiant protector,Teutonic
Wila,F,"Woman, Wife",Australian Abori
Wilbart,M,"Resolute, Brilliant",German
Wilber,M,"Willful, Bright",English
Wilber,M,"Willful, Bright",German
Wilbert,M,"Resolute, Brilliant",German
Wilbert,M,"Willful, Bright",English
Wilbur,M,Bright resolve,Teutonic
Wilbur,M,Dearly loved stronghold,Anglo-Saxon
Wilbur,M,From the strong fortress,English
Wilbur,M,"Resolute, Brilliant",German
Wilburn,M,"Willful, Bright",English
Wilburn,M,"Willful, Bright",German
Wilburt,M,"Resolute, Brilliant",German
Wilburt,M,"Willful, Bright",English
Wilda,F,Untamed,German
Wilda,F,Wild,Anglo-Saxon
Wilde,F,Untamed,German
Wildon,M,From the wooded hill,English
Wiley,M,Enchanting,English
Wiley,M,Valiant protector,Teutonic
Wilford,M,Desires peace,German
Wilford,M,"From the willow ford, Desires peace",English
Wilford,M,Valiant protector,Teutonic
Wilfred,M,Peace,English
Wilfred,M,"Resolute, Peaceful",German
Wilfredo,M,Desires peace,English
Wilfredo,M,Desires peace,German
Wilfrid,M,Name of a saint,Anglo-Saxon
Wilfrid,M,Peace,English
Wilfrid,M,"Resolute, Peaceful",German
Wilfried,M,Peace,English
Wilfryd,M,Peace,English
Wilga,F,A small tree,Australian Abori
Wilhelm,M,Resolute protector,German
Wilhelm,M,Valiant protector,Teutonic
Wilhelmina,F,Fierce protector,Teutonic
Wilhelmina,F,Resolute protector,German
Wilhelmine,F,Resolute protector,German
Wilhemine,F,Fierce protector,Teutonic
Wilkes,M,Valiant protector,Teutonic
Wilkie,M,Valiant protector,Teutonic
Will,M,Resolute protector,English
Will,M,Valiant protector,Teutonic
Will,F,Fierce protector,Teutonic
Willa,M,Resolute,English
Willa,F,Desired,Anglo-Saxon
Willa,F,Fierce protector,Teutonic
Willa,F,Resolute,English
Willa,F,"Woman, Wife",Australian Abori
Willaburh,M,From the strong fortress,English
Willamar,M,"Resolute, Famous",German
Willamina,F,Fierce protector,Teutonic
Willaperht,M,"Resolute, Brilliant",German
Willard,M,"Bold, Resolute",German
Willard,M,"Resolute, Brave",English
Willard,M,Valiant protector,Teutonic
Willem,M,Valiant protector,Teutonic
Willesone,M,Son of William,English
Willette,F,Fierce protector,Teutonic
Willhard,M,"Resolute, Brave",English
William,M,Appeared in As You Like It,Shakespearian
William,M,Resolute protector,English
William,M,Resolute protector,French
William,M,Resolute protector,German
William,M,Resolute protector,Irish
William,M,Valiant protector,Teutonic
Williamina,F,Resolute protector,French
Williamon,M,Resolute protector,German
Williams,M,Resolute protector,German
Williams,M,Son of William,English
Williams,M,Valiant protector,Teutonic
Williamson,M,Son of William,English
Williamson,M,Valiant protector,Teutonic
Willie,M,Resolute protector,English
Willie,M,Valiant protector,Teutonic
Willie,F,Fierce protector,Teutonic
Willifrid,M,"Resolute, Peaceful",German
Willimod,M,Resolute spirit,German
Willis,M,Resolute protector,English
Willis,M,Resolute protector,German
Willis,M,Valiant protector,Teutonic
Willkie,M,Valiant protector,Teutonic
Willmar,M,"Resolute, Famous",German
Willmarr,M,"Resolute, Famous",German
Willoughby,M,From the willow farm,English
Willow,M,Willow tree,English
Willow,F,"Freedom, Tree, Slender, Graceful",English
Wills,M,Valiant protector,Teutonic
Willsn,M,Wishes,Anglo-Saxon
Willy,M,Resolute protector,English
Willy,M,Valiant protector,Teutonic
Willy,F,Fierce protector,Teutonic
Wilma,F,Fierce protector,Teutonic
Wilma,F,Resolute protector,German
Wilmar,M,"Resolute, Famous",German
Wilmar,M,Valiant protector,Teutonic
Wilmer,M,"Resolute, Famous",English
Wilmer,M,"Resolute, Famous",German
Wilmer,M,Valiant protector,Teutonic
Wilmette,F,Fierce protector,Teutonic
Wilmod,M,Resolute spirit,German
Wilmos,M,Valiant protector,Teutonic
Wilmot,M,Resolute spirit,German
Wilmot,M,Valiant protector,Teutonic
Wilona,F,Desired,English
Wilona,F,Hoped for,Anglo-Saxon
Wilone,F,Hoped for,Anglo-Saxon
Wilpert,M,"Resolute, Brilliant",German
Wilson,M,Son of Will,English
Wilson,M,Valiant protector,Teutonic
Wilton,M,From the farm by the spring,English
Wilton,M,Valiant protector,Teutonic
Win,M,Bright,Burmese
Win,M,Peaceful friend,English
Win,F,Bright,Burmese
Win,F,Fair,Welsh
Win,F,Peaceful friend,English
Wincel,M,From the bend in the road,English
Winchell,M,Drawer of water,Anglo-Saxon
Winchell,M,From Windsor,English
Winda,F,Hunt,African
Windell,M,"Traveler, Wanderer",English
Windell,M,"Traveler, Wanderer",German
Windgate,M,From the winding gate,English
Windham,M,The field with the winding path,English
Windsor,M,From Windsor,English
Wine,M,Friend,Anglo-Saxon
Wine,M,Friend,English
Winefield,M,From a friend's field,English
Winefrith,M,Friend of peace,English
Winema,F,Chief,Native American
Winetorp,M,From Wine's estate,English
Winfield,M,From Windsor,English
Winfred,M,From Windsor,English
Winfrey,M,From Windsor,English
Winfrid,M,Friend of peace,English
Winfrith,M,Friend of peace,English
Wingate,M,From Windsor,English
Winifred,M,Peaceful friend,English
Winifred,F,"Peace, Joy",German
Winifred,F,Peaceful friend,English
Winifreda,F,Peaceful friend,German
Winifrid,F,Peaceful friend,German
Winifride,F,Peaceful friend,German
Winka,M,People of Chile,Scandinavian
Winka,F,People of Chile,Scandinavian
Winn,M,Peaceful friend,English
Winn,F,Fair,Welsh
Winn,F,Peaceful friend,English
Winni,M,Peaceful friend,English
Winni,F,Peaceful friend,English
Winnie,M,Peaceful friend,English
Winnie,F,Fair,Welsh
Winnie,F,Peaceful friend,English
Winnie,F,"White, Fair",Celtic
Winny,M,Peaceful friend,English
Winny,F,Fair,Welsh
Winny,F,Peaceful friend,English
Winola,F,Gracious friend,German
Winona,F,First born daughter (Sioux),Native American
Winonah,F,First born daughter (Sioux),Native American
Winslow,M,From Windsor,English
Winslowe,M,From Windsor,English
Winsor,M,From Windsor,English
Winston,M,Battle stone,Anglo-Saxon
Winston,M,"Joy stone, Victory town",English
Winswode,M,From Wine's forest,English
Wintanweorth,M,From the white one's estate,English
Winter,M,Born in the winter,Anglo-Saxon
Winter,M,Born in the winter,English
Winter,F,Born in the winter,English
Winters,M,Born in the winter,English
Winters,F,Born in the winter,English
Winthorp,M,From Wine's estate,English
Winthrop,M,From Windsor,English
Winton,M,From Windsor,English
Winton,M,Valiant protector,Teutonic
Winward,M,From Windsor,English
Winwodem,M,From Wine's forest,English
Winwood,M,From Wine's forest,English
Wireceaster,M,From the alder forest army camp,English
Wirrin,M,Tea-Tree,Australian Abori
Wirt,M,Worthy,Anglo-Saxon
Wise,M,"Ardent, Wise",Irish
Wissian,M,Guide,Anglo-Saxon
Withypoll,F,Twig head,English
Witt,M,Wise,English
Witta,M,Wise,English
Wittahere,M,Wise wamor,English
Wittatun,M,From the wise man's estate,English
Witter,M,Wise wamor,English
Witton,M,From the wise man's estate,English
Wodeleah,M,From the wooded meadow,English
Woden,M,King of gods,Anglo-Saxon
Wohehiv,M,Dull knife (Cheyenne),Native American
Wokaihwokomas,M,White antelope (Cheyenne),Native American
Wolcott,M,Lives in Wolfe's cottage,English
Wolcott,M,Wolf strife,Teutonic
Wolf,M,Wolf,English
Wolf,M,Wolf strife,Teutonic
Wolfcot,M,Lives in Wolfe's cottage,English
Wolfe,M,Wolf,English
Wolfe,M,Wolf strife,Teutonic
Wolfgang,M,Advancing wolf,German
Wolfgang,M,Wolf strife,Teutonic
Wolfie,M,Wolf strife,Teutonic
Wolfram,M,Wolf raven,Teutonic
Wolfric,M,Wolf ruler,German
Wolfrick,M,Wolf ruler,German
Wolfrik,M,Wolf ruler,German
Wolodymyr,M,"To rule with peace, Regal",Slavic
Woodie,M,"Forester, Row of houses by a wood",English
Woodley,M,From the wooded meadow,English
Woodman,M,Hunter,English
Woodrow,M,"Forester, Row of houses by a wood",English
Woodruff,M,"Forester, Row of houses by a wood",English
Woodward,M,"Forester, Row of houses by a wood",English
Woody,M,"Forester, Row of houses by a wood",English
Woolcott,M,Lives in Wolfe's cottage,English
Woolsey,M,Victorious wolf,English
Woolsey,M,Wolf strife,Teutonic
Woorak,M,From the plain,Australian Abori
Woorin,M,The sun,Australian Abori
Worcester,M,From the alder forest army camp,English
Worden,M,"Defender, Guard",English
Wordsworth,M,World guardian,English
Worrell,M,From the true man's manor,English
Worth,M,From the farm,English
Worthington,M,From the river's side,Anglo-Saxon
Worton,M,From the vegetable farm,English
Wray,M,From the Corner,Scandinavian
Wray,M,Worthy protector,English
Wray,M,Worthy protector,German
Wregan,M,Accuses,Anglo-Saxon
Wren,M,Chief,Welsh
Wright,M,"Craftsman, Carpenter",English
Wright,M,Tradesman,Anglo-Saxon
Wryhta,M,Craftsman,English
Wselfwulf,M,Wolf of slaughter,Anglo-Saxon
Wub,F,"Gorgeous, Beautiful",African
Wudoweard,M,Forester,English
Wulf,M,Wolf,Anglo-Saxon
Wulf,M,Wolf,English
Wulfcot,M,Lives in Wolfe's cottage,English
Wulffrith,M,Wolf of peace,English
Wulfgar,M,Wolf spear,Anglo-Saxon
Wulfgar,M,Wolf spear,English
Wulfhere,M,Name of a king,Anglo-Saxon
Wulfsige,M,Victorious wolf,English
Wulfweardsweorth,M,World guardian,English
Wurt,M,Worthy,Anglo-Saxon
Wuti,F,Woman (Hopi),Native American
Wuyi,M,Soaring turkey vulture (Miwok),Native American
Wyanet,F,Beautiful,Native American
Wyatt,M,Little warrior,English
Wyatt,M,Water,French
Wyciyf,M,From the white cliff,English
Wycliff,M,From the white cliff,English
Wyeth,M,Little warrior,English
Wyeth,M,Water,French
Wyifrid,M,Friend of peace,English
Wyiltun,M,From the farm by the spring,English
Wyla,F,Fierce protector,Teutonic
Wyla,F,"Woman, Wife",Australian Abori
Wyley,M,Valiant protector,Teutonic
Wylie,M,Enchanting,Anglo-Saxon
Wylie,M,Enchanting,English
Wyligby,M,From the willow farm,English
Wylingford,M,"From the willow ford, Desires peace",English
Wylkes,M,Valiant protector,Teutonic
Wylla,F,"Woman, Wife",Australian Abori
Wyman,M,Fighter,Anglo-Saxon
Wyman,M,Warrior,English
Wymer,M,Famous in battle,English
Wyn,M,Peaceful friend,English
Wyn,F,Fair,Welsh
Wyn,F,Peaceful friend,English
Wynchell,M,Drawer of water,Anglo-Saxon
Wynda,F,From the narrow passage,Scottish
Wyndam,M,The field with the winding path,English
Wyndell,M,Friend,English
Wyndham,M,From the windy village,English
Wyne,M,Friend,Anglo-Saxon
Wyne,M,Friend,English
Wynfield,M,From a friend's field,English
Wynfrith,M,Friend of peace,English
Wynn,M,Friend,English
Wynn,F,Fair,Welsh
Wynne,M,Fair,Celtic
Wynne,F,Fair,Welsh
Wynne,F,"White, Fair",Celtic
Wynnie,F,Fair,Welsh
Wynnie,F,"White, Fair",Celtic
Wynny,F,"White, Blessed, Fortunate",Welsh
Wynono,M,First born,Native American
Wynston,M,From Wine's estate,English
Wynter,M,Born in the winter,English
Wynter,F,Born in the winter,English
Wynthrop,M,From Wine's estate,English
Wynton,M,From Windsor,English
Wynward,M,From Wine's forest,English
Wynwode,M,From Wine's forest,English
Wyome,M,Plain,Native American
Wyrttun,M,From the vegetable farm,English
Wystan,M,Battle stone,Anglo-Saxon
Wyth,M,From the willow tree,English
Wythe,M,From the willow tree,English
Wyuna,F,Clear,Australian Abori
Xabat,M,Saviour,Spanish
Xalbador,M,Saviour,Spanish
Xalbadora,F,Saviour,Spanish
Xalvador,M,Saviour,Spanish
Xalvadora,F,Saviour,Spanish
Xander,M,Protector of mankind,Greek
Xandra,F,Protector of mankind,English
Xandy,F,Protector of mankind,Greek
Xanthe,F,"Yellow, Fair hair",Greek
Xanthus,M,Yellow,Greek
Xarles,M,Manly,French
Xaver,M,"January, enlightened",Arabic
Xavia,F,Protector of mankind,Greek
Xavier,M,"Bright, Splendid",Spanish
Xavier,M,"January, enlightened",Arabic
Xavier,M,"January, enlightened",French
Xavier,F,"January, enlightened",Arabic
Xavier,F,"January, enlightened",French
Xaviera,F,"Bright, Splendid",Spanish
Xavierra,F,Owner of a new home,French
Xavierre,F,Owner of a new home,French
Xena,F,Hospitable,Greek
Xenia,F,Hospitable,Greek
Xenos,M,Stranger,Greek
Xerxes,M,Prince,Persian
Xetsa,F,Twin,African
Xever,M,"January, enlightened",Arabic
Xever,M,Owns a new house,Spanish
Xevera,F,Owns a new house,Spanish
Xeveria,F,Owns a new house,Spanish
Ximen,M,God has heard,Hebrew
Ximen,M,Obedient,Spanish
Ximon,M,God has heard,Hebrew
Ximun,M,God has heard,Hebrew
Xiomar,M,Famous in battle,German
Xiomara,F,Xiomy,Spanish
Xuan,M,Spring,Vietnamese
Xuan,F,Spring,Vietnamese
Xuann,F,Spring,Vietnamese
Xylia,F,Wood dweller,Greek
Xylina,F,From the forest,Greek
Xylona,F,From the forest,Greek
Ya akove,F,Replaces,Hebrew
Ya el,F,Goat,Hebrew
Yaakov,M,Held by the heel,Hebrew
Yachne,F,Kind,Hebrew
Yacoub,M,Supplanter,Arabic
Yadon,M,He will judge,Hebrew
Yadra,F,Mother,Spanish
Yael,M,From the slope land,English
Yael,M,One who produces,German
Yaffa,F,Beautiful,Hebrew
Yaffit,F,Beautiful,Hebrew
Yagil,M,He will rejoice,Hebrew
Yago,M,Supplanter,Hebrew
Yago,M,Supplanter,Spanish
Yahoo,F,Joyful,English
Yahto,M,Blue (Sioux),Native American
Yair,M,Enlighten,Hebrew
Yakecan,M,"Sky, Song (Dene)",Native American
Yakov,M,Held by the heel,Russian
Yakov,M,Supplanter,Hebrew
Yaksha,F,A sister of Daksha,Indian
Yale,M,From the slope land,English
Yale,M,One who produces,German
Yamini,F,Night,Indian
Yamka,F,Blossom (Hopi),Native American
Yamuna,F,Jamuna river,Indian
Yan,M,God's grace,Hebrew
Yanamaria,F,Bitter grace,Spanish
Yanamarie,F,Bitter grace,Spanish
Yancy,M,"Yankee, Englishman",Native American
Yani,F,Peace,Australian Abori
Yanis,M,God's gift,Hebrew
Yanisin,M,Ashamed (Navajo),Native American
Yank,M,"Yankee, Englishman",Native American
Yann,M,God's grace,Hebrew
Yanni,M,God's grace,Hebrew
Yannic,M,God's grace,Hebrew
Yannis,M,God's gift,Hebrew
Yaphet,M,Handsome,Hebrew
Yara,F,A seagull,Australian Abori
Yaralla,F,A camp,Australian Abori
Yardane,M,Descendent,Hebrew
Yardenah,F,From the river Jordan,Hebrew
Yardley,M,From the enclosed meadow,English
Yardly,M,From the enclosed meadow,English
Yarema,M,Appointed by God,Hebrew
Yaremka,M,Appointed by God,Hebrew
Yarin,M,To understand,Hebrew
Yarkona,F,Green,Hebrew
Yarmilla,F,Merchant,Slavic
Yaron,M,"To cry out, Singing",Hebrew
Yarra,F,A river red gum,Australian Abori
Yarrah,F,A river red gum,Australian Abori
Yarran,M,Acacia tree,Australian Abori
Yas,M,Snow (Navajo),Native American
Yash,M,"Victory, Glory",Indian
Yashawini,F,Successful lady,Indian
Yashila,F,Famous,Indian
Yashoda,F,Krishna's mother,Indian
Yashodhan,M,Rich in fame,Indian
Yashodhara,M,One who has achieved fame,Indian
Yashpal,M,Protector of fame,Indian
Yashwant,M,One who has achieved glory,Indian
Yasin,M,Rich,Arabic
Yasir,M,Rich,Arabic
Yasmeen,F,Jasmine,Arabic
Yasmia,F,Jasmine,Arabic
Yasmin,F,Jasmine flower,Arabic
Yasmin,F,"Jasmine flower, Gift from God",Persian
Yasmina,F,Jasmine flower,Arabic
Yasmine,F,Jasmine flower,Arabic
Yasmine,F,"Jasmine flower, Gift from God",Persian
Yasuo,M,Peaceful one,Japanese
Yates,M,Gatekeeper,English
Yatin,M,Ascetic,Indian
Yavin,M,Understanding,Hebrew
Yayoi,F,March,Japanese
Yazmin,F,Jasmine flower,Arabic
Yazmina,F,"Jasmine flower, Gift from God",Persian
Ydel,F,Praise,Hebrew
Ye,M,Brave,Burmese
Ye,F,Brave,Burmese
YeM,F,Life,Hebrew
Yedda,F,Beautiful voice,English
Yedidah,F,Friend,Hebrew
Yedidiah,M,Beloved by God,Hebrew
Yedidyah,M,Beloved by God,Hebrew
Yeeshai,M,Rich gift,Hebrew
Yegor,M,"Farmer, To work the earth",Greek
Yehoash,M,Gift from God,Hebrew
Yehonadov,M,Gift from God,Hebrew
Yehoshua,M,God's help,Hebrew
Yehuda,M,"Praise God, A man from Judah, A Jew",Hebrew
Yehudi,M,"Praise God, A man from Judah, A Jew",Hebrew
Yehudit,F,Praise,Hebrew
Yejide,F,Image of her mother,African
Yelena,F,Shining light,Russian
Yelizavetam,F,Devoted to God,Hebrew
Yelysaveta,F,Devoted to God,Hebrew
Yenene,F,Wizard poisoning a sleeping person (Miwok),Native American
Yeoman,M,Retainer,English
Yepa,F,Snow woman,Native American
Yerachmiel,M,Loves God,Hebrew
Yerik,M,Appointed by God,Hebrew
Yerik,M,Appointed by God,Russian
Yerucham,M,Beloved by God,Hebrew
Yervant,M,An Armenian king,Arabic
Yesenia,F,A gypsy,Spanish
Yeshaya,M,God lends,Hebrew
Yeshi,F,For a thousand,African
Yesmina,F,"Right hand, Strength",Hebrew
Yetsye,F,Life,Hebrew
Yetta,F,Beautiful voice,English
Yeva,F,Live giving,Russian
Yevunye,F,Life,Hebrew
Ygeme,F,Mother of Arthur,Arthurian Legend
Ygraine,F,Arthur's mother,Arthurian Legend
Yidel,F,Praise,Hebrew
Yiftach,M,Open,Hebrew
Yigil,M,Shall be redeemed,Hebrew
Yigol,M,Shall be redeemed,Hebrew
Yileen,M,A dream,Australian Abori
Yindi,F,The sun,Australian Abori
Yippee,F,Joyful,English
Yiska,M,The night has passed (Navajo),Native American
Yisreal,M,God's peace,Hebrew
Yissachar,M,Reward,Hebrew
Yitzchak,M,Humorous,Hebrew
Ylva,F,She-wolf,Scandinavian
Ylwa,F,She-wolf,Scandinavian
Ynes,F,"Lamb, Pure, Chaste",Latin
Ynes,F,Pure,French
Ynes,F,Pure,Greek
Ynez,F,"Lamb, Pure, Chaste",Latin
Ynez,F,Pure,French
Ynez,F,Pure,Greek
Yngvar,M,Of Ing's army,Norse
Yo,M,El,Hebrew
Yo,F,"Violet flower, Modest",Greek
Yoana,F,God's gift,Spanish
Yobachi,M,Pray to God,African
Yocheved,F,God's glory,Hebrew
Yoel,M,God prevails,Hebrew
Yogendra,M,God of Yoga,Indian
Yogesh,M,God of Yoga,Indian
Yogi,M,One of the yoga practice,Japanese
Yogini,F,One who controls senses,Indian
Yogita,F,One who can concentrate,Indian
Yoki,F,Rain (Hopi),Native American
Yoko,F,Positive,Japanese
Yolanda,F,Violet,Spanish
Yolanda,F,"Violet flower, Modest",French
Yolanda,F,"Violet flower, Modest",Greek
Yolande,F,Strong,French
Yolande,F,"Violet flower, Modest",Greek
Yolantha,F,"Violet flower, Modest",Greek
Yolanthe,F,Strong,French
Yolonda,F,"Violet flower, Modest",French
Yoman,M,Retainer,English
Yomaris,F,I am the sun,Spanish
Yona,F,Dove,Hebrew
Yonah,M,Dove,Hebrew
Yonina,F,Dove,Hebrew
Yoninah,F,Dove,Hebrew
Yonita,F,Dove,Hebrew
Yooralla,F,Love,Australian Abori
Yordana,F,Descendent,Hebrew
Yorick,M,Farmer,Scandinavian
Yorick,M,From the farm of yew trees,English
Yorick,M,Yew tree,Celtic
York,M,From the farm of yew trees,English
York,M,Yew tree,Celtic
Yoseba,F,God wiIl multiply,Hebrew
Yosebe,F,God wiIl multiply,Hebrew
Yosepha,F,God wiIl multiply,Hebrew
Yosephina,F,God wiIl multiply,Hebrew
Yoshi,M,"Better, Best",Japanese
Yoshiko,F,Child of Yoshi,Japanese
Youri,M,To hear,Australian Abori
Yourie,M,To hear,Australian Abori
Yovela,F,Rejoice,Hebrew
Yoyi,M,"Farmer, To work the earth",Greek
Yrre,M,Anger,Anglo-Saxon
Ysabel,F,Devoted to God,French
Ysbaddaden,M,Giant,Arthurian Legend
Yseult,F,Fair,Celtic
Yseult,F,Fair,French
Yseult,F,Ruler of ice,German
Ysolde,F,Lover of Tristan,Arthurian Legend
Yspaddaden,M,Mythical father of Olwyn,Celtic
Yudhajit,M,Victor in war,Indian
Yudhisthir,M,Firm in battle,Indian
Yuhudit,F,Praise,Hebrew
Yuka,M,Tree,Australian Abori
Yukako,F,Child of Yuka,Japanese
Yukiko,F,Child of Yuki,Japanese
Yukio,M,"Gets what he wants, God will nourish",Japanese
Yul,M,Born at Christmas,English
Yule,M,Born at Christmas,English
Yuma,M,Chiefs son,Native American
Yumako,F,Child of Yuma,Japanese
Yumi,F,Beautiful,Japanese
Yumiko,F,Child of Yumi,Japanese
Yumoke,F,Everyone loves the baby,African
Yungara,F,A wife,Australian Abori
Yura,M,"Farmer, To work the earth",Greek
Yurchik,M,"Farmer, To work the earth",Greek
Yuri,M,"Farmer, To work the earth",Greek
Yuri,M,To hear,Australian Abori
Yuri,F,Lily,Japanese
Yuri,F,To hear,Australian Abori
Yurie,M,To hear,Australian Abori
Yurik,M,"Farmer, To work the earth",Greek
Yuriko,F,Child of Yuri,Japanese
Yurko,M,"Farmer, To work the earth",Greek
Yury,M,To hear,Australian Abori
Yusef,M,God shall multiply,Hebrew
Yusha,M,"Farmer, To work the earth",Greek
Yusuf,M,God wiIl multiply,Arabic
Yusuf,M,God wiIl multiply,Hebrew
Yuta,F,Praise,Hebrew
Yutsuko,F,Child of Yutso,Japanese
Yuvaraj,M,"Prince, Beacon on the hill",Indian
Yuyutsu,M,Eager to fight,Indian
Yvan,M,Archer,Teutonic
Yves,M,Archer,French
Yves,M,Archer,Teutonic
Yvet,M,Archer,French
Yvette,F,Archer,French
Yvette,F,Archer,Teutonic
Yvo,M,Archer,Teutonic
Yvo,F,Archer,Teutonic
Yvon,M,Archer,French
Yvonna,F,Archer,French
Yvonne,F,Archer,French
Yvonne,F,Archer,Teutonic
Z'ev,M,Wolf,Hebrew
Zabrina,F,Legendary princess,English
Zabulon,M,"To exhalt, Honor",Hebrew
Zacarias,M,Remembered by God,Spanish
Zacarius,M,Remembered by God,Hebrew
Zaccaria,M,Remembered by God,Hebrew
Zacchaeus,M,"Clean, Pure",Hebrew
Zaccheo,M,Remembered by God,Hebrew
Zaccheus,M,Remembered by God,Hebrew
Zach,M,Remembered by God,English
Zach,M,Remembered by God,Hebrew
Zachaios,M,Remembered by God,Hebrew
Zacharia,M,Remembered by God,German
Zachariah,M,Remembered by God,Hebrew
Zacharias,M,Remembered by God,Hebrew
Zacharie,M,Remembered by God,Hebrew
Zachary,M,Remembered by God,English
Zachary,M,Remembered by God,Hebrew
Zacharyah,M,Remembered by God,Hebrew
Zachely,M,Remembered by God,Hebrew
Zack,M,Remembered by God,English
Zack,M,Remembered by God,Hebrew
Zackary,M,Remembered by God,English
Zackery,M,Remembered by God,English
Zackry,M,Remembered by God,Hebrew
Zada,F,"Huntress, Fortunate",Arabic
Zadok,M,Just,Hebrew
Zafir,M,Victorious,Arabic
Zafirah,F,Victory,Arabic
Zahara,F,Dazzling,Arabic
Zahara,F,Flower,African
Zahavah,F,Golden,Hebrew
Zahid,M,Altruistic,Arabic
Zahir,M,Sparkling,Arabic
Zahirah,F,Dazzling,Arabic
Zahra,F,Flower,African
Zahra,F,White,Arabic
Zahrah,F,White,Arabic
Zahur,M,Flower,African
Zaid,M,"Increase, Growth",African
Zaida,F,Lucky,Arabic
Zaide,M,Elder,Yiddish
Zain,M,God is merciful,English
Zain,M,God's grace,Hebrew
Zainabu,F,Beautiful,African
Zaine,M,God is merciful,English
Zaira,F,Princess,Irish
Zaira,F,Rose,Arabic
Zaire,F,Rose,Arabic
Zak,M,Remembered by God,English
Zak,M,Remembered by God,Hebrew
Zakai,M,"Innocent, Pure",Hebrew
Zakari,M,Remembered by God,English
Zakary,M,Remembered by God,English
Zakary,M,Remembered by God,Hebrew
Zaki,M,"Smart, Intelligent",Arabic
Zakia,F,"Bright, Pure",Hebrew
Zakiya,F,"Smart, Intelligent",African
Zakkai,M,"Innocent, Pure",Hebrew
Zalika,F,Well born,African
Zaltana,F,High mountain,Native American
Zalán,M,"Thrower, Hitter",Hungarian
Zama,F,From Zama,Latin
Zambda,F,Meditation,Hebrew
Zamora,F,From Zamora,Spanish
Zamora,F,Praised,Hebrew
Zander,M,Protector of mankind,English
Zandra,F,Protector of mankind,English
Zandra,F,Protector of mankind,Greek
Zandra,F,Protector of mankind,Spanish
Zandria,F,Protector of mankind,Greek
Zane,M,God is merciful,English
Zane,M,God's gift,Hebrew
Zanebono,M,The good one,Italian
Zaneta,F,God's gift,Hebrew
Zaneta,F,God's gift. A saint's name.,Spanish
Zanetta,F,God's gift. A saint's name.,Spanish
Zani,M,Gift from God,Hebrew
Zaniel,M,Angel of Mondays,Latin
Zanipolo,M,Little gift of God,Italian
Zanita,F,God's gift. A saint's name.,Spanish
Zanita,F,Long teeth,Greek
Zanna,F,God's gift,Hebrew
Zanobi,M,Scarsly alive,Latin
Zara,F,Dawn,Hebrew
Zara,F,Light,French
Zara,F,Princess,Arabic
Zarad,M,Ambush,Hebrew
Zarah,F,Dawn,Hebrew
Zarah,F,Princess,Arabic
Zarahlinda,F,Beautiful dawn,Hebrew
Zared,M,Ambush,Hebrew
Zarek,M,May God protect the king,Greek
Zari,F,Dawn,Hebrew
Zari,F,Princess,Arabic
Zaria,F,Princess,Hebrew
Zaria,F,Rose,Arabic
Zariah,F,Rose,Arabic
Zarry,F,Dawn,Hebrew
Zarry,F,Princess,Arabic
Zarya,F,Golden dawn,Greek
Zarya,F,Golden dawn,Slavic
Zaránd,M,Gold,Hungarian
Zauditu,F,She is the crown,African
Zavrina,F,Legendary princess,English
Zaw,M,Outstanding,Burmese
Zaw,F,Outstanding,Burmese
Zawadi,F,"A gift, A present",African
Zawditu,F,She is the crown,African
Zayda,F,Lucky,Arabic
Zayit,M,Olive,Hebrew
Zayna,F,Beautiful,Arabic
Zayne,M,God is merciful,English
Zaza,F,Flowery,Arabic
Zaza,F,Movement,Hebrew
Zazu,M,Movement,Hebrew
Zdenek,M,Follower of Saint Denys,French
Zdenek,M,"One from Sidon, A winding sheet",Czech
Zdenka,F,"One from Sidon, A winding sheet",Czech
Ze'ev,M,Wolf,Hebrew
Zeb,M,Servant of God,Hebrew
Zebadiah,M,Gift from God,Hebrew
Zebedeo,M,Servant of God,Hebrew
Zebediah,M,Gift from God,Hebrew
Zebina,F,One who is gifted,Greek
Zebulon,M,Home,Hebrew
Zebulun,M,Habitation,Hebrew
Zechairah,M,Remembered by God,Hebrew
Zechariah,M,Jehovah has remembered,Hebrew
Zed,M,God's justice,Hebrew
Zedekiah,M,God's justice,Hebrew
Zefferino,M,Wind of spring,Greek
Zefirino,M,Wind of spring,Greek
Zefiro,M,Wind of spring,Greek
Zehava,F,Golden,Hebrew
Zehave,F,Golden,Hebrew
Zehavi,F,Golden,Hebrew
Zehavit,F,Golden,Hebrew
Zehira,F,Protected,Hebrew
Zehuva,F,Golden,Hebrew
Zeinab,F,Good,African
Zeke,M,Strength of God,English
Zeke,M,Strength of God,Hebrew
Zeke,M,The memory of the lord,Arabic
Zelda,F,Famous warrior,German
Zelenka,F,Little innocent one,Czech
Zelia,F,Zealous one,Greek
Zelig,M,The blessed one,German
Zelinda,F,Shield of victory,German
Zelma,F,Comely,English
Zelpha,F,Beautiful,Hebrew
Zemil,F,Joyous song,Hebrew
Zemira,F,Praised,Hebrew
Zemirah,F,Joyous song,Hebrew
Zemora,F,Praised,Hebrew
Zen,M,Gift of Zeus,Greek
Zena,F,Born of Zeus,Greek
Zena,F,"News, Fame",African
Zenaide,F,One who has devoted his life to God,Greek
Zenais,F,Of Zeus,Greek
Zenevieva,F,Fair,Celtic
Zenia,F,Hospitable,Greek
Zenina,F,Born of Zeus,Greek
Zenna,F,Born of Zeus,Greek
Zeno,M,Born of Zeus,Greek
Zenobia,F,Born of Zeus,Greek
Zenobia,F,Father's ornament,Arabic
Zenobie,F,Born of Zeus,Greek
Zenobio,M,Strength of Jupiter,Greek
Zenon,M,Living,Spanish
Zenos,M,Gift of Zeus,Greek
Zephan,M,Treasured by God,Hebrew
Zephaniah,M,Treasured by God,Hebrew
Zephirin,M,Wind,Greek
Zephyr,M,Wind,Greek
Zera,F,Seed,Greek
Zera,F,Seed,Hebrew
Zera'im,F,Seed,Hebrew
Zerind,M,Serb,Hungarian
Zerlinda,F,Dawn,Hebrew
Zerlinda,F,Princess,Arabic
Zero,M,Empty,Arabic
Zero,M,Seed,Greek
Zeth,M,"Investigator, Researcher",Greek
Zetico,M,"Investigator, Researcher",Greek
Zeticus,M,"Investigator, Researcher",Greek
Zev,M,Deer,Indian
Zev,M,Wolf,Hebrew
Zeva,M,Wolf,Hebrew
Zeva,F,Sword,Greek
Zevida,F,Gift,Hebrew
Zevie,M,Wolf,Hebrew
Zevulun,M,Habitation,Hebrew
Zeya,M,Success,Burmese
Zeya,F,Success,Burmese
Zeyar,M,Success,Burmese
Zeyar,F,Success,Burmese
Zhorka,M,"Farmer, To work the earth",Greek
Zi,F,Rose,Arabic
Zia,F,A kind of grain,Latin
Zia,F,"Light, Splendor",Arabic
Zia,F,To tremble,Hebrew
Ziazan,F,Rainbow,Arabic
Zibia,F,Doe,Hebrew
Zibiah,F,Doe,Hebrew
Ziff,M,Wolf,Hebrew
Zigana,F,Gypsy,Hungarian
Ziggy.,M,"Victory shield, Victory protector",Teutonic
Zihna,F,Spins (Hopi),Native American
Zila,F,Shadow,Hebrew
Zili,F,Shadow,Hebrew
Zilla,F,Shadow,Hebrew
Zillah,F,Shadow,Hebrew
Zilli,F,Shadow,Hebrew
Zilpha,F,Beautiful,Hebrew
Zilvia,F,Woodland maid,Latin
Zimra,M,Song,Hebrew
Zimra,F,Praised,Hebrew
Zimria,F,Praised,Hebrew
Zin,F,Flower name,English
Zina,F,Flower name,English
Zina,F,Name,African
Zina,F,Of Zeus,Greek
Zinaida,F,Of Zeus,Greek
Zinerva,F,Fair,Celtic
Zinia,F,Flower name,English
Zinnia,F,Flower name,English
Zinovia,F,Born of Zeus,Greek
Zinsa,F,Twin,African
Zion,M,A sign,Hebrew
Ziona,F,A sign,Hebrew
Zippora,F,Beautiful,Hebrew
Zipporah,F,Beautiful,Hebrew
Zisel,F,Sweet,Hebrew
Zita,F,Little hope,Spanish
Zita,F,The seeker,Hebrew
Zita,F,Virgin,Persian
Zitkala,F,Bird (Dakota),Native American
Ziv,M,Very bright,Hebrew
Ziva,M,Wolf,Hebrew
Ziva,F,Splendid,Hebrew
Ziven,M,"Vigorous, Alive",Slavic
Zivia,M,Wolf,Hebrew
Zizi,F,Devoted to God,Hungarian
Zizi,F,Rose,Arabic
Zobor,M,Gathering,Hungarian
Zoe,F,Life,Greek
Zoello,M,Son of Zoe,Greek
Zoellus,M,Son of Zoe,Greek
Zoey,F,Life,Greek
Zofka,F,Wisdom,Greek
Zohar,M,Sparkles,Hebrew
Zohar,F,Sparkles,Hebrew
Zoheret,F,Sparkles,Hebrew
Zohra,F,Golden dawn,Greek
Zohra,F,Golden dawn,Slavic
Zoilo,M,Lively,Greek
Zola,F,Ball of earth,Italian
Zola,F,Productive,African
Zoltán,M,Chieftain,Hungarian
Zombor,M,Buffalo,Hungarian
Zona,F,Prostitute,Latin
Zora,F,Golden dawn,Greek
Zora,F,Golden dawn,Slavic
Zoradah,F,Golden dawn,Greek
Zoradah,F,Golden dawn,Slavic
Zorah,F,Golden dawn,Greek
Zorah,F,Golden dawn,Slavic
Zoranna,F,Golden dawn,Greek
Zoranna,F,Golden dawn,Slavic
Zori,F,Golden dawn,Greek
Zori,F,Golden dawn,Slavic
Zoriana,F,Golden dawn,Greek
Zoriana,F,Golden dawn,Slavic
Zorie,F,Golden dawn,Greek
Zorie,F,Golden dawn,Slavic
Zorina,F,Golden dawn,Greek
Zorina,F,Golden dawn,Slavic
Zorro,M,Golden dawn,Slavic
Zorry,F,Golden dawn,Greek
Zorry,F,Golden dawn,Slavic
Zorán,M,Dawn,Hungarian
Zosia,F,Wise one,Polish
Zosima,F,Lively,Greek
Zosimo,M,Lively,Greek
Zosimos,M,Lively,Greek
Zosimus,M,Lively,Greek
Zotia,F,Wise one,Polish
Zotico,M,Lively,Greek
Zoticus,M,Lively,Greek
Zoé,F,Life,Greek
Zsa Zsa,F,Lily,Hebrew
Zsa Zsa,F,Rose,Hungarian
Zsigmond,M,"Victory shield, Victory protector",Hungarian
Zsolt,M,Name of an honor,Hungarian
Zsombor,M,Buffalo,Hungarian
Zsusanna,F,Rose,Hungarian
Zsuzsanna,F,Rose,Hungarian
Zuhayr,M,Sparkling,Arabic
Zuleika,F,"Fair-haired, Blonde",Arabic
Zulema,M,"Peace, Tranquility",Arabic
Zulema,F,"Peace, Tranquility",Arabic
Zulema,F,"Peace, Tranquility",Hebrew
Zuleyka,F,"Fair-haired, Blonde",Arabic
Zulima,F,"Peace, Tranquility",Arabic
Zulima,F,"Peace, Tranquility",Hebrew
Zuri,F,White and lovely,French
Zuria,F,White and lovely,French
Zurie,F,White and lovely,French
Zuriel,M,Stone,Hebrew
Zuriel,F,God is my rock,Hebrew
Zurina,F,White,Spanish
Zurine,F,White,Spanish
Zuwena,F,Good,African
Zuza,F,Graceful lily,Czech
Zuzanny,F,Rose,Hungarian
Zvi,M,Wolf,Hebrew
Zwena,F,Good,African
Zwi,M,Gazelle,Scandinavian
Zwi,F,Gazelle,Scandinavian
Zylina,F,From the forest,Greek
Zylona,F,From the forest,Greek
Zysel,F,Sweet,Hebrew
Zádor,M,Violent,Hungarian
Zámor,M,Farm,Hungarian
mei,F,Beautiful,Chinese
mey,F,Beautiful,Chinese
Ödön,M,Keeper of the fief,Hungarian
Örkény,M,Frightening man,Hungarian
Örs,M,"Man, Hero",Hungarian
Özséb,M,"Pious, Righteous",Hungarian

