name,Weight
AABERG,5
AABY,5
AADLAND,5
AAGAARD,5
AAKRE,5
AALAND,5
AALBERS,5
AALDERINK,5
AALUND,5
AAMODT,5
AAMOT,5
AANDERUD,5
AANENSON,5
AANERUD,5
AARANT,5
AARDEMA,5
AARESTAD,5
AARHUS,5
AARON,80
AARONS,10
AARONSON,5
AARSVOLD,5
AAS,5
AASBY,5
AASE,5
AASEN,10
AAVANG,5
ABAD,10
ABADI,5
ABADIE,10
ABAIR,5
ABAJA,5
ABAJIAN,5
ABALOS,5
ABALOZ,5
ABAR,5
ABARCA,10
ABARE,5
ABASCAL,5
ABASTA,5
ABATE,10
ABATI,5
ABATIELL,5
ABATO,5
ABATTI,5
ABAUNZA,5
ABAYA,5
ABBADESSA,5
ABBAMONTE,5
ABBAS,10
ABBASI,5
ABBASSI,5
ABBATE,10
ABBATIELLO,5
ABBAY,5
ABBE,5
ABBED,5
ABBENANTE,5
ABBEY,20
ABBINANTI,5
ABBINGTON,5
ABBITT,5
ABBOT,5
ABBOTT,250
ABBOUD,5
ABBRUZZESE,5
ABBS,5
ABBY,5
ABDALLA,5
ABDALLAH,10
ABDEL,5
ABDELAL,5
ABDELAZIZ,5
ABDELDAYEN,5
ABDELHAMID,5
ABDELLA,5
ABDELMUTI,5
ABDELRAHMAN,5
ABDELWAHED,5
ABDI,5
ABDIN,5
ABDO,10
ABDON,5
ABDOOL,5
ABDOU,5
ABDUL,10
ABDULA,5
ABDULAZIZ,5
ABDULKARIM,5
ABDULLA,5
ABDULLAH,20
ABDULLAI,5
ABDULMATEEN,5
ABDULMUNIEM,5
ABDUR,5
ABE,10
ABEB,5
ABED,5
ABEDELAH,5
ABEDI,5
ABEE,5
ABEGG,5
ABEITA,5
ABEL,70
ABELA,5
ABELAR,5
ABELARDO,5
ABELE,5
ABELES,5
ABELL,30
ABELLA,5
ABELLERA,5
ABELMAN,5
ABELN,5
ABELS,10
ABELSON,5
ABEN,5
ABEND,5
ABENDROTH,5
ABER,5
ABERCOMBIE,5
ABERCROMBIE,20
ABERLE,5
ABERNATHA,5
ABERNATHY,70
ABERNETHY,10
ABERSON,5
ABES,5
ABETA,5
ABETE,5
ABETRANI,5
ABEYTA,20
ABIDE,5
ABIGANTUS,5
ABILA,5
ABILAY,5
ABILD,5
ABILEZ,5
ABINA,5
ABINGTON,5
ABITONG,5
ABKE,5
ABKEMEIER,5
ABLANG,5
ABLAO,5
ABLE,10
ABLEMAN,5
ABLER,5
ABLES,20
ABLIN,5
ABLING,5
ABNER,30
ABNET,5
ABNEY,50
ABO,5
ABOLAFIA,5
ABOLT,5
ABOOD,5
ABOSHIHATA,5
ABOUD,5
ABOUDI,5
ABOULAHOUD,5
ABOULISSAN,5
ABOUSALEH,5
ABOYTES,5
ABPLANALP,5
ABRACHINSKY,5
ABRAHAM,80
ABRAHAMIAN,5
ABRAHAMS,10
ABRAHAMSEN,5
ABRAHAMSON,10
ABRAM,20
ABRAMEK,5
ABRAMIAN,5
ABRAMOFF,5
ABRAMOV,5
ABRAMOVICH,5
ABRAMOVITZ,5
ABRAMOWITZ,10
ABRAMOWSKI,5
ABRAMS,90
ABRAMSON,20
ABRANTES,5
ABREAU,5
ABRECHT,5
ABREGO,20
ABRELL,5
ABREO,5
ABREU,40
ABREV,5
ABREW,5
ABREY,5
ABRIAL,5
ABRIL,10
ABRIOLA,5
ABROM,5
ABRON,10
ABRUZZESE,5
ABRUZZINO,5
ABRUZZO,5
ABSALON,5
ABSHEAR,5
ABSHER,10
ABSHIER,5
ABSHIRE,10
ABSON,5
ABSTON,10
ABT,5
ABTS,5
ABU,5
ABUAITA,5
ABUBAKR,5
ABUD,5
ABUEL,5
ABUGN,5
ABUHL,5
ABUNDIS,5
ABUNDIZ,5
ABURTO,5
ABUSUFAIT,5
ACAL,5
ACAMPORA,5
ACCALA,5
ACCARDI,5
ACCARDO,5
ACCETTA,5
ACCETTURO,5
ACCOLA,5
ACCOMANDO,5
ACCORNERO,5
ACCOSTA,5
ACCURSO,5
ACE,5
ACEBEDO,5
ACEBO,5
ACEDO,5
ACEE,5
ACEITUNO,5
ACENCIO,5
ACERET,5
ACERNO,5
ACERO,5
ACERRA,5
ACETO,5
ACEUEDO,5
ACEVADO,5
ACEVEDA,5
ACEVEDO,130
ACEVES,10
ACEY,5
ACFALLE,5
ACHANE,5
ACHE,5
ACHEAMPONG,5
ACHEE,5
ACHEKIAN,5
ACHENBACH,10
ACHESON,10
ACHILLE,5
ACHILLES,5
ACHIN,5
ACHOR,5
ACHORD,5
ACHORN,5
ACHTER,5
ACHTERHOF,5
ACHZET,5
ACHZIGER,5
ACIERNO,5
ACIMOVIC,5
ACK,5
ACKAH,5
ACKEN,5
ACKER,50
ACKERLEY,5
ACKERLY,5
ACKERMAN,90
ACKERMANN,10
ACKERS,5
ACKERSON,10
ACKERT,5
ACKIES,5
ACKINS,5
ACKISON,5
ACKISS,5
ACKLAND,5
ACKLEN,5
ACKLES,10
ACKLEY,30
ACKLIN,10
ACKMAN,10
ACKMANN,5
ACKROYD,5
ACLY,5
ACOBA,5
ACOCELLA,5
ACOCK,5
ACOFF,5
ACOR,5
ACORD,10
ACORDA,5
ACORS,5
ACOSTA,220
ACOSTO,5
ACOTHLEY,5
ACQUAVIVA,5
ACQUILLA,5
ACRE,5
ACREE,20
ACRES,10
ACREY,5
ACRI,5
ACRON,5
ACTIS,5
ACTON,20
ACUFF,10
ACUNA,40
ACY,5
ADA,5
ADACHI,5
ADAIR,70
ADALJA,5
ADAM,50
ADAMAITIS,5
ADAMCIK,5
ADAMCZAK,5
ADAMCZYK,10
ADAME,40
ADAMEC,5
ADAMEK,10
ADAMES,20
ADAMI,5
ADAMIAK,5
ADAMIK,5
ADAMIS,5
ADAMITIS,5
ADAMO,10
ADAMOS,5
ADAMOWSKI,5
ADAMS,1740
ADAMSEN,5
ADAMSKI,10
ADAMSKY,5
ADAMSON,50
ADAMSONIS,5
ADAMYAN,5
ADAN,10
ADANK,5
ADAS,5
ADAUTO,5
ADAWAY,5
ADAY,5
ADCOCK,50
ADCOX,10
ADDAIR,5
ADDAMS,5
ADDARIO,5
ADDEO,5
ADDERLEY,5
ADDERLY,5
ADDESSO,5
ADDICKS,5
ADDIE,5
ADDIEGO,5
ADDINGTON,20
ADDIS,10
ADDISON,70
ADDLEMAN,5
ADDO,5
ADDUCI,5
ADDY,10
ADE,5
ADEBISI,5
ADEE,5
ADEL,5
ADELBLUE,5
ADELGREN,5
ADELIZZI,5
ADELL,5
ADELMAN,10
ADELMANN,5
ADELMUND,5
ADELS,5
ADELSBERG,5
ADELSON,10
ADELSPERGER,5
ADELSTEIN,5
ADEMA,5
ADEN,10
ADENS,5
ADER,5
ADERHOLD,5
ADERHOLDT,5
ADERHOLT,10
ADERMAN,5
ADERSON,5
ADES,5
ADESSA,5
ADESSO,5
ADEY,5
ADEYEMO,5
ADGER,10
ADHAM,5
ADHAMI,5
ADI,5
ADIB,5
ADICKES,5
ADIE,5
ADIL,5
ADINOLFI,5
ADJEI,5
ADJUTANT,5
ADKERSON,5
ADKIN,5
ADKINS,290
ADKINSON,10
ADKISON,10
ADKISSON,10
ADLAM,5
ADLE,5
ADLEMAN,5
ADLER,50
ADLEY,5
ADLING,5
ADLOFF,5
ADMAS,5
ADMIRE,5
ADNER,5
ADNEY,5
ADOLF,5
ADOLFO,5
ADOLFSON,5
ADOLPH,10
ADOLPHE,5
ADOLPHSEN,5
ADOLPHSON,5
ADOLPHUS,5
ADOMAITIS,5
ADON,5
ADONIS,5
ADORNO,20
ADRAGNA,5
ADRIAN,20
ADRIANCE,5
ADRIANO,5
ADRID,5
ADRIEN,5
ADRION,5
ADROVEL,5
ADSIDE,5
ADSIT,5
ADU,5
ADUDDELL,5
ADULE,5
ADWELL,5
ADY,5
ADZHABAKYAN,5
AEGERTER,5
AEILLO,5
AELING,5
AEMMER,5
AERNI,5
AERTS,5
AERY,5
AESCHBACHER,5
AESCHLIMAN,5
AESCHLIMANN,5
AFABLE,5
AFALAVA,5
AFAN,5
AFANADOR,5
AFFAGATO,5
AFFELD,5
AFFELT,5
AFFELTRANGER,5
AFFLECK,5
AFFLICK,5
AFFOLTER,5
AFFRONTI,5
AFLALO,5
AFOA,5
AFONSO,5
AFRICA,5
AFSHAR,5
AFSHARI,5
AFTON,5
AFURONG,5
AFZAL,5
AGAMAO,5
AGAN,10
AGANS,5
AGAR,10
AGARD,5
AGARWAL,10
AGBAYANI,5
AGBISIT,5
AGCAOILI,5
AGE,5
AGEBOI,5
AGEE,50
AGEL,5
AGEMY,5
AGENA,5
AGENT,5
AGER,10
AGERS,5
AGERTER,5
AGERTON,5
AGGARWAL,5
AGGAS,5
AGGERS,5
AGIB,5
AGILAR,5
AGIN,10
AGINS,5
AGLE,5
AGLER,5
AGLIAM,5
AGNE,5
AGNELLI,5
AGNELLO,5
AGNER,5
AGNES,5
AGNEW,30
AGNEY,5
AGNI,5
AGNOR,5
AGOFF,5
AGONOY,5
AGOR,5
AGORAS,5
AGORO,5
AGOSTA,5
AGOSTI,5
AGOSTINELLI,5
AGOSTINI,10
AGOSTINO,5
AGOSTO,20
AGPAOA,5
AGRAMONTE,5
AGRAWAL,5
AGRE,5
AGREDA,5
AGREDANO,5
AGRELA,5
AGRESTA,5
AGRESTE,5
AGRESTI,5
AGRESTO,5
AGRICOLA,5
AGRIESTI,5
AGRIOS,5
AGRO,5
AGRON,5
AGTARAP,5
AGUADA,5
AGUADO,5
AGUALLO,5
AGUAS,5
AGUAYO,30
AGUDELO,5
AGUDO,5
AGUEDA,5
AGUELE,5
AGUERO,10
AGUIAR,30
AGUILA,10
AGUILAR,300
AGUILER,5
AGUILERA,60
AGUILLAR,5
AGUILLARD,5
AGUILLERA,5
AGUILLON,5
AGUINAGA,5
AGUINALDO,10
AGUINIGA,5
AGUINO,5
AGUIRE,5
AGUIRRE,140
AGULAR,5
AGULIAR,5
AGUMGA,5
AGUNDEZ,5
AGUNOS,5
AGUON,10
AGURS,5
AGUSTIN,10
AGUSTINE,5
AGUSTINO,5
AGYEMAN,5
AHAL,5
AHALT,5
AHARON,5
AHARONI,5
AHARONOF,5
AHART,10
AHAUS,5
AHEARN,10
AHERN,30
AHERNS,5
AHHEE,5
AHIA,5
AHIMUD,5
AHL,10
AHLBERG,5
AHLBORN,5
AHLBRECHT,5
AHLE,5
AHLEMEYER,5
AHLER,5
AHLERS,10
AHLES,5
AHLF,5
AHLFIELD,5
AHLGREN,5
AHLHEIM,5
AHLIN,5
AHLM,5
AHLMAN,5
AHLO,5
AHLQUIST,5
AHLSTEDT,5
AHLSTROM,10
AHLUWALIA,5
AHMAD,30
AHMADI,5
AHMANN,5
AHMAU,5
AHMED,40
AHN,20
AHNE,5
AHNELL,5
AHNER,20
AHO,10
AHOLT,5
AHONEN,5
AHR,5
AHRENDES,5
AHRENDS,5
AHRENDT,5
AHRENHOLTZ,5
AHRENHOLZ,5
AHRENS,30
AHRENSTORFF,5
AHRENT,5
AHRNS,5
AHSAN,5
AHSING,5
AHUJA,5
AHUMADA,10
AHUNA,5
AHYET,5
AHYOU,5
AIAVA,5
AICHELE,10
AICKLEN,5
AID,5
AIDT,5
AIELLO,30
AIEVOLI,5
AIGNER,5
AIHARA,5
AIKEN,50
AIKENS,20
AIKEY,5
AIKIN,10
AIKINS,5
AIKMAN,5
AILES,5
AILEY,5
AILIFF,5
AILLS,5
AILOR,5
AILSHIRE,5
AILSTOCK,5
AILSWORTH,5
AILTS,5
AIMBEZ,5
AIMONE,5
AINA,5
AINES,5
AINGE,5
AINI,5
AINLEY,5
AINSCOUGH,5
AINSLEY,5
AINSLIE,5
AINSWORTH,40
AIOLA,5
AIONA,5
AIPOPO,5
AIPORLANI,5
AIPPERSPACH,5
AIRD,5
AIRHART,5
AIRINGTON,5
AIROLA,5
AIRTH,5
AISPURO,5
AITA,5
AITCHESON,5
AITCHISON,5
AITES,5
AITKEN,10
AITKIN,5
AITKINS,5
AITON,5
AIU,5
AIUDI,5
AIUTO,5
AIVAO,5
AIYER,5
AJA,5
AJANI,5
AJASIN,5
AJAYI,5
AJELLO,5
AJOKU,5
AJOSE,5
AKAHI,5
AKAL,5
AKAMINE,5
AKAMIRO,5
AKANA,5
AKANDE,5
AKAPO,5
AKARD,5
AKAU,5
AKAWANZIE,5
AKBAR,10
AKBARI,5
AKE,10
AKEL,5
AKEMON,5
AKEN,5
AKER,10
AKERLEY,5
AKERMAN,5
AKERS,110
AKERSON,5
AKERY,5
AKES,5
AKEY,5
AKHAND,5
AKHAVAN,5
AKHTAR,5
AKI,5
AKIEREISEN,5
AKIM,5
AKIMA,5
AKIMSEU,5
AKIN,30
AKINREFON,5
AKINS,80
AKINYOOYE,5
AKIONA,5
AKIYAMA,5
AKKERMAN,5
AKLES,5
AKLEY,5
AKMAL,5
AKO,5
AKONI,5
AKPAN,5
AKRAM,5
AKRE,5
AKRIDGE,10
AKRIGHT,5
AKSAMIT,5
AKSOY,5
AKUCHIE,5
AKUNA,5
AKWEI,5
ALA,5
ALACANO,5
ALAGNA,5
ALAI,5
ALAIBILLA,5
ALAIMO,10
ALALEM,5
ALAM,10
ALAMBAR,5
ALAMEDA,10
ALAMEIDA,5
ALAMIA,5
ALAMILLA,5
ALAMILLO,5
ALAMIN,5
ALAMO,10
ALAMOS,5
ALAMPI,5
ALAN,5
ALAND,5
ALANIS,20
ALANIZ,50
ALANKO,5
ALANO,5
ALAPAI,5
ALAR,5
ALARCON,30
ALARCONE,5
ALARID,5
ALARIE,5
ALARIO,5
ALAS,5
ALATORRE,10
ALATOSSE,5
ALATTAR,5
ALAVI,5
ALAWDI,5
ALAYA,5
ALBA,30
ALBACH,5
ALBAIR,5
ALBALADEJO,5
ALBAN,10
ALBANESE,20
ALBANEZ,5
ALBANG,5
ALBANI,5
ALBANO,10
ALBANY,5
ALBARADO,10
ALBARAZI,5
ALBARES,5
ALBAREZ,5
ALBARRACIN,5
ALBARRAN,10
ALBAUGH,10
ALBE,5
ALBEA,5
ALBEE,10
ALBELO,5
ALBEN,5
ALBER,10
ALBERDA,5
ALBERDING,5
ALBERG,5
ALBERGOTTI,5
ALBERICO,5
ALBERO,5
ALBERRO,5
ALBERRY,5
ALBERS,40
ALBERSON,5
ALBERT,130
ALBERTA,5
ALBERTHAL,5
ALBERTI,5
ALBERTINE,5
ALBERTINI,5
ALBERTO,10
ALBERTS,20
ALBERTSEN,5
ALBERTSON,40
ALBERTY,10
ALBERY,5
ALBIN,10
ALBINI,5
ALBINO,10
ALBISTON,5
ALBOR,5
ALBORN,5
ALBORNOZ,5
ALBRACHT,5
ALBRASHI,5
ALBRECHT,60
ALBREKHT,5
ALBRIGHT,90
ALBRITON,5
ALBRITTAIN,5
ALBRITTON,20
ALBRO,10
ALBROUGH,5
ALBU,5
ALBURY,10
ALBUS,5
ALBY,5
ALCAIDE,5
ALCALA,30
ALCALDE,5
ALCANTAR,20
ALCANTARA,20
ALCANTAS,5
ALCAOA,5
ALCARAZ,20
ALCAZAR,10
ALCE,5
ALCIDE,5
ALCINA,5
ALCINE,5
ALCINI,5
ALCIVAR,5
ALCOCER,10
ALCOCK,10
ALCOMBRIGHT,5
ALCON,5
ALCONCEL,5
ALCORN,30
ALCORTA,5
ALCOSER,5
ALCOSIBA,5
ALCOTT,10
ALDABA,5
ALDACO,10
ALDAMA,5
ALDANA,10
ALDAPA,5
ALDAPE,5
ALDARONDO,5
ALDAS,5
ALDAVA,5
ALDAY,10
ALDAZ,5
ALDECOA,5
ALDEN,20
ALDER,10
ALDERETE,10
ALDERFER,5
ALDERINK,5
ALDERMAN,40
ALDERSON,20
ALDERTON,5
ALDI,5
ALDINGER,5
ALDO,5
ALDONZA,5
ALDOUS,5
ALDRED,5
ALDREDGE,5
ALDREGE,5
ALDRETE,5
ALDRICH,70
ALDRIDGE,90
ALDRIGE,5
ALDROW,5
ALDWORTH,5
ALEA,5
ALECCA,5
ALEEM,5
ALEFF,5
ALEGAR,5
ALEGI,5
ALEGRE,5
ALEGRIA,10
ALEIZAR,5
ALEJANDRE,10
ALEJANDREZ,5
ALEJANDRO,20
ALEJO,10
ALEJOS,10
ALEKNA,5
ALEKSEY,5
ALEMAN,40
ALEMANY,5
ALEN,5
ALEO,5
ALEPIN,5
ALEQUIN,5
ALER,5
ALERS,10
ALERT,5
ALERTE,5
ALES,5
ALESCI,5
ALESCIO,5
ALESHIRE,10
ALESI,5
ALESNA,5
ALESSANDRINI,5
ALESSANDRO,5
ALESSANDRONI,5
ALESSE,5
ALESSI,10
ALESSIO,5
ALEVEDO,5
ALEVRAS,5
ALEWINE,5
ALEX,20
ALEXADER,5
ALEXAKI,5
ALEXAKIS,5
ALEXANDER,850
ALEXANDERS,5
ALEXANDRA,5
ALEXANDRE,10
ALEXANDRIA,5
ALEXANDROPOUL,5
ALEXANIAN,5
ALEXENDER,5
ALEXIDOR,5
ALEXION,5
ALEXIOU,5
ALEXIS,10
ALEXNDER,5
ALEXOPOULOS,5
ALEXY,5
ALEXZANDER,5
ALEY,5
ALEYANDREZ,5
ALF,5
ALFANDRE,5
ALFANO,10
ALFARO,70
ALFERA,5
ALFEREZ,5
ALFERO,5
ALFF,5
ALFIERI,5
ALFIERO,5
ALFISI,5
ALFONSI,5
ALFONSO,30
ALFONZO,5
ALFORD,130
ALFRED,30
ALFREDO,5
ALFREDS,5
ALFREY,5
ALFSON,5
ALGARIN,10
ALGE,5
ALGEE,5
ALGEO,5
ALGER,30
ALGHAMDI,5
ALGIEN,5
ALGIER,5
ALGIRE,5
ALGOOD,5
ALGUIRE,5
ALHADDAD,5
ALHAMBRA,5
ALHAMEED,5
ALHUSSEINI,5
ALI,70
ALIAGA,5
ALIANO,5
ALIAS,5
ALIBERTI,5
ALIBOZEK,5
ALICANDRO,5
ALICE,5
ALICEA,40
ALICER,5
ALICIA,5
ALICUBEN,5
ALIE,5
ALIER,5
ALIFF,10
ALIG,5
ALIM,5
ALIMENT,5
ALIMENTO,5
ALIMO,5
ALINE,5
ALIOTO,5
ALIOTTA,5
ALIPIO,5
ALIRE,5
ALIRES,5
ALIREZ,5
ALISAUSKAS,5
ALISON,5
ALIX,5
ALIZADEH,5
ALJEMAL,5
ALKANA,5
ALKBSH,5
ALKEMA,5
ALKEN,5
ALKINS,5
ALKIRE,10
ALL,5
ALLABAND,5
ALLABAUGH,5
ALLAH,5
ALLAIN,10
ALLAIRE,10
ALLAM,5
ALLAMAN,5
ALLAMON,5
ALLAMONG,5
ALLAN,30
ALLANSON,5
ALLARA,5
ALLARD,50
ALLATEEF,5
ALLAWAY,5
ALLBEE,5
ALLBERT,5
ALLBONES,5
ALLBRIGHT,10
ALLBRITTEN,5
ALLBRITTON,10
ALLCOCK,5
ALLCORN,5
ALLDAY,5
ALLDER,5
ALLDREDGE,10
ALLEBACH,5
ALLEE,10
ALLEGOOD,5
ALLEGRA,5
ALLEGRE,5
ALLEGRETTA,5
ALLEGRETTI,5
ALLEGRINI,5
ALLEGRUCCI,5
ALLEMAN,20
ALLEMAND,5
ALLEMOND,5
ALLEN,1990
ALLENBACH,5
ALLENBAUGH,5
ALLENBRAND,5
ALLENDE,5
ALLENDER,10
ALLENDORF,5
ALLENSON,5
ALLENSWORTH,5
ALLER,5
ALLERMAN,5
ALLERS,5
ALLERTON,5
ALLERUZZO,5
ALLERY,5
ALLES,5
ALLESHOUSE,5
ALLESSI,5
ALLESSIO,5
ALLEVA,5
ALLEVATO,5
ALLEX,5
ALLEY,60
ALLEYNE,20
ALLFORD,5
ALLGAEUER,5
ALLGAIER,5
ALLGEIER,5
ALLGEYER,5
ALLGIER,5
ALLGIRE,5
ALLGOOD,20
ALLHANDS,5
ALLI,5
ALLIANCE,5
ALLIE,10
ALLIGOOD,10
ALLIMAN,5
ALLIN,5
ALLINDER,5
ALLING,10
ALLINGER,5
ALLINGTON,5
ALLIO,5
ALLIS,10
ALLISON,230
ALLISTON,5
ALLMAN,30
ALLMAND,5
ALLMON,10
ALLMOND,5
ALLNUTT,5
ALLOCCA,5
ALLOCCO,5
ALLON,5
ALLOR,5
ALLOWAY,10
ALLPHIN,5
ALLRED,70
ALLRIDGE,5
ALLS,5
ALLSBROOK,5
ALLSBROOKS,5
ALLSCHEID,5
ALLSHOUSE,10
ALLSOP,10
ALLSTON,5
ALLSTOTT,5
ALLSUP,10
ALLTON,5
ALLTOP,5
ALLUM,5
ALLUMS,10
ALLVIN,5
ALLWARDT,5
ALLWOOD,5
ALLY,5
ALLYN,5
ALLYNE,5
ALM,10
ALMA,5
ALMADA,5
ALMAGUER,10
ALMAJHOUB,5
ALMAN,5
ALMAND,5
ALMANZA,30
ALMANZAR,10
ALMARAS,5
ALMARAZ,20
ALMAREZ,5
ALMARIO,5
ALMARZA,5
ALMAS,5
ALMASI,5
ALMAZAN,10
ALME,5
ALMEDA,5
ALMEIDA,40
ALMEN,5
ALMENAR,5
ALMENDAREZ,10
ALMENGOR,5
ALMERICO,5
ALMESTICA,5
ALMETER,5
ALMEYDA,5
ALMGREN,5
ALMIRON,5
ALMODOVA,5
ALMODOVAR,10
ALMON,10
ALMOND,30
ALMONTE,20
ALMOS,5
ALMQUIST,5
ALMSTEAD,5
ALMSTEADT,5
ALMY,5
ALNAS,5
ALNOOR,5
ALNUTT,5
ALO,5
ALOAN,5
ALOE,5
ALOI,5
ALOIA,5
ALOISI,5
ALONGE,5
ALONGI,10
ALONSO,50
ALONZA,5
ALONZO,60
ALOSA,5
ALOSTA,5
ALOUF,5
ALOY,5
ALPAUGH,5
ALPER,5
ALPERIN,5
ALPERN,5
ALPERS,5
ALPERT,10
ALPHA,5
ALPHEAUS,5
ALPHIN,10
ALPHONSE,5
ALPHONSO,5
ALPIS,5
ALPIZAR,5
ALQUESTA,5
ALQUICIRA,5
ALQUIJAY,5
ALQUISIRA,5
ALRAIS,5
ALRED,5
ALRICH,5
ALROD,5
ALSANDOR,5
ALSAQRI,5
ALSBERRY,5
ALSBROOK,5
ALSBROOKS,5
ALSBURY,5
ALSDON,5
ALSHEIMER,5
ALSHOUSE,5
ALSINA,5
ALSING,5
ALSIP,5
ALSMAN,5
ALSOBROOK,5
ALSOBROOKS,5
ALSON,5
ALSOP,10
ALSPACH,5
ALSPAUGH,5
ALSTAD,5
ALSTON,140
ALSTOTT,5
ALSTROM,5
ALSUP,10
ALT,10
ALTADONNA,5
ALTAMIRANO,20
ALTAMIRUNO,5
ALTARAS,5
ALTAVILLA,5
ALTEMUS,5
ALTENBACH,5
ALTENBURG,5
ALTENHOFEN,5
ALTER,10
ALTERI,5
ALTERIO,5
ALTERMAN,5
ALTERMATT,5
ALTES,5
ALTEW,5
ALTHAUS,5
ALTHAUSER,5
ALTHEIMER,5
ALTHISER,5
ALTHOFF,10
ALTHOUSE,5
ALTIC,5
ALTICE,5
ALTIDOR,5
ALTIER,5
ALTIERI,10
ALTIERY,5
ALTIG,5
ALTIMUS,5
ALTIZER,10
ALTKEN,5
ALTMAN,60
ALTMANN,5
ALTMARK,5
ALTMILLER,5
ALTMIRE,5
ALTO,5
ALTOBELL,5
ALTOBELLI,5
ALTOBELLO,5
ALTOM,10
ALTOMARE,5
ALTOMARI,5
ALTOMONTE,5
ALTON,20
ALTONEN,5
ALTOP,5
ALTRECHE,5
ALTRINGER,5
ALTRO,5
ALTROGGE,5
ALTSCHULER,5
ALTSHULER,5
ALTSISI,5
ALTSTATT,5
ALTUM,5
ALTVATER,5
ALTWIES,5
ALTY,5
ALU,5
ALUARADO,5
ALUAREZ,5
ALUISE,5
ALUKONIS,5
ALUMBAUGH,5
ALUMMOOTTIL,5
ALUQDAH,5
ALVA,10
ALVACADO,5
ALVALLE,5
ALVANAS,5
ALVANEZ,5
ALVARA,5
ALVARADO,270
ALVARDO,10
ALVARENGA,10
ALVARENGO,5
ALVARES,10
ALVAREZ,480
ALVARO,5
ALVARRACIN,5
ALVARRAN,5
ALVEAR,5
ALVELO,5
ALVEN,5
ALVERADO,5
ALVERAZ,5
ALVEREST,5
ALVEREZ,10
ALVERIO,5
ALVERNAZ,5
ALVERO,5
ALVERSON,10
ALVES,30
ALVEY,10
ALVEZ,5
ALVIA,5
ALVIAR,5
ALVIDREZ,5
ALVIN,5
ALVINE,5
ALVINO,5
ALVIRA,5
ALVIREZ,5
ALVIS,10
ALVISO,5
ALVIZO,5
ALVORD,10
ALVOREZ,5
ALWAN,5
ALWANG,5
ALWARD,5
ALWARDT,5
ALWAY,5
ALWAZAN,5
ALWIN,5
ALWINE,5
ALY,5
ALYEA,5
ALZAGA,5
ALZATE,5
ALZUGARAY,5
AMABILE,5
AMACHER,5
AMACK,5
AMACKER,5
AMADEO,5
AMADI,5
AMADIO,5
AMADO,10
AMADON,5
AMADOR,40
AMAILLA,5
AMAKER,10
AMALFITANO,5
AMALONG,5
AMAN,10
AMANCIO,5
AMANN,10
AMANO,5
AMANTE,5
AMANZA,5
AMAR,10
AMARA,5
AMARAL,30
AMARANTE,5
AMARGO,5
AMARI,5
AMARIAN,5
AMARILLAS,5
AMARO,20
AMAS,5
AMASON,5
AMASS,5
AMAT,5
AMATI,5
AMATO,40
AMAUTY,5
AMAVISCA,5
AMAYA,50
AMAZAN,5
AMBAGIS,5
AMBEAU,5
AMBER,5
AMBERG,5
AMBERS,5
AMBERSON,5
AMBERT,5
AMBLE,5
AMBLER,10
AMBOISE,5
AMBOREE,5
AMBORN,5
AMBRES,5
AMBRISTER,5
AMBRIZ,20
AMBROGI,5
AMBROSE,60
AMBROSIA,5
AMBROSINI,5
AMBROSINO,10
AMBROSIO,5
AMBROSIUS,5
AMBROSONE,5
AMBROZ,5
AMBROZIAK,5
AMBUEHL,5
AMBURGEY,10
AMBURGY,5
AMBURN,5
AMDAHL,5
AMDERSON,5
AMEDEE,10
AMEDEO,5
AMEDRO,5
AMEDURI,5
AMEEN,5
AMEIGH,5
AMEJORADO,5
AMEL,5
AMELA,5
AMELANG,5
AMELING,5
AMELIO,5
AMELL,5
AMELUNG,5
AMEMIYA,5
AMEN,10
AMEND,10
AMENDOLA,10
AMENT,10
AMENTA,5
AMENTLER,5
AMENTO,5
AMER,5
AMERICA,5
AMERICAN,5
AMERINE,5
AMERIO,5
AMERMAN,5
AMERO,5
AMERSON,20
AMERT,5
AMES,100
AMESBURY,5
AMESCUA,5
AMESQUIETO,5
AMESQUITA,5
AMEY,10
AMEZAGA,5
AMEZCUA,10
AMEZQUITA,10
AMICI,5
AMICK,20
AMICO,10
AMICONE,5
AMIDEI,5
AMIDI,5
AMIDON,10
AMIE,5
AMIGO,5
AMIGON,5
AMILL,5
AMIN,20
AMINI,5
AMINOV,5
AMIOT,5
AMIR,5
AMIRAULT,5
AMIRI,5
AMIRIAN,5
AMIS,10
AMISANO,5
AMISON,5
AMISTADI,5
AMISTOSO,5
AMITH,5
AMLIN,5
AMMANN,5
AMMAR,5
AMMER,5
AMMERMAN,10
AMMIRATA,5
AMMIRATI,5
AMMIRATO,5
AMMON,10
AMMONDS,5
AMMONS,40
AMO,5
AMOA,5
AMOAH,5
AMOAKO,5
AMODEI,5
AMODEO,5
AMODIO,5
AMODT,5
AMOE,5
AMOLSCH,5
AMON,10
AMONETTE,5
AMONS,5
AMOR,5
AMORE,10
AMORELLO,5
AMORES,5
AMORIELLO,5
AMORIM,5
AMORIN,5
AMORMINO,5
AMOROS,5
AMOROSE,5
AMOROSI,5
AMOROSO,10
AMORUSO,5
AMORY,5
AMOS,100
AMOSS,5
AMOTT,5
AMOUR,5
AMOUS,5
AMPARAN,5
AMPARO,5
AMPHY,5
AMPY,5
AMR,5
AMREIN,5
AMRHEIN,5
AMRICH,5
AMRINE,5
AMSBAUGH,5
AMSBERRY,5
AMSDELL,5
AMSDEN,5
AMSILI,5
AMSINGER,5
AMSLER,5
AMSLEY,5
AMSPAUGH,5
AMSPOKER,5
AMSTEIN,5
AMSTER,5
AMSTERDAM,5
AMSTRONG,5
AMSTUTZ,5
AMTOWER,5
AMUNDSEN,10
AMUNDSON,30
AMUNRUD,5
AMUSO,5
AMWEG,5
AMY,10
AMYOT,5
AMYOTTE,5
AMYS,5
AMYX,5
AN,10
ANA,5
ANABLE,5
ANACKER,5
ANADIO,5
ANAGNOS,5
ANAGNOST,5
ANAGNOSTOU,5
ANAKALEA,5
ANALLA,5
ANAND,5
ANANIA,5
ANANIAS,5
ANASAGASTI,5
ANAST,5
ANASTACIO,5
ANASTAS,5
ANASTASI,5
ANASTASIA,5
ANASTASIADES,5
ANASTASIO,5
ANASTOS,5
ANAUO,5
ANAWALT,5
ANAWATY,5
ANAYA,70
ANCALADE,5
ANCAR,5
ANCEL,5
ANCELET,5
ANCELL,5
ANCHETA,10
ANCHONDO,10
ANCHORS,5
ANCIC,5
ANCIRA,5
ANCISO,5
ANCONA,5
ANCRUM,5
ANCTIL,5
ANCY,5
ANDA,5
ANDALORA,5
ANDARY,5
ANDAVERDE,5
ANDAYA,5
ANDEBE,5
ANDEL,5
ANDELMAN,5
ANDER,5
ANDERA,5
ANDERBERG,5
ANDERE,5
ANDEREGG,5
ANDERHOLM,5
ANDERL,5
ANDERLIK,5
ANDERMAN,5
ANDERON,5
ANDERS,50
ANDERSEN,120
ANDERSON,3110
ANDERSSON,5
ANDERST,5
ANDERT,5
ANDERTON,20
ANDES,10
ANDESON,5
ANDINA,5
ANDING,10
ANDINO,10
ANDIS,5
ANDO,5
ANDOH,5
ANDON,5
ANDONIAN,5
ANDRA,5
ANDRACHAK,5
ANDRACKI,5
ANDRADA,5
ANDRADE,110
ANDRADES,5
ANDRADEZ,5
ANDRADO,5
ANDRAE,5
ANDRANGO,5
ANDRAS,5
ANDRE,30
ANDREA,5
ANDREADIS,5
ANDREAS,10
ANDREASEN,10
ANDREASON,5
ANDREASSEN,5
ANDREASSI,5
ANDREATTA,5
ANDREE,5
ANDREEN,5
ANDREESSEN,5
ANDREGG,5
ANDREN,5
ANDREOLA,5
ANDREOLI,5
ANDREONI,5
ANDREOTTI,5
ANDREOZZI,5
ANDREPONT,5
ANDRES,30
ANDRESEN,20
ANDRESS,10
ANDREU,5
ANDREULA,5
ANDREW,50
ANDREWS,540
ANDRIAN,5
ANDRICH,5
ANDRICK,5
ANDRIES,5
ANDRINGA,5
ANDRINO,5
ANDRION,5
ANDRIOPULOS,5
ANDRIS,5
ANDRLE,5
ANDRODE,5
ANDROES,5
ANDROLEWICZ,5
ANDRONIS,5
ANDROS,5
ANDROSKY,5
ANDRSON,5
ANDRULIS,5
ANDRUS,30
ANDRUSS,5
ANDRUSZKIEWIC,5
ANDRUZZI,5
ANDRY,5
ANDRZEJCZAK,5
ANDRZEJCZYK,5
ANDRZEJEWSKI,10
ANDUEZA,5
ANDUJAR,10
ANDUJO,5
ANDY,5
ANDZULIS,5
ANECELLE,5
ANELLI,5
ANELLO,5
ANENE,5
ANERTON,5
ANES,5
ANESHANSLEY,5
ANESI,5
ANESTOS,5
ANETSBERGER,5
ANEWALT,5
ANEY,5
ANEZ,5
ANFINSON,5
ANG,10
ANGALICH,5
ANGAROLA,5
ANGE,10
ANGEL,50
ANGELA,5
ANGELBECK,5
ANGELES,20
ANGELETTI,5
ANGELI,5
ANGELICA,5
ANGELICO,5
ANGELILLI,5
ANGELILLO,5
ANGELINE,5
ANGELINI,5
ANGELINO,5
ANGELL,20
ANGELLE,5
ANGELLO,5
ANGELLOTTI,5
ANGELO,30
ANGELOCCI,5
ANGELOFF,5
ANGELONE,5
ANGELONI,5
ANGELORO,5
ANGELOS,5
ANGELOTTI,5
ANGELOU,5
ANGELOVICH,5
ANGELOZZI,5
ANGELSON,5
ANGELUCCI,5
ANGER,5
ANGERER,5
ANGERMAN,5
ANGERMEIER,5
ANGERON,5
ANGERS,5
ANGERT,5
ANGEVINE,5
ANGIANO,5
ANGIER,5
ANGILELLO,5
ANGILERI,5
ANGILLETTA,5
ANGIOLELLI,5
ANGIOLILLO,5
ANGIONE,5
ANGIS,5
ANGLADA,5
ANGLADE,5
ANGLAND,5
ANGLE,20
ANGLEA,5
ANGLEBERGER,5
ANGLEBRANDT,5
ANGLEMYER,5
ANGLEN,5
ANGLES,5
ANGLETON,5
ANGLEY,5
ANGLIN,40
ANGLUM,5
ANGOCICCO,5
ANGOLD,5
ANGOLO,5
ANGON,5
ANGOTTI,5
ANGOVE,5
ANGRISANO,5
ANGRY,5
ANGST,5
ANGSTADT,5
ANGTON,5
ANGUIANO,20
ANGULO,30
ANGUS,10
ANGUSTIA,5
ANGVIANO,5
ANGWIN,5
ANHALT,5
ANHORN,5
ANIBAL,5
ANICHINI,5
ANICK,5
ANIDI,5
ANIELLO,5
ANIMASHAUN,5
ANINGALAN,5
ANINION,5
ANIOL,5
ANIS,5
ANITOK,5
ANKENMAN,5
ANKENY,5
ANKER,10
ANKERSEN,5
ANKLAM,5
ANKNEY,10
ANKRAPP,5
ANKROM,5
ANKRUM,5
ANLIKER,5
ANN,5
ANNA,5
ANNABEL,5
ANNABLE,5
ANNAL,5
ANNALA,5
ANNAN,5
ANNAND,5
ANNARINO,5
ANNARUMMO,5
ANNARUMO,5
ANNAS,5
ANNE,5
ANNELER,5
ANNEN,5
ANNESE,5
ANNESS,5
ANNETT,5
ANNETTE,5
ANNIBALE,5
ANNICCHIARICO,5
ANNICHIARICO,5
ANNING,5
ANNINO,5
ANNIS,20
ANNO,5
ANNON,5
ANNONIO,5
ANNUNZIATA,10
ANNUZZI,5
ANO,5
ANOE,5
ANOLICK,5
ANON,5
ANOS,5
ANREOZZI,5
ANSARA,5
ANSARI,10
ANSBACHER,5
ANSBRO,5
ANSCHUTZ,5
ANSEL,5
ANSELL,10
ANSELM,5
ANSELMI,5
ANSELMO,10
ANSHUTZ,5
ANSLEY,20
ANSLINGER,5
ANSLOAN,5
ANSLOW,5
ANSOATEGUI,5
ANSON,20
ANSPACH,10
ANSPAUGH,5
ANSTEAD,5
ANSTETT,10
ANSTEY,5
ANSTINE,5
ANTAL,5
ANTAO,5
ANTAYA,5
ANTCZAK,5
ANTEBY,5
ANTEE,5
ANTELL,5
ANTENOR,5
ANTENUCCI,5
ANTER,5
ANTES,5
ANTHES,5
ANTHIS,5
ANTHON,5
ANTHONY,220
ANTICH,5
ANTIGNANI,5
ANTIGUA,5
ANTILA,5
ANTILL,5
ANTILLA,5
ANTILLON,5
ANTINARELLI,5
ANTINORE,5
ANTINORO,5
ANTIONE,5
ANTIS,5
ANTISTA,5
ANTKOWIAK,5
ANTLE,10
ANTLEY,5
ANTMAN,5
ANTOINE,30
ANTOLAK,5
ANTOLIK,5
ANTOLIN,5
ANTOLINI,5
ANTOLOS,5
ANTON,20
ANTONA,5
ANTONACCI,5
ANTONACCIO,5
ANTONAKOS,5
ANTONE,10
ANTONELLI,10
ANTONELLIS,5
ANTONELLO,5
ANTONETTI,5
ANTONETTY,5
ANTONIA,5
ANTONIAK,5
ANTONICH,5
ANTONIEWICZ,5
ANTONINI,5
ANTONIO,30
ANTONIOTTI,5
ANTONIOU,5
ANTONIS,5
ANTONIUK,5
ANTONOPOULOS,5
ANTONOVICH,5
ANTONSEN,5
ANTONSON,5
ANTONUCCI,10
ANTONY,5
ANTOS,5
ANTOSH,5
ANTRICAN,5
ANTRIKIN,5
ANTRIM,5
ANTROBUS,5
ANTRONICA,5
ANTTILA,5
ANTU,5
ANTUNA,5
ANTUNES,5
ANTUNEZ,10
ANTWI,5
ANTWINE,5
ANWAR,10
ANWAY,5
ANYAN,5
ANZAI,5
ANZALDO,5
ANZALDUA,5
ANZALONE,10
ANZIDEO,5
ANZORA,5
ANZUALDA,5
ANZURES,5
AO,5
AOAY,5
AOKI,10
AONO,5
APA,5
APADACA,5
APADOCA,5
APAEZ,5
APALATEGUI,5
APANA,5
APARICIO,20
APARO,5
APE,5
APEL,10
APELA,5
APELIAN,5
APER,5
APERGES,5
APFEL,5
APGAR,10
APICELLA,5
APILADO,5
APKER,5
APKIN,5
APKING,5
APLAND,5
APLEY,5
APLIN,5
APLING,5
APLINGTON,5
APO,5
APODACA,40
APODACE,5
APODOCA,5
APOLINAR,5
APOLITO,5
APOLLO,5
APOLO,5
APONTA,5
APONTE,60
APOSTAL,5
APOSTOL,5
APP,5
APPANA,5
APPEL,30
APPELBAUM,5
APPELGATE,5
APPELGREN,5
APPELING,5
APPELL,10
APPELLO,5
APPELMAN,5
APPELT,5
APPENZELLER,5
APPERSON,10
APPERT,5
APPIA,5
APPIAH,5
APPL,5
APPLE,30
APPLEBAUM,10
APPLEBEE,5
APPLEBERRY,5
APPLEBURY,5
APPLEBY,20
APPLEGARTH,5
APPLEGATE,40
APPLEMAN,5
APPLEN,5
APPLETON,30
APPLEWHAITE,5
APPLEWHITE,20
APPLEYARD,5
APPLIN,10
APPLING,20
APPLONIE,5
APPOLONIA,5
APREA,5
APRESA,5
APRIGLIANO,5
APRIL,10
APRILL,5
APRUZZESE,5
APSEY,5
APSHIRE,5
APT,5
APTHORPE,5
APUZZI,5
APUZZO,5
APYUAN,5
AQUAS,5
AQUERO,5
AQUIL,5
AQUILAR,10
AQUILERA,5
AQUILINA,5
AQUILINO,5
AQUINO,50
AQUIRRE,10
AR,5
ARAB,5
ARABAJIAN,5
ARABIA,5
ARABIAN,5
ARABIE,5
ARACENA,5
ARADANAS,5
ARAGAKI,5
ARAGAN,5
ARAGAO,5
ARAGON,60
ARAGONES,5
ARAGONI,5
ARAGUNDI,5
ARAGUS,5
ARAI,5
ARAIZA,10
ARAKAKI,10
ARAKAWA,5
ARAKI,5
ARALDI,5
ARAMBOLES,5
ARAMBUIA,5
ARAMBULA,10
ARAMBULO,5
ARAMINI,5
ARAN,5
ARANA,20
ARANAS,5
ARANCIBIA,5
ARAND,5
ARANDA,40
ARANEO,5
ARANGO,10
ARANJO,5
ARANO,5
ARANT,10
ARAQUE,5
ARASHIRO,5
ARATA,5
ARATO,5
ARAU,5
ARAUJO,30
ARAUZ,5
ARAVE,5
ARAVJO,5
ARAYA,5
ARB,5
ARBALLO,5
ARBAUGH,5
ARBEITER,5
ARBERTHA,5
ARBETMAN,5
ARBIZO,5
ARBO,5
ARBOGAST,20
ARBOGUST,5
ARBOLEDA,5
ARBOLIDA,5
ARBON,5
ARBOUR,10
ARBRY,5
ARBUCCI,5
ARBUCKLE,10
ARBUTHNOT,5
ARCA,5
ARCADIPANE,5
ARCAND,10
ARCANGEL,5
ARCANO,5
ARCARO,5
ARCAUTE,5
ARCE,50
ARCEA,5
ARCEGA,5
ARCEMENT,5
ARCENEAUX,20
ARCEO,10
ARCH,5
ARCHACKI,5
ARCHAMBAULT,10
ARCHAMBEAU,5
ARCHAMBEAULT,5
ARCHANGEL,5
ARCHBELL,5
ARCHBOLD,5
ARCHDALE,5
ARCHER,120
ARCHEY,10
ARCHIBALD,40
ARCHIBEQUE,5
ARCHIBOLD,5
ARCHIE,30
ARCHILA,5
ARCHILLA,5
ARCHIOPOLI,5
ARCHULETA,40
ARCHULETTA,5
ARCHUT,5
ARCIA,5
ARCIBA,5
ARCIERI,5
ARCIGA,5
ARCILA,5
ARCILLA,5
ARCINIEGA,10
ARCINO,5
ARCIOLA,5
ARCIZO,5
ARCORACI,5
ARCOS,5
ARCUDI,5
ARCUO,5
ARCURI,10
ARD,20
ARDALY,5
ARDAN,5
ARDD,5
ARDELEAN,5
ARDEN,10
ARDENEAUX,5
ARDERY,5
ARDINGER,5
ARDION,5
ARDIS,10
ARDITO,10
ARDIZONE,5
ARDIZZONE,5
ARDMAN,5
ARDNER,5
ARDOIN,20
ARDOLINO,5
ARDON,5
ARDREY,5
ARDRY,5
ARDS,5
ARDUINI,5
AREA,5
AREAS,5
AREBALO,5
AREBELA,5
ARECHIGA,10
AREDONDO,5
AREHANO,5
AREHART,10
AREIAS,5
AREIZAGA,5
AREL,5
ARELLANES,5
ARELLANO,80
ARELLEANO,5
ARENA,20
ARENALES,5
ARENAS,20
ARENBURG,5
AREND,10
ARENDALE,5
ARENDALL,5
ARENDASH,5
ARENDER,5
ARENDS,10
ARENDSEE,5
ARENDT,10
ARENDZ,5
ARENIVAR,5
ARENIVAS,5
ARENOS,5
ARENS,5
ARENSON,5
ARENSTAM,5
ARENT,10
ARENTZ,5
ARENZ,5
AREOLA,5
ARES,5
ARESCO,5
AREVALO,40
AREVALOS,5
AREY,5
ARFLACK,5
ARFMAN,5
ARGABRIGHT,5
ARGALL,5
ARGANBRIGHT,5
ARGANDONA,5
ARGENAL,5
ARGENBRIGHT,5
ARGENTI,5
ARGENTIERI,5
ARGENTO,5
ARGENZIANO,5
ARGETSINGER,5
ARGIE,5
ARGIRO,5
ARGO,20
ARGOTE,5
ARGRAVE,5
ARGRO,5
ARGROW,5
ARGUBRIGHT,5
ARGUDIN,5
ARGUDO,5
ARGUE,5
ARGUELLES,10
ARGUELLEZ,5
ARGUELLO,20
ARGUETA,20
ARGUIJO,5
ARGUILEZ,5
ARGUILLO,5
ARGUIN,5
ARGULEWICZ,5
ARGUMEDO,5
ARGUST,5
ARGYLE,5
ARHART,5
ARHELGER,5
ARIAIL,5
ARIANO,5
ARIAS,100
ARIAZA,5
ARICAS,5
ARICHABALA,5
ARICO,5
ARIDAS,5
ARIE,5
ARIEL,5
ARIES,5
ARIETTA,5
ARIF,5
ARIGO,5
ARILDSEN,5
ARIMAS,5
ARIMOTO,5
ARING,5
ARINGTON,5
ARIOLA,5
ARIS,5
ARISA,5
ARISMENDEZ,5
ARISPE,10
ARISTA,5
ARISTIDE,5
ARISTIZABAL,5
ARISUMI,5
ARITA,5
ARIYOSHI,5
ARIZA,5
ARIZAGA,5
ARIZMENDI,10
ARIZOLA,5
ARIZZI,5
ARJES,5
ARJONA,5
ARJUNE,5
ARKADIE,5
ARKELL,5
ARKEMA,5
ARKENBERG,5
ARKIN,5
ARKING,5
ARKINS,5
ARKO,5
ARKONTAKY,5
ARLAN,5
ARLEDGE,10
ARLEN,5
ARLETH,5
ARLIA,5
ARLINE,10
ARLINGHAUS,5
ARLINGTON,5
ARLOTTA,5
ARLT,5
ARM,5
ARMACOST,5
ARMADA,5
ARMAGOST,5
ARMAN,5
ARMAND,10
ARMANDO,5
ARMANT,5
ARMANTROUT,5
ARMAS,10
ARMATO,5
ARMBRESTER,5
ARMBRISTER,5
ARMBRUST,5
ARMBRUSTER,20
ARMEL,5
ARMELI,5
ARMELIN,5
ARMEN,5
ARMENDAREZ,5
ARMENDARIZ,20
ARMENGOL,5
ARMENT,5
ARMENTA,30
ARMENTEROS,5
ARMENTO,5
ARMENTOR,5
ARMENTROUT,10
ARMER,10
ARMES,10
ARMESTO,5
ARMFIELD,5
ARMIGER,5
ARMIJO,30
ARMIJOS,5
ARMILLEI,5
ARMINTROUT,5
ARMISO,5
ARMISTEAD,10
ARMITAGE,10
ARMLIN,5
ARMOCIDA,5
ARMOLD,5
ARMON,5
ARMOND,5
ARMOR,10
ARMOUR,20
ARMOUT,5
ARMS,10
ARMSON,5
ARMSTEAD,40
ARMSTER,5
ARMSTONG,5
ARMSTRONG,530
ARMWOOD,10
ARMY,5
ARN,5
ARNALDO,5
ARNALL,5
ARNAO,5
ARNAU,5
ARNAUD,5
ARNAUDET,5
ARNDELL,5
ARNDORFER,5
ARNDT,40
ARNE,5
ARNEBERG,5
ARNEECHER,5
ARNELL,5
ARNER,10
ARNERICH,5
ARNESEN,5
ARNESON,10
ARNET,5
ARNETT,50
ARNETTE,10
ARNEY,10
ARNHART,5
ARNHOLD,5
ARNHOLT,5
ARNHOLTZ,5
ARNING,5
ARNIO,5
ARNIOTES,5
ARNITZ,5
ARNN,5
ARNO,10
ARNOLD,560
ARNOLDI,5
ARNOLDY,5
ARNONE,10
ARNOT,5
ARNOTT,10
ARNOUX,5
ARNOW,5
ARNS,5
ARNSBERGER,5
ARNSPIGER,5
ARNST,5
ARNSTEIN,5
ARNSWORTH,5
ARNT,5
ARNTSON,5
ARNTT,5
ARNTZ,5
ARNTZEN,5
ARNWINE,10
ARNZEN,5
ARO,5
AROCA,5
AROCHA,10
AROCHE,5
AROCHO,10
AROLLO,5
AROMIN,5
ARON,10
ARONE,5
ARONHALT,5
ARONICA,5
ARONOFF,5
ARONOV,5
ARONOW,5
ARONOWITZ,5
ARONS,5
ARONSON,20
ARONSTEIN,5
ARORA,5
AROSEMENA,5
AROSTEGUI,5
AROURI,5
AROYO,5
ARP,10
ARPIN,10
ARPINO,5
ARPS,5
ARQUELLES,5
ARQUERO,5
ARQUETA,5
ARQUETTE,5
ARQUITT,5
ARRA,5
ARRAIOL,5
ARRAMBIDE,5
ARRANCE,5
ARRAND,5
ARRANT,10
ARRANTS,5
ARRAS,5
ARRASMITH,5
ARRE,5
ARREAGA,5
ARREDLA,5
ARREDONDO,70
ARREGUIN,10
ARRELLANO,10
ARRELLIN,5
ARRENDELL,5
ARRENDONDO,5
ARREOLA,30
ARREQUIN,5
ARREY,10
ARREZ,5
ARREZOLA,5
ARRIAGA,30
ARRIANO,5
ARRIAZA,5
ARRIAZOLA,5
ARRIBAS,5
ARRICK,5
ARRIETA,10
ARRIGO,5
ARRIGONE,5
ARRINDEL,5
ARRINGTON,110
ARRIOLA,20
ARRIS,5
ARRISOLA,5
ARRISON,5
ARRITOLA,5
ARRIZAGA,5
ARRIZOLA,5
ARROCHA,5
ARROCHO,5
ARROJO,5
ARROLIGA,5
ARROLLO,5
ARRON,5
ARROSPIDE,5
ARROTT,5
ARROW,5
ARROWOOD,20
ARROWSMITH,5
ARROYANO,5
ARROYD,5
ARROYO,120
ARROYOS,5
ARRUDA,20
ARSENAULT,40
ARSENEAU,5
ARSENEAULT,5
ARSHAM,5
ARSLAN,5
ARSLANIAN,5
ART,5
ARTALE,5
ARTALEJO,5
ARTEAGA,40
ARTEGA,5
ARTER,10
ARTERBERRY,5
ARTERBURN,10
ARTERBURY,5
ARTERS,5
ARTEZ,5
ARTHUN,5
ARTHUR,100
ARTHURS,10
ARTIAGA,10
ARTIBEE,5
ARTICE,5
ARTIES,5
ARTIGA,5
ARTILES,5
ARTINGER,5
ARTINIAN,5
ARTIS,50
ARTISON,5
ARTIST,5
ARTLEY,5
ARTMAN,10
ARTMANN,5
ARTOLA,5
ARTON,5
ARTRIP,10
ARTRY,5
ARTS,5
ARTURO,5
ARTUS,5
ARTUSO,5
ARTZ,10
ARTZER,5
ARUISO,5
ARUIZU,5
ARUJO,5
ARUNACHALAM,5
ARUNDEL,5
ARVA,5
ARVAN,5
ARVANITIS,5
ARVAY,5
ARVAYO,5
ARVELO,5
ARVESEN,5
ARVEZ,5
ARVIDSON,10
ARVIE,5
ARVIEW,5
ARVIN,10
ARVISO,10
ARVIZO,5
ARVIZU,10
ARWOOD,10
ARY,10
ARYA,5
ARZABALA,5
ARZAGA,5
ARZATE,5
ARZILLI,5
ARZO,5
ARZOLA,10
ARZT,5
ARZU,5
ASA,5
ASAD,5
ASAELI,5
ASAI,5
ASAKURA,5
ASAL,5
ASAM,5
ASAMOAH,5
ASANO,5
ASANTE,5
ASAR,5
ASARO,10
ASATO,5
ASAY,10
ASBELL,5
ASBERRY,10
ASBILL,5
ASBRIDGE,5
ASBURY,30
ASBY,5
ASCENCIO,10
ASCENSIO,5
ASCENZO,5
ASCH,5
ASCHAN,5
ASCHBACHER,5
ASCHEMAN,5
ASCHENBACH,5
ASCHENBRENER,5
ASCHENBRENNER,5
ASCHER,5
ASCHIM,5
ASCHMANN,5
ASCHOFF,5
ASCOL,5
ASCOLESE,5
ASEBEDO,5
ASEL,5
ASELAGE,5
ASELTINE,5
ASEN,5
ASENCIO,10
ASENG,5
ASENJO,5
ASEVEDO,5
ASFOUR,5
ASH,90
ASHAF,5
ASHALINTUBBI,5
ASHAUER,5
ASHBACH,5
ASHBACHER,5
ASHBAUGH,10
ASHBOURNE,5
ASHBROOK,10
ASHBURN,20
ASHBY,70
ASHCRAFT,50
ASHCROFT,10
ASHDOWN,5
ASHE,30
ASHELY,5
ASHENFELTER,5
ASHER,50
ASHFIELD,5
ASHFORD,40
ASHING,5
ASHKETTLE,5
ASHLAND,5
ASHLEY,160
ASHLIN,5
ASHLINE,5
ASHLOCK,10
ASHLY,5
ASHMAN,10
ASHMEAD,5
ASHMEN,5
ASHMORE,30
ASHNER,5
ASHPOLE,5
ASHRAF,5
ASHTON,50
ASHURST,10
ASHWELL,5
ASHWOOD,5
ASHWORTH,40
ASIEDU,5
ASIELLO,5
ASIF,5
ASK,5
ASKAM,5
ASKARI,5
ASKE,5
ASKEGREN,5
ASKEN,5
ASKEW,70
ASKEY,5
ASKIA,5
ASKIEW,5
ASKIN,5
ASKINS,10
ASKLAND,5
ASKREN,5
ASKVIG,5
ASKWITH,5
ASLAM,5
ASLANIAN,5
ASLESON,5
ASLETT,5
ASLEY,5
ASLIN,5
ASLINGER,5
ASMA,5
ASMAN,5
ASMAR,5
ASMUS,10
ASMUSSEN,5
ASNER,5
ASNICAR,5
ASP,5
ASPACIO,5
ASPDEN,5
ASPEGREN,5
ASPELL,5
ASPEN,5
ASPER,5
ASPERHEIM,5
ASPINALL,5
ASPINWALL,5
ASPLEY,5
ASPLIN,5
ASPLUND,5
ASPRI,5
ASQUITH,5
ASRARI,5
ASSAD,5
ASSAEL,5
ASSAF,5
ASSALONE,5
ASSANTE,5
ASSELIN,5
ASSELMEIER,5
ASSELTA,5
ASSENMACHER,5
ASSING,5
ASSIS,5
ASSUM,5
AST,5
ASTA,5
ASTACIO,5
ASTAFAN,5
ASTARITA,5
ASTE,5
ASTERS,5
ASTILLERO,5
ASTIN,5
ASTLE,10
ASTLEY,5
ASTOL,5
ASTOLFI,5
ASTON,20
ASTOR,5
ASTORGA,10
ASTORINO,5
ASTRELLA,5
ASTROLOGO,5
ASTRUP,5
ASTRY,5
ASTUDILLO,10
ASTURIAS,5
ASTWOOD,5
ASUNCION,10
ASWEGAN,5
ATALA,5
ATALLAH,5
ATAMANCZYK,5
ATAMIAN,5
ATANACIO,5
ATAY,5
ATCHER,5
ATCHESON,5
ATCHINSON,5
ATCHISON,30
ATCHITY,5
ATCHLEY,20
ATCITTY,5
ATEN,10
ATENCIO,20
ATENGCO,5
ATER,10
ATES,5
ATHA,5
ATHALONE,5
ATHAN,5
ATHANASIOU,5
ATHANS,5
ATHAS,5
ATHAY,5
ATHAYDE,5
ATHEARN,5
ATHENS,5
ATHERHOLT,5
ATHERLEY,5
ATHERTON,30
ATHEY,10
ATHMANN,5
ATHY,5
ATIENZA,5
ATILANO,5
ATILES,5
ATIYEH,5
ATKERSON,5
ATKESON,5
ATKIN,10
ATKINS,230
ATKINSON,190
ATKISON,10
ATKISSON,5
ATLAS,10
ATLEH,5
ATMA,5
ATMORE,5
ATNIP,10
ATOE,5
ATON,5
ATOR,5
ATTA,5
ATTAL,5
ATTANASIO,5
ATTARD,5
ATTAWAY,20
ATTEBERRY,5
ATTEBERY,10
ATTEBURG,5
ATTERBERRY,10
ATTERBURY,5
ATTERSON,5
ATTHOWE,5
ATTIA,5
ATTIANESE,5
ATTIG,5
ATTILIO,5
ATTINGER,5
ATTKISSON,5
ATTLES,5
ATTLESON,5
ATTRIDGE,5
ATTWELL,5
ATTWOOD,10
ATWATER,10
ATWELL,40
ATWILL,5
ATWOOD,70
ATZHORN,5
ATZINGER,5
AU,10
AUALA,5
AUBE,10
AUBEL,5
AUBER,5
AUBERRY,5
AUBERT,5
AUBERTINE,5
AUBIN,10
AUBLE,5
AUBRECHT,5
AUBREY,10
AUBRY,10
AUBUCHON,10
AUBUT,5
AUCES,5
AUCH,5
AUCHMOODY,5
AUCK,5
AUCKERMAN,5
AUCKLEY,5
AUCLAIR,10
AUCOIN,20
AUCTER,5
AUD,5
AUDAIN,5
AUDAS,5
AUDELHUK,5
AUDET,10
AUDETTE,20
AUDI,5
AUDIA,5
AUDIBERT,5
AUDIE,5
AUDIRSCH,5
AUDREY,5
AUDUONG,5
AUE,5
AUEL,5
AUER,10
AUERBACH,10
AUERSWALD,5
AUFDERHEIDE,5
AUFFREY,5
AUFIERO,5
AUGE,5
AUGELLO,5
AUGENSTEIN,5
AUGER,20
AUGERI,5
AUGHE,5
AUGHENBAUGH,5
AUGHTMAN,5
AUGHTRY,5
AUGLE,5
AUGLIANO,5
AUGSBURGER,5
AUGSPURGER,5
AUGUST,30
AUGUSTA,5
AUGUSTAVE,5
AUGUSTE,10
AUGUSTIN,10
AUGUSTINE,50
AUGUSTO,5
AUGUSTSON,5
AUGUSTUS,10
AUGUSTYN,5
AUGUSTYNIAK,5
AUILA,5
AUILES,5
AUJLA,5
AUKAMP,5
AUKER,5
AUKERMAN,5
AUKES,5
AUL,5
AULABAUGH,5
AULBACH,5
AULD,10
AULDER,5
AULDRIDGE,5
AULDS,5
AULER,5
AULETTA,5
AULL,5
AULS,5
AULT,30
AULTMAN,10
AULTZ,5
AUMAN,10
AUMANN,5
AUMAVAE,5
AUMEN,5
AUMEND,5
AUMENT,5
AUMICH,5
AUMICK,5
AUMILLER,10
AUN,5
AUNA,5
AUNE,5
AUNGST,5
AUNKST,5
AUPPERLE,5
AUPREY,5
AURAND,10
AURELIA,5
AURELIO,5
AURES,5
AURGES,5
AURICCHIO,5
AURICH,5
AURINGER,5
AURORA,5
AURRICHIO,5
AUS,5
AUSBROOKS,5
AUSBURN,5
AUSBY,5
AUSDEMORE,5
AUSHERMAN,5
AUSIELLO,5
AUSLAM,5
AUSLAND,5
AUSLANDER,5
AUSLEY,5
AUSMAN,5
AUSMUS,5
AUST,10
AUSTAD,5
AUSTELL,5
AUSTEN,5
AUSTER,5
AUSTERBERRY,5
AUSTGEN,5
AUSTILL,5
AUSTIN,520
AUSTINE,5
AUSTINO,5
AUSTON,5
AUSTRIA,10
AUTAUBO,5
AUTEN,20
AUTER,5
AUTERI,5
AUTERY,5
AUTHEMENT,10
AUTHER,5
AUTHUR,5
AUTIN,5
AUTIO,5
AUTMAN,5
AUTOBEE,5
AUTON,5
AUTOVINO,5
AUTRANO,5
AUTREY,20
AUTRY,30
AUTULLO,5
AUVIL,5
AUWAERTER,5
AUWARTER,5
AUXIER,10
AUXILIEN,5
AUYER,5
AUYEUNG,10
AUYON,5
AUYONG,5
AUZAT,5
AUZENNE,10
AUZSTON,5
AVALA,5
AVALLONE,10
AVALOS,60
AVANCE,5
AVANCENA,5
AVANS,10
AVANSINO,5
AVANT,20
AVANTS,5
AVANZATO,5
AVARBUCH,5
AVARY,5
AVE,5
AVEADO,5
AVELAR,20
AVELES,5
AVELINE,5
AVELINO,5
AVELLA,5
AVELLANEDA,5
AVELLANO,5
AVELLAR,5
AVELLINO,5
AVELLO,5
AVENA,5
AVENDANO,10
AVENI,5
AVENIA,5
AVENOSO,5
AVENT,10
AVER,5
AVERA,10
AVERBACH,5
AVERBECK,5
AVERETT,10
AVERETTE,5
AVERHART,5
AVERILL,20
AVERITT,5
AVERITTE,5
AVERS,5
AVERSA,5
AVERSANO,5
AVERY,150
AVERYT,5
AVETISYAN,5
AVEY,10
AVIE,5
AVILA,190
AVILAR,5
AVILES,60
AVILEZ,5
AVILLA,10
AVINA,10
AVINGER,5
AVINO,5
AVIRETT,5
AVIS,10
AVISON,5
AVITA,5
AVITABILE,5
AVITIA,10
AVNER,5
AVOLA,5
AVOLIO,5
AVON,5
AVONA,5
AVRETT,5
AVRIL,5
AW,5
AWAD,10
AWADA,5
AWAI,5
AWALT,5
AWBREY,5
AWE,5
AWENDER,5
AWKARD,5
AWKWARD,5
AWONG,5
AWTREY,5
AWTRY,5
AWYIE,5
AX,5
AXE,5
AXEL,5
AXELRAD,5
AXELROD,5
AXELSEN,5
AXELSON,10
AXFORD,10
AXLEY,5
AXLINE,5
AXMAN,5
AXON,5
AXSOM,5
AXSON,5
AXT,5
AXTELL,10
AXTHELM,5
AXTMAN,5
AXTON,5
AYAIA,5
AYALA,230
AYALLA,5
AYARS,5
AYARZA,5
AYBAR,10
AYCOCK,20
AYCOX,5
AYDELOTT,5
AYDIN,5
AYDLETT,5
AYDT,5
AYE,5
AYELE,5
AYER,10
AYERS,170
AYERSMAN,5
AYHENS,5
AYKROID,5
AYLES,5
AYLESWORTH,5
AYLING,5
AYLOCK,5
AYLOR,5
AYLSWORTH,5
AYLWARD,10
AYMAR,5
AYMOND,5
AYNES,5
AYO,5
AYOLA,5
AYON,10
AYOOB,5
AYOTTE,20
AYOUB,10
AYRE,5
AYRES,40
AYSCUE,5
AYSIEN,5
AYTES,5
AYUDAN,5
AYUSO,5
AYYAD,5
AZAD,5
AZAHAR,5
AZAPINTO,5
AZAR,10
AZATYAN,5
AZBELL,5
AZBILL,5
AZCONA,5
AZEBEDO,5
AZEEM,5
AZEN,5
AZER,5
AZEVEDO,20
AZHOCAR,5
AZIM,5
AZIMI,5
AZIZ,10
AZOR,5
AZORE,5
AZOTEA,5
AZOULAY,5
AZUA,5
AZULAY,5
AZUMA,5
AZURE,10
AZZANO,5
AZZARA,5
AZZARELLA,5
AZZARITO,5
AZZARO,5
AZZNARA,5
AZZOPARDI,5
BA,5
BAAB,5
BAACK,5
BAADE,10
BAADSGAARD,5
BAAR,5
BAARS,5
BAARTS,5
BAAS,5
BAATZ,5
BAB,5
BABA,5
BABAT,5
BABAUTA,5
BABB,70
BABBEL,5
BABBIN,5
BABBISH,5
BABBIT,5
BABBITT,20
BABBS,5
BABCOCK,70
BABE,5
BABECKI,5
BABEL,5
BABENA,5
BABER,20
BABERS,5
BABEU,5
BABEY,5
BABIARZ,5
BABIC,5
BABICH,10
BABICK,5
BABICKE,5
BABICZ,5
BABIKIAN,5
BABILON,5
BABILONIA,5
BABIN,40
BABINE,5
BABINEAU,10
BABINEAUX,20
BABINGTON,5
BABINO,5
BABINSKI,5
BABIONE,5
BABIRACKI,5
BABISH,5
BABITSCH,5
BABJECK,5
BABLAK,5
BABLE,5
BABONIS,5
BABROW,5
BABSON,5
BABST,5
BABU,5
BABULA,5
BABYAK,5
BACA,90
BACAK,5
BACARELLA,5
BACAYO,5
BACCA,5
BACCAM,5
BACCARI,5
BACCHI,5
BACCHUS,10
BACCO,5
BACCOUCHE,5
BACCUS,10
BACERRA,5
BACH,30
BACHA,5
BACHAN,5
BACHAND,10
BACHAR,5
BACHAS,5
BACHE,5
BACHELDER,10
BACHELOR,5
BACHER,10
BACHERT,5
BACHHUBER,5
BACHICHA,5
BACHINSKI,5
BACHLEDA,5
BACHLER,5
BACHMAN,40
BACHMANN,10
BACHMEIER,5
BACHMEYER,5
BACHNER,5
BACHO,5
BACHOR,5
BACHORSKI,5
BACHRACH,5
BACHRODT,5
BACHTA,5
BACHTEL,5
BACHTELL,5
BACHTOLD,5
BACHUS,10
BACICH,5
BACIGALUPI,5
BACIGALUPO,5
BACIK,5
BACINO,5
BACIO,5
BACK,30
BACKBONE,5
BACKE,5
BACKEN,5
BACKENSTOSE,5
BACKER,10
BACKERS,5
BACKES,10
BACKEY,5
BACKFISCH,5
BACKHAUS,5
BACKHUUS,5
BACKLUND,10
BACKMAN,20
BACKMON,5
BACKOUS,5
BACKSTROM,10
BACKUES,5
BACKUS,20
BACMAN,5
BACOLOR,5
BACON,120
BACONE,5
BACORN,5
BACOT,5
BACOTE,10
BACULPO,5
BACURIN,5
BACUS,5
BACY,5
BACZEWSKI,5
BAD,10
BADAGLIACCA,5
BADAL,5
BADALAMENTI,5
BADAME,5
BADAMI,5
BADAMO,5
BADANGUIO,5
BADASCI,5
BADDELEY,5
BADDER,5
BADDERS,5
BADDLEY,5
BADDOUR,5
BADE,10
BADEAU,5
BADEAUX,5
BADEN,10
BADENA,5
BADENOCH,5
BADER,30
BADERTSCHER,5
BADEY,5
BADGER,40
BADGERO,5
BADGET,5
BADGETT,10
BADGLEY,10
BADIA,5
BADIE,5
BADILLA,10
BADILLO,30
BADINI,5
BADLAM,5
BADLEY,5
BADMAN,5
BADO,5
BADOLATO,5
BADON,5
BADONI,5
BADOUR,5
BADRUDDIN,5
BADUA,5
BADURA,5
BADY,5
BADZINSKI,5
BAE,5
BAEHR,10
BAEK,5
BAELL,5
BAENA,5
BAENZIGER,5
BAER,50
BAERG,5
BAERGA,5
BAERINGER,5
BAERLOCHER,5
BAERMAN,5
BAESE,5
BAESKENS,5
BAESSLER,5
BAETZ,5
BAEZ,80
BAEZA,20
BAFF,5
BAFFA,5
BAFFORD,5
BAFFUTO,5
BAFIA,5
BAGAN,5
BAGAOISAN,5
BAGBY,20
BAGDASARIAN,5
BAGDON,5
BAGDONAS,5
BAGEANT,5
BAGEN,5
BAGENT,5
BAGG,5
BAGGE,5
BAGGENSTOSS,5
BAGGER,5
BAGGERLY,5
BAGGESEN,5
BAGGETT,60
BAGGETTE,5
BAGGIO,5
BAGGOTT,5
BAGGS,10
BAGHDASARIAN,5
BAGHERI,5
BAGI,5
BAGINSKI,5
BAGLEY,60
BAGLIONE,5
BAGNALL,5
BAGNASCHI,5
BAGNATO,5
BAGNE,5
BAGNELL,5
BAGNER,5
BAGNI,5
BAGNOLI,5
BAGOYO,5
BAGOZZI,5
BAGRON,5
BAGSBY,5
BAGSHAW,5
BAGU,5
BAGWELL,40
BAGWILL,5
BAH,5
BAHADUE,5
BAHAM,5
BAHAMONDE,5
BAHAR,5
BAHDE,5
BAHE,10
BAHENA,20
BAHER,5
BAHL,5
BAHLER,5
BAHLMANN,5
BAHLS,5
BAHM,5
BAHN,5
BAHNER,5
BAHNSEN,5
BAHOORA,5
BAHR,20
BAHRI,5
BAHRKE,5
BAHRMASEL,5
BAHRS,5
BAHUN,5
BAI,5
BAIBAK,5
BAICH,5
BAICHAN,5
BAIER,20
BAIERA,5
BAIERL,5
BAIG,5
BAIK,5
BAIL,10
BAILADO,5
BAILARD,5
BAILE,5
BAILER,5
BAILES,10
BAILEY,1150
BAILIE,5
BAILIFF,5
BAILIN,5
BAILLARGEON,10
BAILLE,5
BAILLET,5
BAILLEU,5
BAILLIE,10
BAILLIO,5
BAILLY,5
BAILON,5
BAILONY,5
BAILOR,5
BAILY,20
BAIM,5
BAIMA,5
BAIN,70
BAINARD,5
BAINBRIDGE,10
BAINE,10
BAINER,5
BAINES,30
BAINEY,5
BAINS,10
BAINTER,10
BAINUM,5
BAIO,5
BAIOTTO,5
BAIR,40
BAIRAM,5
BAIRD,130
BAIRES,5
BAIRO,5
BAIROS,5
BAISCH,5
BAISDEN,10
BAISE,5
BAISEY,5
BAISH,5
BAISLEY,10
BAISON,5
BAISTEN,5
BAITES,5
BAITG,5
BAITNER,5
BAITY,10
BAIZ,5
BAIZA,5
BAIZE,10
BAIZER,5
BAJ,5
BAJAJ,5
BAJDAS,5
BAJEK,5
BAJKO,5
BAJOREK,5
BAJWA,5
BAK,10
BAKA,5
BAKALAR,5
BAKALARS,5
BAKALER,5
BAKANAUSKAS,5
BAKE,5
BAKELEY,5
BAKEMEIER,5
BAKEN,5
BAKER,1710
BAKERVILLE,5
BAKES,5
BAKEWELL,5
BAKEY,5
BAKHSHIAN,5
BAKIOS,5
BAKKALA,5
BAKKE,10
BAKKEN,10
BAKKER,10
BAKKO,5
BAKKUM,5
BAKLEY,5
BAKLUND,5
BAKOS,10
BAKOWSKI,5
BAKR,5
BAKSH,5
BAKSHI,5
BAKSI,5
BAKST,5
BAKULA,5
BAL,5
BALA,5
BALAAM,5
BALABAN,5
BALADEJO,5
BALADO,5
BALAFOUTAS,5
BALAGTAS,5
BALAK,5
BALANCIA,5
BALANDRAN,5
BALANGATAN,5
BALANOFF,5
BALAS,10
BALASA,5
BALASCO,5
BALASH,5
BALASKI,5
BALASKO,5
BALASSI,5
BALASUBRAMANI,5
BALAY,5
BALAZ,5
BALAZS,5
BALBAS,5
BALBI,5
BALBIN,5
BALBOA,5
BALBONI,5
BALBONTIN,5
BALBUENA,10
BALCAZAR,5
BALCEIRO,5
BALCER,5
BALCERZAK,5
BALCH,20
BALCHUNAS,5
BALCITIS,5
BALCK,5
BALCKBURN,5
BALCKWELL,5
BALCOM,10
BALCOMB,5
BALCORTA,5
BALCOS,5
BALD,5
BALDA,5
BALDACCHINO,5
BALDACCI,5
BALDASARO,5
BALDASSANO,5
BALDASSARA,5
BALDASSARE,5
BALDASSARRE,5
BALDAUF,5
BALDE,5
BALDEARENA,5
BALDELLI,5
BALDEN,5
BALDENEGRO,5
BALDER,5
BALDERAMA,5
BALDERAS,30
BALDERRAMA,10
BALDERREE,5
BALDERSON,5
BALDERSTON,5
BALDI,5
BALDING,5
BALDINGER,5
BALDINI,5
BALDINO,5
BALDIVIA,5
BALDIVIEZ,5
BALDO,5
BALDOCK,5
BALDOMERO,5
BALDON,5
BALDONADO,5
BALDOR,5
BALDOS,5
BALDREE,10
BALDREY,5
BALDRIDGE,20
BALDRIGE,5
BALDUCCI,10
BALDUF,5
BALDUS,5
BALDUZZI,5
BALDWIN,320
BALDWYN,5
BALDY,5
BALDYGA,5
BALE,10
BALENSIEFEN,5
BALENT,5
BALENTINE,10
BALERIO,5
BALES,50
BALESTRA,5
BALESTRIERI,5
BALETTE,5
BALEY,10
BALEZENTIS,5
BALFANY,5
BALFE,5
BALFORD,5
BALFOUR,10
BALHORN,5
BALI,5
BALIAN,5
BALICH,5
BALICK,5
BALICKI,5
BALIGA,5
BALIGOD,5
BALIN,5
BALINT,5
BALIS,5
BALISH,5
BALISTRERI,5
BALISTRIERI,5
BALITAS,5
BALIUS,5
BALK,10
BALKCOM,5
BALKE,10
BALKEY,5
BALKIN,5
BALKO,5
BALKUS,5
BALL,340
BALLA,5
BALLADARES,5
BALLAGAS,5
BALLAGH,5
BALLAM,5
BALLAN,5
BALLANCE,10
BALLANTINE,5
BALLANTYNE,10
BALLAR,5
BALLARD,260
BALLAS,5
BALLATO,5
BALLE,5
BALLEJOS,5
BALLEK,5
BALLEN,5
BALLENA,5
BALLENGEE,5
BALLENGER,20
BALLENSKY,5
BALLENTINE,10
BALLER,5
BALLERINI,5
BALLES,5
BALLESTAS,5
BALLESTER,5
BALLESTERO,5
BALLESTEROS,20
BALLESTEROUS,5
BALLETTA,5
BALLETTO,5
BALLEW,20
BALLEY,5
BALLEZ,5
BALLEZA,5
BALLI,5
BALLIET,5
BALLIETT,5
BALLIEW,5
BALLIF,5
BALLIN,5
BALLINA,5
BALLING,10
BALLINGER,20
BALLINTYN,5
BALLMAN,5
BALLMANN,5
BALLMER,5
BALLOG,5
BALLON,5
BALLOON,5
BALLOU,20
BALLOW,5
BALLOWE,5
BALLREICH,5
BALLS,10
BALLUCH,5
BALLWEG,10
BALLY,5
BALM,5
BALMACEDA,5
BALMER,10
BALMES,5
BALMIR,5
BALMORES,5
BALMOS,5
BALNIS,5
BALO,5
BALOCK,5
BALOG,10
BALOGH,10
BALOGUN,5
BALOK,5
BALON,5
BALONEK,5
BALOW,5
BALOWSKI,5
BALOY,5
BALQUE,5
BALSAM,5
BALSAMO,10
BALSANO,5
BALSER,10
BALSIGER,5
BALSIS,5
BALSLEY,5
BALSON,5
BALSTER,5
BALTAZAR,20
BALTAZOR,5
BALTER,5
BALTES,10
BALTHAZAR,5
BALTHAZOR,5
BALTHROP,5
BALTIERRA,5
BALTIMORE,10
BALTODANO,5
BALTON,5
BALTRIP,5
BALTRUWEIT,5
BALTZ,10
BALTZELL,10
BALTZER,5
BALTZLEY,5
BALVANZ,5
BALWIN,5
BALWINSKI,5
BALYEAT,5
BALZA,5
BALZANO,5
BALZARINE,5
BALZARINI,5
BALZER,10
BALZOTTI,5
BAMBA,5
BAMBACE,5
BAMBACH,5
BAMBACI,5
BAMBACIGNO,5
BAMBAS,5
BAMBECK,5
BAMBENEK,5
BAMBER,5
BAMBERG,5
BAMBERGER,5
BAMBHROLIA,5
BAMBINO,5
BAMBRICK,5
BAMBURG,5
BAME,5
BAMFIELD,5
BAMFORD,5
BAMFORTH,5
BAMMON,5
BAN,5
BANAAG,5
BANACH,10
BANAHAN,5
BANALES,5
BANANA,5
BANAS,10
BANASIAK,5
BANASZAK,5
BANASZEK,5
BANBURY,5
BANCE,5
BANCHERO,5
BANCKS,5
BANCO,5
BANCOURT,5
BANCROFT,20
BAND,5
BANDA,40
BANDANZA,5
BANDARRA,5
BANDASAK,5
BANDEL,5
BANDEMER,5
BANDERAS,5
BANDIN,5
BANDLE,5
BANDLEY,5
BANDT,5
BANDUCCI,5
BANDULIN,5
BANDURA,5
BANDY,40
BANDYK,5
BANE,20
BANECKER,5
BANEGAS,5
BANEK,5
BANERJEE,5
BANERJI,5
BANES,10
BANET,5
BANEY,10
BANEZ,5
BANFIELD,10
BANFILL,5
BANG,10
BANGERT,10
BANGHART,5
BANGLE,5
BANGS,10
BANGURA,5
BANH,10
BANIA,5
BANIAGA,5
BANICK,5
BANIK,5
BANIS,5
BANISTER,20
BANK,10
BANKARD,5
BANKE,5
BANKEMPER,5
BANKER,20
BANKERT,5
BANKES,5
BANKEY,5
BANKHEAD,10
BANKO,5
BANKOS,5
BANKOWSKI,5
BANKS,480
BANKSON,5
BANKSTON,30
BANN,5
BANNAN,5
BANNER,20
BANNERMAN,10
BANNETT,5
BANNING,10
BANNISTER,40
BANNON,20
BANNOWSKY,5
BANOME,5
BANOS,5
BANOWETZ,5
BANOWSKI,5
BANSAL,5
BANSBACH,5
BANSE,5
BANSMER,5
BANTA,20
BANTAY,5
BANTER,5
BANTHER,5
BANTILLAN,5
BANTIN,5
BANTON,10
BANTUG,5
BANTZ,5
BANUELOS,30
BANVELOS,5
BANVILLE,5
BANWARTH,5
BANWELL,5
BANYAS,5
BANZHAF,5
BAOLOY,5
BAPTIES,5
BAPTISE,5
BAPTIST,10
BAPTISTA,10
BAPTISTE,40
BAQUE,5
BAQUERO,5
BAQUET,5
BAQUIRAN,5
BAR,5
BARA,5
BARABAN,5
BARABAS,5
BARABIN,5
BARABY,5
BARACANI,5
BARACH,5
BARAD,5
BARADI,5
BARAGAN,5
BARAGAR,5
BARAGER,5
BARAGONA,5
BARAHANA,5
BARAHONA,10
BARAJAS,80
BARAJOS,5
BARAK,5
BARAKAT,5
BARAL,5
BARAN,20
BARANGA,5
BARANICK,5
BARANOSKI,5
BARANOVIC,5
BARANOW,5
BARANOWSKI,10
BARANSKI,5
BARANSKY,5
BARAS,5
BARASCH,5
BARASH,5
BARATTA,10
BARATTO,5
BARAW,5
BARAY,5
BARAYUGA,5
BARB,10
BARBA,30
BARBADILLO,5
BARBAGALLO,10
BARBAGELATA,5
BARBAGLIA,5
BARBALICH,5
BARBAN,5
BARBANO,5
BARBAR,5
BARBARA,10
BARBARE,5
BARBARIA,5
BARBARIN,5
BARBARINO,5
BARBARITO,5
BARBARO,5
BARBATI,5
BARBATO,5
BARBAZA,5
BARBE,5
BARBEAU,10
BARBEE,50
BARBELLA,5
BARBEN,5
BARBER,320
BARBERA,10
BARBERI,5
BARBERIAN,5
BARBERIO,5
BARBERIS,5
BARBERO,5
BARBERR,5
BARBETTA,5
BARBIAN,5
BARBIE,5
BARBIER,5
BARBIERE,5
BARBIERI,10
BARBIN,5
BARBINI,5
BARBISH,5
BARBO,5
BARBONE,5
BARBOR,5
BARBOSA,40
BARBOT,5
BARBOUR,60
BARBOZA,20
BARBRE,5
BARBRICK,5
BARBU,5
BARBUR,5
BARBUTO,5
BARBY,5
BARCA,5
BARCELLO,5
BARCELLOS,5
BARCELO,5
BARCELONA,5
BARCENA,5
BARCENAS,10
BARCH,5
BARCHACKY,5
BARCHICK,5
BARCHUS,5
BARCIA,10
BARCIK,5
BARCK,5
BARCLAY,50
BARCLEY,5
BARCLIFF,5
BARCLIFT,5
BARCO,10
BARCOMB,10
BARCROFT,5
BARCUS,10
BARCZAK,5
BARD,20
BARDA,5
BARDACH,5
BARDALES,5
BARDE,5
BARDEEN,5
BARDELL,5
BARDEN,30
BARDES,5
BARDILL,5
BARDIN,10
BARDIS,5
BARDNEY,5
BARDO,5
BARDON,5
BARDONER,5
BARDOS,5
BARDSLEY,10
BARDWELL,10
BARE,20
BAREFIELD,10
BAREFOOT,10
BAREFORD,5
BAREILLES,5
BAREIS,5
BARELA,30
BARELLA,5
BAREMORE,5
BARENDS,5
BARENTINE,5
BARER,5
BARERA,5
BARES,5
BARESI,5
BARETT,5
BARETTE,5
BARFF,5
BARFIELD,50
BARFKNECHT,5
BARFOOT,5
BARFUSS,5
BARG,5
BARGA,10
BARGANIER,5
BARGAR,5
BARGAS,10
BARGE,10
BARGEN,5
BARGER,60
BARGERON,5
BARGERSTOCK,5
BARGES,5
BARGINEAR,5
BARGMANN,5
BARGO,10
BARGSTADT,5
BARHAM,30
BARHORST,20
BARHYDT,5
BARI,5
BARIA,5
BARIAS,5
BARIBEAU,5
BARICH,5
BARICK,5
BARICKMAN,5
BARIDON,5
BARIE,5
BARIENTOS,5
BARIL,10
BARILE,10
BARILL,5
BARILLARI,5
BARILLARO,5
BARILLAS,5
BARILLO,5
BARIMAH,5
BARINGER,5
BARINO,5
BARIO,5
BARIOS,5
BARIS,5
BARISH,5
BARJAS,5
BARJENBRUCH,5
BARK,10
BARKALOW,5
BARKAN,5
BARKDOLL,5
BARKDULL,5
BARKE,5
BARKEMA,5
BARKEN,5
BARKENHAGEN,5
BARKER,350
BARKES,5
BARKET,5
BARKETT,5
BARKHIMER,5
BARKHURST,5
BARKIE,5
BARKINS,5
BARKLE,5
BARKLEY,50
BARKLOW,5
BARKMAN,10
BARKO,5
BARKS,10
BARKSDALE,50
BARKUS,5
BARLAGE,5
BARLAK,5
BARLAU,5
BARLETT,10
BARLETTA,5
BARLETTE,5
BARLEY,10
BARLIP,5
BARLOCK,5
BARLOW,120
BARLOWE,10
BARLUP,5
BARMAN,5
BARMER,5
BARMES,5
BARMETTLER,5
BARMORE,10
BARN,5
BARNA,10
BARNABA,5
BARNABY,10
BARNACLE,5
BARNAK,5
BARNAR,5
BARNARD,90
BARNAS,5
BARNATHAN,5
BARNCASTLE,5
BARNDT,5
BARNE,5
BARNEBEY,5
BARNELL,5
BARNER,20
BARNERS,5
BARNES,970
BARNESS,5
BARNET,5
BARNETT,390
BARNETTE,40
BARNEY,60
BARNFIELD,5
BARNHARDT,10
BARNHART,70
BARNHILL,40
BARNHOUSE,10
BARNHURST,5
BARNICK,5
BARNICLE,5
BARNINGER,5
BARNO,5
BARNOSKI,5
BARNS,20
BARNSCATER,5
BARNT,5
BARNTHOUSE,5
BARNUM,20
BARNWELL,20
BARO,10
BAROCIO,5
BAROLDY,5
BARON,60
BARONA,5
BARONE,30
BARONI,5
BARONNE,5
BAROODY,5
BAROS,5
BARQUERA,5
BARR,170
BARRA,10
BARRACK,5
BARRACLOUGH,5
BARRACO,5
BARRAGAN,20
BARRALE,5
BARRAN,5
BARRANCA,5
BARRANCO,5
BARRANGER,5
BARRAS,10
BARRASA,5
BARRATT,10
BARRAZ,5
BARRAZA,40
BARRE,10
BARRECA,5
BARREDA,5
BARREDO,5
BARREE,5
BARREIRA,5
BARREIRO,10
BARRELL,5
BARREN,10
BARRENA,5
BARRENECHE,5
BARRENTINE,10
BARRER,5
BARRERA,130
BARRERAS,10
BARRERO,5
BARRESI,5
BARRET,10
BARRETE,5
BARRETO,30
BARRETT,390
BARRETTA,5
BARRETTE,10
BARRETTO,5
BARRIA,5
BARRIAULT,5
BARRIBEAU,5
BARRICELLI,5
BARRICK,10
BARRICKMAN,5
BARRIE,10
BARRIEAU,5
BARRIENTES,10
BARRIENTEZ,10
BARRIENTOS,30
BARRIER,20
BARRIERE,5
BARRIES,5
BARRIGA,10
BARRIGAN,5
BARRIGER,5
BARRILE,5
BARRILLEAUX,5
BARRINEAU,5
BARRINER,5
BARRINGER,20
BARRINGTON,20
BARRIO,5
BARRIOS,60
BARRIS,5
BARRISH,5
BARRITT,5
BARRO,5
BARROCAS,5
BARROIS,5
BARROM,5
BARRON,170
BARROS,20
BARROSO,10
BARROTT,5
BARROW,70
BARROWMAN,5
BARROWS,40
BARRS,5
BARRUS,5
BARRY,150
BARRYMAN,5
BARS,5
BARSALOU,5
BARSAMIAN,5
BARSANTI,5
BARSCEWSKI,5
BARSCH,5
BARSCHDOOR,5
BARSEGYAN,5
BARSH,5
BARSHAW,5
BARSKI,5
BARSKY,5
BARSNESS,5
BARSON,5
BARSOTTI,5
BARSOUM,5
BARSTAD,5
BARSTOW,10
BARSUHN,5
BARSWELL,5
BART,10
BARTA,10
BARTAMIAN,5
BARTASH,5
BARTBERGER,5
BARTCH,5
BARTCZAK,5
BARTE,5
BARTEE,10
BARTEK,5
BARTEL,20
BARTELL,10
BARTELS,30
BARTELSON,5
BARTELT,10
BARTENFIELD,5
BARTER,10
BARTERS,5
BARTGIS,5
BARTH,60
BARTHA,5
BARTHE,5
BARTHEL,10
BARTHELEMY,5
BARTHELL,5
BARTHELMAN,5
BARTHELMES,5
BARTHEN,5
BARTHLOW,5
BARTHOL,5
BARTHOLD,5
BARTHOLEMEW,5
BARTHOLF,5
BARTHOLIC,5
BARTHOLOMAY,5
BARTHOLOMEU,5
BARTHOLOMEW,50
BARTHOLOW,5
BARTIMUS,5
BARTIN,5
BARTKIEWICZ,5
BARTKO,5
BARTKOWIAK,5
BARTKOWSKI,5
BARTKUS,5
BARTL,5
BARTLE,5
BARTLEBAUGH,5
BARTLES,5
BARTLESON,5
BARTLET,5
BARTLETT,170
BARTLETTE,5
BARTLEY,70
BARTLING,10
BARTLOME,5
BARTLONE,5
BARTLOW,10
BARTMAN,5
BARTMES,5
BARTMESS,5
BARTNETT,5
BARTNICK,5
BARTNIK,5
BARTO,10
BARTOL,5
BARTOLDUS,5
BARTOLET,5
BARTOLETTI,5
BARTOLI,5
BARTOLINI,5
BARTOLO,5
BARTOLOME,10
BARTOLOMEI,5
BARTOLOMEO,5
BARTOLOMUCCI,5
BARTOLONE,5
BARTOLOTTA,5
BARTOLOTTO,5
BARTON,240
BARTONE,5
BARTOS,10
BARTOSCH,5
BARTOSH,5
BARTOSIAK,5
BARTOSIEWICZ,5
BARTOSIK,5
BARTOSZ,5
BARTOSZEK,5
BARTOW,10
BARTRAM,10
BARTRON,5
BARTROP,5
BARTRUM,5
BARTS,5
BARTSCH,10
BARTUCCA,5
BARTUCCI,5
BARTULA,5
BARTUNEK,5
BARTUS,5
BARTUSH,5
BARTUSKA,5
BARTYLLA,5
BARTZ,20
BARUCH,5
BARUFALDI,5
BARUFFA,5
BARUFFI,5
BARUS,5
BARUT,5
BARUTH,5
BARVICK,5
BARVOSA,5
BARWELL,5
BARWICK,10
BARY,5
BARZ,5
BARZE,5
BARZEY,5
BASA,5
BASALDUA,10
BASANTA,5
BASARA,5
BASBAS,5
BASCAS,5
BASCETTA,5
BASCH,5
BASCLE,5
BASCO,5
BASCOM,10
BASCOMB,5
BASCOMBE,5
BASDEN,5
BASE,5
BASEHORE,5
BASEL,10
BASELER,5
BASELEY,5
BASELICE,5
BASEMAN,5
BASEMORE,5
BASEY,5
BASFORD,5
BASGALL,5
BASH,20
BASHA,5
BASHAM,40
BASHARA,5
BASHAW,10
BASHER,5
BASHFORD,5
BASHI,5
BASHINELLI,5
BASHIR,10
BASHLINE,5
BASHOR,5
BASHORE,5
BASICH,5
BASIL,10
BASILA,5
BASILE,20
BASILIERE,5
BASILIO,5
BASILONE,5
BASINGER,10
BASINI,5
BASINSKI,5
BASISTA,5
BASKAS,5
BASKERVILLE,20
BASKET,5
BASKETT,10
BASKETTE,5
BASKIN,30
BASKIND,5
BASKINS,5
BASKOW,5
BASLER,10
BASLEY,5
BASNER,5
BASNETT,5
BASNIGHT,10
BASOM,5
BASON,5
BASONE,5
BASORA,5
BASORE,5
BASQUE,5
BASQUES,5
BASQUEZ,10
BASS,250
BASSAGE,5
BASSALI,5
BASSANI,5
BASSANO,5
BASSE,5
BASSEL,5
BASSET,5
BASSETT,80
BASSETTE,5
BASSETTI,5
BASSFORD,5
BASSHAM,10
BASSI,5
BASSIL,5
BASSIN,5
BASSITI,5
BASSLER,10
BASSO,20
BASSOLINO,5
BASSUK,5
BAST,10
BASTA,5
BASTAIN,5
BASTARACHE,10
BASTARDI,5
BASTEDO,5
BASTEN,5
BASTER,5
BASTIAN,20
BASTIANELLI,5
BASTIC,5
BASTICK,5
BASTIDA,5
BASTIDAS,5
BASTIDOS,5
BASTIEN,10
BASTILLA,5
BASTILLE,5
BASTIN,5
BASTINE,5
BASTON,5
BASTONE,5
BASTOS,5
BASTOW,5
BASTRESS,5
BASTURA,5
BASU,5
BASUA,5
BASULTO,5
BASURTO,5
BASWELL,5
BASYE,5
BATALA,5
BATALLA,5
BATALONA,5
BATARA,5
BATARSE,5
BATAS,5
BATCH,5
BATCHELDER,20
BATCHELLER,5
BATCHELLOR,5
BATCHELOR,40
BATCHER,5
BATDORF,5
BATE,10
BATEL,5
BATEMAN,70
BATER,5
BATERS,5
BATES,370
BATESOLE,5
BATESON,5
BATEY,20
BATH,10
BATHE,5
BATHKE,5
BATHRICK,5
BATHURST,5
BATIE,10
BATIMON,5
BATIS,5
BATISTA,40
BATISTE,30
BATISTICH,5
BATIZ,5
BATKIN,5
BATKO,5
BATLEY,5
BATLINER,5
BATLIS,5
BATLLE,5
BATMAN,5
BATON,5
BATOR,10
BATRA,5
BATRES,10
BATREZ,5
BATRICH,5
BATRUM,5
BATSON,30
BATT,10
BATTA,5
BATTAGLIA,30
BATTAGLINI,5
BATTAGLINO,5
BATTANI,5
BATTE,5
BATTEE,5
BATTEEN,5
BATTEIGER,5
BATTEN,30
BATTENFIELD,5
BATTENHOUSE,5
BATTER,5
BATTERMAN,5
BATTERS,5
BATTERSBY,5
BATTERSHELL,5
BATTERSON,5
BATTERTON,5
BATTEY,5
BATTIATA,5
BATTIATO,5
BATTIE,5
BATTIEST,5
BATTIG,5
BATTIN,10
BATTINO,5
BATTIS,5
BATTISTA,10
BATTISTE,10
BATTISTI,5
BATTISTINI,5
BATTISTO,5
BATTISTONE,5
BATTISTONI,5
BATTKO,5
BATTLE,150
BATTLES,30
BATTO,5
BATTON,10
BATTS,50
BATTSON,5
BATTUELLO,5
BATTY,10
BATUN,5
BATY,10
BATZ,10
BATZER,5
BATZLI,5
BATZRI,5
BAU,5
BAUBLITZ,5
BAUCE,5
BAUCH,10
BAUCHER,5
BAUCHSPIES,5
BAUCOM,10
BAUCUM,5
BAUDER,10
BAUDINO,5
BAUDLER,5
BAUDOIN,10
BAUDRY,5
BAUER,170
BAUERKEMPER,5
BAUERLE,5
BAUERLEIN,5
BAUERMEISTER,5
BAUERNFEIND,5
BAUERS,5
BAUGATZ,5
BAUGESS,5
BAUGH,50
BAUGHAM,5
BAUGHAN,5
BAUGHER,20
BAUGHEY,5
BAUGHMAN,50
BAUGHN,10
BAUGUESS,5
BAUGUS,5
BAUKNECHT,5
BAUKNIGHT,5
BAUL,5
BAULCH,5
BAULT,5
BAUM,60
BAUMAN,50
BAUMANN,30
BAUMBACH,10
BAUMBERGER,5
BAUMBUSCH,5
BAUMEISTER,10
BAUMER,10
BAUMERT,5
BAUMFALK,5
BAUMGARD,5
BAUMGARDNER,30
BAUMGARDT,5
BAUMGARN,5
BAUMGARNER,5
BAUMGART,10
BAUMGARTEL,5
BAUMGARTEN,10
BAUMGARTER,5
BAUMGARTNER,30
BAUMHOER,5
BAUMIESTER,5
BAUMKIRCHNER,5
BAUMLER,5
BAUMLI,5
BAUMOHL,5
BAUN,5
BAUNE,5
BAUNLEUANG,5
BAUR,10
BAURER,5
BAURES,5
BAUS,5
BAUSCH,5
BAUSERMAN,5
BAUSKE,5
BAUSLEY,5
BAUSMAN,5
BAUSWELL,5
BAUTCH,5
BAUTE,5
BAUTISTA,80
BAUTISTE,5
BAUTZ,5
BAUZA,5
BAVA,5
BAVARD,5
BAVARO,5
BAVELAS,5
BAVER,10
BAVES,5
BAVIER,5
BAVZEE,5
BAWA,5
BAWANY,5
BAWCOMBE,5
BAWCUM,5
BAWDEN,5
BAWEK,5
BAWER,5
BAWKS,5
BAWNER,5
BAX,10
BAXA,5
BAXENDALE,5
BAXI,5
BAXLEY,30
BAXTER,210
BAXTOR,5
BAY,20
BAYALA,5
BAYANI,5
BAYARD,5
BAYARDO,5
BAYAS,5
BAYDAL,5
BAYER,30
BAYERL,10
BAYERS,5
BAYES,5
BAYETE,5
BAYGENTS,5
BAYHONAN,5
BAYIRD,5
BAYLE,5
BAYLES,10
BAYLESS,20
BAYLEY,5
BAYLIFF,5
BAYLIS,10
BAYLISS,10
BAYLOCK,5
BAYLON,5
BAYLOR,30
BAYLY,5
BAYMAN,5
BAYMON,5
BAYN,5
BAYNARD,5
BAYNE,30
BAYNES,10
BAYNHAM,5
BAYON,5
BAYONA,5
BAYOT,5
BAYOUTH,5
BAYS,30
BAYSDEN,5
BAYSINGER,10
BAYSMORE,5
BAYT,5
BAYTON,5
BAYTOS,5
BAYUK,5
BAYUS,5
BAZA,5
BAZALDUA,5
BAZAN,10
BAZAR,5
BAZARTE,5
BAZATA,5
BAZE,10
BAZEL,5
BAZELAIS,5
BAZEMORE,10
BAZER,5
BAZIL,5
BAZILE,10
BAZIN,5
BAZINET,5
BAZNER,5
BAZYDLO,5
BAZYLEWICZ,5
BAZZANELLA,5
BAZZANO,5
BAZZEL,5
BAZZELL,5
BAZZI,5
BAZZLE,5
BE,5
BEA,5
BEABER,5
BEABOUT,5
BEACH,130
BEACHAM,10
BEACHAMP,5
BEACHEL,5
BEACHELL,5
BEACHEM,5
BEACHER,5
BEACHLER,5
BEACHMAN,5
BEACHUM,10
BEACHY,5
BEACOM,5
BEADELL,5
BEADLE,10
BEADLES,10
BEADLING,5
BEADNELL,5
BEADY,5
BEAGAN,5
BEAGLE,10
BEAGLEY,5
BEAHAN,5
BEAHM,10
BEAHN,5
BEAIRD,10
BEAKLEY,5
BEAL,80
BEALE,30
BEALER,10
BEALES,5
BEALL,40
BEALLE,5
BEALMEAR,5
BEALS,30
BEAM,60
BEAMAN,20
BEAMER,10
BEAMES,5
BEAMESDERFER,5
BEAMISH,5
BEAMON,30
BEAMS,10
BEAN,170
BEANBLOSSOM,5
BEANDOIN,5
BEANE,30
BEANER,5
BEANS,5
BEAR,30
BEARCE,10
BEARD,190
BEARDALL,5
BEARDED,5
BEARDEN,60
BEARDMORE,5
BEARDON,5
BEARDS,5
BEARDSLEE,5
BEARDSLEY,20
BEARE,5
BEARFIELD,5
BEARMAN,5
BEARS,5
BEARSE,5
BEARUP,5
BEARY,5
BEAS,5
BEASLEY,200
BEASLY,5
BEASMORE,5
BEASON,20
BEASTON,5
BEAT,5
BEATH,5
BEATHE,5
BEATIE,5
BEATLEY,5
BEATO,5
BEATON,20
BEATRICE,5
BEATSON,5
BEATTIE,40
BEATTLE,5
BEATTY,110
BEATY,50
BEAU,5
BEAUBIEN,10
BEAUBRUN,5
BEAUCAGE,5
BEAUCHAINE,5
BEAUCHAMP,40
BEAUCHEMIN,10
BEAUCHESNE,10
BEAUDET,10
BEAUDETTE,10
BEAUDIN,10
BEAUDINE,5
BEAUDION,5
BEAUDOIN,40
BEAUDREAU,5
BEAUDREAULT,5
BEAUDRIE,5
BEAUDRY,20
BEAUFAIT,5
BEAUFORD,10
BEAUFORT,10
BEAUGARD,5
BEAUHARNOIS,5
BEAULAC,5
BEAULE,5
BEAULIEU,50
BEAULIEV,5
BEAUMAN,5
BEAUMIER,5
BEAUMONT,10
BEAUMONTE,5
BEAUPARLANT,5
BEAUPRE,10
BEAUPREZ,5
BEAUREGARD,30
BEAUREGUARD,5
BEAUSHAW,5
BEAUSOLEIL,5
BEAUVAIS,10
BEAVEN,5
BEAVER,70
BEAVERS,60
BEAVIN,5
BEAVIS,5
BEAZ,5
BEAZER,5
BEAZLEY,10
BEBBER,5
BEBEAU,5
BEBEE,5
BEBERWYK,5
BEBO,5
BEBOUT,5
BECCARIA,5
BECCUE,5
BECENA,5
BECENTI,5
BECERA,5
BECERRA,60
BECERRIL,5
BECH,5
BECHARD,10
BECHEL,5
BECHER,10
BECHERER,5
BECHLER,5
BECHMAN,5
BECHT,5
BECHTEL,20
BECHTHOLD,5
BECHTOL,10
BECHTOLD,20
BECK,370
BECKA,5
BECKE,5
BECKEL,5
BECKELHEIMER,5
BECKELHIMER,5
BECKEM,5
BECKENBACH,5
BECKENDORF,5
BECKER,290
BECKERDITE,5
BECKERLE,5
BECKERMAN,5
BECKERS,5
BECKERT,5
BECKES,5
BECKET,5
BECKETT,40
BECKEY,5
BECKFIELD,5
BECKFORD,10
BECKHAM,40
BECKIM,5
BECKIUS,5
BECKLER,5
BECKLES,10
BECKLEY,20
BECKLIN,5
BECKLUND,5
BECKMAN,60
BECKMANN,10
BECKMEYER,5
BECKNELL,5
BECKNER,10
BECKOM,5
BECKOR,5
BECKS,5
BECKSTEAD,10
BECKSTRAND,5
BECKSTROM,5
BECKTON,5
BECKUM,5
BECKWITH,40
BECKWORTH,5
BECKY,5
BECNEL,30
BECRAFT,10
BECTON,10
BECVAR,5
BECWAR,5
BECZE,5
BEDAR,5
BEDARD,30
BEDATSKY,5
BEDAW,5
BEDDARD,5
BEDDIA,5
BEDDINGFIELD,5
BEDDO,5
BEDDOE,5
BEDDOME,5
BEDDOW,5
BEDDOWS,5
BEDE,5
BEDEAU,5
BEDEE,5
BEDEKER,5
BEDELL,20
BEDENBAUGH,5
BEDENFIELD,5
BEDER,5
BEDFORD,30
BEDGOOD,10
BEDIENT,5
BEDILLION,5
BEDINGFIELD,5
BEDKER,5
BEDLION,5
BEDNAR,10
BEDNARCZYK,5
BEDNAREK,5
BEDNARIK,5
BEDNAROWICZ,5
BEDNARSKI,5
BEDNARZ,10
BEDNER,5
BEDNEY,5
BEDNORZ,5
BEDOCS,5
BEDOKA,5
BEDOLLA,10
BEDONIE,5
BEDOR,5
BEDORE,5
BEDOYA,10
BEDRE,5
BEDROSIAN,5
BEDSAUL,5
BEDSOLE,5
BEDSON,5
BEDWARD,5
BEDWELL,20
BEE,10
BEEBE,60
BEEBEE,5
BEEBOUT,5
BEECH,10
BEECHAM,10
BEECHER,20
BEECHING,5
BEECHLER,5
BEECHNER,5
BEECHUM,5
BEECK,5
BEECKEN,5
BEECKMAN,5
BEECROFT,5
BEED,5
BEEDE,10
BEEDHAM,5
BEEDLE,10
BEEDLES,5
BEEDOO,5
BEEDY,5
BEEGHLY,5
BEEGLE,10
BEEHLER,10
BEEK,5
BEEKER,5
BEEKMAN,10
BEEKS,10
BEEL,5
BEELAR,5
BEELBY,5
BEELER,30
BEEM,10
BEEMAN,20
BEEMER,5
BEEMON,5
BEEN,5
BEENE,10
BEENEL,5
BEER,20
BEERBOHM,5
BEERE,5
BEERER,5
BEERLE,5
BEERLING,5
BEERLY,5
BEERMAN,10
BEERMANN,5
BEERMUDEZ,5
BEERS,40
BEERY,20
BEES,5
BEESE,5
BEESLEY,10
BEESMER,5
BEESON,30
BEETLEY,5
BEETS,10
BEETZ,5
BEEVERS,5
BEEZLEY,5
BEFORT,5
BEFUS,5
BEGA,5
BEGAN,5
BEGAY,70
BEGAYE,10
BEGEAL,5
BEGEMAN,5
BEGEN,5
BEGER,5
BEGG,5
BEGGS,20
BEGHTOL,5
BEGIN,10
BEGLEY,40
BEGNAUD,5
BEGNOCHE,5
BEGOLLI,5
BEGONIA,5
BEGOR,5
BEGUELIN,5
BEGUHL,5
BEGUM,5
BEGUN,5
BEHAL,5
BEHAN,10
BEHANAN,5
BEHANNA,5
BEHAR,5
BEHEL,5
BEHEN,5
BEHERNS,5
BEHIMER,5
BEHIZADEH,5
BEHL,5
BEHLEN,5
BEHLER,10
BEHLING,10
BEHLKE,5
BEHLMER,5
BEHM,10
BEHME,5
BEHMER,5
BEHN,10
BEHNE,10
BEHNER,5
BEHNEY,5
BEHNING,5
BEHNKE,10
BEHNKEN,5
BEHR,20
BEHRAN,5
BEHREND,5
BEHRENDS,10
BEHRENDT,10
BEHRENS,40
BEHRENWALD,5
BEHRING,5
BEHRINGER,5
BEHRLE,5
BEHRMAN,5
BEHRMANN,5
BEHRNS,5
BEHUN,5
BEHUNIN,5
BEHYMER,5
BEICHNER,5
BEIDLEMAN,5
BEIDLER,5
BEIEN,5
BEIER,10
BEIERLE,5
BEIERSCHMITT,5
BEIGERT,5
BEIGHLEY,5
BEIGHTOL,5
BEIK,5
BEIL,10
BEILE,5
BEILER,10
BEILEY,5
BEILFUSS,5
BEILINSON,5
BEILKE,5
BEILMAN,5
BEILSTEIN,5
BEIN,5
BEINE,5
BEINLICH,5
BEIRIGER,5
BEIRISE,5
BEIRNE,5
BEISCH,5
BEISEL,5
BEISER,5
BEISH,5
BEISNER,5
BEISSEL,5
BEISSER,5
BEISWANGER,5
BEISWENGER,5
BEITEL,5
BEITER,5
BEITH,5
BEITLER,5
BEITZ,5
BEITZEL,5
BEJA,5
BEJAR,5
BEJARAN,5
BEJARANO,10
BEJCEK,5
BEJERANO,5
BEJGER,5
BEJIL,5
BEJJANI,5
BEK,5
BEKELE,5
BEKER,5
BEKERMAN,5
BEKHIT,5
BEKINS,5
BEKIS,5
BEKIUS,5
BEKKER,5
BEL,5
BELA,5
BELAIR,10
BELAK,5
BELANCER,5
BELAND,10
BELANGER,70
BELANGIA,5
BELANICH,5
BELARDE,5
BELARDO,5
BELARMINO,5
BELASCO,5
BELAY,5
BELBACK,5
BELCASTRO,5
BELCH,5
BELCHER,110
BELCHIOR,5
BELCOURT,5
BELDEN,10
BELDIN,5
BELDING,5
BELDON,5
BELEN,5
BELEW,10
BELEY,5
BELEZOS,5
BELFANTI,5
BELFAST,5
BELFI,5
BELFIELD,5
BELFIGLIO,5
BELFIORE,5
BELFLOWER,5
BELFORD,10
BELFORT,5
BELFY,5
BELGARD,5
BELGARDE,5
BELGRADE,5
BELGRAVE,10
BELHUMEUR,5
BELIARD,5
BELICH,5
BELIDOR,5
BELIEU,5
BELILE,5
BELILES,5
BELIN,10
BELINA,5
BELINSKI,5
BELINSKY,5
BELISLE,20
BELITZ,5
BELIVEAU,10
BELIZ,5
BELIZAIRE,5
BELJAN,5
BELK,20
BELKA,5
BELKE,5
BELKEN,5
BELKIN,5
BELKNAP,10
BELKO,5
BELKOWSKI,5
BELL,1170
BELLA,10
BELLACE,5
BELLAFIORE,5
BELLAH,5
BELLAIR,5
BELLAIRE,5
BELLAMY,70
BELLANCA,5
BELLAND,5
BELLANGER,10
BELLANTONE,5
BELLANTONI,10
BELLANTUONO,5
BELLANY,5
BELLAR,5
BELLARD,10
BELLAS,5
BELLAVANCE,5
BELLAVIA,5
BELLAZER,5
BELLE,20
BELLEAU,5
BELLEFEUILLE,5
BELLEFLEUR,5
BELLEFONTAINE,5
BELLEHUMEUR,5
BELLEMARE,5
BELLEMY,5
BELLEN,5
BELLENDIR,5
BELLER,10
BELLERDINE,5
BELLEROSE,5
BELLES,10
BELLESSA,5
BELLETTIERE,5
BELLETTO,5
BELLEVILLE,5
BELLEW,10
BELLFLEUR,5
BELLFLOWER,5
BELLFLOWERS,5
BELLHOUSE,5
BELLI,10
BELLIARD,5
BELLIDO,5
BELLIN,5
BELLINA,5
BELLINDER,5
BELLING,5
BELLINGER,20
BELLINGHAM,5
BELLINGHAUSEN,5
BELLINGTIER,5
BELLINI,5
BELLINO,10
BELLION,5
BELLIPANNI,5
BELLIS,10
BELLISARIO,5
BELLISH,5
BELLISLE,5
BELLISTON,5
BELLITTI,5
BELLIVEAU,10
BELLIZZI,5
BELLMAN,10
BELLMAY,5
BELLMORE,5
BELLO,40
BELLOCCHIO,5
BELLOMA,5
BELLOMO,5
BELLOMY,10
BELLON,5
BELLONE,5
BELLOSO,5
BELLOTT,5
BELLOTTI,5
BELLOW,5
BELLOWS,20
BELLRICHARD,5
BELLS,5
BELLUCCI,5
BELLUE,5
BELLUOMINI,5
BELLUS,5
BELLUSCI,5
BELLUZ,5
BELLVILLE,5
BELMAN,5
BELMAREZ,5
BELMONT,10
BELMONTE,10
BELMORE,5
BELNAP,5
BELNAS,5
BELOATE,5
BELOFF,5
BELON,5
BELONE,5
BELONGER,5
BELONGIA,5
BELONGIE,5
BELONY,5
BELOTE,10
BELOTTI,5
BELOUS,5
BELOUSSON,5
BELOVS,5
BELOW,5
BELROSE,5
BELSCHER,5
BELSCHNER,5
BELSER,10
BELSEY,5
BELSHAW,5
BELSHEIM,5
BELSITO,5
BELSKI,5
BELSKY,5
BELSON,5
BELSTAD,5
BELT,40
BELTER,5
BELTON,30
BELTRAIN,5
BELTRAM,5
BELTRAME,5
BELTRAMI,5
BELTRAMO,5
BELTRAN,100
BELTRE,5
BELTRON,5
BELTS,5
BELTZ,10
BELUE,10
BELVEAL,5
BELVEES,5
BELVILLE,10
BELVIN,10
BELVINS,5
BELWOOD,5
BELYEA,5
BELYOUSSIAN,5
BELZ,10
BELZER,5
BELZUNG,5
BEMAN,5
BEMBEN,5
BEMBERRY,5
BEMBI,5
BEMBOOM,5
BEMBRY,10
BEMBURY,5
BEMENT,5
BEMER,5
BEMILLER,5
BEMIS,20
BEMISS,5
BEMO,5
BEMRICH,5
BEMROSE,5
BEN,10
BENA,5
BENABIDES,5
BENAC,5
BENACH,5
BENACK,5
BENADOM,5
BENAFIELD,5
BENAGE,5
BENAK,5
BENALLIE,5
BENALLY,20
BENAMATI,5
BENANTI,5
BENARD,10
BENARI,5
BENASHER,5
BENASSI,5
BENAUIDES,5
BENAVENTE,5
BENAVIDES,70
BENAVIDEZ,40
BENBENEK,5
BENBERRY,5
BENBOW,10
BENBROOK,5
BENCE,10
BENCH,10
BENCHOFF,5
BENCIVENGA,5
BENCK,5
BENCKENDORF,5
BENCOMO,10
BENCOSME,5
BEND,5
BENDA,10
BENDALL,5
BENDANA,5
BENDAS,5
BENDAVID,5
BENDEL,10
BENDELE,5
BENDELL,5
BENDER,140
BENDERMAN,5
BENDERS,5
BENDETTI,5
BENDICK,5
BENDICKSON,5
BENDIG,5
BENDING,5
BENDIS,5
BENDIT,5
BENDIX,5
BENDIXEN,5
BENDLAGE,5
BENDLE,5
BENDLER,5
BENDOLPH,5
BENDORF,5
BENDT,5
BENDTSEN,5
BENDU,5
BENDURE,5
BENDY,5
BENDZANS,5
BENDZUS,5
BENE,5
BENEAR,5
BENECKE,5
BENEDEK,5
BENEDETTI,10
BENEDETTO,10
BENEDICK,5
BENEDICT,60
BENEDICTO,5
BENEDITH,5
BENEDIX,5
BENEDUCE,5
BENEDUM,5
BENEFIEL,10
BENEFIELD,30
BENEJAN,5
BENEK,5
BENEKE,5
BENEKER,5
BENELL,5
BENENATI,5
BENES,10
BENESCH,5
BENESH,5
BENESTAD,5
BENET,5
BENETT,5
BENEUENTO,5
BENEVENTO,5
BENEVIDES,10
BENEZE,5
BENEZRA,5
BENFER,10
BENFIELD,20
BENFORD,20
BENGE,20
BENGEL,5
BENGELSDORF,5
BENGOCHIA,5
BENGSTON,5
BENGTSON,10
BENHAIM,5
BENHAM,20
BENIGNI,5
BENIGNO,5
BENIK,5
BENIKE,5
BENIMADHO,5
BENINATI,5
BENINATO,5
BENINCASA,5
BENINCASE,5
BENING,5
BENINTENDI,5
BENION,5
BENIQUEZ,5
BENISCHEK,5
BENISEK,5
BENISH,5
BENITES,10
BENITEZ,80
BENITO,10
BENITONE,5
BENITZ,5
BENJAMEN,5
BENJAMIN,140
BENJAMINE,5
BENJE,5
BENKE,5
BENKEN,5
BENKER,5
BENKERT,5
BENKO,5
BENKOSKY,5
BENN,20
BENNAFIELD,5
BENNAGE,5
BENNARD,5
BENNE,5
BENNEFIELD,5
BENNER,50
BENNERMAN,5
BENNERSON,5
BENNES,5
BENNET,20
BENNETH,5
BENNETT,990
BENNETTE,10
BENNETTS,5
BENNEY,5
BENNICE,5
BENNICK,5
BENNIE,5
BENNIGHT,5
BENNIN,5
BENNING,10
BENNINGER,10
BENNINGFIELD,10
BENNINGS,5
BENNINGTON,10
BENNINK,5
BENNION,5
BENNIS,5
BENNISON,5
BENNO,5
BENNS,5
BENNY,10
BENO,5
BENOFF,5
BENOIST,5
BENOIT,70
BENOY,5
BENS,5
BENSBERG,5
BENSCH,5
BENSCOTER,5
BENSE,5
BENSEN,10
BENSER,5
BENSHOOF,5
BENSING,5
BENSINGER,5
BENSKIN,5
BENSLEY,5
BENSMAN,5
BENSON,330
BENSTON,5
BENT,10
BENTANCOURT,5
BENTE,5
BENTELE,5
BENTHALL,5
BENTHAM,5
BENTHIN,5
BENTHUSEN,5
BENTIVEGNA,5
BENTLE,5
BENTLER,5
BENTLEY,150
BENTLY,10
BENTO,5
BENTON,160
BENTREM,5
BENTRUP,5
BENTSEN,5
BENTSON,5
BENTY,5
BENTZ,20
BENTZEN,5
BENTZINGER,5
BENULIS,5
BENUSA,5
BENVENUTI,5
BENVENUTO,5
BENWARC,5
BENWARD,5
BENWARE,5
BENWAY,5
BENWELL,5
BENYA,5
BENYAMIN,5
BENYARD,5
BENYO,5
BENZ,20
BENZANGO,5
BENZEE,5
BENZEL,5
BENZER,5
BENZI,5
BENZIE,5
BENZIGER,5
BENZING,5
BENZINGER,5
BENZSCHAWEL,5
BEOUGHER,5
BEPPU,5
BEQUETTE,10
BEQUILLARD,5
BERA,5
BERAN,10
BERANEK,5
BERARD,20
BERARDI,10
BERARDINELLI,5
BERARDINO,5
BERARDO,5
BERAS,5
BERAUN,5
BERBER,5
BERBEREIA,5
BERBERIAN,5
BERBERICH,5
BERBES,5
BERBIG,5
BERCEGEAY,5
BERCEIR,5
BERCH,5
BERCHER,5
BERCHIELLI,5
BERCIER,5
BERCZEL,5
BERCZY,5
BERDAHL,5
BERDAN,5
BERDAR,5
BERDECIA,5
BERDES,5
BERDIN,5
BERDINE,5
BERDUGO,5
BERDUX,5
BERDY,5
BEREDA,5
BEREN,5
BERENBAUM,5
BERENDS,10
BERENDT,5
BERENDZEN,5
BERENGER,5
BERENGUER,5
BERENS,10
BERENSCHOT,5
BERENSON,5
BERENT,5
BERENTSON,5
BERENTZ,5
BERES,10
BERESFORD,10
BERESIK,5
BERESKY,5
BERESNYAK,5
BEREY,5
BEREZ,5
BEREZNAK,5
BEREZNY,5
BERFIELD,5
BERG,160
BERGA,5
BERGAMI,5
BERGAMINE,5
BERGAMINI,5
BERGAMO,5
BERGAN,10
BERGANT,5
BERGANTZEL,5
BERGANZA,5
BERGARA,5
BERGDOLL,5
BERGDORF,5
BERGE,10
BERGEAUX,5
BERGEM,5
BERGEMAN,5
BERGEMANN,5
BERGEN,20
BERGENE,5
BERGENER,5
BERGENSTOCK,5
BERGENTY,5
BERGER,140
BERGERON,100
BERGERSON,10
BERGERT,5
BERGES,5
BERGESEN,5
BERGESON,10
BERGET,5
BERGEVIN,10
BERGEY,5
BERGFALK,5
BERGFELD,5
BERGFIELD,5
BERGGREN,10
BERGH,10
BERGHOLM,5
BERGHOLZ,5
BERGIN,20
BERGLAND,5
BERGLUND,10
BERGMAN,70
BERGMANN,20
BERGMARK,5
BERGMEIER,5
BERGMEYER,5
BERGNER,5
BERGO,5
BERGOLD,5
BERGOUIGNAN,5
BERGQUIST,10
BERGREEN,5
BERGREN,5
BERGSENG,5
BERGSJO,5
BERGSMA,5
BERGSMAN,5
BERGSTEDT,5
BERGSTEN,5
BERGSTRESSER,5
BERGSTROM,30
BERGUM,5
BERHALTER,5
BERHE,5
BERHOW,5
BERING,5
BERINGER,10
BERISFORD,5
BERISH,5
BERISHA,5
BERISHAJ,5
BERK,10
BERKA,5
BERKBIGLER,5
BERKE,10
BERKEBILE,5
BERKELEY,10
BERKEN,5
BERKENBILE,5
BERKERY,5
BERKEY,10
BERKHALTER,5
BERKHEIMER,5
BERKHIMER,5
BERKICH,5
BERKLEY,20
BERKMAN,10
BERKOFF,5
BERKOVICH,5
BERKOVITCH,5
BERKOVITZ,5
BERKOWITZ,20
BERKS,5
BERKSHIRE,5
BERKSON,5
BERKSTRESSER,5
BERKY,5
BERL,5
BERLACHER,5
BERLAND,5
BERLANDY,5
BERLANGA,10
BERLEY,5
BERLIEW,5
BERLIN,30
BERLINER,5
BERLING,5
BERLINGER,5
BERLINGERI,5
BERLINGHOF,5
BERLINGO,5
BERLINSKI,5
BERLO,5
BERLOVE,5
BERMAN,50
BERMEA,5
BERMEJO,5
BERMEL,5
BERMEO,5
BERMERS,5
BERMINGHAM,5
BERMUDES,10
BERMUDEZ,70
BERN,5
BERNA,5
BERNABE,10
BERNABEI,5
BERNABO,5
BERNACCHI,5
BERNACKI,5
BERNADETTE,5
BERNAL,90
BERNAND,5
BERNARD,150
BERNARDEZ,5
BERNARDI,10
BERNARDIN,5
BERNARDINI,10
BERNARDINO,10
BERNARDO,20
BERNARDON,5
BERNARDONI,5
BERNARDUCCI,5
BERNARDY,5
BERNAS,5
BERNASCONI,5
BERNAT,5
BERNATCHEZ,5
BERNATH,5
BERNATOWICZ,5
BERNAU,5
BERNAUDO,5
BERNBECK,5
BERND,5
BERNDSEN,5
BERNDT,20
BERNE,5
BERNECKER,5
BERNELL,5
BERNER,10
BERNERI,5
BERNES,5
BERNET,5
BERNETT,5
BERNEY,5
BERNHAGEN,5
BERNHARD,10
BERNHARDT,30
BERNHART,5
BERNHEIM,5
BERNI,5
BERNIARD,5
BERNICE,5
BERNICK,5
BERNIER,60
BERNIERI,5
BERNING,10
BERNINGER,5
BERNITSKY,5
BERNMEN,5
BERNO,5
BERNON,5
BERNOS,5
BERNOSKI,5
BERNOSKY,5
BERNOT,5
BERNOTAS,5
BERNS,10
BERNSEN,5
BERNSKOETTER,5
BERNSON,5
BERNSTEIN,60
BERNSTOCK,5
BERNSTROM,5
BERNT,5
BERNTSEN,5
BERNTSON,5
BERNUCHO,5
BERO,5
BERQUIST,5
BERRA,5
BERRAY,5
BERRELL,5
BERRET,5
BERRETH,5
BERRETT,5
BERRETTA,5
BERRETTI,5
BERREY,5
BERRI,5
BERRIAN,10
BERRIDGE,5
BERRIE,5
BERRIEN,5
BERRIER,10
BERRIGAN,5
BERRINGER,5
BERRIO,5
BERRIOS,40
BERROA,5
BERROCAL,5
BERRONES,5
BERRONG,5
BERROSPE,5
BERRY,560
BERRYHILL,20
BERRYMAN,30
BERS,5
BERSAMIN,5
BERSAW,5
BERSCH,5
BERSCHAUER,5
BERSHADSKY,5
BERSON,5
BERSTEIN,5
BERSTLER,5
BERT,5
BERTA,10
BERTAGNA,5
BERTAGNOLI,5
BERTAGNOLLI,5
BERTAINA,5
BERTALAN,5
BERTAO,5
BERTCH,5
BERTE,5
BERTEAU,5
BERTEL,5
BERTELLA,5
BERTELLE,5
BERTELS,5
BERTELSEN,5
BERTELSON,5
BERTEOTTI,5
BERTH,5
BERTHA,5
BERTHELETTE,5
BERTHELOT,10
BERTHELSEN,5
BERTHER,5
BERTHIAUME,10
BERTHOLD,10
BERTHOLF,5
BERTI,5
BERTIE,5
BERTIN,5
BERTINETTI,5
BERTINI,5
BERTINO,5
BERTKE,5
BERTLEY,5
BERTLING,5
BERTMAN,5
BERTO,5
BERTOG,5
BERTOLAMI,5
BERTOLASIO,5
BERTOLDO,5
BERTOLI,5
BERTOLINI,5
BERTOLINO,5
BERTON,5
BERTONCINI,5
BERTONE,5
BERTONI,5
BERTORELLI,5
BERTOT,5
BERTOTTI,5
BERTOVICH,5
BERTOZZI,5
BERTRAM,30
BERTRAN,5
BERTRAND,40
BERTRANO,5
BERTRUM,5
BERTSCH,10
BERTSCHE,5
BERTSCHY,5
BERTUCCI,5
BERTUS,5
BERTUZZI,5
BERUBE,40
BERULIE,5
BERUM,5
BERUMEN,10
BERVER,5
BERVIG,5
BERWALD,5
BERWICK,10
BERY,5
BERZAS,5
BERZINS,5
BERZUNZA,5
BESA,5
BESANCON,5
BESANSON,5
BESANT,5
BESARES,5
BESARRA,5
BESAW,10
BESCH,5
BESCHORNER,5
BESCO,5
BESEAU,5
BESECKER,5
BESEKE,5
BESEMER,5
BESEN,5
BESENDORFER,5
BESER,5
BESERRA,5
BESHARA,5
BESHAW,5
BESHEAR,5
BESHEARS,10
BESHERO,5
BESHERSE,5
BESHORE,5
BESIO,5
BESKA,5
BESKE,5
BESKOM,5
BESLER,5
BESLEY,5
BESNER,5
BESONG,5
BESS,50
BESSARD,5
BESSE,5
BESSEL,5
BESSELLIEU,5
BESSEMER,5
BESSENT,5
BESSER,10
BESSETTE,20
BESSEY,10
BESSICK,5
BESSINGER,5
BESSIRE,5
BESSIX,5
BESSLER,10
BESSMER,5
BESSO,5
BESSON,5
BESSONE,5
BEST,160
BESTE,5
BESTER,10
BESTINE,5
BESTON,5
BESTWICK,5
BESWICK,5
BETACOURT,5
BETAK,5
BETANCE,5
BETANCES,10
BETANCOURT,50
BETANCOURTH,5
BETANCUR,5
BETCHER,5
BETENBAUGH,5
BETENSON,5
BETESH,5
BETETA,5
BETH,5
BETHA,5
BETHANY,5
BETHARD,5
BETHAY,5
BETHEA,40
BETHEL,30
BETHELL,5
BETHERS,5
BETHEY,5
BETHKE,5
BETHLEY,5
BETHONEY,5
BETHUNE,10
BETHUREM,5
BETHURUM,5
BETIT,5
BETITA,5
BETKER,5
BETO,5
BETRAN,5
BETRY,5
BETSCH,5
BETSCHART,5
BETSCHMAN,5
BETSILL,5
BETSINGER,5
BETSON,5
BETTCHER,5
BETTENCOURT,20
BETTENDORF,5
BETTENHAUSEN,5
BETTER,5
BETTERIDGE,5
BETTERLEY,5
BETTERMAN,5
BETTERS,5
BETTERTON,5
BETTES,5
BETTHAUSER,5
BETTI,5
BETTIES,5
BETTIN,5
BETTINGER,5
BETTINI,5
BETTINO,5
BETTINSON,5
BETTIS,20
BETTLE,5
BETTLEY,5
BETTMAN,5
BETTNER,5
BETTON,10
BETTRIDGE,5
BETTS,90
BETTY,10
BETZ,30
BETZEL,5
BETZEN,5
BETZER,5
BETZIG,5
BETZLER,5
BETZNER,5
BETZOLD,5
BEU,5
BEUCHAT,5
BEUCHLER,5
BEUCKE,5
BEUCLER,5
BEUERLE,5
BEUKELMAN,5
BEUKEMA,5
BEUL,5
BEULAH,5
BEUMER,5
BEURSKENS,5
BEUS,10
BEUSE,5
BEUTE,5
BEUTEL,5
BEUTER,5
BEUTH,5
BEUTHER,5
BEUTHIN,5
BEUTLER,5
BEUTNAGEL,5
BEUTTEL,5
BEVACQUA,5
BEVAN,10
BEVANS,5
BEVARD,5
BEVEL,5
BEVELACQUA,5
BEVELL,5
BEVELLE,5
BEVELS,5
BEVENS,5
BEVER,10
BEVERAGE,10
BEVERIDGE,20
BEVERLEY,5
BEVERLIN,5
BEVERLY,60
BEVERS,10
BEVEVINO,5
BEVIER,5
BEVIL,5
BEVILACQUA,10
BEVILAQUA,5
BEVILL,10
BEVILLE,5
BEVINGTON,5
BEVINS,30
BEVIS,10
BEVLY,5
BEW,5
BEWICK,5
BEWIG,5
BEWLEY,10
BEX,5
BEY,20
BEYAH,5
BEYAL,5
BEYALE,5
BEYDA,5
BEYDLER,5
BEYDOUN,5
BEYEA,5
BEYENE,5
BEYER,60
BEYERL,5
BEYERLEIN,5
BEYERS,10
BEYERSDORF,5
BEYETT,5
BEYKE,5
BEYL,5
BEYLOTTE,5
BEYNON,5
BEYRER,5
BEYSER,5
BEYT,5
BEZ,5
BEZA,5
BEZAK,5
BEZANSON,10
BEZDICEK,5
BEZENEK,5
BEZIO,5
BEZNER,5
BEZZO,5
BHAGAT,5
BHAIRO,5
BHAKTA,10
BHALLA,5
BHAMARANIYAMA,5
BHAN,5
BHANDARI,5
BHARDWAJ,5
BHASKAR,5
BHAT,5
BHATIA,10
BHATNAGAR,5
BHATT,10
BHATTACHARYA,5
BHATTI,5
BHAYANI,5
BHOLA,5
BHULLAR,5
BI,5
BIA,5
BIAFORE,5
BIAGAS,5
BIAGI,5
BIAGINI,5
BIAGIONI,5
BIALAS,5
BIALASZEWSKI,5
BIALCZYK,5
BIALECKI,5
BIALEK,5
BIALIK,5
BIALKE,5
BIALY,5
BIAMONTE,5
BIANCA,5
BIANCANIELLO,5
BIANCARDI,5
BIANCHI,20
BIANCHIN,5
BIANCHINI,5
BIANCO,20
BIANCUZZO,5
BIANGONE,5
BIARD,5
BIAS,20
BIASE,5
BIASI,5
BIASOTTI,5
BIASTOCK,5
BIAVA,5
BIBB,10
BIBBER,5
BIBBINS,10
BIBBS,20
BIBBY,10
BIBEAU,10
BIBEE,5
BIBEL,5
BIBER,5
BIBIAN,5
BIBIANO,5
BIBILONI,5
BIBLE,30
BIBLER,10
BIBLES,5
BIBO,5
BIBY,5
BICA,5
BICCUM,5
BICE,20
BICEK,5
BICHEL,5
BICHLER,5
BICHOFF,5
BICHOUPAN,5
BICHREST,5
BICHSEL,5
BICK,5
BICKART,5
BICKEL,20
BICKELHAUPT,5
BICKELL,5
BICKER,5
BICKERS,5
BICKERSTAFF,10
BICKERTON,5
BICKES,5
BICKET,5
BICKETT,5
BICKFORD,30
BICKHAM,10
BICKING,5
BICKLE,5
BICKLEIN,5
BICKLEMAN,5
BICKLER,5
BICKLEY,10
BICKMAN,5
BICKMORE,5
BICKNASE,5
BICKNELL,10
BICKNESE,5
BICKSLER,5
BIDDICK,5
BIDDIE,5
BIDDING,5
BIDDINGER,5
BIDDISCOMBE,5
BIDDIX,5
BIDDLE,40
BIDDLECOME,5
BIDDLEMAN,5
BIDDULPH,5
BIDDY,5
BIDEAUX,5
BIDELL,5
BIDERMAN,5
BIDEZ,5
BIDGOOD,5
BIDLACK,5
BIDLE,5
BIDNER,5
BIDON,5
BIDROWSKI,5
BIDSTRUP,5
BIDWELL,20
BIEBEL,5
BIEBER,20
BIEBERLE,5
BIEDEKAPP,5
BIEDENBENDER,5
BIEDERMAN,5
BIEDERMANN,5
BIEDERWOLF,5
BIEDRZYCKI,5
BIEGEL,5
BIEGLER,5
BIEHL,10
BIEHLE,5
BIEHN,5
BIEKER,10
BIEL,10
BIELAK,5
BIELAT,5
BIELAWSKI,5
BIELBY,5
BIELE,5
BIELEC,5
BIELECKI,10
BIELEFELD,5
BIELEFELDT,5
BIELEFIELD,5
BIELER,5
BIELICKI,5
BIELIK,5
BIELINSKI,5
BIELKE,5
BIELLO,5
BIELSER,5
BIELSKI,5
BIEMER,5
BIEN,10
BIENEK,5
BIENENSTOCK,5
BIENER,5
BIENFANG,5
BIENIEK,5
BIENKOWSKI,5
BIENVENU,5
BIENVENUE,5
BIER,10
BIERBAUM,5
BIERBOWER,5
BIERBRAUER,5
BIERCE,5
BIERER,5
BIERI,5
BIERKORTTE,5
BIERL,5
BIERLE,5
BIERLEIN,5
BIERLEY,5
BIERLY,5
BIERMAN,20
BIERMANN,10
BIERNACKI,5
BIERNAT,5
BIERNER,5
BIEROD,5
BIERSACK,5
BIERSCHBACH,5
BIERSNER,5
BIERSTEDT,5
BIERUT,5
BIERWAGEN,5
BIERWIRTH,5
BIERY,5
BIES,5
BIESCHKE,5
BIESECKER,5
BIESENTHAL,5
BIESHEUVEL,5
BIESINGER,5
BIETSCH,5
BIEVENUE,5
BIEVER,5
BIEWALD,5
BIEZ,5
BIFFAR,5
BIFFER,5
BIFFLE,5
BIG,10
BIGALK,5
BIGAS,5
BIGAUD,5
BIGBEE,5
BIGBY,10
BIGDA,5
BIGELOW,40
BIGFORD,5
BIGG,5
BIGGAR,5
BIGGARD,5
BIGGART,5
BIGGER,10
BIGGERS,10
BIGGERSTAFF,10
BIGGINS,10
BIGGIO,5
BIGGS,80
BIGHAM,20
BIGHORSE,5
BIGIO,5
BIGLER,20
BIGLEY,10
BIGLIN,5
BIGLOW,5
BIGNALL,5
BIGNELL,5
BIGNESS,5
BIGNEY,5
BIGONY,5
BIGOS,5
BIGSBY,5
BIGUS,5
BIGUSIAK,5
BIGWOOD,5
BIHARI,5
BIHL,5
BIHLER,5
BIHM,5
BIJAN,5
BIJOU,5
BILA,5
BILAGODY,5
BILAL,5
BILANSKY,5
BILAZZO,5
BILBAO,5
BILBERRY,5
BILBO,10
BILBREW,5
BILBREY,10
BILBRO,5
BILBY,5
BILCHAK,5
BILCIK,5
BILD,5
BILDEN,5
BILDER,5
BILDERBACK,10
BILE,5
BILECKI,5
BILEK,5
BILELLO,5
BILER,5
BILES,10
BILEY,5
BILGER,10
BILICH,5
BILINSKI,5
BILIS,5
BILKA,5
BILKISS,5
BILL,20
BILLA,5
BILLAFUERTE,5
BILLARD,5
BILLE,5
BILLEAUDEAU,5
BILLECK,5
BILLEGAS,5
BILLEN,5
BILLER,10
BILLERBECK,5
BILLESBACH,5
BILLET,5
BILLETER,5
BILLETT,5
BILLEY,5
BILLHEIMER,5
BILLIAR,5
BILLICK,5
BILLIE,10
BILLIEL,5
BILLIET,5
BILLIG,5
BILLIGMEIER,5
BILLING,5
BILLINGER,5
BILLINGHAM,5
BILLINGHURST,5
BILLINGS,90
BILLINGSBY,5
BILLINGSLEA,5
BILLINGSLEY,50
BILLINGSLY,5
BILLINGTON,20
BILLINSLEY,5
BILLIOT,30
BILLIOTT,5
BILLIPS,10
BILLITER,5
BILLMAN,10
BILLO,5
BILLOCK,5
BILLON,5
BILLOPS,5
BILLOT,5
BILLOTTE,5
BILLOTTI,5
BILLOW,5
BILLS,40
BILLUE,5
BILLUPS,40
BILLUS,5
BILLY,10
BILODEAU,30
BILOTTA,5
BILOTTI,5
BILOTTO,5
BILOUS,5
BILSBOROUGH,5
BILSKI,10
BILSON,5
BILTON,5
BILTZ,5
BILYEU,10
BIMLER,5
BINA,5
BINAM,5
BINDAS,5
BINDEL,5
BINDER,40
BINDERUP,5
BINDRUP,5
BINEAU,5
BINEGAR,5
BINES,5
BINET,5
BINETTE,10
BINETTI,5
BINFORD,10
BING,20
BINGAMAN,10
BINGAMON,5
BINGER,5
BINGERT,5
BINGGELI,5
BINGHAM,100
BINGLE,5
BINGLER,5
BINGLEY,5
BINGMAN,10
BINIENDA,5
BININGER,5
BINION,20
BINK,5
BINKER,5
BINKERD,5
BINKIEWICZ,5
BINKLEY,30
BINKOWSKI,5
BINKS,5
BINN,5
BINNER,5
BINNEY,5
BINNICKER,5
BINNIE,5
BINNING,5
BINNS,20
BINSFELD,5
BINSTOCK,5
BINTLIFF,5
BINTNER,5
BINTZ,5
BINZ,5
BIO,5
BIONDA,5
BIONDI,10
BIONDO,10
BIONDOLILLO,5
BIORKMAN,5
BIPPUS,5
BIR,5
BIRAK,5
BIRCH,40
BIRCHALL,5
BIRCHARD,5
BIRCHER,5
BIRCHETT,5
BIRCHFIELD,20
BIRCHLER,5
BIRCHWOOD,5
BIRCKBICHLER,5
BIRCKETT,5
BIRCKHEAD,5
BIRD,120
BIRDEN,5
BIRDETTE,5
BIRDIN,5
BIRDINE,5
BIRDINGROUND,5
BIRDO,5
BIRDON,5
BIRDOW,5
BIRDSALL,10
BIRDSELL,10
BIRDSEY,5
BIRDSONG,20
BIRDTAIL,5
BIRDWELL,10
BIRELY,5
BIREN,5
BIRENBAUM,5
BIRES,5
BIRGE,10
BIRINGER,5
BIRK,10
BIRKELAND,5
BIRKENHAGEN,5
BIRKENHEAD,5
BIRKENHOLZ,5
BIRKENMEIER,5
BIRKES,5
BIRKETT,5
BIRKEY,5
BIRKHEAD,5
BIRKHIMER,5
BIRKHOLZ,10
BIRKLAND,10
BIRKLID,5
BIRKLINE,5
BIRKMAIER,5
BIRKNER,5
BIRKS,5
BIRKY,5
BIRLEY,5
BIRMAN,5
BIRMINGHAM,20
BIRNBAUM,10
BIRNBERG,5
BIRNELL,5
BIRNER,5
BIRNEY,10
BIRNIE,5
BIRO,5
BIRON,10
BIRONAS,5
BIROS,5
BIRR,5
BIRRELL,5
BIRRITTELLA,5
BIRRUETA,5
BIRSNER,5
BIRT,10
BIRTCHER,5
BIRTHWRIGHT,5
BIRTON,5
BIRTS,5
BIRTWELL,5
BIS,5
BISACCIA,5
BISAGNA,5
BISAILLON,5
BISANZ,5
BISARD,5
BISARRA,5
BISBEE,10
BISBY,5
BISCAHALL,5
BISCARDI,5
BISCARI,5
BISCARO,5
BISCEGLIA,5
BISCH,5
BISCHEL,5
BISCHKE,5
BISCHOF,10
BISCHOFF,20
BISCOCHO,5
BISCOE,10
BISCONER,5
BISE,10
BISEL,5
BISER,5
BISESI,5
BISGES,5
BISH,20
BISHARD,5
BISHEL,5
BISHER,5
BISHOFF,5
BISHOP,480
BISHOPP,5
BISI,5
BISIGNANO,5
BISIKIRSKI,5
BISIO,5
BISKACH,5
BISKER,5
BISKING,5
BISKUP,5
BISOGNO,5
BISOM,5
BISON,5
BISONETTE,5
BISONO,5
BISPHAM,5
BISPING,5
BISS,5
BISSADA,5
BISSEGGER,5
BISSEL,5
BISSELL,20
BISSEN,5
BISSET,5
BISSETT,10
BISSETTE,10
BISSO,5
BISSOL,5
BISSON,30
BISSONETTE,10
BISSONNETTE,20
BISTER,5
BISTLINE,5
BISTODEAU,5
BITAH,5
BITAR,5
BITETTO,5
BITLER,5
BITNER,10
BITONTI,5
BITSKO,5
BITSUI,5
BITSUIE,5
BITTEL,5
BITTENBENDER,5
BITTER,10
BITTERMAN,5
BITTERS,5
BITTICK,5
BITTING,10
BITTINGER,10
BITTLE,10
BITTMAN,5
BITTNER,30
BITTO,5
BITTON,5
BITZ,5
BITZEL,5
BITZENHOFER,5
BITZER,5
BIVANS,5
BIVEN,5
BIVENS,40
BIVIANO,5
BIVIN,5
BIVINGS,5
BIVINS,30
BIVONA,10
BIXBY,20
BIXEL,5
BIXLER,20
BIZARRO,5
BIZCASSA,5
BIZIER,5
BIZUB,5
BIZZARD,5
BIZZARO,5
BIZZELL,10
BIZZLE,5
BJELLA,5
BJELLAND,5
BJERK,5
BJERKE,5
BJERKEN,5
BJERKNES,5
BJORGEN,5
BJORK,10
BJORKLUND,10
BJORKMAN,5
BJORKQUIST,5
BJORLIN,5
BJORN,5
BJORNBERG,5
BJORNSON,5
BJORNSTAD,5
BJORNSTROM,5
BJORSETH,5
BLACH,5
BLACHE,5
BLACHER,5
BLACHLY,5
BLACHOWSKI,5
BLACIO,5
BLACK,630
BLACKABY,5
BLACKARD,5
BLACKBIRD,5
BLACKBUM,5
BLACKBURN,160
BLACKER,10
BLACKERBY,5
BLACKETER,5
BLACKETT,5
BLACKFORD,20
BLACKGOAT,5
BLACKHAM,5
BLACKHURST,5
BLACKIE,5
BLACKINGTON,5
BLACKLEDGE,10
BLACKLER,5
BLACKLEY,5
BLACKLOCK,5
BLACKMAN,70
BLACKMAR,5
BLACKMER,10
BLACKMON,80
BLACKMOND,5
BLACKMOORE,5
BLACKMORE,10
BLACKNALL,5
BLACKNER,5
BLACKSHEAR,20
BLACKSHER,5
BLACKSHIRE,10
BLACKSMITH,5
BLACKSON,5
BLACKSTAD,5
BLACKSTAR,5
BLACKSTOCK,20
BLACKSTON,10
BLACKSTONE,10
BLACKWALL,5
BLACKWATER,5
BLACKWELDER,10
BLACKWELL,190
BLACKWOOD,30
BLACOCK,5
BLAD,5
BLADA,5
BLADE,10
BLADEN,5
BLADES,10
BLADT,5
BLADY,5
BLAESE,5
BLAESER,5
BLAFIELD,5
BLAGG,10
BLAGMAN,5
BLAHA,10
BLAHNIK,5
BLAHO,5
BLAICH,5
BLAIDA,5
BLAILOCK,5
BLAIN,20
BLAINE,30
BLAIR,300
BLAIRE,5
BLAIS,30
BLAISDELL,20
BLAISE,10
BLAIZE,5
BLAKE,280
BLAKEBOROUGH,5
BLAKELEY,10
BLAKELOCK,5
BLAKELY,50
BLAKEMAN,10
BLAKEMORE,10
BLAKENEY,20
BLAKENSHIP,5
BLAKER,10
BLAKES,10
BLAKESLEE,10
BLAKESLEY,5
BLAKEWAY,5
BLAKEY,10
BLAKLEY,10
BLAKNEY,10
BLAKSTAD,5
BLALACK,5
BLALOCK,60
BLAMER,5
BLAN,5
BLANC,10
BLANCA,5
BLANCARTE,5
BLANCAS,5
BLANCATO,5
BLANCETT,5
BLANCH,10
BLANCHARD,160
BLANCHE,10
BLANCHET,5
BLANCHETT,5
BLANCHETTE,30
BLANCHFIELD,5
BLANCK,5
BLANCO,80
BLAND,120
BLANDA,5
BLANDER,5
BLANDFORD,10
BLANDIN,5
BLANDING,20
BLANDINO,5
BLANDO,5
BLANDON,10
BLANDY,5
BLANE,10
BLANEY,10
BLANFORD,10
BLANGA,5
BLANK,60
BLANKE,5
BLANKEN,5
BLANKENBAKER,5
BLANKENBECKLE,5
BLANKENBECLER,5
BLANKENBERG,5
BLANKENBURG,5
BLANKENSHIP,190
BLANKINSHIP,10
BLANKLEY,5
BLANKO,5
BLANKS,20
BLANKSCHAN,5
BLANKSHIP,5
BLANKUMSEE,5
BLANN,5
BLANNON,5
BLANQUART,5
BLANQUET,5
BLANSCET,5
BLANSETT,10
BLANTON,110
BLANZY,5
BLARE,5
BLAS,10
BLASCHKE,5
BLASCO,5
BLASE,5
BLASEN,5
BLASENGAME,5
BLASENHAUER,5
BLASER,10
BLASETTI,5
BLASH,5
BLASHAK,5
BLASI,5
BLASING,5
BLASINGAME,10
BLASINGIM,5
BLASINI,5
BLASIUS,5
BLASKE,5
BLASKI,5
BLASKO,10
BLASKOVICH,5
BLASL,5
BLASS,10
BLASSINGAME,10
BLASZ,5
BLASZAK,5
BLASZCZYK,5
BLATCHFORD,5
BLATCHLEY,5
BLATHERWICK,5
BLATNICK,5
BLATNIK,5
BLATT,10
BLATTEAU,5
BLATTEL,5
BLATTER,5
BLATTI,5
BLATTLER,5
BLATTNER,5
BLATZ,5
BLAU,10
BLAUCH,5
BLAUM,5
BLAUMAN,5
BLAUSER,10
BLAUSEY,5
BLAUSTEIN,5
BLAUVELT,10
BLAUW,5
BLAXLAND,5
BLAY,10
BLAYDES,5
BLAYDON,5
BLAYLOCK,30
BLAYNEY,5
BLAZE,10
BLAZEJEWSKI,5
BLAZEK,10
BLAZER,10
BLAZICH,5
BLAZIER,5
BLAZINA,5
BLAZING,5
BLAZON,5
BLAZOSKY,5
BLEA,10
BLEACHER,5
BLEAK,5
BLEAKLEY,5
BLEAKNEY,5
BLEASDALE,5
BLEATTLER,5
BLEAU,10
BLEAZARD,5
BLECHA,10
BLECHINGER,5
BLECHMAN,5
BLECK,5
BLECKER,5
BLEDSAW,5
BLEDSOE,70
BLEE,5
BLEECK,5
BLEECKER,5
BLEEKER,5
BLEGEN,5
BLEGGI,5
BLEHM,5
BLEICH,10
BLEICHER,5
BLEICHNER,5
BLEIER,5
BLEIFUS,5
BLEILE,5
BLEILER,5
BLEIMEHL,5
BLEININGER,5
BLEIWEISS,5
BLEM,5
BLEMEL,5
BLEND,5
BLENDEN,5
BLENDER,5
BLENKER,5
BLENMAN,5
BLENNER,5
BLESER,5
BLESH,5
BLESOFSKY,5
BLESS,5
BLESSETT,5
BLESSING,20
BLESSINGER,5
BLESSMAN,5
BLETHEN,5
BLETTE,5
BLEVANS,5
BLEVENS,5
BLEVINS,160
BLEW,5
BLEWETT,10
BLEWITT,5
BLEWS,5
BLEY,5
BLEYER,5
BLEYL,5
BLEYTHING,5
BLICE,5
BLICK,5
BLICKEM,5
BLICKENSTAFF,5
BLICKER,5
BLIDE,5
BLIEK,5
BLIER,5
BLIESE,5
BLIGEN,5
BLIGHT,5
BLIHOVDE,5
BLILER,5
BLIMKA,5
BLINCOE,5
BLIND,10
BLINDT,5
BLINE,5
BLINEBRY,5
BLINKA,5
BLINKS,5
BLINN,5
BLINSTON,5
BLINT,5
BLISH,5
BLISKE,5
BLISS,70
BLISSET,5
BLISSETT,5
BLITCH,5
BLITZ,5
BLIVEN,5
BLIXT,5
BLIZARD,5
BLIZZARD,20
BLOCH,10
BLOCHBERGER,5
BLOCHER,10
BLOCK,70
BLOCKER,40
BLOCKETT,5
BLOCKLINGER,5
BLOCKMON,5
BLOCZYNSKI,5
BLODGETT,40
BLOEBAUM,5
BLOEDEL,5
BLOEM,5
BLOEMER,5
BLOEMKER,5
BLOES,5
BLOESER,5
BLOGG,5
BLOHM,10
BLOIS,5
BLOISE,5
BLOK,5
BLOM,10
BLOMBERG,10
BLOMDAHL,5
BLOME,5
BLOMGREN,5
BLOMKER,5
BLOMME,5
BLOMMEL,5
BLOMMER,5
BLOMQUIST,10
BLOMSTRAND,5
BLOMSTROM,5
BLONDEAU,5
BLONDELL,5
BLONDER,5
BLONDIN,5
BLONG,5
BLONIGAN,5
BLONSKY,5
BLOOD,20
BLOODGOOD,5
BLOODOUGH,5
BLOODSAW,5
BLOODSWORTH,5
BLOODWORTH,10
BLOOM,90
BLOOMBERG,10
BLOOME,5
BLOOMER,20
BLOOMFIELD,20
BLOOMGREN,5
BLOOMINGDALE,5
BLOOMQUIST,10
BLOOMSBURG,5
BLOOMSTRAND,5
BLOOMSTROM,5
BLOOR,5
BLORE,5
BLOSCHICHAK,5
BLOSE,10
BLOSFIELD,5
BLOSS,10
BLOSSER,10
BLOSSOM,10
BLOSSOMGAME,5
BLOTSKY,5
BLOTT,5
BLOTTER,5
BLOUGH,10
BLOUIN,10
BLOUIR,5
BLOUNT,80
BLOVIN,5
BLOW,20
BLOWE,5
BLOWER,5
BLOWERS,5
BLOXHAM,5
BLOXOM,5
BLOXSOM,5
BLOYD,5
BLOYE,5
BLOYER,5
BLUBAUGH,10
BLUDWORTH,5
BLUE,110
BLUEL,5
BLUEMEL,5
BLUESTEIN,5
BLUETT,5
BLUFORD,10
BLUHM,10
BLUITT,5
BLUM,60
BLUMA,5
BLUMBERG,10
BLUME,20
BLUMENBERG,5
BLUMENFELD,5
BLUMENKRANTZ,5
BLUMENKRANZ,5
BLUMENSCHEIN,5
BLUMENSTEIN,5
BLUMENSTOCK,5
BLUMENTHAL,10
BLUMER,10
BLUMHARDT,5
BLUMING,5
BLUMKIN,5
BLUMSTEIN,5
BLUNDELL,5
BLUNDEN,5
BLUNDO,5
BLUNK,5
BLUNKALL,5
BLUNT,40
BLURTON,5
BLUSH,5
BLUST,5
BLUTE,5
BLUTH,5
BLUTO,5
BLY,20
BLYDEN,5
BLYE,5
BLYLER,5
BLYSTONE,5
BLYTH,5
BLYTHE,30
BLYTHER,5
BLYZE,5
BLYZES,5
BO,5
BOADWAY,5
BOADY,5
BOAHN,5
BOAK,5
BOAKYE,5
BOAL,5
BOALDIN,5
BOALS,5
BOAMAH,5
BOAN,10
BOANE,5
BOARD,20
BOARDLEY,5
BOARDMAN,20
BOARDS,5
BOARDWAY,5
BOARDWINE,5
BOARMAN,5
BOARTS,5
BOAS,5
BOAST,5
BOATENG,5
BOATFIELD,5
BOATMAN,20
BOATNER,10
BOATRIGHT,30
BOATWRIGHT,30
BOAZ,10
BOB,10
BOBACK,5
BOBADILLA,10
BOBAK,5
BOBB,10
BOBBETT,5
BOBBIT,5
BOBBITT,30
BOBBS,5
BOBBY,10
BOBE,5
BOBECK,5
BOBEK,5
BOBEN,5
BOBER,10
BOBERG,5
BOBET,5
BOBIAN,5
BOBIC,5
BOBIER,5
BOBINO,5
BOBKO,5
BOBLAK,5
BOBLETT,5
BOBLITT,5
BOBO,40
BOBOLA,5
BOBOWIEC,5
BOBROSKY,5
BOBROW,5
BOBROWSKI,5
BOBSEINE,5
BOBSIN,5
BOBSON,5
BOBST,5
BOBZIEN,5
BOCAGE,5
BOCANEGRA,10
BOCCANFUSO,5
BOCCARD,5
BOCCELLA,5
BOCCHI,5
BOCCHICCHIO,5
BOCCHIERI,5
BOCCHINI,5
BOCCHINO,5
BOCCI,5
BOCCIA,5
BOCCIO,5
BOCEK,5
BOCH,5
BOCHAT,5
BOCHE,5
BOCHEK,5
BOCHENEK,5
BOCHENSKI,5
BOCHES,5
BOCHICCHIO,5
BOCHNER,5
BOCK,40
BOCKELMAN,5
BOCKELMANN,5
BOCKEMEHL,5
BOCKENKAMP,5
BOCKENSTEDT,5
BOCKER,5
BOCKHORN,5
BOCKHORST,5
BOCKLAGE,5
BOCKLUND,5
BOCKMAN,10
BOCKOVEN,5
BOCKOVER,5
BOCKRATH,5
BOCKSKOPF,5
BOCLAIR,5
BOCOCK,5
BOCOOK,5
BOCSKOR,5
BOCZAR,5
BODA,5
BODAH,5
BODAK,5
BODAMER,5
BODARY,5
BODAY,5
BODDA,5
BODDEKER,5
BODDEN,10
BODDIE,20
BODDORF,5
BODDY,10
BODE,20
BODELL,5
BODELSON,5
BODEMANN,5
BODEN,10
BODENHAGEN,5
BODENHAMER,10
BODENHEIMER,5
BODENSCHATZ,5
BODENSTEIN,5
BODENSTEINER,5
BODERICK,5
BODEY,5
BODFISH,5
BODFORD,5
BODI,5
BODIE,10
BODIFORD,10
BODILY,10
BODIN,10
BODINE,10
BODIROGA,5
BODISON,5
BODKIN,10
BODKINS,5
BODLE,5
BODLEY,5
BODMAN,5
BODNAR,10
BODNER,10
BODO,5
BODON,5
BODOR,5
BODOVSKY,5
BODREAU,5
BODREY,5
BODRICK,5
BODWAY,5
BODWELL,5
BODWIN,5
BODY,10
BODYFELT,5
BODZIONY,5
BOE,10
BOEBINGER,5
BOECK,5
BOECKER,5
BOECKMANN,5
BOECKX,5
BOEDECKER,5
BOEDEKER,5
BOEDING,10
BOEGE,5
BOEGEL,5
BOEGER,5
BOEH,5
BOEHL,5
BOEHLAR,5
BOEHLE,5
BOEHLER,5
BOEHLKE,5
BOEHM,30
BOEHMAN,5
BOEHME,10
BOEHMER,10
BOEHMKE,5
BOEHNE,5
BOEHNER,5
BOEHNING,5
BOEHNKE,5
BOEHNLEIN,5
BOEHRINGER,5
BOEKE,5
BOEKELMAN,5
BOEKEN,5
BOEKHOUT,5
BOELE,5
BOELK,5
BOELKE,5
BOELSCHE,5
BOELTER,10
BOEMER,5
BOEMIG,5
BOEN,5
BOENDER,5
BOENEKE,5
BOENIG,5
BOENING,5
BOENISCH,5
BOENSCH,5
BOEPPLE,5
BOER,10
BOERA,5
BOERBOOM,5
BOERGER,10
BOERI,5
BOERM,5
BOERMA,5
BOERNER,10
BOERO,5
BOERS,5
BOERSMA,5
BOERST,5
BOERSTLER,5
BOES,10
BOESCH,5
BOESE,10
BOESEL,5
BOESEN,5
BOESENBERG,5
BOESENHOFER,5
BOESER,5
BOESHORE,5
BOESIGER,5
BOESON,5
BOESPFLUG,5
BOETCHER,5
BOETTCHER,30
BOETTGER,5
BOETTNER,5
BOEVE,5
BOEVER,5
BOEVERS,5
BOEVING,5
BOEY,5
BOFFA,5
BOFINGER,5
BOGA,5
BOGACKI,5
BOGACZ,5
BOGAERT,5
BOGAN,30
BOGANY,5
BOGAR,10
BOGARD,10
BOGARDUS,5
BOGART,20
BOGATAY,5
BOGATITUS,5
BOGDA,5
BOGDAN,10
BOGDANOVICH,5
BOGDANSKI,5
BOGDEN,5
BOGDON,5
BOGE,5
BOGEL,5
BOGEMA,5
BOGEN,10
BOGENSCHNEIDE,5
BOGENSCHUTZ,5
BOGER,20
BOGERT,10
BOGG,5
BOGGAN,10
BOGGESS,20
BOGGI,5
BOGGIANO,5
BOGGIO,5
BOGGIONI,5
BOGGS,120
BOGGUESS,5
BOGGUS,5
BOGH,5
BOGHOSIAN,5
BOGHOSSIAN,5
BOGIE,5
BOGIN,5
BOGLE,20
BOGLIOLI,5
BOGNAR,5
BOGNER,10
BOGNUDA,5
BOGOSH,5
BOGREN,5
BOGUCKI,5
BOGUE,10
BOGUMIL,5
BOGUS,5
BOGUST,5
BOGUT,5
BOHAC,5
BOHALL,5
BOHAM,5
BOHAN,10
BOHANAN,10
BOHANNAN,10
BOHANNON,40
BOHANON,10
BOHART,5
BOHATY,5
BOHINC,5
BOHL,10
BOHLAND,5
BOHLANDER,5
BOHLEN,5
BOHLER,10
BOHLEY,5
BOHLIG,5
BOHLING,5
BOHLINGER,5
BOHLKE,5
BOHLKEN,5
BOHLMAN,5
BOHLMANN,5
BOHLSEN,5
BOHM,10
BOHMAN,10
BOHMANN,5
BOHMER,5
BOHMKER,5
BOHN,30
BOHNE,5
BOHNEN,5
BOHNENBLUST,5
BOHNENKAMP,5
BOHNER,10
BOHNERT,10
BOHNET,5
BOHNEY,5
BOHNKER,5
BOHNSACK,10
BOHO,5
BOHOL,5
BOHON,10
BOHONIK,5
BOHORQUEZ,5
BOHR,10
BOHREN,5
BOHRER,10
BOHRINGER,5
BOHRMAN,5
BOHRN,5
BOHS,5
BOIANI,5
BOICE,10
BOID,5
BOIE,5
BOIES,5
BOIKE,5
BOILARD,5
BOILEAU,5
BOILES,5
BOILLOT,5
BOIN,5
BOIS,5
BOISCLAIR,5
BOISE,5
BOISEN,5
BOISER,5
BOISJOLIE,5
BOISLARD,5
BOISSE,5
BOISSEAU,5
BOISSELLE,5
BOISSONEAULT,5
BOISSONNAULT,5
BOISSONNEAULT,10
BOISSY,5
BOISUERT,5
BOISVERT,30
BOITEL,5
BOITNOTT,5
BOIVIN,10
BOJANOWSKI,5
BOJE,5
BOJKO,5
BOJORQUEZ,20
BOK,5
BOKAL,5
BOKANOVICH,5
BOKEN,5
BOKER,5
BOKLUND,5
BOKMAN,5
BOKOR,5
BOLADO,5
BOLAN,10
BOLAND,30
BOLANDER,10
BOLANOS,20
BOLANTE,5
BOLAR,5
BOLAY,5
BOLCH,5
BOLD,10
BOLDA,5
BOLDE,5
BOLDEN,110
BOLDENOW,5
BOLDER,5
BOLDERY,5
BOLDIN,5
BOLDING,20
BOLDIZSAR,5
BOLDMAN,5
BOLDON,5
BOLDOSSER,5
BOLDRIN,5
BOLDS,10
BOLDT,10
BOLDUAN,5
BOLDUC,40
BOLDUE,5
BOLDUL,5
BOLDWYN,5
BOLE,5
BOLEBRUCH,5
BOLEJACK,5
BOLEK,5
BOLEN,30
BOLENBAUGH,5
BOLENDER,5
BOLER,10
BOLERJACK,5
BOLES,60
BOLEVICE,5
BOLEWARE,5
BOLEY,10
BOLEYN,5
BOLF,5
BOLFA,5
BOLGER,10
BOLIAN,5
BOLICH,5
BOLICK,20
BOLIEK,5
BOLIEU,5
BOLIG,5
BOLIN,50
BOLINDER,5
BOLINE,5
BOLING,40
BOLINGER,20
BOLINS,5
BOLINSKY,5
BOLIO,5
BOLITHO,5
BOLIVAR,10
BOLIVER,5
BOLK,5
BOLKA,5
BOLL,10
BOLLA,5
BOLLACKER,5
BOLLAERT,5
BOLLAND,5
BOLLARD,5
BOLLBACH,5
BOLLEN,5
BOLLENS,5
BOLLER,10
BOLLES,10
BOLLETTINO,5
BOLLICH,5
BOLLIE,5
BOLLIER,5
BOLLIG,5
BOLLIGER,5
BOLLIN,10
BOLLING,30
BOLLINGER,50
BOLLIS,5
BOLLMAN,10
BOLLOM,5
BOLLOZOS,5
BOLLS,5
BOLMAN,5
BOLNER,5
BOLNICK,5
BOLOGNA,10
BOLOGNESE,5
BOLOGNIA,5
BOLON,5
BOLORIN,5
BOLSER,5
BOLSTAD,5
BOLSTER,10
BOLT,30
BOLTE,10
BOLTEN,5
BOLTER,5
BOLTINGHOUSE,5
BOLTON,130
BOLTZ,10
BOLUDA,5
BOLUS,5
BOLVIN,5
BOLYARD,10
BOLZ,5
BOMAN,10
BOMAR,10
BOMASTER,5
BOMBA,5
BOMBACI,5
BOMBARD,10
BOMBARDIER,10
BOMBERGER,10
BOMBICH,5
BOMBINO,5
BOMER,5
BOMGARDNER,5
BOMIA,5
BOMILLA,5
BOMKAMP,5
BOMMARITO,5
BOMMER,5
BOMPANE,5
BOMPIANI,5
BOMSTAD,5
BOMZER,5
BON,5
BONA,10
BONACCI,5
BONACCORSI,5
BONACCORSO,5
BONADIO,5
BONADONA,5
BONADONNA,5
BONADURER,5
BONAGUIDI,5
BONAGURIO,5
BONALUMI,5
BONAM,5
BONAMICO,5
BONAMO,5
BONANNI,5
BONANNO,10
BONANO,5
BONAPART,5
BONAPARTE,10
BONAR,10
BONARDI,5
BONAS,5
BONASERA,5
BONATO,5
BONATTI,5
BONAVENTURA,5
BONAVENTURE,5
BONAVIA,5
BONAVITA,5
BONAWITZ,5
BONCELLA,5
BOND,210
BONDA,5
BONDANZA,5
BONDE,5
BONDER,5
BONDI,10
BONDOC,5
BONDRE,5
BONDROFF,5
BONDS,70
BONDURA,5
BONDURANT,10
BONDY,10
BONE,50
BONEBRAKE,5
BONEBRIGHT,5
BONEFIELD,5
BONEFONT,5
BONELLI,10
BONELLO,5
BONENBERGER,5
BONENFANT,10
BONEPART,5
BONER,10
BONES,10
BONESS,5
BONESTEEL,5
BONET,10
BONETA,5
BONETT,5
BONETTI,10
BONETTO,5
BONEY,10
BONFIELD,5
BONFIGLIO,10
BONG,5
BONGA,5
BONGARD,5
BONGARTZ,5
BONGE,5
BONGERS,5
BONGIARDINA,5
BONGIO,5
BONGIORNO,10
BONGIOVANNI,5
BONGIVENGO,5
BONGLE,5
BONGO,5
BONHAM,20
BONHOMME,5
BONI,5
BONIELLO,5
BONIER,5
BONIFACE,5
BONIFACIO,5
BONIFANT,5
BONIFAY,5
BONIFER,5
BONIFIELD,5
BONILLA,100
BONILLAS,5
BONILLO,5
BONIN,20
BONINA,5
BONINE,5
BONING,5
BONINI,5
BONINO,5
BONIOL,5
BONITA,5
BONITO,5
BONJORNO,5
BONJOUR,5
BONK,10
BONKER,5
BONKOWSKI,5
BONN,5
BONNE,5
BONNEAU,10
BONNEL,5
BONNELL,20
BONNEMA,5
BONNENFANT,5
BONNER,140
BONNES,5
BONNET,10
BONNETT,20
BONNETTE,10
BONNEVILLE,5
BONNEY,20
BONNICK,5
BONNIE,5
BONNIFIELD,5
BONNIN,5
BONNING,5
BONNIWELL,5
BONNLANDER,5
BONNO,5
BONNOITT,5
BONNOT,5
BONNY,5
BONO,20
BONOMI,5
BONOMINI,5
BONOMO,10
BONOW,5
BONSAL,5
BONSALL,5
BONSEE,5
BONSELL,5
BONSER,5
BONSEY,5
BONSIGNORE,5
BONSON,5
BONSU,5
BONTE,5
BONTEMPO,5
BONTEMPS,5
BONTON,5
BONTRAGER,10
BONUCCHI,5
BONUGLI,5
BONURA,5
BONUS,5
BONUZ,5
BONVENTRE,5
BONVILLAIN,5
BONWELL,5
BONYAI,5
BONZO,5
BOOCK,5
BOOCKS,5
BOOCOCK,5
BOODY,5
BOOE,10
BOOHER,20
BOOK,20
BOOKAMER,5
BOOKARD,5
BOOKBINDER,5
BOOKER,190
BOOKHARDT,5
BOOKHART,5
BOOKMAN,10
BOOKMILLER,5
BOOKOUT,10
BOOKS,10
BOOKTER,5
BOOKWALTER,5
BOOLE,5
BOOM,5
BOOMER,10
BOOMERSHINE,5
BOOMHOWER,5
BOON,10
BOONE,240
BOONSTRA,5
BOOP,5
BOOR,5
BOORAS,5
BOORD,5
BOORE,5
BOORMAN,5
BOOROM,5
BOOS,10
BOOSALIS,5
BOOSE,10
BOOSER,5
BOOT,5
BOOTE,5
BOOTEN,5
BOOTH,200
BOOTHBY,10
BOOTHE,30
BOOTHMAN,5
BOOTHROYD,5
BOOTON,5
BOOTS,10
BOOTY,5
BOOZE,10
BOOZER,20
BOPP,10
BOPPRE,5
BOQUE,5
BOQUET,5
BORA,5
BORAH,5
BORAN,5
BORATKO,5
BORBA,10
BORBON,5
BORBRIDGE,5
BORCHARD,5
BORCHARDT,10
BORCHELT,5
BORCHER,5
BORCHERDING,5
BORCHERS,10
BORCHERT,10
BORCUK,5
BORD,5
BORDA,5
BORDAS,5
BORDE,5
BORDEAU,5
BORDEAUX,10
BORDELEAU,5
BORDELON,30
BORDEN,60
BORDENET,5
BORDENKIRCHER,5
BORDER,10
BORDERS,40
BORDES,5
BORDGES,5
BORDI,5
BORDIN,5
BORDINGER,5
BORDLEY,5
BORDNER,10
BORDON,5
BORDONARO,5
BORDOY,5
BORDWELL,5
BORDWINE,5
BOREEN,5
BOREK,5
BOREL,10
BORELAND,5
BORELL,5
BORELLA,5
BORELLI,10
BORELLO,5
BOREMAN,5
BOREN,40
BORENSTEIN,5
BORER,5
BORES,5
BOREY,5
BORG,20
BORGATTI,5
BORGE,5
BORGELLA,5
BORGELT,5
BORGEN,10
BORGER,10
BORGERDING,5
BORGERS,5
BORGERT,5
BORGES,40
BORGESE,5
BORGESON,5
BORGHESE,5
BORGHI,5
BORGHOFF,5
BORGIA,5
BORGLUM,5
BORGMAN,10
BORGMANN,5
BORGMEYER,5
BORGOS,5
BORGSTEDE,5
BORGSTROM,5
BORGUEZ,5
BORIA,5
BORICH,5
BORING,10
BORIO,5
BORIS,10
BORJA,10
BORJAS,5
BORJON,5
BORK,10
BORKE,5
BORKENHAGEN,5
BORKHOLDER,10
BORKIN,5
BORKOSKI,5
BORKOWSKI,10
BORLA,5
BORLACE,5
BORLAND,10
BORLIN,5
BORLING,5
BORMAN,10
BORMANN,10
BORMES,5
BORMET,5
BORMUTH,5
BORN,20
BORNE,10
BORNEMAN,5
BORNEMANN,5
BORNER,5
BORNHORST,5
BORNMAN,5
BORNMANN,5
BORNS,5
BORNSTEIN,10
BORODEC,5
BOROFF,5
BOROK,5
BOROM,5
BORON,5
BORONAT,5
BOROS,5
BOROSKI,5
BOROUGHS,5
BOROVEC,5
BOROVETZ,5
BOROWIAK,5
BOROWICZ,5
BOROWIEC,5
BOROWIK,5
BOROWSKI,20
BOROZNY,5
BORQUEZ,10
BORR,5
BORRA,5
BORRAS,5
BORRAYO,5
BORRE,5
BORREGGINE,5
BORREGO,30
BORRELL,5
BORRELLI,10
BORRELLO,5
BORREMANS,5
BORRERO,10
BORRETA,5
BORRIELLO,5
BORRIES,5
BORRIGO,5
BORRIS,5
BORROEL,5
BORROLLI,5
BORROMEO,5
BORROR,10
BORROTO,5
BORROW,5
BORRUSO,5
BORS,5
BORSA,5
BORSARI,5
BORSELLINO,5
BORSETH,5
BORSH,5
BORSKI,5
BORSON,5
BORSOS,5
BORST,10
BORSTAD,5
BORTH,5
BORTHWICK,5
BORTIGNON,5
BORTLE,5
BORTNER,5
BORTON,10
BORTZ,10
BORUCKI,5
BORUFF,5
BORUM,10
BORUNDA,10
BORUP,5
BORUVKA,5
BORWIG,5
BORY,5
BORYCZ,5
BORYS,5
BORYSEWICZ,5
BORYSZEWSKI,5
BORZA,5
BORZEA,5
BORZILLO,5
BOS,10
BOSA,5
BOSACK,5
BOSAK,5
BOSARGE,10
BOSCARELLO,5
BOSCARINO,5
BOSCH,20
BOSCHE,5
BOSCHEE,5
BOSCHERT,5
BOSCHULT,5
BOSCIA,5
BOSCIO,5
BOSCO,10
BOSE,10
BOSEFSKI,5
BOSELL,5
BOSEMAN,5
BOSEN,5
BOSER,10
BOSH,5
BOSHARD,5
BOSHART,5
BOSHEARS,10
BOSHEERS,5
BOSHELL,5
BOSHERS,5
BOSHES,5
BOSHNACK,5
BOSIO,5
BOSKET,5
BOSKO,5
BOSLER,5
BOSLET,5
BOSLEY,20
BOSMA,5
BOSMAN,5
BOSO,5
BOSOLD,5
BOSOWSKI,5
BOSQUE,10
BOSQUES,5
BOSQUET,5
BOSQUEZ,5
BOSS,30
BOSSARD,5
BOSSARDET,5
BOSSART,5
BOSSE,10
BOSSEN,5
BOSSENBROEK,5
BOSSERMAN,10
BOSSERT,5
BOSSEY,5
BOSSHARDT,5
BOSSHART,5
BOSSI,5
BOSSICK,5
BOSSIE,5
BOSSIER,5
BOSSLER,5
BOSSLEY,5
BOSSON,5
BOST,20
BOSTAIN,5
BOSTEL,5
BOSTELMAN,5
BOSTELMANN,5
BOSTEN,5
BOSTER,5
BOSTIAN,5
BOSTIC,50
BOSTICK,30
BOSTOCK,5
BOSTON,60
BOSTOW,5
BOSTROM,10
BOSTWICK,20
BOSWELL,90
BOSWINK,5
BOSWORTH,20
BOTCHER,5
BOTDORF,5
BOTEILHO,5
BOTELER,5
BOTELHO,10
BOTELLIO,5
BOTELLO,20
BOTERO,5
BOTH,5
BOTHA,5
BOTHE,5
BOTHMAN,5
BOTHNER,5
BOTHOF,5
BOTHWELL,10
BOTKIN,10
BOTKINS,5
BOTNER,5
BOTOS,5
BOTRAS,5
BOTROS,5
BOTSFORD,10
BOTT,20
BOTTA,5
BOTTALICO,5
BOTTARI,5
BOTTARO,5
BOTTCHER,5
BOTTELLA,5
BOTTEMILLER,5
BOTTEN,5
BOTTENFIELD,5
BOTTERBUSCH,5
BOTTEX,5
BOTTGENBACH,5
BOTTI,5
BOTTICELLO,5
BOTTIGGI,5
BOTTIGLIERI,5
BOTTIN,5
BOTTING,5
BOTTINI,5
BOTTINO,5
BOTTO,5
BOTTOLENE,5
BOTTOLFSON,5
BOTTOM,10
BOTTOMLEY,10
BOTTOMLY,5
BOTTOMS,30
BOTTON,5
BOTTONE,5
BOTTONI,5
BOTTORF,5
BOTTORFF,10
BOTTRELL,5
BOTTS,20
BOTTUM,5
BOTWIN,5
BOTWINICK,5
BOTZ,5
BOU,10
BOUCAUD,5
BOUCH,5
BOUCHAERT,5
BOUCHARD,70
BOUCHE,5
BOUCHER,120
BOUCHEY,5
BOUCHIE,5
BOUCHILLON,5
BOUCK,10
BOUCOUVALAS,5
BOUDEWYNS,5
BOUDIN,5
BOUDINOT,5
BOUDJOUK,5
BOUDLE,5
BOUDOIN,5
BOUDREAU,50
BOUDREAUX,60
BOUDRIE,5
BOUDRIEAU,5
BOUER,5
BOUFFARD,10
BOUFFORD,5
BOUGES,5
BOUGH,5
BOUGHAMER,5
BOUGHAN,5
BOUGHMAN,5
BOUGHN,5
BOUGHNER,10
BOUGHTER,5
BOUGHTON,10
BOUGIE,5
BOUIE,10
BOUILLION,5
BOUILLON,5
BOUKNIGHT,10
BOULAIS,5
BOULANGER,10
BOULAY,10
BOULCH,5
BOULDEN,5
BOULDIN,20
BOULDING,5
BOULDS,5
BOULE,5
BOULER,5
BOULERICE,5
BOULERIS,5
BOULET,5
BOULETTE,5
BOULEY,10
BOULGER,5
BOULIER,5
BOULIOURIS,5
BOULLION,5
BOULOS,5
BOULTER,5
BOULTINGHOUSE,5
BOULTON,10
BOULWARE,10
BOUMA,5
BOUMAN,5
BOUMTHAVEE,5
BOUND,5
BOUNDS,30
BOUNDY,5
BOUNLEUT,5
BOUNTHAPANYA,5
BOUQUET,5
BOUQUIN,5
BOUR,5
BOURAS,5
BOURASSA,20
BOURBEAU,10
BOURBOIS,5
BOURBON,5
BOURBONNAIS,5
BOURDAGE,5
BOURDAGES,5
BOURDEAU,10
BOURDEAUX,5
BOURDIER,5
BOURDON,10
BOUREK,5
BOURET,5
BOURFF,5
BOURG,20
BOURGAULT,10
BOURGEAULT,5
BOURGEOIS,60
BOURGET,10
BOURGOIN,10
BOURGOINE,5
BOURGOIS,5
BOURGON,5
BOURGOYNE,5
BOURGUE,5
BOURJOLLY,5
BOURKE,10
BOURLAND,10
BOURLIER,5
BOURN,10
BOURNAZIAN,5
BOURNE,40
BOURNES,5
BOURNS,5
BOURQUE,50
BOURQUIN,10
BOURRAINE,5
BOURRET,5
BOURSAW,5
BOURSIQUOT,5
BOUSE,5
BOUSHIE,5
BOUSKA,5
BOUSLEY,5
BOUSMAN,5
BOUSQUET,20
BOUSQUTE,5
BOUSSON,5
BOUSTEAD,5
BOUSUM,5
BOUTCHYARD,5
BOUTELLE,5
BOUTEN,5
BOUTET,5
BOUTHILLETTE,5
BOUTHOT,5
BOUTIETTE,5
BOUTILIER,5
BOUTIN,20
BOUTON,20
BOUTOT,5
BOUTROS,5
BOUTTE,20
BOUTWELL,20
BOUVIA,5
BOUVIER,5
BOUWENS,5
BOUWKAMP,5
BOUWMAN,5
BOUY,5
BOUYEA,5
BOUYER,5
BOUZA,5
BOVA,10
BOVAIN,5
BOVARD,5
BOVE,20
BOVEE,10
BOVEJA,5
BOVELL,5
BOVEN,5
BOVEY,5
BOVIA,5
BOVIAN,5
BOVIE,5
BOVIO,5
BOW,10
BOWAN,5
BOWAR,5
BOWARD,5
BOWCOCK,5
BOWCUTT,5
BOWDEN,100
BOWDICH,5
BOWDISH,5
BOWDITCH,5
BOWDLE,5
BOWDLER,5
BOWDOIN,5
BOWDON,5
BOWDRE,5
BOWDRY,5
BOWE,20
BOWELL,5
BOWELS,5
BOWEN,330
BOWENS,50
BOWER,90
BOWERING,5
BOWERIZE,5
BOWERMAN,10
BOWERS,240
BOWERSMITH,5
BOWERSOCK,5
BOWERSOX,10
BOWERY,5
BOWES,20
BOWEY,5
BOWGREN,5
BOWHALL,5
BOWIE,50
BOWIN,5
BOWKER,10
BOWL,5
BOWLAN,5
BOWLAND,5
BOWLBY,10
BOWLDS,5
BOWLE,5
BOWLEN,5
BOWLER,20
BOWLES,90
BOWLET,5
BOWLEY,10
BOWLICK,5
BOWLIN,30
BOWLINE,5
BOWLING,100
BOWLUS,5
BOWMAN,430
BOWMER,5
BOWN,10
BOWNDS,5
BOWNE,10
BOWREN,5
BOWRING,5
BOWRON,5
BOWSER,60
BOWSHER,5
BOWTHORPE,5
BOWYER,20
BOX,40
BOXELL,5
BOXER,5
BOXLEY,5
BOXTON,5
BOXWELL,5
BOXX,5
BOYACK,5
BOYAN,5
BOYANCE,5
BOYANTON,5
BOYAR,5
BOYARSKI,5
BOYARSKY,5
BOYAS,5
BOYCE,120
BOYD,680
BOYDA,5
BOYDE,5
BOYDEN,10
BOYDSTON,10
BOYDSTUN,5
BOYE,5
BOYEA,5
BOYENGA,5
BOYENS,5
BOYER,180
BOYERS,10
BOYES,10
BOYETT,20
BOYETTE,20
BOYINGTON,5
BOYKEN,5
BOYKIN,70
BOYKINS,20
BOYKO,5
BOYL,5
BOYLAN,20
BOYLAND,10
BOYLE,120
BOYLEN,5
BOYLES,60
BOYLSTON,5
BOYN,5
BOYNE,5
BOYNES,5
BOYNTON,30
BOYS,5
BOYSEL,5
BOYSEN,10
BOYSON,5
BOYSTER,10
BOYT,5
BOYTE,5
BOYTER,10
BOYTON,5
BOYUM,5
BOZA,5
BOZAK,5
BOZARD,5
BOZARTH,10
BOZE,5
BOZEK,10
BOZELL,5
BOZELLE,5
BOZEMAN,30
BOZENSKI,5
BOZIC,5
BOZICH,5
BOZINOVICH,5
BOZMAN,5
BOZOVICH,5
BOZWELL,5
BOZYCH,5
BOZZELL,5
BOZZI,5
BOZZO,5
BOZZONE,5
BRAAM,5
BRAASCH,5
BRAATEN,10
BRAATZ,10
BRABAND,5
BRABANT,5
BRABAZON,5
BRABBLE,5
BRABEC,5
BRABHAM,10
BRABOY,5
BRABSON,5
BRABSTON,5
BRACALONI,5
BRACAMONTE,10
BRACAMONTES,5
BRACCIA,5
BRACCO,10
BRACE,20
BRACERO,10
BRACETTY,5
BRACEWELL,10
BRACEY,20
BRACH,5
BRACHER,5
BRACHLE,5
BRACHMAN,5
BRACHT,5
BRACK,10
BRACKBILL,5
BRACKEEN,5
BRACKELSBERG,5
BRACKEMYRE,5
BRACKEN,30
BRACKENBURY,5
BRACKENRIDGE,5
BRACKENS,5
BRACKER,5
BRACKET,5
BRACKETT,40
BRACKEY,5
BRACKIN,10
BRACKINS,5
BRACKLEY,5
BRACKLIN,5
BRACKMAN,10
BRACKNEY,5
BRACKS,5
BRACY,20
BRAD,5
BRADAC,5
BRADBERRY,20
BRADBURN,10
BRADBURY,30
BRADBY,5
BRADD,5
BRADDOCK,20
BRADDY,10
BRADE,5
BRADEEN,5
BRADEN,60
BRADER,5
BRADEY,5
BRADFIELD,10
BRADFORD,220
BRADFUTE,5
BRADHAM,10
BRADICA,5
BRADICICH,5
BRADICK,5
BRADIGAN,5
BRADING,5
BRADISH,5
BRADLEY,540
BRADLY,5
BRADMON,5
BRADNER,5
BRADNEY,5
BRADON,5
BRADRICK,5
BRADSHAW,170
BRADSHER,10
BRADSTREET,5
BRADT,10
BRADTKE,5
BRADWAY,10
BRADWELL,10
BRADY,250
BRAEGELMANN,5
BRAFF,5
BRAFFORD,10
BRAFMAN,5
BRAGA,10
BRAGADO,5
BRAGAN,5
BRAGAS,5
BRAGDON,10
BRAGE,5
BRAGER,5
BRAGET,5
BRAGG,80
BRAGGS,10
BRAGUE,5
BRAH,5
BRAHAM,5
BRAHLER,5
BRAHM,5
BRAHNEY,5
BRAIG,5
BRAILEY,5
BRAILFORD,5
BRAILSFORD,5
BRAIM,5
BRAIN,10
BRAINARD,10
BRAINERD,10
BRAIS,5
BRAISTED,5
BRAITHWAITE,20
BRAITMAN,5
BRAK,5
BRAKE,20
BRAKEBILL,10
BRAKEFIELD,5
BRAKEMAN,5
BRAKER,5
BRAKHAGE,5
BRAKKE,5
BRAKSTAD,5
BRALEY,10
BRALLEY,5
BRALLIER,5
BRALY,5
BRAM,5
BRAMALL,5
BRAMAN,10
BRAMANTE,5
BRAMASCO,5
BRAMBILA,5
BRAMBLE,10
BRAMBLETT,10
BRAME,10
BRAMEL,5
BRAMER,5
BRAMHALL,5
BRAMHAM,5
BRAMLET,5
BRAMLETT,20
BRAMLETTE,5
BRAMLEY,5
BRAMLITT,5
BRAMMELL,5
BRAMMER,10
BRAMON,5
BRAMSEN,5
BRAMSON,5
BRAMUCCI,5
BRAMUCHI,5
BRAMWELL,5
BRAN,5
BRANA,5
BRANAGAN,5
BRANAM,10
BRANAMAN,5
BRANAN,10
BRANAUGH,5
BRANCA,5
BRANCACCIO,5
BRANCANTO,5
BRANCATI,5
BRANCATO,5
BRANCAZIO,5
BRANCH,160
BRANCHAUD,5
BRANCHE,5
BRANCHEAU,5
BRANCIFORTE,5
BRANCK,5
BRANCO,10
BRAND,60
BRANDAL,5
BRANDAU,5
BRANDAUER,5
BRANDE,5
BRANDEIS,5
BRANDEL,5
BRANDELAND,5
BRANDEN,5
BRANDENBERG,5
BRANDENBERGER,5
BRANDENBURG,30
BRANDENBURGER,5
BRANDER,5
BRANDES,10
BRANDEWIE,5
BRANDI,5
BRANDIS,5
BRANDL,10
BRANDLE,5
BRANDLER,5
BRANDLEY,5
BRANDLY,5
BRANDMAN,5
BRANDNER,5
BRANDO,5
BRANDOLINI,5
BRANDOLINO,5
BRANDOM,5
BRANDON,110
BRANDORFF,5
BRANDOW,10
BRANDS,5
BRANDSRUD,5
BRANDSTETTER,5
BRANDSTROM,5
BRANDT,110
BRANDWEIN,5
BRANDY,10
BRANECKI,5
BRANEN,5
BRANER,5
BRANES,5
BRANFORD,5
BRANG,5
BRANGAN,5
BRANGERS,5
BRANHAM,50
BRANHAN,5
BRANIFF,5
BRANIGAN,5
BRANIN,5
BRANINE,5
BRANK,5
BRANKER,5
BRANKOVICH,5
BRANN,20
BRANNAM,5
BRANNAN,20
BRANNEN,10
BRANNER,5
BRANNICK,5
BRANNIGAN,10
BRANNIN,5
BRANNING,5
BRANNOCK,5
BRANNON,60
BRANNUM,10
BRANO,5
BRANON,5
BRANOT,5
BRANSCOM,5
BRANSCOMB,5
BRANSCOMBE,5
BRANSCOME,10
BRANSCUM,10
BRANSEUM,5
BRANSFIELD,5
BRANSFORD,5
BRANSKE,5
BRANSKI,5
BRANSOM,5
BRANSON,40
BRANSTAD,5
BRANSTETTER,10
BRANSTROM,5
BRANSTUTTER,5
BRANT,30
BRANTER,5
BRANTING,5
BRANTINGHAM,5
BRANTLEY,90
BRANTLY,5
BRANTNER,10
BRANTON,20
BRANTZ,5
BRANUM,10
BRANYAN,5
BRANYON,5
BRANZ,5
BRAR,5
BRAS,5
BRASBY,5
BRASCH,5
BRASE,10
BRASEL,10
BRASETH,5
BRASFIELD,10
BRASH,5
BRASHAW,5
BRASHEAR,20
BRASHEARS,10
BRASHER,20
BRASHERS,5
BRASHIER,5
BRASIER,5
BRASIL,5
BRASINGTON,5
BRASKET,5
BRASKETT,5
BRASKEY,5
BRASS,10
BRASSARD,10
BRASSEAUX,5
BRASSELL,10
BRASSER,5
BRASSEUR,5
BRASSEUX,5
BRASSFIELD,10
BRASSIL,5
BRASSWELL,5
BRASUELL,5
BRASURE,5
BRASWELL,60
BRATCHER,30
BRATCHETT,5
BRATEK,5
BRATH,5
BRATHWAITE,10
BRATSCH,5
BRATT,10
BRATTAIN,5
BRATTEN,10
BRATTIN,5
BRATTON,30
BRATU,5
BRATZ,5
BRAU,5
BRAUCH,5
BRAUCHER,5
BRAUCHLA,5
BRAUCHT,5
BRAUCKS,5
BRAUD,20
BRAUE,5
BRAUER,10
BRAUGHT,5
BRAUGHTON,5
BRAUKUS,5
BRAULIO,5
BRAULT,10
BRAUM,5
BRAUMAN,5
BRAUN,110
BRAUNBECK,5
BRAUNBERGER,5
BRAUND,5
BRAUNE,5
BRAUNER,5
BRAUNING,5
BRAUNSCHWEIGE,5
BRAUNSDORF,5
BRAUNSTEIN,10
BRAUNWARTH,5
BRAUSE,5
BRAUTIGAM,5
BRAVARD,5
BRAVATA,5
BRAVE,5
BRAVENDER,5
BRAVER,5
BRAVERMAN,5
BRAVO,70
BRAWDY,5
BRAWER,5
BRAWLEY,20
BRAWN,10
BRAWNER,20
BRAXTON,60
BRAY,150
BRAYBOY,5
BRAYE,5
BRAYER,5
BRAYLEY,5
BRAYLOCK,5
BRAYMAN,5
BRAYMER,5
BRAYMILLER,5
BRAYTON,10
BRAZ,5
BRAZAN,5
BRAZEAL,10
BRAZEAU,5
BRAZEE,5
BRAZEL,5
BRAZELL,10
BRAZELTON,10
BRAZEN,5
BRAZIE,5
BRAZIEL,10
BRAZIER,10
BRAZIL,30
BRAZILE,5
BRAZILL,5
BRAZILLE,5
BRAZINGTON,5
BRAZINSKI,5
BRAZLE,5
BRAZLER,5
BRAZZEL,5
BRAZZELL,5
BRAZZI,5
BRAZZLE,5
BRDAR,5
BREA,5
BREACH,5
BREAD,5
BREADY,5
BREAKELL,5
BREAKER,5
BREAKEY,5
BREAKFIELD,5
BREAM,5
BREAN,5
BREARD,5
BREARLEY,5
BREASHEARS,5
BREATH,5
BREAU,5
BREAUD,5
BREAULT,20
BREAUX,50
BREAZ,5
BREAZEAL,5
BREAZEALE,10
BREBES,5
BRECEDA,5
BRECH,5
BRECHBIEL,5
BRECHBILL,5
BRECHEEN,5
BRECHEISEN,5
BRECHNER,5
BRECHT,10
BRECHTEL,5
BRECK,5
BRECKEL,5
BRECKENRIDGE,20
BRECKENSTEIN,5
BRECKINRIDGE,5
BRECKLEY,5
BREDA,5
BREDAHL,5
BREDE,5
BREDEHOFT,5
BREDEMEIER,5
BREDEN,5
BREDERNITZ,5
BREDESEN,5
BREDESON,5
BREDEWEG,5
BREDICE,5
BREDIN,5
BREDLOW,5
BREDOW,5
BREDY,5
BREE,5
BREECE,10
BREECH,5
BREED,10
BREEDAN,5
BREEDEN,40
BREEDING,20
BREEDLOVE,30
BREEDON,5
BREEHL,5
BREELAND,5
BREEMAN,5
BREEN,40
BREER,5
BREES,5
BREESE,10
BREEZE,10
BREFKA,5
BREGANTINI,5
BREGE,5
BREGEL,5
BREGER,5
BREGMAN,5
BREGON,5
BREHANT,5
BREHAUT,5
BREHENY,5
BREHM,20
BREHMER,10
BREHON,5
BREHONY,5
BREI,5
BREIDEL,5
BREIDENBACH,5
BREIDENBAUGH,5
BREIDENSTEIN,5
BREIDENTHAL,5
BREIDIGAN,5
BREIER,5
BREIGHNER,5
BREIHAN,5
BREILAND,5
BREILING,5
BREINER,5
BREINES,5
BREINING,5
BREISCH,5
BREISTER,5
BREIT,10
BREITBACH,5
BREITBART,5
BREITBARTH,5
BREITEN,5
BREITENBACH,5
BREITENBERG,5
BREITENBUCHER,5
BREITENFELDT,5
BREITENSTEIN,5
BREITER,5
BREITHAUPT,5
BREITKREUTZ,5
BREITLING,5
BREITMEYER,5
BREITUNG,5
BREITWEISER,5
BREKKE,10
BRELAND,20
BRELJE,5
BRELSFORD,5
BREM,5
BREMAN,5
BREMER,20
BREMME,5
BREMMER,5
BREMNER,10
BREMS,5
BREMSETH,5
BREN,5
BRENAGH,5
BRENAMAN,5
BRENCE,5
BRENCHLEY,5
BREND,5
BRENDA,5
BRENDAL,5
BRENDEL,10
BRENDELAND,5
BRENDEN,5
BRENDER,5
BRENDLE,10
BRENDLINGER,5
BRENDON,5
BRENEK,5
BRENEMAN,5
BRENER,5
BRENES,5
BRENGETTEY,5
BRENGLE,5
BRENHAUG,5
BRENING,5
BRENISER,5
BRENNA,5
BRENNAMAN,5
BRENNAN,160
BRENNECKE,5
BRENNEIS,5
BRENNEMAN,10
BRENNEN,10
BRENNENSTUHL,5
BRENNER,50
BRENNICK,5
BRENNING,5
BRENNON,5
BRENOWITZ,5
BRENSEL,5
BRENSINGER,5
BRENSNAN,5
BRENT,30
BRENTANO,5
BRENTARI,5
BRENTLEY,5
BRENTLINGER,5
BRENTNALL,5
BRENTON,10
BRENTS,5
BRENTSON,5
BRENTZ,5
BREON,5
BRERETON,5
BRESCIA,10
BRESCIANI,5
BRESEE,5
BRESEMANN,5
BRESETT,5
BRESETTE,5
BRESHEARS,10
BRESKE,5
BRESKO,5
BRESLAUER,5
BRESLAWSKI,5
BRESLER,5
BRESLIN,10
BRESLOW,5
BRESNAHAN,10
BRESNAN,5
BRESOLIN,5
BRESSE,5
BRESSER,5
BRESSETTE,5
BRESSI,5
BRESSLER,10
BRESSMAN,5
BREST,5
BRESTER,5
BRETADO,5
BRETANA,5
BRETH,5
BRETHOUR,5
BRETL,5
BRETON,20
BRETOS,5
BRETT,20
BRETTHAUER,5
BRETTMANN,5
BRETTO,5
BRETTSCHNEIDE,5
BRETZ,10
BREU,5
BREUER,10
BREUNIG,20
BREUNING,5
BREUNINGER,5
BREUTZMAN,5
BREUTZMANN,5
BREVARD,5
BREVELL,5
BREVIG,5
BREVIK,5
BREVIL,5
BREVITZ,5
BREVO,5
BREW,10
BREWBAKER,5
BREWEN,5
BREWER,420
BREWINGTON,20
BREWSTER,90
BREWTON,20
BREY,10
BREYER,5
BREYERS,5
BREYFOGLE,5
BREZ,5
BREZEALE,5
BREZEE,5
BREZENSKI,5
BREZINA,5
BREZINKA,5
BREZINSKI,5
BREZNAK,5
BREZNAY,5
BRIA,5
BRIAGAS,5
BRIAN,20
BRIAND,5
BRIANO,5
BRIANS,5
BRIANT,5
BRIANTE,5
BRIAR,5
BRIARE,5
BRIBIESCA,5
BRICE,40
BRICENO,10
BRICHETTO,5
BRICK,10
BRICKEL,5
BRICKELL,5
BRICKER,20
BRICKETT,5
BRICKEY,10
BRICKHOUSE,10
BRICKLE,5
BRICKLES,5
BRICKLEY,10
BRICKMAN,5
BRICKNELL,5
BRICKNER,10
BRICKSON,5
BRIDDELL,5
BRIDDICK,5
BRIDE,5
BRIDEAU,5
BRIDEGROOM,5
BRIDEN,5
BRIDENBAKER,5
BRIDENBAUGH,5
BRIDENBECKER,5
BRIDENDOLPH,5
BRIDENSTINE,5
BRIDGE,20
BRIDGEFORD,5
BRIDGEFORTH,10
BRIDGEMAN,20
BRIDGENS,5
BRIDGER,10
BRIDGERS,10
BRIDGES,230
BRIDGET,5
BRIDGETT,5
BRIDGETTE,5
BRIDGEWATER,10
BRIDGFORD,5
BRIDGFORTH,5
BRIDGHAM,5
BRIDGMAN,5
BRIDGMON,5
BRIDJMOHAN,5
BRIDSON,5
BRIDWELL,10
BRIED,5
BRIEDE,5
BRIEGER,5
BRIEHL,5
BRIEL,5
BRIEN,20
BRIENEN,5
BRIENO,5
BRIENT,5
BRIENZA,5
BRIER,10
BRIERE,5
BRIERLEY,5
BRIERLY,5
BRIERRE,5
BRIERTON,5
BRIES,5
BRIESE,10
BRIGANCE,10
BRIGANTE,5
BRIGANTI,10
BRIGANTINO,5
BRIGG,5
BRIGGEMAN,5
BRIGGERMAN,5
BRIGGES,5
BRIGGMAN,5
BRIGGS,260
BRIGHAM,20
BRIGHENTI,5
BRIGHI,5
BRIGHT,130
BRIGHTBILL,5
BRIGHTER,5
BRIGHTFUL,5
BRIGHTHARP,5
BRIGHTLY,5
BRIGHTMAN,5
BRIGHTON,10
BRIGHTWELL,5
BRIGLIA,5
BRIGMAN,10
BRIGMOND,5
BRIGNAC,5
BRIGNER,5
BRIGNOLO,5
BRIGNONI,5
BRIGUGLIO,5
BRIHM,5
BRIHON,5
BRILES,5
BRILEY,30
BRILHANTE,5
BRILL,30
BRILLA,5
BRILLANT,5
BRILLHART,5
BRILLIANT,5
BRILLON,5
BRILOWSKI,5
BRIM,30
BRIMAGE,5
BRIMER,10
BRIMEYER,5
BRIMFIELD,5
BRIMHALL,5
BRIMLEY,5
BRIMM,5
BRIMMAGE,5
BRIMMER,10
BRIN,5
BRINAR,5
BRINCAT,5
BRINCEFIELD,5
BRINCK,5
BRINCKERHOFF,5
BRINCKS,5
BRINDA,5
BRINDAMOUR,5
BRINDEL,5
BRINDGER,5
BRINDISI,5
BRINDLE,10
BRINDLEY,10
BRINDZA,5
BRINE,5
BRINEGAR,10
BRINER,10
BRINES,5
BRINEY,5
BRING,5
BRINGANTINO,5
BRINGARD,5
BRINGAS,5
BRINGER,5
BRINGHAM,5
BRINGHURST,5
BRINGLE,5
BRINGMAN,5
BRINICH,5
BRINING,5
BRININGER,5
BRINIUS,5
BRINK,40
BRINKER,10
BRINKERHOFF,10
BRINKHAUS,5
BRINKLEY,50
BRINKLY,5
BRINKMAN,30
BRINKMANN,10
BRINKMEIER,5
BRINKMEYER,5
BRINKS,5
BRINLEE,5
BRINLEY,5
BRINN,10
BRINSFIELD,5
BRINSON,50
BRINT,5
BRINTNALL,5
BRINTON,10
BRIOLA,5
BRION,5
BRIONES,30
BRISBAN,5
BRISBANE,5
BRISBIN,5
BRISBOIS,5
BRISBON,5
BRISBONE,5
BRISBY,5
BRISCO,10
BRISCOE,50
BRISENDINE,5
BRISENO,30
BRISENTINE,5
BRISK,5
BRISKER,5
BRISKEY,5
BRISKI,5
BRISKY,5
BRISLAN,5
BRISLEY,5
BRISLIN,5
BRISON,5
BRISSETT,5
BRISSETTE,10
BRISSEY,5
BRISSON,10
BRISTER,20
BRISTLE,5
BRISTO,5
BRISTOL,20
BRISTON,5
BRISTOW,20
BRITAIN,5
BRITCHER,5
BRITE,5
BRITNELL,5
BRITO,40
BRITS,5
BRITSCH,5
BRITSCHGI,5
BRITSON,5
BRITT,140
BRITTAIN,30
BRITTAN,5
BRITTEN,10
BRITTENHAM,5
BRITTIAN,5
BRITTIN,5
BRITTINGHAM,10
BRITTLE,5
BRITTMAN,5
BRITTO,5
BRITTON,100
BRITTS,5
BRITTSAN,5
BRITZ,5
BRIX,5
BRIXEY,10
BRIXIUS,5
BRIXNER,5
BRIZ,5
BRIZENDINE,10
BRIZENO,5
BRIZUELA,5
BRLETICH,5
BRO,5
BROACH,10
BROAD,5
BROADAWAY,5
BROADBENT,10
BROADDUS,10
BROADEN,5
BROADFOOT,5
BROADHEAD,10
BROADHURST,10
BROADIE,5
BROADNAX,30
BROADNAY,5
BROADRICK,5
BROADSTONE,5
BROADSTREET,5
BROADUS,10
BROADWATER,20
BROADWAY,30
BROADWELL,10
BROADY,10
BROAS,5
BROBECK,5
BROBERG,5
BROBST,10
BROCATO,5
BROCCOLI,5
BROCCOLO,5
BROCE,5
BROCH,5
BROCHARD,5
BROCHET,5
BROCHHAUSEN,5
BROCHU,10
BROCHURE,5
BROCINER,5
BROCIOUS,5
BROCK,250
BROCKBERG,5
BROCKEL,5
BROCKELL,5
BROCKELMEYER,5
BROCKENBERRY,5
BROCKER,5
BROCKERT,5
BROCKETT,10
BROCKHAUS,5
BROCKHOUSE,5
BROCKIE,5
BROCKINGTON,20
BROCKLEBANK,5
BROCKLEHURST,5
BROCKLESBY,5
BROCKMAN,30
BROCKMANN,5
BROCKMEIER,5
BROCKMEYER,5
BROCKNEY,5
BROCKS,5
BROCKUS,5
BROCKWAY,20
BROCKWELL,5
BROD,5
BRODA,5
BRODBECK,10
BRODDY,5
BRODE,10
BRODELL,5
BRODEN,5
BRODER,10
BRODERICK,40
BRODERSEN,10
BRODERSON,5
BRODES,5
BRODESS,5
BRODEUR,20
BRODEY,5
BRODFUEHRER,5
BRODHAG,5
BRODHEAD,5
BRODHURST,5
BRODI,5
BRODIE,20
BRODIGAN,5
BRODIN,5
BRODINE,5
BRODIS,5
BRODISH,5
BRODKA,5
BRODMERKEL,5
BRODNAX,5
BRODNEX,5
BRODNICKI,5
BRODOWSKI,5
BRODRICK,5
BRODSHO,5
BRODSKY,10
BRODT,5
BRODTMANN,5
BRODY,30
BRODZIK,5
BROE,5
BROECKEL,5
BROEGE,5
BROEKEMEIER,5
BROEKER,5
BROENNEKE,5
BROERING,5
BROERMAN,5
BROERMANN,5
BROERS,5
BROERSMA,5
BROFFT,5
BROFMAN,5
BROG,5
BROGAN,30
BROGDEN,10
BROGDON,20
BROGGLIN,5
BROGLEY,5
BROGLIE,5
BROGLIO,5
BROGNA,5
BROGREN,5
BROHAWN,5
BROHL,5
BROHN,5
BROICH,5
BROIDA,5
BROITZMAN,5
BROJAKOWSKI,5
BROKAW,10
BROKER,5
BROKING,5
BROKINS,5
BROKKE,5
BROKS,5
BROLA,5
BROLL,5
BROM,5
BROMAGEN,5
BROMAN,10
BROMBACH,5
BROMBEREK,5
BROMBERG,10
BROME,5
BROMFIELD,5
BROMLEY,20
BROMMER,5
BROMWELL,5
BRON,5
BRONAUGH,5
BRONCHEAU,5
BRONCHETTI,5
BRONDER,5
BRONDYKE,5
BRONER,5
BRONG,5
BRONIKOWSKI,5
BRONK,10
BRONN,5
BRONNER,10
BRONSKY,5
BRONSON,50
BRONSTAD,5
BRONSTEIN,10
BRONSTON,5
BRONW,5
BRONZO,5
BROOD,5
BROODY,5
BROOK,20
BROOKE,20
BROOKENS,5
BROOKER,20
BROOKES,10
BROOKFIELD,5
BROOKHART,5
BROOKHOUSE,5
BROOKIE,5
BROOKING,10
BROOKINGS,5
BROOKINS,30
BROOKLYN,5
BROOKMAN,10
BROOKOVER,10
BROOKS,1030
BROOKSHAW,5
BROOKSHEAR,5
BROOKSHER,5
BROOKSHIER,5
BROOKSHIRE,20
BROOKSKENNEDY,5
BROOM,20
BROOME,40
BROOMELL,5
BROOMES,5
BROOMFIELD,10
BROOMHALL,5
BROOMHEAD,5
BROOMS,5
BROPHY,20
BROSCH,5
BROSCHINSKY,5
BROSCIOUS,5
BROSCO,5
BROSE,10
BROSEY,5
BROSH,5
BROSI,5
BROSIG,5
BROSIOUS,5
BROSIUS,10
BROSKI,5
BROSKY,5
BROSMAN,5
BROSNAHAN,5
BROSNAN,10
BROSS,5
BROSSARD,5
BROSSART,5
BROSSEAU,5
BROSSETT,5
BROSSMAN,5
BROSSMANN,5
BROSSOIT,5
BROST,5
BROSTOFF,5
BROSTROM,5
BROTEMARKLE,5
BROTEN,5
BROTHEN,5
BROTHERN,5
BROTHERS,50
BROTHERSON,5
BROTHERTON,20
BROTMAN,5
BROTT,10
BROTZMAN,5
BROUDY,5
BROUGH,10
BROUGHAM,5
BROUGHER,5
BROUGHT,5
BROUGHTON,40
BROUHARD,5
BROUILLARD,10
BROUILLET,5
BROUILLETTE,10
BROUK,5
BROUMLEY,5
BROUN,5
BROUNSON,5
BROUS,5
BROUSARD,5
BROUSE,5
BROUSSARD,100
BROUSSEAU,10
BROUWER,10
BROUWERS,5
BROW,5
BROWARD,5
BROWDER,30
BROWE,5
BROWEN,5
BROWER,60
BROWERS,5
BROWING,5
BROWLEY,5
BROWM,5
BROWMAN,5
BROWN,6210
BROWND,5
BROWNE,80
BROWNELL,30
BROWNER,10
BROWNFIELD,10
BROWNIE,5
BROWNING,170
BROWNLE,5
BROWNLEE,50
BROWNLEY,5
BROWNLIE,5
BROWNLOW,10
BROWNRIGG,5
BROWNS,5
BROWNSBERGER,5
BROWNSON,5
BROWNSTEIN,5
BROWNSWORD,5
BROWNSWORTH,5
BROWNWOOD,5
BROWY,5
BROX,5
BROXSON,5
BROXTERMAN,5
BROXTON,10
BROY,5
BROYHILL,5
BROYLE,5
BROYLES,40
BROZ,5
BROZEK,5
BROZELL,5
BROZENA,5
BROZESKI,5
BROZIE,5
BROZINA,5
BROZOVICH,5
BROZOWSKI,5
BROZYNA,5
BRROKS,5
BRUBACH,5
BRUBAKER,40
BRUBECK,5
BRUCATO,5
BRUCCOLERI,5
BRUCCULERI,5
BRUCE,220
BRUCH,10
BRUCHEY,5
BRUCHMAN,5
BRUCIE,5
BRUCK,10
BRUCKEN,5
BRUCKER,10
BRUCKI,5
BRUCKMAN,5
BRUCKMEIER,5
BRUCKNER,10
BRUCKS,5
BRUCZ,5
BRUDER,10
BRUDERER,5
BRUDNER,5
BRUDNICKI,5
BRUE,5
BRUECHERT,5
BRUECK,5
BRUECKMAN,5
BRUECKNER,5
BRUEGGEMAN,5
BRUEGGEMANN,5
BRUEGGER,5
BRUEGMAN,5
BRUEMMER,5
BRUEN,5
BRUENDER,5
BRUENDERMAN,5
BRUENING,10
BRUER,5
BRUESKE,5
BRUESS,5
BRUESTLE,5
BRUFF,5
BRUFFEE,5
BRUG,5
BRUGAL,5
BRUGGEMAN,10
BRUGGER,10
BRUGGMAN,5
BRUGH,5
BRUGLER,5
BRUGLIERA,5
BRUGMAN,5
BRUGNOLI,5
BRUH,5
BRUHN,10
BRUIN,5
BRUINGTON,5
BRUINS,5
BRUK,5
BRUKER,5
BRULE,5
BRULEY,5
BRULL,5
BRULOTTE,5
BRUM,5
BRUMAGHIM,5
BRUMBACH,5
BRUMBACK,10
BRUMBALOW,5
BRUMBAUGH,20
BRUMBELOW,10
BRUMBLE,5
BRUMBLEY,5
BRUMBY,5
BRUMER,5
BRUMET,5
BRUMETT,5
BRUMFIELD,40
BRUMIT,10
BRUMITT,5
BRUMLEVE,5
BRUMLEY,20
BRUMLOW,5
BRUMM,5
BRUMMEL,5
BRUMMELL,5
BRUMMER,5
BRUMMET,5
BRUMMETT,20
BRUMMITT,10
BRUMMOND,5
BRUMSEY,5
BRUMWELL,5
BRUN,10
BRUNA,5
BRUNBACK,5
BRUNCKHORST,5
BRUND,5
BRUNDAGE,20
BRUNDERMAN,5
BRUNDIDGE,10
BRUNDIGE,5
BRUNDIN,5
BRUNDRETT,5
BRUNE,10
BRUNEAU,5
BRUNECZ,5
BRUNELL,10
BRUNELLE,20
BRUNELLI,5
BRUNER,70
BRUNET,20
BRUNETT,5
BRUNETTA,5
BRUNETTE,10
BRUNETTI,10
BRUNETTO,5
BRUNEY,5
BRUNFIELD,5
BRUNGARD,5
BRUNGARDT,10
BRUNI,10
BRUNICK,5
BRUNING,10
BRUNJES,5
BRUNK,10
BRUNKE,5
BRUNKEN,5
BRUNKER,5
BRUNKHARDT,5
BRUNKHORST,5
BRUNKOW,5
BRUNMEIER,5
BRUNN,5
BRUNNEMER,5
BRUNNER,50
BRUNNETT,5
BRUNO,90
BRUNOT,5
BRUNOW,5
BRUNS,40
BRUNSCHEEN,5
BRUNSKILL,5
BRUNSON,80
BRUNSTING,5
BRUNSTON,5
BRUNSVOLD,5
BRUNSWICK,10
BRUNT,10
BRUNTON,10
BRUNTZ,5
BRUNZ,5
BRUNZEL,5
BRUS,5
BRUSCATO,5
BRUSCHI,5
BRUSCHKE,5
BRUSCINO,5
BRUSCO,5
BRUSE,5
BRUSH,20
BRUSHWOOD,5
BRUSKI,5
BRUSO,5
BRUSON,5
BRUSS,10
BRUSSEAU,5
BRUSSEL,5
BRUSSELL,5
BRUSSER,5
BRUST,10
BRUSTER,5
BRUSTKERN,5
BRUSTMANN,5
BRUSUELAS,5
BRUTGER,5
BRUTLAG,5
BRUTON,30
BRUTSCH,5
BRUTUS,5
BRUUN,5
BRUYERE,5
BRUYN,5
BRUZAS,5
BRUZEK,5
BRUZEWICZ,5
BRUZEWSKI,5
BRWON,5
BRYAN,240
BRYAND,5
BRYANS,5
BRYANT,870
BRYAR,5
BRYARS,5
BRYCE,20
BRYD,10
BRYDEN,10
BRYDGES,5
BRYDON,5
BRYE,5
BRYER,10
BRYINGTON,5
BRYK,5
BRYLA,5
BRYMER,5
BRYNE,5
BRYNER,10
BRYNESTAD,5
BRYNGA,5
BRYNGELSON,5
BRYNTESON,5
BRYON,5
BRYS,5
BRYSON,80
BRYTON,5
BRYUM,5
BRZENK,5
BRZEZICKI,5
BRZEZINSKI,10
BRZEZOWSKI,5
BRZOSKA,5
BRZOSTEK,5
BRZOSTOWSKI,5
BRZOZOWSKI,10
BRZUCHALSKI,5
BRZYCKI,5
BUA,5
BUAL,5
BUANNO,5
BUB,5
BUBA,5
BUBAK,5
BUBAN,5
BUBAR,5
BUBASH,5
BUBB,10
BUBBICO,5
BUBEN,5
BUBERT,5
BUBIER,5
BUBIS,5
BUBLITZ,10
BUBOLTZ,5
BUBOLZ,5
BUBRIG,5
BUCANAN,5
BUCARAM,5
BUCARO,5
BUCCELLATO,5
BUCCHERI,5
BUCCHIN,5
BUCCI,10
BUCCIARELLI,5
BUCCIERI,5
BUCCIERO,5
BUCCINO,5
BUCCO,5
BUCEK,5
BUCEY,5
BUCH,10
BUCHAL,5
BUCHALTER,5
BUCHAMAN,5
BUCHAN,10
BUCHANA,5
BUCHANAN,260
BUCHANN,5
BUCHANNAN,5
BUCHANNON,5
BUCHANON,10
BUCHAR,5
BUCHAUER,5
BUCHBERGER,5
BUCHBINDER,5
BUCHELI,5
BUCHENAU,5
BUCHER,30
BUCHERT,5
BUCHETTO,5
BUCHHEIM,5
BUCHHEIT,10
BUCHHOLTZ,10
BUCHHOLZ,20
BUCHINSKI,5
BUCHINSKY,5
BUCHITE,5
BUCHKO,5
BUCHLER,5
BUCHLI,5
BUCHMAN,10
BUCHMANN,5
BUCHMEIER,5
BUCHMILLER,5
BUCHNA,5
BUCHNER,5
BUCHOLTZ,5
BUCHOLZ,10
BUCHS,5
BUCHSBAUM,5
BUCHSER,5
BUCHTA,5
BUCHTEL,5
BUCHWALD,5
BUCHWALTER,5
BUCIO,5
BUCK,160
BUCKALEW,5
BUCKALOO,5
BUCKBEE,5
BUCKE,5
BUCKEL,5
BUCKELEW,10
BUCKENDORF,5
BUCKER,5
BUCKETT,5
BUCKEY,5
BUCKHALTER,5
BUCKHAM,5
BUCKHANAN,5
BUCKHANNON,5
BUCKHANON,5
BUCKHOLTZ,5
BUCKHOLZ,5
BUCKINGHAM,30
BUCKLAND,10
BUCKLE,10
BUCKLER,10
BUCKLES,20
BUCKLESS,5
BUCKLEW,5
BUCKLEY,160
BUCKLIN,10
BUCKMAN,20
BUCKMASTER,10
BUCKMEON,5
BUCKMILLER,5
BUCKNAM,5
BUCKNELL,5
BUCKNER,120
BUCKNOR,5
BUCKO,5
BUCKOVITCH,5
BUCKREIS,5
BUCKRIDGE,5
BUCKS,5
BUCKSON,5
BUCKWALD,5
BUCKWALTER,10
BUCO,5
BUCOLO,5
BUCY,10
BUCZAK,5
BUCZEK,5
BUCZKO,5
BUCZKOWSKI,5
BUCZYNSKI,5
BUD,5
BUDA,10
BUDAK,5
BUDAY,5
BUDD,20
BUDDE,10
BUDDEMEYER,5
BUDDEN,5
BUDDENHAGEN,5
BUDDIE,5
BUDDINGTON,5
BUDDLE,5
BUDDS,5
BUDDY,5
BUDEN,5
BUDER,5
BUDESA,5
BUDGE,10
BUDHRAM,5
BUDHU,5
BUDIAO,5
BUDIN,5
BUDINE,5
BUDINICH,5
BUDISH,5
BUDKE,5
BUDLONG,5
BUDNEY,5
BUDNICK,5
BUDNIEWSKI,5
BUDNIK,5
BUDREAU,5
BUDROVICH,5
BUDROW,5
BUDWORTH,5
BUDY,5
BUDZ,5
BUDZIK,5
BUDZINSKI,5
BUDZISZEWSKI,5
BUDZYNA,5
BUDZYNSKI,5
BUE,5
BUECHE,10
BUECHEL,5
BUECHELE,5
BUECHER,5
BUECHLER,5
BUECHNER,5
BUECKERS,5
BUEGE,5
BUEGGENS,5
BUEGLER,5
BUEHL,5
BUEHLER,20
BUEHLMAN,5
BUEHNER,5
BUEHRING,5
BUEHRLE,5
BUEL,5
BUELER,5
BUELL,20
BUELNA,5
BUELOW,10
BUEMI,5
BUEN,5
BUENA,5
BUENAVENTURA,5
BUENDIA,10
BUENGER,5
BUENING,5
BUENO,40
BUENROSTRO,10
BUENTELLO,10
BUENVIAJE,5
BUER,5
BUERGE,5
BUERGEL,5
BUERGER,10
BUERK,5
BUERKLE,5
BUERSTATTE,5
BUESCHEL,5
BUESCHER,5
BUESGENS,5
BUESING,5
BUESS,5
BUETER,5
BUETI,5
BUETOW,5
BUETTI,5
BUETTNER,10
BUFF,10
BUFFA,5
BUFFALO,5
BUFFALOE,5
BUFFETT,5
BUFFEY,5
BUFFIN,5
BUFFINGTON,40
BUFFKIN,5
BUFFO,5
BUFFONE,5
BUFFORD,10
BUFFUM,10
BUFFY,5
BUFKIN,10
BUFORD,50
BUFTON,5
BUGANSKI,5
BUGAREWICZ,5
BUGARIN,10
BUGAY,5
BUGAYONG,5
BUGBEE,10
BUGENHAGEN,5
BUGETT,5
BUGG,20
BUGGE,5
BUGGIE,5
BUGGS,20
BUGGY,5
BUGH,5
BUGLER,5
BUGLIONE,5
BUGLISI,5
BUGNA,5
BUGNI,5
BUGOS,5
BUGTONG,5
BUHITE,5
BUHL,10
BUHLER,5
BUHLIG,5
BUHMAN,5
BUHMANN,5
BUHOVECKEY,5
BUHR,10
BUHRKE,5
BUHRMAN,5
BUI,30
BUICE,5
BUIE,20
BUIKE,5
BUIKEMA,5
BUILES,5
BUIS,5
BUISSERETH,5
BUISSON,5
BUIST,5
BUITRAGO,5
BUITRON,10
BUJA,5
BUJAK,5
BUJARSKI,5
BUJNOWSKI,5
BUJOL,5
BUKER,10
BUKHARI,5
BUKOVAC,5
BUKOVSKY,5
BUKOWIECKI,5
BUKOWINSKI,5
BUKOWSKI,10
BUKRIM,5
BULA,5
BULACAN,5
BULAN,5
BULAND,5
BULARZ,5
BULAT,5
BULCAO,5
BULEY,5
BULFER,5
BULGARELLA,5
BULGER,10
BULGIN,5
BULGRIN,5
BULICK,5
BULIK,5
BULIN,5
BULINSKI,5
BULISCO,5
BULKELEY,5
BULKIN,5
BULKLEY,10
BULL,50
BULLA,5
BULLAND,5
BULLARA,5
BULLARD,90
BULLARO,5
BULLE,5
BULLEN,10
BULLER,10
BULLERI,5
BULLERS,5
BULLERT,5
BULLERWELL,5
BULLETT,5
BULLIE,5
BULLIN,5
BULLINER,5
BULLINGER,5
BULLINGTON,20
BULLINS,10
BULLION,10
BULLIS,10
BULLIVANT,5
BULLMAN,5
BULLMORE,5
BULLO,5
BULLOCH,10
BULLOCK,200
BULLOCKS,5
BULLS,5
BULLUCK,10
BULMAN,5
BULMER,5
BULNES,5
BULOCK,5
BULOSAN,5
BULOW,5
BULSON,5
BULT,5
BULTEMA,5
BULTER,20
BULTMAN,5
BULTRON,5
BULWINKLE,5
BUMAN,5
BUMATAY,5
BUMBA,5
BUMBACA,5
BUMBALO,5
BUMBALOUGH,5
BUMBRAY,5
BUMBREY,5
BUMBY,5
BUMFORD,5
BUMGARDNER,10
BUMGARNER,30
BUMM,5
BUMP,20
BUMPAS,5
BUMPASS,5
BUMPAUS,5
BUMPERS,10
BUMPS,5
BUMPUS,10
BUMSTEAD,5
BUN,5
BUNAL,5
BUNCE,10
BUNCH,110
BUNCHE,5
BUNCK,5
BUNDA,5
BUNDAGE,5
BUNDE,5
BUNDETTE,5
BUNDI,5
BUNDICK,5
BUNDLEY,5
BUNDREN,5
BUNDRICK,5
BUNDSCHUH,5
BUNDY,50
BUNES,5
BUNETTA,5
BUNGARD,5
BUNGART,5
BUNGAY,5
BUNGE,5
BUNGER,10
BUNGERT,5
BUNGO,5
BUNGY,5
BUNK,5
BUNKE,5
BUNKER,30
BUNKERS,5
BUNKLEY,5
BUNN,50
BUNNELL,30
BUNNER,5
BUNNING,5
BUNSELMEYER,5
BUNSON,5
BUNT,5
BUNTAIN,5
BUNTE,5
BUNTEN,5
BUNTENBACH,5
BUNTIN,10
BUNTING,30
BUNTJER,5
BUNTON,20
BUNTROCK,5
BUNTS,5
BUNTYN,5
BUNTZ,5
BUNYAN,5
BUNYARD,10
BUNYEA,5
BUNZEY,5
BUOL,5
BUONADONNA,5
BUONAIUTO,5
BUONAMICI,5
BUONANNO,5
BUONASSISI,5
BUONO,10
BUONOCORE,5
BUONOMO,5
BUONTEMPO,5
BUOTE,5
BUOY,5
BUPP,5
BUQUET,5
BUQUO,5
BUR,5
BURAK,5
BURAKOWSKI,5
BURAN,5
BURANDT,5
BURAS,5
BURATTI,5
BURAU,5
BURBA,5
BURBACH,10
BURBACK,5
BURBAGE,10
BURBANK,20
BURBANO,5
BURBIDGE,5
BURBINE,5
BURBRIDGE,5
BURBY,5
BURCE,5
BURCH,140
BURCHAM,20
BURCHARD,10
BURCHELL,10
BURCHESS,5
BURCHETT,40
BURCHETTE,10
BURCHFIEL,5
BURCHFIELD,40
BURCHILL,5
BURCHINAL,5
BURCIAGA,10
BURCIN,5
BURCK,5
BURCKHARD,5
BURCZYK,5
BURD,10
BURDA,5
BURDE,5
BURDELL,5
BURDEN,50
BURDESHAW,5
BURDESS,5
BURDETT,20
BURDETTE,40
BURDEX,5
BURDG,5
BURDGE,10
BURDI,5
BURDICK,50
BURDIER,5
BURDIN,5
BURDINE,20
BURDIS,5
BURDITT,10
BURDMAN,5
BURDO,5
BURDOCK,5
BURDON,5
BURDSALL,5
BURDZEL,5
BURE,5
BUREAU,5
BUREL,5
BURELL,5
BUREN,5
BURES,5
BURESH,5
BURESS,5
BURETTA,5
BURFEIND,5
BURFIELD,5
BURFORD,20
BURG,20
BURGA,5
BURGAMY,5
BURGAN,10
BURGARD,5
BURGARDT,5
BURGAS,5
BURGBACHER,5
BURGDORF,5
BURGDORFER,5
BURGE,40
BURGEES,5
BURGEN,5
BURGENER,5
BURGER,80
BURGERT,5
BURGES,10
BURGESON,5
BURGESS,310
BURGET,5
BURGETT,20
BURGETTE,5
BURGEY,5
BURGGRAF,5
BURGH,5
BURGHARD,5
BURGHARDT,5
BURGHART,5
BURGHER,10
BURGIE,5
BURGIN,20
BURGIO,5
BURGLIN,5
BURGMAN,5
BURGNER,5
BURGO,5
BURGOA,5
BURGOON,10
BURGOS,80
BURGOYNE,10
BURGRAFF,5
BURGS,5
BURGUENO,5
BURGUN,5
BURGY,5
BURHAM,5
BURHANS,5
BURHANUDDIN,5
BURI,5
BURIAN,5
BURICH,5
BURICK,5
BURIGSAY,5
BURIN,5
BURINGTON,5
BURIS,5
BURK,50
BURKA,5
BURKARD,5
BURKART,10
BURKDOLL,5
BURKE,440
BURKEEN,5
BURKEL,5
BURKER,5
BURKERT,5
BURKES,10
BURKET,10
BURKETT,80
BURKETTE,5
BURKEY,10
BURKHALTER,20
BURKHAM,5
BURKHAMMER,5
BURKHARD,5
BURKHARDT,20
BURKHART,60
BURKHEAD,10
BURKHOLDER,30
BURKI,5
BURKIN,5
BURKINS,5
BURKITT,5
BURKLAND,5
BURKLE,5
BURKLEO,5
BURKLEY,10
BURKLOW,5
BURKLY,5
BURKMAN,5
BURKOWSKI,5
BURKS,130
BURKSTRAND,5
BURL,5
BURLAGE,5
BURLAND,5
BURLANDO,5
BURLAZA,5
BURLE,5
BURLEIGH,10
BURLESON,40
BURLETT,5
BURLETTE,5
BURLEW,5
BURLEY,30
BURLILE,5
BURLIN,5
BURLING,10
BURLINGAME,10
BURLINGHAM,5
BURLINGTON,5
BURLISON,10
BURLOCK,5
BURLSON,5
BURLY,5
BURM,5
BURMAN,10
BURMASTER,5
BURMEISTER,20
BURMESTER,5
BURMSIDE,5
BURN,5
BURNAM,10
BURNAMAN,5
BURNAP,5
BURNARD,5
BURNASH,5
BURNAUGH,5
BURNEISEN,5
BURNELL,20
BURNER,10
BURNES,10
BURNESS,5
BURNET,5
BURNETT,230
BURNETTE,70
BURNEY,40
BURNHAM,60
BURNIAS,5
BURNIE,5
BURNINGHAM,5
BURNISON,5
BURNLEY,10
BURNO,5
BURNS,650
BURNSED,5
BURNSIDE,40
BURNSTEIN,5
BURNSWORTH,5
BURNUM,5
BURNWORTH,5
BURO,5
BUROKER,5
BURON,5
BUROW,5
BUROWS,5
BURPEE,10
BURPO,10
BURR,70
BURRAGE,10
BURRALL,5
BURRAS,5
BURREL,5
BURRELL,90
BURRELLI,5
BURRER,5
BURRES,5
BURRESON,5
BURRESS,20
BURRI,5
BURRICHTER,5
BURRIDGE,5
BURRIER,10
BURRIES,5
BURRIESCI,5
BURRIGHT,5
BURRILL,10
BURRINGTON,5
BURRIS,130
BURRISS,10
BURRITT,10
BURROLA,5
BURROSS,5
BURROUGH,10
BURROUGHS,70
BURROUS,5
BURROW,30
BURROWES,10
BURROWS,60
BURRS,5
BURRUEL,5
BURRUP,5
BURRUS,20
BURRUSS,10
BURRY,5
BURSCH,5
BURSE,10
BURSELL,5
BURSEY,5
BURSI,5
BURSIK,5
BURSLEY,5
BURSON,20
BURSTEIN,5
BURSTON,5
BURT,120
BURTCH,10
BURTCHELL,5
BURTELL,5
BURTENSHAW,5
BURTH,5
BURTIN,5
BURTIS,5
BURTLE,5
BURTLESS,5
BURTMAN,5
BURTNER,5
BURTON,460
BURTS,5
BURTSCHI,5
BURTT,5
BURTTRAM,5
BURTTS,5
BURUM,5
BURVINE,5
BURWELL,20
BURWICK,5
BURWINKEL,5
BURWOOD,5
BURY,10
BURZLAFF,5
BURZYNSKI,5
BUSA,5
BUSACCA,5
BUSACK,5
BUSACKER,5
BUSALACCHI,5
BUSARD,5
BUSBEE,5
BUSBEY,5
BUSBIN,5
BUSBOOM,5
BUSBY,70
BUSCAGLIA,5
BUSCARINO,5
BUSCEMI,5
BUSCH,60
BUSCHE,5
BUSCHER,10
BUSCHMAN,5
BUSCHMANN,5
BUSCHNER,5
BUSCHUR,5
BUSE,10
BUSECK,5
BUSEMAN,5
BUSENBARK,5
BUSENIUS,5
BUSER,10
BUSEY,10
BUSH,360
BUSHARD,5
BUSHART,5
BUSHAW,5
BUSHBY,5
BUSHEE,10
BUSHELL,5
BUSHER,5
BUSHEY,20
BUSHFIELD,5
BUSHIE,5
BUSHLEN,5
BUSHMAKER,5
BUSHMAN,20
BUSHNELL,20
BUSHNER,5
BUSHONG,10
BUSHORN,5
BUSHOVISKY,5
BUSHROD,5
BUSHWAY,10
BUSHWELLER,5
BUSHY,5
BUSI,5
BUSIC,5
BUSICK,10
BUSICO,5
BUSIE,5
BUSING,5
BUSITZKY,5
BUSK,5
BUSKE,10
BUSKER,5
BUSKEY,5
BUSKIRK,10
BUSKOHL,5
BUSL,5
BUSLER,5
BUSMAN,5
BUSQUE,5
BUSS,30
BUSSA,5
BUSSANI,5
BUSSARD,10
BUSSCHER,5
BUSSE,20
BUSSELBERG,5
BUSSELL,20
BUSSEN,5
BUSSER,5
BUSSERT,5
BUSSEY,30
BUSSIE,5
BUSSIERE,10
BUSSING,5
BUSSINGER,5
BUSSINK,5
BUSSKOHL,5
BUSSLER,5
BUSSMAN,5
BUSSMANN,5
BUSSOM,5
BUSSON,5
BUSSONE,5
BUSSY,5
BUSTA,5
BUSTAD,5
BUSTAMANTE,50
BUSTAMENTE,5
BUSTARD,5
BUSTER,10
BUSTILLO,5
BUSTILLOS,10
BUSTIN,5
BUSTINZA,5
BUSTIOS,5
BUSTLE,5
BUSTO,5
BUSTOS,30
BUSUTTIL,5
BUSWELL,10
BUSZAK,5
BUT,5
BUTAC,5
BUTALA,5
BUTANDA,5
BUTAUD,5
BUTAY,5
BUTCH,5
BUTCHEE,5
BUTCHER,80
BUTCHKO,5
BUTE,5
BUTEAU,10
BUTEAUX,5
BUTEL,5
BUTENHOFF,5
BUTERA,10
BUTERBAUGH,10
BUTEUX,5
BUTH,5
BUTHER,5
BUTKIEWICZ,5
BUTKOVICH,10
BUTKOWSKI,5
BUTKUS,5
BUTLAND,5
BUTLER,910
BUTMAN,5
BUTNER,10
BUTOR,5
BUTORAC,5
BUTREMOVIC,5
BUTRICK,5
BUTRON,5
BUTSCH,5
BUTSCHER,5
BUTT,20
BUTTA,5
BUTTACCIO,5
BUTTARI,5
BUTTARO,5
BUTTARS,10
BUTTE,5
BUTTEL,5
BUTTER,5
BUTTERBAUGH,5
BUTTERFIELD,50
BUTTERIS,5
BUTTERMORE,5
BUTTERS,20
BUTTERWORTH,10
BUTTERY,5
BUTTIMER,5
BUTTINO,5
BUTTITTA,5
BUTTKE,5
BUTTLER,10
BUTTNER,5
BUTTOLPH,5
BUTTON,30
BUTTRAM,10
BUTTRAY,5
BUTTREY,10
BUTTRICK,5
BUTTROSS,5
BUTTRUM,5
BUTTRY,5
BUTTS,110
BUTTZ,5
BUTZ,10
BUTZEN,5
BUTZER,5
BUTZKE,5
BUTZLAFF,5
BUVENS,5
BUVINGHAUSEN,5
BUX,5
BUXBAUM,5
BUXTON,30
BUYAK,5
BUYCK,5
BUYES,5
BUYS,5
BUYSSE,5
BUZA,5
BUZARD,10
BUZBEE,10
BUZBY,5
BUZEK,5
BUZHARDT,5
BUZIAK,5
BUZICK,5
BUZIS,5
BUZO,5
BUZZA,5
BUZZANCA,5
BUZZARD,10
BUZZELL,20
BUZZELLE,5
BUZZELLI,5
BUZZEO,5
BUZZI,5
BUZZO,5
BVERGER,5
BYAL,5
BYAM,5
BYAN,5
BYANT,5
BYARD,10
BYARS,30
BYAS,10
BYASSEE,5
BYBEE,20
BYBEL,5
BYCZEK,5
BYE,10
BYER,10
BYERLEY,5
BYERLY,20
BYERS,130
BYES,5
BYFIELD,10
BYFORD,10
BYHAM,5
BYINGTON,10
BYKER,5
BYKOWSKI,5
BYLAND,5
BYLER,20
BYLES,5
BYLSMA,5
BYLUND,5
BYMAN,5
BYNAM,5
BYND,5
BYNDON,5
BYNER,5
BYNES,5
BYNOE,10
BYNON,5
BYNUM,70
BYNUN,5
BYOD,5
BYON,5
BYONE,5
BYOUS,5
BYRA,5
BYRAM,10
BYRAN,5
BYRANT,5
BYRD,410
BYRDSONG,5
BYRER,5
BYRGE,10
BYRLEY,5
BYRN,5
BYRNE,100
BYRNES,40
BYRNS,10
BYRNSIDE,5
BYRO,5
BYROM,10
BYRON,20
BYRUM,20
BYSE,5
BYSTROM,5
BYSTRON,5
BYTHER,5
BYTHEWAY,5
BYUN,5
BYUS,5
BYWATER,5
BYWATERS,5
BZHYAN,5
CAAL,5
CAAMANO,5
CABA,10
CABADA,5
CABADING,5
CABAG,5
CABAL,5
CABALLERO,60
CABALLES,5
CABAM,5
CABAN,30
CABANA,10
CABANAS,5
CABANELA,5
CABANES,5
CABANILLA,5
CABANILLAS,5
CABANISS,5
CABARCAS,5
CABASSO,5
CABATU,5
CABBAGESTALK,5
CABBELL,5
CABBLE,5
CABE,10
CABEBE,5
CABECEIRA,5
CABELL,10
CABELLERO,5
CABELLO,10
CABELLON,5
CABERA,5
CABERTO,5
CABEZA,5
CABEZAS,10
CABIBBO,5
CABIDO,5
CABILES,5
CABILTES,5
CABINESS,5
CABIYA,5
CABLA,5
CABLE,40
CABLER,5
CABLES,5
CABON,5
CABORN,5
CABOS,5
CABOT,10
CABOTAGE,5
CABOTAJE,5
CABRAL,50
CABRALES,10
CABRAR,5
CABRARA,5
CABREJA,5
CABRENA,5
CABRERA,150
CABRERO,5
CABREROS,5
CABRIALES,5
CABUGOS,5
CACACE,5
CACAL,5
CACATIAN,5
CACCAMISE,5
CACCAMO,5
CACCAVALE,5
CACCIA,5
CACCIATORE,5
CACCIATORI,5
CACCIOLA,5
CACCIOTTI,5
CACERES,10
CACHERO,5
CACHO,10
CACHOLA,5
CACHU,5
CACI,5
CACIBAUDA,5
CACIOPPO,5
CACKETT,5
CACKOWSKI,5
CACY,5
CADA,5
CADARETTE,5
CADAVID,5
CADAVIECO,5
CADDEL,5
CADDELL,10
CADDEN,5
CADDICK,5
CADDIGAN,5
CADDLE,5
CADDY,5
CADE,40
CADELINA,5
CADEMARTORI,5
CADEN,5
CADENA,20
CADENAS,5
CADENHEAD,5
CADER,5
CADET,10
CADICE,5
CADIEUX,5
CADIGAN,5
CADIZ,10
CADLE,10
CADLETT,5
CADMAN,5
CADMEN,5
CADMUS,5
CADOFF,5
CADOGAN,10
CADORETTE,10
CADOTTE,5
CADOY,5
CADRETTE,5
CADRIEL,5
CADWALLADER,10
CADWELL,10
CADY,40
CAESAR,20
CAETANO,5
CAEZ,5
CAFAGNO,5
CAFARELLA,5
CAFARELLI,5
CAFARO,5
CAFASSO,5
CAFFAREL,5
CAFFARELLI,5
CAFFEE,10
CAFFENTZIS,5
CAFFERKY,5
CAFFERTY,5
CAFFERY,5
CAFFEY,10
CAFFIE,5
CAFFREY,10
CAFLISCH,5
CAFOUREK,5
CAGAN,5
CAGE,20
CAGER,5
CAGEY,5
CAGGIANO,10
CAGLE,60
CAGLEY,5
CAGLIOSTRO,5
CAGNEY,5
CAGNO,5
CAGNON,5
CAGUIMBAL,5
CAHAL,5
CAHALAN,5
CAHALANE,5
CAHALL,5
CAHAN,5
CAHEE,5
CAHELA,5
CAHILL,70
CAHILLANE,5
CAHN,5
CAHO,5
CAHOON,20
CAHUE,5
CAI,10
CAIAFA,5
CAIAZZO,5
CAICEDO,5
CAIL,5
CAILLER,5
CAILLIER,5
CAILLOUET,5
CAIMI,5
CAIN,240
CAINE,10
CAINES,10
CAINGLIT,5
CAINION,5
CAINNE,5
CAINS,5
CAIOZZO,5
CAIRA,5
CAIRE,5
CAIRES,5
CAIRNS,20
CAIRO,5
CAIRONE,5
CAISON,10
CAISSE,5
CAISSIE,5
CAITO,5
CAIVANO,5
CAJAS,5
CAJERO,5
CAJIGAS,10
CAJKA,5
CAJUCOM,5
CAJULUS,5
CAJUNE,5
CAKANIC,5
CAKE,5
CAKMAK,5
CAL,5
CALABRESE,30
CALABRETTA,5
CALABRIA,5
CALABRO,10
CALAF,5
CALAHAN,10
CALAIS,5
CALAMARE,5
CALAMARI,5
CALAMARINO,5
CALAME,5
CALAMIA,5
CALAMITY,5
CALANDRA,5
CALARCO,5
CALAWAY,10
CALAYCAY,5
CALBERT,5
CALCAGINO,5
CALCAGNI,5
CALCAGNO,5
CALCANO,5
CALCAO,5
CALCARA,5
CALCATERRA,5
CALCHERA,5
CALCIANO,5
CALCO,5
CALCOTE,10
CALCUTT,5
CALDARELLA,5
CALDARERA,5
CALDARONE,5
CALDAS,5
CALDEIRA,5
CALDER,20
CALDERA,20
CALDERARA,5
CALDERARO,5
CALDERIN,5
CALDERO,5
CALDERON,140
CALDERONE,10
CALDERSON,5
CALDERWOOD,10
CALDON,5
CALDORON,5
CALDRON,5
CALDWELL,390
CALE,10
CALEB,5
CALEGARI,5
CALEMINE,5
CALENDER,5
CALENDINE,5
CALER,5
CALERO,5
CALES,10
CALEY,10
CALFEE,10
CALGER,5
CALHAUN,5
CALHOON,10
CALHOUN,200
CALI,10
CALIBUSO,5
CALICA,5
CALICO,5
CALICOTT,5
CALICUT,5
CALICUTT,5
CALIENDO,5
CALIFANO,5
CALIFF,5
CALIGARI,5
CALIGIURI,5
CALIGUIRE,5
CALIJA,5
CALIMAN,5
CALIN,5
CALIP,5
CALISE,5
CALISTO,5
CALIX,5
CALIXTE,5
CALIXTO,5
CALIXTRO,5
CALIZ,5
CALIZO,5
CALK,5
CALKIN,5
CALKINS,40
CALL,60
CALLABRASS,5
CALLADO,5
CALLAGHAN,30
CALLAGHER,5
CALLAGY,5
CALLAHAM,10
CALLAHAN,190
CALLAIS,5
CALLAM,5
CALLAN,10
CALLANAN,10
CALLANDER,5
CALLAR,5
CALLARI,5
CALLARMAN,5
CALLARO,5
CALLAS,10
CALLAWAY,50
CALLE,10
CALLEGARI,5
CALLEJA,5
CALLEJAS,5
CALLEJO,5
CALLEN,20
CALLENDAR,5
CALLENDER,30
CALLENS,5
CALLEO,5
CALLER,5
CALLEROS,5
CALLERY,5
CALLES,10
CALLEY,5
CALLEZ,5
CALLICOAT,10
CALLICOTT,5
CALLICUTT,5
CALLIER,10
CALLIES,5
CALLIGAN,5
CALLIGARO,5
CALLIGY,5
CALLIHAM,5
CALLIHAN,10
CALLIN,5
CALLINAN,5
CALLINGTON,5
CALLINS,5
CALLIS,20
CALLISON,10
CALLISTE,5
CALLISTER,5
CALLNAN,5
CALLO,5
CALLON,5
CALLOW,5
CALLOWAY,80
CALLSEN,5
CALLUM,5
CALMES,5
CALMESE,5
CALNAN,5
CALNEN,5
CALNICK,5
CALNIMPTEWA,5
CALO,5
CALOCA,5
CALOGERO,5
CALONNE,5
CALONSAG,5
CALOWELL,5
CALPIN,5
CALRK,5
CALTA,5
CALTABIANO,5
CALTAGIRONE,5
CALTON,10
CALUMAG,5
CALUYA,5
CALVAN,5
CALVANI,5
CALVANO,5
CALVARESI,5
CALVARUSO,5
CALVARY,5
CALVELLO,5
CALVELO,5
CALVENT,5
CALVER,5
CALVERLEY,5
CALVERT,70
CALVERY,5
CALVETTI,5
CALVEY,5
CALVI,5
CALVILLO,20
CALVIN,40
CALVINO,5
CALVO,20
CALWAY,5
CALWELL,5
CALZADA,10
CALZADILLA,5
CALZADO,5
CALZONE,5
CAM,5
CAMACHO,170
CAMACK,5
CAMAEHO,5
CAMAJ,5
CAMAK,5
CAMANCHO,5
CAMANO,5
CAMARA,20
CAMARATA,5
CAMARDA,5
CAMARENA,10
CAMARENO,5
CAMARERO,5
CAMARGO,10
CAMARILLO,30
CAMARON,5
CAMASTRO,5
CAMBA,5
CAMBARERI,5
CAMBEL,5
CAMBELL,30
CAMBERO,5
CAMBEROS,5
CAMBI,5
CAMBIA,5
CAMBLE,5
CAMBRA,10
CAMBRE,5
CAMBRIA,5
CAMBRIC,5
CAMBRIDGE,10
CAMBRON,10
CAMBRONNE,5
CAMBURN,5
CAMCAM,5
CAMDEN,10
CAMEJO,5
CAMEL,5
CAMELI,5
CAMELIN,5
CAMELL,5
CAMELO,5
CAMENISCH,5
CAMERA,5
CAMERANO,5
CAMERENA,5
CAMERINO,5
CAMERO,5
CAMERON,210
CAMEY,5
CAMFERDAM,5
CAMFIELD,5
CAMIC,5
CAMIDGE,5
CAMILLE,5
CAMILLERI,5
CAMILLI,5
CAMILLO,5
CAMILO,5
CAMINERO,5
CAMINITA,5
CAMINITI,5
CAMINO,5
CAMINOS,5
CAMIRE,10
CAMISA,5
CAMLIN,5
CAMM,5
CAMMACK,10
CAMMARANO,5
CAMMARATA,10
CAMMARN,5
CAMMAROTA,5
CAMMON,5
CAMON,5
CAMORS,5
CAMP,110
CAMPA,10
CAMPAGNA,10
CAMPAGNE,5
CAMPAGNINI,5
CAMPAGNONE,5
CAMPAIN,5
CAMPAINHA,5
CAMPANA,10
CAMPANARO,5
CAMPANELLA,10
CAMPANELLI,10
CAMPANILE,5
CAMPANY,5
CAMPAS,10
CAMPAU,5
CAMPBEL,5
CAMPBELL,1490
CAMPBLE,5
CAMPEAN,5
CAMPEAU,5
CAMPELL,5
CAMPELLONE,5
CAMPEN,5
CAMPER,20
CAMPESE,5
CAMPFIELD,10
CAMPI,5
CAMPILLO,5
CAMPION,10
CAMPIONE,5
CAMPISE,5
CAMPISI,10
CAMPMAN,5
CAMPO,10
CAMPOBASSO,5
CAMPOLI,5
CAMPOLO,5
CAMPOLONGO,5
CAMPORA,5
CAMPOS,190
CAMPOSANO,5
CAMPOVERDE,5
CAMPOY,5
CAMPS,5
CAMPTON,5
CAMPUS,5
CAMPUSANO,5
CAMPUZANO,10
CAMREN,5
CAMUS,5
CAMUSO,5
CAN,5
CANA,5
CANAAN,5
CANADA,40
CANADAY,10
CANADY,30
CANAK,5
CANAL,5
CANALE,10
CANALES,60
CANALEZ,5
CANAN,5
CANANT,5
CANARD,5
CANARIO,5
CANARTE,5
CANARY,5
CANAS,10
CANATELLA,5
CANAVAN,10
CANAWAY,5
CANBY,5
CANCE,5
CANCEL,10
CANCELLIERE,5
CANCER,5
CANCHOLA,10
CANCILLA,5
CANCINO,5
CANCIO,5
CANCLINI,5
CANCRO,5
CANDANOZA,5
CANDEE,5
CANDELA,5
CANDELARIA,30
CANDELARIO,10
CANDELL,5
CANDELLA,5
CANDERS,5
CANDIA,5
CANDIDO,5
CANDILL,5
CANDLAND,5
CANDLE,5
CANDLER,10
CANDLISH,5
CANDON,5
CANDOZO,5
CANDY,5
CANE,10
CANEDO,5
CANEDY,5
CANEER,5
CANEL,5
CANELA,10
CANELES,5
CANELLA,5
CANELLAS,5
CANELO,5
CANEPA,5
CANERDAY,5
CANES,5
CANESTRARO,5
CANESTRINI,5
CANESTRO,5
CANETE,5
CANETTA,5
CANEVA,5
CANEVARI,5
CANEVAZZI,5
CANEY,5
CANEZ,5
CANEZA,5
CANFIELD,40
CANGAS,5
CANGE,5
CANGELOSI,10
CANGEMI,5
CANGEY,5
CANGIALOSI,5
CANGIANO,5
CANHAM,5
CANIDA,5
CANINO,5
CANION,5
CANIPE,10
CANIZALES,10
CANIZARES,5
CANLAS,5
CANN,10
CANNADA,5
CANNADAY,10
CANNADY,20
CANNAN,5
CANNARD,5
CANNATA,5
CANNATELLA,5
CANNAVO,5
CANNEDY,5
CANNELL,5
CANNELLA,10
CANNELLOS,5
CANNER,5
CANNEY,5
CANNIFF,5
CANNING,10
CANNINGTON,5
CANNISTRARO,5
CANNIZZARO,5
CANNIZZO,5
CANNON,300
CANNONE,5
CANNONIER,5
CANNULI,5
CANNY,5
CANO,90
CANON,10
CANONICA,5
CANONICO,5
CANORI,5
CANOVA,5
CANOY,5
CANPOS,5
CANSECO,5
CANSIBOG,5
CANSINO,5
CANSLER,10
CANSLOR,5
CANSON,5
CANTA,5
CANTABRANA,5
CANTADORE,5
CANTAKIS,5
CANTARA,10
CANTARANO,5
CANTARELLA,5
CANTATORE,5
CANTAVE,5
CANTE,5
CANTELL,5
CANTELLA,5
CANTER,20
CANTERBERRY,5
CANTERBURY,10
CANTERO,10
CANTEY,5
CANTFIELD,5
CANTILLO,5
CANTIN,10
CANTINE,5
CANTLEY,5
CANTLOW,5
CANTO,10
CANTON,10
CANTONE,5
CANTONI,5
CANTOR,20
CANTORAL,5
CANTORAN,5
CANTORE,5
CANTOS,5
CANTRALL,5
CANTRE,5
CANTREL,5
CANTRELL,140
CANTRELLE,5
CANTRES,5
CANTU,150
CANTUA,5
CANTV,5
CANTWELL,30
CANTY,40
CANU,5
CANUL,5
CANUP,10
CANUPP,5
CANUTE,5
CANWELL,5
CANZIO,5
CANZONERI,5
CAO,20
CAOAGDAN,5
CAOILE,5
CAOILI,5
CAOUETTE,10
CAP,5
CAPACCINO,5
CAPALBO,5
CAPALDI,5
CAPALDO,5
CAPALONGAN,5
CAPAN,5
CAPANNA,5
CAPANO,5
CAPARELLI,5
CAPAROULA,5
CAPARROS,5
CAPAS,5
CAPASSO,10
CAPATA,5
CAPATI,5
CAPDEVILLE,5
CAPE,10
CAPECE,5
CAPEHART,10
CAPEK,5
CAPEL,10
CAPELL,5
CAPELLA,5
CAPELLAN,5
CAPELLAS,5
CAPELLI,5
CAPELLO,5
CAPELO,5
CAPELS,5
CAPEN,5
CAPENER,5
CAPER,5
CAPERON,5
CAPERS,20
CAPERTON,10
CAPES,5
CAPESTANY,5
CAPESTRO,5
CAPETILLO,10
CAPETL,5
CAPEZZUTO,5
CAPICOTTO,5
CAPIGA,5
CAPILLA,5
CAPINPIN,5
CAPISTRAN,5
CAPITANI,5
CAPITANO,5
CAPITO,5
CAPIZZI,5
CAPLAN,10
CAPLE,10
CAPLENER,5
CAPLES,10
CAPLETTE,5
CAPLEY,5
CAPLIN,5
CAPLINGER,10
CAPO,10
CAPOBIANCO,10
CAPOCCIA,5
CAPONE,20
CAPONERA,5
CAPONI,5
CAPONIGRO,5
CAPORALE,5
CAPORALI,5
CAPORICCIO,5
CAPOSOLE,5
CAPOSSELA,5
CAPOTE,5
CAPOUCH,5
CAPOZZI,10
CAPOZZOLI,5
CAPP,10
CAPPA,5
CAPPAERT,5
CAPPARELLI,5
CAPPAS,5
CAPPEL,5
CAPPELLANO,5
CAPPELLETTI,5
CAPPELLI,5
CAPPELLINI,5
CAPPELLO,10
CAPPELLUTI,5
CAPPER,5
CAPPETTA,5
CAPPIELLO,5
CAPPLEMAN,5
CAPPO,5
CAPPOLA,5
CAPPONI,5
CAPPS,80
CAPPUCCI,5
CAPRA,10
CAPRACOTTA,5
CAPRARIO,5
CAPRARO,5
CAPRI,5
CAPRIA,5
CAPRICCIOSO,5
CAPRICE,5
CAPRIO,10
CAPRIOLA,5
CAPRIOTTI,5
CAPRISTO,5
CAPRON,5
CAPSHAW,5
CAPSHAWS,5
CAPTAIN,5
CAPUA,5
CAPUANO,10
CAPUCHIN,5
CAPULONG,5
CAPURRO,5
CAPUTI,5
CAPUTO,20
CAPUZZI,5
CAPWELL,5
CAQUIAS,5
CAR,5
CARA,5
CARABAJAL,5
CARABALLO,40
CARABELLO,5
CARABEZ,5
CARABINE,5
CARACCI,5
CARACCIOLA,5
CARACCIOLO,5
CARACSO,5
CARADINE,5
CARADONNA,5
CARAHER,5
CARAIG,5
CARAKER,5
CARAM,5
CARAMANICA,5
CARAMELLA,5
CARAMELO,5
CARANDANG,5
CARANGELO,5
CARANO,5
CARANZA,5
CARAS,5
CARASCO,5
CARASQUILLO,5
CARATHERS,5
CARATTINI,5
CARAVALHO,5
CARAVANTES,5
CARAVATI,5
CARAVELLA,5
CARAVELLO,5
CARAVEO,5
CARAVETTA,5
CARAWAY,30
CARBACK,5
CARBAJAL,30
CARBAL,5
CARBALLO,10
CARBARY,5
CARBAUGH,20
CARBEE,5
CARBERRY,10
CARBERY,5
CARBIN,5
CARBINE,5
CARBO,5
CARBON,5
CARBONARA,5
CARBONARO,5
CARBONE,50
CARBONEAU,5
CARBONELL,10
CARBONELLA,5
CARBONI,5
CARBONNEAU,5
CARBY,5
CARCAMO,5
CARCANA,5
CARCANO,5
CARCHI,5
CARCHIDI,5
CARCIA,5
CARCIERI,5
CARCO,5
CARD,40
CARDA,5
CARDAMONE,5
CARDANI,5
CARDARELLI,5
CARDAZONE,5
CARDEIRO,5
CARDEJON,5
CARDELL,5
CARDELLA,10
CARDELLI,5
CARDELLO,10
CARDEN,30
CARDENA,5
CARDENAL,5
CARDENAS,150
CARDENOS,5
CARDER,30
CARDERA,5
CARDERO,5
CARDI,5
CARDIEL,10
CARDIFF,5
CARDILLO,10
CARDIMINO,5
CARDIN,10
CARDINAL,10
CARDINALE,10
CARDINALI,5
CARDINALLI,5
CARDINAS,5
CARDINE,5
CARDINO,5
CARDISH,5
CARDLE,5
CARDNO,5
CARDO,5
CARDON,5
CARDONA,60
CARDONE,10
CARDONI,5
CARDONIA,5
CARDONO,5
CARDOSA,5
CARDOSI,5
CARDOSO,10
CARDOVA,5
CARDOZA,30
CARDOZO,5
CARDUCCI,5
CARDWELL,60
CARDY,5
CARE,5
CAREAGA,5
CAREL,5
CARELA,5
CARELLA,5
CARELLO,5
CAREN,5
CARETHERS,5
CARETTO,5
CAREW,5
CAREY,190
CARFAGNO,5
CARFORA,5
CARFREY,5
CARGILE,10
CARGILL,20
CARGLE,5
CARGO,10
CARHART,5
CARIAGA,5
CARIAS,5
CARIASO,5
CARICO,10
CARICOFE,5
CARIDDI,5
CARIDE,5
CARIDEO,5
CARIDINE,5
CARIE,5
CARIELLO,5
CARIGNAN,10
CARIKER,5
CARILLI,5
CARILLION,5
CARILLO,20
CARIN,5
CARINA,5
CARINE,5
CARINGI,5
CARINI,10
CARINIO,5
CARINO,10
CARIOSCIA,5
CARIS,5
CARISTO,5
CARITHERS,5
CARIVEAU,5
CARKHUFF,5
CARKNARD,5
CARL,40
CARLACCI,5
CARLAN,5
CARLAND,5
CARLBERG,10
CARLE,10
CARLEE,5
CARLEN,5
CARLEO,5
CARLES,5
CARLETON,20
CARLEW,5
CARLEY,10
CARLI,5
CARLILE,20
CARLILL,5
CARLIN,40
CARLINE,5
CARLINGTON,5
CARLINI,5
CARLINO,10
CARLIS,5
CARLISE,5
CARLISLE,90
CARLL,5
CARLO,10
CARLOCK,10
CARLON,5
CARLONE,5
CARLONI,5
CARLOS,30
CARLOUGH,5
CARLOW,5
CARLOZZI,5
CARLS,10
CARLSEN,10
CARLSLEY,5
CARLSON,420
CARLSSON,5
CARLSTEN,5
CARLSTON,5
CARLSTROM,5
CARLTON,100
CARLUCCI,10
CARLYE,5
CARLYLE,20
CARLYON,5
CARMACK,20
CARMAIN,5
CARMAN,30
CARMANT,5
CARMANY,5
CARMEAN,10
CARMEL,5
CARMELL,5
CARMELLA,5
CARMELLO,5
CARMEN,10
CARMENA,5
CARMER,5
CARMICHAEL,90
CARMICHEAL,5
CARMICHEL,5
CARMICKEL,5
CARMICKLE,5
CARMICLE,5
CARMIN,5
CARMINE,5
CARMLEY,5
CARMODY,20
CARMOLLI,5
CARMON,10
CARMONA,60
CARMONY,5
CARMOUCHE,10
CARN,10
CARNAGEY,5
CARNAHAN,40
CARNAHIBA,5
CARNALL,5
CARNALLA,5
CARNATHAN,5
CARNE,5
CARNEAL,10
CARNEGIA,5
CARNEGIE,10
CARNELL,10
CARNER,10
CARNERO,5
CARNES,60
CARNETT,5
CARNEVALE,10
CARNEY,130
CARNICELLI,5
CARNIE,5
CARNIGHAN,5
CARNILLO,5
CARNINE,5
CARNLEY,5
CARNOHAN,5
CARNOSKE,5
CARNOVALE,5
CARNRIKE,5
CARNS,5
CARO,30
CARODINE,5
CAROL,10
CAROLAN,10
CAROLFI,5
CAROLI,5
CAROLIN,5
CAROLINA,10
CAROLINE,5
CAROLL,10
CAROLLA,5
CAROLLO,10
CAROLUS,5
CARON,70
CARONE,10
CARONNA,5
CAROSELLA,5
CAROSELLI,5
CAROSIELLO,5
CAROTA,5
CAROTENUTO,5
CAROTHERS,20
CAROUTHERS,5
CAROVSKI,5
CAROW,5
CAROWAY,5
CAROZZA,5
CARP,5
CARPANINI,5
CARPEN,5
CARPENITO,5
CARPENTE,5
CARPENTER,530
CARPENTIER,10
CARPENTIERI,5
CARPER,20
CARPINELLI,5
CARPINELLO,5
CARPINO,10
CARPINTEYRO,5
CARPIO,10
CARR,510
CARRA,5
CARRABINE,5
CARRADINE,5
CARRAGHER,5
CARRAHAN,5
CARRAHER,5
CARRALES,5
CARRAN,5
CARRANCO,5
CARRANO,5
CARRANSA,5
CARRANZA,50
CARRANZO,5
CARRAO,5
CARRARA,10
CARRAS,5
CARRASCO,60
CARRASQUILLO,20
CARRATALA,5
CARRATURA,5
CARRATURO,5
CARRAUZA,5
CARRAWAY,20
CARRAZCO,5
CARRE,5
CARREA,5
CARRECTER,5
CARREIRA,5
CARREIRO,10
CARREJO,5
CARREKER,5
CARREL,5
CARRELL,20
CARRELLI,5
CARRENO,10
CARREON,20
CARRERA,30
CARRERAS,10
CARRERE,5
CARRERO,20
CARRETERO,5
CARRETHERS,5
CARRETINO,5
CARRETTA,5
CARRIAGA,5
CARRICK,10
CARRICO,30
CARRIDINE,5
CARRIE,5
CARRIEDO,5
CARRIER,60
CARRIERE,10
CARRIG,5
CARRIGAN,20
CARRIGER,5
CARRIGG,5
CARRIKER,5
CARRIL,5
CARRILLO,170
CARRILO,5
CARRIN,5
CARRINGTON,60
CARRINO,5
CARRIO,5
CARRION,30
CARRIS,5
CARRISALEZ,5
CARRISON,5
CARRITHERS,5
CARRIVEAU,5
CARRIZAL,5
CARRIZALES,10
CARRIZO,5
CARRO,5
CARROCA,5
CARROL,20
CARROLL,550
CARRON,10
CARROS,5
CARROTHERS,5
CARROUSAL,5
CARROW,10
CARROWAY,5
CARROZZA,10
CARRUBA,5
CARRUBBA,5
CARRUS,5
CARRUTH,20
CARRUTHERS,20
CARRY,5
CARSCALLEN,5
CARSE,5
CARSEN,5
CARSEY,5
CARSKADON,5
CARSNO,5
CARSON,240
CARSTARPHEN,10
CARSTEN,5
CARSTENS,10
CARSTENSEN,10
CARSTON,5
CARSWELL,30
CART,5
CARTA,5
CARTAGENA,20
CARTAN,5
CARTAYA,5
CARTE,10
CARTEE,10
CARTEGENA,5
CARTELLI,5
CARTEN,5
CARTER,1620
CARTEZ,5
CARTHEN,5
CARTHENS,5
CARTHER,5
CARTHEW,5
CARTHON,5
CARTIER,10
CARTIN,5
CARTLAND,5
CARTLEDGE,5
CARTLIDGE,5
CARTMELL,5
CARTMILL,5
CARTNER,5
CARTON,5
CARTRETTE,5
CARTRIGHT,5
CARTWRIGHT,100
CARTY,20
CARUALHO,5
CARUANA,5
CARUCCI,5
CARULLO,5
CARUSO,50
CARUTH,5
CARUTHERS,20
CARVAJAL,20
CARVALHO,30
CARVALLO,5
CARVALNO,5
CARVANA,5
CARVEL,5
CARVELL,5
CARVER,150
CARVETT,5
CARVEY,5
CARVILL,5
CARVILLE,5
CARVIN,5
CARWELL,5
CARWILE,10
CARWIN,5
CARY,50
CARYK,5
CARYL,5
CARZA,5
CASA,5
CASABONA,5
CASACCHIA,5
CASACELI,5
CASAD,5
CASADA,5
CASADEI,5
CASADO,5
CASADOS,10
CASADY,10
CASAGRANDA,5
CASAGRANDE,5
CASAL,5
CASALE,10
CASALENDA,5
CASALES,5
CASALI,5
CASALIGGI,5
CASALMAN,5
CASAMAYOR,5
CASAMENTO,5
CASANA,5
CASANAS,5
CASANO,5
CASANOVA,20
CASAR,5
CASARELLA,5
CASARENO,5
CASARES,20
CASAREZ,20
CASARIO,5
CASARRUBIAS,5
CASARZ,5
CASAS,30
CASASOLA,5
CASASSA,5
CASAUS,5
CASAVANT,10
CASAVEZ,5
CASAZZA,5
CASBARRO,5
CASBEER,5
CASBURN,5
CASCIA,5
CASCIANO,5
CASCIATO,5
CASCIO,10
CASCIOLI,5
CASCO,5
CASCONE,5
CASDORPH,5
CASE,150
CASEBEER,5
CASEBIER,5
CASEBOLT,5
CASELDEN,5
CASELLA,10
CASELLI,5
CASELLO,5
CASELTON,5
CASEMAN,5
CASEMENT,5
CASERES,5
CASERTA,5
CASEWELL,5
CASEY,240
CASGROVE,5
CASH,130
CASHATT,5
CASHAW,5
CASHDOLLAR,5
CASHEN,5
CASHER,5
CASHETT,5
CASHIN,10
CASHING,5
CASHIO,5
CASHION,10
CASHMAN,20
CASHMER,5
CASHMORE,5
CASHON,5
CASHOUR,5
CASHWELL,10
CASIANO,20
CASIAS,10
CASIDA,5
CASILE,5
CASILLA,5
CASILLAS,50
CASILLES,5
CASILLO,5
CASIMIR,5
CASIMIRO,5
CASINI,5
CASINO,5
CASIO,5
CASIS,5
CASIVANT,5
CASKA,5
CASKEY,30
CASLER,10
CASLEY,5
CASLIN,5
CASMORE,5
CASNER,10
CASO,5
CASOLA,5
CASOLARY,5
CASON,50
CASORIA,5
CASPAR,5
CASPARI,5
CASPARIAN,5
CASPARIS,5
CASPARY,5
CASPER,40
CASPERS,5
CASPERSEN,5
CASPERSON,10
CASPI,5
CASS,30
CASSA,5
CASSADA,5
CASSADAY,5
CASSADY,20
CASSAGNE,5
CASSANDRA,5
CASSANI,5
CASSANO,10
CASSANOVA,5
CASSAR,5
CASSARA,5
CASSARD,5
CASSARINO,5
CASSARO,5
CASSARUBIAS,5
CASSASE,5
CASSATA,5
CASSATT,5
CASSAVAUGH,5
CASSEDAY,5
CASSEL,10
CASSELBERRY,5
CASSELL,30
CASSELLA,10
CASSELLO,5
CASSELLS,5
CASSELMAN,10
CASSELS,5
CASSEM,5
CASSENS,5
CASSERLY,5
CASSESE,5
CASSETTA,5
CASSETTE,10
CASSETTY,5
CASSEUS,5
CASSEY,5
CASSI,5
CASSIANO,5
CASSIDAY,5
CASSIDY,80
CASSILANO,5
CASSIN,5
CASSINELLI,5
CASSINO,5
CASSIO,5
CASSION,5
CASSIS,5
CASSISSE,5
CASSITY,10
CASSIUS,5
CASSLER,5
CASSMAN,5
CASSMEYER,5
CASSO,5
CASSON,10
CASSONE,5
CASSTEVENS,5
CAST,5
CASTAGNA,10
CASTAGNIER,5
CASTAGNOLA,5
CASTALDI,5
CASTALDO,10
CASTANADA,5
CASTANADO,5
CASTANEDA,130
CASTANEDO,5
CASTANER,5
CASTANIO,5
CASTANO,10
CASTANON,10
CASTEEL,40
CASTEJON,5
CASTEL,5
CASTELAN,5
CASTELHANO,5
CASTELL,5
CASTELLAN,5
CASTELLANA,5
CASTELLANETA,5
CASTELLANI,5
CASTELLANO,30
CASTELLANOS,50
CASTELLANOZ,5
CASTELLARI,5
CASTELLAW,5
CASTELLI,10
CASTELLION,5
CASTELLO,10
CASTELLON,10
CASTELLONESE,5
CASTELLOW,5
CASTELLS,5
CASTELLUCCI,5
CASTELLUCCIO,5
CASTELO,5
CASTELUM,5
CASTEN,5
CASTENADA,5
CASTENANOS,5
CASTENEDA,5
CASTER,10
CASTERA,5
CASTERLINE,5
CASTIGLIA,10
CASTIGLIONE,10
CASTILE,10
CASTILLA,5
CASTILLANOS,5
CASTILLE,10
CASTILLEJA,10
CASTILLEJO,5
CASTILLERO,5
CASTILLIO,5
CASTILLION,5
CASTILLO,510
CASTILLON,10
CASTILO,5
CASTIN,5
CASTINE,5
CASTIOLA,5
CASTLE,90
CASTLEBERRY,30
CASTLEMAN,10
CASTLEN,5
CASTLES,5
CASTLETON,5
CASTNER,5
CASTO,20
CASTOE,5
CASTON,10
CASTONGUAY,10
CASTONGVAY,5
CASTOR,20
CASTORAL,5
CASTORENA,10
CASTORENO,5
CASTRATARO,5
CASTREJON,10
CASTRELLON,5
CASTREY,5
CASTRICONE,5
CASTRILLO,5
CASTRO,390
CASTROGIOVANN,5
CASTRONOVA,5
CASTRONOVO,5
CASTROS,5
CASTROVINCI,5
CASTRUITA,5
CASUAT,5
CASUMPANG,5
CASUSCELLI,5
CASUSE,5
CASWELL,40
CATA,5
CATACUN,5
CATACUTAN,5
CATALA,5
CATALAN,10
CATALANATTO,5
CATALANI,5
CATALANO,30
CATALANOTTO,5
CATALDI,5
CATALDO,10
CATALFAMO,5
CATALINA,5
CATALINE,5
CATALINO,5
CATALLI,5
CATAN,5
CATANACH,5
CATANESE,5
CATANI,5
CATANIA,10
CATANO,5
CATANZANO,5
CATANZARITE,5
CATANZARO,10
CATAPANO,5
CATAQUET,5
CATCHING,5
CATCHINGS,10
CATCHPOLE,5
CATE,20
CATELLA,5
CATELLO,5
CATENA,5
CATENACCIO,5
CATER,10
CATERINA,5
CATERINO,5
CATES,90
CATHCART,20
CATHELL,5
CATHER,5
CATHERINE,5
CATHERMAN,5
CATHERS,5
CATHERSON,5
CATHERWOOD,5
CATHEY,40
CATHIE,5
CATHOLIC,5
CATHY,5
CATIGNANI,5
CATILLO,5
CATINELLA,5
CATINO,5
CATLEDGE,5
CATLETT,20
CATLIN,10
CATLOW,5
CATMULL,5
CATO,40
CATOE,10
CATOGGIO,5
CATOIRE,5
CATON,20
CATONE,5
CATOZZI,5
CATRAMBONE,5
CATRETT,5
CATRINI,5
CATRON,30
CATRONE,5
CATT,10
CATTABRIGA,5
CATTANACH,5
CATTANEO,5
CATTANO,5
CATTELL,5
CATTERSON,5
CATTERTON,5
CATTLADGE,5
CATTO,5
CATTON,5
CATTRELL,5
CATTS,5
CATUCCI,5
CATUS,5
CAUAZOS,5
CAUBLE,5
CAUCHON,5
CAUDEL,5
CAUDELL,10
CAUDILL,80
CAUDILLO,10
CAUDLE,30
CAUDY,5
CAUFFMAN,5
CAUFIELD,10
CAUGHELL,5
CAUGHEY,5
CAUGHLIN,5
CAUGHMAN,5
CAUGHORN,5
CAUGHRAN,5
CAUGHRON,5
CAUL,5
CAULDER,10
CAULEY,10
CAULFIELD,10
CAULK,5
CAULKINS,10
CAULLEY,5
CAUSBY,10
CAUSEY,50
CAUSLEY,5
CAUTERUCCI,5
CAUTHEN,20
CAUTHON,5
CAUTHORNE,5
CAUTHRON,5
CAUTILLO,5
CAVA,5
CAVACO,5
CAVAGNA,5
CAVAGNARO,5
CAVAIANI,5
CAVALARIS,5
CAVALCANTE,5
CAVALERI,5
CAVALERO,5
CAVALIER,10
CAVALIERE,5
CAVALIERI,5
CAVALIERO,5
CAVALLARIO,5
CAVALLARO,10
CAVALLERO,5
CAVALLI,5
CAVALLO,10
CAVALUZZI,5
CAVAN,5
CAVANAGH,10
CAVANAH,5
CAVANAUGH,50
CAVANESS,5
CAVARETTA,5
CAVASOS,5
CAVAZOS,60
CAVE,40
CAVEL,5
CAVENDER,20
CAVENDISH,5
CAVENER,5
CAVENESS,5
CAVENEY,5
CAVER,10
CAVERLY,10
CAVERS,5
CAVES,10
CAVETT,5
CAVEY,5
CAVEZ,5
CAVEZON,5
CAVICCHI,5
CAVICCHIA,5
CAVIGGIA,5
CAVILL,5
CAVIN,10
CAVINESS,10
CAVINS,10
CAVITT,10
CAVNESS,5
CAVRAK,5
CAWEIN,5
CAWLEY,20
CAWON,5
CAWOOD,5
CAWTHON,10
CAWTHORN,5
CAWTHORNE,5
CAWTHRON,5
CAY,5
CAYA,5
CAYABYAB,5
CAYANAN,5
CAYCE,5
CAYEA,5
CAYER,10
CAYETANO,5
CAYLOR,10
CAYNE,5
CAYO,5
CAYOUETTE,5
CAYSON,5
CAYTON,10
CAYWOOD,10
CAZA,5
CAZAREE,5
CAZARES,20
CAZAREZ,5
CAZEAU,5
CAZEAULT,5
CAZEL,5
CAZENAVE,5
CAZIER,5
CAZORLA,5
CAZZELL,5
CDEBACA,5
CEA,5
CEARLEY,10
CEARLOCK,5
CEARNS,5
CEASAR,10
CEASE,5
CEASER,10
CEASOR,5
CEBALLOS,20
CEBULA,5
CECALA,5
CECCARELLI,5
CECCHETTI,5
CECCHI,5
CECCHINATO,5
CECCHINI,5
CECENA,5
CECERE,10
CECH,5
CECHINI,5
CECIL,40
CECILIA,5
CECILIO,5
CECONI,5
CECOT,5
CEDANO,5
CEDAR,5
CEDARS,5
CEDENO,20
CEDER,5
CEDERBERG,5
CEDERSTROM,5
CEDILLO,20
CEDILLOS,5
CEDOTAL,5
CEDRONE,5
CEFALO,5
CEFALU,5
CEFARATTI,5
CEGIELSKI,5
CEGLA,5
CEGLINSKI,5
CEJA,20
CEJKA,5
CELADON,5
CELANI,5
CELANO,5
CELAYA,10
CELEDON,5
CELENTANO,10
CELENZA,5
CELESTE,5
CELESTIN,10
CELESTINE,10
CELESTINO,5
CELEYA,5
CELI,5
CELIA,5
CELIS,10
CELIUS,5
CELLA,5
CELLAR,5
CELLI,5
CELLINI,5
CELLIO,5
CELLUCCI,5
CELLUPICA,5
CELMER,5
CELSO,5
CELUCH,5
CELY,5
CEMAN,5
CEMBURA,5
CENA,5
CENAT,5
CENCI,5
CENDAN,5
CENDANA,5
CENDEJAS,10
CENICEROS,10
CENSKY,5
CENTANNI,5
CENTANO,5
CENTENO,30
CENTER,10
CENTERS,10
CENTI,5
CENTINI,5
CENTNER,5
CENTOLA,5
CENTORE,5
CENTORINO,5
CENTRELLA,5
CENTRICH,5
CENTRONE,5
CEO,5
CEOVANTES,5
CEPARANO,5
CEPAS,5
CEPEDA,20
CEPERO,5
CEPHAS,10
CEPHUS,5
CEPIN,5
CEPPETELLI,5
CERA,5
CERAMI,5
CERANSKI,5
CERAO,5
CERAOS,5
CERAR,5
CERASI,5
CERASO,5
CERASOLI,5
CERASUOLO,5
CERAVOLO,5
CERBANTES,5
CERBONE,5
CERCE,5
CERCEO,5
CERCHIA,5
CERCONE,5
CERCY,5
CERDA,40
CERDAN,5
CERECEDES,5
CERECER,5
CERECERES,5
CEREGHINO,5
CERENZIA,5
CEREO,5
CERETTI,5
CEREZO,5
CERF,5
CERINO,5
CERIO,5
CERISE,5
CERMAK,5
CERMENO,5
CERMINARO,5
CERNA,10
CERNANSKY,5
CERNEY,5
CERNI,5
CERNIGLIA,5
CERNOCH,5
CERNOHOUS,5
CERNOTA,5
CERNUTO,5
CERNY,10
CERON,10
CERONE,5
CERONI,5
CERONSKY,5
CERQUEIRA,5
CERRA,5
CERRANO,5
CERRATO,10
CERRELLO,5
CERRETA,5
CERRI,5
CERRILLO,5
CERRITELLI,5
CERRITO,5
CERRITOS,5
CERRONE,10
CERRONI,5
CERROS,5
CERRUTI,5
CERRUTO,5
CERSEY,5
CERTAIN,5
CERTALICH,5
CERTOSIMO,5
CERUANTES,5
CERULLI,5
CERULLO,5
CERUTTI,5
CERVA,5
CERVANTES,150
CERVANTEZ,20
CERVANTSZ,5
CERVENAK,5
CERVENKA,5
CERVENTEZ,5
CERVENY,5
CERVERA,5
CERVERIZZO,5
CERVETTI,5
CERVIN,5
CERVONE,5
CERVONI,5
CERZA,5
CESA,5
CESAR,10
CESARE,5
CESARI,5
CESARIO,5
CESENA,5
CESPEDES,10
CESSNA,10
CESSOR,5
CESTARI,5
CESTERO,5
CESTIA,5
CESTONE,5
CETTA,5
CEVALLOS,10
CEVERA,5
CEZAR,5
CEZIL,5
CHA,20
CHABAN,5
CHABAUD,5
CHABBEZ,5
CHABEREK,5
CHABEZ,5
CHABOLLA,5
CHABOT,10
CHABOTTE,5
CHABOYA,5
CHACE,10
CHACHERE,5
CHACKO,10
CHACO,5
CHACON,70
CHACONAS,5
CHAD,5
CHADBOURN,5
CHADBOURNE,10
CHADBURN,5
CHADD,5
CHADDERTON,5
CHADDICK,5
CHADDLESONE,5
CHADDOCK,5
CHADEK,5
CHADERTON,5
CHADEZ,5
CHADICK,5
CHADSEY,5
CHADWELL,10
CHADWICK,60
CHAE,5
CHAFE,5
CHAFETZ,5
CHAFFEE,20
CHAFFER,5
CHAFFEY,5
CHAFFIN,40
CHAFFINS,10
CHAFIN,20
CHAFINS,5
CHAGNON,10
CHAGOLLA,5
CHAGOLLAN,5
CHAGOYA,10
CHAHAL,5
CHAI,10
CHAIDEZ,10
CHAIDY,5
CHAIKEN,5
CHAILLE,5
CHAIM,5
CHAIN,5
CHAINEY,5
CHAIRES,10
CHAIREZ,10
CHAIS,5
CHAISSON,20
CHAISTY,5
CHAIT,5
CHAIX,5
CHAJON,5
CHAKKALAKAL,5
CHAKNIS,5
CHALABAN,5
CHALCRAFT,5
CHALENDER,5
CHALEPAH,5
CHALET,5
CHALEUN,5
CHALFANT,10
CHALFIN,5
CHALIFOUR,5
CHALIFOUX,5
CHALIGOJ,5
CHALITA,5
CHALK,10
CHALKER,10
CHALKLEY,5
CHALL,5
CHALLA,5
CHALLACOMBE,5
CHALLBERG,5
CHALLEN,5
CHALLENDER,5
CHALLENGER,5
CHALLINOR,5
CHALLIS,5
CHALMERS,30
CHALONER,5
CHALOUX,5
CHALOW,5
CHALUPA,5
CHALUPSKY,5
CHAM,5
CHAMBER,10
CHAMBERLAIN,110
CHAMBERLAND,10
CHAMBERLIAN,5
CHAMBERLIN,40
CHAMBERS,370
CHAMBLE,5
CHAMBLEE,20
CHAMBLESS,20
CHAMBLEY,5
CHAMBLIN,5
CHAMBLISS,30
CHAMERS,5
CHAMLEE,10
CHAMLEY,5
CHAMNANPHONY,5
CHAMNESS,10
CHAMORRO,10
CHAMP,10
CHAMPA,5
CHAMPACO,5
CHAMPAGNE,60
CHAMPANY,5
CHAMPEAU,5
CHAMPEY,5
CHAMPINE,10
CHAMPION,70
CHAMPLAIN,5
CHAMPLIN,20
CHAMPMAN,5
CHAMPNEY,5
CHAMPOUX,5
CHAMPY,5
CHAMUL,5
CHAN,160
CHANADY,5
CHANANIE,5
CHANCE,50
CHANCELLOR,20
CHANCER,5
CHANCEY,20
CHANCHUAN,5
CHANCO,5
CHANCY,10
CHAND,5
CHANDER,5
CHANDIER,5
CHANDLER,340
CHANDLEY,5
CHANDRA,5
CHANDRASEKARA,5
CHANDRASEKHAR,5
CHANDRONNAIT,5
CHANDSAWANGBH,5
CHANEL,5
CHANEY,140
CHANEZ,5
CHANG,170
CHANGO,5
CHANIN,5
CHANLER,5
CHANLEY,5
CHANNEL,10
CHANNELL,10
CHANNER,5
CHANNEY,5
CHANNING,5
CHANOFSKY,5
CHANOINE,5
CHANT,5
CHANTHA,5
CHANTHASENE,5
CHANTHAUMLSA,5
CHANTLER,5
CHANTOS,5
CHANTRY,5
CHAO,20
CHAOBAL,5
CHAPA,50
CHAPARRO,10
CHAPDELAINE,10
CHAPEK,5
CHAPEL,10
CHAPELL,10
CHAPELLE,5
CHAPEN,5
CHAPIN,40
CHAPKO,5
CHAPLE,5
CHAPLEAN,5
CHAPLEN,5
CHAPLES,5
CHAPLIK,5
CHAPLIN,20
CHAPMAN,500
CHAPMON,5
CHAPMOND,5
CHAPNICK,5
CHAPOTON,5
CHAPP,5
CHAPPA,5
CHAPPAN,5
CHAPPARO,5
CHAPPEL,10
CHAPPELEAR,5
CHAPPELL,100
CHAPPELLE,10
CHAPPIE,5
CHAPPLE,10
CHAPPO,5
CHAPPUIS,5
CHAPUT,10
CHAR,5
CHARAN,5
CHARANIA,5
CHARARRIA,5
CHARBONEAU,10
CHARBONNEAU,10
CHARBONNEAUX,5
CHARBONNEL,5
CHARBONNET,5
CHARD,5
CHAREST,10
CHARETTE,20
CHAREUNRATH,5
CHAREUNSRI,5
CHARFAUROS,5
CHARGOIS,5
CHARGUALAF,5
CHARI,5
CHARIF,5
CHARISSE,5
CHARITY,10
CHARLAND,10
CHARLE,5
CHARLEBOIS,10
CHARLES,220
CHARLESTON,10
CHARLESWORTH,10
CHARLETON,5
CHARLETTE,5
CHARLEY,20
CHARLIE,10
CHARLOT,5
CHARLSON,5
CHARLTON,40
CHARM,5
CHARNEY,10
CHARNLEY,5
CHARNOSKI,5
CHARO,5
CHARON,10
CHARPENTIER,10
CHARPIA,5
CHARPING,5
CHARRIER,5
CHARRIEZ,5
CHARRON,20
CHARRY,5
CHARS,5
CHARSKY,5
CHARTER,5
CHARTERS,5
CHARTIER,20
CHARTRAND,10
CHARTRAW,5
CHARVAT,5
CHARVES,5
CHARVET,5
CHARY,5
CHASE,230
CHASEN,5
CHASEY,5
CHASIN,5
CHASKEY,5
CHASNOFF,5
CHASON,10
CHASS,5
CHASSANIOL,5
CHASSE,20
CHASSER,5
CHASSON,5
CHASTAIN,50
CHASTANG,5
CHASTANT,5
CHASTEEN,20
CHASTEN,5
CHASTIN,5
CHASTINE,5
CHATAGNIER,5
CHATAMPAYA,5
CHATCHO,5
CHATELAIN,5
CHATFIELD,10
CHATHAM,10
CHATLEY,5
CHATLOS,5
CHATMAN,70
CHATMON,10
CHATON,5
CHATRIAND,5
CHATT,5
CHATTEN,5
CHATTERJEE,5
CHATTERS,5
CHATTERSON,5
CHATTERTON,10
CHATTIN,5
CHAU,30
CHAUARRIA,5
CHAUCA,5
CHAUDET,5
CHAUDHRY,10
CHAUDHURI,5
CHAUDOIN,5
CHAUEZ,5
CHAUFFE,5
CHAUHAN,5
CHAUHDREY,5
CHAULK,5
CHAULKLIN,5
CHAUMONT,5
CHAUNCEY,5
CHAUSSE,10
CHAUTIN,5
CHAUVAUX,5
CHAUVETTE,5
CHAUVIN,10
CHAVANA,5
CHAVARIA,5
CHAVARIN,5
CHAVARRIA,40
CHAVAYDA,5
CHAVEN,5
CHAVERA,5
CHAVERS,10
CHAVES,30
CHAVEZ,520
CHAVIANO,5
CHAVIES,5
CHAVIRA,10
CHAVIS,60
CHAVOUS,5
CHAVOUSTIE,5
CHAWLA,5
CHAY,5
CHAYKA,5
CHE,5
CHEA,10
CHEADLE,5
CHEAIRS,5
CHEAK,5
CHEAM,5
CHEAN,5
CHEANEY,5
CHEARS,5
CHEAS,5
CHEATAM,5
CHEATEM,5
CHEATER,5
CHEATHAM,50
CHEATHAN,5
CHEATOM,5
CHEATUM,5
CHEATWOOD,10
CHEBAHTAH,5
CHEBRET,5
CHECA,5
CHECCA,5
CHECH,5
CHECK,10
CHECKETT,5
CHECKETTS,5
CHECO,5
CHEDA,5
CHEE,20
CHEEK,60
CHEEKS,20
CHEELY,5
CHEENEY,5
CHEERS,5
CHEESE,5
CHEESEBORO,5
CHEESEBROUGH,5
CHEESEMAN,10
CHEESMAN,10
CHEETHAM,5
CHEEVER,10
CHEEVERS,5
CHEEVES,5
CHEFALO,5
CHEFFER,5
CHEGWIDDEN,5
CHEHAB,5
CHEHEBAR,5
CHEIRS,5
CHELETTE,5
CHELF,5
CHELI,5
CHELL,5
CHELLIS,5
CHELTON,5
CHEMELL,5
CHEMIN,5
CHEN,160
CHENAIL,5
CHENAILLE,5
CHENARD,10
CHENAULS,5
CHENAULT,20
CHENE,5
CHENET,5
CHENETTE,5
CHENEVERT,5
CHENEVEY,5
CHENEY,50
CHENG,50
CHENIER,10
CHENNAULT,5
CHENOT,5
CHENOWETH,20
CHEON,5
CHEONG,5
CHEPIGA,5
CHERAMIE,5
CHERANICHIT,5
CHERCHIO,5
CHEREBIN,5
CHERENFANT,5
CHEREP,5
CHEREPY,5
CHERIAN,5
CHERICO,5
CHERMAK,5
CHERN,5
CHERNAK,5
CHERNAY,5
CHERNE,5
CHERNESKY,5
CHERNEY,5
CHERNICH,5
CHERNICK,5
CHERNOFF,5
CHERNOSKY,5
CHERNOW,5
CHERNY,5
CHEROKI,5
CHERPAK,5
CHERRETTE,5
CHERREZ,5
CHERRIE,5
CHERRIER,5
CHERRIN,5
CHERRINGTON,5
CHERRY,150
CHERUBIN,5
CHERUBINI,5
CHERUBINO,5
CHERVEN,5
CHERVIN,5
CHERWINSKI,5
CHERY,10
CHESANEK,5
CHESBRO,5
CHESBROUGH,5
CHESEBRO,5
CHESER,5
CHESHER,5
CHESHIER,5
CHESHIRE,10
CHESICK,5
CHESLA,5
CHESLAK,5
CHESLER,5
CHESLEY,10
CHESLOCK,5
CHESMORE,5
CHESNER,5
CHESNEY,10
CHESNUT,10
CHESNUTT,5
CHESS,10
CHESSER,30
CHESSHER,5
CHESSMAN,5
CHESSON,10
CHESSOR,5
CHESTAND,5
CHESTANG,5
CHESTEEN,5
CHESTER,60
CHESTERFIELD,5
CHESTERMAN,5
CHESTNUT,50
CHESTNUTT,5
CHET,5
CHETELAT,5
CHETRAM,5
CHEU,5
CHEUNG,30
CHEUVRONT,5
CHEVALIER,20
CHEVARIE,5
CHEVAS,5
CHEVERE,5
CHEVEREZ,5
CHEVERTON,5
CHEVES,5
CHEVEZ,10
CHEVIS,5
CHEVRES,5
CHEVRETTE,5
CHEVRIER,5
CHEW,30
CHEWNING,10
CHEY,5
CHEYNE,5
CHEYNEY,5
CHEZ,5
CHHABRA,5
CHHAM,5
CHHAN,5
CHHEANG,5
CHHENG,5
CHHIM,5
CHHOM,5
CHHON,5
CHHOR,5
CHHOUN,5
CHHOUR,5
CHHUM,5
CHHUN,5
CHHUON,5
CHI,10
CHIA,5
CHIADO,5
CHIAMINTO,5
CHIANESE,5
CHIANG,10
CHIAPETTI,5
CHIAPETTO,5
CHIAPPARI,5
CHIAPPETTA,5
CHIAPPINELLI,5
CHIAPPONE,5
CHIARA,5
CHIARAMONTE,10
CHIARAVALLE,5
CHIARELLA,5
CHIARELLI,5
CHIARELLO,5
CHIARENZA,5
CHIARIELLO,5
CHIARINI,5
CHIARITO,5
CHIARMONTE,5
CHIARO,5
CHIASSON,10
CHIAVAROLI,5
CHICA,5
CHICALACE,5
CHICAS,5
CHICCA,5
CHICHARELLO,5
CHICHESTER,10
CHICK,20
CHICKERING,5
CHICLES,5
CHICO,10
CHICOINE,10
CHICON,5
CHIDESTER,10
CHIEFFO,5
CHIEM,5
CHIEN,10
CHIENG,5
CHIER,5
CHIERA,5
CHIESA,10
CHIEVES,5
CHIFFRILLER,5
CHIHAK,5
CHIHUAHUA,5
CHIKKO,5
CHILA,5
CHILCOAT,5
CHILCOTE,5
CHILCOTT,5
CHILCUTT,5
CHILD,30
CHILDERS,110
CHILDES,5
CHILDREE,5
CHILDRES,5
CHILDRESS,110
CHILDREY,5
CHILDS,120
CHILEK,5
CHILEN,5
CHILES,20
CHILINSKAS,5
CHILL,10
CHILLEMI,5
CHILLIS,5
CHILLO,5
CHILO,5
CHILSOM,5
CHILSON,10
CHILTON,30
CHILVERS,5
CHIM,5
CHIMA,5
CHIMAL,5
CHIME,5
CHIMENO,5
CHIMENTI,5
CHIMENTO,5
CHIMERA,5
CHIMES,5
CHIMILIO,5
CHIN,70
CHINA,5
CHINAULT,5
CHINCHILLA,5
CHINDLUND,5
CHINEN,5
CHINETTI,5
CHING,20
CHINICK,5
CHINN,20
CHINNERY,5
CHINNI,5
CHINNICI,5
CHINNIS,5
CHINO,5
CHINSKEY,5
CHINWEZE,5
CHINZI,5
CHIO,5
CHIODI,5
CHIODINI,5
CHIODO,10
CHIOLA,5
CHIOMA,5
CHIONCHIO,5
CHIONG,5
CHIOTTI,5
CHIOU,5
CHIPHE,5
CHIPLEY,5
CHIPMAN,20
CHIPP,5
CHIPPS,10
CHIPREAN,5
CHIQUITO,5
CHIRAFISI,5
CHIRAS,5
CHIRASELLO,5
CHIRCO,5
CHIRDON,5
CHIRICO,5
CHIRINO,5
CHIRINOS,5
CHISAM,5
CHISARI,5
CHISCHILLY,5
CHISEM,5
CHISHOLM,40
CHISLER,5
CHISLEY,5
CHISLOM,5
CHISM,30
CHISMAN,5
CHISNALL,5
CHISOLM,40
CHISOM,5
CHISUM,5
CHISZAR,5
CHITRIK,5
CHITTAM,5
CHITTENDEN,10
CHITTESTER,5
CHITTICK,5
CHITTOM,5
CHITTUM,10
CHITTY,10
CHITWOOD,30
CHIU,20
CHIULLI,5
CHIUMENTO,5
CHIV,5
CHIVALETTE,5
CHIVERS,10
CHIVERTON,5
CHIZ,5
CHIZEK,5
CHIZMAR,5
CHKOURI,5
CHLADEK,5
CHLEBEK,5
CHLEBUS,5
CHLUDZINSKI,5
CHMELA,5
CHMELICEK,5
CHMELIK,5
CHMIEL,5
CHMIELEWSKI,10
CHMIELOWIEC,5
CHMURA,10
CHO,70
CHOAT,5
CHOATE,50
CHOATES,5
CHOBOT,5
CHOCHREK,5
CHOCK,5
CHOCKLEY,5
CHOCRON,5
CHODOROV,5
CHOE,20
CHOEN,5
CHOI,80
CHOICE,10
CHOINIERE,5
CHOINSKI,5
CHOJNACKI,5
CHOJNOWSKI,5
CHOKSHI,5
CHOL,5
CHOLAKYAN,5
CHOLEWA,5
CHOLEWINSKI,5
CHOLICO,5
CHOLLETT,5
CHOLULA,5
CHOMA,5
CHOMALI,5
CHOMICKI,5
CHOMKA,5
CHON,10
CHONG,40
CHOO,5
CHOPELAS,5
CHOPP,5
CHOPRA,5
CHOPTON,5
CHOQUETTE,10
CHOR,5
CHORLEY,5
CHORLTON,5
CHORNEY,5
CHOTT,5
CHOU,20
CHOUDHARY,5
CHOUDHURY,10
CHOUGH,5
CHOUINARD,10
CHOULES,5
CHOULNARD,5
CHOUN,5
CHOUNG,5
CHOUNLAPANE,5
CHOUTE,5
CHOUTEAU,5
CHOVANEC,5
CHOW,40
CHOWANEC,5
CHOWANSKY,5
CHOWDHURY,10
CHOWEN,5
CHOWENHILL,5
CHOWHAN,5
CHOWN,5
CHOWNING,5
CHOY,10
CHRABASZ,5
CHRABASZCZ,5
CHREENE,5
CHREST,5
CHRESTMAN,5
CHRETIEN,10
CHRIS,5
CHRISCO,5
CHRISCOE,5
CHRISJOHN,5
CHRISLER,5
CHRISLEY,5
CHRISLIP,5
CHRISMAN,20
CHRISMER,5
CHRISMON,5
CHRISP,5
CHRISPEN,5
CHRISPIN,5
CHRISS,5
CHRIST,20
CHRISTAIN,5
CHRISTAL,5
CHRISTALDI,5
CHRISTAN,5
CHRISTE,5
CHRISTEL,5
CHRISTELLO,5
CHRISTEN,10
CHRISTENBERRY,5
CHRISTENBURY,5
CHRISTENSEN,260
CHRISTENSON,50
CHRISTERSON,5
CHRISTESCU,5
CHRISTESEN,5
CHRISTESON,5
CHRISTI,5
CHRISTIAN,210
CHRISTIANA,5
CHRISTIANI,5
CHRISTIANO,10
CHRISTIANS,5
CHRISTIANSEN,70
CHRISTIANSON,40
CHRISTIE,70
CHRISTIN,5
CHRISTINA,5
CHRISTINAT,5
CHRISTINE,5
CHRISTINSEN,5
CHRISTION,5
CHRISTISON,5
CHRISTLE,5
CHRISTLER,5
CHRISTLEY,5
CHRISTLIEB,5
CHRISTMAN,30
CHRISTMANN,5
CHRISTMAS,30
CHRISTMAU,5
CHRISTNER,10
CHRISTO,5
CHRISTODOULOU,5
CHRISTOFF,5
CHRISTOFFER,5
CHRISTOFFERSE,10
CHRISTOFFERSO,10
CHRISTOFOROU,5
CHRISTON,5
CHRISTOPH,5
CHRISTOPHE,5
CHRISTOPHEL,5
CHRISTOPHER,100
CHRISTOPHERSE,5
CHRISTOPHERSO,20
CHRISTOPOULOS,5
CHRISTOU,5
CHRISTY,50
CHRISWELL,5
CHRITTON,5
CHROMAN,5
CHRONES,5
CHRONIS,5
CHRONISTER,10
CHROSNIAK,5
CHROSTOWSKI,5
CHRUCH,5
CHRUSCIEL,5
CHRYSLER,5
CHRYST,5
CHRYSTAL,5
CHRZAN,5
CHRZANOWSKI,5
CHU,60
CHUA,5
CHUANG,5
CHUBA,5
CHUBB,10
CHUBBS,5
CHUBBUCK,5
CHUBICKS,5
CHUC,5
CHUCK,5
CHUDEJ,5
CHUDY,5
CHUDZIK,5
CHUDZINSKI,5
CHUENG,5
CHUGG,5
CHUH,5
CHUI,5
CHUKES,5
CHUKRI,5
CHULLA,5
CHUM,5
CHUMA,5
CHUMBLER,5
CHUMBLEY,10
CHUMLEY,10
CHUN,40
CHUNG,90
CHUNN,10
CHUONG,5
CHUPIK,5
CHUPKA,5
CHUPP,10
CHUPPA,5
CHURA,5
CHURAN,5
CHURAPE,5
CHURCH,160
CHURCHES,5
CHURCHFIELD,5
CHURCHILL,50
CHURCHMAN,5
CHURCHVILLE,5
CHURCHWELL,10
CHURLEY,5
CHURN,5
CHURNER,5
CHUSTZ,5
CHUTA,5
CHUTE,10
CHUYANGHER,5
CHVILICEK,5
CHWALEK,5
CHWIEROTH,5
CHY,5
CHYLE,5
CHYNOWETH,5
CIABURRI,5
CIACCIA,5
CIACCIO,5
CIAFARDONI,5
CIAFFONE,5
CIAK,5
CIALELLA,5
CIALLELLA,5
CIAMPA,5
CIAMPANELLA,5
CIAMPI,5
CIANCHETTI,5
CIANCI,5
CIANCIO,5
CIANCIOLA,5
CIANCIOLO,10
CIANCIOTTA,5
CIANCIULLI,5
CIANFLONE,5
CIANFRANI,5
CIANFRINI,5
CIANI,5
CIANO,5
CIARAMITARO,5
CIARDULLO,5
CIARLANTE,5
CIARLETTA,5
CIARLO,5
CIARROCCHI,5
CIASCHI,5
CIAVARDINI,5
CIBIK,5
CIBOROWSKI,5
CIBRIAN,5
CIBULA,5
CIBULSKAS,5
CICALA,5
CICALE,5
CICALESE,5
CICALI,5
CICARELLA,5
CICATELLO,5
CICCARELLI,5
CICCARELLO,5
CICCARONE,5
CICCHETTI,5
CICCIARELLI,5
CICCO,5
CICCOLINI,5
CICCONE,10
CICCONI,5
CICEN,5
CICERCHIA,5
CICERELLI,5
CICERO,10
CICHOCKI,5
CICHON,5
CICHONSKI,5
CICHOSZ,5
CICHOWSKI,5
CICHY,5
CICIO,5
CICIONE,5
CICIORA,5
CICORA,5
CICORIA,5
CID,5
CIDRE,5
CIEJKA,5
CIELOHA,5
CIELOSZYK,5
CIENEGA,5
CIENFUEGOS,5
CIERI,5
CIERLEY,5
CIERPKE,5
CIERS,5
CIERSEZWSKI,5
CIERVO,5
CIESCO,5
CIESIELSKI,5
CIESIOLKA,5
CIESLA,5
CIESLAK,10
CIESLIK,5
CIESLINSKI,5
CIESLUK,5
CIESZYNSKI,5
CIFALDI,5
CIFELLI,5
CIFUENTES,10
CIGANEK,5
CIHAK,5
CIHON,5
CILANO,5
CILEK,5
CILENTI,5
CILENTO,5
CILFONE,5
CILIBERTO,5
CILIBRASI,5
CILIENTO,5
CILLEY,10
CILLIS,5
CILLO,5
CILLS,5
CILVA,5
CIMA,5
CIMAGLIA,5
CIMENO,5
CIMIANO,5
CIMINERA,5
CIMINI,5
CIMINO,10
CIMKO,5
CIMMINO,5
CIMMIYOTTI,5
CIMO,5
CIMORELLI,5
CINA,5
CINADR,5
CINALLI,5
CINAR,5
CINCO,5
CINCOTTA,5
CINDRICH,5
CINELLI,5
CINI,5
CINK,5
CINKAN,5
CINKOSKY,5
CINNAMON,10
CINNAMOND,5
CINOTTI,5
CINOTTO,5
CINQUANTI,5
CINQUE,5
CINTORA,5
CINTRA,5
CINTRON,40
CIOCCA,5
CIOFFI,10
CIOLEK,5
CIOLLI,5
CIONE,5
CIONI,5
CIOPPA,5
CIOTTA,5
CIOTTI,10
CIPCIC,5
CIPKOWSKI,5
CIPOLLA,10
CIPOLLONE,5
CIPOLLONI,5
CIPOLONE,5
CIPPINA,5
CIPPONERI,5
CIPRIAN,5
CIPRIANI,10
CIPRIANO,10
CIPRO,5
CIPULLO,5
CIRA,5
CIRACO,5
CIRAOLO,5
CIRAULO,5
CIRCELLI,5
CIRCLE,5
CIRELLA,5
CIRELLI,5
CIRESI,5
CIRIACO,5
CIRIELLO,5
CIRIGLIANO,5
CIRILLI,5
CIRILLO,10
CIRILO,5
CIRINO,5
CIRIONI,5
CIROCCO,5
CIRONE,5
CIRRI,5
CIRRINCIONE,5
CIRULLO,5
CISAR,5
CISCO,20
CISEWSKI,5
CISKOWSKI,5
CISLO,5
CISNERO,5
CISNEROS,100
CISNEROZ,5
CISNEY,5
CISOWSKI,5
CISSEL,5
CISSELL,10
CISTRUNK,5
CITARELLA,5
CITINO,5
CITIZEN,10
CITO,5
CITRANO,5
CITRIN,5
CITRINO,5
CITRO,5
CITRON,5
CITRONE,5
CITRONI,5
CITTADINI,5
CITTADINO,5
CITY,5
CIUBAL,5
CIUCCI,5
CIUFFREDA,5
CIUFO,5
CIULLA,5
CIULLO,5
CIUS,5
CIVALE,5
CIVATTE,5
CIVCCI,5
CIVIELLO,5
CIVIL,5
CIVILS,5
CIVITELLO,5
CIZEK,5
CLAAR,20
CLAASSEN,10
CLABAUGH,10
CLABO,5
CLABORN,10
CLABOUGH,5
CLABURN,5
CLACHER,5
CLACK,10
CLAES,5
CLAESSENS,5
CLAEYS,5
CLAFFEY,5
CLAFLIN,10
CLAGETT,5
CLAGG,5
CLAGGETT,5
CLAGHORN,5
CLAGON,5
CLAGUE,5
CLAIBORNE,10
CLAIN,5
CLAIR,20
CLAIRDAY,5
CLAIRE,10
CLAIRMONT,5
CLAKLEY,5
CLAM,5
CLAMAN,5
CLAMMER,5
CLAMP,5
CLAMPETT,5
CLAMPITT,5
CLAN,5
CLANCE,5
CLANCEY,5
CLANCY,40
CLANIN,5
CLANKSCALES,5
CLANTON,30
CLANTZ,5
CLAP,5
CLAPHAM,5
CLAPP,30
CLAPPER,20
CLAPSADDLE,5
CLAR,5
CLARA,5
CLARBOUR,5
CLARDY,10
CLARE,10
CLARENBACH,5
CLARENCE,5
CLARENDON,5
CLAREY,5
CLARIDA,5
CLARIDGE,5
CLARITY,5
CLARK,2310
CLARKE,240
CLARKIN,5
CLARKS,5
CLARKSON,40
CLARKSTON,5
CLARNO,5
CLARO,5
CLAROS,5
CLARSON,5
CLARY,50
CLAS,5
CLASBY,5
CLASE,5
CLASEN,5
CLASON,5
CLASS,10
CLASSEN,10
CLASSON,5
CLATER,5
CLATON,5
CLATTENBURG,5
CLATTERBUCK,10
CLAUCHERTY,5
CLAUD,5
CLAUDE,10
CLAUDIO,20
CLAUGHTON,5
CLAUNCH,10
CLAUS,10
CLAUSE,5
CLAUSEL,5
CLAUSELL,5
CLAUSEN,30
CLAUSI,5
CLAUSING,10
CLAUSON,10
CLAUSS,5
CLAUSSEN,10
CLAVELLE,5
CLAVERIE,5
CLAVETTE,5
CLAVEY,5
CLAVIJO,5
CLAVIN,5
CLAW,5
CLAWGES,5
CLAWSON,30
CLAXTON,20
CLAY,230
CLAYBAUGH,5
CLAYBON,5
CLAYBORN,10
CLAYBORNE,10
CLAYBOURN,5
CLAYBOURNE,5
CLAYBRON,5
CLAYBROOK,5
CLAYBROOKS,10
CLAYBURG,5
CLAYBURN,5
CLAYCAMP,5
CLAYCOMB,10
CLAYMAN,5
CLAYPOLE,5
CLAYPOOL,20
CLAYPOOLE,10
CLAYSON,10
CLAYTER,5
CLAYTON,240
CLAYTOR,10
CLAYWELL,5
CLEAL,5
CLEAMONS,5
CLEAR,10
CLEARE,5
CLEARK,5
CLEARMAN,5
CLEARO,5
CLEARWATER,5
CLEARY,50
CLEASBY,5
CLEATH,5
CLEAVELAND,5
CLEAVENGER,5
CLEAVER,20
CLEAVES,10
CLECKLER,5
CLECKLEY,5
CLECKNER,5
CLEEK,10
CLEERE,5
CLEGG,30
CLEGHORN,20
CLELAND,10
CLELLAND,5
CLEM,30
CLEMANS,5
CLEMEN,5
CLEMENCE,5
CLEMENS,40
CLEMENSON,5
CLEMENT,100
CLEMENTE,20
CLEMENTI,5
CLEMENTS,130
CLEMENZA,5
CLEMMENS,5
CLEMMENTS,5
CLEMMER,20
CLEMMEY,5
CLEMMO,5
CLEMMON,5
CLEMMONS,30
CLEMO,5
CLEMON,5
CLEMONS,130
CLEMSON,5
CLENDANIEL,5
CLENDENEN,5
CLENDENIN,5
CLENDENING,5
CLENDENNEN,5
CLENDENON,5
CLENNEY,5
CLENNON,5
CLEPPER,5
CLER,5
CLERC,5
CLERF,5
CLERICO,5
CLERK,10
CLERKLEY,5
CLERMONT,5
CLERY,5
CLESCA,5
CLESEN,5
CLESTER,5
CLEVE,5
CLEVELAND,130
CLEVEN,5
CLEVENGER,50
CLEVER,10
CLEVERLEY,5
CLEVERLY,5
CLEVETTE,5
CLEVINGER,5
CLEVLAND,5
CLEWELL,5
CLEWES,5
CLEWIS,10
CLIATT,5
CLIBON,5
CLIBURN,5
CLICHE,5
CLICK,30
CLICKNER,5
CLIENT,10
CLIETT,5
CLIFF,10
CLIFFE,5
CLIFFORD,80
CLIFFTON,5
CLIFT,20
CLIFTON,110
CLIMER,10
CLIMES,5
CLINARD,10
CLINCH,5
CLINE,200
CLINEBELL,5
CLINEMAN,5
CLINES,5
CLINGAN,5
CLINGENPEEL,5
CLINGER,10
CLINGERMAN,10
CLINGINGSMITH,5
CLINGMAN,10
CLINK,5
CLINKENBEARD,5
CLINKER,5
CLINKINBEARD,5
CLINKINGBEARD,5
CLINKSCALE,5
CLINKSCALES,10
CLINT,5
CLINTON,70
CLIPP,5
CLIPPARD,5
CLIPPER,5
CLIPPINGER,5
CLISE,5
CLISH,5
CLISHAM,5
CLITES,5
CLIVE,5
CLIZBE,5
CLOCK,5
CLODFELTER,10
CLOE,5
CLOEPFIL,5
CLOER,10
CLOFFI,5
CLOGSTON,5
CLOKE,5
CLOKEY,5
CLOLINGER,5
CLOMAN,5
CLONCH,5
CLONEY,5
CLONINGER,10
CLONTS,5
CLONTZ,10
CLOONAN,5
CLOOS,5
CLOPP,5
CLOPPER,5
CLOPTON,10
CLORE,10
CLOS,5
CLOSE,40
CLOSEY,5
CLOSOVSCHI,5
CLOSS,5
CLOSSER,5
CLOSSIN,5
CLOSSON,10
CLOSTER,5
CLOTHEY,5
CLOTHIER,10
CLOUATRE,5
CLOUD,50
CLOUDEN,5
CLOUGH,40
CLOUGHER,5
CLOUGHERTY,5
CLOUGHLY,5
CLOUSE,20
CLOUSER,10
CLOUSTON,5
CLOUTHIER,5
CLOUTIER,50
CLOUTMAN,5
CLOVER,10
CLOVIS,5
CLOW,10
CLOWARD,5
CLOWDUS,5
CLOWER,10
CLOWERD,5
CLOWERS,10
CLOWES,5
CLOWNEY,5
CLOWSER,5
CLOYD,10
CLOZZA,5
CLUBB,10
CLUBBS,5
CLUBS,5
CLUCAS,5
CLUCK,10
CLUCKEY,5
CLUESMAN,5
CLUFF,10
CLUGSTON,5
CLUKEY,10
CLUKIES,5
CLUM,5
CLUMPNER,5
CLUNE,10
CLUNES,5
CLUNIE,5
CLURE,5
CLUSKY,5
CLUSTER,5
CLUTE,10
CLUTTER,10
CLUTTS,5
CLUVER,5
CLUXTON,5
CLY,5
CLYATT,5
CLYBURN,20
CLYDE,20
CLYMAN,5
CLYMER,10
CLYMORE,5
CLYNE,10
CLYNES,5
CMIEL,5
CO,5
COACH,5
COACHE,5
COACHMAN,10
COACHYS,5
COAD,5
COADY,10
COAK,5
COAKER,5
COAKLEY,20
COALE,5
COALSON,5
COALTER,5
COAN,10
COANT,5
COAR,5
COARD,5
COARSEY,5
COAST,5
COASTER,5
COATE,5
COATES,90
COATIE,5
COATLEY,5
COATNEY,5
COATS,60
COATSWORTH,5
COAXUM,10
COBANE,5
COBAR,5
COBARRUBIAS,5
COBB,280
COBBETT,5
COBBIN,5
COBBINS,10
COBBLE,10
COBBLEY,5
COBBS,40
COBDEN,5
COBELL,5
COBERLEY,5
COBERLY,5
COBERN,5
COBERT,5
COBETTO,5
COBEY,5
COBHAM,5
COBIA,5
COBIAN,5
COBINE,5
COBIO,5
COBLE,40
COBLENTZ,5
COBLER,5
COBO,5
COBOS,20
COBOURN,5
COBRIN,5
COBURN,50
COBY,5
COCA,10
COCANOUGHER,5
COCCA,5
COCCIA,5
COCCO,5
COCCOLI,5
COCH,5
COCHELL,5
COCHENOUR,5
COCHERELL,5
COCHIS,5
COCHRAN,230
COCHRANE,30
COCHREN,5
COCHRON,5
COCHRUM,5
COCKAYNE,5
COCKBURN,10
COCKE,5
COCKER,5
COCKERELL,5
COCKERHAM,20
COCKERHAN,5
COCKERILL,5
COCKETT,5
COCKEY,5
COCKFIELD,5
COCKING,5
COCKLEY,5
COCKLIN,5
COCKMAN,5
COCKRAM,5
COCKRAN,5
COCKREHAM,5
COCKREL,5
COCKRELL,40
COCKRIEL,5
COCKRILL,5
COCKRIN,5
COCKROFT,5
COCKRUM,10
COCKS,5
COCO,10
COCOLA,5
COCOMAZZI,5
COCOPOTI,5
COCORAN,5
COCOROS,5
COCOZZA,5
COCRAN,5
COCROFT,5
COCUZZA,5
COCUZZO,5
CODA,5
CODAY,5
CODD,5
CODDE,5
CODDING,5
CODDINGTON,10
CODE,5
CODELL,5
CODELUPPI,5
CODER,10
CODERE,5
CODERRE,5
CODEY,5
CODILLA,5
CODISPOT,5
CODISPOTI,5
CODLING,5
CODNER,5
CODY,80
COE,50
COELHO,10
COELLO,10
COEN,10
COENEN,5
COERVER,5
COFER,20
COFFEE,20
COFFEL,5
COFFELL,5
COFFELT,10
COFFEN,5
COFFER,5
COFFEY,140
COFFIE,5
COFFIELD,10
COFFILL,5
COFFIN,40
COFFINBERGER,5
COFFLAND,5
COFFMAN,100
COFIELD,20
COFONE,5
COFRAN,5
COFRANCESCO,5
COFRESI,5
COGAN,10
COGAR,10
COGBILL,5
COGBURN,10
COGDELL,10
COGDILL,10
COGEN,5
COGER,10
COGGAN,5
COGGESHALL,5
COGGIN,10
COGGINS,30
COGGSDALE,5
COGHILL,10
COGHLAN,10
COGILL,5
COGLEY,5
COGLIANO,5
COGSWELL,10
COHAGAN,5
COHAN,10
COHEA,5
COHEE,10
COHEN,300
COHENOUR,5
COHENS,5
COHICK,5
COHILL,5
COHLMIA,5
COHN,30
COHO,5
COHOE,5
COHOON,5
COHRAN,5
COHRON,5
COHRS,10
COIA,5
COIL,10
COILE,5
COIN,5
COINER,5
COINS,5
COIRO,5
COIT,5
COKE,10
COKEL,5
COKELEY,5
COKELY,5
COKER,90
COKINS,5
COKLEY,10
COKLOW,5
COLA,10
COLABELLA,5
COLABRESE,5
COLACE,5
COLACONE,5
COLADONATO,5
COLAFRANCESCO,5
COLAGIOVANNI,5
COLAIACOVO,5
COLAIANNI,5
COLAIZZI,5
COLAIZZO,5
COLALUCA,5
COLAMARINO,5
COLAN,5
COLANDER,5
COLANERO,5
COLANGELO,10
COLANTONIO,5
COLANTRO,5
COLANTUONO,5
COLAO,5
COLAPIETRO,5
COLAPINTO,5
COLAR,5
COLAROSSI,5
COLARUSSO,5
COLAS,5
COLASACCO,5
COLASAMTE,5
COLASANTE,5
COLASANTI,5
COLASUONNO,5
COLASURDO,5
COLATO,5
COLATRUGLIO,5
COLAVITO,5
COLAW,5
COLBATH,5
COLBAUGH,5
COLBECK,5
COLBENSON,5
COLBERG,5
COLBERT,90
COLBETH,5
COLBORN,5
COLBURN,40
COLBY,50
COLCHADO,5
COLCHER,5
COLCLASURE,5
COLCLOUGH,10
COLCORD,5
COLDEN,5
COLDER,5
COLDING,5
COLDIRON,10
COLDIVAR,5
COLDREN,5
COLDSMITH,5
COLDWELL,10
COLE,800
COLEBANK,5
COLEBROOK,5
COLECCHI,5
COLEE,5
COLEGROVE,10
COLEHOUR,5
COLELLA,20
COLELLO,5
COLEMAN,950
COLEMEN,5
COLEMON,5
COLEN,5
COLER,5
COLES,60
COLESAR,5
COLESON,5
COLESTOCK,5
COLETTA,5
COLETTI,10
COLEY,70
COLFER,5
COLFLESH,5
COLFORD,5
COLGAN,10
COLGATE,5
COLGIN,5
COLGLAZIER,5
COLGROVE,5
COLIAN,5
COLICCHIO,5
COLIER,5
COLIN,10
COLINA,5
COLINDRES,5
COLINGER,5
COLINS,5
COLKER,5
COLL,10
COLLA,5
COLLACO,5
COLLADO,30
COLLAER,5
COLLAMORE,5
COLLAR,10
COLLARD,20
COLLARI,5
COLLAZO,50
COLLE,5
COLLEA,5
COLLEDGE,5
COLLEEN,5
COLLEGE,5
COLLELLA,5
COLLELO,5
COLLEN,5
COLLER,5
COLLERAN,5
COLLET,5
COLLETT,20
COLLETTA,5
COLLETTE,20
COLLETTI,10
COLLEY,30
COLLI,5
COLLICA,5
COLLICK,5
COLLICOTT,5
COLLIE,10
COLLIER,230
COLLIGAN,10
COLLIN,10
COLLING,5
COLLINGS,10
COLLINGSWORTH,5
COLLINGTON,5
COLLINGWOOD,5
COLLINI,5
COLLINS,1340
COLLINSON,10
COLLINSWORTH,10
COLLIS,10
COLLISON,10
COLLISTER,5
COLLIVER,5
COLLMAN,10
COLLMEYER,5
COLLOM,5
COLLON,5
COLLONS,5
COLLOPY,5
COLLORA,5
COLLOVA,5
COLLOZO,5
COLLUM,10
COLLUMS,5
COLLURA,5
COLLY,5
COLLYER,5
COLLYMORE,5
COLMAN,20
COLMENARES,5
COLMENERO,10
COLMER,5
COLN,5
COLO,5
COLOGIE,5
COLOM,5
COLOMA,5
COLOMB,5
COLOMBA,5
COLOMBE,5
COLOMBINI,5
COLOMBO,10
COLOMY,5
COLON,270
COLONA,5
COLONDRES,5
COLONE,5
COLONEL,5
COLONNA,5
COLONNESE,5
COLONY,5
COLOP,5
COLOPY,5
COLORADO,10
COLORINA,5
COLOSI,5
COLOSIMO,10
COLP,5
COLPA,5
COLPACK,5
COLPAERT,5
COLPETZER,5
COLPI,5
COLPITTS,5
COLQUITT,10
COLSCH,5
COLSCHEN,5
COLSON,40
COLSTON,20
COLT,5
COLTEN,5
COLTER,20
COLTEY,5
COLTHARP,5
COLTMAN,5
COLTON,20
COLTRAIN,5
COLTRANE,5
COLTRIN,5
COLUCCI,20
COLUCCIO,5
COLUMBIA,5
COLUMBO,5
COLUMBRES,5
COLUMBUS,10
COLUNGA,20
COLVARD,10
COLVER,5
COLVERT,5
COLVILLE,5
COLVIN,80
COLWELL,30
COLYAR,5
COLYER,10
COLYOTT,5
COMA,5
COMACHO,10
COMAN,5
COMANS,5
COMAR,5
COMAS,5
COMBASS,5
COMBE,5
COMBEE,5
COMBER,5
COMBES,5
COMBEST,10
COMBOY,5
COMBS,210
COMDEN,5
COME,5
COMEAU,20
COMEAUX,30
COMEAUY,5
COMEE,5
COMEGYS,5
COMELLA,5
COMER,60
COMERFORD,10
COMES,10
COMFORT,10
COMINGS,5
COMINOTTI,5
COMINS,5
COMINSKI,5
COMINSKY,5
COMISH,5
COMISKEY,5
COMISKY,5
COMISO,5
COMISSIONG,5
COMITO,5
COMLEY,5
COMLY,5
COMMANDER,10
COMMENDATORE,5
COMMENT,5
COMMER,5
COMMERFORD,5
COMMES,5
COMMINGS,5
COMMINS,5
COMMISKEY,5
COMMODORE,5
COMMON,5
COMMONS,10
COMNICK,5
COMO,10
COMOLETTI,5
COMP,5
COMPAGNA,5
COMPAGNO,5
COMPANIE,5
COMPANION,5
COMPARONI,5
COMPAU,5
COMPEAN,5
COMPEAU,5
COMPERE,5
COMPHER,5
COMPISENO,5
COMPO,10
COMPONO,5
COMPOS,10
COMPRES,5
COMPSTON,5
COMPTON,130
COMREY,5
COMRIE,5
COMSTOCK,40
COMTOIS,5
COMUNALE,5
CONABLE,5
CONAGHAN,5
CONALES,5
CONANT,20
CONARD,10
CONARY,5
CONATSER,10
CONATY,5
CONAUGHTY,5
CONAWAY,30
CONBOY,10
CONCA,5
CONCANNON,10
CONCATELLI,5
CONCEICAO,5
CONCEPCION,30
CONCEPION,5
CONCEPTION,5
CONCES,5
CONCH,5
CONCHA,5
CONCHADO,5
CONCHAS,5
CONCHO,5
CONCIENNE,5
CONCILIO,5
CONCINI,5
CONDA,5
CONDE,20
CONDELARIO,5
CONDELL,5
CONDELLO,5
CONDER,10
CONDI,5
CONDICT,5
CONDIE,10
CONDIFF,5
CONDINA,5
CONDINO,5
CONDIT,10
CONDITT,5
CONDO,5
CONDON,40
CONDRA,5
CONDRAY,5
CONDREAY,5
CONDREN,5
CONDREY,10
CONDRON,10
CONDROSKI,5
CONDRY,5
CONDUFF,5
CONE,40
CONEDY,5
CONEJO,5
CONELL,5
CONELLI,5
CONELLY,5
CONELY,5
CONER,5
CONERLY,10
CONERY,5
CONES,5
CONEWAY,5
CONEY,20
CONEYS,5
CONFAIR,5
CONFALONE,5
CONFER,10
CONFORME,5
CONFORTI,10
CONFORTO,5
CONFREY,5
CONG,5
CONGDON,10
CONGER,30
CONGLETON,5
CONGO,5
CONGRESS,5
CONGROVE,5
CONIGLIARO,5
CONIGLIO,10
CONINE,5
CONKEL,5
CONKEY,5
CONKIN,5
CONKLE,10
CONKLIN,90
CONKLING,10
CONKRIGHT,5
CONKRITE,5
CONKWRIGHT,5
CONLAN,10
CONLANS,5
CONLEE,5
CONLEY,230
CONLIFFE,5
CONLIN,10
CONLISK,5
CONLOGUE,5
CONLON,20
CONLY,5
CONMY,5
CONN,80
CONNALLY,10
CONNARD,5
CONNARTON,5
CONNAUGHTON,5
CONNEALY,5
CONNEELY,5
CONNEL,5
CONNELL,70
CONNELLEY,5
CONNELLY,70
CONNELY,5
CONNER,290
CONNERAT,5
CONNERLEY,5
CONNERLY,5
CONNERS,30
CONNERTON,5
CONNERTY,5
CONNERY,10
CONNESS,5
CONNET,5
CONNETT,5
CONNETTE,5
CONNEY,5
CONNICK,5
CONNIE,5
CONNIFF,5
CONNIN,5
CONNINGHAN,5
CONNINGTON,5
CONNLEY,5
CONNOLE,5
CONNOLLY,90
CONNOLY,5
CONNON,5
CONNOR,110
CONNORS,70
CONNYER,5
CONOLE,5
CONOLEY,5
CONOLLY,5
CONOLY,5
CONORICH,5
CONOUR,5
CONOVER,30
CONQUEST,5
CONRAD,130
CONRADI,5
CONRADT,5
CONRADY,5
CONRAN,5
CONRATH,5
CONROD,5
CONROW,5
CONROY,60
CONRY,5
CONS,5
CONSALVO,5
CONSENTINO,5
CONSER,5
CONSIDINE,10
CONSIGLI,5
CONSIGLIO,5
CONSLA,5
CONSOLAZIO,5
CONSOLE,5
CONSOLI,5
CONSOLINI,5
CONSOLO,5
CONSOLVER,5
CONSORTI,5
CONSTABLE,10
CONSTANCE,10
CONSTANCIO,5
CONSTANT,20
CONSTANTE,5
CONSTANTIN,5
CONSTANTINE,20
CONSTANTINEAU,5
CONSTANTINI,5
CONSTANTINO,10
CONSTANZA,5
CONSTANZO,5
CONSTINE,5
CONSUEGRA,5
CONSUELO,5
CONTE,30
CONTEE,5
CONTEH,5
CONTENTO,5
CONTERAS,5
CONTERRAS,5
CONTES,5
CONTI,40
CONTINENZA,5
CONTINI,5
CONTINO,5
CONTOFALSKY,5
CONTOIS,5
CONTOPOULOS,5
CONTORNO,5
CONTOS,5
CONTRARAS,5
CONTRAS,5
CONTRATTO,5
CONTREAS,5
CONTRELL,5
CONTRENAS,5
CONTRERA,5
CONTRERAS,210
CONTRERAZ,5
CONTRERES,5
CONTREROS,5
CONTRERRAS,5
CONTRINO,5
CONVENIENCIA,5
CONVER,5
CONVERSE,20
CONVERY,10
CONVILLE,5
CONWAY,180
CONWELL,20
CONWILL,5
CONWRIGHT,5
CONYER,5
CONYERS,30
CONZALES,5
CONZALEZ,5
CONZE,5
CONZEMIUS,5
COOCH,5
COODEY,5
COODY,5
COOEY,5
COOGAN,10
COOGEN,5
COOK,1200
COOKE,120
COOKERLY,5
COOKEY,5
COOKINGHAM,5
COOKIS,5
COOKMAN,5
COOKS,40
COOKSEY,30
COOKSLEY,5
COOKSON,10
COOKUS,5
COOL,20
COOLAHAN,5
COOLBAUGH,5
COOLBETH,5
COOLBRITH,5
COOLER,5
COOLEY,140
COOLIDGE,10
COOLMAN,5
COOLS,5
COOMBE,5
COOMBER,5
COOMBES,5
COOMBS,30
COOMER,20
COOMES,10
COOMEY,5
COON,70
COONAN,5
COONCE,5
COONE,5
COONER,5
COONES,5
COONEY,40
COONFARE,5
COONFIELD,5
COONLEY,5
COONRAD,5
COONRADT,5
COONROD,10
COONS,30
COONSE,5
COONTZ,5
COOP,10
COOPAGE,5
COOPER,1130
COOPERIDER,5
COOPERMAN,10
COOPERRIDER,5
COOPERSMITH,5
COOPERSTEIN,5
COOPERWOOD,5
COOPEY,5
COOPPER,5
COOPWOOD,5
COOR,5
COORE,5
COOTE,5
COOTER,5
COOTS,10
COOVER,10
COOVERT,5
COPA,5
COPAS,10
COPASS,5
COPE,80
COPELAN,5
COPELAND,250
COPELIN,5
COPEMAN,5
COPEN,5
COPENHAVER,10
COPENING,5
COPES,10
COPHER,10
COPIER,5
COPLAN,5
COPLAND,10
COPLEN,5
COPLES,5
COPLEY,30
COPLIN,10
COPLON,5
COPNEY,5
COPONEN,5
COPP,10
COPPA,10
COPPAGE,10
COPPEDGE,10
COPPENGER,5
COPPENS,5
COPPER,20
COPPERNOLL,5
COPPERSMITH,5
COPPES,5
COPPESS,5
COPPIN,10
COPPING,5
COPPINGER,10
COPPLE,10
COPPLER,5
COPPOCK,10
COPPOLA,30
COPPOLINO,5
COPPS,5
COPSEY,5
COPSTEAD,5
COPUS,5
CORA,10
CORADI,5
CORADO,5
CORAHAM,5
CORAK,5
CORAL,5
CORALLO,5
CORAM,5
CORAN,5
CORATHERS,5
CORAY,5
CORAZZA,5
CORBAN,5
CORBEIL,10
CORBELL,5
CORBELLI,5
CORBET,5
CORBETT,110
CORBI,5
CORBIN,100
CORBISIERO,5
CORBIT,5
CORBITT,30
CORBLEY,5
CORBO,10
CORBRIDGE,5
CORBURN,5
CORBY,10
CORCHADO,10
CORCHERO,5
CORCINO,5
CORCORAN,60
CORCUERA,5
CORD,5
CORDA,5
CORDANO,5
CORDARO,5
CORDAS,5
CORDASCO,5
CORDE,5
CORDEIRO,20
CORDEL,5
CORDELL,40
CORDENAS,5
CORDER,20
CORDERMAN,5
CORDERO,80
CORDES,20
CORDEW,5
CORDIA,5
CORDIAL,5
CORDIER,5
CORDIERO,5
CORDILL,5
CORDLE,10
CORDNER,5
CORDOBA,10
CORDON,10
CORDONA,5
CORDONE,5
CORDONNIER,5
CORDOUA,5
CORDOVA,110
CORDOVANO,5
CORDOVI,5
CORDOZA,5
CORDRAY,10
CORDREY,5
CORDS,5
CORDTS,5
CORDWELL,5
CORDY,5
CORE,20
COREA,10
COREAS,5
COREEN,5
COREIL,5
CORELL,5
CORELLA,5
CORELLI,5
COREN,5
CORESSEL,5
COREY,60
CORF,5
CORFMAN,5
CORGAN,5
CORGIAT,5
CORIA,10
CORIANO,5
CORIATY,5
CORIC,5
CORID,5
CORIELL,10
CORIGLIANO,5
CORIN,5
CORINGTON,5
CORINO,5
CORIO,5
CORIPPO,5
CORISH,5
CORIZ,5
CORK,20
CORKE,5
CORKER,10
CORKERN,5
CORKERY,10
CORKILL,5
CORKINS,5
CORKRAN,5
CORKRON,5
CORKUM,5
CORL,10
CORLE,10
CORLEE,5
CORLESS,5
CORLETT,10
CORLEW,10
CORLEY,80
CORLISS,20
CORMACK,10
CORMAN,10
CORMANY,5
CORMIA,5
CORMICAN,5
CORMIER,80
CORN,20
CORNA,5
CORNACCHIO,5
CORNE,5
CORNEA,5
CORNEAU,5
CORNEIL,5
CORNEILLE,5
CORNEJO,20
CORNELIA,5
CORNELIO,5
CORNELIOUS,5
CORNELISON,10
CORNELIUS,70
CORNELL,80
CORNELLA,5
CORNELSON,5
CORNELUIS,5
CORNELY,5
CORNER,10
CORNERS,5
CORNES,5
CORNET,5
CORNETT,90
CORNETTA,5
CORNETTE,10
CORNEY,5
CORNFIELD,5
CORNFORD,5
CORNFORTH,5
CORNICK,5
CORNIEL,5
CORNING,10
CORNISH,50
CORNMAN,10
CORNMESSER,5
CORNN,5
CORNOG,5
CORNS,10
CORNUTT,5
CORNWALL,10
CORNWELL,50
CORO,5
COROLIS,5
COROLLA,5
CORON,5
CORONA,70
CORONADO,60
CORONEL,10
CORONITI,5
CORP,10
CORPE,5
CORPENING,5
CORPENO,5
CORPING,5
CORPORAL,5
CORPORAN,5
CORPORON,5
CORPREW,5
CORPUS,10
CORPUZ,10
CORR,10
CORRA,5
CORRADINI,5
CORRADINO,5
CORRADO,10
CORRAL,30
CORRALES,20
CORRAO,5
CORRARO,5
CORRE,5
CORREA,100
CORREALE,5
CORREAU,5
CORREDOR,5
CORREIA,30
CORREIRA,5
CORREIRO,5
CORREL,5
CORRELA,5
CORRELL,20
CORREN,5
CORRENTE,5
CORREO,5
CORRERA,5
CORRERO,5
CORRETT,5
CORREY,5
CORRGA,5
CORRIA,5
CORRICE,5
CORRICK,5
CORRIDAN,5
CORRIDONI,5
CORRIE,5
CORRIERE,5
CORRIERI,5
CORRIGAN,30
CORRIGEUX,5
CORRIHER,5
CORRINGTON,5
CORRIO,5
CORRION,5
CORRIVEAU,20
CORRON,5
CORROW,5
CORRY,10
CORSA,5
CORSARO,5
CORSAUT,5
CORSCADDEN,5
CORSE,5
CORSELLO,5
CORSERI,5
CORSETTI,5
CORSEY,5
CORSI,10
CORSILLES,5
CORSINI,5
CORSINO,5
CORSO,20
CORSON,20
CORSORO,5
CORT,10
CORTE,5
CORTER,5
CORTES,80
CORTESE,10
CORTESI,5
CORTEZ,240
CORTI,5
CORTIJO,5
CORTINA,10
CORTINAS,10
CORTINEZ,5
CORTIS,5
CORTNER,5
CORTON,5
CORTOPASSI,5
CORTRIGHT,10
CORTWRIGHT,5
CORUJO,5
CORUM,10
CORVAN,5
CORVELLI,5
CORVERA,5
CORVI,5
CORVIN,10
CORVINO,5
CORVO,5
CORWELL,5
CORWIN,30
CORY,20
CORYEA,5
CORYELL,5
CORZA,5
CORZINE,5
CORZO,5
COS,5
COSANO,5
COSBY,40
COSCA,5
COSCIA,5
COSDEN,5
COSE,5
COSEN,5
COSENTINO,10
COSENZA,10
COSEY,10
COSGRAVE,5
COSGRAY,5
COSGRIFF,5
COSGROVE,30
COSHOW,5
COSICO,5
COSIER,5
COSIMINI,5
COSIO,5
COSKEY,5
COSKREY,5
COSLAN,5
COSLETT,5
COSLEY,5
COSLOW,5
COSMA,5
COSMAN,5
COSME,20
COSMO,5
COSNER,10
COSPER,20
COSS,10
COSSA,5
COSSABOOM,5
COSSABOON,5
COSSAIRT,5
COSSANO,5
COSSEL,5
COSSELL,5
COSSELMAN,5
COSSETT,5
COSSETTE,10
COSSEY,10
COSSIN,5
COSSIO,5
COST,10
COSTA,110
COSTABILE,5
COSTAGLIOLA,5
COSTAIN,5
COSTALES,10
COSTANEDA,5
COSTANTINI,5
COSTANTINO,10
COSTANZA,10
COSTANZI,5
COSTANZO,10
COSTAS,10
COSTE,5
COSTEIRA,5
COSTELL,5
COSTELLA,5
COSTELLO,100
COSTELLOWO,5
COSTEN,5
COSTENIVE,5
COSTER,10
COSTIGAN,10
COSTILLA,10
COSTILLO,10
COSTILOW,5
COSTIN,10
COSTINE,5
COSTLEY,5
COSTLOW,5
COSTNER,10
COSTON,20
COSWELL,5
COTA,40
COTANT,5
COTE,130
COTEAT,5
COTELESSE,5
COTEY,5
COTHAM,5
COTHER,5
COTHERAN,5
COTHERMAN,5
COTHERN,10
COTHRAN,30
COTHREN,10
COTHRON,5
COTILLA,5
COTILLO,5
COTLER,5
COTMAN,5
COTNER,10
COTNEY,5
COTNOIR,5
COTO,10
COTON,5
COTREAU,5
COTRELL,5
COTRONE,5
COTRONEO,5
COTSIS,5
COTT,5
COTTA,10
COTTAM,5
COTTEN,20
COTTENGIM,5
COTTER,40
COTTERELL,5
COTTERMAN,5
COTTEW,5
COTTI,5
COTTIER,5
COTTILLION,5
COTTINGHAM,20
COTTLE,20
COTTMAN,10
COTTO,20
COTTOM,5
COTTON,140
COTTONE,10
COTTONGIM,5
COTTRELL,60
COTTRILL,10
COTTY,5
COTUGNO,5
COTY,5
COUCH,100
COUCHENOUR,5
COUCHMAN,5
COUDEN,5
COUDRIET,5
COUEY,10
COUFAL,5
COUGH,5
COUGHENOUR,5
COUGHLAN,10
COUGHLIN,50
COUGHRAN,5
COUILLARD,5
COULAS,5
COULBOURNE,5
COULEY,5
COULIBALY,5
COULL,5
COULLARD,5
COULOMBE,20
COULON,5
COULSON,20
COULSTON,10
COULT,5
COULTAS,5
COULTER,80
COULTHARD,5
COULTRAP,5
COUNCE,5
COUNCELLER,5
COUNCIL,40
COUNCILL,5
COUNCILMAN,5
COUNIHAN,5
COUNSELMAN,5
COUNTEE,5
COUNTER,5
COUNTERMAN,5
COUNTESS,10
COUNTIS,5
COUNTRYMAN,10
COUNTS,40
COUP,5
COUPE,5
COUPER,5
COUPLAND,5
COURCELLE,5
COURCHENE,5
COURCHESNE,5
COURCHINE,5
COURCY,5
COURET,5
COUREY,5
COURIE,5
COURIER,5
COURINGTON,5
COURNEYA,5
COURNOYER,10
COURON,5
COURREGE,5
COURSE,5
COURSEAULT,5
COURSER,5
COURSEY,10
COURSON,20
COURT,10
COURTAD,5
COURTEAU,5
COURTEMANCHE,10
COURTENAY,5
COURTER,10
COURTNAGE,5
COURTNEY,100
COURTOIS,10
COURTON,5
COURTOY,5
COURTRIGHT,10
COURTS,10
COURTWAY,5
COURTWRIGHT,5
COURVILLE,10
COURY,10
COUSAIN,5
COUSAR,10
COUSE,5
COUSENS,5
COUSER,5
COUSEY,5
COUSIN,20
COUSINEAU,5
COUSINO,5
COUSINS,40
COUTANT,5
COUTCH,5
COUTCHER,5
COUTEE,10
COUTERMARSH,5
COUTINHO,5
COUTINO,5
COUTO,10
COUTRE,5
COUTS,5
COUTTS,5
COUTU,10
COUTURE,60
COUTURIER,5
COUTY,5
COUVERTIER,5
COUVILLIER,5
COUVILLION,5
COUZENS,5
COVA,5
COVAL,5
COVALT,5
COVAR,5
COVARRUBIA,5
COVARRUBIAS,20
COVARRUBIO,5
COVARRUVIA,5
COVE,5
COVEL,5
COVELL,10
COVELLI,5
COVELLO,5
COVEN,5
COVENEY,5
COVENTON,5
COVENTRY,5
COVER,20
COVERDALE,5
COVERDELL,5
COVERSTONE,5
COVERT,30
COVERTON,5
COVEY,30
COVIELLO,5
COVIL,5
COVILL,5
COVILLE,5
COVIN,10
COVINGTON,110
COVINO,5
COVITT,5
COVITZ,5
COVONE,5
COVOTTA,5
COWAN,120
COWANS,10
COWARD,30
COWART,40
COWBOY,5
COWDEN,10
COWDER,5
COWDERY,5
COWDIN,5
COWDREY,5
COWEE,5
COWELL,30
COWELS,5
COWEN,20
COWENS,5
COWER,5
COWETT,5
COWGER,10
COWGILL,10
COWHER,5
COWHERD,10
COWICK,5
COWIE,10
COWIN,5
COWING,5
COWLES,30
COWLEY,30
COWLIN,5
COWLING,10
COWMAN,10
COWNS,5
COWPER,5
COWSER,5
COWSERT,5
COX,1100
COXE,5
COXEN,5
COXEY,5
COXON,5
COXUM,5
COXWELL,5
COY,50
COYAN,5
COYAZO,5
COYCO,5
COYE,5
COYER,10
COYIER,5
COYKENDALL,5
COYLE,60
COYNE,30
COYNER,5
COYT,5
COZAD,10
COZADD,5
COZART,20
COZBY,5
COZIER,5
COZINE,5
COZORT,5
COZZA,5
COZZENS,5
COZZI,5
COZZOLINO,5
COZZONE,5
COZZY,5
CRAAN,5
CRAAWFORD,5
CRABB,20
CRABBE,5
CRABBS,5
CRABILL,10
CRABLE,5
CRABTREE,110
CRACAS,5
CRACCHIOLO,5
CRACE,5
CRACKNELL,5
CRACOLICI,5
CRACRAFT,10
CRADDIETH,5
CRADDOCK,30
CRADDUCK,5
CRADER,10
CRADIC,5
CRADLE,5
CRADLER,5
CRADY,5
CRAFFEY,5
CRAFFORD,5
CRAFT,130
CRAFTER,5
CRAFTON,20
CRAFTS,10
CRAGAN,5
CRAGAR,5
CRAGER,5
CRAGG,5
CRAGHEAD,5
CRAGIN,5
CRAGLE,5
CRAGO,5
CRAGUN,5
CRAIB,5
CRAIG,380
CRAIGE,5
CRAIGEN,5
CRAIGER,5
CRAIGHEAD,10
CRAIGMILES,5
CRAIGMYLE,5
CRAIGO,5
CRAIGUE,5
CRAIGWELL,5
CRAIL,5
CRAIN,70
CRAINE,10
CRAKER,5
CRALL,5
CRAM,10
CRAMBLET,5
CRAMBLIT,5
CRAMER,110
CRAMM,5
CRAMP,5
CRAMPTON,10
CRAN,5
CRANCE,5
CRANDAL,5
CRANDALL,70
CRANDELL,20
CRANDLE,5
CRANE,140
CRANER,10
CRANEY,10
CRANFIELD,5
CRANFILL,5
CRANFORD,30
CRANK,10
CRANKER,5
CRANKSHAW,5
CRANMER,10
CRANMORE,5
CRANNELL,5
CRANNEY,5
CRANOR,10
CRANS,5
CRANSHAW,5
CRANSON,5
CRANSTON,10
CRANTZ,5
CRAPANZANO,5
CRAPE,5
CRAPO,5
CRAPP,5
CRAPPS,5
CRAPSE,5
CRAPSER,5
CRARY,10
CRASCO,5
CRASE,10
CRASK,5
CRASS,10
CRATCH,5
CRATE,5
CRATER,5
CRATHERS,5
CRATIC,5
CRATIN,5
CRATION,5
CRATON,5
CRATTY,5
CRAUN,5
CRAUSWELL,5
CRAVALHO,5
CRAVATTA,5
CRAVEIRO,5
CRAVEN,60
CRAVENHO,5
CRAVENS,20
CRAVER,20
CRAVEY,5
CRAVY,5
CRAW,5
CRAWFORD,680
CRAWHORN,5
CRAWLEY,50
CRAWMER,5
CRAWN,5
CRAWSHAW,5
CRAY,10
CRAYCRAFT,5
CRAYFORD,5
CRAYNE,5
CRAYS,5
CRAYTON,30
CRAZE,5
CRAZIER,5
CREA,5
CREACH,5
CREACY,5
CREAGER,10
CREAGH,10
CREAMER,30
CREAN,5
CREAR,5
CREARY,5
CREASE,5
CREASER,5
CREASEY,10
CREASMAN,10
CREASON,10
CREASY,10
CREATH,5
CREBS,5
CRECCO,5
CRECELIUS,5
CREDELL,5
CREDEUR,5
CREDI,5
CREDILLE,5
CREDIT,5
CREDLE,10
CREDO,5
CREE,10
CREECH,60
CREECY,5
CREED,20
CREEDEN,5
CREEDON,5
CREEGAN,5
CREEHAN,5
CREEK,10
CREEKBAUM,5
CREEKMORE,20
CREEKMUR,5
CREEKS,5
CREEL,30
CREELEY,5
CREENAN,5
CREER,5
CREESE,5
CREGAN,5
CREGAR,5
CREGEEN,5
CREGER,10
CREGGER,5
CREGGETT,5
CREGIN,5
CREGLOW,5
CREGO,5
CREHAN,5
CREIGHTON,30
CREITZ,5
CRELIA,5
CRELLIN,5
CREMAR,5
CREMEANS,10
CREMEENS,5
CREMER,5
CREMERS,5
CREMIN,5
CREMINS,5
CREMONA,5
CREMONESE,5
CRENSHAW,70
CRENWELGE,5
CREPEAU,10
CREPPS,5
CREPS,5
CREQUE,5
CRESCENTI,5
CRESCENZO,5
CRESCI,5
CRESELIOUS,5
CRESENCIO,5
CRESON,5
CRESPI,5
CRESPIN,10
CRESPINO,5
CRESPO,50
CRESS,20
CRESSELL,5
CRESSEY,10
CRESSMAN,5
CRESSWELL,10
CRESSY,5
CREST,5
CRESTA,5
CRESTO,5
CRESWELL,10
CRETE,5
CRETELLA,5
CRETEN,5
CRETSINGER,5
CREVELING,5
CREVIER,5
CREVISTON,5
CREW,10
CREWE,5
CREWS,90
CRIADO,5
CRIBARI,5
CRIBB,10
CRIBBIN,5
CRIBBS,20
CRIBLEZ,5
CRICHLOW,5
CRICHTON,10
CRICK,10
CRICKARD,5
CRICKENBERGER,5
CRICKMORE,5
CRIDDLE,10
CRIDER,40
CRIDGE,5
CRIDLAND,5
CRIEGHTON,5
CRIER,5
CRIGER,5
CRIGGER,10
CRIGHTON,5
CRIGLER,10
CRILEY,5
CRILL,5
CRILLY,5
CRIM,20
CRIMES,5
CRIMI,5
CRIMIN,5
CRIMMINS,10
CRINCOLI,5
CRINER,10
CRING,5
CRINGLE,5
CRINKLAW,5
CRIPE,10
CRIPPEN,10
CRIPPIN,5
CRIPPS,10
CRIQUI,5
CRISAFI,5
CRISAFULLI,5
CRISALLI,5
CRISAN,5
CRISANTI,5
CRISCI,5
CRISCILLIS,5
CRISCIONE,5
CRISCO,5
CRISCUOLO,5
CRISE,5
CRISLER,10
CRISLIP,5
CRISMAN,10
CRISMON,5
CRISMOND,5
CRISOSTOMO,5
CRISP,60
CRISPELL,5
CRISPEN,5
CRISPIN,10
CRISPINO,5
CRISPO,5
CRISS,20
CRISSEY,5
CRISSINGER,5
CRISSLER,5
CRISSMAN,10
CRISSON,5
CRIST,40
CRISTAL,5
CRISTALDI,5
CRISTALES,5
CRISTE,5
CRISTELLI,5
CRISTELLO,5
CRISTIANO,5
CRISTINA,5
CRISTINO,5
CRISTO,5
CRISTOBAL,10
CRISTOFARO,5
CRISTOFORI,5
CRISTY,5
CRISWELL,30
CRITCHELOW,5
CRITCHER,5
CRITCHFIELD,10
CRITCHLEY,5
CRITCHLOW,10
CRITELLI,5
CRITES,20
CRITON,5
CRITTENDEN,30
CRITTENDON,10
CRITTLE,5
CRITTON,5
CRITZ,5
CRITZER,5
CRITZMAN,5
CRIVARO,5
CRIVELLI,5
CRIVELLO,10
CRNICH,5
CRNKOVICH,5
CROAK,5
CROAN,5
CROASMUN,5
CROCCO,5
CROCE,10
CROCETTI,5
CROCHET,10
CROCITTO,5
CROCK,5
CROCKARELL,5
CROCKER,90
CROCKET,5
CROCKETT,100
CROCKETTE,5
CROCKWELL,5
CROES,5
CROFF,5
CROFFIE,5
CROFFORD,5
CROFOOT,10
CROFT,60
CROFTON,5
CROFTS,10
CROFUTT,5
CROGAN,5
CROGHAN,5
CROGIER,5
CROGNALE,5
CROISSANT,5
CROKE,5
CROKER,10
CROLEY,10
CROLL,10
CROLLEY,5
CROM,5
CROMACK,5
CROMAN,5
CROMARTIE,10
CROMBIE,5
CROME,5
CROMEANS,5
CROMEDY,5
CROMEENS,5
CROMER,40
CROMEY,5
CROMIE,5
CROMLEY,5
CROMPTON,10
CROMUEL,5
CROMWELL,40
CRON,10
CRONAN,10
CRONAUER,5
CRONCE,5
CRONE,10
CRONENBERG,5
CRONER,5
CRONEY,5
CRONHOLM,5
CRONIC,5
CRONIN,60
CRONK,20
CRONKHITE,5
CRONKITE,5
CRONOBLE,5
CRONON,5
CRONQUIST,5
CRONSHAW,5
CRONWELL,5
CROOK,60
CROOKE,5
CROOKED,5
CROOKER,10
CROOKES,5
CROOKS,40
CROOKSHANK,5
CROOKSHANKS,5
CROOKSTON,5
CROOM,20
CROOMS,10
CROON,5
CROPLEY,5
CROPP,5
CROPPER,20
CROPSEY,5
CROSBIE,5
CROSBY,160
CROSDALE,5
CROSE,10
CROSHAW,5
CROSIAR,5
CROSIER,10
CROSKEY,10
CROSLAND,10
CROSLEN,5
CROSLEY,10
CROSLIN,5
CROSMAN,5
CROSNO,5
CROSON,5
CROSS,310
CROSSAN,5
CROSSEN,10
CROSSER,5
CROSSETT,10
CROSSFIELD,5
CROSSGROVE,5
CROSSIN,5
CROSSLAND,20
CROSSLEY,20
CROSSLIN,10
CROSSMAN,20
CROSSMON,5
CROSSNO,5
CROSSON,10
CROSSWELL,5
CROSSWHITE,10
CROSTEN,5
CROSTHWAITE,5
CROSTON,5
CROSWELL,5
CROTEAU,40
CROTHER,5
CROTHERS,10
CROTTEAU,5
CROTTS,10
CROTTY,10
CROTWELL,5
CROTZER,5
CROUCH,100
CROUCHER,5
CROUCHET,5
CROUGH,5
CROUNSE,5
CROUSE,50
CROUSER,5
CROUSHORN,5
CROUSORE,5
CROUT,5
CROUTCH,5
CROUTER,5
CROUTHAMEL,5
CROVER,5
CROVO,5
CROW,100
CROWDEN,5
CROWDER,90
CROWDIS,5
CROWE,120
CROWELL,70
CROWERS,5
CROWFORD,5
CROWIN,5
CROWL,10
CROWLEY,110
CROWN,10
CROWNER,5
CROWNOVER,10
CROWSON,10
CROWSTON,5
CROWTHER,10
CROWTHERS,5
CROXEN,5
CROXFORD,5
CROXTON,10
CROY,20
CROYLE,10
CROZAT,5
CROZIER,20
CRUCE,10
CRUDEN,5
CRUDO,5
CRUDUP,5
CRUEA,5
CRUEL,5
CRUELL,5
CRUEY,5
CRUFF,5
CRUICE,5
CRUICKSHANK,10
CRUIKSHANK,5
CRUISE,20
CRUIZ,5
CRULL,5
CRUM,110
CRUMB,10
CRUMBLE,10
CRUMBLEY,10
CRUMBLISS,5
CRUMBLY,5
CRUMBY,5
CRUME,10
CRUMEDY,5
CRUMLEY,20
CRUMLISH,5
CRUMLY,5
CRUMM,5
CRUMMEDYO,5
CRUMMELL,5
CRUMMETT,5
CRUMMEY,5
CRUMMIE,5
CRUMMITT,5
CRUMP,80
CRUMPACKER,5
CRUMPLER,10
CRUMPTON,20
CRUMRINE,10
CRUMWELL,5
CRUNK,10
CRUNKILTON,5
CRUNKLETON,5
CRUPE,5
CRUPI,5
CRUPPER,5
CRUSAN,5
CRUSE,30
CRUSER,5
CRUSINBERRY,5
CRUSOE,5
CRUSON,5
CRUTCH,5
CRUTCHER,40
CRUTCHEV,5
CRUTCHFIELD,40
CRUTCHLEY,5
CRUTE,5
CRUTHER,5
CRUTHERS,5
CRUTHIRD,5
CRUTHIRDS,5
CRUTISON,5
CRUTSINGER,5
CRUZ,750
CRUZADO,5
CRUZAN,5
CRUZE,5
CRUZEN,5
CRYAN,5
CRYAR,5
CRYDER,5
CRYDERMAN,5
CRYE,5
CRYER,10
CRYSLER,5
CRYSTAL,10
CRYTSER,5
CRYTZER,5
CSASZAR,5
CSENSICH,5
CSER,5
CSIZMADIA,5
CSUBAK,5
CSUHTA,5
CUA,5
CUADRA,10
CUADRADO,10
CUADRAS,5
CUADRO,5
CUADROS,5
CUARESMA,5
CUARTAS,5
CUASCUT,5
CUBA,5
CUBANO,5
CUBAS,5
CUBBAGE,10
CUBBISON,5
CUBERO,5
CUBETA,5
CUBIAS,5
CUBIE,5
CUBILLO,5
CUBINE,5
CUBIT,5
CUBITO,5
CUBR,5
CUCCARO,5
CUCCHIARA,5
CUCCHIARO,5
CUCCIA,10
CUCCINELLO,5
CUCCO,5
CUCH,5
CUCHARES,5
CUCHIARA,5
CUCINELLA,5
CUCINO,5
CUCINOTTA,5
CUCKLER,5
CUCUFATE,5
CUCULICH,5
CUCUTA,5
CUCUZZA,5
CUCVAS,5
CUDA,5
CUDAN,5
CUDD,10
CUDDEBACK,5
CUDDIHEE,5
CUDDINGTON,5
CUDDY,10
CUDE,10
CUDJOE,10
CUDMORE,5
CUDNEY,10
CUDWORTH,5
CUE,10
CUEBAS,5
CUELLAR,50
CUELLO,5
CUEN,5
CUENCA,5
CUERVO,5
CUESTA,5
CUESTAS,5
CUETO,10
CUEVA,10
CUEVAS,100
CUEZ,5
CUFF,10
CUFFARI,5
CUFFE,5
CUFFEE,10
CUFFIA,5
CUFFIE,10
CUFFMAN,5
CUFFY,5
CUGINI,5
CUHEL,5
CUI,5
CUIZON,5
CUJAS,5
CUKAJ,5
CULAJAY,5
CULBERSON,10
CULBERT,10
CULBERTH,5
CULBERTSON,40
CULBREATH,10
CULBRETH,10
CULCASI,5
CULHANE,5
CULKIN,5
CULL,10
CULLAR,5
CULLARS,5
CULLEN,70
CULLENS,10
CULLER,20
CULLERS,5
CULLETON,5
CULLEY,10
CULLIFER,5
CULLIGAN,10
CULLIN,5
CULLINAN,10
CULLINANE,5
CULLINS,10
CULLIP,5
CULLISON,10
CULLITON,5
CULLITY,5
CULLIVAN,5
CULLIVER,5
CULLOM,5
CULLOP,5
CULLOTON,5
CULLUM,10
CULLY,10
CULMER,5
CULNANE,5
CULOTTA,5
CULOTTI,5
CULP,50
CULPEPPER,50
CULPIT,5
CULTICE,5
CULTON,5
CULVER,70
CULVERHOUSE,5
CULVERSON,5
CULWELL,5
CUMBA,5
CUMBAA,5
CUMBASS,5
CUMBEE,5
CUMBER,5
CUMBERBATCH,10
CUMBERLAND,10
CUMBERLANDER,5
CUMBERLEDGE,5
CUMBIE,10
CUMBLIDGE,5
CUMBO,5
CUMBY,5
CUMENS,5
CUMINGS,5
CUMINS,5
CUMISKEY,5
CUMLEY,5
CUMMER,5
CUMMING,20
CUMMINGHAM,10
CUMMINGS,320
CUMMINS,90
CUMMISKEY,5
CUMMISKY,5
CUMOLETTI,5
CUMPSTON,5
CUMPTON,5
CUN,5
CUNA,5
CUNANAN,5
CUNARD,5
CUNAS,5
CUNDICK,5
CUNDIFF,20
CUNDY,5
CUNEIO,5
CUNEO,10
CUNG,5
CUNHA,10
CUNICO,5
CUNINGHAM,5
CUNIO,5
CUNIS,5
CUNLIFFE,5
CUNNANE,5
CUNNEEN,5
CUNNICK,5
CUNNIFF,10
CUNNIFFE,5
CUNNIGHAM,5
CUNNING,5
CUNNINGAN,5
CUNNINGHAM,540
CUNNINGHAN,5
CUNNINGTON,5
CUNY,5
CUOCO,5
CUOMO,20
CUOZZO,5
CUPE,5
CUPELLI,5
CUPERUS,5
CUPIT,5
CUPP,30
CUPPERNELL,5
CUPPETT,5
CUPPLES,10
CUPPS,10
CUPSTID,5
CURA,5
CURAMENG,5
CURATOLO,5
CURB,5
CURBEAM,5
CURBELO,5
CURBO,5
CURBOW,5
CURBOY,5
CURBY,5
CURCI,10
CURCIO,10
CURCURU,5
CURD,10
CURDY,5
CURE,5
CUREAU,5
CURELLA,5
CURENTON,5
CURET,5
CURETON,20
CUREY,5
CURFMAN,5
CURI,5
CURIA,5
CURIE,5
CURIEL,20
CURIMAO,5
CURINGTON,5
CURIO,5
CURIT,5
CURL,20
CURLE,5
CURLEE,10
CURLES,5
CURLESS,5
CURLEY,50
CURLEYHAIR,5
CURLIN,5
CURLING,5
CURLIS,5
CURLL,5
CURLS,5
CURLY,5
CURNEY,5
CURNOW,5
CURNUTT,10
CURNUTTE,5
CURO,5
CURPUPOZ,5
CURRA,5
CURRAN,90
CURRANS,5
CURRELL,5
CURREN,10
CURRENCE,5
CURRENS,5
CURRENT,10
CURRERI,5
CURREY,10
CURRIE,70
CURRIER,50
CURRIERE,5
CURRIN,20
CURRINGTON,5
CURRO,5
CURRY,350
CURSON,5
CURT,5
CURTICE,5
CURTIN,30
CURTIS,400
CURTISS,20
CURTNER,5
CURTO,10
CURTS,5
CURTSINGER,10
CURVEY,5
CURVIN,5
CURYLO,5
CURZ,5
CURZI,5
CUSACK,10
CUSANELLI,5
CUSANO,5
CUSATIS,5
CUSENZA,5
CUSH,5
CUSHARD,5
CUSHEN,5
CUSHENBERRY,5
CUSHER,5
CUSHINBERRY,5
CUSHING,20
CUSHINGBERRY,5
CUSHMAN,30
CUSHNER,5
CUSHWA,5
CUSHWAY,5
CUSIC,5
CUSICK,20
CUSIMANO,5
CUSMANO,5
CUSSEN,5
CUSSINS,5
CUSSON,10
CUSTA,5
CUSTANCE,5
CUSTARD,10
CUSTEAU,5
CUSTER,40
CUSTIS,10
CUSTODIO,10
CUSUMANO,10
CUSWORTH,5
CUTAIA,5
CUTBIRTH,5
CUTBURTH,5
CUTCHALL,5
CUTCHEMBER,5
CUTCHER,5
CUTCHIN,5
CUTCHINS,5
CUTFORTH,5
CUTHBERT,10
CUTHBERTSON,10
CUTHER,5
CUTHILL,5
CUTHRELL,5
CUTI,5
CUTIA,5
CUTILLO,5
CUTLER,60
CUTLIFF,5
CUTLIP,10
CUTNO,5
CUTONE,5
CUTRELL,5
CUTRER,10
CUTRERA,5
CUTRI,5
CUTRIGHT,10
CUTRONA,5
CUTRONE,5
CUTSFORTH,5
CUTSHALL,10
CUTSHAW,10
CUTSINGER,5
CUTT,5
CUTTEN,5
CUTTER,20
CUTTING,10
CUTTINO,5
CUTTITTA,5
CUTTLER,5
CUTTS,10
CUTTY,5
CUTWRIGHT,5
CUVA,5
CUYLER,10
CUZCO,5
CUZICK,5
CUZMAN,5
CUZZI,5
CUZZO,5
CUZZORT,5
CVETKOVIC,5
CWALINSKI,5
CWIAKALA,5
CWIEK,5
CWIK,5
CWIKLA,5
CWIKLINSKI,5
CYBART,5
CYBULSKI,10
CYCHOSZ,5
CYFERS,5
CYGAN,5
CYGANIEWICZ,5
CYGRYMUS,5
CYLER,5
CYLKOWSKI,5
CYNOVA,5
CYNTHIA,5
CYPERT,10
CYPHER,5
CYPHERS,10
CYPHERT,5
CYPRESS,5
CYPRET,5
CYPRIAN,5
CYR,60
CYRAN,5
CYREE,5
CYRNEK,5
CYRULIK,5
CYRUS,10
CYWINSKI,5
CZACH,5
CZACHOR,5
CZACHOROWSKI,5
CZAJA,5
CZAJKA,5
CZAJKOWSKI,10
CZAP,5
CZAPIEWSKI,5
CZAPLA,10
CZAPLEWSKI,5
CZAPLICKI,5
CZAPLINSKI,5
CZAPOR,5
CZAPSKI,5
CZAR,5
CZARKOWSKI,5
CZARNECKI,10
CZARNIECKI,5
CZARNIK,5
CZARNOTA,5
CZARNY,5
CZARTORYSKI,5
CZECH,10
CZECHOWSKI,5
CZEKAJ,5
CZEKANSKI,5
CZELUSNIAK,5
CZEPIEL,5
CZERKIES,5
CZERNIAK,5
CZERNIK,5
CZERNO,5
CZERNOVSKI,5
CZERWINSKI,10
CZLAPINSKI,5
CZOLBA,5
CZOSEK,5
CZUBA,5
CZUBAKOWSKI,5
CZUBIA,5
CZUPRYNA,5
CZWAKIEL,5
CZYRNIK,5
CZYSZ,5
CZYZ,5
CZYZEWSKI,5
DABADIE,5
DABATO,5
DABBRACCIO,5
DABBS,20
DABDOUB,5
DABE,5
DABER,5
DABNEY,30
DABROWSKI,10
DACAMARA,5
DACANAY,5
DACE,5
DACEY,5
DACH,5
DACHELET,5
DACHS,5
DACK,5
DACOSTA,20
DACPANO,5
DACQUEL,5
DACRES,5
DACRUZ,5
DACUNHA,5
DACUNTO,5
DACUS,10
DACY,5
DACZEWITZ,5
DAD,5
DADA,5
DADAMO,5
DADD,5
DADDABBO,5
DADDARIO,10
DADDEA,5
DADDIO,5
DADDONA,5
DADDS,5
DADE,10
DADEY,5
DADISMAN,5
DADLANI,5
DADO,5
DADSON,5
DADY,5
DAE,5
DAEHLER,5
DAEHN,5
DAER,5
DAFFERN,5
DAFFIN,5
DAFFRON,5
DAFOE,5
DAFONSECA,5
DAFONTE,5
DAFT,5
DAGAN,5
DAGATA,5
DAGDAG,5
DAGE,5
DAGEL,5
DAGEN,5
DAGENAIS,5
DAGENHART,5
DAGER,5
DAGESSE,5
DAGG,5
DAGGETT,20
DAGGS,5
DAGGY,5
DAGHITA,5
DAGIS,5
DAGLE,5
DAGLEY,5
DAGNAN,5
DAGNER,5
DAGNESE,5
DAGNON,5
DAGNONE,5
DAGO,5
DAGON,5
DAGOSTINO,20
DAGRACA,5
DAGRELLA,5
DAGRES,5
DAGUE,5
DAGUERRE,5
DAGUIO,5
DAHAN,5
DAHER,5
DAHILL,5
DAHL,80
DAHLBERG,10
DAHLE,10
DAHLEM,5
DAHLEN,10
DAHLER,5
DAHLEY,5
DAHLGREN,10
DAHLHAUSER,5
DAHLHEIMER,5
DAHLIN,10
DAHLINE,5
DAHLING,5
DAHLKA,5
DAHLKE,10
DAHLMAN,5
DAHLQUIST,10
DAHLSTEDT,5
DAHLSTROM,10
DAHM,5
DAHMAN,5
DAHME,5
DAHMEN,10
DAHMER,5
DAHMS,10
DAHN,5
DAHNKE,5
DAHOOD,5
DAI,5
DAICHENDT,5
DAIDONE,5
DAIGH,5
DAIGLE,60
DAIGNAULT,5
DAIGNEAULT,10
DAIGRE,10
DAIL,10
DAILEY,110
DAILING,5
DAILL,5
DAILY,40
DAIMARU,5
DAIN,5
DAINACK,5
DAINE,5
DAINELS,5
DAINES,5
DAINS,5
DAIR,5
DAIRE,5
DAIS,5
DAISE,5
DAISEY,5
DAISLEY,5
DAISY,5
DAITON,5
DAIVS,5
DAIZ,5
DAJANI,5
DAJER,5
DAKAN,5
DAKE,10
DAKEN,5
DAKES,5
DAKIN,5
DAKING,5
DAKINS,5
DAKU,5
DALAL,5
DALAQ,5
DALBA,5
DALBEC,5
DALBECK,5
DALBEY,5
DALBY,5
DALCOUR,5
DALE,130
DALECKI,5
DALEE,5
DALEGOWSKI,5
DALEN,5
DALENBERG,5
DALENE,5
DALEO,5
DALERE,5
DALES,10
DALESANDRO,5
DALESKE,5
DALESSANDRO,10
DALESSIO,10
DALEUS,5
DALEY,80
DALFONSO,5
DALGLEISH,5
DALHART,5
DALHOVER,5
DALIN,5
DALIO,5
DALITZ,5
DALIVA,5
DALKA,5
DALKE,10
DALL,10
DALLA,5
DALLAGO,5
DALLAIRE,5
DALLAM,5
DALLAS,40
DALLAVALLE,5
DALLEN,5
DALLER,5
DALLESANDRO,5
DALLEVA,5
DALLEY,10
DALLIS,5
DALLISON,5
DALLMAN,5
DALLMANN,5
DALLMEYER,5
DALLMIER,5
DALLUGE,5
DALLY,5
DALMAN,5
DALMATA,5
DALMAU,5
DALMIDA,5
DALMORO,5
DALO,5
DALOIA,5
DALOISIO,5
DALOMBA,5
DALONZO,5
DALPE,5
DALPHONSE,5
DALPIAZ,5
DALPONTE,5
DALPORTO,5
DALRYMPLE,20
DALSANTO,5
DALTON,190
DALTORIO,5
DALUZ,10
DALY,90
DALZELL,10
DALZEN,5
DALZIEL,5
DAM,10
DAMA,5
DAMAN,5
DAMANN,5
DAMARIO,5
DAMAS,5
DAMASCO,5
DAMATO,20
DAMBACH,5
DAMBAKLY,5
DAMBERGER,5
DAMBOISE,5
DAMBRA,5
DAMBROSE,5
DAMBROSI,5
DAMBROSIA,5
DAMBROSIO,10
DAMBROZIO,5
DAME,20
DAMELIO,5
DAMERELL,5
DAMERON,20
DAMES,10
DAMEWOOD,5
DAMI,5
DAMIAN,10
DAMIANI,10
DAMIANO,10
DAMICO,40
DAMIEN,5
DAMIS,5
DAMM,10
DAMMAD,5
DAMMANN,10
DAMME,5
DAMMEN,5
DAMMEYER,5
DAMMRICH,5
DAMMS,5
DAMON,30
DAMONE,5
DAMORE,10
DAMORO,5
DAMOTH,5
DAMOUR,5
DAMOURS,5
DAMPEER,5
DAMPF,5
DAMPHOUSSE,5
DAMPIER,10
DAMRELL,5
DAMRON,30
DAMROW,5
DAN,10
DANA,20
DANAHER,10
DANAHY,5
DANAS,5
DANBY,5
DANCA,5
DANCAUSE,5
DANCE,10
DANCEL,5
DANCER,10
DANCEY,5
DANCHETZ,5
DANCO,5
DANCOES,5
DANCY,30
DANCZAK,5
DANDO,5
DANDOY,5
DANDRADE,5
DANDREA,20
DANDRIDGE,20
DANDROW,5
DANDURAND,5
DANDY,5
DANE,10
DANEHY,5
DANEK,10
DANEKAS,5
DANEKER,5
DANELLA,5
DANER,5
DANES,5
DANESE,5
DANESH,5
DANESI,5
DANFIELD,5
DANFORD,10
DANFORTH,20
DANG,30
DANGEL,5
DANGELIS,5
DANGELO,30
DANGER,5
DANGERFIELD,10
DANGLER,5
DANH,5
DANI,5
DANIAL,5
DANIALS,5
DANIEL,330
DANIELE,5
DANIELIAN,5
DANIELL,10
DANIELLE,5
DANIELLO,5
DANIELOVICH,5
DANIELS,620
DANIELSEN,5
DANIELSKI,5
DANIELSON,40
DANIELY,5
DANIS,10
DANISH,5
DANISON,5
DANKER,5
DANKERT,5
DANKMEYER,5
DANKO,10
DANKS,5
DANLEY,20
DANN,10
DANNA,10
DANNARD,5
DANNATT,5
DANNECKER,5
DANNELLEY,5
DANNELLY,5
DANNELS,5
DANNEMAN,5
DANNENBERG,5
DANNENFELSER,5
DANNER,40
DANNHAUS,5
DANNI,5
DANNIELS,5
DANNIS,5
DANNS,5
DANNUNZIO,5
DANNY,5
DANO,5
DANOFF,5
DANOS,10
DANOSKI,5
DANOWSKI,5
DANSBURY,5
DANSBY,20
DANSER,5
DANSEREAU,10
DANSIE,5
DANSON,5
DANT,10
DANTE,5
DANTES,5
DANTIN,5
DANTON,5
DANTONI,5
DANTONIO,10
DANTOS,5
DANTUONO,5
DANTZLER,20
DANUSER,5
DANYOW,5
DANZ,5
DANZA,5
DANZER,5
DANZIGER,5
DANZY,5
DAO,10
DAOUD,5
DAOUST,5
DAPAS,5
DAPICE,5
DAPINTO,5
DAPOLITO,5
DAPONTE,5
DAPOZ,5
DAPPER,5
DAPRILE,5
DAPVAALA,5
DAQUILA,5
DAQUILANTE,5
DAQUINO,5
DAQUIP,5
DAR,5
DARAKJIAN,5
DARAKJY,5
DARAMOLA,5
DARAS,5
DARBEAU,5
DARBONNE,10
DARBOUZE,5
DARBRO,5
DARBY,70
DARBYSHIRE,5
DARCANGELO,5
DARCEY,5
DARCO,5
DARCUS,5
DARCY,10
DARDAGNAC,5
DARDAR,20
DARDASHTI,5
DARDEN,70
DARDENNE,5
DARDIS,5
DARDON,5
DARDY,5
DARE,10
DARENSBOURG,5
DAREY,5
DARGA,5
DARGAN,10
DARGATZ,5
DARGENIO,5
DARGIE,5
DARGIN,5
DARGIS,5
DARI,5
DARIA,5
DARIANO,5
DARICEK,5
DARIENZO,5
DARING,5
DARINGTON,5
DARIO,5
DARIS,5
DARITY,5
DARIUS,5
DARJEAN,5
DARK,10
DARKE,5
DARKIS,5
DARKS,5
DARLAND,5
DARLEY,10
DARLIN,5
DARLING,70
DARLINGTON,10
DARM,5
DARMIENTO,5
DARMODY,5
DARNALL,10
DARNEL,5
DARNELL,80
DARNER,5
DARNICK,5
DARNLEY,5
DARNOLD,5
DARNSTAEDT,5
DARO,5
DAROCHA,5
DARON,5
DAROS,5
DAROSA,10
DAROU,5
DARR,20
DARRACOTT,5
DARRAGH,5
DARRAH,10
DARRAS,5
DARRELL,10
DARRIGO,5
DARRIN,5
DARRING,5
DARRINGTON,10
DARRISAW,5
DARROCH,5
DARRON,5
DARROUGH,5
DARROW,20
DARRUP,5
DARSCH,5
DARSEY,5
DARSI,5
DARSOW,5
DARST,10
DART,10
DARTER,5
DARTEZ,5
DARTHARD,5
DARTING,5
DARTT,5
DARTY,5
DARUGAR,5
DARUSZKA,5
DARVEAU,5
DARVILE,5
DARVILLE,5
DARVIN,5
DARVISH,5
DARWICH,5
DARWIN,10
DARWISH,5
DARY,5
DARYANL,5
DAS,10
DASALIA,5
DASCH,5
DASCHOFSKY,5
DASE,5
DASEN,5
DASGUPTA,5
DASH,10
DASHEM,5
DASHER,10
DASHIELL,10
DASHNAW,5
DASHNE,5
DASHNER,10
DASHNO,5
DASILUA,5
DASILVA,30
DASINGER,5
DASKAL,5
DASKAM,5
DASMANN,5
DASO,5
DASOUZA,5
DASOVICH,5
DASS,5
DASSO,5
DASSOW,5
DASTE,5
DASTOLI,5
DASTRUP,5
DATAMPHAY,5
DATCHER,5
DATES,10
DATHE,5
DATIL,5
DATKO,5
DATO,5
DATRI,5
DATSON,5
DATT,5
DATTA,5
DATTE,5
DATTILIO,5
DATTILO,10
DATU,5
DATWYLER,5
DATY,5
DATZ,5
DAU,5
DAUB,10
DAUBENDIEK,5
DAUBENMIRE,5
DAUBENSPECK,5
DAUBER,5
DAUBERMAN,5
DAUBERT,10
DAUBNEY,5
DAUBS,5
DAUDELIN,5
DAUDIER,5
DAUDT,5
DAUENHAUER,5
DAUER,5
DAUFELDT,5
DAUGAARD,5
DAUGE,5
DAUGEREAU,5
DAUGHDRILL,5
DAUGHENBAUGH,5
DAUGHERTY,140
DAUGHETEE,5
DAUGHETY,5
DAUGHRITY,5
DAUGHTERS,5
DAUGHTERTY,5
DAUGHTERY,10
DAUGHTON,5
DAUGHTREY,10
DAUGHTRIDGE,5
DAUGHTRY,30
DAUILA,5
DAUL,5
DAULERIO,5
DAULTON,10
DAUM,10
DAUNT,5
DAUPHIN,10
DAUPHINAIS,5
DAURIA,5
DAURIZIO,5
DAUS,5
DAUSCH,5
DAUSE,5
DAUSTER,5
DAUTERIVE,5
DAUTERMAN,5
DAUTEUIL,5
DAUTREMONT,5
DAUTRICH,5
DAUZART,5
DAUZAT,5
DAVALOS,10
DAVANCE,5
DAVANZO,5
DAVARI,5
DAVAULT,5
DAVAZ,5
DAVDA,5
DAVE,10
DAVEL,5
DAVEN,5
DAVENPORT,230
DAVENSIZER,5
DAVERN,5
DAVERS,5
DAVERSA,5
DAVES,10
DAVEY,20
DAVI,5
DAVIA,5
DAVIAU,5
DAVICH,5
DAVICK,5
DAVID,140
DAVIDE,5
DAVIDEK,5
DAVIDIAN,5
DAVIDOFF,5
DAVIDOWICZ,5
DAVIDS,5
DAVIDSEN,5
DAVIDSMEYER,5
DAVIDSON,410
DAVIE,10
DAVIES,110
DAVIGNON,5
DAVILA,100
DAVILLA,5
DAVIN,10
DAVINE,5
DAVINO,5
DAVION,5
DAVIRRO,5
DAVIS,4800
DAVISE,5
DAVISON,80
DAVISSON,10
DAVITO,5
DAVITT,5
DAVNEY,5
DAVOLT,5
DAVOREN,5
DAVOS,5
DAVTYAN,5
DAVY,10
DAVYDOV,5
DAW,10
DAWAHOYA,5
DAWBER,5
DAWDY,5
DAWE,10
DAWES,20
DAWKIN,5
DAWKINS,80
DAWLEY,10
DAWN,5
DAWOOD,5
DAWOUD,5
DAWS,5
DAWSEY,5
DAWSON,350
DAX,5
DAY,430
DAYA,5
DAYAL,5
DAYAN,5
DAYAO,5
DAYE,20
DAYEM,5
DAYER,5
DAYHOFF,5
DAYHUFF,5
DAYKIN,5
DAYLEY,5
DAYLONG,5
DAYMUDE,5
DAYNE,5
DAYRIT,5
DAYS,10
DAYTON,30
DAYWALT,5
DAZA,5
DAZEY,5
DAZI,5
DAZZI,5
DEA,5
DEACETIS,5
DEACON,10
DEACY,5
DEADERICK,5
DEADMOND,5
DEADWYLER,5
DEADY,10
DEAGUERO,5
DEAGUIAR,5
DEAHL,5
DEAK,5
DEAKIN,5
DEAKINS,10
DEAKYNE,5
DEAL,90
DEALBA,10
DEALE,5
DEALMEIDA,5
DEALY,5
DEAMER,5
DEAN,450
DEANDA,20
DEANDRADE,5
DEANE,20
DEANER,5
DEANES,5
DEANG,5
DEANGELES,5
DEANGELIS,20
DEANGELO,20
DEANGELUS,5
DEANHARDT,5
DEANNE,5
DEANS,20
DEAQUINO,5
DEAR,20
DEARBORN,20
DEARCO,5
DEARCOS,5
DEARDEN,5
DEARDON,5
DEARDORFF,10
DEARDURFF,5
DEARE,5
DEARIN,5
DEARING,20
DEARINGER,5
DEARMAN,10
DEARMAS,5
DEARMENT,5
DEARMITT,5
DEARMON,5
DEARMOND,10
DEARMORE,5
DEARO,5
DEARRING,5
DEARRUDA,5
DEARS,5
DEARSON,5
DEARSTYNE,5
DEARTH,10
DEARY,5
DEAS,20
DEASE,5
DEASES,5
DEASIS,5
DEASON,20
DEASY,5
DEATHERAGE,10
DEATLEY,5
DEATON,60
DEATS,5
DEAVER,10
DEAVERS,10
DEAVILA,5
DEAVILLE,5
DEBACA,5
DEBACK,5
DEBACKER,5
DEBAECKE,5
DEBAETS,5
DEBAR,5
DEBARBA,5
DEBARDELABEN,5
DEBARGE,5
DEBARI,5
DEBARR,5
DEBARROS,5
DEBARTOLO,5
DEBBINS,5
DEBEAUMONT,5
DEBEER,5
DEBELAK,5
DEBELL,5
DEBELLA,5
DEBELLIS,10
DEBELLO,5
DEBEM,5
DEBENEDETTI,5
DEBENEDETTO,5
DEBENEDICTIS,5
DEBENEDITTIS,5
DEBENHAM,5
DEBERG,5
DEBERNARDI,5
DEBERRY,30
DEBES,5
DEBETTIGNIES,5
DEBEY,5
DEBIASE,5
DEBIASI,5
DEBIASIO,5
DEBIEN,5
DEBIEW,5
DEBLANC,5
DEBLASE,5
DEBLASI,5
DEBLASIO,5
DEBLAUW,5
DEBLIECK,5
DEBLOIS,10
DEBNAM,10
DEBNAR,5
DEBO,5
DEBOARD,5
DEBOE,5
DEBOEF,5
DEBOER,20
DEBOIS,5
DEBOLD,5
DEBOLT,10
DEBONA,5
DEBONIS,5
DEBORD,10
DEBORDE,5
DEBORE,5
DEBOSE,20
DEBOUSE,5
DEBOW,5
DEBRAE,5
DEBRAGA,5
DEBRAY,5
DEBRECHT,5
DEBRETO,5
DEBRIE,5
DEBRITA,5
DEBRITO,5
DEBRO,5
DEBROCK,5
DEBROSSE,5
DEBROT,5
DEBROUX,5
DEBRUCE,5
DEBRUHL,5
DEBRUIN,5
DEBRULER,5
DEBRUYN,5
DEBRY,5
DEBSKI,5
DEBUHR,5
DEBUS,5
DEBUSE,5
DEBUSK,10
DEBUTIACO,5
DEBUTTS,5
DEC,5
DECAEN,5
DECAIRE,5
DECAMBRA,5
DECAMP,10
DECANDIA,5
DECANEO,5
DECANN,5
DECANT,5
DECAPITE,5
DECAPRIO,5
DECAPUA,5
DECARDENAS,5
DECARDO,5
DECARLO,20
DECARMINE,5
DECARO,10
DECAROLIS,5
DECARR,5
DECARVALHO,5
DECASANOVA,5
DECASAS,5
DECASTRO,20
DECATO,5
DECATUR,5
DECECCO,5
DECELLE,5
DECELLES,5
DECEMBER,5
DECENA,5
DECENT,5
DECENZO,5
DECESARE,10
DECH,5
DECHAINE,5
DECHAMBEAU,5
DECHAMPLAIN,5
DECHANT,10
DECHART,5
DECHAVEZ,5
DECHELLIS,5
DECHERT,5
DECHICK,5
DECHICO,5
DECICCO,10
DECILLIS,5
DECINTI,5
DECIO,5
DECIUS,5
DECK,20
DECKARD,20
DECKELBAUM,5
DECKELMAN,5
DECKER,190
DECKERS,5
DECKERT,10
DECKMAN,5
DECLARK,5
DECLERCQ,5
DECLERK,5
DECLET,5
DECLOUETTE,5
DECLUE,10
DECOCK,5
DECOLA,5
DECOMO,5
DECONTI,5
DECOOK,5
DECORTE,5
DECOS,5
DECOST,5
DECOSTA,20
DECOSTE,5
DECOSTER,5
DECOTEAU,20
DECOU,5
DECOUD,5
DECOURCEY,5
DECOURLEY,5
DECOURSEY,5
DECOURT,5
DECOUX,5
DECRAENE,5
DECREE,5
DECRISTOFARO,5
DECRISTOFORO,5
DECROO,5
DECROSTA,5
DECUIR,5
DECULUS,5
DECURTIS,5
DEDAJ,5
DEDE,5
DEDEAUX,10
DEDECKER,5
DEDEK,5
DEDEKE,5
DEDERICH,5
DEDERICK,5
DEDIC,5
DEDICKE,5
DEDIER,5
DEDINAS,5
DEDIOS,5
DEDMAN,5
DEDMON,10
DEDNAM,5
DEDO,5
DEDOMINICIS,5
DEDON,5
DEDRICK,10
DEDRICKSON,5
DEE,20
DEEB,5
DEED,5
DEEDRICK,5
DEEDS,10
DEEG,5
DEEGAN,10
DEEKEN,5
DEEKS,5
DEEL,10
DEELEY,5
DEELY,5
DEEM,10
DEEMER,10
DEEMS,10
DEEN,20
DEENER,5
DEEP,5
DEER,10
DEERDOFF,5
DEERE,5
DEERING,20
DEERMAN,5
DEES,40
DEESE,20
DEETER,10
DEETERS,5
DEETS,5
DEETZ,5
DEEVER,5
DEFABER,5
DEFABIO,5
DEFALCO,10
DEFARIA,5
DEFAYETTE,5
DEFAZIO,10
DEFEE,5
DEFELICE,10
DEFENBAUGH,5
DEFENDERFER,5
DEFEO,10
DEFFENBAUGH,5
DEFFIBAUGH,5
DEFIBAUGH,5
DEFIDE,5
DEFIGLIO,5
DEFIGUERO,5
DEFILIPPI,5
DEFILIPPIS,5
DEFILIPPO,10
DEFINA,5
DEFINO,5
DEFIORE,5
DEFIR,5
DEFLORIO,5
DEFOE,5
DEFONCE,5
DEFONT,5
DEFOOR,10
DEFOORE,5
DEFORD,10
DEFORE,5
DEFOREST,10
DEFORGE,10
DEFORREST,5
DEFOSSE,5
DEFOSSES,5
DEFOSSET,5
DEFOUW,5
DEFRAIN,5
DEFRANCE,5
DEFRANCESCHI,5
DEFRANCESCO,5
DEFRANCIS,5
DEFRANCISCO,10
DEFRANCO,10
DEFRANG,5
DEFRANK,5
DEFRATES,5
DEFREECE,5
DEFREESE,5
DEFREITAS,10
DEFRIES,5
DEFUSCO,5
DEGADO,5
DEGAETANO,5
DEGAGNE,5
DEGAN,5
DEGARMO,10
DEGASPARRE,5
DEGASPERIS,5
DEGAUST,5
DEGEAR,5
DEGEARE,5
DEGEEST,5
DEGELBECK,5
DEGELE,5
DEGEN,10
DEGENARO,5
DEGENER,5
DEGENFELDER,5
DEGENHARDT,5
DEGENHART,5
DEGENNARO,10
DEGEORGE,10
DEGESTON,5
DEGEYTER,5
DEGIACOMO,5
DEGIDIO,5
DEGIORGIO,5
DEGIROLAMO,5
DEGIULIO,5
DEGLANDON,5
DEGLANVILLE,5
DEGLER,5
DEGLOPPER,5
DEGLOW,5
DEGMAN,5
DEGNAN,10
DEGNER,5
DEGNIM,5
DEGOLIER,5
DEGOLLADO,5
DEGOLYER,5
DEGON,5
DEGONIA,5
DEGOOYER,5
DEGORI,5
DEGRAAF,5
DEGRACE,5
DEGRACIA,5
DEGRAFF,10
DEGRAFFENREID,10
DEGRAFFENRIED,5
DEGRAND,5
DEGRANDE,5
DEGRANDPRE,5
DEGRANGE,5
DEGRASS,5
DEGRASSE,5
DEGRATE,5
DEGRAVE,5
DEGRAVELLE,5
DEGRAW,10
DEGRAZIA,5
DEGRAZIO,5
DEGRE,5
DEGREE,10
DEGREENIA,5
DEGREGORIO,10
DEGRELLA,5
DEGRENIER,5
DEGRO,5
DEGROAT,10
DEGROFF,5
DEGROOD,5
DEGROOT,10
DEGROOTE,5
DEGROSS,5
DEGRUY,5
DEGUIRE,5
DEGUISE,5
DEGUNYA,5
DEGUZMAN,20
DEHAAN,10
DEHAAS,5
DEHAEMERS,5
DEHAN,5
DEHANEY,5
DEHARO,5
DEHART,40
DEHASS,5
DEHAVEN,20
DEHAY,5
DEHERRERA,10
DEHETRE,5
DEHGHANI,5
DEHL,5
DEHLER,5
DEHLINGER,5
DEHM,5
DEHMER,5
DEHN,10
DEHNE,5
DEHNER,10
DEHNERT,5
DEHOFF,5
DEHOMBRE,5
DEHOYOS,10
DEHRER,5
DEIBEL,5
DEIBERT,5
DEIBLE,5
DEIBLER,5
DEICHMAN,5
DEICHMANN,5
DEIDA,5
DEIDRICK,5
DEIERLEIN,5
DEIGADO,5
DEIGHAN,5
DEIGHTON,5
DEIGNAN,5
DEIHL,5
DEIKE,5
DEILY,5
DEIMUND,5
DEINERT,5
DEINES,10
DEINHARDT,5
DEININGER,5
DEIR,5
DEIS,5
DEISCH,5
DEISCHER,5
DEISHER,5
DEISS,5
DEIST,5
DEISTER,5
DEITCH,10
DEITER,5
DEITERS,5
DEITRICH,5
DEITRICK,5
DEITSCH,5
DEITZ,10
DEJA,5
DEJACKOME,5
DEJAEGER,5
DEJAGER,5
DEJARDEN,5
DEJARDIN,5
DEJARME,5
DEJARNETT,5
DEJARNETTE,5
DEJEAN,10
DEJES,5
DEJESUS,120
DEJOHN,10
DEJOIE,5
DEJONG,10
DEJONGE,5
DEJONGH,5
DEJOODE,5
DEJOSEPH,5
DEJULIO,5
DEKALB,5
DEKANY,5
DEKAY,5
DEKENIPP,5
DEKEYSER,5
DEKEYZER,5
DEKINE,5
DEKKER,10
DEKLE,5
DEKLERK,5
DEKOK,5
DEKONING,5
DEKORNE,5
DEKORT,5
DEKORTE,5
DEKREY,5
DEKRUIF,5
DEKUYPER,5
DEL,5
DELA,5
DELABARRE,5
DELACERDA,10
DELACRUZ,120
DELACUESTA,5
DELACUEVA,5
DELACY,5
DELAET,5
DELAFONTAINE,5
DELAFUENTE,20
DELAGADO,5
DELAGARZA,40
DELAGE,5
DELAGLIO,5
DELAGOL,5
DELAGRANGE,5
DELAGUARDIA,5
DELAGUILA,5
DELAHANTY,5
DELAHAY,5
DELAHOUSSAYE,10
DELAHOYA,5
DELAHOZ,5
DELAHUNT,5
DELAINE,5
DELAIR,5
DELALLA,5
DELALLO,5
DELALUZ,5
DELAMAR,5
DELAMARE,5
DELAMARTER,5
DELAMATER,5
DELAMORA,10
DELANA,5
DELANCEY,10
DELANCY,5
DELAND,5
DELANEY,130
DELANG,5
DELANGE,5
DELANGEL,5
DELANO,20
DELANOCHE,5
DELANOY,5
DELANUEZ,5
DELANY,10
DELAO,10
DELAP,5
DELAPAZ,20
DELAPENA,10
DELAPENHA,5
DELAPLANE,5
DELAPORTE,5
DELAPORTILLA,5
DELAPP,5
DELAPUENTE,5
DELARA,5
DELAREMORE,5
DELARGE,5
DELARGY,5
DELARIVA,10
DELARME,5
DELAROCA,5
DELAROSA,100
DELASANCHA,5
DELASBOUR,5
DELASH,5
DELASHAW,5
DELASHMIT,5
DELASHMUTT,5
DELASKO,5
DELATORRE,50
DELATRINIDAD,5
DELATTE,10
DELAUDER,5
DELAUGHTER,10
DELAUNE,10
DELAURA,5
DELAURENTIS,5
DELAURIE,5
DELAUTER,5
DELAVEGA,10
DELAVERGNE,5
DELAVINA,5
DELAWARE,5
DELAWDER,5
DELAWYER,5
DELAY,10
DELBALSO,5
DELBENE,5
DELBERT,5
DELBO,5
DELBOSQUE,10
DELBRIDGE,5
DELBROCCO,5
DELBRUNE,5
DELBUSTO,5
DELCAMBRE,10
DELCAMP,5
DELCAMPO,5
DELCARLO,5
DELCARMEN,5
DELCASTILLO,10
DELCE,5
DELCID,10
DELCINE,5
DELCO,5
DELCOLLE,5
DELCOUR,5
DELCOURT,5
DELCUETO,5
DELDEO,5
DELDONNO,5
DELDUCA,5
DELEA,5
DELEE,10
DELEEUW,5
DELEGADO,5
DELEGEANE,5
DELEHANTY,5
DELEHOY,5
DELEKTA,5
DELELLIS,5
DELEMOS,5
DELENA,5
DELENICK,5
DELEO,10
DELEON,200
DELEONARDIS,5
DELEONARDO,5
DELEONE,5
DELEPPO,5
DELERME,5
DELESSIO,5
DELESTON,5
DELETTRE,5
DELEVIK,5
DELEY,5
DELFAVERO,5
DELFELDER,5
DELFI,5
DELFIERRO,5
DELFIN,5
DELFINO,10
DELFS,5
DELFUENTE,5
DELGADILLO,30
DELGADILO,5
DELGADO,300
DELGARDO,5
DELGATO,5
DELGATTO,5
DELGENIO,5
DELGER,5
DELGIUDICE,5
DELGODA,5
DELGRANDE,5
DELGRECO,5
DELGROSSO,5
DELGUERCIO,5
DELGUIDICE,5
DELHIERRO,5
DELHOMME,5
DELHOYO,5
DELIA,10
DELIBERATO,5
DELIBERTIS,5
DELIBERTO,5
DELILLA,5
DELILLE,5
DELILLI,5
DELILLO,5
DELIMA,10
DELINE,5
DELINOIS,5
DELIO,5
DELIRA,5
DELISA,5
DELISI,5
DELISIO,5
DELISLE,20
DELISO,5
DELISSER,5
DELIZ,5
DELK,20
DELKER,5
DELL,30
DELLA,5
DELLACA,5
DELLACIOPPA,5
DELLAGATTA,5
DELLAJACONO,5
DELLAMONICA,5
DELLAMORA,5
DELLAMORE,5
DELLANO,5
DELLAPAOLERA,5
DELLAPENNA,5
DELLAPENTA,5
DELLAPINA,5
DELLAPORTA,5
DELLARATTA,5
DELLARIPA,5
DELLAROCCO,5
DELLAROSE,5
DELLASANTA,5
DELLASCIUCCA,5
DELLAVALLE,5
DELLBRINGGE,5
DELLE,5
DELLEFAVE,5
DELLEN,5
DELLENBAUGH,5
DELLER,5
DELLES,5
DELLEY,5
DELLI,5
DELLIBOVI,5
DELLIGATTI,5
DELLING,5
DELLINGER,40
DELLIS,5
DELLIVENERI,5
DELLON,5
DELLOS,5
DELLOSSO,5
DELLOW,5
DELLUM,5
DELLWO,5
DELMAGE,5
DELMAN,5
DELMAR,5
DELMAS,5
DELMASTRO,5
DELMEDICO,5
DELMENDO,5
DELMOLINO,5
DELMONACO,5
DELMONICO,5
DELMONT,5
DELMONTE,10
DELMORAL,5
DELMORE,5
DELMORO,5
DELMUNDO,5
DELMURO,5
DELNEGRO,5
DELNERO,5
DELNOCE,5
DELO,5
DELOACH,50
DELOATCH,10
DELOE,5
DELOERA,10
DELOFF,5
DELOGE,5
DELOIS,5
DELON,5
DELONAIS,5
DELONE,5
DELONEY,10
DELONG,60
DELONGE,5
DELONGIS,5
DELORBE,5
DELORE,5
DELORENZO,10
DELOREY,5
DELORGE,5
DELORIA,5
DELORME,10
DELOS,5
DELOSA,5
DELOSANGELES,5
DELOSANGLEL,5
DELOSANTOS,5
DELOSH,5
DELOSIER,5
DELOSREYES,10
DELOSRIOS,5
DELOSSANTO,5
DELOSSANTOS,40
DELOUISE,5
DELOY,5
DELOYE,5
DELOZIER,10
DELP,20
DELPAGGIO,5
DELPAPA,5
DELPERDANG,5
DELPH,10
DELPHIA,5
DELPIANO,5
DELPINO,5
DELPIT,5
DELPOZO,5
DELPRETE,5
DELPRINCIPE,5
DELPRIORE,5
DELRE,5
DELREAL,10
DELRIE,5
DELRIO,20
DELROSARIO,10
DELROSS,5
DELROSSI,5
DELROSSO,5
DELSAVIO,5
DELSIGNORE,5
DELSOIN,5
DELSOL,5
DELSON,5
DELSORDO,5
DELTON,5
DELTORA,5
DELTORO,10
DELTUFO,5
DELUCA,50
DELUCAS,5
DELUCCA,5
DELUCCHI,5
DELUCCIA,5
DELUCIA,10
DELUCIAN,5
DELUCO,5
DELUDE,5
DELUISE,5
DELULLO,5
DELUNA,20
DELUNEY,5
DELUNG,5
DELUSIA,5
DELUZ,5
DELUZIO,5
DELVA,5
DELVAL,5
DELVALLE,40
DELVECCHIO,10
DELVEECHIO,5
DELVILLAR,5
DELVIN,5
DELWICHE,5
DELZELL,5
DELZER,5
DEMAGGIO,5
DEMAGISTRIS,5
DEMAINE,5
DEMAIO,10
DEMAIRE,5
DEMALINE,5
DEMALLIE,5
DEMAN,5
DEMANGE,5
DEMAR,10
DEMARA,5
DEMARAIS,5
DEMARANVILLE,5
DEMARAY,5
DEMARC,5
DEMARCE,5
DEMARCO,40
DEMARCUS,5
DEMAREE,10
DEMAREST,10
DEMARIA,10
DEMARINI,5
DEMARINIS,5
DEMARINO,5
DEMARIO,5
DEMARIS,5
DEMARK,5
DEMARRAIS,5
DEMARS,10
DEMARSE,5
DEMARSICO,5
DEMART,5
DEMARTINI,10
DEMARTINO,10
DEMARY,5
DEMARZIO,5
DEMAS,5
DEMASE,5
DEMASI,10
DEMASTERS,5
DEMASTUS,5
DEMATEO,5
DEMATOS,5
DEMATTEIS,5
DEMATTEO,10
DEMATTIA,5
DEMATTOS,5
DEMAURI,5
DEMAURO,5
DEMAY,5
DEMAYO,5
DEMBEK,5
DEMBER,5
DEMBINSKI,5
DEMBITZER,5
DEMBO,5
DEMBOSKY,5
DEMBOWSKI,5
DEMBROSKI,5
DEMBY,10
DEMCHAK,5
DEMCHOK,5
DEMEDEIROS,5
DEMEESTER,5
DEMEGLIO,5
DEMEL,5
DEMELIS,5
DEMELLO,20
DEMELO,10
DEMENDONCA,5
DEMENT,20
DEMEO,10
DEMER,5
DEMERCHANT,5
DEMERE,5
DEMERIS,5
DEMERITT,5
DEMERITTE,5
DEMERS,30
DEMERSON,5
DEMERY,10
DEMESA,5
DEMETER,5
DEMETRAKOS,5
DEMETREE,5
DEMETRIOU,5
DEMETRIS,5
DEMETRO,5
DEMEYER,5
DEMEZA,5
DEMIAN,5
DEMIANCZYK,5
DEMICCO,5
DEMICH,5
DEMICHELE,5
DEMICHELIS,5
DEMICHIEL,5
DEMICK,5
DEMIEL,5
DEMIEN,5
DEMIK,5
DEMILLE,5
DEMILT,5
DEMING,20
DEMINT,5
DEMIRCHYAN,5
DEMIRJIAN,5
DEMITER,5
DEMKO,10
DEMLER,5
DEMLING,5
DEMMA,5
DEMMAN,5
DEMME,5
DEMMEL,5
DEMMER,10
DEMMERT,5
DEMMING,5
DEMMON,5
DEMMONS,5
DEMMY,5
DEMNY,5
DEMO,5
DEMONBREUN,5
DEMOND,5
DEMONETT,5
DEMONEY,5
DEMONT,5
DEMONTE,5
DEMONTIGNY,5
DEMOPOULOS,5
DEMORA,5
DEMORANVILLE,5
DEMORE,5
DEMOREST,5
DEMORIZI,5
DEMORRETT,5
DEMORY,5
DEMOS,5
DEMOSS,20
DEMOSTHENES,5
DEMOTT,10
DEMOTTA,5
DEMOURA,5
DEMOYA,5
DEMPEWOLF,5
DEMPS,10
DEMPSEY,100
DEMPSTER,10
DEMPSY,5
DEMRO,5
DEMRY,5
DEMSEY,5
DEMSHAR,5
DEMSKE,5
DEMSKI,5
DEMSKY,5
DEMUIZON,5
DEMULLING,5
DEMURO,5
DEMUS,5
DEMUTH,10
DEMUZIO,5
DEMYAN,5
DEMYERS,5
DENA,5
DENAFO,5
DENAPOLI,5
DENARD,5
DENARDI,5
DENARDIS,5
DENARDO,5
DENARO,5
DENAULT,10
DENBO,5
DENBOER,5
DENBOW,5
DENBURGER,5
DENBY,10
DENCE,5
DENCH,5
DENCKLAU,5
DENDER,5
DENDY,20
DENE,5
DENEAL,5
DENEEN,5
DENEGRE,5
DENEKE,5
DENENBERG,5
DENERY,5
DENES,5
DENET,5
DENETCLAW,5
DENEUI,5
DENFIP,5
DENG,5
DENGEL,5
DENGER,5
DENGLER,10
DENHAM,40
DENHARTOG,5
DENHERDER,5
DENHOLM,5
DENI,5
DENICE,5
DENICK,5
DENICOLA,5
DENIER,5
DENIKE,5
DENIKEN,5
DENINA,5
DENINNO,5
DENIO,5
DENIRO,5
DENIS,20
DENISCO,5
DENISE,5
DENISON,20
DENISTON,5
DENIZ,5
DENJEN,5
DENK,5
DENKER,10
DENKINS,5
DENLEY,5
DENLINGER,5
DENMAN,20
DENMARK,10
DENMON,5
DENN,10
DENNA,5
DENNARD,20
DENNE,5
DENNEHY,5
DENNEN,5
DENNER,5
DENNERT,5
DENNETT,10
DENNEY,40
DENNI,5
DENNIE,10
DENNIES,5
DENNIG,5
DENNIN,5
DENNING,30
DENNINGTON,5
DENNIS,310
DENNISON,70
DENNISTON,10
DENNO,5
DENNY,70
DENO,5
DENOBLE,5
DENOFRIO,5
DENOGEAN,5
DENOIA,5
DENOMME,5
DENONCOURT,5
DENOON,5
DENOOYER,5
DENOS,5
DENOYELLES,5
DENOYER,5
DENSE,5
DENSFORD,5
DENSIESKI,5
DENSKI,5
DENSLEY,5
DENSLOW,5
DENSMORE,20
DENSON,60
DENT,60
DENTE,5
DENTEL,5
DENTEN,5
DENTINO,5
DENTLER,5
DENTON,100
DENTREMONT,5
DENTY,5
DENUNZIO,5
DENVER,5
DENWOOD,5
DENYER,5
DENYES,5
DENZEL,5
DENZER,10
DENZIN,5
DENZINE,5
DENZLER,5
DEOCAMPO,5
DEODATO,5
DEOJAY,5
DEOLIVEIRA,5
DEON,5
DEONARIAN,5
DEONARINE,5
DEORIO,5
DEPA,5
DEPACE,5
DEPADUA,5
DEPALMA,10
DEPALO,5
DEPAOLA,5
DEPAOLI,5
DEPAOLO,5
DEPASQUALE,10
DEPASS,5
DEPASSE,5
DEPAUL,10
DEPAULA,5
DEPAULIS,5
DEPAUW,5
DEPAZ,10
DEPEDRO,5
DEPENA,5
DEPERRO,5
DEPERTE,5
DEPETRIS,5
DEPETRO,5
DEPEW,20
DEPEYSTER,5
DEPHILLIPS,5
DEPIERRE,5
DEPIERRO,5
DEPIETRO,5
DEPINA,5
DEPINHO,5
DEPINTO,5
DEPIPPO,5
DEPIRO,5
DEPNER,5
DEPOLIS,5
DEPOLITO,5
DEPOLO,5
DEPONT,5
DEPONTE,5
DEPORTER,5
DEPOTTEY,5
DEPOYSTER,5
DEPP,10
DEPPE,5
DEPPEN,5
DEPPERSCHMIDT,5
DEPPERT,5
DEPPING,5
DEPPNER,5
DEPRATO,5
DEPRATT,5
DEPREE,5
DEPREY,5
DEPREZ,5
DEPRIEST,20
DEPRINCE,5
DEPRIZIO,5
DEPROFIO,5
DEPROSPERO,5
DEPSKY,5
DEPTULA,5
DEPUE,10
DEPUGH,5
DEPUNG,5
DEPUTY,10
DEPUY,10
DEPUYDT,5
DEQUATTRO,5
DEQUINZIO,5
DER,5
DERALPH,5
DERAMO,5
DERAMUS,10
DERANEY,5
DERANICK,5
DERAPS,5
DERAS,5
DERASMO,5
DERASTEL,5
DERAVENIERE,5
DERBACHER,5
DERBES,5
DERBY,20
DERBYSHIRE,5
DERCK,5
DERCOLE,5
DERDEN,5
DERDERIAN,5
DEREGO,5
DEREMER,5
DEREMIAH,5
DEREN,5
DERENBERGER,5
DERENDAL,5
DERENSIS,5
DERENTHAL,5
DERENTIS,5
DERENZI,5
DERENZIS,5
DERENZO,5
DERER,5
DEREU,5
DEREUS,5
DEREZINSKI,5
DERFLER,5
DERFLINGER,5
DERFUS,5
DERGA,5
DERGANCE,5
DERGURAHIAN,5
DERHAM,5
DERHAMMER,5
DERIAN,5
DERICK,5
DERICKSON,5
DERICO,5
DERIDDER,5
DERIDER,5
DERIENZO,5
DERIGGI,5
DERING,5
DERINGER,5
DERINGTON,5
DERION,5
DERISE,5
DERITA,5
DERITIS,5
DERITO,5
DERIVAN,5
DERIZZIO,5
DERK,5
DERKACH,5
DERKAS,5
DERKS,5
DERKSEN,5
DERMADY,5
DERMAN,5
DERMER,5
DERMO,5
DERMODY,10
DERMOTT,5
DERN,5
DERNIER,5
DEROBERTIS,5
DEROBERTS,5
DEROBLES,5
DEROCCO,5
DEROCHE,10
DEROCHER,5
DEROECK,5
DEROEST,5
DEROGATIS,5
DEROIN,5
DEROKO,5
DEROMER,5
DEROOS,5
DEROSA,30
DEROSBY,5
DEROSE,10
DEROSIA,5
DEROSIE,5
DEROSIER,10
DEROSS,5
DEROSSET,5
DEROSSETT,10
DEROSSO,5
DEROUCHIE,5
DEROUEN,10
DEROUIN,5
DEROUSSE,5
DEROUSSELLE,5
DEROVEN,5
DEROY,5
DERR,30
DERRAH,5
DERRER,5
DERRICK,40
DERRICKSON,10
DERRICO,10
DERRICOTT,5
DERRIG,5
DERRIGO,5
DERRING,5
DERRINGER,10
DERRINGTON,5
DERRISO,5
DERROW,5
DERRY,20
DERRYBERRY,10
DERSCH,5
DERSHEM,5
DERTING,5
DERTINGER,5
DERUBEIS,5
DERUITER,5
DERUSHA,5
DERUSO,5
DERUYTER,5
DERWIN,5
DERWITSCH,5
DERX,5
DERY,10
DESADIER,5
DESAI,20
DESAK,5
DESALLE,5
DESALVATORE,5
DESALVO,10
DESAMITO,5
DESAMPARO,5
DESAN,5
DESANCTIS,5
DESANDO,5
DESANO,5
DESANTI,5
DESANTIAGO,10
DESANTIGO,5
DESANTIS,30
DESANTO,5
DESANTOS,5
DESANTY,5
DESATNIK,5
DESAULNIERS,5
DESAUTEL,5
DESAUTELLE,5
DESAUTELS,5
DESBIENS,5
DESCAMPS,5
DESCH,5
DESCHAINE,5
DESCHAMBAULT,5
DESCHAMBEAULT,5
DESCHAMP,10
DESCHAMPS,10
DESCHENE,5
DESCHENES,10
DESCHEPPER,5
DESCHINO,5
DESCHNER,5
DESCHOMP,5
DESCOMBES,5
DESCOTEAU,5
DESCOTEAUX,10
DESENA,5
DESERIO,5
DESERRES,5
DESFORGES,5
DESFOSSES,5
DESGROSEILLIE,5
DESHA,5
DESHAIES,5
DESHARNAIS,5
DESHAW,5
DESHAY,5
DESHAYES,5
DESHAZER,5
DESHAZIOR,5
DESHAZO,10
DESHER,5
DESHIELDS,10
DESHLER,5
DESHNER,5
DESHON,5
DESHONG,10
DESHOTEL,10
DESHOTELS,5
DESHPANDE,5
DESIATO,5
DESIDERIO,5
DESIGA,5
DESILETS,10
DESILVA,20
DESILVIO,5
DESILVO,5
DESIMAS,5
DESIMONE,30
DESIMONI,5
DESIR,10
DESISLES,5
DESISTO,5
DESIYATNIKOV,5
DESJARDIN,5
DESJARDINS,20
DESJARDIWS,5
DESJARLAIS,5
DESKIN,5
DESKINS,10
DESKO,5
DESLANDES,5
DESLATTE,5
DESLAURIER,5
DESLAURIERS,10
DESLER,5
DESLOGE,5
DESMARAIS,20
DESMARIAS,5
DESMARIS,5
DESMET,5
DESMEULES,5
DESMITH,5
DESMOND,20
DESMORE,5
DESNOYERS,5
DESO,5
DESOLA,5
DESOLIER,5
DESOMMA,5
DESONIA,5
DESORBO,5
DESORCY,5
DESORMEAU,5
DESORMEAUX,5
DESORMO,5
DESORT,5
DESOTEL,5
DESOTO,10
DESOUSA,10
DESOUZA,10
DESPAIN,10
DESPARD,5
DESPARROIS,5
DESPER,5
DESPINO,5
DESPORTE,5
DESPOSITO,5
DESPRES,10
DESQUARE,5
DESREVISSEAU,5
DESROBERTS,5
DESROCHER,5
DESROCHERS,20
DESROCHES,10
DESROSIER,5
DESROSIERS,20
DESRUISSEAUX,5
DESS,5
DESSECKER,5
DESSELLE,5
DESSERT,10
DESSO,5
DEST,5
DESTASIO,5
DESTEFANI,5
DESTEFANIS,5
DESTEFANO,20
DESTEPHANO,5
DESTEPHEN,5
DESTICHE,5
DESTIME,5
DESTINA,5
DESTINE,5
DESTREE,5
DESTRO,5
DESUE,5
DESUTTER,5
DESVERGNES,5
DETAEYE,5
DETAMBLE,5
DETAMORE,5
DETAR,5
DETCHON,5
DETEMPLE,5
DETER,5
DETERDING,5
DETERING,5
DETERLINE,5
DETERMAN,5
DETERMANN,5
DETERS,5
DETESO,5
DETHERAGE,5
DETHLEFS,5
DETHLEFSEN,5
DETHOMAS,5
DETHOMASIS,5
DETIENNE,5
DETILLIER,5
DETILLION,5
DETJEN,5
DETLEFS,5
DETLEFSEN,5
DETMER,5
DETOMA,5
DETOMMASO,5
DETONE,5
DETORE,5
DETORRES,5
DETRAGLIA,5
DETRICH,5
DETRICK,10
DETRO,5
DETROLIO,5
DETTEN,5
DETTER,5
DETTERICH,5
DETTINGER,5
DETTLING,5
DETTLOFF,5
DETTMAN,5
DETTMANN,5
DETTMER,5
DETTMERING,5
DETTOR,5
DETTORE,5
DETTORI,5
DETTORRE,5
DETTRA,5
DETTY,5
DETULLIO,5
DETURENNE,5
DETWEILER,10
DETWILER,10
DETZ,5
DETZEL,5
DETZLER,5
DEUBLER,5
DEUBNER,5
DEUEL,5
DEUELL,5
DEUERMEYER,5
DEUINK,5
DEUMAN,5
DEUPREE,5
DEUR,5
DEUS,5
DEUSCHEL,5
DEUSCHLE,5
DEUSER,5
DEUTSCH,20
DEUTSCHENDORF,5
DEUTSCHER,5
DEUTSCHMAN,5
DEVAI,5
DEVAL,5
DEVALCOURT,5
DEVALK,5
DEVALL,5
DEVALLE,5
DEVAN,5
DEVANE,10
DEVANEY,10
DEVANSKI,5
DEVANY,5
DEVARA,5
DEVARGAS,5
DEVARONA,5
DEVARY,5
DEVASIER,5
DEVAUGHAN,5
DEVAUGHN,10
DEVAUL,5
DEVAULT,10
DEVAUX,5
DEVAZIER,5
DEVEAU,10
DEVEAUX,5
DEVEJA,5
DEVEL,5
DEVELBISS,5
DEVELICE,5
DEVENDORF,5
DEVENECIA,5
DEVENEY,5
DEVENNEY,5
DEVENNY,5
DEVENPORT,5
DEVENS,5
DEVENUTO,5
DEVENY,5
DEVER,20
DEVERA,10
DEVERE,5
DEVEREAUX,10
DEVEREUX,5
DEVERICKS,5
DEVERS,10
DEVERY,5
DEVEY,5
DEVEYRA,5
DEVICH,5
DEVICK,5
DEVIER,5
DEVILBISS,5
DEVILLA,5
DEVILLE,20
DEVILLEZ,5
DEVILLIER,5
DEVILLIERS,5
DEVIN,5
DEVINCENT,5
DEVINCENTIS,5
DEVINCENZI,5
DEVINCENZO,5
DEVINE,80
DEVINEY,5
DEVINNEY,10
DEVINO,5
DEVINS,5
DEVIS,5
DEVIT,5
DEVITA,10
DEVITIS,5
DEVITO,30
DEVITT,10
DEVITTO,5
DEVIVA,5
DEVIVO,5
DEVLIN,40
DEVOE,20
DEVOID,5
DEVOL,5
DEVOLL,5
DEVON,5
DEVONE,5
DEVONISH,5
DEVONSHIRE,5
DEVOOGD,5
DEVOR,5
DEVORA,5
DEVORE,50
DEVOS,10
DEVOSS,5
DEVOST,5
DEVOT,5
DEVOTI,5
DEVOTIE,5
DEVOTO,5
DEVOY,5
DEVREESE,5
DEVRIES,40
DEW,30
DEWAARD,5
DEWAELE,5
DEWALD,10
DEWALL,10
DEWALT,10
DEWAN,5
DEWAR,10
DEWARATANAWAN,5
DEWATER,5
DEWATERS,5
DEWBERRY,10
DEWEES,10
DEWEESE,20
DEWER,5
DEWESE,5
DEWEY,40
DEWHIRST,5
DEWHURST,5
DEWICK,5
DEWIEL,5
DEWILDE,5
DEWINDT,5
DEWING,5
DEWINNE,5
DEWINTER,5
DEWIRE,5
DEWISPELAERE,5
DEWIT,5
DEWITT,90
DEWITTE,5
DEWITZ,5
DEWOLF,5
DEWOLFE,5
DEWOLFF,5
DEWOODY,10
DEWS,20
DEWULF,5
DEWYER,5
DEWYSE,5
DEXHEIMER,5
DEXTER,40
DEY,10
DEYA,5
DEYAK,5
DEYARMIN,5
DEYARMOND,5
DEYETTE,5
DEYO,10
DEYOE,5
DEYON,5
DEYOUNG,20
DEZ,5
DEZALIA,5
DEZAN,5
DEZARN,5
DEZAYAS,5
DEZEEUW,5
DEZELL,5
DEZENZO,5
DEZERN,5
DEZZUTTI,5
DHALIWAL,5
DHAMER,5
DHAR,5
DHARAS,5
DHEEL,5
DHEIN,5
DHILLON,5
DHONDT,5
DHOSANE,5
DHRUVA,5
DIAB,5
DIACHENKO,5
DIACO,5
DIAK,5
DIAL,40
DIALLO,5
DIALS,10
DIAMANT,5
DIAMANTE,5
DIAMANTOPOULO,5
DIAMICO,5
DIAMOND,80
DIANA,10
DIANGELIS,5
DIANGELO,5
DIANI,5
DIANO,5
DIAS,60
DIAZ,840
DIAZDELEON,5
DIBACCO,5
DIBARI,5
DIBARTOLO,5
DIBARTOLOMEO,5
DIBATTISTA,5
DIBBEN,5
DIBBERN,5
DIBBLE,20
DIBBLEE,5
DIBBLES,5
DIBELLA,10
DIBELLO,5
DIBENEDETTI,5
DIBENEDETTO,10
DIBENEDICT,5
DIBERARDINO,5
DIBERNARDO,5
DIBERT,5
DIBIASE,10
DIBIASI,5
DIBLASE,5
DIBLASI,5
DIBLASIO,5
DIBLE,5
DIBLEY,5
DIBONA,5
DIBONAVENTURA,5
DIBRELL,5
DIBRINO,5
DIBRITO,5
DICAMILLO,5
DICAMPLI,5
DICAPRIO,5
DICAPUA,5
DICARA,5
DICARLO,20
DICARO,5
DICASTRO,5
DICE,10
DICECCO,5
DICELLO,5
DICERBO,5
DICESARE,5
DICEY,5
DICHARRY,5
DICHIARA,5
DICHIARO,5
DICHRISTOPHER,5
DICIANO,5
DICICCO,5
DICIOCCIO,5
DICK,90
DICKASON,5
DICKE,5
DICKEL,5
DICKEN,10
DICKENS,80
DICKENSHEETS,5
DICKENSON,20
DICKER,5
DICKERMAN,10
DICKERSON,230
DICKERT,10
DICKES,5
DICKESON,5
DICKEY,100
DICKHAUS,5
DICKHAUT,5
DICKHOFF,5
DICKIE,5
DICKINS,5
DICKINSON,100
DICKIRSON,5
DICKISON,10
DICKMAN,20
DICKMANN,5
DICKOW,5
DICKS,20
DICKSON,150
DICKSTEIN,5
DICKUN,5
DICKUS,5
DICLAUDIO,5
DICOCCO,5
DICOLA,5
DICORCIA,5
DICORPO,5
DICOSMO,5
DICOSTANZO,5
DICUS,10
DIDAMO,5
DIDATO,5
DIDDLE,5
DIDIER,5
DIDIO,5
DIDION,5
DIDLAKE,5
DIDOMENICO,10
DIDOMIZIO,5
DIDONATIS,5
DIDONATO,10
DIDONNA,5
DIDRIKSEN,5
DIDWAY,5
DIDYK,5
DIEBALL,5
DIEBOL,5
DIEBOLD,10
DIEC,5
DIECKMAN,5
DIECKMANN,5
DIEDE,5
DIEDERICH,10
DIEDERICHS,5
DIEDRICH,10
DIEDRICK,5
DIEDRICKS,5
DIEFENBACH,5
DIEFENDERFER,5
DIEFENDORF,5
DIEFFENBACH,5
DIEFFENBACHER,5
DIEGEL,5
DIEGIDIO,5
DIEGO,10
DIEGUEZ,5
DIEHL,50
DIEHM,5
DIEKEMA,5
DIEKEN,5
DIEKMAN,5
DIEKMANN,5
DIEKRAGER,5
DIEL,5
DIELMAN,5
DIEM,5
DIEMER,10
DIEMERT,5
DIEMOZ,5
DIEN,5
DIENER,10
DIENES,5
DIENG,5
DIENHART,5
DIENST,5
DIEP,10
DIEPENBROCK,5
DIEPPA,5
DIER,5
DIERCKS,5
DIERINGER,5
DIERKER,5
DIERKES,5
DIERKING,10
DIERKS,10
DIEROLF,5
DIERS,5
DIERSEN,5
DIES,5
DIESEL,5
DIESEN,5
DIESI,5
DIESTEL,5
DIESTLER,5
DIETEL,5
DIETEMAN,5
DIETER,10
DIETERICH,5
DIETERLE,5
DIETERT,5
DIETL,5
DIETLIN,5
DIETRICH,50
DIETRICK,10
DIETSCH,5
DIETSCHE,5
DIETTERICK,5
DIETZ,60
DIETZE,5
DIETZEL,5
DIETZEN,5
DIETZLER,5
DIETZMAN,5
DIEUDONNE,5
DIEWOLD,5
DIEZ,10
DIFABIO,5
DIFALCO,5
DIFEBBO,5
DIFEDE,5
DIFELICE,5
DIFEO,5
DIFFEE,5
DIFFENDAL,5
DIFFENDERFER,5
DIFFEY,5
DIFFLEY,5
DIFILIPPO,5
DIFILLIPPO,5
DIFIORA,5
DIFIORE,10
DIFLORIO,5
DIFONZO,5
DIFRANCESCO,5
DIFRANCISCO,5
DIFRANCO,10
DIFRONZO,5
DIFUSCO,5
DIGA,5
DIGAETANO,5
DIGANGI,5
DIGBY,10
DIGENNARO,10
DIGEORGIO,5
DIGEROLAMO,5
DIGESARE,5
DIGGES,5
DIGGINS,10
DIGGS,70
DIGHTON,5
DIGIACINTO,5
DIGIACOMO,10
DIGIAMBATTIST,5
DIGIAN,5
DIGILIO,5
DIGIOIA,5
DIGIORGI,5
DIGIORGIO,5
DIGIOUANNI,5
DIGIOVANNI,10
DIGIROLAMO,10
DIGIROLOMO,5
DIGIULIO,5
DIGIUSEPPE,5
DIGMAN,5
DIGMANN,5
DIGNAN,5
DIGNESS,5
DIGRANDE,5
DIGRAZIA,5
DIGREGORIO,10
DIGSBY,5
DIHEL,5
DIIORIO,5
DIIULIO,5
DIJULIO,5
DIKE,10
DIKEMAN,5
DIKENS,5
DIKER,5
DIKES,5
DIKET,5
DIKKERS,5
DILALLA,5
DILALLO,5
DILAN,5
DILAURA,5
DILAURO,5
DILBECK,10
DILBERT,5
DILCHAND,5
DILCHER,5
DILDA,5
DILDAY,10
DILDINE,5
DILDY,10
DILE,5
DILELLA,5
DILELLO,5
DILENA,5
DILEO,10
DILEONARDO,5
DILES,5
DILEY,5
DILG,5
DILGARD,5
DILGER,5
DILIBERO,5
DILIBERTI,5
DILIBERTO,5
DILICK,5
DILILLO,5
DILISIO,5
DILKS,5
DILL,70
DILLABOUGH,5
DILLAHUNT,5
DILLAHUNTY,5
DILLAMAN,5
DILLARD,140
DILLASHAW,5
DILLAVOU,5
DILLE,10
DILLEHAY,5
DILLEN,5
DILLENBECK,5
DILLENBURG,5
DILLER,10
DILLESHAW,5
DILLEY,20
DILLIARD,5
DILLIE,5
DILLIGARD,5
DILLIN,5
DILLINER,5
DILLING,5
DILLINGER,10
DILLINGHAM,20
DILLION,20
DILLIS,5
DILLMAN,20
DILLMORE,5
DILLON,150
DILLOW,10
DILLS,10
DILLWORTH,5
DILLY,5
DILMORE,5
DILORENZO,10
DILORETO,5
DILOX,5
DILS,5
DILSAVER,5
DILTHEY,5
DILTS,5
DILTZ,5
DILUCA,5
DILUCCA,5
DILULLO,5
DILUZIO,5
DILWORTH,20
DIMAGGIO,20
DIMAIO,5
DIMALANTA,5
DIMANCHE,5
DIMARCO,10
DIMARE,5
DIMARIA,5
DIMARIANO,5
DIMARINO,5
DIMARIO,5
DIMARTINO,10
DIMARZIO,5
DIMARZO,5
DIMAS,10
DIMASCIO,5
DIMASSIMO,5
DIMATTEO,10
DIMATTIA,10
DIMAURO,10
DIMEGLIO,5
DIMEO,5
DIMERY,5
DIMES,5
DIMEZZA,5
DIMICCO,5
DIMICELI,5
DIMICK,10
DIMINICH,5
DIMINNO,5
DIMINO,5
DIMITRI,5
DIMITRIADIS,5
DIMITRIOU,5
DIMITROFF,5
DIMITROV,5
DIMITRY,5
DIMITT,5
DIMLER,5
DIMLING,5
DIMMACK,5
DIMMER,5
DIMMICK,10
DIMMITT,5
DIMOCK,5
DIMODICA,5
DIMON,5
DIMOND,10
DIMOPOULOS,5
DIMOULAKIS,5
DIMPERIO,5
DIMPFL,5
DIMPSON,5
DIMSDALE,5
DIMUCCI,5
DIMUCCIO,5
DIMUZIO,5
DIN,5
DINA,5
DINAN,10
DINAPOLI,10
DINARDI,5
DINARDO,10
DINATALE,5
DINCHER,5
DINCO,5
DINE,5
DINEEN,10
DINEHART,5
DINES,5
DING,5
DINGEE,5
DINGEL,5
DINGELDEIN,5
DINGELL,5
DINGER,10
DINGES,10
DINGESS,20
DINGFELDER,5
DINGIE,5
DINGILLO,5
DINGIVAN,5
DINGLASAN,5
DINGLE,20
DINGLER,10
DINGMAN,20
DINGMANN,5
DINGS,5
DINGSON,5
DINGUS,10
DINGWALL,5
DINH,20
DINHAM,5
DINHO,5
DINI,5
DINICOLA,5
DININGER,5
DININNO,5
DINIS,5
DINITTO,5
DINIUS,5
DINIZ,5
DINIZIO,5
DINKEL,10
DINKENS,5
DINKIN,5
DINKINS,30
DINKLE,5
DINN,5
DINNEEN,5
DINNEN,5
DINNENDAHL,5
DINNING,5
DINNOCENZO,5
DINO,5
DINOLA,5
DINORA,5
DINOS,5
DINOVI,5
DINOVO,5
DINSDALE,5
DINSMOOR,5
DINSMORE,20
DINTINO,5
DINUCCI,5
DINUNZIO,5
DINUZZO,5
DINWIDDIE,10
DINWOODIE,5
DIODONET,5
DIOGO,5
DIOMEDE,5
DION,40
DIONEFF,5
DIONES,5
DIONISIO,10
DIONISOPOULOS,5
DIONNE,20
DIOP,5
DIORIO,10
DIOSDADO,5
DIOTTE,5
DIPALMA,10
DIPANFILO,5
DIPAOLA,5
DIPAOLO,10
DIPASQUALE,10
DIPERNA,5
DIPIANO,5
DIPIAZZA,5
DIPIERO,5
DIPIERRO,5
DIPIETRANTONI,5
DIPIETRO,20
DIPILATO,5
DIPINTO,5
DIPIPPO,5
DIPIRRO,5
DIPOLITO,5
DIPONIO,5
DIPPEL,5
DIPPERY,5
DIPPOLITO,5
DIPRIMA,5
DIRADO,5
DIRAGO,5
DIRCKS,5
DIRDEN,5
DIRE,5
DIRENZO,5
DIRICKSON,5
DIRICO,5
DIRIENZO,5
DIRK,5
DIRKER,5
DIRKS,10
DIRKSE,5
DIRKSEN,10
DIRKSON,5
DIRLAM,5
DIROCCO,5
DIROLLO,5
DIROSA,5
DIROSE,5
DIRR,5
DIRTH,5
DIRUSSO,5
DIRUZZO,5
DISABATO,5
DISALVATORE,5
DISALVI,5
DISALVO,10
DISANDRO,5
DISANO,5
DISANTI,5
DISANTO,10
DISARUFINO,5
DISBRO,5
DISBROW,5
DISCALA,5
DISCENZA,5
DISCH,5
DISCHER,5
DISCHINGER,5
DISCHNER,5
DISCIPIO,5
DISCON,5
DISERENS,5
DISETH,5
DISHAROON,5
DISHAW,5
DISHER,5
DISHIAN,5
DISHINGER,5
DISHMAN,20
DISHMON,5
DISHNER,5
DISHON,10
DISHONG,5
DISILVESTRO,5
DISIMONE,5
DISKIN,5
DISKIND,5
DISLA,5
DISMANG,5
DISMORE,5
DISMUKE,10
DISMUKES,10
DISNEY,10
DISON,10
DISORBO,5
DISORDA,5
DISOTELL,5
DISPARTE,5
DISPENZA,5
DISPIRITO,5
DISPONETTE,5
DISQUE,5
DISS,5
DISSINGER,5
DISSPAIN,5
DISTAD,5
DISTAFFEN,5
DISTANCE,5
DISTASIO,5
DISTEFANO,20
DISTEL,5
DISTILO,5
DISTIN,5
DISTLER,5
DITCH,10
DITCHFIELD,5
DITMAN,5
DITMARS,5
DITMORE,5
DITO,5
DITOLLA,5
DITOMASSO,5
DITOMMASO,5
DITORE,5
DITSCH,5
DITTA,5
DITTBERNER,5
DITTBRENNER,5
DITTEMORE,5
DITTER,5
DITTI,5
DITTMAN,10
DITTMANN,5
DITTMAR,10
DITTMER,10
DITTO,10
DITTON,5
DITTRICH,10
DITTRICK,5
DITTUS,5
DITTY,5
DITUCCI,5
DITULLIO,10
DITURI,5
DITZEL,5
DITZLER,5
DIULIO,5
DIVALERIO,5
DIVAN,5
DIVEL,5
DIVELBISS,5
DIVELEY,5
DIVELY,5
DIVEN,5
DIVENERE,5
DIVENS,5
DIVENTO,5
DIVENTURA,5
DIVER,5
DIVERS,10
DIVIN,5
DIVINCENZO,5
DIVINE,10
DIVINEY,5
DIVIRGILIO,5
DIVIS,5
DIVITA,5
DIVITO,10
DIVLIO,5
DIVOLL,5
DIWAN,5
DIX,40
DIXEY,5
DIXIE,5
DIXION,10
DIXON,660
DIXONS,5
DIXSON,10
DIZA,5
DIZADARE,5
DIZER,5
DIZON,10
DJURIC,5
DK,5
DLABAJ,5
DLOBIK,5
DLOUHY,5
DLUGOS,5
DLUHY,5
DMITRIEV,5
DO,40
DOAK,20
DOAKES,5
DOAN,30
DOANE,20
DOBB,5
DOBBE,5
DOBBERFUHL,5
DOBBERSTEIN,5
DOBBIN,5
DOBBINS,60
DOBBRATZ,5
DOBBS,60
DOBBYN,5
DOBEK,5
DOBERSTEIN,5
DOBERT,5
DOBES,5
DOBESH,5
DOBEY,5
DOBIAS,5
DOBIE,5
DOBIES,5
DOBIESZ,5
DOBIN,5
DOBINE,5
DOBIS,5
DOBISON,5
DOBKIN,5
DOBKINS,5
DOBKOWSKI,5
DOBLE,5
DOBLER,5
DOBLES,5
DOBMEIER,5
DOBOS,10
DOBOSH,5
DOBOSZ,5
DOBRANSKY,5
DOBRASZ,5
DOBRATZ,5
DOBRE,5
DOBRICH,5
DOBRIN,5
DOBRININ,5
DOBRINSKI,5
DOBROSKY,5
DOBROWOLSKI,5
DOBROWSKI,5
DOBRUNZ,5
DOBRUSHIN,5
DOBRY,5
DOBRYNSKI,5
DOBRZYKOWSKI,5
DOBSON,90
DOBY,10
DOBYNS,5
DOCETI,5
DOCHERTY,5
DOCHTERMAN,5
DOCIMO,5
DOCK,10
DOCKAL,5
DOCKEN,5
DOCKENDORF,5
DOCKER,5
DOCKERTY,5
DOCKERY,40
DOCKETT,5
DOCKHAM,5
DOCKINS,10
DOCKRAY,5
DOCKSTADER,5
DOCKTER,5
DOCKUM,5
DOCKUS,5
DOCKWILLER,5
DOCTOR,20
DODD,110
DODDS,30
DODERER,5
DODGE,80
DODGEN,10
DODGION,5
DODGSON,5
DODICH,5
DODIER,5
DODIMEAD,5
DODOO,5
DODRIDGE,5
DODRILL,10
DODSON,170
DODSWORTH,5
DODWELL,5
DODY,5
DOE,60
DOEBERLING,5
DOEBLER,5
DOEDE,5
DOEDEN,5
DOEGE,5
DOEGG,5
DOEHRING,5
DOELGER,5
DOELL,5
DOELLING,5
DOEMELT,5
DOEPKE,5
DOEPNER,5
DOERFLER,5
DOERFLINGER,5
DOERHOFF,5
DOERING,20
DOERKSEN,5
DOERLE,5
DOERNER,5
DOERR,20
DOERRER,5
DOERSAM,5
DOESCHER,5
DOETSCH,5
DOFFING,5
DOGAN,5
DOGGETT,20
DOGGETTE,5
DOHAN,5
DOHENY,5
DOHERTY,80
DOHM,5
DOHMAN,5
DOHN,5
DOHNAL,5
DOHOGNE,5
DOHRING,5
DOHRMAN,5
DOHRMANN,5
DOHRN,5
DOHSE,5
DOI,10
DOIDGE,5
DOIEL,5
DOIG,5
DOIL,5
DOILEY,5
DOING,5
DOINO,5
DOIRE,5
DOIRON,10
DOK,5
DOKE,5
DOKER,5
DOKES,5
DOKKA,5
DOKKEN,5
DOKOVIC,5
DOKUCHITZ,5
DOLAK,5
DOLAN,80
DOLAND,5
DOLBEARE,5
DOLBEE,5
DOLBERRY,5
DOLBIN,5
DOLBOW,5
DOLBY,10
DOLCE,10
DOLCETTO,5
DOLCH,5
DOLD,5
DOLDER,5
DOLDO,5
DOLE,10
DOLEAC,5
DOLECEK,5
DOLECKI,5
DOLEJSI,5
DOLEMAN,5
DOLEN,5
DOLENCE,5
DOLER,5
DOLES,10
DOLESE,5
DOLEZAL,10
DOLFAY,5
DOLFI,5
DOLGAS,5
DOLHON,5
DOLHUN,5
DOLIN,10
DOLINAR,5
DOLINGER,5
DOLINSKI,5
DOLINSKY,5
DOLIO,5
DOLIVEIRA,5
DOLJAC,5
DOLL,30
DOLLAHITE,5
DOLLAK,5
DOLLAR,30
DOLLARD,10
DOLLARHIDE,5
DOLLE,5
DOLLEN,5
DOLLER,5
DOLLEY,5
DOLLINGER,10
DOLLINGS,5
DOLLINS,5
DOLLISON,5
DOLLIVER,5
DOLLOFF,10
DOLLY,10
DOLLYHIGH,5
DOLMAJIAN,5
DOLMAN,5
DOLNEY,5
DOLORES,5
DOLPH,10
DOLPHIN,10
DOLS,5
DOLSEN,5
DOLSON,5
DOLTON,5
DOLVEN,5
DOM,5
DOMAGALA,5
DOMAGALL,5
DOMAGALSKI,5
DOMAN,10
DOMANGUE,5
DOMANN,5
DOMANSKI,5
DOMAS,5
DOMBECK,5
DOMBEK,5
DOMBKOWSKI,5
DOMBROSKI,10
DOMBROSKY,5
DOMBROWSKI,20
DOME,5
DOMEBO,5
DOMEIER,5
DOMEK,5
DOMENECH,10
DOMENGET,5
DOMENICE,5
DOMENICK,5
DOMENICO,10
DOMER,5
DOMHOFF,5
DOMIANO,5
DOMIANUS,5
DOMIN,5
DOMINA,5
DOMINE,5
DOMINEY,5
DOMINGA,5
DOMINGES,5
DOMINGEZ,5
DOMINGO,30
DOMINGOS,5
DOMINGUE,10
DOMINGUES,10
DOMINGUEZ,220
DOMINGUS,5
DOMINIAK,5
DOMINIC,5
DOMINICI,5
DOMINICK,20
DOMINICO,5
DOMINICUS,5
DOMINIGUEZ,5
DOMINIK,5
DOMINION,5
DOMINIQUE,10
DOMINIQUEZ,5
DOMINIS,5
DOMINO,10
DOMINOWSKI,5
DOMINQUE,5
DOMINQUEZ,30
DOMINSKI,5
DOMINY,10
DOMIO,5
DOMITROVICH,5
DOMKE,5
DOMKOWSKI,5
DOMMEL,5
DOMMER,5
DOMNICK,5
DOMOWICZ,5
DOMPE,5
DON,10
DONA,5
DONABY,5
DONACHIE,5
DONADIO,5
DONADO,5
DONAGHE,5
DONAGHEY,5
DONAGHUE,5
DONAGHY,10
DONAH,5
DONAHER,5
DONAHEY,5
DONAHO,5
DONAHOE,10
DONAHOO,5
DONAHUE,110
DONALD,50
DONALDS,5
DONALDSON,150
DONALSON,10
DONAR,5
DONART,5
DONAT,5
DONATE,5
DONATELLI,5
DONATELLO,5
DONATH,5
DONATHAN,5
DONATI,10
DONATICH,5
DONATIEN,5
DONATO,30
DONAVAN,5
DONAWA,5
DONAWAY,5
DONAYRE,5
DONCASTER,5
DONCHATZ,5
DONCHEZ,5
DONDERO,5
DONDLINGER,5
DONE,5
DONEGAN,10
DONEHOO,5
DONEL,5
DONELAN,5
DONELLY,5
DONELON,5
DONELSON,10
DONER,10
DONERSON,5
DONES,10
DONEY,10
DONEZ,5
DONG,10
DONGES,5
DONGO,5
DONHAM,5
DONHOE,5
DONICA,5
DONIEL,5
DONIGAN,5
DONIGER,5
DONILON,5
DONIS,10
DONIVAN,5
DONKERVOET,5
DONKIN,5
DONKLE,5
DONKOR,5
DONLAN,5
DONLEY,20
DONLIN,5
DONLON,10
DONLYUK,5
DONMORE,5
DONMOYER,10
DONN,5
DONNA,5
DONNALLEY,5
DONNALLY,5
DONNAN,5
DONNDELINGER,5
DONNE,5
DONNEL,5
DONNELL,30
DONNELLAN,10
DONNELLEY,5
DONNELLON,5
DONNELLY,90
DONNELSON,5
DONNELY,5
DONNER,10
DONNERBERG,5
DONNICK,5
DONNIE,5
DONNING,5
DONO,5
DONOFRIO,20
DONOGHUE,10
DONOHO,10
DONOHOE,10
DONOHOO,5
DONOHUE,40
DONOHVE,5
DONOSO,5
DONOTA,5
DONOVAN,130
DONSON,5
DONTAS,5
DONTEN,5
DONTON,5
DONZE,5
DOODY,10
DOOGAN,5
DOOL,5
DOOLAN,10
DOOLEN,5
DOOLEY,100
DOOLIN,10
DOOLING,5
DOOLITTLE,30
DOOM,5
DOOMS,5
DOONAN,5
DOONER,5
DOONEY,5
DOOP,5
DOOR,5
DOORE,5
DOORLEY,5
DOORN,5
DOORNBOS,5
DOOSE,5
DOOTSON,5
DOPAZO,5
DOPF,5
DOPICO,5
DOPITA,5
DOPLE,5
DOPLER,5
DOPORTO,5
DOPP,5
DOPSON,5
DORA,5
DORADO,10
DORAIS,5
DORAME,5
DORAN,60
DORANTES,5
DORAT,5
DORAZIO,10
DORCAS,5
DORCE,5
DORCELUS,5
DORCENT,5
DORCH,5
DORCHY,5
DORCY,5
DORE,20
DOREMUS,5
DOREN,5
DORENFELD,5
DORER,5
DOREY,10
DORF,5
DORFF,5
DORFMAN,10
DORGAN,10
DORGE,5
DORIA,5
DORIAN,5
DORICH,5
DORIE,5
DORIEAN,5
DORIN,5
DORING,5
DORINIRL,5
DORIO,5
DORION,5
DORIS,10
DORITY,10
DORKA,5
DORKIN,5
DORKO,5
DORL,5
DORLAND,5
DORLANDO,5
DORMAIER,5
DORMAN,50
DORMANE,5
DORMANEN,5
DORMER,5
DORMINEY,5
DORMINY,5
DORN,40
DORNAK,5
DORNAN,5
DORNBOS,5
DORNBROOK,5
DORNBUSCH,5
DORNE,5
DORNELLAS,5
DORNER,5
DORNEY,5
DORNFELD,5
DORNHELM,5
DORNIER,5
DORNING,5
DORNON,5
DORNSEIF,5
DORO,5
DOROFF,5
DORONIO,5
DOROSAN,5
DOROSH,5
DOROSKI,5
DOROSKY,5
DOROTHY,5
DOROUGH,5
DOROW,5
DORPH,5
DORPINGHAUS,5
DORR,20
DORRANCE,10
DORRELL,5
DORRIAN,5
DORRIES,5
DORRILL,5
DORRINGTON,5
DORRIS,30
DORROUGH,10
DORSAINT,5
DORSAINVIL,5
DORSAY,5
DORSCH,10
DORSCHNER,5
DORSET,5
DORSETT,20
DORSETTE,5
DORSEY,200
DORSHIMER,5
DORSHORST,5
DORSINVILLE,5
DORSO,5
DORSON,5
DORST,5
DORT,5
DORTA,5
DORTCH,30
DORTILLA,5
DORTON,10
DORVAL,5
DORVEE,5
DORVIL,5
DORVILLIER,5
DORWARD,5
DORWEILER,5
DORY,10
DOSAL,5
DOSCH,10
DOSCHER,5
DOSE,5
DOSECK,5
DOSER,5
DOSH,5
DOSHER,5
DOSHI,5
DOSHIER,5
DOSIER,5
DOSKOCIL,5
DOSREIS,5
DOSS,90
DOSSANTOS,10
DOSSETT,10
DOSSEY,5
DOSSIE,5
DOSSMAN,5
DOSSOUS,5
DOST,5
DOSTAL,10
DOSTER,10
DOSTIE,10
DOSWELL,5
DOTEN,5
DOTHARD,5
DOTIE,5
DOTO,5
DOTOLO,5
DOTSON,160
DOTSTRY,5
DOTTAVIO,5
DOTTER,5
DOTTERER,5
DOTTERWEICH,5
DOTTERY,5
DOTTIN,5
DOTTLE,5
DOTTO,5
DOTTS,10
DOTY,70
DOTZLER,5
DOU,5
DOUB,5
DOUBEK,5
DOUBET,5
DOUBLE,5
DOUBLEDAY,5
DOUBRAVA,5
DOUCE,5
DOUCET,20
DOUCETT,5
DOUCETTE,30
DOUD,10
DOUDNA,5
DOUDS,5
DOUET,5
DOUGA,5
DOUGAL,5
DOUGALL,5
DOUGAN,10
DOUGHAN,5
DOUGHARITY,5
DOUGHARTY,5
DOUGHER,5
DOUGHERTY,120
DOUGHMAN,5
DOUGHTERY,5
DOUGHTIE,5
DOUGHTON,5
DOUGHTRY,5
DOUGHTY,40
DOUGLAS,410
DOUGLASS,50
DOUILLET,5
DOUIN,5
DOUKAS,5
DOULANI,5
DOUMA,5
DOUNG,5
DOURADO,5
DOUSAY,5
DOUSE,10
DOUSSAN,5
DOUTHART,5
DOUTHETT,5
DOUTHIT,10
DOUTHITT,10
DOUTT,5
DOUTY,5
DOUVIA,5
DOUVIER,5
DOUVILLE,5
DOUYETTE,5
DOUYON,5
DOVALINA,5
DOVE,60
DOVEL,5
DOVENBARGER,5
DOVENMUEHLER,5
DOVER,30
DOVERSPIKE,5
DOVEY,5
DOW,70
DOWARD,5
DOWD,50
DOWDA,5
DOWDALL,5
DOWDELL,20
DOWDEN,10
DOWDING,5
DOWDLE,10
DOWDS,5
DOWDY,70
DOWE,10
DOWELL,50
DOWEN,5
DOWER,5
DOWERS,5
DOWERY,5
DOWEY,5
DOWGIALLO,5
DOWHOWER,5
DOWIS,5
DOWKER,5
DOWLAND,5
DOWLEN,5
DOWLER,10
DOWLESS,5
DOWLIN,5
DOWLING,50
DOWN,5
DOWNARD,10
DOWNEN,5
DOWNER,20
DOWNES,20
DOWNEY,100
DOWNHAM,5
DOWNHOUR,5
DOWNIE,10
DOWNIN,5
DOWNING,110
DOWNS,120
DOWNTON,5
DOWNUM,5
DOWNY,5
DOWSE,5
DOWSETT,5
DOWSON,5
DOWST,5
DOWTIN,5
DOWTY,5
DOXBECK,5
DOXEY,10
DOXIE,5
DOXON,5
DOXTATER,5
DOXTATOR,5
DOYAL,10
DOYAN,5
DOYEL,5
DOYEN,5
DOYER,5
DOYLE,270
DOYNE,5
DOYON,20
DOYSCHER,5
DOZAL,5
DOZAR,5
DOZER,5
DOZIER,60
DOZOIS,5
DRAA,5
DRABANT,5
DRABEK,5
DRABICKI,5
DRACH,5
DRADER,5
DRAEGER,10
DRAFALL,5
DRAFFEN,5
DRAFFIN,5
DRAFT,5
DRAFTON,5
DRAFTS,5
DRAGAJ,5
DRAGAN,5
DRAGE,5
DRAGER,5
DRAGG,5
DRAGGETT,5
DRAGGOO,5
DRAGHI,5
DRAGICH,5
DRAGNA,5
DRAGO,10
DRAGON,10
DRAGONE,5
DRAGOO,10
DRAGOS,5
DRAGOTTA,5
DRAGOVICH,5
DRAGT,5
DRAGULA,5
DRAGUN,5
DRAHEIM,5
DRAHOS,5
DRAHOTA,5
DRAIME,5
DRAIN,20
DRAINE,5
DRAINER,5
DRAINVILLE,5
DRAKE,250
DRAKEFORD,10
DRAKES,10
DRAKOS,5
DRAKULIC,5
DRALEAU,5
DRALLE,5
DRAMIS,5
DRANE,5
DRANEY,5
DRAPE,5
DRAPEAU,10
DRAPEAUX,5
DRAPER,90
DRAPKIN,5
DRAPPO,5
DRATCH,5
DRATH,5
DRAUDT,5
DRAUGHN,10
DRAUGHON,5
DRAVES,10
DRAVLAND,5
DRAWBAUGH,5
DRAWDY,5
DRAWE,5
DRAWEC,5
DRAWHORN,5
DRAWY,5
DRAXLER,5
DRAY,10
DRAYER,5
DRAYTON,30
DRDA,5
DREBEN,5
DREBES,5
DRECHSLER,5
DRECKMAN,5
DREDGE,5
DREES,10
DREESE,5
DREESMAN,5
DREESSEN,5
DREGER,5
DREGGS,5
DREGRICH,5
DREHER,20
DREHMER,5
DREHOBL,5
DREHS,5
DREIBELBIS,5
DREIER,5
DREILING,10
DREISBACH,5
DREISS,5
DREITH,5
DREITZLER,5
DREJKA,5
DREKA,5
DRELICK,5
DRENNAN,20
DRENNEN,10
DRENNER,5
DRENNING,5
DRENNON,10
DRENON,5
DRENTH,5
DRENTLAW,5
DREPS,5
DRESBACH,5
DRESCH,5
DRESCHER,5
DRESEL,5
DRESHER,5
DRESNER,5
DRESS,5
DRESSEL,5
DRESSEN,5
DRESSER,10
DRESSLER,20
DRESSMAN,5
DRETZKA,5
DREUITT,5
DREVS,5
DREW,90
DREWEL,5
DREWER,5
DREWERY,5
DREWES,10
DREWETT,5
DREWING,5
DREWNIAK,5
DREWRY,10
DREWS,10
DREWSKI,5
DREXEL,5
DREXLER,10
DREY,5
DREYER,20
DREYFUS,5
DREYFUSS,5
DRIEDRIC,5
DRIER,5
DRIERE,5
DRIES,5
DRIESBACH,5
DRIESEL,5
DRIESENGA,5
DRIESSEN,5
DRIEVER,5
DRIGGARS,5
DRIGGERS,20
DRIGGINS,5
DRIGGS,10
DRILLING,5
DRILLOCK,5
DRIMMER,5
DRINEN,5
DRINKALL,5
DRINKARD,10
DRINKLEY,5
DRINKWATER,5
DRINKWINE,5
DRINNEN,5
DRINNON,10
DRINSKI,5
DRIPPS,5
DRISCOL,5
DRISCOLL,80
DRISDELLE,5
DRISH,5
DRISKELL,20
DRISKILL,10
DRISKO,5
DRISSEL,5
DRIVAS,5
DRIVER,60
DRIVERS,5
DRIZIN,5
DROBNY,5
DROBOT,5
DROCK,5
DROEGE,5
DROEGMILLER,5
DROESCH,5
DROESSLER,5
DROGGITIS,5
DROHAN,5
DROKE,5
DROLET,10
DROLLINGER,5
DROMGOOLE,5
DRONE,5
DRONEBURG,5
DRONEN,5
DRONES,5
DRONET,5
DRONEY,5
DRONG,5
DRONICK,5
DRONKO,5
DROOK,5
DROP,5
DROPINSKI,5
DRORBAUGH,5
DROSICK,5
DROSKI,5
DROSS,5
DROSSMAN,5
DROSSOS,5
DROST,10
DROSTE,5
DROTT,5
DROUBAY,5
DROUGHT,5
DROUILLARD,5
DROUIN,10
DROUSE,5
DROVIN,5
DROW,5
DROWN,10
DROWNE,5
DROY,5
DROZ,5
DROZD,10
DROZDA,5
DROZDENKO,5
DROZDOWICZ,5
DROZDOWSKI,5
DROZE,5
DRU,5
DRUBE,5
DRUCK,5
DRUCKER,10
DRUCKHAMMER,5
DRUCKMAN,5
DRUDE,5
DRUE,5
DRUETTA,5
DRUGAN,5
DRULLARD,5
DRUM,20
DRUMBORE,5
DRUMGO,5
DRUMGOLE,5
DRUMGOOLE,5
DRUMHEISER,5
DRUMHELLER,10
DRUMM,10
DRUMMER,10
DRUMMEY,5
DRUMMOND,80
DRUMMONDS,5
DRUMWRIGHT,5
DRUNGO,5
DRURY,40
DRUSCHEL,5
DRUST,5
DRUTMAN,5
DRUVENGA,5
DRY,10
DRYBREAD,5
DRYDEN,20
DRYE,10
DRYER,10
DRYLIE,5
DRYMAN,5
DRYMON,5
DRYSDALE,10
DRZAZGOWSKI,5
DRZEWICKI,5
DRZEWIECKI,5
DSAACHS,5
DSOUZA,5
DSPAIN,5
DU,10
DUA,5
DUANE,5
DUARTE,90
DUARTES,5
DUB,5
DUBA,5
DUBACH,5
DUBALDI,5
DUBALL,5
DUBAN,5
DUBARD,5
DUBAS,5
DUBAY,10
DUBBERLY,5
DUBBERT,5
DUBBIN,5
DUBBS,5
DUBE,60
DUBEAU,5
DUBECK,5
DUBEJ,5
DUBEL,5
DUBER,5
DUBERRY,5
DUBERSTEIN,5
DUBEY,5
DUBIANSKY,5
DUBICKI,5
DUBIE,5
DUBIEL,5
DUBILL,5
DUBIN,10
DUBINSKY,5
DUBIS,5
DUBITSKY,5
DUBLE,5
DUBLER,5
DUBLIN,10
DUBOIS,100
DUBOISE,5
DUBON,5
DUBONNET,5
DUBORD,5
DUBOSE,60
DUBOURG,5
DUBOVSKY,5
DUBOW,5
DUBRAY,5
DUBRE,5
DUBREE,5
DUBREUIL,10
DUBREY,5
DUBROCK,5
DUBROW,5
DUBS,5
DUBSON,5
DUBUC,10
DUBUISSON,5
DUBUQUE,10
DUBY,10
DUBYK,5
DUCA,10
DUCAN,10
DUCAS,5
DUCASSE,5
DUCAT,5
DUCATELLI,5
DUCAY,5
DUCAYNE,5
DUCCESCHI,5
DUCCI,5
DUCE,5
DUCEMAN,5
DUCEY,5
DUCH,5
DUCHAINE,5
DUCHANE,5
DUCHARME,20
DUCHATELLIER,5
DUCHEMIN,5
DUCHENE,10
DUCHESNE,10
DUCHESNEAU,5
DUCHESNEY,5
DUCHNOWSKI,5
DUCHON,5
DUCHOW,5
DUCHSCHERER,5
DUCK,20
DUCKER,10
DUCKETT,30
DUCKEY,5
DUCKHORN,5
DUCKING,5
DUCKLOW,5
DUCKSWORTH,10
DUCKWALL,5
DUCKWORTH,50
DUCLO,5
DUCLOS,10
DUCOS,5
DUCOTE,10
DUCOTEY,5
DUCREPIN,5
DUDA,20
DUDACK,5
DUDAK,5
DUDAS,5
DUDASH,10
DUDASIK,5
DUDDEN,5
DUDDING,5
DUDDY,5
DUDECK,5
DUDEK,10
DUDEN,5
DUDENBOSTEL,5
DUDENHOEFFER,5
DUDERSTADT,5
DUDGEON,10
DUDIK,5
DUDLESON,5
DUDLEY,160
DUDMAN,5
DUDNEY,5
DUDYCHA,5
DUDZIAK,5
DUDZIC,5
DUDZIK,5
DUDZINSKI,5
DUE,10
DUEBER,5
DUECK,5
DUEITT,5
DUEL,5
DUELL,10
DUELLMAN,5
DUELM,5
DUEMMEL,5
DUENAS,20
DUENES,5
DUENEZ,5
DUENKE,5
DUENO,5
DUENOW,5
DUENSING,5
DUENWALD,5
DUER,5
DUERKOP,5
DUERKSEN,5
DUERKSON,5
DUERR,10
DUERSON,5
DUERST,5
DUES,5
DUESENBERG,5
DUESING,5
DUESTERBACK,5
DUESTERHAUS,5
DUET,10
DUETT,5
DUEWALL,5
DUEY,5
DUFAUCHARD,5
DUFAULT,10
DUFEK,5
DUFER,5
DUFF,60
DUFFANY,5
DUFFEE,5
DUFFEK,5
DUFFEL,5
DUFFER,5
DUFFETT,5
DUFFEY,20
DUFFICY,5
DUFFIE,5
DUFFIELD,10
DUFFIN,10
DUFFNEY,5
DUFFORD,5
DUFFUS,5
DUFFY,130
DUFILHO,5
DUFNER,5
DUFORD,5
DUFORT,5
DUFOUR,10
DUFRAIN,5
DUFRANE,5
DUFRENE,10
DUFRESNE,20
DUFT,5
DUGAL,5
DUGAN,70
DUGAR,5
DUGAS,30
DUGAT,5
DUGAY,5
DUGDALE,5
DUGGAN,40
DUGGAR,5
DUGGER,40
DUGGIN,5
DUGGINS,10
DUGHI,5
DUGI,5
DUGMORE,5
DUGO,5
DUGRE,5
DUGUAY,10
DUGUE,5
DUGUETTE,5
DUH,5
DUHAIME,5
DUHAMEL,5
DUHAN,5
DUHART,10
DUHE,5
DUHL,5
DUHN,5
DUHON,20
DUIGNAN,5
DUIN,5
DUIS,5
DUITCH,5
DUITSCHER,5
DUK,5
DUKA,5
DUKART,5
DUKAS,5
DUKE,140
DUKELOW,5
DUKEMAN,5
DUKER,5
DUKES,90
DUKESHIER,5
DUKESHIRE,5
DUKETT,5
DUKETTE,5
DUKHOVNY,5
DUKICH,5
DUL,5
DULA,5
DULAC,10
DULAK,5
DULAN,5
DULANEY,20
DULANY,5
DULAR,5
DULATRE,5
DULAY,5
DULBERG,5
DULDULAO,5
DULEK,5
DULEMBA,5
DULEY,10
DULIBA,5
DULIN,10
DULING,5
DULKIS,5
DULL,10
DULLE,5
DULLEA,5
DULLEN,5
DULLUM,5
DULMAGE,5
DULONG,5
DULUDE,5
DUMA,5
DUMAG,5
DUMAINE,5
DUMAIS,10
DUMAN,5
DUMAR,5
DUMARS,5
DUMAS,80
DUMAY,5
DUMBAR,5
DUMBLETON,5
DUMDEI,5
DUME,5
DUMENY,5
DUMES,5
DUMESNIL,5
DUMEZ,5
DUMIRE,5
DUMKE,5
DUMLAO,5
DUMLER,5
DUMM,5
DUMMER,10
DUMMERMUTH,5
DUMMETT,5
DUMMITT,5
DUMOND,10
DUMONT,30
DUMOUCHEL,5
DUMOULIN,5
DUMPE,5
DUMPERT,5
DUMPHY,5
DUMPSON,5
DUN,5
DUNAGAN,20
DUNAGIN,5
DUNAHOE,5
DUNAHOO,5
DUNAKIN,5
DUNAVANT,10
DUNAWAY,40
DUNAY,5
DUNBAR,110
DUNCAN,550
DUNCANS,5
DUNCANSON,10
DUNCIL,5
DUNCKEL,5
DUNCKER,5
DUNCKLEE,5
DUNCOMB,5
DUNCOMBE,5
DUNDAS,10
DUNDEE,5
DUNDERMAN,5
DUNDLOW,5
DUNDON,5
DUNEGAN,5
DUNEMANN,5
DUNEMN,5
DUNFEE,10
DUNFORD,20
DUNG,5
DUNGAN,10
DUNGEE,5
DUNGEY,5
DUNGY,5
DUNHAM,90
DUNIGAN,10
DUNIVAN,5
DUNK,5
DUNKAN,5
DUNKEL,10
DUNKELBERGER,10
DUNKEN,5
DUNKENTELL,5
DUNKER,5
DUNKERLEY,5
DUNKERSON,5
DUNKIN,10
DUNKINSON,5
DUNKLE,10
DUNKLEBERGER,5
DUNKLEE,5
DUNKLEY,10
DUNKLIN,10
DUNKS,5
DUNLAP,140
DUNLAVY,5
DUNLEAVY,10
DUNLEVY,5
DUNLOP,10
DUNLOW,5
DUNMAN,5
DUNMEAD,5
DUNMIRE,10
DUNMORE,5
DUNN,580
DUNNAGAN,5
DUNNAHOO,5
DUNNAM,10
DUNNAVANT,5
DUNNAVILLE,5
DUNNAWAY,5
DUNNE,30
DUNNEBACK,10
DUNNEGAN,5
DUNNELL,5
DUNNIGAN,10
DUNNING,40
DUNNINGS,5
DUNNINGTON,5
DUNNIVAN,5
DUNNUM,5
DUNNY,5
DUNOMES,5
DUNOVANT,5
DUNPHE,5
DUNPHY,10
DUNSCOMB,5
DUNSEITH,5
DUNSFORD,5
DUNSHEE,5
DUNSHIE,5
DUNSING,5
DUNSMOOR,5
DUNSMORE,5
DUNSON,10
DUNSTAN,5
DUNSTER,5
DUNSTON,20
DUNSWORTH,5
DUNT,5
DUNTEN,5
DUNTLEY,5
DUNTON,20
DUNTZ,5
DUNWIDDIE,5
DUNWOODY,5
DUNWORTH,5
DUNZELMAN,5
DUONG,30
DUONOLA,5
DUOS,5
DUPAR,5
DUPAS,5
DUPASKI,5
DUPASS,5
DUPATY,5
DUPAY,5
DUPEE,5
DUPERCLAY,5
DUPERRE,5
DUPERRY,5
DUPES,5
DUPLAGA,5
DUPLANTI,5
DUPLANTIS,10
DUPLECHAIN,5
DUPLECHIN,5
DUPLER,5
DUPLESIS,5
DUPLESSIS,10
DUPLESSY,5
DUPLIN,5
DUPONT,40
DUPONTE,5
DUPOUX,5
DUPOUY,5
DUPPSTADT,10
DUPRAS,10
DUPRAT,5
DUPRAY,5
DUPRE,60
DUPREE,90
DUPREY,20
DUPRIEST,5
DUPUIS,40
DUPUY,10
DUQUAINE,5
DUQUE,10
DUQUETTE,20
DURA,5
DURACHER,5
DURAKU,5
DURAL,5
DURALL,5
DURAN,200
DURANCEAU,5
DURAND,30
DURANDO,5
DURANT,50
DURANTE,10
DURATE,5
DURAZO,10
DURBIN,50
DURBORAW,5
DURCH,5
DURDA,5
DURDAN,5
DURDEN,30
DURDY,5
DURE,5
DUREE,5
DURELL,5
DURELLI,5
DUREN,10
DUREPO,5
DURESKY,5
DURETT,5
DURETTE,5
DURFEE,20
DURFEY,5
DURGAN,10
DURGIN,10
DURHAM,170
DURHAN,5
DURIAN,5
DURICK,5
DURIE,5
DURIG,5
DURIGA,5
DURING,5
DURIO,5
DURIS,5
DURISSEAU,5
DURK,5
DURKE,5
DURKEE,20
DURKES,5
DURKIN,30
DURKINS,5
DURLAND,5
DURLEY,5
DURLING,5
DURMAN,5
DURNAN,5
DURNELL,5
DURNEY,5
DURNFORD,5
DURNIL,5
DURNIN,5
DURNING,5
DURNIOK,5
DUROCHER,10
DUROL,5
DURON,10
DUROPAN,5
DUROSEAU,5
DUROSS,5
DUROUGH,5
DUROUSSEAU,5
DURPEE,5
DURPHEY,5
DURR,30
DURRAH,10
DURRANCE,5
DURRANI,5
DURRANT,10
DURRE,5
DURRELL,5
DURRENBERGER,5
DURRETT,20
DURRETTE,5
DURRWACHTER,5
DURSCH,5
DURSO,10
DURST,20
DURSTELER,5
DURTSCHE,5
DURTSCHI,5
DURUN,5
DURUPAN,5
DURWARD,5
DURYEA,10
DURYEE,5
DUS,5
DUSABLON,5
DUSAK,5
DUSATKO,5
DUSCH,5
DUSEK,10
DUSEL,5
DUSEN,5
DUSENBERRY,5
DUSENBERY,5
DUSENBURY,5
DUSETT,5
DUSH,5
DUSHAJ,5
DUSHANE,5
DUSHKIN,5
DUSI,5
DUSIK,5
DUSING,5
DUSKEY,5
DUSKIN,5
DUSKY,5
DUSO,5
DUSSAULT,10
DUSSEAULT,5
DUST,5
DUSTER,5
DUSTIN,10
DUSTMAN,5
DUSTON,5
DUSZA,5
DUSZYNSKI,5
DUTCH,5
DUTCHER,20
DUTCHESS,5
DUTCHOVER,5
DUTE,5
DUTEAU,5
DUTEL,5
DUTHIE,5
DUTIL,10
DUTILE,5
DUTKA,5
DUTKIEWICZ,5
DUTKO,5
DUTRA,20
DUTREMBLE,5
DUTRO,5
DUTROW,5
DUTSCHMANN,5
DUTSON,5
DUTT,5
DUTTA,5
DUTTER,5
DUTTINGER,5
DUTTON,70
DUTTRY,5
DUTTWEILER,5
DUTY,20
DUVA,5
DUVAL,40
DUVALL,70
DUVE,5
DUVEL,5
DUVERNE,5
DUVERNEY,5
DUVERNOIS,5
DUWE,5
DUWHITE,5
DUX,5
DUXBURY,5
DUY,5
DUYER,5
DUZAN,5
DVORAK,20
DVORSKY,5
DWAILEEBE,5
DWAN,5
DWANE,5
DWECK,5
DWELLE,5
DWELLEY,5
DWELLINGHAM,5
DWIGGINS,5
DWIGHT,10
DWINELL,5
DWIRE,5
DWORACZYK,5
DWORAK,5
DWORKIN,5
DWORNIK,5
DWYAR,5
DWYER,90
DY,5
DYAL,10
DYALS,5
DYAR,10
DYAS,5
DYBA,5
DYBALA,5
DYCE,5
DYCHE,5
DYCHES,5
DYCK,10
DYCKMAN,5
DYCUS,10
DYDA,5
DYDELL,5
DYDO,5
DYE,110
DYEN,5
DYER,210
DYERS,5
DYESS,10
DYETT,5
DYGERT,5
DYKAS,5
DYKE,20
DYKEMA,10
DYKEMAN,5
DYKES,60
DYKHOFF,5
DYKHOUSE,5
DYKHUIZEN,5
DYKSTRA,20
DYL,5
DYLE,5
DYLL,5
DYLLA,5
DYMEK,5
DYMENT,5
DYMKE,5
DYMOND,5
DYNER,5
DYNES,5
DYRESON,5
DYRON,5
DYRSTAD,5
DYS,5
DYSART,10
DYSER,5
DYSINGER,5
DYSON,50
DZAMA,5
DZIADEK,5
DZIAK,5
DZIDUCH,5
DZIEDZIC,10
DZIEGIELEWSKI,5
DZIEKAN,5
DZIERZANOWSKI,5
DZIEWANOWSKI,5
DZINSKI,5
DZIUBA,5
DZIUBAN,5
DZIUK,5
DZIURAWIEC,5
DZLEDZIC,5
DZUBAK,5
DZURILLA,5
DZURNAK,5
DZURO,5
DZWONKOWSKI,5
EABY,5
EACHO,5
EACHUS,5
EACRET,5
EADDY,10
EADE,5
EADENS,5
EADER,5
EADES,20
EADIE,10
EADS,20
EADY,20
EAFFORD,5
EAGAN,20
EAGAR,5
EAGEN,5
EAGER,10
EAGIN,5
EAGLE,30
EAGLEMAN,5
EAGLEN,5
EAGLES,5
EAGLESON,5
EAGLESTON,5
EAGLETON,5
EAGLIN,10
EAGON,5
EAGY,5
EAKER,10
EAKES,10
EAKIN,10
EAKINS,10
EAKLE,5
EAKLES,5
EAKS,5
EALAND,5
EALEY,10
EALICK,5
EALLEY,5
EALY,10
EAMES,10
EANES,10
EANNI,5
EANS,5
EAPEN,5
EAR,5
EARDLEY,5
EAREHART,5
EARENFIGHT,5
EARGLE,5
EARHART,10
EARHEART,5
EARING,5
EARL,60
EARLE,30
EARLES,10
EARLEY,40
EARLEYWINE,5
EARLGY,5
EARLL,5
EARLS,30
EARLY,60
EARLYWINE,5
EARMAN,5
EARNEST,30
EARNEY,5
EARNHARDT,10
EARNHART,5
EARNHEART,5
EARNSHAW,10
EARP,10
EARPS,5
EARTHLY,5
EARTHMAN,5
EARVIN,5
EARWOOD,10
EARY,5
EASDON,5
EASEY,5
EASH,5
EASKER,5
EASLER,5
EASLEY,70
EASLICK,5
EASLY,5
EASOM,5
EASON,70
EAST,50
EASTBURN,5
EASTEP,10
EASTER,50
EASTERBROOK,5
EASTERBROOKS,5
EASTERDAY,10
EASTERLIN,5
EASTERLING,40
EASTERLY,10
EASTERN,5
EASTERWOOD,10
EASTES,5
EASTHAM,10
EASTIN,10
EASTLAND,10
EASTLICK,5
EASTLING,5
EASTLUND,5
EASTMAN,80
EASTMOND,5
EASTON,30
EASTRIDGE,10
EASTWOOD,20
EATHERLY,5
EATMAN,10
EATMON,10
EATON,200
EATOUGH,5
EAVENSON,5
EAVES,40
EAVEY,5
EAYRS,5
EBACH,5
EBADI,5
EBANKS,5
EBARB,5
EBAUGH,5
EBBERS,5
EBBERT,10
EBBERTS,5
EBBESEN,5
EBBETT,5
EBBIGHAUSEN,5
EBBING,5
EBBS,5
EBE,5
EBEID,5
EBEL,10
EBELING,10
EBEN,5
EBENER,5
EBENSTEIN,5
EBER,5
EBERENZ,5
EBERHARD,10
EBERHARDT,20
EBERHART,10
EBERHEART,5
EBERL,5
EBERLE,20
EBERLEIN,5
EBERLEY,5
EBERLIN,5
EBERLINE,5
EBERLING,5
EBERLY,10
EBERSHOFF,5
EBERSOL,5
EBERSOLD,5
EBERSOLE,10
EBERSPACHER,5
EBERST,5
EBERT,50
EBERTH,5
EBERTING,5
EBERTS,5
EBERWEIN,5
EBESU,5
EBESUGAWA,5
EBEY,5
EBIA,5
EBILANE,5
EBINGER,5
EBLE,5
EBLEN,5
EBLIN,5
EBLING,10
EBNER,10
EBO,5
EBRAHIM,5
EBRAHIMI,5
EBRANI,5
EBRIGHT,5
EBRON,10
EBSEN,5
EBY,20
ECCLES,10
ECCLESTON,10
ECHARD,5
ECHAURE,5
ECHAVARRIA,10
ECHAVE,5
ECHAVEZ,5
ECHEGOYEN,5
ECHELBERGER,5
ECHEMENDIA,5
ECHENIQUE,5
ECHEVARIA,5
ECHEVARRIA,30
ECHEVERRI,5
ECHEVERRIA,20
ECHEVERRY,5
ECHOLES,5
ECHOLS,70
ECHTER,5
ECHTERNACH,5
ECK,20
ECKARD,10
ECKARDT,5
ECKART,10
ECKBERG,5
ECKBLAD,5
ECKEL,10
ECKELMAN,5
ECKELS,5
ECKENRODE,10
ECKER,10
ECKERLE,5
ECKERMAN,5
ECKERSLEY,5
ECKERSON,5
ECKERT,60
ECKES,5
ECKFORD,5
ECKHARD,5
ECKHARDT,10
ECKHART,10
ECKHOFF,10
ECKIS,5
ECKL,5
ECKLAND,5
ECKLAR,5
ECKLE,5
ECKLER,5
ECKLES,10
ECKLEY,10
ECKLOFF,5
ECKLUND,10
ECKMAN,20
ECKMANN,5
ECKMEYER,5
ECKOLS,5
ECKRICH,5
ECKROAD,5
ECKROTE,5
ECKSTEIN,10
ECKSTROM,5
ECLARINAL,5
ECOFFEY,5
ECONOMIDES,5
ECONOMOS,5
ECONOMOU,5
ECONOMUS,5
ECONOMY,5
ECORD,5
ECTON,5
ECTOR,10
EDBERG,5
EDD,5
EDDE,5
EDDENS,5
EDDIE,10
EDDINGER,5
EDDINGS,20
EDDINGTON,10
EDDINS,20
EDDLEMAN,10
EDDLEMON,5
EDDS,5
EDDY,70
EDE,5
EDEKER,5
EDEL,5
EDELBLUTE,5
EDELBROCK,5
EDELEN,10
EDELINE,5
EDELL,5
EDELMAN,20
EDELMANN,5
EDELSON,10
EDELSTEIN,20
EDEM,5
EDEMANN,5
EDEN,20
EDENFIELD,10
EDENHOLM,5
EDENS,20
EDER,10
EDES,5
EDEY,5
EDGAR,40
EDGCOMB,5
EDGE,40
EDGECOMB,5
EDGEHILL,5
EDGELL,10
EDGEMAN,5
EDGEMON,5
EDGERLY,10
EDGERSON,5
EDGERTON,20
EDGESTON,5
EDGETT,5
EDGEWORTH,5
EDGHILL,5
EDGIN,10
EDGINGTON,10
EDGLEY,5
EDGMAN,5
EDGMON,5
EDHOLM,5
EDICK,10
EDIE,10
EDIGER,5
EDIN,5
EDINGER,10
EDINGTON,20
EDIS,5
EDISON,20
EDITH,5
EDLAND,5
EDLAO,5
EDLER,10
EDLESTON,5
EDLEY,5
EDLIN,5
EDLING,5
EDLOW,5
EDLUND,5
EDMAN,5
EDMEIER,5
EDMERSON,5
EDMINSTER,5
EDMISON,5
EDMISTEN,5
EDMISTER,5
EDMISTON,20
EDMOND,40
EDMONDS,90
EDMONDSON,60
EDMONS,5
EDMONSON,20
EDMONSTON,5
EDMUND,5
EDMUNDS,20
EDMUNDSON,10
EDMUNSON,5
EDNER,5
EDNEY,10
EDNIE,5
EDNILAO,5
EDOUARD,5
EDRALIN,5
EDRIDGE,5
EDRINGTON,5
EDRIS,5
EDSALL,5
EDSON,20
EDSTER,5
EDSTROM,5
EDU,5
EDUARDO,5
EDVALSON,5
EDWADS,5
EDWARD,40
EDWARDS,1370
EDWARDSON,5
EDWIN,10
EE,5
EEDS,5
EEKHOFF,5
EELKEMA,5
EELLS,10
EERKES,5
EFAW,5
EFFINGER,5
EFFLAND,5
EFFLER,5
EFFNER,5
EFFORD,5
EFFRON,5
EFIRD,10
EFLIN,5
EFRATI,5
EFRON,5
EFTEKHARI,5
EFTHIMIOU,5
EFURD,5
EGAN,80
EGANS,5
EGAR,5
EGBE,5
EGBERT,20
EGE,5
EGEL,5
EGELAND,5
EGELHOFF,5
EGELSTON,5
EGER,10
EGERER,5
EGERSDORF,5
EGERT,5
EGERTON,10
EGERTSON,5
EGET,5
EGGART,5
EGGE,5
EGGEBRECHT,5
EGGEMAN,5
EGGEN,10
EGGENBERG,5
EGGENBERGER,5
EGGER,10
EGGERS,20
EGGERT,20
EGGETT,5
EGGIMANN,5
EGGINGTON,5
EGGINK,5
EGGINS,5
EGGLER,5
EGGLESTON,40
EGGLETON,5
EGIDIO,5
EGITTO,5
EGIZI,5
EGLAND,5
EGLE,5
EGLER,5
EGLESTON,5
EGLETON,5
EGLEY,5
EGLI,5
EGLIN,5
EGLINTON,5
EGLOFF,5
EGNER,5
EGNEW,5
EGNOR,5
EGO,5
EGOLF,5
EGUCHI,5
EGUIA,5
EGUIZABAL,5
EGURE,5
EGVIRRE,5
EGWUOHUA,5
EHELER,5
EHIGIATOR,5
EHIGINATOR,5
EHINGER,5
EHL,5
EHLE,5
EHLEITER,5
EHLEN,5
EHLER,5
EHLERS,20
EHLERT,10
EHLI,5
EHLKE,5
EHLMAN,5
EHLY,5
EHMAN,5
EHMANN,10
EHMEN,5
EHMER,5
EHMKE,5
EHN,5
EHNIS,5
EHORN,5
EHR,5
EHRENBERG,5
EHRENFELD,5
EHRENZELLER,5
EHRESMAN,5
EHRET,10
EHRGOTT,5
EHRHARD,5
EHRHARDT,10
EHRHART,10
EHRICH,5
EHRISMAN,5
EHRISMANN,5
EHRKE,5
EHRLE,5
EHRLER,5
EHRLICH,20
EHRMAN,5
EHRMANN,5
EHSAN,5
EIBEL,5
EIBELL,5
EIBEN,5
EICH,10
EICHBERG,5
EICHBERGER,5
EICHE,5
EICHEL,5
EICHELBERGER,10
EICHELE,5
EICHELMANN,5
EICHENAUER,5
EICHENBERG,5
EICHENBERGER,5
EICHENLAUB,5
EICHENMILLER,5
EICHER,20
EICHERT,5
EICHHOLZ,5
EICHHORN,10
EICHHORST,5
EICHINGER,5
EICHLER,10
EICHMAN,5
EICHMANN,5
EICHNER,10
EICHORN,10
EICHORST,5
EICHSTADT,5
EICHSTEDT,5
EICK,5
EICKE,5
EICKHOFF,10
EICKHORST,5
EICKMAN,5
EICKMEYER,5
EID,5
EIDE,10
EIDEM,5
EIDEMILLER,5
EIDEN,5
EIDINGER,5
EIDSCHUN,5
EIDSON,20
EIDT,5
EIESLAND,5
EIFERT,5
EIFLER,5
EIGHMEY,5
EIGHMY,5
EIGNER,5
EIGO,5
EIKE,5
EIKEN,5
EIKENBERRY,5
EIKLEBERRY,5
EIKMEIER,5
EIKNER,5
EILAND,20
EILBECK,5
EILBERT,5
EILDERS,5
EILDERTS,5
EILER,10
EILERMAN,10
EILERS,10
EILERT,5
EILERTSON,5
EILTS,5
EIMER,5
EIMERS,5
EINCK,5
EINFELDT,5
EINHORN,5
EINSPAHR,5
EINSTEIN,5
EINWALTER,5
EIRICH,5
EIRLS,5
EIS,5
EISAMAN,5
EISBACH,5
EISCHEID,5
EISCHEN,5
EISCHENS,5
EISEL,5
EISELE,10
EISELEIN,5
EISELMAN,5
EISEMAN,5
EISEN,10
EISENBARTH,10
EISENBEIS,5
EISENBEISZ,5
EISENBERG,20
EISENBERGER,5
EISENBRANDT,5
EISENHARDT,5
EISENHART,10
EISENHAUER,10
EISENHAVER,5
EISENHOWER,10
EISENMAN,10
EISENMANN,5
EISENMENGER,5
EISENSMITH,5
EISENSTADT,5
EISENSTEIN,5
EISENTROUT,5
EISENZIMMER,5
EISER,5
EISERMANN,5
EISERT,5
EISIMINGER,5
EISINGER,5
EISLER,5
EISLEY,5
EISMAN,5
EISMANN,5
EISMONT,5
EISNAUGLE,5
EISNER,10
EISON,5
EISSINGER,5
EITEL,5
EITNIEAR,5
EITNIER,5
EITZEN,5
EJIDE,5
EK,10
EKAS,5
EKBERG,5
EKDAHL,5
EKE,5
EKEN,5
EKHOFF,5
EKHOLM,5
EKIN,5
EKINS,5
EKIS,5
EKKER,5
EKLOV,5
EKLUND,10
EKMAN,5
EKMARK,5
EKSTEIN,5
EKSTRAND,5
EKSTROM,10
EKSTRUM,5
EKWALL,5
EL,5
ELAHI,5
ELAM,50
ELAMIN,10
ELAND,5
ELAWAR,5
ELAZEGUI,5
ELBAHTITY,5
ELBAUM,5
ELBAZ,5
ELBE,5
ELBERS,5
ELBERSON,5
ELBERT,10
ELBERTSON,5
ELBIE,5
ELBOGEN,5
ELCHERT,5
ELCOCK,5
ELD,5
ELDEN,5
ELDER,120
ELDERIDGE,5
ELDERKIN,5
ELDERS,10
ELDERT,5
ELDIB,5
ELDRED,20
ELDREDGE,20
ELDRETH,5
ELDRIDGE,110
ELDRIGE,5
ELDRINGHOFF,5
ELEAM,5
ELEAZER,5
ELEBY,5
ELEDGE,5
ELEFRITZ,5
ELEK,5
ELEM,10
ELENA,5
ELENBAAS,5
ELERICK,5
ELERSON,5
ELERY,5
ELEVELD,5
ELEWA,5
ELEY,20
ELFENBEIN,5
ELFERING,5
ELFERS,5
ELFERT,5
ELFORD,5
ELFRINK,5
ELFSTROM,5
ELFTMAN,5
ELG,5
ELGAR,5
ELGART,5
ELGAS,5
ELGEN,5
ELGER,5
ELGERT,5
ELGIN,10
ELGUEZABAL,5
ELHADDAD,5
ELHADI,5
ELHAJ,5
ELHARD,5
ELHASSAN,5
ELHOSNI,5
ELI,5
ELIA,10
ELIADES,5
ELIAN,5
ELIAS,60
ELIASEN,5
ELIASON,20
ELIASSEN,5
ELICK,5
ELICKER,5
ELIE,10
ELIEFF,5
ELIEZRIE,5
ELIFRITZ,5
ELIGIO,5
ELIJAH,5
ELIO,5
ELION,5
ELIOPOULOS,5
ELIOT,5
ELIOTT,5
ELIS,5
ELISEO,5
ELISON,5
ELISONDO,5
ELISZEWSKI,5
ELIZABETH,5
ELIZALDE,10
ELIZANDO,5
ELIZARRARAS,5
ELIZONDO,40
ELK,5
ELKAN,5
ELKAYAM,5
ELKE,5
ELKIN,10
ELKIND,5
ELKINGTON,5
ELKINS,110
ELKO,5
ELKS,10
ELL,5
ELLAMAR,5
ELLAND,5
ELLANSON,5
ELLARD,10
ELLARS,5
ELLCESSOR,5
ELLDREGE,5
ELLEBRACHT,5
ELLEBRECHT,5
ELLEBY,5
ELLEDGE,20
ELLEFSON,10
ELLEGOOD,5
ELLEMAN,5
ELLEN,5
ELLENA,5
ELLENBECKER,5
ELLENBEE,5
ELLENBERG,5
ELLENBERGER,10
ELLENBOGEN,5
ELLENBURG,10
ELLENDER,10
ELLENS,5
ELLENWOOD,5
ELLER,50
ELLERBE,10
ELLERBECK,5
ELLERBEE,10
ELLERBROCK,5
ELLERBUSCH,5
ELLERBY,5
ELLERD,5
ELLERKAMP,5
ELLERMAN,10
ELLERMANN,5
ELLERS,5
ELLERSON,5
ELLERT,5
ELLERY,5
ELLES,5
ELLESTAD,5
ELLETSON,5
ELLETT,10
ELLIAM,5
ELLIAS,5
ELLICOTT,5
ELLIE,5
ELLIEM,5
ELLIES,5
ELLIFF,5
ELLIFRITT,5
ELLIFRITZ,5
ELLING,5
ELLINGBOE,5
ELLINGBURG,5
ELLINGER,10
ELLINGHAM,5
ELLINGHUYSEN,5
ELLINGSEN,5
ELLINGSON,20
ELLINGSWORTH,10
ELLINGTON,50
ELLINGWOOD,5
ELLINWOOD,5
ELLIOT,70
ELLIOTT,520
ELLIS,770
ELLISON,180
ELLISOR,5
ELLISTON,10
ELLITHORPE,5
ELLMAN,10
ELLNER,5
ELLO,5
ELLOUT,5
ELLROD,5
ELLS,10
ELLSBURY,5
ELLSMORE,5
ELLSON,5
ELLSTROM,5
ELLSWORTH,50
ELLWANGER,5
ELLWEIN,5
ELLWOOD,10
ELLWORTHS,5
ELLYSON,5
ELLZEY,10
ELM,5
ELMAGHRABI,5
ELMAN,5
ELMBLAD,5
ELMENDORF,5
ELMER,20
ELMES,5
ELMO,5
ELMORE,110
ELMQUIST,5
ELMS,10
ELNICKI,5
ELOFSON,5
ELOY,5
ELPERT,5
ELQUIST,5
ELREDA,5
ELRICK,5
ELRIDGE,5
ELROD,50
ELROY,5
ELSA,5
ELSAESSER,5
ELSASS,10
ELSASSER,5
ELSAYED,5
ELSBERRY,10
ELSBREE,5
ELSBURY,5
ELSE,5
ELSEA,10
ELSEN,5
ELSENSOHN,5
ELSER,10
ELSEY,5
ELSHAIR,5
ELSHANT,5
ELSHEIMER,5
ELSHERE,5
ELSINGER,5
ELSKAMP,5
ELSKEN,5
ELSMORE,5
ELSNER,10
ELSON,10
ELSTAD,5
ELSTNER,5
ELSTON,30
ELSWICK,10
ELSWORTH,5
ELTER,5
ELTING,5
ELTON,10
ELTRINGHAM,5
ELTZROTH,5
ELUMBAUGH,5
ELVERS,5
ELVERT,5
ELVEY,5
ELVIN,5
ELVINGTON,5
ELVIRA,5
ELVIS,5
ELVSAAS,5
ELWARD,5
ELWAY,5
ELWELL,20
ELWER,5
ELWICK,5
ELWONGER,5
ELWOOD,20
ELWORTHY,5
ELY,50
ELZA,5
ELZEY,10
ELZIE,5
ELZINGA,5
ELZY,10
EM,5
EMAL,5
EMAMI,5
EMANO,5
EMANUEL,30
EMANUELE,5
EMANUELSON,5
EMANUS,5
EMARD,5
EMAYO,5
EMBELTON,5
EMBERGER,5
EMBERLEY,5
EMBERLIN,5
EMBERLING,5
EMBERSON,5
EMBERTON,10
EMBERTSON,5
EMBERY,5
EMBLER,5
EMBLETON,5
EMBLY,5
EMBREE,10
EMBREY,10
EMBRY,30
EMBS,5
EMBT,5
EMBURY,5
EMCH,5
EMDE,5
EMDEE,5
EMECHE,5
EMEL,5
EMENAHA,5
EMERALD,5
EMERICH,5
EMERICK,20
EMERLING,5
EMERSON,130
EMERT,10
EMERTON,5
EMERU,5
EMERY,100
EMFIELD,5
EMFINGER,5
EMGE,5
EMHOFF,5
EMICK,5
EMIG,10
EMIGH,5
EMIGHOLZ,5
EMILE,5
EMILIANO,5
EMILIO,5
EMILY,5
EMISON,5
EMKE,5
EMLAY,5
EMLER,5
EMLEY,5
EMLIN,5
EMLING,5
EMMA,5
EMMANUEL,10
EMME,5
EMMEL,5
EMMER,10
EMMERICH,10
EMMERLING,5
EMMERSON,5
EMMERT,20
EMMETT,10
EMMETTE,5
EMMI,5
EMMICK,5
EMMITT,5
EMMOND,5
EMMONS,50
EMMRICH,5
EMMS,5
EMO,5
EMOND,10
EMONS,5
EMORE,5
EMORY,20
EMOTO,5
EMPASIS,5
EMPEROR,5
EMPEY,5
EMPFIELD,5
EMPIE,5
EMPLEO,5
EMPSON,5
EMRICH,10
EMRICK,10
EMRY,5
EMSHOFF,5
EMSHWILLER,5
EMSLANDER,5
EMSLIE,5
EMSWILER,5
EMUKA,5
EMZIAH,5
ENAMA,5
ENAMORADO,5
ENBODY,5
ENCALADE,5
ENCALLADO,5
ENCARNACION,10
ENCE,5
ENCINAS,10
ENCINIAS,5
ENCINO,5
ENCISO,10
ENCK,5
END,5
ENDE,5
ENDECOTT,5
ENDER,5
ENDERBY,5
ENDERLE,5
ENDERLIN,5
ENDERS,10
ENDERSBE,5
ENDERSON,5
ENDICOTT,20
ENDITO,5
ENDLER,5
ENDLICH,5
ENDO,10
ENDORF,5
ENDOW,5
ENDRES,10
ENDRESEN,5
ENDRESON,5
ENDRIES,5
ENDRIS,5
ENDS,5
ENDSLEY,10
ENERSON,5
ENFIELD,5
ENFINGER,5
ENFORT,5
ENG,30
ENGARD,5
ENGBERG,5
ENGBERSON,5
ENGBLOM,5
ENGBRETSON,5
ENGDAHL,5
ENGE,5
ENGEBRETSEN,5
ENGEBRETSON,10
ENGEL,80
ENGELBACH,5
ENGELBERG,5
ENGELBERT,5
ENGELBRECHT,10
ENGELHARD,5
ENGELHARDT,20
ENGELHART,5
ENGELHAUPT,5
ENGELKE,10
ENGELKEMIER,5
ENGELKEN,5
ENGELKES,5
ENGELKING,5
ENGELLANT,5
ENGELMAN,10
ENGELMANN,10
ENGELMEYER,5
ENGELS,10
ENGELSMAN,5
ENGELSON,5
ENGELSTAD,5
ENGEMAN,5
ENGEMANN,5
ENGEN,10
ENGER,10
ENGERMAN,5
ENGERT,5
ENGESSER,5
ENGESSOR,5
ENGET,5
ENGFER,5
ENGH,5
ENGHOLM,5
ENGL,5
ENGLADE,5
ENGLAND,130
ENGLANDER,5
ENGLAR,5
ENGLE,70
ENGLEBERG,5
ENGLEBERT,5
ENGLEBRECHT,5
ENGLEBY,5
ENGLEHARDT,5
ENGLEHART,10
ENGLEKING,5
ENGLEMAN,10
ENGLEMANN,5
ENGLER,20
ENGLERT,20
ENGLERTH,5
ENGLES,10
ENGLESON,5
ENGLETT,5
ENGLEY,5
ENGLIN,5
ENGLISH,180
ENGLUND,10
ENGMAN,10
ENGNATH,5
ENGQUIST,5
ENGRAM,10
ENGROFF,5
ENGSTROM,20
ENGWALL,5
ENGWER,5
ENICK,5
ENIS,5
ENIX,5
ENKE,5
ENKERUD,5
ENLOE,10
ENLOW,10
ENMAN,5
ENMON,5
ENNACO,5
ENNALS,5
ENNELS,5
ENNEN,5
ENNENGA,5
ENNES,5
ENNETT,5
ENNIS,60
ENNIST,5
ENNO,5
ENNS,5
ENNY,5
ENO,10
ENOCENCIO,5
ENOCH,20
ENOCHS,10
ENOCK,5
ENOCKSON,5
ENOMOTO,5
ENOS,30
ENOTE,5
ENRICO,5
ENRIGHT,30
ENRIGUEZ,5
ENRIQUE,5
ENRIQUES,5
ENRIQUEZ,80
ENRRIQUEZ,5
ENSEL,5
ENSELL,5
ENSEY,5
ENSIGN,10
ENSING,5
ENSLEN,5
ENSLEY,10
ENSLINGER,5
ENSLOW,5
ENSMINGER,10
ENSOR,10
ENSTAD,5
ENSTROM,5
ENSWORTH,5
ENSZ,5
ENTEL,5
ENTER,5
ENTERLINE,5
ENTIN,5
ENTINGER,5
ENTLER,5
ENTREKIN,10
ENTRESS,5
ENTRIKEN,5
ENTRIKIN,5
ENTRUP,5
ENTSMINGER,5
ENTWISLE,5
ENTWISTLE,10
ENTZ,5
ENTZI,5
ENWALL,5
ENWRIGHT,5
ENYART,5
ENYEART,10
ENZ,5
ENZENAUER,5
ENZOR,5
EOFF,10
EON,5
EOVALDI,5
EPEL,5
EPERSON,5
EPHRAIM,5
EPHRIAM,5
EPIFANO,5
EPLER,5
EPLEY,10
EPLIN,5
EPLING,10
EPOLITO,5
EPP,10
EPPARD,5
EPPENGER,5
EPPERHEIMER,5
EPPERLEY,5
EPPERLY,10
EPPERSON,60
EPPERT,5
EPPES,5
EPPICH,5
EPPIHIMER,5
EPPINETTE,5
EPPING,5
EPPINGER,10
EPPLE,5
EPPLER,10
EPPLEY,5
EPPOLITO,5
EPPS,80
EPSON,5
EPSTEIN,40
EPTING,5
EQUIA,5
EQUIHUA,5
EQUILS,5
EQUILUZ,5
ERACLEO,5
ERARD,5
ERASO,5
ERATH,5
ERAZMUS,5
ERAZO,10
ERB,20
ERBACH,5
ERBE,10
ERBEN,5
ERBENTRAUT,5
ERBER,5
ERBES,5
ERBST,5
ERBSTEIN,5
ERBY,10
ERCANBRACK,5
ERCEG,5
ERCEK,5
ERCHUL,5
ERCK,5
ERCOLANI,5
ERCOLANO,5
ERCOLE,5
ERDAHL,5
ERDELT,5
ERDING,5
ERDLEY,5
ERDMAN,20
ERDMANN,30
ERDMUN,5
ERDNER,5
ERDOS,5
EREAUX,5
EREBIA,5
EREDIA,5
EREKSON,5
ERENRICH,5
ERETH,5
ERFERT,5
ERGER,5
ERHARD,5
ERHARDT,10
ERHART,10
ERHOLM,5
ERIC,5
ERICE,5
ERICH,5
ERICHSEN,5
ERICHSON,5
ERICK,5
ERICKS,5
ERICKSEN,10
ERICKSON,290
ERICSON,20
ERICSSON,5
ERIE,5
ERIKS,5
ERIKSEN,10
ERIKSON,10
ERIKSSON,5
ERIN,5
ERION,5
ERIQUEZ,5
ERISMAN,5
ERIXON,5
ERKE,5
ERKELA,5
ERKER,5
ERKKILA,5
ERLANDSON,10
ERLANGER,5
ERLANSON,5
ERLE,5
ERLEBACH,5
ERLENBUSCH,5
ERLER,10
ERLEWINE,5
ERLICH,5
ERLING,5
ERLWEIN,5
ERM,5
ERMATINGER,5
ERMERT,5
ERMITA,5
ERMITANIO,5
ERMITANO,5
ERMOGEMOUS,5
ERNANDEZ,5
ERNE,5
ERNER,5
ERNEST,20
ERNESTO,5
ERNO,5
ERNSBERGER,5
ERNSPIKER,5
ERNST,60
ERNSTER,5
ERNSTES,5
ERNSTROM,5
ERNZEN,5
ERO,5
EROH,5
EROMAN,5
ERON,5
EROS,5
ERP,5
ERPELDING,5
ERPENBACH,5
ERPS,5
ERRERA,5
ERRETT,5
ERRICO,10
ERRINGTON,5
ERSCHEN,5
ERSERY,5
ERSKIN,5
ERSKINE,20
ERSPAMER,5
ERSTAD,5
ERTEL,10
ERTELT,5
ERTL,10
ERTLE,5
ERTLEY,5
ERTMAN,5
ERTZ,5
ERTZBISCHOFF,5
ERVAY,5
ERVEN,5
ERVIN,110
ERVINE,5
ERVING,10
ERWAY,5
ERWIN,100
ERXLEBEN,5
ERZ,5
ESANNASON,5
ESARY,5
ESAU,5
ESAW,5
ESBENSEN,5
ESBENSHADE,5
ESBRANDT,5
ESCAJEDA,5
ESCALANTE,40
ESCALERA,10
ESCALERO,5
ESCALET,5
ESCALON,5
ESCALONA,5
ESCAMILLA,40
ESCANDON,5
ESCANLAR,5
ESCARCEGA,10
ESCARENO,5
ESCARREGA,5
ESCARSEGA,5
ESCATEL,5
ESCH,5
ESCHBAUGH,5
ESCHBERGER,5
ESCHBORN,5
ESCHE,5
ESCHEN,5
ESCHENBACH,5
ESCHENBACHER,5
ESCHENBRENNER,5
ESCHENBURG,5
ESCHER,5
ESCHETE,5
ESCHETTE,5
ESCHIEF,5
ESCHMANN,5
ESCHRICH,5
ESCO,5
ESCOBAR,110
ESCOBEDO,60
ESCOBEO,5
ESCOBER,5
ESCOBIO,5
ESCOE,5
ESCORCIA,5
ESCORT,5
ESCORZA,5
ESCOTO,10
ESCOTT,5
ESCOVAR,5
ESCOVEDO,5
ESCRIBANO,5
ESCUDERO,10
ESCUE,5
ESCURIEX,5
ESCUTIA,5
ESENWEIN,5
ESERA,5
ESFAHANI,5
ESGUERRA,5
ESH,5
ESHBAUGH,5
ESHELMAN,10
ESHENBRENNER,5
ESHLEMAN,10
ESHLERMAN,5
ESHMON,5
ESHOM,5
ESKA,5
ESKAF,5
ESKARAN,5
ESKE,5
ESKEETS,5
ESKELSEN,5
ESKELSON,5
ESKENAZI,5
ESKER,5
ESKEW,20
ESKIN,5
ESKIND,5
ESKINS,5
ESKOLA,5
ESKRA,5
ESKRIDGE,20
ESKUCHEN,5
ESLAVA,5
ESLER,5
ESLICK,10
ESLINGER,10
ESMAILI,5
ESMAY,5
ESMIOL,5
ESMON,5
ESMOND,5
ESMONT,5
ESNARD,5
ESOIMEME,5
ESPADA,10
ESPADAS,5
ESPAILLAT,5
ESPALIN,5
ESPANA,10
ESPANOL,5
ESPARAZA,5
ESPARSEN,5
ESPARZA,90
ESPE,5
ESPEJEL,5
ESPEJO,5
ESPELAND,5
ESPELIEN,5
ESPENLAUB,5
ESPENOZA,5
ESPENSCHEID,5
ESPENSCHIED,5
ESPENSHADE,5
ESPER,5
ESPERANZA,5
ESPERICUETA,5
ESPERON,5
ESPERT,5
ESPEY,10
ESPINA,5
ESPINAL,40
ESPINDOLA,5
ESPINEL,5
ESPINO,30
ESPINOL,5
ESPINOLA,5
ESPINOSA,100
ESPINOZA,220
ESPIRIDION,5
ESPIRITU,10
ESPITIA,10
ESPLAIN,5
ESPLIN,5
ESPONDA,5
ESPOSITA,5
ESPOSITO,70
ESPOSTO,5
ESPREE,5
ESPY,10
ESQUE,5
ESQUEA,5
ESQUEDA,10
ESQUER,10
ESQUERRA,5
ESQUERRE,5
ESQUIBEL,20
ESQUILIN,5
ESQUINALDO,5
ESQUIREL,5
ESQUIUEL,5
ESQUIVEL,60
ESQUIVEZ,5
ESQUIVIAS,5
ESSA,5
ESSAFF,5
ESSAID,5
ESSARY,10
ESSELINK,5
ESSELMAN,5
ESSEN,5
ESSENCY,5
ESSEPIAN,5
ESSER,10
ESSERY,5
ESSES,5
ESSEX,10
ESSHAKI,5
ESSICK,5
ESSIG,5
ESSINGER,5
ESSIX,5
ESSKEW,5
ESSLER,5
ESSLINGER,5
ESSMAN,5
ESSNER,5
ESSON,5
ESTABAN,5
ESTABILLO,5
ESTABROOK,10
ESTABROOKS,5
ESTACION,5
ESTAIN,5
ESTALA,5
ESTANISLAU,5
ESTEB,5
ESTEBAN,10
ESTEEN,5
ESTEL,5
ESTELA,5
ESTELL,10
ESTELLA,5
ESTELLE,10
ESTEN,5
ESTEP,50
ESTEPP,10
ESTER,10
ESTERBROOK,5
ESTERGARD,5
ESTERLINE,5
ESTERLING,5
ESTERLY,10
ESTERS,10
ESTERSON,5
ESTES,170
ESTESS,5
ESTEVANE,5
ESTEVE,5
ESTEVES,10
ESTEVEZ,20
ESTEY,10
ESTEYBAR,5
ESTHER,5
ESTILL,10
ESTIMABLE,5
ESTIS,5
ESTLE,5
ESTLER,5
ESTOCK,5
ESTOK,5
ESTORGA,5
ESTRADA,270
ESTRADE,5
ESTRADO,5
ESTRELA,5
ESTRELLA,30
ESTRELLO,5
ESTREM,5
ESTREMERA,5
ESTRIDGE,5
ESTRIN,5
ESTRONZA,5
ESTUS,5
ESTWICK,5
ESTY,5
ESWORTHY,5
ETCHELLS,5
ETCHINSON,5
ETCHISON,10
ETCITTY,5
ETH,5
ETHEL,5
ETHEN,5
ETHEREDGE,10
ETHERIDGE,50
ETHERINGTON,5
ETHERTON,10
ETHIER,10
ETHINGTON,5
ETHRIDGE,30
ETIENNE,10
ETIER,5
ETKIN,5
ETLING,5
ETOLL,5
ETRINGER,5
ETSITTY,5
ETTEL,5
ETTER,20
ETTERS,5
ETTIENNE,5
ETTINGER,10
ETTISON,5
ETTL,5
ETTMAN,5
ETULAIN,5
ETZEL,10
ETZKORN,5
ETZLER,5
EUBANK,20
EUBANKS,80
EUBER,5
EUDY,20
EUELL,5
EUERTZ,5
EUGENE,20
EUGENIO,5
EUGLEY,5
EULER,10
EULL,5
EUN,5
EUNICE,5
EURBIN,5
EURE,10
EURESTI,5
EURICH,10
EUROPE,5
EURTON,5
EURY,10
EUSEBIO,10
EUSER,5
EUSTACE,5
EUSTACHE,5
EUSTICE,10
EUSTIS,5
EUTON,5
EUTSEY,5
EUTSLER,5
EUVRARD,5
EVA,5
EVAN,10
EVANCHALK,5
EVANCHO,5
EVANCHYK,5
EVANGELIST,5
EVANGELISTA,20
EVANGELO,5
EVANICH,5
EVANKO,5
EVANOFF,10
EVANOSKI,5
EVANOSKY,5
EVANS,1410
EVANSKI,5
EVANSKY,5
EVANSON,5
EVARISTO,5
EVARTS,5
EVARTT,5
EVASCO,5
EVATT,10
EVE,5
EVELAND,10
EVELEIGH,5
EVELER,5
EVELETH,5
EVELINE,5
EVELO,5
EVELYN,10
EVEN,10
EVENER,5
EVENS,10
EVENSEN,5
EVENSON,20
EVENSTAD,5
EVERAGE,5
EVERDING,5
EVEREST,5
EVERET,5
EVERETT,170
EVERETTE,20
EVERETTS,5
EVERHARDT,5
EVERHART,40
EVERHEART,5
EVERIDGE,5
EVERING,5
EVERITT,10
EVERLETH,5
EVERLEY,5
EVERLINE,5
EVERLY,10
EVERMAN,10
EVERROAD,5
EVERS,30
EVERSLEY,5
EVERSMAN,5
EVERSMANN,5
EVERSMEYER,5
EVERSOLE,20
EVERSOLL,5
EVERSON,30
EVERT,10
EVERTON,10
EVERTS,10
EVERTSEN,5
EVERTT,5
EVERTZ,5
EVERY,5
EVES,5
EVETT,5
EVETTS,5
EVEY,5
EVICK,5
EVILSIZER,5
EVILSIZOR,5
EVINGER,5
EVINS,10
EVISTON,5
EVITT,5
EVITTS,5
EVJEN,5
EVOLA,5
EVON,5
EVORA,5
EVOY,5
EWALD,20
EWALT,10
EWAN,5
EWARDS,5
EWART,10
EWBANK,5
EWELIKE,5
EWELL,20
EWEN,10
EWENS,5
EWER,5
EWERS,10
EWERT,10
EWIG,5
EWIN,5
EWING,140
EWINGS,5
EWOLDT,5
EWTON,5
EWY,5
EXANTUS,5
EXCELL,5
EXE,5
EXEL,5
EXFORD,5
EXILUS,5
EXLER,5
EXLEY,10
EXLINE,5
EXNER,5
EXON,5
EXPOSE,5
EXTINE,5
EXTON,5
EXUM,20
EYCHANER,5
EYE,10
EYER,5
EYERMAN,5
EYERMANN,5
EYESTONE,5
EYLER,10
EYLES,5
EYLICIO,5
EYMAN,10
EYNON,5
EYRE,10
EYRICH,5
EYSTER,5
EYTCHESON,5
EYTCHISON,5
EYTON,5
EYUBEH,5
EZAGUI,5
EZDEBSKI,5
EZECHU,5
EZEKIEL,5
EZELL,60
EZELLE,5
EZER,5
EZERNACK,5
EZPARZA,5
EZPELETA,5
EZZELL,10
EZZELLE,5
EZZO,5
FAAITA,5
FAAS,5
FABACHER,5
FABBOZZI,5
FABBRI,5
FABECK,5
FABEL,5
FABELA,10
FABELLO,5
FABER,30
FABERT,5
FABIAN,30
FABIANI,5
FABIANO,10
FABIN,5
FABIO,5
FABIONAR,5
FABISZEWSKI,5
FABOZZI,5
FABRE,10
FABRIZI,5
FABRIZIO,10
FABRIZIUS,5
FABRO,5
FABROQUEZ,5
FABROS,5
FABRY,10
FABULA,5
FABUS,5
FABY,5
FACCHINE,5
FACE,5
FACELLO,5
FACEMIRE,5
FACENDA,5
FACER,10
FACEY,5
FACIO,5
FACK,5
FACKLER,10
FACKRELL,5
FACTEAU,5
FACTOR,10
FACUNDO,5
FADALE,5
FADDEN,5
FADDIS,5
FADEI,5
FADEL,5
FADELEY,5
FADELY,5
FADEN,5
FADER,5
FADLEY,5
FADNESS,5
FADRI,5
FAEHNLE,5
FAERBER,5
FAES,5
FAESSLER,5
FAETH,5
FAFARD,5
FAFINSKI,5
FAGALA,5
FAGAN,60
FAGEN,5
FAGER,10
FAGERAES,5
FAGERLUND,5
FAGERQUIST,5
FAGERSTROM,5
FAGG,5
FAGGARD,5
FAGGETT,5
FAGGINS,5
FAGGS,5
FAGIN,10
FAGLE,5
FAGLEY,5
FAGLIE,5
FAGNAN,5
FAGNANI,5
FAGNANT,5
FAGNONI,5
FAGO,5
FAGUE,5
FAGUNDES,10
FAGUNDO,5
FAHERTY,5
FAHEY,30
FAHIE,5
FAHL,5
FAHLSING,5
FAHLSTEDT,5
FAHNER,5
FAHNESTOCK,5
FAHNING,5
FAHRENBRUCK,5
FAHRENDORFF,5
FAHRENKRUG,5
FAHRENTHOLD,5
FAHRENWALD,5
FAHRINGER,5
FAHRLANDER,5
FAHRNER,5
FAHRNEY,5
FAHRNI,5
FAHS,5
FAHY,10
FAICHTINGER,5
FAIDLEY,5
FAIELLA,5
FAIGIN,5
FAIGLE,5
FAIGLEY,5
FAIL,5
FAILDE,5
FAILEY,5
FAILING,5
FAILLA,10
FAILLE,5
FAILOR,5
FAILS,10
FAIN,40
FAINE,5
FAINES,5
FAIOLA,5
FAIR,80
FAIRALL,5
FAIRBAIRN,5
FAIRBANK,10
FAIRBANKS,40
FAIRBROTHER,5
FAIRBURN,5
FAIRCHILD,60
FAIRCLOTH,20
FAIRCLOUGH,5
FAIRE,5
FAIRES,5
FAIREY,5
FAIRFAX,10
FAIRFIELD,10
FAIRHURST,5
FAIRLEIGH,5
FAIRLESS,5
FAIRLEY,40
FAIRLY,5
FAIRMAN,10
FAIRROW,5
FAIRWEATHER,10
FAIRY,5
FAISCA,5
FAISON,40
FAIST,5
FAIT,5
FAITH,10
FAIVRE,5
FAIX,5
FAJARDO,30
FAJEN,5
FAKE,5
FAKHOURI,5
FAKHOURY,5
FALA,5
FALACCO,5
FALACK,5
FALAH,5
FALANGA,5
FALARDEAU,5
FALASCO,5
FALB,5
FALBO,10
FALCE,5
FALCHI,5
FALCI,5
FALCIONE,5
FALCIONI,5
FALCK,5
FALCO,10
FALCON,40
FALCONE,20
FALCONER,10
FALCONERI,5
FALCONI,5
FALCONIO,5
FALDYN,5
FALENCKI,5
FALER,5
FALERO,5
FALES,10
FALETTI,5
FALEY,5
FALGE,5
FALGOUST,20
FALGOUT,10
FALHA,5
FALICK,5
FALIN,5
FALIS,5
FALK,40
FALKE,5
FALKENBERG,5
FALKENHAGEN,5
FALKENSTEIN,5
FALKENTHAL,5
FALKER,5
FALKIEWICZ,5
FALKNER,10
FALKNOR,5
FALKOWSKI,5
FALKS,5
FALL,10
FALLA,5
FALLAGO,5
FALLAW,5
FALLDORF,5
FALLEN,5
FALLENSTEIN,5
FALLER,10
FALLERT,5
FALLEY,5
FALLICK,5
FALLIE,5
FALLIN,10
FALLING,5
FALLIS,10
FALLO,5
FALLON,30
FALLONE,5
FALLOW,5
FALLOWS,5
FALLS,30
FALOR,5
FALSETTA,5
FALSETTI,5
FALSO,5
FALSON,5
FALT,5
FALTER,5
FALTERMAN,5
FALTIN,5
FALTO,5
FALTUS,5
FALTZ,5
FALU,5
FALVEY,5
FALVO,5
FALWELL,5
FALZARANO,5
FALZON,5
FALZONE,10
FAM,5
FAMA,5
FAMAGELTTO,5
FAMBRO,5
FAMBROUGH,5
FAMIANO,5
FAMIGLIETTI,5
FAMILIA,5
FAMULARE,5
FAMY,5
FAN,10
FANARA,5
FANATIA,5
FANCHER,20
FANDEL,5
FANDINO,5
FANDRICH,5
FANE,10
FANELLE,5
FANELLI,10
FANG,10
FANGMAN,5
FANGMANN,5
FANGUY,5
FANIEL,5
FANION,5
FANIZZA,5
FANIZZI,5
FANJOY,5
FANKHAUSER,5
FANN,10
FANNELL,5
FANNER,5
FANNEY,5
FANNIN,20
FANNING,40
FANNINGS,5
FANNO,5
FANNON,5
FANNY,5
FANOELE,5
FANSHER,5
FANSLER,10
FANT,20
FANTASIA,5
FANTAUZZI,5
FANTAUZZO,5
FANTAZIA,5
FANTER,5
FANTI,5
FANTIN,5
FANTINI,5
FANTON,5
FANTOZZI,5
FANTROY,5
FANTZ,5
FANUCCHI,5
FANZO,5
FARA,5
FARABAUGH,5
FARABEE,5
FARACE,5
FARACI,5
FARACO,5
FARAG,5
FARAGHER,5
FARAGO,5
FARAGOZA,5
FARAH,5
FARAHKHAN,5
FARAIMO,5
FARAJ,5
FARALDO,5
FARAONE,5
FARB,5
FARBER,20
FARBMAN,5
FARDO,5
FARE,5
FARELL,5
FARELLA,5
FAREN,5
FARENBAUGH,5
FARER,5
FARESE,5
FARETRA,5
FARFAGLIA,5
FARFALLA,5
FARFAN,10
FARGNOLI,5
FARGO,10
FARGUHARSON,5
FARHA,5
FARHART,5
FARHAT,5
FARIA,20
FARIAS,30
FARID,5
FARIELLO,5
FARIES,5
FARIN,5
FARINA,20
FARINACCI,5
FARINAS,5
FARINELLA,5
FARINHA,5
FARINO,5
FARIS,20
FARISH,10
FARISS,5
FARKAS,20
FARKUS,5
FARLAND,5
FARLEE,5
FARLER,5
FARLESS,5
FARLEY,150
FARLIN,5
FARLOW,10
FARM,5
FARMAN,5
FARMAR,5
FARMER,300
FARMSWORTH,5
FARMWALD,5
FARNAM,5
FARNAN,5
FARNELL,5
FARNER,10
FARNES,5
FARNESE,5
FARNESS,5
FARNEY,10
FARNHAM,20
FARNSWORTH,50
FARNUM,10
FARNWORTH,5
FARO,5
FARON,5
FARONE,5
FARQUER,5
FARQUHAR,10
FARQUHARSON,5
FARR,90
FARRA,5
FARRAH,5
FARRAJ,5
FARRALL,5
FARRAN,5
FARRAND,10
FARRANT,5
FARRAR,60
FARRARE,5
FARRAUTO,5
FARREL,10
FARRELL,180
FARRELLY,10
FARREN,10
FARRENS,5
FARRER,10
FARREY,5
FARRIA,5
FARRIER,10
FARRILL,5
FARRIN,5
FARRINGTON,40
FARRIOR,10
FARRIS,110
FARRISH,10
FARRO,5
FARRON,5
FARROW,40
FARRUGGIO,5
FARRUGIA,5
FARRY,5
FARS,5
FARSON,5
FARSTVEDT,5
FARTHING,10
FARUG,5
FARUOLO,5
FARVE,5
FARVER,5
FARWELL,20
FARWICK,5
FARZAN,5
FASANO,10
FASBENDER,5
FASCHING,10
FASCI,5
FASCIANO,5
FASEL,5
FASENMYER,5
FASH,5
FASHAW,5
FASHEH,5
FASICK,5
FASKE,5
FASO,5
FASON,10
FASONE,5
FASS,5
FASSETT,10
FASSINGER,5
FASSINO,5
FASSIO,5
FASSLER,5
FASSNACHT,5
FAST,20
FASTER,5
FASTIC,5
FASTLABEN,5
FASULA,5
FASULO,5
FASY,5
FAT,5
FATA,5
FATCHETT,5
FATE,5
FATH,5
FATHEREE,5
FATHREE,5
FATHY,5
FATICA,5
FATIGATE,5
FATONE,5
FATORA,5
FATTIG,5
FATTORE,5
FATULA,5
FATZINGER,5
FAUBEL,5
FAUBER,5
FAUBERT,5
FAUBION,5
FAUBLE,5
FAUBUS,5
FAUCETT,10
FAUCETTE,10
FAUCHER,10
FAUCI,5
FAUDREE,5
FAUERBACH,5
FAUGHN,5
FAUGHNAN,5
FAUGHT,10
FAUL,10
FAULCON,5
FAULCONER,5
FAULDS,5
FAULHABER,5
FAULISI,5
FAULK,60
FAULKENBERRY,5
FAULKENBURG,5
FAULKENBURY,5
FAULKER,5
FAULKES,5
FAULKINGHAM,5
FAULKNEN,5
FAULKNER,160
FAULKS,10
FAULL,5
FAULS,5
FAULSTICH,5
FAULSTICK,5
FAUNCE,5
FAUNTLEROY,10
FAUPEL,5
FAUR,5
FAURE,5
FAUROT,5
FAUROTE,5
FAURRIETA,5
FAUS,5
FAUSCETT,5
FAUSEL,5
FAUSET,5
FAUSETT,5
FAUSEY,5
FAUSKE,5
FAUSNAUGH,5
FAUSNAUGHT,5
FAUSSET,5
FAUST,60
FAUSTINI,5
FAUSTINO,5
FAUSTMAN,5
FAUSTO,5
FAUTEUX,5
FAUTH,5
FAUVER,10
FAUX,5
FAVA,10
FAVALORA,5
FAVALORO,5
FAVARO,5
FAVARON,5
FAVAZZA,5
FAVELA,20
FAVER,5
FAVERO,5
FAVIA,5
FAVIAN,5
FAVIERI,5
FAVILA,5
FAVILLA,5
FAVILLE,5
FAVOLISE,5
FAVOR,5
FAVORITE,10
FAVORITO,5
FAVORS,20
FAVRE,5
FAVREAU,10
FAVRO,5
FAVUZZA,5
FAVUZZI,5
FAW,5
FAWBUSH,5
FAWCETT,20
FAWELL,5
FAWLER,5
FAWLEY,5
FAWSON,5
FAWVER,5
FAXON,5
FAY,60
FAYAD,5
FAYARD,5
FAYCURRY,5
FAYE,5
FAYER,5
FAYKOSH,5
FAYLOR,5
FAYNE,5
FAYSON,5
FAZ,5
FAZEKAS,5
FAZENBAKER,5
FAZIO,20
FAZZARI,5
FAZZI,5
FAZZINA,5
FAZZINGA,5
FAZZINO,5
FAZZIO,5
FAZZONE,5
FEAGAN,5
FEAGANES,5
FEAGANS,5
FEAGEN,5
FEAGIN,10
FEAGINS,5
FEAGLER,5
FEAGLEY,5
FEALY,5
FEAMSTER,5
FEAR,5
FEAREN,5
FEARHELLER,5
FEARING,5
FEARN,10
FEARNOW,5
FEARON,10
FEARS,20
FEARY,5
FEASEL,5
FEAST,5
FEASTER,20
FEATHER,10
FEATHERINGHAM,5
FEATHEROFF,5
FEATHERS,10
FEATHERSTON,10
FEATHERSTONE,10
FEAUTO,5
FEAVEL,5
FEAZEL,5
FEAZELL,5
FEAZELLE,5
FEBBO,5
FEBBRAIO,5
FEBLES,5
FEBO,5
FEBRE,5
FEBRES,5
FEBUS,10
FECAT,5
FECHER,5
FECHNER,5
FECHTEL,5
FECHTER,5
FECHTIG,5
FECHTNER,5
FECK,5
FECKO,5
FECTEAU,10
FECTO,5
FEDAK,5
FEDALEN,5
FEDD,5
FEDDE,5
FEDDER,5
FEDDERLY,5
FEDDERSEN,5
FEDDES,5
FEDE,5
FEDEL,5
FEDELE,10
FEDER,10
FEDERER,5
FEDERGREEN,5
FEDERICI,5
FEDERICK,5
FEDERICO,20
FEDERKEIL,5
FEDERLE,5
FEDEROWICZ,5
FEDEWA,5
FEDEZKO,5
FEDIE,5
FEDIGAN,5
FEDLER,10
FEDOR,10
FEDORA,5
FEDORCHAK,5
FEDORCZYK,5
FEDOREK,5
FEDORIW,5
FEDORKA,5
FEDORKO,5
FEDRICK,5
FEDUCCIA,5
FEDUNIEWICZ,5
FEE,20
FEEBACK,5
FEEHAN,5
FEEHERY,5
FEEHLY,5
FEEKES,5
FEELA,5
FEELER,5
FEELEY,10
FEELING,5
FEELY,10
FEEMSTER,10
FEENAN,5
FEENER,5
FEENEY,30
FEENSTRA,5
FEENY,5
FEERICK,5
FEERST,5
FEERY,5
FEES,5
FEESER,5
FEEZELL,5
FEEZOR,5
FEFER,5
FEGAN,10
FEGARO,5
FEGER,5
FEGETT,5
FEGETTE,5
FEGGINS,5
FEGLES,5
FEGLEY,10
FEGO,5
FEGUEROA,5
FEGURGUR,5
FEHER,5
FEHL,5
FEHLING,5
FEHLINGER,5
FEHLMAN,5
FEHN,5
FEHNEL,5
FEHR,10
FEHRENBACH,5
FEHRIBACH,5
FEHRINGER,5
FEHRLE,5
FEHRMAN,5
FEHRS,5
FEIBUSCH,5
FEICHTER,5
FEICHTNER,5
FEICK,5
FEICKERT,5
FEIERMAN,5
FEIERTAG,5
FEIG,5
FEIGEL,5
FEIGENBAUM,5
FEIGH,5
FEIGHAN,5
FEIGHNER,5
FEIGHT,5
FEIJOO,5
FEIKLES,5
FEIL,5
FEILBACH,5
FEILD,5
FEILDS,5
FEILER,5
FEIMSTER,5
FEIN,5
FEINBERG,10
FEINBLATT,5
FEINDT,5
FEINEN,5
FEINER,5
FEINGOLD,10
FEINMAN,5
FEINSTEIN,10
FEINTUCH,5
FEIRER,5
FEIST,10
FEISTER,5
FEISTHAMEL,5
FEISTNER,5
FEIT,5
FEITEIRA,5
FEITH,5
FEJES,5
FEKETE,5
FEKETY,5
FELAN,10
FELARCA,5
FELBER,5
FELBERBAUM,5
FELCH,5
FELCHER,5
FELCIANO,5
FELD,10
FELDE,5
FELDER,60
FELDERMAN,5
FELDHAKE,5
FELDHAUS,5
FELDKAMP,5
FELDKER,5
FELDMAN,80
FELDMANN,10
FELDMEIER,5
FELDNER,5
FELDPAUSCH,5
FELDSTEIN,5
FELDT,10
FELDTMAN,5
FELEPPA,5
FELGENHAUER,5
FELGER,5
FELIBERTY,5
FELICANO,5
FELICE,10
FELICETTI,5
FELICIA,5
FELICIANO,80
FELICIEN,5
FELICIONE,5
FELICO,5
FELILA,5
FELIO,5
FELIPA,5
FELIPE,10
FELIU,5
FELIX,120
FELIZ,10
FELIZARDO,5
FELKEL,5
FELKER,20
FELKINS,5
FELKNER,5
FELKS,5
FELL,20
FELLARS,5
FELLEMAN,5
FELLENBAUM,5
FELLENZ,5
FELLER,20
FELLERS,10
FELLEZS,5
FELLHAUER,5
FELLI,5
FELLIN,5
FELLING,5
FELLINGER,5
FELLMAN,10
FELLNER,5
FELLON,5
FELLOWS,30
FELLS,10
FELMAN,5
FELMET,5
FELMLEE,5
FELONIA,5
FELPS,5
FELS,5
FELSENTHAL,5
FELSHER,5
FELSKE,5
FELSON,5
FELSTED,5
FELT,10
FELTEN,10
FELTENBERGER,5
FELTER,5
FELTES,5
FELTHAM,5
FELTMAN,10
FELTMANN,5
FELTNER,10
FELTON,80
FELTS,30
FELTUS,5
FELTY,10
FELTZ,5
FELUX,5
FELVER,5
FELZIEN,5
FEMAT,5
FEMI,5
FEMIA,5
FEMMER,5
FEMRITE,5
FENBERT,5
FENCEROY,5
FENCHEL,5
FENCIL,5
FENCL,5
FEND,5
FENDER,20
FENDERSON,10
FENDLASON,5
FENDLER,5
FENDLEY,10
FENDRICK,5
FENDT,5
FENECH,5
FENEIS,5
FENELON,5
FENELUS,5
FENG,10
FENGER,5
FENGLER,5
FENIMORE,10
FENISON,5
FENIX,5
FENK,5
FENLEY,10
FENLON,5
FENN,20
FENNEL,5
FENNELL,50
FENNELLY,5
FENNEMA,5
FENNER,30
FENNERN,5
FENNESSEY,5
FENNESSY,5
FENNEWALD,5
FENNEY,5
FENNIG,5
FENNIMAN,5
FENNIMORE,5
FENNINGER,5
FENNIWALD,5
FENNY,5
FENO,5
FENOFF,5
FENOGLIO,5
FENRICH,5
FENSEL,5
FENSKE,10
FENSTER,10
FENSTERMACHER,10
FENSTERMAKER,5
FENT,5
FENTI,5
FENTON,60
FENTRESS,10
FENTY,5
FENWICK,20
FEOLA,5
FEOLI,5
FEQUIERE,5
FERA,5
FERACO,5
FERAMISCO,5
FERANDEZ,5
FERARD,5
FERBER,10
FERBRACHE,5
FERCH,5
FERDERER,5
FERDICO,5
FERDIG,5
FERDIN,5
FERDINAND,10
FERDINANDSEN,5
FERDOLAGE,5
FERDON,5
FEREBEE,20
FEREDAY,5
FEREIRA,5
FERELL,5
FERENC,5
FERENCE,5
FERENCZ,5
FERENTZ,5
FERENZ,5
FERER,5
FERET,5
FERG,5
FERGASON,5
FERGE,5
FERGEN,5
FERGERSON,10
FERGERSTROM,5
FERGESON,5
FERGOSON,5
FERGURSON,5
FERGUS,10
FERGUSEN,5
FERGUSON,590
FERGUSSON,5
FERIA,5
FERIOLI,5
FERIS,5
FERJERANG,5
FERKEL,5
FERKO,5
FERKOVICH,5
FERLAND,20
FERLENDA,5
FERLIC,5
FERM,5
FERMAN,5
FERMIN,10
FERMO,5
FERN,10
FERNADES,5
FERNADEZ,5
FERNALD,10
FERNANDERS,5
FERNANDES,40
FERNANDEZ,470
FERNANDO,10
FERNANDZ,5
FERNATT,5
FERNBERG,5
FERNDEZ,5
FERNELIUS,5
FERNENDEZ,5
FERNER,5
FERNET,5
FERNETTE,5
FERNHOLZ,5
FERNIZA,5
FERNOW,5
FERNS,5
FERNSLER,5
FERNSTAEDT,5
FERNSTROM,5
FERO,5
FERON,5
FERONE,5
FEROUZ,5
FEROZ,5
FERR,5
FERRA,5
FERRACIOLI,5
FERRAIOLO,5
FERRAIZ,5
FERRALES,5
FERRALL,5
FERRAN,5
FERRAND,5
FERRANDINO,5
FERRANDO,5
FERRANTE,20
FERRANTI,10
FERRANTO,5
FERRAO,5
FERRAR,5
FERRARA,40
FERRARACCIO,5
FERRARI,30
FERRARINI,5
FERRARIO,5
FERRARIS,5
FERRARO,40
FERRAROTTI,5
FERRATELLA,5
FERRATO,5
FERRATT,5
FERRE,5
FERREBEE,5
FERREE,10
FERREIRA,80
FERREL,10
FERRELL,140
FERREN,5
FERRENCE,5
FERRER,40
FERRERA,10
FERRERI,10
FERRERO,10
FERRETT,5
FERRETTI,10
FERREYRA,5
FERRI,10
FERRICK,5
FERRIE,5
FERRIER,10
FERRIERA,10
FERRIES,5
FERRIGNO,10
FERRILL,10
FERRIMAN,5
FERRIN,10
FERRINGER,5
FERRINGO,5
FERRINGTON,5
FERRINI,5
FERRIO,5
FERRIOLA,5
FERRIOLO,5
FERRIS,90
FERRISE,5
FERRISS,5
FERRITER,5
FERRO,20
FERRON,10
FERRONE,5
FERRONI,5
FERRUCCI,5
FERRUFINO,5
FERRUSI,5
FERRUSO,5
FERRY,30
FERRYMAN,5
FERSNER,5
FERSTER,5
FERTAL,5
FERTIG,5
FERTIK,5
FERTITTA,5
FERUGSON,5
FERULLO,5
FESENBEK,5
FESENMYER,5
FESER,5
FESH,5
FESKO,5
FESLER,5
FESMIRE,5
FESPERMAN,5
FESS,5
FESSEL,5
FESSENDEN,10
FESSLER,10
FEST,5
FESTA,10
FESTER,5
FESTERMAN,5
FESTINI,5
FESUS,5
FETCH,5
FETCHKO,5
FETH,5
FETHEROLF,5
FETHERSTON,5
FETNER,5
FETROW,5
FETSKO,5
FETT,10
FETTE,5
FETTER,20
FETTERHOFF,5
FETTERLY,5
FETTERMAN,10
FETTEROLF,5
FETTERS,10
FETTES,5
FETTIG,5
FETTY,10
FETUI,5
FETZ,5
FETZER,10
FEUCHT,5
FEUER,5
FEUERBERG,5
FEUERBORN,5
FEUERSTEIN,10
FEULNER,5
FEURTADO,5
FEUSIER,5
FEUSS,5
FEUTZ,5
FEVIG,5
FEVOLD,5
FEW,10
FEWELL,10
FEWLESS,5
FEY,10
FEYEN,5
FEYEREISEN,5
FEYH,5
FEYLER,5
FIACCO,5
FIAL,5
FIALA,10
FIALHO,5
FIALKOWSKI,5
FIALLO,5
FIALLOS,5
FIASCHETTI,5
FIATO,5
FICARRA,5
FICCHI,5
FICEK,5
FICENEC,5
FICHER,5
FICHERA,5
FICHT,5
FICHTER,10
FICHTNER,5
FICK,20
FICKAS,5
FICKBOHM,5
FICKE,5
FICKEL,5
FICKEN,5
FICKER,5
FICKERT,5
FICKES,10
FICKETT,5
FICKLE,5
FICKLEN,5
FICKLIN,5
FICKLING,5
FICKS,5
FICO,5
FICORILLI,5
FIDA,5
FIDDELKE,5
FIDDLER,5
FIDEL,5
FIDELL,5
FIDLER,20
FIDO,5
FIDSKY,5
FIDUCIA,5
FIE,5
FIEBELKORN,5
FIEBICH,5
FIEBIG,5
FIECHTER,5
FIECK,5
FIECKE,10
FIEDLER,20
FIEDOR,5
FIEDOROWICZ,5
FIEDTKOU,5
FIEGEL,5
FIELD,110
FIELDEN,10
FIELDER,30
FIELDHOUSE,5
FIELDING,20
FIELDMAN,5
FIELDS,510
FIELDSON,5
FIELDSTADT,5
FIELY,5
FIENE,5
FIERECK,5
FIERGE,5
FIERMAN,5
FIERMONTE,5
FIERO,5
FIERRA,5
FIERRO,30
FIERROS,10
FIERS,5
FIERST,5
FIES,5
FIESEL,5
FIESELMAN,5
FIESER,5
FIEST,5
FIETEK,5
FIETSAM,5
FIFE,30
FIFER,10
FIFIELD,20
FIGARO,10
FIGARSKY,5
FIGART,5
FIGARY,5
FIGEROA,5
FIGERT,5
FIGG,5
FIGGE,5
FIGGEURS,5
FIGGINS,5
FIGGS,10
FIGIEL,5
FIGLAR,5
FIGLER,5
FIGLEY,5
FIGLIOLA,5
FIGLIOLI,5
FIGONE,5
FIGUEIRA,5
FIGUEIRAS,5
FIGUEIREDO,10
FIGUERA,5
FIGUERAS,5
FIGUERDA,5
FIGUEREDO,10
FIGUEROA,240
FIGUERON,5
FIGURA,5
FIGURELLI,5
FIGURES,5
FIGUROA,5
FIGURSKI,5
FIJAL,5
FIJALKOWSKI,5
FIKE,20
FIKES,10
FIL,5
FILA,5
FILAK,5
FILAN,5
FILARECKI,5
FILARY,5
FILAS,5
FILBERT,5
FILBEY,5
FILBRARDT,5
FILBURN,5
FILBY,5
FILE,5
FILEDS,5
FILER,10
FILES,10
FILGO,5
FILHIOL,5
FILI,5
FILIAULT,5
FILICE,5
FILICETTI,5
FILIMAUA,5
FILION,5
FILIP,10
FILIPEK,5
FILIPELLI,5
FILIPI,5
FILIPIAK,5
FILIPOVIC,5
FILIPOVICH,5
FILIPPELLI,5
FILIPPELLO,5
FILIPPI,5
FILIPPIDES,5
FILIPPINI,5
FILIPPO,5
FILIPPONE,5
FILIPPONI,5
FILIPSKI,5
FILKEY,5
FILKINS,10
FILL,5
FILLA,5
FILLARE,5
FILLER,10
FILLERS,5
FILLERUP,5
FILLEY,5
FILLHART,5
FILLINGER,5
FILLINGHAM,5
FILLINGIM,5
FILLION,10
FILLIP,5
FILLMAN,5
FILLMORE,20
FILLO,5
FILLPOT,5
FILLYAW,5
FILMER,5
FILMORE,5
FILO,5
FILONUK,5
FILOSA,5
FILOTEO,5
FILPO,5
FILPUS,5
FILS,5
FILSAIME,5
FILSINGER,5
FILSON,10
FILTEAU,5
FILTER,5
FILTHAUT,5
FILYAN,5
FILYAW,5
FILZEN,5
FIMBRES,5
FIMBREZ,5
FINA,5
FINAMORE,5
FINAN,5
FINAU,5
FINAZZO,5
FINCEL,5
FINCH,130
FINCHAM,10
FINCHER,40
FINCHMAN,5
FINCHUM,5
FINCK,10
FINCO,5
FINDER,5
FINDERS,5
FINDLAY,20
FINDLEN,5
FINDLEY,30
FINDLING,5
FINE,40
FINEBERG,5
FINEFROCK,5
FINEGAN,5
FINELL,5
FINELLO,5
FINELY,5
FINEMAN,5
FINEOUT,5
FINER,5
FINERAN,5
FINERTY,5
FINES,5
FINEY,5
FINFROCK,5
FINGADO,5
FINGAL,5
FINGAR,5
FINGER,10
FINGERHUT,5
FINGERMAN,5
FINGERSON,5
FINGLETON,5
FINI,5
FINICAL,5
FINIGAN,5
FINISTER,5
FINIZIO,5
FINK,90
FINKBEINER,10
FINKE,10
FINKEL,10
FINKELMAN,5
FINKELSON,5
FINKELSTEIN,10
FINKEN,5
FINKENBINDER,5
FINKENBINER,5
FINKLE,10
FINKLEA,10
FINKLER,5
FINKLESTEIN,5
FINKLEY,5
FINKS,5
FINLAND,5
FINLAY,10
FINLAYSON,10
FINLEY,160
FINN,80
FINNE,5
FINNEFROCK,5
FINNEGAN,30
FINNEL,5
FINNELL,10
FINNEMORE,5
FINNEN,5
FINNER,5
FINNERAN,5
FINNERTY,10
FINNEY,60
FINNI,5
FINNICUM,5
FINNIE,10
FINNIGAN,5
FINNILA,5
FINNIN,5
FINNLEY,5
FINO,5
FINOCAN,5
FINOCCHIARO,5
FINONA,5
FINSETH,5
FINSTAD,5
FINSTER,5
FINTO,5
FINTON,5
FINUCAN,5
FINUCANE,5
FINWALL,5
FINZEL,5
FIORA,5
FIORANELLI,5
FIORAVANTI,5
FIORE,30
FIORELLA,5
FIORELLI,5
FIORELLO,5
FIORENTINI,5
FIORENTINO,10
FIORENZA,5
FIORENZI,5
FIORETTI,5
FIORI,5
FIORICA,5
FIORILLI,5
FIORILLO,10
FIORINI,10
FIORINO,5
FIORITA,5
FIORITO,5
FIORITTO,5
FIOTO,5
FIOTODIMITRAK,5
FIPPS,5
FIQUEROA,10
FIRE,5
FIREBAUGH,5
FIREMAN,5
FIRENZE,5
FIRESTEIN,5
FIRESTINE,5
FIRESTONE,10
FIRKEY,5
FIRKINS,10
FIRLIK,5
FIRLIT,5
FIRMAN,5
FIRMIN,5
FIROOZBAKHT,5
FIRPI,5
FIRPO,5
FIRSCHING,5
FIRST,5
FIRTH,10
FISANICK,5
FISCAL,5
FISCALINI,5
FISCEL,5
FISCELLA,5
FISCH,5
FISCHANG,5
FISCHBACH,5
FISCHBEIN,5
FISCHEL,5
FISCHELS,5
FISCHER,210
FISCHETTI,5
FISCHHABER,5
FISCHL,5
FISCHLER,5
FISCHMAN,5
FISCUS,10
FISER,5
FISETTE,5
FISGER,5
FISH,90
FISHBACK,10
FISHBAUGH,5
FISHBECK,5
FISHBEIN,5
FISHBURN,10
FISHBURNE,5
FISHEL,10
FISHELL,5
FISHER,770
FISHERMAN,5
FISHMAN,30
FISICHELLA,5
FISK,40
FISKE,10
FISLER,5
FISSEL,5
FISSELL,5
FISSER,5
FISSORI,5
FISTER,5
FISTLER,5
FITANIDES,5
FITCH,80
FITCHEARD,5
FITCHETT,10
FITCHETTE,5
FITCHPATRICK,5
FITE,30
FITGERALD,5
FITHEN,5
FITHIAN,5
FITSER,5
FITSGERALD,5
FITTEN,5
FITTERER,5
FITTING,10
FITTJE,5
FITTON,5
FITTS,30
FITZ,20
FITZEN,5
FITZER,5
FITZERALD,5
FITZGERALD,270
FITZGERLAD,5
FITZGERREL,5
FITZGIBBON,10
FITZGIBBONS,10
FITZHENRY,5
FITZHERBERT,5
FITZHUGH,10
FITZKE,5
FITZLOFF,5
FITZMAURICE,10
FITZMIER,5
FITZMORRIS,5
FITZNER,5
FITZPATRICK,130
FITZRANDOLPH,5
FITZSIMMONS,30
FITZSIMONS,5
FITZWATER,20
FIUMARA,5
FIUME,5
FIUMEFREDDO,5
FIVEASH,5
FIVECOAT,5
FIWCK,5
FIX,20
FIXARI,5
FIXICO,5
FIZER,10
FJELD,5
FJESETH,5
FJETLAND,5
FLAA,5
FLACH,5
FLACHS,5
FLACK,20
FLAD,5
FLADGER,5
FLADUNG,5
FLAGEL,5
FLAGER,5
FLAGG,30
FLAGGE,5
FLAGGS,5
FLAGIELLO,5
FLAGLER,5
FLAGSTAD,5
FLAHARTY,5
FLAHAVEN,5
FLAHERTY,60
FLAHIVE,5
FLAIG,5
FLAIM,5
FLAIR,5
FLAKE,10
FLAKER,5
FLAKES,10
FLAKNE,5
FLAKS,5
FLAM,5
FLAMAND,5
FLAMENCO,5
FLAMENT,5
FLAMER,5
FLAMING,5
FLAMINIO,5
FLAMINO,5
FLAMIO,5
FLAMM,5
FLAMMANG,5
FLANAGAN,110
FLANAGIN,5
FLANARY,10
FLAND,5
FLANDER,5
FLANDERS,40
FLANEGAN,5
FLANERY,10
FLANIGAN,30
FLANK,5
FLANNAGAN,10
FLANNER,5
FLANNERY,40
FLANNIGAN,10
FLANSBURG,5
FLASH,5
FLASHER,5
FLATAU,5
FLATEN,5
FLATER,5
FLATH,5
FLATHERS,5
FLATLEY,5
FLATNESS,5
FLATO,5
FLATT,20
FLATTEN,5
FLATTER,5
FLATTERY,5
FLAUDING,5
FLAUGHER,10
FLAUM,5
FLAUTT,5
FLAVELL,5
FLAVIN,10
FLAVORS,5
FLAX,10
FLAXMAN,5
FLEAGLE,5
FLEAK,5
FLEBBE,5
FLECHA,5
FLECHAS,5
FLECHER,5
FLECHSIG,5
FLECK,30
FLECKENSTEIN,10
FLECKLES,5
FLECTHER,5
FLEEGER,5
FLEEGLE,5
FLEEK,5
FLEEKS,5
FLEEMAN,10
FLEENER,10
FLEENOR,20
FLEER,5
FLEET,10
FLEETING,5
FLEETWOOD,20
FLEGAL,5
FLEGEL,5
FLEGLE,5
FLEGLER,5
FLEHARTY,5
FLEIG,5
FLEISCHACKER,5
FLEISCHER,10
FLEISCHHACKER,5
FLEISCHMAN,10
FLEISCHMANN,10
FLEISCHNER,5
FLEISHER,10
FLEISHMAN,10
FLEISNER,5
FLEITAS,5
FLEITES,5
FLEITMAN,5
FLEM,5
FLEMING,410
FLEMINGS,10
FLEMISTER,5
FLEMM,5
FLEMMING,30
FLEMMINGS,5
FLEMMON,5
FLEMMONS,5
FLEMONS,5
FLENARD,5
FLENAUGH,5
FLENER,5
FLENIKEN,5
FLENNER,5
FLENNIKEN,5
FLENNOY,5
FLENORD,5
FLENORY,5
FLENS,5
FLENTGE,5
FLENTROY,5
FLESCH,5
FLESCHNER,5
FLESHER,10
FLESHMAN,10
FLESHNER,5
FLESNER,5
FLESSNER,5
FLETCHEN,5
FLETCHER,370
FLETES,5
FLETHER,5
FLETT,5
FLEURANT,5
FLEURANTIN,5
FLEURENT,5
FLEURILUS,5
FLEURISSAINT,5
FLEURY,20
FLEVER,5
FLEWELLEN,5
FLEWELLING,5
FLEXER,5
FLICEK,5
FLICK,20
FLICKER,5
FLICKINGER,10
FLICKNER,5
FLIELLER,5
FLIERL,5
FLIES,5
FLIGER,5
FLIGHT,5
FLIN,5
FLINCHBAUGH,5
FLINCHUM,10
FLINCK,5
FLINDERS,5
FLING,5
FLINK,5
FLINN,20
FLINNER,5
FLINSPACH,5
FLINT,60
FLINTON,5
FLINTROY,5
FLIPP,5
FLIPPEN,10
FLIPPIN,5
FLIPPO,10
FLIRT,5
FLIS,5
FLISS,5
FLISTER,5
FLITCROFT,5
FLITSCH,5
FLITT,5
FLITTER,5
FLITTON,5
FLO,5
FLOAN,5
FLOCCO,5
FLOCH,5
FLOCK,10
FLOCKE,5
FLOCKERZI,5
FLOCKHART,5
FLODIN,5
FLODMAN,5
FLOE,5
FLOER,5
FLOERCHINGER,5
FLOERKE,5
FLOHR,5
FLOM,5
FLOOD,60
FLOOK,5
FLOOR,5
FLOORE,5
FLOR,10
FLORA,30
FLORAN,5
FLORANCE,5
FLORAS,5
FLORCZAK,5
FLORE,5
FLOREA,5
FLOREK,5
FLOREN,5
FLORENCE,40
FLORENCIO,5
FLORENDO,5
FLORENS,5
FLORENTINE,5
FLORENTINO,5
FLORENZ,5
FLORES,920
FLORESCA,5
FLORESTAL,5
FLOREY,5
FLOREZ,30
FLORI,5
FLORIA,5
FLORIAN,10
FLORIANO,5
FLORIDA,5
FLORIDO,5
FLORIN,5
FLORINE,5
FLORIO,10
FLORIS,5
FLORKOWSKI,5
FLORO,5
FLOROS,5
FLORY,20
FLOSI,5
FLOSS,5
FLOT,5
FLOTA,5
FLOTH,5
FLOTO,5
FLOTOW,5
FLOTT,5
FLOURNAY,5
FLOURNEY,5
FLOURNOY,30
FLOW,5
FLOWE,5
FLOWER,20
FLOWERS,280
FLOYD,270
FLUAITT,5
FLUCAS,5
FLUCK,5
FLUD,5
FLUDD,10
FLUECK,5
FLUEGEL,5
FLUEGGE,5
FLUELLEN,10
FLUET,5
FLUETSCH,5
FLUETTE,5
FLUG,5
FLUGENCE,5
FLUGUM,5
FLUHARTY,10
FLUHMAN,5
FLUITT,5
FLUKE,5
FLUKER,10
FLUM,5
FLUMERFELT,5
FLUMMER,5
FLURRY,5
FLURY,10
FLUSCHE,5
FLUTY,5
FLY,10
FLYE,5
FLYGARE,5
FLYNN,220
FLYNT,10
FLYTHE,10
FLYZIK,5
FOARD,5
FOAT,5
FOBBS,10
FOBES,5
FOCHT,10
FOCKE,5
FOCKLER,5
FOCKS,5
FODDRELL,5
FODDRILL,5
FODE,5
FODER,5
FODERA,5
FODERARO,5
FODGE,5
FODNESS,5
FODOR,10
FOECKE,5
FOECKING,5
FOELL,5
FOELLER,5
FOERSCHLER,5
FOERSTER,10
FOERSTERLING,5
FOERTSCH,5
FOESCH,5
FOGAL,5
FOGARTY,30
FOGEL,20
FOGELMAN,5
FOGELQUIST,5
FOGELSON,5
FOGERSON,5
FOGERTY,5
FOGG,30
FOGGIE,5
FOGGS,5
FOGLE,40
FOGLEMAN,10
FOGLER,5
FOGLESONG,5
FOGLIA,5
FOGLIO,5
FOGO,5
FOGT,5
FOGUS,5
FOHL,5
FOHN,5
FOIL,5
FOILES,5
FOISTER,5
FOISY,5
FOK,5
FOKS,5
FOLAN,5
FOLAND,10
FOLDEN,10
FOLDS,5
FOLEY,170
FOLGAR,5
FOLGER,10
FOLINO,5
FOLIO,5
FOLK,20
FOLKEN,5
FOLKENS,5
FOLKER,5
FOLKERS,5
FOLKERTS,10
FOLKES,10
FOLKINS,5
FOLKMAN,5
FOLKNER,5
FOLKS,10
FOLLAND,5
FOLLANSBEE,10
FOLLER,5
FOLLETT,10
FOLLETTE,5
FOLLEY,5
FOLLIARD,5
FOLLICK,5
FOLLIE,5
FOLLIN,5
FOLLIS,10
FOLLMAN,5
FOLLMER,10
FOLLOWELL,5
FOLMAR,10
FOLMER,5
FOLSE,30
FOLSOM,40
FOLSON,5
FOLTA,5
FOLTS,5
FOLTZ,30
FOLWELL,5
FOLZ,5
FOMBY,10
FON,5
FONCECA,5
FONCK,5
FONDA,5
FONDAW,5
FONDELL,5
FONDER,5
FONDOW,5
FONDREN,10
FONDRIEST,5
FONDY,5
FONES,5
FONESCA,5
FONEY,5
FONG,40
FONGEALLAZ,5
FONGER,5
FONGVONGSA,5
FONNER,5
FONNESBECK,5
FONOHEMA,5
FONS,5
FONSECA,40
FONSECN,5
FONT,10
FONTAINE,50
FONTAN,5
FONTANA,20
FONTANE,5
FONTANELLA,5
FONTANETTA,5
FONTANEZ,10
FONTANILLA,5
FONTANINI,5
FONTE,5
FONTEBOA,5
FONTECCHIO,5
FONTELROY,5
FONTENEAU,5
FONTENELLE,5
FONTENETTE,5
FONTENO,5
FONTENOT,110
FONTES,10
FONTILLAS,5
FONTNEAU,5
FONTUS,5
FONUA,5
FONVILLE,10
FOO,5
FOODY,5
FOOKS,5
FOOR,10
FOORE,5
FOOS,10
FOOSE,5
FOOT,5
FOOTE,60
FOOTER,5
FOOTMAN,10
FOOTS,5
FOPPE,5
FOPPIANO,5
FORADORI,5
FORAKER,5
FORAN,10
FORAND,10
FORBACH,5
FORBER,5
FORBERG,5
FORBES,120
FORBESS,5
FORBIS,10
FORBISH,5
FORBS,5
FORBUS,5
FORBUSH,10
FORCADE,5
FORCE,10
FORCELL,5
FORCELLO,5
FORCH,5
FORCHIONE,5
FORCHT,5
FORCIER,10
FORCINO,5
FORCK,5
FORCUM,5
FORD,820
FORDE,20
FORDEN,5
FORDHAM,20
FORDON,5
FORDYCE,10
FORE,20
FOREBACK,5
FOREE,5
FOREHAND,10
FOREJT,5
FOREMAN,120
FORERO,5
FORESMAN,5
FOREST,30
FORESTA,5
FORESTER,20
FORET,30
FORGACH,5
FORGE,5
FORGET,5
FORGETTE,5
FORGEY,10
FORGIE,5
FORGIONE,5
FORGRAVE,5
FORGUE,5
FORGUSON,5
FORGY,5
FORIEST,5
FORINASH,5
FORINGER,5
FORISTER,5
FORKAN,5
FORKELL,5
FORKER,5
FORKEY,5
FORKIN,5
FORKNER,5
FORKOSH,5
FORKUM,5
FORLANI,5
FORLINE,5
FORLIVIO,5
FORM,5
FORMAGGIONI,5
FORMAN,50
FORMANEK,5
FORMATO,5
FORMBY,5
FORMELLA,5
FORMENTO,5
FORMEY,5
FORMHALS,5
FORMICA,5
FORMICHELLI,5
FORMISANO,5
FORMOSA,5
FORNARO,5
FORNATARO,5
FORNEA,5
FORNELL,5
FORNER,5
FORNEROD,5
FORNES,5
FORNESS,5
FORNEY,30
FORNI,5
FORNICOLA,5
FORNIER,5
FORNILI,5
FORNKOHL,5
FORNO,5
FORONDA,5
FORPAHL,5
FORQUER,5
FORREN,5
FORRER,5
FORRES,5
FORREST,100
FORRESTER,40
FORRISTER,5
FORRO,5
FORRY,5
FORS,5
FORSBERG,20
FORSCH,5
FORSCHNER,5
FORSEE,5
FORSELL,5
FORSETH,5
FORSEY,5
FORSGREN,5
FORSHA,5
FORSHAW,5
FORSHAY,5
FORSHEE,10
FORSHEY,5
FORSLIN,5
FORSLUND,5
FORSMAN,10
FORSMANN,5
FORSMARK,5
FORSON,5
FORSS,5
FORST,10
FORSTEDT,5
FORSTER,30
FORSTHOFFER,5
FORSTING,5
FORSTNER,5
FORSTON,5
FORSYTH,40
FORSYTHE,40
FORT,40
FORTADO,5
FORTE,40
FORTENBERRY,30
FORTES,10
FORTGANG,5
FORTH,10
FORTHMAN,5
FORTI,5
FORTIER,50
FORTIN,40
FORTINI,5
FORTINO,5
FORTIS,5
FORTMAN,5
FORTMANN,5
FORTNA,5
FORTNER,50
FORTNEY,20
FORTS,5
FORTSON,10
FORTUN,5
FORTUNA,10
FORTUNATO,10
FORTUNE,60
FORWARD,10
FORWOOD,5
FORYS,5
FOSBERG,5
FOSBROOK,5
FOSBURG,5
FOSBURGH,5
FOSCUE,5
FOSDICK,10
FOSHAY,5
FOSHEE,10
FOSHER,5
FOSHIE,5
FOSKETT,5
FOSKEY,10
FOSLER,5
FOSLIEN,5
FOSMIRE,5
FOSNAUGH,5
FOSNOUGH,5
FOSS,50
FOSSA,5
FOSSATI,5
FOSSE,5
FOSSELMAN,5
FOSSEN,5
FOSSER,5
FOSSETT,10
FOSSEY,5
FOSSO,5
FOSSON,5
FOSSUM,10
FOSTE,5
FOSTER,910
FOSTERVOLD,5
FOSTON,5
FOTE,5
FOTH,5
FOTHERGILL,5
FOTHERINGHAM,5
FOTI,10
FOTOPOULOS,5
FOUCAULT,5
FOUCH,10
FOUCHA,5
FOUCHE,10
FOUCHER,5
FOUGERE,5
FOUGHT,5
FOUGNER,5
FOUHY,5
FOULCARD,5
FOULDS,10
FOULES,5
FOULGER,5
FOULK,10
FOULKE,5
FOULKES,5
FOULKS,10
FOUND,5
FOUNDS,5
FOUNTAIN,90
FOUNTAINE,5
FOUQUET,5
FOUQUETTE,5
FOURACRE,5
FOURAKER,5
FOURNET,5
FOURNIER,70
FOURRE,5
FOUSE,10
FOUSEK,5
FOUSHEE,10
FOUSSELL,5
FOUST,50
FOUT,10
FOUTAIN,5
FOUTCH,10
FOUTE,5
FOUTS,20
FOUTY,5
FOUTZ,10
FOUX,5
FOUYER,5
FOWBLE,5
FOWER,5
FOWKES,5
FOWLAR,5
FOWLE,5
FOWLER,420
FOWLES,10
FOWLEY,5
FOWLIE,5
FOWLKES,20
FOWLSTON,5
FOX,530
FOXE,5
FOXHOVEN,5
FOXMAN,5
FOXWELL,10
FOXWORTH,10
FOXWORTHY,5
FOXX,10
FOY,40
FOYE,10
FOYER,5
FRABIZIO,5
FRABIZZIO,5
FRABOTT,5
FRABOTTA,5
FRACASSA,5
FRACASSO,5
FRACCHIA,5
FRACCOLA,5
FRACIER,5
FRACK,5
FRACTION,5
FRADETTE,5
FRADKIN,5
FRADY,10
FRAGA,20
FRAGALE,5
FRAGASSI,5
FRAGMAN,5
FRAGMIN,5
FRAGNOLI,5
FRAGO,5
FRAGOSA,5
FRAGOSO,10
FRAGOZO,5
FRAHER,10
FRAHM,10
FRAILE,5
FRAILEY,10
FRAIN,5
FRAINE,5
FRAINT,5
FRAIOLI,5
FRAIR,5
FRAIRE,10
FRAISE,10
FRAISER,5
FRAIZE,5
FRAIZER,10
FRAKER,5
FRAKES,10
FRAKLIN,5
FRALEIGH,5
FRALEY,50
FRALIC,5
FRALICK,10
FRALIN,5
FRALIX,5
FRAM,5
FRAME,30
FRAMER,5
FRAMES,5
FRAMPTON,10
FRANC,5
FRANCA,5
FRANCE,60
FRANCES,20
FRANCESCHI,5
FRANCESCHINA,5
FRANCESCHINI,5
FRANCESCO,5
FRANCESCON,5
FRANCESCONE,5
FRANCESCONI,5
FRANCESE,5
FRANCESKI,5
FRANCEY,5
FRANCH,5
FRANCHER,5
FRANCHETTE,5
FRANCHI,5
FRANCHINI,5
FRANCIA,5
FRANCIES,5
FRANCILLON,5
FRANCIONE,5
FRANCIOS,5
FRANCIOSA,5
FRANCIS,290
FRANCISCO,50
FRANCISCUS,5
FRANCISQUE,5
FRANCK,10
FRANCKE,5
FRANCKOWIAK,5
FRANCO,140
FRANCOEUR,5
FRANCOIS,40
FRANCOISE,5
FRANCOLINO,5
FRANCOM,5
FRANCOUR,5
FRANCULLI,5
FRANCY,5
FRANDEEN,5
FRANDSEN,10
FRANEO,5
FRANEY,5
FRANGIONE,5
FRANICH,5
FRANK,250
FRANKART,5
FRANKE,20
FRANKEL,20
FRANKEN,5
FRANKENBERG,5
FRANKENBERRY,5
FRANKENFELD,5
FRANKENFIELD,5
FRANKENREITER,5
FRANKENSTEIN,5
FRANKFORD,5
FRANKFORTER,5
FRANKHOUSER,5
FRANKIE,5
FRANKIEWICZ,5
FRANKIN,5
FRANKINA,5
FRANKL,5
FRANKLAND,5
FRANKLIN,510
FRANKLYN,5
FRANKO,10
FRANKOVICH,5
FRANKOWSKI,5
FRANKS,120
FRANKSON,5
FRANKUM,5
FRANPTON,5
FRANQUI,10
FRANS,5
FRANSEN,10
FRANSISCO,5
FRANSON,10
FRANSSEN,5
FRANTA,5
FRANTUM,5
FRANTY,5
FRANTZ,40
FRANTZICH,5
FRANZ,40
FRANZA,5
FRANZE,5
FRANZEL,5
FRANZEN,20
FRANZEO,5
FRANZESE,5
FRANZETTI,5
FRANZI,5
FRANZINI,5
FRANZMAN,5
FRANZMANN,5
FRANZONE,5
FRANZONI,5
FRAPPIER,5
FRARY,10
FRASCA,5
FRASCELLA,5
FRASCH,5
FRASCHILLA,5
FRASCO,5
FRASCONE,5
FRASE,10
FRASER,90
FRASHER,10
FRASHURE,5
FRASIER,30
FRASSO,5
FRASURE,10
FRATER,5
FRATERCANGELO,5
FRATES,10
FRATI,5
FRATRICK,5
FRATTA,5
FRATTALI,5
FRATTINI,5
FRATTO,5
FRATUS,5
FRATZKE,5
FRAUENFELDER,5
FRAUENKRON,5
FRAUGHTON,5
FRAUNFELTER,5
FRAUSTO,10
FRAUTSCHI,5
FRAVEL,5
FRAWKIN,5
FRAWLEY,20
FRAY,10
FRAYER,5
FRAYNE,5
FRAYRE,5
FRAYSER,5
FRAZE,5
FRAZEE,20
FRAZELL,5
FRAZER,30
FRAZEY,5
FRAZIER,440
FRAZZANO,5
FREAR,5
FREAS,5
FREASE,5
FREBER,5
FREBERG,5
FRECH,5
FRECHETTE,20
FRECKER,5
FRECKLETON,5
FRED,10
FREDA,10
FREDDRICK,5
FREDE,5
FREDEEN,5
FREDELL,5
FREDENBERG,5
FREDENBURG,5
FREDERIC,5
FREDERICK,140
FREDERICKS,30
FREDERICKSEN,10
FREDERICKSON,10
FREDERICO,5
FREDERIKSEN,5
FREDERIQUE,5
FREDETTE,20
FREDIANI,5
FREDICKS,5
FREDIEU,5
FREDIN,5
FREDLEY,5
FREDLINE,5
FREDLUND,5
FREDO,5
FREDREGILL,5
FREDRIC,5
FREDRICK,30
FREDRICKS,10
FREDRICKSEN,5
FREDRICKSON,30
FREDRIKSON,5
FREE,40
FREEBERG,5
FREEBORN,10
FREEBURG,5
FREEBURGER,5
FREEBURN,5
FREEBY,5
FREED,30
FREEDERS,5
FREEDLAND,5
FREEDLANDER,5
FREEDLE,5
FREEDMAN,30
FREEH,5
FREEHAN,5
FREEHLING,5
FREEHOFFER,5
FREEL,10
FREELAND,20
FREELEY,5
FREELON,5
FREELOVE,5
FREELS,10
FREEMAN,740
FREEMANTLE,5
FREEMON,5
FREEMYER,5
FREENEY,5
FREER,10
FREERKSEN,5
FREES,5
FREESE,30
FREESTONE,5
FREET,5
FREETAGE,5
FREEZE,10
FREGEAU,5
FREGGIARO,5
FREGIA,5
FREGOE,5
FREGOSO,10
FREGOZO,5
FREGUSON,5
FREHSE,5
FREI,10
FREIBERG,5
FREIBERGER,5
FREIBERT,5
FREID,5
FREIDEL,5
FREIDET,5
FREIDHOF,5
FREIDIN,5
FREIDKIN,5
FREIDMAN,5
FREIE,5
FREIER,5
FREIERMUTH,5
FREIFELD,5
FREIHEIT,5
FREIJE,5
FREIL,5
FREILER,5
FREILICH,5
FREILING,5
FREILINO,5
FREIMAN,5
FREIMARK,5
FREIMUTH,5
FREIN,5
FREIRE,5
FREISE,5
FREISEIS,5
FREISER,5
FREISNER,5
FREISTUHLER,5
FREITAG,20
FREITAS,40
FREKER,5
FRELIGH,5
FRELOW,5
FREMAN,5
FREME,5
FREMIN,5
FREMMING,5
FREMON,5
FREMONT,10
FRENCH,260
FREND,5
FRENETTE,10
FRENGER,5
FRENIERE,5
FRENKEL,5
FRENNER,5
FRENO,5
FRENS,5
FRENTZEL,5
FRENZ,5
FRENZEL,5
FRERE,5
FRERICH,5
FRERICHS,10
FRERICKS,5
FRERKING,5
FRESCAS,5
FRESCH,5
FRESE,10
FRESH,5
FRESHLEY,5
FRESHOUR,10
FRESHWATER,5
FRESQUEZ,10
FRESTA,5
FRET,5
FRETT,5
FRETWELL,10
FRETZ,5
FREUD,5
FREUDEN,5
FREUDENBERG,5
FREUDENBERGER,5
FREUDENBURG,10
FREUDENSTEIN,5
FREUDENTHAL,5
FREUDIGER,5
FREUND,30
FREUNDLICH,5
FREVER,5
FREVERT,5
FREW,10
FREWING,5
FREY,100
FREYDEL,5
FREYER,5
FREYERMUTH,5
FREYMAN,5
FREYMUTH,5
FREYRE,5
FREYTAG,5
FREYTAS,5
FREZZA,5
FREZZO,5
FRIAR,10
FRIAS,30
FRIBERG,5
FRIBLEY,5
FRICANO,5
FRICHETTE,5
FRICK,30
FRICKE,10
FRICKEL,5
FRICKER,5
FRICKS,10
FRICKSON,5
FRID,5
FRIDAL,5
FRIDAY,20
FRIDDELL,5
FRIDDLE,10
FRIDELL,5
FRIDGE,5
FRIDLEY,10
FRIDLINGTON,5
FRIDMAN,5
FRIE,5
FRIEBEL,5
FRIED,20
FRIEDBERG,5
FRIEDE,5
FRIEDECK,5
FRIEDEL,10
FRIEDEN,5
FRIEDENBERG,5
FRIEDENTHAL,5
FRIEDERICH,5
FRIEDHABER,5
FRIEDL,5
FRIEDLAND,10
FRIEDLANDER,10
FRIEDLE,5
FRIEDLER,5
FRIEDLI,5
FRIEDLINE,5
FRIEDLY,5
FRIEDMAN,120
FRIEDMANN,5
FRIEDRICH,20
FRIEDRICHS,5
FRIEDRICHSEN,5
FRIEDRICK,5
FRIEDSTROM,5
FRIEDT,5
FRIEHAUF,5
FRIEHE,5
FRIEL,20
FRIELER,5
FRIELING,5
FRIELS,5
FRIEMAN,5
FRIEMERING,5
FRIEND,70
FRIENDLY,5
FRIENDS,5
FRIER,10
FRIERDICH,5
FRIERSON,30
FRIES,30
FRIESE,10
FRIESEN,20
FRIESENHAHN,5
FRIESNER,5
FRIESON,5
FRIESS,5
FRIEST,5
FRIESZ,5
FRIETAS,5
FRIETSCH,5
FRIEZE,5
FRIGGE,5
FRIGO,10
FRIGON,5
FRIHART,5
FRIIS,5
FRIJA,5
FRIKKEN,5
FRILEY,10
FRILING,5
FRILLING,5
FRILOT,5
FRINGER,5
FRINGS,5
FRINGUELLO,5
FRINK,20
FRINT,5
FRIOT,5
FRIOU,5
FRIPP,5
FRISBEE,10
FRISBEY,5
FRISBIE,20
FRISBY,20
FRISCH,10
FRISCHE,5
FRISCHKORN,5
FRISCHMAN,5
FRISCIA,5
FRISCO,5
FRISELL,5
FRISELLA,5
FRISHKORN,5
FRISHMAN,5
FRISINA,10
FRISINGER,5
FRISINO,5
FRISK,10
FRISKE,5
FRISKNEY,5
FRISON,10
FRIST,5
FRISTOE,5
FRITCH,10
FRITCHER,5
FRITCHEY,5
FRITCHLEY,5
FRITCHMAN,5
FRITH,20
FRITSCH,10
FRITSCHE,10
FRITTER,5
FRITTS,20
FRITTZ,5
FRITZ,100
FRITZE,5
FRITZGERALD,5
FRITZINGER,5
FRITZLER,5
FRITZMAN,5
FRITZPATRICK,5
FRIX,5
FRIZELL,5
FRIZZELL,30
FRIZZLE,5
FROATS,5
FROBERG,5
FROBISH,5
FROCK,5
FRODGE,5
FRODSHAM,5
FROEBE,5
FROEDGE,5
FROEHLE,5
FROEHLICH,10
FROEHNER,5
FROELICH,10
FROELIGER,5
FROEMMING,5
FROESCHLE,5
FROESE,5
FROGGE,5
FROHBERG,5
FROHLICH,5
FROHLING,5
FROHMAN,5
FROHOCK,5
FROHWEIN,5
FROID,5
FROILAND,5
FROIO,5
FROLICH,5
FROM,5
FROMAN,10
FROMBERG,5
FROMDAHL,5
FROMETA,5
FROMM,10
FROMME,5
FROMMER,5
FROMONG,5
FRON,5
FRONCE,5
FRONCEK,5
FRONCILLO,5
FRONCZAK,5
FRONDORF,5
FRONDUTI,5
FRONEBERGER,5
FRONEK,5
FRONICK,5
FRONING,5
FRONK,5
FRONTERA,5
FRONTIERO,5
FRONTIS,5
FRONTZ,5
FROOZY,5
FROSCH,5
FROSCHHEISER,5
FROSS,5
FROSSARD,5
FROST,160
FROSTO,5
FROTHINGHAM,5
FROYD,5
FRUCHEY,5
FRUCHTER,5
FRUEH,5
FRUEHAUF,5
FRUEHLING,5
FRUGE,10
FRUGOLI,5
FRUHLING,5
FRUIN,5
FRUIT,5
FRUITS,5
FRULLATE,5
FRUM,5
FRUMAN,5
FRUMKIN,5
FRUMP,5
FRUSCI,5
FRUSCIANTE,5
FRUSH,5
FRUSHOUR,5
FRUTCHEY,5
FRUTH,5
FRUTIGER,5
FRUTOS,5
FRUTOZ,5
FRUUSTO,5
FRY,140
FRYAR,10
FRYBERGER,5
FRYDAY,5
FRYDMAN,5
FRYE,140
FRYER,30
FRYLING,5
FRYMAN,10
FRYMARK,5
FRYMIER,5
FRYMIRE,5
FRYMOYER,5
FRYMYER,5
FRYOU,5
FRYREAR,5
FRYSON,5
FU,10
FUAPAU,5
FUCCI,5
FUCHS,40
FUCHSER,5
FUCILE,5
FUCILLO,5
FUDA,5
FUDACZ,5
FUDALA,5
FUDE,5
FUDGE,20
FUEHRER,5
FUEL,5
FUELL,5
FUELLING,5
FUEMMELER,5
FUENTAS,5
FUENTE,5
FUENTES,150
FUENTEZ,10
FUENTS,5
FUERBRINGER,5
FUERMAN,5
FUERST,5
FUERSTENAU,5
FUERSTENBERG,5
FUERSTENBERGE,5
FUERTE,5
FUERTES,5
FUERY,5
FUESS,5
FUEST,5
FUESTING,5
FUGAH,5
FUGATE,60
FUGATT,5
FUGER,5
FUGERE,5
FUGETT,5
FUGH,5
FUGIT,5
FUGITT,5
FUGLE,5
FUGLER,5
FUGLSANG,5
FUGO,5
FUGUA,5
FUGUEROA,5
FUHR,10
FUHRER,5
FUHRI,5
FUHRIMAN,5
FUHRMAN,20
FUHRMANN,5
FUHRMEISTER,5
FUHS,5
FUJIHARA,5
FUJII,10
FUJIKAKE,5
FUJIKAWA,5
FUJIMOTO,10
FUJIMURA,5
FUJINO,5
FUJIOKA,5
FUJISAWA,5
FUJITA,10
FUJIWARA,10
FUKADA,5
FUKANO,5
FUKUDA,5
FUKUI,5
FUKUMOTO,5
FUKUNAGA,5
FUKUROKU,5
FUKUSHIMA,5
FULBRIGHT,10
FULCHER,30
FULCO,5
FULDA,5
FULEKI,5
FULENA,5
FULENWIDER,5
FULFER,5
FULFORD,20
FULGHAM,10
FULGHUM,10
FULGINITI,5
FULHAM,5
FULK,20
FULKER,5
FULKERSON,20
FULKS,20
FULLAGAR,5
FULLAM,5
FULLARD,5
FULLBRIGHT,5
FULLEM,5
FULLEN,10
FULLENKAMP,5
FULLENWIDER,5
FULLER,450
FULLERTON,30
FULLFORD,5
FULLILOVE,10
FULLING,5
FULLINGTON,5
FULLITON,5
FULLMAN,5
FULLMER,20
FULLMORE,5
FULLWILER,5
FULLWOOD,10
FULMER,30
FULMORE,10
FULOP,5
FULP,10
FULS,5
FULSOM,5
FULSON,5
FULTON,140
FULTS,10
FULTZ,50
FULVIO,5
FULWIDER,5
FULWILER,5
FULWOOD,5
FUMAGALLI,5
FUMERO,5
FUNAI,5
FUNARI,5
FUNARO,5
FUNCHES,10
FUNCHESS,10
FUNCK,5
FUNDENBERGER,5
FUNDERBERG,5
FUNDERBUNK,5
FUNDERBURG,10
FUNDERBURK,30
FUNDERBURKE,5
FUNDIS,5
FUNDORA,5
FUNE,5
FUNES,10
FUNEZ,5
FUNG,20
FUNICELLO,5
FUNK,90
FUNKE,10
FUNKHOUSER,10
FUNN,5
FUNNELL,5
FUNNYE,5
FUNSTON,5
FUNT,5
FUOCO,5
FUPOCYUPANQUI,5
FUQUA,30
FUQUAY,10
FURAY,5
FURBECK,5
FURBEE,5
FURBER,5
FURBISH,5
FURBLUR,5
FURBUSH,5
FURBY,5
FURCH,5
FURCHES,5
FURCI,5
FURCRON,5
FURE,5
FURER,5
FUREY,10
FURFARO,5
FURFEY,5
FURGASON,5
FURGERSON,5
FURGESON,5
FURGISON,5
FURGUSON,10
FURIA,5
FURINO,5
FURKIN,5
FURL,5
FURLAN,5
FURLER,5
FURLONE,5
FURLONG,20
FURLOTTE,5
FURLOUGH,5
FURLOW,10
FURMAN,40
FURMANIK,5
FURNA,5
FURNACE,5
FURNARI,5
FURNAS,5
FURNE,5
FURNER,5
FURNESS,10
FURNEY,5
FURNIA,5
FURNISH,5
FURNISS,5
FURNO,5
FURR,40
FURRER,5
FURRH,5
FURROW,10
FURRY,10
FURSE,5
FURST,10
FURSTENBERG,5
FURTADO,20
FURTAK,5
FURTAW,5
FURTH,5
FURTICK,5
FURTON,5
FURUBOTTEN,5
FURUKAWA,5
FURUTA,5
FURUTANI,5
FURUYA,5
FURUYAMA,5
FURY,5
FUS,5
FUSARO,5
FUSCA,5
FUSCALDO,5
FUSCH,5
FUSCHETTO,5
FUSCO,30
FUSE,5
FUSELIER,10
FUSHA,5
FUSHIMI,5
FUSI,5
FUSIK,5
FUSILIER,5
FUSILLO,5
FUSNER,5
FUSON,10
FUSS,5
FUSSELL,20
FUSSELMAN,5
FUSSNER,5
FUST,5
FUSTER,5
FUSTON,10
FUTCH,10
FUTRAL,10
FUTRELL,20
FUTRELLE,5
FUTTER,5
FUTTERMAN,5
FVENTES,5
FYALL,5
FYDENKEVEZ,5
FYE,10
FYFE,10
FYFFE,10
FYKE,5
FYKES,5
FYKSEN,5
FYLER,5
FYLES,5
FYLNN,5
FYOCK,5
GAAL,5
GAAR,5
GAARDER,5
GAARSLAND,5
GAB,5
GABA,5
GABAK,5
GABALDON,10
GABARD,5
GABARDI,5
GABAREE,5
GABAY,5
GABBAMONTE,5
GABBARD,20
GABBAY,5
GABBERT,10
GABBETT,5
GABBIN,5
GABBY,5
GABE,5
GABEHART,5
GABEL,20
GABELINE,5
GABER,5
GABERT,5
GABHART,5
GABINO,5
GABISI,5
GABL,5
GABLE,40
GABLER,10
GABLES,5
GABOR,10
GABORIAULT,5
GABOSSI,5
GABOUER,5
GABOUREL,5
GABOURY,5
GABREL,5
GABRELCIK,5
GABRENAS,5
GABRI,5
GABRIAL,5
GABRIEL,80
GABRIELE,10
GABRIELLI,5
GABRIELSEN,5
GABRIELSON,10
GABRYSCH,5
GABY,5
GACAD,5
GACCIONE,5
GACEK,5
GACH,5
GACHUPIN,5
GACIA,5
GACK,5
GACKE,5
GACKLE,5
GACUSAN,5
GADAPEE,5
GADBAW,5
GADBERRY,10
GADBOIS,10
GADBURY,5
GADD,10
GADDIE,5
GADDIS,40
GADDY,40
GADE,5
GADEN,5
GADES,5
GADEWOLTZ,5
GADISON,5
GADLEY,5
GADLIN,5
GADOMSKI,5
GADOURY,5
GADSBY,5
GADSDEN,10
GADSEN,5
GADSON,20
GADUE,5
GADWAH,5
GADWAY,5
GADY,5
GADZINSKI,5
GAEBLER,5
GAEDDERT,5
GAEDE,5
GAEKLE,5
GAER,5
GAERLAN,5
GAERTNER,10
GAESTEL,5
GAETA,10
GAETANI,5
GAETANO,5
GAETE,5
GAETH,5
GAETKE,5
GAETZ,5
GAFANHA,5
GAFF,5
GAFFER,5
GAFFEY,5
GAFFIGAN,5
GAFFKE,5
GAFFNEY,40
GAFFORD,10
GAGAN,5
GAGARIN,5
GAGE,70
GAGEL,5
GAGEN,5
GAGER,5
GAGG,5
GAGLIA,5
GAGLIANO,10
GAGLIARDI,10
GAGLIARDO,5
GAGLIARDOTTO,5
GAGLIO,5
GAGLIONE,5
GAGNE,70
GAGNER,10
GAGNEY,5
GAGNIER,10
GAGNON,110
GAGO,5
GAGON,5
GAHAGAN,10
GAHAN,5
GAHL,5
GAHLMAN,5
GAHM,5
GAHN,5
GAHR,5
GAHRING,5
GAIBLER,5
GAIER,10
GAIETTO,5
GAIGE,5
GAIL,5
GAILES,5
GAILEY,20
GAILIS,5
GAILLARD,10
GAILLIARD,5
GAILS,5
GAILUN,5
GAIN,10
GAINER,20
GAINES,210
GAINEY,30
GAINFORTH,5
GAINOR,5
GAINOUS,5
GAINS,10
GAIR,5
GAISER,10
GAISFORD,5
GAITAN,20
GAITER,10
GAITERS,5
GAITHER,50
GAITO,5
GAITOR,5
GAJARDO,5
GAJATE,5
GAJDA,5
GAJESKI,5
GAJEWSKI,5
GAJICA,5
GAL,5
GALA,5
GALABEAS,5
GALACIO,5
GALAGHER,5
GALAM,5
GALAMAY,5
GALAN,10
GALANG,5
GALANGA,5
GALANIS,5
GALANO,5
GALANTE,10
GALANTI,5
GALAPON,5
GALARDI,5
GALARDO,5
GALARITA,5
GALARNEAU,5
GALARZA,30
GALAS,5
GALASHAW,5
GALASKA,5
GALASSI,5
GALASSINI,5
GALASSO,10
GALATHE,5
GALATI,5
GALAUIZ,5
GALAVIS,5
GALAVIZ,10
GALAYDA,5
GALAZ,10
GALBAN,5
GALBAVY,5
GALBISO,5
GALBO,5
GALBRAITH,30
GALBREATH,20
GALBRETH,5
GALDAMES,5
GALDAMEZ,10
GALDI,5
GALDO,5
GALDON,5
GALE,60
GALEA,5
GALEANA,10
GALEANO,10
GALEAS,5
GALEAZZI,5
GALECKI,5
GALELLA,5
GALEN,5
GALENTINE,10
GALEOTO,5
GALEOTTI,5
GALER,5
GALES,10
GALETTA,5
GALETTI,5
GALEY,10
GALFAYAN,5
GALFORD,5
GALGANO,10
GALHARDO,5
GALI,5
GALIANO,10
GALIC,5
GALICIA,10
GALICINAO,5
GALIETTI,5
GALIK,5
GALIMBA,5
GALIMBERTI,5
GALIMI,5
GALIMORE,5
GALIN,5
GALINDEZ,5
GALINDO,90
GALINIS,5
GALINOL,5
GALINOO,5
GALINSKI,5
GALIOTO,5
GALIPEAU,10
GALIPO,5
GALIZIA,5
GALJOUR,5
GALKA,5
GALKIN,5
GALL,20
GALLA,5
GALLACHER,5
GALLAGA,5
GALLAGER,10
GALLAGHER,210
GALLAGOS,5
GALLAHAN,5
GALLAHER,20
GALLAMORE,5
GALLAND,5
GALLANDER,5
GALLANT,40
GALLANTE,5
GALLARDO,60
GALLARELLO,5
GALLARGO,5
GALLASPY,5
GALLATI,5
GALLATIN,5
GALLATY,5
GALLAUGHER,5
GALLAWAY,10
GALLE,10
GALLEGAS,5
GALLEGHER,5
GALLEGLY,5
GALLEGO,10
GALLEGOS,190
GALLEGOZ,5
GALLEHER,5
GALLEMORE,5
GALLEN,5
GALLENO,5
GALLENSTEIN,5
GALLENTINE,5
GALLER,5
GALLERANI,5
GALLERO,5
GALLERY,5
GALLES,10
GALLESE,5
GALLET,5
GALLETA,5
GALLETTA,5
GALLETTI,5
GALLEY,5
GALLI,10
GALLIAN,5
GALLICCHIO,5
GALLICHIO,5
GALLIEN,10
GALLIER,5
GALLIGAN,10
GALLIGHER,5
GALLIHER,10
GALLIHUGH,5
GALLIK,5
GALLIMORE,10
GALLINA,5
GALLINARI,5
GALLINARO,5
GALLINGER,5
GALLINGTON,5
GALLION,10
GALLIPEAU,5
GALLIPO,5
GALLISHAW,5
GALLIVAN,5
GALLMAN,10
GALLMON,5
GALLO,70
GALLOB,5
GALLODORO,5
GALLOGLY,5
GALLON,5
GALLOP,10
GALLOSA,5
GALLOW,5
GALLOWAY,150
GALLUCCI,10
GALLUCCIO,5
GALLUP,20
GALLUPS,5
GALLUS,5
GALLUSSER,5
GALLUZZI,5
GALLUZZO,5
GALLWAS,5
GALLY,5
GALM,5
GALMORE,5
GALO,5
GALOFARO,5
GALON,5
GALOW,5
GALPER,5
GALPIN,5
GALS,5
GALSON,5
GALSTAD,5
GALSTER,5
GALSTIAN,5
GALSTON,5
GALT,5
GALUPPO,5
GALUSHA,10
GALUSKA,5
GALUSKI,5
GALUSTIAN,5
GALUSZKA,5
GALVA,5
GALVAN,120
GALVANI,5
GALVANO,5
GALVEN,5
GALVES,5
GALVEZ,40
GALVIN,30
GALVIS,5
GALWAY,5
GALYAN,5
GALYEAN,10
GALYEN,5
GALYON,10
GAMA,10
GAMACHE,20
GAMAGE,5
GAMARRA,5
GAMBA,5
GAMBAIANI,5
GAMBALE,5
GAMBARDELLA,5
GAMBEE,5
GAMBEL,5
GAMBELL,5
GAMBER,5
GAMBERG,5
GAMBERINI,5
GAMBILL,10
GAMBINO,10
GAMBLE,150
GAMBLER,5
GAMBLES,5
GAMBLIN,10
GAMBOA,40
GAMBOLD,5
GAMBONE,5
GAMBREL,10
GAMBRELL,20
GAMBRILL,5
GAMBY,5
GAMEL,5
GAMELA,5
GAMELIN,5
GAMELLO,5
GAMER,5
GAMERO,5
GAMEROS,5
GAMES,10
GAMET,5
GAMEWELL,5
GAMEZ,50
GAMINO,10
GAMLIN,5
GAMM,5
GAMMA,5
GAMMAGE,10
GAMMEL,5
GAMMELL,5
GAMMILL,10
GAMMON,20
GAMMOND,5
GAMMONS,10
GAMON,5
GAMONS,5
GAMOTAN,5
GAMPONG,5
GAMPP,5
GAMRATH,5
GAN,5
GANA,5
GANAS,5
GANAWAY,5
GANCIO,5
GANDARA,10
GANDARILLA,5
GANDARILLIA,5
GANDEE,5
GANDER,5
GANDERT,5
GANDEZA,5
GANDHI,10
GANDHY,5
GANDIA,5
GANDOLFI,5
GANDOLFO,5
GANDRUD,5
GANDY,50
GANE,5
GANEM,5
GANER,5
GANES,5
GANESH,5
GANEY,10
GANFIELD,5
GANG,5
GANGA,5
GANGADYAL,5
GANGE,5
GANGEL,5
GANGELHOFF,5
GANGELL,5
GANGEMI,5
GANGER,5
GANGESTAD,5
GANGI,5
GANGL,5
GANGLER,5
GANGLOFF,5
GANGLUFF,5
GANGULI,5
GANGWER,5
GANGWISH,5
GANI,5
GANIBAN,5
GANIBE,5
GANIE,5
GANIGAN,5
GANIM,5
GANIN,5
GANINO,5
GANIRON,5
GANIS,5
GANISON,5
GANJA,5
GANJI,5
GANLEY,10
GANN,60
GANNAWAY,10
GANNER,5
GANNETT,5
GANNETTI,5
GANNOE,5
GANNON,50
GANNS,5
GANO,10
GANOE,5
GANONG,5
GANOTISI,5
GANOUNG,5
GANS,10
GANSBURG,5
GANSEN,5
GANSER,5
GANSERT,5
GANSKA,5
GANSKE,5
GANT,60
GANTER,5
GANTERT,5
GANTEWOOD,5
GANTHER,5
GANTNER,5
GANTNIER,5
GANTT,40
GANTVOORT,5
GANTZ,10
GANTZLER,5
GANUS,5
GANZ,10
GANZE,5
GANZER,5
GAO,5
GAONA,20
GAPEN,5
GAPINSKI,5
GAPP,5
GAPPA,5
GARA,5
GARABEDIAN,5
GARACCI,5
GARACIA,5
GARAFALO,5
GARAFANO,5
GARAFOLA,5
GARAHAN,5
GARALA,5
GARAN,5
GARAND,5
GARANT,5
GARASHA,5
GARATE,5
GARAVAGLIA,5
GARAVELLI,5
GARAVENTA,5
GARAY,30
GARB,5
GARBACZ,5
GARBARINI,5
GARBARINO,5
GARBE,5
GARBER,30
GARBETT,5
GARBIN,5
GARBO,5
GARBUTT,10
GARCEA,5
GARCEAU,10
GARCED,5
GARCELON,5
GARCES,10
GARCIA,2540
GARCIAS,5
GARCILAZO,5
GARCON,5
GARCY,5
GARCZYNSKI,5
GARD,10
GARDE,5
GARDEA,10
GARDECKI,5
GARDELLA,10
GARDEMAL,5
GARDEN,10
GARDENAS,5
GARDENER,10
GARDENHIRE,10
GARDER,5
GARDIN,10
GARDINER,40
GARDING,5
GARDINIER,5
GARDINO,5
GARDLEY,5
GARDNER,570
GARDOCKI,5
GARDON,5
GARDUNIO,5
GARDUNO,10
GARDY,5
GAREAU,5
GARELICK,5
GARELIK,5
GAREN,5
GARES,5
GARETSON,5
GARETT,10
GAREY,10
GARF,5
GARFF,5
GARFIAS,5
GARFIELD,20
GARFINKEL,10
GARFINKLE,5
GARFUNKEL,5
GARG,5
GARGAN,5
GARGANI,5
GARGANO,10
GARGIS,5
GARGIULO,5
GARGUILO,5
GARGUS,5
GARHART,5
GARI,5
GARIA,5
GARIB,5
GARIBAI,5
GARIBALDI,5
GARIBALDO,5
GARIBAY,20
GARICA,20
GARICH,5
GARICK,5
GARIEPY,10
GARIETY,5
GARIGEN,5
GARIGLIANO,5
GARIN,5
GARING,5
GARINGER,5
GARIS,5
GARITI,5
GARITO,5
GARITTY,5
GARITY,5
GARIVAY,5
GARKOW,5
GARLAND,100
GARLETT,5
GARLEY,5
GARLICK,10
GARLING,10
GARLINGER,5
GARLINGTON,5
GARLITS,5
GARLITZ,5
GARLOCK,10
GARLOVSKY,5
GARLOW,10
GARMAN,20
GARMANY,5
GARMEN,5
GARMIRE,5
GARMOE,5
GARMON,30
GARMS,5
GARN,5
GARNACHE,5
GARNAND,5
GARNDER,5
GARNEAU,10
GARNER,310
GARNES,10
GARNESS,5
GARNET,5
GARNETT,40
GARNETTE,5
GARNEY,10
GARNHAM,5
GARNICA,10
GARNICK,5
GARNIER,5
GARNO,5
GARNOW,5
GARNS,5
GARNSEY,5
GARNTO,5
GARO,5
GAROFALO,10
GAROFANO,5
GAROFOLO,5
GARON,10
GARONE,5
GARONER,5
GAROUTTE,5
GARR,10
GARRA,5
GARRABRANT,5
GARRAGHTY,5
GARRAHAN,5
GARRAMONE,5
GARRAND,5
GARRARD,10
GARRATT,5
GARRAWAY,10
GARRE,5
GARREAN,5
GARREH,5
GARRELL,5
GARRELS,5
GARREN,10
GARRET,10
GARRETSON,20
GARRETT,450
GARRETTE,5
GARRETTSON,5
GARRICK,20
GARRIDO,20
GARRIEPY,5
GARRIGA,5
GARRIGAN,5
GARRIGUS,5
GARRINGER,5
GARRINGTON,5
GARRIOTT,5
GARRIS,30
GARRISH,5
GARRISON,200
GARRISS,5
GARRITSON,5
GARRITY,20
GARRO,5
GARROD,5
GARRON,5
GARROTT,5
GARROUTTE,5
GARROW,10
GARRY,10
GARSEE,5
GARSIA,5
GARSIDE,5
GARSJO,5
GARSKE,5
GARSKI,5
GARSON,5
GARST,10
GARSTKA,5
GARTEN,10
GARTENHAUS,5
GARTENMAYER,5
GARTER,5
GARTH,20
GARTHEE,5
GARTHWAITE,5
GARTIN,5
GARTLAND,5
GARTLEY,5
GARTMAN,10
GARTNER,20
GARTON,10
GARTRELL,5
GARTZ,5
GARUFI,5
GARUTI,5
GARVE,5
GARVER,20
GARVERICK,5
GARVEY,40
GARVIE,5
GARVIN,50
GARVIS,5
GARWIN,5
GARWOOD,10
GARY,110
GARZA,470
GARZIA,5
GARZON,10
GARZONE,5
GASAWAY,10
GASBARRO,5
GASCA,5
GASCH,5
GASCHKE,5
GASCHO,5
GASCO,5
GASCOIGNE,5
GASCON,10
GASCOT,5
GASE,5
GASEOMA,5
GASER,5
GASH,5
GASIENICA,5
GASIEWSKI,5
GASIOR,5
GASIOROWSKI,5
GASKA,5
GASKAMP,5
GASKELL,10
GASKEY,5
GASKILL,20
GASKIN,30
GASKINS,50
GASLIN,5
GASMAN,5
GASMEN,5
GASNER,5
GASPAR,20
GASPARD,10
GASPARI,5
GASPARINO,5
GASPER,10
GASPERI,5
GASPERINI,5
GASQUE,5
GASQUET,5
GASS,30
GASSAWAY,10
GASSE,5
GASSEL,5
GASSEN,5
GASSER,10
GASSERT,5
GASSETT,10
GASSLER,5
GASSMAN,5
GASSNER,5
GASSON,5
GASSOWAY,5
GAST,10
GASTEL,5
GASTELLO,5
GASTELLUM,5
GASTELO,5
GASTELUM,10
GASTELUN,5
GASTER,5
GASTINEAU,5
GASTLEY,5
GASTON,90
GASTONGUAY,5
GATA,5
GATCH,5
GATCHALIAN,5
GATCHEL,5
GATCHELL,5
GATE,5
GATELEY,5
GATELY,10
GATERS,5
GATES,230
GATESMAN,5
GATESY,5
GATEWOOD,30
GATH,5
GATHER,5
GATHERIGHT,5
GATHERS,10
GATHING,5
GATHINGS,5
GATHJE,5
GATHMAN,5
GATHRIGHT,5
GATICA,5
GATLEY,5
GATLIFF,5
GATLIN,50
GATLING,20
GATO,5
GATON,5
GATRELL,5
GATSKI,5
GATSON,10
GATTA,5
GATTAS,5
GATTEN,5
GATTI,10
GATTIE,5
GATTIS,10
GATTISON,5
GATTO,20
GATTON,10
GATTS,5
GATTSHALL,5
GATTUSO,5
GATWOOD,5
GATZ,5
GATZA,5
GATZKE,5
GATZOW,5
GAU,5
GAUANI,5
GAUB,5
GAUBERT,5
GAUCH,5
GAUCHER,5
GAUCI,5
GAUCIN,5
GAUD,5
GAUDENZI,5
GAUDET,20
GAUDETT,5
GAUDETTE,10
GAUDIER,5
GAUDIN,5
GAUDINO,5
GAUDIO,5
GAUDIOSO,5
GAUDREAU,10
GAUDY,5
GAUER,5
GAUFIN,5
GAUFUSI,5
GAUGER,5
GAUGHAN,10
GAUGHRAN,5
GAUGLER,5
GAUKEL,5
GAUKROGER,5
GAUL,20
GAULD,5
GAULDEN,5
GAULDIN,5
GAULDING,5
GAULIN,5
GAULKE,10
GAULT,30
GAULTNEY,5
GAULZETTI,5
GAUMER,5
GAUMOND,5
GAUMONT,5
GAUNA,10
GAUNCE,5
GAUNT,10
GAUNTLETT,5
GAUNTNER,5
GAUNTT,5
GAURON,5
GAUS,5
GAUSE,20
GAUSMAN,5
GAUSS,5
GAUSTAD,5
GAUT,5
GAUTAM,5
GAUTHIER,60
GAUTHREAUX,5
GAUTIER,10
GAUTNEY,5
GAUTREAU,10
GAUTREAUX,10
GAUTSCH,5
GAUVIN,10
GAUWAIN,5
GAUZE,5
GAVAGAN,5
GAVALDON,5
GAVALIS,5
GAVAN,5
GAVE,5
GAVEL,5
GAVELL,5
GAVENDA,5
GAVER,5
GAVES,5
GAVETT,5
GAVETTE,5
GAVIA,5
GAVIDIA,5
GAVIGAN,5
GAVIGLIA,5
GAVILANES,5
GAVIN,50
GAVINA,5
GAVINSKI,5
GAVIRIA,5
GAVIT,5
GAVITT,5
GAVLES,5
GAVULA,5
GAW,5
GAWEL,5
GAWITH,5
GAWLAK,5
GAWLAS,5
GAWLIK,5
GAWRON,5
GAWRONSKI,5
GAWRYCH,5
GAWRYS,5
GAWTHORP,5
GAXIOLA,5
GAY,150
GAYANILO,5
GAYDEN,10
GAYDOS,10
GAYDOSH,5
GAYE,5
GAYER,5
GAYFIELD,5
GAYHART,10
GAYHEART,5
GAYLE,20
GAYLER,5
GAYLES,5
GAYLOR,20
GAYLORD,30
GAYMAN,10
GAYMES,5
GAYMON,10
GAYNE,5
GAYNER,5
GAYNOR,20
GAYO,5
GAYOSO,5
GAYTAN,20
GAYTON,10
GAZAILLE,5
GAZAWAY,10
GAZDA,5
GAZDECKI,5
GAZDIK,5
GAZELLA,5
GAZITANO,5
GAZNES,5
GAZO,5
GAZZA,5
GAZZARA,5
GAZZILLO,5
GAZZO,5
GAZZOLA,5
GBUR,5
GDOVIN,5
GDULA,5
GEACH,5
GEAGAN,5
GEALY,5
GEAN,10
GEANOPULOS,5
GEANS,5
GEANT,5
GEAR,5
GEARAN,5
GEARHART,20
GEARHEART,10
GEARIN,5
GEARING,5
GEARLDS,5
GEARN,5
GEARON,5
GEARWAR,5
GEARY,50
GEASLEY,5
GEATER,5
GEATHERS,5
GEBAUER,5
GEBBIA,5
GEBBIE,5
GEBEL,5
GEBERS,5
GEBERT,5
GEBERTH,5
GEBHARD,10
GEBHARDT,10
GEBHART,10
GEBO,10
GEBRAYEL,5
GECAN,5
GECHAS,5
GECK,5
GECKLES,5
GEDDES,10
GEDDIE,5
GEDDINGS,5
GEDDIS,5
GEDE,5
GEDEON,5
GEDERMAN,5
GEDMAN,5
GEDNEY,5
GEDO,5
GEDRIS,5
GEDYE,5
GEE,80
GEEDING,5
GEEL,5
GEELAN,5
GEEN,5
GEER,30
GEERDES,5
GEERKEN,5
GEERS,5
GEERY,5
GEESAMAN,5
GEESEY,5
GEESLIN,5
GEETER,5
GEETING,5
GEFFERS,5
GEFFERT,5
GEFFKEN,5
GEFFRARD,5
GEFFRE,5
GEFROH,5
GEGENHEIMER,5
GEHL,10
GEHLBACH,5
GEHLE,5
GEHLER,5
GEHLERT,10
GEHLHAUSEN,5
GEHLING,5
GEHM,5
GEHMAN,5
GEHO,5
GEHR,5
GEHRED,5
GEHRER,5
GEHRET,5
GEHRETT,5
GEHRI,5
GEHRIG,5
GEHRING,10
GEHRINGER,5
GEHRIS,5
GEHRKE,10
GEHRKI,5
GEHRKING,5
GEHRLEIN,5
GEHRMANN,5
GEHRON,5
GEIB,10
GEIBEL,5
GEIBIG,5
GEIDL,5
GEIDNER,5
GEIER,10
GEIGEL,5
GEIGER,70
GEIGLE,5
GEIKEN,5
GEIL,10
GEILS,5
GEIMAN,5
GEIMER,5
GEIS,10
GEISE,10
GEISEL,5
GEISELMAN,5
GEISEN,5
GEISER,10
GEISINGER,5
GEISINSKY,5
GEISLER,20
GEISS,5
GEISSEL,5
GEISSLER,10
GEIST,20
GEISTER,5
GEISZLER,5
GEITGEY,5
GEITNER,5
GEITZ,5
GEKAS,5
GELABERT,5
GELB,10
GELBACH,5
GELBART,5
GELBER,5
GELBOWITZ,5
GELDER,5
GELDMACHER,5
GELDRICH,5
GELEN,5
GELERTER,5
GELFAND,5
GELFO,5
GELFOND,5
GELGER,5
GELHAR,5
GELINAS,10
GELINEAU,5
GELINO,5
GELL,5
GELLATLY,5
GELLE,5
GELLER,20
GELLERT,5
GELLES,5
GELLESPIE,5
GELLINGER,5
GELLINGS,5
GELLIS,5
GELLMAN,5
GELMAN,10
GELNER,5
GELO,5
GELORMINO,5
GELRUD,5
GELSINGER,5
GELSTON,5
GELTZ,5
GELVIN,5
GELZER,5
GELZINIS,5
GEMAEHLICH,5
GEMBAROWSKI,5
GEMBE,5
GEMBERLING,5
GEMBLER,5
GEMES,5
GEML,5
GEMMA,5
GEMME,5
GEMMEL,5
GEMMELL,5
GEMMEN,5
GEMMER,5
GEMMILL,10
GEMMITI,5
GENA,5
GENAO,10
GENAS,5
GENBERG,5
GENCARELLI,5
GENCO,5
GENDEL,5
GENDERNALIK,5
GENDLER,5
GENDREAU,10
GENDRON,20
GENDUSA,5
GENE,5
GENER,5
GENERA,5
GENERAL,5
GENERALAO,5
GENEREUX,5
GENEROSO,5
GENEROUS,5
GENESEO,5
GENEST,10
GENET,5
GENETT,5
GENETTI,5
GENEY,5
GENG,5
GENGA,5
GENGE,5
GENGLER,10
GENIA,5
GENICH,5
GENIER,5
GENIESSE,5
GENIN,5
GENIS,5
GENITO,5
GENNA,5
GENNARELLI,5
GENNARIA,5
GENNARO,5
GENNETT,5
GENNETTE,5
GENNINGS,5
GENNOCK,5
GENNUSA,5
GENO,10
GENOUS,5
GENOVA,10
GENOVESE,20
GENOVESI,5
GENRE,5
GENRICH,5
GENS,5
GENSEL,5
GENSLER,5
GENSON,5
GENT,10
GENTA,5
GENTELIA,5
GENTER,5
GENTERY,5
GENTES,5
GENTGES,5
GENTHER,5
GENTHNER,10
GENTILCORE,5
GENTILE,40
GENTILI,5
GENTILLE,5
GENTIS,5
GENTLE,10
GENTLEMAN,5
GENTLES,5
GENTNER,10
GENTRY,180
GENTSY,5
GENTZ,5
GENTZLER,5
GENUALDI,5
GENUALDO,5
GENUARIO,5
GENUNG,5
GENZ,5
GENZEL,5
GENZONE,5
GEOFFREY,5
GEOFFRION,5
GEOFFROY,5
GEOGHAN,5
GEOGHEGAN,10
GEOHAGAN,5
GEOLY,5
GEORGALAS,5
GEORGALES,5
GEORGE,460
GEORGELIS,5
GEORGES,10
GEORGESON,5
GEORGEVIC,5
GEORGHIOU,5
GEORGI,5
GEORGIA,5
GEORGIADES,5
GEORGIADIS,5
GEORGIANA,5
GEORGIOU,5
GEORGIS,5
GEORGL,5
GEORGOPOULOS,5
GEPHARDT,5
GEPHART,10
GEPNER,5
GEPPERT,5
GERACE,10
GERACHE,5
GERACI,10
GERAGHTY,10
GERALD,30
GERALDES,5
GERALDO,5
GERALDS,5
GERARD,30
GERARDI,10
GERARDO,5
GERARDOT,5
GERATHY,5
GERBA,5
GERBATZ,5
GERBER,50
GERBERICH,5
GERBI,5
GERBIG,5
GERBINO,5
GERBITZ,5
GERBS,5
GERCAK,5
GERCHAK,5
GERCKENS,5
GERCZAK,5
GERDEL,5
GERDEMAN,5
GERDES,20
GERDIMAN,5
GERDING,5
GERDIS,5
GERDSEN,5
GERDTS,5
GERE,5
GERECKE,5
GEREMIA,5
GEREN,10
GERENA,10
GERES,5
GERETY,5
GERFIN,5
GERGEL,5
GERGELY,5
GERGEN,5
GERGUSON,5
GERHARD,10
GERHARDT,20
GERHART,10
GERHAUSER,5
GERHOLD,5
GERICH,5
GERIG,5
GERING,5
GERINGER,5
GERIS,5
GERKE,10
GERKEN,10
GERKIN,5
GERKING,5
GERL,5
GERLA,5
GERLACH,20
GERLAND,5
GERLEMAN,5
GERLICH,5
GERLING,10
GERLOCK,5
GERLOFF,5
GERLT,5
GERMAIN,20
GERMAINE,5
GERMAN,60
GERMANA,5
GERMANI,5
GERMANN,10
GERMANO,5
GERMANY,20
GERMER,5
GERMERSHAUSEN,5
GERMINARO,5
GERMON,5
GERMOND,5
GERMUNDSON,5
GERMY,5
GERNATT,5
GERNER,10
GERNERT,5
GERNEY,5
GERO,10
GEROCK,5
GEROGE,5
GEROLD,5
GERONDALE,5
GERONIME,5
GERONIMO,5
GEROSA,5
GEROULD,5
GEROW,10
GERPHEIDE,5
GERRALD,5
GERRARD,10
GERRARO,5
GERRERO,5
GERRINGER,5
GERRIOR,5
GERRISH,10
GERRITS,5
GERRITSEN,5
GERRITY,10
GERRY,10
GERS,5
GERSBACH,5
GERSCH,5
GERSHEN,5
GERSHENSON,5
GERSHEY,5
GERSHKOVICH,5
GERSHMAN,5
GERSHON,5
GERSON,10
GERST,10
GERSTEIN,5
GERSTEN,5
GERSTENBERGER,5
GERSTENKORN,5
GERSTER,5
GERSTLE,5
GERSTNER,10
GERTEISEN,5
GERTEL,5
GERTELMAN,5
GERTEN,5
GERTH,10
GERTHUNG,5
GERTKEN,5
GERTNER,5
GERTON,5
GERTSCH,5
GERTSEMA,5
GERTSEN,5
GERTY,5
GERTZ,10
GERULA,5
GERUNDO,5
GERVAIS,20
GERVASE,5
GERVASI,5
GERVASIO,5
GERVELER,5
GERVIN,5
GERWE,5
GERWECK,5
GERWIG,5
GERWIN,5
GERWITZ,5
GERYCH,5
GERYOL,5
GERZ,5
GESAMONDO,5
GESCHKE,5
GESELL,5
GESICK,5
GESING,5
GESINSKI,5
GESKE,5
GESMONDI,5
GESNER,5
GESS,10
GESSEL,5
GESSELLI,5
GESSERT,5
GESSFORD,5
GESSNER,10
GEST,5
GESTES,5
GESTETHER,5
GESUALDI,5
GESUALDO,5
GETACHEW,5
GETCHELL,10
GETCHIUS,5
GETCHMAN,5
GETER,20
GETHERS,5
GETLER,5
GETMAN,5
GETSCHMAN,5
GETSINGER,5
GETSON,5
GETT,5
GETTEL,5
GETTELMAN,5
GETTENBERG,5
GETTENS,5
GETTER,5
GETTIG,5
GETTING,5
GETTINGER,10
GETTINGS,5
GETTIS,5
GETTLE,5
GETTMAN,5
GETTO,5
GETTS,5
GETTY,10
GETTYS,10
GETZ,30
GETZLAFF,5
GETZSCHMAN,5
GEUDER,5
GEURIN,5
GEURTS,5
GEVARA,5
GEVEDON,5
GEVING,5
GEVORKIAN,5
GEVORKYAN,5
GEWANT,5
GEWINNER,5
GEY,5
GEYER,20
GEYETTE,5
GEYMAN,5
GEZALYAN,5
GFELLER,5
GFROERER,5
GHAEMMAGHAMI,5
GHAMDI,5
GHAN,5
GHANAYEM,5
GHANE,5
GHANT,5
GHANTT,5
GHAOR,5
GHARING,5
GHAZAL,5
GHAZI,5
GHAZIANI,5
GHAZVINI,5
GHEA,5
GHEBREMICAEL,5
GHEE,5
GHEEN,5
GHEEWALA,5
GHEKIERE,5
GHELFI,5
GHENT,10
GHERA,5
GHERARDI,5
GHERARDINI,5
GHERE,5
GHERMAN,5
GHEZA,5
GHIA,5
GHIANNI,5
GHIBAUDY,5
GHIL,5
GHILONI,5
GHIO,5
GHIORSO,5
GHIRINGHELLI,5
GHOLAR,5
GHOLSON,10
GHOLSTON,10
GHORMLEY,5
GHOSH,5
GHOSN,5
GHOSTEN,5
GHOSTON,5
GHRAMM,5
GHRIST,5
GIACALONE,5
GIACCHI,5
GIACCHINO,5
GIACCIO,5
GIACCONE,5
GIACHELLI,5
GIACHERIO,5
GIACHINO,5
GIACOBBE,5
GIACOLETTI,5
GIACOLONE,5
GIACOMAZZI,5
GIACOMELLI,5
GIACOMINI,5
GIACOMO,5
GIACONE,5
GIACOPELLI,5
GIAGNI,5
GIAIMO,5
GIALLORENZO,5
GIAMBALVO,5
GIAMBANCO,5
GIAMBATTISTA,5
GIAMBRA,5
GIAMBRONE,10
GIAMBRUNO,5
GIAMICHAEL,5
GIAMMARINO,5
GIAMMONA,5
GIAMPAOLO,5
GIAMPAPA,5
GIAMPIETRO,5
GIAN,5
GIANANDREA,5
GIANCARLO,5
GIANCASPRO,5
GIANCOLA,10
GIANDELONE,5
GIANDOMENICO,5
GIANELLI,5
GIANG,5
GIANGREGORIO,5
GIANGROSSO,5
GIANIKAS,5
GIANINO,5
GIANNAKOPOULO,5
GIANNATTASIO,5
GIANNAVOLA,5
GIANNECCHINI,5
GIANNELL,5
GIANNELLI,5
GIANNETTI,5
GIANNETTO,5
GIANNI,5
GIANNINI,10
GIANNITTI,5
GIANNONE,10
GIANNOTTI,5
GIANOLA,5
GIANOPOULOS,5
GIANOPULOS,5
GIANOTTI,5
GIANTONIO,5
GIANUNZIO,5
GIAQUINTA,5
GIAQUINTO,5
GIARD,5
GIARDINA,10
GIARDINI,5
GIARDINO,5
GIARRANO,5
GIARRAPUTO,5
GIARRATANO,5
GIARRUSSO,5
GIARUSSO,5
GIASSON,5
GIBALA,5
GIBAS,5
GIBB,10
GIBBARD,5
GIBBENS,10
GIBBINGS,5
GIBBINS,5
GIBBLE,5
GIBBON,10
GIBBONEY,5
GIBBONS,110
GIBBS,270
GIBBSON,5
GIBBY,10
GIBEAU,5
GIBEAULT,5
GIBEAUT,5
GIBERSON,5
GIBERT,5
GIBES,5
GIBLER,5
GIBLIN,10
GIBNEY,10
GIBONEY,5
GIBSON,750
GICA,5
GICK,5
GICKER,5
GICZEWSKI,5
GIDARO,5
GIDCUMB,5
GIDDEN,5
GIDDENS,20
GIDDINGS,20
GIDDINS,5
GIDEON,10
GIDLEY,10
GIDNEY,10
GIDWANI,5
GIEBEL,5
GIEBER,5
GIEBLER,5
GIEBNER,5
GIECK,5
GIEDLIN,5
GIEFER,5
GIEGER,5
GIEGERICH,5
GIEHL,5
GIEL,5
GIELOW,5
GIELSTRA,5
GIENGER,5
GIER,5
GIERA,5
GIERE,5
GIERHART,5
GIERINGER,5
GIERISCH,5
GIERKE,5
GIERLACH,5
GIERLING,5
GIERMAN,5
GIERNOTH,5
GIERUT,5
GIES,10
GIESBRECHT,5
GIESE,20
GIESEKE,5
GIESEKING,5
GIESEL,5
GIESELMAN,5
GIESEMAN,5
GIESEN,10
GIESER,5
GIESING,5
GIESLER,5
GIESSINGER,5
GIESSLER,5
GIESY,5
GIETZ,5
GIETZEN,5
GIFF,5
GIFFEE,5
GIFFEN,5
GIFFIN,10
GIFFITH,5
GIFFORD,70
GIFT,10
GIGANTE,5
GIGANTINO,5
GIGER,5
GIGGER,5
GIGGEY,5
GIGGIE,5
GIGLER,5
GIGLIO,10
GIGLIOTTI,10
GIGNAC,5
GIGSTAD,5
GIGUERE,10
GIHRING,5
GIL,60
GILANI,5
GILARSKI,5
GILB,5
GILBAR,5
GILBEAU,5
GILBERG,5
GILBERT,450
GILBERTI,5
GILBERTSON,30
GILBO,5
GILBOY,5
GILBREATH,30
GILBRETH,5
GILBRIDE,5
GILCHER,5
GILCHREST,5
GILCHRIST,50
GILCOINE,5
GILCREASE,10
GILCREAST,5
GILCREST,5
GILCRIS,5
GILDAY,5
GILDEA,10
GILDEMEISTER,5
GILDEN,10
GILDER,10
GILDERMAN,5
GILDERSLEEVE,10
GILDING,5
GILDNER,5
GILDON,5
GILDORE,5
GILDOW,5
GILDROY,5
GILE,10
GILES,160
GILESPIE,5
GILFILLAN,10
GILFORD,10
GILFOY,5
GILGAN,5
GILGER,5
GILGORE,5
GILGOUR,5
GILHAM,10
GILHOOLEY,5
GILHOOLY,5
GILHOUSEN,5
GILHULY,5
GILIBERTO,5
GILIO,5
GILKERSON,5
GILKES,10
GILKEY,20
GILKISON,5
GILL,270
GILLAM,20
GILLAN,10
GILLAND,10
GILLARD,20
GILLASPIE,5
GILLCREST,5
GILLE,5
GILLECE,5
GILLELAND,10
GILLEM,5
GILLEN,30
GILLENTINE,5
GILLENWATER,10
GILLENWATERS,5
GILLER,5
GILLERIST,5
GILLERT,5
GILLES,10
GILLESPI,5
GILLESPIE,150
GILLET,5
GILLETT,10
GILLETTE,50
GILLEY,40
GILLHAM,10
GILLIAM,120
GILLIAN,10
GILLIAND,5
GILLIANS,5
GILLIARD,20
GILLICE,5
GILLICH,5
GILLICK,5
GILLIE,5
GILLIES,10
GILLIG,5
GILLIGAN,20
GILLIHAN,5
GILLIKIN,5
GILLILAN,5
GILLILAND,50
GILLIM,5
GILLIN,5
GILLING,5
GILLINGHAM,10
GILLINGS,5
GILLINS,5
GILLIOM,5
GILLION,5
GILLIS,70
GILLISON,10
GILLISPIE,20
GILLISS,5
GILLITZER,5
GILLMAN,20
GILLMER,5
GILLMING,5
GILLMOR,5
GILLMORE,10
GILLOCK,10
GILLOGLY,5
GILLOM,5
GILLON,10
GILLOOLY,5
GILLOTTI,5
GILLS,10
GILLSON,5
GILLSTRAP,5
GILLUM,20
GILLUND,5
GILLY,5
GILLYARD,5
GILMAN,50
GILMARTIN,10
GILMER,30
GILMORE,220
GILMOUR,10
GILNER,5
GILOMEN,5
GILPATRIC,5
GILPATRICK,5
GILPIN,20
GILREATH,20
GILROY,10
GILRUTH,5
GILSDORF,5
GILSON,30
GILSTAD,5
GILSTER,5
GILSTRAP,10
GILTNER,10
GILTON,5
GILVIN,5
GILYARD,10
GILZOW,5
GIMAR,5
GIMBEL,10
GIMBLE,5
GIMENEZ,10
GIMLIN,5
GIMM,5
GIMPEL,5
GIMSE,5
GIN,5
GINANNI,5
GINARD,5
GINDER,10
GINDHART,5
GINDI,5
GINDLESPERGER,5
GINER,5
GINES,10
GING,5
GINGELL,5
GINGER,5
GINGERICH,10
GINGERY,5
GINGG,5
GINGLES,5
GINGRAS,10
GINGRICH,10
GINGUES,5
GINKEL,5
GINN,30
GINNERY,5
GINNETTI,5
GINNINGS,5
GINNIS,5
GINNS,5
GINOCCHIO,5
GINOLFI,5
GINOZA,5
GINS,5
GINSBERG,20
GINSBURG,10
GINSEL,5
GINSKY,5
GINTER,10
GINTHER,10
GINTY,5
GINYARD,10
GINZEL,5
GIOACCHINI,5
GIOE,5
GIOFFRE,5
GIOIA,10
GIOMBETTI,5
GIONEST,5
GIONET,5
GIONFRIDDO,5
GIONSON,5
GIONTA,5
GIORDANO,40
GIORGI,10
GIORGIANNI,5
GIORGINI,5
GIORGIO,5
GIORIANO,5
GIORNO,5
GIOTTONINI,5
GIOVANELLI,5
GIOVANETTI,5
GIOVANINI,5
GIOVANNI,5
GIOVANNINI,5
GIOVE,5
GIOVINCO,5
GIOVINO,5
GIP,5
GIPE,10
GIPP,5
GIPPLE,5
GIPSON,80
GIRA,5
GIRAD,5
GIRALDO,10
GIRAND,5
GIRARD,50
GIRARDEAU,5
GIRARDI,10
GIRARDIN,5
GIRARDOT,5
GIRAUARD,5
GIRAUD,5
GIRBACH,5
GIRDLER,5
GIRDLEY,5
GIRDNER,5
GIRE,5
GIRELLINI,5
GIRGENTI,5
GIRGIS,5
GIRILLO,5
GIRLING,5
GIRMAN,5
GIRMAZION,5
GIROD,5
GIROIR,5
GIROLAMI,5
GIROLAMO,5
GIRON,30
GIRONA,5
GIRONDA,5
GIRONE,5
GIROTE,5
GIROUARD,10
GIROUX,30
GIRRES,5
GIRSCH,5
GIRSH,5
GIRST,5
GIRT,5
GIRTEN,5
GIRTON,10
GIRTY,5
GIRVAN,5
GIRVEN,5
GIRVIN,5
GISCHER,5
GISCOMBE,5
GISH,20
GISHAL,5
GISI,5
GISIN,5
GISLASON,5
GISLER,5
GISMONDI,5
GISONDI,5
GISRIEL,5
GISSEL,5
GISSLER,5
GIST,30
GITCHELL,5
GITELMAN,5
GITHENS,5
GITLEWSKI,5
GITLIN,5
GITT,5
GITTELMAN,5
GITTENS,10
GITTER,5
GITTERE,5
GITTHENS,5
GITTING,5
GITTINGER,5
GITTINGS,5
GITTINS,5
GITTLEMAN,5
GITTLER,5
GITTO,5
GITZEN,5
GITZLAFF,5
GIUDICE,5
GIUFFRE,5
GIUFFRIDA,5
GIULIAN,5
GIULIANI,10
GIULIANO,10
GIULIOLI,5
GIUMARRO,5
GIUNTA,10
GIUS,5
GIUSTI,10
GIUSTO,5
GIVAN,10
GIVANT,5
GIVEN,10
GIVENS,90
GIVHAN,5
GIVIDEN,5
GIVLIANI,5
GIZA,5
GIZINSKI,5
GIZZI,5
GIZZO,5
GJELAJ,5
GJELTEMA,5
GJELTEN,5
GJERDE,5
GJERTSEN,5
GJESDAL,5
GJOKAJ,5
GJORVEN,5
GLAAB,5
GLAB,5
GLACKEN,5
GLACKIN,5
GLAD,5
GLADDEN,30
GLADDING,5
GLADE,10
GLADEN,5
GLADER,5
GLADFELTER,5
GLADHART,5
GLADHILL,5
GLADIN,5
GLADISH,5
GLADLE,5
GLADNEY,30
GLADSON,5
GLADSTEIN,5
GLADSTONE,10
GLADU,5
GLADUE,5
GLADWELL,5
GLADWIN,5
GLADY,5
GLADYS,5
GLADYSIEWSKI,5
GLADYSZ,5
GLAESER,5
GLAHN,5
GLANCE,5
GLANCY,10
GLANDEN,5
GLANDER,5
GLANDON,5
GLANTON,5
GLANTZ,10
GLANVILLE,5
GLANZ,10
GLANZER,5
GLANZMAN,5
GLAPION,5
GLARSON,5
GLAS,5
GLASBRENNER,5
GLASBY,5
GLASCO,10
GLASCOCK,5
GLASCOE,5
GLASCOTT,5
GLASER,30
GLASFORD,5
GLASGLOW,5
GLASGOW,30
GLASHEN,5
GLASIER,5
GLASNER,5
GLASOW,5
GLASPER,10
GLASPIE,10
GLASPY,5
GLASS,180
GLASSBURN,5
GLASSCO,5
GLASSCOCK,10
GLASSEL,5
GLASSER,10
GLASSETT,5
GLASSEY,5
GLASSFORD,5
GLASSING,5
GLASSMAN,10
GLASSNER,5
GLASSON,5
GLATHAR,5
GLATT,10
GLATTER,5
GLATZ,5
GLATZEL,5
GLAU,5
GLAUBERMAN,5
GLAUBKE,5
GLAUDE,10
GLAUE,5
GLAUNER,5
GLAUS,5
GLAUSER,5
GLAUSIER,5
GLAVAN,5
GLAVE,5
GLAVES,5
GLAVIANO,5
GLAVIN,5
GLAWE,5
GLAWSON,5
GLAY,5
GLAZA,5
GLAZE,30
GLAZEBROOK,5
GLAZENER,5
GLAZER,10
GLAZEWSKI,5
GLAZIER,10
GLAZNER,5
GLEASON,80
GLEATON,10
GLEAVE,5
GLEAVES,10
GLEBER,5
GLEBOCKI,5
GLECKLER,5
GLEDHILL,10
GLEE,5
GLEEN,5
GLEESON,10
GLEGHORN,5
GLEICH,5
GLEICHER,5
GLEICHMAN,5
GLEICHWEIT,5
GLEIM,5
GLEISNER,5
GLEISS,5
GLEITZ,5
GLEMBOCKI,5
GLEN,10
GLENDE,5
GLENDENING,5
GLENDENNING,5
GLENISTER,5
GLENN,200
GLENNA,5
GLENNON,10
GLENNY,5
GLESENER,5
GLESSING,5
GLESSNER,10
GLEW,5
GLICHER,5
GLICK,20
GLICKEN,5
GLICKMAN,10
GLICKSON,5
GLIDDEN,20
GLIDEWELL,10
GLIDWELL,5
GLIEM,5
GLIME,5
GLIMP,5
GLIMPSE,5
GLINES,10
GLINKA,5
GLINKERMAN,5
GLINSKI,5
GLISAN,5
GLISE,5
GLISH,5
GLISSON,20
GLISTA,5
GLIUES,5
GLIWSKI,5
GLOCK,5
GLOCKNER,5
GLOD,5
GLODEN,5
GLODICH,5
GLODO,5
GLODOWSKI,5
GLOE,5
GLOECKLER,5
GLOECKNER,5
GLOFF,5
GLOGOWSKI,5
GLOMB,5
GLOMSKI,5
GLOODT,5
GLOOR,5
GLOR,5
GLORDANO,5
GLORE,5
GLORIA,10
GLORIOSO,5
GLORIUS,5
GLORY,5
GLOS,5
GLOSHEN,5
GLOSS,10
GLOSSER,5
GLOSSNER,5
GLOSSON,5
GLOSTER,5
GLOSTON,5
GLOTFELTY,5
GLOTZBACH,5
GLOTZBECKER,5
GLOVER,300
GLOVIER,5
GLOVINSKY,5
GLOW,5
GLOWACKI,10
GLOWACKY,5
GLOWINSKI,5
GLOWKA,5
GLOWSKI,5
GLOYD,5
GLUC,5
GLUCK,10
GLUCKMAN,5
GLUCKSMAN,5
GLUD,5
GLUECK,5
GLUECKERT,5
GLUGLA,5
GLUMAC,5
GLUNT,5
GLUNZ,5
GLUSZEK,5
GLUTH,5
GLYMPH,5
GLYN,5
GLYNN,30
GMERNICKI,5
GNABAH,5
GNAGEY,5
GNAS,5
GNATEK,5
GNAU,5
GNEGY,5
GNEISER,5
GNERRE,5
GNIEWEK,5
GNOZA,5
GO,10
GOAD,40
GOADE,5
GOAN,5
GOANS,5
GOAR,5
GOARD,5
GOATES,5
GOATLEY,5
GOBBI,5
GOBBLE,5
GOBBO,5
GOBEA,5
GOBEIL,10
GOBEILLE,5
GOBEL,5
GOBELI,5
GOBEN,5
GOBER,20
GOBERN,5
GOBERT,10
GOBEYN,5
GOBIN,10
GOBLE,30
GOBLER,5
GOBLIRSCH,5
GOBRECHT,5
GOCEK,5
GOCHA,5
GOCHAL,5
GOCHANOUR,5
GOCHENOUR,10
GOCHETT,5
GOCHIE,5
GOCHNAUER,5
GOCHNOUR,5
GOCKE,5
GOCKEL,5
GOCKERELL,5
GOCKLEY,5
GODA,5
GODAR,5
GODARD,5
GODBE,5
GODBEE,5
GODBEY,10
GODBOLD,10
GODBOLDT,5
GODBOLT,10
GODBOUT,10
GODBY,10
GODDARD,70
GODDE,5
GODDEN,5
GODE,5
GODEAUX,5
GODEK,5
GODEL,5
GODERICH,5
GODERT,5
GODETTE,5
GODFRAY,5
GODFREY,110
GODIN,10
GODINA,10
GODINE,5
GODINES,10
GODINEZ,30
GODING,5
GODINHO,5
GODINO,5
GODKIN,5
GODLESKI,5
GODLEWSKI,5
GODLEY,10
GODLOVE,5
GODNICK,5
GODOWN,5
GODOY,20
GODSEY,20
GODSHALL,5
GODSMAN,5
GODSON,5
GODWIN,90
GODWYN,5
GODYN,5
GODZIK,5
GOE,5
GOEBEL,30
GOECKE,5
GOECKEL,5
GOEDDE,5
GOEDE,5
GOEDECKE,5
GOEDEN,5
GOEDICKE,5
GOEDKEN,5
GOEHL,5
GOEHNER,5
GOEHRING,10
GOEHRINGER,5
GOEING,5
GOEKE,5
GOEKEN,5
GOEL,5
GOELDNER,5
GOELLER,5
GOELTZ,5
GOELZ,5
GOEMAN,5
GOEN,5
GOENS,5
GOEPEL,5
GOEPFARTH,5
GOEPFERT,5
GOEPPINGER,5
GOEPPNER,5
GOERDEL,5
GOERDT,5
GOERGEN,5
GOERGES,5
GOERING,10
GOERKE,5
GOERLICH,5
GOERLITZ,5
GOERNER,5
GOERS,5
GOERTZ,5
GOERTZEN,5
GOES,5
GOESER,5
GOESSL,5
GOETHALS,5
GOETHE,5
GOETJEN,5
GOETSCH,10
GOETTEL,5
GOETTER,5
GOETTIG,5
GOETTING,5
GOETTL,5
GOETTLE,5
GOETTMAN,5
GOETTSCH,5
GOETTSCHE,5
GOETZ,50
GOETZE,5
GOETZINGER,5
GOETZKE,5
GOEWEY,5
GOFF,130
GOFFE,5
GOFFER,5
GOFFIGAN,5
GOFFINET,5
GOFFMAN,5
GOFFNEY,5
GOFFREDO,5
GOFMAN,5
GOFORTH,40
GOFTON,5
GOGA,5
GOGAN,5
GOGEL,5
GOGER,5
GOGERTY,5
GOGGANS,10
GOGGIN,10
GOGGINS,10
GOGINS,5
GOGLIA,5
GOGOCHA,5
GOGUEN,10
GOH,5
GOHEEN,10
GOHLKE,5
GOHN,5
GOHR,5
GOHRING,5
GOICH,5
GOICK,5
GOICOECHEA,5
GOIKE,5
GOIN,10
GOINES,10
GOING,5
GOINGS,20
GOINS,100
GOIST,5
GOJCAJ,5
GOJMERAC,5
GOKEY,10
GOLA,5
GOLAB,5
GOLABEK,5
GOLACKSON,5
GOLAN,5
GOLANSKI,5
GOLAR,5
GOLAS,5
GOLASZEWSKI,5
GOLAY,5
GOLBA,5
GOLBERG,5
GOLBIN,5
GOLD,60
GOLDA,5
GOLDADE,5
GOLDAK,5
GOLDAMMER,5
GOLDBACH,5
GOLDBAUM,5
GOLDBECK,5
GOLDBERG,100
GOLDBERGER,5
GOLDBLATT,10
GOLDE,5
GOLDEMAN,5
GOLDEN,190
GOLDENBERG,10
GOLDENMAN,5
GOLDENSTEIN,5
GOLDER,10
GOLDERER,5
GOLDERMANN,5
GOLDEY,5
GOLDFARB,10
GOLDFEDER,5
GOLDFELD,5
GOLDFIELD,5
GOLDFINE,5
GOLDFISCHER,5
GOLDFUSS,5
GOLDHABER,5
GOLDHAHN,5
GOLDHAMMER,5
GOLDHIRSH,5
GOLDHORN,5
GOLDIE,5
GOLDIN,5
GOLDING,20
GOLDINGER,5
GOLDIZEN,5
GOLDKAMP,5
GOLDKLANG,5
GOLDMAN,80
GOLDMANN,5
GOLDNER,10
GOLDRICH,5
GOLDRICK,5
GOLDRUP,5
GOLDS,5
GOLDSBERRY,20
GOLDSBORO,5
GOLDSBOROUGH,5
GOLDSBY,5
GOLDSCHMIDT,10
GOLDSMITH,60
GOLDSON,5
GOLDSTEIN,110
GOLDSTOCK,5
GOLDSTON,10
GOLDSTONE,5
GOLDSWORTHY,5
GOLDTHORPE,5
GOLDTHWAIT,5
GOLDTHWAITE,5
GOLDTOOTH,5
GOLDTRAP,5
GOLDWARE,5
GOLDWATER,5
GOLDWIRE,5
GOLDWYN,5
GOLDY,5
GOLDYN,5
GOLEBIEWSKI,5
GOLEBIOWSKI,5
GOLEC,5
GOLEMAN,5
GOLEMBA,5
GOLEMBESKI,5
GOLEMBIEWSKI,5
GOLEN,5
GOLETZ,5
GOLEY,10
GOLIA,5
GOLIAN,5
GOLIAS,5
GOLICK,5
GOLIDA,5
GOLIDAY,5
GOLIE,5
GOLIGHTLEY,5
GOLIGHTLY,10
GOLIGOSKI,5
GOLIK,5
GOLINSKI,5
GOLISH,5
GOLK,5
GOLKA,5
GOLKIN,5
GOLL,10
GOLLA,10
GOLLADAY,5
GOLLEHON,5
GOLLER,5
GOLLHOFER,5
GOLLIDAY,10
GOLLIER,5
GOLLIHAR,5
GOLLIHUE,5
GOLLIN,5
GOLLMAN,5
GOLLNICK,5
GOLLOB,5
GOLLOGLY,5
GOLLOP,5
GOLLWITZER,5
GOLLY,5
GOLOB,5
GOLOJUCH,5
GOLOM,5
GOLOMB,5
GOLOMBECKI,5
GOLOMBEK,5
GOLONKA,5
GOLPE,5
GOLPHIN,5
GOLSON,10
GOLSTON,10
GOLT,5
GOLTRA,5
GOLTRY,5
GOLTZ,5
GOLUB,10
GOLUBA,5
GOLUMSKI,5
GOLZ,5
GOMAZ,5
GOMBERG,5
GOMBERT,5
GOMBOS,5
GOME,5
GOMER,10
GOMES,70
GOMEY,5
GOMEZ,750
GOMILLION,5
GOMM,5
GOMMER,5
GOMOLL,5
GOMORA,5
GOMORAN,5
GOMPERT,5
GOMPF,5
GOMZALES,5
GOMZALEZ,5
GONALES,5
GONALEZ,5
GONAZLEZ,5
GONCALVES,10
GONCE,5
GONCHOFF,5
GONDA,5
GONDEK,5
GONDER,5
GONDOLA,5
GONDRAN,5
GONE,5
GONES,5
GONEY,5
GONEZ,5
GONG,10
GONGALEZ,5
GONGALVES,5
GONGORA,10
GONNELLA,5
GONNERMAN,5
GONNEVILLE,5
GONSALES,10
GONSALEZ,10
GONSALUES,5
GONSALVES,30
GONSAR,5
GONSER,10
GONSETH,5
GONSIEWSKI,5
GONSIOR,5
GONSKA,5
GONSOULIN,5
GONTERMAN,5
GONTHIER,5
GONYA,5
GONYEA,10
GONYER,5
GONYO,5
GONYOU,5
GONZAGA,5
GONZALAS,10
GONZALAZ,5
GONZALE,5
GONZALEA,5
GONZALES,870
GONZALEZ,1660
GONZALIS,5
GONZALIZ,5
GONZALOS,5
GONZELAS,5
GONZELES,5
GONZELEZ,5
GONZOLAS,5
GONZOLES,5
GONZOLEZ,5
GOO,10
GOOCH,50
GOOD,130
GOODACRE,5
GOODAKER,5
GOODALE,20
GOODALL,20
GOODARD,5
GOODCHILD,5
GOODE,90
GOODELL,20
GOODEMOTE,5
GOODEN,50
GOODENBERGER,5
GOODENOUGH,5
GOODENOW,5
GOODER,5
GOODERMOTE,5
GOODFELLOW,10
GOODFIELD,5
GOODFRIEND,5
GOODGER,5
GOODGINE,5
GOODGION,5
GOODHART,5
GOODHEART,5
GOODHILE,5
GOODHUE,5
GOODIE,5
GOODIEL,5
GOODIER,5
GOODIN,30
GOODINE,5
GOODING,30
GOODKIN,5
GOODKNIGHT,5
GOODLAND,5
GOODLET,5
GOODLETT,10
GOODLEY,5
GOODLIN,5
GOODLING,5
GOODLOE,10
GOODLOW,10
GOODLY,5
GOODMAN,290
GOODMANSON,5
GOODMON,5
GOODNER,10
GOODNESS,5
GOODNIGHT,20
GOODNOE,5
GOODNOUGH,5
GOODNOW,5
GOODPASTER,5
GOODPASTOR,5
GOODPASTURE,5
GOODREAU,5
GOODRICH,70
GOODRICK,5
GOODRIDGE,10
GOODROE,5
GOODROW,10
GOODRUM,10
GOODS,10
GOODSELL,10
GOODSITE,5
GOODSON,60
GOODSPEED,10
GOODSTEIN,5
GOODVIN,5
GOODWATER,5
GOODWILL,10
GOODWIN,300
GOODWINE,5
GOODWYN,10
GOODY,5
GOODYEAR,10
GOOGE,10
GOOKIN,5
GOOLD,5
GOOLDEN,5
GOOLESBY,5
GOOLEY,5
GOOLIA,5
GOOLMAN,5
GOOLSBEE,5
GOOLSBY,30
GOOMBI,5
GOON,5
GOONAN,5
GOONEN,5
GOONEZ,5
GOOS,5
GOOSBY,10
GOOSEN,5
GOOSEY,5
GOOSLIN,5
GOOSSEN,5
GOOSSENS,5
GOOTEE,5
GOOTZ,5
GOPEN,5
GOPIE,5
GOPIN,5
GORA,5
GORACKE,5
GORAL,5
GORALSKI,5
GORANS,5
GORANSON,5
GORBEA,5
GORBET,5
GORBY,10
GORCZYCA,5
GORCZYNSKI,5
GORD,5
GORDAN,10
GORDEN,10
GORDER,5
GORDEY,5
GORDILLO,10
GORDILS,5
GORDIN,5
GORDINEER,5
GORDINIER,5
GORDIS,5
GORDLEY,5
GORDNER,5
GORDO,5
GORDON,650
GORDY,10
GORE,110
GORECKI,10
GORECZNY,5
GOREE,10
GORELICK,5
GORELIK,5
GORELL,5
GORELLI,5
GOREN,5
GORENA,5
GORENBERG,5
GORENCE,5
GORENFLO,5
GORES,5
GORETTI,5
GOREY,5
GORGLIONE,5
GORGO,5
GORGONE,5
GORHAM,30
GORI,5
GORIN,5
GORING,5
GORIS,10
GORIUS,5
GORKA,5
GORLEY,5
GORLICH,5
GORMALLY,5
GORMAN,100
GORMANOUS,5
GORMLEY,10
GORMLY,5
GORMONT,5
GORN,5
GORNEAULT,5
GORNEY,10
GORNICK,5
GORNIE,5
GORNIKIEWICZ,5
GORNTO,5
GORNY,5
GOROVITZ,5
GORR,5
GORRELL,10
GORRI,5
GORRILL,5
GORRINDO,5
GORRINGE,5
GORSKI,20
GORSKY,5
GORSLINE,5
GORSUCH,10
GORT,5
GORTER,5
GORTMAN,5
GORTON,10
GORUM,5
GORY,5
GORYCHKA,5
GORZ,5
GORZYNSKI,5
GOSA,5
GOSCH,5
GOSCHE,5
GOSDA,5
GOSDEN,5
GOSDIN,5
GOSE,10
GOSEWISCH,5
GOSEY,5
GOSHA,10
GOSHAY,5
GOSHEN,5
GOSHI,5
GOSHORN,10
GOSHOW,5
GOSIER,5
GOSLEE,5
GOSLIN,10
GOSLINE,5
GOSLING,5
GOSMAN,5
GOSNELL,20
GOSNEY,10
GOSS,120
GOSSACK,5
GOSSAGE,10
GOSSARD,10
GOSSE,5
GOSSELIN,20
GOSSEN,5
GOSSER,10
GOSSERAND,5
GOSSET,5
GOSSETT,40
GOSSI,5
GOSSIN,5
GOSSLING,5
GOSSMAN,10
GOSSO,5
GOSSOM,5
GOSSON,5
GOSSOW,5
GOSTLIN,5
GOSTOMSKI,5
GOSTON,5
GOSTOWSKI,5
GOSVENER,5
GOSWAMI,5
GOSWICK,5
GOSZ,5
GOTAY,5
GOTCH,5
GOTCHER,10
GOTCHY,5
GOTH,5
GOTHAM,5
GOTHARD,10
GOTHE,5
GOTHIER,5
GOTHRO,5
GOTIMER,5
GOTLIB,5
GOTO,10
GOTOWKA,5
GOTSCHALL,5
GOTSCHE,5
GOTSHALL,5
GOTT,20
GOTTA,5
GOTTARDO,5
GOTTDENGER,5
GOTTEMOELLER,5
GOTTER,5
GOTTESMAN,5
GOTTFRIED,10
GOTTHARD,5
GOTTHARDT,5
GOTTHELF,5
GOTTKE,5
GOTTLEBER,5
GOTTLIEB,20
GOTTLOB,5
GOTTO,5
GOTTRON,5
GOTTS,5
GOTTSCH,5
GOTTSCHALK,10
GOTTSCHALL,5
GOTTSHALL,5
GOTTULA,5
GOTTWALD,5
GOTWALT,5
GOU,5
GOUBEAUX,5
GOUCHER,5
GOUCHIE,5
GOUD,5
GOUDE,5
GOUDEAU,10
GOUDELOCK,5
GOUDGE,5
GOUDIE,5
GOUDREAU,10
GOUDY,10
GOUGE,10
GOUGEON,5
GOUGER,5
GOUGH,40
GOUGHNOUR,5
GOUGIS,5
GOUIN,10
GOUKER,5
GOULART,10
GOULARTE,5
GOULAS,5
GOULBOURNE,5
GOULD,150
GOULDEN,5
GOULDIE,5
GOULDING,10
GOULDMAN,5
GOULDSBERRY,5
GOULET,30
GOULETTE,10
GOUNDER,5
GOUPIL,5
GOUR,5
GOURAS,5
GOURD,5
GOURDIN,5
GOURDINE,10
GOURLAY,5
GOURLEY,20
GOUSE,5
GOUTHIER,5
GOUTREMOUT,5
GOUTY,5
GOUVEIA,10
GOUZALEZ,5
GOUZY,5
GOVAN,20
GOVE,10
GOVEA,10
GOVER,5
GOVERN,5
GOVERNALE,5
GOVERO,5
GOVERT,5
GOVIA,5
GOVIN,5
GOVINDEISAMI,5
GOVONI,5
GOVOSTES,5
GOW,10
GOWAN,10
GOWANS,10
GOWDA,5
GOWDY,10
GOWELL,5
GOWEN,20
GOWENS,5
GOWER,20
GOWERS,5
GOWEY,5
GOWIN,10
GOWING,5
GOWINS,10
GOWLER,5
GOY,5
GOYA,5
GOYAL,5
GOYCO,5
GOYDA,5
GOYEN,5
GOYER,5
GOYETTE,10
GOYNE,5
GOYNES,5
GOZA,10
GOZALEZ,5
GOZMAN,5
GRAAF,5
GRAAP,5
GRABAN,5
GRABARCZYK,5
GRABAU,5
GRABAUSKAS,5
GRABE,5
GRABEL,5
GRABEN,5
GRABENSTEIN,5
GRABER,20
GRABERT,5
GRABHORN,5
GRABILL,10
GRABINGER,5
GRABINSKI,5
GRABLE,10
GRABLER,5
GRABNER,5
GRABO,5
GRABONSKI,5
GRABOSKI,5
GRABOW,5
GRABOWIECKI,5
GRABOWSKI,20
GRABOWSKY,5
GRABSKI,5
GRACE,110
GRACEFFO,5
GRACELY,5
GRACES,5
GRACEY,10
GRACI,5
GRACIA,30
GRACIANA,5
GRACIANI,5
GRACIANO,5
GRACIE,5
GRACY,5
GRACZYK,5
GRAD,5
GRADDY,10
GRADE,5
GRADEL,5
GRADEN,5
GRADERT,5
GRADFORD,5
GRADIAS,5
GRADILLA,5
GRADILLAS,5
GRADLE,5
GRADLEY,5
GRADNEY,5
GRADO,10
GRADOWSKI,5
GRADWELL,5
GRADWOHL,5
GRADY,110
GRAE,5
GRAEBER,5
GRAEF,5
GRAEFE,5
GRAEFF,5
GRAEN,5
GRAESER,5
GRAETER,5
GRAETZ,5
GRAF,50
GRAFALS,5
GRAFE,5
GRAFENSTEIN,5
GRAFF,40
GRAFFAGNINO,5
GRAFFAM,5
GRAFFEO,5
GRAFFNEY,5
GRAFT,5
GRAFTON,10
GRAGAS,5
GRAGE,5
GRAGEDA,5
GRAGERT,5
GRAGG,30
GRAGO,5
GRAGSON,5
GRAHAM,820
GRAHAMS,5
GRAHAN,5
GRAHE,5
GRAHL,5
GRAHM,10
GRAHN,5
GRAHOVAC,5
GRAICHEN,5
GRAIG,10
GRAIN,5
GRAINEY,5
GRAINGER,10
GRAISE,5
GRAJALES,5
GRAJEDA,10
GRAJEK,5
GRALA,5
GRALAK,5
GRALESKI,5
GRALL,5
GRAM,10
GRAMACY,5
GRAMAJO,5
GRAMBERG,5
GRAMBLE,5
GRAMBLING,5
GRAMBO,5
GRAMBY,5
GRAMC,5
GRAMER,5
GRAMES,5
GRAMHAM,5
GRAMINSKI,5
GRAMLEY,5
GRAMLICH,5
GRAMLING,5
GRAMM,5
GRAMMATICA,5
GRAMMER,20
GRAMMES,5
GRAMMONT,5
GRAMOLINI,5
GRAMS,10
GRAMZA,5
GRAN,10
GRANA,5
GRANADA,5
GRANADE,5
GRANADO,20
GRANADOS,30
GRANAHAN,5
GRANAI,5
GRANAT,5
GRANATA,10
GRANATH,5
GRANATO,5
GRANBERG,5
GRANBERRY,10
GRANBOIS,5
GRANBY,5
GRAND,10
GRANDA,10
GRANDBERRY,10
GRANDBOIS,5
GRANDCHILD,5
GRANDE,20
GRANDEL,5
GRANDERSON,10
GRANDFIELD,5
GRANDI,5
GRANDIN,5
GRANDINETTI,5
GRANDISON,10
GRANDJEAN,5
GRANDMAISON,5
GRANDMONT,5
GRANDNER,5
GRANDO,5
GRANDOLFO,5
GRANDON,5
GRANDOS,5
GRANDSTAFF,10
GRANDT,5
GRANDUSKY,5
GRANDY,10
GRANELLI,5
GRANER,5
GRANES,5
GRANEY,10
GRANFIELD,5
GRANGE,10
GRANGER,70
GRANHOLM,5
GRANIELA,5
GRANIER,10
GRANIERI,5
GRANIERO,5
GRANILLO,10
GRANIZO,5
GRANLUND,5
GRANNAN,5
GRANNELL,5
GRANNEMAN,5
GRANNIS,5
GRANNUM,5
GRANO,5
GRANQUIST,5
GRANROTH,5
GRANSBERRY,5
GRANSKY,5
GRANSTAFF,5
GRANSTROM,5
GRANT,600
GRANTHAM,50
GRANTHAN,5
GRANTIER,5
GRANTLAND,5
GRANTO,5
GRANTZ,5
GRANUCCI,5
GRANVIL,5
GRANVILLE,10
GRANVOLD,5
GRANZELLA,5
GRANZIN,5
GRANZOW,5
GRAP,5
GRAPER,5
GRAPES,5
GRAPP,5
GRAPPE,5
GRAPPO,5
GRAS,5
GRASER,5
GRASHA,5
GRASHOT,5
GRASMAN,5
GRASMICK,5
GRASMUCK,5
GRASS,20
GRASSANO,5
GRASSE,5
GRASSER,10
GRASSHAM,5
GRASSI,10
GRASSIA,5
GRASSIE,5
GRASSL,5
GRASSLE,5
GRASSMAN,5
GRASSMYER,5
GRASSO,20
GRASTORF,5
GRASTY,10
GRAT,5
GRATE,10
GRATER,5
GRATES,5
GRATTAN,5
GRATTELO,5
GRATTON,10
GRATZ,5
GRAU,10
GRAUBARD,5
GRAUBERGER,5
GRAUE,5
GRAUEL,5
GRAUER,5
GRAUGHARD,5
GRAUL,5
GRAUMAN,5
GRAUS,5
GRAV,5
GRAVA,5
GRAVAT,5
GRAVATT,10
GRAVE,5
GRAVEL,10
GRAVELIN,5
GRAVELINE,5
GRAVELL,5
GRAVELLE,10
GRAVELY,20
GRAVEN,5
GRAVENSTEIN,5
GRAVER,10
GRAVERT,5
GRAVES,390
GRAVETT,5
GRAVETTE,5
GRAVINA,5
GRAVINO,5
GRAVIS,5
GRAVIT,5
GRAVITO,5
GRAVITT,10
GRAVITZ,5
GRAVLEY,10
GRAVLIN,5
GRAVOIS,10
GRAW,5
GRAWBURG,5
GRAWE,5
GRAY,1060
GRAYBEAL,10
GRAYBILL,20
GRAYDON,5
GRAYER,10
GRAYES,5
GRAYS,10
GRAYSON,80
GRAZA,5
GRAZIANI,10
GRAZIANO,20
GRAZIER,5
GRAZIOPLENE,5
GRAZIOSI,5
GRBOYAN,5
GRDINA,5
GREALISH,5
GREAM,5
GREANEY,10
GREANY,5
GREAR,10
GREASER,5
GREASON,5
GREATHOUSE,30
GREAUX,5
GREAVER,5
GREAVES,20
GREB,5
GREBE,5
GREBEL,5
GREBER,5
GREBIN,5
GREBNER,5
GREBS,5
GRECCO,5
GRECH,5
GRECO,50
GRECZKOWSKI,5
GREDER,5
GREEAR,10
GREEB,5
GREEK,5
GREELEY,20
GREELY,5
GREEM,5
GREEN,1830
GREENAN,5
GREENAWALT,10
GREENAWAY,5
GREENBACKER,5
GREENBAUM,10
GREENBERG,70
GREENBERGER,5
GREENBLATT,10
GREENBURG,5
GREENBUSH,5
GREENE,530
GREENEN,5
GREENER,5
GREENFELD,5
GREENFELDER,5
GREENFIELD,40
GREENGO,5
GREENHALGE,5
GREENHALGH,10
GREENHAM,5
GREENHAW,10
GREENHILL,10
GREENHOUSE,5
GREENHOWARD,5
GREENIDGE,5
GREENIER,5
GREENING,10
GREENLAND,5
GREENLAW,10
GREENLEAF,20
GREENLEE,30
GREENLEES,5
GREENLER,5
GREENLEY,5
GREENLIEF,5
GREENLOW,5
GREENLUN,5
GREENLY,10
GREENMAN,10
GREENMYER,5
GREENO,5
GREENOUGH,10
GREENROSE,5
GREENSFELDER,5
GREENSPAN,10
GREENSTEIN,10
GREENSTREET,5
GREENUP,5
GREENWADE,5
GREENWALD,20
GREENWALDT,5
GREENWALL,5
GREENWALT,10
GREENWAY,10
GREENWEIG,5
GREENWELL,20
GREENWOOD,100
GREEP,5
GREER,260
GREESON,10
GREET,5
GREEVER,5
GREEVES,5
GREFE,5
GREFF,5
GREFRATH,5
GREG,5
GREGA,5
GREGAN,5
GREGAS,5
GREGER,5
GREGERSEN,5
GREGERSON,5
GREGG,110
GREGGORY,5
GREGGS,10
GREGO,10
GREGOIRE,20
GREGOR,20
GREGORESKI,5
GREGORI,5
GREGORIA,5
GREGORICH,5
GREGORIO,10
GREGOROFF,5
GREGORSKI,5
GREGORY,380
GREGSON,10
GREGSTON,5
GREGUS,5
GREGWARE,5
GREIBER,5
GREIDER,5
GREIF,5
GREIFE,5
GREIG,10
GREIGO,5
GREIL,5
GREIN,5
GREINER,30
GREINKE,5
GREIS,5
GREISER,5
GREISIGER,5
GREISING,5
GREISSER,5
GREIST,5
GREIWE,5
GRELL,10
GRELLA,5
GREMEL,5
GREMER,5
GREMILLION,10
GREMINGER,5
GREMLER,5
GREMMELS,5
GREMMINGER,5
GREMO,5
GREN,5
GRENDA,5
GRENET,5
GRENFELL,5
GRENGS,5
GRENIER,40
GRENINGER,5
GRENKE,5
GRENKO,5
GRENNAN,5
GRENNAY,5
GRENNON,5
GRENON,5
GRENSKY,5
GRENWAY,5
GRENZ,10
GRESCO,5
GRESH,5
GRESHAM,50
GRESKO,5
GRESL,5
GRESS,10
GRESSETT,5
GRESSLER,5
GRESSLEY,5
GRESSMAN,5
GRESSMIRE,5
GRETH,5
GRETHER,5
GRETO,5
GRETSCH,5
GRETT,5
GRETTER,5
GRETZ,5
GRETZINGER,5
GRETZNER,5
GREUBEL,5
GREUEL,5
GREULICH,5
GREV,5
GREVE,10
GREVER,5
GREVISTON,5
GREW,5
GREWAL,5
GREWE,5
GREWELL,5
GREY,40
GREYDANUS,5
GREYNOLDS,5
GREYOVICH,5
GREYTAK,5
GRGUREVIC,5
GRHAM,5
GRIBBEN,5
GRIBBIN,5
GRIBBINS,5
GRIBBLE,20
GRIBLIN,5
GRICE,30
GRICH,5
GRIDER,30
GRIDLEY,10
GRIEB,5
GRIEBEL,5
GRIEBLING,5
GRIECO,10
GRIEF,5
GRIEFF,5
GRIEGER,5
GRIEGO,20
GRIEM,5
GRIEME,5
GRIEP,5
GRIEPENTROG,5
GRIER,60
GRIERSON,5
GRIES,10
GRIESBACH,5
GRIESBAUM,5
GRIESE,5
GRIESER,5
GRIESHABER,5
GRIESHOP,5
GRIESI,5
GRIESINGER,5
GRIESMEYER,5
GRIESS,5
GRIEST,5
GRIEVE,10
GRIEVES,5
GRIFE,5
GRIFFAN,5
GRIFFARD,5
GRIFFEE,5
GRIFFEL,5
GRIFFEN,20
GRIFFES,5
GRIFFETH,10
GRIFFEY,10
GRIFFIE,10
GRIFFIES,5
GRIFFIETH,5
GRIFFIN,840
GRIFFING,10
GRIFFINS,5
GRIFFIS,30
GRIFFITH,320
GRIFFITHS,40
GRIFFITT,5
GRIFFITTS,5
GRIFFO,5
GRIFFON,5
GRIFFTH,5
GRIFFY,5
GRIFIN,5
GRIGALIUNAS,5
GRIGALONIS,5
GRIGAS,5
GRIGG,20
GRIGGERS,5
GRIGGS,110
GRIGLEN,5
GRIGNON,5
GRIGOREAS,5
GRIGOROV,5
GRIGSBY,50
GRIJALVA,20
GRILL,10
GRILLETTE,5
GRILLEY,5
GRILLI,5
GRILLO,20
GRILLOT,5
GRILLS,5
GRIM,20
GRIMA,5
GRIMALDI,10
GRIMALDO,10
GRIMARD,5
GRIMAUD,5
GRIME,5
GRIMES,210
GRIMLEY,5
GRIMLIE,5
GRIMM,80
GRIMME,5
GRIMMER,10
GRIMMETT,20
GRIMMIUS,5
GRIMS,5
GRIMSHAW,10
GRIMSLEY,20
GRIMSTEAD,5
GRIMWOOD,5
GRINAGE,5
GRINBERG,5
GRINDE,5
GRINDEL,5
GRINDELAND,5
GRINDELL,5
GRINDER,10
GRINDLE,10
GRINDSTAFF,10
GRINE,5
GRINER,10
GRINES,5
GRINIE,5
GRINKLEY,5
GRINMAN,5
GRINNAN,5
GRINNELL,10
GRINNER,5
GRINSTEAD,10
GRINTER,5
GRINVALSKY,5
GRIP,5
GRIPP,5
GRIPPE,5
GRIPPEN,5
GRIPPER,5
GRIPPI,5
GRIPPO,5
GRISANTI,5
GRISBY,10
GRISE,10
GRISETA,5
GRISHABER,5
GRISHAM,30
GRISHAN,5
GRISMER,5
GRISMORE,5
GRISOM,5
GRISOSTOMO,5
GRISSAM,5
GRISSET,5
GRISSETT,10
GRISSINGER,5
GRISSO,5
GRISSOM,50
GRISSON,5
GRIST,10
GRISTEDE,5
GRISWALD,5
GRISWELL,5
GRISWOLD,30
GRISWOULD,5
GRIT,5
GRITMAN,5
GRITSCH,5
GRITTEN,5
GRITTON,10
GRITZ,5
GRIVAS,5
GRIVETTI,5
GRIVNA,5
GRIVNO,5
GRIX,5
GRIZZAFFI,5
GRIZZARD,10
GRIZZEL,5
GRIZZELL,5
GRIZZLE,20
GROAT,10
GROB,5
GROBE,5
GROBER,5
GROBERG,5
GROBES,5
GROBMYER,5
GROBSTEIN,5
GROBY,5
GROCE,30
GROCEMAN,5
GROCH,5
GROCHMAL,5
GROCHOW,5
GROCHOWSKI,5
GROCOTT,5
GRODE,5
GRODECKI,5
GRODEN,5
GRODER,5
GRODI,5
GRODIN,5
GRODSKI,5
GROEBER,5
GROEBNER,5
GROEHLER,5
GROEN,5
GROENE,5
GROENENDYK,5
GROENEVELD,5
GROENEWEG,5
GROENING,5
GROENKE,5
GROEPPER,5
GROESBECK,10
GROESCHEL,5
GROESSER,5
GROETKEN,5
GROETSCH,5
GROF,5
GROFF,20
GROFT,5
GROGAN,40
GROGG,10
GROH,10
GROHMAN,5
GROHMANN,5
GROHOLSKI,5
GROHOSKE,5
GROHOWSKI,5
GROHS,5
GROLEAU,10
GROLL,5
GROLLIMUND,5
GROLLMAN,5
GROM,5
GROMAN,5
GROMER,5
GROMLEY,5
GROMOLL,5
GRON,5
GRONA,5
GRONBERG,5
GRONDAHL,5
GRONDIN,10
GRONER,10
GRONERT,5
GRONEWALD,5
GRONITZ,5
GRONLUND,5
GRONOSKY,5
GRONOWSKI,5
GRONQUIST,5
GRONSTAL,5
GRONVALL,5
GROODY,5
GROOM,20
GROOMBRIDGE,5
GROOME,5
GROOMES,5
GROOMS,40
GROOS,5
GROOT,5
GROOTE,5
GROOVER,10
GROPP,5
GROPPER,5
GROS,10
GROSBIER,5
GROSBY,5
GROSCH,5
GROSCLAUDE,5
GROSCOST,5
GROSE,20
GROSECLOSE,5
GROSENICK,5
GROSH,5
GROSHANS,5
GROSHEK,5
GROSHONG,5
GROSJEAN,5
GROSKREUTZ,5
GROSKY,5
GROSLAND,5
GROSMAN,5
GROSS,270
GROSSACK,5
GROSSBERG,5
GROSSE,10
GROSSEN,5
GROSSENBACHER,5
GROSSER,5
GROSSETETE,5
GROSSETT,5
GROSSHANS,5
GROSSI,10
GROSSKLAUS,5
GROSSKOPF,5
GROSSKREUTZ,5
GROSSLEY,5
GROSSMAN,60
GROSSMANN,5
GROSSMEYER,5
GROSSNICKLE,5
GROSSO,10
GROSSWILER,5
GROSVENOR,10
GROSZ,10
GROSZKIEWICZ,5
GROTBERG,5
GROTE,10
GROTELUESCHEN,5
GROTH,20
GROTHAUS,5
GROTHE,10
GROTHEER,5
GROTHEN,5
GROTHOFF,5
GROTON,5
GROTTS,5
GROTZ,5
GROTZINGER,5
GROTZKE,5
GROULX,5
GROUND,5
GROUNDS,10
GROUPE,5
GROUT,10
GROVE,80
GROVER,70
GROVES,100
GROVIER,5
GROW,20
GROWCOCK,5
GROWDEN,5
GROWELL,5
GROWNEY,5
GROYS,5
GRRIFFIN,5
GRUBA,5
GRUBAUGH,5
GRUBB,60
GRUBBA,5
GRUBBS,80
GRUBE,20
GRUBEL,5
GRUBEN,5
GRUBER,40
GRUBMAN,5
GRUBY,5
GRUCA,5
GRUDA,5
GRUDEM,5
GRUDT,5
GRUDZIEN,5
GRUDZINSKI,5
GRUEBER,5
GRUELL,5
GRUEN,5
GRUENBERG,5
GRUENES,5
GRUENEWALD,5
GRUENHAGEN,5
GRUENING,5
GRUENINGER,5
GRUENWALD,5
GRUESBECK,5
GRUESER,5
GRUETT,5
GRUGER,5
GRUHLKE,5
GRUHN,5
GRUIGER,5
GRUIS,5
GRULKE,5
GRULKEY,5
GRULLON,10
GRUM,5
GRUMAN,5
GRUMBACH,5
GRUMBINE,5
GRUMBLES,5
GRUMBLING,5
GRUMER,5
GRUMET,5
GRUMNEY,5
GRUN,5
GRUNAU,5
GRUNBERG,5
GRUND,10
GRUNDEN,5
GRUNDER,5
GRUNDHOEFER,5
GRUNDMAN,5
GRUNDMANN,5
GRUNDMEIER,5
GRUNDON,5
GRUNDY,20
GRUNE,5
GRUNER,5
GRUNERT,5
GRUNEWALD,10
GRUNIN,5
GRUNINGER,5
GRUNLIEN,5
GRUNOW,5
GRUNST,5
GRUNTZ,5
GRUNWALD,10
GRUPA,5
GRUPE,5
GRUPP,5
GRUSE,5
GRUSENMEYER,5
GRUSH,5
GRUSKA,5
GRUSSENDORF,5
GRUSSING,5
GRUSTAS,5
GRUTERS,5
GRUVER,10
GRUWELL,5
GRUZ,5
GRUZINSKY,5
GRYBEL,5
GRYDER,5
GRYGIEL,5
GRYMES,5
GRYNIUK,5
GRYSZOWKA,5
GRZEBIEN,5
GRZEGOREK,5
GRZELAK,5
GRZESIAK,5
GRZESIK,5
GRZYB,5
GRZYBOWSKI,5
GRZYWACZ,5
GRZYWINSKI,5
GSCHWEND,5
GSCHWIND,5
GSELL,5
GSTOHL,5
GU,5
GUADAGNO,5
GUADAGNOLO,5
GUADALAJARA,5
GUADALUPE,10
GUADARRAMA,5
GUADELOUPE,5
GUADIAN,5
GUADIANA,5
GUAGENTI,5
GUAGLIANO,5
GUAGLIARDO,5
GUAJARDO,50
GUALDONI,5
GUALTIERI,10
GUAMAN,5
GUAN,10
GUANCHE,5
GUANDIQUE,5
GUANIO,5
GUARD,10
GUARDADO,20
GUARDARRAMA,5
GUARDIA,5
GUARDIAN,5
GUARDINO,5
GUARDIOLA,5
GUARDIPEE,5
GUARENO,5
GUARIGLIA,5
GUARIGLIO,5
GUARIN,5
GUARINI,5
GUARINO,20
GUARISCO,5
GUARNERA,5
GUARNERI,5
GUARNIERI,5
GUARNO,5
GUARRACINO,5
GUARRIELLO,5
GUASP,5
GUASTELLA,5
GUAY,20
GUBA,5
GUBALA,5
GUBBINS,5
GUBERMAN,5
GUBERNATH,5
GUBIN,5
GUBITOSI,5
GUBLER,5
GUBSER,5
GUCCIARDI,5
GUCCIARDO,5
GUCCIONE,5
GUCKER,5
GUCKES,5
GUCKIN,5
GUCMAN,5
GUCWA,5
GUDAITIS,5
GUDAT,5
GUDE,5
GUDENKAUF,5
GUDERIAN,5
GUDERJAHN,5
GUDGEL,5
GUDGELL,5
GUDGER,5
GUDIEL,5
GUDINAS,5
GUDINO,10
GUDIS,5
GUDMUNDSON,5
GUDMUNDSSON,5
GUDROE,5
GUE,5
GUEBARA,5
GUEBERT,5
GUECHO,5
GUEDEA,5
GUEDES,5
GUEDESSE,5
GUEDJIAN,5
GUEDRY,5
GUEITS,5
GUEL,10
GUELESPE,5
GUELFF,5
GUELL,5
GUELLA,5
GUELPA,5
GUEMMER,5
GUEMPEL,5
GUENETTE,5
GUENIN,5
GUENINGSMAN,5
GUENISON,5
GUENTHER,30
GUENTHNER,5
GUENTHUR,5
GUERARD,5
GUERCIO,10
GUERECA,5
GUERENA,5
GUERERA,5
GUERERO,5
GUERERRO,5
GUERETTA,5
GUERETTE,5
GUERIN,30
GUERINI,5
GUERINO,5
GUERINOT,5
GUERNSEY,10
GUERRA,190
GUERRANT,5
GUERRAZZI,5
GUERREIRO,5
GUERRERA,10
GUERRERO,270
GUERRETTE,10
GUERRIDO,5
GUERRIER,10
GUERRIERI,5
GUERRIERO,10
GUERRINI,5
GUERRO,10
GUERROUXO,5
GUERRY,5
GUERS,5
GUERTIN,20
GUESMAN,5
GUESS,30
GUEST,40
GUETERSLOH,5
GUETH,5
GUETHLE,5
GUETIERREZ,5
GUEVANA,5
GUEVARA,60
GUEVARRA,5
GUEVERA,5
GUEVIN,5
GUFFANTI,5
GUFFEY,30
GUFFIN,5
GUFFY,5
GUGEL,5
GUGER,5
GUGERTY,5
GUGGEMOS,5
GUGGENHEIM,5
GUGINO,5
GUGLER,5
GUGLIELMI,5
GUGLIELMINA,5
GUGLIELMO,10
GUGLIOTTA,5
GUGLIOTTI,5
GUGLIUZZA,5
GUHL,5
GUIAB,5
GUIALDO,5
GUIAO,5
GUIBERTEAU,5
GUICE,10
GUICHARD,5
GUIDA,10
GUIDABONI,5
GUIDEN,5
GUIDER,5
GUIDERA,5
GUIDETTI,5
GUIDI,10
GUIDICE,5
GUIDO,20
GUIDOS,5
GUIDOTTI,5
GUIDREY,5
GUIDROZ,5
GUIDRY,80
GUIEB,5
GUIEL,5
GUIER,5
GUIFFRE,5
GUIGA,5
GUIGGEY,5
GUIGNARD,5
GUIHER,5
GUIJARRO,5
GUILBAULT,5
GUILBE,5
GUILBEAU,5
GUILBEAULT,5
GUILBEAUX,5
GUILBERT,5
GUILBOARD,5
GUILD,10
GUILDFORD,5
GUILE,5
GUILES,5
GUILFOIL,5
GUILFOOS,5
GUILFORD,10
GUILFOYLE,5
GUILIANELLI,5
GUILIANI,5
GUILIANO,5
GUILL,10
GUILLAMA,5
GUILLAN,5
GUILLARY,5
GUILLAUME,10
GUILLEBEAU,5
GUILLEMETTE,10
GUILLEN,50
GUILLERAULT,5
GUILLEREAULT,5
GUILLERMO,10
GUILLET,5
GUILLETTE,5
GUILLIAM,5
GUILLIAMS,5
GUILLORY,60
GUILLOT,10
GUILLOTE,5
GUILLOTTE,10
GUILMAIN,5
GUILMETTE,5
GUILSTORF,5
GUILTNER,5
GUIMARAES,5
GUIMARES,5
GUIMOND,10
GUIN,10
GUINAN,10
GUINANE,5
GUINASSO,5
GUINEY,5
GUINLE,5
GUINN,60
GUINNIP,5
GUINTA,5
GUINTANILLA,5
GUINTHER,5
GUINTO,5
GUINYARD,10
GUION,10
GUIRAND,5
GUIRE,5
GUIRGIS,5
GUISBERT,5
GUISE,5
GUISINGER,5
GUISKI,5
GUISTI,5
GUITANO,5
GUITAR,5
GUITARD,5
GUITEREZ,5
GUITERREZ,10
GUITH,5
GUITIAN,5
GUITIEREZ,5
GUITIERREZ,10
GUITREAU,5
GUITTAR,5
GUITTENNEZ,5
GUITTEREZ,5
GUITY,5
GUIZAR,10
GULA,10
GULAN,5
GULARTE,5
GULATI,5
GULBRAA,5
GULBRANDSEN,5
GULBRANDSON,5
GULBRANSEN,5
GULBRANSON,10
GULDE,5
GULDEMOND,5
GULDEN,5
GULDIN,5
GULER,5
GULEY,5
GULICK,10
GULIKERS,5
GULINI,5
GULINO,5
GULINSON,5
GULISANO,5
GULIZIO,5
GULKE,5
GULL,5
GULLA,5
GULLACE,5
GULLAGE,5
GULLATT,5
GULLATTE,5
GULLEDGE,10
GULLETT,20
GULLETTE,10
GULLEY,40
GULLICK,5
GULLICKSON,10
GULLIKSEN,5
GULLING,5
GULLION,10
GULLIVER,5
GULLIXSON,5
GULLO,10
GULLOTTA,5
GULLUNG,5
GULLY,10
GULNAC,5
GULNICK,5
GULOTTA,5
GULSTON,5
GULSVIG,5
GULYAS,5
GUM,10
GUMAER,5
GUMB,5
GUMBEL,5
GUMBERT,5
GUMBS,10
GUMINA,5
GUMM,10
GUMMER,5
GUMMERSALL,5
GUMMERSHEIMER,5
GUMMO,5
GUMP,10
GUMPERT,5
GUMPHREY,5
GUMPRECHT,5
GUMS,5
GUMZ,5
GUN,5
GUNAGAN,5
GUNAWAN,5
GUNBY,5
GUNDELACH,5
GUNDER,5
GUNDERMAN,5
GUNDERSEN,5
GUNDERSON,40
GUNDERT,5
GUNDLACH,5
GUNDRUM,5
GUNDRY,5
GUNDY,5
GUNGOR,5
GUNIA,5
GUNKEL,5
GUNKELMAN,5
GUNLOCK,5
GUNN,100
GUNNARSON,5
GUNNELL,10
GUNNELLS,5
GUNNELS,10
GUNNER,5
GUNNERSON,5
GUNNETT,5
GUNNING,10
GUNNOE,5
GUNSELMAN,5
GUNSOLLEY,5
GUNSOLUS,5
GUNST,5
GUNSTREAM,5
GUNTER,100
GUNTERMAN,5
GUNTERT,5
GUNTHARP,5
GUNTHER,30
GUNTHROP,5
GUNTO,5
GUNTRUM,5
GUNYAN,5
GUNYON,5
GUNZALEZ,5
GUNZELMAN,5
GUNZENHAUSER,5
GUO,10
GUOAN,5
GUPPY,5
GUPTA,20
GUPTILL,5
GUPTON,10
GURA,5
GURAL,5
GURALNICK,5
GURECKI,5
GURECZNY,5
GUREVICH,5
GURGANIOUS,5
GURGANUS,10
GURIDI,5
GURIN,5
GURITZ,5
GURKA,5
GURKE,5
GURKIN,5
GURLEY,40
GURNE,5
GURNEE,5
GURNER,5
GURNETT,5
GURNEY,20
GURNSEY,5
GURR,5
GURRAD,5
GURRERO,5
GURRIERI,5
GURROLA,10
GURRY,5
GURSKE,5
GURSKI,5
GURSKY,5
GURTIN,5
GURTNER,5
GURULE,20
GURVINE,5
GURWELL,5
GURWITZ,5
GUSA,5
GUSCIORA,5
GUSE,10
GUSEWELLE,5
GUSHARD,5
GUSHEE,5
GUSHI,5
GUSHIKEN,5
GUSHUE,5
GUSHWA,5
GUSKE,5
GUSKY,5
GUSLER,5
GUSMAN,20
GUSMAR,5
GUSS,10
GUSSIN,5
GUSSLER,5
GUSSMAN,5
GUSSOW,5
GUST,10
GUSTAFSON,90
GUSTASON,5
GUSTAVE,5
GUSTAVESON,5
GUSTAVSON,10
GUSTER,5
GUSTIN,20
GUSTINE,5
GUSTIS,5
GUSTISON,5
GUSTITUS,5
GUSTOVICH,5
GUSTUS,5
GUSZAK,5
GUT,5
GUTCHES,5
GUTEKUNST,5
GUTENBERG,5
GUTENBERGER,5
GUTENSON,5
GUTERMAN,5
GUTERMUTH,5
GUTERREZ,5
GUTERRIEZ,5
GUTGESELL,5
GUTH,10
GUTHARY,5
GUTHERIE,5
GUTHMILLER,5
GUTHORN,5
GUTHRIDGE,10
GUTHRIE,120
GUTIENNEZ,5
GUTIERES,5
GUTIEREZ,10
GUTIERRE,5
GUTIERRES,10
GUTIERREX,5
GUTIERREZ,510
GUTIRREZ,10
GUTJAHR,5
GUTKIN,5
GUTKNECHT,5
GUTKOWSKI,5
GUTMAN,10
GUTMANN,5
GUTOSKI,5
GUTOWSKI,10
GUTRERREZ,5
GUTREUTER,5
GUTSCHE,5
GUTSCHOW,5
GUTSHALL,10
GUTT,5
GUTTA,5
GUTTENBERG,5
GUTTER,5
GUTTERIDGE,5
GUTTERMAN,5
GUTTERREZ,5
GUTTERY,5
GUTTIEREZ,5
GUTTIERREZ,5
GUTTING,5
GUTTIREZ,5
GUTTMAN,5
GUTTMANN,5
GUTTORMSON,5
GUTZLER,5
GUTZMAN,5
GUTZMANN,5
GUTZMER,5
GUTZWILLER,5
GUY,140
GUYE,5
GUYER,20
GUYET,5
GUYETT,5
GUYETTE,10
GUYLL,5
GUYMON,5
GUYNES,5
GUYNN,10
GUYNUP,5
GUYON,5
GUYOT,5
GUYOTT,5
GUYS,5
GUYTON,40
GUZ,5
GUZALAK,5
GUZEK,5
GUZEWICZ,5
GUZI,5
GUZIAK,5
GUZICZEK,5
GUZIEC,5
GUZIK,10
GUZMA,5
GUZMAN,340
GUZMDN,5
GUZON,5
GUZOWSKI,5
GUZY,5
GUZZARDO,5
GUZZETTA,5
GUZZI,10
GUZZIO,5
GUZZO,5
GVERRERO,5
GWALTHNEY,5
GWALTNEY,10
GWARTNEY,5
GWATHNEY,5
GWENN,5
GWILLIM,5
GWILT,5
GWIN,20
GWINN,20
GWINNER,5
GWIRTZ,5
GWOZDZ,5
GWYN,10
GWYNES,5
GWYNN,10
GYAKI,5
GYATSO,5
GYGER,5
GYLES,5
GYLLENBAND,5
GYLLENSTEN,5
GYSIN,5
GYURKO,5
GZYM,5
HA,30
HAAB,5
HAABY,5
HAACK,10
HAACKE,5
HAAF,5
HAAG,40
HAAGA,5
HAAGE,5
HAAGENSEN,5
HAAK,10
HAAKE,5
HAAKENSON,10
HAAKENSTAD,5
HAAKER,5
HAAKINSON,5
HAALAND,5
HAAN,5
HAAPALA,5
HAAR,10
HAARE,5
HAARSTAD,5
HAAS,120
HAASCH,5
HAASE,30
HAASS,5
HAATAJA,5
HAAZ,5
HABASH,5
HABBEN,5
HABBS,5
HABBYSHAW,5
HABECK,5
HABEEB,5
HABEGGER,5
HABEL,5
HABENICHT,5
HABER,20
HABERER,5
HABERERN,5
HABERKAMP,5
HABERKORN,5
HABERLE,5
HABERMAN,10
HABERMANN,5
HABERMEHL,5
HABERSHAM,5
HABERSTROH,5
HABIB,10
HABIBI,5
HABICHT,5
HABIF,5
HABIG,5
HABINA,5
HABISCH,5
HABLE,5
HABOUSH,5
HABOWSKI,5
HABROCK,5
HABY,5
HACH,5
HACHER,5
HACHETTE,5
HACHEY,5
HACHEZ,5
HACHIGIAN,5
HACHTING,5
HACK,20
HACKATHORN,5
HACKBART,5
HACKBARTH,10
HACKBORN,5
HACKE,5
HACKEL,5
HACKEN,5
HACKENBERG,5
HACKENBERY,5
HACKENMILLER,5
HACKER,50
HACKERD,5
HACKEROTT,5
HACKETHAL,5
HACKETT,70
HACKEY,5
HACKFORD,5
HACKING,5
HACKL,5
HACKLE,5
HACKLEMAN,5
HACKLER,20
HACKLEY,5
HACKMAN,10
HACKMANN,5
HACKMEYER,5
HACKNER,5
HACKNEY,40
HACKSHAW,5
HACKWELL,5
HACKWORTH,20
HACOPIAN,5
HACZYNSKI,5
HADA,5
HADAD,5
HADALLER,5
HADAWAY,5
HADCOCK,5
HADDAD,20
HADDAN,5
HADDAWAY,5
HADDEN,30
HADDENHAM,5
HADDER,5
HADDICK,5
HADDIX,20
HADDOCK,20
HADDON,5
HADDOW,5
HADDOX,10
HADE,5
HADEF,5
HADEL,5
HADEN,10
HADER,5
HADESTY,5
HADFIELD,10
HADGES,5
HADIAN,5
HADIARIS,5
HADLAND,5
HADLER,5
HADLEY,80
HADLOCK,10
HADNOT,10
HADNOTT,5
HADSALL,5
HADSELL,10
HADSON,5
HADVAB,5
HADWIN,5
HADY,5
HAEBER,5
HAECK,5
HAECKEL,5
HAECKER,5
HAEDER,5
HAEFELE,5
HAEFNER,10
HAEGELE,5
HAEGER,5
HAEHN,5
HAEN,5
HAENER,5
HAER,5
HAERING,5
HAERR,5
HAERTEL,5
HAERTER,5
HAESE,5
HAESSIG,5
HAESSLER,5
HAESSLY,5
HAEUSER,5
HAEUSSLER,5
HAFELE,5
HAFEMAN,5
HAFEMEISTER,5
HAFEN,5
HAFENBRACK,5
HAFENSTEIN,5
HAFER,20
HAFERKAMP,5
HAFF,5
HAFFERKAMP,5
HAFFEY,10
HAFFLING,5
HAFFNER,10
HAFFORD,10
HAFLETT,5
HAFLEY,10
HAFNER,10
HAFT,5
HAFTER,5
HAGA,10
HAGADONE,5
HAGADORN,5
HAGAMAN,10
HAGAN,80
HAGANS,20
HAGAR,10
HAGARTY,5
HAGBERG,10
HAGE,10
HAGEBUSCH,5
HAGEDORN,10
HAGEE,5
HAGEL,5
HAGELE,5
HAGELGANS,5
HAGEMAN,10
HAGEMANN,10
HAGEMEIER,5
HAGEMEYER,5
HAGEN,80
HAGENBAUGH,5
HAGENBROK,5
HAGENBUCH,5
HAGENE,5
HAGENHOFF,5
HAGENS,5
HAGENSON,5
HAGENY,5
HAGER,80
HAGERMAN,20
HAGERT,5
HAGERTY,10
HAGES,5
HAGEY,5
HAGG,5
HAGGAN,5
HAGGANS,5
HAGGAR,5
HAGGARD,40
HAGGART,5
HAGGARTY,5
HAGGBERG,5
HAGGE,5
HAGGEN,5
HAGGER,5
HAGGERMAKER,5
HAGGERTON,5
HAGGERTY,40
HAGGETT,5
HAGGIN,5
HAGGINS,10
HAGGIS,5
HAGGLUND,5
HAGGSTROM,5
HAGHIGHI,5
HAGIE,5
HAGIN,5
HAGINS,10
HAGIST,5
HAGLE,5
HAGLER,20
HAGLEY,5
HAGLUND,10
HAGMAIER,5
HAGMAN,5
HAGMANN,5
HAGNER,5
HAGON,5
HAGOOD,10
HAGOPIAN,10
HAGOS,5
HAGSTROM,5
HAGUE,20
HAGWELL,5
HAGWOOD,5
HAGY,10
HAHL,5
HAHM,5
HAHN,130
HAHNE,10
HAHNER,5
HAHNERT,5
HAHS,5
HAI,5
HAID,5
HAIDER,10
HAIFA,5
HAIFLEY,5
HAIG,5
HAIGH,10
HAIGHT,30
HAIGLER,10
HAIGWOOD,5
HAIK,5
HAIL,10
HAILE,20
HAILES,5
HAILEY,30
HAILS,5
HAILSTOCK,5
HAILSTONE,5
HAIMES,5
HAIMS,5
HAIN,10
HAINDS,5
HAINE,5
HAINER,5
HAINES,100
HAINESWORTH,5
HAINEY,5
HAINLEY,5
HAINLINE,5
HAINS,5
HAINSEY,5
HAINSWORTH,5
HAIR,30
HAIRE,20
HAIRELL,5
HAIRFIELD,5
HAIRGROVE,5
HAIRR,5
HAIRSTER,5
HAIRSTON,90
HAISLETT,5
HAISLEY,5
HAISLIP,10
HAIST,5
HAISTEN,5
HAIT,5
HAITH,10
HAITHCOCK,5
HAITZ,5
HAJDAS,5
HAJDUK,5
HAJDUKIEWICZ,5
HAJEK,10
HAKALA,10
HAKANSON,5
HAKE,20
HAKEEM,5
HAKEL,5
HAKEN,5
HAKER,5
HAKES,10
HAKEY,5
HAKIM,5
HAKIMI,5
HAKIMIAN,5
HAKKILA,5
HAL,5
HALAAS,5
HALABY,5
HALAJIAN,5
HALALIKY,5
HALAMA,5
HALAS,5
HALASZ,5
HALAT,5
HALBACH,5
HALBERG,5
HALBERSHTAM,5
HALBERSTAM,5
HALBERT,20
HALBRITTER,5
HALBROOK,5
HALBROOKS,5
HALBUR,5
HALBURNT,5
HALCOM,5
HALCOMB,30
HALCON,5
HALCOTT,5
HALD,5
HALDANE,5
HALDEMAN,10
HALDER,5
HALDERMAN,5
HALDI,5
HALDIMAN,5
HALE,370
HALEAMAU,5
HALECHKO,5
HALEK,5
HALEN,5
HALES,30
HALEY,160
HALF,5
HALFACRE,10
HALFERTY,5
HALFHILL,5
HALFMANN,5
HALFORD,10
HALGAS,5
HALGREN,5
HALGRIMSON,5
HALIBURTON,10
HALICK,5
HALIFAX,5
HALIK,5
HALIM,5
HALIMA,5
HALK,5
HALKO,5
HALL,2000
HALLA,5
HALLACK,5
HALLADA,5
HALLADAY,10
HALLAHAN,5
HALLAM,10
HALLAN,5
HALLAS,5
HALLAUER,5
HALLAWAY,5
HALLBACK,5
HALLBERG,10
HALLCZUK,5
HALLE,10
HALLECK,5
HALLEE,5
HALLEEN,5
HALLEMEYER,5
HALLENBECK,10
HALLER,30
HALLERMAN,5
HALLET,5
HALLETT,20
HALLEY,20
HALLFORD,5
HALLGREN,5
HALLIBURTON,10
HALLICK,5
HALLIDAY,20
HALLIE,5
HALLIGAN,10
HALLIHAN,5
HALLIMAN,5
HALLIN,5
HALLINAN,10
HALLING,5
HALLINGER,5
HALLIO,5
HALLISEY,5
HALLIWELL,5
HALLMAN,30
HALLMARK,20
HALLMON,5
HALLO,5
HALLOCK,20
HALLORAN,20
HALLOWAY,10
HALLOWELL,10
HALLOWICH,5
HALLQUIST,5
HALLS,10
HALLSTEAD,5
HALLSTROM,5
HALLUM,10
HALLUMS,5
HALLY,5
HALM,5
HALMA,5
HALMAN,5
HALMES,5
HALMICK,5
HALMSTEAD,5
HALNON,5
HALO,5
HALON,5
HALONEN,5
HALPAIN,5
HALPAINY,5
HALPER,5
HALPERIN,5
HALPERN,20
HALPERT,5
HALPHEN,5
HALPIN,20
HALPRIN,5
HALS,5
HALSALL,5
HALSE,5
HALSELL,5
HALSEMA,5
HALSETH,5
HALSEY,30
HALSTEAD,30
HALSTED,10
HALSTON,5
HALSTROM,5
HALT,5
HALTER,20
HALTERMAN,10
HALTIWANGER,5
HALTOM,5
HALTON,10
HALUSKA,5
HALVERSON,30
HALVORSEN,10
HALVORSON,20
HALWARD,5
HALWICK,5
HALWOOD,5
HALYK,5
HAM,80
HAMACHER,5
HAMAD,5
HAMADA,10
HAMAI,5
HAMAKER,5
HAMALAINEN,5
HAMALAK,5
HAMAMOTO,5
HAMAN,10
HAMANN,20
HAMANO,5
HAMAR,5
HAMARA,5
HAMASAKI,5
HAMB,5
HAMBELTON,5
HAMBERG,5
HAMBERGER,5
HAMBERLIN,5
HAMBERRY,5
HAMBLEN,10
HAMBLET,5
HAMBLETON,10
HAMBLEY,5
HAMBLIN,40
HAMBLY,10
HAMBORSKY,5
HAMBRECHT,5
HAMBRIC,5
HAMBRICK,20
HAMBRIGHT,10
HAMBURG,10
HAMBURGER,5
HAMBY,60
HAMDAN,10
HAMDEN,5
HAMDN,5
HAMED,5
HAMEEN,5
HAMEISTER,5
HAMEL,40
HAMELIN,5
HAMELINCK,5
HAMELTON,5
HAMER,30
HAMERNIK,5
HAMERS,5
HAMERSLY,5
HAMES,10
HAMETT,5
HAMFF,5
HAMIC,5
HAMID,5
HAMIDI,5
HAMIEL,5
HAMIL,10
HAMILL,20
HAMILTAN,5
HAMILTON,820
HAMISS,5
HAMITER,5
HAMITON,5
HAMLER,10
HAMLET,10
HAMLETT,20
HAMLETTE,5
HAMLEY,5
HAMLIN,80
HAMLING,5
HAMM,110
HAMMACHER,5
HAMMACK,20
HAMMAKER,5
HAMMAN,10
HAMMANG,5
HAMMANN,5
HAMMANS,5
HAMMAR,5
HAMMARGREN,5
HAMMARLUND,5
HAMMATT,5
HAMME,5
HAMMED,5
HAMMEL,10
HAMMELL,5
HAMMEN,5
HAMMER,70
HAMMEREN,5
HAMMERLE,5
HAMMERLUND,5
HAMMERLY,5
HAMMERMAN,5
HAMMERS,10
HAMMERSCHMIDT,5
HAMMERSLEY,5
HAMMERSMITH,5
HAMMERSTAD,5
HAMMERSTEIN,5
HAMMERSTONE,5
HAMMERSTROM,5
HAMMES,10
HAMMET,5
HAMMETT,30
HAMMETTE,5
HAMMILL,5
HAMMING,5
HAMMITT,10
HAMMOCK,20
HAMMON,20
HAMMOND,280
HAMMONDS,50
HAMMONS,60
HAMMONTREE,10
HAMMRICH,5
HAMN,5
HAMNER,10
HAMNON,5
HAMOLIK,5
HAMON,10
HAMONDS,5
HAMONS,5
HAMONTREE,5
HAMOR,5
HAMP,5
HAMPARIAN,5
HAMPE,5
HAMPEL,5
HAMPER,5
HAMPLE,5
HAMPON,5
HAMPSHIRE,5
HAMPSON,10
HAMPTON,290
HAMRA,5
HAMRE,5
HAMRIC,5
HAMRICK,40
HAMS,5
HAMSHER,5
HAMSIK,5
HAMSON,5
HAMSTRA,5
HAMWAY,5
HAMZA,5
HAMZIK,5
HAN,50
HANACEK,5
HANAFAN,5
HANAFIN,5
HANAGAMI,5
HANAGAN,5
HANAHAN,5
HANAN,5
HANAUER,5
HANAVAN,5
HANAWALT,5
HANAWAY,5
HANBACK,5
HANBERG,5
HANBERRY,5
HANBURY,5
HANBY,5
HANCE,20
HANCEY,5
HANCHER,5
HANCHETT,10
HANCIN,5
HANCOCK,210
HANCOX,5
HAND,80
HANDAL,5
HANDCOCK,5
HANDEL,10
HANDELAND,5
HANDELMAN,5
HANDELSMAN,5
HANDERSON,5
HANDFORD,5
HANDIN,5
HANDING,5
HANDKE,5
HANDKINS,5
HANDLER,10
HANDLEY,40
HANDLIN,5
HANDLY,5
HANDON,5
HANDREN,5
HANDRICK,5
HANDS,5
HANDSAKER,5
HANDSCHUMAKER,5
HANDSHAW,5
HANDSHOE,5
HANDSOM,5
HANDSOME,5
HANDT,5
HANDVILLE,5
HANDWERK,5
HANDWERKER,5
HANDY,60
HANDZEL,5
HANDZLIK,5
HANE,5
HANEBUTT,5
HANEGAN,5
HANEK,5
HANEKAMP,5
HANEKE,5
HANEL,5
HANELINE,5
HANEMANN,5
HANENBERGER,5
HANENKRAT,5
HANER,10
HANES,40
HANEY,120
HANF,5
HANFORD,10
HANFT,5
HANG,20
HANGARTNER,5
HANGER,10
HANHAN,5
HANHARDT,5
HANIBLE,5
HANIFAN,5
HANIFY,5
HANIGAN,5
HANING,5
HANINGTON,5
HANIS,5
HANISCH,5
HANISCO,5
HANISKO,5
HANK,10
HANKE,10
HANKEL,5
HANKEN,5
HANKERSON,10
HANKEY,5
HANKIN,5
HANKINS,90
HANKINSON,10
HANKISON,5
HANKLA,5
HANKO,5
HANKS,60
HANLE,5
HANLEY,70
HANLIN,10
HANLINE,5
HANLON,30
HANLY,5
HANMER,5
HANMORE,5
HANN,20
HANNA,120
HANNAFIN,5
HANNAFORD,5
HANNAGAN,5
HANNAH,90
HANNAHS,5
HANNAM,5
HANNAMAN,5
HANNAN,30
HANNASCH,5
HANNAWALT,5
HANNAWAY,5
HANNAY,5
HANNEGAN,5
HANNEKEN,5
HANNEM,5
HANNEMAN,10
HANNEMANN,5
HANNEN,5
HANNER,10
HANNERS,5
HANNES,5
HANNEY,5
HANNI,5
HANNIBAL,5
HANNIFAN,5
HANNIG,5
HANNIGAN,10
HANNINEN,5
HANNING,10
HANNO,5
HANNOLD,5
HANNON,40
HANNS,5
HANNULA,5
HANNUM,10
HANO,5
HANOA,5
HANOCK,5
HANOHANO,5
HANOHARO,5
HANOLD,5
HANOVER,10
HANRAHAN,20
HANRATH,5
HANRY,5
HANS,10
HANSARD,10
HANSBERGER,5
HANSBERRY,5
HANSBROUGH,5
HANSBURY,5
HANSCH,5
HANSCHE,5
HANSCOM,10
HANSEL,20
HANSELL,10
HANSELMAN,10
HANSEN,470
HANSER,5
HANSERD,5
HANSES,5
HANSFORD,10
HANSHAW,10
HANSHEW,5
HANSIL,5
HANSING,5
HANSIS,5
HANSLEY,10
HANSMAN,5
HANSMANN,5
HANSOME,5
HANSON,430
HANSROTE,5
HANSSON,5
HANSTEEN,5
HANSTEIN,5
HANSTINE,5
HANT,5
HANTEN,5
HANTHORN,5
HANTMAN,5
HANTON,5
HANTULA,5
HANTZ,5
HANTZARIDES,5
HANUS,5
HANUSEY,5
HANVEY,5
HANVILLE,5
HANWAY,5
HANZ,5
HANZEL,5
HANZELY,5
HANZL,5
HANZLIK,5
HAO,5
HAPE,5
HAPEMAN,5
HAPER,5
HAPGOOD,5
HAPKE,5
HAPP,5
HAPPE,5
HAPPEL,10
HAPPENNY,5
HAPPER,5
HAPPNEY,5
HAPTONSTALL,5
HAQ,5
HAQUE,5
HAR,5
HARA,10
HARABEDIAN,5
HARADA,10
HARADER,5
HARAGUCHI,5
HARAJLI,5
HARAJLY,5
HARALDSON,5
HARALSON,10
HARAMOTO,5
HARAN,5
HARANG,5
HARAPAT,5
HARARI,5
HARARY,5
HARAWAY,5
HARB,5
HARBACH,5
HARBATER,5
HARBAUGH,10
HARBECK,5
HARBEN,5
HARBER,10
HARBERT,10
HARBESON,5
HARBICK,5
HARBIN,40
HARBINSON,5
HARBISON,20
HARBOLD,5
HARBOLT,5
HARBOR,10
HARBORTH,5
HARBOTTLE,5
HARBOUGH,5
HARBOUR,20
HARBUCK,10
HARBUS,5
HARBY,5
HARCAR,5
HARCEY,5
HARCHARIK,5
HARCLERODE,5
HARCOURT,5
HARCROW,5
HARCUM,5
HARCUS,5
HARD,10
HARDACRE,5
HARDAGE,10
HARDAKER,5
HARDAMAN,5
HARDAN,5
HARDAWAY,30
HARDCASTLE,10
HARDE,5
HARDEBECK,5
HARDEE,30
HARDEGREE,5
HARDEL,5
HARDELL,5
HARDEMAN,20
HARDEMON,5
HARDEN,110
HARDENBROOK,5
HARDENBURG,5
HARDER,50
HARDERMAN,5
HARDERS,5
HARDESTER,5
HARDESTY,40
HARDEY,5
HARDGE,5
HARDGES,5
HARDGRAVE,5
HARDGROVE,5
HARDI,5
HARDIE,10
HARDIGAN,5
HARDIGREE,5
HARDIMAN,20
HARDIMON,5
HARDIN,190
HARDINA,5
HARDINE,5
HARDING,160
HARDINGER,5
HARDINSON,5
HARDISON,50
HARDISTER,5
HARDISTY,5
HARDMAN,40
HARDMON,5
HARDNETT,10
HARDNETTE,5
HARDNEY,5
HARDON,5
HARDRICK,10
HARDRICT,5
HARDRIDGE,5
HARDS,5
HARDSOCK,5
HARDT,10
HARDTER,5
HARDUNG,5
HARDWAY,5
HARDWICK,40
HARDY,350
HARDYMAN,5
HARE,70
HARELL,5
HARELSON,5
HAREN,5
HARENS,5
HARER,5
HAREWOOD,10
HARFERT,5
HARFORD,5
HARGENRADER,5
HARGENS,5
HARGER,10
HARGERS,5
HARGES,5
HARGEST,5
HARGETT,20
HARGIS,30
HARGITT,5
HARGRAVE,30
HARGRAVES,10
HARGREAVES,10
HARGRODER,5
HARGROVE,90
HARGROW,5
HARGUS,5
HARIAN,5
HARIG,5
HARING,10
HARINGTON,5
HARIRI,5
HARIS,10
HARISON,5
HARISTON,5
HARJO,10
HARJOCHEE,5
HARJU,5
HARK,5
HARKAVY,5
HARKCOM,5
HARKE,5
HARKEMA,5
HARKEN,5
HARKENREADER,5
HARKER,20
HARKEY,10
HARKIN,5
HARKINS,50
HARKLEROAD,5
HARKLERODE,5
HARKLESS,10
HARKLEY,5
HARKNESS,20
HARKRADER,5
HARKRIDER,5
HARL,5
HARLAN,40
HARLAND,10
HARLE,5
HARLEE,5
HARLEM,5
HARLEMAN,5
HARLES,5
HARLESS,20
HARLESTON,5
HARLEY,50
HARLIN,5
HARLING,5
HARLOFF,5
HARLOR,5
HARLOW,40
HARLOWE,5
HARLSTON,5
HARM,5
HARMAN,60
HARMANN,5
HARMEN,5
HARMENING,5
HARMER,10
HARMESON,5
HARMEYER,5
HARMISON,5
HARMON,300
HARMOND,5
HARMS,50
HARMSEN,5
HARN,10
HARNACK,5
HARNAGE,5
HARNAN,5
HARNAR,5
HARNDEN,10
HARNE,5
HARNED,10
HARNER,10
HARNES,5
HARNESS,40
HARNETT,5
HARNEY,20
HARNISCH,5
HARNISH,10
HARNIST,5
HARNLY,5
HARNOIS,10
HARNOS,5
HARNS,5
HARO,20
HAROLD,20
HAROLDSEN,5
HAROLDSON,5
HAROOTUNIAN,5
HAROS,5
HAROUFF,5
HAROUN,5
HAROUTUNIAN,5
HARP,50
HARPE,10
HARPEL,5
HARPER,540
HARPHAM,5
HARPIN,5
HARPINE,5
HARPOLD,5
HARPOLE,10
HARPOOL,5
HARPS,5
HARPST,5
HARPSTER,10
HARR,30
HARRADEN,5
HARRADINE,5
HARRADON,5
HARRAH,10
HARRAL,5
HARRALD,5
HARRALSON,5
HARRE,5
HARREL,10
HARRELL,200
HARRELLSON,5
HARRELSON,20
HARREN,5
HARRER,5
HARRES,5
HARRETT,5
HARREY,5
HARRIAGE,5
HARRIER,5
HARRIES,5
HARRIET,5
HARRIETT,5
HARRIGAN,20
HARRIGER,5
HARRIGILL,5
HARRIGTON,5
HARRILL,10
HARRIMAN,20
HARRING,5
HARRINGTON,240
HARRIOTT,5
HARRIS,2750
HARRISON,760
HARRISOW,5
HARRISS,10
HARRIST,5
HARRISTON,5
HARRITT,5
HARROD,20
HARROLD,10
HARROP,10
HARROUN,5
HARROW,10
HARROWER,5
HARRY,40
HARRYMAN,5
HARSCH,5
HARSEY,5
HARSH,10
HARSHA,5
HARSHAW,10
HARSHBARGER,10
HARSHBERGER,5
HARSHFIELD,5
HARSHMAN,10
HARSIN,5
HARSTAD,5
HARSTON,5
HARSY,5
HART,540
HARTAGE,5
HARTE,10
HARTEAU,5
HARTEL,5
HARTEN,5
HARTENSTEIN,5
HARTER,30
HARTERT,5
HARTERY,5
HARTFIEL,5
HARTFIELD,20
HARTFORD,20
HARTGERINK,5
HARTGRAVE,5
HARTGRAVES,5
HARTGROVE,5
HARTH,5
HARTHCOCK,5
HARTHORNE,5
HARTHUN,5
HARTIG,10
HARTIGAN,10
HARTILL,5
HARTIN,10
HARTING,10
HARTINGER,5
HARTIS,5
HARTJE,5
HARTJEN,5
HARTKE,5
HARTKOPF,5
HARTL,10
HARTLAGE,5
HARTLE,20
HARTLEBEN,5
HARTLEIN,5
HARTLEN,5
HARTLEP,5
HARTLESS,5
HARTLEY,120
HARTLINE,10
HARTLING,5
HARTLY,5
HARTMAN,200
HARTMANN,30
HARTNELL,5
HARTNESS,10
HARTNETT,20
HARTNEY,5
HARTOG,5
HARTON,10
HARTONG,5
HARTORY,5
HARTPENCE,5
HARTQUIST,5
HARTRANFT,5
HARTRICK,5
HARTRUM,5
HARTRY,5
HARTS,5
HARTSCH,5
HARTSE,5
HARTSELL,20
HARTSFIELD,20
HARTSHORN,10
HARTSHORNE,5
HARTSOCK,10
HARTSOE,5
HARTSON,5
HARTSOOK,5
HARTSOUGH,5
HARTSTEIN,5
HARTT,10
HARTUNG,20
HARTUP,5
HARTVIGSEN,5
HARTWELL,30
HARTWICK,10
HARTWIG,20
HARTWIGSEN,5
HARTY,10
HARTZ,10
HARTZELL,20
HARTZER,5
HARTZFELD,5
HARTZHEIM,5
HARTZLER,10
HARTZO,5
HARTZOG,10
HARUTA,5
HARUTUNIAN,5
HARVARD,10
HARVAT,5
HARVATH,5
HARVEL,5
HARVELL,20
HARVER,5
HARVEST,5
HARVEY,470
HARVICK,5
HARVIE,5
HARVILCHUCK,5
HARVILICZ,5
HARVILL,10
HARVILLA,5
HARVILLE,10
HARVIN,10
HARVISON,5
HARVISTON,5
HARVLEY,5
HARWARD,10
HARWELL,30
HARWICK,5
HARWIN,5
HARWOOD,30
HAS,5
HASAK,5
HASAN,10
HASAS,5
HASBELL,5
HASBERRY,5
HASBNI,5
HASBROUCK,10
HASCALL,5
HASCH,5
HASCHKE,5
HASCUP,5
HASE,5
HASEGAWA,10
HASEK,5
HASELDEN,5
HASELHORST,5
HASELHUHN,5
HASELOFF,5
HASELTINE,5
HASELTON,5
HASEMAN,5
HASEN,5
HASENAUER,5
HASENBECK,5
HASENBERG,5
HASENCAMP,5
HASENFRATZ,5
HASENFUSS,5
HASER,5
HASFJORD,5
HASGILL,5
HASH,20
HASHA,5
HASHAWAY,5
HASHBARGER,5
HASHEM,5
HASHIM,5
HASHIMOTO,10
HASHMI,5
HASKAMP,5
HASKE,5
HASKEL,5
HASKELL,40
HASKER,5
HASKETT,10
HASKEW,5
HASKIN,10
HASKINS,80
HASKO,5
HASKOVEC,5
HASLAM,10
HASLEM,5
HASLER,10
HASLETT,10
HASLEY,5
HASLINGER,5
HASLIP,5
HASPEL,5
HASPER,5
HASS,30
HASSAN,20
HASSANEIN,5
HASSARD,5
HASSE,10
HASSEL,10
HASSELBARTH,5
HASSELKUS,5
HASSELL,30
HASSELMAN,5
HASSELVANDER,5
HASSEN,10
HASSENFRITZ,5
HASSENGER,5
HASSENPLUG,5
HASSETT,10
HASSEY,5
HASSIAN,5
HASSICK,5
HASSIG,5
HASSIN,5
HASSING,5
HASSINGER,10
HASSLER,10
HASSON,20
HASSTEDT,5
HASTE,5
HASTEDT,5
HASTEN,5
HASTERT,5
HASTIE,5
HASTIN,5
HASTING,10
HASTINGS,110
HASTON,10
HASTY,20
HASWELL,5
HASYCHAK,5
HATADA,5
HATAKE,5
HATALA,5
HATAWAY,5
HATCH,90
HATCHCOCK,5
HATCHEL,5
HATCHELL,10
HATCHER,110
HATCHERSON,5
HATCHET,5
HATCHETT,30
HATCHETTE,5
HATCHITT,5
HATFIELD,160
HATHAWAY,90
HATHCOAT,5
HATHCOCK,10
HATHCOX,5
HATHERLY,5
HATHEWAY,5
HATHORN,10
HATHORNE,5
HATHWAY,5
HATKE,5
HATLEE,5
HATLER,5
HATLEY,30
HATMAKER,10
HATMAN,5
HATORI,5
HATRIDGE,5
HATSTAT,5
HATT,5
HATTA,5
HATTABAUGH,5
HATTAN,5
HATTAWAY,10
HATTEN,20
HATTENBACH,5
HATTER,10
HATTEYER,5
HATTIER,5
HATTLEY,5
HATTMAN,5
HATTO,5
HATTON,50
HATTORI,5
HATTUB,5
HATZELL,5
HATZENBIHLER,5
HATZENBUEHLER,5
HATZENBUHLER,5
HAU,5
HAUAN,5
HAUB,5
HAUBEN,5
HAUBER,5
HAUBERT,10
HAUBNER,5
HAUBOLD,5
HAUBRICH,10
HAUBRICK,5
HAUCH,5
HAUCK,20
HAUENSTEIN,5
HAUER,10
HAUERSPERGER,5
HAUF,5
HAUFF,5
HAUFFE,5
HAUFLER,5
HAUG,20
HAUGAARD,5
HAUGABROOK,5
HAUGE,10
HAUGEN,30
HAUGER,5
HAUGH,10
HAUGHEY,5
HAUGHN,5
HAUGHNEY,5
HAUGHT,10
HAUGHTON,10
HAUGLAND,10
HAUGRUD,5
HAUK,10
HAUKAAS,5
HAUKE,5
HAULBROOK,5
HAULEY,5
HAULK,5
HAULTER,5
HAUMAN,5
HAUMESSER,5
HAUN,20
HAUPERT,5
HAUPT,20
HAUPTLY,5
HAUPTMAN,5
HAUPTMANN,5
HAURIN,5
HAURY,5
HAUS,5
HAUSAM,5
HAUSAUER,5
HAUSCHILD,5
HAUSCHILDT,5
HAUSE,10
HAUSEN,5
HAUSER,50
HAUSHALTER,5
HAUSHER,5
HAUSKINS,5
HAUSLADEN,5
HAUSLEIN,5
HAUSLER,5
HAUSMAN,10
HAUSMANN,10
HAUSNER,5
HAUSRATH,5
HAUSS,5
HAUSTEEN,5
HAUSTEIN,5
HAUSWALD,5
HAUT,5
HAUTALA,5
HAUTAMAKI,5
HAUTAN,5
HAUTH,5
HAUXWELL,5
HAUZE,5
HAVARD,10
HAVAS,5
HAVATONE,5
HAVEKOST,5
HAVEL,10
HAVELKA,5
HAVELY,5
HAVEMAN,10
HAVEN,20
HAVENER,10
HAVENHILL,5
HAVENS,50
HAVER,5
HAVERCROFT,5
HAVERFIELD,5
HAVERKAMP,5
HAVERLAND,5
HAVERLY,5
HAVERMALE,5
HAVERMANN,5
HAVERS,5
HAVERSTICK,5
HAVERSTOCK,5
HAVERTY,5
HAVEY,5
HAVICE,5
HAVIER,5
HAVILAND,10
HAVIR,5
HAVIS,5
HAVLICEK,5
HAVLICK,5
HAVLIK,5
HAVLIN,5
HAVNEN,5
HAVNER,5
HAW,5
HAWARD,5
HAWBAKER,5
HAWE,5
HAWELU,5
HAWES,40
HAWF,5
HAWK,70
HAWKE,10
HAWKEN,5
HAWKER,10
HAWKES,20
HAWKEY,5
HAWKIN,10
HAWKINBERRY,5
HAWKING,5
HAWKINGS,5
HAWKINS,590
HAWKINSON,10
HAWKS,50
HAWKSLEY,5
HAWLEY,60
HAWMAN,5
HAWN,10
HAWORTH,20
HAWRYLAK,5
HAWS,20
HAWSE,5
HAWTHORN,10
HAWTHORNE,60
HAWTHRONE,5
HAWVER,5
HAXBY,5
HAXTON,5
HAY,60
HAYA,5
HAYAKAWA,5
HAYASE,5
HAYASHI,10
HAYASHIDA,5
HAYBALL,5
HAYBARGER,5
HAYBURN,5
HAYCOCK,5
HAYCOOK,5
HAYCRAFT,10
HAYDAL,5
HAYDEL,10
HAYDEN,140
HAYDOCK,5
HAYDON,10
HAYDT,5
HAYDU,5
HAYDUK,5
HAYE,5
HAYEK,10
HAYENGA,5
HAYER,5
HAYERTZ,5
HAYES,830
HAYFORD,5
HAYGOOD,20
HAYHOE,5
HAYHURST,10
HAYLES,10
HAYLETT,5
HAYLOCK,5
HAYMAKER,5
HAYMAN,10
HAYMANS,5
HAYMER,5
HAYMES,5
HAYMON,5
HAYMOND,5
HAYMORE,5
HAYN,5
HAYNAM,5
HAYNE,10
HAYNER,10
HAYNES,360
HAYNESWORTH,5
HAYNIE,20
HAYNSWORTH,5
HAYOZ,5
HAYRE,5
HAYS,130
HAYSBERT,5
HAYSE,10
HAYSLETT,10
HAYSLIP,5
HAYTER,10
HAYTH,5
HAYTON,10
HAYWARD,50
HAYWOOD,80
HAYWORD,5
HAYWORTH,10
HAYZLETT,5
HAZA,5
HAZAN,5
HAZARD,20
HAZARIKA,5
HAZEKAMP,5
HAZEL,40
HAZELBAKER,5
HAZELBUSH,5
HAZELETT,5
HAZELGROVE,5
HAZELHURST,5
HAZELIP,10
HAZELL,5
HAZELRIG,5
HAZELRIGG,5
HAZELTINE,10
HAZELTON,20
HAZELWOOD,20
HAZEN,20
HAZER,5
HAZIM,5
HAZINSKI,5
HAZLE,5
HAZLEGROVE,5
HAZLETON,5
HAZLETT,20
HAZLEWOOD,10
HAZLEY,10
HAZLIP,5
HAZLITT,5
HAZOURI,5
HAZY,5
HAZZARD,20
HE,10
HEABERLIN,5
HEACOCK,10
HEACOX,5
HEAD,120
HEADD,5
HEADE,5
HEADEN,10
HEADING,5
HEADINGS,5
HEADINGTON,5
HEADLAM,5
HEADLAND,5
HEADLEE,5
HEADLEY,40
HEADLON,5
HEADLY,5
HEADMAN,5
HEADRICK,40
HEADS,5
HEADY,10
HEAFEY,5
HEAFNER,5
HEAGANY,5
HEAGLE,5
HEAGNEY,5
HEAGY,5
HEAIVILIN,5
HEAL,10
HEALAN,5
HEALD,20
HEALEY,40
HEALLY,5
HEALY,70
HEAM,5
HEAN,5
HEANEY,10
HEANG,5
HEANY,5
HEAP,10
HEAPE,5
HEAPHY,5
HEAPS,10
HEARD,110
HEARE,5
HEARIN,5
HEARING,5
HEARL,5
HEARN,70
HEARNE,20
HEARNEN,5
HEARNS,10
HEARNSBERGER,5
HEARON,10
HEARRON,5
HEARSON,5
HEARST,5
HEARSTON,5
HEART,5
HEARTLEY,5
HEARTSILL,5
HEARTZ,5
HEASLET,5
HEASLEY,10
HEASLIP,5
HEASTON,5
HEATER,10
HEATH,210
HEATHCOCK,5
HEATHCOTE,5
HEATHER,5
HEATHERINGTON,5
HEATHERLY,10
HEATHERSHAW,5
HEATHERTON,5
HEATHMAN,5
HEATLEY,5
HEATLY,5
HEATON,50
HEATWOLE,5
HEAVENER,10
HEAVILAND,5
HEAVILIN,5
HEAVIN,5
HEAVNER,10
HEAVRIN,5
HEBARD,5
HEBB,10
HEBBLETHWAITE,5
HEBDA,5
HEBDEN,5
HEBDON,5
HEBEISEN,5
HEBEL,5
HEBENSTREIT,5
HEBER,5
HEBERER,5
HEBERLE,5
HEBERLEIN,5
HEBERLING,10
HEBERLY,5
HEBERT,150
HEBETS,5
HEBIG,5
HEBNER,5
HEBRANK,5
HEBRARD,5
HEBRON,10
HEBSCH,5
HECHINGER,5
HECHMER,5
HECHT,20
HECK,50
HECKAMAN,5
HECKARD,5
HECKART,10
HECKATHORN,5
HECKATHORNE,5
HECKBERT,5
HECKE,5
HECKEL,10
HECKENBERG,5
HECKENDORF,5
HECKER,20
HECKERMAN,5
HECKERS,5
HECKERT,5
HECKFORD,5
HECKLE,5
HECKLER,10
HECKMAN,30
HECKMANN,5
HECKSTALL,10
HECOX,5
HECT,5
HECTOR,20
HEDBERG,10
HEDDEN,10
HEDDING,5
HEDDINS,5
HEDDLESON,5
HEDDLESTEN,5
HEDEEN,5
HEDEGAARD,5
HEDEGORE,5
HEDEIROS,5
HEDEMANN,5
HEDGE,20
HEDGEBETH,5
HEDGECOCK,5
HEDGEPATH,5
HEDGEPETH,20
HEDGER,5
HEDGES,30
HEDGESPETH,5
HEDGLIN,5
HEDGPETH,5
HEDIGER,5
HEDIN,10
HEDINGER,5
HEDLER,5
HEDLEY,10
HEDLUND,10
HEDMAN,10
HEDON,5
HEDQUIST,5
HEDRICH,5
HEDRICK,80
HEDRINGTON,5
HEDRIX,5
HEDSPETH,5
HEDSTROM,10
HEDTKE,5
HEE,5
HEEBNER,5
HEEBSH,5
HEEFNER,5
HEEG,5
HEELAN,5
HEEMSTRA,5
HEENAN,10
HEENEY,5
HEEP,5
HEER,10
HEERALALL,5
HEERDT,5
HEEREN,5
HEERKES,5
HEERN,5
HEERS,5
HEERSINK,5
HEERY,5
HEESCH,5
HEESE,5
HEETER,10
HEETH,5
HEFEL,5
HEFFELBOWER,5
HEFFELFINGER,5
HEFFERAN,5
HEFFERMAN,5
HEFFERN,5
HEFFERNAN,20
HEFFERNEN,5
HEFFERON,5
HEFFINGTON,10
HEFFLER,5
HEFFLEY,5
HEFFLINGER,5
HEFFNER,30
HEFFREN,5
HEFFRON,10
HEFLER,5
HEFLEY,10
HEFLIN,30
HEFNER,30
HEFT,5
HEFTER,5
HEFTI,5
HEFTY,5
HEGAN,5
HEGARTY,10
HEGDAHL,5
HEGE,5
HEGEDUS,5
HEGEL,5
HEGEMAN,5
HEGENER,5
HEGER,10
HEGG,10
HEGGAN,5
HEGGE,5
HEGGEN,5
HEGGESTAD,5
HEGGIE,5
HEGGINS,5
HEGGOOD,5
HEGGS,5
HEGLAND,10
HEGLAR,5
HEGLER,5
HEGLIN,5
HEGLUND,5
HEGMANN,5
HEGNA,5
HEGNER,5
HEGRE,5
HEGSTAD,5
HEGWER,5
HEGWOOD,10
HEGYI,5
HEHIR,5
HEHL,5
HEHN,5
HEHOLT,5
HEHR,5
HEIBEL,5
HEIBERG,5
HEIBERGER,5
HEIBULT,5
HEICHEL,5
HEICK,5
HEID,10
HEIDBREDER,5
HEIDE,10
HEIDEBRECHT,5
HEIDEBRINK,5
HEIDECKER,5
HEIDEL,10
HEIDELBERG,10
HEIDELBERGER,5
HEIDELBURG,5
HEIDEMA,5
HEIDEMAN,10
HEIDEMANN,5
HEIDEN,10
HEIDENESCHER,5
HEIDENREICH,10
HEIDER,10
HEIDERMAN,5
HEIDGERKEN,5
HEIDI,5
HEIDINGER,5
HEIDKAMP,5
HEIDLER,5
HEIDMANN,5
HEIDORN,5
HEIDRICH,5
HEIDRICK,10
HEIDT,10
HEIDTBRINK,5
HEIDTKE,5
HEIDTMAN,5
HEIER,10
HEIERMANN,5
HEIFNER,5
HEIGH,5
HEIGHT,10
HEIGL,5
HEIKEN,5
HEIKES,5
HEIKKILA,5
HEIKKINEN,10
HEIL,20
HEILBRON,5
HEILBRUN,5
HEILEMAN,5
HEILER,5
HEILIG,10
HEILIGER,5
HEILMAN,20
HEILMANN,5
HEIM,30
HEIMAN,10
HEIMANN,10
HEIMARK,5
HEIMBACH,10
HEIMBAUGH,5
HEIMBIGNER,5
HEIMBUCH,5
HEIMBURGER,5
HEIMER,5
HEIMERDINGER,5
HEIMERL,5
HEIMLICH,5
HEIMLICHER,5
HEIMRICH,5
HEIMS,5
HEIMSNESS,5
HEIMSOTH,5
HEIN,40
HEINANDEZ,5
HEINBACH,5
HEINBAUGH,5
HEINDEL,5
HEINDL,5
HEINE,20
HEINECK,5
HEINECKE,5
HEINEKEN,5
HEINEMAN,10
HEINEMANN,10
HEINEMEYER,5
HEINEN,10
HEINER,10
HEINES,5
HEINEY,5
HEINGARTNER,5
HEINICKE,5
HEINIG,5
HEINIGER,5
HEININGER,5
HEINIS,5
HEINITZ,5
HEINKE,5
HEINL,5
HEINLE,5
HEINLEIN,5
HEINLEN,5
HEINLY,5
HEINO,5
HEINOLD,5
HEINONEN,5
HEINRICH,30
HEINRICHER,5
HEINRICHS,5
HEINRITZ,5
HEINS,10
HEINSOHN,5
HEINTZ,20
HEINTZELMAN,10
HEINTZMAN,5
HEINY,5
HEINZ,30
HEINZE,5
HEINZELMAN,5
HEINZEN,5
HEINZERLING,5
HEINZIG,5
HEINZLE,5
HEINZMAN,5
HEINZMANN,5
HEIPLE,5
HEIR,5
HEIRD,5
HEIRENDT,5
HEIRO,5
HEISDORFFER,5
HEISE,10
HEISEL,5
HEISER,20
HEISERMAN,5
HEISEY,5
HEISHMAN,5
HEISING,5
HEISINGER,5
HEISKELL,5
HEISLER,20
HEISNER,5
HEISS,10
HEISSE,5
HEISSER,5
HEISSERER,5
HEIST,10
HEISTAND,5
HEISTER,5
HEIT,5
HEITBRINK,5
HEITGER,5
HEITHER,5
HEITING,5
HEITKAMP,5
HEITLAND,5
HEITMAN,10
HEITMANN,10
HEITMEYER,5
HEITMULLER,5
HEITNER,5
HEITSCHMIDT,5
HEITZ,10
HEITZMAN,10
HEITZMANN,5
HEIZER,5
HEIZMAN,5
HEJL,5
HEJNY,5
HEKMAN,5
HEKTNER,5
HELAIRE,5
HELANDER,5
HELBERG,5
HELBERT,5
HELBIG,5
HELBING,5
HELBLE,5
HELBLING,5
HELD,30
HELDE,5
HELDENBRAND,5
HELDER,5
HELDERMAN,5
HELDMAN,5
HELDRETH,5
HELDT,10
HELE,5
HELEM,5
HELEMS,5
HELEN,5
HELENA,5
HELF,5
HELFEN,5
HELFENBEIN,5
HELFENSTEIN,5
HELFER,10
HELFERT,5
HELFERTY,5
HELFGOTT,5
HELFIN,5
HELFINSTINE,5
HELFREY,5
HELFRICH,10
HELFRICK,5
HELFRITZ,5
HELGAAS,5
HELGAGER,5
HELGASON,5
HELGER,5
HELGERMAN,5
HELGERSON,5
HELGERT,5
HELGESEN,5
HELGESON,10
HELGET,5
HELGREN,5
HELIE,5
HELIN,5
HELINE,5
HELING,5
HELKE,5
HELKER,5
HELLAMS,5
HELLAND,10
HELLAR,5
HELLARD,5
HELLBERG,5
HELLE,10
HELLEN,5
HELLENBRAND,5
HELLER,90
HELLERMAN,5
HELLEY,5
HELLGREN,5
HELLICKSON,5
HELLING,5
HELLINGER,5
HELLINGS,5
HELLIWELL,5
HELLMAN,10
HELLMANN,5
HELLMICH,5
HELLMUTH,5
HELLNER,5
HELLRIEGEL,5
HELLSTROM,5
HELLUMS,5
HELLWEG,5
HELLWIG,10
HELLYER,5
HELM,50
HELMAN,10
HELMBRECHT,5
HELMBRIGHT,5
HELMCAMP,5
HELMEN,5
HELMER,20
HELMERS,5
HELMERT,5
HELMES,5
HELMICH,5
HELMICK,20
HELMIG,5
HELMINIAK,5
HELMINK,5
HELMKAMP,5
HELMKE,5
HELMLE,5
HELMLINGER,5
HELMLY,5
HELMS,120
HELMSING,5
HELMSTETLER,5
HELMSTETTER,5
HELMUS,5
HELMUTH,10
HELMY,5
HELO,5
HELOM,5
HELOWICZ,5
HELPER,5
HELPHENSTINE,5
HELPHINSTINE,5
HELQUIST,5
HELSCHER,5
HELSEL,10
HELSER,5
HELSETH,5
HELSEY,5
HELSING,5
HELSLEY,10
HELSON,5
HELSTAD,5
HELSTROM,5
HELT,10
HELTON,90
HELTSLEY,5
HELTZEL,5
HELVERSON,5
HELVESTON,5
HELVEY,10
HELVIE,5
HELVIK,5
HELVY,5
HELWEG,5
HELWICK,5
HELWIG,10
HELZER,10
HEM,5
HEMA,5
HEMAN,5
HEMANES,5
HEMANI,5
HEMANN,5
HEMANS,5
HEMAUER,5
HEMBERGER,5
HEMBRE,5
HEMBREE,30
HEMBREY,5
HEMBROUGH,5
HEMBRY,5
HEMBY,10
HEMENWAY,10
HEMEON,5
HEMERLY,5
HEMESATH,5
HEMEYER,5
HEMING,5
HEMINGER,5
HEMINGWAY,20
HEMINOVER,5
HEMISH,5
HEMKEN,5
HEMKER,5
HEMLEPP,5
HEMLER,5
HEMLEY,5
HEMM,5
HEMMANN,5
HEMME,5
HEMMEKE,5
HEMMELGARN,5
HEMMEN,5
HEMMER,10
HEMMERLING,5
HEMMERT,5
HEMMES,5
HEMMETER,5
HEMMIE,5
HEMMIG,5
HEMMING,10
HEMMINGER,5
HEMMINGS,5
HEMMINGSEN,5
HEMMINGWAY,5
HEMON,5
HEMOND,5
HEMP,5
HEMPE,5
HEMPEL,10
HEMPERLEY,5
HEMPFLING,5
HEMPHILL,60
HEMPLE,5
HEMPSTEAD,5
HEMPTON,5
HEMRIC,5
HEMRICH,5
HEMRICK,5
HEMRY,5
HEMSATH,5
HEMSLEY,5
HEMSTREET,5
HEMSWORTH,5
HENAGAN,5
HENAIRE,5
HENANDEZ,5
HENAO,5
HENARD,5
HENAULT,10
HENBY,5
HENCE,5
HENCH,5
HENCHECK,5
HENCHEL,5
HENCKEN,5
HENDEE,5
HENDEL,5
HENDER,5
HENDERICKS,5
HENDERICKSON,5
HENDERLIGHT,5
HENDERLITE,5
HENDEROSN,5
HENDERSHOT,20
HENDERSHOTT,5
HENDERSO,5
HENDERSON,950
HENDESON,5
HENDLER,5
HENDLEY,20
HENDON,30
HENDREN,20
HENDRICK,40
HENDRICKS,150
HENDRICKSEN,5
HENDRICKSON,100
HENDRICKX,5
HENDRICS,5
HENDRIE,5
HENDRIK,5
HENDRIKS,5
HENDRIKSON,5
HENDRIX,120
HENDRIXSON,5
HENDRON,5
HENDRY,20
HENDRYX,5
HENDSBEE,5
HENDSON,5
HENDY,5
HENEBRY,5
HENEDIA,5
HENEGAN,5
HENEGAR,10
HENEHAN,5
HENEIN,5
HENEISEN,5
HENERSON,5
HENERY,5
HENESEY,5
HENEY,5
HENFLING,5
HENG,10
HENGEL,5
HENGEN,5
HENGES,5
HENGGELER,5
HENGL,5
HENGST,5
HENIFIN,5
HENIG,5
HENIGAN,5
HENINGBURG,5
HENINGER,5
HENINGTON,5
HENION,5
HENJES,5
HENK,5
HENKE,30
HENKEL,20
HENKEN,5
HENKENSIEFKEN,5
HENKES,5
HENKEY,5
HENKHAUS,5
HENKIN,5
HENKLE,10
HENLE,5
HENLEY,90
HENLINE,10
HENLY,5
HENMAN,5
HENN,10
HENNAGIN,5
HENNAGIR,5
HENNARD,5
HENNE,5
HENNEBERG,5
HENNEBERGER,5
HENNEBERRY,5
HENNECKE,5
HENNEGAN,5
HENNEKE,5
HENNEMAN,5
HENNEMANN,5
HENNEN,10
HENNES,5
HENNESS,5
HENNESSEE,5
HENNESSEY,30
HENNESSY,20
HENNESY,5
HENNEY,5
HENNICK,5
HENNIES,5
HENNIG,10
HENNIGAN,10
HENNIGER,5
HENNIGH,5
HENNIGHAUSEN,5
HENNING,40
HENNINGER,20
HENNINGS,10
HENNINGSEN,5
HENNINGSON,5
HENNINGTON,5
HENNIS,10
HENNON,5
HENRETTA,5
HENREY,5
HENRI,5
HENRICH,10
HENRICHS,5
HENRICHSEN,5
HENRICK,5
HENRICKS,10
HENRICKSEN,5
HENRICKSON,10
HENRIE,5
HENRIGUEZ,5
HENRIKSEN,10
HENRIKSON,5
HENRIQUES,10
HENRIQUEZ,20
HENRITY,5
HENRY,680
HENSCHEID,5
HENSCHEL,5
HENSCHEN,5
HENSCHKE,5
HENSDILL,5
HENSE,5
HENSEL,10
HENSELER,5
HENSEN,10
HENSHALL,5
HENSHAW,20
HENSLE,5
HENSLEE,10
HENSLER,10
HENSLEY,210
HENSLIN,5
HENSON,190
HENSTROM,5
HENTER,5
HENTGES,10
HENTHORN,10
HENTHORNE,5
HENTON,10
HENTRICH,5
HENTSCHEL,5
HENTZ,10
HENTZE,5
HENWOOD,5
HENZE,5
HENZEL,5
HENZLER,5
HEON,5
HEPA,5
HEPBURN,10
HEPFER,5
HEPKER,5
HEPLER,10
HEPNER,10
HEPP,10
HEPPDING,5
HEPPE,5
HEPPEARD,5
HEPPEL,5
HEPPELL,5
HEPPER,5
HEPPERLY,5
HEPPERT,5
HEPPLER,5
HEPPNER,10
HEPTINSTALL,5
HEPWORTH,10
HEQUEMBOURG,5
HER,40
HERA,5
HERAL,5
HERALD,10
HERANDEZ,5
HERARD,5
HERAS,5
HERATY,5
HERAUF,5
HERB,10
HERBEIN,5
HERBEL,5
HERBER,5
HERBERS,5
HERBERT,110
HERBICK,5
HERBIG,5
HERBIN,5
HERBISON,5
HERBOLD,5
HERBOLSHEIMER,5
HERBST,20
HERBSTER,5
HERBY,5
HERCEG,5
HERCHER,5
HERCMAN,5
HERCULES,5
HERD,20
HERDA,5
HERDER,5
HERDES,5
HERDMAN,5
HERDON,10
HERDT,5
HEREDA,5
HEREDIA,30
HEREFORD,20
HEREK,5
HEREM,5
HERENA,5
HERENDEEN,5
HERERA,5
HERERRA,5
HERETH,5
HERFORD,5
HERFORTH,5
HERGENRADER,5
HERGENRETER,5
HERGENROEDER,5
HERGERT,5
HERGET,5
HERIFORD,5
HERIMANN,5
HERING,10
HERINGTON,5
HERITAGE,5
HERKE,5
HERKEL,5
HERKENRATT,5
HERKERT,5
HERKLOTZ,5
HERKSTROETER,5
HERL,5
HERLEY,5
HERLIHY,10
HERLINE,5
HERLING,5
HERLOCKER,5
HERLONG,5
HERMAN,160
HERMANCE,5
HERMANDEZ,5
HERMANN,30
HERMANNS,5
HERMANOWICZ,5
HERMANS,5
HERMANSEN,5
HERMANSON,10
HERMANSTORFER,5
HERMENAU,5
HERMENEGILDO,5
HERMENS,5
HERMES,10
HERMEZ,5
HERMIDA,5
HERMIE,5
HERMON,5
HERMOSILLA,5
HERMOSILLO,10
HERMOSURA,5
HERMS,5
HERMSEN,5
HERMUS,5
HERN,10
HERNADEZ,20
HERNAN,5
HERNANADEZ,5
HERNANDAZ,5
HERNANDE,5
HERNANDER,5
HERNANDERS,5
HERNANDES,20
HERNANDEZ,1920
HERNANDO,5
HERNANDZ,5
HERNANEZ,5
HERNDON,70
HERNE,5
HERNER,5
HERNON,5
HERNTON,5
HERNY,5
HERO,5
HEROD,10
HEROLD,20
HEROMAN,5
HERON,10
HERONEMUS,5
HEROTH,5
HEROUT,5
HEROUX,10
HERPICH,5
HERPOLSHEIMER,5
HERR,30
HERRA,5
HERRADA,5
HERRAN,5
HERRAND,5
HERRANDEZ,5
HERRARA,5
HERRARTE,5
HERRBOLDT,5
HERRE,5
HERREA,5
HERREL,5
HERRELL,10
HERREN,20
HERRERA,400
HERRERAS,5
HERRERO,5
HERRES,5
HERRIAGE,5
HERRICK,40
HERRIDGE,5
HERRIG,5
HERRIGES,5
HERRIMAN,5
HERRIN,30
HERRING,170
HERRINGTON,70
HERRION,5
HERRIOT,5
HERRIOTT,5
HERRITT,5
HERRLICH,5
HERRLING,5
HERRMAN,10
HERRMANN,40
HERRNANDEZ,5
HERROD,10
HERROLD,5
HERRON,110
HERRUD,5
HERRY,5
HERSBERGER,5
HERSCH,5
HERSCHAFT,5
HERSCHEL,5
HERSCHELL,5
HERSCHELMAN,5
HERSCHER,5
HERSEY,20
HERSH,10
HERSHA,5
HERSHAW,5
HERSHBERG,5
HERSHBERGER,30
HERSHELMAN,5
HERSHENSON,5
HERSHEY,10
HERSHFIELD,5
HERSHKOP,5
HERSHKOWITZ,5
HERSHMAN,10
HERSHNOWITZ,5
HERSKOVIC,5
HERSKOVITS,5
HERSMAN,5
HERSOM,10
HERSON,5
HERSTAD,5
HERSTON,5
HERT,5
HERTA,5
HERTEL,10
HERTENSTEIN,5
HERTER,5
HERTH,5
HERTING,5
HERTLE,5
HERTLEIN,5
HERTLER,5
HERTWECK,5
HERTZ,10
HERTZBERG,5
HERTZEL,5
HERTZLER,10
HERTZOG,10
HERVERT,5
HERVEY,10
HERVIG,5
HERVOL,5
HERWEHE,5
HERWIG,5
HERWOOD,5
HERYFORD,5
HERZ,5
HERZBERG,10
HERZBERGER,5
HERZBRUN,5
HERZER,5
HERZFELD,5
HERZIG,10
HERZING,5
HERZOG,50
HESBY,5
HESCH,5
HESCHKE,5
HESCOCK,5
HESFORD,5
HESKETH,5
HESKETT,10
HESLEP,5
HESLER,5
HESLEY,5
HESLIN,10
HESLOP,5
HESPE,5
HESPEN,5
HESS,200
HESSE,20
HESSEE,5
HESSEL,5
HESSELBACH,5
HESSELBEIN,5
HESSELINK,5
HESSELL,5
HESSELMAN,5
HESSELRODE,5
HESSELSCHWARD,5
HESSELTINE,5
HESSENTHALER,5
HESSER,10
HESSEY,5
HESSIAN,5
HESSING,5
HESSION,10
HESSLER,10
HESSLING,5
HESSMAN,5
HESSON,10
HESSONG,5
HESTAND,5
HESTER,150
HESTERLY,5
HESTERMAN,5
HESTERS,5
HESTON,10
HETCHER,5
HETCHMAN,5
HETER,5
HETH,5
HETHCOTE,5
HETHCOX,5
HETHERINGTON,10
HETHERMAN,5
HETJONK,5
HETLAND,5
HETLING,5
HETRICK,20
HETSLER,5
HETT,5
HETTENHAUSEN,5
HETTES,5
HETTICH,5
HETTINGA,5
HETTINGER,10
HETTLER,5
HETTRICK,5
HETTWER,5
HETU,5
HETZ,5
HETZEL,10
HETZER,5
HETZLER,5
HEU,5
HEUANGVILAY,5
HEUBERGER,5
HEUBUSCH,5
HEUCK,5
HEUER,10
HEUETT,5
HEUGEL,5
HEUMAN,5
HEUMANN,5
HEUNG,5
HEUPEL,5
HEURING,5
HEUSCHKEL,5
HEUSEL,5
HEUSER,10
HEUSINKVELD,5
HEUSLEY,5
HEUSNER,5
HEUTMAKER,5
HEUVELMANN,5
HEUWINKEL,5
HEVERIN,5
HEVERLEY,5
HEVERLY,5
HEVESSY,5
HEVESY,5
HEVEY,5
HEVIA,5
HEVNER,5
HEVRIN,5
HEVRON,5
HEW,5
HEWARD,5
HEWATT,5
HEWELL,5
HEWES,10
HEWETT,20
HEWEY,5
HEWGLEY,5
HEWINS,5
HEWITT,120
HEWKO,5
HEWLETT,20
HEWLIN,5
HEWS,5
HEWSON,5
HEXIMER,5
HEY,10
HEYBROCK,5
HEYD,5
HEYDE,5
HEYDEL,5
HEYDEN,5
HEYDENREICH,5
HEYDT,5
HEYDUCK,5
HEYE,5
HEYEN,5
HEYER,10
HEYES,5
HEYING,5
HEYKOOP,5
HEYL,5
HEYLIGER,5
HEYMAN,10
HEYMANN,5
HEYN,5
HEYNE,5
HEYNEN,5
HEYS,5
HEYSER,5
HEYVELD,5
HEYWARD,30
HEYWOOD,10
HEZIAK,5
HIATT,40
HIBBARD,30
HIBBEN,5
HIBBERD,5
HIBBERT,10
HIBBETS,5
HIBBETTS,5
HIBBITS,5
HIBBITT,5
HIBBITTS,10
HIBBLE,5
HIBBLER,10
HIBBS,20
HIBDON,5
HIBERT,5
HIBL,5
HIBLER,5
HIBLEY,5
HIBMA,5
HIBNER,10
HIBSHMAN,5
HICE,10
HICHENS,5
HICIANO,5
HICK,10
HICKAM,5
HICKEL,5
HICKEN,5
HICKENBOTTOM,5
HICKERNELL,5
HICKERSON,20
HICKERT,5
HICKETHIER,5
HICKEY,100
HICKIE,5
HICKINBOTHAM,5
HICKINGBOTHAM,5
HICKINGBOTTOM,5
HICKLE,5
HICKLEY,5
HICKLIN,10
HICKLING,5
HICKMAN,180
HICKMON,10
HICKOCK,5
HICKOK,10
HICKONBOTTOM,5
HICKORY,5
HICKOX,10
HICKS,690
HICKSON,30
HICKTON,5
HIDAKA,5
HIDALGO,50
HIDAY,5
HIDDE,5
HIDDEN,5
HIDES,5
HIDINGER,5
HIDROGO,5
HIDVEGI,5
HIDY,5
HIEATT,5
HIEB,5
HIEBER,5
HIEBERT,10
HIEDEMAN,5
HIEFNAR,5
HIELSCHER,5
HIEMER,5
HIEMSTRA,5
HIENS,5
HIER,5
HIERHOLCER,5
HIERHOLZER,5
HIERONYMUS,5
HIERRO,5
HIERS,10
HIERSCHE,5
HIESERICH,5
HIESTAND,5
HIESTER,5
HIETALA,5
HIETT,10
HIGA,20
HIGANEDA,5
HIGASHI,5
HIGASHIDA,5
HIGBEE,10
HIGBIE,5
HIGBY,10
HIGDON,40
HIGGASON,5
HIGGENBOTHAM,5
HIGGENBOTTOM,5
HIGGENS,5
HIGGIN,10
HIGGINBOTHAM,50
HIGGINBOTHAN,5
HIGGINBOTTOM,5
HIGGINS,300
HIGGINSON,10
HIGGONS,5
HIGGS,30
HIGH,50
HIGHAM,10
HIGHBAUGH,5
HIGHBERGER,5
HIGHERS,5
HIGHFIELD,5
HIGHFILL,10
HIGHLAND,10
HIGHLEY,5
HIGHMAN,5
HIGHNOTE,5
HIGHSHAW,5
HIGHSMITH,20
HIGHT,20
HIGHTOWER,80
HIGHTREE,5
HIGHTSHOE,5
HIGINBOTHAM,5
HIGLE,5
HIGLEY,10
HIGMAN,5
HIGNEY,5
HIGNIGHT,5
HIGNITE,5
HIGSON,5
HIGUCHI,10
HIGUERA,10
HIGUEROS,5
HIGY,5
HIJA,5
HIKEL,5
HIKES,5
HILA,5
HILADO,5
HILAIRE,5
HILAND,5
HILARIO,10
HILB,5
HILBERT,20
HILBIG,5
HILBNER,5
HILBORN,5
HILBRAND,5
HILBUN,5
HILBURN,10
HILBY,5
HILCHER,5
HILCHEY,5
HILD,5
HILDA,5
HILDAGO,5
HILDAHL,5
HILDE,5
HILDEBRAND,40
HILDEBRANDT,20
HILDEBRANT,10
HILDEN,5
HILDENBRAND,5
HILDERBRAND,10
HILDERBRANDT,5
HILDERMAN,5
HILDESHEIM,5
HILDING,5
HILDINGER,5
HILDMAN,5
HILDNER,5
HILDRED,5
HILDRETH,30
HILDRING,5
HILE,10
HILEMAN,10
HILER,5
HILES,20
HILEY,5
HILFERTY,5
HILFIGER,5
HILFIKER,5
HILGEFORT,5
HILGEMAN,5
HILGENDORF,5
HILGER,10
HILGERS,5
HILGERT,5
HILK,5
HILKE,5
HILKER,5
HILKERT,5
HILL,1870
HILLA,5
HILLABUSH,5
HILLAIRE,5
HILLAN,5
HILLANBRAND,5
HILLAND,5
HILLARD,30
HILLARY,5
HILLBERRY,5
HILLBRANT,5
HILLBURG,5
HILLE,10
HILLEARY,5
HILLEBRAND,5
HILLEBRANDT,5
HILLEBRANO,5
HILLEGAS,5
HILLEGASS,5
HILLEMAN,5
HILLEN,10
HILLENBRAND,10
HILLER,30
HILLERED,5
HILLERMAN,5
HILLERS,5
HILLERUD,5
HILLERY,10
HILLES,5
HILLESHEIM,5
HILLESLAND,5
HILLESTAD,5
HILLEY,10
HILLHOUSE,10
HILLIAN,5
HILLIARD,100
HILLIE,5
HILLIER,10
HILLIKER,10
HILLIN,5
HILLING,5
HILLIS,20
HILLMAN,60
HILLMER,5
HILLOCK,5
HILLS,60
HILLSETH,5
HILLSGROVE,5
HILLSMAN,5
HILLSTROM,5
HILLWIG,5
HILLYARD,10
HILLYER,10
HILMAN,5
HILMER,5
HILMES,5
HILO,5
HILOVSKY,5
HILPERT,5
HILSABECK,5
HILSCHER,5
HILSE,5
HILSENBECK,5
HILSENDAGER,5
HILSER,5
HILSGEN,5
HILSINGER,5
HILSON,10
HILST,5
HILSTAD,5
HILSTON,5
HILT,10
HILTBRAND,5
HILTEBEITEL,5
HILTNER,10
HILTON,110
HILTS,5
HILTUNEN,5
HILTY,5
HILTZ,10
HILU,5
HILVERS,5
HILYAR,5
HILYARD,10
HILYER,5
HILZ,5
HILZER,5
HIM,5
HIMANGA,5
HIMBER,5
HIME,5
HIMEBAUGH,5
HIMEL,5
HIMELFARB,5
HIMELSTEIN,5
HIMENEZ,5
HIMES,40
HIMMEL,5
HIMMELMANN,5
HIMMELRIGHT,5
HIMMELSBACH,5
HIMMELSPACH,5
HIMMELWRIGHT,5
HIMMONS,5
HIN,5
HINAHON,5
HINAJOSA,5
HINAMAN,5
HINCE,5
HINCH,5
HINCHCLIFF,5
HINCHCLIFFE,5
HINCHEE,5
HINCHEY,5
HINCHLIFF,5
HINCHLIFFE,5
HINCHMAN,5
HINCK,5
HINCKLE,5
HINCKLEY,10
HINCKS,5
HINCKSON,5
HIND,5
HINDALL,5
HINDBAUGH,5
HINDE,5
HINDERAKER,5
HINDERBERGER,5
HINDERER,5
HINDERLITER,10
HINDERMAN,5
HINDERS,5
HINDES,5
HINDIN,5
HINDLE,5
HINDLEY,5
HINDMAN,30
HINDMARSH,5
HINDS,60
HINDSMAN,5
HINDSON,5
HINE,10
HINEBAUGH,5
HINEGARDNER,5
HINELINE,5
HINELY,5
HINEMAN,5
HINER,10
HINERMAN,10
HINES,320
HINESLEY,5
HINEY,5
HING,5
HINGER,5
HINGLE,5
HINGST,5
HINGSTON,5
HINH,5
HINISH,5
HINK,5
HINKE,5
HINKEL,10
HINKEN,5
HINKES,5
HINKEY,5
HINKLE,100
HINKLEY,20
HINKS,5
HINKSON,10
HINKSTON,5
HINLEY,5
HINMAN,20
HINNANT,10
HINNEN,5
HINNENKAMP,10
HINNERS,5
HINOJOS,10
HINOJOSA,60
HINOKAWA,5
HINOSTROZA,5
HINOTE,5
HINRICHS,10
HINRICHSEN,5
HINSCH,5
HINSEY,5
HINSHAW,20
HINSLEY,5
HINSON,80
HINT,5
HINTERGARDT,5
HINTERMEISTER,5
HINTON,150
HINTSON,5
HINTZ,20
HINTZE,10
HINTZEN,5
HINZ,10
HINZE,10
HINZMAN,5
HINZMANN,5
HIOTT,10
HIPKINS,5
HIPOL,5
HIPOLITO,5
HIPP,20
HIPPE,5
HIPPEN,5
HIPPENSTEEL,5
HIPPENSTIEL,5
HIPPERT,5
HIPPLE,10
HIPPLER,5
HIPPLEY,5
HIPPO,5
HIPPS,10
HIPSHER,5
HIPSLEY,5
HIPWELL,5
HIRAI,5
HIRAKI,5
HIRALDO,5
HIRANO,10
HIRAO,5
HIRAOKA,5
HIRATA,5
HIRAYAMA,5
HIRD,10
HIRE,5
HIRES,10
HIREZI,5
HIRKALER,5
HIRKO,5
HIRLEMAN,5
HIRLIMAN,5
HIRN,5
HIRNEISE,5
HIRONAKA,5
HIRONS,5
HIROSE,5
HIROTA,5
HIRPARA,5
HIRSBRUNNER,5
HIRSCH,60
HIRSCHBERG,5
HIRSCHE,5
HIRSCHFELD,5
HIRSCHFIELD,5
HIRSCHHORN,5
HIRSCHI,5
HIRSCHMAN,10
HIRSCHMANN,5
HIRSCHY,5
HIRSH,10
HIRSHBERG,5
HIRST,10
HIRSTEIN,5
HIRT,10
HIRTE,5
HIRTH,10
HIRTZ,5
HIRZ,5
HISAW,5
HISCOCK,5
HISCOX,5
HISE,10
HISEL,5
HISER,10
HISEY,10
HISKE,5
HISKEY,5
HISLE,10
HISLIP,5
HISLOP,5
HISLOPE,5
HISMAN,5
HISMITH,5
HISRICH,5
HISS,5
HISSAM,5
HISSEM,5
HISSERICH,5
HISSOM,5
HISSONG,5
HISTAND,5
HITCH,10
HITCHCOCK,50
HITCHEN,5
HITCHENS,10
HITCHINGHAM,5
HITCHINGS,5
HITCHKO,5
HITCHMAN,5
HITE,50
HITEMAN,5
HITER,5
HITES,5
HITSMAN,5
HITSON,5
HITT,40
HITTLE,10
HITTMAN,5
HITTNER,5
HITTSON,5
HITZ,10
HITZEL,5
HITZEMAN,5
HITZFELDER,5
HITZLER,5
HIVELY,10
HIVES,5
HIX,20
HIXENBAUGH,5
HIXON,20
HIXSON,20
HIZER,5
HIZKIYA,5
HJALMARSON,5
HJELLE,5
HJELM,5
HJERMSTAD,5
HJORT,5
HLAD,5
HLADEK,5
HLADIK,5
HLASTALA,5
HLAVAC,5
HLAVACEK,5
HLAVATY,5
HLAVKA,5
HLEDIK,5
HLUSKA,5
HLYWA,5
HNAT,5
HNATOW,5
HNOT,5
HNYDA,5
HO,100
HOA,5
HOADLEY,10
HOAG,20
HOAGBERG,5
HOAGE,5
HOAGLAND,20
HOAGLIN,5
HOAGLUND,5
HOAGUE,5
HOAK,5
HOANG,40
HOAR,10
HOARD,20
HOARE,5
HOBACK,5
HOBAN,10
HOBART,10
HOBAUGH,5
HOBB,5
HOBBIE,5
HOBBINS,5
HOBBS,190
HOBBY,10
HOBDAY,5
HOBDEN,5
HOBDY,10
HOBEL,5
HOBELL,5
HOBEN,5
HOBER,5
HOBEREK,5
HOBERG,5
HOBERT,5
HOBGOOD,10
HOBIN,5
HOBKIRK,5
HOBLER,5
HOBLIT,5
HOBOCK,5
HOBSON,70
HOBSTETTER,5
HOCATE,5
HOCH,20
HOCHADEL,5
HOCHARD,5
HOCHBERG,5
HOCHFELDER,5
HOCHHALTER,5
HOCHHAUSER,5
HOCHMAN,5
HOCHMUTH,5
HOCHNADEL,5
HOCHSCHILD,5
HOCHSTATTER,5
HOCHSTEDLER,5
HOCHSTEIN,5
HOCHSTETLER,20
HOCHSTETTER,5
HOCHSTINE,5
HOCK,10
HOCKADAY,10
HOCKE,5
HOCKEMA,5
HOCKENBERRY,20
HOCKENBROCK,5
HOCKENBURY,5
HOCKENSMITH,10
HOCKER,10
HOCKERSMITH,5
HOCKETT,10
HOCKEY,5
HOCKING,10
HOCKINS,5
HOCKLEY,5
HOCKMAN,10
HOCUTT,5
HODA,5
HODAK,5
HODAN,5
HODAPP,10
HODD,5
HODDE,5
HODDER,10
HODEK,5
HODEL,5
HODELL,5
HODER,5
HODERMARSKY,5
HODES,5
HODGDON,10
HODGE,220
HODGEMAN,5
HODGEN,5
HODGENS,5
HODGES,290
HODGIN,10
HODGINS,10
HODGKIN,5
HODGKINS,20
HODGKINSON,10
HODGKISS,5
HODGMAN,5
HODGSON,30
HODKINSON,5
HODNEFIELD,5
HODNETT,10
HODNICKI,5
HODO,10
HODOR,5
HODOS,5
HODOSY,5
HODRICK,5
HODSDON,5
HODSON,20
HODUM,5
HOE,5
HOECK,5
HOECKER,5
HOEFEL,5
HOEFER,10
HOEFERT,5
HOEFFER,5
HOEFFLIGER,5
HOEFFLIN,5
HOEFFNER,5
HOEFLE,5
HOEFLER,5
HOEFLICH,5
HOEFLING,5
HOEFT,10
HOEG,5
HOEGER,5
HOEGERL,5
HOEGH,5
HOEHL,5
HOEHN,10
HOEHNE,10
HOEK,5
HOEKE,5
HOEKMAN,5
HOEKSTRA,10
HOEL,5
HOELL,5
HOELLER,5
HOELLWARTH,5
HOELSCHER,20
HOELTER,5
HOELZEL,5
HOEMANN,5
HOEN,5
HOENE,5
HOENER,5
HOENIG,5
HOENSTINE,5
HOEPER,5
HOEPFNER,5
HOEPPNER,10
HOERAUF,5
HOERGER,5
HOERIG,5
HOERL,5
HOERNEMANN,5
HOERNER,10
HOERR,10
HOERTER,5
HOES,5
HOESCHEN,5
HOESE,5
HOESER,5
HOESING,5
HOESLY,5
HOETGER,5
HOEVEL,5
HOEY,20
HOF,5
HOFACKER,5
HOFBAUER,5
HOFE,5
HOFER,20
HOFF,60
HOFFA,5
HOFFART,5
HOFFARTH,5
HOFFEDITZ,5
HOFFEE,5
HOFFELMEYER,5
HOFFELT,5
HOFFER,20
HOFFERBER,5
HOFFERT,5
HOFFHINES,5
HOFFINE,5
HOFFIS,5
HOFFLER,5
HOFFMAN,420
HOFFMANN,40
HOFFMASTER,5
HOFFMEISTER,5
HOFFMEYER,5
HOFFNAGLE,5
HOFFNER,5
HOFFORD,5
HOFFPAUIR,5
HOFFPAVIR,5
HOFFSCHNEIDER,5
HOFFSES,5
HOFFSTATTER,5
HOFFSTETTER,5
HOFFSTOT,5
HOFHEIMER,5
HOFHINE,5
HOFIUS,5
HOFLAND,5
HOFLER,5
HOFMAN,10
HOFMANN,20
HOFMANS,5
HOFMEISTER,10
HOFSTAD,5
HOFSTADTER,5
HOFSTETTER,10
HOFSTRA,5
HOFTIEZER,5
HOGA,5
HOGAINS,5
HOGAN,240
HOGANCAMP,5
HOGANS,10
HOGANSON,5
HOGARTH,5
HOGARTY,5
HOGATT,5
HOGBERG,5
HOGE,10
HOGELAND,5
HOGELIN,5
HOGEN,5
HOGENMILLER,5
HOGENSON,5
HOGER,5
HOGG,40
HOGGAN,10
HOGGARD,20
HOGGATT,5
HOGGE,10
HOGGINS,5
HOGGLE,5
HOGLAN,5
HOGLAND,5
HOGLE,10
HOGLEN,5
HOGLUND,10
HOGON,5
HOGREFE,5
HOGSED,5
HOGSETT,10
HOGSETTE,5
HOGSTEN,5
HOGSTON,5
HOGSTRUM,5
HOGUE,70
HOGUET,5
HOGY,5
HOH,5
HOHAIA,5
HOHEISEL,5
HOHENBERGER,5
HOHENBRINK,5
HOHENSEE,5
HOHENSTEIN,5
HOHIUDDEN,5
HOHL,10
HOHLER,5
HOHLFELD,5
HOHLSTEIN,5
HOHLT,5
HOHM,5
HOHMAN,10
HOHMANN,5
HOHMEIER,5
HOHN,10
HOHNER,5
HOHNEY,5
HOHNSON,5
HOHNSTEIN,5
HOHOWSKI,5
HOHSTADT,5
HOILMAN,5
HOINACKI,5
HOINES,5
HOINESS,5
HOISETH,5
HOISINGTON,10
HOISL,5
HOIST,5
HOISTION,5
HOIT,5
HOITT,5
HOIUM,5
HOIVIK,5
HOJCZYK,5
HOJEIJ,5
HOJNACKI,5
HOK,5
HOKAMA,5
HOKANSON,5
HOKE,30
HOKENSON,5
HOKES,5
HOKETT,5
HOKKANEN,5
HOKULA,5
HOKUTAN,5
HOLABAUGH,5
HOLADAY,5
HOLAHAN,10
HOLAK,5
HOLAN,5
HOLAWAY,5
HOLBACH,5
HOLBEIN,5
HOLBEN,5
HOLBERG,5
HOLBERT,20
HOLBERTON,5
HOLBROOK,90
HOLBROOKS,5
HOLCEY,5
HOLCH,5
HOLCK,5
HOLCOMB,130
HOLCOMBE,30
HOLCROFT,5
HOLDA,5
HOLDAWAY,5
HOLDBROOK,5
HOLDCRAFT,5
HOLDEMAN,5
HOLDEN,130
HOLDER,140
HOLDERBAUM,5
HOLDERBY,5
HOLDERFIELD,5
HOLDERMAN,10
HOLDERNESS,5
HOLDGRAFER,5
HOLDINESS,5
HOLDING,10
HOLDMAN,5
HOLDNESS,5
HOLDORF,5
HOLDREN,10
HOLDRIDGE,5
HOLDSWORTH,10
HOLDT,5
HOLDVOGT,5
HOLDY,5
HOLE,10
HOLEC,5
HOLECEK,5
HOLECZ,5
HOLEMAN,10
HOLEN,5
HOLES,5
HOLESOVSKY,5
HOLETS,5
HOLEY,5
HOLFORD,10
HOLGATE,10
HOLGERSEN,5
HOLGERSON,5
HOLGUIN,30
HOLIAN,5
HOLIBAUGH,5
HOLIDAY,30
HOLIEN,5
HOLIFEILD,5
HOLIFIELD,20
HOLIHAN,5
HOLIMAN,10
HOLIZNA,5
HOLJE,5
HOLK,5
HOLKA,5
HOLL,10
HOLLA,5
HOLLABAUGH,5
HOLLACK,5
HOLLADAY,10
HOLLAMON,5
HOLLAN,5
HOLLAND,420
HOLLANDER,20
HOLLANDS,5
HOLLANDSWORTH,10
HOLLAR,20
HOLLARD,5
HOLLARN,5
HOLLARS,10
HOLLAWAY,10
HOLLBERG,5
HOLLE,10
HOLLEMAN,10
HOLLEMBAEK,5
HOLLEMON,5
HOLLEN,10
HOLLENBACH,5
HOLLENBACK,5
HOLLENBAUGH,5
HOLLENBECK,30
HOLLENBERG,5
HOLLENDER,5
HOLLENDONNER,5
HOLLENSHEAD,5
HOLLER,20
HOLLERAN,10
HOLLERING,5
HOLLERMAN,5
HOLLERUD,5
HOLLETT,5
HOLLEY,120
HOLLEYMAN,5
HOLLIBAUGH,5
HOLLIDAY,90
HOLLIDGE,5
HOLLIE,10
HOLLIER,10
HOLLIFIELD,20
HOLLIMAN,20
HOLLIMON,5
HOLLIN,5
HOLLING,5
HOLLINGER,20
HOLLINGHEAD,5
HOLLINGHURST,5
HOLLINGS,5
HOLLINGSHEAD,10
HOLLINGSHED,5
HOLLINGSWORTH,90
HOLLINGTON,5
HOLLINGWORTH,5
HOLLINRAKE,5
HOLLINS,40
HOLLINSHEAD,5
HOLLINSHED,5
HOLLINSWORTH,5
HOLLIS,110
HOLLISTER,20
HOLLIWAY,5
HOLLMAN,10
HOLLMANN,5
HOLLNER,5
HOLLO,5
HOLLOBAUGH,5
HOLLOMAN,40
HOLLOMON,10
HOLLON,10
HOLLOPETER,5
HOLLORAN,5
HOLLOW,5
HOLLOWAY,250
HOLLOWELL,20
HOLLWAY,5
HOLLY,30
HOLLYDAY,5
HOLLYFIELD,5
HOLLYWOOD,5
HOLM,50
HOLMAN,150
HOLMBERG,10
HOLME,5
HOLMEN,5
HOLMER,5
HOLMERS,5
HOLMES,650
HOLMGREN,10
HOLMLUND,5
HOLMON,5
HOLMQUEST,5
HOLMQUIST,20
HOLMS,5
HOLMSTEAD,5
HOLMSTROM,10
HOLNESS,5
HOLOHAN,5
HOLOM,5
HOLOMAN,10
HOLOWAY,5
HOLOWELL,5
HOLPP,5
HOLQUIN,10
HOLQUIST,5
HOLROYD,5
HOLSAPPLE,5
HOLSCHER,5
HOLSCLAW,5
HOLSEY,10
HOLSHOUSER,5
HOLSHOVSER,5
HOLSHUE,5
HOLSING,5
HOLSINGER,10
HOLSMAN,5
HOLSOMBACK,5
HOLSONBACK,5
HOLSOPPLE,5
HOLST,20
HOLSTAD,5
HOLSTE,5
HOLSTEGE,5
HOLSTEIN,10
HOLSTEN,5
HOLSTER,5
HOLSTINE,5
HOLSTON,20
HOLSTROM,5
HOLSWORTH,5
HOLT,370
HOLTAN,5
HOLTBERG,5
HOLTE,10
HOLTEN,5
HOLTER,10
HOLTERMAN,5
HOLTGREFE,5
HOLTGREWE,5
HOLTHAM,5
HOLTHAUS,10
HOLTHOFF,5
HOLTHOUSE,5
HOLTHUS,5
HOLTKAMP,5
HOLTMAN,10
HOLTMANN,5
HOLTMEIER,5
HOLTON,50
HOLTORF,5
HOLTROP,5
HOLTRY,5
HOLTS,5
HOLTSCLAW,5
HOLTSOI,5
HOLTZ,30
HOLTZBERG,5
HOLTZCLAW,10
HOLTZEN,5
HOLTZER,5
HOLTZLANDER,5
HOLTZMAN,10
HOLUB,10
HOLUBAR,5
HOLVERSON,5
HOLVEY,5
HOLWAY,5
HOLWEGER,5
HOLY,5
HOLYCROSS,5
HOLYFIELD,10
HOLYOAK,5
HOLYOKE,5
HOLZ,10
HOLZBOOG,5
HOLZE,5
HOLZEM,5
HOLZER,20
HOLZERLAND,5
HOLZHAUER,5
HOLZHEIMER,5
HOLZHUETER,5
HOLZINGER,5
HOLZMAN,10
HOLZMEISTER,5
HOLZMILLER,5
HOLZNECHT,5
HOLZNER,5
HOLZWART,5
HOLZWARTH,5
HOLZWORTH,5
HOM,20
HOMA,5
HOMAN,30
HOMANN,5
HOMANS,5
HOMBURG,5
HOMBY,5
HOMCHICK,5
HOME,5
HOMEN,5
HOMER,30
HOMERDING,5
HOMES,10
HOMESLEY,5
HOMESTEAD,5
HOMEWOOD,5
HOMEYER,5
HOMIAK,5
HOMLES,5
HOMMA,5
HOMME,5
HOMMEL,5
HOMMELL,5
HOMMER,5
HOMMERDING,5
HOMOLA,5
HOMRICH,5
HOMRIGHAUS,5
HOMS,5
HOMSEY,5
HOMSHER,5
HOMYAK,5
HOMZA,5
HON,5
HONAHNI,5
HONAHNIE,5
HONAKER,20
HONAN,5
HONANIE,5
HONAS,5
HONBERGER,5
HONCH,5
HONCHELL,5
HONCHUL,5
HONDA,10
HONDEL,5
HONDORP,5
HONDROS,5
HONE,10
HONEA,10
HONECK,5
HONEGGER,5
HONER,5
HONERKAMP,5
HONES,5
HONEY,10
HONEYCOTT,5
HONEYCUT,5
HONEYCUTT,70
HONEYESTEWA,5
HONEYMAN,5
HONEYSUCKER,5
HONEYWELL,5
HONG,60
HONGA,5
HONGACH,5
HONGERHOLT,5
HONGEVA,5
HONGISTO,5
HONGO,5
HONHART,5
HONIE,5
HONIG,10
HONIGSBERG,5
HONKANEN,5
HONMA,5
HONN,5
HONNEN,5
HONNERLAW,5
HONNETTE,5
HONNOLD,5
HONOHAN,5
HONOKAUPU,5
HONOLD,5
HONOR,5
HONORE,10
HONOUR,5
HONS,5
HONSBERGER,5
HONSE,5
HONSINGER,5
HONTS,5
HONTZ,5
HONUS,5
HONYUMPTEWA,5
HONZA,5
HONZEL,5
HONZELL,5
HOO,5
HOOBLER,5
HOOCK,5
HOOD,230
HOOE,5
HOOEY,5
HOOF,5
HOOFARD,5
HOOGENDOORN,5
HOOGHEEM,5
HOOGHKIRK,5
HOOGLAND,5
HOOK,50
HOOKANO,5
HOOKE,5
HOOKER,70
HOOKFIN,5
HOOKS,80
HOOL,5
HOOLEY,10
HOOLIHAN,5
HOOMANA,5
HOON,5
HOOP,5
HOOPENGARDNER,5
HOOPER,140
HOOPES,10
HOOPII,5
HOOPINGARNER,5
HOOPLE,5
HOOPS,10
HOOS,5
HOOSE,10
HOOSER,10
HOOSIER,10
HOOSOCK,5
HOOT,5
HOOTEN,20
HOOTMAN,5
HOOTON,5
HOOTS,10
HOOTSELL,5
HOOVER,210
HOOVLER,5
HOPE,70
HOPES,10
HOPEWELL,5
HOPF,5
HOPFAUF,5
HOPFENSPERGER,5
HOPFER,5
HOPGOOD,5
HOPKE,5
HOPKIN,5
HOPKINS,410
HOPKINSON,5
HOPKO,5
HOPMAN,5
HOPP,10
HOPPA,5
HOPPE,30
HOPPEL,5
HOPPENRATH,5
HOPPENSTEDT,5
HOPPER,150
HOPPERSTAD,5
HOPPES,5
HOPPESCH,5
HOPPIN,5
HOPPING,10
HOPPINS,5
HOPPLE,5
HOPPMAN,5
HOPPS,10
HOPSKINS,5
HOPSON,60
HOPTON,5
HOPWOOD,10
HOQUE,5
HOR,5
HORA,5
HORABIK,5
HORACE,10
HORACK,5
HORAK,10
HORAL,5
HORAN,30
HORANEY,5
HORBERT,5
HORCHLER,5
HORD,10
HORDE,5
HORDGE,5
HORDYK,5
HORE,5
HORELICK,5
HOREN,5
HORENSTEIN,5
HORES,5
HORESCO,5
HORETH,5
HOREY,5
HORGAN,10
HORGEN,5
HORGER,5
HORI,5
HORIGAN,5
HORII,5
HORIKOSHI,5
HORIMOTO,5
HORINE,5
HORIO,5
HORITA,5
HORIUCHI,5
HORKA,5
HORKEY,5
HORKLEY,5
HORKY,5
HORMAN,5
HORMANDER,5
HORMANN,5
HORMELL,5
HORMUTH,5
HORN,200
HORNACK,5
HORNADAY,5
HORNAK,5
HORNANDEZ,5
HORNBACHER,5
HORNBACK,20
HORNBAKER,5
HORNBARGER,5
HORNBEAK,5
HORNBECK,10
HORNBERG,5
HORNBERGER,10
HORNBROOK,5
HORNBUCKLE,10
HORNBY,5
HORNE,150
HORNEFF,5
HORNER,80
HORNES,5
HORNEY,5
HORNIAK,5
HORNICK,10
HORNIG,5
HORNIK,5
HORNING,20
HORNISH,5
HORNLEIN,5
HORNOFF,5
HORNOR,5
HORNS,5
HORNSBY,30
HORNSHAW,5
HORNSTEIN,5
HORNSTROM,5
HORNUNG,10
HORNYAK,10
HORODYSKI,5
HOROSCHAK,5
HOROVITZ,5
HOROWITZ,30
HORR,5
HORRAS,5
HORRELL,10
HORRIDGE,5
HORRIGAN,5
HORRIS,5
HORROCKS,10
HORRY,5
HORSBURGH,5
HORSCH,5
HORSE,5
HORSEFORD,5
HORSELY,5
HORSEMAN,5
HORSEY,5
HORSFALL,5
HORSFIELD,5
HORSFORD,5
HORSLEY,30
HORSMAN,5
HORST,20
HORSTEAD,5
HORSTMAN,10
HORSTMANN,5
HORT,5
HORTA,10
HORTEIN,5
HORTEN,5
HORTH,5
HORTILLOSA,5
HORTIN,5
HORTMAN,5
HORTON,390
HORUATH,5
HORVAT,5
HORVATH,40
HORVERS,5
HORVITZ,5
HORWATH,5
HORWICH,5
HORWITZ,10
HORWOOD,5
HOSACK,5
HOSAKA,5
HOSANG,5
HOSCH,5
HOSCHANDER,5
HOSCHEID,5
HOSCHEIT,5
HOSCHEK,5
HOSCHOUER,5
HOSE,10
HOSEA,10
HOSECK,5
HOSEIN,5
HOSEK,5
HOSEMAN,5
HOSENDOVE,5
HOSEY,20
HOSFELD,5
HOSFIELD,5
HOSFORD,10
HOSHALL,5
HOSHAW,5
HOSHINO,5
HOSICK,5
HOSIE,5
HOSIER,10
HOSKEY,5
HOSKIE,5
HOSKIN,10
HOSKING,10
HOSKINS,100
HOSKINSON,10
HOSKYNS,5
HOSLE,5
HOSLER,10
HOSLEY,10
HOSMAN,5
HOSMER,10
HOSNER,5
HOSOI,5
HOSPELHORN,5
HOSPKINS,5
HOSS,10
HOSSACK,5
HOSSAIN,5
HOSSE,5
HOSSEINI,5
HOSSFELD,5
HOSSLER,5
HOST,10
HOSTE,5
HOSTELLER,5
HOSTEN,5
HOSTER,5
HOSTERMAN,5
HOSTERT,5
HOSTETLER,30
HOSTETTER,20
HOSTETTLER,5
HOSTIN,5
HOSTLER,5
HOSTOFFER,5
HOSTON,5
HOTAKI,5
HOTALEN,5
HOTALING,10
HOTARD,5
HOTCHKIN,5
HOTCHKISS,20
HOTEK,5
HOTELLING,5
HOTH,5
HOTHAN,5
HOTOVEC,5
HOTRUM,5
HOTT,10
HOTTEL,5
HOTTELL,5
HOTTEN,5
HOTTER,5
HOTTES,5
HOTTINGER,10
HOTTLE,5
HOTTMAN,5
HOTTON,5
HOTZ,5
HOTZE,5
HOU,10
HOUBEN,5
HOUCH,5
HOUCHARD,5
HOUCHEN,5
HOUCHENS,10
HOUCHIN,10
HOUCHINS,10
HOUCK,50
HOUDE,10
HOUDEK,5
HOUEY,5
HOUF,5
HOUFF,5
HOUGAS,5
HOUGE,5
HOUGEN,5
HOUGH,60
HOUGHAM,5
HOUGHLAND,5
HOUGHTALING,10
HOUGHTELLING,5
HOUGHTLING,5
HOUGHTON,40
HOUGLAND,5
HOUGLUM,5
HOUIS,5
HOUK,20
HOULAHAN,5
HOULBERG,5
HOULE,50
HOULIHAN,10
HOULTBERG,5
HOULTON,5
HOUMAN,5
HOUNCHELL,5
HOUNSHELL,5
HOUP,5
HOUPE,5
HOUPT,10
HOURANI,5
HOURIGAN,5
HOURIHAN,5
HOUSAND,5
HOUSDEN,5
HOUSE,170
HOUSEAL,5
HOUSEHOLDER,10
HOUSEKEEPER,5
HOUSEKNECHT,10
HOUSEL,10
HOUSEMAN,10
HOUSEMATE,5
HOUSEN,5
HOUSER,80
HOUSEWORTH,5
HOUSEWRIGHT,5
HOUSEY,5
HOUSH,5
HOUSHOLDER,5
HOUSKA,5
HOUSKEEPER,5
HOUSLER,5
HOUSLEY,10
HOUSMAN,10
HOUSNER,5
HOUSTEN,5
HOUSTON,260
HOUT,5
HOUTCHENS,5
HOUTEN,5
HOUTKOOPER,5
HOUTMAN,5
HOUTS,5
HOUTZ,10
HOUY,5
HOUZAH,5
HOUZE,5
HOVANEC,5
HOVANES,5
HOVANESIAN,5
HOVANTZI,5
HOVARD,5
HOVARTER,5
HOVATTER,5
HOVDA,5
HOVDE,5
HOVDEN,5
HOVE,10
HOVELL,5
HOVELSON,5
HOVEN,5
HOVENGA,5
HOVER,10
HOVERMALE,5
HOVERSON,5
HOVERSTEN,5
HOVEY,10
HOVI,5
HOVICK,5
HOVING,5
HOVIS,20
HOVLAND,5
HOVNANIAN,5
HOVORKA,5
HOVSEPIAN,5
HOW,5
HOWARD,1100
HOWARTER,5
HOWARTH,10
HOWAT,5
HOWATT,5
HOWDEN,5
HOWDESHELL,5
HOWDYSHELL,5
HOWE,150
HOWELL,480
HOWELLS,10
HOWEN,5
HOWENSTINE,5
HOWER,10
HOWERTER,5
HOWERTON,30
HOWERY,10
HOWES,30
HOWETH,5
HOWETT,5
HOWEY,5
HOWICK,5
HOWIE,10
HOWIESON,5
HOWINGTON,10
HOWISON,5
HOWITT,5
HOWK,5
HOWKINS,5
HOWLAND,50
HOWLE,10
HOWLES,5
HOWLETT,20
HOWLEY,10
HOWLIN,5
HOWLINGWOLF,5
HOWMAN,5
HOWORTH,5
HOWRY,5
HOWRYLA,5
HOWSARE,5
HOWSE,10
HOWSER,10
HOWSON,5
HOWTON,10
HOWZE,20
HOWZELL,5
HOXIE,10
HOXIT,5
HOXSIE,5
HOXWORTH,5
HOY,40
HOYAL,5
HOYE,10
HOYER,10
HOYING,5
HOYLAND,5
HOYLE,40
HOYLES,5
HOYLTON,5
HOYMAN,5
HOYNE,5
HOYOS,10
HOYSOCK,5
HOYSRADT,5
HOYT,80
HOYTE,5
HOZEMPA,5
HOZNOUR,5
HRABAL,5
HRABOVSKY,5
HRADECKY,5
HRANCHAK,5
HRAPSKI,5
HRBACEK,5
HRBEK,5
HRCKA,5
HRDLICKA,5
HREHA,5
HREN,5
HRIBAL,5
HRIBAR,5
HRIC,5
HRICKO,5
HRITZ,5
HRIVNAK,5
HRNA,5
HROBSKY,5
HROMEK,5
HRONEK,5
HRONICK,5
HROVAT,5
HRUBY,10
HRUSKA,10
HRYCENKO,5
HRYCKO,5
HRYNIEWICH,5
HSI,5
HSIA,5
HSIANG,5
HSIAO,5
HSIEH,10
HSING,5
HSU,40
HSUEH,5
HSUN,5
HSY,5
HTWE,5
HU,20
HUA,10
HUAMAN,5
HUANG,60
HUANTE,5
HUARD,10
HUBA,5
HUBACH,5
HUBAN,5
HUBBARD,320
HUBBARTT,5
HUBBEL,5
HUBBELL,20
HUBBERT,10
HUBBLE,10
HUBBS,20
HUBBY,5
HUBEL,5
HUBENTHAL,5
HUBER,120
HUBERMAN,5
HUBERT,30
HUBERTUS,5
HUBERTY,5
HUBERTZ,5
HUBIAK,5
HUBIN,5
HUBKA,5
HUBL,5
HUBLER,10
HUBLEY,5
HUBNER,5
HUBRIC,5
HUBRIGHT,5
HUBSCH,5
HUBSCHMITT,5
HUCH,5
HUCK,10
HUCKABAA,5
HUCKABAY,5
HUCKABEE,10
HUCKABEY,5
HUCKABONE,5
HUCKABY,20
HUCKEBA,5
HUCKEBY,5
HUCKFELDT,5
HUCKINS,10
HUCKLE,5
HUCKLEBERRY,5
HUCKS,10
HUCKSTADT,5
HUCKSTEP,10
HUDACH,5
HUDACK,5
HUDAK,20
HUDALLA,5
HUDAS,5
HUDDELSTON,5
HUDDLE,10
HUDDLESON,5
HUDDLESTON,70
HUDDY,5
HUDEC,5
HUDECEK,5
HUDEK,5
HUDELSON,5
HUDES,5
HUDGENS,30
HUDGEONS,5
HUDGINS,50
HUDKINS,10
HUDLER,5
HUDLEY,5
HUDLIN,5
HUDLOW,5
HUDMAN,5
HUDMON,5
HUDNALL,10
HUDNELL,5
HUDNUT,5
HUDOCK,10
HUDOK,5
HUDON,5
HUDRICK,5
HUDSON,580
HUDSPETH,20
HUDY,5
HUE,5
HUEBERT,5
HUEBNER,20
HUEBSCH,5
HUEBSCHMAN,5
HUECKMAN,5
HUEFTLE,5
HUEGEL,5
HUEHN,5
HUELL,5
HUELLE,5
HUELS,5
HUELSE,5
HUELSKAMP,5
HUELSMAN,5
HUEMMER,5
HUENERGARDT,5
HUENINK,5
HUERECA,5
HUERTA,80
HUERTAS,10
HUERTES,5
HUERTO,5
HUESER,5
HUESING,5
HUESMAN,5
HUESO,5
HUESSO,5
HUESTIS,5
HUESTON,5
HUETHER,5
HUETT,5
HUETTMAN,5
HUEWE,5
HUEY,50
HUEZO,5
HUF,5
HUFANA,5
HUFF,240
HUFFAKER,10
HUFFER,5
HUFFINE,10
HUFFINES,5
HUFFMAN,220
HUFFMASTER,5
HUFFNER,5
HUFFORD,20
HUFFSTETLER,5
HUFFSTICKLER,5
HUFFSTUTLER,5
HUFFSTUTTER,5
HUFFT,5
HUFNAGEL,10
HUFSTEDLER,5
HUFSTETLER,5
HUFT,5
HUFTON,5
HUFTY,5
HUG,10
HUGAR,5
HUGE,5
HUGEE,5
HUGEL,5
HUGER,5
HUGES,10
HUGG,5
HUGGARD,10
HUGGER,5
HUGGETT,5
HUGGHINS,5
HUGGHIS,5
HUGGINS,90
HUGGLER,5
HUGH,10
HUGHART,5
HUGHE,5
HUGHEN,5
HUGHES,920
HUGHETT,5
HUGHEY,30
HUGHLETT,5
HUGHLEY,10
HUGHS,10
HUGHSON,5
HUGHSTON,5
HUGI,5
HUGILL,5
HUGLE,5
HUGLEY,10
HUGO,10
HUGRON,5
HUGUELEY,5
HUGUENIN,5
HUGUET,5
HUGULEY,10
HUGUS,5
HUH,5
HUHAMMAD,5
HUHMAN,5
HUHN,10
HUHTA,5
HUHTALA,5
HUHTASAARI,5
HUI,10
HUIE,10
HUIRGS,5
HUISENGA,5
HUISH,5
HUISINGA,5
HUISMAN,5
HUIT,5
HUITING,5
HUITINK,5
HUITRON,5
HUITT,10
HUITZACUA,5
HUIZAR,10
HUIZENGA,10
HUIZINGA,5
HUJER,5
HUKILL,10
HUKLE,5
HULAN,5
HULAND,5
HULBERT,20
HULBURT,5
HULCY,5
HULEN,5
HULES,5
HULET,5
HULETT,20
HULETTE,5
HULICK,5
HULIN,5
HULING,10
HULINGS,10
HULITT,5
HULL,170
HULLENDER,5
HULLETT,5
HULLIHEN,5
HULLINGER,10
HULLINGS,5
HULLUM,5
HULM,5
HULME,10
HULMES,5
HULON,5
HULS,10
HULSE,20
HULSEY,40
HULSHOFF,5
HULSIZER,5
HULSLANDER,5
HULSMAN,5
HULST,5
HULSTINE,5
HULSTRAND,5
HULT,5
HULTBERG,5
HULTGREN,10
HULTMAN,5
HULTON,5
HULTQUIST,5
HULTS,10
HULTZ,5
HULVEY,5
HULZING,5
HUM,5
HUMAN,10
HUMANN,5
HUMASON,5
HUMBARD,5
HUMBARGER,5
HUMBEL,5
HUMBER,5
HUMBERSON,5
HUMBERT,10
HUMBERTSON,5
HUMBIRD,5
HUMBLE,20
HUMBLES,5
HUMBURG,5
HUME,20
HUMENIK,5
HUMENIUK,5
HUMERICK,5
HUMERICKHOUSE,5
HUMES,30
HUMETEWA,5
HUMFELD,5
HUMINSKI,5
HUMISTON,10
HUMM,5
HUMMEL,50
HUMMELL,10
HUMMER,10
HUMMERT,5
HUMMINGBIRD,5
HUMMONS,5
HUMPAL,5
HUMPERT,5
HUMPHERS,5
HUMPHERY,10
HUMPHERYS,5
HUMPHREY,200
HUMPHREYS,50
HUMPHRIES,60
HUMPHRY,5
HUMPHRYS,5
HUMPREY,5
HUMPRIES,5
HUMSTON,5
HUN,5
HUNCKLER,5
HUND,10
HUNDEMER,5
HUNDERLACH,5
HUNDERTMARK,5
HUNDLEY,40
HUNDT,10
HUNEKE,5
HUNER,5
HUNEYCUTT,20
HUNG,10
HUNGATE,10
HUNGER,10
HUNGERFORD,10
HUNKE,5
HUNKELE,5
HUNKER,5
HUNKIN,5
HUNKING,5
HUNKINS,5
HUNLEY,20
HUNN,5
HUNNELL,5
HUNNEWELL,5
HUNNEYMAN,5
HUNNICUT,5
HUNNICUTT,10
HUNNINGS,5
HUNSAKER,20
HUNSBERGER,10
HUNSICKER,10
HUNSINGER,10
HUNSLEY,5
HUNSON,5
HUNSPERGER,5
HUNSTAD,5
HUNSTIGER,5
HUNSUCKER,10
HUNT,630
HUNTE,5
HUNTEN,5
HUNTER,690
HUNTING,5
HUNTINGTON,30
HUNTLEY,60
HUNTON,5
HUNTOON,5
HUNTRESS,5
HUNTSBERGER,5
HUNTSBERRY,10
HUNTSINGER,5
HUNTSMAN,10
HUNTZINGER,5
HUNYADI,5
HUNZE,5
HUNZEKER,5
HUNZELMAN,5
HUNZIKER,10
HUOR,5
HUOT,10
HUOTARI,5
HUPE,5
HUPF,5
HUPKA,5
HUPMAN,5
HUPP,20
HUPPE,5
HUPPENBAUER,5
HUPPER,5
HUPPERT,5
HUPRICH,5
HUPY,5
HUR,5
HURBAN,5
HURD,80
HURDE,5
HURDLE,10
HURET,5
HURFORD,5
HURL,5
HURLA,5
HURLBERT,10
HURLBURT,10
HURLBUT,10
HURLBUTT,5
HURLEBAUS,5
HURLES,5
HURLESS,5
HURLEY,150
HURLOCK,5
HURLSTON,5
HURM,5
HURME,5
HURN,5
HURNDON,5
HURNE,5
HURNEY,5
HURNI,5
HURNS,5
HURO,5
HURON,5
HURRELL,5
HURREN,5
HURRIGAN,5
HURRINGTON,5
HURRLE,5
HURRY,5
HURSE,5
HURSEY,10
HURSH,5
HURST,180
HURSTON,5
HURT,100
HURTA,5
HURTADO,50
HURTER,5
HURTGEN,5
HURTIG,5
HURTIS,5
HURTT,10
HURTUBISE,5
HURTZ,5
HURWITZ,10
HUSAIN,5
HUSAINI,5
HUSAK,5
HUSANINI,5
HUSAR,5
HUSAYKO,5
HUSBAND,10
HUSBANDS,5
HUSBY,10
HUSCH,5
HUSCHER,5
HUSCHLE,5
HUSE,10
HUSEBY,10
HUSEIN,5
HUSEMAN,10
HUSENAJ,5
HUSER,5
HUSETH,5
HUSFELT,5
HUSH,5
HUSHON,5
HUSK,10
HUSKA,5
HUSKEY,30
HUSKI,5
HUSKIN,5
HUSKINS,10
HUSKINSON,5
HUSKY,5
HUSLANDER,5
HUSMAN,10
HUSMANN,5
HUSNI,5
HUSO,5
HUSON,10
HUSS,20
HUSSAIN,10
HUSSAINI,5
HUSSAR,5
HUSSEIN,5
HUSSEINI,5
HUSSELBEE,5
HUSSER,5
HUSSEY,30
HUSSIAN,5
HUSSIEN,5
HUSSMAN,5
HUSSON,5
HUSSONG,5
HUSSY,5
HUST,10
HUSTACE,5
HUSTEAD,5
HUSTED,10
HUSTEDT,5
HUSTON,60
HUSTUS,5
HUSUL,5
HUSZAR,5
HUTCH,5
HUTCHCRAFT,10
HUTCHCROFT,5
HUTCHEN,5
HUTCHENS,30
HUTCHENSON,5
HUTCHERSON,40
HUTCHESON,30
HUTCHIN,5
HUTCHING,5
HUTCHINGS,40
HUTCHINGSON,5
HUTCHINS,110
HUTCHINSON,200
HUTCHISON,90
HUTCHKISS,5
HUTER,5
HUTH,10
HUTLEY,5
HUTMACHER,5
HUTNAK,5
HUTSELL,10
HUTSLER,5
HUTSON,50
HUTT,10
HUTTAR,5
HUTTEN,5
HUTTER,10
HUTTI,5
HUTTLE,5
HUTTMAN,5
HUTTO,30
HUTTON,70
HUTTS,5
HUTYRA,5
HUTZEL,5
HUTZLER,10
HUUS,5
HUVAL,5
HUVER,5
HUWE,5
HUX,10
HUXFORD,5
HUXHOLD,5
HUXLEY,5
HUXMAN,5
HUXTABLE,5
HUY,5
HUYARD,5
HUYCK,5
HUYETT,5
HUYGHE,5
HUYLER,5
HUYNA,5
HUYNH,70
HUYSER,5
HUYSMAN,5
HUZZARD,5
HVIZDOS,5
HWANG,30
HWEE,5
HY,10
HYACINTHE,5
HYAMS,5
HYATT,60
HYATTE,5
HYBARGER,5
HYBERGER,5
HYCH,5
HYCHE,5
HYDE,120
HYDEN,20
HYDER,20
HYDRICK,5
HYDZIK,5
HYER,10
HYERS,5
HYETT,5
HYKES,5
HYLAN,5
HYLAND,30
HYLANDS,5
HYLDAHL,5
HYLE,5
HYLER,10
HYLES,5
HYLINSKI,5
HYLLE,5
HYLTON,30
HYMAN,50
HYMAS,5
HYMEL,10
HYMEN,5
HYMER,5
HYMES,10
HYMON,5
HYMOWITZ,5
HYND,5
HYNDMAN,5
HYNDS,5
HYNEK,5
HYNEMAN,5
HYNES,30
HYNSON,5
HYNUM,5
HYON,5
HYPES,10
HYPOLITE,5
HYPPOLITE,5
HYRE,5
HYRKAS,5
HYSELL,10
HYSER,5
HYSINGER,5
HYSKE,5
HYSLOP,10
HYSMITH,5
HYSOM,5
HYSON,5
HYSONG,5
HYSQUIERDO,5
HYTEN,5
HYTER,5
HYTROS,5
HYUN,5
HYZER,5
IACHETTA,5
IACOBELLI,5
IACOBELLIS,5
IACOBUCCI,5
IACONO,5
IACOPINO,5
IACOVELLI,10
IACOVETTO,5
IACOVINO,5
IACOVISSI,5
IACOVONE,5
IACUZIO,5
IADAROLA,5
IAFRATE,5
IALONGO,5
IAMICELI,5
IAMS,5
IANACONE,5
IANNACCONE,5
IANNACONE,5
IANNALO,5
IANNELLI,5
IANNI,5
IANNIELLO,5
IANNONE,5
IANNOTTI,5
IANNUCCI,5
IANNUZZI,5
IANUZZI,5
IARA,5
IAROCCI,5
IAROSSI,5
IARUSSI,5
IATAROLA,5
IAVARONE,5
IBA,5
IBACH,5
IBALE,5
IBANEZ,20
IBARA,5
IBARRA,110
IBASITAS,5
IBBETSON,5
IBBOTSON,5
IBDAH,5
IBERG,5
IBERRA,5
IBEY,5
IBLE,5
IBORRA,5
IBRAHAM,5
IBRAHIM,20
IBRIC,5
IBSEN,5
IBURG,5
ICARD,5
ICARDO,5
ICE,10
ICENHOUR,10
ICENOGLE,5
ICHIKAWA,5
ICHINOSE,5
ICHINOTSUBO,5
ICKERT,5
ICKES,10
IDA,5
IDDINGS,10
IDE,10
IDELL,5
IDEMA,5
IDEMOTO,5
IDEN,5
IDEUE,5
IDIART,5
IDLEBURG,5
IDLER,5
IDOL,5
IDRIS,5
IDRISS,5
IDROVO,5
IENCO,5
IENG,5
IENNACO,5
IESE,5
IEZZI,5
IFANTIDES,5
IFEANYI,5
IFFERT,5
IFFLAND,5
IFFT,5
IFIE,5
IFILL,5
IFVERSEN,5
IGARTUA,5
IGBAL,5
IGBINOSUN,5
IGEL,5
IGLEHART,5
IGLER,5
IGLES,5
IGLESIA,5
IGLESIAS,20
IGNACIO,10
IGNASIAK,5
IGNERI,5
IGNORIA,5
IGNOWSKI,5
IGO,10
IGOE,5
IGOU,5
IGTANLOC,5
IGUINA,5
IGUS,5
IGWE,5
IHA,5
IHDE,5
IHEME,5
IHENYEN,5
IHLE,5
IHLENFELD,5
IHM,5
IHNAT,5
IHNEN,5
IHRIG,5
IHRKE,5
IIAMS,5
IIDA,5
IINO,5
IJAMES,5
IJAMS,5
IKARD,10
IKE,5
IKEARD,5
IKEDA,10
IKEHARA,5
IKEMIRE,5
IKEMOTO,5
IKENBERRY,5
IKER,5
IKERD,5
IKKELA,5
IKNER,10
IKUTA,5
IKZDA,5
ILACQUA,5
ILAGAN,5
ILALIO,5
ILARDI,5
ILARIA,5
ILARRAZA,5
ILASIN,5
ILDEFONSO,5
ILER,10
ILES,10
ILG,5
ILIC,5
ILIFF,10
ILIFFE,5
ILL,5
ILLA,5
ILLAR,5
ILLAS,5
ILLE,5
ILLER,5
ILLES,5
ILLESCAS,5
ILLIAN,5
ILLIANO,5
ILLICH,5
ILLIES,5
ILLIG,5
ILLINGWORTH,5
ILLOVSKY,5
ILLSLEY,5
ILLUZZI,5
ILSE,5
ILTZSCH,5
IM,10
IMADA,5
IMAI,10
IMAINO,5
IMAIZUMI,5
IMAM,5
IMAMURA,5
IMAN,5
IMBACH,5
IMBER,5
IMBERG,5
IMBERT,5
IMBESI,5
IMBIER,5
IMBIMBO,5
IMBODEN,5
IMBRENDA,5
IMBRIALE,5
IMBROCK,5
IMBROGNO,5
IMBRUGLIA,5
IMBURGIA,5
IMDIEKE,5
IMEL,10
IMES,20
IMESON,5
IMFELD,5
IMGRUND,5
IMHOF,5
IMHOFF,20
IMHOLTE,5
IMIG,5
IMLAY,5
IMLER,10
IMM,5
IMME,5
IMMEDIATO,5
IMMEL,5
IMMEN,5
IMMERMAN,5
IMMING,5
IMMORDINO,5
IMONDI,5
IMOTO,5
IMPARATO,5
IMPERATO,5
IMPERATORE,5
IMPERIAL,5
IMPSON,5
IMRIE,5
IMUS,5
IN,5
INA,5
INABA,5
INABINET,10
INABINETT,5
INABNIT,5
INACIO,5
INAFUKU,5
INAGAKI,5
INBODY,5
INCARNATO,5
INCE,10
INCERA,5
INCH,5
INCHES,5
INCIONG,5
INCLAN,5
INCLE,5
INCOMSTANTI,5
INCORVAIA,5
INDA,5
INDAL,5
INDECK,5
INDELICATO,5
INDERMUEHLE,5
INDEST,5
INDOVINA,5
INDUDDI,5
INER,5
INES,5
INESON,5
INESTROZA,5
INFANTE,20
INFANTINO,5
INFANTOLINO,5
INFERRERA,5
INFIELD,5
INFINGER,5
ING,5
INGA,5
INGALA,5
INGALLS,20
INGALSBE,5
INGARGIOLA,5
INGARGIOLO,5
INGBER,5
INGE,10
INGEBRETSEN,5
INGEGNERI,5
INGELS,5
INGEMI,5
INGENITO,5
INGERSOL,5
INGERSOLL,20
INGERSON,5
INGHAM,10
INGHEM,5
INGHRAM,5
INGLE,30
INGLES,10
INGLESE,5
INGLETON,5
INGLIN,5
INGLIS,10
INGLISH,5
INGMIRE,5
INGOLD,5
INGOLE,5
INGRAFFEA,5
INGRAHAM,30
INGRAHM,5
INGRAM,300
INGRAN,5
INGRASSIA,10
INGRIM,5
INGRUM,5
INGUARDSEN,5
INGVOLOSTAD,5
INGWELL,5
INGWERSEN,5
INGWERSON,5
INHULSEN,5
INIESTRA,5
INIGUEZ,10
INIQUEZ,5
INK,5
INKAVESVANITC,5
INKLEBARGER,5
INKS,5
INLOES,5
INLOW,5
INMAN,90
INMON,5
INNAMORATO,5
INNARELLI,5
INNELLA,5
INNERST,5
INNES,10
INNIS,10
INNISS,10
INNOCENT,10
INNOCENTI,5
INOA,5
INOCENCIO,5
INOCENTE,5
INOSTRAZA,5
INOUE,10
INOUYE,10
INSALACO,5
INSANA,5
INSCHO,5
INSCO,5
INSCOE,5
INSCORE,5
INSERRA,5
INSKEEP,5
INSKO,5
INSLEY,10
INSOGNA,5
INSOGNIA,5
INSTASI,5
INTERDONATO,5
INTERIANO,5
INTERMILL,5
INTERRANTE,5
INTIHAR,5
INTRABARTOLO,5
INTRIAGO,5
INTRIERI,5
INTROINI,5
INTVELD,5
INVERSO,5
INYART,5
INZANA,5
INZANO,5
INZER,5
INZERILLO,5
INZUNZA,5
IOANNIDIS,5
IODICE,5
IOELE,5
IOLI,5
ION,5
IONESCU,5
IOPA,5
IORIO,10
IOSSA,5
IOTT,5
IOVINO,5
IOZZI,5
IOZZO,5
IP,5
IPOCK,5
IPPOLITO,10
IPSEN,5
IPSON,5
IQBAL,5
IRACHETA,5
IRAHETA,10
IRANI,5
IRBY,50
IREDALE,5
IRELAN,5
IRELAND,40
IRENE,5
IRESON,5
IRESTONE,5
IRETON,5
IREY,5
IRIARTE,5
IRIAS,5
IRIBARREN,5
IRICK,10
IRIE,5
IRIGOYEN,5
IRIMATA,5
IRINEO,5
IRION,5
IRISH,30
IRIZARRI,5
IRIZARRY,60
IRIZARY,5
IRIZZARY,5
IRLAND,5
IRLE,5
IRMEGER,5
IRON,5
IRONHORSE,5
IRONS,30
IRR,5
IRSIK,5
IRUEGAS,5
IRVAN,5
IRVIN,90
IRVINE,30
IRVING,70
IRWIN,130
IRZYK,5
ISA,5
ISAAC,70
ISAACK,5
ISAACKS,5
ISAACS,50
ISAACSEN,5
ISAACSON,30
ISAAK,5
ISABEL,10
ISABELL,10
ISABELLA,5
ISABELLE,10
ISACHSEN,5
ISACKSON,5
ISACS,5
ISACSON,5
ISADORE,5
ISAGAWA,5
ISAGBA,5
ISAIAH,5
ISAIS,5
ISAKSEN,5
ISAKSON,10
ISALES,5
ISAM,5
ISAMAN,5
ISASSI,5
ISAZA,5
ISBELL,50
ISBILL,5
ISBISTER,5
ISBRECHT,5
ISBY,5
ISCH,5
ISEBRAND,5
ISELEY,5
ISELI,5
ISEMAN,5
ISENBARGER,5
ISENBERG,20
ISENBERGER,5
ISENHART,5
ISENHOUR,10
ISENHOWER,5
ISER,10
ISERI,5
ISERMAN,5
ISETT,5
ISGRIGG,5
ISGRO,5
ISGUR,5
ISHAK,5
ISHAM,20
ISHEE,10
ISHERWOOD,5
ISHIBASHI,5
ISHIDA,5
ISHIHARA,5
ISHII,5
ISHIKAWA,5
ISHIZU,5
ISHMAEL,10
ISHMAN,5
ISHMON,5
ISIDORE,5
ISIDORO,5
ISIDRO,5
ISIMINGER,5
ISING,5
ISIORDIA,5
ISIP,5
ISITA,5
ISKRA,5
ISLA,5
ISLAM,10
ISLAND,5
ISLAR,5
ISLAS,10
ISLE,5
ISLEIB,5
ISLER,10
ISLES,5
ISLEY,10
ISMAEL,5
ISMAIL,10
ISMAY,5
ISNER,5
ISOLA,5
ISOM,50
ISOME,5
ISON,40
ISRAEL,40
ISRAELS,5
ISRAELSEN,5
ISRAELSON,5
ISREAL,5
ISSA,10
ISSAC,10
ISSACS,5
ISSLER,5
ISTORICO,5
ISTRE,5
ITALIA,5
ITALIANO,5
ITANI,5
ITH,5
ITKIN,5
ITNYRE,5
ITO,10
ITRI,5
ITSON,5
ITTNER,5
ITURBE,5
ITURBIDE,5
ITURRALDE,5
ITZKOWITZ,5
IUCHS,5
IULIANETTI,5
IULIANO,5
IULIUCCI,5
IULO,5
IURATO,5
IVAN,5
IVANCEVIC,5
IVANCIC,5
IVANCICH,5
IVANOFF,5
IVANOV,5
IVANS,5
IVASKA,5
IVEANS,5
IVEL,5
IVENER,5
IVENS,5
IVERS,10
IVERSEN,10
IVERSLIE,5
IVERSON,60
IVERY,10
IVES,30
IVESON,5
IVESTER,5
IVEY,100
IVIE,20
IVINS,5
IVON,5
IVORY,40
IVRIN,5
IVY,60
IWAMI,5
IWAMOTO,5
IWANEJKO,5
IWANICKI,5
IWANOWSKI,5
IWANSKI,5
IWANYSZYN,5
IWAOKA,5
IWASA,5
IWASAKI,5
IWASHITA,5
IWASKO,5
IWATA,5
IYENGAR,5
IYER,5
IYO,5
IZAGUINE,5
IZAGUIRRE,10
IZAK,5
IZAQUIRRE,5
IZARD,5
IZARRARAS,5
IZATT,5
IZQUIERDO,10
IZSAK,5
IZUMI,5
IZZARD,5
IZZI,5
IZZO,20
JAAP,5
JAARDA,5
JABAAY,5
JABALI,5
JABAUT,5
JABBIE,5
JABBOUR,5
JABER,5
JABIRO,5
JABLON,5
JABLONOWSKI,5
JABLONSKI,20
JABLONSKY,5
JABOUR,5
JABS,5
JACARUSO,5
JACCKSON,5
JACEK,5
JACH,5
JACINTHE,5
JACINTO,10
JACK,70
JACKA,5
JACKEL,5
JACKELS,5
JACKETT,5
JACKIEWICZ,5
JACKLEY,5
JACKLIN,5
JACKMAN,30
JACKO,5
JACKOLA,5
JACKON,5
JACKOSN,5
JACKOVITZ,5
JACKOWIAK,5
JACKOWSKI,5
JACKS,30
JACKSITS,5
JACKSO,5
JACKSON,3100
JACKSTADT,5
JACO,10
JACOB,70
JACOBELLIS,5
JACOBI,10
JACOBITZ,5
JACOBO,10
JACOBOS,5
JACOBOVITS,5
JACOBOWITZ,5
JACOBS,460
JACOBSEN,70
JACOBSMA,5
JACOBSOHN,5
JACOBSON,150
JACOBUS,10
JACOBY,40
JACOCKS,5
JACOME,5
JACONSKI,5
JACOT,5
JACOWAY,5
JACOX,5
JACQUAY,5
JACQUE,5
JACQUELIN,5
JACQUEM,5
JACQUEMIN,5
JACQUES,60
JACQUET,5
JACQUEZ,10
JACQUIER,5
JACQUIN,5
JACQUOT,5
JACULINA,5
JADIN,5
JADLOWIEC,5
JADOO,5
JAE,5
JAECKS,5
JAEGER,40
JAEGERS,5
JAEKEL,5
JAENICKE,5
JAENKE,5
JAESCHKE,5
JAFARI,5
JAFEK,5
JAFFE,20
JAFFEE,5
JAFFRAY,5
JAFFY,5
JAGEMAN,5
JAGER,10
JAGERS,5
JAGGER,10
JAGGERS,10
JAGGIE,5
JAGHER,5
JAGIELLO,5
JAGIELSKI,5
JAGLA,5
JAGNEAUX,5
JAGO,5
JAGODA,5
JAGODZINSKI,5
JAGOE,5
JAGOW,5
JAHALY,5
JAHDE,5
JAHN,10
JAHNCKE,5
JAHNEL,5
JAHNKE,10
JAHNS,5
JAHNSEN,5
JAHODA,5
JAHOSKY,5
JAHR,5
JAILLET,5
JAIME,20
JAIMES,20
JAIN,10
JAINLETT,5
JAIYESIMI,5
JAJI,5
JAKAB,5
JAKEMAN,5
JAKES,10
JAKIELA,5
JAKOB,5
JAKOBSEN,5
JAKOBSON,5
JAKOVAC,5
JAKOWICH,5
JAKSCH,5
JAKSIC,5
JAKUBCZAK,5
JAKUBEK,5
JAKUBIAK,5
JAKUBIK,5
JAKUBOSKI,5
JAKUBOV,5
JAKUBOWSKI,10
JAKUPCAK,5
JALBERT,10
JALKUT,5
JALOMO,5
JALONEN,5
JALOVEL,5
JAMAICA,5
JAMAL,5
JAMAR,10
JAMASON,5
JAME,5
JAMEEL,5
JAMEL,5
JAMER,5
JAMERSON,20
JAMES,1050
JAMESON,60
JAMESSON,5
JAMGOCHIAN,5
JAMI,5
JAMIE,5
JAMIESON,20
JAMILI,5
JAMIN,5
JAMINET,5
JAMIR,5
JAMISON,110
JAMMER,5
JAMON,5
JAMWANT,5
JAN,10
JANA,5
JANACEK,5
JANACK,5
JANAK,5
JANAS,5
JANCIK,5
JANCO,5
JANCZAK,5
JANCZEWSKI,5
JANCZUNSKI,5
JANDA,10
JANDL,5
JANDREAU,10
JANDRES,5
JANDREY,5
JANDRIN,5
JANDRIS,5
JANDRON,5
JANE,5
JANECEK,5
JANECKA,5
JANECZEK,5
JANECZKO,5
JANEIRO,5
JANEK,5
JANELLE,10
JANES,40
JANEWAY,5
JANEY,5
JANG,10
JANGULA,5
JANHUNEN,5
JANIAK,5
JANICE,5
JANICK,5
JANICKE,5
JANICKI,10
JANIK,10
JANIKOWSKI,5
JANIS,10
JANISCH,5
JANISE,5
JANISH,5
JANISZEWSKI,5
JANITZ,5
JANK,5
JANKA,5
JANKAUSKAS,5
JANKE,10
JANKINS,5
JANKOFF,5
JANKOSKI,5
JANKOWIAK,5
JANKOWSKI,30
JANN,5
JANNELL,5
JANNER,5
JANNETT,5
JANNETTI,5
JANNEY,10
JANNING,5
JANNISE,5
JANNSEN,5
JANNUSCH,5
JANOCHA,5
JANOFF,5
JANOFSKY,5
JANOS,5
JANOSEK,5
JANOSIK,5
JANOSKI,5
JANOSKO,5
JANOUSEK,10
JANOVICH,5
JANOVSEK,5
JANOW,5
JANOWER,5
JANOWIAK,5
JANOWICZ,5
JANOWIEC,5
JANOWSKI,5
JANRHETT,5
JANS,5
JANSEN,50
JANSING,5
JANSKI,5
JANSKY,5
JANSMA,5
JANSON,10
JANSONS,5
JANSSEN,30
JANSSON,10
JANSZEN,5
JANTZ,10
JANTZEN,10
JANUARY,10
JANULEWICZ,5
JANUS,10
JANUSZ,5
JANUSZEWSKI,5
JANVIER,5
JANWAY,5
JANYSEK,5
JANZ,5
JANZEN,10
JAPAK,5
JAPP,5
JAPPA,5
JAQUA,5
JAQUAY,5
JAQUES,10
JAQUESS,5
JAQUET,5
JAQUEZ,20
JAQUINS,5
JAQUISH,5
JAQUITH,5
JARA,20
JARAD,5
JARADAT,5
JARAMILLO,80
JARBOE,10
JARCHOW,5
JARDEL,5
JARDELL,5
JARDIN,5
JARDINE,10
JARDING,5
JARDON,5
JARDOT,5
JARECKE,5
JARECKI,5
JARED,10
JARELL,5
JARELS,5
JAREMA,5
JAREMKA,5
JARENCIO,5
JARES,5
JARET,5
JARETT,5
JARGAS,5
JARMAN,20
JARMIN,5
JARMON,20
JARNAGIN,10
JARNESKY,5
JARNIGAN,10
JARNUTOWSKI,5
JAROCKI,5
JAROS,5
JAROSCAK,5
JAROSH,5
JAROSKI,5
JAROSS,5
JAROSZ,10
JARQUIN,5
JARRAR,5
JARRARD,10
JARRATT,5
JARREAU,5
JARRED,5
JARREL,5
JARRELL,60
JARRELLS,5
JARRET,5
JARRETT,80
JARRETTE,5
JARRIETT,5
JARRY,5
JARUIS,5
JARVA,5
JARVER,5
JARVI,5
JARVIE,5
JARVINEN,5
JARVIS,140
JARZEMBOWSKI,5
JARZOMBEK,5
JARZYNKA,5
JASCH,5
JASICA,5
JASIK,5
JASIN,5
JASINSKI,10
JASIONOWSKI,5
JASKIEWICZ,5
JASKO,5
JASKOLKA,5
JASKOLSKI,5
JASKOT,5
JASMANN,5
JASMER,5
JASMIN,10
JASMINE,5
JASO,5
JASON,20
JASPER,40
JASPERS,5
JASPERSE,5
JASS,5
JASSO,20
JASTER,5
JASTREBSKI,5
JASTREMSKI,5
JASTRZEBSKI,5
JATHO,5
JAUBERT,5
JAUCH,5
JAUDON,5
JAUHAR,5
JAURE,5
JAUREGUI,10
JAUREGUY,5
JAUREQUI,5
JAUREZ,5
JAURIGUE,5
JAURIGUI,5
JAURON,5
JAUS,5
JAUSS,5
JAUSSEN,5
JAUSSI,5
JAVARONE,5
JAVAUX,5
JAVE,5
JAVED,5
JAVELLANA,5
JAVENS,5
JAVERS,5
JAVERY,5
JAVIER,20
JAVIS,5
JAVOR,5
JAWAD,5
JAWOROWICZ,5
JAWOROWSKI,5
JAWORSKI,10
JAWORSKY,5
JAX,5
JAY,30
JAYCOX,5
JAYE,5
JAYES,5
JAYME,5
JAYNE,10
JAYNES,30
JAYO,5
JAYROE,5
JAYSON,5
JAYSURA,5
JAZWA,5
JEAN,70
JEANBAPTISE,5
JEANBAPTISTE,10
JEANBART,5
JEANCHARLES,5
JEANCLAUDE,5
JEANCY,5
JEANE,5
JEANES,5
JEANETTE,5
JEANFRANCOIS,5
JEANGILLES,5
JEANJACQUES,5
JEANLOUIS,10
JEANMARD,5
JEANNERET,5
JEANNETTE,5
JEANNOEL,5
JEANNOTTE,5
JEANPAUL,5
JEANPHILIPPE,5
JEANPIERRE,10
JEANQUART,5
JEANS,10
JEANSONNE,5
JEANTET,5
JEANTY,5
JEAVONS,5
JEBB,5
JEBBETT,5
JECH,5
JECK,5
JECKLIN,5
JECMENEK,5
JEDAN,5
JEDELE,5
JEDIK,5
JEDLICKA,5
JEDREY,5
JEDZINIAK,5
JEE,5
JEFCOAT,10
JEFF,5
JEFFCOAT,20
JEFFERDS,5
JEFFERIES,30
JEFFERIS,5
JEFFERS,80
JEFFERSON,250
JEFFERY,40
JEFFERYS,5
JEFFIRS,5
JEFFORD,5
JEFFORDS,10
JEFFRESS,5
JEFFREY,40
JEFFREYS,10
JEFFRIE,5
JEFFRIES,90
JEFFRIS,5
JEFFRY,5
JEFFRYES,5
JEFFS,5
JEFFUS,5
JEGEDE,5
JEHL,5
JEHLE,5
JEHLICKA,5
JEKEL,5
JEKOT,5
JELARDE,5
JELDEN,5
JELEN,5
JELENIEWSKI,5
JELINEK,10
JELINSKI,5
JELKS,10
JELLE,5
JELLERSON,5
JELLEY,5
JELLINEK,5
JELLINGS,5
JELLIS,5
JELLISON,10
JELOME,5
JELOVICH,5
JELSMA,5
JELTEMA,5
JEMENEZ,5
JEMERSON,5
JEMINEZ,5
JEMISON,20
JEMMETT,5
JEMMINGS,5
JEMMOTT,5
JEMPTY,5
JEN,5
JENAB,5
JENAYE,5
JENCK,5
JENCKS,5
JENDERER,5
JENDRAS,5
JENDRICK,5
JENDRO,5
JENG,5
JENIFER,5
JENIOUS,5
JENISON,5
JENISTA,5
JENKENS,5
JENKERSON,5
JENKIN,10
JENKINS,950
JENKINSON,10
JENKS,20
JENNE,5
JENNELLE,5
JENNER,10
JENNESS,5
JENNETT,5
JENNETTE,10
JENNEY,10
JENNIE,5
JENNIFER,5
JENNIGES,5
JENNING,10
JENNINGS,390
JENNINS,5
JENNISON,5
JENNKIE,5
JENNRICH,5
JENNY,10
JENOVESE,5
JENQUIN,5
JENRETTE,5
JENS,5
JENSCHKE,5
JENSEN,410
JENSON,30
JENSRUD,5
JENSVOLD,5
JENT,10
JENTRY,5
JENTSCH,5
JENTZEN,5
JENTZSCH,5
JEOFFROY,5
JEON,10
JEONG,5
JEPHSON,5
JEPKO,5
JEPPERSON,5
JEPPESEN,10
JEPPSEN,5
JEPPSON,5
JEPSEN,10
JEPSON,10
JERABEK,5
JERALD,5
JERAULD,5
JERDE,5
JERDEE,5
JERDEN,5
JERDING,5
JERDON,5
JEREB,5
JEREMIAH,10
JEREZ,10
JERGEN,5
JERGENS,5
JERGENSON,5
JERGER,5
JERICH,5
JERICHO,5
JERIDO,5
JERKIN,5
JERKINS,10
JERKO,5
JERMAN,5
JERMELAND,5
JERNBERG,5
JERNEJCIC,5
JERNIGAN,70
JERNSTAD,5
JERNSTROM,5
JEROME,20
JERONE,5
JERONIMO,5
JEROWSKI,5
JERREL,5
JERRELL,5
JERRETT,5
JERRY,10
JERSEY,5
JERVEY,5
JERVIS,5
JES,5
JESCHKE,5
JESCHON,5
JESENOVEC,5
JESIOLOWSKI,5
JESKA,5
JESKE,10
JESKIE,5
JESKO,5
JESMER,5
JESPERSEN,5
JESPERSON,5
JESS,10
JESSAMY,5
JESSE,20
JESSEE,10
JESSEL,5
JESSEMAN,5
JESSEN,20
JESSICA,5
JESSICK,5
JESSIE,20
JESSOP,10
JESSUP,30
JEST,5
JESTER,20
JESTES,5
JESTIS,5
JESUS,10
JESWALD,5
JETER,50
JETHRO,5
JETHVA,5
JETT,40
JETTE,5
JETTER,5
JETTON,10
JETTY,5
JEUDY,5
JEUNE,5
JEVNIKAR,5
JEVTIC,5
JEW,5
JEWEL,5
JEWELL,90
JEWELS,5
JEWETT,30
JEWKES,5
JEWS,5
JEX,5
JEZ,5
JEZEK,5
JEZEWSKI,5
JEZIERSKI,5
JEZIORSKI,5
JHANSON,5
JHINGREE,5
JHONSON,10
JHONSTON,5
JI,5
JIANG,10
JIAU,5
JIGGETTS,5
JILEK,5
JILES,20
JILK,5
JILL,5
JILLSON,5
JIM,10
JIMBO,5
JIMENES,10
JIMENEZ,390
JIMENO,5
JIMENZ,5
JIMEREZ,5
JIMERSON,20
JIMESON,5
JIMINEZ,20
JIMINIAN,5
JIMISON,10
JIMMERSON,10
JIMMISON,5
JIN,10
JINDRA,5
JINENEZ,5
JINES,5
JING,5
JINGST,5
JINKENS,5
JINKERSON,5
JINKINS,5
JINKS,10
JINRIGHT,5
JINWRIGHT,5
JIPSON,5
JIRA,5
JIRAK,5
JIRAN,5
JIRASEK,5
JIRIK,5
JIRJIS,5
JIRON,10
JIRSA,5
JITCHAKU,5
JIVIDEN,5
JN,5
JO,10
JOA,5
JOACHIM,10
JOACHIN,5
JOANETTE,5
JOANIS,5
JOANS,5
JOAQUIN,5
JOAS,5
JOB,10
JOBE,40
JOBES,5
JOBIN,5
JOBS,5
JOBSON,5
JOBST,5
JOCHEMS,5
JOCHIM,5
JOCHUM,5
JOCHUMSEN,5
JOCK,10
JOCKERS,5
JOCOY,5
JODHA,5
JODOIN,5
JODON,5
JODWAY,5
JODY,5
JOE,30
JOECKEL,5
JOECKS,5
JOEHNCK,5
JOEL,5
JOELSON,5
JOENS,5
JOERG,5
JOERGER,5
JOERLING,5
JOERN,5
JOESPH,5
JOFFE,5
JOFFRION,5
JOGANIC,5
JOH,5
JOHAL,5
JOHANEK,5
JOHANN,5
JOHANNES,10
JOHANNESEN,5
JOHANNESSEN,5
JOHANNING,5
JOHANNINGMEIE,5
JOHANNS,5
JOHANNSEN,10
JOHANSEN,30
JOHANSING,5
JOHANSON,20
JOHANSSON,10
JOHAR,5
JOHE,5
JOHENGEN,5
JOHLL,5
JOHN,100
JOHNDROW,5
JOHNGRASS,5
JOHNICO,5
JOHNIGAN,5
JOHNIKEN,5
JOHNIKINS,5
JOHNKE,5
JOHNNY,5
JOHNOSN,5
JOHNS,190
JOHNSEN,20
JOHNSEY,5
JOHNSHOY,5
JOHNSO,5
JOHNSON,8100
JOHNSRUD,5
JOHNSTAD,5
JOHNSTON,490
JOHNSTONBAUGH,5
JOHNSTONE,20
JOHNTING,5
JOHSON,10
JOICE,5
JOINER,80
JOINES,10
JOINTER,5
JOJOLA,5
JOKELA,5
JOKI,5
JOKINEN,5
JOLER,5
JOLES,5
JOLICOEUR,10
JOLIE,5
JOLIET,5
JOLIN,10
JOLINA,5
JOLINE,5
JOLISSAINT,5
JOLIVETTE,5
JOLLA,5
JOLLEY,30
JOLLIE,5
JOLLIFF,10
JOLLIFFE,5
JOLLIMORE,5
JOLLS,5
JOLLY,70
JOLY,10
JOMA,5
JOME,5
JOMES,5
JONAH,5
JONAK,5
JONAS,20
JONASON,5
JONASSEN,5
JONATHAN,5
JONCAS,5
JONDAHL,5
JONDLE,5
JONDROW,5
JONE,20
JONES,6210
JONESON,5
JONG,5
JONGEBLOED,5
JONGELING,5
JONGSMA,5
JONHSON,5
JONKE,5
JONKER,5
JONNSON,5
JONS,5
JONSON,10
JONSSON,5
JONTE,5
JOO,5
JOOR,5
JOOS,5
JOOSTEN,5
JOPLIN,10
JOPLING,5
JORDA,5
JORDAHL,5
JORDAN,780
JORDE,5
JORDEN,10
JORDING,5
JORDISON,5
JORDON,50
JORDT,5
JORE,5
JORGE,20
JORGENSEN,70
JORGENSON,30
JORINSCAY,5
JORIS,5
JORN,5
JORRES,5
JORRISCH,5
JORSKI,5
JORSTAD,5
JORY,5
JOSE,30
JOSEF,5
JOSEFY,5
JOSEPH,290
JOSEPHPAULINE,5
JOSEPHS,10
JOSEPHSEN,5
JOSEPHSON,20
JOSEY,10
JOSHI,10
JOSHLIN,5
JOSHUA,10
JOSIAH,5
JOSIAS,5
JOSIC,5
JOSICH,5
JOSILOWSKY,5
JOSLIN,20
JOSLYN,10
JOSS,5
JOSSELYN,5
JOSSUND,5
JOST,20
JOSTEN,5
JOSTES,5
JOSUE,5
JOSWICK,5
JOTBLAD,5
JOTO,5
JOU,5
JOUBERT,10
JOULWAN,5
JOUN,5
JOUNG,5
JOURDAIN,5
JOURDAN,10
JOURNEAY,5
JOURNELL,5
JOURNEY,10
JOURNOT,5
JOVANOVIC,5
JOVANOVICH,5
JOVE,5
JOVEL,5
JOVER,5
JOVICH,5
JOWELL,5
JOWERS,10
JOWETT,10
JOY,50
JOYA,5
JOYAL,10
JOYCE,160
JOYE,5
JOYNE,5
JOYNER,140
JOYNES,5
JOYNSON,5
JOYNT,5
JOZSA,5
JOZWIAK,10
JOZWICK,5
JU,5
JUAIRE,5
JUAN,20
JUANICO,5
JUARBE,5
JUARES,5
JUAREZ,180
JUARIQUI,5
JUART,5
JUBA,5
JUBACK,5
JUBB,5
JUBEH,5
JUBERT,5
JUBIC,5
JUBIE,5
JUBILEE,5
JUBINVILLE,5
JUBRAN,5
JUBYNA,5
JUCEAN,5
JUCKETT,5
JUDA,5
JUDAH,10
JUDD,70
JUDE,40
JUDGE,40
JUDICE,5
JUDIE,5
JUDKINS,30
JUDON,5
JUDSON,10
JUDY,20
JUE,5
JUEDES,5
JUEL,5
JUELFS,5
JUELICH,5
JUELL,5
JUEN,5
JUENEMANN,5
JUENGER,5
JUENGLING,5
JUERGENS,10
JUETT,5
JUFER,5
JUGAN,5
JUGO,5
JUHAS,5
JUHASZ,10
JUHL,10
JUHNKE,5
JUI,5
JUILFS,5
JUKES,5
JUKICH,5
JULANDER,5
JULCA,5
JULEN,5
JULES,10
JULIA,5
JULIAN,40
JULIANA,5
JULIANO,10
JULIAR,5
JULIAS,5
JULIEN,10
JULIET,5
JULIO,5
JULITZ,5
JULIUS,10
JULIUSSON,5
JULOCK,5
JULSON,5
JULSRUD,5
JULUKE,5
JULY,10
JULYE,5
JUMALON,5
JUMBO,5
JUMONVILLE,5
JUMP,10
JUMPER,10
JUN,10
JUNCAJ,5
JUNCKER,5
JUND,5
JUNDT,5
JUNE,10
JUNEAU,10
JUNEJA,5
JUNES,5
JUNG,50
JUNGBLUTH,5
JUNGCK,5
JUNGE,5
JUNGELS,5
JUNGEN,5
JUNGERS,5
JUNGHANS,5
JUNGLING,5
JUNGMAN,5
JUNGQUIST,5
JUNGWIRTH,5
JUNICK,5
JUNIEL,5
JUNIOR,10
JUNIOUS,5
JUNIPER,5
JUNIUS,5
JUNK,5
JUNKE,5
JUNKER,10
JUNKERSFELD,5
JUNKIN,5
JUNKINS,10
JUNOD,5
JUNOR,5
JUNTUNEN,5
JUPIN,5
JUPITER,5
JURA,5
JURADO,10
JURAN,5
JURAS,5
JURASEK,5
JURASIN,5
JURAY,5
JURCIK,5
JURCZAK,5
JURCZYK,5
JURDEN,5
JURE,5
JUREK,5
JUREWICZ,5
JUREZ,5
JURGEN,5
JURGENS,10
JURGENSEN,10
JURGENSMEIER,5
JURGENSMEYER,5
JURGENSON,5
JURICA,5
JURICH,5
JURIGA,5
JURIK,5
JURIN,5
JURINA,5
JURIS,5
JURISCH,5
JURIST,5
JURKIEWICZ,5
JURKOVICH,5
JURKOWSKI,5
JURNEY,5
JURRIES,5
JURS,5
JURY,10
JUSINO,10
JUSKO,5
JUST,20
JUSTAK,5
JUSTASON,5
JUSTE,5
JUSTEN,5
JUSTESEN,5
JUSTIAN,5
JUSTICE,130
JUSTIN,10
JUSTINE,5
JUSTINGER,5
JUSTINIANO,5
JUSTINO,5
JUSTIS,10
JUSTISS,5
JUSTMAN,5
JUSTO,5
JUSTUS,30
JUTRAS,5
JUTTE,5
JUUL,5
JUVE,5
JUVENAL,5
JUVERA,5
JUZA,5
KA,5
KAAI,5
KAAIHUE,5
KAAK,5
KAAN,5
KAANANA,5
KAARLELA,5
KAAS,5
KAASE,5
KAATZ,5
KAAUA,5
KAAUAMO,5
KAAWA,5
KAAZ,5
KABA,5
KABABIK,5
KABACINSKI,5
KABALA,5
KABANUCK,5
KABAT,5
KABBA,5
KABEL,5
KABER,5
KABIGTING,5
KABINA,5
KABIR,5
KABLER,5
KABOOS,5
KABRICK,5
KABUS,5
KABZINSKI,5
KACERSKI,5
KACH,5
KACHEL,5
KACHELMEYER,5
KACHER,5
KACHERMEYER,5
KACHIKIAN,5
KACHIROUBAS,5
KACHMAR,5
KACHMARSKY,5
KACIC,5
KACIK,5
KACKLEY,5
KACPROWSKI,5
KACVINSKY,5
KACYNSKI,5
KACZKA,5
KACZMARCZYK,5
KACZMAREK,10
KACZMARSKI,5
KACZOR,10
KACZOROWSKI,5
KACZYNSKI,5
KADAKIA,5
KADAR,5
KADE,5
KADEL,5
KADELAK,5
KADER,5
KADERLIK,5
KADI,5
KADING,5
KADIS,5
KADISH,5
KADLE,5
KADLEC,10
KADLUBOWSKI,5
KADNER,5
KADOW,5
KADRI,5
KADUK,5
KADY,5
KAEA,5
KAEDING,5
KAEHLER,5
KAELIN,10
KAELKER,5
KAEMINGK,5
KAEMMERER,5
KAEMMERLING,5
KAEMPFER,5
KAEO,5
KAER,5
KAERCHER,5
KAESEMEYER,5
KAESER,5
KAESTNER,5
KAETZEL,5
KAEWPRASERT,5
KAFEL,5
KAFER,5
KAFFKA,5
KAFKA,5
KAFTON,5
KAGAN,10
KAGARISE,5
KAGAWA,5
KAGAY,5
KAGEL,5
KAGER,5
KAGEY,5
KAGIMOTO,5
KAGLE,5
KAGY,5
KAH,5
KAHAE,5
KAHAHANE,5
KAHAL,5
KAHALEHOE,5
KAHALEUA,5
KAHAN,5
KAHANA,5
KAHANAOI,5
KAHANEK,5
KAHAO,5
KAHAWAI,5
KAHELE,5
KAHEN,5
KAHILL,5
KAHL,20
KAHLE,10
KAHLER,20
KAHLEY,5
KAHN,50
KAHOLA,5
KAHOOHALPHALA,5
KAHOOKELE,5
KAHOUN,5
KAHRE,5
KAHRER,5
KAHRS,5
KAHUHU,5
KAI,5
KAIAMA,5
KAIB,5
KAID,5
KAIGHN,5
KAIGLE,5
KAIGLER,5
KAIKTSIAN,5
KAIL,10
KAILEY,5
KAILI,5
KAILIPONI,5
KAIN,10
KAINA,5
KAINES,5
KAING,5
KAINOA,5
KAINZ,5
KAIS,5
KAISER,100
KAISERMAN,5
KAITZ,5
KAIWI,5
KAIZER,5
KAJA,5
KAJDER,5
KAKACEK,5
KAKANI,5
KAKAR,5
KAKAVIATOS,5
KAKEH,5
KAKIMOTO,5
KAKOS,5
KAKOWSKI,5
KAKU,5
KAKUDJI,5
KALA,5
KALAF,5
KALAFARSKI,5
KALAFATIS,5
KALAFUT,5
KALAHIKI,5
KALAL,5
KALAMA,5
KALAMARAS,5
KALAN,5
KALANDEK,5
KALANI,5
KALAR,5
KALAS,5
KALATA,5
KALATHAS,5
KALAULI,5
KALAWE,5
KALB,10
KALBACH,5
KALBAUGH,5
KALBERER,5
KALBERG,5
KALBFLEISCH,5
KALCHIK,5
KALCHTHALER,5
KALDAHL,5
KALDAS,5
KALE,10
KALEEL,5
KALEHUAWEHE,5
KALEIWAHEA,5
KALEN,5
KALENAK,5
KALENKOSKI,5
KALEOHANO,5
KALER,10
KALERT,5
KALES,5
KALETA,5
KALEY,5
KALFA,5
KALFAS,5
KALFAYAN,5
KALFUS,5
KALGREN,5
KALHORN,5
KALI,5
KALICH,5
KALICHMAN,5
KALIHER,5
KALIL,5
KALIMA,5
KALIN,5
KALINA,5
KALINGER,5
KALINOSKI,5
KALINOWSKI,10
KALINSKI,5
KALIS,5
KALISCH,5
KALISEK,5
KALISH,10
KALISTA,5
KALISZEWSKI,5
KALISZUK,5
KALK,5
KALKA,5
KALKBRENNER,5
KALKMAN,5
KALKWARF,5
KALL,5
KALLA,5
KALLAHER,5
KALLAL,5
KALLAM,5
KALLAND,5
KALLAS,10
KALLBERG,5
KALLBRIER,5
KALLEN,5
KALLENBACH,5
KALLENBERG,5
KALLENBERGER,5
KALLER,5
KALLESTAD,5
KALLEVIG,5
KALLEY,5
KALLFELZ,5
KALLHOFF,5
KALLIN,5
KALLIO,5
KALLMAN,5
KALLMEYER,5
KALLOCH,5
KALLSTROM,5
KALLUS,5
KALMAN,10
KALMAR,5
KALMBACH,5
KALMEN,5
KALMER,5
KALMUS,5
KALOI,5
KALOUDIS,5
KALOUSTIAN,5
KALP,5
KALPAKOFF,5
KALSCHEUER,5
KALSOW,5
KALT,5
KALTEFLEITER,5
KALTENBACH,5
KALTENHAUSER,5
KALTER,5
KALTHOFF,5
KALTVED,5
KALTZ,5
KALUA,5
KALUNA,5
KALUPA,5
KALUZNY,5
KALVAITIS,5
KALVIG,5
KAM,10
KAMA,5
KAMADA,5
KAMAI,5
KAMAKA,5
KAMAKEA,5
KAMAL,5
KAMALII,5
KAMAN,5
KAMANSKY,5
KAMARA,5
KAMAT,5
KAMAUNU,5
KAMB,5
KAMBER,5
KAME,5
KAMEALOHA,5
KAMEL,5
KAMELAMELA,5
KAMEMOTO,5
KAMEN,10
KAMENS,5
KAMENSKY,5
KAMER,5
KAMERAD,5
KAMERER,5
KAMERLING,5
KAMIENSKI,5
KAMIMURA,5
KAMIN,5
KAMINAKA,5
KAMINER,5
KAMINETZKY,5
KAMINSKA,5
KAMINSKI,40
KAMINSKY,10
KAMIREZ,5
KAMIYA,5
KAMKE,5
KAMLER,5
KAMM,10
KAMMAN,5
KAMMANN,5
KAMMEL,5
KAMMER,10
KAMMERDIENER,5
KAMMERER,10
KAMMERZELL,5
KAMMES,5
KAMMLER,5
KAMNA,5
KAMNIK,5
KAMP,10
KAMPA,5
KAMPE,5
KAMPEN,5
KAMPER,5
KAMPF,5
KAMPFER,5
KAMPH,5
KAMPHOEFNER,5
KAMPMAN,5
KAMPMANN,5
KAMPNER,5
KAMPS,10
KAMRADT,5
KAMRATH,5
KAMROWSKI,5
KAMSTRA,5
KAMUDA,5
KAN,10
KANA,5
KANAAN,5
KANABLE,5
KANADY,5
KANAE,5
KANAGY,10
KANAHELE,5
KANAI,5
KANAKARES,5
KANAN,5
KANAREK,5
KANARIS,5
KANAS,5
KANATZAR,5
KAND,5
KANDA,5
KANDARIAN,5
KANDEL,5
KANDER,5
KANDOLL,5
KANDRA,5
KANDT,5
KANDUTH,5
KANE,160
KANEAKUA,5
KANEALII,5
KANEHOLANI,5
KANEKO,5
KANEKUNI,5
KANELOS,5
KANEMOTO,5
KANER,5
KANESHIRO,10
KANETA,5
KANEVSKY,5
KANG,50
KANGAS,10
KANGLEON,5
KANIA,10
KANIECKI,5
KANIEWSKI,5
KANIPE,5
KANIS,5
KANISH,5
KANJIRATHINGA,5
KANN,5
KANNADY,5
KANNAN,5
KANNARD,5
KANNAS,5
KANNE,5
KANNEL,5
KANNENBERG,5
KANNER,5
KANNEY,5
KANNIARD,5
KANNO,5
KANO,5
KANOA,5
KANODE,10
KANOFF,5
KANOON,5
KANOSH,5
KANOY,5
KANOZA,5
KANSAS,5
KANSKY,5
KANT,5
KANTA,5
KANTAH,5
KANTARIAN,5
KANTER,10
KANTHAK,5
KANTIS,5
KANTNER,5
KANTOLA,5
KANTOR,10
KANTROWITZ,5
KANTZ,5
KANWAR,5
KANZ,5
KANZENBACH,5
KANZLER,5
KAO,10
KAOPUA,5
KAP,5
KAPA,5
KAPADIA,5
KAPAHU,5
KAPANKE,5
KAPAUN,5
KAPELKE,5
KAPER,5
KAPERONIS,5
KAPETANOS,5
KAPFER,5
KAPICHOK,5
KAPILOFF,5
KAPINOS,5
KAPITULA,5
KAPKE,5
KAPLAN,90
KAPLER,5
KAPLIN,5
KAPLOWITZ,5
KAPLUN,5
KAPNICK,5
KAPOI,5
KAPOOR,10
KAPP,20
KAPPA,5
KAPPE,5
KAPPEL,10
KAPPELER,5
KAPPELMANN,5
KAPPEN,5
KAPPER,5
KAPPERMAN,5
KAPPES,5
KAPPHAHN,5
KAPPLER,10
KAPPS,5
KAPRAL,5
KAPRAUN,5
KAPS,5
KAPSALIS,5
KAPSNER,5
KAPSOS,5
KAPUR,5
KAPUSCINSKI,5
KAPUSNIAK,5
KAR,5
KARA,5
KARABIN,5
KARADIMAS,5
KARAFFA,5
KARAGEORGE,5
KARAGIANNES,5
KARAGIANNIS,5
KARAKAS,5
KARALIS,5
KARAM,10
KARAMCHANDANI,5
KARANGELEN,5
KARAPETIAN,5
KARAPETYAN,5
KARAS,10
KARASEK,5
KARASTI,5
KARATHANASIS,5
KARATZ,5
KARAU,5
KARAYAN,5
KARBAN,5
KARBOWSKI,5
KARCH,5
KARCHER,10
KARCICH,5
KARCZ,5
KARCZEWSKI,5
KARDAS,5
KARDASHIAN,5
KARDELL,5
KARDOS,10
KARDUX,5
KAREEM,5
KAREL,5
KARELL,5
KARELLA,5
KARELS,5
KAREN,5
KARG,10
KARGE,5
KARGER,5
KARHOFF,5
KARI,5
KARIGER,5
KARIM,10
KARIMI,5
KARIN,5
KARINS,5
KARJALA,5
KARKUT,5
KARL,20
KARLE,10
KARLEN,5
KARLEY,5
KARLGAARD,5
KARLIN,10
KARLINSKY,5
KARLOVICH,5
KARLS,5
KARLSEN,5
KARLSON,10
KARLSSON,5
KARLSTAD,5
KARMA,5
KARMAN,5
KARMANN,5
KARMAZYN,5
KARMEL,5
KARMELY,5
KARMO,5
KARN,10
KARNAS,5
KARNATH,5
KARNER,5
KARNES,20
KARNEY,5
KARNISH,5
KARNOFSKI,5
KARNOPP,5
KARNS,20
KARO,5
KAROL,5
KAROLY,5
KAROW,5
KARP,20
KARPE,5
KARPEL,5
KARPEN,5
KARPER,5
KARPF,5
KARPIAK,5
KARPIN,5
KARPINEN,5
KARPINSKI,10
KARPINSKY,5
KARPOWICH,5
KARPOWICZ,5
KARPSTEIN,5
KARR,40
KARRAKER,5
KARRAS,5
KARRATTI,5
KARRELS,5
KARREN,5
KARRENBERG,5
KARRO,5
KARROACH,5
KARRY,5
KARSH,5
KARSHNER,5
KARSNAK,5
KARST,10
KARSTEN,10
KARSTENS,5
KARSTENSEN,5
KARSTETTER,5
KARTCHNER,5
KARTER,5
KARTES,5
KARTH,5
KARTMAN,5
KARTY,5
KARTYE,5
KARVIS,5
KARVONEN,5
KARWOSKI,5
KARWOWSKI,5
KARY,5
KARZ,5
KASA,5
KASACK,5
KASAHARA,5
KASAL,5
KASCAK,5
KASCH,5
KASCHAK,5
KASCHEL,5
KASCHMITTER,5
KASDON,5
KASE,5
KASEE,5
KASEL,5
KASEMEIER,5
KASEN,5
KASER,5
KASEY,5
KASH,10
KASHAN,5
KASHANI,5
KASHNER,5
KASHUBA,5
KASICA,5
KASIK,5
KASIMIS,5
KASINGER,5
KASKA,5
KASKEY,5
KASKY,5
KASMAREK,5
KASMIR,5
KASOWSKI,5
KASPAR,10
KASPAREK,5
KASPARI,5
KASPARIAN,5
KASPER,30
KASPEREK,5
KASPERSKI,5
KASPRAK,5
KASPROWICZ,5
KASPRZAK,5
KASPRZYK,5
KASS,10
KASSA,5
KASSAB,5
KASSABAUM,5
KASSABIAN,5
KASSAM,5
KASSAY,5
KASSEBAUM,5
KASSEL,5
KASSELL,5
KASSEM,5
KASSERMAN,5
KASSIM,5
KASSIN,5
KASSING,5
KASSIS,5
KASSLER,5
KASSMAN,5
KASSNER,5
KASSON,5
KASSOUF,5
KASSULKE,5
KAST,5
KASTANES,5
KASTEIN,5
KASTEL,5
KASTEN,20
KASTENDIECK,5
KASTENS,5
KASTER,10
KASTING,5
KASTL,5
KASTLER,5
KASTMAN,5
KASTNER,20
KASTNING,5
KASTOR,5
KASUBA,5
KASUBOSKI,5
KASULA,5
KASUN,5
KASZINSKI,5
KASZTON,5
KASZUBA,5
KASZYNSKI,5
KATA,5
KATAN,5
KATAOKA,5
KATAYAMA,5
KATCHER,5
KATCSMORAK,5
KATE,5
KATECHIS,5
KATELY,5
KATEN,5
KATER,5
KATES,10
KATH,5
KATHAN,5
KATHEDER,5
KATHEL,5
KATHLEEN,5
KATHMAN,5
KATIE,5
KATIN,5
KATIS,5
KATKE,5
KATNIK,5
KATO,20
KATOA,5
KATOH,5
KATON,5
KATONA,5
KATOS,5
KATOWICZ,5
KATRA,5
KATS,5
KATSAOUNIS,5
KATSBULAS,5
KATSCH,5
KATSUDA,5
KATT,5
KATTAN,5
KATTAURA,5
KATTEN,5
KATTERJOHN,5
KATTNER,5
KATULA,5
KATYNSKI,5
KATZ,100
KATZAMAN,5
KATZBERG,5
KATZEN,5
KATZENBACH,5
KATZENBERG,5
KATZENBERGER,5
KATZER,10
KATZMAN,10
KATZMANN,5
KATZMARK,5
KATZNER,5
KAUA,5
KAUAHI,5
KAUB,5
KAUBLE,5
KAUCHER,5
KAUDER,5
KAUER,5
KAUFFELD,5
KAUFFMAN,70
KAUFFMANN,5
KAUFHOLD,5
KAUFMAN,130
KAUFMANN,20
KAUFUSI,5
KAUI,5
KAUK,5
KAUKOLA,5
KAUL,10
KAULL,5
KAUMANS,5
KAUMO,5
KAUNE,5
KAUNISTO,5
KAUO,5
KAUP,5
KAUPHUSMAN,5
KAUPP,5
KAUPPI,5
KAUPU,5
KAUR,5
KAUS,5
KAUSCH,5
KAUSHAL,5
KAUSHIVA,5
KAUT,5
KAUTZ,10
KAUTZER,5
KAUTZMAN,5
KAUZLARICH,5
KAVA,5
KAVADIAS,5
KAVANAGH,20
KAVANAH,5
KAVANAUGH,20
KAVANEY,5
KAVE,5
KAVENEY,5
KAVENY,5
KAVIN,5
KAWA,5
KAWAA,5
KAWACHI,5
KAWAGUCHI,5
KAWAHARA,5
KAWAI,5
KAWAIAEA,5
KAWAKAMI,10
KAWAMOTO,10
KAWAMURA,10
KAWANO,5
KAWASAKI,5
KAWASHIMA,5
KAWATA,5
KAWCZYNSKI,5
KAWELL,5
KAWELO,5
KAWSKI,5
KAWULOK,5
KAY,80
KAYA,10
KAYASTHA,5
KAYAT,5
KAYE,30
KAYES,5
KAYLER,5
KAYLO,5
KAYLOR,20
KAYROUZ,5
KAYS,10
KAYSER,10
KAYWOOD,5
KAZ,5
KAZA,5
KAZABI,5
KAZAKOS,5
KAZAN,5
KAZANJIAN,5
KAZANOWSKI,5
KAZAR,5
KAZARIAN,5
KAZDA,5
KAZECK,5
KAZEE,5
KAZEMI,5
KAZI,5
KAZIMI,5
KAZIN,5
KAZMER,5
KAZMI,5
KAZMIERCZAK,5
KAZMIERSKI,5
KAZMORCK,5
KAZUNAS,5
KE,5
KEA,10
KEACH,10
KEADLE,5
KEADY,5
KEAFFABER,5
KEAGLE,5
KEAGY,5
KEAHEY,5
KEAL,5
KEALA,5
KEALEY,5
KEALOHA,5
KEALOHANUI,5
KEALY,5
KEAMO,5
KEAMS,5
KEAN,20
KEANE,30
KEANEY,10
KEANU,5
KEANUM,5
KEANY,5
KEAR,10
KEARBEY,5
KEARBY,5
KEARIN,5
KEARL,5
KEARLEY,5
KEARN,5
KEARNEY,70
KEARNS,60
KEARNY,5
KEARS,5
KEARSE,10
KEARSEY,5
KEARSLEY,5
KEAS,5
KEASER,5
KEASEY,5
KEASLER,10
KEASLEY,5
KEAST,5
KEAT,5
KEATE,5
KEATEN,5
KEATH,5
KEATHLEY,5
KEATING,50
KEATLEY,5
KEATON,40
KEATOR,5
KEATS,5
KEATTS,5
KEATY,5
KEAVENEY,5
KEAVENY,5
KEAVNEY,5
KEAWE,5
KEAY,5
KEBA,5
KEBALKA,5
KEBE,5
KEBEDE,5
KEBERT,5
KEBLISH,5
KEBORT,5
KECK,30
KECKER,5
KECKLER,5
KECSKES,5
KEDDY,5
KEDIA,5
KEDING,5
KEDLEY,5
KEDRA,5
KEDZIERSKI,5
KEE,30
KEEBLE,10
KEEBLER,5
KEECH,10
KEEDAH,5
KEEDY,5
KEEF,5
KEEFAUVER,5
KEEFE,30
KEEFER,30
KEEFNER,5
KEEGAN,30
KEEHAN,5
KEEHN,5
KEEHNE,5
KEEHNER,5
KEEL,30
KEELAN,5
KEELE,10
KEELER,40
KEELEY,20
KEELIN,5
KEELING,40
KEELS,10
KEELY,10
KEEMAN,5
KEEMER,5
KEEN,80
KEENA,5
KEENAN,70
KEENE,70
KEENER,40
KEENETH,5
KEENEY,30
KEENOM,5
KEENS,5
KEENUM,10
KEENY,5
KEEP,5
KEEPERS,5
KEER,5
KEERAN,5
KEERY,5
KEES,10
KEESE,10
KEESECKER,5
KEESEE,10
KEESER,5
KEESEY,5
KEESLER,10
KEESLING,5
KEET,5
KEETAN,5
KEETCH,5
KEETER,10
KEETH,5
KEETON,40
KEETS,5
KEEVER,10
KEEZER,5
KEFAUVER,5
KEFFER,10
KEGEL,5
KEGERRIES,5
KEGG,5
KEGLER,10
KEGLEY,10
KEGLOVIC,5
KEH,5
KEHEW,5
KEHL,10
KEHLER,5
KEHM,5
KEHN,5
KEHOE,20
KEHR,5
KEHRER,5
KEHRES,5
KEHS,5
KEIB,5
KEICHER,5
KEIDONG,5
KEIFER,10
KEIFFER,5
KEIGER,5
KEIGLEY,5
KEIHL,5
KEIL,20
KEILEN,5
KEILHOLTZ,5
KEILHOLZ,5
KEILTY,5
KEIM,20
KEIMIG,5
KEINONEN,5
KEIPE,5
KEIPER,10
KEIR,5
KEIRN,5
KEIRNAN,5
KEIRNS,5
KEIRSTEAD,5
KEIS,5
KEISACKER,5
KEISEL,5
KEISER,20
KEISKER,5
KEISLER,10
KEISLING,5
KEISS,5
KEISTER,20
KEISWETTER,5
KEITEL,5
KEITER,5
KEITH,200
KEITHAN,5
KEITHLEY,10
KEITHLY,5
KEITSOCK,5
KEITT,10
KEITZER,5
KEIZER,5
KEKAHUNA,5
KEKIWI,5
KEKS,5
KEKUA,5
KELA,5
KELASH,5
KELAU,5
KELCH,10
KELCHNER,5
KELCOURSE,5
KELDER,5
KELDERMAN,5
KELEDJIAN,5
KELEHER,5
KELEMAN,5
KELEMEN,10
KELII,5
KELIIHOLOKAI,5
KELIIHOOMALU,5
KELIIKOA,5
KELIIPAAKAUA,5
KELIIPIO,5
KELK,5
KELKER,5
KELL,20
KELLAM,20
KELLAMS,5
KELLAN,5
KELLAR,20
KELLAWAY,5
KELLEBREW,5
KELLEHER,30
KELLEM,5
KELLEMS,10
KELLEN,5
KELLENBERGER,5
KELLER,340
KELLERHOUSE,5
KELLERMAN,20
KELLERMANN,5
KELLETT,10
KELLEY,520
KELLIE,5
KELLIHER,10
KELLIN,5
KELLING,10
KELLIS,5
KELLISH,5
KELLISON,10
KELLMAN,5
KELLN,5
KELLNER,20
KELLO,5
KELLOG,5
KELLOGG,60
KELLOM,5
KELLON,5
KELLOUGH,5
KELLOW,5
KELLS,10
KELLSTROM,5
KELLUM,30
KELLY,1020
KELLYWOOD,5
KELM,10
KELMAN,5
KELNHOFER,5
KELP,5
KELSAY,5
KELSCH,10
KELSEY,50
KELSHEIMER,5
KELSO,30
KELSOE,5
KELSON,10
KELSTROM,5
KELTER,5
KELTNER,10
KELTON,10
KELTT,5
KELTY,10
KELTZ,5
KELZER,5
KEM,5
KEMBLE,10
KEMERER,5
KEMERLING,5
KEMERLY,5
KEMERY,5
KEMFORT,5
KEMICK,5
KEMLER,5
KEMME,5
KEMMER,10
KEMMERER,10
KEMMERIES,5
KEMMERLIN,5
KEMMERLING,5
KEMMIS,5
KEMMLER,5
KEMNA,5
KEMNER,5
KEMNITZ,5
KEMP,200
KEMPA,5
KEMPE,5
KEMPEL,5
KEMPEN,5
KEMPER,30
KEMPF,20
KEMPFER,5
KEMPH,5
KEMPINSKI,5
KEMPISTY,5
KEMPKENS,5
KEMPKER,5
KEMPLE,5
KEMPLER,5
KEMPLIN,5
KEMPNER,5
KEMPON,5
KEMPPAINEN,5
KEMPS,5
KEMPSON,5
KEMPSTER,5
KEMPT,5
KEMPTER,5
KEMPTON,10
KEN,5
KENAAN,5
KENADY,5
KENAGA,5
KENAGY,5
KENAN,5
KENDAL,5
KENDALL,120
KENDELL,5
KENDERDINE,5
KENDI,5
KENDIG,10
KENDLE,5
KENDRA,5
KENDREW,5
KENDRICK,120
KENDRICKS,10
KENDRIX,5
KENDZIERSKI,5
KENDZIOR,5
KENDZIORA,5
KENEALLY,5
KENEALY,5
KENEBREW,5
KENEFICK,5
KENEIPP,5
KENEKHAM,5
KENELY,5
KENEY,5
KENFIELD,5
KENIK,5
KENIMER,5
KENIRY,5
KENISON,5
KENISTON,5
KENKEL,5
KENLEY,5
KENMORE,5
KENNA,10
KENNADY,5
KENNAMER,10
KENNAMORE,5
KENNAN,5
KENNARD,20
KENNAUGH,5
KENNDEY,5
KENNDY,5
KENNE,5
KENNEALLY,5
KENNEALY,5
KENNEBECK,5
KENNEBREW,5
KENNEDY,670
KENNEL,5
KENNELL,10
KENNELLEY,5
KENNELLY,10
KENNELTY,5
KENNEMER,10
KENNEMORE,5
KENNEMUR,5
KENNEMUTH,5
KENNER,20
KENNERLY,5
KENNERSON,10
KENNET,5
KENNETH,5
KENNETT,10
KENNEY,90
KENNGOTT,5
KENNIE,5
KENNIN,5
KENNING,5
KENNINGTON,5
KENNIS,5
KENNISON,10
KENNISTON,5
KENNON,20
KENNY,70
KENO,5
KENON,5
KENOUO,5
KENOYER,5
KENRICK,5
KENSEY,5
KENSINGER,5
KENSON,5
KENT,170
KENTER,5
KENTNER,5
KENTON,5
KENWOOD,5
KENWORTHY,10
KENYON,50
KENZIE,5
KEO,10
KEOBAUNLEUANG,5
KEODALAH,5
KEOGAN,5
KEOGH,5
KEOGHAN,5
KEOHANE,5
KEOMANIVONG,5
KEOMANY,5
KEOMUANGTAI,5
KEOUGH,10
KEOVONGXAY,5
KEOWN,10
KEPANI,5
KEPHART,10
KEPKE,5
KEPLER,10
KEPLEY,10
KEPLIN,5
KEPLINGER,5
KEPNER,10
KEPP,5
KEPPEL,5
KEPPERS,5
KEPPLE,5
KEPPLER,10
KEPPNER,5
KER,5
KERANEN,5
KERANS,5
KERBEL,5
KERBER,10
KERBO,5
KERBOW,5
KERBS,5
KERBY,20
KERCADO,5
KERCE,5
KERCHAL,5
KERCHEFF,5
KERCHER,5
KERCHEVAL,5
KERCHNER,5
KERCY,5
KERECHANKO,5
KEREKES,5
KERELUK,5
KERENS,5
KERESTES,5
KERFIEN,5
KERFOOT,10
KERGER,5
KERI,5
KERIN,5
KERINS,5
KERK,5
KERKEL,5
KERKER,5
KERKHOFF,5
KERKMAN,5
KERKSIEK,5
KERKVLIET,5
KERL,5
KERLEY,20
KERLIN,10
KERMAN,5
KERMES,5
KERN,90
KERNAGIS,5
KERNAN,10
KERNE,5
KERNELL,5
KERNEN,5
KERNER,10
KERNES,5
KERNEY,10
KERNIGHAN,5
KERNODLE,5
KERNS,70
KERNTKE,5
KERO,5
KEROS,5
KERPER,5
KERR,160
KERRICK,10
KERRIGAN,20
KERRY,10
KERSCH,5
KERSCHER,5
KERSCHNER,5
KERSEY,20
KERSH,10
KERSHAW,20
KERSHBAUMER,5
KERSHNER,10
KERSKA,5
KERSLAKE,5
KERSON,5
KERSS,5
KERST,5
KERSTEIN,5
KERSTEN,10
KERSTETTER,10
KERSTING,5
KERTELS,5
KERTESZ,5
KERTH,5
KERTIS,5
KERTZ,5
KERTZMAN,5
KERVIN,5
KERWIN,10
KERWOOD,5
KERZER,5
KERZMAN,5
KESBY,5
KESEK,5
KESER,5
KESEY,5
KESHISHIAN,5
KESHISHYAN,5
KESICH,5
KESINGER,5
KESKE,5
KESLAR,5
KESLER,10
KESLEY,5
KESLING,5
KESNER,5
KESS,5
KESSANS,5
KESSEL,10
KESSELL,5
KESSELMAN,5
KESSELRING,5
KESSENICH,5
KESSINGER,10
KESSLER,100
KESSNER,5
KESSON,5
KESTEN,5
KESTER,20
KESTERSON,10
KESTLE,5
KESTLER,5
KESTNER,10
KESZLER,5
KET,5
KETAY,5
KETCH,5
KETCHAM,20
KETCHEM,5
KETCHEN,5
KETCHER,5
KETCHERSID,5
KETCHERSIDE,5
KETCHESIDE,5
KETCHIE,5
KETCHUM,30
KETELAAR,5
KETELHUT,5
KETELSEN,5
KETHCART,5
KETLER,5
KETNER,10
KETO,5
KETOLA,5
KETRING,5
KETRON,10
KETT,5
KETTEL,5
KETTELL,5
KETTELLE,5
KETTENRING,5
KETTER,10
KETTERER,10
KETTERING,5
KETTERINGHAM,5
KETTERL,5
KETTERLING,5
KETTERMAN,10
KETTINGER,5
KETTL,5
KETTLE,10
KETTLER,10
KETTLEWELL,5
KETTMAN,5
KETTMANN,5
KETTNER,10
KETZLER,5
KEULER,5
KEUP,5
KEUPER,5
KEVAN,5
KEVELIN,5
KEVER,5
KEVERN,5
KEVETH,5
KEVILLE,5
KEVIN,5
KEVORKIAN,5
KEVWITCH,5
KEW,5
KEWAL,5
KEWANWYTEWA,5
KEWISH,5
KEXEL,5
KEY,150
KEYE,5
KEYES,60
KEYL,5
KEYLON,5
KEYLOR,5
KEYNA,5
KEYON,5
KEYS,90
KEYSER,30
KEYT,5
KEYTON,5
KEYWAN,5
KEYWORTH,5
KEZAR,5
KEZELE,5
KEZIAH,5
KHA,5
KHACHATOORIAN,5
KHAIRALLAH,5
KHALAF,5
KHALECK,5
KHALEEL,5
KHALID,5
KHALIFAH,5
KHALIFE,5
KHALIL,10
KHALILI,5
KHALSA,5
KHAM,5
KHAMMIXAY,5
KHAMO,5
KHAMSYUORAUON,5
KHAMVONGSA,5
KHAN,70
KHANG,10
KHANNA,5
KHANO,5
KHANPONAPHAN,5
KHANSARI,5
KHARE,5
KHAT,5
KHATAK,5
KHATCHERIAN,5
KHATIB,5
KHATRI,5
KHAUV,5
KHAY,5
KHAZALEH,5
KHAZDOZIAN,5
KHELA,5
KHEMMANIVONG,5
KHENSAMPHANH,5
KHENSOVAN,5
KHER,5
KHIEV,5
KHILLING,5
KHIM,5
KHLOK,5
KHN,5
KHO,5
KHOKHER,5
KHOLODIVKER,5
KHONG,5
KHOO,5
KHORA,5
KHOSRAVI,5
KHOU,5
KHOUN,5
KHOUNBORINE,5
KHOUNTHAVONG,5
KHOURI,5
KHOURY,20
KHOV,5
KHU,5
KHUBBA,5
KHUM,5
KHUU,5
KIAH,5
KIANG,5
KIANI,5
KIBBE,10
KIBBEE,5
KIBBEY,5
KIBBLE,5
KIBBLER,5
KIBBY,10
KIBE,5
KIBEL,5
KIBLER,20
KIBODEAUX,5
KICHLINE,5
KICK,5
KICKEL,5
KICKER,5
KICKLIGHTER,5
KICKS,5
KID,5
KIDA,5
KIDANE,5
KIDD,130
KIDDER,20
KIDDLE,5
KIDDY,5
KIDNER,5
KIDNEY,10
KIDWELL,30
KIE,5
KIEBALA,5
KIEBLER,5
KIECK,5
KIECKER,5
KIEDROWSKI,5
KIEF,5
KIEFEL,5
KIEFER,30
KIEFERT,5
KIEFF,5
KIEFFER,20
KIEFT,5
KIEGER,5
KIEHL,5
KIEHM,5
KIEHN,5
KIEHNE,5
KIEKBUSCH,5
KIEKE,5
KIEL,10
KIELAR,5
KIELBASA,5
KIELER,5
KIELICH,5
KIELMAN,5
KIELTY,5
KIELY,10
KIENAST,5
KIENBAUM,5
KIENER,5
KIENING,5
KIENITZ,5
KIENLE,5
KIENOW,5
KIENTZ,5
KIENTZY,5
KIENZLE,5
KIEPERT,5
KIER,10
KIERCE,5
KIERNAN,10
KIERSTEAD,5
KIERZEWSKI,5
KIES,5
KIESEL,10
KIESER,5
KIESEWETTER,5
KIESLING,5
KIESOW,5
KIESSER,5
KIESSLING,5
KIEST,5
KIESTER,5
KIESZ,5
KIETZER,5
KIETZMAN,5
KIEVER,5
KIEVIT,5
KIEWIET,5
KIFER,10
KIFFE,5
KIFFER,5
KIFLEZGHIE,5
KIGER,20
KIGGINS,5
KIGHT,20
KIGHTLINGER,5
KIHLSTROM,5
KIHN,5
KIILI,5
KIJAK,5
KIJEK,5
KIJOWSKI,5
KIKER,10
KIKKERT,5
KIKO,5
KIKUCHI,5
KIL,5
KILARJIAN,5
KILB,5
KILBANE,5
KILBERG,5
KILBERT,5
KILBORN,5
KILBORNE,5
KILBOURN,5
KILBOURNE,10
KILBRIDE,5
KILBURN,20
KILBURY,5
KILBY,10
KILCHER,5
KILCOYNE,5
KILCREASE,5
KILCREST,5
KILCULLEN,5
KILDARE,5
KILDAY,5
KILDOO,5
KILDOW,5
KILDUFF,5
KILE,20
KILES,5
KILEY,10
KILFOYLE,5
KILGALLON,5
KILGER,5
KILGO,10
KILGOR,5
KILGORE,80
KILGOUR,5
KILIAN,10
KILICHOWSKI,5
KILIMNIK,5
KILKENNY,10
KILKER,5
KILKUS,5
KILL,5
KILLAM,5
KILLARY,5
KILLAY,5
KILLE,5
KILLEAGLE,5
KILLEAN,5
KILLEBREW,10
KILLEEN,10
KILLELEA,5
KILLEN,10
KILLER,5
KILLETTE,5
KILLGORE,10
KILLIAN,50
KILLIANY,5
KILLIBREW,5
KILLICK,5
KILLILEA,5
KILLIN,5
KILLINGBECK,5
KILLINGER,10
KILLINGS,5
KILLINGSWORTH,20
KILLINGWORTH,5
KILLINS,5
KILLION,20
KILLIUS,5
KILLMAN,5
KILLMER,5
KILLMEYER,5
KILLMON,5
KILLORAN,5
KILLOREN,5
KILLOUGH,20
KILLOY,5
KILLPACK,5
KILMAN,5
KILMARTIN,5
KILMER,20
KILMISTER,5
KILMON,5
KILNER,5
KILNESS,5
KILOGAN,5
KILPATRICK,50
KILROY,10
KILSON,5
KILSTOFTE,5
KILTIE,5
KILTON,5
KILTS,5
KILTY,5
KILTZ,5
KILVER,5
KILZER,5
KIM,450
KIMAK,5
KIMBAL,5
KIMBALL,110
KIMBEL,5
KIMBELL,10
KIMBER,20
KIMBERL,5
KIMBERLEY,5
KIMBERLIN,10
KIMBERLING,10
KIMBERLY,10
KIMBLE,70
KIMBLER,10
KIMBLEY,5
KIMBRAL,5
KIMBREL,10
KIMBRELL,30
KIMBRIEL,5
KIMBRIL,5
KIMBRO,10
KIMBROUGH,60
KIMBROW,5
KIME,10
KIMEL,5
KIMERY,5
KIMES,20
KIMLER,5
KIMM,5
KIMME,5
KIMMEL,30
KIMMELL,10
KIMMER,5
KIMMERLE,5
KIMMES,5
KIMMET,5
KIMMEY,5
KIMMINAU,5
KIMMINS,5
KIMMONS,10
KIMOTO,5
KIMPEL,10
KIMPLE,5
KIMPTON,5
KIMREY,5
KIMSEY,10
KIMURA,20
KIMZEY,10
KIN,5
KINA,5
KINABREW,5
KINAHAN,5
KINAJ,5
KINAN,5
KINARD,30
KINART,5
KINAS,5
KINATYAN,5
KINCADE,10
KINCAID,70
KINCAIDE,5
KINCANNON,10
KINCER,10
KINCEY,5
KINCH,10
KINCHELOE,10
KINCHEN,10
KINCY,5
KIND,5
KINDALL,5
KINDBERG,5
KINDE,5
KINDEL,10
KINDELL,5
KINDER,50
KINDERKNECHT,5
KINDERMAN,5
KINDERMANN,5
KINDIG,10
KINDL,5
KINDLA,5
KINDLE,10
KINDLER,5
KINDLEY,5
KINDLIMANN,5
KINDRED,20
KINDREGAN,5
KINDRICK,5
KINDS,5
KINDSCHUH,5
KINDT,5
KINE,5
KINER,5
KINERSON,5
KINES,5
KING,1900
KINGCADE,5
KINGDOM,5
KINGDON,5
KINGEN,5
KINGERY,20
KINGFISHER,5
KINGHAM,5
KINGHORN,5
KINGMA,5
KINGMAN,5
KINGORE,5
KINGREY,5
KINGRY,5
KINGS,5
KINGSBERRY,5
KINGSBURY,20
KINGSFORD,5
KINGSHOTT,5
KINGSLAND,5
KINGSLEY,30
KINGSOLVER,5
KINGSON,5
KINGSTON,20
KINGTON,5
KINGWOOD,5
KINI,5
KINIKINI,5
KINION,5
KINIRY,5
KINKADE,10
KINKAID,5
KINKEAD,10
KINKEL,5
KINKELAAR,5
KINKELLA,5
KINKER,5
KINKIN,5
KINKLE,5
KINLAW,20
KINLECHEENY,5
KINLEY,10
KINLIN,5
KINLOCH,5
KINLOCK,5
KINMAN,10
KINN,5
KINNA,5
KINNAIRD,5
KINNAMAN,5
KINNAMON,5
KINNAN,5
KINNARD,10
KINNARE,5
KINNE,10
KINNEAR,10
KINNEBREW,5
KINNEMAN,5
KINNER,10
KINNETT,5
KINNEY,130
KINNIBURGH,5
KINNICK,5
KINNIE,5
KINNIER,5
KINNING,5
KINNINGHAM,5
KINNION,5
KINNISON,10
KINNON,5
KINNUNEN,5
KINOSHITA,5
KINROTH,5
KINS,5
KINSEL,5
KINSELLA,10
KINSER,20
KINSETH,5
KINSEY,60
KINSINGER,5
KINSKY,5
KINSLAND,5
KINSLER,10
KINSLEY,10
KINSLOW,10
KINSMAN,10
KINSOLVING,5
KINSON,5
KINSTLE,5
KINSTLER,5
KINT,5
KINTER,5
KINTIGH,5
KINTNER,5
KINTON,5
KINTOP,5
KINTOPP,5
KINTSEL,5
KINTZ,5
KINTZEL,10
KINTZER,5
KINVILLE,5
KINYON,10
KINZEL,10
KINZER,10
KINZIE,5
KINZIG,5
KINZINGER,5
KINZLE,5
KIO,5
KIOUS,5
KIP,5
KIPER,5
KIPFER,5
KIPHART,5
KIPKA,5
KIPLING,5
KIPP,20
KIPPEL,5
KIPPER,5
KIPPES,5
KIPPING,5
KIPPLE,5
KIPPLEY,5
KIPPS,5
KIRACOFE,5
KIRAKOSYAN,5
KIRAL,5
KIRALY,5
KIRBERGER,5
KIRBIE,5
KIRBO,5
KIRBY,220
KIRCH,10
KIRCHAUSEN,5
KIRCHBAUM,5
KIRCHBERG,5
KIRCHEN,5
KIRCHER,10
KIRCHGESLER,5
KIRCHGESSNER,5
KIRCHHERR,5
KIRCHHOFER,5
KIRCHHOFF,5
KIRCHMAN,5
KIRCHMANN,5
KIRCHMEIER,5
KIRCHNER,30
KIRCHOFF,10
KIRCKOF,5
KIRGAN,5
KIRITSY,5
KIRK,220
KIRKBRIDE,5
KIRKBY,5
KIRKCONNELL,5
KIRKEBY,5
KIRKEGAARD,5
KIRKENDALL,10
KIRKENDOLL,5
KIRKER,5
KIRKEY,5
KIRKHAM,20
KIRKHART,5
KIRKLAND,130
KIRKLEN,5
KIRKLEY,10
KIRKLIN,10
KIRKLING,5
KIRKMAN,20
KIRKNER,5
KIRKNESS,5
KIRKPATRIC,5
KIRKPATRICK,110
KIRKS,5
KIRKSEY,20
KIRKWOOD,30
KIRLEY,5
KIRLIN,5
KIRMER,5
KIRN,5
KIRNER,5
KIRNON,5
KIROUAC,5
KIROVAC,5
KIRSCH,20
KIRSCHBAUM,10
KIRSCHENBAUM,5
KIRSCHENMAN,5
KIRSCHENMANN,5
KIRSCHKE,5
KIRSCHMAN,5
KIRSCHNER,20
KIRSCHT,5
KIRSH,5
KIRSHMAN,5
KIRSHNER,5
KIRSON,5
KIRSOPP,5
KIRST,10
KIRSTEIN,5
KIRSTEN,5
KIRT,5
KIRTDOLL,5
KIRTLAND,5
KIRTLEY,10
KIRTNER,5
KIRTON,5
KIRTS,10
KIRVEN,5
KIRVIN,5
KIRWAN,10
KIRWIN,10
KIRYAKOZA,5
KIRYLO,5
KISAK,5
KISAMORE,5
KISCH,5
KISE,5
KISER,70
KISH,30
KISHABA,5
KISHBAUGH,5
KISHEL,5
KISHI,5
KISHIMOTO,5
KISICKI,5
KISIEL,5
KISIELEWSKI,5
KISINGER,5
KISKER,5
KISLER,5
KISLING,5
KISNER,10
KISOR,5
KISRO,5
KISS,10
KISSACK,5
KISSAM,5
KISSANE,5
KISSEE,10
KISSEL,10
KISSELBURG,5
KISSELL,10
KISSER,5
KISSI,5
KISSICK,5
KISSIK,5
KISSINGER,10
KISSLER,5
KISSLING,5
KISSNER,10
KIST,10
KISTENMACHER,5
KISTER,5
KISTLE,5
KISTLER,20
KISTNER,10
KISTO,5
KISZKA,5
KITA,5
KITAGAWA,5
KITAMURA,5
KITANIK,5
KITCH,5
KITCHEL,5
KITCHELL,5
KITCHEN,60
KITCHENMAN,5
KITCHENS,40
KITCHER,5
KITCHIN,5
KITCHING,5
KITE,20
KITELINGER,5
KITHCART,5
KITKA,5
KITNER,5
KITSMILLER,5
KITSON,10
KITT,10
KITTEL,10
KITTELBERGER,5
KITTELL,5
KITTELMAN,5
KITTELSON,10
KITTEN,5
KITTERMAN,10
KITTHIKOUNE,5
KITTINGER,10
KITTLE,10
KITTLER,5
KITTLES,5
KITTLESON,10
KITTNER,5
KITTO,5
KITTREDGE,10
KITTRELL,20
KITTS,10
KITTY,5
KITZ,5
KITZEROW,5
KITZMAN,5
KITZMILLER,5
KITZROW,5
KIVEL,5
KIVELA,5
KIVETT,10
KIVI,10
KIVIOJA,5
KIVISTO,5
KIYABU,5
KIYUNA,5
KIZER,20
KIZEWSKI,5
KIZIOR,5
KIZZEE,5
KIZZIA,5
KIZZIAR,5
KIZZIE,5
KJAR,5
KJELDGAARD,5
KJELLAND,5
KJELLBERG,5
KJELLMAN,5
KJELLSEN,5
KJERGAARD,5
KJETLAND,5
KJOLSETH,5
KJOS,5
KLAAMEYER,5
KLAAS,5
KLAASS,5
KLAASSEN,5
KLABUNDE,5
KLACIC,5
KLAERS,5
KLAFEHN,5
KLAFT,5
KLAGES,5
KLAHN,10
KLAHR,5
KLAIBER,5
KLAICH,5
KLAJA,5
KLAKOWICZ,5
KLAMAN,5
KLAMERT,5
KLAMET,5
KLAMM,5
KLAMMER,5
KLAMN,5
KLAN,5
KLANCNIK,5
KLANDE,5
KLANG,5
KLANN,5
KLAPEC,5
KLAPHAKE,5
KLAPP,5
KLAPPER,10
KLAPPERICH,5
KLAPPHOLZ,5
KLAR,10
KLARBERG,5
KLARE,5
KLAREN,5
KLARICH,5
KLARIN,5
KLARMAN,5
KLARR,5
KLAS,5
KLASE,5
KLASEN,5
KLASING,5
KLASINSKI,5
KLASS,10
KLASSEN,10
KLATT,20
KLATTE,5
KLAUER,5
KLAUS,20
KLAUSER,5
KLAUSNER,5
KLAVE,5
KLAVER,5
KLAVETTER,5
KLAVON,5
KLAVUHN,5
KLAWINSKI,5
KLAWITER,5
KLAWITTER,5
KLAWUHN,5
KLAY,5
KLAYMAN,5
KLEAR,5
KLEBAN,5
KLEBANOFF,5
KLEBANOW,5
KLEBE,5
KLEBER,5
KLEBES,5
KLECHA,5
KLECK,5
KLECKER,5
KLECKLEY,5
KLECKNER,10
KLEE,5
KLEEB,5
KLEEFISCH,5
KLEEKAMP,5
KLEEMAN,5
KLEEN,5
KLEES,5
KLEESE,5
KLEESPIES,5
KLEFFMAN,5
KLEFFNER,5
KLEFTOGIANNIS,5
KLEGIN,5
KLEHN,5
KLEI,5
KLEIBER,10
KLEIBOEKER,5
KLEID,5
KLEIDON,5
KLEIER,5
KLEIFGEN,5
KLEIMAN,10
KLEIMOLA,5
KLEIN,260
KLEINBERG,5
KLEINBERGER,5
KLEINDIENST,5
KLEINE,5
KLEINER,10
KLEINERT,5
KLEINFELD,5
KLEINFELDER,5
KLEINHANS,5
KLEINHENZ,5
KLEINKE,5
KLEINKNECHT,5
KLEINKOPF,5
KLEINMAN,10
KLEINMANN,5
KLEINPETER,5
KLEINSASSER,5
KLEINSCHMIDT,10
KLEINSMITH,5
KLEINSORGE,5
KLEINTOP,5
KLEINWOLTERIN,5
KLEIS,5
KLEIST,10
KLEM,10
KLEMAN,5
KLEMANSKI,5
KLEMASH,5
KLEMEN,5
KLEMENC,5
KLEMENCIC,5
KLEMENS,5
KLEMENT,5
KLEMETSON,5
KLEMISCH,5
KLEMISH,5
KLEMKE,5
KLEMM,10
KLEMME,5
KLEMP,5
KLEMPA,5
KLENA,5
KLENK,5
KLENKE,5
KLENOVICH,5
KLEPAC,5
KLEPACKI,5
KLEPACZ,5
KLEPAREK,5
KLEPCHICK,5
KLEPFER,5
KLEPPE,5
KLEPPEN,5
KLEPPER,5
KLEPPINGER,5
KLESS,5
KLETSCHKA,5
KLETT,5
KLETTE,5
KLEVE,5
KLEVEN,5
KLEVENE,5
KLEVER,5
KLEVJER,5
KLEY,5
KLEYMAN,5
KLEYPAS,5
KLEZ,5
KLICE,5
KLICH,5
KLICK,5
KLICKA,5
KLICKER,5
KLICKMAN,5
KLIEBERT,10
KLIEM,5
KLIEN,5
KLIER,5
KLIETHERMES,5
KLIEVER,5
KLIEWER,5
KLIGER,5
KLIMA,10
KLIMAS,10
KLIMASZEWSKI,5
KLIMAVICIUS,5
KLIMCZYK,5
KLIMEK,10
KLIMENT,5
KLIMES,5
KLIMESH,5
KLIMKO,5
KLIMKOWICZ,5
KLIMO,5
KLINCK,5
KLINDT,5
KLINE,150
KLINEDINST,5
KLINEFELTER,5
KLINEKOLE,5
KLINES,5
KLINETOB,5
KLING,20
KLINGAMAN,5
KLINGBEIL,10
KLINGBERG,5
KLINGE,5
KLINGEL,5
KLINGELHOEFER,5
KLINGELHOETS,5
KLINGEN,5
KLINGENBERG,5
KLINGENBERGER,5
KLINGENSMITH,20
KLINGER,30
KLINGERMAN,5
KLINGLER,10
KLINGLESMITH,5
KLINGMAN,5
KLINGNER,5
KLINGSHIRN,5
KLINICH,5
KLINK,20
KLINKENBERG,5
KLINKER,5
KLINKHAMMER,5
KLINKO,5
KLINNER,5
KLINNERT,5
KLINSKI,5
KLINT,5
KLINTWORTH,5
KLIPFEL,5
KLIPP,5
KLIPPEL,5
KLIS,5
KLISH,5
KLISKEY,5
KLITSCH,5
KLITZ,5
KLITZING,5
KLITZNER,5
KLJUCARIC,5
KLOBERDANZ,5
KLOBUCAR,5
KLOC,5
KLOCEK,5
KLOCK,10
KLOCKARS,5
KLOCKE,5
KLOECK,5
KLOEFKORN,5
KLOEKER,5
KLOEPPEL,5
KLOEPPER,5
KLOER,5
KLOHE,5
KLOHR,5
KLOHS,5
KLOIBER,5
KLOKE,5
KLOMP,5
KLONOSKI,5
KLONOWSKI,5
KLOOCK,5
KLOOS,5
KLOPF,5
KLOPFENSTEIN,5
KLOPFER,5
KLOPP,10
KLOPPENBURG,5
KLOS,10
KLOSE,5
KLOSINSKI,5
KLOSKA,5
KLOSKY,5
KLOSNER,5
KLOSOWSKI,5
KLOSS,10
KLOSSNER,5
KLOSTER,5
KLOSTERMAN,5
KLOSTERMANN,5
KLOTH,5
KLOTZ,20
KLOTZBACH,5
KLOUDA,5
KLUBER,5
KLUCK,5
KLUDT,5
KLUEMPER,5
KLUENDER,5
KLUESNER,10
KLUEVER,5
KLUG,20
KLUGE,10
KLUGH,5
KLUGMAN,5
KLUKA,5
KLUKAN,5
KLUKAS,5
KLUKKEN,5
KLUMP,5
KLUMPH,5
KLUMPP,5
KLUN,5
KLUND,5
KLUNDER,5
KLUNK,5
KLUS,5
KLUSE,5
KLUSMAN,5
KLUSMEYER,5
KLUSS,5
KLUSSMANN,5
KLUTE,5
KLUTH,5
KLUTTS,5
KLUTTZ,5
KLUTZ,5
KLUVER,5
KLUZ,5
KLYCE,5
KLYM,5
KLYN,5
KMAN,5
KMATZ,5
KMENT,5
KMET,5
KMETZ,5
KMIEC,5
KMIECIK,5
KMIOTEK,5
KNAACK,10
KNAAK,5
KNAB,5
KNABB,5
KNABE,5
KNABJIAN,5
KNABLE,5
KNACK,5
KNACKSTEDT,5
KNAEBEL,5
KNAFF,5
KNAGGS,5
KNAKE,5
KNALL,5
KNAP,5
KNAPCHUCK,5
KNAPE,5
KNAPHUS,5
KNAPICK,5
KNAPIK,5
KNAPKE,5
KNAPKO,5
KNAPP,160
KNAPPE,5
KNAPPENBERGER,5
KNAPPER,5
KNAPPERT,5
KNARR,10
KNATT,5
KNAUB,5
KNAUER,10
KNAUF,5
KNAUFF,5
KNAUS,10
KNAUSS,10
KNAUST,5
KNAVEL,5
KNAZS,5
KNEBEL,5
KNECHT,10
KNEDLER,5
KNEE,10
KNEEDLER,5
KNEEFE,5
KNEELAND,10
KNEESKERN,5
KNEHANS,5
KNEIFEL,5
KNEIFL,5
KNEIP,5
KNEISEL,5
KNEISLER,5
KNEISLEY,5
KNELL,5
KNELLER,5
KNELLINGER,5
KNEPEL,5
KNEPP,10
KNEPPER,10
KNEPSHIELD,5
KNERIEN,5
KNERR,5
KNESEK,5
KNESEL,5
KNESER,5
KNESTRICK,5
KNETSCH,5
KNEUPER,5
KNEWTSON,5
KNEZEVIC,5
KNEZEVICH,5
KNEZOVICH,5
KNICELEY,5
KNICELY,5
KNICK,5
KNICKELBEIN,5
KNICKERBOCKER,10
KNICKMAN,5
KNICKREHM,5
KNIE,5
KNIEFEL,5
KNIEPER,5
KNIER,5
KNIERIEM,5
KNIERIM,5
KNIES,5
KNIESEL,5
KNIESS,5
KNIFE,5
KNIFFEN,5
KNIFFIN,5
KNIGGE,5
KNIGHT,600
KNIGHTEN,10
KNIGHTER,5
KNIGHTLY,5
KNIGHTON,10
KNIGHTS,10
KNIGHTSTEP,5
KNILANDS,5
KNILL,5
KNIOLA,5
KNIPE,10
KNIPFEL,5
KNIPHFER,5
KNIPP,10
KNIPPEL,5
KNIPPENBERG,5
KNIPPER,5
KNIPPERS,5
KNIPPING,5
KNIPPLE,5
KNISELY,10
KNISLEY,10
KNISPEL,5
KNISS,5
KNITTEL,5
KNITTLE,5
KNIZLEY,5
KNKNOWN,5
KNOBBE,5
KNOBEL,5
KNOBLAUCH,5
KNOBLE,5
KNOBLER,5
KNOBLOCH,5
KNOBLOCK,5
KNOCH,5
KNOCHE,5
KNOCHEL,5
KNOCK,5
KNOCKAERT,5
KNOCKE,5
KNODEL,5
KNOEBEL,5
KNOECHEL,5
KNOEDLER,5
KNOELL,5
KNOEPFLER,5
KNOEPKE,5
KNOEPPEL,5
KNOERZER,5
KNOFF,5
KNOFLICEK,5
KNOKE,5
KNOLE,5
KNOLES,5
KNOLL,30
KNOLLENBERG,5
KNOLLMAN,5
KNOLTON,5
KNOOP,5
KNOP,10
KNOPF,10
KNOPINSKI,5
KNOPP,20
KNORE,5
KNORI,5
KNORP,5
KNORR,10
KNOST,5
KNOTEK,5
KNOTEN,5
KNOTH,5
KNOTOWICZ,5
KNOTT,50
KNOTTS,30
KNOUFF,5
KNOUS,5
KNOUSE,10
KNOWELL,5
KNOWER,5
KNOWITON,5
KNOWLES,120
KNOWLING,5
KNOWLTON,40
KNOWS,5
KNOX,190
KNOY,5
KNUCKLES,10
KNUDSEN,40
KNUDSON,30
KNUDSUIG,5
KNUDSVIG,5
KNUDTSON,10
KNUEPPEL,5
KNUPKE,5
KNUPP,10
KNUST,5
KNUTESON,5
KNUTH,10
KNUTSEN,10
KNUTSON,60
KNUTT,5
KNUTZEN,5
KNYZEWSKI,5
KO,10
KOBA,5
KOBACK,5
KOBAK,5
KOBARA,5
KOBASHIGAWA,5
KOBAYASHI,20
KOBBE,5
KOBEL,5
KOBER,10
KOBERG,5
KOBERNICK,5
KOBIALKA,5
KOBIE,5
KOBIS,5
KOBLE,5
KOBLER,5
KOBLICK,5
KOBOLD,5
KOBRIN,5
KOBRYN,5
KOBS,5
KOBUS,5
KOBYLARCZYK,5
KOBYLARZ,5
KOBYLINSKI,5
KOBYLSKI,5
KOBZA,5
KOC,5
KOCAB,5
KOCAJ,5
KOCH,160
KOCHAN,5
KOCHANEK,5
KOCHANSKI,5
KOCHEL,5
KOCHEN,5
KOCHER,20
KOCHERT,5
KOCHEVAR,5
KOCHHEISER,5
KOCHIS,5
KOCHKODIN,5
KOCHLER,5
KOCHMANSKI,5
KOCI,5
KOCIAN,5
KOCIEDA,5
KOCIK,5
KOCIOLEK,5
KOCK,5
KOCKA,5
KOCKLER,5
KOCON,5
KOCOUREK,5
KOCSIS,5
KOCUR,5
KOCUREK,5
KOCZELA,5
KOCZERA,5
KOCZUR,5
KOCZWARA,5
KODA,5
KODADEK,5
KODAMA,5
KODANI,5
KODERA,5
KODISH,5
KODY,5
KOE,5
KOEBEL,5
KOEBLEY,5
KOECK,5
KOEGEL,5
KOEGLER,5
KOEHL,5
KOEHLER,60
KOEHLY,5
KOEHN,20
KOEHNE,5
KOEHNEN,5
KOEHRING,5
KOEING,5
KOELBEL,5
KOELEWYN,5
KOELLE,5
KOELLER,10
KOELLING,5
KOELLMANN,5
KOELLNER,5
KOELSCH,5
KOELZER,5
KOEN,5
KOENECKE,5
KOENEMAN,5
KOENEMUND,5
KOENEN,5
KOENER,5
KOENIG,70
KOENIGS,5
KOENIGSBERG,5
KOENIGSFELD,5
KOENIGSMAN,5
KOENIGSTEIN,5
KOENING,5
KOENINGER,5
KOENITZER,5
KOENNING,5
KOEP,5
KOEPF,5
KOEPKE,10
KOEPNICK,5
KOEPP,10
KOEPPE,5
KOEPPEL,5
KOEPPEN,5
KOEPPER,5
KOEPPL,5
KOEPSEL,5
KOEPSELL,5
KOERBER,5
KOERNER,20
KOERPER,5
KOERS,5
KOERWITZ,5
KOES,5
KOESTER,20
KOESTLER,5
KOESTNER,5
KOETJE,5
KOETS,5
KOETTER,5
KOETTING,5
KOETZ,5
KOEWLER,5
KOFA,5
KOFAHL,5
KOFF,5
KOFFLER,10
KOFFMAN,5
KOFFORD,5
KOFLER,5
KOFMAN,5
KOFOED,5
KOFOID,5
KOFOOT,5
KOFRON,5
KOFUTUA,5
KOGA,10
KOGAN,10
KOGEL,5
KOGEN,5
KOGER,10
KOGLER,5
KOGUCHI,5
KOGUT,10
KOH,10
KOHAN,10
KOHARA,5
KOHATSU,5
KOHEL,5
KOHEN,5
KOHL,30
KOHLER,60
KOHLES,5
KOHLHEPP,5
KOHLHOFF,5
KOHLI,5
KOHLMAN,5
KOHLMEIER,10
KOHLMEYER,5
KOHLMYER,5
KOHLS,5
KOHM,5
KOHN,30
KOHNEN,5
KOHNER,5
KOHNERT,5
KOHNKE,5
KOHNZ,5
KOHOUT,5
KOHR,10
KOHRMAN,5
KOHRS,5
KOHRT,5
KOHS,5
KOHUS,5
KOHUT,10
KOINER,5
KOINZAN,5
KOISTINEN,5
KOITZSCH,5
KOIZUMI,5
KOJIMA,5
KOK,5
KOKALY,5
KOKENGE,5
KOKESH,5
KOKKO,5
KOKO,5
KOKOCINSKI,5
KOKOSKA,5
KOKOSZKA,5
KOKUBUN,5
KOL,5
KOLACKI,5
KOLAGA,5
KOLAKOWSKI,5
KOLANDER,5
KOLAR,10
KOLARIK,5
KOLASA,5
KOLASH,5
KOLASINSKI,5
KOLASSA,5
KOLAT,5
KOLATA,5
KOLB,40
KOLBE,5
KOLBECK,5
KOLBER,5
KOLBERG,5
KOLBO,5
KOLBUSZ,5
KOLBY,5
KOLDA,5
KOLDEN,5
KOLDING,5
KOLE,5
KOLEHMAINEN,5
KOLEK,5
KOLEN,5
KOLENDA,5
KOLES,5
KOLESAR,5
KOLESNIK,5
KOLIAS,5
KOLIC,5
KOLICH,5
KOLIKAS,5
KOLIN,5
KOLINSKI,5
KOLINSKY,5
KOLIS,5
KOLK,5
KOLKEMEYER,5
KOLKER,5
KOLKHORST,5
KOLKMAN,5
KOLKMANN,5
KOLKOWSKI,5
KOLL,5
KOLLAR,10
KOLLASCH,5
KOLLE,5
KOLLEN,5
KOLLER,20
KOLLING,5
KOLLMAN,10
KOLLMEYER,5
KOLLMORGEN,5
KOLLOS,5
KOLLROSS,5
KOLM,5
KOLMAN,5
KOLMER,5
KOLMETZ,5
KOLNIK,5
KOLO,5
KOLOC,5
KOLODZIEJ,10
KOLODZIESKI,5
KOLODZIK,5
KOLOGY,5
KOLOPAJLO,5
KOLOSKI,5
KOLOSKY,5
KOLP,5
KOLPPA,5
KOLSRUD,5
KOLSTAD,5
KOLTER,5
KOLTHOFF,5
KOLTS,5
KOLTZ,5
KOLUPKE,5
KOLWYCK,5
KOMA,5
KOMADA,5
KOMAN,5
KOMAR,10
KOMARA,5
KOMAREK,5
KOMATSU,5
KOMATZ,5
KOMBE,5
KOMER,5
KOMINEK,5
KOMINSKI,5
KOMIS,5
KOMLOS,5
KOMM,5
KOMMER,5
KOMO,5
KOMOROWSKI,5
KOMOSINSKI,5
KOMP,5
KOMSTHOEFT,5
KOMULA,5
KON,5
KONAKOWITZ,5
KONARIK,5
KONARSKI,5
KONAT,5
KONCAN,5
KONCZAK,5
KONCZEWSKI,5
KONDEL,5
KONDERLA,5
KONDO,10
KONDOS,5
KONDRACKI,5
KONDRATOWICZ,5
KONE,5
KONECNI,5
KONECNY,5
KONEFAL,5
KONEK,5
KONEN,10
KONETCHY,5
KONEVAL,5
KONG,30
KONGER,5
KONICEK,5
KONICK,5
KONICKI,5
KONIECZKA,5
KONIECZKO,5
KONIECZNY,10
KONIG,5
KONIGSBERG,5
KONIK,5
KONING,5
KONISHI,5
KONKEL,5
KONKLE,5
KONKOL,5
KONMA,5
KONN,5
KONNO,5
KONO,5
KONON,5
KONOPACKI,5
KONOPACKY,5
KONOPKA,10
KONOPNICKI,5
KONOPSKI,5
KONOW,5
KONOWAL,5
KONRAD,10
KONRUFF,5
KONSTANTINIDI,5
KONTOGIANIS,5
KONTOGIANNIS,5
KONTOS,5
KONTY,5
KONWINSKI,5
KONYE,5
KONYN,5
KONZ,5
KONZAL,5
KONZEN,5
KOO,10
KOOB,5
KOOCH,5
KOOGLE,5
KOOGLER,5
KOOISTRA,5
KOOK,5
KOOKEN,5
KOOKER,5
KOOL,5
KOOLMAN,5
KOON,20
KOONCE,30
KOONE,5
KOONG,5
KOONS,20
KOONTZ,40
KOONZ,5
KOOP,10
KOOPMAN,10
KOOPMANN,5
KOOPMANS,5
KOOR,5
KOORS,5
KOOS,5
KOOSER,5
KOOSMAN,5
KOOY,5
KOOYMAN,5
KOPACZ,5
KOPALD,5
KOPAN,5
KOPAS,5
KOPATZ,5
KOPAY,5
KOPCHICK,5
KOPCZYK,5
KOPCZYNSKI,5
KOPEC,10
KOPECKY,10
KOPEL,5
KOPELMAN,5
KOPER,5
KOPERA,5
KOPERSKI,5
KOPET,5
KOPF,10
KOPFER,5
KOPIAK,5
KOPIASZ,5
KOPICKO,5
KOPIN,5
KOPINSKI,5
KOPIS,5
KOPISCHKE,5
KOPKA,5
KOPKE,5
KOPKO,5
KOPLIN,5
KOPP,40
KOPPA,5
KOPPANG,5
KOPPEL,5
KOPPELMAN,5
KOPPELMANN,5
KOPPEN,5
KOPPENHAVER,5
KOPPER,5
KOPPERMAN,5
KOPPERUD,5
KOPPES,5
KOPPINGER,5
KOPPLE,5
KOPPLIN,5
KOPPS,5
KOPPY,5
KOPRIVA,5
KOPROWSKI,5
KOPS,5
KOPSHO,5
KOR,5
KORAB,5
KORAL,5
KORALEWSKI,5
KORAN,5
KORANDO,10
KORB,5
KORBA,5
KORBAL,5
KORBAR,5
KORBEL,5
KORBER,5
KORBIN,5
KORBY,5
KORCHNAK,5
KORCZYNSKI,5
KORDAS,5
KORDIAK,5
KORDISH,5
KORDOWSKI,5
KORDSMEIER,5
KORDUS,5
KORDYS,5
KOREN,5
KORENEK,5
KORENIC,5
KORES,5
KORETSKY,5
KOREWDIT,5
KOREY,5
KORF,5
KORFF,5
KORFHAGE,5
KORGIE,5
KORHONEN,10
KORIA,5
KORINECK,5
KORINEK,5
KORINTA,5
KORITKO,5
KORKMAS,5
KORMAN,10
KORMANN,5
KORMOS,5
KORN,20
KORNBAU,5
KORNBLATT,5
KORNBLUM,5
KORNBLUTH,5
KORNEGAY,20
KORNER,5
KORNFELD,5
KORNFIELD,5
KORNHAUSER,5
KORNMAN,5
KORNN,5
KORNPROBST,5
KORNREICH,5
KORNRUMPF,5
KORNS,5
KOROCH,5
KOROL,5
KOROMA,5
KORONA,5
KORPAL,5
KORPELA,5
KORPI,5
KORSAK,5
KORSEN,5
KORSHAK,5
KORSLUND,5
KORSMEYER,5
KORST,5
KORT,10
KORTE,10
KORTEMEIER,5
KORTGE,5
KORTH,10
KORTHAUER,5
KORTKAMP,5
KORTRIGHT,5
KORTUM,5
KORTZ,5
KORUS,5
KORVIN,5
KORWATCH,5
KORWIN,5
KORY,5
KORYNTA,5
KORZENSKI,5
KORZEP,5
KORZYBSKI,5
KORZYNIOWSKI,5
KOS,5
KOSA,5
KOSACK,5
KOSAK,5
KOSAKOWSKI,5
KOSANKE,5
KOSANOVIC,5
KOSAR,5
KOSAREFF,5
KOSBAB,5
KOSCH,5
KOSCHNITZKI,5
KOSCHO,5
KOSCIELAK,5
KOSCIELNIAK,5
KOSCINSKI,5
KOSCO,5
KOSEK,5
KOSEL,5
KOSEN,5
KOSER,5
KOSH,5
KOSHAR,5
KOSHI,5
KOSHIOL,5
KOSHY,5
KOSIBA,5
KOSICKI,5
KOSIER,5
KOSIK,5
KOSIN,5
KOSINAR,5
KOSINSKI,10
KOSIOREK,5
KOSIR,5
KOSITZKE,5
KOSKA,5
KOSKELA,5
KOSKI,20
KOSKIE,5
KOSKINEN,5
KOSKY,5
KOSLAN,5
KOSLOSKI,5
KOSLOSKY,5
KOSLOW,5
KOSLOWSKI,5
KOSMALA,5
KOSMAN,5
KOSMATKA,5
KOSMICKI,5
KOSMOWSKI,5
KOSO,5
KOSOFF,5
KOSOFSKY,5
KOSOROG,5
KOSOSKY,5
KOSOWSKI,5
KOSS,20
KOSSACK,5
KOSSAK,5
KOSSAKOWSKI,5
KOSSE,5
KOSSEN,5
KOSSEY,5
KOSSIN,5
KOSSMAN,5
KOSSMANN,5
KOSSOW,5
KOST,10
KOSTAL,5
KOSTECKI,5
KOSTEK,5
KOSTEL,5
KOSTELECKY,5
KOSTELNICK,5
KOSTELNIK,5
KOSTEN,5
KOSTENKO,5
KOSTER,20
KOSTERS,5
KOSTIC,5
KOSTICH,5
KOSTICK,5
KOSTIS,5
KOSTIUK,5
KOSTIV,5
KOSTKA,10
KOSTOHRYZ,5
KOSTRZEWA,5
KOSTURA,5
KOSTY,5
KOSTYK,5
KOSTYLA,5
KOSUTA,5
KOSZYK,5
KOT,5
KOTAKI,5
KOTARA,5
KOTARSKI,5
KOTAS,5
KOTCH,5
KOTCHER,5
KOTECKI,5
KOTEK,5
KOTELES,5
KOTERA,5
KOTERAS,5
KOTERBA,5
KOTEY,5
KOTH,5
KOTHAKOTA,5
KOTHARI,5
KOTHE,5
KOTHEIMER,5
KOTHENBEUTEL,5
KOTLAR,5
KOTLER,5
KOTLOWSKI,5
KOTNIK,5
KOTONSKI,5
KOTOW,5
KOTOWSKI,5
KOTRBA,5
KOTRYS,5
KOTSCHEVAR,5
KOTSON,5
KOTT,10
KOTTE,5
KOTTENSTETTE,5
KOTTER,10
KOTTERNA,5
KOTTKE,5
KOTTLER,5
KOTTLOWSKI,5
KOTTMAN,5
KOTTRABA,5
KOTTRE,5
KOTTS,5
KOTTSICK,5
KOTTWITZ,5
KOTULA,5
KOTUR,5
KOTYK,5
KOTZ,5
KOTZEN,5
KOTZUR,5
KOU,5
KOUALESKI,5
KOUBA,10
KOUDELKA,5
KOUGH,5
KOULABOUT,5
KOULALIS,5
KOULAVONGSA,5
KOUNCE,5
KOUNICK,5
KOUNKEL,5
KOUNLAVONG,5
KOUNOVSKY,5
KOUNS,5
KOUNTER,5
KOUNTHAPANYA,5
KOUNTHONG,5
KOUNTZ,5
KOURI,5
KOURKOUMELLIS,5
KOURT,5
KOURY,10
KOUSONSAVATH,5
KOUSSA,5
KOUTRAS,5
KOUTZ,5
KOUYATE,5
KOVAC,10
KOVACEVIC,5
KOVACH,30
KOVACIC,5
KOVACICH,5
KOVACIK,5
KOVACK,5
KOVACS,20
KOVAL,10
KOVALASKE,5
KOVALCHECK,5
KOVALCHIK,5
KOVALCIK,5
KOVALCIN,5
KOVALESKI,5
KOVALIK,5
KOVALOVSKY,5
KOVALSKY,5
KOVAR,10
KOVARIK,5
KOVAROVIC,5
KOVATCH,5
KOVATS,5
KOVER,5
KOVERMAN,5
KOVES,5
KOVICH,5
KOWAL,20
KOWALCHICK,5
KOWALCHUK,5
KOWALCYK,5
KOWALCZYK,10
KOWALD,5
KOWALEC,5
KOWALESKI,5
KOWALEWSKI,10
KOWALIK,5
KOWALKE,5
KOWALKOWSKI,5
KOWALL,5
KOWALLIS,5
KOWALOWSKI,5
KOWALSKE,5
KOWALSKI,50
KOWALSKY,10
KOWING,5
KOWIS,5
KOWITZ,5
KOWN,5
KOWNACKI,5
KOY,5
KOYAMA,5
KOYANAGI,5
KOZA,5
KOZAK,30
KOZAKIEWICZ,5
KOZAN,5
KOZAR,5
KOZATEK,5
KOZEE,5
KOZEL,5
KOZELISKI,5
KOZERA,5
KOZEYAH,5
KOZIAK,5
KOZICKI,5
KOZIEL,5
KOZIELSKI,5
KOZIK,5
KOZIKOWSKI,5
KOZINSKI,5
KOZIOL,10
KOZISEK,5
KOZLAK,5
KOZLIK,5
KOZLOFF,5
KOZLOSKI,5
KOZLOVSKY,5
KOZLOW,5
KOZLOWSKI,30
KOZMA,5
KOZOLA,5
KOZUB,5
KOZUBAL,5
KOZUCH,5
KOZUSKO,5
KOZYRA,5
KRAACK,5
KRAASCH,5
KRAATZ,10
KRABBE,5
KRABBENHOFT,5
KRABEL,5
KRABILL,5
KRACH,10
KRACHT,5
KRACK,5
KRACKE,5
KRACKER,5
KRADEL,5
KRAEBEL,5
KRAEGER,5
KRAEMER,20
KRAETSCH,5
KRAFFT,5
KRAFT,70
KRAG,5
KRAGE,5
KRAGER,5
KRAGH,5
KRAGT,5
KRAH,5
KRAHAM,5
KRAHE,5
KRAHENBUHL,5
KRAHN,10
KRAHULEC,5
KRAICHELY,5
KRAIG,5
KRAIL,5
KRAIN,5
KRAINBUCHER,5
KRAJCER,5
KRAJCIK,5
KRAJEWSKI,10
KRAJNIK,5
KRAJNOVICH,5
KRAKAUER,5
KRAKE,5
KRAKER,10
KRAKOWIAK,5
KRAKOWSKI,5
KRAKOWSKY,5
KRAL,10
KRALICEK,5
KRALIK,5
KRALING,5
KRALL,10
KRALLIS,5
KRALLMAN,5
KRAM,5
KRAMARCZYK,5
KRAMB,5
KRAMER,210
KRAMM,5
KRAMMER,5
KRAMMES,5
KRAMP,5
KRAMPE,5
KRAMPER,5
KRAMPITZ,5
KRANAWETTER,5
KRANCE,5
KRANE,5
KRANENDONK,5
KRANER,5
KRANICH,5
KRANOCK,5
KRANS,5
KRANTZ,20
KRANWINKLE,5
KRANZ,20
KRANZE,5
KRANZLER,5
KRAPF,5
KRAPFL,5
KRAPP,5
KRAS,5
KRASE,5
KRASINSKI,5
KRASKA,5
KRASKOUSKAS,5
KRASLEY,5
KRASNANSKY,5
KRASNECKY,5
KRASNER,5
KRASNICI,5
KRASNOW,5
KRASON,5
KRASOVEC,5
KRASS,5
KRASSOW,5
KRASZEWSKI,5
KRATCHMAN,5
KRATKY,5
KRATOCHVIL,10
KRATOCHWIL,5
KRATOFIL,5
KRATOWICZ,5
KRATT,5
KRATZ,20
KRATZER,10
KRATZKE,5
KRAUEL,5
KRAUS,50
KRAUSE,110
KRAUSER,5
KRAUSHAAR,5
KRAUSKOPF,5
KRAUSMANN,5
KRAUSS,30
KRAUSSE,5
KRAUSZ,5
KRAUT,5
KRAUTH,5
KRAVEC,5
KRAVETS,5
KRAVETSKY,5
KRAVETZ,5
KRAVITZ,10
KRAVS,5
KRAWCHUK,5
KRAWCZYK,10
KRAWETZ,5
KRAWIEC,5
KRAWIECZ,5
KRAWITZ,5
KRAY,5
KRAYNAK,5
KREAGER,5
KREAMALMEYER,5
KREAMER,5
KREATSOULAS,5
KREB,5
KREBBS,5
KREBEL,5
KREBS,40
KREBSBACH,5
KRECH,5
KRECK,5
KREEGER,5
KREESE,5
KREFFT,5
KREFT,5
KREGER,10
KREGGER,5
KREH,5
KREHBIEL,10
KREHEL,5
KREIDEL,5
KREIDER,10
KREIDLER,5
KREIG,5
KREIGER,5
KREIGHBAUM,5
KREIMAN,5
KREIMER,5
KREIN,5
KREINBRING,5
KREINER,5
KREINES,5
KREINHAGEN,5
KREIS,5
KREISBERG,5
KREISCHER,5
KREISEL,5
KREISER,5
KREISHER,5
KREISLER,5
KREISMAN,5
KREISS,5
KREISSLER,5
KREITER,5
KREITLER,5
KREITLOW,5
KREITNER,5
KREITZ,5
KREITZBENDER,5
KREITZER,10
KREJCI,5
KREJCIK,5
KREJSA,5
KREKE,5
KRELL,10
KREMEN,5
KREMER,20
KREMERS,5
KREMMEL,5
KREMPLE,5
KRENEK,5
KRENIK,5
KRENKE,5
KRENN,5
KRENNING,5
KRENTZ,5
KRENZ,5
KRENZER,5
KRENZKE,5
KREPP,5
KREPPS,5
KREPS,10
KRESAL,5
KRESGE,10
KRESHA,5
KRESKY,5
KRESS,20
KRESSE,5
KRESSIERER,5
KRESSIN,5
KRESSLER,5
KRETCHMAR,5
KRETLOW,5
KRETSCHMAN,5
KRETSCHMANN,5
KRETSCHMER,5
KRETSINGER,5
KRETZ,5
KRETZER,5
KRETZINGER,5
KRETZSCHMAR,5
KREUL,5
KREUSCH,5
KREUTER,5
KREUTZBENDER,5
KREUTZER,10
KREUZER,5
KREUZIGER,5
KREWER,5
KREWSON,5
KREY,5
KRIBBS,5
KRIBS,5
KRICHBAUM,5
KRICK,10
KRIDEL,5
KRIDER,5
KRIDLER,5
KRIEBEL,10
KRIEG,10
KRIEGE,5
KRIEGEL,5
KRIEGER,30
KRIEGH,5
KRIEGSHAUSER,5
KRIEK,5
KRIENER,5
KRIENKE,5
KRIER,10
KRIESE,5
KRIESEL,5
KRIESER,5
KRIETE,5
KRIGBAUM,5
KRIGER,5
KRIGGER,5
KRIKORIAN,5
KRILL,5
KRIMPLE,5
KRINER,10
KRING,10
KRINGAS,5
KRINGEL,5
KRINGS,5
KRINKE,5
KRINOV,5
KRINSKY,5
KRIPS,5
KRISE,5
KRISER,5
KRISHER,5
KRISHMAN,5
KRISHNA,5
KRISHNAMURTHY,5
KRISHNAN,5
KRISHUN,5
KRISKE,5
KRISKOVICH,5
KRISMAN,5
KRISS,5
KRISSIE,5
KRIST,5
KRISTAN,5
KRISTEK,5
KRISTEN,5
KRISTENSEN,5
KRISTIANSEN,5
KRISTIANSON,5
KRISTIN,5
KRISTOF,5
KRISTOFF,5
KRISTOFFERSON,5
KRISTON,5
KRISTY,5
KRITES,5
KRITICOS,5
KRITIKOS,5
KRITTER,5
KRITZ,5
KRITZER,5
KRIVAK,5
KRIVANEC,5
KRIVANEK,5
KRIZ,5
KRIZAN,5
KRIZEK,5
KRNACH,5
KROB,5
KROBATH,5
KROC,5
KROCHMAL,5
KROCK,5
KROEGER,20
KROEKER,10
KROELL,5
KROELLS,5
KROEMER,5
KROENCKE,5
KROENER,5
KROENING,5
KROENKE,5
KROES,5
KROESE,5
KROESING,5
KROETCH,5
KROETZ,5
KROEZE,5
KROFFT,5
KROFT,5
KROFTA,5
KROG,5
KROGER,10
KROGH,5
KROGMAN,10
KROGMANN,5
KROGSTAD,5
KROH,5
KROHN,10
KROIS,5
KROK,10
KROKOS,5
KROKUS,5
KROL,10
KROLAK,5
KROLCZYK,5
KROLICK,5
KROLIKOWSKI,5
KROLL,30
KROM,10
KROME,5
KROMER,10
KROMKA,5
KROMM,5
KROMMES,5
KROMPEL,5
KROMREY,5
KRON,10
KRONAU,5
KRONBERG,5
KRONBERGER,5
KRONE,10
KRONEMEYER,5
KRONENBERG,5
KRONER,5
KRONINGER,5
KRONK,5
KRONSTEDT,5
KROON,10
KROPF,10
KROPFELDER,5
KROPFF,5
KROPIDLOWSKI,5
KROPP,10
KROSCHEL,5
KROSS,5
KROSSEN,5
KROSTAG,5
KROTINE,5
KROTZ,5
KROTZER,5
KROUGH,5
KROUPA,5
KROUS,5
KROUSE,10
KROUT,10
KROVIOUS,5
KROWS,5
KRSTIC,5
KRUCHTEN,5
KRUCKE,5
KRUCKEBERG,5
KRUCKENBERG,5
KRUCKER,5
KRUCZEK,5
KRUDOP,5
KRUEBBE,5
KRUEGEL,5
KRUEGER,110
KRUEL,5
KRUER,5
KRUETH,5
KRUG,30
KRUGER,50
KRUGH,5
KRUGMAN,5
KRUIBOESCH,5
KRUIS,5
KRUIZENGA,5
KRUK,5
KRUKIEL,5
KRUKOWSKI,5
KRUL,5
KRULICKI,5
KRULIK,5
KRULISH,5
KRULL,10
KRUM,10
KRUMBACH,5
KRUMBEIN,5
KRUMBHOLZ,5
KRUMENAUER,5
KRUMHOLZ,5
KRUMINS,5
KRUML,5
KRUMM,10
KRUMME,5
KRUMMEL,5
KRUMRINE,5
KRUMROY,5
KRUMSIEK,5
KRUMVIEDA,5
KRUMWIEDE,5
KRUPA,10
KRUPANSKY,5
KRUPIAK,5
KRUPICKA,5
KRUPINSKI,5
KRUPINSKY,5
KRUPKA,5
KRUPKE,5
KRUPP,10
KRUPPA,5
KRUPPENBACHER,5
KRUPSKI,5
KRUS,5
KRUSCHKE,5
KRUSE,70
KRUSEMARK,5
KRUSEN,5
KRUSH,5
KRUSHANSKY,5
KRUSKIE,5
KRUSOR,5
KRUSS,5
KRUSZEWSKI,5
KRUTSCH,5
KRUTZ,5
KRUYT,5
KRUZAN,5
KRUZEL,5
KRUZEWSKI,5
KRY,5
KRYDER,5
KRYGIER,5
KRYLO,5
KRYNICKI,5
KRYS,5
KRYSH,5
KRYSIAK,5
KRYSINSKI,5
KRYSL,5
KRYST,5
KRYSTAL,5
KRYSTEK,5
KRYSTOFIAK,5
KRYSTON,5
KRYZAK,5
KRZAK,5
KRZAL,5
KRZAN,5
KRZECZKOWSKI,5
KRZEMIEN,5
KRZEMINSKI,5
KRZESINSKI,5
KRZEWINSKI,5
KRZYKOWSKI,5
KRZYMINSKI,5
KRZYNOWEK,5
KRZYSTON,5
KRZYWICKI,5
KRZYZANOWSKI,5
KSHYWONIS,5
KSIAZEK,5
KSZASZCZ,5
KU,10
KUA,5
KUAKINI,5
KUALII,5
KUAMOO,5
KUAN,5
KUANG,5
KUANONI,5
KUAREZ,5
KUB,5
KUBA,5
KUBACKI,5
KUBAL,5
KUBALA,5
KUBAN,5
KUBAS,5
KUBASCH,5
KUBASIK,5
KUBASKA,5
KUBAT,5
KUBE,5
KUBECK,5
KUBECKA,5
KUBEIKA,5
KUBERA,5
KUBERSKI,5
KUBERT,5
KUBES,5
KUBESH,5
KUBIAK,10
KUBIC,5
KUBICA,5
KUBICEK,5
KUBICK,5
KUBICKI,5
KUBICZ,5
KUBIE,5
KUBIK,10
KUBILUS,5
KUBIN,5
KUBINSKI,5
KUBIS,5
KUBISH,5
KUBISHTA,5
KUBISIAK,5
KUBISZEWSKI,5
KUBITZ,5
KUBLER,5
KUBLEY,5
KUBLY,5
KUBO,5
KUBOTA,5
KUBOUSHEK,5
KUBSCH,5
KUBU,5
KUC,5
KUCA,5
KUCAN,5
KUCEK,5
KUCEL,5
KUCERA,10
KUCH,5
KUCHA,5
KUCHAN,5
KUCHAR,5
KUCHARIK,5
KUCHARSKI,10
KUCHEL,5
KUCHEM,5
KUCHENBECKER,5
KUCHENMEISTER,5
KUCHERA,5
KUCHINSKI,5
KUCHLE,5
KUCHLER,5
KUCHTA,5
KUCHTO,5
KUCIEMBA,5
KUCINSKAS,5
KUCINSKI,5
KUCK,5
KUCKENS,5
KUCZENSKI,5
KUCZKOWSKI,5
KUCZMA,5
KUCZYNSKI,5
KUDASIK,5
KUDEJ,5
KUDELKA,5
KUDER,5
KUDLA,5
KUDLACIK,5
KUDLEY,5
KUDO,5
KUDRICK,5
KUDRLE,5
KUDRNA,5
KUDRO,5
KUDRON,5
KUDZMA,5
KUE,5
KUEBLER,10
KUECHLE,5
KUECHLER,5
KUEHL,10
KUEHLER,5
KUEHN,20
KUEHNE,5
KUEHNEL,5
KUEHNEMAN,5
KUEHNER,10
KUEHNERT,5
KUEHNHOLD,5
KUEHNLE,5
KUEKER,5
KUEMMERLE,5
KUEN,5
KUENNEN,5
KUENSTLER,5
KUENY,5
KUENZI,5
KUEPFER,5
KUERBITZ,5
KUES,5
KUESTER,10
KUETER,5
KUETHER,5
KUFALK,5
KUFEL,5
KUFELDT,5
KUFFA,5
KUFFEL,5
KUFNER,5
KUGEL,5
KUGLER,10
KUH,5
KUHAR,5
KUHARIK,5
KUHENS,5
KUHL,20
KUHLE,5
KUHLENSCHMIDT,5
KUHLMAN,20
KUHLMANN,10
KUHLMEY,5
KUHLO,5
KUHLS,5
KUHN,100
KUHNE,5
KUHNEL,5
KUHNEMUND,5
KUHNEN,5
KUHNER,5
KUHNERT,5
KUHNKE,5
KUHNLE,5
KUHNS,20
KUHR,5
KUHRE,5
KUHRY,5
KUHS,5
KUHSE,5
KUHTA,5
KUHTZ,5
KUICK,5
KUILAN,5
KUIPER,10
KUIPERS,5
KUITU,5
KUIZ,5
KUIZINAS,5
KUJA,5
KUJAK,5
KUJALA,5
KUJAT,5
KUJATH,5
KUJAWA,10
KUJAWSKI,10
KUK,5
KUKA,5
KUKAHIKO,5
KUKAUSKAS,5
KUKENE,5
KUKER,5
KUKIELKA,5
KUKLA,5
KUKLENSKI,5
KUKLER,5
KUKLINSKI,5
KUKLIS,5
KUKOWSKI,5
KUKS,5
KUKUCKA,5
KUKURA,5
KULA,10
KULACZ,5
KULAGA,5
KULAK,5
KULAKOWSKI,5
KULAS,10
KULBACK,5
KULBACKI,5
KULBETH,5
KULBIDA,5
KULCONA,5
KULES,5
KULESA,5
KULESZA,5
KULHANEK,5
KULICK,10
KULIG,5
KULIGA,5
KULIGOWSKI,5
KULIK,10
KULIKOWSKI,10
KULINSKI,5
KULIS,5
KULISH,5
KULJU,5
KULKA,5
KULKARNI,5
KULL,10
KULLA,5
KULLAS,5
KULLING,5
KULLMAN,5
KULLMANN,5
KULLY,5
KULON,5
KULOW,5
KULP,10
KULPA,5
KULSETH,5
KULWICKI,5
KULZER,5
KUM,5
KUMALAA,5
KUMAN,5
KUMAR,20
KUMFER,5
KUMLANDER,5
KUMM,5
KUMMER,10
KUMMEROW,5
KUMP,10
KUMPF,5
KUMRO,5
KUN,5
KUNA,5
KUNAU,5
KUNC,5
KUNDA,5
KUNDANANI,5
KUNDE,5
KUNDERT,5
KUNDINGER,5
KUNDLA,5
KUNDRICK,5
KUNDTZ,5
KUNERT,5
KUNESH,5
KUNEY,5
KUNG,10
KUNI,5
KUNICH,5
KUNICKI,5
KUNIMITSU,5
KUNIN,5
KUNING,5
KUNIS,5
KUNISHIGE,5
KUNIYOSHI,5
KUNKA,5
KUNKEL,30
KUNKLE,20
KUNKLEMAN,5
KUNKLER,5
KUNS,5
KUNSCH,5
KUNSELMAN,5
KUNSHIER,5
KUNSMAN,5
KUNST,5
KUNSTLINGER,5
KUNTER,5
KUNTZ,30
KUNTZMAN,5
KUNZ,30
KUNZE,10
KUNZEL,5
KUNZELMAN,5
KUNZIE,5
KUNZLER,5
KUNZMAN,5
KUO,10
KUOKKANEN,5
KUPCHINSKY,5
KUPCHO,5
KUPEC,5
KUPER,5
KUPERMAN,5
KUPERSMITH,5
KUPETZ,5
KUPFER,5
KUPFERBERG,5
KUPFERER,5
KUPIEC,5
KUPIHEA,5
KUPKA,5
KUPPER,5
KUPRES,5
KUPREWICZ,5
KUPSTAS,5
KUR,5
KURA,5
KURALT,5
KURAMOTO,5
KURANT,5
KURAS,5
KURASZ,5
KURBAN,5
KURCABA,5
KURDYLA,5
KURDZIEL,5
KUREK,5
KURELKO,5
KURETICH,5
KURGAN,5
KURIAN,5
KURIGER,5
KURIHARA,5
KURISU,5
KURITZ,5
KURK,5
KURKA,5
KURKEYERIAN,5
KURKJIAN,5
KURKOWSKI,5
KURLAND,10
KURNIK,5
KURNS,5
KURODA,5
KUROHARA,5
KUROKAWA,5
KUROWSKI,5
KURPIEL,5
KURPINSKI,5
KURR,5
KURRIE,5
KURSCHNER,5
KURSHUK,5
KURT,10
KURTENBACH,5
KURTER,5
KURTH,10
KURTICH,5
KURTIN,5
KURTIS,5
KURTTI,5
KURTULUS,5
KURTYKA,5
KURTZ,80
KURTZEBORN,5
KURTZER,5
KURTZMAN,5
KURUTZ,5
KURUVILLA,5
KURY,5
KURYLO,5
KURZ,10
KURZINSKI,5
KURZYNIEC,5
KUS,5
KUSAK,5
KUSCH,5
KUSCHEL,5
KUSE,5
KUSEK,5
KUSEL,5
KUSER,5
KUSH,5
KUSHANEY,5
KUSHI,5
KUSHIN,5
KUSHINER,5
KUSHLAN,5
KUSHNER,10
KUSHNIR,5
KUSIAK,5
KUSICK,5
KUSINSKI,5
KUSKE,5
KUSKO,5
KUSKY,5
KUSNER,5
KUSNIC,5
KUSS,10
KUSSEL,5
KUSSMAN,5
KUSSMAUL,5
KUSTER,10
KUSTERER,5
KUSTES,5
KUSTRA,5
KUSUMA,5
KUSUMOTO,5
KUSZLYK,5
KUSZYNSKI,5
KUT,5
KUTA,5
KUTCH,5
KUTCHAR,5
KUTCHER,10
KUTCHERA,5
KUTCHIE,5
KUTCHIN,5
KUTELLA,5
KUTER,5
KUTHE,5
KUTI,5
KUTIL,5
KUTLU,5
KUTNER,5
KUTSCH,5
KUTSCHER,5
KUTT,5
KUTTLER,5
KUTTNER,5
KUTY,5
KUTZ,20
KUTZER,5
KUTZNER,5
KUWADA,5
KUWAHARA,5
KUWANA,5
KUY,5
KUYKENDALL,40
KUYKENDOLL,5
KUYPER,5
KUYPERS,5
KUZA,5
KUZARA,5
KUZEL,5
KUZEMCHAK,5
KUZIA,5
KUZIEL,5
KUZIO,5
KUZMA,10
KUZMANIC,5
KUZMIN,5
KUZMINSKI,5
KUZMISH,5
KUZNIAR,5
KUZNICKI,5
KUZYK,5
KVAM,5
KVAMME,5
KVATERNIK,5
KVEEN,5
KVEK,5
KVETON,5
KVILHAUG,5
KVOESCHEN,5
KVZIAN,5
KWACK,5
KWAK,10
KWAN,20
KWANG,5
KWAPNIEWSKI,5
KWASNICKI,5
KWASNIEWSKI,5
KWASNIK,5
KWASNY,5
KWATERSKI,5
KWEK,5
KWIAT,5
KWIATKOWSKI,10
KWIECIEN,5
KWIECINSKI,5
KWILOSZ,5
KWIT,5
KWOK,10
KWON,20
KWONG,10
KY,5
KYE,5
KYER,5
KYGER,5
KYHN,5
KYKER,5
KYLE,80
KYLER,10
KYLES,20
KYLISH,5
KYLLONEN,5
KYM,5
KYNARD,5
KYNASTON,5
KYNER,5
KYPER,5
KYPUROS,5
KYSAR,5
KYSER,20
KYSETH,5
KYTE,10
KYTLE,5
KYUNG,5
KYZAR,5
KYZER,10
LA,10
LAA,5
LAABS,5
LAACK,5
LAAKE,5
LAAKER,5
LAAKSO,5
LAASAGA,5
LAATSCH,5
LAB,5
LABA,5
LABABIT,5
LABADIE,10
LABADY,5
LABAN,5
LABAR,5
LABARBA,5
LABARBARA,5
LABARBERA,10
LABARGE,10
LABARO,5
LABARR,5
LABARRE,10
LABARRIERE,5
LABAT,10
LABATE,5
LABATT,5
LABAUVE,5
LABAY,5
LABBADIA,5
LABBE,30
LABBEE,5
LABBIE,5
LABEAN,5
LABEAU,5
LABELLA,5
LABELLE,30
LABEOTS,5
LABER,5
LABERGE,10
LABERPOOL,5
LABIANCA,5
LABIER,5
LABINE,5
LABITA,5
LABITAN,5
LABKOVSKY,5
LABLANC,10
LABLUE,5
LABO,5
LABOE,5
LABOG,5
LABOISSONNIER,5
LABOMBAR,5
LABOMBARD,10
LABONNE,5
LABONTE,20
LABONVILLE,5
LABOR,5
LABORDE,10
LABORE,5
LABORIN,5
LABORN,5
LABOSSIERE,5
LABOUNTA,5
LABOUNTY,10
LABOVE,5
LABOVITCH,5
LABOY,20
LABRADA,5
LABRADOR,10
LABRAKE,5
LABRANCHE,5
LABRE,5
LABREC,5
LABRECHE,5
LABRECK,5
LABRECQUE,20
LABREE,5
LABREQUE,5
LABRIE,20
LABRIOLA,10
LABRODE,5
LABRUM,5
LABRUNE,5
LABRUYERE,5
LABRUZZO,5
LABS,5
LABUDA,5
LABUFF,5
LACAILLE,5
LACASA,5
LACASSAGNE,5
LACASSE,20
LACATENA,5
LACAU,5
LACAVA,5
LACAYO,10
LACAZE,5
LACE,5
LACEFIELD,10
LACEK,5
LACER,5
LACERDA,5
LACERENZA,5
LACERTE,5
LACEWELL,5
LACEY,70
LACH,10
LACHANCE,40
LACHAPELLE,10
LACHAPPELLE,5
LACHARITE,5
LACHAT,5
LACHENAUER,5
LACHER,10
LACHERMEIER,5
LACHIATTO,5
LACHINO,5
LACHLEY,5
LACHNER,5
LACHNEY,5
LACHOWICZ,5
LACHOWSKI,5
LACHOWSKY,5
LACHUT,5
LACINA,5
LACINSKI,5
LACIO,5
LACK,10
LACKAGE,5
LACKETT,5
LACKEY,80
LACKI,5
LACKIE,5
LACKLAND,5
LACKMAN,5
LACKNER,5
LACKO,5
LACKS,5
LACLAIR,10
LACLAIRE,5
LACOCK,5
LACOGNATA,5
LACOMB,5
LACOMBE,20
LACONTE,5
LACORTE,5
LACOSS,5
LACOSSE,5
LACOSTA,5
LACOSTE,10
LACOUETTE,5
LACOUNT,5
LACOUR,10
LACOURSE,10
LACOVARA,5
LACOY,5
LACROIX,40
LACRONE,5
LACROSS,10
LACROSSE,5
LACRUE,5
LACSAMANA,5
LACSON,5
LACUESTA,5
LACUSKY,5
LACY,100
LACZ,5
LADA,5
LADABOUCHE,5
LADAGE,5
LADAKAKOS,5
LADAS,5
LADAY,5
LADD,70
LADDEN,5
LADE,10
LADEAU,5
LADEBAUCHE,5
LADELL,5
LADER,5
LADERER,5
LADERMAN,5
LADESMA,5
LADEWIG,5
LADICK,5
LADIEU,5
LADIKA,5
LADITKA,5
LADNER,90
LADNIER,5
LADO,5
LADONNE,5
LADOUCE,5
LADOUCEUR,10
LADSON,10
LADT,5
LADTKOW,5
LADUC,5
LADUCER,5
LADUE,10
LADUKE,10
LADWIG,10
LADY,10
LADYMAN,5
LAEGER,5
LAEHN,5
LAESSER,5
LAESSIG,5
LAFACE,5
LAFANTANO,5
LAFARGA,5
LAFARGE,5
LAFASO,5
LAFATA,5
LAFAUCI,5
LAFAVE,10
LAFAVER,5
LAFAVOR,5
LAFAY,5
LAFAYETTE,10
LAFEMINA,5
LAFERA,5
LAFERNEY,5
LAFERRIERE,5
LAFERTE,5
LAFERTY,5
LAFEVER,10
LAFEVERS,5
LAFEVRE,5
LAFFER,5
LAFFERTY,30
LAFFEY,10
LAFFIN,5
LAFFITTE,5
LAFFOON,10
LAFFREDO,5
LAFIELD,5
LAFKAS,5
LAFLAM,5
LAFLAME,5
LAFLAMME,30
LAFLECHE,5
LAFLEN,5
LAFLER,5
LAFLEUR,40
LAFLIN,5
LAFLORE,5
LAFLUER,5
LAFOE,5
LAFOLLETTE,10
LAFON,10
LAFOND,10
LAFONE,5
LAFONT,5
LAFONTAIN,5
LAFONTAINE,10
LAFONTANT,5
LAFOON,5
LAFORCE,10
LAFORD,5
LAFOREST,10
LAFOREY,5
LAFORGE,10
LAFORREST,5
LAFORTE,5
LAFORTUNE,10
LAFOSSE,5
LAFOUNTAIN,20
LAFOUNTAINE,5
LAFOY,5
LAFRAMBOISE,5
LAFRANCA,5
LAFRANCE,20
LAFRANCOIS,5
LAFRATE,5
LAFRATTA,5
LAFRAZIA,5
LAFRENIERE,10
LAFROMBOISE,5
LAFUENTE,5
LAFUZE,5
LAGACE,5
LAGADINOS,5
LAGAMBA,5
LAGAN,5
LAGANA,5
LAGANGA,5
LAGANT,5
LAGARD,5
LAGARDE,10
LAGARES,5
LAGASCA,5
LAGASSE,10
LAGASSIE,5
LAGATELLA,5
LAGATTA,5
LAGAZO,5
LAGE,10
LAGEMAN,5
LAGER,5
LAGERBERG,5
LAGERGREN,5
LAGERMAN,5
LAGERQUIST,5
LAGERSTEDT,5
LAGERSTROM,5
LAGESSE,5
LAGGAN,5
LAGGE,5
LAGINESS,5
LAGLE,5
LAGLIE,5
LAGMAN,5
LAGNESE,5
LAGO,10
LAGOA,5
LAGOMARSINO,5
LAGONI,5
LAGONIA,5
LAGOO,5
LAGORE,5
LAGORIO,5
LAGORY,5
LAGOS,5
LAGRAIZE,5
LAGRAND,5
LAGRANGE,10
LAGRANT,5
LAGRASSE,5
LAGRAVE,5
LAGRECA,5
LAGRENADE,5
LAGRIMAS,5
LAGRONE,10
LAGROON,5
LAGROTTA,5
LAGROW,5
LAGUARDIA,5
LAGUE,5
LAGUER,5
LAGUERRE,10
LAGUEUX,5
LAGUIRE,5
LAGUNA,10
LAGUNAS,10
LAH,5
LAHAIE,5
LAHAM,5
LAHAR,5
LAHAY,5
LAHAYE,5
LAHER,5
LAHEY,10
LAHIP,5
LAHM,5
LAHMAN,5
LAHMANN,5
LAHMERS,5
LAHN,5
LAHNE,5
LAHR,20
LAHREN,5
LAHRMAN,5
LAHTI,10
LAHTINEN,5
LAHUE,5
LAI,30
LAIB,5
LAIBEN,5
LAIBLE,5
LAICH,5
LAICHE,5
LAIDLAW,5
LAIDLER,5
LAIGLE,5
LAIGO,5
LAIL,20
LAIN,10
LAINE,20
LAINEZ,10
LAING,20
LAINHART,5
LAINO,5
LAINSON,5
LAIOS,5
LAIPPLE,5
LAIR,20
LAIRD,80
LAIRMORE,5
LAIRSEY,5
LAIRSON,5
LAIRY,5
LAIS,5
LAISURE,5
LAITE,5
LAITILA,5
LAITINEN,5
LAITY,5
LAIZURE,5
LAJARA,5
LAJAUNIE,5
LAJEUNESSE,5
LAJOIE,20
LAJOY,5
LAJOYE,5
LAJZA,5
LAKATOS,5
LAKE,110
LAKEMAN,5
LAKER,5
LAKES,10
LAKEY,20
LAKHAN,5
LAKHANI,5
LAKIN,10
LAKINS,5
LAKNER,5
LAKOWSKI,5
LAKY,5
LAL,10
LALA,5
LALAND,5
LALANDE,5
LALANNE,5
LALATA,5
LALE,5
LALIBERTE,20
LALIBERTY,5
LALICH,5
LALIM,5
LALIN,5
LALINDE,5
LALIOTIS,5
LALK,5
LALKA,5
LALL,5
LALLA,5
LALLAVE,5
LALLEMAND,5
LALLEY,5
LALLI,10
LALLIER,5
LALLO,5
LALLY,20
LALONDE,20
LALONE,5
LALOR,5
LALUMIERE,5
LAM,100
LAMA,5
LAMAACK,5
LAMACCHIA,5
LAMADRID,5
LAMAGNA,5
LAMAITRE,5
LAMAN,5
LAMANA,5
LAMANCE,5
LAMANGO,5
LAMANNA,10
LAMANTAGNE,5
LAMANTIA,10
LAMAR,50
LAMARCA,5
LAMARCH,5
LAMARCHE,10
LAMARK,5
LAMARQUE,5
LAMARR,10
LAMARRA,5
LAMARRE,10
LAMARSH,5
LAMARTA,5
LAMARTINA,5
LAMAS,10
LAMASCOLO,5
LAMASTER,5
LAMASTUS,5
LAMATTINA,5
LAMAX,5
LAMAY,10
LAMB,240
LAMBDIN,10
LAMBE,5
LAMBECK,5
LAMBER,5
LAMBERMONT,5
LAMBERSON,10
LAMBERT,370
LAMBERTH,10
LAMBERTI,5
LAMBERTO,5
LAMBERTON,10
LAMBERTSON,5
LAMBERTUS,5
LAMBERTY,5
LAMBES,5
LAMBETH,10
LAMBEY,5
LAMBIASE,5
LAMBIE,5
LAMBING,5
LAMBINO,5
LAMBKA,5
LAMBLIN,5
LAMBORN,5
LAMBORNE,5
LAMBOURNE,5
LAMBOY,5
LAMBRAKIS,5
LAMBRECHT,10
LAMBRIGHT,10
LAMBROS,5
LAMBRUKOS,5
LAMBSON,5
LAMBUTH,5
LAME,5
LAMEDA,5
LAMELA,5
LAMENDOLA,5
LAMENS,5
LAMER,5
LAMERE,10
LAMERS,5
LAMERY,5
LAMEY,5
LAMFERS,5
LAMIA,5
LAMICA,5
LAMIE,5
LAMIELLE,5
LAMINACK,5
LAMING,5
LAMIRAND,5
LAMIRANDE,5
LAMISON,5
LAMKE,5
LAMKIN,10
LAMKINS,5
LAMM,40
LAMME,5
LAMMEL,5
LAMMERS,10
LAMMERT,5
LAMMEY,5
LAMMI,5
LAMMIE,5
LAMMON,5
LAMMY,5
LAMOINE,5
LAMON,10
LAMOND,5
LAMONDA,5
LAMONICA,5
LAMONS,10
LAMONT,20
LAMONTAGNA,5
LAMONTAGNE,20
LAMONTE,5
LAMOORE,5
LAMORA,5
LAMORE,5
LAMOREAU,5
LAMOREAUX,10
LAMOREE,5
LAMORELLA,5
LAMOREUX,5
LAMORGESE,5
LAMORTE,5
LAMOS,5
LAMOTHE,10
LAMOTT,5
LAMOTTE,10
LAMOUNTAIN,5
LAMOUR,5
LAMOUREAUX,5
LAMOUREUX,20
LAMP,20
LAMPARSKI,5
LAMPE,20
LAMPEL,5
LAMPER,5
LAMPERT,10
LAMPEY,5
LAMPHEAR,10
LAMPHERE,10
LAMPHIEAR,5
LAMPHIER,5
LAMPI,5
LAMPIASI,5
LAMPINEN,5
LAMPING,5
LAMPITT,5
LAMPKE,5
LAMPKIN,20
LAMPKINS,10
LAMPL,5
LAMPLEY,10
LAMPMAN,10
LAMPO,5
LAMPORT,5
LAMPP,5
LAMPRECHT,5
LAMPREY,5
LAMPRON,5
LAMPROS,5
LAMPSAS,5
LAMPSHIRE,5
LAMPSON,5
LAMPTON,5
LAMSON,10
LAMUDIO,5
LAMUNYON,5
LAMUS,5
LAMY,10
LAN,5
LANA,5
LANAGAN,5
LANAHAN,5
LANASA,5
LANCASTER,130
LANCE,50
LANCEY,5
LANCIA,5
LANCIOTTI,5
LANCLOS,10
LANCON,5
LANCOUR,5
LANCTOT,10
LANCZ,5
LAND,90
LANDA,20
LANDACRE,5
LANDAKER,5
LANDAN,5
LANDAU,10
LANDAUER,5
LANDAVAZO,5
LANDAVERDE,10
LANDAZURI,5
LANDBERG,5
LANDBORG,5
LANDE,5
LANDEFELD,5
LANDEN,5
LANDENBERGER,5
LANDER,20
LANDERMAN,5
LANDERO,5
LANDEROS,20
LANDERS,80
LANDES,20
LANDESBERG,5
LANDESS,5
LANDEVOS,5
LANDEY,5
LANDFAIR,5
LANDFORD,5
LANDFRIED,5
LANDGRAF,10
LANDGREBE,5
LANDGREN,5
LANDHAM,5
LANDHERR,5
LANDI,5
LANDIN,10
LANDING,5
LANDINGHAM,5
LANDINI,5
LANDIS,60
LANDKAMER,5
LANDMAN,10
LANDMANN,5
LANDMARK,5
LANDMESSER,5
LANDO,10
LANDOLF,5
LANDOLFI,5
LANDOLFO,5
LANDOLT,5
LANDON,30
LANDONI,5
LANDOR,5
LANDOWSKI,5
LANDQUIST,5
LANDRAM,5
LANDRENEAU,10
LANDRES,5
LANDRESS,5
LANDRETH,20
LANDREVILLE,5
LANDREY,5
LANDRIAN,5
LANDRIE,5
LANDRIGAN,5
LANDRITH,5
LANDRO,5
LANDRON,5
LANDRUM,60
LANDRUS,5
LANDRUTH,5
LANDRY,170
LANDS,5
LANDSAW,5
LANDSBERG,5
LANDSBERRY,5
LANDSMAN,5
LANDSTROM,5
LANDT,5
LANDU,5
LANDUCCI,5
LANDVATTER,5
LANDWEHR,10
LANDY,10
LANE,540
LANEAUX,5
LANEHART,5
LANEN,5
LANES,5
LANESE,5
LANEVE,5
LANEY,40
LANFAIR,5
LANFEAR,5
LANFOR,5
LANFORD,10
LANFRANCO,5
LANG,210
LANGAGER,5
LANGAN,10
LANGANKE,5
LANGARICA,5
LANGBEHN,5
LANGBEIN,5
LANGDALE,5
LANGDON,30
LANGE,90
LANGEFELS,5
LANGEHENNIG,5
LANGEL,5
LANGELAND,5
LANGELIER,5
LANGELLA,5
LANGEN,5
LANGENBACH,5
LANGENDORF,5
LANGENESS,5
LANGENFELD,10
LANGENHEIM,5
LANGER,30
LANGERMAN,5
LANGEVELD,5
LANGEVIN,10
LANGFELDT,5
LANGFIELD,5
LANGFITT,5
LANGFORD,80
LANGGOOD,5
LANGHAM,20
LANGHANS,5
LANGHART,5
LANGHOLDT,5
LANGHOLZ,5
LANGHORN,5
LANGHORNE,10
LANGHORST,5
LANGHOUT,5
LANGI,5
LANGILL,5
LANGILLE,5
LANGIN,5
LANGKABEL,5
LANGLAIS,10
LANGLAND,5
LANGLANDS,5
LANGLEY,120
LANGLINAIS,10
LANGLITZ,5
LANGLO,5
LANGLOIS,30
LANGLOSS,5
LANGMAID,5
LANGMAN,5
LANGMO,5
LANGMYER,5
LANGNER,10
LANGNESS,5
LANGO,5
LANGOLF,5
LANGON,5
LANGONE,5
LANGONI,5
LANGOWSKI,5
LANGRECK,5
LANGRIDGE,5
LANGRUM,5
LANGSAM,5
LANGSDALE,5
LANGSETH,5
LANGSHAW,5
LANGSTAFF,5
LANGSTON,80
LANGSTRAAT,5
LANGTON,10
LANGTRY,5
LANGUELL,5
LANGUIRAND,5
LANGWELL,5
LANGWITH,5
LANGWORTHY,10
LANHAM,40
LANI,5
LANIADO,5
LANIE,5
LANIER,70
LANIGAN,10
LANING,5
LANINGA,5
LANINGHAM,5
LANINI,5
LANIUS,5
LANK,5
LANKA,5
LANKARD,5
LANKFORD,50
LANKSTER,5
LANMAN,5
LANN,5
LANNA,5
LANNAN,5
LANNEN,5
LANNERS,5
LANNI,5
LANNIER,5
LANNIGAN,5
LANNING,30
LANNO,5
LANNOM,5
LANNON,10
LANO,5
LANOIE,5
LANOIS,5
LANOSA,5
LANOSGA,5
LANOUE,10
LANOUETTE,5
LANPHEAR,10
LANPHER,5
LANPHERE,5
LANPHIER,5
LANQUIST,5
LANSANG,5
LANSBERG,5
LANSBERRY,10
LANSDALE,5
LANSDELL,5
LANSDEN,5
LANSDOWNE,5
LANSER,5
LANSEY,5
LANSFORD,10
LANSING,10
LANSKI,5
LANSON,5
LANT,5
LANTAFF,5
LANTAGNE,5
LANTEIGNE,5
LANTELME,5
LANTER,5
LANTERMAN,5
LANTEY,5
LANTGEN,5
LANTHIER,5
LANTIER,5
LANTIERI,5
LANTIGUA,10
LANTING,5
LANTIS,5
LANTON,5
LANTRIP,5
LANTRY,5
LANTTO,5
LANTZ,40
LANTZY,5
LANUM,5
LANUZA,5
LANZ,10
LANZA,20
LANZAFAME,5
LANZALOTTI,5
LANZARIN,5
LANZAROTTA,5
LANZE,5
LANZER,5
LANZETTA,5
LANZI,5
LANZILLO,5
LANZILLOTTI,5
LANZILOTTA,5
LANZO,5
LANZONI,5
LAO,10
LAORANGE,5
LAOS,5
LAPA,5
LAPADULA,5
LAPAGE,5
LAPAGLIA,5
LAPALME,5
LAPAN,10
LAPAR,5
LAPARI,5
LAPATRA,5
LAPE,10
LAPEK,5
LAPENTA,5
LAPER,5
LAPERE,5
LAPERLE,10
LAPEROUSE,5
LAPERRIERE,5
LAPERUTA,5
LAPETE,5
LAPEYROLERIE,5
LAPEYROUSE,5
LAPHAM,10
LAPIANA,5
LAPID,5
LAPIDUS,5
LAPIER,5
LAPIERRE,20
LAPILA,5
LAPILIO,5
LAPIN,5
LAPINE,10
LAPINSKI,10
LAPINSKY,5
LAPINTA,5
LAPITAN,5
LAPLACA,5
LAPLACE,5
LAPLANT,10
LAPLANTE,30
LAPLAUNT,5
LAPLUME,5
LAPOINT,10
LAPOINTE,40
LAPOLLA,5
LAPORA,5
LAPORE,5
LAPORT,5
LAPORTA,5
LAPORTE,30
LAPP,20
LAPPA,5
LAPPAS,5
LAPPE,5
LAPPI,5
LAPPIN,10
LAPPING,5
LAPPINGA,5
LAPRADD,5
LAPRADE,10
LAPRAIRIE,5
LAPRARIE,5
LAPRE,5
LAPRETE,5
LAPRISE,5
LAPSLEY,5
LAPUERTA,5
LAPUSNAK,5
LAPUZ,5
LAQUAY,5
LAQUERRE,5
LARA,170
LARABEE,10
LARABEL,5
LARABELL,5
LARABY,5
LARACUENTE,5
LARAGY,5
LARAIA,5
LARAMEE,5
LARAMIE,10
LARAMORE,5
LARANCE,5
LARANJO,5
LARASON,5
LARATE,5
LARAVIE,5
LARAWAY,5
LARBI,5
LARBIE,5
LARCADE,5
LARCH,5
LARCHE,5
LARCHER,5
LARCOM,5
LARD,5
LARDE,5
LARDIERI,5
LARDIN,5
LARDIZABAL,5
LARDNER,5
LARDONE,5
LARDYDELL,5
LARE,5
LAREAU,10
LAREDO,5
LAREGINA,5
LAREMONT,5
LARENCE,5
LARES,10
LAREW,5
LAREY,5
LAREZ,5
LARGAY,5
LARGE,40
LARGEN,5
LARGENA,5
LARGENT,20
LARGER,5
LARGIN,5
LARGO,10
LARICCIA,5
LARICK,5
LARIMER,10
LARIMORE,10
LARIN,5
LARIOS,10
LARIOSA,5
LARIS,5
LARISH,5
LARISON,5
LARITA,5
LARIVE,5
LARIVIERE,10
LARIZZA,5
LARK,20
LARKAN,5
LARKE,5
LARKEY,5
LARKIN,90
LARKINS,20
LARKO,5
LARMAN,5
LARMER,5
LARMETT,5
LARMON,10
LARMORE,5
LARNER,5
LARNEY,5
LARO,5
LAROCCA,10
LAROCCO,10
LAROCHE,30
LAROCHELLE,20
LAROCK,10
LAROCQUE,10
LAROE,5
LAROIA,5
LARONDA,5
LAROQUE,5
LAROSA,20
LAROSE,30
LAROTTA,5
LAROUCHE,5
LAROUSSE,5
LAROUX,5
LAROWE,5
LARR,5
LARRABEE,20
LARRALDE,5
LARRANAGA,5
LARREA,5
LARRETA,5
LARRIBEAU,5
LARRICK,10
LARRIER,5
LARRIEU,5
LARRIMORE,5
LARRISON,10
LARRIUZ,5
LARRIVA,5
LARRIVEE,5
LARRIVIERE,5
LARROQUE,5
LARROSA,5
LARROW,5
LARRY,30
LARS,5
LARSEN,210
LARSH,5
LARSON,440
LARSSON,5
LARTEY,5
LARTIGUE,5
LARUBBIO,5
LARUE,40
LARUFFA,5
LARUSCH,5
LARUSSO,5
LARVE,5
LARY,10
LARZAZS,5
LARZELERE,5
LASAGE,5
LASAGNA,5
LASAINT,5
LASALA,5
LASALLE,20
LASANE,5
LASANTA,5
LASASSO,5
LASATER,10
LASCALA,5
LASCANO,5
LASCARO,5
LASCH,5
LASCHINGER,5
LASCODY,5
LASCOLA,5
LASCURAIN,5
LASECKI,5
LASELL,5
LASELLE,5
LASENBY,5
LASER,5
LASERNA,5
LASETER,10
LASH,30
LASHBAUGH,5
LASHBROOK,10
LASHER,20
LASHIER,5
LASHLEE,5
LASHLEY,30
LASHMET,5
LASHOMB,5
LASHUA,5
LASHURE,5
LASHUTE,5
LASHUTVA,5
LASHWAY,5
LASIK,5
LASIN,5
LASITER,5
LASK,5
LASKA,5
LASKE,5
LASKER,5
LASKEY,10
LASKI,5
LASKIN,5
LASKO,5
LASKOSKI,5
LASKOSKIE,5
LASKOSKY,5
LASKOWITZ,5
LASKOWSKI,10
LASKY,10
LASLEY,20
LASLIE,5
LASLO,5
LASO,5
LASON,5
LASORSA,5
LASOTA,5
LASPINA,5
LASS,10
LASSA,5
LASSALLE,5
LASSAN,5
LASSEIGNE,5
LASSELLE,5
LASSEN,5
LASSER,5
LASSERE,5
LASSERRE,5
LASSESON,5
LASSETER,10
LASSETTER,5
LASSITER,70
LASSLEY,5
LASSO,5
LASSONDE,5
LASSWELL,5
LAST,5
LASTELLA,5
LASTER,30
LASTINGER,5
LASTIRI,5
LASTOVICA,5
LASTRA,5
LASTRAPE,5
LASTRAPES,5
LASTUFKA,5
LASURE,5
LASWELL,5
LASYONE,5
LASZLO,5
LAT,5
LATAILLE,5
LATAM,5
LATAQUIN,5
LATASSA,5
LATCH,10
LATCHAW,5
LATE,5
LATELLA,5
LATENDRESSE,5
LATER,5
LATERZA,5
LATESSA,5
LATHAM,100
LATHAN,10
LATHE,5
LATHEM,10
LATHEN,5
LATHER,5
LATHERN,5
LATHIM,5
LATHON,5
LATHROP,20
LATHRUM,5
LATIF,5
LATIGO,5
LATIKER,5
LATIMER,30
LATIMORE,10
LATIN,5
LATINA,5
LATINI,5
LATINO,5
LATIOLAIS,5
LATKO,5
LATNER,5
LATNEY,5
LATO,5
LATON,5
LATONA,5
LATORRE,10
LATORTUE,5
LATOS,5
LATOUCHE,5
LATOUF,5
LATOUR,10
LATOURETTE,5
LATOURRETTE,5
LATRONICA,5
LATSHA,5
LATSHAW,10
LATSKO,5
LATSON,10
LATTA,20
LATTANZI,5
LATTANZIO,5
LATTARI,5
LATTEA,5
LATTEN,5
LATTERELL,5
LATTIG,5
LATTIMER,10
LATTIMORE,30
LATTIN,10
LATTING,5
LATTNER,5
LATTRELL,5
LATTUS,5
LATTY,5
LATU,5
LATULAS,5
LATULIPE,5
LATULIPPE,5
LATUNSKI,5
LATUS,5
LATZ,5
LATZIG,5
LATZKA,5
LATZKE,5
LAU,50
LAUB,10
LAUBACH,10
LAUBACHER,5
LAUBE,5
LAUBER,10
LAUBERSHEIMER,5
LAUBHAN,5
LAUBSCHER,5
LAUBY,5
LAUCHAIRE,5
LAUCK,5
LAUCKNER,5
LAUD,5
LAUDADIO,5
LAUDAT,5
LAUDATO,5
LAUDE,5
LAUDEMAN,5
LAUDEN,5
LAUDENSLAGER,5
LAUDER,5
LAUDERBACK,5
LAUDERBAUGH,5
LAUDERDALE,10
LAUDERMAN,5
LAUDERMILK,5
LAUE,5
LAUENROTH,5
LAUER,30
LAUERMAN,5
LAUFENBERG,5
LAUFER,10
LAUFFER,5
LAUGEN,5
LAUGHARY,5
LAUGHBAUM,5
LAUGHEAD,5
LAUGHERY,5
LAUGHINGHOUSE,5
LAUGHLIN,50
LAUGHMAN,5
LAUGHNER,5
LAUGHON,5
LAUGHRIDGE,5
LAUGHTER,10
LAUGHTON,5
LAUIGNE,5
LAUINGER,5
LAUKITIS,5
LAULU,5
LAUMANN,5
LAUMBACH,5
LAUMEA,5
LAUMEYER,5
LAUN,5
LAUNDERVILLE,5
LAUNDREE,5
LAUNDRY,5
LAUNELEZ,5
LAUNER,5
LAUNEY,5
LAUNIERE,5
LAUNIUS,5
LAUNT,5
LAUR,5
LAURA,10
LAURANCE,5
LAURANGE,5
LAUREANO,10
LAUREL,10
LAURELES,5
LAURELLI,5
LAUREN,5
LAURENCE,10
LAURENCEAU,5
LAURENDEAU,5
LAURENITIS,5
LAURENO,5
LAURENS,5
LAURENT,20
LAURENTE,5
LAURENTI,5
LAURENZA,5
LAURENZANO,5
LAURETTA,5
LAUREY,5
LAURI,5
LAURIA,10
LAURIANO,5
LAURICELLA,5
LAURICH,5
LAURIDSEN,5
LAURIE,10
LAURILA,5
LAURIMORE,5
LAURIN,5
LAURINO,5
LAURION,5
LAURITA,5
LAURITO,5
LAURITSEN,10
LAURITZEN,10
LAURO,5
LAUROLE,5
LAURSEN,10
LAURY,10
LAUSCHUS,5
LAUSELL,5
LAUSEN,5
LAUSENG,5
LAUSER,5
LAUSIER,5
LAUSTER,5
LAUT,5
LAUTARET,5
LAUTENBACH,5
LAUTENSCHLAGE,5
LAUTER,5
LAUTERBACH,10
LAUTERBORN,5
LAUTERS,5
LAUTH,5
LAUTHERN,5
LAUTIERI,5
LAUTMAN,5
LAUTNER,5
LAUTT,5
LAUTURE,5
LAUTZ,5
LAUTZENHEISER,5
LAUVER,10
LAUW,5
LAUWERS,5
LAUX,10
LAUZE,5
LAUZIER,5
LAUZON,10
LAV,5
LAVA,5
LAVADERA,5
LAVADIE,5
LAVAGNINO,5
LAVALA,5
LAVALAIS,5
LAVALETTE,5
LAVALLA,5
LAVALLE,10
LAVALLEE,20
LAVALLEY,20
LAVALLIE,10
LAVAN,5
LAVANCHA,5
LAVANCHY,5
LAVANDER,5
LAVANI,5
LAVANT,5
LAVANWAY,5
LAVATCH,5
LAVE,5
LAVEAR,5
LAVECCHIA,5
LAVEE,5
LAVELETT,5
LAVELL,5
LAVELLE,20
LAVELLI,5
LAVEN,5
LAVENDER,30
LAVENE,5
LAVENTURE,5
LAVER,5
LAVERDE,5
LAVERDIERE,5
LAVERDURE,5
LAVERE,5
LAVERETTE,5
LAVERGNE,20
LAVERN,5
LAVERNE,5
LAVERRIERE,10
LAVERTU,5
LAVERTUE,5
LAVERTY,10
LAVERY,10
LAVESQUE,5
LAVETTE,5
LAVEY,5
LAVEZZO,5
LAVGLE,5
LAVI,5
LAVIERO,5
LAVIGNA,5
LAVIGNE,40
LAVIN,20
LAVINA,5
LAVINDER,5
LAVINE,10
LAVIOLA,5
LAVIOLETTE,5
LAVIS,5
LAVISTA,5
LAVOIE,40
LAVOLE,5
LAVON,5
LAVONGSAR,5
LAVORINI,5
LAVOY,5
LAVY,5
LAVZON,5
LAW,110
LAWAL,5
LAWALIN,5
LAWALL,5
LAWARE,5
LAWARY,5
LAWBAUGH,5
LAWCEWICZ,5
LAWE,5
LAWER,5
LAWERANCE,5
LAWERENCE,10
LAWERNCE,5
LAWERY,5
LAWES,5
LAWFORD,5
LAWHEAD,5
LAWHON,10
LAWHORN,30
LAWHORNE,5
LAWIN,5
LAWING,10
LAWIS,5
LAWLER,60
LAWLESS,30
LAWLEY,10
LAWLIS,5
LAWLOR,20
LAWMAN,5
LAWN,5
LAWNICKI,5
LAWRANCE,5
LAWRENCE,520
LAWRENTZ,5
LAWRENZ,5
LAWREY,5
LAWRIE,5
LAWRY,5
LAWS,60
LAWSHE,5
LAWSKY,5
LAWSON,510
LAWTER,5
LAWTHER,5
LAWTON,50
LAWVER,5
LAWWILL,5
LAWYER,20
LAX,10
LAXEN,5
LAXSON,5
LAXTON,10
LAY,80
LAYCHOCK,5
LAYCOCK,5
LAYCOX,5
LAYDEN,10
LAYE,5
LAYEL,5
LAYELL,5
LAYER,5
LAYFIELD,10
LAYHER,5
LAYHEW,5
LAYLAND,5
LAYMAN,40
LAYMON,10
LAYNE,50
LAYNG,5
LAYO,5
LAYOUS,5
LAYSON,5
LAYSSARD,5
LAYTON,60
LAYVA,5
LAZA,5
LAZAGA,5
LAZALDE,5
LAZANO,5
LAZAR,10
LAZARCZYK,5
LAZARD,5
LAZARE,5
LAZARES,5
LAZARINE,5
LAZARINI,5
LAZARO,10
LAZAROFF,5
LAZARSKI,5
LAZARTE,5
LAZARUS,20
LAZARZ,5
LAZCANO,5
LAZENBERRY,5
LAZENBY,10
LAZENSON,5
LAZER,5
LAZEWSKI,5
LAZICH,5
LAZIER,5
LAZIO,5
LAZO,20
LAZOR,5
LAZOS,5
LAZOTT,5
LAZUREK,5
LAZUSKY,5
LAZZAR,5
LAZZARA,5
LAZZARI,5
LAZZARO,10
LAZZELL,5
LAZZERI,5
LE,120
LEA,30
LEAB,5
LEABOW,5
LEACH,170
LEACHMAN,10
LEACOCK,5
LEADBEATER,5
LEADBETTER,10
LEADER,10
LEADFORD,5
LEADINGHAM,5
LEADLEY,5
LEADMAN,5
LEADY,5
LEAF,10
LEAFE,5
LEAGJELD,5
LEAGUE,10
LEAH,5
LEAHEY,5
LEAHMAN,5
LEAHY,30
LEAIRD,5
LEAK,30
LEAKE,30
LEAKES,5
LEAKS,10
LEAL,90
LEAMAN,10
LEAMER,5
LEAMING,5
LEAMON,10
LEAMY,5
LEAN,5
LEANARD,5
LEANDER,5
LEANDRO,5
LEANDRY,5
LEANEN,5
LEANOS,10
LEANZA,5
LEAP,5
LEAPER,5
LEAPHART,5
LEAPHEART,5
LEAR,40
LEARD,5
LEARDI,5
LEARMAN,5
LEARN,5
LEARNED,10
LEARY,70
LEAS,5
LEASE,10
LEASER,5
LEASH,5
LEASHER,5
LEASK,5
LEASON,5
LEASOR,5
LEASURE,10
LEASY,5
LEATH,20
LEATHAM,10
LEATHER,5
LEATHERBERRY,5
LEATHERMAN,20
LEATHERS,20
LEATHERWOOD,20
LEATON,5
LEAVELL,10
LEAVELLE,5
LEAVEN,5
LEAVENGOOD,5
LEAVENS,10
LEAVENWORTH,5
LEAVER,5
LEAVERTON,5
LEAVIGNE,5
LEAVINS,5
LEAVITT,50
LEAVY,10
LEAZER,5
LEBAHN,5
LEBAN,5
LEBARGE,5
LEBARIO,5
LEBARON,10
LEBARRON,5
LEBAUGH,5
LEBBY,5
LEBEAU,10
LEBEAUX,5
LEBECK,5
LEBEDA,5
LEBEDEFF,5
LEBEL,10
LEBEN,5
LEBEOUF,5
LEBER,10
LEBERMAN,5
LEBERT,5
LEBERTE,5
LEBISH,5
LEBITSKI,5
LEBLANC,170
LEBLANE,5
LEBLEU,5
LEBLOND,5
LEBO,10
LEBOEUF,20
LEBOLD,5
LEBON,5
LEBOUEF,10
LEBOUF,5
LEBOURGEOIS,5
LEBOVIC,5
LEBOW,10
LEBOWITZ,10
LEBRANE,5
LEBRECHT,5
LEBRECQUE,5
LEBROKE,5
LEBRON,30
LEBRUN,20
LEBSACK,5
LEBSOCK,5
LECAIN,5
LECAROS,5
LECATES,5
LECATO,5
LECEA,5
LECH,5
LECHEL,5
LECHELT,5
LECHER,5
LECHLAK,5
LECHLEIDNER,5
LECHLER,5
LECHLITER,5
LECHMAN,5
LECHNER,10
LECHUGA,10
LECK,5
LECKBAND,5
LECKBEE,5
LECKIE,5
LECKINGTON,5
LECKMAN,5
LECKY,5
LECLAIR,40
LECLAIRE,10
LECLARE,5
LECLEAR,5
LECLEIR,5
LECLERC,20
LECLERE,5
LECOCQ,5
LECOMPTE,20
LECOMTE,5
LECONEY,5
LECONTE,5
LECORCHICK,5
LECOULTRE,5
LECOUNT,5
LECOURT,5
LECRONE,5
LECROY,10
LECUYER,10
LECY,5
LECZNAR,5
LED,5
LEDAIN,5
LEDAY,10
LEDBETTER,80
LEDDEN,5
LEDDON,5
LEDDY,10
LEDEBUHR,5
LEDEC,5
LEDEE,5
LEDENBACH,5
LEDER,5
LEDERER,10
LEDERHOS,5
LEDERMAN,10
LEDERMANN,5
LEDESMA,40
LEDET,20
LEDEZMA,20
LEDFORD,70
LEDGER,10
LEDGERWOOD,5
LEDIN,5
LEDINGHAM,5
LEDL,5
LEDLEY,5
LEDLIE,5
LEDLOW,5
LEDO,5
LEDON,5
LEDONNE,10
LEDOUX,40
LEDSINGER,5
LEDSOME,5
LEDUC,10
LEDUE,5
LEDUKE,5
LEDWELL,5
LEDWIG,5
LEDWITH,5
LEDY,5
LEDYARD,5
LEE,2200
LEEBER,5
LEEBRICK,5
LEECH,20
LEED,5
LEEDER,5
LEEDOM,10
LEEDS,10
LEEDY,10
LEEF,5
LEEHAN,5
LEEHY,5
LEEK,10
LEEKER,5
LEEKS,5
LEEMAN,10
LEEMANS,5
LEEMASTER,5
LEEMING,5
LEEMOW,5
LEEN,5
LEEP,5
LEEPER,30
LEER,5
LEERAR,5
LEES,30
LEESE,5
LEESMAN,5
LEESMANN,5
LEESON,10
LEET,10
LEETCH,5
LEETE,5
LEETH,5
LEETHAM,5
LEEVER,5
LEEWRIGHT,5
LEEZER,5
LEFAVE,5
LEFAVER,5
LEFCHIK,5
LEFEBER,5
LEFEBRE,10
LEFEBURE,5
LEFEBVRE,30
LEFELD,5
LEFEVER,10
LEFEVERS,5
LEFEVRE,20
LEFEW,5
LEFF,10
LEFFEL,10
LEFFELMAN,5
LEFFERS,5
LEFFERT,5
LEFFEW,5
LEFFINGWELL,5
LEFFLER,10
LEFKOWITZ,10
LEFLAR,5
LEFLER,10
LEFLEUR,5
LEFLORE,20
LEFLORES,5
LEFORE,5
LEFORGE,5
LEFORT,5
LEFRANCOIS,5
LEFT,5
LEFTHAND,5
LEFTON,5
LEFTRIDGE,5
LEFTWICH,20
LEFURGY,5
LEGAARD,5
LEGACE,5
LEGACY,5
LEGALL,5
LEGALLEY,5
LEGALLO,5
LEGAN,5
LEGARD,5
LEGARE,5
LEGARRETA,5
LEGASPI,10
LEGASSIE,5
LEGAT,5
LEGATE,5
LEGATH,5
LEGATO,5
LEGAULT,10
LEGE,5
LEGEL,5
LEGENDRE,10
LEGER,40
LEGERE,10
LEGERSKI,5
LEGETTE,10
LEGEYT,5
LEGG,30
LEGGANS,5
LEGGAT,5
LEGGE,10
LEGGET,5
LEGGETT,50
LEGGETTE,5
LEGGINS,5
LEGGIO,5
LEGGITT,5
LEGGS,5
LEGHORN,5
LEGIER,5
LEGIONS,5
LEGLEITER,5
LEGLER,10
LEGLEU,5
LEGNER,5
LEGNON,5
LEGO,5
LEGOFF,5
LEGORE,5
LEGORRETA,5
LEGOULLON,5
LEGRA,5
LEGRAND,20
LEGRANDE,5
LEGRANT,5
LEGREE,5
LEGRO,5
LEGRONE,5
LEGROS,10
LEGROTTE,5
LEGROW,5
LEGUM,5
LEH,5
LEHAN,5
LEHANE,5
LEHAR,5
LEHBERGER,5
LEHENBAUER,5
LEHENY,5
LEHEW,5
LEHIGH,5
LEHMAN,100
LEHMANN,40
LEHMBERG,5
LEHMER,5
LEHMKUHL,5
LEHN,10
LEHNE,5
LEHNEIS,5
LEHNEN,5
LEHNER,10
LEHNERT,5
LEHNERTZ,5
LEHNHERR,5
LEHNHOFF,5
LEHNING,5
LEHNORTT,5
LEHO,5
LEHOULLIER,5
LEHOUX,10
LEHR,20
LEHRER,5
LEHRFELD,5
LEHRIAN,5
LEHRKE,5
LEHRMAN,5
LEHTINEN,5
LEHTO,10
LEHTOMAKI,5
LEHTONEN,5
LEI,10
LEIALOHA,5
LEIB,10
LEIBA,5
LEIBE,5
LEIBEE,5
LEIBEL,5
LEIBENSTEIN,5
LEIBER,5
LEIBERT,5
LEIBERTON,5
LEIBFRIED,5
LEIBMAN,5
LEIBOLD,5
LEIBOWITZ,20
LEIBY,5
LEICH,5
LEICHER,5
LEICHNER,5
LEICHT,5
LEICHTENBERGE,5
LEICHTMAN,5
LEICHTY,5
LEICK,5
LEID,5
LEIDALL,5
LEIDECKER,5
LEIDEL,5
LEIDER,5
LEIDHOLT,5
LEIDICH,5
LEIDIG,5
LEIDING,5
LEIDY,5
LEIENDECKER,5
LEIER,5
LEIF,5
LEIFER,5
LEIFERMAN,5
LEIGERS,5
LEIGH,40
LEIGHT,5
LEIGHTON,30
LEIGHTY,10
LEIGLAND,5
LEIJA,20
LEIKAM,5
LEIKER,10
LEILICH,5
LEIMBACH,5
LEIMBERGER,5
LEIMER,5
LEIMKUEHLER,5
LEIMKUHLER,5
LEIN,5
LEINBACH,5
LEINBERGER,5
LEINEN,5
LEINENBACH,5
LEINER,5
LEINGANG,5
LEINHART,5
LEININGER,10
LEINO,5
LEINONEN,5
LEINS,5
LEINWAND,5
LEINWEBER,5
LEIPER,5
LEIPERT,5
LEIPHEIMER,5
LEIPOLD,5
LEIS,10
LEISCH,5
LEISCHNER,5
LEISE,5
LEISENRING,5
LEISER,10
LEISEY,5
LEISHER,5
LEISHMAN,10
LEISING,5
LEISINGER,5
LEISNER,5
LEISS,5
LEIST,10
LEISTEN,5
LEISTER,10
LEISTIKO,5
LEISTNER,5
LEISURE,10
LEISY,5
LEITAO,5
LEITCH,10
LEITE,10
LEITEM,5
LEITER,10
LEITH,10
LEITHAUSER,5
LEITHEISER,5
LEITHISER,5
LEITHOFF,5
LEITMAN,5
LEITNER,10
LEITTEN,5
LEITZ,5
LEITZE,5
LEITZEL,5
LEITZINGER,5
LEITZKE,5
LEIVA,10
LEJA,5
LEJENNE,5
LEJEUNE,20
LEJMAN,5
LEJUNE,5
LEK,5
LEKAN,5
LEKAS,5
LEKBERG,5
LEKEY,5
LEKO,5
LEKWA,5
LELACHEUR,5
LELAH,5
LELAND,10
LELE,5
LELEUX,5
LELIS,5
LELLA,5
LELLE,5
LELLI,5
LELLIG,5
LELONEK,5
LEM,5
LEMA,10
LEMAIRE,10
LEMAITRE,5
LEMAN,5
LEMANS,5
LEMANSKI,10
LEMANSKY,5
LEMAR,5
LEMARIE,5
LEMARR,5
LEMASTER,30
LEMASTERS,10
LEMAY,40
LEMBCKE,5
LEMBKE,5
LEMBO,10
LEMBRICK,5
LEMCKE,5
LEMEAR,5
LEMELIN,10
LEMELLE,10
LEMEN,10
LEMERE,5
LEMERT,5
LEMERY,5
LEMICH,5
LEMICK,5
LEMIEUX,40
LEMIN,5
LEMING,10
LEMINGS,5
LEMIRE,20
LEMISH,5
LEMKAU,5
LEMKE,30
LEMLE,5
LEMLER,5
LEMLEY,20
LEMM,5
LEMMA,5
LEMME,5
LEMMEN,5
LEMMER,5
LEMMERT,5
LEMMING,5
LEMMINGS,5
LEMMO,5
LEMMON,30
LEMMOND,5
LEMMONDS,5
LEMMONS,20
LEMOINE,20
LEMON,60
LEMOND,10
LEMONDS,5
LEMONE,5
LEMONIER,5
LEMONS,60
LEMONT,5
LEMOS,20
LEMOYNE,5
LEMP,5
LEMPE,5
LEMPICKI,5
LEMPKA,5
LEMPKE,5
LEMUCCHI,5
LEMUS,40
LEN,5
LENA,5
LENAHAN,10
LENARD,20
LENART,5
LENARZ,5
LENBERG,5
LENCH,5
LENCI,5
LENCIONI,5
LENCZYK,5
LENDERMAN,5
LENDO,5
LENDON,5
LENDOR,5
LENDRUM,5
LENDT,5
LENE,5
LENEAU,5
LENEAVE,5
LENEHAN,5
LENER,5
LENERS,5
LENERTZ,5
LENFEST,5
LENG,5
LENGACHER,5
LENGEL,5
LENGER,5
LENGERICH,5
LENGLE,5
LENGYEL,5
LENHARD,5
LENHARDT,10
LENHARR,5
LENHART,10
LENHERR,5
LENHOFF,5
LENIG,5
LENIGAN,5
LENIHAN,10
LENING,5
LENIOR,5
LENIS,5
LENIUS,5
LENIX,5
LENK,10
LENKE,5
LENKER,5
LENKIEWICZ,5
LENLING,5
LENN,5
LENNAN,5
LENNARD,5
LENNART,5
LENNERT,5
LENNERTZ,5
LENNIHAN,5
LENNING,5
LENNINGTON,5
LENNIS,5
LENNON,30
LENNOX,20
LENNY,5
LENO,5
LENOCH,5
LENOCI,5
LENOIR,20
LENON,5
LENORD,5
LENORT,5
LENORUD,5
LENOUE,5
LENOX,10
LENSER,5
LENSING,5
LENSKE,5
LENSKI,5
LENT,20
LENTE,5
LENTERS,5
LENTINE,5
LENTINI,10
LENTO,5
LENTON,5
LENTS,5
LENTSCH,5
LENTZ,60
LENY,5
LENYARD,5
LENZ,40
LENZA,5
LENZE,5
LENZEN,5
LENZI,5
LENZINI,5
LENZO,5
LEO,20
LEOFSKY,5
LEOMITI,5
LEON,180
LEONA,5
LEONAGGEO,5
LEONARD,340
LEONARDI,5
LEONARDIS,5
LEONARDO,20
LEONBERGER,5
LEONE,50
LEONELLI,5
LEONELLO,5
LEONES,5
LEONESIO,5
LEONETTE,5
LEONETTI,10
LEONG,20
LEONHARD,5
LEONHARDT,10
LEONHART,5
LEONI,5
LEONICK,5
LEONIDES,5
LEONOR,5
LEONPACHER,5
LEONTI,5
LEOPARD,10
LEOPARDI,5
LEOPOLD,10
LEOPOLDO,5
LEOS,10
LEOTA,5
LEPAGE,20
LEPAK,5
LEPARD,5
LEPE,10
LEPERA,5
LEPERE,5
LEPETICH,5
LEPEZ,5
LEPINE,5
LEPINSKI,5
LEPISTO,5
LEPKE,5
LEPKOWSKI,5
LEPLEY,10
LEPO,5
LEPORE,10
LEPP,5
LEPPANEN,5
LEPPER,5
LEPPERT,10
LEPPING,5
LEPPINK,5
LEPPKE,5
LEPPLA,5
LEPRE,5
LEPRETRE,5
LEPRI,5
LEPS,5
LEQUIRE,5
LERAY,5
LERCH,10
LERER,5
LEREW,5
LERI,5
LERICHE,5
LERMA,30
LERMAN,10
LERMON,5
LERMOND,5
LERNER,30
LERNO,5
LERO,5
LEROUX,10
LEROW,5
LEROY,30
LERPER,5
LERRA,5
LERTORA,5
LERUD,5
LERWICK,5
LERWILL,5
LESA,5
LESAGE,10
LESANE,5
LESCANO,5
LESCARBEAU,5
LESCAVAGE,5
LESCH,5
LESCHES,5
LESCO,5
LESE,5
LESER,5
LESESNE,5
LESH,10
LESHEM,5
LESHER,10
LESHINSKY,5
LESHKO,5
LESHURE,5
LESIAK,5
LESIEUR,5
LESINSKI,5
LESKE,5
LESKI,5
LESKO,10
LESKOVAC,5
LESKOVAR,5
LESKOVEC,5
LESKY,5
LESLEY,10
LESLIE,100
LESLY,5
LESMEISTER,5
LESMERISES,5
LESNESKI,5
LESNEY,5
LESNIAK,10
LESNICK,5
LESNIEWSKI,5
LESO,5
LESPEDES,5
LESPERANCE,10
LESPIER,5
LESS,5
LESSA,5
LESSARD,30
LESSEN,5
LESSENBERRY,5
LESSER,10
LESSEY,5
LESSIG,5
LESSIN,5
LESSLEY,5
LESSLIE,5
LESSLY,5
LESSMAN,10
LESSMANN,5
LESSNER,5
LESSO,5
LESSOR,5
LESTAGE,5
LESTELLE,5
LESTER,200
LESTON,5
LESTOR,5
LESTOURGEON,5
LESTRANGE,5
LESTRONGE,5
LESUER,5
LESUEUR,5
LESURE,10
LESZCZYNSKI,5
LETA,5
LETALIEN,5
LETANG,5
LETARTE,5
LETBETTER,5
LETCHAW,5
LETCHER,10
LETCHWORTH,10
LETELLIER,10
LETENDER,5
LETENDRE,10
LETERSKY,5
LETH,5
LETHCO,5
LETIZIA,5
LETKO,5
LETLOW,5
LETMAN,5
LETO,10
LETOFSKY,5
LETOURNEAU,20
LETOURNEAUX,5
LETRAN,5
LETRENT,5
LETSCHE,5
LETSCHER,5
LETSINGER,5
LETSON,10
LETT,20
LETTEER,5
LETTENEY,5
LETTERLOUGH,5
LETTERMAN,5
LETTERS,5
LETTIERE,5
LETTIERI,5
LETTINGA,5
LETTMAN,5
LETTRE,5
LETTS,5
LETTSOME,5
LETZE,5
LEU,10
LEUASSEUR,5
LEUBNER,5
LEUCHS,5
LEUCK,5
LEUCKEL,5
LEUENBERGER,5
LEUENTHAL,5
LEUGA,5
LEUHRING,5
LEUKHARDT,5
LEUKUMA,5
LEUNG,30
LEUPOLD,5
LEUSINK,5
LEUTERS,5
LEUTHAUSER,5
LEUTHE,5
LEUTHOLD,5
LEUTWILER,5
LEUTY,5
LEUY,5
LEUZE,5
LEV,5
LEVA,5
LEVAL,5
LEVALLEY,5
LEVAN,10
LEVANDER,5
LEVANDOFSKY,5
LEVANDOSKI,5
LEVANDOWSKI,5
LEVANGER,5
LEVANGIE,5
LEVANS,5
LEVAR,5
LEVARIO,5
LEVASSEUR,20
LEVATINO,5
LEVAY,10
LEVE,5
LEVECKE,5
LEVEE,5
LEVEILLE,10
LEVEILLEE,5
LEVEL,5
LEVELL,10
LEVELS,5
LEVEN,5
LEVENDOSKI,5
LEVENDOSKY,5
LEVENE,5
LEVENGOOD,5
LEVENHAGEN,5
LEVENS,5
LEVENSON,10
LEVENSTEIN,5
LEVENTER,5
LEVENTHAL,10
LEVEQUE,5
LEVER,10
LEVERANCE,5
LEVERE,5
LEVERENTZ,5
LEVERENZ,5
LEVERETT,20
LEVERETTE,10
LEVERICH,5
LEVERING,10
LEVERONE,5
LEVERS,5
LEVERSEE,5
LEVERSON,5
LEVERT,5
LEVERTON,5
LEVESGUE,5
LEVESQUE,50
LEVESTON,5
LEVETO,5
LEVETT,5
LEVEY,10
LEVI,30
LEVIAN,5
LEVICK,5
LEVIE,5
LEVIELLE,5
LEVIEN,5
LEVIER,5
LEVIN,50
LEVINE,130
LEVINER,5
LEVINGS,5
LEVINGSTON,10
LEVINS,10
LEVINSKY,5
LEVINSON,20
LEVINTHAL,5
LEVIS,10
LEVISON,5
LEVISTER,5
LEVISTON,5
LEVITAN,5
LEVITAS,5
LEVITCH,5
LEVITES,5
LEVITIN,5
LEVITON,5
LEVITRE,5
LEVITSKY,5
LEVITT,20
LEVITZ,5
LEVO,5
LEVOCI,5
LEVOY,5
LEVRA,5
LEVREAU,5
LEVREAULT,5
LEVRON,10
LEVY,140
LEW,30
LEWALLEN,10
LEWAN,5
LEWAND,5
LEWANDOSKI,5
LEWANDOWSKI,40
LEWANDOWSKY,5
LEWARK,5
LEWARS,5
LEWCZYK,5
LEWELLEN,10
LEWELLING,5
LEWELLYN,10
LEWERKE,5
LEWEY,5
LEWI,5
LEWICKI,5
LEWIN,20
LEWINSKI,5
LEWIS,2260
LEWISON,5
LEWITT,5
LEWMAN,5
LEWRY,5
LEWTER,10
LEWTON,5
LEWY,5
LEX,5
LEXER,5
LEY,20
LEYA,5
LEYBA,10
LEYDA,5
LEYDECKER,5
LEYDEN,5
LEYENDECKER,5
LEYH,5
LEYLAND,5
LEYMEISTER,5
LEYNES,5
LEYRA,5
LEYRER,5
LEYS,5
LEYSATH,5
LEYSON,5
LEYTON,5
LEYUA,5
LEYVA,50
LEYVAS,5
LEZA,5
LEZAK,5
LEZAMA,10
LEZCANO,5
LEZER,5
LEZO,5
LEZON,5
LHEUREUX,20
LHOMMEDIEU,5
LHUILLIER,5
LI,60
LIA,5
LIAKOS,5
LIAN,5
LIANES,5
LIANG,20
LIANO,5
LIAO,10
LIAPIS,5
LIAS,5
LIAW,5
LIBBEE,5
LIBBERTON,5
LIBBEY,10
LIBBY,60
LIBEL,5
LIBENGOOD,5
LIBERA,5
LIBERATI,5
LIBERATO,5
LIBERATORE,10
LIBERMAN,5
LIBERT,5
LIBERTI,5
LIBERTINI,5
LIBERTO,5
LIBERTY,10
LIBKE,5
LIBMAN,5
LIBORIO,5
LIBRA,5
LIBRANDI,5
LIBRE,5
LIBRIZZI,5
LIBURD,5
LIBUTTI,5
LICALZI,5
LICANO,5
LICARI,5
LICATA,10
LICAUSE,5
LICAUSI,5
LICAVOLI,5
LICCIARDI,5
LICCIONE,5
LICCKETTO,5
LICEA,5
LICEAGA,5
LICERIO,5
LICH,5
LICHAK,5
LICHENSTEIN,5
LICHLITER,5
LICHLYTER,5
LICHORAT,5
LICHOTA,5
LICHSTEIN,5
LICHT,10
LICHTE,5
LICHTENBERG,5
LICHTENBERGER,5
LICHTENFELD,5
LICHTENSTEIN,10
LICHTENWALNER,5
LICHTENWALTER,5
LICHTER,5
LICHTIG,5
LICHTMAN,5
LICHTY,5
LICK,5
LICKERT,5
LICKEY,5
LICKFELT,5
LICKISS,5
LICKLEY,5
LICKLIDER,5
LICKLITER,5
LICKNESS,5
LICKTEIG,5
LICO,5
LICON,10
LICOR,5
LICUDINE,5
LICURSI,5
LIDBOM,5
LIDDELL,30
LIDDER,5
LIDDIARD,5
LIDDICK,5
LIDDICOAT,5
LIDDIE,5
LIDDLE,10
LIDDY,5
LIDE,5
LIDEY,5
LIDGE,5
LIDIE,5
LIDKE,5
LIDSTER,5
LIDSTONE,5
LIDSTROM,5
LIDTKE,5
LIE,5
LIEB,10
LIEBAU,5
LIEBE,5
LIEBECK,5
LIEBEL,5
LIEBELT,5
LIEBENOW,5
LIEBENTHAL,5
LIEBER,10
LIEBERG,5
LIEBERMAN,30
LIEBERMANN,5
LIEBERT,5
LIEBHARDT,5
LIEBHERR,5
LIEBIG,5
LIEBL,5
LIEBLER,5
LIEBLONG,5
LIEBMAN,5
LIEBOLD,5
LIEBOWITZ,5
LIEBRECHT,5
LIEBROSS,5
LIEBSCH,5
LIEBSKIND,5
LIECHTI,5
LIECHTY,5
LIED,5
LIEDBERG,5
LIEDER,5
LIEDERBACH,5
LIEDKE,5
LIEDTKE,10
LIEDY,5
LIEFER,5
LIEGLER,5
LIEHR,5
LIEKHUS,5
LIEM,5
LIEN,20
LIENDO,5
LIENEMANN,5
LIENG,5
LIENHARD,5
LIENKE,5
LIEPINS,5
LIERLE,5
LIERMAN,5
LIERZ,5
LIES,5
LIESCH,5
LIESER,5
LIESKE,5
LIESMAN,5
LIESMANN,5
LIESS,5
LIEST,5
LIESTMAN,5
LIESVELD,5
LIETO,5
LIETZ,10
LIETZKE,5
LIETZOW,5
LIEU,10
LIEUALLEN,5
LIEURANCE,5
LIEVANO,5
LIEVENS,5
LIEVSAY,5
LIEW,5
LIEWALD,5
LIFE,5
LIFER,5
LIFF,5
LIFFICK,5
LIFFORD,5
LIFLAND,5
LIFORD,5
LIFSCHITZ,5
LIFSEY,5
LIFSHITZ,5
LIFTIN,5
LIFTON,5
LIGAS,5
LIGE,5
LIGGANS,5
LIGGET,5
LIGGETT,20
LIGGIN,5
LIGGINS,20
LIGGONS,5
LIGHT,70
LIGHTBODY,5
LIGHTBOURNE,5
LIGHTCAP,5
LIGHTER,5
LIGHTFOOT,40
LIGHTFORD,5
LIGHTHALL,5
LIGHTHART,5
LIGHTHILL,5
LIGHTLE,10
LIGHTNER,30
LIGHTNING,5
LIGHTS,5
LIGHTSEY,10
LIGHTY,10
LIGLER,5
LIGMAN,5
LIGON,30
LIGONIS,5
LIGONS,5
LIGUORI,5
LIIV,5
LIJEWSKI,5
LIKAR,5
LIKE,5
LIKENS,10
LIKES,5
LIKINS,5
LIKIO,5
LIKOS,5
LILBURN,5
LILE,10
LILES,50
LILEY,5
LILIEN,5
LILIENTHAL,10
LILJA,5
LILJEBERG,5
LILJEDAHL,5
LILJENQUIST,5
LILL,5
LILLA,5
LILLARD,20
LILLEBERG,5
LILLEHAUG,5
LILLER,10
LILLEY,40
LILLIAN,5
LILLIBRIDGE,10
LILLICH,5
LILLICK,5
LILLIE,20
LILLIG,5
LILLIS,10
LILLO,5
LILLPOP,5
LILLY,90
LILLYWHITE,5
LILOIA,5
LILY,5
LILYBLADE,5
LILYQUIST,5
LIM,60
LIMA,40
LIMAGE,5
LIMARDI,5
LIMARDO,5
LIMAS,5
LIMAURO,5
LIMB,5
LIMBACH,5
LIMBAUGH,5
LIMBER,5
LIMBERG,5
LIMBERT,5
LIMBO,5
LIMBRICK,5
LIMBURG,5
LIME,5
LIMEHOUSE,5
LIMERICK,5
LIMES,5
LIMESAND,5
LIMING,5
LIMKE,5
LIMLE,5
LIMMEL,5
LIMMER,5
LIMOGES,5
LIMOLI,5
LIMON,30
LIMONES,10
LIMTHONG,5
LIN,90
LINA,5
LINAHAN,5
LINAK,5
LINAMEN,5
LINAN,5
LINANDER,5
LINARD,5
LINARDI,5
LINARES,30
LINAREZ,5
LINBERG,5
LINBURG,5
LINCH,10
LINCICOME,5
LINCICUM,5
LINCK,10
LINCKS,5
LINCOLN,60
LINCOURT,5
LIND,60
LINDA,5
LINDABURY,5
LINDAHL,10
LINDALL,5
LINDAMAN,5
LINDAMOOD,5
LINDAU,5
LINDAUER,10
LINDBECK,5
LINDBERG,40
LINDBLAD,5
LINDBLOM,5
LINDBLOOM,5
LINDBO,5
LINDBOE,5
LINDBURG,5
LINDE,10
LINDEEN,5
LINDEL,5
LINDELAND,5
LINDELL,10
LINDELOF,5
LINDEMAN,20
LINDEMANN,10
LINDEMUTH,5
LINDEN,20
LINDENBAUM,5
LINDENBERG,10
LINDENBERGER,5
LINDENFELSER,5
LINDENMUTH,5
LINDENPITZ,5
LINDER,50
LINDERHOLM,5
LINDERLEAF,5
LINDERMAN,10
LINDERS,5
LINDERSMITH,5
LINDERT,5
LINDESMITH,5
LINDFORS,5
LINDGREN,30
LINDHOLM,10
LINDHORST,5
LINDIE,5
LINDIG,5
LINDINHA,5
LINDLER,5
LINDLEY,40
LINDLINE,5
LINDLOFF,5
LINDMAN,5
LINDMEYER,5
LINDNER,20
LINDO,10
LINDON,5
LINDORF,5
LINDOW,5
LINDQUIST,40
LINDROTH,5
LINDSAY,120
LINDSEY,270
LINDSKOG,5
LINDSLEY,10
LINDSTEDT,5
LINDSTROM,30
LINDWALL,5
LINDY,5
LINDZY,5
LINE,10
LINEA,5
LINEAR,5
LINEBACK,5
LINEBARGER,5
LINEBAUGH,5
LINEBERGER,10
LINEBERRY,20
LINEBRINK,5
LINEGAR,5
LINEHAN,10
LINEMAN,5
LINEN,5
LINENBERGER,5
LINER,10
LINERO,5
LINES,10
LINET,5
LINEWEAVER,5
LINFORD,5
LING,20
LINGAD,5
LINGAFELT,5
LINGAFELTER,5
LINGAO,5
LINGARD,5
LINGARDO,5
LINGBECK,5
LINGBEEK,5
LINGBERG,5
LINGEFELT,5
LINGEL,5
LINGELBACH,5
LINGENFELTER,10
LINGER,10
LINGERFELT,10
LINGERFELTER,5
LINGG,5
LINGINFELTER,5
LINGLE,10
LINGLEY,5
LINGNER,5
LINGO,10
LINGREN,5
LINHARDT,5
LINHARES,5
LINHART,10
LININGER,10
LININGTON,5
LINK,80
LINKE,10
LINKER,20
LINKERT,5
LINKHART,5
LINKKILA,5
LINKLATER,5
LINKO,5
LINKON,5
LINKOUS,30
LINKOVICH,5
LINKOWSKI,5
LINKS,5
LINLEY,5
LINMAN,5
LINN,50
LINNAN,5
LINNANE,5
LINNE,5
LINNEAR,5
LINNECKE,5
LINNELL,5
LINNEMAN,10
LINNEMANN,5
LINNEN,5
LINNERT,5
LINNERTZ,5
LINNEY,10
LINO,10
LINQUIST,10
LINS,5
LINSAY,5
LINSCOMB,5
LINSCOTT,10
LINSDAU,5
LINSDAY,5
LINSENMAYER,5
LINSEY,10
LINSIN,5
LINSKY,5
LINSLEY,10
LINSNER,5
LINSON,5
LINSSEN,5
LINSTROM,5
LINT,10
LINTHICUM,10
LINTNER,5
LINTON,50
LINTS,5
LINTZ,10
LINVILLE,30
LINWOOD,5
LINZ,5
LINZA,5
LINZAN,5
LINZEY,5
LINZIE,5
LINZY,10
LIO,5
LION,5
LIONBERGER,5
LIONELLO,5
LIONETTI,5
LIONS,5
LIONTOS,5
LIOTTA,5
LIOU,5
LIPA,5
LIPAN,5
LIPANI,5
LIPARI,5
LIPE,10
LIPFORD,10
LIPHAM,5
LIPINSKI,10
LIPINSKY,5
LIPIRA,5
LIPITZ,5
LIPKA,5
LIPKE,5
LIPKIN,5
LIPKIND,5
LIPKOVITCH,5
LIPMAN,10
LIPNER,5
LIPOMA,5
LIPOVSKY,5
LIPP,10
LIPPA,5
LIPPARD,5
LIPPE,5
LIPPEATT,5
LIPPER,5
LIPPERT,20
LIPPHARDT,5
LIPPI,5
LIPPINCOTT,10
LIPPITT,5
LIPPMAN,5
LIPPOLD,5
LIPPOLDT,5
LIPPS,10
LIPPY,5
LIPS,5
LIPSCHUTZ,5
LIPSCOMB,60
LIPSCOMBE,5
LIPSETT,5
LIPSEY,10
LIPSIE,5
LIPSITZ,5
LIPSKAR,5
LIPSKI,5
LIPSKY,10
LIPSON,10
LIPSTONE,5
LIPSZYC,5
LIPTAK,10
LIPTOK,5
LIPTON,10
LIPTOW,5
LIPTRAP,5
LIPTROT,5
LIQUET,5
LIQUORI,5
LIRA,40
LIRAG,5
LIRANZO,5
LIRETTE,10
LIRIANO,10
LIS,10
LISA,5
LISANTI,5
LISBEY,5
LISBOA,5
LISBY,5
LISCANO,5
LISCHAK,5
LISCIO,5
LISCOMB,5
LISEE,5
LISENA,5
LISENBEE,5
LISENBY,10
LISH,10
LISHERNESS,5
LISHMAN,5
LISI,10
LISIECKI,5
LISITANO,5
LISIUS,5
LISK,10
LISKA,10
LISKAI,5
LISKE,5
LISKER,5
LISKEY,5
LISKIEWICZ,5
LISKO,5
LISKOVEC,5
LISLE,10
LISMAN,5
LISONBEE,5
LISOWE,5
LISOWSKI,5
LISS,10
LISSARD,5
LISSER,5
LISSY,5
LIST,10
LISTA,5
LISTEN,5
LISTER,30
LISTI,5
LISTON,10
LISY,5
LISZEWSKI,5
LITAKER,5
LITALIEN,5
LITANO,5
LITCHARD,5
LITCHFIELD,20
LITCHFORD,10
LITCHMORE,5
LITECKY,5
LITEHISER,5
LITER,5
LITES,5
LITHERLAND,10
LITKA,5
LITKE,5
LITLE,5
LITMAN,5
LITMANOWICZ,5
LITNER,5
LITRENTA,5
LITSCHER,5
LITSEY,5
LITSTER,5
LITT,5
LITTAU,5
LITTEER,5
LITTELL,10
LITTEN,10
LITTER,5
LITTERAL,10
LITTERER,5
LITTFIN,5
LITTICH,5
LITTLE,460
LITTLEDAVE,5
LITTLEFIELD,50
LITTLEHALE,5
LITTLEJOHN,60
LITTLEPAGE,5
LITTLER,5
LITTLES,10
LITTLETON,40
LITTLEWOOD,5
LITTMAN,5
LITTMANN,5
LITTON,20
LITTREL,5
LITTRELL,20
LITTS,5
LITTY,5
LITVAK,5
LITVIN,5
LITWILER,5
LITWIN,10
LITZ,10
LITZA,5
LITZAU,5
LITZENBERG,5
LITZENBERGER,5
LITZINGER,5
LITZSINGER,5
LIU,50
LIUKKO,5
LIUKKONEN,5
LIUZZA,5
LIUZZI,5
LIV,5
LIVAS,5
LIVASY,5
LIVECCHI,5
LIVELY,40
LIVENGOOD,20
LIVEOAK,5
LIVERANCE,5
LIVERANI,5
LIVERMAN,10
LIVERMON,5
LIVERMORE,10
LIVERNASH,5
LIVERNOCHE,5
LIVERNOIS,5
LIVERPOOL,5
LIVERS,5
LIVERSEDGE,5
LIVESAY,10
LIVESEY,5
LIVEZEY,5
LIVI,5
LIVIGNI,5
LIVING,5
LIVINGOOD,5
LIVINGS,5
LIVINGSTON,170
LIVINGSTONE,10
LIVINGTON,5
LIVINTON,5
LIVLEY,5
LIVOTI,5
LIVSEY,5
LIVSHITS,5
LIWANAG,5
LIZ,5
LIZAK,5
LIZAMA,5
LIZANA,5
LIZAOLA,5
LIZARDA,5
LIZARDI,5
LIZARDO,5
LIZARRAGA,10
LIZARRAGO,5
LIZER,5
LIZOTTE,20
LJUNGQUIST,5
LLAMAS,20
LLAMS,5
LLANAS,10
LLANES,10
LLANET,5
LLANEZ,5
LLANEZA,5
LLANO,5
LLANOS,10
LLARENA,5
LLARENAS,5
LLERA,5
LLERAS,5
LLERENA,5
LLEWELLYN,20
LLEWLYN,5
LLOID,5
LLOPIS,5
LLORCA,5
LLORENS,5
LLOYD,240
LLYOD,5
LO,40
LOA,5
LOACH,5
LOADER,5
LOADHOLT,5
LOAIZA,10
LOAN,5
LOAR,10
LOARCA,5
LOATMAN,5
LOATS,5
LOB,5
LOBACH,5
LOBALBO,5
LOBAN,5
LOBASSO,5
LOBATO,10
LOBATON,5
LOBAUGH,5
LOBB,10
LOBBAN,5
LOBBINS,5
LOBDELL,10
LOBE,5
LOBEL,10
LOBELL,5
LOBELLO,5
LOBENDAHN,5
LOBER,5
LOBERG,5
LOBIANCO,5
LOBINGIER,5
LOBLEY,5
LOBNER,5
LOBO,10
LOBOS,5
LOBOSCO,5
LOBREGAT,5
LOBSTEIN,5
LOBUE,5
LOBUR,5
LOCANTE,5
LOCANTORE,5
LOCASCIO,10
LOCASTRO,5
LOCATELLI,5
LOCEY,5
LOCH,10
LOCHAN,5
LOCHE,5
LOCHEN,5
LOCHER,10
LOCHNER,10
LOCHOTZKI,5
LOCHRICO,5
LOCHRIDGE,5
LOCHTE,5
LOCICERO,5
LOCK,20
LOCKABY,5
LOCKAMY,5
LOCKARD,20
LOCKART,5
LOCKBAUM,5
LOCKE,100
LOCKEMER,5
LOCKEN,5
LOCKER,10
LOCKERBY,5
LOCKERMAN,5
LOCKERY,5
LOCKET,5
LOCKETT,80
LOCKETTE,5
LOCKEY,5
LOCKHART,110
LOCKHEART,5
LOCKIE,5
LOCKINGTON,5
LOCKLAR,5
LOCKLEAR,40
LOCKLEY,5
LOCKLIER,5
LOCKLIN,10
LOCKMAN,10
LOCKMILLER,5
LOCKNANE,5
LOCKNER,5
LOCKREM,5
LOCKRIDGE,10
LOCKS,5
LOCKSHAW,5
LOCKWOOD,80
LOCKYER,5
LOCOCO,10
LOCONTE,5
LOCORRIERE,5
LOCSIN,5
LOCUS,5
LOCUST,5
LOCY,5
LODATO,5
LODEIRO,5
LODEN,10
LODENSE,5
LODER,5
LODGE,10
LODHOLZ,5
LODI,5
LODRIGUE,5
LODUCA,5
LODWICK,5
LOE,10
LOEB,10
LOEBER,5
LOEBLEIN,5
LOEBS,5
LOECKEN,5
LOECKLE,5
LOEFFEL,5
LOEFFELHOLZ,5
LOEFFLER,20
LOEGERING,5
LOEHLEIN,5
LOEHNER,5
LOEHR,10
LOEHRER,5
LOEHRS,5
LOENDORF,5
LOEPER,5
LOEPP,5
LOEPPKE,5
LOEPPKY,5
LOERA,30
LOERTSCHER,5
LOERWALD,5
LOERZEL,5
LOESCH,10
LOESCHE,5
LOESCHER,5
LOESCHNER,5
LOESER,5
LOESSBERG,5
LOETHEN,5
LOETZ,5
LOEURM,5
LOEVEN,5
LOEW,5
LOEWE,5
LOEWEN,10
LOEWENSTEIN,5
LOEWENTHAL,5
LOEWER,5
LOEZA,5
LOFARO,5
LOFASO,5
LOFFELBEIN,5
LOFFIER,5
LOFFLER,5
LOFFREDO,5
LOFFT,5
LOFGREEN,5
LOFGREN,10
LOFGUIST,5
LOFING,5
LOFINK,5
LOFLAND,10
LOFLEN,5
LOFLIN,10
LOFMAN,5
LOFORTE,5
LOFQUIST,5
LOFREDO,5
LOFSTEAD,5
LOFSTROM,5
LOFT,5
LOFTE,5
LOFTEN,5
LOFTHOUSE,5
LOFTHUS,5
LOFTIES,5
LOFTIN,30
LOFTIS,40
LOFTMAN,5
LOFTON,60
LOFTS,5
LOFTUS,20
LOFTY,5
LOFWALL,5
LOGALBO,5
LOGAN,250
LOGARBO,5
LOGE,5
LOGEL,5
LOGEMANN,5
LOGERO,5
LOGES,5
LOGGAINS,5
LOGGENS,5
LOGGHE,5
LOGGIN,5
LOGGINS,20
LOGHRY,5
LOGIE,5
LOGINS,5
LOGIUDICE,5
LOGOLEO,5
LOGOSSO,5
LOGRASSO,5
LOGRONO,5
LOGSDON,40
LOGSTON,10
LOGUE,30
LOGUIDICE,5
LOGWOOD,5
LOH,10
LOHAN,5
LOHDEN,5
LOHMAN,20
LOHMANN,10
LOHMEIER,5
LOHMEYER,5
LOHMILLER,5
LOHN,5
LOHNES,5
LOHOFF,5
LOHR,20
LOHRE,5
LOHRENZ,5
LOHREY,5
LOHRKE,5
LOHRMAN,5
LOHRMANN,5
LOHRY,5
LOHSE,5
LOHT,5
LOHWASSER,5
LOI,5
LOIA,5
LOIACONA,5
LOIACONO,5
LOIKO,5
LOIL,5
LOIS,5
LOISEAU,5
LOISEL,5
LOISELLE,10
LOJEK,5
LOK,5
LOKAN,5
LOKAPHONE,5
LOKEN,10
LOKER,5
LOKEY,10
LOKHMATOR,5
LOKHMATOV,5
LOKIETEK,5
LOKKE,5
LOKKEN,10
LOKKER,5
LOKUTA,5
LOLA,5
LOLAGNE,5
LOLAR,5
LOLI,5
LOLL,5
LOLLAR,10
LOLLEY,10
LOLLI,5
LOLLIE,5
LOLLING,5
LOLLIS,10
LOMA,5
LOMACK,5
LOMAGO,5
LOMAN,10
LOMANTO,10
LOMARTIRE,5
LOMAS,20
LOMASCOLO,5
LOMASNEY,5
LOMAX,40
LOMAY,5
LOMBA,5
LOMBARD,30
LOMBARDI,40
LOMBARDINO,5
LOMBARDO,50
LOMBEL,5
LOMBERA,5
LOMBOY,5
LOMBRANA,5
LOMEDICO,5
LOMELI,20
LOMEN,5
LOMG,5
LOMINACK,5
LOMINO,5
LOMINY,5
LOMMEL,5
LOMONACO,10
LOMONTE,5
LOMPA,5
LOMU,5
LOMUSCIO,5
LONA,5
LONABAUGH,5
LONAS,5
LONCAR,5
LONCARIC,5
LONDAGIN,5
LONDNER,5
LONDO,5
LONDON,70
LONDONO,10
LONDRE,5
LONE,5
LONER,5
LONERGAN,10
LONERO,5
LONES,5
LONEY,10
LONG,920
LONGABAUGH,5
LONGACRE,10
LONGAKER,5
LONGAN,5
LONGANECKER,5
LONGBINE,5
LONGBOTHAM,5
LONGBOTTOM,5
LONGBRAKE,5
LONGCHAMPS,5
LONGCOR,5
LONGDEN,5
LONGE,5
LONGENBERGER,5
LONGENDYKE,5
LONGENECKER,10
LONGERBEAM,5
LONGEST,5
LONGFELLOW,10
LONGFIELD,5
LONGFORD,5
LONGHENRY,5
LONGHI,5
LONGHINI,5
LONGHOFER,5
LONGHURST,5
LONGIE,5
LONGIN,5
LONGINO,10
LONGINOTTI,5
LONGIOTTI,5
LONGKNIFE,5
LONGLEY,10
LONGMAN,5
LONGMIRE,10
LONGMORE,5
LONGNECKER,10
LONGO,30
LONGOBARDI,5
LONGORIA,70
LONGPRE,5
LONGS,5
LONGSDORF,5
LONGSHORE,10
LONGSTAFF,5
LONGSTREET,10
LONGSTRETH,5
LONGSWORTH,5
LONGTIN,5
LONGTON,5
LONGUEVILLE,5
LONGWAY,5
LONGWELL,10
LONGWITH,5
LONGWORTH,10
LONIE,5
LONN,5
LONNEMAN,5
LONON,10
LONS,5
LONSDALE,5
LONSINGER,5
LONSWAY,5
LONTZ,5
LONZO,5
LOO,10
LOOBY,5
LOOCK,5
LOOFBOURROW,5
LOOFT,5
LOOI,5
LOOK,10
LOOKABAUGH,5
LOOKADOO,5
LOOKER,5
LOOMAN,5
LOOMER,5
LOOMIS,60
LOONEY,70
LOOP,10
LOOPER,10
LOOS,20
LOOSE,10
LOOSEN,5
LOOSEY,5
LOOSIER,5
LOOSLE,5
LOOSLI,5
LOOTENS,5
LOOTS,5
LOPARCO,5
LOPARDO,5
LOPARO,5
LOPAS,5
LOPATA,5
LOPAU,5
LOPAZ,5
LOPE,5
LOPEMAN,5
LOPER,30
LOPERA,5
LOPERENA,5
LOPERFIDO,5
LOPES,60
LOPEY,5
LOPEZ,1870
LOPICCALO,5
LOPICCOLO,10
LOPILATO,5
LOPINTO,5
LOPP,10
LOPRESTI,10
LOPRESTO,5
LOPRIORE,5
LOPUS,5
LOPUZZO,5
LOPZE,5
LOQUE,5
LOR,10
LORA,10
LORAH,5
LORAINE,5
LORAN,5
LORANCE,5
LORANDEAU,5
LORANGE,5
LORANGER,10
LORAS,5
LORBER,5
LORCH,5
LORD,100
LORDEN,5
LORDI,5
LORDS,5
LORE,10
LOREAUX,5
LOREDO,10
LOREE,5
LOREG,5
LORELLI,5
LORELLO,5
LOREMAN,5
LOREN,5
LORENC,5
LORENCE,5
LORENS,5
LORENSEN,5
LORENSON,5
LORENT,5
LORENTE,5
LORENTINE,5
LORENTZ,10
LORENTZEN,10
LORENZ,50
LORENZANA,5
LORENZANO,5
LORENZEN,10
LORENZETTI,5
LORENZI,5
LORENZINI,5
LORENZO,40
LORETO,5
LORETT,5
LORETTE,5
LORETTO,5
LORETZ,5
LOREY,5
LORGE,5
LORI,5
LORIA,5
LORICK,5
LORIMER,5
LORIMOR,5
LORIN,5
LORINCZ,5
LORING,10
LORINO,5
LORIO,5
LORION,5
LORKOWSKI,5
LORMAN,5
LORMAND,5
LORNA,5
LORON,5
LORONA,5
LORQUET,5
LORR,5
LORRAINE,5
LORSON,5
LORSUNG,5
LORTIE,5
LORTON,5
LORTS,5
LORTZ,5
LORUSSO,10
LORY,5
LORZ,5
LOS,5
LOSA,5
LOSACCO,5
LOSADA,10
LOSADO,5
LOSANO,5
LOSARDO,5
LOSAVIO,5
LOSCALZO,5
LOSCH,5
LOSCHIAVO,5
LOSCO,5
LOSE,5
LOSECCO,5
LOSEE,5
LOSEKE,5
LOSER,5
LOSETH,5
LOSEY,10
LOSH,10
LOSHBAUGH,5
LOSHE,5
LOSHEK,5
LOSIER,5
LOSIEWSKI,5
LOSINGER,5
LOSINSKI,5
LOSITO,5
LOSKE,5
LOSKILL,5
LOSKOT,5
LOSNECK,5
LOSO,5
LOSOLLA,5
LOSON,5
LOSOYA,10
LOSS,5
LOSSA,5
LOSSER,5
LOSSETT,10
LOSSING,5
LOSSIUS,5
LOSSMAN,5
LOSTETTER,5
LOSTON,5
LOSTRACCO,5
LOSTROH,5
LOSZYNSKI,5
LOT,5
LOTA,5
LOTAN,5
LOTEMPIO,5
LOTER,5
LOTERBAUER,5
LOTH,5
LOTHAMER,5
LOTHER,5
LOTHIAN,5
LOTHRIDGE,5
LOTHRINGER,5
LOTHROP,5
LOTHSPEICH,5
LOTRIDGE,5
LOTSHAW,5
LOTSON,5
LOTSPEICH,5
LOTT,140
LOTTA,5
LOTTER,5
LOTTHAMMER,5
LOTTI,5
LOTTIE,5
LOTTO,5
LOTTON,5
LOTTS,10
LOTZ,10
LOTZE,5
LOTZER,5
LOU,5
LOUATO,5
LOUBIER,5
LOUCH,5
LOUCHEN,5
LOUCK,5
LOUCKS,20
LOUD,5
LOUDEN,10
LOUDENSLAGER,5
LOUDER,10
LOUDERBACK,5
LOUDERMELT,5
LOUDERMILK,20
LOUDERMILL,5
LOUDIN,5
LOUDON,5
LOUDY,5
LOUER,5
LOUGE,5
LOUGEE,5
LOUGH,10
LOUGHARY,5
LOUGHBOROUGH,5
LOUGHEED,5
LOUGHERY,5
LOUGHLIN,10
LOUGHMAN,10
LOUGHMILLER,5
LOUGHNAN,5
LOUGHNANE,5
LOUGHNER,5
LOUGHNEY,5
LOUGHRAN,10
LOUGHREY,5
LOUGHRIDGE,5
LOUGHRY,5
LOUIE,20
LOUIL,5
LOUIS,80
LOUISE,5
LOUISSAINT,5
LOUISSANT,5
LOUK,5
LOUKA,5
LOUKANIS,5
LOUKAS,5
LOUKIDIS,5
LOUKOTA,5
LOUKS,5
LOUNDER,5
LOUNDS,5
LOUNG,5
LOUNSBERRY,5
LOUNSBERY,5
LOUNSBURY,10
LOUP,5
LOUPE,5
LOUQUE,10
LOURA,5
LOURAS,5
LOURDES,5
LOUREIRO,5
LOURENCE,5
LOURENCO,5
LOURENS,5
LOURENTZOS,5
LOURIA,5
LOURIS,5
LOURNES,5
LOURO,5
LOURY,5
LOUSER,5
LOUSTEAU,5
LOUT,5
LOUTH,5
LOUTHAN,5
LOUTHEN,5
LOUVIER,5
LOUVIERE,10
LOUWAGIE,5
LOUX,5
LOVAAS,5
LOVAGLIO,5
LOVALLO,5
LOVAN,5
LOVAS,5
LOVASZ,5
LOVATO,20
LOVE,350
LOVEALL,5
LOVEBERRY,5
LOVEC,5
LOVECCHIO,5
LOVEDAY,10
LOVEH,5
LOVEJOY,30
LOVELACE,50
LOVELADY,20
LOVELAND,20
LOVELESS,30
LOVELL,90
LOVELLETTE,5
LOVELOCK,5
LOVELY,20
LOVEMAN,5
LOVEN,5
LOVENBURY,5
LOVENDUSKI,5
LOVENSHEIMER,5
LOVER,5
LOVERA,5
LOVERDE,5
LOVERDI,5
LOVERICH,5
LOVERIDGE,5
LOVERING,5
LOVERINK,5
LOVERN,10
LOVERO,5
LOVET,5
LOVETINSKY,5
LOVETT,80
LOVETTE,10
LOVFALD,5
LOVGREN,5
LOVICH,5
LOVICK,5
LOVIE,5
LOVIER,5
LOVIG,5
LOVIN,10
LOVING,30
LOVINGGOOD,5
LOVINGOOD,5
LOVINGS,5
LOVINS,10
LOVISKA,5
LOVISONE,5
LOVITT,5
LOVITZ,5
LOVORN,5
LOVSTAD,5
LOVVORN,5
LOW,40
LOWA,5
LOWBER,5
LOWCKS,5
LOWD,5
LOWDEN,5
LOWDER,20
LOWDERMILK,5
LOWE,390
LOWEK,5
LOWELL,30
LOWEN,5
LOWENSTEIN,10
LOWENTHAL,10
LOWER,20
LOWERS,5
LOWERY,180
LOWES,5
LOWHORN,5
LOWIN,5
LOWING,5
LOWIS,5
LOWITZ,5
LOWLER,5
LOWMAN,30
LOWN,10
LOWNDES,5
LOWNEY,5
LOWNSBERY,5
LOWRANCE,10
LOWREY,20
LOWRIE,10
LOWRIMORE,5
LOWRY,100
LOWTHER,10
LOWTHERT,5
LOWTHORP,5
LOWY,5
LOXLEY,5
LOXTERCAMP,5
LOXTON,5
LOY,30
LOYA,30
LOYACK,5
LOYAL,5
LOYBORG,5
LOYD,60
LOYED,5
LOYER,5
LOYND,5
LOYNES,5
LOYOLA,10
LOYST,5
LOZA,10
LOZADA,20
LOZADO,5
LOZANO,120
LOZARO,5
LOZAYA,5
LOZE,5
LOZEAU,5
LOZEY,5
LOZIER,10
LOZINSKI,5
LOZITO,5
LOZO,5
LOZON,5
LOZOWSKI,5
LOZOYA,10
LOZZI,5
LU,40
LUA,5
LUACES,5
LUAGUE,5
LUALLEN,5
LUANGAMATH,5
LUANGRATH,5
LUANGSINGOTHA,5
LUANGXAY,5
LUARCA,5
LUBAHN,5
LUBAWY,5
LUBBEN,5
LUBBERS,10
LUBBERT,5
LUBBOCK,5
LUBBS,5
LUBE,5
LUBECK,5
LUBELL,5
LUBELSKI,5
LUBEN,5
LUBER,5
LUBERGER,5
LUBIC,5
LUBIN,10
LUBINSKI,5
LUBINSKY,5
LUBKE,5
LUBMAN,5
LUBOW,5
LUBRANO,5
LUBY,10
LUC,10
LUCA,5
LUCARELL,5
LUCARELLI,5
LUCARIO,5
LUCAS,380
LUCASH,5
LUCATERO,5
LUCCA,5
LUCCHESE,5
LUCCHESI,10
LUCCHETTI,5
LUCCHINI,5
LUCCI,5
LUCCOUS,5
LUCE,40
LUCEAR,5
LUCEK,5
LUCENA,5
LUCENTE,5
LUCERO,120
LUCEY,10
LUCHENBILL,5
LUCHERINI,5
LUCHESI,5
LUCHESSA,5
LUCHETTI,5
LUCHINI,5
LUCHSINGER,5
LUCHT,10
LUCHTERHAND,5
LUCI,5
LUCIA,20
LUCIAN,5
LUCIANI,10
LUCIANO,30
LUCIC,5
LUCICH,5
LUCIDI,5
LUCIDO,5
LUCIE,5
LUCIEN,10
LUCIER,20
LUCIK,5
LUCIO,20
LUCION,5
LUCIOUS,5
LUCIS,5
LUCIUS,10
LUCK,20
LUCKADO,5
LUCKADOO,5
LUCKE,5
LUCKEN,5
LUCKENBACH,5
LUCKENBAUGH,5
LUCKENBILL,5
LUCKER,5
LUCKETT,40
LUCKEY,20
LUCKHARDT,5
LUCKIE,5
LUCKINBILL,5
LUCKMAN,5
LUCKNER,5
LUCKOW,5
LUCKRITZ,5
LUCKS,5
LUCKSINGER,5
LUCKSOM,5
LUCKY,20
LUCO,5
LUCORE,5
LUCUS,10
LUCY,10
LUCZAK,10
LUCZKI,5
LUCZKOWIAK,5
LUCZYNSKI,5
LUDD,5
LUDDEN,5
LUDDY,5
LUDECKE,5
LUDEKE,5
LUDEKER,5
LUDEMAN,5
LUDEMANN,5
LUDERA,5
LUDERMAN,5
LUDEWIG,5
LUDGATE,5
LUDGOOD,5
LUDINGTON,5
LUDKE,5
LUDKOWSKI,5
LUDLAM,5
LUDLOW,10
LUDLUM,10
LUDOLPH,5
LUDOVICI,5
LUDOVICO,5
LUDTKE,5
LUDVIGSEN,5
LUDVIGSON,5
LUDVIK,5
LUDWICK,10
LUDWIG,60
LUDY,5
LUE,5
LUEBANO,5
LUEBBE,5
LUEBBERING,5
LUEBBERS,5
LUEBBERT,10
LUEBKE,10
LUECHT,5
LUECHTEFELD,5
LUECK,10
LUECKE,5
LUECKENBACH,5
LUECKENHOFF,5
LUECKENOTTE,5
LUECKING,5
LUEDECKE,5
LUEDEMAN,5
LUEDER,5
LUEDERS,5
LUEDI,5
LUEDKE,5
LUEDTKE,10
LUEHRING,5
LUEHRS,5
LUEKER,5
LUEKING,5
LUELF,5
LUELLEN,10
LUENING,5
LUENSMANN,5
LUEPKE,5
LUER,5
LUERA,10
LUERAS,10
LUERS,5
LUERSEN,5
LUESCHEN,5
LUESCHER,5
LUETH,5
LUETKEMEYER,5
LUETMER,5
LUETTE,5
LUEVAND,5
LUEVANO,20
LUEVANOS,5
LUFBOROUGH,5
LUFF,10
LUFFMAN,5
LUFFY,5
LUFKIN,5
LUFSEY,5
LUFT,10
LUGA,5
LUGABIHL,5
LUGAR,5
LUGARDO,5
LUGER,5
LUGG,5
LUGINBILL,5
LUGO,110
LUGONES,5
LUHMAN,5
LUHMANN,5
LUHN,5
LUHNOW,5
LUHR,5
LUHRING,5
LUHRS,5
LUI,10
LUICK,5
LUIKART,5
LUING,5
LUINSTRA,5
LUIS,30
LUISI,5
LUISO,5
LUITJENS,5
LUIZ,10
LUJAN,70
LUJANO,5
LUK,5
LUKA,5
LUKACH,5
LUKACS,5
LUKAN,5
LUKANDER,5
LUKAS,10
LUKASIEWICZ,5
LUKASIK,10
LUKASKIEWICZ,5
LUKASZEWICZ,5
LUKASZEWSKI,5
LUKAVSKY,5
LUKE,60
LUKEHART,5
LUKEN,10
LUKENS,10
LUKER,20
LUKES,10
LUKESH,5
LUKIANOV,5
LUKIN,5
LUKINS,5
LUKMAN,5
LUKOW,5
LUKOWSKI,5
LUKSA,5
LULAS,5
LULE,5
LULEWICZ,5
LULIC,5
LULL,5
LULOFF,5
LULOW,5
LUM,20
LUMA,5
LUMADUE,5
LUMAN,10
LUMANTAS,5
LUMAS,5
LUMB,5
LUMBA,5
LUMBARD,5
LUMBERT,5
LUMBLEY,5
LUMBRA,5
LUMBRERAS,5
LUMINATI,5
LUMLEY,10
LUMM,5
LUMMIS,5
LUMMUS,10
LUMPKIN,40
LUMPKINS,10
LUMPP,5
LUMSDEN,10
LUMUKANDA,5
LUNA,230
LUNAN,5
LUNCEFORD,10
LUNCH,5
LUNCSFORD,5
LUND,90
LUNDAHL,5
LUNDAY,5
LUNDBERG,30
LUNDBLAD,5
LUNDBORG,5
LUNDBURG,5
LUNDBY,5
LUNDE,10
LUNDEBY,5
LUNDEEN,10
LUNDELL,10
LUNDEMO,5
LUNDEN,5
LUNDERMAN,5
LUNDERVILLE,5
LUNDGREEN,5
LUNDGREN,20
LUNDHOLM,5
LUNDI,5
LUNDIE,5
LUNDIN,10
LUNDMAN,5
LUNDMARK,5
LUNDQUIST,20
LUNDRIGAN,5
LUNDSFORD,5
LUNDSTEN,5
LUNDSTROM,10
LUNDVALL,5
LUNDY,70
LUNEAU,5
LUNEMANN,5
LUNETTA,5
LUNFORD,5
LUNG,10
LUNGER,5
LUNGHOFER,5
LUNGREN,5
LUNGSFORD,5
LUNGSTROM,5
LUNGWITZ,5
LUNN,20
LUNNEY,5
LUNNING,5
LUNNON,5
LUNSFORD,60
LUNSTRUM,5
LUNT,10
LUNTER,5
LUNZ,5
LUO,10
LUOMA,10
LUONG,30
LUONGO,10
LUOTO,5
LUPACCHINO,5
LUPARDUS,5
LUPER,10
LUPERCIO,5
LUPEZ,5
LUPFER,5
LUPI,5
LUPIANI,5
LUPIEN,10
LUPINACCI,5
LUPINO,5
LUPKES,5
LUPKIN,5
LUPO,20
LUPOE,5
LUPOLD,5
LUPPINO,5
LUPTAK,5
LUPTON,10
LUPU,5
LUPUL,5
LUQUE,5
LUQUETTE,5
LUQUIN,5
LURA,5
LUREY,5
LURIA,5
LURIE,10
LURRY,5
LURTZ,5
LURVEY,5
LURY,5
LURYE,5
LURZ,5
LUSANE,5
LUSARDI,5
LUSBY,10
LUSCAVAGE,5
LUSCO,5
LUSCOMBE,5
LUSE,10
LUSH,5
LUSHBAUGH,5
LUSHER,10
LUSIGNAN,5
LUSK,70
LUSKEY,5
LUSKIN,5
LUSS,5
LUSSIER,20
LUST,10
LUSTBERG,5
LUSTER,30
LUSTIG,10
LUSTY,5
LUTAO,5
LUTCHMAN,5
LUTE,10
LUTEN,5
LUTER,10
LUTES,10
LUTFY,5
LUTGEN,5
LUTH,5
LUTHE,5
LUTHER,50
LUTHI,5
LUTHY,5
LUTJEN,5
LUTKE,5
LUTKINS,5
LUTKUS,5
LUTMAN,5
LUTON,10
LUTRELL,5
LUTRICK,5
LUTSKY,5
LUTTENEGGER,5
LUTTER,5
LUTTERMAN,5
LUTTMAN,5
LUTTMER,5
LUTTON,5
LUTTRELL,30
LUTTRULL,5
LUTTS,5
LUTWIN,5
LUTZ,110
LUTZE,5
LUTZI,5
LUU,20
LUVENE,5
LUVERA,5
LUVERT,5
LUVIAN,5
LUVIANOS,5
LUX,20
LUXENBERG,5
LUXMORE,5
LUXON,5
LUXTON,5
LUY,5
LUYANDO,5
LUZ,10
LUZADER,5
LUZANIA,5
LUZAR,5
LUZELL,5
LUZI,5
LUZIER,5
LUZINSKI,5
LUZURIAGA,5
LUZZI,5
LWEIS,5
LY,60
LYALL,10
LYALLS,5
LYAS,5
LYAU,5
LYBARGER,10
LYBBERT,5
LYBECKER,5
LYBERGER,5
LYBERT,5
LYBRAND,5
LYCAN,5
LYCHWALA,5
LYDA,10
LYDAY,5
LYDE,5
LYDECKER,5
LYDEN,5
LYDIA,5
LYDIC,5
LYDICK,5
LYDON,10
LYE,5
LYELL,5
LYERLA,5
LYERLY,5
LYEW,5
LYFORD,5
LYKAM,5
LYKE,10
LYKEN,5
LYKENS,5
LYKES,10
LYKINS,20
LYKKE,5
LYKKEN,5
LYLE,60
LYLES,80
LYM,5
LYMAN,50
LYMASTER,5
LYME,5
LYMON,10
LYN,5
LYNADY,5
LYNAH,5
LYNAM,10
LYNAUGH,5
LYNCH,450
LYNCHARD,5
LYNCHJ,5
LYND,5
LYNDAKER,5
LYNDE,10
LYNDON,5
LYNDS,5
LYNE,5
LYNEMA,5
LYNES,5
LYNESS,5
LYNG,5
LYNGE,5
LYNGHOLM,5
LYNK,5
LYNN,140
LYNNE,5
LYNOTT,5
LYNSKEY,5
LYNUM,5
LYON,110
LYONS,330
LYSAGHT,5
LYSAK,5
LYSEN,5
LYSESKI,5
LYSHER,5
LYSIAK,5
LYSNE,5
LYSON,5
LYSSY,5
LYSTER,5
LYTAL,5
LYTCH,5
LYTELL,5
LYTER,5
LYTLE,50
LYTTLE,5
LYTTON,10
LYVERS,5
MA,40
MAACK,5
MAAG,10
MAAHS,5
MAALOUF,5
MAARX,5
MAAS,30
MAASCH,5
MAASEN,5
MAASKE,5
MAASS,5
MAASSEN,5
MAATTA,5
MABANE,5
MABARY,5
MABB,5
MABBOTT,5
MABE,30
MABEE,5
MABEL,5
MABEN,5
MABERRY,10
MABERY,10
MABEY,5
MABIE,10
MABIN,5
MABINS,5
MABLE,5
MABON,10
MABONE,5
MABRA,5
MABRAY,5
MABREY,10
MABRY,60
MABUS,5
MAC,5
MACABEO,5
MACADAM,5
MACADAMIA,5
MACADANGDANG,5
MACAFEE,5
MACAHILAS,5
MACALL,5
MACALLISTER,5
MACALMA,5
MACALUSO,10
MACANAS,5
MACANDOG,5
MACAPAGAL,5
MACARAEG,5
MACARAIG,5
MACARENO,5
MACARI,5
MACARTHUR,20
MACARTNEY,5
MACASKILL,5
MACAULAY,10
MACAULEY,5
MACAYAN,5
MACBEAN,5
MACBETH,5
MACBRIDE,5
MACCABE,5
MACCALLUM,5
MACCARINI,5
MACCARINO,5
MACCARONE,5
MACCARTER,5
MACCARTHY,5
MACCARTNEY,5
MACCAULEY,5
MACCHEYNE,5
MACCHI,5
MACCHIA,5
MACCHIARELLA,5
MACCHIAROLI,5
MACCHIO,5
MACCHIONE,5
MACCINI,5
MACCLAIRTY,5
MACCLELLAN,5
MACCOLL,5
MACCONAGHY,5
MACCONNELL,5
MACCORD,5
MACCORMACK,5
MACCULLOCH,5
MACCUTCHEON,5
MACDANIEL,5
MACDERMOTT,5
MACDIARMID,5
MACDONALD,150
MACDONELL,5
MACDONNELL,5
MACDOUGAL,5
MACDOUGALD,5
MACDOUGALL,20
MACDOWELL,5
MACDUFF,5
MACDUFFEE,5
MACE,40
MACEACHERN,5
MACEDA,5
MACEDO,10
MACEDONIO,5
MACEK,10
MACENTEE,5
MACER,5
MACERA,5
MACEWEN,5
MACEY,10
MACEYAK,5
MACFARLAND,5
MACFARLANE,10
MACGILLIVRAY,5
MACGOWAN,5
MACGREGOR,20
MACGUIRE,5
MACH,20
MACHA,10
MACHACEK,5
MACHADO,50
MACHAIN,5
MACHAK,5
MACHALA,5
MACHALEK,5
MACHAMER,5
MACHAN,5
MACHEL,5
MACHEN,10
MACHENRY,5
MACHENS,5
MACHESKY,5
MACHEY,5
MACHI,5
MACHIA,5
MACHIDA,5
MACHIN,10
MACHINSKY,5
MACHKOVICH,5
MACHLE,5
MACHLIN,5
MACHNIK,5
MACHO,5
MACHOL,5
MACHOLD,5
MACHON,5
MACHOVER,5
MACHOWSKI,5
MACHT,5
MACHTLEY,5
MACHUCA,10
MACHUGA,5
MACIA,5
MACIAG,5
MACIAK,5
MACIARELLO,5
MACIAS,130
MACIASZ,5
MACIE,5
MACIEJ,5
MACIEJCZYK,5
MACIEJEWSKI,10
MACIEJKO,5
MACIEL,20
MACINA,5
MACINNES,5
MACINNIS,5
MACINTOSH,5
MACINTYRE,10
MACIOCE,5
MACIOLEK,5
MACIONE,5
MACISAAC,5
MACIVER,5
MACIVOR,5
MACK,310
MACKALL,5
MACKAMAN,5
MACKAY,30
MACKE,5
MACKECHNIE,5
MACKEDANZ,5
MACKEEN,5
MACKEL,5
MACKELL,5
MACKELLAR,5
MACKEN,5
MACKENTHUN,5
MACKENZIE,50
MACKER,5
MACKERL,5
MACKERT,5
MACKESSY,5
MACKESY,5
MACKEY,110
MACKI,5
MACKIE,30
MACKIEWICZ,5
MACKILLOP,5
MACKIMMIE,5
MACKIN,10
MACKINAW,5
MACKINDER,5
MACKINLAY,5
MACKINNON,10
MACKINS,5
MACKINTOSH,5
MACKLE,5
MACKLEM,5
MACKLER,5
MACKLEY,5
MACKLIN,30
MACKNAIR,5
MACKNEY,5
MACKNIGHT,5
MACKO,5
MACKOWIAK,5
MACKOWSKI,5
MACKS,5
MACKSEY,5
MACKSON,5
MACKSOUD,5
MACKSTUTIS,5
MACKY,5
MACKYNEN,5
MACLACHLAN,10
MACLAIN,5
MACLAREN,5
MACLAUCHLAN,5
MACLAUGHLIN,5
MACLAURIN,5
MACLAY,5
MACLEAD,5
MACLEAN,30
MACLELLAN,5
MACLENNAN,10
MACLEOD,30
MACLIN,10
MACMAHON,5
MACMANUS,5
MACMASTER,5
MACMILLAN,20
MACMILLEN,5
MACMULLAN,5
MACMULLEN,5
MACMURRAY,5
MACNAB,5
MACNAIR,5
MACNAMARA,5
MACNAMEE,5
MACNAUGHT,5
MACNAUGHTON,5
MACNEAL,5
MACNEIL,10
MACNEILL,5
MACNEVIN,5
MACNUTT,5
MACO,5
MACOLA,5
MACOMB,5
MACOMBER,20
MACON,40
MACORENO,5
MACPARTLAND,5
MACPHAIL,5
MACPHEE,5
MACPHERSON,20
MACQUARRIE,5
MACQUEEN,5
MACRAE,10
MACRENO,5
MACRI,10
MACRINA,5
MACROSTIE,5
MACROWSKI,5
MACRUM,5
MACUGAY,5
MACUMBER,5
MACURA,5
MACURDY,5
MACVANE,5
MACVEAN,5
MACVICAR,5
MACWILLIAMS,5
MACY,10
MACZKO,5
MAD,5
MADA,5
MADAFFARI,5
MADAGAN,5
MADALINSKI,5
MADAMBA,5
MADAN,5
MADARA,5
MADARANG,5
MADARAS,5
MADARIAGA,5
MADARIS,5
MADAY,10
MADAYAG,5
MADDALENA,5
MADDALENO,5
MADDALONI,5
MADDEN,130
MADDERN,5
MADDIN,5
MADDING,5
MADDISON,5
MADDIX,10
MADDOCK,10
MADDOCKS,10
MADDOX,160
MADDOY,5
MADDREY,5
MADDRON,5
MADDRY,5
MADDUX,20
MADDY,10
MADEAU,5
MADEIRA,5
MADEIROS,5
MADEJA,5
MADEN,5
MADENA,5
MADENFORD,5
MADER,20
MADERA,30
MADERAS,5
MADERE,5
MADERIOS,5
MADERO,5
MADES,5
MADEWELL,10
MADGE,5
MADHAVAN,5
MADHO,5
MADI,5
MADIA,5
MADIGAN,20
MADILL,5
MADIN,5
MADINA,5
MADINE,5
MADINGER,5
MADISE,5
MADISON,110
MADITZ,5
MADKIN,5
MADKINS,5
MADLEM,5
MADLER,5
MADLOCK,5
MADLUNG,5
MADNICK,5
MADOCK,5
MADOLE,5
MADON,5
MADONIA,5
MADONNA,5
MADOR,5
MADORE,20
MADRANO,5
MADRAS,5
MADRAY,5
MADRAZO,5
MADRE,5
MADREN,5
MADRID,70
MADRIGAL,50
MADRIL,5
MADRIZ,5
MADRON,5
MADRUENO,5
MADRUGA,10
MADRY,5
MADSEN,60
MADSON,10
MADU,5
MADUENA,5
MADUENO,5
MADURA,5
MADURO,5
MADY,5
MADYUN,5
MADZIAR,5
MAE,10
MAEDA,10
MAEDCHE,5
MAEDER,5
MAEDKE,5
MAENAGA,5
MAENDEL,5
MAENHOUT,5
MAENIUS,5
MAENNER,5
MAENO,5
MAENPAA,5
MAERTENS,5
MAERTZ,5
MAERZ,5
MAES,30
MAESE,5
MAESTAS,40
MAESTOS,5
MAESTRE,5
MAESTRI,5
MAEWEATHER,5
MAEZ,10
MAFFEI,10
MAFFEO,5
MAFFETT,5
MAFFEY,5
MAFFIA,5
MAFFIT,5
MAFFITT,5
MAFFUCCI,5
MAFNAS,5
MAFUA,5
MAGA,5
MAGADAN,5
MAGADDINO,5
MAGAHA,5
MAGALDI,5
MAGALLAN,5
MAGALLANES,10
MAGALLANEZ,5
MAGALLON,10
MAGALONG,5
MAGALSKI,5
MAGAN,5
MAGANA,50
MAGANO,5
MAGAR,5
MAGARELLI,5
MAGARIO,5
MAGAT,5
MAGATHAN,5
MAGAW,5
MAGAZINER,5
MAGBITANG,5
MAGBY,5
MAGDA,5
MAGDALENA,5
MAGDALENO,10
MAGDEFRAU,5
MAGE,5
MAGED,5
MAGEDANZ,5
MAGEE,110
MAGEL,5
MAGELSSEN,5
MAGER,10
MAGERA,5
MAGERS,10
MAGES,5
MAGETT,5
MAGETTE,5
MAGG,5
MAGGARD,30
MAGGART,5
MAGGERT,5
MAGGI,10
MAGGIE,5
MAGGINI,5
MAGGINSON,5
MAGGIO,20
MAGGIORE,5
MAGGIT,5
MAGGS,5
MAGIC,5
MAGID,5
MAGIERSKI,5
MAGIL,5
MAGILL,20
MAGIN,5
MAGINN,5
MAGINNIS,10
MAGISTRALE,5
MAGITT,5
MAGLARAS,5
MAGLAUGHLIN,5
MAGLAYA,5
MAGLEBY,5
MAGLEY,5
MAGLIACANE,5
MAGLIANO,5
MAGLIO,10
MAGLIOCCA,5
MAGLIOCCO,5
MAGLIOLI,5
MAGLIOLO,5
MAGLIONE,10
MAGLIULO,5
MAGLORI,5
MAGLOTT,5
MAGNALL,5
MAGNAN,5
MAGNANI,5
MAGNANO,5
MAGNANT,5
MAGNANTI,5
MAGNER,10
MAGNESS,10
MAGNETT,5
MAGNETTI,5
MAGNI,5
MAGNIA,5
MAGNIE,5
MAGNIFICO,5
MAGNINI,5
MAGNO,10
MAGNONE,5
MAGNOTTA,5
MAGNOTTI,5
MAGNUS,10
MAGNUSON,30
MAGNUSSON,10
MAGO,5
MAGOBET,5
MAGONE,5
MAGOON,10
MAGORINA,5
MAGOS,5
MAGOUIRK,5
MAGOULIOTIS,5
MAGOUN,5
MAGOUYRK,5
MAGOWAN,5
MAGPALI,5
MAGPURI,5
MAGPUSAO,5
MAGRANN,5
MAGRATH,5
MAGRAW,5
MAGRI,5
MAGRO,5
MAGRONE,5
MAGRUDER,20
MAGSAMEN,5
MAGSAYO,5
MAGSBY,5
MAGUET,5
MAGUIRE,50
MAGWIRE,5
MAGWOOD,10
MAGYAR,5
MAH,10
MAHA,5
MAHABIR,5
MAHAFFEY,30
MAHAFFY,5
MAHAJAN,5
MAHAL,5
MAHALA,5
MAHALEY,5
MAHALKO,5
MAHALL,5
MAHAM,5
MAHAN,50
MAHANA,5
MAHANEY,10
MAHANNA,5
MAHANY,5
MAHAPATRA,5
MAHAR,10
MAHARAJ,5
MAHARG,5
MAHARREY,5
MAHAXAY,5
MAHDI,5
MAHE,5
MAHEIA,5
MAHER,70
MAHERAS,5
MAHEU,10
MAHEUX,5
MAHFOUZ,5
MAHI,5
MAHIN,5
MAHL,5
MAHLE,10
MAHLER,20
MAHLEY,5
MAHLI,5
MAHLKE,5
MAHLMAN,5
MAHLUM,10
MAHMOOD,10
MAHMOUD,10
MAHMUD,5
MAHN,10
MAHNKE,5
MAHNKEN,5
MAHOE,5
MAHOLMES,5
MAHOMES,5
MAHOMLY,5
MAHON,50
MAHONE,20
MAHONEY,110
MAHONY,5
MAHOOD,10
MAHOWALD,5
MAHR,10
MAHRAN,5
MAHRAUN,5
MAHRENHOLZ,5
MAHRER,5
MAHULA,5
MAHUNA,5
MAHUNG,5
MAHUNIK,5
MAHURIN,10
MAHUSAY,5
MAI,20
MAIA,5
MAIAVA,5
MAICUS,5
MAID,5
MAIDA,5
MAIDEN,10
MAIDENS,5
MAIDONADO,5
MAIELLO,5
MAIER,40
MAIERS,5
MAIETTA,5
MAIFELD,5
MAIGNAN,5
MAIGRET,5
MAIKOKSOONG,5
MAIL,5
MAILANDER,5
MAILE,5
MAILES,5
MAILEY,5
MAILHIOT,5
MAILHOT,5
MAILLARD,5
MAILLE,5
MAILLET,10
MAILLIARD,5
MAILLOUX,10
MAILMAN,5
MAILO,5
MAIMONE,5
MAIN,50
MAINARD,5
MAINE,10
MAINELLA,5
MAINELLO,5
MAINER,5
MAINERO,5
MAINES,10
MAINETTI,5
MAINEY,5
MAINGUY,5
MAINIERO,5
MAINLAND,5
MAINO,5
MAINOLFI,5
MAINOR,10
MAINORD,5
MAINS,10
MAINVILLE,5
MAINWARING,5
MAINZ,5
MAIO,10
MAIOCCO,5
MAIOLO,5
MAIONE,5
MAIORANO,10
MAIR,10
MAIRE,5
MAIROT,5
MAIRS,5
MAIS,5
MAISANO,5
MAISCH,5
MAISE,5
MAISEL,5
MAISENBACHER,5
MAISEY,5
MAISH,5
MAISON,5
MAISONAVE,5
MAISONET,10
MAISTO,5
MAITA,5
MAITEN,5
MAITLAND,10
MAIXNER,5
MAIZE,10
MAIZES,5
MAJ,5
MAJAMAY,5
MAJANO,5
MAJCHER,5
MAJCHRZAK,5
MAJEAU,5
MAJEED,5
MAJER,5
MAJERA,5
MAJERCIK,5
MAJERCIN,5
MAJEROWSKI,5
MAJERSKY,5
MAJERUS,5
MAJESKE,5
MAJESKI,10
MAJESTIC,5
MAJETTE,5
MAJEWSKI,10
MAJIC,5
MAJICA,5
MAJID,5
MAJIED,5
MAJKA,5
MAJKOWSKI,5
MAJKUT,5
MAJMUNDAR,5
MAJOCKA,5
MAJOR,90
MAJORGA,5
MAJORS,40
MAJURE,5
MAJUSTE,5
MAK,10
MAKA,5
MAKANANI,5
MAKAR,5
MAKARA,5
MAKAREM,5
MAKAREWICZ,5
MAKEKAU,5
MAKEL,5
MAKELA,10
MAKEPEACE,5
MAKER,10
MAKEY,5
MAKHIJA,5
MAKI,30
MAKIN,10
MAKINEN,5
MAKINO,5
MAKINS,5
MAKINSON,5
MAKINSTER,5
MAKLER,5
MAKLEY,5
MAKO,5
MAKOFSKY,5
MAKOS,5
MAKOVEC,5
MAKOWSKI,10
MAKOWSKY,5
MAKRIS,10
MAKS,5
MAKUA,5
MAKUCH,5
MALABANAN,5
MALABE,5
MALABEY,5
MALACARA,5
MALACH,5
MALACHI,5
MALACHOWSKI,5
MALADY,5
MALAFRONTE,5
MALAGARIE,5
MALAGISI,5
MALAGON,5
MALAHAN,5
MALAK,5
MALAKAI,5
MALAKAN,5
MALAKOWSKY,5
MALAMA,5
MALAMUD,5
MALAN,5
MALANADO,5
MALANAPHY,5
MALAND,5
MALANDER,5
MALANDRA,5
MALANDRINO,5
MALANDRUCCOLO,5
MALANEY,5
MALANGA,5
MALANGO,5
MALARA,5
MALARKEY,5
MALAS,5
MALASKY,5
MALASPINA,5
MALATERRE,5
MALATESTA,5
MALAVE,20
MALAVER,5
MALAVET,5
MALAWY,5
MALAY,5
MALBAURN,5
MALBOEUF,5
MALBON,10
MALBROUGH,10
MALCHOW,10
MALCIK,5
MALCOLM,40
MALCOM,20
MALCOMB,5
MALCOME,5
MALCOMSON,5
MALDANADO,10
MALDEN,5
MALDENADO,5
MALDOMADO,5
MALDONADO,290
MALDONALDO,5
MALEC,10
MALECH,5
MALECHA,5
MALECK,5
MALECKI,5
MALEH,5
MALEHORN,5
MALEK,10
MALEKAN,5
MALEKZADEH,5
MALEN,5
MALENA,5
MALENFANT,5
MALENKE,5
MALENSEK,5
MALEONADO,5
MALER,5
MALES,5
MALESKI,5
MALESKY,5
MALESZKA,5
MALET,5
MALETT,5
MALETTA,5
MALETTE,5
MALETZ,5
MALEWSKI,5
MALEY,10
MALFATTI,5
MALGIERI,5
MALHI,5
MALHOTRA,5
MALIA,5
MALICDEM,5
MALICH,5
MALICHI,5
MALICK,10
MALICOAT,5
MALICOTE,5
MALIK,20
MALIKOWSKI,5
MALIN,10
MALINA,5
MALINAK,5
MALINCHALK,5
MALINCONICO,5
MALINE,5
MALINKY,5
MALINOSKI,5
MALINOVSKY,5
MALINOWSKI,20
MALINSKI,5
MALINSKY,5
MALIS,5
MALISKA,5
MALISZEWSKI,5
MALIT,5
MALITO,5
MALIZIA,10
MALKANI,5
MALKASIAN,5
MALKIEWICZ,5
MALKIN,10
MALKOSKI,5
MALKOWSKI,5
MALL,5
MALLA,5
MALLACARA,5
MALLACH,5
MALLAHAN,5
MALLAK,5
MALLALIEU,5
MALLAR,5
MALLARD,20
MALLARI,5
MALLARY,5
MALLAS,5
MALLAT,5
MALLE,5
MALLECK,5
MALLEGNI,5
MALLEK,5
MALLEN,5
MALLER,5
MALLERNEE,5
MALLERY,10
MALLET,10
MALLETT,20
MALLETTE,10
MALLEY,30
MALLIA,5
MALLICK,5
MALLICOAT,5
MALLIE,5
MALLIN,5
MALLINAK,5
MALLING,5
MALLINGER,5
MALLINSON,5
MALLIS,5
MALLO,5
MALLOCH,5
MALLON,10
MALLONE,5
MALLONEE,5
MALLORY,60
MALLOW,5
MALLOY,60
MALLOZZI,5
MALLY,5
MALM,10
MALMANGER,5
MALMBERG,10
MALMGREN,5
MALMIN,5
MALMQUIST,5
MALNAR,5
MALO,5
MALOCH,5
MALOCHA,5
MALOFF,5
MALONE,280
MALONEY,110
MALOOF,10
MALOOL,5
MALOON,5
MALORY,5
MALOTT,10
MALOTTE,5
MALOUF,5
MALOUFF,5
MALOVICH,5
MALOY,20
MALPASS,10
MALPHURS,5
MALPICA,5
MALSAM,5
MALSCH,5
MALSOM,5
MALSON,5
MALSTROM,5
MALTA,5
MALTAIS,5
MALTAS,5
MALTBA,5
MALTBIA,5
MALTBIE,5
MALTBY,10
MALTER,5
MALTESE,5
MALTEZ,5
MALTIE,5
MALTON,5
MALTOS,5
MALTSBERGER,5
MALTZ,5
MALUEG,5
MALUSKY,5
MALVAEZ,5
MALVEAUX,10
MALVERN,5
MALVIN,5
MALY,10
MALYS,5
MALZAHN,5
MALZHAN,5
MAM,5
MAMACLAY,5
MAMARIL,5
MAMER,5
MAMMANO,5
MAMMEN,5
MAMMENGA,5
MAMMO,5
MAMMOCCIO,5
MAMMUCARI,5
MAMO,5
MAMON,5
MAMONE,5
MAMORAN,5
MAMROS,5
MAMUDOSKI,5
MAMULA,5
MAN,10
MANA,5
MANAGO,5
MANAHAN,10
MANAKER,5
MANALANG,5
MANALILI,5
MANALO,5
MANANSALA,5
MANAOIS,5
MANARD,5
MANARY,5
MANAS,5
MANASARES,5
MANASCO,5
MANASSA,5
MANASSE,5
MANATT,5
MANAUGH,5
MANBECK,5
MANBY,5
MANCA,5
MANCE,10
MANCELL,5
MANCERA,5
MANCHA,10
MANCHE,5
MANCHEL,5
MANCHER,5
MANCHERIAN,5
MANCHESTER,20
MANCHINI,5
MANCIA,10
MANCIAS,5
MANCIEL,5
MANCIL,5
MANCILL,5
MANCILLA,10
MANCILLAS,5
MANCINA,5
MANCINE,5
MANCINELLI,5
MANCINI,30
MANCINO,5
MANCO,5
MANCOS,5
MANCUSI,5
MANCUSO,40
MAND,5
MANDA,5
MANDAHL,5
MANDALA,5
MANDALONIZ,5
MANDAP,5
MANDARINO,5
MANDATO,5
MANDEL,20
MANDELBAUM,5
MANDELBERG,5
MANDELIK,5
MANDELL,10
MANDELLA,5
MANDER,5
MANDERS,10
MANDERSCHEID,5
MANDERSON,5
MANDES,5
MANDEVILLE,10
MANDEZ,5
MANDI,5
MANDIA,5
MANDICH,5
MANDIGO,5
MANDINO,5
MANDIOLA,5
MANDLER,5
MANDLEY,5
MANDOLFO,5
MANDOLINI,5
MANDONADO,5
MANDOZA,5
MANDRELL,5
MANDRIL,5
MANDRY,5
MANDT,5
MANDUJANO,10
MANDY,5
MANE,5
MANEAFAIGA,5
MANECKE,5
MANELY,5
MANEMANN,5
MANER,10
MANERA,5
MANERO,5
MANERY,5
MANES,10
MANESS,30
MANETTA,5
MANEY,10
MANFORD,5
MANFRA,5
MANFRE,5
MANFRED,5
MANFREDI,10
MANFREDINI,5
MANFREDONIA,5
MANG,10
MANGAN,10
MANGANARO,5
MANGANELLI,5
MANGANELLO,5
MANGANIELLO,5
MANGANO,10
MANGAOANG,5
MANGAS,5
MANGAT,5
MANGEL,5
MANGELS,10
MANGEN,5
MANGER,5
MANGES,10
MANGHAM,5
MANGHANE,5
MANGIAFICO,5
MANGIAMELE,5
MANGIAPANE,5
MANGIARACINA,5
MANGICAVALLO,5
MANGIERI,5
MANGINA,5
MANGINE,5
MANGINELLI,5
MANGINI,5
MANGINO,10
MANGIONE,5
MANGIS,5
MANGLE,5
MANGLONA,5
MANGO,5
MANGOLD,10
MANGON,5
MANGONE,5
MANGRAM,5
MANGRICH,5
MANGRUM,20
MANGUAL,10
MANGUBAT,5
MANGUM,40
MANGUS,10
MANHA,5
MANHARDT,5
MANHART,10
MANHEIM,5
MANI,5
MANIA,5
MANIACE,5
MANIACI,5
MANIAR,5
MANIATIS,5
MANICCHIO,5
MANICCIA,5
MANIER,5
MANIERI,5
MANIFOLD,5
MANIGAULT,10
MANIGO,5
MANIGOLD,5
MANIKAS,5
MANIKOWSKI,5
MANILA,5
MANIN,5
MANINO,5
MANION,20
MANIRE,5
MANIS,10
MANISCALCO,10
MANISTA,5
MANIVONG,5
MANJARRES,5
MANJARREZ,10
MANK,5
MANKA,5
MANKE,10
MANKEL,5
MANKER,5
MANKEY,5
MANKIEWICZ,5
MANKIN,10
MANKINS,5
MANKO,5
MANKOSKI,5
MANKOWSKI,5
MANKUS,5
MANLANGIT,5
MANLEY,110
MANLIGUIS,5
MANLITO,5
MANLOVE,5
MANLY,10
MANN,310
MANNA,10
MANNAN,5
MANNARINO,5
MANNCHEN,5
MANNE,5
MANNEBACH,5
MANNELLA,5
MANNELLO,5
MANNER,5
MANNERS,10
MANNES,5
MANNEY,5
MANNHEIM,5
MANNHEIMER,5
MANNI,5
MANNICK,5
MANNIE,5
MANNINA,5
MANNINE,5
MANNING,300
MANNINGS,10
MANNINO,20
MANNION,10
MANNIS,5
MANNIX,5
MANNO,10
MANNON,5
MANNS,30
MANNSCHRECK,5
MANNY,5
MANO,5
MANOCCHIA,5
MANOCCHIO,5
MANOI,5
MANOKEY,5
MANOLAKIS,5
MANOLIS,5
MANON,5
MANONI,5
MANOOGIAN,5
MANOR,20
MANORA,5
MANOS,10
MANOSO,5
MANOUS,5
MANOZCA,5
MANQUERO,5
MANRING,5
MANRIQUE,10
MANRIQUEZ,10
MANROSS,5
MANRRIQUEZ,5
MANRY,5
MANS,5
MANSANARES,5
MANSBACH,5
MANSBRIDGE,5
MANSEAU,10
MANSEL,5
MANSELL,10
MANSER,5
MANSFIELD,80
MANSHIP,5
MANSI,5
MANSIR,5
MANSKE,10
MANSKER,5
MANSMANN,5
MANSMITH,5
MANSO,5
MANSON,30
MANSOUR,20
MANSOURI,5
MANSPEAKER,5
MANSUKHANI,5
MANSUR,5
MANTANO,5
MANTANONA,5
MANTE,5
MANTECA,5
MANTEGNA,5
MANTEL,5
MANTELE,5
MANTELL,5
MANTELLA,5
MANTELLI,5
MANTER,5
MANTERNACH,5
MANTEUFFEL,5
MANTEY,5
MANTHE,5
MANTHEI,5
MANTHEY,10
MANTIA,5
MANTIFEL,5
MANTIK,5
MANTILIA,5
MANTILLA,5
MANTINI,5
MANTIONE,5
MANTIS,5
MANTLE,5
MANTO,5
MANTON,5
MANTOOTH,10
MANTSCH,5
MANTUANO,5
MANTYLA,5
MANTZ,10
MANUAL,5
MANUEL,100
MANUELE,5
MANUELITO,5
MANUELL,5
MANUES,5
MANUIA,5
MANUS,10
MANUSYANTS,5
MANVEL,5
MANVELITO,5
MANVELYAN,5
MANVILLE,5
MANWARING,10
MANWARREN,5
MANWEILER,5
MANWILL,5
MANY,5
MANYGOATS,5
MANYLATH,5
MANZ,10
MANZA,5
MANZANARES,10
MANZANAREZ,5
MANZANERO,5
MANZANILLA,5
MANZANO,20
MANZAY,5
MANZELLA,10
MANZER,10
MANZI,10
MANZIE,5
MANZIONE,5
MANZO,30
MANZONE,5
MANZUETA,5
MANZUR,5
MAO,10
MAOBI,5
MAOHU,5
MAONTESANO,5
MAPA,5
MAPALO,5
MAPEL,5
MAPES,20
MAPHIS,5
MAPLE,30
MAPLES,40
MAPP,20
MAPPS,5
MAPSTON,5
MAPSTONE,5
MAPUA,5
MAQUIS,5
MAR,10
MARA,10
MARABELLA,5
MARABLE,20
MARACLE,5
MARADE,5
MARADIAGA,5
MARAFIOTI,5
MARAGH,5
MARAGNI,5
MARAGNO,5
MARAIA,5
MARAK,5
MARALDO,5
MARALES,5
MARALLO,5
MARAN,5
MARANA,5
MARANAN,5
MARANDA,5
MARANDER,5
MARANDI,5
MARANDO,5
MARANDOLA,5
MARANGONI,5
MARANI,5
MARANO,10
MARANTE,5
MARANTO,10
MARANTZ,5
MARANVILLE,5
MARAS,5
MARASCALCO,5
MARASCIULO,5
MARASCO,10
MARASH,5
MARASHI,5
MARASHIO,5
MARASIGAN,5
MARATOS,5
MARATRE,5
MARAVILLA,10
MARAZAS,5
MARAZZI,5
MARBACH,5
MARBAN,5
MARBERRY,5
MARBLE,30
MARBLEY,5
MARBRAY,5
MARBRY,5
MARBURGER,10
MARBURY,10
MARBUS,5
MARBUT,5
MARC,5
MARCA,5
MARCAIDA,5
MARCANO,20
MARCANTEL,10
MARCANTONIO,10
MARCEAU,10
MARCEAUX,5
MARCEL,5
MARCELIN,5
MARCELINO,5
MARCELL,10
MARCELLA,5
MARCELLE,5
MARCELLI,5
MARCELLINO,5
MARCELLO,10
MARCELLUS,10
MARCELYNAS,5
MARCET,5
MARCEY,5
MARCH,40
MARCHAK,5
MARCHAL,5
MARCHALAND,5
MARCHALL,5
MARCHAN,10
MARCHAND,30
MARCHANT,20
MARCHBANKS,5
MARCHEL,5
MARCHELL,5
MARCHELLO,5
MARCHENA,5
MARCHESANO,5
MARCHESE,20
MARCHESI,5
MARCHESKI,5
MARCHESSAULT,5
MARCHESSEAULT,5
MARCHETTA,5
MARCHETTI,10
MARCHI,5
MARCHIANO,5
MARCHIO,5
MARCHIONE,5
MARCHIONESE,5
MARCHIONNI,5
MARCHIONY,5
MARCHIORI,5
MARCHITTO,5
MARCHIZANO,5
MARCHMAN,5
MARCHUK,5
MARCI,5
MARCIA,5
MARCIAL,10
MARCIANO,10
MARCIANTE,5
MARCIEL,5
MARCIL,10
MARCILLE,5
MARCIN,5
MARCINEK,5
MARCINIAK,10
MARCINKA,5
MARCINKIEWICZ,5
MARCINKO,5
MARCINKOWSKI,5
MARCISAK,5
MARCKS,5
MARCO,10
MARCOGUISEPP,5
MARCOLINA,5
MARCOLINE,5
MARCOM,5
MARCON,5
MARCONE,5
MARCONI,10
MARCONIS,5
MARCOS,10
MARCOTRIGIANO,5
MARCOTT,5
MARCOTTE,30
MARCOU,5
MARCOUX,10
MARCRUM,5
MARCUCCI,10
MARCUM,80
MARCUS,70
MARCUSEN,5
MARCUSSEN,5
MARCY,10
MARCZAK,5
MARDEN,10
MARDER,5
MARDESICH,5
MARDINI,5
MARDIROSIAN,5
MARDIROSSIAN,5
MARDIS,10
MARE,5
MAREADY,5
MAREAN,5
MARECKI,5
MAREE,5
MAREK,20
MARELLO,5
MAREN,5
MARENCO,10
MARENGO,5
MARENO,5
MARENTES,5
MARENTEZ,5
MARENTIS,5
MARER,5
MARERO,5
MARES,40
MARESCA,10
MARESCO,5
MARESH,5
MARET,5
MARETT,5
MARETTI,5
MAREVKA,5
MAREZ,10
MARFIL,5
MARFLAK,5
MARGAITIS,5
MARGAN,5
MARGARET,5
MARGARIS,5
MARGARITA,5
MARGARYAN,5
MARGASON,5
MARGEL,5
MARGERUM,5
MARGESON,5
MARGHEIM,5
MARGIOTTA,5
MARGIS,5
MARGISON,5
MARGO,5
MARGOLIES,5
MARGOLIN,5
MARGOLIS,10
MARGOSIAN,5
MARGOT,5
MARGOTTA,5
MARGRAF,5
MARGREITER,5
MARGUARDT,5
MARGUEZ,10
MARGULIES,5
MARGULIS,5
MARHEFKA,5
MARHOEFER,5
MARI,5
MARIA,10
MARIACHER,5
MARIAN,5
MARIANI,10
MARIANO,10
MARICH,5
MARICHALAR,5
MARICICH,5
MARICLE,5
MARIE,10
MARIELLO,5
MARIEN,5
MARIER,5
MARIETTA,5
MARIL,5
MARIN,80
MARINA,5
MARINACCI,5
MARINACCIO,5
MARINARO,5
MARINAS,5
MARINE,10
MARINEAU,5
MARINELLA,5
MARINELLI,10
MARINELLO,10
MARINER,5
MARINERO,5
MARINES,5
MARINESE,5
MARINEZ,10
MARING,5
MARINI,10
MARINKO,5
MARINKOVIC,5
MARINO,90
MARINONI,5
MARINOS,5
MARINUCCI,5
MARIO,5
MARION,70
MARIONI,5
MARIONNEAUX,5
MARIOTTI,10
MARIS,10
MARISCAL,10
MARISKA,5
MARITATO,5
MARITN,5
MARITNEZ,5
MARITT,5
MARIUS,5
MARJAN,5
MARJENHOFF,5
MARK,50
MARKAKIS,5
MARKARIAN,5
MARKE,5
MARKEE,5
MARKEGARD,5
MARKEL,10
MARKELL,5
MARKEN,5
MARKER,20
MARKERT,10
MARKES,5
MARKET,5
MARKETTE,5
MARKEVICH,5
MARKEWICH,5
MARKEY,10
MARKGRAF,5
MARKHAM,50
MARKI,5
MARKIE,5
MARKIEWICZ,5
MARKIN,5
MARKING,5
MARKINS,5
MARKIS,5
MARKLAND,10
MARKLE,20
MARKLEY,30
MARKLUND,5
MARKMAN,5
MARKO,10
MARKOFF,5
MARKOS,5
MARKOU,5
MARKOVICH,10
MARKOVITZ,5
MARKOW,5
MARKOWITZ,10
MARKOWSKI,10
MARKROF,5
MARKS,180
MARKSBERRY,5
MARKSBURY,5
MARKSON,5
MARKSTROM,5
MARKT,5
MARKUM,5
MARKUNAS,5
MARKUS,20
MARKUSON,5
MARKVE,5
MARKWARDT,5
MARKWAY,5
MARKWELL,5
MARKWOOD,5
MARKWORTH,5
MARLAND,5
MARLAR,10
MARLATT,10
MARLBOROUGH,5
MARLENE,5
MARLER,30
MARLETT,5
MARLETTE,5
MARLEY,20
MARLIN,20
MARLING,5
MARLO,5
MARLOR,5
MARLOW,50
MARLOWE,30
MARMAS,5
MARMERCHANT,5
MARMIE,5
MARMION,5
MARMO,5
MARMOL,10
MARMOLEJO,10
MARMOLEJOS,5
MARMON,10
MARN,5
MARNELL,5
MARNER,5
MARNETT,5
MARNEY,5
MARO,5
MAROCCO,5
MAROHL,5
MAROHNIC,5
MAROIS,5
MAROLA,5
MAROLD,5
MAROLDA,5
MAROLF,5
MAROLT,5
MARON,5
MARONA,5
MARONE,10
MARONEY,10
MARONGE,5
MARONI,5
MAROON,5
MAROSE,5
MAROTTA,10
MAROTTE,5
MAROTTI,5
MAROTTO,5
MAROTZ,5
MAROUDAS,5
MAROUN,5
MAROUSEK,5
MAROVIC,5
MAROVICH,5
MAROZZI,5
MARPLE,10
MARPLES,5
MARQUARD,5
MARQUARDT,20
MARQUART,10
MARQUE,5
MARQUENA,5
MARQUES,10
MARQUESS,5
MARQUETTE,10
MARQUEZ,230
MARQUINA,5
MARQUIS,40
MARQUITZ,5
MARR,40
MARRA,20
MARRABLE,5
MARRANO,5
MARRAPESE,5
MARRAPODI,5
MARRARA,5
MARRAZZO,5
MARREEL,5
MARRELLO,5
MARREN,5
MARREO,5
MARRERO,90
MARRETT,5
MARRIER,5
MARRIETTA,5
MARRIN,5
MARRINAN,5
MARRINER,5
MARRINGTON,5
MARRION,5
MARRIOT,5
MARRIOTT,20
MARRIS,5
MARRISON,5
MARRO,10
MARROGUIN,5
MARRON,10
MARRONE,10
MARROQUIN,40
MARROTTE,5
MARROW,10
MARRS,20
MARRUFFO,5
MARRUFO,10
MARRUJO,5
MARRY,5
MARS,20
MARSAC,5
MARSACK,5
MARSALA,10
MARSALIS,5
MARSAW,5
MARSCH,5
MARSCHALL,5
MARSCHEL,5
MARSCHKE,5
MARSDEN,10
MARSE,5
MARSEE,5
MARSEGLIA,5
MARSEILLE,5
MARSEILLES,5
MARSEK,5
MARSELL,5
MARSELLA,5
MARSETTE,5
MARSH,250
MARSHA,5
MARSHAK,5
MARSHAL,10
MARSHALEK,5
MARSHALL,750
MARSHALSEA,5
MARSHBANKS,5
MARSHBURN,10
MARSHELL,5
MARSHMAN,5
MARSICEK,5
MARSICO,5
MARSIGLIA,5
MARSILI,5
MARSINGILL,5
MARSKE,5
MARSLAND,5
MARSO,5
MARSOLAIS,5
MARSOLEK,5
MARSON,10
MARSTALLER,5
MARSTELLER,5
MARSTERS,5
MARSTON,20
MARSZALEK,5
MART,10
MARTA,5
MARTABANO,5
MARTAIN,5
MARTE,10
MARTEL,50
MARTELL,40
MARTELLA,5
MARTELLARO,5
MARTELLE,5
MARTELLES,5
MARTELLI,10
MARTELLO,10
MARTEN,10
MARTENEY,5
MARTENEZ,5
MARTENS,30
MARTENSEN,5
MARTENSON,5
MARTER,5
MARTES,5
MARTEY,5
MARTH,5
MARTHA,5
MARTHALER,5
MARTHE,5
MARTI,10
MARTIAN,5
MARTIARENA,5
MARTICH,5
MARTIE,5
MARTIEZ,5
MARTIG,5
MARTIGNAGO,5
MARTILLO,5
MARTIN,2730
MARTINA,10
MARTINAS,5
MARTINAT,5
MARTINCIC,5
MARTINDALE,30
MARTINDELCAMP,5
MARTINE,10
MARTINEA,5
MARTINEAU,20
MARTINEK,10
MARTINEL,5
MARTINELL,5
MARTINELLI,10
MARTINES,20
MARTINET,5
MARTINETTI,5
MARTINETTO,5
MARTINEX,5
MARTINEZ,2340
MARTINEZE,5
MARTINI,20
MARTINIE,5
MARTINIS,5
MARTINIZ,5
MARTINKUS,5
MARTINO,50
MARTINOLLI,5
MARTINON,5
MARTINOV,5
MARTINS,30
MARTINSEN,10
MARTINSON,30
MARTINSONS,5
MARTINY,5
MARTINZ,5
MARTIR,5
MARTIRANO,5
MARTIRE,5
MARTIS,5
MARTISCHNIG,5
MARTLING,5
MARTNEZ,5
MARTON,5
MARTONE,10
MARTORANA,5
MARTORANO,5
MARTORELL,5
MARTORELLA,5
MARTORELLI,5
MARTORELLO,5
MARTOS,5
MARTOWSKI,5
MARTS,10
MARTSOLF,5
MARTT,5
MARTUCCI,10
MARTURANO,5
MARTY,20
MARTYN,5
MARTYR,5
MARTZ,30
MARUCA,5
MARUCCI,5
MARUCO,5
MARUFFO,5
MARUGG,5
MARULLO,5
MARUM,5
MARUMOTO,5
MARUNGO,5
MARUS,5
MARUSAK,5
MARUSARZ,5
MARUSCAK,5
MARUSCHAK,5
MARUSHIA,5
MARUSIAK,5
MARUSKA,5
MARUYAMA,5
MARVEL,10
MARVIER,5
MARVILLE,5
MARVIN,40
MARVRAY,5
MARWICK,5
MARX,40
MARXEN,5
MARXSEN,5
MARY,10
MARYE,5
MARYLAND,5
MARYOTT,5
MARZ,5
MARZAN,5
MARZANO,10
MARZE,5
MARZEC,5
MARZELLA,5
MARZETT,5
MARZETTE,5
MARZIGLIANO,5
MARZILI,5
MARZINSKE,5
MARZOCCHI,5
MARZOLF,5
MARZULLO,5
MAS,5
MASAITIS,5
MASAK,5
MASAKI,5
MASAR,5
MASARACCHIA,5
MASAYA,5
MASCAGNI,5
MASCALL,5
MASCARENA,5
MASCARENAS,20
MASCARI,5
MASCARO,5
MASCETTI,5
MASCH,5
MASCHAK,5
MASCHECK,5
MASCHINO,5
MASCHIO,5
MASCHKE,5
MASCHMEYER,5
MASCI,5
MASCIA,5
MASCIANTONIO,5
MASCIO,5
MASCIOLI,5
MASCOLA,5
MASCOLO,5
MASCORRO,10
MASCOT,5
MASCROFT,5
MASDEN,5
MASE,5
MASEK,5
MASELL,5
MASELLA,5
MASELLI,10
MASELLO,5
MASENTEN,5
MASER,10
MASERO,5
MASEY,5
MASGALAS,5
MASH,10
MASHACK,5
MASHAK,5
MASHALL,5
MASHAW,5
MASHBURN,20
MASHEK,5
MASHER,5
MASHIAH,5
MASHNI,5
MASHORE,5
MASI,10
MASIAS,5
MASICLAT,5
MASIEJCZYK,5
MASIELLO,5
MASILKO,5
MASIN,5
MASINCUP,5
MASINGALE,5
MASINI,5
MASINO,5
MASK,20
MASKALY,5
MASKE,10
MASKELL,10
MASKER,5
MASKI,5
MASLAK,5
MASLAKOWSKI,5
MASLANKA,5
MASLEN,5
MASLEY,5
MASLIN,5
MASLONKA,5
MASLOSKI,5
MASLOW,5
MASLOWSKI,5
MASLOWSKY,5
MASLYN,5
MASO,5
MASOM,5
MASON,680
MASONE,5
MASONER,5
MASOOD,5
MASOTTI,5
MASOUD,5
MASRI,5
MASS,10
MASSA,20
MASSAGLIA,5
MASSANELLI,5
MASSANET,5
MASSAQUOI,5
MASSAR,5
MASSARD,5
MASSARE,5
MASSARELLI,5
MASSARI,5
MASSARO,10
MASSART,5
MASSAY,5
MASSE,10
MASSED,5
MASSEE,5
MASSEI,5
MASSELLA,5
MASSENA,5
MASSENBERG,5
MASSENBURG,10
MASSENGALE,10
MASSENGILL,10
MASSER,5
MASSERIA,5
MASSETT,5
MASSETTI,5
MASSEY,240
MASSI,5
MASSIAH,5
MASSICOTTE,5
MASSIE,40
MASSIMINO,5
MASSIMO,5
MASSING,5
MASSINGALE,5
MASSINGILL,10
MASSINI,5
MASSMAN,5
MASSMANN,5
MASSO,5
MASSON,10
MASSONI,5
MASSOUD,5
MASSUCCI,5
MASSY,5
MAST,30
MASTALSKI,5
MASTEL,5
MASTELLA,5
MASTELLER,5
MASTEN,10
MASTENBROOK,5
MASTER,10
MASTERA,5
MASTERMAN,5
MASTERS,70
MASTERSON,40
MASTERTON,5
MASTIN,20
MASTINE,5
MASTON,10
MASTORIS,5
MASTRANGELO,10
MASTRELLI,5
MASTRIANNA,5
MASTRIANNI,5
MASTRIANO,5
MASTRO,10
MASTROBUONO,5
MASTROCOLA,5
MASTROCOVI,5
MASTROGIOVANN,5
MASTROIANNI,5
MASTROLIA,5
MASTROMARINO,5
MASTRONARDI,5
MASTROPAOLO,5
MASTROPIETRO,10
MASTURZO,5
MASUCCI,5
MASUDA,10
MASUDI,5
MASULLO,5
MASUNAGA,5
MASUPHA,5
MASUR,5
MASURE,5
MASUYAMA,5
MASZTAL,5
MATA,100
MATAALII,5
MATACALE,5
MATAKA,5
MATAKONIS,5
MATALAVAGE,5
MATALKA,5
MATAMOROS,10
MATANANE,5
MATAR,5
MATARAZZO,5
MATARESE,5
MATARRITA,5
MATAS,10
MATAVA,5
MATAYOSHI,5
MATCHEN,5
MATCHETT,10
MATCHETTE,5
MATCZAK,5
MATE,5
MATEEN,5
MATEER,10
MATEIRO,5
MATEJA,5
MATEJEK,5
MATEJKA,5
MATELIC,5
MATELICH,5
MATELSKI,5
MATEN,5
MATEO,20
MATEOS,5
MATER,5
MATERA,5
MATERN,5
MATERNA,5
MATERO,5
MATES,5
MATESIC,5
MATEUS,5
MATEY,5
MATH,5
MATHAI,5
MATHAL,5
MATHE,5
MATHEIS,5
MATHELIER,5
MATHEN,5
MATHENA,10
MATHENEY,10
MATHENIA,5
MATHENY,40
MATHER,20
MATHERLY,20
MATHERN,5
MATHERNE,20
MATHERS,20
MATHERSON,5
MATHERY,5
MATHES,20
MATHESON,30
MATHEU,5
MATHEUS,5
MATHEW,20
MATHEWES,5
MATHEWS,210
MATHEWSON,20
MATHEY,5
MATHIA,5
MATHIAS,30
MATHIASEN,5
MATHIASON,5
MATHIE,5
MATHIES,5
MATHIESEN,5
MATHIESON,10
MATHIEU,20
MATHIEW,5
MATHIS,240
MATHISEN,5
MATHISON,20
MATHONY,5
MATHRE,5
MATHSON,5
MATHUR,5
MATHURIN,5
MATHUS,5
MATHWICH,5
MATHYS,5
MATIAS,20
MATICE,5
MATIER,5
MATIN,5
MATINEZ,5
MATIS,10
MATISE,5
MATISON,5
MATKIN,5
MATKINS,5
MATKO,5
MATKOVIC,5
MATKOWSKI,5
MATKOWSKY,5
MATLACK,5
MATLEY,5
MATLICK,5
MATLIN,5
MATLOCK,60
MATLOW,5
MATNEY,30
MATO,5
MATONAK,5
MATONE,5
MATOS,70
MATOT,5
MATOTT,5
MATOUSEK,5
MATRANGA,10
MATRAS,5
MATREJEK,5
MATREY,5
MATRISCIANO,5
MATRO,5
MATRONE,5
MATROS,5
MATSEN,5
MATSKIN,5
MATSKO,5
MATSON,60
MATSOUKAS,5
MATSU,5
MATSUBARA,5
MATSUDA,10
MATSUHARA,5
MATSUI,5
MATSUKI,5
MATSUMOTO,10
MATSUMURA,10
MATSUNAGA,5
MATSUNO,5
MATSUO,5
MATSUOKA,5
MATSUSHIMA,5
MATSUSHITA,5
MATSUURA,5
MATSUZAKI,5
MATT,10
MATTA,20
MATTAN,5
MATTAS,5
MATTE,10
MATTEI,5
MATTEIS,5
MATTEN,5
MATTEO,10
MATTER,10
MATTERA,10
MATTERN,10
MATTERS,5
MATTERSON,5
MATTES,10
MATTESON,30
MATTEUCCI,5
MATTEWS,5
MATTEY,5
MATTHAI,5
MATTHEES,5
MATTHEIS,5
MATTHES,10
MATTHEW,40
MATTHEWS,560
MATTHEWSON,5
MATTHEY,5
MATTHIAS,10
MATTHIES,10
MATTHIESEN,5
MATTHIS,5
MATTHYS,5
MATTIA,10
MATTIACE,5
MATTIAS,5
MATTICE,10
MATTICK,5
MATTIE,10
MATTIELLO,5
MATTIER,5
MATTILA,5
MATTIMOE,5
MATTINA,5
MATTINGLEY,5
MATTINGLY,50
MATTINSON,5
MATTIOLI,5
MATTIONE,5
MATTIS,10
MATTISON,40
MATTIX,5
MATTKE,5
MATTLER,5
MATTLIN,5
MATTO,5
MATTOCK,5
MATTOCKS,10
MATTON,5
MATTOON,10
MATTOS,30
MATTOX,50
MATTS,5
MATTSEN,5
MATTSEY,5
MATTSON,60
MATTSSON,5
MATTU,5
MATTURRO,5
MATTY,5
MATTYS,5
MATUCK,5
MATUKE,5
MATULA,5
MATULEWICZ,5
MATURI,5
MATUS,10
MATUSEK,5
MATUSESKI,5
MATUSHEVSKY,5
MATUSIAK,5
MATUSIEWICZ,5
MATUSIK,5
MATUSKA,5
MATUSZ,5
MATUSZAK,5
MATUSZEK,5
MATUSZESKI,5
MATUSZEWSKI,5
MATUTE,5
MATYA,5
MATYAS,5
MATYE,5
MATYI,5
MATYSIAK,5
MATZ,20
MATZA,5
MATZEK,5
MATZEN,5
MATZINGER,5
MATZKE,10
MAU,5
MAUCELI,5
MAUCERI,5
MAUCH,10
MAUCK,10
MAUD,5
MAUDLIN,10
MAUER,10
MAUFFRAY,5
MAUGER,5
MAUGERI,5
MAUGHAN,10
MAUGHN,5
MAUK,10
MAUL,10
MAULDEN,5
MAULDIN,50
MAULDING,5
MAULE,10
MAULEON,5
MAULIN,5
MAULL,5
MAULLER,5
MAULSBY,5
MAULTASCH,5
MAULTSBY,10
MAUN,5
MAUNE,5
MAUNEY,10
MAUNG,5
MAUPIN,30
MAUPINS,5
MAUPREDI,5
MAURA,5
MAURACHER,5
MAURAIS,5
MAURAS,5
MAURER,70
MAUREY,5
MAURICE,20
MAURICIO,10
MAURIELLO,10
MAURIN,10
MAURITZ,5
MAURIZIO,5
MAURO,30
MAURUS,5
MAURY,10
MAUS,10
MAUSBACH,5
MAUSER,5
MAUSETH,5
MAUSEY,5
MAUSHARDT,5
MAUSON,5
MAUSS,5
MAUSSER,5
MAUST,10
MAUTE,5
MAUTER,5
MAUTINO,5
MAUTNER,5
MAUTONE,5
MAUTTE,5
MAUTZ,5
MAUZEY,5
MAUZY,10
MAVAI,5
MAVER,5
MAVES,5
MAVINS,5
MAVIS,5
MAVITY,5
MAVLE,5
MAVRAGANIS,5
MAVRIS,5
MAVRO,5
MAVROMATIS,5
MAVROPOULOS,5
MAW,5
MAWHINNEY,5
MAWHORTER,5
MAWK,5
MAWSON,5
MAWYER,5
MAX,10
MAXAM,5
MAXBERRY,5
MAXCY,5
MAXEDON,5
MAXELL,5
MAXEY,40
MAXFIELD,30
MAXHAM,5
MAXI,5
MAXIE,10
MAXIM,10
MAXIMO,5
MAXIN,5
MAXON,10
MAXSON,10
MAXTON,5
MAXWELL,280
MAY,400
MAYA,20
MAYALA,5
MAYALL,5
MAYANS,5
MAYARD,5
MAYBEE,5
MAYBEN,5
MAYBERRY,70
MAYBIN,5
MAYBRIER,5
MAYBURY,5
MAYCOCK,5
MAYCUMBER,5
MAYDEN,5
MAYDEW,5
MAYE,10
MAYEAUX,5
MAYEDA,5
MAYEN,5
MAYENSCHEIN,5
MAYER,130
MAYERLE,5
MAYERS,30
MAYES,110
MAYESHIBA,5
MAYESKI,5
MAYETTE,5
MAYEUX,5
MAYFIELD,120
MAYHALL,10
MAYHAN,5
MAYHER,5
MAYHEW,30
MAYHOOD,5
MAYHORN,5
MAYHUE,5
MAYHUGH,10
MAYLAND,5
MAYLE,20
MAYLONE,5
MAYMI,5
MAYMON,5
MAYNARD,180
MAYNE,10
MAYNER,5
MAYNERICH,5
MAYNES,10
MAYNEZ,5
MAYNOR,10
MAYO,140
MAYOKA,5
MAYOL,5
MAYON,10
MAYONE,5
MAYOR,10
MAYORAL,5
MAYORAS,5
MAYORCA,5
MAYORGA,20
MAYOTTE,5
MAYOU,5
MAYR,5
MAYRANT,5
MAYROSE,5
MAYS,160
MAYSE,5
MAYSHACK,5
MAYSON,5
MAYSONET,10
MAYTON,10
MAYTORENA,5
MAYTUBBY,5
MAYVILLE,10
MAYWALT,5
MAYWEATHER,10
MAYWOOD,5
MAYZE,5
MAYZES,5
MAZA,5
MAZANEC,5
MAZAR,5
MAZARIEGO,5
MAZARIEGOS,5
MAZE,20
MAZELL,5
MAZELLA,5
MAZER,5
MAZEY,5
MAZIARZ,10
MAZIERSKI,5
MAZIKOWSKI,5
MAZIN,5
MAZINGO,5
MAZION,5
MAZIQUE,5
MAZO,5
MAZON,10
MAZOR,5
MAZOWIESKI,5
MAZUC,5
MAZUERA,5
MAZUO,5
MAZUR,20
MAZUREK,10
MAZURK,5
MAZURKIEWICZ,5
MAZUROWSKI,5
MAZY,5
MAZYCK,5
MAZZA,30
MAZZACANO,5
MAZZAFERRO,5
MAZZANTI,5
MAZZARA,5
MAZZARELLA,10
MAZZARIELLO,10
MAZZARINO,5
MAZZAWI,5
MAZZE,5
MAZZEI,5
MAZZELLA,10
MAZZEO,10
MAZZERA,5
MAZZETTI,5
MAZZIE,5
MAZZILLO,5
MAZZINI,5
MAZZO,5
MAZZOCCO,5
MAZZOLA,10
MAZZONE,10
MAZZONI,5
MAZZOTTA,5
MAZZUCA,5
MAZZUCCO,5
MAZZURCO,5
MBAMALU,5
MBONU,5
MC,5
MCABEE,20
MCABIER,5
MCABOY,5
MCADAM,5
MCADAMS,40
MCADOO,20
MCADORY,10
MCAFEE,40
MCAFERTY,5
MCAFFEE,5
MCALARNEY,5
MCALARY,5
MCALEER,10
MCALEESE,5
MCALEVY,5
MCALEXANDER,10
MCALHANEY,5
MCALISTER,40
MCALL,5
MCALLEN,5
MCALLISTER,110
MCALMOND,5
MCALOON,5
MCALPHIN,5
MCALPIN,20
MCALPINE,20
MCALVAIN,5
MCAMIS,5
MCANALLEN,5
MCANALLY,20
MCANANY,5
MCANAW,5
MCANDREW,10
MCANDREWS,10
MCANELLY,5
MCANENY,5
MCANINCH,5
MCANNALLY,5
MCANULTY,10
MCARDELL,5
MCARDLE,20
MCAREE,5
MCARTHUN,5
MCARTHUR,40
MCARTHY,5
MCARTOR,5
MCASKILL,5
MCATEE,20
MCATEER,10
MCAULAY,5
MCAULEY,20
MCAULIFFE,10
MCAULY,5
MCAUSLAND,5
MCAVENEY,5
MCAVOY,20
MCBAIN,5
MCBANE,5
MCBATH,5
MCBAY,5
MCBEAN,10
MCBEATH,5
MCBEE,30
MCBETH,10
MCBRADY,5
MCBRATNEY,5
MCBRAYER,10
MCBREARTY,5
MCBREEN,5
MCBRIDE,260
MCBRIEN,5
MCBROOM,20
MCBROOME,5
MCBROWN,5
MCBRYAR,5
MCBRYDE,10
MCBURNETT,5
MCBURNEY,10
MCBURNIE,5
MCBURROUGH,5
MCBURROWS,5
MCCAA,10
MCCABE,100
MCCADAMS,5
MCCADDEN,5
MCCADDON,5
MCCADE,5
MCCAFFERTY,20
MCCAFFERY,10
MCCAFFITY,5
MCCAFFREE,5
MCCAFFREY,30
MCCAGE,5
MCCAGHREN,5
MCCAGUE,5
MCCAHAN,5
MCCAHILL,5
MCCAIE,5
MCCAIG,5
MCCAIN,90
MCCAINE,5
MCCALANAHAN,5
MCCALEB,10
MCCALEBB,5
MCCALISTER,5
MCCALL,180
MCCALLA,10
MCCALLEN,5
MCCALLEY,5
MCCALLIE,5
MCCALLION,5
MCCALLISTER,30
MCCALLON,5
MCCALLOUGH,5
MCCALLUM,30
MCCALLUN,5
MCCALLY,5
MCCALMAN,5
MCCALMENT,5
MCCALMONT,5
MCCALOP,5
MCCALPANE,5
MCCALPIN,5
MCCALVIN,5
MCCAMAN,5
MCCAMANT,5
MCCAMBRIDGE,5
MCCAMENT,5
MCCAMEY,5
MCCAMISH,5
MCCAMMACK,5
MCCAMMON,10
MCCAMPBELL,10
MCCAMY,5
MCCAN,5
MCCANCE,5
MCCANDLES,5
MCCANDLESS,20
MCCANDLISH,5
MCCANDLISS,5
MCCANDREW,5
MCCANE,10
MCCANLESS,5
MCCANN,110
MCCANNA,5
MCCANNON,5
MCCANSE,5
MCCANT,5
MCCANTS,30
MCCARD,5
MCCARDELL,5
MCCARDLE,10
MCCAREY,5
MCCARGAR,5
MCCARGO,5
MCCARL,5
MCCARLEY,10
MCCARN,5
MCCARNEY,5
MCCARNS,5
MCCARR,5
MCCARRAHER,5
MCCARREL,5
MCCARRELL,5
MCCARREN,5
MCCARRICK,5
MCCARROL,5
MCCARROLL,10
MCCARRON,10
MCCARRY,5
MCCARSON,5
MCCART,10
MCCARTAN,5
MCCARTE,5
MCCARTER,40
MCCARTHA,5
MCCARTHER,5
MCCARTHEY,5
MCCARTHY,270
MCCARTIN,5
MCCARTNEY,50
MCCARTT,5
MCCARTY,140
MCCARVER,10
MCCARVILL,5
MCCARVILLE,10
MCCARVY,5
MCCARY,20
MCCASH,5
MCCASKELL,5
MCCASKEY,5
MCCASKILL,30
MCCASKIN,5
MCCASLAND,10
MCCASLIN,20
MCCASTER,5
MCCASTLE,5
MCCATHERN,5
MCCATHRAN,5
MCCATTY,5
MCCAUGHAN,5
MCCAUGHEY,10
MCCAUL,5
MCCAULEY,90
MCCAULLEY,10
MCCAUSLAND,5
MCCAW,10
MCCAWLEY,5
MCCAY,10
MCCELLAND,5
MCCHAIN,5
MCCHESNEY,20
MCCHRISTIAN,10
MCCHRISTION,5
MCCHRISTON,5
MCCIER,5
MCCLAFFERTY,5
MCCLAFLIN,5
MCCLAIM,5
MCCLAIN,210
MCCLAINE,10
MCCLAIR,5
MCCLALLEN,5
MCCLAM,5
MCCLAMMA,5
MCCLAMMY,5
MCCLAMROCH,5
MCCLAMY,5
MCCLANAHAN,40
MCCLANAN,5
MCCLANE,5
MCCLANEY,5
MCCLARAN,10
MCCLARD,5
MCCLAREN,5
MCCLARIN,5
MCCLARNON,5
MCCLARTY,5
MCCLARY,30
MCCLASKEY,10
MCCLATCHER,5
MCCLATCHEY,5
MCCLAUGHERTY,5
MCCLAUGHRY,5
MCCLAVE,5
MCCLAY,10
MCCLEAF,5
MCCLEAN,20
MCCLEAREN,5
MCCLEARY,30
MCCLEAVE,5
MCCLEE,5
MCCLEER,5
MCCLEERY,10
MCCLEES,5
MCCLEESE,5
MCCLELLAN,90
MCCLELLAND,60
MCCLELLON,5
MCCLEMENT,5
MCCLENAGHAN,5
MCCLENAHAN,5
MCCLENDON,90
MCCLENIC,5
MCCLENNAN,5
MCCLENNINGHAM,5
MCCLENNON,5
MCCLENNY,5
MCCLENON,5
MCCLENTON,5
MCCLENTY,5
MCCLEOD,5
MCCLERKIN,5
MCCLESKEY,10
MCCLESTER,5
MCCLEVE,5
MCCLEVELAND,5
MCCLIMANS,5
MCCLIMENS,5
MCCLIMON,5
MCCLINE,5
MCCLINSEY,5
MCCLINTIC,5
MCCLINTICK,5
MCCLINTOCK,40
MCCLINTON,30
MCCLISH,5
MCCLOD,5
MCCLODDEN,5
MCCLOE,5
MCCLORY,5
MCCLOSKEY,30
MCCLOSKY,5
MCCLOUD,60
MCCLOUDE,5
MCCLOUDY,5
MCCLOUGHAN,5
MCCLOUR,5
MCCLOY,10
MCCLUCAS,5
MCCLUER,5
MCCLUNE,5
MCCLUNEY,10
MCCLUNG,40
MCCLURE,180
MCCLURG,20
MCCLURKAN,5
MCCLURKEN,5
MCCLURKIN,5
MCCLUSKEY,20
MCCLUSKY,10
MCCLYMONDS,5
MCCOACH,5
MCCOARD,5
MCCOGGLE,5
MCCOID,5
MCCOIL,5
MCCOIN,10
MCCOLE,5
MCCOLGAN,5
MCCOLL,10
MCCOLLAM,5
MCCOLLESTER,5
MCCOLLEY,5
MCCOLLIN,5
MCCOLLINS,5
MCCOLLISTER,10
MCCOLLOCH,5
MCCOLLOM,10
MCCOLLOUGH,10
MCCOLLUM,80
MCCOLM,5
MCCOLPIN,5
MCCOMACK,5
MCCOMAS,20
MCCOMB,10
MCCOMBER,5
MCCOMBIE,5
MCCOMBS,40
MCCOMIS,5
MCCOMISH,5
MCCOMMON,5
MCCOMMONS,5
MCCOMSEY,5
MCCONAGHY,5
MCCONAHAY,5
MCCONAHY,5
MCCONATHY,5
MCCONAUGHY,5
MCCONCHIE,5
MCCONICO,5
MCCONKEY,10
MCCONN,5
MCCONNAL,5
MCCONNAUGHEY,5
MCCONNAUGHHAY,5
MCCONNAUGHY,5
MCCONNEL,5
MCCONNELL,160
MCCONNEY,5
MCCONNICO,5
MCCONOMY,5
MCCONVILLE,10
MCCOO,5
MCCOOEY,5
MCCOOK,5
MCCOOL,30
MCCOON,5
MCCOPPIN,5
MCCORD,90
MCCOREY,5
MCCORISON,5
MCCORKELL,5
MCCORKINDALE,5
MCCORKLE,40
MCCORMACK,50
MCCORMIC,5
MCCORMICK,250
MCCORMIK,5
MCCORNACK,5
MCCORRISON,5
MCCORRY,5
MCCORT,5
MCCORVEY,5
MCCORY,5
MCCOSH,5
MCCOSKER,5
MCCOSKEY,5
MCCOTTER,5
MCCOUBREY,5
MCCOULSKEY,5
MCCOUN,5
MCCOURT,10
MCCOURTNEY,5
MCCOVERY,5
MCCOWAN,20
MCCOWEN,5
MCCOWIN,5
MCCOWN,20
MCCOY,480
MCCOYLE,5
MCCRA,5
MCCRABB,5
MCCRACKEN,70
MCCRACKER,5
MCCRACKIN,5
MCCRADY,10
MCCRAE,10
MCCRAIG,5
MCCRAIGHT,5
MCCRAIN,5
MCCRAKEN,5
MCCRANE,5
MCCRANEY,10
MCCRANIE,10
MCCRARY,50
MCCRATE,5
MCCRAVEN,5
MCCRAVY,5
MCCRAW,20
MCCRAY,130
MCCREA,20
MCCREADIE,5
MCCREADY,10
MCCREARY,30
MCCREDIE,5
MCCREE,10
MCCREEDY,5
MCCREERY,10
MCCREIGHT,10
MCCRELESS,5
MCCRIGHT,5
MCCRIMMON,10
MCCRIMON,5
MCCROBIE,5
MCCROHAN,5
MCCRONE,5
MCCROREY,5
MCCRORY,20
MCCROSKEY,10
MCCROSKY,5
MCCROSSEN,5
MCCROSSIN,5
MCCROY,10
MCCRUDDEN,5
MCCRUM,5
MCCRUMB,5
MCCRYSTAL,5
MCCUAIG,5
MCCUAN,5
MCCUBBIN,10
MCCUBBINS,5
MCCUBREY,5
MCCUE,30
MCCUEN,5
MCCUIEN,5
MCCUIN,5
MCCUISTION,5
MCCUISTON,5
MCCULLA,5
MCCULLAGH,5
MCCULLAH,5
MCCULLAN,5
MCCULLAR,10
MCCULLARS,5
MCCULLEN,10
MCCULLER,5
MCCULLERS,10
MCCULLEY,20
MCCULLICK,5
MCCULLIN,5
MCCULLOCH,40
MCCULLOCK,5
MCCULLOGH,5
MCCULLOH,5
MCCULLOM,5
MCCULLON,5
MCCULLORS,5
MCCULLOUGH,160
MCCULLUM,10
MCCULLY,10
MCCULOUGH,5
MCCUMBEE,5
MCCUMBER,10
MCCUMBERS,5
MCCUMISKEY,5
MCCUNE,30
MCCUNN,5
MCCURDY,50
MCCURE,5
MCCURINE,5
MCCURLEY,10
MCCURREN,5
MCCURRY,30
MCCURTAIN,5
MCCURTIS,5
MCCURTY,5
MCCUSKER,10
MCCUTCHAN,5
MCCUTCHEN,20
MCCUTCHEON,30
MCDADE,30
MCDAID,5
MCDALE,5
MCDANEL,5
MCDANELD,5
MCDANIAL,5
MCDANIEL,360
MCDANIELS,30
MCDANNALD,5
MCDANNELL,5
MCDANNOLD,5
MCDARGH,5
MCDARIES,5
MCDARIS,5
MCDAVID,20
MCDAVIS,5
MCDAVITT,5
MCDAY,5
MCDEARMAN,5
MCDEARMON,5
MCDEARMONT,5
MCDEAVITT,5
MCDERMETT,5
MCDERMID,5
MCDERMITT,5
MCDERMOND,5
MCDERMOTT,100
MCDEVITT,20
MCDEWITT,5
MCDIARMID,5
MCDILDA,5
MCDILL,10
MCDIVITT,5
MCDOE,5
MCDOLE,10
MCDONAGH,10
MCDONAL,5
MCDONALD,750
MCDONALDS,5
MCDONEL,5
MCDONELL,10
MCDONIEL,5
MCDONNALL,5
MCDONNEL,5
MCDONNELL,40
MCDONOUGH,80
MCDORMAN,10
MCDOUGAL,30
MCDOUGALD,10
MCDOUGALL,30
MCDOUGLE,10
MCDOULETT,5
MCDOW,5
MCDOWALL,5
MCDOWELL,190
MCDUFF,10
MCDUFFEE,5
MCDUFFEY,5
MCDUFFIE,50
MCDUFFY,10
MCDUGLE,5
MCDUNN,5
MCEACHERN,20
MCEACHIN,10
MCEACHRAN,5
MCEACHRON,5
MCEADDY,5
MCEADY,5
MCEATHRON,5
MCEIRATH,5
MCELDERRY,5
MCELDOWNEY,5
MCELDUFF,5
MCELFRESH,10
MCELHANEY,20
MCELHANNON,10
MCELHANY,5
MCELHATTAN,5
MCELHENNEY,5
MCELHENY,5
MCELHINEY,5
MCELHINNEY,5
MCELHINNY,5
MCELHONE,5
MCELLIGOTT,10
MCELMARRY,5
MCELMEEL,5
MCELMURRY,5
MCELMURY,5
MCELPRAUG,5
MCELRATH,10
MCELRAVY,5
MCELREATH,5
MCELREAVY,5
MCELROY,100
MCELVAIN,10
MCELVAINE,5
MCELVANY,5
MCELVEEN,10
MCELVY,5
MCELWAIN,10
MCELWAINE,5
MCELWEE,10
MCELWINE,5
MCELYEA,10
MCENANEY,5
MCENANY,5
MCENDARFER,5
MCENENY,5
MCENERY,5
MCENIRY,5
MCENNIS,5
MCENROE,5
MCENTEE,10
MCENTEGART,5
MCENTIRE,10
MCENTYRE,5
MCERLEAN,5
MCEUEN,5
MCEVER,5
MCEVERS,5
MCEVOY,20
MCEWAN,10
MCEWEN,30
MCEWIN,5
MCFADDEN,130
MCFADDIN,10
MCFADIN,5
MCFADYEN,5
MCFALL,30
MCFALLS,10
MCFAN,5
MCFANN,5
MCFARLAIN,5
MCFARLAN,5
MCFARLAND,150
MCFARLANE,40
MCFARLEN,5
MCFARLIN,20
MCFARLING,5
MCFARREN,10
MCFATE,5
MCFATRIDGE,5
MCFATTEN,5
MCFATTER,5
MCFAUL,5
MCFEE,10
MCFEELEY,5
MCFEELY,5
MCFEETERS,5
MCFERRAN,5
MCFERREN,10
MCFERRIN,5
MCFERRON,5
MCFETRIDGE,5
MCFIELD,5
MCFOLLEY,5
MCGAFFEE,5
MCGAFFERTY,5
MCGAFFEY,5
MCGAHA,10
MCGAHAN,10
MCGAHEE,5
MCGAHEN,5
MCGAHEY,10
MCGALLIARD,5
MCGANN,10
MCGANNON,5
MCGAREY,5
MCGARITY,10
MCGARR,5
MCGARRAH,5
MCGARRAUGH,5
MCGARRELL,5
MCGARRIGLE,5
MCGARRITY,5
MCGARRY,20
MCGARTLAND,5
MCGARVEY,10
MCGARVIE,5
MCGARY,10
MCGATH,5
MCGATHY,5
MCGAUGH,10
MCGAUGHAN,5
MCGAUGHEY,10
MCGAUGHY,5
MCGAULEY,5
MCGAVIN,5
MCGAVISK,5
MCGAVOCK,5
MCGAW,5
MCGEACHY,5
MCGEADY,5
MCGEARY,5
MCGEE,310
MCGEEHAN,10
MCGEENEY,5
MCGEEVER,5
MCGEHEE,30
MCGEORGE,10
MCGEOUGH,5
MCGETTIGAN,5
MCGHAN,5
MCGHANEY,5
MCGHAY,5
MCGHEE,110
MCGHEHEY,5
MCGHIE,10
MCGHIN,5
MCGHINNIS,5
MCGIBBON,5
MCGIBBONEY,5
MCGIBNEY,5
MCGIBONEY,5
MCGILBERRY,5
MCGILL,100
MCGILLEN,5
MCGILLICUDDY,5
MCGILLIS,5
MCGILLIVRAY,5
MCGILTON,5
MCGILVERY,5
MCGILVRAY,5
MCGINISTER,5
MCGINITY,5
MCGINLEY,20
MCGINN,20
MCGINNES,5
MCGINNESS,5
MCGINNIS,110
MCGINNITY,5
MCGINTY,20
MCGIRR,5
MCGIRT,5
MCGIVERN,5
MCGIVERON,5
MCGIVNEY,5
MCGLADE,10
MCGLAMERY,5
MCGLASSON,5
MCGLATHERY,5
MCGLAUFLIN,5
MCGLAUGHLIN,5
MCGLAUN,5
MCGLAWN,5
MCGLEW,5
MCGLINCHEY,5
MCGLINN,5
MCGLOCKLIN,5
MCGLOCKTON,5
MCGLOHON,5
MCGLOIN,5
MCGLON,5
MCGLONE,10
MCGLORY,5
MCGLOSTER,5
MCGLOTHEN,5
MCGLOTHERN,5
MCGLOTHIAN,5
MCGLOTHIN,10
MCGLOTHLEN,5
MCGLOTHLIN,20
MCGLOWN,5
MCGLUMPHY,5
MCGLYNN,20
MCGOEY,5
MCGOFF,5
MCGOHAN,5
MCGOLDRICK,10
MCGONAGLE,10
MCGONIGAL,10
MCGONIGLE,5
MCGONNELL,5
MCGOOGAN,5
MCGOON,5
MCGORRY,5
MCGORY,5
MCGOUGAN,5
MCGOUGH,20
MCGOVERN,40
MCGOWAN,130
MCGOWEN,10
MCGOWIN,5
MCGOWN,5
MCGRADE,5
MCGRADY,10
MCGRAFF,5
MCGRAIL,10
MCGRAIN,5
MCGRANAHAN,5
MCGRANE,10
MCGRANN,5
MCGRANOR,5
MCGRANT,5
MCGRAPH,5
MCGRAPTH,5
MCGRATH,110
MCGRAW,80
MCGRAY,10
MCGREADY,5
MCGREAL,5
MCGREEN,5
MCGREEVY,10
MCGREGOR,50
MCGREGORY,5
MCGREVEY,5
MCGREW,40
MCGRIFF,30
MCGROARTY,5
MCGROGAN,5
MCGRONE,5
MCGRORY,5
MCGROTHA,5
MCGROTTY,5
MCGRUDER,10
MCGRUE,5
MCGUCKIN,5
MCGUE,5
MCGUFF,5
MCGUFFEE,5
MCGUFFEY,5
MCGUFFIE,5
MCGUFFIN,10
MCGUGIN,5
MCGUIGAN,10
MCGUIN,5
MCGUINESS,5
MCGUINN,5
MCGUINNES,5
MCGUINNESS,20
MCGUIRE,230
MCGUIRK,5
MCGUIRL,5
MCGUIRT,5
MCGUNAGLE,5
MCGUNNIGLE,5
MCGUNNIS,5
MCGURIE,5
MCGURK,10
MCGURL,5
MCGURN,5
MCGURR,5
MCGURREN,5
MCGUYER,5
MCGWIER,5
MCGWIN,5
MCHAFFIE,5
MCHALE,20
MCHALFFEY,5
MCHAN,5
MCHANEY,10
MCHARDY,5
MCHARGUE,5
MCHATTIE,5
MCHENDRY,5
MCHENRY,40
MCHONE,10
MCHORSE,5
MCHUGH,60
MCHUGHES,5
MCIE,5
MCIFF,5
MCILHINNEY,5
MCILLWAIN,5
MCILRATH,5
MCILROY,5
MCILTROT,5
MCILVAIN,10
MCILVAINE,5
MCILVENNY,5
MCILWAIN,10
MCILWAINE,5
MCILWRAITH,5
MCINALLY,5
MCINDOE,5
MCINERNEY,10
MCINERNY,5
MCINNES,5
MCINNIS,30
MCINNISH,5
MCINROY,5
MCINTEE,5
MCINTIRE,40
MCINTOSH,160
MCINTRYE,5
MCINTURE,5
MCINTURF,5
MCINTURFF,10
MCINTYDE,5
MCINTYRE,150
MCINVALE,5
MCIRVIN,5
MCISAAC,5
MCIVER,20
MCIVOR,5
MCIWRAITH,5
MCJUNKIN,10
MCJUNKINS,5
MCKAGUE,5
MCKAHAN,5
MCKAIG,5
MCKAIN,10
MCKALE,5
MCKAMEY,10
MCKAMIE,5
MCKANE,5
MCKANIC,5
MCKASKLE,5
MCKASSON,5
MCKAUGHAN,5
MCKAY,140
MCKEAG,5
MCKEAGUE,5
MCKEAN,20
MCKEAND,5
MCKEANE,5
MCKEARIN,5
MCKEARNEY,5
MCKECHNIE,10
MCKEE,170
MCKEEGAN,5
MCKEEHAN,10
MCKEEL,10
MCKEEMAN,5
MCKEEN,10
MCKEEVER,30
MCKEIGHAN,5
MCKEIRNAN,5
MCKEITHAN,5
MCKEITHEN,5
MCKELL,5
MCKELLAN,5
MCKELLAR,20
MCKELLER,5
MCKELLIP,5
MCKELLIPS,5
MCKELLOP,5
MCKELPHIN,5
MCKELVEY,20
MCKELVIE,5
MCKELVIN,5
MCKELVY,10
MCKEMIE,5
MCKEN,5
MCKENDALL,5
MCKENDREE,5
MCKENDRICK,5
MCKENDRY,5
MCKENIZE,5
MCKENLEY,5
MCKENNA,80
MCKENNAN,5
MCKENNEY,30
MCKENNIE,5
MCKENNON,5
MCKENNY,10
MCKENNZIE,5
MCKENRICK,5
MCKENSIE,5
MCKENTIE,5
MCKENTY,5
MCKENZIE,230
MCKENZY,5
MCKEON,30
MCKEONE,5
MCKEOWN,30
MCKERCHER,5
MCKERCHIE,5
MCKERLEY,5
MCKERLIE,5
MCKERN,5
MCKERNAN,10
MCKERNIN,5
MCKERROW,5
MCKESSON,5
MCKETHAN,5
MCKEVER,5
MCKEVITT,5
MCKEW,5
MCKEWEN,5
MCKEY,10
MCKIBBEN,20
MCKIBBENS,5
MCKIBBIN,5
MCKIBBON,5
MCKIDDY,5
MCKIE,10
MCKIERNAN,5
MCKILLIP,10
MCKILLIPS,5
MCKILLOP,5
MCKIM,20
MCKIMLEY,5
MCKIMMY,5
MCKIN,5
MCKINDRA,5
MCKINES,5
MCKINEY,5
MCKINLAY,5
MCKINLEY,90
MCKINNA,5
MCKINNELL,5
MCKINNEY,380
MCKINNIE,10
MCKINNIES,5
MCKINNIS,10
MCKINNON,60
MCKINNY,5
MCKINSEY,10
MCKINSTRY,10
MCKINZEY,5
MCKINZIE,10
MCKINZY,5
MCKIRGAN,5
MCKIRRYHER,5
MCKISSACK,10
MCKISSIC,5
MCKISSICK,10
MCKISSON,5
MCKITRICK,5
MCKITTRICK,10
MCKIVER,5
MCKLVEEN,5
MCKNEELY,5
MCKNIGHT,160
MCKOAN,5
MCKONE,5
MCKOON,5
MCKOSKY,5
MCKOUEN,5
MCKOWEN,5
MCKOWN,10
MCKOY,20
MCKRAY,5
MCKUNE,5
MCKUSICK,5
MCKUSKER,5
MCLACHLAN,10
MCLAEN,5
MCLAFFERTY,5
MCLAGAN,5
MCLAIN,60
MCLAINE,5
MCLAIRD,5
MCLAMB,10
MCLAMORE,5
MCLANAHAN,5
MCLANE,20
MCLANEY,5
MCLAREN,20
MCLARNEY,5
MCLARTY,5
MCLATCHY,5
MCLAUCHLEN,5
MCLAUCHLIN,5
MCLAUGHIN,5
MCLAUGHLAN,5
MCLAUGHLIN,260
MCLAUGLIN,5
MCLAUREN,5
MCLAURIN,40
MCLAURINE,5
MCLAVRIN,5
MCLAWHORN,10
MCLAWS,5
MCLAY,5
MCLEAD,5
MCLEAN,180
MCLEAR,5
MCLEARAN,5
MCLEARY,5
MCLEE,5
MCLEES,5
MCLEESE,5
MCLEISH,5
MCLELAND,5
MCLELLAN,20
MCLELLAND,10
MCLEMORE,40
MCLENDON,40
MCLENNAN,10
MCLENNON,5
MCLEOD,130
MCLEON,5
MCLEOUD,5
MCLERNON,5
MCLEROY,10
MCLERRAN,5
MCLESKEY,5
MCLESTER,5
MCLILLY,5
MCLIN,10
MCLOONE,5
MCLOUD,10
MCLOUGHLIN,10
MCLOUTH,5
MCLOY,5
MCLUCAS,5
MCLUCKIE,5
MCLUEN,5
MCLURE,5
MCLYMAN,5
MCMACKIN,5
MCMAHAN,50
MCMAHEN,5
MCMAHILL,5
MCMAHON,120
MCMAIN,5
MCMAINS,5
MCMAKEN,5
MCMAKIN,10
MCMANAMON,5
MCMANAMY,5
MCMANAWAY,5
MCMANEMY,5
MCMANIGAL,5
MCMANIS,10
MCMANN,10
MCMANNUS,5
MCMANUIS,5
MCMANUS,80
MCMARLIN,5
MCMARTIN,10
MCMASTER,30
MCMASTERS,10
MCMATH,10
MCMEANS,10
MCMEEKIN,5
MCMEEL,5
MCMEEN,5
MCMELLEN,5
MCMENAMIN,5
MCMENAMY,5
MCMENIMEN,5
MCMENOMY,5
MCMICHAEL,20
MCMICHEAL,5
MCMICKELL,5
MCMICKLE,5
MCMIKLE,5
MCMILLAN,160
MCMILLEN,30
MCMILLEON,5
MCMILLER,10
MCMILLIAM,5
MCMILLIAN,60
MCMILLIN,20
MCMILLION,10
MCMILLON,10
MCMINA,5
MCMINDES,5
MCMINN,20
MCMONAGLE,5
MCMONIGLE,5
MCMORRAN,5
MCMORRIES,5
MCMORRIS,20
MCMORROW,10
MCMULEN,5
MCMULLAN,10
MCMULLEN,80
MCMULLIN,20
MCMULLINS,5
MCMUNN,10
MCMURDIE,5
MCMURDO,5
MCMURPHY,5
MCMURRAY,40
MCMURREY,5
MCMURRIN,5
MCMURRY,10
MCMURTREY,5
MCMURTRIE,5
MCMURTRY,10
MCMUTRY,5
MCNAB,10
MCNABB,40
MCNAIL,5
MCNAIR,80
MCNAIRY,5
MCNALLY,70
MCNAMAR,5
MCNAMARA,80
MCNAMEE,20
MCNAMER,5
MCNANEY,5
MCNANY,5
MCNARY,10
MCNATT,10
MCNAUGHT,5
MCNAUGHTON,10
MCNAY,5
MCNAYR,5
MCNEAL,90
MCNEALEY,5
MCNEALY,10
MCNEAR,10
MCNEARY,5
MCNEASE,5
MCNEE,5
MCNEECE,5
MCNEEL,10
MCNEELEY,10
MCNEELY,40
MCNEER,5
MCNEES,10
MCNEESE,10
MCNEFF,5
MCNEIL,150
MCNEILL,90
MCNEILLY,10
MCNEISH,5
MCNELIS,5
MCNELL,5
MCNELLEY,5
MCNELLIE,5
MCNELLIS,5
MCNELLY,10
MCNEMAR,10
MCNEME,5
MCNERNEY,10
MCNERTNEY,5
MCNESPEY,5
MCNETT,10
MCNEVIN,5
MCNEW,20
MCNICHOL,5
MCNICHOLAS,10
MCNICHOLS,10
MCNICKLE,5
MCNICOL,5
MCNICOLL,5
MCNIEL,10
MCNIELL,5
MCNIFF,5
MCNIGHT,5
MCNINCH,10
MCNISH,10
MCNITT,10
MCNOLTY,5
MCNORTON,5
MCNUH,5
MCNULTY,40
MCNURLEN,5
MCNUTT,40
MCNUTTY,5
MCOMBER,5
MCONNELL,5
MCOWEN,5
MCOY,5
MCPADDEN,5
MCPARLAND,5
MCPARTLAND,5
MCPARTLIN,5
MCPEAK,20
MCPEAKE,5
MCPECK,5
MCPEEK,10
MCPETERS,10
MCPHAIL,20
MCPHAN,5
MCPHARLANE,5
MCPHATTER,5
MCPHAUL,5
MCPHEARSON,10
MCPHEE,20
MCPHEETERS,5
MCPHERON,5
MCPHERREN,5
MCPHERSON,130
MCPHETRIDGE,5
MCPHIE,5
MCPHILLIPS,5
MCPIKE,5
MCQUADE,10
MCQUAGE,5
MCQUAID,10
MCQUAIDE,5
MCQUAIG,10
MCQUAIN,5
MCQUARRIE,5
MCQUARY,5
MCQUAY,10
MCQUEARY,10
MCQUEEN,90
MCQUEENEY,5
MCQUEENY,5
MCQUERRY,5
MCQUESTEN,5
MCQUIDDY,5
MCQUIGG,5
MCQUIGGAN,5
MCQUILKIN,5
MCQUILLAN,5
MCQUILLEN,10
MCQUILLER,5
MCQUILLIAMS,5
MCQUINN,5
MCQUIRE,5
MCQUIRK,5
MCQUIRTER,5
MCQUISTION,5
MCQUISTON,10
MCQUITTY,5
MCQUOWN,5
MCRAE,80
MCRANEY,10
MCRARY,5
MCRATT,5
MCRAVEN,5
MCRAVIN,5
MCRAY,10
MCREA,5
MCREATH,5
MCREDMOND,5
MCREE,10
MCRENOLDS,5
MCREYNOLDS,30
MCRIGHT,5
MCRILL,5
MCRITCHIE,5
MCROBBIE,5
MCROBERTS,10
MCRORIE,5
MCROY,10
MCROYAL,5
MCSHAN,10
MCSHANE,10
MCSHARRY,5
MCSHAW,5
MCSHEA,5
MCSHERRY,10
MCSORLEY,5
MCSPADDEN,10
MCSPARIN,5
MCSPARREN,5
MCSPEDON,5
MCSPIRIT,5
MCSTAY,5
MCSWAIN,30
MCSWEEN,5
MCSWEENEY,10
MCSWEENY,5
MCSWIGGAN,5
MCTAGGART,10
MCTAGUE,5
MCTARNAGHAN,5
MCTEE,5
MCTEER,5
MCTHAY,5
MCTHIGE,5
MCTHUNE,5
MCTIER,5
MCTIERNAN,5
MCTIGHE,5
MCTIGUE,5
MCTUSH,5
MCUMBER,5
MCVAIGH,5
MCVAY,30
MCVEA,5
MCVEAN,5
MCVEIGH,10
MCVENES,5
MCVEY,40
MCVICAR,5
MCVICKER,10
MCVINNEY,5
MCVOY,5
MCWADE,5
MCWAIN,5
MCWALTERS,5
MCWARD,5
MCWATERS,5
MCWATTERS,5
MCWAYNE,5
MCWEENEY,5
MCWELLS,5
MCWETHY,5
MCWHERTER,5
MCWHINNEY,5
MCWHINNIE,5
MCWHIRT,5
MCWHIRTER,10
MCWHITE,5
MCWHORTER,50
MCWILLIAM,5
MCWILLIAMS,80
MCWILSON,5
MCWRIGHT,5
MCZEAL,5
ME,5
MEABON,5
MEACH,5
MEACHAM,30
MEACHEM,5
MEACHEN,5
MEACHUM,10
MEAD,80
MEADE,100
MEADEN,5
MEADER,10
MEADERS,5
MEADOR,50
MEADORS,10
MEADOW,10
MEADOWCROFT,5
MEADOWS,160
MEADS,10
MEADVILLE,5
MEAGER,5
MEAGHER,20
MEAHL,5
MEAKER,5
MEAKIN,5
MEALER,5
MEALEY,10
MEALING,5
MEALOR,5
MEALS,5
MEALY,10
MEAN,5
MEANEY,10
MEANOR,5
MEANS,70
MEANY,10
MEARA,5
MEARDON,5
MEARES,5
MEARING,5
MEARNS,5
MEARS,30
MEARSE,5
MEAS,10
MEASE,10
MEASECK,5
MEASHEAW,5
MEASOM,5
MEASON,5
MEATH,5
MEAUX,10
MEAZELL,5
MEBANE,10
MEBUS,5
MECANNIC,5
MECARDO,5
MECCA,5
MECCIA,5
MECH,5
MECHAM,20
MECHANIC,5
MECHE,5
MECHEM,5
MECHLER,5
MECHLING,10
MECIAS,5
MECK,5
MECKEL,5
MECKES,5
MECKLER,5
MECKLEY,5
MECONI,5
MECUM,5
MECZYWOR,5
MEDAK,5
MEDAL,5
MEDALION,5
MEDANICH,5
MEDARIES,5
MEDAS,5
MEDAWAR,5
MEDBERY,5
MEDCALF,5
MEDDAUGH,5
MEDDERS,10
MEDDOCK,5
MEDE,5
MEDEARIS,5
MEDEIRAS,5
MEDEIROS,70
MEDEL,5
MEDELL,5
MEDELLIN,20
MEDEMA,5
MEDER,5
MEDERIOS,5
MEDERO,5
MEDEROS,10
MEDEZ,5
MEDFORD,20
MEDHUS,5
MEDI,5
MEDIA,5
MEDIAN,5
MEDIANO,5
MEDIATE,5
MEDICH,5
MEDICI,5
MEDICINE,5
MEDICK,5
MEDICO,5
MEDICUS,5
MEDIEROS,5
MEDILL,5
MEDIN,5
MEDINA,420
MEDINE,5
MEDINGER,5
MEDINO,5
MEDIOUS,5
MEDITZ,5
MEDLAND,5
MEDLAR,5
MEDLEN,5
MEDLER,5
MEDLEY,60
MEDLIN,40
MEDLING,5
MEDLOCK,30
MEDNICK,5
MEDNIS,5
MEDOFF,5
MEDORA,5
MEDOSCH,5
MEDOVICH,5
MEDOWS,5
MEDOZA,5
MEDRANO,70
MEDSKER,5
MEDUNA,5
MEDURE,5
MEDUS,5
MEDVEC,5
MEDVED,10
MEE,10
MEECE,10
MEECH,5
MEECHAM,5
MEEDER,5
MEEDS,5
MEEGAN,5
MEEHAN,50
MEEHL,5
MEEHLEDER,5
MEEK,50
MEEKER,30
MEEKINS,20
MEEKS,120
MEELER,5
MEEMKEN,5
MEENACH,5
MEENAN,5
MEER,5
MEERDINK,5
MEEROFF,5
MEERS,5
MEES,5
MEESE,5
MEESKE,5
MEESTER,5
MEETER,5
MEETZE,5
MEEUWSEN,5
MEFFERD,5
MEFFERT,5
MEFFORD,20
MEGA,5
MEGAHAN,5
MEGAN,5
MEGEATH,5
MEGEE,5
MEGER,5
MEGGERS,5
MEGGERSON,5
MEGGETT,5
MEGGINSON,5
MEGGISON,5
MEGGITT,5
MEGGS,5
MEGIA,5
MEGILL,5
MEGINNES,5
MEGINNIS,5
MEGIVERN,5
MEGLIO,5
MEGNA,5
MEGO,5
MEGOWN,5
MEGRABYAN,5
MEGRAW,5
MEHAFFEY,10
MEHAFFY,5
MEHALIC,5
MEHALKO,5
MEHALL,5
MEHAN,5
MEHARG,5
MEHARRY,5
MEHDI,5
MEHDIZADEH,5
MEHELICH,5
MEHIS,5
MEHL,10
MEHLE,5
MEHLER,5
MEHLHAFF,5
MEHLIG,5
MEHLING,5
MEHLMAN,5
MEHNER,5
MEHOK,5
MEHOLICK,5
MEHR,5
MEHRENS,5
MEHRER,5
MEHRHOFF,5
MEHRING,5
MEHRINGER,5
MEHROTRA,5
MEHRTENS,5
MEHSERLE,5
MEHTA,10
MEHTALA,5
MEHTANI,5
MEI,10
MEIDINGER,10
MEIDL,5
MEIDLINGER,5
MEIER,70
MEIERHOFER,5
MEIEROTTO,5
MEIERS,5
MEIGEL,5
MEIGGS,5
MEIGHAN,10
MEIGHEN,5
MEIGS,10
MEIHOFER,5
MEIKLE,10
MEIL,5
MEILE,5
MEILER,5
MEILLEUR,5
MEIN,5
MEINBERG,5
MEINDERS,5
MEINECKE,5
MEINEKE,5
MEINEL,5
MEINEN,5
MEINERDING,5
MEINERS,10
MEINERSHAGEN,5
MEINERT,5
MEINHARD,5
MEINHARDT,10
MEINHART,5
MEININGER,5
MEINKE,5
MEINSEN,5
MEINTS,5
MEINZER,5
MEIR,5
MEIRELES,5
MEIRICK,5
MEIS,10
MEISCH,5
MEISE,5
MEISEL,10
MEISELS,5
MEISENBURG,5
MEISENHEIMER,5
MEISER,5
MEISINGER,5
MEISLER,5
MEISNER,10
MEISS,5
MEISSNER,10
MEISTE,5
MEISTER,20
MEITNER,5
MEITZ,5
MEITZLER,5
MEIXELBERGER,5
MEIXNER,5
MEJA,5
MEJIA,160
MEJIAS,10
MEJORADO,10
MEKEE,5
MEKEEL,5
MEKONIS,5
MEKUS,5
MELADY,5
MELAHN,5
MELAMED,5
MELANCON,30
MELAND,5
MELANDER,5
MELANDEZ,5
MELANSON,20
MELARA,10
MELARO,5
MELAUN,5
MELBER,5
MELBERG,5
MELBERT,5
MELBOURNE,5
MELBY,10
MELBYE,5
MELCER,5
MELCHER,10
MELCHERT,5
MELCHIN,5
MELCHING,5
MELCHIOR,10
MELCHIORI,5
MELCHIORRE,5
MELCHOR,10
MELDAHL,5
MELDER,5
MELDRUM,10
MELE,10
MELEAR,5
MELECIO,5
MELEEN,5
MELEN,5
MELENA,5
MELENCAMP,5
MELENDES,5
MELENDEZ,150
MELENDRES,5
MELENDREZ,10
MELENDY,10
MELEO,5
MELER,5
MELERO,5
MELESKI,5
MELEY,5
MELFI,5
MELFORD,5
MELGAARD,5
MELGAR,10
MELGAREJO,5
MELGOZA,10
MELHORN,5
MELI,10
MELIA,10
MELIAN,5
MELICH,5
MELICHAR,5
MELICK,5
MELIKIAN,5
MELIKYAN,5
MELILLO,10
MELIN,10
MELINE,5
MELING,5
MELINO,5
MELIS,5
MELISH,5
MELITO,5
MELIUS,5
MELKONIAN,5
MELL,5
MELLA,5
MELLADO,5
MELLADY,5
MELLAGE,5
MELLAND,5
MELLARD,5
MELLAS,5
MELLBERG,5
MELLE,5
MELLECKER,5
MELLEKAS,5
MELLEMA,5
MELLEN,10
MELLENCAMP,5
MELLENDORF,5
MELLENTHIN,5
MELLER,5
MELLERSON,5
MELLETT,5
MELLEY,5
MELLGREN,5
MELLICK,5
MELLIE,5
MELLIERE,5
MELLIN,5
MELLING,5
MELLINGER,10
MELLIS,5
MELLISH,5
MELLISON,5
MELLO,40
MELLOM,5
MELLON,20
MELLOR,10
MELLORS,5
MELLOS,5
MELLOTT,10
MELLOW,5
MELLOY,5
MELLS,5
MELMAN,5
MELNICK,10
MELNIK,5
MELNYK,5
MELO,20
MELOAN,5
MELOCHE,5
MELOCHICK,5
MELODIA,5
MELODY,5
MELONE,5
MELONSON,5
MELOT,5
MELOTT,5
MELOY,5
MELQUIST,5
MELROSE,5
MELROY,5
MELSER,5
MELSHEIMER,5
MELSO,5
MELSON,10
MELSTROM,5
MELTER,5
MELTON,210
MELTZ,5
MELTZER,10
MELTZNER,5
MELUGIN,5
MELUSKY,5
MELUSO,5
MELVE,5
MELVILLE,10
MELVIN,80
MELZER,5
MEMBERS,5
MEMBRENO,5
MEMMER,5
MEMMO,5
MEMMOTT,5
MEMO,5
MEMOLO,5
MEMORY,5
MEMOS,5
MEMS,5
MEN,5
MENA,40
MENAKER,5
MENAPACE,5
MENARD,50
MENAS,5
MENASCO,5
MENCER,5
MENCH,5
MENCHACA,20
MENCHAVEZ,5
MENCHEN,5
MENCHES,5
MENCHU,5
MENCIA,5
MENCK,5
MENCKE,5
MENCL,5
MENCY,5
MEND,5
MENDE,5
MENDEL,10
MENDELL,10
MENDELOWITZ,5
MENDELSOHN,10
MENDELSON,10
MENDEN,5
MENDENHALL,40
MENDER,5
MENDES,20
MENDESA,5
MENDEZ,360
MENDIA,5
MENDIAS,5
MENDIAZ,5
MENDIBLES,5
MENDICINO,5
MENDIETA,10
MENDILLO,5
MENDIOLA,10
MENDIVEL,5
MENDIVIL,10
MENDIZABAL,5
MENDLER,5
MENDOCA,5
MENDOLA,5
MENDOLIA,5
MENDONCA,10
MENDONSA,5
MENDOSA,10
MENDOZA,430
MENDRALA,5
MENDRIN,5
MENDS,5
MENDYK,5
MENEAL,5
MENEAR,5
MENEDEZ,5
MENEELY,5
MENEES,5
MENEFEE,10
MENEFIELD,5
MENELEY,5
MENENDEZ,30
MENES,5
MENESES,20
MENESEZ,5
MENETTE,5
MENEUS,5
MENEZ,5
MENEZES,5
MENG,10
MENGARELLI,5
MENGE,5
MENGEL,10
MENGER,5
MENGES,10
MENGHINI,5
MENGLE,5
MENGSTEAB,5
MENGWASSER,5
MENHENNETT,5
MENIER,5
MENIETTO,5
MENIFEE,5
MENINO,5
MENIST,5
MENITZ,5
MENJARES,5
MENJES,5
MENJIVA,5
MENJIVAR,10
MENK,5
MENKE,20
MENKEN,5
MENKIN,5
MENLOVE,5
MENN,5
MENNA,5
MENNE,5
MENNECKE,5
MENNELLA,5
MENNEN,5
MENNENGA,5
MENNER,5
MENNIE,5
MENNIG,5
MENNING,5
MENNINGER,5
MENO,5
MENON,5
MENONI,5
MENOR,5
MENOTTI,5
MENOUSEK,5
MENSAH,5
MENSALVAS,5
MENSCH,5
MENSE,5
MENSEN,5
MENSER,5
MENSI,5
MENSICK,5
MENSIK,5
MENSING,5
MENSINGER,5
MENSO,5
MENSON,5
MENTE,5
MENTEL,5
MENTER,5
MENTGEN,5
MENTION,5
MENTIS,5
MENTKOWSKI,5
MENTNECH,5
MENTO,5
MENTON,5
MENTZ,5
MENTZEL,5
MENTZER,10
MENUCCI,5
MENUEY,5
MENZ,5
MENZE,5
MENZEL,10
MENZELLA,5
MENZER,5
MENZIE,5
MENZIES,10
MEO,5
MEOLA,5
MERA,10
MERALES,5
MERANA,5
MERANCIO,5
MERANDA,5
MERANDO,5
MERANTE,5
MERANTO,5
MERAS,5
MERATI,5
MERAY,5
MERAZ,20
MERBAUM,5
MERCADANTE,5
MERCADO,170
MERCANDO,5
MERCANTE,5
MERCARDO,5
MERCED,10
MERCEDES,10
MERCEIR,5
MERCER,140
MERCHANT,60
MERCHEN,5
MERCIER,40
MERCIK,5
MERCK,5
MERCKLING,5
MERCURE,5
MERCURI,10
MERCURIO,20
MERCURY,5
MERCY,5
MERDIAN,5
MEREDITH,90
MEREL,5
MERENDA,5
MERENDINO,5
MERENO,5
MERES,5
MERETTE,5
MERFELD,5
MERGANTHALER,5
MERGEL,5
MERGEN,5
MERGENTHALER,5
MERGIST,5
MERHAR,5
MERICA,5
MERICAL,5
MERICKEL,5
MERICLE,10
MERIDA,10
MERIDETH,10
MERIDIETH,5
MERIDITH,5
MERILA,5
MERILOS,5
MERINE,5
MERING,5
MERINGOLO,5
MERINO,20
MERISIER,5
MERITHEW,5
MERITT,5
MERIWEATHER,5
MERIWETHER,10
MERK,5
MERKEL,20
MERKER,5
MERKERSON,5
MERKEY,5
MERKL,5
MERKLE,10
MERKLEIN,5
MERKLEY,10
MERKLIN,5
MERKLING,5
MERKOWITZ,5
MERKSAMER,5
MERKT,5
MERKWAN,5
MERL,5
MERLAIN,5
MERLAN,5
MERLE,10
MERLES,5
MERLETTE,5
MERLI,5
MERLIN,10
MERLING,5
MERLINI,5
MERLINO,10
MERLO,10
MERLOS,5
MERMELSTEIN,5
MERMIS,5
MERNA,5
MERNER,5
MERNIN,5
MERO,5
MEROLA,5
MERONE,5
MERONEY,5
MEROW,5
MERRBACH,5
MERRELL,30
MERREN,5
MERRETT,5
MERRIAM,10
MERRICK,40
MERRIFIELD,20
MERRIGAN,5
MERRIH,5
MERRIHEW,5
MERRIL,5
MERRILL,130
MERRILLS,5
MERRIMAN,30
MERRING,5
MERRION,5
MERRIOTT,5
MERRIT,5
MERRITHEW,5
MERRITT,190
MERRITTS,5
MERRIWEATHER,20
MERRIWETHER,5
MERROW,10
MERRY,20
MERRYMAN,20
MERRYWEATHER,5
MERSCH,5
MERSCHMAN,5
MERSEAL,5
MERSEREAU,5
MERSHON,10
MERSINGER,5
MERSMAN,5
MERSON,5
MERTA,5
MERTEL,5
MERTEN,5
MERTENS,20
MERTES,5
MERTHIE,5
MERTINE,5
MERTINS,5
MERTON,5
MERTZ,20
MERVIN,5
MERVINE,5
MERVIS,5
MERVYN,5
MERWIN,10
MERY,5
MERYMAN,5
MERZ,10
MERZIG,5
MERZLAK,5
MESA,30
MESAROS,5
MESCH,5
MESCHER,5
MESCHINO,5
MESCHKE,5
MESDAQ,5
MESECAR,5
MESECHER,5
MESENBRING,5
MESENBRINK,5
MESEROLE,5
MESERVE,10
MESERVEY,5
MESERVY,5
MESHANKO,5
MESHELL,5
MESHEW,5
MESHYOCK,5
MESI,5
MESIA,5
MESIAS,5
MESICH,5
MESICK,5
MESIDOR,5
MESINA,5
MESIONA,5
MESITI,5
MESKE,5
MESKER,5
MESKILL,5
MESKO,5
MESLER,5
MESMER,5
MESOLORAS,5
MESPELT,5
MESPLAY,5
MESQUITA,5
MESROBIAN,5
MESS,5
MESSA,5
MESSAMORE,5
MESSAN,5
MESSANA,5
MESSANO,5
MESSEL,5
MESSENGER,30
MESSER,90
MESSERLI,5
MESSERLY,10
MESSERSCHMIDT,5
MESSERSMITH,10
MESSERVY,5
MESSEY,5
MESSICK,20
MESSIER,20
MESSINA,40
MESSINEO,5
MESSING,10
MESSINGER,10
MESSLER,5
MESSMAN,5
MESSMER,10
MESSMORE,5
MESSNER,20
MESSORE,5
MESTA,10
MESTAD,5
MESTANZA,5
MESTAS,10
MESTAYER,5
MESTEMACHER,5
MESTER,5
MESTETH,5
MESTLER,5
MESTRE,5
MESTROVICH,5
MESZAROS,5
METALLO,5
METAXAS,5
METAYER,5
METCALF,90
METCALFE,20
METCHIKOFF,5
METEER,5
METELKO,5
METELLUS,5
METELUS,5
METENOSKY,5
METER,5
METEVELIS,5
METEVIA,5
METEVIER,5
METGE,5
METH,5
METHE,5
METHENEY,5
METHENY,10
METHERELL,5
METHOT,5
METHVEN,5
METHVIN,5
METIA,5
METIER,5
METIL,5
METIVIER,10
METLER,5
METOS,5
METOTT,5
METOXEN,5
METOYER,10
METRICK,5
METRO,5
METROKA,5
METROPOULOS,5
METSKER,5
METTA,5
METTE,5
METTEE,5
METTENBURG,5
METTER,5
METTERS,5
METTERT,5
METTIG,5
METTILLE,5
METTING,5
METTLE,5
METTLEN,5
METTLER,10
METTLING,5
METTS,20
METTY,5
METZ,80
METZEL,5
METZER,5
METZGA,5
METZGAR,5
METZGER,60
METZINGER,10
METZKER,5
METZLER,30
METZNER,5
MEUA,5
MEUCCI,5
MEULEMANS,5
MEULER,5
MEULLER,5
MEULLION,5
MEUNIER,10
MEURER,10
MEURIN,5
MEURY,5
MEUSA,5
MEUSE,5
MEUSEL,5
MEUSER,5
MEVERS,5
MEVIS,5
MEW,5
MEWBORN,5
MEWBOURN,5
MEWES,5
MEWS,5
MEXICANO,5
MEY,5
MEYDID,5
MEYER,480
MEYERHOEFER,5
MEYERHOFER,5
MEYERHOFF,5
MEYERHOFFER,5
MEYERING,5
MEYERMAN,5
MEYEROTT,5
MEYEROWITZ,5
MEYERS,200
MEYERSON,10
MEYETTE,5
MEYLOR,5
MEYN,5
MEYNARD,5
MEYSEMBOURG,5
MEZA,90
MEZERA,5
MEZEY,5
MEZICK,5
MEZO,5
MEZQUITA,5
MEZYDLO,5
MEZZA,5
MEZZANOTTE,5
MEZZATESTA,5
MEZZENGA,5
MEZZINA,5
MEZZINNI,5
MGUYEN,5
MHOON,5
MIAH,5
MIANO,5
MIAO,5
MIAS,5
MIAZGA,5
MICALE,5
MICALI,5
MICALIZZI,5
MICALLEF,5
MICARI,5
MICCICHE,5
MICCIO,5
MICCO,10
MICEK,5
MICELI,10
MICHA,5
MICHAEL,140
MICHAELI,5
MICHAELIS,10
MICHAELS,50
MICHAELSEN,5
MICHAELSON,20
MICHAL,5
MICHALAK,10
MICHALCZIK,5
MICHALEC,10
MICHALEK,5
MICHALENKO,5
MICHALES,5
MICHALICEK,5
MICHALIK,10
MICHALKE,5
MICHALOWSKI,5
MICHALS,5
MICHALSKI,20
MICHAND,5
MICHARD,5
MICHAUD,80
MICHAUX,5
MICHAVD,5
MICHEAL,5
MICHEALS,10
MICHEALSON,5
MICHEAU,5
MICHEL,80
MICHELA,5
MICHELE,5
MICHELENA,5
MICHELET,5
MICHELETTI,5
MICHELFELDER,5
MICHELI,5
MICHELIN,5
MICHELINI,5
MICHELL,20
MICHELLE,5
MICHELLI,5
MICHELLO,5
MICHELMAN,5
MICHELOTTI,5
MICHELS,20
MICHELSEN,5
MICHELSON,10
MICHELSTEIN,5
MICHENER,5
MICHETTI,5
MICHIE,10
MICHIELI,5
MICHIENZI,5
MICHIOKA,5
MICHITSCH,5
MICHL,5
MICHLICH,5
MICHLIN,5
MICHNA,5
MICHNIAK,5
MICHNO,5
MICHOCKI,5
MICHON,5
MICHONSKI,5
MICK,20
MICKEL,10
MICKELBERRY,5
MICKELL,5
MICKELS,5
MICKELSEN,10
MICKELSON,20
MICKENHEIM,5
MICKENS,30
MICKEY,20
MICKIEWICZ,5
MICKLE,20
MICKLEBERRY,5
MICKLER,5
MICKLES,5
MICKLEY,5
MICKLOS,5
MICKOLICK,5
MICKONIS,5
MICKS,5
MICKULSKIS,5
MICKUS,5
MICLETTE,5
MICRONI,5
MICTHELL,5
MICUCCI,5
MIDCAP,5
MIDDAUGH,10
MIDDEN,5
MIDDENDORF,10
MIDDENTS,5
MIDDLEBROOK,10
MIDDLEBROOKS,20
MIDDLEKAUFF,5
MIDDLEMISS,5
MIDDLESWORTH,5
MIDDLETON,160
MIDDOUGH,5
MIDGET,5
MIDGETT,10
MIDGETTE,10
MIDGLEY,10
MIDKIFF,20
MIDTHUN,5
MIDURA,5
MIDY,5
MIDYETT,5
MIEARS,5
MIECZKOWSKI,5
MIECZNIKOWSKI,5
MIEDEMA,5
MIEHE,5
MIELCAREK,5
MIELCARZ,5
MIELCZAREK,5
MIELE,20
MIELES,5
MIELKE,10
MIELKIE,5
MIELNICKI,5
MIELOSZYK,5
MIELSCH,5
MIENE,5
MIENTKA,5
MIER,10
MIERA,10
MIERAS,5
MIERAU,5
MIEREZ,5
MIERNICKI,5
MIERNIK,5
MIEROW,5
MIERS,10
MIERZEJEWSKI,5
MIERZWA,5
MIERZWIAK,5
MIERZWINSKI,5
MIESCH,5
MIESEN,5
MIESNER,10
MIESSE,5
MIESSLER,5
MIESSNER,5
MIESZALA,5
MIETH,5
MIETUS,5
MIFFLIN,10
MIFSUD,5
MIGA,5
MIGDAL,5
MIGGINS,5
MIGGO,5
MIGHTY,5
MIGL,5
MIGLIACCIO,5
MIGLIORE,10
MIGLIORI,5
MIGLIORISI,5
MIGLORIE,5
MIGNANO,5
MIGNEAULT,5
MIGNOGNA,5
MIGNONE,10
MIGNOT,5
MIGUEL,20
MIGUES,10
MIGUEZ,5
MIHAILA,5
MIHAL,5
MIHALAK,5
MIHALCHIK,5
MIHALCO,5
MIHALEK,5
MIHALIAK,5
MIHALICK,5
MIHALIK,5
MIHALIOS,5
MIHALKO,5
MIHALKOVIC,5
MIHALY,5
MIHARA,5
MIHATSCH,5
MIHELCIC,5
MIHELIC,5
MIHELICH,5
MIHLFELD,5
MIHM,5
MIHOK,5
MIHOR,5
MIHOVK,5
MIJANGOS,5
MIJARES,10
MIKA,10
MIKAMI,5
MIKASA,5
MIKE,10
MIKEL,10
MIKELL,10
MIKELS,10
MIKELSEN,5
MIKELSON,5
MIKER,5
MIKES,5
MIKESELL,10
MIKESKA,5
MIKEZ,5
MIKHAIEL,5
MIKHAIL,5
MIKITA,5
MIKKELSEN,10
MIKKELSON,10
MIKKO,5
MIKKOLA,5
MIKLAS,5
MIKLER,5
MIKLES,5
MIKLITZ,5
MIKLOS,5
MIKO,5
MIKOLA,5
MIKOLAJCZAK,5
MIKOLAJCZYK,5
MIKOLON,5
MIKOS,5
MIKOTA,5
MIKOVEC,5
MIKOWSKI,5
MIKROT,5
MIKRUT,5
MIKULA,10
MIKULAK,5
MIKULEC,5
MIKULECKY,5
MIKULICH,5
MIKULSKI,5
MIKUS,5
MIKUSZEWSKI,5
MILA,5
MILAK,5
MILAM,50
MILAN,20
MILAND,5
MILANES,5
MILANESE,5
MILANESI,5
MILANI,5
MILANO,20
MILANOWSKI,5
MILAR,5
MILARDO,10
MILARE,5
MILAS,5
MILAZZO,10
MILBAUER,5
MILBERGER,5
MILBERT,5
MILBOURN,10
MILBOURNE,5
MILBRADT,5
MILBRANDT,10
MILBRATH,5
MILBRETT,5
MILBRODT,5
MILBURN,40
MILBURY,5
MILBY,5
MILCH,5
MILCHER,5
MILDENBERGER,5
MILDENHALL,5
MILDENSTEIN,5
MILDER,5
MILDERBERGER,5
MILDON,5
MILDRED,5
MILDREN,5
MILDRUM,5
MILE,5
MILEHAM,5
MILEK,5
MILELR,5
MILER,10
MILERA,5
MILES,380
MILESKI,5
MILETI,5
MILETTE,5
MILEWSKI,10
MILEY,20
MILFELD,5
MILFORD,10
MILFORT,5
MILHAM,5
MILHOAN,5
MILHOLLAND,5
MILHORN,5
MILHOUS,5
MILHOUSE,5
MILIAN,10
MILICH,5
MILICI,5
MILILLO,5
MILIN,5
MILINAZZO,5
MILIONIS,5
MILITANO,5
MILITANTE,5
MILITE,5
MILITELLO,10
MILITO,5
MILIUS,5
MILKE,5
MILKENT,5
MILKEY,5
MILKOVICH,5
MILKOWSKI,5
MILKS,5
MILL,10
MILLA,5
MILLAGE,5
MILLAM,5
MILLAN,20
MILLAND,5
MILLAR,20
MILLARD,50
MILLARE,5
MILLAY,10
MILLBERG,5
MILLBERN,5
MILLBRAND,5
MILLE,5
MILLEA,5
MILLEDGE,5
MILLEN,10
MILLENDER,10
MILLENER,5
MILLER,4240
MILLERBERND,5
MILLERD,5
MILLERR,5
MILLERS,5
MILLES,5
MILLESON,5
MILLET,20
MILLETT,10
MILLETTE,10
MILLEY,5
MILLHISER,5
MILLHOLLAND,5
MILLHOUSE,10
MILLIAN,5
MILLIARD,5
MILLICAN,10
MILLICH,5
MILLICK,5
MILLIE,5
MILLIEN,5
MILLIER,5
MILLIGAN,100
MILLIKAN,10
MILLIKEN,30
MILLIKIN,10
MILLIMAKI,5
MILLIMAN,10
MILLIN,5
MILLINER,10
MILLING,5
MILLINGS,5
MILLINGTON,10
MILLINOR,5
MILLION,20
MILLIREN,5
MILLIRON,10
MILLIS,10
MILLISON,5
MILLISOR,5
MILLMAN,10
MILLNER,10
MILLON,5
MILLONZI,5
MILLORA,5
MILLOT,5
MILLOTT,5
MILLOWAY,5
MILLOY,5
MILLRANEY,5
MILLS,610
MILLSAP,20
MILLSAPS,10
MILLSON,5
MILLSPAUGH,5
MILLSTEAD,5
MILLSTEIN,5
MILLWARD,5
MILLWEE,5
MILLWOOD,10
MILLY,5
MILMAN,5
MILNE,30
MILNER,50
MILNES,5
MILNIK,5
MILNOR,5
MILO,10
MILON,5
MILONAS,5
MILONE,10
MILORD,5
MILOS,5
MILOSCH,5
MILOSEVIC,5
MILOSEVICH,5
MILOT,5
MILOTA,5
MILOVICH,5
MILROY,5
MILSAP,10
MILSAPS,5
MILSON,5
MILSTEAD,10
MILSTEIN,5
MILSTER,5
MILTEER,5
MILTENBERGER,10
MILTNER,5
MILTON,100
MILTZ,5
MILUM,5
MILUSH,5
MILWARD,5
MILWEE,5
MILZ,5
MIMAKI,5
MIMBS,5
MIMES,5
MIMIS,5
MIMMS,10
MIMNAUGH,5
MIMOZO,5
MIMS,80
MIN,10
MINA,10
MINAAI,5
MINACCI,5
MINAHAN,5
MINALGA,5
MINAR,5
MINARCIK,5
MINARCIN,5
MINARD,10
MINARDI,5
MINARDO,5
MINARI,5
MINARIK,10
MINAS,5
MINASIAN,5
MINASSIAN,5
MINATO,5
MINATRA,5
MINAYA,10
MINCE,5
MINCER,5
MINCEY,20
MINCH,10
MINCHELLA,5
MINCHER,5
MINCHEW,10
MINCHEY,5
MINCHOW,5
MINCKLER,5
MINCKS,5
MINCY,10
MINDELL,5
MINDEN,5
MINDER,10
MINDERMAN,5
MINDINGALL,5
MINEAH,5
MINEAR,5
MINEAU,5
MINECCI,5
MINECONZO,5
MINEHAN,5
MINEHART,5
MINELLA,5
MINELLI,5
MINEO,5
MINER,90
MINERD,5
MINERICH,5
MINERO,5
MINERS,5
MINERT,5
MINERVA,5
MINERVINI,5
MINERY,5
MINES,10
MINETTE,5
MINFORD,5
MING,10
MINGE,5
MINGEE,5
MINGER,5
MINGES,5
MINGIONE,5
MINGIONI,5
MINGLE,10
MINGLEDORFF,5
MINGO,20
MINGRONE,5
MINGS,5
MINGUS,10
MINHAS,5
MINI,5
MINIARD,5
MINIC,5
MINICH,10
MINICHIELLO,5
MINICK,10
MINICOZZI,5
MINICUCCI,5
MINIER,5
MINIFIELD,5
MINIHAN,5
MINIHANE,5
MININGER,5
MINION,5
MINISH,5
MINISSALE,5
MINISTER,5
MINIUK,5
MINIUM,5
MINIX,10
MINJARES,10
MINJAREZ,5
MINK,20
MINKEL,5
MINKIN,5
MINKINS,5
MINKLER,5
MINKOFF,5
MINKOWITZ,5
MINKS,10
MINN,5
MINNAERT,5
MINNATEE,5
MINNEHAN,5
MINNEMA,5
MINNER,10
MINNERLY,5
MINNEWEATHER,5
MINNEY,5
MINNICH,10
MINNICK,30
MINNIE,5
MINNIEAR,5
MINNIEFIELD,5
MINNIER,5
MINNIFIELD,5
MINNING,5
MINNIS,10
MINNITI,5
MINNIX,5
MINNS,5
MINO,5
MINOCK,5
MINOGUE,5
MINON,5
MINOR,120
MINORS,5
MINOT,5
MINOTT,5
MINOTTI,5
MINOZZI,5
MINROD,5
MINS,5
MINSHALL,5
MINSHEW,5
MINSKEY,5
MINSON,5
MINSTER,5
MINTEER,5
MINTEN,5
MINTER,40
MINTEY,5
MINTKEN,5
MINTO,10
MINTON,60
MINTOR,5
MINTOS,5
MINTREAS,5
MINTURN,5
MINTY,5
MINTZ,30
MINTZER,5
MINUCCI,5
MINUGH,5
MINUS,5
MINUTILLO,5
MINVIELLE,5
MINYARD,10
MINZEL,5
MINZENBERGER,5
MINZENMAYER,5
MINZY,5
MIO,5
MIODUSZEWSKI,5
MIOLEN,5
MIONE,5
MIOSEK,5
MIOSKY,5
MIOTKE,5
MIQUEL,5
MIQUELON,5
MIR,5
MIRA,5
MIRABAL,10
MIRABELLA,5
MIRABELLI,5
MIRABILE,5
MIRABITO,5
MIRACLE,20
MIRAFLORES,5
MIRAFUENTES,5
MIRAGLIA,10
MIRALLES,5
MIRAMON,5
MIRAMONTES,20
MIRAMONTEZ,5
MIRAN,5
MIRANDA,190
MIRANDO,5
MIRANTE,5
MIRAO,5
MIRARCHI,5
MIRAS,5
MIRAVALLE,5
MIRBAHA,5
MIRCHANDANI,5
MIRE,10
MIRELES,40
MIRELEZ,5
MIRES,5
MIRICH,5
MIRICK,5
MIRICLE,5
MIRIELLO,5
MIRISOLA,5
MIRJAH,5
MIRKOVICH,5
MIRLES,5
MIRMAN,5
MIRMOW,5
MIRO,5
MIRON,10
MIRR,5
MIRRA,5
MIRSCH,5
MIRSKY,5
MIRTO,5
MIRZA,5
MIRZADEH,5
MIS,5
MISASI,5
MISCAVAGE,5
MISCH,5
MISCHEL,5
MISCHKE,5
MISCHLER,5
MISCHNICK,5
MISCHO,5
MISCIONE,5
MISCOE,5
MISCOVICH,5
MISEK,5
MISEMER,5
MISENER,5
MISENHEIMER,5
MISENHIMER,5
MISENTI,5
MISER,10
MISERCOLA,5
MISERENDINO,5
MISFELDT,5
MISH,5
MISHAR,5
MISHAW,5
MISHKIN,5
MISHLER,10
MISHOE,5
MISHOU,5
MISHRA,5
MISHULOUIN,5
MISHULOVIN,5
MISIAK,5
MISIASZEK,5
MISIEWICZ,5
MISIK,5
MISKA,5
MISKE,5
MISKELL,10
MISKELLY,5
MISKIEWICZ,5
MISKIN,5
MISKINIS,5
MISKO,5
MISKOVICH,5
MISLUK,5
MISMIT,5
MISNER,10
MISNICK,5
MISOVE,5
MISRA,5
MISRAHI,5
MISS,5
MISSEL,5
MISSEY,5
MISSILDINE,5
MISSLER,5
MISTER,5
MISTLER,5
MISTRETTA,10
MISTROT,5
MISTRY,5
MISTY,5
MISUMI,5
MISURA,5
MISURACA,5
MITA,5
MITAL,5
MITANI,5
MITCH,5
MITCHAM,10
MITCHAN,5
MITCHEL,20
MITCHELL,1600
MITCHELLE,5
MITCHELTREE,5
MITCHEM,20
MITCHEN,5
MITCHENER,5
MITCHINER,5
MITCHLER,5
MITCHUM,20
MITCHUSSON,5
MITH,5
MITHANI,5
MITHCELL,5
MITHELL,5
MITKOWSKI,5
MITMAN,5
MITNICK,5
MITRA,5
MITRANI,5
MITRI,5
MITRO,5
MITSAKOS,5
MITSCH,5
MITSCHELEN,5
MITSCHKE,5
MITSDARFFER,5
MITSUDA,5
MITTAG,5
MITTAN,5
MITTCHELL,5
MITTELMAN,5
MITTELSTADT,5
MITTELSTAEDT,5
MITTELSTEADT,5
MITTELSTEDT,5
MITTEN,10
MITTENDORF,5
MITTER,5
MITTIGA,5
MITTLEMAN,5
MITTLER,5
MITTLESTADT,5
MITTMAN,5
MITTON,10
MITTS,10
MITZEL,10
MITZNER,5
MIU,5
MIURA,10
MIVILLE,5
MIVSHEK,5
MIX,20
MIXDORF,5
MIXER,5
MIXON,60
MIXSON,10
MIYA,5
MIYAGAWA,5
MIYAGI,5
MIYAGISHIMA,5
MIYAHARA,5
MIYAHIRA,5
MIYAKE,5
MIYAMOTO,10
MIYAMURA,5
MIYANAGA,5
MIYAO,5
MIYARES,5
MIYASAKA,5
MIYASAKI,5
MIYASATO,5
MIYASHIRO,10
MIYASHITA,5
MIYATA,5
MIYATAKI,5
MIYAZAKI,5
MIYOSE,5
MIYOSHI,5
MIZE,50
MIZEE,5
MIZELL,20
MIZELLE,10
MIZENKO,5
MIZER,10
MIZIA,5
MIZNER,5
MIZRAHI,10
MIZUKAMI,5
MIZUNO,5
MIZUTANI,5
MIZWICKI,5
MIZZELL,5
MIZZELLE,5
MIZZI,5
MLECZKO,5
MLECZYNSKI,5
MLENAR,5
MLINAR,5
MLODZIANOWSKI,5
MLYNEK,5
MO,10
MOAD,5
MOAG,5
MOAK,10
MOAKE,5
MOALA,5
MOALLANKAMP,5
MOAN,5
MOAT,5
MOATES,5
MOATS,20
MOATZ,5
MOAYYAD,5
MOBBS,5
MOBERG,10
MOBERLEY,5
MOBERLY,10
MOBILIA,5
MOBILIO,5
MOBLEY,110
MOBUS,5
MOC,5
MOCARSKI,5
MOCCASIN,5
MOCCIA,5
MOCCIO,5
MOCCO,5
MOCERI,5
MOCH,5
MOCHA,5
MOCHEL,5
MOCHER,5
MOCHIZUKI,5
MOCK,70
MOCKBEE,5
MOCKLER,5
MOCKUS,5
MOCTEZUMA,5
MOCZO,5
MOCZULSKI,5
MOCZYGEMBA,5
MODAFFERI,5
MODDEJONGE,5
MODE,5
MODEL,5
MODENA,5
MODER,5
MODERO,5
MODERSKI,5
MODERT,5
MODESITT,5
MODEST,5
MODESTE,5
MODESTO,5
MODGLIN,5
MODGLING,5
MODHA,5
MODI,5
MODIC,5
MODICA,10
MODIN,5
MODINE,5
MODIQUE,5
MODISETT,5
MODISETTE,5
MODLIN,20
MODRAK,5
MODUGNO,5
MODY,5
MODZELESKI,5
MODZELEWSKI,10
MOE,40
MOECK,5
MOECKEL,5
MOEDE,5
MOEDER,5
MOEHLE,5
MOEHLMAN,5
MOEHN,5
MOEHR,5
MOEHRING,5
MOEHRLE,5
MOEL,5
MOELLER,50
MOELLERS,5
MOELLMAN,5
MOELTER,5
MOEN,30
MOENCH,5
MOENING,5
MOENIUS,5
MOERBE,5
MOERKE,5
MOERMAN,5
MOERS,5
MOES,5
MOESCH,5
MOESER,5
MOESSNER,5
MOEUY,5
MOEVAO,5
MOFFA,5
MOFFAT,10
MOFFATT,20
MOFFET,10
MOFFETT,50
MOFFIT,10
MOFFITT,40
MOFFORD,5
MOFIELD,5
MOFLE,5
MOGA,5
MOGAN,5
MOGANNAM,5
MOGAVERO,5
MOGEL,5
MOGENSEN,10
MOGER,5
MOGG,5
MOGHADAM,5
MOGLE,5
MOGLIA,5
MOGOLLON,5
MOGREN,5
MOGRO,5
MOGUS,5
MOGUSH,5
MOH,5
MOHABEER,5
MOHABIR,5
MOHAIR,5
MOHAMAD,5
MOHAMED,20
MOHAMMAD,10
MOHAMMED,20
MOHAN,10
MOHAR,5
MOHAUPT,5
MOHD,5
MOHEAD,5
MOHER,5
MOHINANI,5
MOHL,5
MOHLER,20
MOHLKE,5
MOHMAND,5
MOHMED,5
MOHN,10
MOHNEY,5
MOHOMED,5
MOHOROVICH,5
MOHR,70
MOHRBACHER,5
MOHRE,5
MOHRING,5
MOHRLOCK,5
MOHRMAN,5
MOHRMANN,5
MOHS,5
MOHSENI,5
MOHSIN,5
MOILANEN,5
MOILIEN,5
MOINE,5
MOIR,10
MOISA,5
MOISAN,5
MOISANT,5
MOISE,10
MOISES,5
MOISEY,5
MOISTNER,5
MOITOSO,5
MOITOZA,5
MOJARDIN,5
MOJARRO,5
MOJICA,40
MOJZISIK,5
MOK,5
MOKBEL,5
MOKIAO,5
MOKLER,5
MOKRISKI,5
MOKRY,5
MOLA,5
MOLACEK,5
MOLAISON,5
MOLAND,5
MOLANDER,5
MOLANDS,5
MOLANO,5
MOLASH,5
MOLAVI,5
MOLCHAN,5
MOLDAN,5
MOLDEN,10
MOLDENHAUER,10
MOLDER,5
MOLDONADO,5
MOLDOVAN,5
MOLDREM,5
MOLE,10
MOLEK,5
MOLEN,5
MOLENDA,5
MOLER,10
MOLES,10
MOLESKI,5
MOLESWORTH,5
MOLETT,5
MOLETTE,5
MOLFETTA,5
MOLGARD,5
MOLIMA,5
MOLIN,5
MOLINA,220
MOLINAR,10
MOLINARI,10
MOLINARO,10
MOLINARY,5
MOLINAS,5
MOLINE,10
MOLINEAUX,5
MOLINELLI,5
MOLINERE,5
MOLING,5
MOLININI,5
MOLINO,10
MOLINSKI,5
MOLITERNO,5
MOLITOR,5
MOLITORIS,5
MOLL,30
MOLLA,5
MOLLBERG,5
MOLLE,5
MOLLEDA,5
MOLLEKER,5
MOLLEMA,5
MOLLENHAUER,5
MOLLENKOPF,5
MOLLER,20
MOLLERE,5
MOLLES,5
MOLLET,5
MOLLETT,10
MOLLETTE,5
MOLLEUR,5
MOLLICA,10
MOLLICONE,5
MOLLIERE,5
MOLLINS,5
MOLLISON,5
MOLLO,5
MOLLOHAN,5
MOLLOY,20
MOLLURA,5
MOLLY,5
MOLNAR,20
MOLNAU,5
MOLNER,5
MOLOCK,5
MOLON,5
MOLONE,5
MOLONEY,10
MOLONY,5
MOLPUS,5
MOLSAN,5
MOLSKI,5
MOLSTAD,5
MOLT,5
MOLTER,10
MOLTON,5
MOLTRIE,5
MOLTZ,5
MOLYNEAUX,5
MOLYNEUX,10
MOLZ,5
MOLZAHN,5
MOM,5
MOMA,5
MOMAN,5
MOMAYA,5
MOMENI,5
MOMENT,5
MOMIN,5
MOMINEE,5
MOMON,5
MOMPER,5
MOMPHARD,5
MOMPLAISIR,5
MOMPOINT,5
MOMSEN,5
MON,5
MONA,5
MONACHINO,5
MONACO,30
MONAGAN,5
MONAGAS,5
MONAGHAN,30
MONAGLE,5
MONAHAM,5
MONAHAN,50
MONALDI,5
MONARCA,5
MONARCH,5
MONARD,5
MONARES,5
MONAREZ,5
MONARQUE,5
MONARREZ,10
MONAS,5
MONASTERIO,5
MONAT,5
MONATH,5
MONCADA,10
MONCAYO,10
MONCE,5
MONCEAUX,5
MONCHER,5
MONCIER,5
MONCION,5
MONCIVAIS,5
MONCKTON,5
MONCLOVA,5
MONCRIEF,20
MONCRIEFF,5
MONCRIEFFE,5
MONCUR,5
MONCURE,5
MONCUS,5
MONDA,5
MONDAINE,5
MONDALE,5
MONDAY,20
MONDEJAR,5
MONDELL,5
MONDELLA,5
MONDELLI,5
MONDELLO,5
MONDEN,5
MONDESIR,5
MONDIER,5
MONDINO,5
MONDLOCH,5
MONDO,5
MONDOK,5
MONDONE,5
MONDOR,10
MONDOUX,5
MONDOZA,5
MONDRAGON,20
MONDRY,5
MONDS,5
MONDT,5
MONDY,10
MONE,10
MONEAUX,5
MONEGRO,5
MONELL,5
MONES,5
MONESTIME,5
MONESTINE,5
MONET,5
MONETTE,10
MONETTI,5
MONEY,30
MONEYHUN,5
MONEYMAKER,5
MONEYPENNY,5
MONFILS,5
MONFORD,5
MONFORE,5
MONFORT,5
MONFORTE,5
MONG,10
MONGAN,5
MONGAR,5
MONGE,20
MONGEAU,5
MONGELLI,5
MONGEON,5
MONGER,20
MONGES,5
MONGIELLO,5
MONGILLO,10
MONGIOVI,5
MONGOLD,5
MONGOLO,5
MONGOMERY,5
MONGON,5
MONGRAIN,5
MONGUE,5
MONHOLLAND,5
MONHOLLEN,5
MONIAK,5
MONICA,5
MONICO,10
MONIE,5
MONIER,10
MONIGOLD,5
MONINGTON,5
MONIOS,5
MONIOT,5
MONIZ,30
MONJARAS,5
MONJE,5
MONJURE,5
MONK,50
MONKA,5
MONKHOUSE,5
MONKOWSKI,5
MONKS,10
MONN,10
MONNERJAHN,5
MONNET,5
MONNETT,5
MONNIER,10
MONNIN,5
MONNINGER,5
MONNOT,5
MONOHAN,5
MONOPOLI,5
MONOT,5
MONOZ,5
MONREAL,10
MONRO,5
MONROE,220
MONROIG,5
MONROW,5
MONROY,20
MONRREAL,5
MONRROY,5
MONS,5
MONSALVE,5
MONSANTO,5
MONSAY,5
MONSEES,5
MONSEGUR,5
MONSEN,10
MONSERRAT,5
MONSERRATE,5
MONSIVAIS,5
MONSKE,5
MONSKY,5
MONSMA,5
MONSON,40
MONSOUR,10
MONSRUD,5
MONT,5
MONTAG,10
MONTAGNA,10
MONTAGNE,5
MONTAGUE,40
MONTAIVO,5
MONTALBAN,5
MONTALBANO,5
MONTALBO,5
MONTALGO,5
MONTALTO,10
MONTALUO,5
MONTALVAN,5
MONTALVO,50
MONTAN,5
MONTANA,20
MONTANARI,5
MONTANARO,5
MONTANDON,5
MONTANE,5
MONTANEZ,50
MONTANO,80
MONTANTE,5
MONTANYE,5
MONTAQUE,5
MONTAS,5
MONTAVON,5
MONTAYA,5
MONTAYES,5
MONTAZAMI,5
MONTBRIAND,5
MONTCALM,5
MONTE,10
MONTEAGUDO,5
MONTEALEGRE,5
MONTECALVO,5
MONTECILLO,5
MONTEE,5
MONTEFORTE,5
MONTEFUSCO,5
MONTEGUT,5
MONTEIRO,10
MONTEITH,10
MONTEJANO,10
MONTEJO,5
MONTELEONE,10
MONTELL,5
MONTELLA,5
MONTELLANO,5
MONTELLE,5
MONTELLO,5
MONTELONGO,10
MONTEMARANO,5
MONTEMAYOR,30
MONTEMBEAU,5
MONTEMURRO,5
MONTENEGRO,20
MONTER,5
MONTERA,5
MONTERIO,5
MONTERO,30
MONTEROS,5
MONTERRANO,5
MONTERROSA,5
MONTERROSO,5
MONTERROZA,5
MONTERRUBIO,5
MONTES,110
MONTESA,5
MONTESANO,5
MONTESDEOCA,5
MONTESI,5
MONTESINO,5
MONTESINOS,5
MONTEVERDE,5
MONTEY,5
MONTEZ,30
MONTEZUMA,5
MONTFORD,10
MONTFORT,5
MONTGOMERY,490
MONTGONERY,5
MONTI,10
MONTICELLO,5
MONTIE,5
MONTIEL,20
MONTIER,5
MONTIERO,5
MONTIERTH,5
MONTIETH,5
MONTIJANO,5
MONTIJO,10
MONTILLA,5
MONTIS,5
MONTJOY,5
MONTMINY,5
MONTNEY,5
MONTOGOMERY,5
MONTON,5
MONTONDO,5
MONTONE,5
MONTONEY,5
MONTONEZ,5
MONTONO,5
MONTOOTH,5
MONTORE,5
MONTORI,5
MONTORO,5
MONTOTO,5
MONTOUR,5
MONTOURE,5
MONTOYA,190
MONTPAS,5
MONTPETIT,5
MONTRELLA,5
MONTREUIL,5
MONTROSE,5
MONTROSS,5
MONTROY,5
MONTS,5
MONTUFAR,5
MONTUORI,5
MONTUORO,5
MONTVILLE,5
MONTY,10
MONTZ,10
MONVILLE,5
MONZ,5
MONZINGO,5
MONZO,10
MONZON,10
MOOBERRY,5
MOOCHLER,5
MOOCK,5
MOOD,5
MOODIE,10
MOODISPAUGH,5
MOODY,280
MOOE,5
MOOERS,5
MOOG,5
MOOK,10
MOOMAW,5
MOOMEY,5
MOON,160
MOONE,5
MOONEN,5
MOONEY,130
MOONEYHAM,10
MOONEYHAN,10
MOONS,5
MOONSHOWER,5
MOONSOMMY,5
MOOR,10
MOORADIAN,5
MOORCROFT,5
MOORE,3120
MOOREFIELD,10
MOOREHEAD,20
MOOREHOUSE,5
MOORELAND,5
MOORER,20
MOORES,10
MOORHEAD,10
MOORHOUSE,10
MOORING,10
MOORMAN,30
MOORS,10
MOOS,10
MOOSA,5
MOOSBRUGGER,5
MOOSE,10
MOOSER,5
MOOSMAN,5
MOOTE,5
MOOTHART,5
MOOTISPAW,5
MOOTRY,5
MOOTS,5
MOOTY,5
MOOTZ,5
MOPPIN,5
MOQUIN,5
MOR,5
MORA,120
MORABITO,10
MORACE,5
MORAD,5
MORADA,5
MORADEL,5
MORADIAN,5
MORADO,10
MORAGA,5
MORAGO,5
MORAIN,5
MORAIS,10
MORAITES,5
MORAITIS,5
MORAK,5
MORALAS,5
MORALE,5
MORALES,670
MORALEZ,20
MORALIS,5
MORAN,260
MORAND,5
MORANDA,5
MORANDI,5
MORANDO,5
MORANG,5
MORANO,10
MORANT,10
MORANTE,5
MORANVILLE,5
MORAR,5
MORARIO,5
MORARITY,5
MORAS,5
MORASCA,5
MORASCH,5
MORASCO,5
MORATAYA,5
MORATH,5
MORATTO,5
MORAVEC,5
MORAVEK,5
MORAVICK,5
MORAWA,5
MORAWSKI,5
MORBER,5
MORCH,5
MORCK,5
MORCOS,5
MORDA,5
MORDAN,5
MORDARSKI,5
MORDAUNT,5
MORDECAI,5
MORDECI,5
MORDEHAY,5
MORDEN,5
MORDHORST,5
MORDINI,5
MORDINO,5
MORDUE,5
MORE,20
MOREA,5
MOREAU,40
MOREB,5
MORECI,5
MOREDOCK,5
MOREE,10
MOREFIELD,10
MOREHEAD,30
MOREHOUSE,20
MOREIDA,5
MOREIN,5
MOREIRA,20
MOREJON,10
MOREL,20
MORELAND,70
MORELEN,5
MORELES,5
MORELL,10
MORELLA,5
MORELLE,5
MORELLI,20
MORELLO,10
MORELOCK,10
MORELOS,5
MORELY,5
MOREMAN,5
MOREN,5
MORENA,10
MORENCE,5
MORENCO,5
MORENCY,10
MORENO,430
MORENTIN,5
MORENZ,5
MORERA,5
MORESCHI,5
MORESCO,5
MORESHEAD,5
MORESI,5
MORET,5
MORETA,5
MORETON,5
MORETTA,5
MORETTI,10
MORETTO,5
MORETZ,10
MOREY,40
MORFEE,5
MORFIN,10
MORFORD,10
MORGA,5
MORGADO,5
MORGAN,1180
MORGANA,5
MORGANDI,5
MORGANFIELD,5
MORGANO,5
MORGANS,5
MORGANSON,5
MORGANTE,5
MORGANTI,10
MORGAS,5
MORGE,5
MORGEN,5
MORGENROTH,5
MORGENSEN,5
MORGENSTEIN,5
MORGENSTERN,10
MORGENTHALER,5
MORGER,5
MORGIA,5
MORGNER,5
MORGON,5
MORGRET,5
MORGUSON,5
MORI,10
MORIARITY,5
MORIARTY,30
MORIBAYED,5
MORICCA,5
MORICE,5
MORICI,5
MORICLE,5
MORIE,5
MORIERA,5
MORIKAWA,5
MORILLO,10
MORIMOTO,5
MORIN,150
MORINE,5
MORING,10
MORINI,5
MORINO,5
MORINVILLE,5
MORIOKA,5
MORIS,10
MORISE,5
MORISEY,5
MORISHITA,5
MORISHITO,5
MORISKY,5
MORISON,10
MORISSEAU,5
MORISSETTE,10
MORITA,10
MORITZ,20
MORIWAKI,5
MORK,10
MORKEN,5
MORKERT,5
MORKVE,5
MORLA,5
MORLAN,10
MORLAND,5
MORLAS,5
MORLEDGE,5
MORLES,5
MORLEY,40
MORLINO,5
MORLOCK,5
MORMAN,10
MORMANN,5
MORMILE,5
MORMINO,5
MORMON,5
MORN,5
MORNA,5
MORNEAU,10
MORNEAULT,5
MORNING,10
MORNINGSTAR,10
MORO,10
MOROCCO,5
MOROCK,5
MOROLES,5
MORON,5
MORONES,10
MORONEY,10
MORONI,5
MORONO,5
MORONTA,10
MOROS,5
MOROSCO,5
MOROSOW,5
MOROWSKI,5
MOROZ,5
MORPHEW,5
MORPHIS,10
MORPHY,5
MORQUECHO,5
MORR,5
MORRA,5
MORRAL,5
MORRALES,5
MORRALL,5
MORRE,5
MORREALE,5
MORREAU,5
MORRELL,50
MORREN,5
MORRERO,5
MORREY,5
MORRICAL,5
MORRILL,30
MORRIN,5
MORRING,5
MORRIS,1250
MORRISETTE,5
MORRISEY,10
MORRISH,5
MORRISON,480
MORRISROE,5
MORRISS,5
MORRISSEAU,5
MORRISSETTE,20
MORRISSEY,50
MORRO,5
MORRON,5
MORRONE,10
MORROW,220
MORSBACH,5
MORSBERGER,5
MORSE,170
MORSELL,5
MORSEY,5
MORSON,5
MORSS,5
MORT,10
MORTA,5
MORTEL,5
MORTELL,5
MORTELLARO,5
MORTEN,5
MORTENSEN,30
MORTENSON,20
MORTER,5
MORTHLAND,5
MORTIER,5
MORTIMER,20
MORTIMORE,5
MORTIN,5
MORTINEZ,5
MORTIS,5
MORTLAND,5
MORTON,250
MORUA,5
MORVA,5
MORVANT,10
MORVAY,5
MORVILLO,5
MORWAY,5
MORY,5
MORYL,5
MOSAKOWSKI,5
MOSBARGER,5
MOSBEY,5
MOSBRUCKER,5
MOSBURG,5
MOSBY,30
MOSCA,10
MOSCARDELLI,5
MOSCARIELLO,5
MOSCARITOLO,5
MOSCATO,10
MOSCHELLA,5
MOSCHETTI,5
MOSCHETTO,5
MOSCICKI,5
MOSCO,5
MOSCOFFIAN,5
MOSCONE,5
MOSCONI,5
MOSCOSO,5
MOSCOVIC,5
MOSCOWITZ,5
MOSCRIP,5
MOSE,10
MOSEBACH,5
MOSEBY,5
MOSELEY,80
MOSELLE,5
MOSELY,20
MOSEMAN,5
MOSEN,5
MOSENA,5
MOSER,110
MOSES,190
MOSEY,5
MOSGROVE,5
MOSHA,5
MOSHER,60
MOSHIER,10
MOSHO,5
MOSHOLDER,5
MOSHOS,5
MOSIER,30
MOSIMAN,5
MOSIMANN,5
MOSINSKI,5
MOSKAL,5
MOSKAU,5
MOSKO,5
MOSKOP,5
MOSKOS,5
MOSKOVITZ,5
MOSKOWITZ,10
MOSKWA,5
MOSLER,5
MOSLEY,210
MOSMAN,5
MOSMEYER,5
MOSQUEDA,20
MOSQUERA,10
MOSS,310
MOSSA,5
MOSSBARGER,5
MOSSBERG,5
MOSSEL,5
MOSSER,10
MOSSERI,5
MOSSES,5
MOSSEY,5
MOSSIEN,5
MOSSING,5
MOSSMAN,10
MOSSON,5
MOSSOR,5
MOST,5
MOSTAD,5
MOSTAFAVI,5
MOSTELLA,5
MOSTELLER,10
MOSTER,5
MOSTERO,5
MOSTERT,5
MOSTILLER,5
MOSTOLLER,5
MOSTOWY,5
MOSTROM,5
MOSTY,5
MOSTYN,5
MOSURE,5
MOSZ,5
MOTA,20
MOTAMED,5
MOTAMEDI,5
MOTAYEN,5
MOTAYNE,5
MOTE,10
MOTEN,20
MOTES,10
MOTHERSHEAD,5
MOTHERSHED,5
MOTIL,5
MOTL,5
MOTLEY,50
MOTOLA,5
MOTON,20
MOTONAGA,5
MOTSINGER,10
MOTT,60
MOTTA,10
MOTTAI,5
MOTTE,5
MOTTEN,5
MOTTER,10
MOTTERN,5
MOTTERSHEAD,5
MOTTESHARD,5
MOTTET,5
MOTTILLO,5
MOTTINGER,5
MOTTLEY,5
MOTTO,10
MOTTOLA,5
MOTTON,5
MOTTRAM,5
MOTTS,5
MOTYKA,10
MOTZ,10
MOTZER,5
MOU,5
MOUA,20
MOUDRY,5
MOUDY,5
MOUL,5
MOULD,5
MOULDEN,5
MOULDER,10
MOULDIN,5
MOULDING,5
MOULDS,5
MOULHEM,5
MOULIN,5
MOULINOS,5
MOULTHROP,5
MOULTON,50
MOULTRIE,30
MOULTRY,10
MOUN,5
MOUNCE,10
MOUND,5
MOUNGER,5
MOUNKES,5
MOUNSEY,5
MOUNT,30
MOUNTAIN,10
MOUNTCASTLE,5
MOUNTFORD,5
MOUNTJOY,5
MOUNTS,10
MOURA,5
MOURAD,5
MOURE,5
MOURER,5
MOURET,5
MOURINO,5
MOURITSEN,5
MOURNING,5
MOURY,5
MOUSA,5
MOUSE,5
MOUSEL,5
MOUSER,10
MOUSLEY,5
MOUSSA,5
MOUSSEAU,10
MOUSSER,5
MOUSSETTE,5
MOUSTAFA,5
MOUTON,20
MOUTOUX,5
MOUTRAY,5
MOUW,5
MOUZAS,5
MOUZON,10
MOVA,5
MOVIUS,5
MOVLIN,5
MOW,5
MOWAN,5
MOWAT,5
MOWATT,5
MOWBRAY,10
MOWDER,5
MOWDY,5
MOWELL,5
MOWEN,10
MOWER,10
MOWERS,10
MOWERY,30
MOWLES,5
MOWRER,10
MOWREY,10
MOWRIS,5
MOWRY,20
MOXEY,5
MOXHAM,5
MOXLEY,20
MOXNESS,5
MOY,20
MOYA,50
MOYD,5
MOYE,40
MOYER,110
MOYERMAN,5
MOYERS,20
MOYES,10
MOYET,5
MOYLAN,10
MOYLE,10
MOYLER,5
MOYNAHAN,5
MOYNIHAN,10
MOYSE,5
MOZAK,5
MOZDZIERZ,5
MOZEE,10
MOZELAK,5
MOZELL,5
MOZENA,5
MOZER,5
MOZGA,5
MOZGALA,5
MOZICK,5
MOZIE,5
MOZIER,5
MOZINGO,10
MOZLEY,5
MOZNETT,5
MOZO,5
MOZZONE,5
MRACEK,5
MRAW,5
MRAZ,10
MRAZEK,5
MRAZIK,5
MRKVICKA,5
MRNAK,5
MROCHEK,5
MROCZKOWSKI,5
MROTEK,5
MROTZ,5
MROWKA,5
MROZ,10
MROZEK,10
MROZINSKI,5
MROZOSKI,5
MRUCZEK,5
MRUK,5
MRVAN,5
MT,5
MTHIMUNYE,5
MU,5
MUCCI,10
MUCCIA,5
MUCCIGROSSO,5
MUCCIO,5
MUCCIOLO,5
MUCERINO,5
MUCH,5
MUCHA,10
MUCHER,5
MUCHLER,5
MUCHMORE,5
MUCHORTOW,5
MUCHOW,5
MUCK,5
MUCKEL,5
MUCKELROY,5
MUCKELVANEY,5
MUCKENFUSS,5
MUCKENTHALER,5
MUCKERMAN,5
MUCKEY,5
MUCKLE,5
MUCKLEROY,5
MUCKLEY,5
MUCKLOW,5
MUCZYNSKI,5
MUDD,20
MUDDATHTHIR,5
MUDDIMAN,5
MUDGE,10
MUDGER,5
MUDGET,5
MUDGETT,5
MUDIE,5
MUDRA,5
MUDRICK,5
MUECKE,5
MUEGGE,5
MUEHL,5
MUEHLBACH,5
MUEHLBERGER,5
MUEHLEISEN,5
MUEHLMAN,5
MUELL,5
MUELLER,200
MUELLERLEILE,5
MUELLNER,5
MUENCH,5
MUENCHOW,5
MUENKEL,5
MUENZENBERGER,5
MUESKE,5
MUESSIG,5
MUETHER,5
MUETZEL,5
MUFF,10
MUFFETT,5
MUFFLEY,5
MUFFOLETTO,5
MUGFORD,5
MUGG,5
MUGGE,5
MUGGEO,5
MUGGLEY,5
MUGICA,5
MUGLESTON,5
MUGNOLO,5
MUGRAGE,5
MUHA,5
MUHAMMAD,30
MUHAMMED,5
MUHL,5
MUHLBACH,5
MUHLBAUER,5
MUHLENKAMP,5
MUHLESTEIN,5
MUHLHAUSER,5
MUHLSTEIN,5
MUHN,5
MUHR,5
MUHS,5
MUHTASEB,5
MUI,10
MUILENBURG,5
MUINA,5
MUINOS,5
MUIR,30
MUIRHEAD,10
MUISE,5
MUJALLI,5
MUJICA,5
MUKAI,10
MUKHERJEE,5
MUKHTAR,5
MULA,5
MULAC,5
MULANAX,5
MULANEY,5
MULATO,5
MULBERRY,5
MULCAHEY,5
MULCAHY,20
MULCH,5
MULCHRONE,5
MULDER,10
MULDERIG,5
MULDERS,5
MULDOON,10
MULDOWNEY,10
MULDREW,5
MULDROW,10
MULE,10
MULERO,5
MULFORD,10
MULGREW,5
MULHALL,10
MULHEARN,5
MULHERIN,5
MULHERN,10
MULHOLLAND,20
MULHOLLEN,5
MULICH,5
MULIK,5
MULINIX,5
MULKERIN,5
MULKERN,5
MULKEY,30
MULKHEY,5
MULKIN,5
MULKINS,5
MULL,40
MULLAHEY,5
MULLAHY,5
MULLALLY,5
MULLALY,5
MULLAN,10
MULLANE,10
MULLANEY,10
MULLANY,5
MULLARKEY,5
MULLEE,5
MULLEN,140
MULLENAUX,5
MULLENAX,10
MULLENBACH,5
MULLENDORE,5
MULLENIX,10
MULLENNEX,5
MULLENNIX,5
MULLENS,20
MULLER,90
MULLET,10
MULLETT,10
MULLICAN,10
MULLICE,5
MULLICK,5
MULLIGAN,40
MULLIKIN,10
MULLIN,40
MULLINAX,20
MULLINEAUX,5
MULLINER,5
MULLINEX,5
MULLING,5
MULLINGS,10
MULLINIKS,5
MULLINIX,10
MULLINS,330
MULLIS,30
MULLISON,5
MULLNER,5
MULLOWNEY,5
MULLOY,10
MULNEIX,5
MULNIX,5
MULQUEEN,5
MULRAIN,5
MULREADY,5
MULRENIN,5
MULRONEY,5
MULROONEY,5
MULROY,5
MULRY,5
MULRYAN,5
MULVAHILL,5
MULVANEY,10
MULVEHILL,5
MULVERHILL,5
MULVEY,10
MULVIHILL,10
MULVILLE,5
MULZER,5
MUMA,5
MUMAUGH,5
MUMAW,10
MUMBOWER,5
MUMBY,5
MUMFORD,20
MUMM,5
MUMMA,10
MUMME,5
MUMMERT,10
MUMMEY,5
MUMPER,5
MUMPOWER,5
MUN,5
MUNA,5
MUNAFO,5
MUNAR,5
MUNARI,5
MUNAZ,5
MUNCE,5
MUNCEY,5
MUNCH,10
MUNCHER,5
MUNCHMEYER,5
MUNCIE,10
MUNCIL,5
MUNCRIEF,5
MUNCY,40
MUND,10
MUNDA,5
MUNDAHL,5
MUNDAY,10
MUNDEL,5
MUNDELL,10
MUNDEN,10
MUNDER,5
MUNDERVILLE,5
MUNDHENK,5
MUNDIE,5
MUNDINE,5
MUNDING,5
MUNDINGER,5
MUNDO,10
MUNDORF,5
MUNDSCHAU,5
MUNDSCHENK,5
MUNDT,10
MUNDWILLER,5
MUNDY,30
MUNDZ,5
MUNDZIAK,5
MUNERLYN,5
MUNET,5
MUNEY,5
MUNEZ,5
MUNFORD,10
MUNGER,20
MUNGIA,10
MUNGIN,5
MUNGLE,5
MUNGO,10
MUNGUIA,20
MUNHALL,5
MUNI,5
MUNIER,5
MUNINGER,5
MUNION,5
MUNIR,5
MUNIS,5
MUNISE,5
MUNIVEZ,5
MUNIZ,100
MUNK,10
MUNKBERG,5
MUNKS,5
MUNL,5
MUNLEY,5
MUNLIN,5
MUNN,30
MUNNELL,5
MUNNELLY,5
MUNNERLYN,5
MUNNING,5
MUNNIS,5
MUNNO,5
MUNNS,5
MUNO,5
MUNOS,10
MUNOZ,340
MUNRO,20
MUNROE,20
MUNS,5
MUNSCH,10
MUNSELL,10
MUNSELLE,5
MUNSEN,5
MUNSEY,10
MUNSHI,5
MUNSHOWER,5
MUNSINGER,5
MUNSON,70
MUNSTER,5
MUNSTERMAN,5
MUNSTERMANN,5
MUNT,5
MUNTEAN,5
MUNTEANU,5
MUNTER,5
MUNTZ,5
MUNUZ,5
MUNYER,5
MUNYON,5
MUNZ,10
MUNZELL,5
MUNZER,5
MUOIO,5
MUPHY,5
MURA,5
MURACH,5
MURACO,5
MURAD,5
MURAI,5
MURAK,5
MURAKAMI,10
MURAKAWA,5
MURALLES,5
MURALLIES,5
MURAMOTO,5
MURAN,5
MURANAKA,5
MURANO,5
MURANY,5
MURAOKA,5
MURARO,5
MURASKI,5
MURASSO,5
MURAT,5
MURATA,5
MURATALLA,5
MURATORE,5
MURAWSKI,10
MURAY,5
MURAYAMA,5
MURCH,10
MURCHIE,5
MURCHINSON,5
MURCHISON,20
MURCIA,5
MURCKO,5
MURDAUGH,5
MURDEN,5
MURDERS,5
MURDICK,5
MURDOCH,20
MURDOCK,90
MURDOUGH,5
MURDY,5
MURE,5
MUREL,5
MURELLI,5
MURELLO,5
MURESAN,5
MURFF,10
MURFIN,5
MURGA,5
MURGIA,5
MURGUIA,10
MURI,5
MURIE,5
MURIEL,5
MURILLA,5
MURILLO,80
MURIN,5
MURLEY,10
MURNAN,5
MURNANE,5
MURNOCK,5
MURO,20
MUROS,5
MURPH,10
MURPHEY,20
MURPHREE,10
MURPHREY,5
MURPHY,1170
MURR,10
MURRA,5
MURRAH,10
MURRAIN,5
MURRAY,740
MURRELL,50
MURREY,5
MURRI,5
MURRIE,5
MURRIEL,5
MURRIETA,10
MURRIETTA,5
MURRIL,5
MURRILL,10
MURRILLO,5
MURRIN,10
MURRISH,5
MURROCK,5
MURROW,10
MURRUFO,5
MURRY,60
MURSCH,5
MURSKO,5
MURTAGH,10
MURTAUGH,5
MURTHA,10
MURTHY,5
MURTON,5
MURTY,5
MURWIN,5
MURZYCKI,5
MURZYN,5
MURZYNSKI,5
MUSA,5
MUSACCHIA,5
MUSACCHIO,5
MUSANTE,5
MUSCA,5
MUSCARA,5
MUSCARELLA,5
MUSCARELLO,5
MUSCARO,5
MUSCAT,5
MUSCATELLO,5
MUSCATO,5
MUSCENTE,5
MUSCH,5
MUSCHAMP,5
MUSCHAWECK,5
MUSCHETT,5
MUSCHICK,5
MUSCHIK,5
MUSCO,5
MUSCOLINO,5
MUSCOTT,5
MUSE,40
MUSEL,5
MUSEMECHE,5
MUSETTI,5
MUSGRAVE,20
MUSGRAVES,5
MUSGROVE,30
MUSGUIRE,5
MUSHERO,5
MUSHETT,5
MUSHRUSH,5
MUSHTAQ,5
MUSI,5
MUSIAL,10
MUSIC,20
MUSICH,5
MUSICK,20
MUSIELAK,5
MUSIGDILOK,5
MUSIL,5
MUSILLI,5
MUSINSKI,5
MUSITANO,5
MUSKA,5
MUSKE,5
MUSKELLY,5
MUSKETT,5
MUSKOPF,5
MUSKRAT,5
MUSKTHEL,5
MUSKUS,5
MUSLIM,5
MUSNI,5
MUSOLF,5
MUSOLINO,5
MUSQUIZ,5
MUSS,5
MUSSA,5
MUSSE,5
MUSSEL,5
MUSSELL,5
MUSSELMAN,20
MUSSELWHITE,10
MUSSEN,5
MUSSENDEN,5
MUSSER,30
MUSSHORN,5
MUSSLEWHITE,5
MUSSMAN,5
MUSSMANN,5
MUSSO,10
MUSSON,10
MUST,5
MUSTACHE,5
MUSTAFA,10
MUSTAFAA,5
MUSTAIN,5
MUSTARD,5
MUSTARO,5
MUSTER,5
MUSTIAN,5
MUSTIN,5
MUSTO,10
MUSTOE,5
MUSTON,5
MUSTY,5
MUSULIN,5
MUSUMECI,5
MUSZAR,5
MUSZYNSKI,5
MUTA,5
MUTANA,5
MUTART,5
MUTCH,10
MUTCHLER,10
MUTERSPAW,5
MUTH,10
MUTHANA,5
MUTHART,5
MUTHER,5
MUTHERSPAW,5
MUTHIG,5
MUTHLER,5
MUTNER,5
MUTO,5
MUTOLO,5
MUTONE,5
MUTSCHELKNAUS,5
MUTSCHLER,5
MUTTER,10
MUTTERS,5
MUTTON,5
MUTTY,5
MUTZ,5
MUWWAKKIL,5
MUYRES,5
MUYSENBERG,5
MUYSKENS,5
MUZACZ,5
MUZII,5
MUZIO,5
MUZQUIZ,5
MUZYKA,5
MUZZARELLI,5
MUZZEY,5
MUZZILLO,5
MUZZY,5
MWAKITWILE,5
MWAY,5
MYALL,5
MYART,5
MYATT,10
MYCROFT,5
MYER,20
MYERS,830
MYERSCOUGH,5
MYERSON,5
MYES,5
MYHAND,5
MYHR,5
MYHRE,10
MYINT,5
MYKING,5
MYKINS,5
MYKLEBUST,5
MYLAR,5
MYLER,10
MYLES,70
MYLOTT,5
MYNATT,10
MYNEAR,5
MYNHIER,5
MYNNERLYN,5
MYNTTI,5
MYOTT,5
MYRA,5
MYRACLE,5
MYRCK,5
MYRE,5
MYREE,5
MYREN,5
MYRES,10
MYRICK,70
MYRICKS,10
MYRIE,10
MYRLIE,5
MYRMAN,5
MYRON,10
MYRTLE,5
MYRUM,5
MYSAK,5
MYSINGER,5
MYSLIM,5
MYSLIN,5
MYSLINSKI,5
MYSLIWIEC,10
MYTYCH,5
MYUNG,5
NA,10
NAAB,5
NAAS,5
NAASZ,5
NAB,5
NABAROWSKY,5
NABARRETE,5
NABARRO,5
NABAVIAN,5
NABB,5
NABER,10
NABERS,5
NABHAN,5
NABITY,5
NABOR,5
NABORG,5
NABORS,30
NABOURS,5
NABOZNY,5
NABRITT,5
NABZDYK,5
NACAR,5
NACCARATO,10
NACCARI,5
NACCI,5
NACE,10
NACHAZEL,5
NACHBAR,5
NACHMAN,5
NACHMIAS,5
NACHOR,5
NACHTRIEB,5
NACION,5
NACISSE,5
NACK,5
NACKE,5
NACLERIO,5
NACOL,5
NACY,5
NADAL,5
NADDEO,5
NADEAU,80
NADEL,10
NADELBACH,5
NADELL,5
NADELSON,5
NADER,10
NADERI,5
NADERMAN,5
NADILE,5
NADINE,5
NADING,5
NADLER,10
NADOFF,5
NADOLNY,5
NADOLSKI,5
NAECKER,5
NAEF,5
NAEGELE,5
NAEGELI,5
NAEGLE,5
NAEHER,5
NAES,5
NAEVE,5
NAFF,5
NAFFZIGER,5
NAFTALI,5
NAFTEL,5
NAFTZGER,5
NAFTZINGER,5
NAFZIGER,5
NAGAI,5
NAGAMINE,5
NAGANO,5
NAGAO,10
NAGARAJAN,5
NAGASAWA,5
NAGASE,5
NAGATA,10
NAGEL,40
NAGELE,5
NAGELHOUT,5
NAGELKIRK,5
NAGELSCHMIDT,5
NAGENGAST,5
NAGEOTTE,5
NAGER,5
NAGG,5
NAGINDAS,5
NAGLE,40
NAGLER,5
NAGODE,5
NAGORSKI,5
NAGTALON,5
NAGUIN,5
NAGURA,5
NAGY,40
NAHARI,5
NAHAS,5
NAHASS,5
NAHHAS,5
NAHL,5
NAHM,5
NAHMIAS,5
NAHRSTEDT,5
NAHRWOLD,5
NAIDOO,5
NAIDU,5
NAIFEH,5
NAIK,5
NAIL,20
NAILER,5
NAILL,5
NAILLON,5
NAILOR,5
NAILS,5
NAIMAN,5
NAIMOLI,5
NAIR,10
NAIRN,5
NAISH,5
NAITO,5
NAJAR,10
NAJARIAN,5
NAJARRO,5
NAJERA,30
NAJI,5
NAJJAR,5
NAKAAHIKI,5
NAKADA,5
NAKAGAWA,10
NAKAHARA,5
NAKAI,5
NAKAJIMA,5
NAKAMA,5
NAKAMATSU,5
NAKAMORI,5
NAKAMOTO,5
NAKAMURA,30
NAKANISHI,5
NAKANO,10
NAKAO,5
NAKAOKA,5
NAKASHIMA,10
NAKASONE,5
NAKATA,5
NAKATSU,5
NAKAYAMA,10
NAKHLE,5
NAKI,5
NAKKEN,5
NAKONECHNY,5
NALBACH,5
NALBANDIAN,5
NALBONE,5
NALDER,5
NALE,10
NALEPA,5
NALEPKA,5
NALEVANKO,5
NALL,30
NALLEY,20
NALLIE,5
NALLS,10
NALLY,10
NALTY,5
NAM,10
NAMAKA,5
NAMAN,5
NAMANNY,5
NAMANWORTH,5
NAMAUU,5
NAMDAR,5
NAMER,5
NAMEY,5
NAMIHIRA,5
NAMISNAK,5
NAMM,5
NAMPEL,5
NAMSALY,5
NAMUR,5
NAN,5
NANAS,5
NANASY,5
NANCE,100
NANCY,5
NANDA,5
NANES,5
NANEZ,5
NANFITO,5
NANG,5
NANGLE,5
NANI,5
NANIA,5
NANIK,5
NANKA,5
NANKE,5
NANNA,5
NANNEN,5
NANNEY,10
NANNI,5
NANNIE,5
NANNINI,5
NANNY,5
NANSTEEL,5
NANTANAPIBUL,5
NANTHANONG,5
NANTON,5
NANTWI,5
NANTZ,10
NANZ,5
NAO,5
NAOMI,5
NAONE,5
NAP,5
NAPENAS,5
NAPIER,70
NAPIERALA,5
NAPIERALSKI,5
NAPIHAA,5
NAPLES,10
NAPOLEON,10
NAPOLES,5
NAPOLETANO,5
NAPOLI,10
NAPOLITANO,20
NAPP,5
NAPPER,20
NAPPI,10
NAPPIER,5
NAPPO,5
NAPPS,5
NAPUE,5
NAPUTI,5
NAQUIN,60
NAQVI,5
NARAGON,5
NARAIN,5
NARAINE,5
NARAMORE,5
NARANJO,30
NARASIMHAN,5
NARAYAN,5
NARAYANAN,5
NARCISO,5
NARCISSE,10
NARD,5
NARDECCHIA,5
NARDELLA,5
NARDELLI,5
NARDI,10
NARDINI,5
NARDINO,5
NARDO,5
NARDONE,10
NARDOZZI,5
NARDUCCI,5
NARDY,5
NARES,5
NARET,5
NAREZ,5
NARGI,5
NARIMATSU,5
NARINE,5
NARKEVICIUS,5
NARKIER,5
NARLOCK,5
NARO,5
NARON,10
NARR,5
NARRAMORE,5
NARRO,5
NARRON,10
NARROW,5
NARUAEZ,5
NARUM,5
NARVAEZ,30
NARVAIZ,5
NARY,5
NASAIRE,5
NASALROAD,5
NASBY,5
NASCA,5
NASCHKE,5
NASCIMENTO,5
NASE,5
NASELLI,5
NASER,5
NASERS,5
NASES,5
NASH,230
NASHE,5
NASIF,5
NASIR,5
NASLUND,5
NASO,5
NASON,20
NASR,5
NASS,5
NASSAR,10
NASSEF,5
NASSER,10
NASSERI,5
NASSIE,5
NASSIF,5
NASSIMI,5
NASSO,5
NASSON,5
NASSR,5
NAST,5
NASTA,5
NASTASE,5
NASTASI,5
NASTASIA,5
NASTI,5
NASTRI,5
NASUTI,5
NASWORTHY,5
NATAL,10
NATALE,20
NATALELLO,5
NATALI,10
NATALIA,5
NATALIE,5
NATALIZIO,5
NATANI,5
NATCHER,5
NATE,5
NATER,5
NATERA,5
NATEWA,5
NATH,5
NATHAN,30
NATHANIEL,10
NATHANS,5
NATHANSON,10
NATHE,5
NATHO,5
NATHOO,5
NATI,5
NATIELLO,5
NATION,30
NATIONS,20
NATIVIDAD,20
NATOLI,10
NATONABAH,5
NATSIS,5
NATT,5
NATTER,5
NATTIAH,5
NATTRESS,5
NATVIG,5
NATWICK,5
NAU,10
NAUARRO,5
NAUD,5
NAUER,5
NAUFZINGER,5
NAUGHER,5
NAUGHTON,10
NAUGLE,10
NAUGLER,5
NAULT,10
NAUMAN,10
NAUMANN,10
NAUMES,5
NAUMOFF,5
NAUSS,5
NAUYEN,5
NAVA,70
NAVAL,5
NAVALTA,5
NAVAN,5
NAVANJO,5
NAVAPPO,5
NAVAR,5
NAVARETE,5
NAVARETTA,5
NAVARETTE,10
NAVAREZ,5
NAVARO,5
NAVARRA,10
NAVARRATE,5
NAVARRE,10
NAVARRETE,30
NAVARRETTE,10
NAVARRO,200
NAVAS,10
NAVE,20
NAVEDO,5
NAVEED,5
NAVEJA,5
NAVEJAR,5
NAVEJAS,5
NAVES,5
NAVIA,5
NAVIN,5
NAVO,5
NAVONE,5
NAVOR,5
NAVORRO,5
NAVRATIL,5
NAVY,5
NAWDA,5
NAWFEL,5
NAWN,5
NAWROCKI,10
NAWWAR,5
NAY,10
NAYAR,5
NAYEE,5
NAYES,5
NAYLOR,60
NAYMAN,5
NAYSMITH,5
NAZ,5
NAZAIRE,5
NAZAR,5
NAZARENO,5
NAZARI,5
NAZARIAN,5
NAZARIO,20
NAZAROFF,5
NAZE,5
NAZELROD,5
NAZIR,5
NAZZAL,5
NAZZARO,5
NAZZISE,5
NCNEAL,5
NEACE,20
NEAD,5
NEAGLE,10
NEAHR,5
NEAL,390
NEALE,20
NEALEIGH,5
NEALEN,5
NEALER,5
NEALEY,10
NEALIOUS,5
NEALIS,5
NEALL,5
NEALLEY,5
NEALLY,5
NEALON,10
NEALY,30
NEANG,5
NEAR,10
NEARING,5
NEARY,20
NEAS,5
NEASE,10
NEASON,5
NEAT,5
NEATHERY,5
NEAULT,5
NEAVE,5
NEAVES,5
NEBAREZ,5
NEBEKER,10
NEBEL,10
NEBERGALL,5
NEBESNIK,5
NEBESNY,5
NEBGEN,5
NEBLETT,10
NEBLOCK,5
NEBORAK,5
NEBRED,5
NECAISE,20
NECESSARY,5
NECH,5
NECOCHEA,5
NED,10
NEDBALEK,5
NEDD,10
NEDDENRIEP,5
NEDDO,5
NEDEAU,5
NEDELMAN,5
NEDEROSTEK,5
NEDINA,5
NEDLEY,5
NEDMAN,5
NEDROW,5
NEDRY,5
NEDVED,5
NEE,10
NEEB,5
NEECE,10
NEEDAM,5
NEEDELS,5
NEEDHAM,40
NEEDLE,5
NEEDLEMAN,5
NEEDLER,5
NEEDLES,5
NEEDS,5
NEEDY,5
NEEF,5
NEEHOUSE,5
NEEL,30
NEELD,5
NEELEY,40
NEELLY,5
NEELON,5
NEELY,100
NEEMANN,5
NEENAN,5
NEEPER,5
NEER,10
NEERING,5
NEES,10
NEESE,20
NEESER,5
NEESMITH,5
NEESON,5
NEFF,70
NEFZGER,5
NEGBENEBOR,5
NEGLEY,5
NEGLIA,5
NEGLIO,5
NEGRANA,5
NEGRETA,5
NEGRETE,40
NEGRETTE,5
NEGRI,10
NEGRIN,10
NEGRISOR,5
NEGRO,5
NEGRON,70
NEGRONI,5
NEGUS,5
NEHER,10
NEHLS,10
NEHLSEN,5
NEHME,5
NEHMER,5
NEHRING,10
NEHRT,5
NEIBERT,5
NEICE,5
NEID,5
NEIDECKER,5
NEIDENBACH,5
NEIDER,5
NEIDERHISER,5
NEIDERT,5
NEIDHARDT,5
NEIDICH,5
NEIDIG,10
NEIDIGER,5
NEIDLINGER,5
NEIFER,5
NEIFERT,5
NEIFFER,5
NEIFORD,5
NEIGENFIND,5
NEIGER,5
NEIGH,5
NEIGHBOR,5
NEIGHBORS,20
NEIGHBOURS,5
NEIHART,5
NEIHOFF,10
NEIKIRK,5
NEIL,40
NEILAN,5
NEILD,5
NEILING,5
NEILL,40
NEILLY,5
NEILS,5
NEILSEN,10
NEILSON,20
NEIMAN,10
NEIMEYER,5
NEIN,5
NEINER,5
NEIPER,5
NEIRA,5
NEIS,5
NEISEN,5
NEISH,5
NEISIUS,5
NEISLER,5
NEISS,5
NEISWANDER,5
NEISWENDER,5
NEISWOGER,5
NEISWONGER,5
NEITA,5
NEITHER,5
NEITHERCUTT,5
NEITZ,5
NEITZEL,5
NEITZKE,5
NEIVES,5
NEIZER,5
NEJA,5
NEJAIME,5
NEJMAN,5
NEKOLA,5
NELDER,5
NELDON,5
NELISSE,5
NELKE,5
NELL,10
NELLEM,5
NELLENBACK,5
NELLER,5
NELLES,5
NELLI,5
NELLIGAN,10
NELLIS,10
NELLON,5
NELLUM,5
NELLUMS,5
NELMARK,5
NELMES,5
NELMS,30
NELOMS,5
NELON,5
NELSEN,20
NELSON,1620
NELTON,5
NEMAN,5
NEMANI,5
NEMARD,5
NEMBHARD,5
NEMEC,10
NEMECEK,5
NEMER,5
NEMEROFSKY,5
NEMES,5
NEMET,5
NEMETH,20
NEMETS,5
NEMETZ,5
NEMITH,5
NEMITZ,5
NEMOEDE,5
NEMUNAITIS,5
NEMZEK,5
NEMZIN,5
NENEZ,5
NENNI,5
NENNINGER,5
NENNO,5
NEONAKIS,5
NEPA,5
NEPHEW,5
NEPOMUCENO,5
NEPTUNE,5
NERAD,5
NERBONNE,5
NERBY,5
NEREN,5
NERENBERG,5
NERI,20
NERIA,5
NERIO,5
NERIS,5
NERLICH,5
NERN,5
NERNEY,5
NERO,20
NERPIO,5
NERREN,5
NERSESIAN,5
NERVIS,5
NERY,5
NESBETH,5
NESBIT,20
NESBITT,60
NESBY,5
NESHEIM,5
NESHEM,5
NESIN,5
NESKE,5
NESLAND,5
NESLER,10
NESLINE,5
NESLUSAN,5
NESMITH,30
NESS,40
NESSEL,5
NESSELRODT,5
NESSEN,5
NESSER,5
NESSET,5
NESSETH,5
NESSLEIN,5
NESSLER,5
NESSMITH,5
NESSNER,5
NESSPOR,5
NEST,5
NESTEL,5
NESTER,20
NESTI,5
NESTICO,5
NESTINGEN,5
NESTLE,5
NESTLER,5
NESTOR,30
NESVIG,5
NET,5
NETH,10
NETHERCUTT,5
NETHERLAND,5
NETHERTON,10
NETHERY,5
NETHKEN,5
NETHKIN,5
NETKOWICZ,5
NETLAND,5
NETLEY,5
NETO,5
NETOLICKY,5
NETROSIO,5
NETT,5
NETTE,5
NETTER,5
NETTERS,5
NETTERVILLE,5
NETTI,5
NETTIK,5
NETTLE,5
NETTLEINGHAM,5
NETTLES,40
NETTLETON,10
NETTO,10
NETZ,5
NETZEL,5
NETZER,10
NETZLEY,5
NEU,10
NEUBACHER,5
NEUBAUER,20
NEUBAUM,5
NEUBECKER,5
NEUBERGER,5
NEUBERT,5
NEUBIG,5
NEUBURGER,5
NEUBY,5
NEUDECK,5
NEUENDORF,5
NEUENFELDT,5
NEUENSCHWANDE,5
NEUENSWANDER,5
NEUFELD,10
NEUFER,5
NEUFVILLE,5
NEUGEBAUER,5
NEUGENT,5
NEUGIN,5
NEUHART,5
NEUHAUS,10
NEUHAUSER,5
NEUHOFF,5
NEUJAHR,5
NEUMAIER,5
NEUMAN,40
NEUMANN,50
NEUMAYER,5
NEUMEIER,5
NEUMEISTER,5
NEUMEYER,5
NEUMILLER,5
NEUN,5
NEUNDORFER,5
NEUNER,5
NEUROHR,5
NEUSCH,5
NEUSCHWANDER,5
NEUSE,5
NEUSER,5
NEUWEG,5
NEUWIRTH,5
NEUZIL,5
NEV,5
NEVALA,5
NEVARES,5
NEVAREZ,30
NEVARREZ,5
NEVE,5
NEVEL,5
NEVELS,20
NEVENS,5
NEVER,5
NEVERMAN,5
NEVERS,10
NEVERSON,5
NEVES,10
NEVEU,10
NEVEUX,5
NEVIL,5
NEVILL,5
NEVILLE,40
NEVILLES,5
NEVILLS,5
NEVILS,5
NEVIN,10
NEVINGER,5
NEVINS,10
NEVIS,5
NEVISON,5
NEVITT,10
NEVIUS,10
NEVLAND,5
NEVUE,5
NEVWIRTH,5
NEW,40
NEWALL,5
NEWAND,5
NEWARK,5
NEWBALL,5
NEWBAUER,5
NEWBELL,5
NEWBERG,10
NEWBERGER,5
NEWBERN,10
NEWBERRY,50
NEWBERT,5
NEWBERY,5
NEWBILL,10
NEWBOLD,10
NEWBORN,10
NEWBOUND,5
NEWBRAUGH,5
NEWBROUGH,5
NEWBURG,5
NEWBURN,10
NEWBURY,10
NEWBY,60
NEWCOM,5
NEWCOMB,60
NEWCOMBE,10
NEWCOME,5
NEWCOMER,10
NEWELL,120
NEWENLE,5
NEWENS,5
NEWER,5
NEWES,5
NEWEY,5
NEWFIELD,5
NEWGARD,5
NEWGENT,5
NEWHALL,10
NEWHAM,5
NEWHARD,5
NEWHART,5
NEWHOOK,5
NEWHOUSE,20
NEWILL,5
NEWINGHAM,5
NEWITT,5
NEWKIRK,40
NEWLAN,5
NEWLAND,20
NEWLIN,10
NEWLON,10
NEWMAN,360
NEWMANN,5
NEWMARK,5
NEWMEYER,5
NEWMON,5
NEWMYER,5
NEWNAM,5
NEWNESS,5
NEWNHAM,5
NEWNUM,5
NEWPORT,20
NEWQUIST,10
NEWSAM,5
NEWSHAM,5
NEWSOM,50
NEWSOME,110
NEWSON,20
NEWSTEAD,5
NEWSTED,5
NEWSTROM,5
NEWSUM,5
NEWTON,300
NEWTOWN,5
NEWVILLE,5
NEWYEAR,5
NEY,10
NEYACI,5
NEYER,5
NEYHART,5
NEYLAND,5
NEYLON,5
NEYMAN,5
NEYMEYER,5
NEYRA,5
NEZ,20
NEZAT,5
NEZICH,5
NG,50
NGHE,5
NGHIEM,5
NGIN,5
NGO,50
NGOUN,5
NGOV,5
NGUEN,5
NGUEYN,5
NGUY,5
NGUYAN,5
NGUYEN,460
NGUYN,5
NGVYEN,5
NGYUN,5
NHAM,5
NHATSAVANG,5
NHEK,5
NHEP,5
NI,5
NIAN,5
NIANG,5
NIAU,5
NIBBE,5
NIBBS,5
NIBERT,5
NIBLACK,5
NIBLER,5
NIBLETT,10
NIBLOCK,5
NICAR,5
NICARRY,5
NICASTRO,10
NICCOLI,5
NICCUM,5
NICE,10
NICELY,10
NICESWANDER,5
NICEWANDER,5
NICEWARNER,5
NICEWONGER,5
NICHALSON,5
NICHELL,5
NICHELSON,5
NICHLOS,5
NICHOIS,5
NICHOL,10
NICHOLAS,90
NICHOLASON,5
NICHOLE,5
NICHOLES,10
NICHOLL,5
NICHOLLS,20
NICHOLS,600
NICHOLSEN,5
NICHOLSON,220
NICHTER,5
NICI,5
NICK,10
NICKA,5
NICKAS,5
NICKEL,30
NICKELL,20
NICKELS,20
NICKELSON,10
NICKELSTON,5
NICKENBERRY,5
NICKENS,10
NICKERSON,70
NICKESON,5
NICKEY,5
NICKISCH,5
NICKL,5
NICKLAS,10
NICKLAUS,5
NICKLAW,5
NICKLE,10
NICKLEBERRY,5
NICKLES,10
NICKLESON,5
NICKLESS,5
NICKLIEN,5
NICKLIN,5
NICKLOS,5
NICKLOUS,5
NICKLOW,5
NICKODEM,5
NICKOL,5
NICKOLAS,5
NICKOLEY,5
NICKOLICH,5
NICKOLLS,5
NICKOLS,10
NICKOLSON,5
NICKS,10
NICKSON,10
NICLEY,5
NICO,5
NICODEMUS,10
NICOL,10
NICOLA,10
NICOLAI,10
NICOLAIDES,5
NICOLAIS,5
NICOLAISEN,5
NICOLAS,20
NICOLAU,5
NICOLAUS,5
NICOLAY,5
NICOLAYSEN,5
NICOLE,5
NICOLELLA,5
NICOLES,5
NICOLET,5
NICOLETTA,5
NICOLETTE,5
NICOLETTI,10
NICOLI,5
NICOLIA,5
NICOLINI,5
NICOLL,10
NICOLLS,5
NICOLO,5
NICOLOSI,5
NICOLOZAKES,5
NICOLS,5
NICOLSON,5
NICOME,5
NICOMETO,5
NICOSIA,10
NICOSON,5
NICOTERA,5
NICOULIN,5
NIDA,10
NIDAY,5
NIDIFFER,5
NIDO,5
NIE,5
NIEBAUM,5
NIEBEL,5
NIEBERGALL,5
NIEBLA,5
NIEBUHR,10
NIEBYL,5
NIECE,5
NIED,5
NIEDBALA,5
NIEDBALEC,5
NIEDBALSKI,5
NIEDECKEN,5
NIEDENS,5
NIEDER,5
NIEDERBERGER,5
NIEDERER,5
NIEDERHAUS,5
NIEDERHAUSER,5
NIEDERKORN,5
NIEDERMAIER,5
NIEDERMAYER,5
NIEDERMEIER,5
NIEDERMEYER,5
NIEDRINGHAUS,5
NIEDZIELSKI,5
NIEDZWIECKI,5
NIEDZWIEDZ,5
NIEDZWIEDZKI,5
NIEHAUS,10
NIEHOFF,5
NIEHUS,5
NIEL,5
NIELAND,5
NIELD,5
NIELSEN,130
NIELSON,50
NIEMAN,10
NIEMANN,10
NIEMANTS,5
NIEMCZYK,5
NIEMEIER,5
NIEMELA,5
NIEMEYER,10
NIEMI,20
NIEMIE,5
NIEMIEC,5
NIEMIEL,5
NIEMIETZ,5
NIEMINEN,5
NIEMITZIO,5
NIENABER,5
NIENG,5
NIENHAUS,5
NIENHUIS,5
NIENOW,5
NIER,5
NIERATKO,5
NIERENBERG,5
NIERER,5
NIERMAN,5
NIERMANN,5
NIES,10
NIESBORELLA,5
NIESE,5
NIESEN,5
NIESENT,5
NIESMAN,5
NIESPOREK,5
NIESS,5
NIETFELDT,5
NIETHAMER,5
NIETO,50
NIETUPSKI,5
NIETZER,5
NIEVA,5
NIEVAS,5
NIEVES,120
NIEWIADOMSKI,5
NIEWIEROSKI,5
NIEZ,5
NIEZGODA,5
NIFFENEGGER,5
NIFONG,5
NIFOROS,5
NIGG,5
NIGGEMANN,5
NIGH,5
NIGHBERT,5
NIGHBOR,5
NIGHMAN,5
NIGHSWANDER,5
NIGHT,5
NIGHTENGALE,5
NIGHTINGALE,10
NIGHTLINGER,5
NIGHTWINE,5
NIGL,5
NIGLIO,5
NIGON,5
NIGRO,10
NIHART,5
NIHEI,5
NIHEU,5
NII,5
NIIMI,5
NIK,5
NIKACH,5
NIKAIDO,5
NIKAS,5
NIKIRK,5
NIKKEL,5
NIKOCEVIC,5
NIKODEM,5
NIKOLAI,5
NIKOLAS,5
NIKOLIC,5
NIKSICH,5
NIKULA,5
NILA,5
NILAN,5
NILAND,5
NILES,40
NILGES,5
NILL,5
NILLES,10
NILMEIER,5
NILSBY,5
NILSEN,10
NILSON,10
NILSSON,20
NIM,5
NIMICK,5
NIMMER,5
NIMMO,10
NIMMONS,10
NIMOCKS,5
NIMON,5
NIMOX,5
NIMROD,5
NIMS,10
NIMTZ,5
NIMURA,5
NIMZ,5
NIN,5
NINA,5
NINCEHELSOR,5
NINDORF,5
NINE,5
NINER,5
NINH,5
NINI,5
NINKE,5
NINNEMAN,5
NINNEMANN,5
NINNESS,5
NINO,20
NINOS,5
NIP,5
NIPP,10
NIPPE,5
NIPPER,10
NIPPERT,5
NIPPLE,5
NIPPS,5
NIQUETTE,5
NIRENBERG,5
NIRMAIER,5
NIRO,5
NIRSCHL,5
NISBET,10
NISBETT,10
NISBIT,5
NISH,5
NISHI,5
NISHIDA,10
NISHIGUCHI,5
NISHIHARA,5
NISHIKAWA,5
NISHIMORI,5
NISHIMOTO,5
NISHIMURA,10
NISHINA,5
NISHIO,5
NISHIOKA,5
NISHITANI,5
NISHIYAMA,5
NISKALA,5
NISKANEN,5
NISLEY,5
NISLY,5
NISONGER,5
NISS,5
NISSALKE,5
NISSAN,5
NISSEN,20
NISSILA,5
NISSLEY,5
NIST,5
NISTENDIRK,5
NISTLER,5
NISWANDER,5
NISWENDER,5
NISWONGER,5
NITA,5
NITCHALS,5
NITCHER,5
NITCHMAN,5
NITEN,5
NITKA,5
NITKOWSKI,5
NITSCHE,5
NITSCHKE,5
NITTA,10
NITTERHOUSE,5
NITTI,5
NITTINGER,5
NITTLER,5
NITZ,10
NITZEL,5
NITZKOWSKI,5
NITZSCHE,5
NITZSCHKE,5
NIU,5
NIVALA,5
NIVAR,5
NIVEN,10
NIVENS,10
NIVER,5
NIVERSON,5
NIVES,5
NIVISON,5
NIWA,5
NIX,100
NIXA,5
NIXION,5
NIXON,180
NIXSON,5
NIZIOL,5
NIZIOLEK,5
NIZNIK,5
NIZO,5
NJANGO,5
NJIE,5
NJOKU,5
NKOMO,5
NKUKU,5
NO,5
NOA,5
NOACK,10
NOAH,20
NOAKES,5
NOAKS,5
NOBBE,5
NOBEL,5
NOBILE,5
NOBIS,5
NOBLE,170
NOBLES,50
NOBLET,5
NOBLETT,5
NOBLIN,5
NOBLITT,10
NOBOA,5
NOBREGA,5
NOBREGAS,5
NOBRIGA,5
NOCAR,5
NOCEK,5
NOCELLA,5
NOCERA,10
NOCITO,5
NOCK,10
NOCKAI,5
NOCKELS,5
NOCKET,5
NOCKS,5
NOCON,5
NOCUM,5
NODA,10
NODAL,5
NODARSE,5
NODD,5
NODINE,5
NODLAND,5
NODURFT,5
NOE,50
NOECKER,5
NOEGEL,5
NOEL,120
NOELDNER,5
NOELL,10
NOENS,5
NOERENBERG,5
NOERR,5
NOETHIGER,5
NOEY,5
NOFFSINGER,5
NOFSINGER,5
NOFTSGER,5
NOFTSIER,5
NOFZIGER,5
NOGA,10
NOGALES,5
NOGGLE,10
NOGGLER,5
NOGGLES,5
NOGLE,5
NOGODA,5
NOGOSEK,5
NOGOWSKI,5
NOGUCHI,5
NOGUEDA,5
NOGUEIRA,5
NOGUERA,10
NOGUERAS,5
NOH,5
NOHE,5
NOHEL,5
NOIA,5
NOICE,5
NOISEUX,5
NOJIRI,5
NOKE,5
NOKES,10
NOKKEN,5
NOKLEBY,5
NOL,5
NOLA,5
NOLAN,160
NOLAND,50
NOLASCO,10
NOLAU,5
NOLAZCO,5
NOLD,10
NOLDA,5
NOLDE,5
NOLDEN,5
NOLDER,5
NOLE,5
NOLEN,50
NOLES,10
NOLET,5
NOLETTE,10
NOLF,5
NOLFE,5
NOLI,5
NOLIE,5
NOLIN,10
NOLL,30
NOLLE,5
NOLLER,5
NOLLET,5
NOLLETTE,5
NOLLEY,5
NOLLMAN,5
NOLLORA,5
NOLT,5
NOLTE,20
NOLTENSMEIER,5
NOLTING,10
NOLTON,5
NOMAN,5
NOMMAY,5
NOMURA,5
NONAKA,5
NONAMAKER,5
NONDORF,5
NONEMAKER,5
NONEMAN,5
NONES,5
NONNEMACHER,5
NONO,5
NONROE,5
NONU,5
NOOE,5
NOOMAN,5
NOON,10
NOONAN,40
NOONE,10
NOONER,5
NOONEY,5
NOONKESTER,10
NOONON,5
NOOR,5
NOORANI,5
NOORDA,5
NOORDAM,5
NOORI,5
NOORIGIAN,5
NOP,5
NOPACHAI,5
NOPPER,5
NORA,5
NORALES,5
NORALS,5
NORAT,5
NORBECK,5
NORBERG,10
NORBO,5
NORBURY,5
NORBY,10
NORCIA,5
NORCOTT,5
NORCROSS,10
NORD,20
NORDAHL,5
NORDAN,5
NORDBERG,10
NORDBY,5
NORDEEN,5
NORDELL,5
NORDEN,10
NORDENSON,5
NORDENSTROM,5
NORDER,5
NORDES,5
NORDGREN,5
NORDHOFF,5
NORDICK,5
NORDIN,10
NORDINE,5
NORDLIE,5
NORDLING,5
NORDLINGER,5
NORDLUND,5
NORDMAN,10
NORDMANN,5
NORDMARK,5
NORDMEYER,5
NORDON,5
NORDQUIST,10
NORDSIEK,5
NORDSTRAND,5
NORDSTROM,20
NORDWALL,5
NORDYKE,5
NORE,5
NORED,5
NOREEN,5
NOREIGA,5
NOREM,5
NOREN,10
NORENA,5
NORENBERG,5
NORFLEET,30
NORFOLK,5
NORG,5
NORGAARD,5
NORGARD,5
NORI,5
NORIEGA,40
NORIEGO,5
NORIS,5
NORISE,5
NORK,5
NORKAITIS,5
NORKIN,5
NORKO,5
NORKUS,5
NORLAND,5
NORLANDER,5
NORLEY,5
NORLIEN,5
NORLIN,5
NORLING,5
NORLUND,5
NORMA,5
NORMAN,280
NORMAND,10
NORMANDEAU,5
NORMANDIN,10
NORMANN,5
NORMENT,5
NORMINGTON,5
NORMOYLE,5
NORN,5
NORQUEST,5
NORQUIST,5
NORR,5
NORRED,10
NORRELL,10
NORRICK,5
NORRID,5
NORRIE,5
NORRINGTON,5
NORRIS,350
NORRIX,5
NORROD,5
NORSAGANAY,5
NORSE,5
NORSEN,5
NORSETH,5
NORSEWORTHY,5
NORSINGLE,5
NORSKOG,5
NORSTRAND,5
NORSTROM,5
NORSTRUD,5
NORSWORTHY,10
NORTESANO,5
NORTH,70
NORTHAM,5
NORTHAN,5
NORTHCOTE,5
NORTHCOTT,5
NORTHCRAFT,5
NORTHCROSS,5
NORTHCUT,5
NORTHCUTT,20
NORTHERN,20
NORTHEY,5
NORTHINGTON,10
NORTHOUSE,5
NORTHOVER,5
NORTHROP,10
NORTHRUP,10
NORTHUM,5
NORTHUP,10
NORTHWAY,5
NORTHWOOD,5
NORTON,240
NORTZ,5
NORUM,5
NORVELL,20
NORVIEL,5
NORVILLE,5
NORWAY,5
NORWELL,5
NORWOOD,100
NORZAGARAY,5
NOSACKA,5
NOSAL,10
NOSBISCH,5
NOSE,5
NOSEFF,5
NOSEK,5
NOSEL,5
NOSER,5
NOSIS,5
NOSS,5
NOSSETT,5
NOST,5
NOSTRAND,5
NOSTRO,5
NOSWORTHY,5
NOTAH,5
NOTARI,5
NOTARNICOLA,5
NOTARO,5
NOTCH,5
NOTEBOOM,5
NOTESTINE,5
NOTH,5
NOTHACKER,5
NOTHEM,5
NOTHNAGEL,5
NOTHSTEIN,5
NOTHSTINE,5
NOTHUM,5
NOTICE,5
NOTIK,5
NOTIS,5
NOTLEY,5
NOTO,10
NOTOMA,5
NOTOWICH,5
NOTOWITZ,5
NOTT,10
NOTTAGE,5
NOTTE,5
NOTTER,5
NOTTI,5
NOTTINGHAM,20
NOTTO,5
NOTWICK,5
NOUD,5
NOUJAIM,5
NOULLET,5
NOUN,5
NOURI,5
NOURSE,10
NOURY,5
NOUTH,5
NOVA,10
NOVACEK,5
NOVACK,10
NOVAD,5
NOVAK,100
NOVAKOVICH,5
NOVARA,5
NOVAS,5
NOVEL,5
NOVELL,5
NOVELLI,5
NOVELLINO,5
NOVELLO,10
NOVELLY,5
NOVEMBER,5
NOVEMBRE,5
NOVENCIDO,5
NOVETSKY,5
NOVI,5
NOVICK,10
NOVICKI,5
NOVICKIS,5
NOVIDA,5
NOVIELLI,5
NOVIELLO,5
NOVIK,5
NOVIKOFF,5
NOVINGER,5
NOVITSKE,5
NOVITSKI,5
NOVITSKY,5
NOVO,5
NOVOA,10
NOVOSEL,5
NOVOTNY,30
NOVY,5
NOWACK,5
NOWACKI,10
NOWACZYK,5
NOWAK,50
NOWAKOWSKI,10
NOWDEN,5
NOWELL,20
NOWICK,5
NOWICKI,20
NOWINSKI,5
NOWITZKE,5
NOWLAN,5
NOWLAND,5
NOWLEN,5
NOWLEY,5
NOWLIN,30
NOWLING,5
NOWOSADKO,5
NOWOSIELSKI,5
NOWZARI,5
NOXON,5
NOY,5
NOYA,5
NOYD,5
NOYE,5
NOYER,5
NOYES,40
NOYOLA,10
NOZICK,5
NOZICKA,5
NOZUM,5
NQUYEN,5
NUANES,5
NUARA,5
NUBER,5
NUCCI,5
NUCCIO,5
NUCCITELLI,5
NUCE,5
NUCHOLS,5
NUCKELS,5
NUCKLES,5
NUCKLOS,5
NUCKOLES,5
NUCKOLLS,10
NUCKOLS,10
NUDELMAN,5
NUDING,5
NUESCA,5
NUESSEN,5
NUESSLE,5
NUETZMAN,5
NUFFER,5
NUGAL,5
NUGEN,5
NUGENT,60
NUHFER,5
NUHN,5
NULISCH,5
NULL,30
NULLE,5
NULPH,5
NULTY,5
NUMAN,5
NUMBER,5
NUMBERS,100
NUMKENA,5
NUNAMAKER,5
NUNCIO,5
NUNEMAKER,5
NUNER,5
NUNERY,5
NUNES,30
NUNEV,5
NUNEZ,260
NUNGESSER,5
NUNIZ,5
NUNLEE,5
NUNLEY,30
NUNMAKER,5
NUNN,60
NUNNALLY,20
NUNNELEE,5
NUNNELLEY,5
NUNNENKAMP,5
NUNNERY,10
NUNNO,5
NUNO,10
NUNOZ,5
NUNTARAY,5
NUNZ,5
NUNZIATA,5
NUNZIATO,5
NUON,5
NUQUE,5
NURIDDIN,5
NURMI,5
NURNBERGER,5
NURRE,5
NURSE,10
NURTHEN,5
NUSBAUM,10
NUSE,5
NUSH,5
NUSOM,5
NUSS,10
NUSSBAUM,10
NUSSBAUMER,5
NUSSER,5
NUSSEY,5
NUSZ,5
NUTALL,5
NUTE,5
NUTH,5
NUTILE,5
NUTLEY,5
NUTT,30
NUTTALL,10
NUTTER,30
NUTTING,10
NUTZMANN,5
NUUANU,5
NUVALLIE,5
NUXOLL,5
NUZBACK,5
NUZENSKI,5
NUZUM,5
NUZZI,5
NUZZO,10
NWABEKE,5
NWACHUKWU,5
NWADIORA,5
NWAGBARA,5
NWAKANMA,5
NWANKWO,5
NY,5
NYAHAY,5
NYBERG,10
NYBO,5
NYCE,5
NYCUM,5
NYDAM,5
NYDEGGER,5
NYDICK,5
NYE,40
NYENHUIS,5
NYGAARD,10
NYGARD,5
NYGARO,5
NYGREN,5
NYHAN,5
NYHOLM,5
NYHUS,5
NYKIEL,5
NYLAND,5
NYLANDER,5
NYLEN,5
NYLIN,5
NYLUND,5
NYMAN,10
NYPAVER,5
NYQUIST,10
NYREEN,5
NYSETH,5
NYSETHER,5
NYSTROM,10
NYSWONGER,5
NYULASSY,5
OACHS,5
OAJACA,5
OAK,5
OAKDEN,5
OAKES,80
OAKESON,5
OAKEY,5
OAKLAND,5
OAKLEAF,5
OAKLEY,70
OAKMAN,10
OAKS,30
OAR,5
OARD,5
OARE,5
OAS,5
OATES,30
OATFIELD,5
OATHOUT,5
OATIS,5
OATLEY,5
OATMAN,10
OATNEY,5
OATRIDGE,5
OATS,5
OAXACA,5
OBA,5
OBAKER,5
OBALLE,5
OBANDO,10
OBANION,10
OBANNER,5
OBANNION,5
OBANNON,10
OBAR,5
OBARR,5
OBAS,5
OBBINK,5
OBEID,5
OBEIRNE,5
OBENAUER,5
OBENCHAIN,5
OBENG,5
OBENSHAIN,5
OBER,10
OBERBECK,5
OBERDICK,5
OBERDIER,5
OBERDORF,5
OBERER,5
OBERFELL,5
OBERG,20
OBERGFELL,5
OBERHAUS,5
OBERHAUSEN,5
OBERHELMAN,5
OBERHOLTZER,5
OBERHOLZER,5
OBERLANDER,10
OBERLE,10
OBERLEY,5
OBERLIES,5
OBERLIN,10
OBERLOH,5
OBERLY,5
OBERMAN,5
OBERMANN,5
OBERMEIER,5
OBERMEYER,5
OBERMIER,5
OBERMILLER,5
OBERMOELLER,5
OBERMULLER,5
OBERPRILLER,5
OBERRY,10
OBERSKI,5
OBERSON,5
OBERST,5
OBERT,5
OBERY,5
OBESO,5
OBEY,5
OBHOF,5
OBHOLZ,5
OBI,5
OBIANO,5
OBIE,5
OBIERNE,5
OBIESIE,5
OBIN,5
OBLAK,5
OBLANDER,5
OBLENESS,5
OBLETON,5
OBLINGER,5
OBLINSKI,5
OBLOW,5
OBNEGON,5
OBORNE,5
OBORNY,5
OBOYLE,10
OBRADOVICH,5
OBRAY,5
OBRECHT,5
OBREGON,10
OBREIN,5
OBREMSKI,5
OBRIAN,20
OBRIANT,5
OBRIEN,390
OBRINGER,5
OBRION,5
OBRIST,5
OBRYAN,30
OBRYANT,20
OBRYON,5
OBRZUT,5
OBST,5
OBSTFELD,5
OBY,5
OBYRNE,10
OCACIO,5
OCAIN,5
OCALLAGHAN,10
OCALLAHAN,5
OCAMB,5
OCAMPO,40
OCANA,5
OCANAS,5
OCANAZ,5
OCANO,5
OCARROLL,5
OCASIO,40
OCCHINO,5
OCCHIOGROSSO,5
OCCHIPINTI,10
OCCHUIZZO,5
OCEAN,5
OCEGUEDA,5
OCEGUERA,10
OCEJO,5
OCENASEK,5
OCH,5
OCHA,5
OCHAKOVSKY,5
OCHAL,5
OCHALEK,5
OCHELTREE,5
OCHIAI,5
OCHILTREE,5
OCHINANG,5
OCHOA,150
OCHOCKI,5
OCHOTORENA,5
OCHS,30
OCHSENBEIN,5
OCHSNER,5
OCHWAT,5
OCKEN,5
OCKENFELS,5
OCKER,5
OCKERMAN,5
OCKEY,5
OCKIMEY,5
OCKLEBERRY,5
OCKMAN,5
OCKMOND,5
OCLAIR,5
OCON,5
OCONNEL,5
OCONNELL,120
OCONNER,30
OCONNOR,220
OCONOR,5
OCRAN,5
OCTAVE,5
OCUS,5
OCZON,5
ODA,5
ODAIR,5
ODAM,5
ODANIEL,10
ODAY,10
ODDEN,5
ODDI,5
ODDO,10
ODE,5
ODEA,10
ODEAR,5
ODEBRALSKI,5
ODEGAARD,10
ODEGARD,5
ODEH,5
ODEKIRK,5
ODELL,120
ODEM,5
ODEMS,5
ODEN,30
ODENHEIMER,5
ODENS,5
ODENWALD,5
ODER,5
ODERKIRK,5
ODERMOTT,5
ODESS,5
ODETTE,5
ODGEN,5
ODGERS,5
ODHAM,5
ODHNER,5
ODIASE,5
ODIEN,5
ODIL,5
ODIN,5
ODIORNE,5
ODLE,10
ODMARK,5
ODNEAL,5
ODO,5
ODOHERTY,5
ODOM,130
ODOME,5
ODOMES,5
ODOMS,10
ODON,5
ODONAHUE,5
ODONAL,5
ODONALD,5
ODONELL,5
ODONNEL,5
ODONNELL,140
ODONOGHUE,10
ODONOVAN,5
ODOR,5
ODORE,5
ODORIZZI,5
ODOUGHERTY,5
ODOWD,5
ODRISCOLL,10
ODUM,30
ODUMS,5
ODWYER,5
OECHSLE,5
OEDEKERK,5
OEDER,5
OEFTGER,5
OEHL,5
OEHLENSCHLAGE,5
OEHLER,10
OEHLERT,5
OEHLSCHLAGER,5
OEHM,5
OEHMIG,5
OEHMKE,5
OEHRLE,5
OEHRLEIN,5
OELER,5
OELKE,5
OELSCHLAEGER,5
OELSCHLAGER,5
OELTJEN,5
OELZE,5
OEN,5
OERTEL,5
OERTHER,5
OERTLE,5
OESCH,5
OEST,5
OESTERLE,5
OESTERLING,5
OESTERREICH,5
OESTMANN,5
OESTREICH,10
OESTREICHER,5
OETKEN,5
OETTING,5
OETZEL,5
OFALLON,5
OFARRELL,10
OFER,5
OFF,5
OFFEN,5
OFFENBACKER,5
OFFENBERGER,5
OFFER,5
OFFERDAHL,5
OFFERMAN,5
OFFERMANN,5
OFFICER,10
OFFIELD,5
OFFILL,5
OFFLEY,5
OFFNER,5
OFFORD,5
OFFRET,5
OFFUTT,10
OFLAHERTY,5
OFLAHRITY,5
OFLYNN,5
OFSAK,5
OFTEDAHL,5
OGALDEZ,5
OGAMI,5
OGAN,10
OGANDO,5
OGANESIAN,5
OGANS,5
OGANYAN,5
OGARA,10
OGARRO,5
OGAS,5
OGASAWARA,5
OGATA,10
OGAWA,10
OGAZ,5
OGBONNAYA,5
OGBORN,5
OGBURN,20
OGDEN,70
OGE,5
OGEEN,5
OGEN,5
OGER,5
OGG,10
OGIAMIEN,5
OGIBA,5
OGIER,5
OGILIVE,5
OGILVIE,10
OGINSKI,5
OGLE,50
OGLES,10
OGLESBEE,5
OGLESBY,40
OGLETREE,20
OGLEY,5
OGORMAN,10
OGRADY,20
OGRAM,5
OGREN,10
OGRODOWICZ,5
OGSTON,5
OGUENDO,5
OGUIN,5
OGUINN,5
OGUNYEMI,5
OGUTU,5
OGWIN,5
OGWYNN,5
OGZEWALLA,5
OH,30
OHAGAN,10
OHAIR,5
OHAIRE,5
OHALLORAN,10
OHAN,5
OHANESIAN,5
OHANIAN,5
OHANLEY,5
OHANLON,10
OHARA,80
OHARE,20
OHARRA,5
OHARROLL,5
OHASHI,5
OHAVER,5
OHAYON,5
OHEARN,10
OHERN,5
OHERON,5
OHERRON,5
OHL,10
OHLAND,5
OHLE,5
OHLEMACHER,5
OHLEN,5
OHLENBUSCH,5
OHLENDORF,5
OHLENSEHLEN,5
OHLER,10
OHLHAUSER,5
OHLINGER,5
OHLMACHER,5
OHLMANN,5
OHLRICH,5
OHLSEN,5
OHLSON,10
OHLSSON,5
OHLUND,5
OHM,5
OHMAN,10
OHMANN,5
OHME,5
OHMEN,5
OHMER,5
OHMIE,5
OHMIT,5
OHMS,5
OHNO,5
OHNSTAD,5
OHORA,5
OHOTNICKY,5
OHOTTO,5
OHR,5
OHREN,5
OHRENICH,5
OHRNSTEIN,5
OHRT,5
OHS,5
OHTA,5
OHYAMA,5
OIEDA,5
OIEN,5
OILER,5
OILVARES,5
OINES,5
OINONEN,5
OISHI,5
OJA,10
OJALA,5
OJANEN,5
OJANO,5
OJARD,5
OJEDA,50
OJIMA,5
OJITO,5
OK,5
OKA,5
OKADA,5
OKAFOR,5
OKAJIMA,5
OKAMOTO,10
OKAMURA,5
OKANE,10
OKANO,5
OKAZAKI,5
OKEEFE,50
OKEEFFE,5
OKEKE,5
OKEL,5
OKELBERRY,5
OKELLEY,20
OKELLY,10
OKEN,5
OKERBLOM,5
OKERLUND,5
OKERSON,5
OKESON,5
OKEY,5
OKI,5
OKIE,5
OKIHARA,5
OKIMOTO,5
OKIN,5
OKINAKA,5
OKINO,5
OKINS,5
OKITSU,5
OKKEN,5
OKOJIE,5
OKOLI,5
OKOLO,5
OKON,5
OKONEK,5
OKONIEWSKI,5
OKONSKI,5
OKOREN,5
OKORO,5
OKORONKWO,5
OKORUDUDU,5
OKOYE,5
OKRAY,5
OKRENT,5
OKSEN,5
OKTAVEC,5
OKUBO,5
OKUDA,5
OKUHARA,5
OKULA,5
OKULEY,5
OKUMOTO,5
OKUMURA,5
OKUN,5
OKUNA,5
OKUNIEWSKI,5
OKUNO,5
OKURA,5
OKUTSU,5
OKWUONA,5
OLAES,5
OLAFSON,5
OLAGUE,10
OLAH,5
OLALDE,5
OLAN,5
OLAND,5
OLANDER,10
OLANO,5
OLARTE,5
OLAUGHLIN,10
OLAUSEN,5
OLAVARRIA,5
OLAY,5
OLAYA,5
OLAZABAL,5
OLBERDING,5
OLBRISH,5
OLCKHART,5
OLCOTT,5
OLCUS,5
OLD,10
OLDAKER,10
OLDAKOWSKI,5
OLDANI,5
OLDE,5
OLDEN,10
OLDENBURG,10
OLDENBURGER,5
OLDENKAMP,5
OLDER,5
OLDERSHAW,5
OLDFATHER,5
OLDFIELD,10
OLDHAM,50
OLDING,5
OLDOW,5
OLDRIDGE,5
OLDROYD,5
OLDS,30
OLEA,10
OLEARY,70
OLECKI,5
OLEJARSKI,5
OLEJARZ,5
OLEJNICZAK,5
OLEKSA,5
OLEKSIAK,5
OLEKSY,5
OLEN,5
OLENICK,5
OLENIUS,5
OLENSKI,5
OLER,5
OLERUD,5
OLES,10
OLESEN,10
OLESKIEWICZ,5
OLESKY,5
OLESNEVICH,5
OLESON,10
OLEVEDA,5
OLEVERA,5
OLEWINE,5
OLEWINSKI,5
OLEXA,5
OLEXY,5
OLEY,5
OLFERS,5
OLGIN,5
OLGUIN,20
OLGVIN,5
OLHEISER,5
OLIDE,5
OLIEN,5
OLIFF,5
OLIGEE,5
OLIGER,5
OLIGSCHLAEGER,5
OLIN,20
OLINE,5
OLINGER,20
OLINGHOUSE,5
OLINICK,5
OLINSKY,5
OLIPHANT,30
OLIS,5
OLIVA,40
OLIVAR,10
OLIVARES,50
OLIVAREZ,40
OLIVARRA,5
OLIVARRES,5
OLIVARRI,5
OLIVARRIA,10
OLIVAS,40
OLIVE,30
OLIVEIRA,30
OLIVEN,5
OLIVENCIA,5
OLIVER,500
OLIVERA,20
OLIVERAS,10
OLIVERES,5
OLIVERI,10
OLIVERIA,5
OLIVERIO,10
OLIVERO,5
OLIVEROS,10
OLIVERS,5
OLIVERSON,5
OLIVES,5
OLIVIA,5
OLIVID,5
OLIVIER,20
OLIVIERA,5
OLIVIERI,10
OLIVIO,5
OLIVO,30
OLIVOS,5
OLK,5
OLKOWSKI,5
OLLAR,5
OLLECH,5
OLLENDICK,5
OLLER,10
OLLHOFF,5
OLLI,5
OLLIE,10
OLLIFF,5
OLLIG,5
OLLILA,5
OLLIS,10
OLLISON,5
OLLIVER,5
OLLIVIER,5
OLLIVIERRE,5
OLLMANN,5
OLLOM,5
OLLOQUI,5
OLM,5
OLMA,5
OLMEDA,10
OLMEDO,5
OLMO,10
OLMOS,20
OLMSCHEID,5
OLMSTEAD,40
OLMSTED,10
OLNES,5
OLNEY,20
OLNICK,5
OLOFSON,5
OLONA,5
OLORES,5
OLOUGHLIN,10
OLOWE,5
OLP,5
OLPIN,5
OLQUIN,5
OLRICH,5
OLSBY,5
OLSEN,200
OLSHAN,5
OLSHEFSKI,5
OLSIN,5
OLSON,550
OLSSON,10
OLSTAD,5
OLSTEN,5
OLSZEWSKI,20
OLSZOWKA,5
OLTEN,5
OLTHOFF,5
OLTMAN,5
OLTMANNS,5
OLTON,5
OLTREMARI,5
OLTROGGE,5
OLTZ,5
OLUBUNMI,5
OLUFSON,5
OLUP,5
OLVEDA,5
OLVEDO,5
OLVEIRA,5
OLVERA,40
OLVERSON,5
OLVEY,5
OLWIN,5
OLYNGER,5
OMAHONY,5
OMALLEY,40
OMAN,10
OMAR,10
OMARA,20
OMARAH,5
OMARY,5
OMDAHL,5
OMEARA,10
OMELIA,5
OMER,5
OMERNIK,5
OMERSA,5
OMINELLI,5
OMLAND,5
OMLI,5
OMLIN,5
OMMEN,5
OMO,5
OMOHUNDRO,5
OMOTO,5
OMOYOSI,5
OMS,5
OMTIVEROS,5
OMULLAN,5
OMUNDSON,5
OMURA,5
ON,5
ONA,5
ONAGA,5
ONAN,5
ONCALE,5
ONDECK,5
ONDERSMA,5
ONDIC,5
ONDIK,5
ONDO,5
ONDREY,5
ONDRICK,5
ONDRUSEK,5
ONEAL,220
ONEALE,5
ONEEL,5
ONEIL,120
ONEILL,160
ONELL,5
ONEY,10
ONEZNE,5
ONG,20
ONIEL,5
ONIELL,5
ONIFADE,5
ONISHEA,5
ONISHI,5
ONISICK,5
ONITSUKA,5
ONKEN,5
ONKS,5
ONKST,5
ONLEY,5
ONNEN,5
ONO,10
ONOFRE,5
ONOFRIO,5
ONORATA,5
ONORATI,5
ONORATO,10
ONSGARD,5
ONSTAD,5
ONSTEAD,5
ONSTOTT,5
ONSUREZ,5
ONTIVEROS,40
ONTIVEROZ,5
ONTKO,5
ONUKOGU,5
ONUSKO,5
ONWUNLI,5
ONYEAGU,5
ONYEANUS,5
OOLEY,5
OOMMEN,5
OOSTERHOF,5
OOTEN,5
OOTON,5
OPAKA,5
OPAL,5
OPALICKI,5
OPALKA,5
OPARA,5
OPATRNY,5
OPATZ,5
OPDAHL,5
OPDYKE,5
OPEKA,5
OPEL,5
OPELA,5
OPELL,5
OPENSHAW,5
OPET,5
OPFER,5
OPHEIM,5
OPHER,5
OPHUS,5
OPICHKA,5
OPIE,5
OPIELA,5
OPIELSKI,5
OPIOLA,5
OPITZ,10
OPLAND,5
OPLINGER,5
OPOIEN,5
OPOKA,5
OPP,10
OPPEGARD,5
OPPEL,5
OPPELT,5
OPPENHEIM,10
OPPENHEIMER,10
OPPENLANDER,5
OPPER,5
OPPERMAN,10
OPPLIGER,5
OPPY,5
OPRAY,5
OPSAHL,5
OPSTEIN,5
OPTEYNDT,5
OPULA,5
OPUNUI,5
OPYD,5
OQUENDA,5
OQUENDO,20
OQUIN,5
OQUINN,20
OR,5
ORA,5
ORABONE,5
ORABUENA,5
ORAHOOD,5
ORAM,10
ORAMA,5
ORAN,5
ORANDELLO,5
ORANGE,20
ORANSKY,5
ORANTES,5
ORAS,5
ORAVEC,5
ORAVETZ,5
ORAZINE,5
ORBAKER,5
ORBAN,5
ORBECK,5
ORBIN,5
ORBISON,10
ORCE,5
ORCHARD,10
ORCHOLSKI,5
ORCUTT,20
ORD,5
ORDAHL,5
ORDAL,5
ORDAS,5
ORDAZ,10
ORDAZZO,5
ORDENEAUX,5
ORDING,5
ORDIWAY,5
ORDMAN,5
ORDNER,5
ORDON,5
ORDONA,5
ORDONES,5
ORDONEZ,30
ORDORICA,5
ORDOYNE,5
ORDUNA,10
ORDUNO,5
ORDWAY,10
ORE,10
OREA,5
OREAR,10
OREB,5
OREBAUGH,5
OREE,5
OREFICE,5
OREGAN,5
OREGEL,5
OREGON,5
OREHEK,5
OREILLY,30
OREILY,5
OREJEL,5
OREJUELA,5
ORELLAMA,5
ORELLANA,30
ORELLANO,5
OREM,10
OREN,10
ORENDAIN,5
ORENDER,5
ORENDORFF,5
ORENGO,5
ORENSTEIN,10
ORES,5
ORESKOVICH,5
OREWILER,5
OREY,5
ORF,5
ORFF,5
ORFORD,5
ORGAIN,5
ORGAN,10
ORGANEK,5
ORGANISTA,5
ORGERON,5
ORGILL,5
ORGOVAN,5
ORHENKOWSKI,5
ORI,5
ORICK,5
ORIE,5
ORIELLEY,5
ORIELLY,5
ORIGER,5
ORIHUELA,5
ORILEY,5
ORILLION,5
ORINES,5
ORIO,5
ORIOL,5
ORION,5
ORIORDAN,5
ORIS,5
ORISON,5
ORITI,5
ORITZ,10
ORIZABAL,5
ORIZETTI,5
ORJI,5
ORK,5
ORKIN,5
ORKWIS,5
ORLAND,5
ORLANDER,5
ORLANDI,10
ORLANDO,40
ORLEANS,5
ORLICH,5
ORLIKOWSKI,5
ORLIN,5
ORLINSKI,5
ORLINSKY,5
ORLOF,5
ORLOFF,5
ORLOSKI,5
ORLOSKY,5
ORLOVE,5
ORLOW,5
ORLOWSKI,10
ORLOWSKY,5
ORM,5
ORMAN,10
ORMAND,5
ORME,10
ORMEROD,5
ORMES,5
ORMISTON,10
ORMOND,10
ORMONDE,5
ORMS,5
ORMSBEE,5
ORMSBY,10
ORN,5
ORNDOFF,5
ORNDORF,5
ORNDORFF,10
ORNE,5
ORNEDO,5
ORNELAS,50
ORNELAZ,5
ORNELLAS,10
ORNELOS,5
ORNER,10
ORNSTEIN,5
OROAK,5
OROARK,5
OROBONA,5
OROCHENA,5
OROFINO,5
ORONA,10
ORONE,5
OROPESA,5
OROPEZA,10
ORORKE,5
OROS,5
OROSCO,30
OROSZ,5
OROUKE,5
OROURKE,50
OROZ,5
OROZCO,110
OROZEO,5
ORPEN,5
ORPHEY,5
ORPIN,5
ORR,190
ORRALA,5
ORRANTIA,5
ORREGO,5
ORRELL,10
ORREN,5
ORRICK,5
ORRICO,5
ORRILL,5
ORRIS,10
ORRISON,5
ORROCK,5
ORSAK,5
ORSBORN,5
ORSBURN,5
ORSCHELN,5
ORSER,5
ORSI,5
ORSINI,10
ORSINO,5
ORSO,5
ORSON,5
ORSTEN,5
ORSZULAK,5
ORT,5
ORTA,30
ORTAGA,5
ORTE,5
ORTEA,5
ORTEGA,290
ORTEGO,20
ORTEGON,10
ORTELL,5
ORTELLI,5
ORTELT,5
ORTENZIO,5
ORTEZ,10
ORTGA,5
ORTH,20
ORTIC,5
ORTIS,10
ORTIZ,750
ORTLIEB,5
ORTMAN,5
ORTMANN,5
ORTMEIER,5
ORTMEYER,5
ORTNER,5
ORTO,5
ORTOLANO,5
ORTOLF,5
ORTON,20
ORTS,5
ORTTENBURGER,5
ORTUNO,5
ORTWEIN,5
ORTWINE,5
ORTZ,5
ORUM,5
ORVIN,5
ORVIS,10
ORWICK,5
ORWIG,5
ORWIN,5
ORY,5
ORZALLI,5
ORZECH,5
ORZECHOWSKI,10
ORZEL,5
ORZELL,5
OSAILE,5
OSAKI,5
OSAKO,5
OSARIO,5
OSAWA,5
OSAYANDE,5
OSAZUWA,5
OSBECK,5
OSBERG,5
OSBEY,5
OSBMENT,5
OSBON,5
OSBORN,140
OSBORNE,270
OSBOURN,10
OSBOURNE,10
OSBURN,30
OSBURNE,5
OSBY,10
OSCAR,10
OSCARSON,5
OSCHE,5
OSCHMANN,5
OSDEN,5
OSDOBA,5
OSEGUEDA,5
OSEGUERA,5
OSEI,5
OSEN,5
OSENDORF,5
OSENKOWSKI,5
OSENTOWSKI,5
OSEQUERA,5
OSER,5
OSGOOD,30
OSHAUGHNESSY,10
OSHEA,30
OSHELL,5
OSHER,5
OSHEY,5
OSHIELDS,10
OSHIMA,5
OSHINSKY,5
OSHIRO,10
OSHITA,5
OSHMAN,5
OSIAS,5
OSICK,5
OSIECKI,5
OSIER,5
OSIKA,5
OSINSKI,5
OSISEK,5
OSKINS,5
OSLAN,5
OSLAND,5
OSLE,5
OSLER,5
OSLEY,5
OSLIN,5
OSLUND,5
OSMAN,10
OSMANSKI,5
OSMENT,5
OSMER,5
OSMERA,5
OSMERS,5
OSMON,5
OSMOND,10
OSMUN,5
OSMUNDSON,5
OSMUS,5
OSNOE,5
OSOFSKY,5
OSOL,5
OSOLLO,5
OSORIA,5
OSORIO,40
OSORNIO,5
OSORNO,5
OSOSKI,5
OSOSKIE,5
OSOWICZ,5
OSOWSKI,5
OSPINA,10
OSPITAL,5
OSSENFORT,5
OSSMAN,5
OSSO,5
OSSOLA,5
OSSOWSKI,5
OSSWALD,5
OST,5
OSTABA,5
OSTASIEWICZ,5
OSTBERG,5
OSTBY,10
OSTEEN,30
OSTEN,5
OSTENBERG,5
OSTENDORF,5
OSTENDORFF,5
OSTENSON,5
OSTER,20
OSTERBERG,10
OSTERBERGER,5
OSTERDYK,5
OSTERFELD,5
OSTERGARD,5
OSTERGREN,5
OSTERHAUT,5
OSTERHOLT,5
OSTERHOUDT,5
OSTERHOUSE,5
OSTERHOUT,10
OSTERLAND,5
OSTERLOH,5
OSTERLUND,5
OSTERMAN,10
OSTERMANN,5
OSTERMEYER,5
OSTERMILLER,5
OSTERSTUCK,5
OSTERTAG,5
OSTHEIMER,5
OSTHOFF,5
OSTIGUY,5
OSTING,5
OSTLER,10
OSTLIE,5
OSTLING,5
OSTLUND,10
OSTOLAZA,5
OSTORGA,5
OSTRANDER,40
OSTREM,5
OSTROFF,5
OSTROM,10
OSTROOT,5
OSTROSKI,5
OSTROSKY,5
OSTROV,5
OSTROW,5
OSTROWSKI,10
OSTRUM,5
OSTRYE,5
OSTRZYEKI,5
OSTWALD,5
OSTWINKLE,5
OSUCH,5
OSUCHA,5
OSULLIVAN,30
OSUMI,5
OSUNA,20
OSVALDO,5
OSWALD,40
OSWALT,30
OSZUST,5
OTA,5
OTAKE,5
OTANI,10
OTANICAR,5
OTANO,5
OTAR,5
OTEGA,5
OTERO,70
OTEX,5
OTEY,10
OTHER,5
OTHMAN,5
OTHON,5
OTHOUDT,5
OTINGER,5
OTIS,40
OTIZ,5
OTLEY,5
OTO,5
OTOMO,5
OTOOL,5
OTOOLE,40
OTREMBA,5
OTSMAN,5
OTSU,5
OTSUKA,5
OTT,80
OTTA,5
OTTALAGANO,5
OTTAWAY,5
OTTE,10
OTTEM,5
OTTEMAN,5
OTTEN,20
OTTENWESS,5
OTTER,10
OTTERBEIN,5
OTTERBINE,5
OTTERHOLT,5
OTTERSON,10
OTTESEN,5
OTTESON,5
OTTEY,5
OTTILIGE,5
OTTING,5
OTTINGER,10
OTTINO,5
OTTIS,5
OTTLEY,10
OTTMAN,10
OTTO,70
OTTOGARY,5
OTTOMANIELLO,5
OTTOSEN,5
OTTOSON,5
OTTRIX,5
OTTS,5
OTTUM,5
OTUAFI,5
OTUKOLO,5
OTUTAHA,5
OTWELL,10
OU,5
OUBRE,20
OUCH,5
OUCHI,5
OUDEKERK,5
OUDERKIRK,5
OUDKER,5
OUELETTE,5
OUELLET,5
OUELLETE,5
OUELLETTE,70
OUILLETTE,5
OUIMET,10
OUIMETTE,5
OUINONES,5
OUK,5
OULETTE,5
OULLETTE,5
OUM,5
OUN,5
OUNSY,5
OURADA,5
OUREN,5
OURS,10
OURSLER,5
OURSO,5
OURTH,5
OURY,5
OUSDAHL,5
OUSLEY,20
OUTCALT,5
OUTEN,10
OUTHIER,5
OUTHOUSE,5
OUTLAND,10
OUTLAW,50
OUTLER,5
OUTLEY,5
OUTMAN,5
OUTRAM,5
OUTTEN,10
OUTWATER,5
OUTZEN,5
OUYE,5
OUZTS,10
OVADILLA,5
OVALL,5
OVALLE,10
OVALLES,5
OVANDO,5
OVARD,5
OVDENK,5
OVELLETTE,10
OVEN,5
OVENS,5
OVER,5
OVERALL,10
OVERBAUGH,5
OVERBAY,10
OVERBECK,10
OVERBEE,5
OVERBEEK,5
OVERBEY,10
OVERBO,5
OVERBOUGH,5
OVERBY,30
OVERCASH,10
OVERCAST,5
OVERDICK,5
OVERDORF,5
OVERFELT,5
OVERFIELD,5
OVERGAARD,5
OVERHOLSER,5
OVERHOLT,10
OVERHOLTZER,5
OVERHULSER,5
OVERKAMP,5
OVERLAND,5
OVERLEE,5
OVERLEY,5
OVERLIE,5
OVERLOCK,10
OVERLY,10
OVERMAN,20
OVERMANN,5
OVERMEYER,5
OVERMIRE,5
OVERMYER,5
OVEROCKER,5
OVERPECK,5
OVERSHINER,5
OVERSHOWN,5
OVERSON,5
OVERSTREET,50
OVERSTROM,5
OVERTON,80
OVERTURF,10
OVERWEG,5
OVERY,5
OVESEN,5
OVESON,5
OVIATT,5
OVIEDO,10
OVINGTON,5
OVIT,5
OVITT,5
OVITZ,5
OVSANIK,5
OW,5
OWCA,5
OWCZARZAK,5
OWEN,250
OWENBY,10
OWENS,780
OWENSBY,10
OWERS,5
OWINGS,20
OWNBEY,5
OWNBY,10
OWNES,5
OWNEY,5
OWOC,5
OWOLABI,5
OWSLEY,20
OWSTON,5
OWUSU,5
OXBOROUGH,5
OXBORROW,5
OXENDINE,10
OXENRIDER,5
OXFORD,20
OXLEY,10
OXMAN,5
OXNAM,5
OXNER,5
OXTON,5
OYA,5
OYABU,5
OYAMA,10
OYELLETTE,5
OYEN,5
OYER,10
OYERVIDES,5
OYLER,20
OYOLA,10
OYSTER,5
OYSTON,5
OYUELA,5
OZ,5
OZA,5
OZAETA,5
OZAINE,5
OZAKI,5
OZANE,5
OZAWA,5
OZBUN,5
OZBURN,5
OZENNE,5
OZER,5
OZGA,5
OZIER,5
OZIMEK,5
OZLEY,5
OZMENT,10
OZMINKOWSKI,5
OZOG,5
OZOLINS,5
OZOLS,5
OZUNA,20
OZZELLA,5
PA,5
PAA,5
PAALAN,5
PAAP,5
PAAR,5
PAARMANN,5
PAASCH,5
PAASKE,5
PAAVOLA,5
PABELICK,5
PABEN,5
PABEY,5
PABICH,5
PABLO,10
PABON,20
PABST,10
PAC,5
PACANA,5
PACAPAC,5
PACAS,5
PACCHIANA,5
PACCIONE,5
PACE,170
PACEK,5
PACELLA,5
PACELLI,5
PACENTA,5
PACER,5
PACETTI,5
PACEWICZ,5
PACEY,5
PACH,5
PACHAR,5
PACHECO,190
PACHELO,5
PACHEO,5
PACHERO,5
PACHEW,5
PACHLA,5
PACHLIN,5
PACHO,5
PACHOLEC,5
PACHOLSKI,5
PACHTER,5
PACHUCKI,5
PACI,5
PACIFIC,5
PACIFICO,5
PACILIO,5
PACINI,5
PACIOLLA,5
PACIOR,5
PACIOREK,5
PACITTI,5
PACITTO,5
PACIUS,5
PACK,70
PACKARD,40
PACKEBUSH,5
PACKEN,5
PACKER,30
PACKETT,5
PACKHAM,5
PACKINEAU,5
PACKINGHAM,5
PACKWOOD,5
PACLEB,5
PACO,5
PACOL,5
PACQUETTE,5
PACQUIN,5
PACUBAS,5
PACZKOWSKI,5
PADALECKI,5
PADAMADAN,5
PADAREBONES,5
PADAVANO,5
PADAVICH,5
PADBERG,5
PADDACK,5
PADDEN,5
PADDICK,5
PADDILLA,5
PADDIO,5
PADDISON,5
PADDOCK,20
PADDY,5
PADEKEN,5
PADEL,5
PADEN,10
PADFIELD,5
PADGET,5
PADGETT,90
PADGETTE,5
PADILLA,260
PADILLIA,5
PADILLO,10
PADIN,5
PADINHA,5
PADIONG,5
PADLEY,5
PADLO,5
PADMANABHAN,5
PADMORE,5
PADOL,5
PADON,5
PADOVANI,5
PADOVANO,5
PADRO,10
PADRON,20
PADUA,10
PADUANO,5
PADULA,10
PAE,5
PAEK,5
PAET,5
PAETH,5
PAETZ,5
PAETZOLD,5
PAEZ,20
PAFEL,5
PAFF,5
PAFFORD,10
PAFFRATH,5
PAFUNDI,5
PAGA,5
PAGADUAN,5
PAGAN,100
PAGANELLI,5
PAGANI,5
PAGANICO,5
PAGANINI,5
PAGANO,20
PAGDANGANAN,5
PAGE,340
PAGEAU,5
PAGEL,10
PAGELS,5
PAGENKOPF,5
PAGES,5
PAGET,5
PAGETT,5
PAGLEY,5
PAGLIA,5
PAGLIALUNGA,5
PAGLIARI,5
PAGLIARINI,5
PAGLIARO,5
PAGLINAWAN,5
PAGLIO,5
PAGLIONE,5
PAGLIUCA,5
PAGNELLO,5
PAGNI,5
PAGNOZZI,5
PAGO,5
PAGODA,5
PAGON,5
PAGONIS,5
PAGUIN,5
PAGUIRIGAN,5
PAHK,5
PAHL,10
PAHLER,5
PAHLS,5
PAHMEIER,5
PAHNKE,5
PAHULU,5
PAI,5
PAIDER,5
PAIGE,100
PAIK,10
PAILET,5
PAILLANT,5
PAILLE,10
PAILLET,5
PAILTHORPE,5
PAIN,5
PAINE,50
PAINO,5
PAINTER,80
PAINTON,5
PAIR,10
PAIRE,5
PAIS,5
PAISLEY,10
PAIT,5
PAITH,5
PAIVA,10
PAIZ,10
PAJAK,5
PAJERSKI,5
PAJTAS,5
PAK,30
PAKE,5
PAKELE,5
PAKER,5
PAKONEN,5
PAL,10
PALA,5
PALACIO,20
PALACIOS,90
PALACIOUS,5
PALACOIS,5
PALADIN,5
PALADINI,5
PALADINO,10
PALAFOX,10
PALAGI,5
PALAIA,5
PALAKIKO,5
PALAMARA,5
PALAMINO,5
PALANGE,5
PALANZA,5
PALARDY,5
PALAS,5
PALASIK,5
PALASPAS,5
PALAU,5
PALAY,5
PALAZOLA,5
PALAZZI,5
PALAZZO,10
PALAZZOLA,5
PALAZZOLO,10
PALCHETTI,5
PALCZEWSKI,5
PALCZYNSKI,5
PALE,5
PALEAAE,5
PALECEK,5
PALEK,5
PALEN,10
PALENCIA,5
PALENIK,5
PALENZUELA,5
PALEO,5
PALERMO,20
PALESANO,5
PALESE,5
PALETTA,5
PALEVIC,5
PALEY,5
PALFREYMAN,5
PALHEGYI,5
PALI,5
PALIFKA,5
PALILLA,5
PALIN,5
PALING,5
PALINKAS,5
PALINO,5
PALINSKI,5
PALIOTTA,5
PALIS,5
PALISANO,5
PALISBO,5
PALISCHAK,5
PALISI,5
PALITTI,5
PALK,5
PALKA,5
PALKO,10
PALL,5
PALLA,5
PALLADINO,10
PALLAFOR,5
PALLAN,5
PALLANES,5
PALLANSCH,5
PALLANT,5
PALLANTE,5
PALLARES,5
PALLAS,5
PALLAZZO,5
PALLERINO,5
PALLESCHI,5
PALLESEN,5
PALLET,5
PALLETT,5
PALLEY,5
PALLINO,5
PALLONE,5
PALLOTTA,5
PALLOTTO,5
PALM,20
PALMA,40
PALMATEER,10
PALMATIER,10
PALMBERG,5
PALME,5
PALMER,620
PALMERI,10
PALMERIN,5
PALMERINO,5
PALMERO,5
PALMERTON,5
PALMERTREE,5
PALMESE,5
PALMETER,5
PALMIERI,20
PALMIERO,5
PALMINO,5
PALMIOS,5
PALMIOTTO,5
PALMISANO,10
PALMISCIANO,5
PALMITER,5
PALMITESSA,5
PALMO,5
PALMORE,20
PALMOUR,5
PALMQUIST,10
PALMROSE,5
PALMS,5
PALMUCCI,5
PALO,5
PALOMA,5
PALOMAKI,5
PALOMAR,5
PALOMARES,10
PALOMAREZ,5
PALOMBA,5
PALOMBIT,5
PALOMBO,10
PALOMIN,5
PALOMINO,20
PALOMO,20
PALONE,5
PALOS,10
PALOUKOS,5
PALOVICK,5
PALOWODA,5
PALS,10
PALSGROVE,5
PALSO,5
PALTANAVAGE,5
PALU,5
PALUBIAK,5
PALUCH,5
PALUCK,5
PALUK,5
PALUMBO,40
PALUSO,5
PALUSZYNSKI,5
PALUZZI,5
PALYS,5
PAM,10
PAMA,5
PAMER,5
PAMINTUAN,5
PAMPERIN,5
PAMPHILE,5
PAMPLIN,5
PAMPUSCH,5
PAN,10
PANA,5
PANAGAKOS,5
PANAGIOTOPOUL,5
PANAGIS,5
PANAGOS,5
PANAGOULIAS,5
PANAH,5
PANAHON,5
PANAK,5
PANAKOS,5
PANAMENO,5
PANARELLA,5
PANARELLO,5
PANARO,5
PANAS,5
PANASCI,5
PANCAKE,5
PANCHAK,5
PANCHAL,5
PANCHANA,5
PANCHERI,5
PANCHIK,5
PANCHO,5
PANCHOLI,5
PANCIERA,5
PANCOAST,10
PANDA,5
PANDER,5
PANDEY,5
PANDIANI,5
PANDIT,5
PANDO,10
PANDOLA,5
PANDOLFI,5
PANDOLFO,5
PANDURO,5
PANDY,5
PANDYA,5
PANE,5
PANEBIANCO,5
PANECZKO,5
PANEK,10
PANELA,5
PANELL,5
PANELLA,10
PANELLI,5
PANEPINTO,5
PANEQUE,5
PANESSA,5
PANETO,5
PANETTA,5
PANFIL,5
PANFILOV,5
PANG,20
PANGALLO,5
PANGAN,5
PANGANIBAN,5
PANGBORN,5
PANGBURN,10
PANGELINA,5
PANGELINAN,5
PANGILINAN,5
PANGLE,10
PANGRAZIO,5
PANIAGUA,20
PANIAS,5
PANICCIA,5
PANICH,5
PANICO,5
PANIK,5
PANILA,5
PANIS,5
PANITZ,5
PANKAKE,5
PANKAU,5
PANKE,5
PANKEY,20
PANKHURST,5
PANKIEWICZ,5
PANKIW,5
PANKO,5
PANKOW,5
PANKOWSKI,5
PANKRATZ,10
PANNEBAKER,5
PANNELL,40
PANNENBACKER,5
PANNHOFF,5
PANNING,5
PANNONE,5
PANNUNZIO,5
PANNY,5
PANO,5
PANONE,5
PANORA,5
PANOS,10
PANOWICZ,5
PANOZZO,5
PANRELL,5
PANSINI,5
PANSULLO,5
PANTALEO,5
PANTALEON,5
PANTALONE,5
PANTANO,10
PANTE,5
PANTELAKIS,5
PANTER,5
PANTERA,5
PANTHER,5
PANTLE,5
PANTO,5
PANTOJA,30
PANTOJZ,5
PANTOLIANO,5
PANTON,10
PANTONE,5
PANTONI,5
PANTOSA,5
PANTUSO,5
PANUCCIO,5
PANYIK,5
PANYKO,5
PANZA,5
PANZARELLA,5
PANZARINO,5
PANZELLA,5
PANZER,5
PANZICA,5
PAO,5
PAOLA,5
PAOLELLO,5
PAOLETTA,5
PAOLETTI,5
PAOLETTO,5
PAOLI,5
PAOLICELLI,5
PAOLINI,10
PAOLINO,5
PAOLUCCI,10
PAONE,5
PAONESSA,5
PAONGO,5
PAP,5
PAPA,20
PAPADAKIS,5
PAPADOPOULOS,10
PAPAGEORGE,5
PAPAGNI,5
PAPAI,5
PAPAIOANNOU,5
PAPAKOSTAS,5
PAPALE,5
PAPALEO,5
PAPALIA,5
PAPALLO,5
PAPAN,5
PAPANDREA,5
PAPANIA,5
PAPANIKOLAS,5
PAPANTONIO,5
PAPARELLA,5
PAPARELLI,5
PAPARELLO,5
PAPARO,5
PAPAS,10
PAPASERGI,5
PAPAY,5
PAPAZIAN,5
PAPCIAK,5
PAPE,30
PAPELIAN,5
PAPEN,5
PAPENFUSS,10
PAPETTI,5
PAPI,5
PAPICH,5
PAPIERNIK,5
PAPIK,5
PAPIKE,5
PAPILLION,5
PAPIN,5
PAPINEAU,10
PAPITTO,5
PAPKA,5
PAPKE,10
PAPLOW,5
PAPONETTI,5
PAPP,10
PAPPA,5
PAPPAJOHN,5
PAPPALARDO,10
PAPPAN,5
PAPPAS,40
PAPPENHEIM,5
PAPPS,5
PAPPY,5
PAPRANEC,5
PAPROCKI,5
PAPSON,5
PAPSTEIN,5
PAQUET,10
PAQUETTE,60
PAQUIN,20
PARA,5
PARADA,10
PARADEE,5
PARADIS,40
PARADISE,20
PARADISO,10
PARADO,5
PARADOWSKI,5
PARADY,5
PARAGAS,5
PARAH,5
PARAJON,5
PARAMO,5
PARAMORE,10
PARANADA,5
PARARA,5
PARAS,10
PARAT,5
PARATORE,5
PARAVANO,5
PARAVATI,5
PARAY,5
PARAYNO,5
PARAYUELOS,5
PARAZ,5
PARBO,5
PARBOL,5
PARBS,5
PARCEL,5
PARCELL,5
PARCELLS,5
PARCHMAN,5
PARCHMENT,5
PARCO,5
PARDA,5
PARDALL,5
PARDE,5
PARDEE,10
PARDEN,5
PARDEW,5
PARDEY,5
PARDI,5
PARDIECK,5
PARDINI,5
PARDO,30
PARDOE,5
PARDON,5
PARDUE,20
PARDUHN,5
PARDUN,5
PARDY,5
PARE,20
PAREDES,30
PAREDEZ,5
PAREE,5
PAREJA,5
PAREKH,5
PARENT,40
PARENTE,10
PARENTEAU,20
PARENTI,5
PARENTS,5
PARES,5
PARETTI,5
PAREZ,5
PARFAIT,5
PARFITT,5
PARGA,5
PARGMAN,5
PARGO,5
PARHAM,80
PARHAN,5
PARIDO,5
PARIENTE,5
PARIHAR,5
PARIKH,10
PARILLA,5
PARILLO,5
PARINAS,5
PARIPOVICH,5
PARIS,50
PARISE,10
PARISEAU,5
PARISER,5
PARISH,60
PARISI,20
PARISIAN,5
PARISIEN,10
PARISIO,5
PARIZEK,5
PARIZO,5
PARK,250
PARKE,20
PARKER,1460
PARKERS,5
PARKERSON,10
PARKES,10
PARKEY,10
PARKHILL,10
PARKHOUSE,5
PARKHURST,20
PARKIN,10
PARKINS,10
PARKINSON,30
PARKISON,10
PARKMAN,20
PARKOS,5
PARKS,350
PARLATO,5
PARLAVECCHIO,5
PARLE,5
PARLEE,5
PARLER,5
PARLET,5
PARLETT,5
PARLIER,5
PARLIMAN,5
PARLIN,5
PARLOR,5
PARLOW,5
PARM,5
PARMA,5
PARMALEE,5
PARMAN,10
PARMANN,5
PARMANTIER,5
PARMAR,5
PARMELE,5
PARMELEE,10
PARMELY,5
PARMENTER,10
PARMENTIER,5
PARMER,20
PARMETER,5
PARMLEY,10
PARMS,5
PARNELL,60
PARNES,5
PARNESS,5
PARNIN,5
PARO,10
PAROBEK,5
PARODA,5
PARODI,10
PARODY,5
PAROLARI,5
PAROLINI,5
PARONE,5
PARONTO,5
PARPAN,5
PARQUETTE,5
PARR,70
PARRA,70
PARRACK,5
PARRAGA,5
PARRAL,5
PARRALES,5
PARRAMORE,10
PARRAN,5
PARRAS,5
PARRAZ,5
PARREIRA,5
PARRELLA,5
PARRENO,5
PARRENT,5
PARRETT,10
PARRIERA,5
PARRIGAN,5
PARRILL,5
PARRILLA,5
PARRILLO,5
PARRIN,5
PARRINELLO,5
PARRINGTON,5
PARRINO,10
PARRIOTT,5
PARRIS,50
PARRISH,200
PARRON,5
PARROT,5
PARROTT,50
PARROTTA,5
PARROTTE,5
PARROW,5
PARRY,40
PARSA,5
PARSELL,5
PARSELLS,5
PARSENS,5
PARSH,5
PARSHALL,10
PARSHOTAM,5
PARSI,5
PARSLEY,20
PARSLOW,5
PARSON,70
PARSONS,260
PARSYGNAT,5
PART,5
PARTAIN,20
PARTCH,5
PARTEE,10
PARTELOW,5
PARTEN,5
PARTENOPE,5
PARTER,5
PARTHEMER,5
PARTHEMORE,5
PARTIBLE,5
PARTIDA,20
PARTIDO,5
PARTIN,40
PARTINGTON,10
PARTIPILO,5
PARTIS,5
PARTLOW,10
PARTMAN,5
PARTMANN,5
PARTON,20
PARTRIDGE,40
PARTY,5
PARTYKA,5
PARUTA,5
PARVIAINEN,5
PARVIN,10
PARVIS,5
PARZIALE,5
PARZYCH,5
PASANA,5
PASANEN,5
PASAYA,5
PASAYE,5
PASCAL,10
PASCALE,10
PASCALL,5
PASCANIK,5
PASCARELLA,10
PASCARELLI,5
PASCASCIO,5
PASCERI,5
PASCH,5
PASCHAL,20
PASCHALL,20
PASCHE,5
PASCHEL,5
PASCHER,5
PASCHKE,10
PASCO,10
PASCOAL,5
PASCOCELLO,5
PASCOE,10
PASCORELL,5
PASCUA,10
PASCUAL,20
PASCUCCI,5
PASCULLI,5
PASCUZZI,5
PASE,5
PASEK,5
PASEUR,5
PASEY,5
PASH,5
PASHA,5
PASHAL,5
PASHEA,5
PASHEL,5
PASHIA,5
PASHLEY,5
PASHO,5
PASIERB,5
PASILLAS,10
PASINSKI,5
PASION,5
PASKE,5
PASKEL,5
PASKELL,5
PASKERT,5
PASKET,5
PASKETT,5
PASKEY,5
PASKIEWICZ,5
PASKIN,5
PASKO,10
PASKOFF,5
PASKOW,5
PASLEY,10
PASON,5
PASQUA,5
PASQUAL,5
PASQUALE,10
PASQUALETTI,5
PASQUALINO,5
PASQUARELLA,5
PASQUARELLI,5
PASQUARELLO,5
PASQUARIELLO,5
PASQUEL,5
PASQUIN,5
PASQUINI,5
PASQUINO,5
PASS,20
PASSALACQUA,5
PASSANTINO,5
PASSARELLA,5
PASSARELLI,10
PASSARETTI,5
PASSARO,5
PASSE,5
PASSER,5
PASSERI,5
PASSERINO,5
PASSERO,5
PASSEY,5
PASSI,5
PASSINEAU,5
PASSINI,5
PASSINO,5
PASSLEY,5
PASSMAN,5
PASSMORE,30
PASSON,5
PASSOW,5
PASSWATER,5
PASSY,5
PASTANO,5
PASTEL,5
PASTER,5
PASTERNACK,5
PASTERNAK,10
PASTIAN,5
PASTICK,5
PASTIVA,5
PASTO,5
PASTOR,20
PASTORA,5
PASTORE,10
PASTORIN,5
PASTORINO,5
PASTORIUS,5
PASTRANA,10
PASTRANO,5
PASTUCH,5
PASTULA,5
PASTURES,5
PASVIZACA,5
PASWATERS,5
PASZEK,5
PASZKIEWICZ,5
PAT,5
PATA,5
PATADIA,5
PATAGUE,5
PATAJO,5
PATAK,5
PATAKI,5
PATALANO,5
PATANE,5
PATANELLA,5
PATAO,10
PATCH,20
PATCHELL,10
PATCHEN,10
PATCHER,5
PATCHES,5
PATCHETT,10
PATCHIN,5
PATE,130
PATEE,5
PATEK,5
PATEL,200
PATELLA,5
PATELLIS,5
PATEN,5
PATENAUDE,10
PATER,5
PATERA,5
PATERNITI,5
PATERNO,5
PATERSON,30
PATES,5
PATETE,5
PATHAK,5
PATIENCE,5
PATIENT,5
PATIERNO,5
PATIK,5
PATIL,5
PATILLO,10
PATIN,10
PATINO,30
PATKA,5
PATLAN,5
PATMAN,5
PATMON,5
PATMORE,5
PATNAUDE,10
PATNEAUDE,5
PATNODE,10
PATOCK,5
PATOCKA,5
PATOINE,5
PATOLOT,5
PATON,10
PATOUT,5
PATRAS,5
PATRAW,5
PATRIA,5
PATRIARCO,5
PATRIAS,5
PATRICE,5
PATRICH,5
PATRICIA,5
PATRICIO,10
PATRICK,240
PATRIDGE,10
PATRIE,5
PATRIN,5
PATRIQUIN,5
PATRISS,5
PATRON,5
PATRONE,5
PATRONELLA,5
PATRUM,5
PATRUNO,5
PATRY,5
PATRYLAK,5
PATSY,5
PATT,10
PATTEE,5
PATTEN,60
PATTENGALE,5
PATTER,5
PATTERSON,920
PATTESON,5
PATTI,10
PATTIE,5
PATTILLO,5
PATTINSON,5
PATTISON,20
PATTON,290
PATTS,5
PATTUM,5
PATTY,10
PATTYRE,5
PATUEL,5
PATUTO,5
PATWELL,5
PATZ,5
PATZER,5
PATZKE,5
PATZNER,5
PAUDA,5
PAUGH,10
PAUGSCH,5
PAUK,5
PAUKER,5
PAUKERT,5
PAUKSTIS,5
PAUL,270
PAULA,5
PAULAS,5
PAULAUSKAS,5
PAULAUSKIS,5
PAULDING,5
PAULDO,5
PAULE,5
PAULES,5
PAULETTE,5
PAULEY,40
PAULHUS,5
PAULI,10
PAULIC,5
PAULICK,5
PAULIK,5
PAULIN,10
PAULINA,5
PAULINE,10
PAULING,10
PAULINO,20
PAULIS,5
PAULK,20
PAULL,10
PAULLIN,5
PAULLUS,5
PAULMAN,5
PAULMINO,5
PAULO,5
PAULOS,5
PAULS,10
PAULSELL,5
PAULSEN,40
PAULSETH,5
PAULSHOCK,5
PAULSON,70
PAULUS,10
PAULY,10
PAUP,5
PAUSCH,5
PAUSTIAN,5
PAUTLER,5
PAUTZ,10
PAUZA,5
PAV,5
PAVAN,5
PAVAO,5
PAVEGLIO,5
PAVEK,5
PAVEL,5
PAVELEC,5
PAVELICH,5
PAVELKA,5
PAVELKO,5
PAVELLA,5
PAVELSKI,5
PAVESE,5
PAVEY,5
PAVIA,5
PAVICH,5
PAVICK,5
PAVIOL,5
PAVIOLITIS,5
PAVIS,5
PAVISH,5
PAVLAK,5
PAVLAS,5
PAVLAT,5
PAVLETIC,5
PAVLICA,5
PAVLICEK,5
PAVLICH,5
PAVLICK,5
PAVLIDES,5
PAVLIK,10
PAVLIKOWSKI,5
PAVLISKA,5
PAVLO,5
PAVLOCK,5
PAVLOSKI,5
PAVLOSKY,5
PAVLOV,5
PAVLOVIC,5
PAVLOVICH,5
PAVOLINI,5
PAVON,10
PAVONE,10
PAVONI,5
PAVY,5
PAWELCZYK,5
PAWELEK,5
PAWELK,5
PAWELL,5
PAWLAK,10
PAWLEY,5
PAWLICKI,5
PAWLIK,5
PAWLIKOWSKI,5
PAWLITSCHEK,5
PAWLOSKI,5
PAWLOSKY,5
PAWLOWICZ,5
PAWLOWSKI,10
PAWLUCH,5
PAWLUK,5
PAWLUSIAK,5
PAX,5
PAXMAN,5
PAXSON,10
PAXTON,50
PAY,5
PAYA,5
PAYAMPS,5
PAYAN,10
PAYANO,5
PAYANT,5
PAYDEN,5
PAYE,5
PAYEN,5
PAYENDA,5
PAYER,5
PAYES,5
PAYETTE,5
PAYEUR,10
PAYLOR,10
PAYMENT,5
PAYN,5
PAYNA,5
PAYNE,570
PAYNES,5
PAYNO,5
PAYNTER,10
PAYOR,5
PAYSEN,5
PAYSEUR,5
PAYSINGER,5
PAYSON,10
PAYSOUR,5
PAYTES,5
PAYTON,100
PAYWA,5
PAZ,40
PAZAN,5
PAZDERSKI,5
PAZIK,5
PAZMINO,5
PAZO,5
PAZOS,5
PEA,5
PEABODY,20
PEACE,30
PEACEMAKER,5
PEACH,20
PEACHAY,5
PEACHER,5
PEACHES,5
PEACHEY,60
PEACOCK,80
PEACY,5
PEAD,5
PEADEN,5
PEAGLER,5
PEAIRS,5
PEAK,40
PEAKE,20
PEAKER,5
PEAKES,5
PEAKS,5
PEAL,5
PEALE,5
PEALER,5
PEALS,5
PEAN,5
PEAR,5
PEARCE,120
PEARCEY,5
PEARCY,10
PEARD,5
PEARE,5
PEARL,20
PEARLE,5
PEARLMAN,10
PEARLSTEIN,5
PEARMAN,20
PEARS,5
PEARSALL,20
PEARSE,5
PEARSON,420
PEART,10
PEARY,5
PEARYER,5
PEASANT,5
PEASE,50
PEASEL,5
PEASLEE,10
PEASLEY,10
PEASNALL,5
PEAT,5
PEATMAN,5
PEATROSS,5
PEATRY,5
PEAVEY,10
PEAVLER,10
PEAVY,10
PEAY,10
PEBBLES,5
PEBLEY,5
PEBSWORTH,5
PEBWORTH,5
PECA,5
PECANTY,5
PECARARO,5
PECARINA,5
PECATOSTE,5
PECCI,5
PECCIA,5
PECH,5
PECHA,5
PECHACEK,5
PECHAIRA,5
PECHAL,5
PECHAR,5
PECHART,5
PECHE,5
PECHER,5
PECHIN,5
PECHON,5
PECHT,5
PECINA,5
PECINOUSKY,5
PECINOVSKY,5
PECK,150
PECKA,5
PECKENPAUGH,5
PECKENS,5
PECKHAM,20
PECKINPAUGH,5
PECKLER,5
PECKMAN,5
PECO,5
PECOR,10
PECORA,10
PECORAINO,5
PECORARO,10
PECORE,5
PECORELLI,5
PECOS,5
PECOT,5
PECTOL,5
PECUE,5
PECUKONIS,5
PED,5
PEDACI,5
PEDDE,5
PEDDER,5
PEDDICORD,5
PEDDIE,5
PEDDY,5
PEDE,5
PEDEARE,5
PEDELTY,5
PEDEN,20
PEDERSEN,50
PEDERSON,50
PEDERZANI,5
PEDEZ,5
PEDIGO,20
PEDLAR,5
PEDLEY,5
PEDLOW,5
PEDONE,5
PEDRAJA,5
PEDRALBA,5
PEDRAZA,20
PEDREGON,5
PEDRETTI,5
PEDRI,5
PEDRICK,10
PEDRIN,5
PEDRO,20
PEDROGO,5
PEDRONCELLI,5
PEDRONI,5
PEDROSA,10
PEDROSO,5
PEDROTTI,5
PEDROZA,20
PEDROZO,5
PEDULLA,5
PEDUTO,5
PEDUZZI,5
PEE,5
PEEBLES,40
PEECHA,5
PEED,10
PEEDEN,5
PEEDIN,5
PEEK,40
PEEKS,5
PEEL,30
PEELE,20
PEELER,30
PEELING,5
PEELLE,5
PEELMAN,5
PEELS,5
PEEPLES,30
PEER,10
PEERBOLT,5
PEERS,5
PEERY,20
PEERZADA,5
PEET,10
PEETE,10
PEETERS,5
PEETOOM,5
PEETS,10
PEETZ,5
PEEVEY,5
PEEVY,5
PEFANIS,5
PEFFER,5
PEFFERKORN,5
PEFFERMAN,5
PEFFERS,5
PEFFLEY,5
PEFFLY,5
PEGELOW,5
PEGERON,5
PEGG,10
PEGGS,5
PEGLER,5
PEGODA,5
PEGRAM,10
PEGUERO,10
PEGUES,20
PEGUESE,5
PEHA,5
PEHL,5
PEHLER,5
PEHOWIC,5
PEHOWICH,5
PEHRSON,10
PEICK,5
PEIFER,5
PEIFFER,10
PEIGHT,5
PEIGHTAL,5
PEIGHTELL,5
PEIL,5
PEIN,5
PEINADO,5
PEINE,5
PEIPER,5
PEIRCE,10
PEIRSON,5
PEITZ,5
PEIXOTO,5
PEKALA,5
PEKAR,5
PEKARA,5
PEKAREK,5
PEKAS,5
PEKRUL,5
PEL,5
PELA,5
PELAEZ,10
PELAK,5
PELAYO,20
PELC,5
PELCH,5
PELCHAT,10
PELCHER,5
PELCZAR,5
PELE,5
PELECH,5
PELEG,5
PELES,5
PELFREY,10
PELHAM,10
PELI,5
PELIKAN,5
PELINI,5
PELINO,5
PELIS,5
PELISSIER,5
PELKEY,20
PELKOWSKI,5
PELL,10
PELLA,5
PELLAM,5
PELLAND,5
PELLANT,5
PELLE,5
PELLECCHIA,5
PELLEGREN,5
PELLEGRIN,10
PELLEGRINI,10
PELLEGRINO,20
PELLER,5
PELLERIN,20
PELLERITO,5
PELLET,5
PELLETIER,80
PELLETIU,5
PELLETT,5
PELLEY,10
PELLHAM,10
PELLICCIA,5
PELLICONE,5
PELLIETIER,5
PELLIGRA,5
PELLIGRINI,5
PELLIGRINO,5
PELLIN,5
PELLISH,5
PELLISSIER,5
PELLITIER,5
PELLITTERI,5
PELLMAN,5
PELLOM,5
PELLON,5
PELLOT,10
PELLOW,5
PELLOWSKI,5
PELLUM,5
PELMAN,5
PELNAR,5
PELO,5
PELOQUIN,10
PELOSI,5
PELOSO,5
PELOT,5
PELOTE,5
PELOTTE,5
PELOW,5
PELPHREY,5
PELT,10
PELTER,5
PELTIER,30
PELTO,5
PELTON,20
PELTZ,10
PELTZER,5
PELUSE,5
PELUSO,10
PELYO,5
PELZ,5
PELZEL,5
PELZER,10
PEMBER,5
PEMBERTON,50
PEMBLE,5
PEMBLETON,5
PEMBROKE,5
PEMBROOK,5
PEMELTON,5
PEN,5
PENA,370
PENADO,5
PENAFLOR,10
PENAGOS,5
PENAHERRERA,5
PENALE,5
PENALOSA,5
PENALOZA,10
PENALVER,5
PENANEGRA,5
PENAS,5
PENASA,5
PENATAC,5
PENATE,5
PENAZ,5
PENBERTHY,5
PENCAK,5
PENCE,40
PENCEAL,5
PENCEK,5
PENCIL,5
PENDARVIS,10
PENDEGRAFT,5
PENDELTON,10
PENDER,30
PENDEREL,5
PENDERGAST,10
PENDERGRAFT,10
PENDERGRAPH,5
PENDERGRASS,40
PENDERGRAST,10
PENDERS,5
PENDEXTER,5
PENDILL,5
PENDL,5
PENDLETON,70
PENDLEY,10
PENDOLA,5
PENDON,5
PENDRAK,5
PENDRY,5
PENEGAR,5
PENEPENT,5
PENEZ,5
PENFIELD,5
PENFOLD,5
PENG,10
PENGELLY,5
PENGRA,5
PENHA,5
PENHALL,5
PENHALLURICK,5
PENHOLLOW,5
PENICK,10
PENIGAR,5
PENINGER,5
PENINGTON,5
PENIRD,5
PENISSON,5
PENISTER,5
PENISTON,5
PENIX,10
PENKALSKI,5
PENKINS,5
PENLAND,20
PENLEY,10
PENMAN,10
PENN,90
PENNA,5
PENNACCHIO,5
PENNACHIO,5
PENNANT,5
PENNEBAKER,10
PENNEL,5
PENNELL,30
PENNELLA,5
PENNELLE,5
PENNELLO,5
PENNER,10
PENNEWELL,5
PENNEY,20
PENNICK,5
PENNIE,5
PENNIG,5
PENNIGTON,5
PENNIMAN,10
PENNIMPEDE,5
PENNING,10
PENNINGER,5
PENNINGTON,160
PENNINO,5
PENNISI,5
PENNISON,5
PENNISTON,5
PENNIX,5
PENNOCK,10
PENNY,40
PENNYCUFF,5
PENNYPACKER,10
PENNYWELL,5
PENO,5
PENOVICH,5
PENOYER,5
PENQUITE,5
PENRICE,5
PENROD,20
PENROSE,10
PENSA,5
PENSE,5
PENSICK,5
PENSIERO,5
PENSINGER,5
PENSIS,5
PENSKI,5
PENSKY,5
PENSO,5
PENSON,10
PENT,5
PENTA,5
PENTARIS,5
PENTECOST,10
PENTEK,5
PENTICO,5
PENTICOFF,5
PENTLAND,5
PENTON,20
PENTTILA,5
PENTZ,5
PENUEL,5
PENUNURI,5
PENWARDEN,5
PENWELL,10
PENYA,5
PENZ,5
PENZA,5
PENZEL,5
PENZERO,5
PENZIEN,5
PEON,5
PEOPLE,10
PEOPLES,90
PEPE,20
PEPER,5
PEPEZ,5
PEPIN,20
PEPION,5
PEPITO,5
PEPITONE,5
PEPKA,5
PEPLAU,5
PEPLINSKI,5
PEPPARD,5
PEPPAS,5
PEPPE,5
PEPPEL,5
PEPPER,60
PEPPERMAN,5
PEPPERS,20
PEPPIN,5
PEPPLE,5
PEPPLER,5
PEQUENO,5
PEQUES,5
PERA,5
PERAGINE,5
PERAHA,5
PERAL,5
PERALES,30
PERALEZ,10
PERALTA,60
PERALTO,5
PERANIO,5
PERARO,5
PERAULT,5
PERAZA,10
PERAZZO,5
PERCE,5
PERCELL,5
PERCEY,5
PERCH,5
PERCHES,5
PERCHINSKI,5
PERCIBALLI,5
PERCIFIELD,5
PERCIFUL,5
PERCIVAL,10
PERCLE,5
PERCONTINO,5
PERCY,20
PERDEW,5
PERDOMO,10
PERDUE,70
PERDZOCK,5
PERE,5
PEREA,30
PEREDA,10
PEREDO,5
PEREDZ,5
PEREGO,5
PEREGOY,5
PEREGRINO,5
PEREIDA,5
PEREIRA,70
PEREIRO,5
PERELLA,5
PERELMAN,5
PERENCEVICH,5
PERERA,10
PERERIA,5
PERES,20
PERESSINI,5
PERET,5
PERETTI,5
PERETZ,5
PEREY,5
PEREYDA,5
PEREYRA,10
PEREZ,1550
PERFATER,5
PERFECT,5
PERFECTO,5
PERFETTI,5
PERGANDE,5
PERGERSON,5
PERGOLA,5
PERGRAM,5
PERHAM,10
PERI,5
PERIA,5
PERICH,5
PERICO,5
PERIE,5
PERIERA,5
PERIGO,5
PERILLI,5
PERILLO,10
PERILLOUX,5
PERIN,10
PERINA,5
PERINE,10
PERINI,5
PERINO,10
PERISH,5
PERISHO,5
PERKERSON,5
PERKES,5
PERKEY,5
PERKIN,5
PERKING,5
PERKINS,580
PERKINSON,10
PERKISS,5
PERKO,5
PERKOSKI,5
PERKOWSKI,5
PERKS,5
PERL,10
PERLA,5
PERLAS,5
PERLER,5
PERLEY,5
PERLICH,5
PERLIN,5
PERLMAN,20
PERLMUTTER,5
PERLOFF,5
PERLOW,5
PERLSON,5
PERLSTEIN,5
PERMAN,5
PERMANN,5
PERMENTER,10
PERNA,10
PERNELL,10
PERNESKY,5
PERNEY,5
PERNG,5
PERNICE,5
PERNICIARO,5
PERNIN,5
PERNO,5
PERNOD,5
PERO,10
PEROCHO,5
PERODDY,5
PEROFF,5
PEROLTA,5
PERON,5
PERONA,5
PERONE,5
PERONI,5
PEROS,5
PEROT,5
PEROTTA,5
PEROTTI,5
PEROUTKA,5
PEROW,5
PEROZO,5
PERPALL,5
PERPER,5
PERQUE,5
PERR,5
PERRA,5
PERRAS,10
PERRAULT,10
PERRE,5
PERREAULT,30
PERREIRA,10
PERRELL,5
PERRELLA,5
PERRELLI,5
PERRENOUD,5
PERRERA,5
PERRET,5
PERRETT,5
PERRETTA,5
PERRETTE,5
PERRETTI,5
PERREZ,5
PERRI,20
PERRICONE,5
PERRIELLO,5
PERRIEN,5
PERRIER,5
PERRIGAN,5
PERRIGO,10
PERRILL,5
PERRILLOUX,5
PERRIN,30
PERRINE,20
PERRING,5
PERRINGTON,5
PERRINO,5
PERRINS,5
PERRIOTT,5
PERRIS,5
PERRISH,5
PERRITT,5
PERRO,5
PERRODIN,10
PERRON,30
PERRONE,20
PERROT,5
PERROTA,5
PERROTT,5
PERROTTA,10
PERROTTI,5
PERROW,5
PERRUCCI,5
PERRUZZA,5
PERRUZZI,5
PERRY,940
PERRYMAN,50
PERS,5
PERSAD,5
PERSALL,5
PERSAMPIERI,5
PERSAUD,20
PERSCH,5
PERSCHALL,5
PERSCHBACHER,5
PERSECHINO,5
PERSHALL,5
PERSHING,5
PERSIA,5
PERSICHETTI,5
PERSICO,5
PERSING,5
PERSINGER,20
PERSKY,5
PERSLEY,5
PERSON,70
PERSONETTE,5
PERSONIUS,5
PERSONS,10
PERSSON,5
PERSTEN,5
PERSYN,5
PERT,5
PERTEA,5
PERTEE,5
PERTEET,5
PERTSOVSKY,5
PERTUBAL,5
PERTUIT,5
PERU,5
PERUGINI,5
PERUN,5
PERUSSE,5
PERUZZI,5
PERVINE,5
PERVIS,5
PERY,5
PERZ,10
PERZA,5
PERZANOWSKI,5
PERZE,5
PESA,5
PESANTE,5
PESANTES,5
PESARCHICK,5
PESAVENTO,5
PESCADOR,5
PESCATORE,5
PESCE,10
PESCH,5
PESCHEL,5
PESCHONG,5
PESEK,5
PESENTI,5
PESH,5
PESHEK,5
PESHLAKAI,5
PESICK,5
PESICKA,5
PESIN,5
PESINA,10
PESIRI,5
PESKIN,5
PESKIND,5
PESNELL,5
PESNER,5
PESOLA,5
PESQUEIRA,5
PESSES,5
PESSIN,5
PESSO,5
PESSOA,5
PESSOLANO,5
PESTA,5
PESTANA,5
PESTANO,5
PESTER,5
PESTERFIELD,5
PESTKA,5
PESTO,5
PESTONE,5
PESTONI,5
PESTRONK,5
PESZYNSKI,5
PETACCIO,5
PETALCU,5
PETANICK,5
PETAWAY,5
PETCH,5
PETCHULIS,5
PETE,20
PETEET,5
PETEK,5
PETELA,5
PETELL,5
PETER,30
PETERKA,5
PETERKIN,10
PETERMAN,40
PETERMANN,5
PETERMEIER,5
PETERS,520
PETERSCHICK,5
PETERSDORF,5
PETERSEN,200
PETERSHEIM,5
PETERSIK,5
PETERSON,1070
PETERSSON,5
PETESIC,5
PETET,5
PETEUIL,5
PETGES,5
PETGRAVE,5
PETH,5
PETHTEL,5
PETIET,5
PETIGNY,5
PETILLO,10
PETIT,30
PETITE,5
PETITJEAN,5
PETITO,5
PETITT,10
PETITTE,5
PETITTI,5
PETITTO,5
PETIX,5
PETKA,5
PETKO,5
PETKOFF,5
PETKUS,5
PETO,5
PETOSA,5
PETR,5
PETRAGLIA,5
PETRAIN,5
PETRAK,5
PETRAKIS,5
PETRALBA,5
PETRALIA,5
PETRAMALE,5
PETRARCA,5
PETRAS,5
PETRASH,5
PETRAUSKAS,5
PETRE,5
PETREA,5
PETRECCA,5
PETREE,10
PETRELLA,10
PETRELLI,5
PETRELLO,5
PETRETTI,5
PETREY,10
PETRI,10
PETRIC,5
PETRICCIONE,5
PETRICH,5
PETRICK,10
PETRICKA,5
PETRICONE,5
PETRIDES,5
PETRIE,30
PETRIELLO,5
PETRIK,5
PETRILLA,5
PETRILLI,5
PETRILLO,10
PETRILLOSE,5
PETRIN,10
PETRINA,5
PETRINI,5
PETRINO,5
PETRIS,5
PETRIZZO,5
PETRO,10
PETROCCO,5
PETROCELLI,5
PETROCHELLO,5
PETROFF,5
PETRON,5
PETRONE,10
PETRONELLA,5
PETRONIO,5
PETRONIS,5
PETRONZIO,5
PETROPOULOS,5
PETROPULOS,5
PETROS,5
PETROSINO,5
PETROSKE,5
PETROSKI,5
PETROSKY,10
PETROSS,5
PETROSSIAN,5
PETROSYAN,5
PETROUITS,5
PETROV,5
PETROVIC,5
PETROVICH,10
PETROVITS,5
PETROWSKI,5
PETRSON,5
PETRU,5
PETRUCCELLI,5
PETRUCCI,10
PETRUCCO,5
PETRUCELLI,5
PETRULIS,5
PETRULLO,5
PETRUNGER,5
PETRUS,10
PETRUSKA,5
PETRUSKY,5
PETRUSO,5
PETRUZZELLI,5
PETRUZZI,5
PETRY,20
PETSCH,5
PETSCHE,5
PETT,5
PETTA,5
PETTAS,5
PETTAWAY,10
PETTAY,5
PETTENGILL,10
PETTER,5
PETTERS,5
PETTERSEN,5
PETTERSON,20
PETTERSSON,5
PETTES,5
PETTET,5
PETTETT,5
PETTEWAY,5
PETTEY,10
PETTI,10
PETTIBON,5
PETTIBONE,5
PETTICREW,5
PETTIE,10
PETTIES,10
PETTIFORD,20
PETTIGREW,30
PETTIGROVE,5
PETTIJOHN,5
PETTINATO,5
PETTINE,5
PETTINELLA,5
PETTINELLI,5
PETTINGER,5
PETTINGILL,5
PETTIPAS,5
PETTIS,30
PETTIT,70
PETTITT,10
PETTIWAY,5
PETTNER,5
PETTON,5
PETTREY,5
PETTRY,10
PETTS,5
PETTUS,20
PETTWAY,30
PETTY,150
PETTYJOHN,10
PETULA,5
PETWAY,10
PETZ,5
PETZEL,5
PETZOLD,5
PETZOLDT,5
PEUGH,5
PEVAHOUSE,5
PEVEHOUSE,5
PEVELER,5
PEVERINI,5
PEVETO,5
PEVEY,5
PEVEZ,5
PEVSNER,5
PEVY,5
PEW,10
PEWITT,10
PEWO,5
PEXSA,5
PEXTON,5
PEYATT,5
PEYER,5
PEYRE,5
PEYSER,5
PEYTON,30
PEZEZ,5
PEZINA,5
PEZLEY,5
PEZZANO,5
PEZZETTI,5
PEZZICA,5
PEZZIMENTI,5
PEZZULLO,5
PEZZULO,5
PEZZUTI,5
PEZZUTO,5
PFAFF,20
PFAFFINGER,5
PFAHL,5
PFAHLER,5
PFAHLERT,5
PFALMER,5
PFALZGRAF,5
PFANDER,5
PFANNENSTEIN,5
PFANNENSTIEL,10
PFANSTIEL,5
PFARR,10
PFAU,5
PFAUTZ,5
PFEFFER,20
PFEFFERKORN,5
PFEFFERLE,5
PFEIFER,30
PFEIFF,5
PFEIFFENBERGE,5
PFEIFFER,40
PFEIFLE,5
PFEIL,10
PFEISTER,5
PFENDLER,5
PFENNING,5
PFEUFFER,5
PFIEFFER,5
PFIFER,5
PFINGSTEN,5
PFIRSCH,5
PFISTER,20
PFISTERER,5
PFLANZ,5
PFLEGER,5
PFLEIDER,5
PFLEIDERER,5
PFLEUGER,5
PFLIEGER,5
PFLIGER,5
PFLUEGER,5
PFLUG,5
PFLUGER,5
PFLUGH,5
PFLUGHOEFT,5
PFLUGRAD,5
PFLUGRADT,5
PFLUM,5
PFNISTER,5
PFOHL,5
PFORR,5
PFOST,5
PFOTENHAUER,5
PFOUTZ,5
PFROGNER,5
PFROMMER,5
PFUHL,5
PFUND,5
PFUNDT,5
PHAGAN,5
PHAIR,10
PHALEN,5
PHAM,80
PHAN,40
PHANCO,5
PHANEUF,10
PHANG,5
PHANN,5
PHANOR,5
PHANORD,5
PHANTHANOUVON,5
PHANTHAUONG,5
PHANTHAVONGSA,5
PHARAO,5
PHARE,5
PHAREL,5
PHARES,10
PHARIS,5
PHARISS,5
PHARMER,5
PHARMES,5
PHARO,5
PHARR,20
PHARRIS,10
PHATDOUANG,5
PHAUP,5
PHAY,5
PHAYMANY,5
PHEARSDORF,5
PHEASANT,5
PHEBUS,5
PHEGLEY,5
PHELAN,40
PHELKA,5
PHELP,5
PHELPS,230
PHELTS,5
PHENES,5
PHENIX,5
PHEONIX,5
PHERGUSON,5
PHERIGO,5
PHERNETTON,5
PHERSON,5
PHETPHONGSY,5
PHETSANGHANE,5
PHETTEPLACE,5
PHI,5
PHIBBS,5
PHIFER,30
PHILABAUM,5
PHILAVANH,5
PHILAVONG,5
PHILBECK,5
PHILBEN,5
PHILBERT,5
PHILBIN,5
PHILBRICK,10
PHILBROOK,10
PHILDOR,5
PHILEN,5
PHILHOWER,5
PHILIBERT,5
PHILIO,5
PHILIP,20
PHILIPOSE,5
PHILIPP,5
PHILIPPE,5
PHILIPPI,5
PHILIPPON,5
PHILIPPS,5
PHILIPS,20
PHILIPSON,5
PHILLEY,5
PHILLIANS,5
PHILLIBER,5
PHILLIES,5
PHILLIP,20
PHILLIPI,5
PHILLIPPE,5
PHILLIPPI,10
PHILLIPPY,5
PHILLIPS,1490
PHILLIPSON,5
PHILLIS,5
PHILLPS,5
PHILMAN,5
PHILMON,5
PHILMORE,5
PHILO,5
PHILOGENE,5
PHILP,5
PHILPOT,20
PHILPOTT,10
PHILPOTTS,5
PHILPS,5
PHILSON,10
PHILYAW,5
PHIMPRADAPSY,5
PHIMSOUTHAM,5
PHINAZEE,5
PHINISEE,5
PHINNEY,10
PHIPPARD,5
PHIPPEN,5
PHIPPIN,5
PHIPPS,100
PHLEGM,5
PHLIEGER,5
PHO,5
PHOENIX,10
PHOEUK,5
PHOM,5
PHOMMAJACK,5
PHOMMASENG,5
PHOMMATHETH,5
PHOMPHITHAK,5
PHOMSOUKHA,5
PHONG,5
PHONHARATH,5
PHORNG,5
PHOTHIRATH,5
PHOU,5
PHOUBANDITH,5
PHOUN,5
PHRAMANY,5
PHU,10
PHUAPHES,5
PHUMA,5
PHUNG,10
PHUONG,5
PHURROUGH,5
PHY,5
PHYFE,5
PHYFIHER,5
PI,5
PIA,5
PIACENTE,5
PIACENZA,5
PIACITELLI,5
PIACQUADIO,5
PIAN,5
PIANALTO,5
PIANKA,5
PIANO,5
PIANTANIDA,5
PIAO,5
PIASCIK,5
PIASECKI,5
PIATAK,5
PIATEK,5
PIATKOWSKI,5
PIATT,10
PIATZ,5
PIAZZA,20
PICA,10
PICADO,5
PICARD,40
PICARDI,5
PICARDO,5
PICARELLO,5
PICARIELLO,5
PICARO,5
PICART,5
PICASSO,5
PICAZO,5
PICCARD,5
PICCHETTI,5
PICCHI,5
PICCIANO,5
PICCILLO,5
PICCINICH,5
PICCININI,5
PICCINONE,5
PICCIONE,5
PICCIONI,5
PICCIRILLI,5
PICCIRILLO,10
PICCIUTO,5
PICCO,5
PICCOLA,5
PICCOLI,5
PICCOLO,10
PICCOLOMINI,5
PICCONE,5
PICCUILLO,5
PICENO,5
PICERNI,5
PICERNO,5
PICETTI,5
PICH,5
PICHA,5
PICHARD,5
PICHARDO,20
PICHE,10
PICHER,5
PICHETTE,5
PICHLER,5
PICHOFF,5
PICHON,5
PICHT,5
PICINI,5
PICK,10
PICKAR,5
PICKARD,40
PICKEL,10
PICKELL,10
PICKELSIMER,5
PICKEN,5
PICKENPAUGH,5
PICKENS,60
PICKER,5
PICKEREL,10
PICKERELL,5
PICKERILL,5
PICKERING,50
PICKERSGILL,5
PICKERT,5
PICKET,5
PICKETPIN,5
PICKETT,140
PICKETTE,5
PICKETTS,5
PICKFORD,5
PICKHARDT,5
PICKING,5
PICKINGS,5
PICKL,5
PICKLE,20
PICKLER,5
PICKLES,10
PICKLESIMER,10
PICKMAN,5
PICKNELL,5
PICKNEY,10
PICKREL,5
PICKRELL,10
PICKREN,5
PICKRON,5
PICKUP,5
PICO,5
PICOLET,5
PICON,5
PICONE,5
PICOT,5
PICOTTE,5
PICOU,10
PICOZZI,5
PICQUET,5
PICTON,5
PICUCCI,5
PIDCOCK,5
PIDGEON,10
PIDRO,5
PIEARCY,5
PIECH,5
PIECHOCKI,5
PIECHOSKI,5
PIECHOTA,5
PIECHOWSKI,5
PIECUCH,5
PIECZYNSKI,5
PIEDE,5
PIEDIGROSSI,5
PIEDMONT,5
PIEDRA,10
PIEDRAHITA,5
PIEFER,5
PIEFFER,5
PIEGARO,5
PIEHL,5
PIEHLER,5
PIEK,5
PIEKARSKI,5
PIEKOS,5
PIEL,5
PIELA,5
PIELOCH,5
PIELOW,5
PIENING,5
PIENTA,5
PIENTKA,5
PIEPENBRINK,5
PIEPENBURG,5
PIEPER,20
PIEPHO,5
PIER,10
PIERANNUNZIO,5
PIERATT,5
PIERCE,560
PIERCEALL,5
PIERCEFIELD,5
PIERCEY,5
PIERCY,20
PIERDON,5
PIERE,5
PIERETTI,5
PIERFAX,5
PIERI,5
PIERINI,5
PIERMARINI,5
PIERMATTEO,5
PIERMONT,5
PIERONI,5
PIEROTTI,5
PIERPOINT,5
PIERPONT,5
PIERRE,90
PIERRI,5
PIERRIE,5
PIERRO,10
PIERRON,5
PIERROT,5
PIERROTT,5
PIERSALL,5
PIERSAUL,5
PIERSIAK,5
PIERSOL,5
PIERSON,110
PIERTRACCINI,5
PIERZCHALA,5
PIES,5
PIESCO,5
PIETERS,5
PIETIG,5
PIETILA,5
PIETRAFESA,5
PIETRAS,5
PIETRINI,5
PIETROK,5
PIETROPAOLO,5
PIETROWICZ,5
PIETROWSKI,5
PIETRYGA,5
PIETRZAK,10
PIETRZYK,5
PIETRZYKOWSKI,5
PIETSCH,10
PIETSCHMAN,5
PIETTE,5
PIETY,5
PIETZ,5
PIETZSCH,5
PIFER,10
PIGANELLI,5
PIGAO,5
PIGAT,5
PIGEON,5
PIGFORD,10
PIGG,20
PIGGEE,5
PIGGIE,5
PIGGOTT,10
PIGGS,5
PIGLER,5
PIGMAN,5
PIGNA,5
PIGNATARO,5
PIGNATELLI,5
PIGNATELLO,5
PIGNONE,5
PIGNOTTI,5
PIGOTT,10
PIGRAM,5
PIGUE,5
PIGUET,5
PIH,5
PIHL,5
PIHLAJA,5
PIIRTO,5
PIJANOWSKI,5
PIKE,110
PIKER,5
PIKES,5
PIKEY,5
PIKKARAINEN,5
PIKUL,5
PIKULA,5
PIKUS,5
PILA,5
PILAKOWSKI,5
PILAND,10
PILANT,5
PILAPIL,5
PILAR,5
PILARSKI,5
PILARZ,5
PILAT,5
PILATI,5
PILATO,5
PILBIN,5
PILCH,5
PILCHER,30
PILCHOWSKI,5
PILE,5
PILEGGI,5
PILES,5
PILETTE,5
PILGER,10
PILGREEN,5
PILGRIM,20
PILI,5
PILIERO,5
PILKENTON,5
PILKERTON,5
PILKEY,5
PILKINGTON,20
PILKINS,5
PILKINTON,5
PILL,5
PILLA,10
PILLADO,5
PILLAI,5
PILLAR,10
PILLARD,5
PILLARELLA,5
PILLE,5
PILLER,5
PILLERS,5
PILLETTE,5
PILLEY,5
PILLING,5
PILLION,5
PILLIPS,5
PILLITTERI,5
PILLO,5
PILLON,5
PILLOT,5
PILLOUD,5
PILLOW,10
PILLSBURY,10
PILON,10
PILOT,5
PILOTTE,5
PILOTTI,5
PILSNER,5
PILSON,5
PILTZ,5
PILUSO,5
PILZ,5
PIM,5
PIMENTA,5
PIMENTAL,20
PIMENTEL,50
PIMPARE,5
PIMPLE,5
PIN,5
PINA,70
PINAL,5
PINALES,5
PINARD,10
PINAULT,5
PINC,5
PINCE,5
PINCH,5
PINCHBACK,5
PINCHBECK,5
PINCHOCK,5
PINCHON,5
PINCIARO,5
PINCINCE,5
PINCKARD,5
PINCKLEY,5
PINCKNEY,30
PINCOCK,5
PINCUS,10
PINDELL,5
PINDER,20
PINE,20
PINEAU,5
PINEAULT,5
PINEDA,100
PINEDO,10
PINEGAR,10
PINEIRO,10
PINELA,5
PINELL,5
PINELLI,5
PINELLO,5
PINELO,5
PINENA,5
PINEO,5
PINER,10
PINERA,5
PINERO,10
PINES,10
PINET,5
PINETTE,10
PING,10
PINGEL,5
PINGER,5
PINGITORE,5
PINGLETON,5
PINGREE,5
PINGREY,5
PINHEIRO,10
PINI,5
PINICK,5
PINILLA,5
PINION,10
PINK,10
PINKARD,10
PINKE,5
PINKELTON,5
PINKENBURG,5
PINKERMAN,5
PINKERT,5
PINKERTON,30
PINKETT,5
PINKEY,5
PINKHAM,20
PINKINS,5
PINKLETON,5
PINKLEY,10
PINKNEY,20
PINKOS,5
PINKOWSKI,5
PINKS,5
PINKSTAFF,5
PINKSTON,30
PINKTON,5
PINLEY,5
PINN,5
PINNA,5
PINNELL,5
PINNEO,5
PINNER,10
PINNETTE,5
PINNEY,10
PINNICK,5
PINNIX,10
PINNOCK,10
PINNOW,5
PINNT,5
PINO,30
PINON,10
PINSKI,5
PINSKY,5
PINSON,50
PINSONEAULT,5
PINSONNAULT,5
PINSONNEAULT,5
PINTA,5
PINTADO,5
PINTAR,5
PINTEA,5
PINTELLO,5
PINTER,10
PINTO,40
PINTOR,5
PINTOS,5
PINUELAS,5
PINYAN,5
PINZINO,5
PINZON,10
PINZONE,5
PIO,5
PIOCHE,5
PIOLI,5
PIOMBINO,5
PION,5
PIONTEK,5
PIONTKOWSKI,5
PIORKOWSKI,5
PIOSKE,5
PIOTROWSKI,10
PIPE,5
PIPER,90
PIPES,10
PIPHER,5
PIPHO,5
PIPIA,5
PIPILAS,5
PIPKIN,30
PIPKINS,10
PIPPEN,10
PIPPENGER,5
PIPPENS,5
PIPPER,5
PIPPERT,5
PIPPIN,30
PIPPINS,10
PIPPITT,5
PIQUE,5
PIQUETTE,5
PIRAINO,5
PIRC,5
PIRES,20
PIRIE,5
PIRIEDA,5
PIRILLO,5
PIRKEY,5
PIRKL,5
PIRKLE,10
PIRMAN,5
PIRNER,5
PIRNIE,5
PIRO,5
PIROG,5
PIROLLI,5
PIROLLO,5
PIRONE,5
PIROS,5
PIROSO,5
PIROZHKOV,5
PIRRE,5
PIRRELLO,5
PIRRO,5
PIRRONE,5
PIRROTTA,5
PIRTLE,20
PISANI,10
PISANO,10
PISARSKI,5
PISCHKE,5
PISCIOTTA,5
PISCIOTTI,5
PISCITELLI,10
PISCITELLO,5
PISCO,5
PISCOPO,5
PISEGNA,5
PISELLI,5
PISERCHIO,5
PISHA,5
PISHKO,5
PISHNER,5
PISICCHIO,5
PISKE,5
PISKEL,5
PISKURA,5
PISTELLI,5
PISTILLI,5
PISTOLE,5
PISTONE,5
PISTORESI,5
PISTORIUS,5
PISTULKA,5
PISULA,5
PISZCZATOWSKI,5
PISZCZEK,5
PITA,5
PITANIELLO,5
PITARRESI,5
PITASSI,5
PITCAIRN,5
PITCAK,5
PITCAVAGE,5
PITCH,5
PITCHER,20
PITCHERELLO,5
PITCHFORD,10
PITCOCK,10
PITEK,5
PITEL,5
PITFIELD,5
PITHAN,5
PITKA,5
PITKIN,5
PITMAN,30
PITMON,5
PITNER,5
PITNEY,5
PITOCCO,5
PITONYAK,5
PITORAK,5
PITPITAN,5
PITRE,30
PITRUZZELLO,5
PITSCH,5
PITSENBARGER,5
PITSTICK,5
PITT,40
PITTA,5
PITTARD,10
PITTARI,5
PITTELKOW,5
PITTENGER,10
PITTER,5
PITTILLO,5
PITTINGER,5
PITTMAN,250
PITTMANN,5
PITTMON,5
PITTNER,5
PITTS,230
PITTSENBARGER,5
PITTSINGER,5
PITTSLEY,5
PITUCH,5
PITZ,5
PITZEN,5
PITZER,10
PIURKOWSKI,5
PIUS,5
PIVEC,5
PIVIN,5
PIWETZ,5
PIWOWAR,5
PIXLER,5
PIXLEY,10
PIZANA,5
PIZANI,5
PIZANO,10
PIZARRO,20
PIZER,5
PIZIRA,5
PIZUR,5
PIZZA,5
PIZZANO,5
PIZZARO,5
PIZZELLA,5
PIZZI,5
PIZZICO,5
PIZZINI,5
PIZZINO,5
PIZZITOLA,5
PIZZO,10
PIZZOLA,5
PIZZOLATO,5
PIZZULO,5
PIZZUTI,5
PIZZUTO,5
PJETROVIC,5
PLAAS,5
PLACE,30
PLACEK,5
PLACENCIA,10
PLACENCIO,5
PLACERES,5
PLACHA,5
PLACHECKI,5
PLACIDE,5
PLACIDO,5
PLACINO,5
PLACK,5
PLACKE,5
PLACKER,5
PLACKETT,5
PLACKO,5
PLACZEK,5
PLADSON,5
PLAGEMAN,5
PLAGENS,5
PLAGGE,5
PLAGMAN,5
PLAGMANN,5
PLAHS,5
PLAIN,10
PLAINY,5
PLAIR,5
PLAISANCE,10
PLAISTED,10
PLAKE,5
PLAKKE,5
PLAMBECK,5
PLAMER,5
PLAMONDIN,5
PLAMONDON,5
PLAN,5
PLANA,5
PLANAGAN,5
PLANAS,10
PLANCARTE,5
PLANCE,5
PLANCK,5
PLANE,5
PLANER,5
PLANK,20
PLANKEY,5
PLANSINIS,5
PLANT,20
PLANTE,30
PLANTENBERG,5
PLANTENGA,5
PLANTIER,5
PLANTS,5
PLANTY,5
PLANTZ,5
PLASCENCIA,20
PLASENCIA,10
PLASKETT,5
PLASKY,5
PLASS,5
PLASSE,5
PLASSMAN,5
PLASSMANN,5
PLASSMEYER,5
PLASTER,10
PLASTOW,5
PLATA,10
PLATANIA,5
PLATAS,5
PLATE,5
PLATEK,5
PLATENBURG,5
PLATER,5
PLATERO,5
PLATEROS,5
PLATEROTI,5
PLATH,10
PLATHE,5
PLATKO,5
PLATNER,5
PLATO,5
PLATT,80
PLATTE,5
PLATTEN,5
PLATTER,5
PLATTNER,5
PLATTS,5
PLATTSMIER,5
PLATZ,10
PLATZER,5
PLAUCHE,5
PLAUGHER,5
PLAUT,5
PLAUTZ,5
PLAVNIK,5
PLAXCO,5
PLAXICO,5
PLAYER,20
PLAYFORD,5
PLAYL,5
PLAYLE,5
PLAZA,20
PLAZZA,5
PLEAS,10
PLEASANT,30
PLEASANTON,5
PLEASANTS,10
PLEASENT,5
PLEASURE,5
PLEAU,5
PLECKER,5
PLEDGER,10
PLEET,5
PLEGGE,5
PLEIL,5
PLEIMAN,5
PLEISS,5
PLEITEZ,5
PLEMEL,5
PLEMMONS,10
PLEMONS,10
PLENSKOFSKI,5
PLENTY,5
PLEPPO,5
PLESANT,5
PLESCIA,5
PLESE,5
PLESHA,5
PLESHE,5
PLESKAC,5
PLESNARSKI,5
PLESS,10
PLESSINGER,5
PLESSIS,5
PLESSNER,5
PLETCHER,10
PLETSCH,5
PLETT,5
PLETZ,5
PLEVA,5
PLEVIN,5
PLEW,5
PLEWA,5
PLEWINSKI,5
PLEXICO,5
PLIEGO,5
PLIENIS,5
PLIKERD,5
PLILER,5
PLIML,5
PLIMPTON,5
PLINE,5
PLINER,5
PLISKA,5
PLITT,5
PLOCEK,5
PLOCH,5
PLOCHER,5
PLOCICA,5
PLOCK,5
PLOEGER,5
PLOENNIGS,5
PLOENSE,5
PLOETZ,5
PLOHR,5
PLOMMA,5
PLONA,5
PLONKA,5
PLOOF,10
PLOSKER,5
PLOSKUNAK,5
PLOSS,5
PLOSZAJ,5
PLOTKIN,10
PLOTNER,5
PLOTNIK,5
PLOTROWSKI,5
PLOTT,10
PLOTTS,5
PLOTZ,5
PLOTZKER,5
PLOUDE,5
PLOUFFE,10
PLOUGH,5
PLOURD,5
PLOURDE,20
PLOVER,5
PLOWDEN,5
PLOWE,5
PLOWMAN,20
PLUCK,5
PLUDE,5
PLUE,5
PLUEGER,5
PLUEMER,5
PLUES,5
PLUFF,5
PLUHAR,5
PLUID,5
PLUM,10
PLUMA,5
PLUMADORE,5
PLUMB,20
PLUMBAR,5
PLUMBER,5
PLUME,5
PLUMER,5
PLUMLEE,10
PLUMLEY,20
PLUMMER,110
PLUMP,5
PLUMPTON,5
PLUNGY,5
PLUNK,10
PLUNKET,5
PLUNKETT,40
PLUSH,5
PLUTA,5
PLUTT,5
PLUVIOSE,5
PLUVOISE,5
PLUYM,5
PLY,5
PLYER,5
PLYLER,10
PLYMALE,5
PLYMEL,5
PLYMIRE,5
PLYMPTON,5
PLYS,5
PNIEWSKI,5
PO,5
POAG,5
POAGE,5
POAGUE,5
POAIPUNI,5
POALINO,5
POARCH,10
POAT,5
POBANZ,5
POBLETE,5
POBRE,5
POCAI,5
POCASANGRE,5
POCCHIA,5
POCEKAY,5
POCH,10
POCHATKO,5
POCHE,10
POCHIBA,5
POCHINTESTA,5
POCIASK,5
POCIENGEL,5
POCIUS,5
POCK,5
POCKETTE,5
POCKLINGTON,5
POCKRUS,5
POCOCK,5
POCZOBUT,5
POD,5
PODANY,5
PODARAS,5
PODBIELSKI,5
PODE,5
PODELL,5
PODESTA,5
PODESZWA,5
PODEWILS,5
PODGURSKI,5
PODKOWKA,5
PODLAS,5
PODMORE,5
PODOLAK,5
PODOLSKY,5
PODRASKY,5
PODRATZ,5
PODRAZA,5
PODSIAD,5
PODUSKA,5
PODVIN,5
PODWOSKI,5
PODY,5
POE,100
POEHLEIN,5
POEHLER,5
POEHLMAN,5
POELING,5
POELLINETZ,5
POELLNITZ,5
POELLOT,5
POELMAN,5
POEPPEL,5
POEPPELMAN,5
POEPPING,5
POEPPLEIN,5
POER,5
POERTNER,5
POESCHEL,5
POESCHL,5
POET,5
POETKER,5
POETTE,5
POETTER,5
POETZSCH,5
POFAHL,5
POFF,10
POFFENBERGER,10
POFFENROTH,5
POGAR,5
POGGI,5
POGGIO,5
POGORELC,5
POGOZELSKI,5
POGUE,30
POHL,20
POHLER,5
POHLMAN,10
POHLMANN,5
POHLSON,5
POHORILLA,5
POINDEXTER,50
POINELLI,5
POINSETT,5
POINSETTE,5
POINSON,5
POINT,5
POINTDEXTER,5
POINTE,5
POINTER,30
POINTON,5
POINTS,5
POIRE,5
POIRER,5
POIRIER,60
POIROT,5
POIRRIER,5
POISEL,5
POISSANT,5
POISSO,5
POISSON,20
POISSONNIER,5
POISTER,5
POITER,5
POITEVIN,5
POITEVINT,5
POITIER,5
POITRA,10
POITRAS,10
POK,5
POKALLAS,5
POKE,5
POKOJ,5
POKORA,5
POKORNEY,5
POKORNY,10
POKORSKI,5
POKRZYWA,5
POKSWINSKI,5
POL,5
POLA,5
POLACCO,5
POLACEK,5
POLACHEK,5
POLACK,5
POLACO,5
POLADIAN,5
POLAK,10
POLAKIS,5
POLAKOFF,5
POLAKOWSKI,5
POLAN,5
POLANCO,40
POLAND,30
POLANSKI,5
POLANSKY,10
POLASEK,5
POLASHEK,5
POLASKI,5
POLASKY,5
POLCHINSKI,5
POLCOVICH,5
POLCYN,5
POLCZYNSKI,5
POLDRACK,5
POLE,5
POLEDORE,5
POLEE,5
POLEK,5
POLEMENI,5
POLEN,10
POLERA,5
POLES,5
POLETSKI,5
POLETTI,5
POLEY,5
POLEYESTEWA,5
POLFER,5
POLHAMUS,5
POLHEMUS,5
POLHILL,5
POLI,10
POLIAN,5
POLICAR,5
POLICARE,5
POLICASTRI,5
POLICASTRO,5
POLICE,5
POLICH,5
POLICICCHIO,5
POLICZ,5
POLIDORE,5
POLIDORI,5
POLIDORO,5
POLIKOFF,5
POLIKS,5
POLIMENI,5
POLIN,5
POLING,30
POLINO,5
POLINSKI,5
POLINSKY,5
POLINTAN,5
POLIO,5
POLIQUIN,5
POLISKY,5
POLISOTO,5
POLIT,5
POLITANO,5
POLITE,10
POLITI,5
POLITIS,5
POLITO,10
POLITOWSKI,5
POLITTE,10
POLITZ,5
POLIVICK,5
POLIVKA,5
POLIZIO,5
POLIZZI,10
POLJAK,5
POLK,110
POLKA,5
POLKINGHORN,5
POLL,5
POLLACCO,5
POLLACK,40
POLLAK,10
POLLAN,5
POLLAND,5
POLLARA,5
POLLARD,140
POLLARO,5
POLLART,5
POLLE,5
POLLEN,5
POLLET,5
POLLETT,5
POLLEY,20
POLLICA,5
POLLICK,5
POLLINA,5
POLLINGER,5
POLLINS,5
POLLIO,5
POLLITT,10
POLLMAN,10
POLLMANN,5
POLLNOW,5
POLLO,5
POLLOCK,90
POLLOK,5
POLLOM,5
POLLOT,5
POLLUTRO,5
POLLY,10
POLNAU,5
POLO,10
POLOSKEY,5
POLOSKY,5
POLOVOY,5
POLOWY,5
POLSELLI,5
POLSGROVE,5
POLSKI,5
POLSKY,5
POLSON,20
POLSTER,10
POLSTON,10
POLTER,5
POLTON,5
POLTORAK,5
POLTROCK,5
POLUCHA,5
POLUMBO,5
POLVERARI,5
POLVINO,5
POLYAK,5
POLYCARPE,5
POLYNICE,5
POLZER,5
POLZIN,10
POMA,5
POMAINVILLE,5
POMALES,5
POMAR,5
POMARES,5
POMARICO,5
POMBERG,5
POMBO,5
POMELLA,5
POMERANCE,5
POMERANTZ,5
POMERANZ,5
POMERLEAU,10
POMEROY,30
POMFRET,5
POMIECKO,5
POMILLA,5
POMMER,5
POMMIER,5
POMO,5
POMPA,10
POMPEI,5
POMPEY,10
POMPI,5
POMPILIO,5
POMPLUN,5
POMPONI,5
POMPONIO,5
POMPOSO,5
POMRENKE,5
POMROY,5
POMYKALA,5
PON,10
PONCE,110
PONCEDELEON,5
PONCHO,5
PONCIANO,5
PONCIO,5
POND,40
PONDER,50
PONDEXTER,5
PONDS,10
PONE,5
PONESSA,5
PONG,5
PONGKHAMSING,5
PONIATOSKI,5
PONIATOWSKI,5
PONO,5
PONS,10
PONSLER,5
PONT,5
PONTARELLI,5
PONTBRIAND,5
PONTE,10
PONTER,5
PONTES,5
PONTI,5
PONTIFF,10
PONTILLO,5
PONTIN,5
PONTING,5
PONTIOUS,5
PONTIUS,10
PONTO,5
PONTON,10
PONTONIO,5
PONTORIERO,5
PONTREMOLI,5
PONYAH,5
PONZI,5
PONZIO,5
PONZO,5
POOCK,5
POOL,60
POOLE,250
POOLER,20
POOLEY,10
POOLHECO,5
POON,10
POONI,5
POOR,10
POORE,40
POORMAN,10
POORMON,5
POORT,5
POORTE,5
POORTINGA,5
POOSCHKE,5
POOSER,5
POOT,5
POOVEY,10
POOYOUMA,5
POP,5
POPA,10
POPADIUK,5
POPAT,5
POPE,280
POPEC,5
POPEJOY,5
POPEK,5
POPELKA,5
POPER,5
POPESCU,5
POPHAM,10
POPI,5
POPICHAK,5
POPICK,5
POPIEL,5
POPIELARCZYK,5
POPIK,5
POPIOLEK,5
POPKE,5
POPKEN,5
POPKIN,5
POPLAR,10
POPLASKI,5
POPLAWSKI,5
POPLIN,10
POPOCA,5
POPOFF,5
POPOVEC,5
POPOVIC,5
POPOVICH,10
POPOVITCH,5
POPOWSKI,5
POPP,30
POPPE,10
POPPEL,5
POPPELL,5
POPPEMA,5
POPPEN,5
POPPENHAGEN,5
POPPER,5
POPPERT,5
POPPLE,5
POPPLETON,5
POPPLEWELL,5
POPPO,5
POPULARIS,5
POPWELL,5
POQUE,5
POQUETTE,5
PORA,5
PORADA,5
PORAT,5
PORATH,10
PORCARO,10
PORCELLI,5
PORCELLO,5
PORCH,10
PORCHE,10
PORCHER,5
PORCHIA,5
PORCO,5
PORE,5
POREDA,5
POREE,5
PORELL,5
POREMBA,5
POREMSKI,5
POREP,5
PORIETIS,5
PORO,5
POROWSKI,5
PORRAS,20
PORRAZ,5
PORRAZZO,5
PORRECA,5
PORRELLO,5
PORRES,5
PORRINI,5
PORRIS,5
PORRITT,5
PORRO,5
PORST,5
PORT,10
PORTA,5
PORTAL,5
PORTALATIN,5
PORTALES,5
PORTARO,5
PORTE,5
PORTEE,5
PORTELA,5
PORTELL,5
PORTELLO,5
PORTEN,5
PORTEOUS,5
PORTER,690
PORTERA,5
PORTERFIELD,40
PORTES,5
PORTEUS,5
PORTH,5
PORTIE,5
PORTIER,5
PORTILLA,5
PORTILLO,50
PORTIS,20
PORTLAND,5
PORTLEY,5
PORTLOCK,5
PORTMAN,5
PORTNER,5
PORTNEY,5
PORTNOFF,5
PORTNOY,5
PORTO,10
PORTOLESE,5
PORTOR,5
PORTRUM,5
PORTS,5
PORTSCHE,5
PORTUGAL,10
PORTUNE,5
PORTUONDO,5
PORTWINE,5
PORTWOOD,10
PORTZ,5
PORZIO,5
POSA,5
POSADA,10
POSADAS,5
POSAS,5
POSCH,5
POSEN,5
POSER,5
POSEY,80
POSIK,5
POSIS,5
POSKA,5
POSKEY,5
POSKITT,5
POSKUS,5
POSLEY,5
POSNER,10
POSNICK,5
POSPICIL,5
POSPISHIL,5
POSPISIL,10
POSS,10
POSSE,5
POSSEHL,5
POSSICK,5
POSSINGER,5
POSSO,5
POSSON,5
POST,80
POSTAL,5
POSTEL,5
POSTELL,10
POSTEMA,5
POSTEMSKI,5
POSTEN,5
POSTER,5
POSTERT,5
POSTHUMA,5
POSTHUMUS,5
POSTIER,5
POSTIGLIONE,5
POSTIN,5
POSTLE,5
POSTLES,5
POSTLETHWAIT,5
POSTLETHWAITE,5
POSTLEWAIT,5
POSTLEWAITE,5
POSTLEY,5
POSTMA,10
POSTO,5
POSTON,40
POSTUCI,5
POSUSTA,5
POTACZALA,5
POTANOVIC,5
POTASH,5
POTE,5
POTEAT,20
POTEET,20
POTEETE,10
POTEMPA,5
POTENZA,5
POTER,5
POTES,5
POTESTIO,5
POTH,5
POTHIER,10
POTHOVEN,5
POTHS,5
POTIER,5
POTIES,5
POTO,5
POTOCKI,5
POTOCNIK,5
POTOLSKY,5
POTRA,5
POTRATZ,5
POTSANDER,5
POTT,5
POTTEBAUM,5
POTTEIGER,5
POTTENGER,5
POTTER,300
POTTERS,5
POTTERSON,5
POTTHAST,5
POTTHOFF,5
POTTICHEN,5
POTTIER,5
POTTINGER,5
POTTKOTTER,5
POTTLE,5
POTTORF,5
POTTORFF,10
POTTS,150
POTUCEK,5
POTULSKI,5
POTVIN,10
POU,10
POUCH,5
POUCHE,5
POUCHER,5
POUDRIER,5
POUGE,5
POUGH,10
POUK,5
POULET,5
POULIN,50
POULIOT,10
POULIOTTE,5
POULISSE,5
POULLARD,5
POULLION,5
POULOS,20
POULSEN,10
POULSON,10
POULTER,5
POULTON,5
POUNCEY,5
POUNCIL,5
POUNCY,10
POUND,10
POUNDER,5
POUNDERS,10
POUNDS,30
POUNDSTONE,5
POUPARD,5
POUR,5
POURCHOT,5
POURIER,5
POURNER,5
POURVASE,5
POUSSON,5
POUTRE,5
POUX,5
POV,5
POVEY,5
POWAL,5
POWANDA,5
POWDERLY,5
POWE,20
POWEL,5
POWELL,930
POWELLS,5
POWELSON,5
POWER,50
POWERS,350
POWIS,5
POWLEDGE,5
POWLEN,5
POWLES,5
POWLESS,5
POWLEY,10
POWNALL,5
POWNELL,5
POWROZNIK,5
POWSEY,5
POWSKEY,5
POXON,5
POYDRAS,5
POYER,5
POYNEER,5
POYNER,10
POYNOR,5
POYNTER,20
POYNTON,5
POYSER,5
POYTHRESS,10
POZAR,5
POZNIAK,5
POZO,5
POZOS,5
POZZI,5
POZZO,5
POZZOBON,5
POZZUOLI,5
PRABEL,5
PRABHAKAR,5
PRABHAKARAN,5
PRACH,5
PRACHT,5
PRADA,10
PRADEL,5
PRADER,5
PRADHAN,5
PRADIER,5
PRADO,50
PRAG,5
PRAGER,10
PRAHL,10
PRAHM,5
PRAINO,5
PRAIRIE,5
PRAK,5
PRAKASH,5
PRAKOTH,5
PRALEY,5
PRALL,10
PRALLE,5
PRAML,5
PRAMUK,5
PRANG,5
PRANGE,10
PRANGER,5
PRANTE,5
PRASAD,10
PRASEK,5
PRASHAD,5
PRASKA,5
PRASOMSACK,5
PRASS,5
PRASSER,5
PRAST,5
PRAT,5
PRATA,5
PRATCHER,5
PRATELY,5
PRATER,80
PRATHER,70
PRATI,5
PRATICO,5
PRATILLO,5
PRATKA,5
PRATLEY,5
PRATO,5
PRATOR,5
PRATS,5
PRATT,260
PRATTE,5
PRATTELLA,5
PRATTEN,5
PRATTIS,5
PRATTS,5
PRAUNER,5
PRAUSE,5
PRAVATA,5
PRAWDZIK,5
PRAWL,5
PRAY,20
PRAYER,5
PRAYLOW,5
PRAYTOR,5
PRAZAK,5
PRAZENICA,5
PRAZERES,5
PRAZMA,5
PRCHAL,5
PRCHLIK,5
PREAS,10
PREAST,5
PREATO,5
PREBISH,5
PREBLE,10
PRECELLA,5
PRECHT,5
PRECHTEL,5
PRECHTL,5
PRECIADO,20
PRECISE,5
PRECISSI,5
PRECOURT,5
PRECYTHE,5
PREDA,5
PREDDY,5
PREDMORE,10
PREDOM,5
PREDOVICH,5
PREE,5
PREECE,20
PREEDOM,5
PREER,5
PREFONTAINE,5
PREGEANT,5
PREGLER,5
PREHEIM,5
PREHM,5
PREHN,5
PREHODA,5
PREIS,5
PREISACH,5
PREISEL,5
PREISENDORF,5
PREISINGER,5
PREISLER,5
PREISNER,5
PREISS,10
PREISSER,5
PREISSLER,5
PREISSNER,5
PREIST,5
PREISTER,5
PREITE,5
PREJEAN,10
PREJSNAR,5
PREKKER,5
PRELI,5
PRELL,5
PRELLWITZ,5
PREM,5
PREMEAUX,5
PREMER,5
PREMO,10
PRENATT,5
PRENCE,5
PRENDERGAST,20
PRENDES,5
PRENGER,5
PRENTICE,30
PRENTIS,5
PRENTISS,10
PREPOTENTE,5
PRESA,5
PRESAS,5
PRESBY,5
PRESCOD,5
PRESCOTT,60
PRESEREN,5
PRESGRAVES,5
PRESHA,5
PRESHO,5
PRESIADO,5
PRESIDENT,5
PRESKAR,5
PRESKITT,5
PRESLAR,10
PRESLER,10
PRESLEY,70
PRESLIPSKY,5
PRESNAL,5
PRESNALL,5
PRESNAR,5
PRESNELL,10
PRESS,10
PRESSEL,5
PRESSER,5
PRESSEY,5
PRESSIMONE,5
PRESSLER,10
PRESSLEY,50
PRESSLY,5
PRESSMAN,10
PRESSNELL,10
PRESSON,10
PRESSWOOD,10
PREST,5
PRESTA,5
PRESTAGE,5
PRESTER,5
PRESTI,5
PRESTIA,5
PRESTIDGE,5
PRESTINO,5
PRESTIPINO,5
PRESTLEY,5
PRESTO,5
PRESTON,190
PRESTRIDGE,10
PRESTWICH,5
PRESTWOOD,10
PRESUME,5
PRESUTTI,5
PRETE,5
PRETI,5
PRETLOW,5
PRETTI,5
PRETTNER,5
PRETTY,5
PRETTYMAN,10
PRETY,5
PRETZEL,5
PRETZER,5
PREUETT,5
PREUITT,5
PREUS,5
PREUSS,10
PREUSSER,10
PREVATT,5
PREVATTE,10
PREVENTO,5
PREVET,5
PREVETT,5
PREVETTE,5
PREVITE,5
PREVO,5
PREVOST,20
PREVOT,5
PREWER,5
PREWETT,10
PREWITT,40
PREY,5
PREYER,5
PREYOR,5
PREZ,5
PREZA,5
PREZIOSI,5
PREZIOSO,5
PREZZIA,5
PRIAL,5
PRIBBENO,5
PRIBBENOW,5
PRIBBLE,5
PRIBISH,5
PRIBLE,5
PRIBNOW,5
PRIBYL,5
PRICE,990
PRICER,5
PRICH,5
PRICHARD,30
PRICHETT,5
PRICKETT,10
PRIDDY,20
PRIDE,30
PRIDEAUX,5
PRIDEMORE,20
PRIDGEN,40
PRIDGEON,5
PRIDGETT,5
PRIDHAM,5
PRIDMORE,10
PRIEBE,10
PRIEFERT,5
PRIEGNITZ,5
PRIEGO,5
PRIEM,5
PRIER,5
PRIES,5
PRIESMEYER,5
PRIESS,5
PRIEST,60
PRIESTER,10
PRIESTLEY,10
PRIESTLY,5
PRIETO,40
PRIEUR,5
PRIEWE,5
PRIGG,5
PRIGGE,5
PRIGMORE,5
PRILL,10
PRILLAMAN,5
PRIM,10
PRIMA,5
PRIMACK,5
PRIMAS,5
PRIMAVERA,5
PRIME,10
PRIMEAU,5
PRIMEAUX,10
PRIMER,5
PRIMES,5
PRIMIANO,5
PRIMM,10
PRIMMER,10
PRIMO,10
PRIMOS,5
PRIMOZICH,5
PRIMROSE,5
PRIMUS,10
PRINCE,180
PRINCEVALLE,5
PRINCIOTTA,5
PRINCIPATO,10
PRINCIPE,5
PRINDALL,5
PRINDIVILLE,5
PRINDLE,10
PRINE,10
PRING,5
PRINGLE,60
PRINKEY,5
PRINKLETON,5
PRINN,5
PRINS,10
PRINTERS,5
PRINTUP,5
PRINTY,5
PRINTZ,10
PRINZ,10
PRINZI,5
PRINZING,5
PRINZIVALLI,5
PRIODE,5
PRIOLEAN,5
PRIOLEAU,10
PRIOLETTI,5
PRIOLO,10
PRIOR,20
PRIORE,5
PRISBREY,5
PRISCO,10
PRISK,5
PRISOC,5
PRISOCK,5
PRITCHARD,100
PRITCHELL,5
PRITCHER,5
PRITCHET,5
PRITCHETT,80
PRITT,10
PRITTS,10
PRITZ,5
PRITZEL,5
PRITZKER,5
PRIVADO,5
PRIVALSKY,5
PRIVATEER,5
PRIVATSKY,5
PRIVE,5
PRIVETT,10
PRIVETTE,10
PRIVITERA,5
PRIVOTT,5
PRIZIO,5
PRIZZI,5
PRO,5
PROA,5
PROANO,5
PROBASCO,5
PROBERT,5
PROBST,20
PROBUS,5
PROBY,5
PROCACCINI,5
PROCACCINO,5
PROCELL,5
PROCH,5
PROCHAK,5
PROCHASKA,10
PROCHAZKA,5
PROCHNOW,5
PROCIUK,5
PROCK,5
PROCKNOW,5
PROCO,5
PROCOPIO,10
PROCSAL,5
PROCTER,10
PROCTOR,120
PRODAN,5
PRODOEHL,5
PROEHL,5
PROENZA,5
PROESCHER,5
PROFANCIK,5
PROFERA,5
PROFETA,5
PROFFER,5
PROFFIT,5
PROFFITT,40
PROFIT,10
PROFITT,10
PROGACZ,5
PROGL,5
PROHASKA,5
PROHONIC,5
PROIA,5
PROIETTO,5
PROK,5
PROKES,5
PROKOP,10
PROKOS,5
PROKSCH,5
PROKUP,5
PROM,10
PROMER,5
PROMISCO,5
PROMISE,5
PRONDZINSKI,5
PRONK,5
PRONOVOST,5
PRONTO,5
PROO,5
PROPER,10
PROPES,10
PROPHET,5
PROPHETE,5
PROPHETER,5
PROPHETT,5
PROPHIT,5
PROPP,10
PROPPER,5
PROPPS,5
PROPST,20
PROSAK,5
PROSCH,5
PROSCIA,5
PROSE,5
PROSENICK,5
PROSIENSKI,5
PROSISE,5
PROSONIC,5
PROSPAL,5
PROSPER,5
PROSPERI,5
PROSPERIE,10
PROSPERO,5
PROSS,5
PROSSER,30
PROST,5
PROTAIN,5
PROTANO,5
PROTAS,5
PROTASEWICH,5
PROTHERO,5
PROTHRO,5
PROTICH,5
PROTIN,5
PROTO,10
PROTSMAN,5
PROTTSMAN,5
PROTZ,5
PROTZMAN,5
PROUD,5
PROUDFOOT,5
PROUE,5
PROULX,20
PROUSE,5
PROUT,10
PROUTY,10
PROVANCE,5
PROVAZEK,5
PROVEAUX,5
PROVENCAL,10
PROVENCE,5
PROVENCHER,20
PROVENCIO,5
PROVENT,5
PROVENZA,5
PROVENZANO,10
PROVENZO,5
PROVIDENCE,5
PROVINCE,10
PROVINE,5
PROVINES,5
PROVINO,5
PROVINS,5
PROVIS,5
PROVITT,5
PROVO,5
PROVORSE,5
PROVOST,30
PROVOSTY,5
PROVOW,5
PROW,5
PROWANT,5
PROWELL,10
PROWS,5
PROWSE,5
PRUCHA,5
PRUCHNIK,5
PRUCNAL,5
PRUDDEN,5
PRUDE,10
PRUDEN,10
PRUDENCIO,5
PRUDENT,5
PRUDENTE,5
PRUDHOMME,10
PRUDOM,5
PRUE,10
PRUESS,5
PRUESSNER,5
PRUETER,5
PRUETT,60
PRUETTE,5
PRUGH,5
PRUIETT,5
PRUIT,5
PRUITT,190
PRUKOP,5
PRUM,5
PRUNA,5
PRUNEAU,5
PRUNEDA,10
PRUNER,5
PRUNIER,5
PRUNTY,10
PRUS,5
PRUSAK,5
PRUSE,5
PRUSHA,5
PRUSINSKI,5
PRUSKOWSKI,5
PRUSS,5
PRUST,5
PRUTER,5
PRUTT,5
PRUTZMAN,5
PRUYN,5
PRUYNE,5
PRUZANSKY,5
PRVITT,5
PRY,10
PRYBYLSKI,5
PRYCE,10
PRYDE,5
PRYE,5
PRYER,5
PRYOR,110
PRYS,5
PRYSOCK,5
PRYZGODA,5
PRZEDWIECKI,5
PRZEKOP,5
PRZENICZNY,5
PRZEPIORA,5
PRZEWOZMAN,5
PRZYBYCIEN,5
PRZYBYL,5
PRZYBYLA,5
PRZYBYLSKI,10
PRZYBYSZ,5
PRZYBYSZEWSKI,5
PRZYGOCKI,5
PSENCIK,5
PSILOVIKOS,5
PSOMIADES,5
PSUIK,5
PSUTY,5
PTACEK,5
PTAK,5
PTASCHINSKI,5
PTASZYNSKI,5
PTOMEY,5
PU,5
PUA,10
PUBLIC,5
PUC,5
PUCA,5
PUCCETTI,5
PUCCI,10
PUCCIA,5
PUCCIARELLI,5
PUCCINELLI,5
PUCCINI,5
PUCCIO,10
PUCELLA,5
PUCHALLA,5
PUCHALSKI,5
PUCILLO,5
PUCIO,5
PUCKER,5
PUCKET,5
PUCKETT,120
PUCKHABER,5
PUDDEPHATT,5
PUDDY,5
PUDENZ,5
PUDLINSKI,5
PUEBLA,5
PUEHLER,5
PUELLO,5
PUELO,5
PUENT,5
PUENTE,40
PUENTES,10
PUERTA,5
PUERTAS,5
PUERTO,5
PUESEY,5
PUETT,5
PUETZ,5
PUFF,5
PUFFENBARGER,5
PUFFENBERGER,5
PUFFER,10
PUFFETT,5
PUFFINBERGER,5
PUFFINBURGER,5
PUGA,20
PUGEDA,5
PUGEL,5
PUGH,170
PUGLIA,5
PUGLIARES,5
PUGLIESE,20
PUGLISI,10
PUGMIRE,5
PUGSLEY,10
PUHALA,5
PUHL,5
PUHR,5
PUHRMAN,5
PUHUYAOMA,5
PUIATTI,5
PUIDOKAS,5
PUIG,10
PUITA,5
PUJALS,5
PUJIA,5
PUJOL,5
PUJOLS,5
PULANCO,5
PULASKI,10
PULCHER,5
PULEIO,5
PULEO,10
PULERA,5
PULETASI,5
PULFER,5
PULFORD,5
PULFREY,5
PULGARIN,5
PULHAM,5
PULIAFICO,5
PULICE,5
PULIDO,40
PULIS,5
PULIZZI,5
PULK,5
PULKKINEN,5
PULKRABEK,5
PULLAM,5
PULLAN,5
PULLANO,5
PULLAR,5
PULLARA,5
PULLEM,5
PULLEN,50
PULLENS,5
PULLER,5
PULLEY,30
PULLIAM,60
PULLIAN,5
PULLIE,5
PULLIN,10
PULLING,5
PULLINGS,5
PULLINS,10
PULLIS,5
PULLMAN,10
PULLOM,5
PULLON,5
PULLUM,10
PULLUS,5
PULLY,5
PULOS,5
PULS,10
PULSE,5
PULSIFER,5
PULTE,5
PULTORAK,5
PULTS,5
PULTZ,5
PULVER,20
PULVERMACHER,5
PULWER,5
PUMA,10
PUMAREJO,5
PUMMEL,5
PUMMELL,5
PUMMILL,5
PUMP,5
PUMPER,5
PUMPHERY,5
PUMPHREY,20
PUN,5
PUNA,5
PUNCH,10
PUNCHES,5
PUNDSACK,5
PUNDT,5
PUNG,10
PUNIHAOLE,5
PUNJA,5
PUNT,5
PUNTER,5
PUNTILLO,5
PUNZO,5
PUORTO,5
PUOTINEN,5
PUPA,5
PUPO,5
PUPPE,5
PUPPO,5
PURATY,5
PURCE,5
PURCELL,80
PURCELLA,5
PURCHASE,5
PURDIE,10
PURDIN,5
PURDOM,10
PURDON,5
PURDUE,10
PURDUM,5
PURDY,50
PURFEERST,5
PURGASON,5
PURI,5
PURIFOY,10
PURINGTON,10
PURINTON,5
PURKERSON,5
PURKETT,5
PURKEY,10
PURKHISER,5
PURKISS,5
PURL,5
PURNELL,40
PUROL,5
PURPLE,5
PURPORA,5
PURPURA,10
PURRINGTON,5
PURSEL,10
PURSELL,10
PURSER,20
PURSIFULL,5
PURSLEY,10
PURSLOW,5
PURSWELL,5
PURTEE,5
PURTELL,10
PURTER,5
PURTILL,5
PURTLE,5
PURTLEBAUGH,5
PURUGGANAN,5
PURVES,5
PURVIANCE,5
PURVINES,5
PURVIS,70
PURWIN,5
PURYEAR,20
PURZYCKI,5
PUSATERI,5
PUSCH,5
PUSEY,10
PUSH,5
PUSHARD,5
PUSHAW,5
PUSHCAR,5
PUSKAR,5
PUSKARICH,5
PUSKAS,5
PUSSER,5
PUST,5
PUTALAVAGE,5
PUTASKI,5
PUTCHA,5
PUTERBAUGH,5
PUTHIYAMADAM,5
PUTHOFF,5
PUTMAN,40
PUTNAL,5
PUTNAM,80
PUTNEY,10
PUTT,10
PUTTON,5
PUTTY,5
PUTZ,10
PUTZEL,5
PUTZER,5
PUTZIER,5
PUULEI,5
PUYEAR,5
PUZ,5
PUZINSKI,5
PUZIO,5
PUZO,5
PUZON,5
PY,5
PYANOWSKI,5
PYATT,10
PYBURN,10
PYBUS,5
PYCH,5
PYCHARDO,5
PYE,10
PYEATT,5
PYER,5
PYETTE,5
PYFER,5
PYFROM,5
PYKE,5
PYLAND,5
PYLANT,10
PYLE,50
PYLES,20
PYLVAINEN,5
PYNE,10
PYNES,5
PYO,5
PYON,5
PYPER,5
PYRDUM,5
PYRON,10
PYROS,5
PYSCHER,5
PYSHER,5
PYTEL,5
PYTKO,5
PYTLEWSKI,5
PYTLOVANY,5
PYUN,5
PYWELL,5
QADEER,5
QADIR,5
QARE,5
QASBA,5
QAZI,5
QIAN,5
QIN,5
QIU,5
QUA,5
QUAAS,5
QUACH,10
QUACKENBUSH,10
QUADE,10
QUADER,5
QUADNAU,5
QUAGLIANO,5
QUAGLIATO,5
QUAGLIERI,5
QUAID,5
QUAIFE,5
QUAIL,5
QUAILE,5
QUAILS,5
QUAIN,5
QUAINTANCE,5
QUAKENBUSH,5
QUAKER,5
QUALE,5
QUALEY,5
QUALHEIM,5
QUALIA,5
QUALL,5
QUALLE,5
QUALLS,50
QUAM,10
QUAMME,5
QUAMMEN,5
QUAN,20
QUANCE,5
QUANDEL,5
QUANDER,5
QUANDT,10
QUANG,5
QUANN,5
QUANSTRUM,5
QUANT,5
QUANTE,5
QUARANTA,5
QUARANTO,5
QUARESMA,5
QUARLES,50
QUARNSTROM,5
QUARRELL,5
QUARRY,5
QUARTARARO,5
QUARTARO,5
QUARTERMAN,10
QUARTIERI,5
QUARTIERO,5
QUARTO,5
QUARTUCCI,5
QUARTUCCIO,5
QUASDORF,5
QUASHIE,5
QUASHNOCK,5
QUAST,10
QUASTAD,5
QUATES,5
QUATRARO,5
QUATREVINGT,5
QUATTLEBAUM,10
QUATTRINI,5
QUATTRO,5
QUATTROCCHI,5
QUATTRONE,5
QUAVE,5
QUAY,5
QUAYE,5
QUAYLE,10
QUEAL,5
QUEALY,5
QUEAR,5
QUEBEDEAUX,5
QUEBRAL,5
QUEELEY,5
QUEEN,70
QUEENAN,5
QUEENER,10
QUEJA,5
QUELCH,5
QUELETTE,5
QUELLA,5
QUELLER,5
QUELLETTE,5
QUENCER,5
QUENNEVILLE,5
QUENT,5
QUENZEL,5
QUENZER,5
QUERCIA,5
QUERCIOLI,5
QUERETO,5
QUERIDO,5
QUERIO,5
QUERO,5
QUEROS,5
QUERRY,5
QUERTA,5
QUERTERMOUS,5
QUERY,5
QUESADA,20
QUESENBERRY,10
QUESINBERRY,10
QUESNEL,5
QUESNELL,5
QUEST,5
QUETTANT,5
QUEVEDO,10
QUEZAD,5
QUEZADA,50
QUEZAIRE,5
QUEZERGUE,5
QUIAMBAO,5
QUIBODEAUX,5
QUICHO,5
QUICK,90
QUICKEL,5
QUICKLE,5
QUICKSALL,5
QUICKSEY,5
QUIDAS,5
QUIDER,5
QUIDLEY,5
QUIEL,5
QUIET,5
QUIETT,5
QUIGG,5
QUIGGLE,5
QUIGLEY,50
QUIHUIZ,5
QUIJADA,10
QUIJANO,10
QUIJAS,5
QUILANTANG,5
QUILES,20
QUILICI,5
QUILIMACO,5
QUILINDRINO,5
QUILL,10
QUILLAN,5
QUILLEN,30
QUILLENS,5
QUILLER,5
QUILLIAM,5
QUILLIAMS,5
QUILLIAN,5
QUILLIN,5
QUILLING,5
QUILLMAN,5
QUILTER,5
QUILTY,5
QUIMBY,20
QUIMET,5
QUIN,10
QUINALTY,5
QUINBY,5
QUINCE,5
QUINCEL,5
QUINCEY,5
QUINCHIA,5
QUINCI,5
QUINCY,10
QUINE,5
QUINERLY,5
QUINK,5
QUINLAN,30
QUINLEY,5
QUINLIN,5
QUINLISK,5
QUINLIVAN,5
QUINN,280
QUINNAN,5
QUINNETT,5
QUINNEY,10
QUINNIE,5
QUINOES,5
QUINONES,100
QUINONEZ,30
QUINT,10
QUINTAL,10
QUINTANA,90
QUINTANAR,10
QUINTANIA,5
QUINTANILLA,50
QUINTANO,5
QUINTARD,5
QUINTAS,5
QUINTEL,5
QUINTELA,5
QUINTER,5
QUINTERO,90
QUINTEROS,5
QUINTIN,5
QUINTO,10
QUINTON,10
QUINTONA,5
QUINTYNE,5
QUINZI,5
QUIRALTE,5
QUIRAM,5
QUIRARTE,5
QUIRE,5
QUIRIN,5
QUIRINDONGO,5
QUIRING,5
QUIRINO,5
QUIRION,10
QUIRK,20
QUIRKE,5
QUIROGA,10
QUIROS,10
QUIROZ,50
QUISENBERRY,10
QUISPE,5
QUIST,10
QUITEDO,5
QUITERIO,5
QUITERO,5
QUITO,5
QUITTER,5
QUITTNER,5
QUITUGUA,5
QUITUQUA,5
QUIVER,5
QUIVERS,5
QUIVOZ,5
QUIZON,5
QUNNARATH,5
QUON,10
QUOSS,5
QURAISHI,5
QURESHI,5
RA,5
RAAB,10
RAABE,10
RAAD,5
RAAP,10
RAASCH,10
RAATZ,5
RABADAN,5
RABAGO,10
RABAL,5
RABALAIS,5
RABARA,5
RABASCA,5
RABASSA,5
RABB,10
RABBE,5
RABBITT,5
RABE,10
RABECK,5
RABEHL,5
RABEL,5
RABELL,5
RABELLO,5
RABELO,5
RABENA,5
RABENECK,5
RABENHORST,5
RABENOLD,5
RABENSTEIN,5
RABER,10
RABERN,5
RABEY,5
RABIDEAU,10
RABIDOUX,5
RABIL,5
RABIN,10
RABINE,5
RABINOVICH,5
RABINOWITZ,10
RABITO,5
RABJOHN,5
RABKIN,5
RABNER,5
RABOIN,5
RABOLD,5
RABON,10
RABORN,5
RABREN,5
RABSATT,5
RABUCK,5
RABUN,5
RABURN,5
RABUSE,5
RABY,20
RACANELLI,5
RACANELLO,5
RACANO,5
RACCA,5
RACE,20
RACEDO,5
RACER,5
RACETTE,10
RACEY,5
RACH,5
RACHAL,10
RACHAR,5
RACHEL,10
RACHELL,5
RACHELS,5
RACHI,5
RACHLIN,5
RACICOT,5
RACILIS,5
RACINA,5
RACINE,20
RACIOPPI,5
RACIOPPO,5
RACITANO,5
RACITI,5
RACK,5
RACKERS,10
RACKETT,5
RACKHAM,5
RACKI,5
RACKLEY,20
RACKLIFFE,5
RACKO,5
RACKOW,5
RACO,5
RACZ,5
RACZAK,5
RACZKA,5
RACZKOWSKI,5
RACZYNSKI,5
RAD,5
RADA,5
RADABAUGH,10
RADAKER,5
RADAKOVICH,5
RADAR,5
RADATZ,5
RADCLIFF,20
RADCLIFFE,20
RADDATZ,5
RADDE,5
RADDEN,5
RADDER,5
RADDLE,5
RADE,5
RADEBAUGH,5
RADECKI,5
RADEJ,5
RADEKE,5
RADEL,10
RADELL,5
RADEMACHER,20
RADEMAKER,5
RADEMAN,5
RADEN,5
RADER,60
RADERSTORF,5
RADFORD,50
RADICAN,5
RADICE,5
RADICH,5
RADICK,5
RADICS,5
RADIE,5
RADIGAN,5
RADILLA,5
RADIN,5
RADISH,5
RADISOVICH,5
RADKE,10
RADLE,5
RADLER,5
RADLEY,10
RADLINSKI,5
RADLOFF,5
RADMACHER,5
RADMALL,5
RADMAN,5
RADNEY,5
RADO,5
RADOM,5
RADOMSKI,5
RADON,5
RADONA,5
RADOS,5
RADOSEVICH,5
RADOSLOVICH,5
RADOVICH,5
RADSEK,5
RADSKY,5
RADTKE,20
RADUCHA,5
RADUE,5
RADUENZ,5
RADULESCU,5
RADUNE,5
RADUNZ,5
RADVANY,5
RADWAN,5
RADWANSKI,5
RADWAY,5
RADWICK,5
RADY,5
RADZAVICH,5
RADZIEWICZ,5
RADZIWON,5
RAE,20
RAEBEL,5
RAEDER,5
RAEF,5
RAEHL,5
RAEL,20
RAELSON,5
RAEMER,5
RAES,5
RAESIDE,5
RAETHER,5
RAETHKE,5
RAETZ,5
RAFAEL,10
RAFAIL,5
RAFALA,5
RAFALKO,5
RAFALSKI,5
RAFANAN,5
RAFANIELLO,5
RAFEL,5
RAFEY,5
RAFF,10
RAFFA,10
RAFFAELE,10
RAFFERTY,30
RAFFETY,5
RAFFIELD,5
RAFFO,5
RAFFONE,5
RAFI,5
RAFIDI,5
RAFIQ,5
RAFLA,5
RAFTER,10
RAFTERY,10
RAFUS,5
RAFUSE,5
RAGAIN,5
RAGAINS,5
RAGAN,40
RAGANS,5
RAGAR,5
RAGAS,5
RAGASA,5
RAGAZZO,5
RAGEL,5
RAGER,20
RAGGIO,5
RAGGS,10
RAGHUNANDAN,5
RAGIN,10
RAGINS,5
RAGLAND,70
RAGLE,5
RAGLIN,10
RAGLOW,5
RAGNO,5
RAGO,5
RAGON,5
RAGONE,5
RAGONESE,5
RAGSDALE,60
RAGUAY,5
RAGULA,5
RAGUS,5
RAGUSA,10
RAGUSANO,5
RAGUSO,5
RAHAIM,5
RAHAL,5
RAHALL,5
RAHAMA,5
RAHAMAN,5
RAHE,5
RAHEEM,5
RAHEJA,5
RAHIB,5
RAHIM,5
RAHIMI,5
RAHL,5
RAHM,10
RAHMAN,10
RAHMANI,5
RAHMES,5
RAHMING,5
RAHN,20
RAHOCHE,5
RAHR,5
RAIA,5
RAIBLE,5
RAICHE,5
RAID,5
RAIDEN,5
RAIDER,5
RAIF,5
RAIFORD,10
RAIGOSA,5
RAIGOZA,5
RAIKE,5
RAIKES,5
RAIL,5
RAILES,5
RAILEY,10
RAILING,5
RAILSBACK,10
RAIMANN,5
RAIMER,5
RAIMO,5
RAIMONDI,5
RAIMONDO,5
RAIMUNDO,5
RAIN,5
RAINA,5
RAINBOLT,10
RAINBOTT,5
RAINBOW,5
RAINE,10
RAINER,10
RAINES,90
RAINEY,100
RAINFORD,5
RAINFORTH,5
RAINGE,5
RAINHA,5
RAINIE,5
RAINIER,5
RAINONE,5
RAINS,40
RAINVILLE,10
RAINWATER,20
RAINWATERS,5
RAIO,5
RAIOLA,5
RAIRDON,5
RAIS,5
RAISBECK,5
RAISCH,5
RAISIN,5
RAISLER,5
RAISLEY,5
RAISOR,5
RAITH,5
RAITHEL,5
RAITT,5
RAITZ,5
RAJ,5
RAJA,5
RAJALA,5
RAJAN,5
RAJANIEMI,5
RAJAPHOUMY,5
RAJARATNAM,5
RAJAS,5
RAJEWSKI,5
RAJK,5
RAJTAR,5
RAJU,5
RAJWANI,5
RAK,5
RAKE,10
RAKEL,5
RAKER,10
RAKERS,5
RAKES,10
RAKESTRAW,10
RAKESTROW,5
RAKICH,5
RAKOCI,5
RAKOCZY,5
RAKOSKI,5
RAKOW,5
RAKOWSKI,10
RAKUS,5
RAKYTA,5
RALAT,5
RALBOVSKY,5
RALEIGH,20
RALEY,30
RALKO,5
RALL,10
RALLIS,5
RALLISON,5
RALLS,10
RALON,5
RALPH,40
RALPHS,5
RALSTON,50
RAM,5
RAMA,5
RAMACH,5
RAMADAN,5
RAMADANOVIC,5
RAMAGANO,5
RAMAGE,20
RAMAGOS,5
RAMAKER,5
RAMAL,5
RAMALES,5
RAMAN,5
RAMANO,5
RAMARIZ,5
RAMASWAMY,5
RAMAUDAR,5
RAMBEAU,5
RAMBERG,5
RAMBERT,10
RAMBIN,5
RAMBO,20
RAMBOUSEK,5
RAMBUS,5
RAMCHARAN,5
RAMCHARRAN,5
RAMDAS,5
RAMDEO,5
RAMEAU,5
RAMELB,5
RAMELIZE,5
RAMELLA,5
RAMELLI,5
RAMENTO,5
RAMER,20
RAMERES,5
RAMEREZ,5
RAMERIEZ,5
RAMERIZ,10
RAMERO,5
RAMES,5
RAMESAR,5
RAMESH,5
RAMETTA,5
RAMEY,90
RAMEZ,5
RAMGEL,5
RAMIE,5
RAMIEZ,5
RAMIL,5
RAMIN,5
RAMINEZ,10
RAMIRE,5
RAMIREC,5
RAMIREL,5
RAMIRES,10
RAMIREZ,1050
RAMIRIZ,5
RAMIRO,5
RAMIS,5
RAMISCAL,5
RAMJAN,5
RAMJHON,5
RAMKISSOON,5
RAMLAKHAN,5
RAMLALL,5
RAMLER,5
RAMM,10
RAMMER,5
RAMMING,5
RAMNARASE,5
RAMNARINE,5
RAMNAUTH,5
RAMO,5
RAMON,30
RAMONE,5
RAMONES,5
RAMONEZ,5
RAMOS,660
RAMOTAR,5
RAMOUTAR,5
RAMP,5
RAMPA,5
RAMPADARAT,5
RAMPERSAD,5
RAMPEY,5
RAMPHAL,5
RAMPLEY,5
RAMPTON,5
RAMPULLA,5
RAMPY,5
RAMREZ,5
RAMRIREZ,5
RAMROOP,5
RAMS,5
RAMSAHAI,5
RAMSAROOP,5
RAMSAY,30
RAMSBOTTOM,5
RAMSBURG,5
RAMSBY,5
RAMSDALE,5
RAMSDELL,10
RAMSDEN,5
RAMSER,5
RAMSEUR,5
RAMSEY,330
RAMSEYER,5
RAMSFIELD,5
RAMSHUR,5
RAMSIER,5
RAMSON,5
RAMSOUR,5
RAMSTAD,5
RAMSUER,5
RAMSY,5
RAMTHUN,5
RAMU,5
RAMUNDO,5
RAMUS,5
RAMY,5
RAN,5
RANA,10
RANAH,5
RANALLI,5
RANALLO,10
RANAUDO,5
RANCATTI,5
RANCE,5
RANCES,5
RANCH,5
RANCHER,5
RANCIFER,5
RANCK,10
RANCOURT,10
RAND,30
RANDA,5
RANDAHL,5
RANDAL,5
RANDALL,220
RANDAZZO,20
RANDEL,10
RANDELL,20
RANDGAARD,5
RANDHAWA,5
RANDKLEV,5
RANDLE,70
RANDLEMAN,5
RANDLES,10
RANDLETT,5
RANDO,5
RANDOL,5
RANDOLF,5
RANDOLL,5
RANDOLPH,180
RANDON,5
RANDRUP,5
RANDS,5
RANDT,5
RANDY,5
RANDZIN,5
RANE,5
RANER,5
RANES,5
RANESES,5
RANEY,30
RANFORD,5
RANFT,5
RANG,5
RANGASAMMY,5
RANGE,20
RANGEL,120
RANGER,10
RANGITSCH,5
RANGNOW,5
RANIERI,10
RANIERO,5
RANILDI,5
RANJEL,5
RANK,10
RANKE,5
RANKHORN,5
RANKIN,120
RANKINS,20
RANKS,5
RANMAR,5
RANN,5
RANNALLI,5
RANNELLS,5
RANNELS,5
RANNEY,10
RANNI,5
RANNO,5
RANOS,5
RANSBERGER,5
RANSBOTTOM,5
RANSBURG,5
RANSDELL,10
RANSFORD,5
RANSICK,5
RANSIER,5
RANSLER,5
RANSOM,70
RANSOME,10
RANSON,20
RANSONE,5
RANSONET,5
RANTA,5
RANTANEN,5
RANTZ,5
RANUM,5
RANWEILER,5
RAO,20
RAOOF,5
RAPA,5
RAPACKI,5
RAPALO,5
RAPANOT,5
RAPAPORT,5
RAPE,10
RAPELYEA,5
RAPER,20
RAPHAEL,10
RAPIER,10
RAPIN,5
RAPISURA,5
RAPKIN,5
RAPKO,5
RAPKOWICZ,5
RAPLEY,5
RAPONE,5
RAPONI,5
RAPOPORT,5
RAPOSA,10
RAPOSE,5
RAPOSO,10
RAPOZA,10
RAPOZO,5
RAPP,50
RAPPA,5
RAPPAPORT,10
RAPPE,5
RAPPENECKER,5
RAPPL,5
RAPPLEY,5
RAPPLEYE,5
RAPPLEYEA,5
RAPPOLD,5
RAPSON,5
RAPTIS,5
RAPUANO,5
RAQUE,5
RAQUEL,5
RARANG,5
RARDEN,5
RARDIN,5
RARDON,5
RAREY,5
RARICK,10
RARIDON,5
RARING,5
RAROGAL,5
RARY,5
RAS,5
RASANEN,5
RASAVONG,5
RASBAND,5
RASBERRY,10
RASBERY,5
RASBURY,5
RASCH,10
RASCHE,5
RASCHILLA,5
RASCHKE,5
RASCHKO,5
RASCO,10
RASCOE,10
RASCON,20
RASE,5
RASELY,5
RASER,5
RASEY,5
RASH,40
RASHAD,5
RASHADA,5
RASHDI,5
RASHED,5
RASHEED,10
RASHER,5
RASHID,10
RASICO,5
RASINSKI,5
RASK,5
RASKA,5
RASKE,5
RASKEY,5
RASKIN,10
RASLEY,5
RASMUS,5
RASMUSON,5
RASMUSSEN,120
RASMUSSON,5
RASNAKE,5
RASNIC,5
RASNICK,10
RASO,5
RASOLE,5
RASOOL,5
RASOR,5
RASP,5
RASPA,5
RASPBERRY,5
RASPOTNIK,5
RASSEL,5
RASSET,5
RASSMAN,5
RASSMUSSEN,5
RAST,10
RASTEGAR,5
RASTELLI,5
RASTETTER,5
RASTOGI,5
RASTORFER,5
RASUAL,5
RASUL,5
RASULO,5
RATACZAK,5
RATAJ,5
RATAJCZAK,5
RATANA,5
RATCHFORD,10
RATCLIFF,50
RATCLIFFE,20
RATEL,5
RATELLE,5
RATER,5
RATERING,5
RATERMAN,5
RATERMANN,5
RATH,10
RATHAI,5
RATHBONE,20
RATHBUM,5
RATHBUN,20
RATHBURN,10
RATHE,5
RATHEL,5
RATHER,10
RATHERT,5
RATHFON,5
RATHGEB,5
RATHGEBER,5
RATHJE,5
RATHJEN,10
RATHKE,5
RATHMAN,5
RATHMANN,5
RATHMANNER,5
RATHMELL,5
RATHROCK,5
RATIGAN,5
RATKOVICH,5
RATKOWSKI,5
RATLEDGE,5
RATLEFF,5
RATLEY,10
RATLIFF,130
RATNER,10
RATSEP,5
RATTAN,5
RATTANA,5
RATTANACHANE,5
RATTANASINH,5
RATTAY,5
RATTE,5
RATTEE,5
RATTELL,5
RATTERMAN,5
RATTERREE,5
RATTI,5
RATTIGAN,5
RATTLER,5
RATTLEY,5
RATTLIFF,5
RATTNER,5
RATTRAY,5
RATTU,5
RATULOWSKI,5
RATZ,5
RATZLAFF,10
RATZLOFF,5
RAU,30
RAUB,10
RAUCCI,5
RAUCH,30
RAUCHWERGER,5
RAUCO,5
RAUDA,5
RAUDALES,5
RAUDEBAUGH,5
RAUDENBUSH,5
RAUELO,5
RAUEN,5
RAUER,5
RAUF,5
RAUGHT,5
RAUGUST,5
RAUH,5
RAUHE,5
RAUHECKER,5
RAUHUFF,5
RAUL,5
RAULERSON,5
RAULINO,5
RAULS,5
RAULSTON,10
RAUM,5
RAUNER,5
RAUP,5
RAUPACH,5
RAUPP,5
RAUS,5
RAUSCH,20
RAUSCHENBACH,5
RAUSCHENBERG,5
RAUSCHER,10
RAUSE,5
RAUSER,5
RAUSIN,5
RAUTENBERG,5
RAUTENSTRAUCH,5
RAUTH,5
RAUTIO,5
RAUZMAN,5
RAV,5
RAVA,5
RAVAGO,5
RAVAL,5
RAVE,5
RAVEL,5
RAVELING,5
RAVELO,5
RAVEN,10
RAVENCRAFT,5
RAVENEL,5
RAVENELL,5
RAVENELLE,5
RAVENHORST,5
RAVENS,5
RAVENSCRAFT,5
RAVENSCROFT,5
RAVER,5
RAVERT,5
RAVETTI,5
RAVETTO,5
RAVI,5
RAVIELE,5
RAVISCIONI,5
RAVITZ,5
RAVIZEE,5
RAVO,5
RAVOTTA,5
RAW,5
RAWAT,5
RAWDING,5
RAWDON,5
RAWE,5
RAWHOOF,5
RAWHOUSER,5
RAWI,5
RAWICKI,5
RAWL,5
RAWLE,5
RAWLES,5
RAWLEY,10
RAWLING,5
RAWLINGS,40
RAWLINS,30
RAWLINSON,10
RAWLS,40
RAWSON,20
RAX,5
RAXTER,5
RAY,550
RAYA,10
RAYAM,5
RAYAS,5
RAYBON,10
RAYBORN,10
RAYBOULD,5
RAYBOURN,5
RAYBUCK,5
RAYBURN,30
RAYCHARD,5
RAYCRAFT,5
RAYCROFT,5
RAYE,5
RAYER,5
RAYES,10
RAYFIELD,10
RAYFORD,30
RAYGOSA,5
RAYGOZA,10
RAYHEL,5
RAYL,10
RAYMAN,5
RAYMER,20
RAYMO,10
RAYMOND,130
RAYMORE,5
RAYMOS,5
RAYMUNDO,5
RAYNA,5
RAYNE,5
RAYNER,20
RAYNES,5
RAYNO,5
RAYNOLDS,5
RAYNOR,30
RAYNOSO,5
RAYO,10
RAYOME,5
RAYOS,5
RAYOW,5
RAYSHELL,5
RAYSIDE,5
RAYSON,5
RAYSOR,5
RAYYAN,5
RAZ,5
RAZA,5
RAZAVI,5
RAZER,5
RAZEY,5
RAZIANO,5
RAZINGER,5
RAZO,30
RAZON,5
RAZOR,5
RAZZANO,5
RAZZE,5
RE,10
REA,50
REACH,10
READ,60
READDY,5
READE,10
READENOUR,5
READER,20
READING,10
READINGER,5
READNOUR,5
READO,5
READUS,5
READY,20
REAGAN,60
REAGANS,5
REAGEN,5
REAGER,5
REAGEY,5
REAGH,5
REAGIN,5
REAGLE,10
REAGON,5
REAGOR,5
REAID,5
REAL,20
REALBUTO,5
REALE,10
REALI,5
REALMUTO,5
REAM,10
REAMER,10
REAMES,10
REAMS,20
REAMY,5
REANDO,5
REANEY,5
REANO,5
REAOLLANO,5
REAP,5
REAPER,10
REAR,5
REARDEN,5
REARDON,50
REARICK,10
REARY,5
REAS,5
REASE,5
REASER,5
REASH,5
REASINGER,5
REASNER,5
REASON,10
REASONER,10
REASONOVER,5
REASONS,5
REASOR,10
REATEGUI,5
REATH,5
REATHERFORD,5
REAU,5
REAUISH,5
REAUME,5
REAUX,5
REAVELY,5
REAVER,5
REAVES,60
REAVIS,20
REAVISH,5
REAVLEY,5
REAY,10
REAZER,5
REBAR,5
REBECK,5
REBEIRO,5
REBEL,5
REBELES,5
REBELL,5
REBELLO,10
REBELO,5
REBER,20
REBERA,5
REBERT,5
REBHOLZ,5
REBICH,5
REBICK,5
REBIK,5
REBILLARD,5
REBMAN,5
REBOLD,5
REBOLLAR,5
REBOLLEDO,5
REBOLLOSO,5
REBUCK,5
REBULDELA,5
REBURN,5
REBUSI,5
RECALDE,5
RECAR,5
RECCHIA,5
RECEK,5
RECENDEZ,5
RECH,10
RECHEL,5
RECHER,5
RECHICHI,5
RECHKEMMER,5
RECHT,5
RECHTZIGEL,5
RECIDIVI,5
RECINE,5
RECINOS,10
RECIO,10
RECK,10
RECKARD,5
RECKART,5
RECKER,10
RECKERS,5
RECKLEBEN,5
RECKLEY,5
RECKLING,5
RECKNER,5
RECKSIEK,5
RECLA,5
RECOR,5
RECORD,10
RECORDS,5
RECORE,5
RECTENWALD,5
RECTOR,60
RECUPARO,5
RECUPERO,5
RECZEK,5
RED,20
REDA,10
REDAL,5
REDBIRD,5
REDBURN,5
REDCAY,5
REDCROSS,5
REDD,60
REDDEKOPP,5
REDDELL,5
REDDEN,30
REDDER,5
REDDIC,5
REDDICK,40
REDDICKS,5
REDDIG,5
REDDIN,10
REDDING,60
REDDINGER,5
REDDINGTON,10
REDDISH,10
REDDITT,5
REDDIX,5
REDDOCH,5
REDDOUT,5
REDDRICK,5
REDDY,30
REDE,5
REDEKER,5
REDEL,5
REDELL,5
REDEMER,5
REDENBAUGH,5
REDENIUS,5
REDENZ,5
REDEPENNING,5
REDER,10
REDFEAR,5
REDFEARN,5
REDFERN,10
REDFIELD,10
REDFORD,10
REDFOX,5
REDGATE,5
REDHAGE,5
REDHEAD,5
REDHOUSE,5
REDIC,5
REDICAN,5
REDICK,10
REDIFER,5
REDIG,5
REDIGER,5
REDIKER,5
REDINBO,5
REDING,10
REDINGER,10
REDINGTON,10
REDISH,5
REDISKE,5
REDKEY,5
REDLE,5
REDLER,5
REDLIN,5
REDLINE,5
REDLINGER,5
REDLON,5
REDMAN,50
REDMANN,5
REDMER,5
REDMON,30
REDMOND,80
REDNER,5
REDNOUR,5
REDO,5
REDONDO,10
REDPATH,5
REDRICK,10
REDSHAW,5
REDSTONE,5
REDUS,10
REDWAY,5
REDWINE,10
REDWOOD,5
REE,5
REEB,5
REEBER,5
REECE,100
REECH,5
REECK,5
REED,1220
REEDER,70
REEDHOLM,5
REEDS,5
REEDUS,5
REEDY,40
REEF,5
REEFER,5
REEGER,5
REEH,5
REEHER,5
REEK,5
REEKERS,5
REEKIE,5
REEKS,5
REEL,20
REELS,5
REEM,5
REEMER,5
REEN,5
REENDERS,5
REENTS,5
REEP,10
REES,40
REESE,300
REESER,10
REESOR,5
REETER,5
REETZ,5
REEVE,20
REEVER,5
REEVERS,5
REEVES,320
REFAZO,5
REFF,5
REFFETT,5
REFFITT,5
REFFNER,5
REFSAL,5
REFSELL,5
REGA,5
REGAL,5
REGALADO,30
REGALBUTO,5
REGAN,60
REGANS,5
REGAR,5
REGAS,5
REGEHR,5
REGEL,5
REGELMAN,5
REGEN,5
REGENER,5
REGENSBURG,5
REGER,10
REGES,5
REGESTER,5
REGGIO,5
REGIER,5
REGINA,10
REGINAL,5
REGINALDO,5
REGINE,5
REGINO,5
REGIS,10
REGISTER,30
REGLER,5
REGLIN,5
REGN,5
REGNER,10
REGNIER,10
REGO,20
REGOS,5
REGUEIRA,5
REGULA,5
REGULSKI,5
REGULUS,5
REGUSTERS,5
REH,5
REHA,5
REHAGEN,5
REHAK,5
REHART,5
REHBEIN,5
REHBERG,10
REHBERGER,5
REHBOCK,5
REHDER,5
REHER,5
REHFELD,5
REHFELDT,5
REHFIELD,5
REHKOP,10
REHL,5
REHLANDER,5
REHLER,5
REHLING,5
REHM,10
REHMAN,5
REHMANN,5
REHMEIER,5
REHMER,5
REHMERT,5
REHN,5
REHNBERG,5
REHNBORG,5
REHNERT,5
REHNQUIST,5
REHO,5
REHOR,5
REHRER,5
REHRIG,5
REHSE,5
REI,5
REIAL,5
REIBER,10
REIBERT,5
REIBMAN,5
REIBSOME,5
REICH,40
REICHARD,10
REICHARDT,5
REICHART,5
REICHE,5
REICHEL,10
REICHELDERFER,5
REICHELT,5
REICHENBACH,10
REICHENBACK,5
REICHENBERG,5
REICHERT,30
REICHHARDT,5
REICHLE,5
REICHLER,5
REICHLING,5
REICHMAN,10
REICHMANN,5
REICHOW,5
REICK,5
REICKS,5
REID,460
REIDEL,5
REIDENBACH,5
REIDER,10
REIDHAAR,5
REIDHEAD,5
REIDHERD,5
REIDINGER,5
REIDLER,5
REIDLING,5
REIDY,10
REIER,5
REIERSON,5
REIF,10
REIFEL,5
REIFER,5
REIFF,10
REIFLER,5
REIFMAN,5
REIFSCHNEIDER,5
REIFSNIDER,5
REIFSNYDER,5
REIFSTECK,5
REIGEL,5
REIGER,5
REIGH,5
REIGHARD,5
REIGHLEY,5
REIGLE,5
REIGLEMAN,5
REIGNER,5
REIGSTAD,5
REIHE,5
REIHER,5
REIHING,5
REIHL,5
REIK,5
REIKOWSKY,5
REIL,5
REILAND,5
REILEY,10
REILING,5
REILL,5
REILLEY,10
REILLY,130
REILY,10
REIM,5
REIMAN,5
REIMANN,10
REIMEL,5
REIMER,20
REIMERS,10
REIMMER,5
REIMNITZ,5
REIMOLD,5
REIMUND,5
REIN,10
REINA,10
REINARD,5
REINART,5
REINARTZ,5
REINBOLD,5
REINBOLT,5
REINDEAU,5
REINDEL,5
REINDERS,5
REINDL,5
REINE,5
REINECCIUS,5
REINECK,5
REINECKE,5
REINEKE,5
REINEKING,5
REINEMAN,5
REINEN,5
REINER,10
REINERS,5
REINERT,10
REINES,5
REINFELD,5
REING,5
REINHARD,10
REINHARDT,40
REINHART,30
REINHEIMER,5
REINHOLD,10
REINHOLDT,5
REINHOLT,5
REINHOLTZ,5
REINICKE,5
REINIER,5
REINIGER,5
REINING,5
REININGER,5
REINITZ,5
REINKE,20
REINKEMEYER,5
REINKEN,5
REINKING,5
REINMANN,5
REINMILLER,5
REINO,5
REINOEHL,5
REINOSO,10
REINOWSKI,5
REINS,5
REINSCH,5
REINSCHMIDT,5
REINSFELDER,5
REINSMITH,5
REINSTEIN,5
REINSVOLD,5
REINTS,5
REINWALD,5
REIO,5
REIS,40
REISCH,5
REISCHL,5
REISDORF,5
REISE,5
REISEN,5
REISENAUER,5
REISER,10
REISERT,5
REISHER,5
REISHUS,5
REISIG,5
REISIN,5
REISING,5
REISINGER,10
REISLING,5
REISMAN,10
REISNER,5
REISS,20
REISSER,5
REISSIG,5
REIST,5
REISTAD,5
REISTER,5
REISTETTER,5
REISWIG,5
REISZ,5
REITAN,5
REITANO,5
REITEMA,5
REITEN,5
REITER,40
REITERMAN,5
REITH,10
REITHER,5
REITLER,5
REITMAN,5
REITMEIER,5
REITMEYER,5
REITSMA,5
REITTER,5
REITZ,20
REITZEL,5
REITZES,5
REIVES,5
REKAS,5
REKEMEYER,5
REKER,5
REKSTEN,5
REKUC,5
REKUS,5
RELACION,5
RELAFORD,5
RELEFORD,5
RELF,5
RELFORD,5
RELIC,5
RELIFORD,10
RELIHAN,5
RELKIN,5
RELL,5
RELLA,5
RELLAMA,5
RELLER,5
RELLES,5
RELLIHAN,5
RELPH,5
RELYEA,10
REMAK,5
REMAKLUS,5
REMALEY,10
REMALY,5
REMBERT,20
REMBOLD,5
REMEDER,5
REMEDIES,5
REMELE,5
REMENARIC,5
REMENTER,5
REMER,10
REMEREZ,5
REMEY,5
REMFERT,5
REMIAN,5
REMIASZ,5
REMICK,10
REMIGIO,5
REMILLARD,20
REMILY,5
REMINGTON,20
REMIS,5
REMISZEWSKI,5
REMKE,5
REMKUS,5
REMLEY,10
REMLIN,5
REMLINGER,5
REMME,5
REMMEL,5
REMMELE,5
REMMEN,5
REMMERS,10
REMMICK,5
REMMIE,5
REMO,5
REMONDET,5
REMONDINI,5
REMOS,5
REMPE,10
REMPEL,5
REMSBERG,5
REMSBURG,5
REMSEN,5
REMSON,5
REMUND,5
REMUS,5
REMY,10
REN,5
RENA,5
RENAKER,5
RENARD,10
RENART,5
RENAUD,20
RENAULT,5
RENBURG,5
RENCH,5
RENCHER,10
REND,5
RENDA,10
RENDALL,5
RENDE,5
RENDEL,5
RENDELL,5
RENDER,10
RENDEROS,5
RENDINA,5
RENDINO,5
RENDLE,5
RENDLEMAN,5
RENDLER,5
RENDON,40
RENE,10
RENEAU,10
RENEE,5
RENEGAR,5
RENELL,5
RENER,5
RENERT,5
RENFER,5
RENFREW,5
RENFRO,40
RENFROE,20
RENFROW,20
RENGEL,5
RENGERS,5
RENGIFO,5
RENICK,10
RENICKER,5
RENIER,5
RENIGAR,5
RENINGER,5
RENISON,5
RENK,5
RENKEN,10
RENKER,5
RENKES,5
RENKO,5
RENN,10
RENNA,5
RENNAKER,5
RENNE,5
RENNEKER,5
RENNELL,5
RENNELS,5
RENNEMEYER,5
RENNER,50
RENNEY,5
RENNICK,10
RENNIE,10
RENNING,5
RENNINGER,10
RENNIX,5
RENNO,5
RENO,30
RENOLDS,5
RENOLLET,5
RENOSKY,5
RENOUF,5
RENOVA,5
RENS,5
RENSBERGER,5
RENSCH,5
RENSCHLER,5
RENSEN,5
RENSHAW,10
RENSING,5
RENTAR,5
RENTAS,10
RENTER,5
RENTERIA,60
RENTFRO,5
RENTFROW,5
RENTIE,5
RENTON,5
RENTOULIS,5
RENTSCHLER,10
RENTZ,10
RENUART,5
RENWICK,10
RENY,10
RENYER,5
RENZ,10
RENZE,5
RENZELMAN,5
RENZI,10
RENZO,5
RENZONI,5
RENZULLI,5
RENZULLO,5
REOLA,5
REOME,5
REON,5
REOPELL,5
REOS,5
REPACI,5
REPASKY,5
REPASS,10
REPENNING,5
REPER,5
REPETOWSKI,5
REPH,5
REPINE,5
REPINSKI,5
REPKA,5
REPKE,5
REPKO,5
REPLENSKI,5
REPLIN,5
REPLOGLE,10
REPOFF,5
REPOSA,5
REPP,10
REPPE,5
REPPELL,5
REPPERT,10
REPPOND,5
REPPUCCI,5
REPRESS,5
REPROGLE,5
REPSHER,5
REQUA,5
REQUARTH,5
REQUENA,5
RERKO,5
RERUCHA,5
RES,5
RESCH,10
RESCHKE,5
RESECKER,5
RESEIGH,5
RESEK,5
RESENDES,5
RESENDEZ,20
RESENDIZ,10
RESENZ,5
RESER,10
RESETAR,5
RESH,5
RESHARD,5
RESHID,5
RESIDES,5
RESLER,10
RESNER,5
RESNICK,10
RESNIK,5
RESNIKOFF,5
RESOS,5
RESPASS,5
RESPER,5
RESPERS,5
RESPES,5
RESPESS,5
RESPICIO,5
RESPRESS,5
RESS,5
RESSE,5
RESSEGUIE,5
RESSEL,5
RESSLER,10
RESTER,10
RESTIFO,5
RESTIVO,10
RESTO,10
RESTREPO,10
RESTUCCIA,5
RESUE,5
RESURECCION,5
RETA,5
RETAMAR,5
RETANA,10
RETCHLESS,5
RETEK,5
RETERSDORF,5
RETH,5
RETHERFORD,10
RETHMAN,10
RETHMEIER,5
RETKA,5
RETORT,5
RETTA,5
RETTELE,5
RETTER,5
RETTERATH,5
RETTERBUSH,5
RETTIG,10
RETTINGER,5
RETTKE,5
RETTKOWSKI,5
RETZ,5
RETZER,5
RETZLAFF,10
RETZLER,5
RETZLOFF,5
REUBEN,5
REUBER,5
REUDINK,5
REUER,5
REUHL,5
REUL,5
REULAND,5
REULET,10
REUS,5
REUSCH,5
REUSCHEL,5
REUSING,5
REUSS,5
REUSSER,5
REUSSWIG,5
REUST,5
REUTELER,5
REUTER,30
REUTHER,5
REUTLINGER,5
REUTTER,5
REUTZEL,5
REUVEN,5
REVAK,5
REVALEE,5
REVARD,5
REVAY,5
REVEAL,5
REVEL,5
REVELES,10
REVELEZ,5
REVELL,10
REVELLE,5
REVELLI,5
REVELLO,5
REVELLS,5
REVELO,5
REVELS,10
REVEN,5
REVERA,5
REVERE,5
REVERING,5
REVERMANN,5
REVERON,5
REVES,5
REVETTE,5
REVIER,5
REVILLA,10
REVILLE,5
REVILS,5
REVIRA,5
REVIS,10
REVOIR,5
REVOLORIO,5
REVORD,5
REW,10
REWAKOWSKI,5
REWENKO,5
REWERTS,5
REWIS,5
REWITZER,5
REX,20
REXACH,5
REXFORD,10
REXROAD,10
REXROAT,5
REXRODE,5
REXWINKLE,5
REY,30
REYBURN,5
REYE,5
REYELTS,5
REYER,10
REYERS,5
REYES,660
REYEZ,5
REYMAN,5
REYNA,110
REYNAGA,5
REYNALDO,5
REYNALDS,5
REYNARD,5
REYNAUD,5
REYNE,5
REYNER,5
REYNERO,5
REYNOLD,5
REYNOLDS,780
REYNOLDSON,5
REYNOSA,10
REYNOSO,40
REYNOZA,5
REYNVAAN,5
REYOLDS,5
REYOME,5
REYS,5
REZA,10
REZAC,5
REZAI,5
REZAK,5
REZEK,5
REZENDES,10
REZENTES,5
REZNICEK,5
REZNICK,5
REZNIK,5
RHAME,5
RHAMES,10
RHATIGAN,5
RHEA,40
RHEAD,5
RHEAULT,5
RHEAUME,10
RHEAVES,5
RHED,5
RHEE,10
RHEES,5
RHEIN,10
RHEINGANS,5
RHEINGOLD,5
RHEINHARDT,5
RHEINSCHMIDT,5
RHEM,10
RHEN,5
RHEOME,5
RHETT,5
RHEW,5
RHIM,5
RHINE,10
RHINEBOLT,5
RHINEHARDT,5
RHINEHART,20
RHINERSON,5
RHINES,5
RHO,5
RHOAD,5
RHOADES,70
RHOADS,50
RHOAN,5
RHODA,5
RHODARMER,5
RHODD,5
RHODE,10
RHODEHAMEL,5
RHODEN,30
RHODERICK,5
RHODES,370
RHODIE,5
RHODUS,5
RHODY,5
RHOE,5
RHOME,5
RHONDES,5
RHONE,20
RHONEY,5
RHORER,5
RHOTEN,5
RHOTON,10
RHUDE,5
RHUDY,5
RHUE,5
RHULE,5
RHUM,5
RHUMP,5
RHYAN,5
RHYM,5
RHYME,5
RHYMER,10
RHYMES,10
RHYNARD,5
RHYNE,20
RHYNER,5
RHYNES,10
RIAL,5
RIALS,5
RIAN,5
RIAS,5
RIASE,5
RIBACK,5
RIBAO,5
RIBAR,5
RIBAS,5
RIBAUDO,5
RIBB,5
RIBBINK,5
RIBBLE,5
RIBEIRO,10
RIBERA,5
RIBERDY,5
RIBERO,5
RIBIERO,5
RIBLET,5
RIBLETT,5
RIBOT,5
RIBRON,5
RIBSAMEN,5
RICARD,10
RICARDEZ,5
RICARDI,5
RICARDO,10
RICARDSON,5
RICAUD,5
RICCA,10
RICCARDI,10
RICCARDO,5
RICCELLI,5
RICCI,40
RICCIARDELLI,5
RICCIARDI,10
RICCIARDONE,5
RICCIO,10
RICCITELLI,5
RICCIUTI,5
RICCO,10
RICE,640
RICENBERG,5
RICH,190
RICHAN,5
RICHARD,230
RICHARDS,490
RICHARDSON,1120
RICHARDT,5
RICHARDVILLE,5
RICHARSON,10
RICHART,10
RICHBERG,5
RICHBOURG,5
RICHBURG,20
RICHCREEK,5
RICHE,10
RICHEL,5
RICHELIEU,5
RICHEMOND,5
RICHENS,5
RICHER,10
RICHERDS,5
RICHERSON,10
RICHERT,10
RICHES,5
RICHESIN,5
RICHESON,10
RICHEY,80
RICHIE,40
RICHINS,10
RICHISON,5
RICHIUSA,5
RICHLIN,5
RICHMAN,20
RICHMANN,5
RICHMEIER,5
RICHMON,5
RICHMOND,160
RICHNER,5
RICHOUX,5
RICHRDSON,5
RICHTER,90
RICHTERS,5
RICHWINE,5
RICK,20
RICKABAUGH,5
RICKARD,40
RICKARDS,10
RICKE,5
RICKEL,10
RICKELS,5
RICKEN,5
RICKENBACH,5
RICKENBACKER,5
RICKENBAKER,5
RICKENBAUGH,5
RICKER,40
RICKERL,5
RICKERS,5
RICKERSON,5
RICKERT,10
RICKETSON,10
RICKETT,10
RICKETTS,50
RICKEY,10
RICKFORD,5
RICKIE,5
RICKLEFS,5
RICKLES,5
RICKLEY,5
RICKMAN,30
RICKMON,5
RICKNER,5
RICKON,5
RICKS,90
RICKSON,5
RICLEY,5
RICO,50
RICORD,5
RICOTTA,5
RICUCCI,5
RICULFY,5
RIDALL,5
RIDDEL,5
RIDDELL,30
RIDDER,10
RIDDERHOFF,5
RIDDERS,5
RIDDICK,50
RIDDLE,140
RIDDLEBARGER,5
RIDDLEBERGER,5
RIDDLES,10
RIDDLEY,5
RIDDOCK,5
RIDEAU,5
RIDEAUX,5
RIDEL,5
RIDELL,5
RIDEN,5
RIDENER,5
RIDENHOUR,10
RIDENOUR,30
RIDENS,5
RIDEOUT,20
RIDEP,5
RIDER,50
RIDES,5
RIDGE,20
RIDGEBEAR,5
RIDGEL,5
RIDGELL,5
RIDGES,5
RIDGEWAY,40
RIDGILL,5
RIDGLE,5
RIDGLEY,10
RIDGNAL,5
RIDGWAY,20
RIDING,10
RIDINGER,10
RIDINGS,10
RIDLEN,5
RIDLER,5
RIDLEY,50
RIDLING,5
RIDLON,10
RIDNER,5
RIDOLFI,5
RIDOUT,10
RIDPATH,5
RIEB,5
RIEBAU,5
RIEBE,10
RIEBEL,5
RIEBELING,5
RIEBEN,5
RIEBER,5
RIEBOW,5
RIECH,5
RIECHERS,5
RIECHMAN,5
RIECK,5
RIECKE,5
RIED,10
RIEDE,5
RIEDEL,20
RIEDELL,5
RIEDER,10
RIEDERER,5
RIEDESEL,5
RIEDINGER,5
RIEDL,5
RIEDLE,5
RIEDLINGER,5
RIEDMAN,5
RIEDMAYER,5
RIEDY,5
RIEF,5
RIEFER,5
RIEFF,5
RIEFFENBERGER,5
RIEFFER,5
RIEG,5
RIEGEL,10
RIEGER,10
RIEGLE,5
RIEGLER,5
RIEHL,10
RIEHLE,10
RIEHM,5
RIEK,5
RIEKE,10
RIEKEN,5
RIEKENA,5
RIEKER,5
RIEKERT,5
RIEKS,5
RIEL,10
RIELAND,5
RIELEY,5
RIELLY,5
RIEMAN,5
RIEMANN,5
RIEMENSCHNEID,5
RIEMER,10
RIEMERSMA,5
RIENDEAU,10
RIENSTRA,5
RIENTS,5
RIENZO,5
RIEPER,5
RIERA,5
RIERSON,5
RIES,20
RIESE,5
RIESEN,5
RIESENBERG,5
RIESENWEBER,5
RIESER,5
RIESGO,5
RIESGRAF,5
RIESINGER,5
RIESKE,5
RIESLAND,5
RIESNER,5
RIESS,5
RIESSEN,5
RIESTER,5
RIETDORF,5
RIETH,10
RIETSCHLIN,5
RIETZ,5
RIEU,5
RIEVE,5
RIEVES,10
RIEVLEY,5
RIEXINGER,5
RIFAI,5
RIFE,30
RIFENBARK,5
RIFENBERY,5
RIFENBURG,5
RIFF,5
RIFFE,10
RIFFEE,5
RIFFEL,5
RIFFLE,20
RIFFON,5
RIFKIN,5
RIGALI,5
RIGANO,5
RIGAS,5
RIGATTI,5
RIGAUD,5
RIGAZIO,5
RIGBY,30
RIGDON,10
RIGEL,5
RIGERMAN,5
RIGG,10
RIGGAN,5
RIGGANS,5
RIGGEN,5
RIGGENBACH,5
RIGGENS,5
RIGGER,5
RIGGERS,5
RIGGERT,5
RIGGI,5
RIGGIE,5
RIGGIN,5
RIGGINGS,5
RIGGINS,40
RIGGIO,10
RIGGLE,10
RIGGLEMAN,10
RIGGLES,5
RIGGOTT,5
RIGGS,140
RIGGSBEE,5
RIGGSBY,5
RIGHETTI,5
RIGHI,5
RIGHT,5
RIGHTER,5
RIGHTHOUSE,5
RIGHTLEY,5
RIGHTMIRE,5
RIGHTMYER,5
RIGHTNOUR,5
RIGLER,5
RIGLEY,5
RIGLOS,5
RIGNEY,20
RIGO,5
RIGONI,5
RIGOTTI,5
RIGSBEE,5
RIGSBY,40
RIHA,5
RIHANEK,5
RIHERD,5
RIHN,5
RIHNER,5
RIIHIMAKI,5
RIINA,5
RIIPPI,5
RIIS,5
RIISE,5
RIJO,5
RIJOS,5
RIKARD,10
RIKE,5
RIKER,10
RILE,5
RILES,10
RILEY,530
RILIFORD,5
RILING,5
RILL,5
RILLER,5
RILLERA,5
RILLEY,5
RILLIE,5
RILLING,5
RILY,5
RIM,5
RIMA,5
RIMANDO,5
RIMAR,5
RIMBACH,5
RIMBEY,5
RIMEL,5
RIMER,10
RIMES,5
RIMI,5
RIMKUS,5
RIMM,5
RIMMER,20
RIMPLE,5
RIMSON,5
RINA,5
RINALDI,30
RINALDIS,5
RINALDO,5
RINARD,5
RINAUDO,5
RINAURO,5
RINCAN,5
RINCK,5
RINCON,20
RINCONES,5
RINDAL,5
RINDE,5
RINDELS,5
RINDERER,5
RINDERKNECHT,5
RINDERLE,5
RINDFLEISCH,5
RINDLER,5
RINDONE,5
RINE,10
RINEBARGER,5
RINEBOLD,5
RINEER,5
RINEHARDT,5
RINEHART,50
RINEHEART,5
RINEHIMER,5
RINELLA,5
RINER,10
RINES,10
RINEY,10
RINFRET,5
RING,60
RINGBLOOM,5
RINGDAHL,5
RINGEISEN,5
RINGEL,5
RINGELHEIM,5
RINGELSPAUGH,5
RINGEN,5
RINGENBERG,5
RINGER,20
RINGERING,5
RINGGENBERG,5
RINGGOLD,10
RINGHAM,5
RINGHAND,5
RINGHOUSE,5
RINGLAND,5
RINGLE,5
RINGLEIN,5
RINGLER,10
RINGLEY,5
RINGMAN,5
RINGO,10
RINGOLD,5
RINGQUIST,5
RINGROSE,5
RINGS,5
RINGSTAFF,5
RINGUETTE,5
RINGUS,5
RINGWALD,5
RINGWOOD,5
RINI,5
RINIKER,5
RININGER,5
RINK,10
RINKE,5
RINKEL,5
RINKENBERGER,5
RINKER,10
RINKS,5
RINKUS,5
RINN,5
RINNE,5
RINNER,5
RINNERT,5
RINTHARAMY,5
RIO,10
RIOBE,5
RIOFRIO,5
RIOGAS,5
RIOJAS,20
RIOLA,5
RIOLO,5
RION,5
RIOPEL,5
RIOPELLE,5
RIORDAN,20
RIOS,290
RIOSECO,5
RIOUX,10
RIOZ,5
RIPA,5
RIPKA,5
RIPKE,5
RIPLEY,30
RIPOLL,5
RIPP,5
RIPPE,5
RIPPEE,5
RIPPEL,5
RIPPELMEYER,5
RIPPENTROP,5
RIPPEON,10
RIPPER,5
RIPPERGER,5
RIPPETOE,5
RIPPEY,10
RIPPIN,5
RIPPLE,10
RIPPLINGER,5
RIPPON,5
RIPPSTEIN,5
RIPPY,10
RIPSON,5
RIQUELME,5
RISATTI,5
RISBECK,5
RISBERG,5
RISBY,5
RISCEN,5
RISCH,10
RISCHE,5
RISDEN,5
RISE,5
RISEDEN,5
RISEN,5
RISENHOOVER,5
RISER,10
RISEWICK,5
RISH,10
RISHA,5
RISHE,5
RISHEL,10
RISHELL,5
RISHER,10
RISHOR,5
RISHTY,5
RISI,5
RISIEN,5
RISING,5
RISINGER,10
RISIUS,5
RISK,10
RISKA,5
RISKALLA,5
RISKE,5
RISKIN,5
RISKO,5
RISLER,5
RISLEY,10
RISNER,20
RISO,5
RISON,5
RISPER,5
RISPOLI,5
RISS,5
RISSANEN,5
RISSE,5
RISSELL,5
RISSER,5
RISSLER,5
RISSMAN,5
RISSO,5
RIST,10
RISTAINO,5
RISTAU,10
RISTER,10
RISTIG,5
RISTO,5
RISTON,5
RISTOW,5
RITA,10
RITACCO,5
RITARI,5
RITCH,10
RITCHER,5
RITCHESON,5
RITCHEY,30
RITCHHART,5
RITCHIE,90
RITCHKO,5
RITCHLIN,5
RITCHOTTE,5
RITELL,5
RITENOUR,10
RITER,10
RITMILLER,5
RITROVATO,5
RITSCHARD,5
RITSON,5
RITT,5
RITTENBERRY,10
RITTENHOUSE,20
RITTENOUR,5
RITTER,110
RITTERBUSH,5
RITTHALER,5
RITTICHIER,5
RITTIE,5
RITTINGER,5
RITTLE,5
RITTS,5
RITUMS,5
RITZ,20
RITZEL,5
RITZER,5
RITZERT,5
RITZIE,5
RITZKE,5
RITZMAN,10
RIUS,5
RIVA,5
RIVADENEIRA,5
RIVADULLA,5
RIVAL,5
RIVALI,5
RIVARA,5
RIVARD,20
RIVAS,160
RIVEIRO,5
RIVEL,5
RIVELLI,5
RIVELLO,5
RIVENA,5
RIVENBARK,10
RIVENBERG,5
RIVENBURG,10
RIVENBURGH,5
RIVER,10
RIVERA,1130
RIVERAS,5
RIVERIA,10
RIVERMAN,5
RIVERO,20
RIVEROLL,5
RIVERON,5
RIVEROS,5
RIVERS,170
RIVES,10
RIVEST,5
RIVET,10
RIVETT,5
RIVETTE,5
RIVIE,5
RIVIERA,10
RIVIERE,5
RIVIEZZO,5
RIVINIUS,5
RIVIRA,5
RIVKIN,5
RIVLIN,5
RIVORD,5
RIX,10
RIXIE,5
RIZAL,5
RIZAS,5
RIZER,10
RIZK,5
RIZO,10
RIZOR,5
RIZVI,5
RIZZA,5
RIZZARDI,5
RIZZARDO,5
RIZZI,10
RIZZIO,5
RIZZO,40
RIZZOLO,5
RIZZOTTO,5
RIZZUTI,5
RIZZUTO,10
RM,5
RO,10
ROA,10
ROACH,160
ROACHE,10
ROACHO,5
ROADARMEL,5
ROADCAP,5
ROADEN,5
ROADES,5
ROADRUCK,5
ROADS,5
ROADY,5
ROAF,5
ROAL,5
ROAM,5
ROAN,10
ROANE,10
ROANHORSE,5
ROAOO,5
ROARK,70
ROARTY,5
ROARX,5
ROARY,5
ROAT,5
ROATCH,5
ROATH,5
ROATS,5
ROB,5
ROBACK,5
ROBAINA,5
ROBAIR,5
ROBAK,5
ROBANTE,5
ROBAR,5
ROBARDS,10
ROBARE,5
ROBARGE,5
ROBASCIOTTI,5
ROBATEAU,5
ROBAYO,5
ROBB,50
ROBBEN,5
ROBBERSON,5
ROBBERT,5
ROBBIE,5
ROBBIN,5
ROBBINS,300
ROBBINSON,5
ROBBLEE,5
ROBBS,10
ROBE,5
ROBECK,5
ROBEL,5
ROBELLA,5
ROBELLO,5
ROBENSON,5
ROBER,5
ROBERDS,5
ROBERG,5
ROBERGE,30
ROBERIE,5
ROBERRTSON,5
ROBERS,5
ROBERSON,240
ROBERSTON,5
ROBERT,50
ROBERTA,5
ROBERTELLO,5
ROBERTI,5
ROBERTO,10
ROBERTON,5
ROBERTOS,5
ROBERTS,1530
ROBERTSHAW,5
ROBERTSON,640
ROBES,5
ROBESON,10
ROBEY,30
ROBEZA,5
ROBICHARD,5
ROBICHAU,5
ROBICHAUD,20
ROBICHAUX,20
ROBICHEAU,5
ROBICHEAUX,10
ROBIDA,5
ROBIDEAU,5
ROBIDOUX,10
ROBIE,10
ROBILLARD,10
ROBILOTTO,5
ROBIN,20
ROBINAULT,5
ROBINETT,20
ROBINETTE,50
ROBINS,50
ROBINSO,5
ROBINSON,2330
ROBINSONS,5
ROBINZINE,5
ROBIRDS,5
ROBISHAW,5
ROBISON,90
ROBITAILLE,10
ROBLE,5
ROBLEDO,20
ROBLEE,5
ROBLES,200
ROBLETO,5
ROBLEY,5
ROBLEZ,5
ROBLIN,5
ROBLODOWSKI,5
ROBLOW,5
ROBNETT,5
ROBOTHAM,5
ROBSON,30
ROBUCK,5
ROBUSTO,5
ROBY,40
ROBYN,5
ROCA,10
ROCAMORA,5
ROCASAH,5
ROCCA,5
ROCCHI,5
ROCCHIO,5
ROCCIA,5
ROCCIO,5
ROCCO,20
ROCCONI,5
ROCH,5
ROCHA,120
ROCHAT,5
ROCHE,60
ROCHEFORD,5
ROCHEFORT,5
ROCHEL,5
ROCHELEAU,10
ROCHELL,5
ROCHELLE,20
ROCHENSTIRE,5
ROCHER,5
ROCHES,5
ROCHESTER,20
ROCHEZ,5
ROCHFORD,5
ROCHHOLZ,5
ROCHIN,5
ROCHKES,5
ROCHLIN,5
ROCHLITZ,5
ROCHO,5
ROCHON,10
ROCHOW,5
ROCK,80
ROCKAFELLOW,5
ROCKE,5
ROCKEFELLER,5
ROCKELMAN,5
ROCKENBACH,5
ROCKENBAUGH,5
ROCKER,10
ROCKERS,5
ROCKETT,10
ROCKEY,10
ROCKFORD,5
ROCKHILL,5
ROCKHOLD,5
ROCKHOLT,5
ROCKINGHAM,5
ROCKMAN,5
ROCKMORE,5
ROCKOVICH,5
ROCKS,5
ROCKSTAD,5
ROCKWELL,50
ROCKWOOD,10
ROCKYMORE,5
ROCLE,5
ROCQUE,5
ROCQUEMORE,5
ROCRAY,5
ROD,5
RODA,5
RODABAUGH,5
RODAK,5
RODAL,5
RODAMIS,5
RODAN,5
RODAR,5
RODARMEL,5
RODARTA,5
RODARTE,20
RODAS,20
RODBERG,5
RODD,5
RODDA,5
RODDAM,5
RODDE,5
RODDEN,10
RODDENBERRY,5
RODDEY,5
RODDICK,5
RODDY,20
RODE,10
RODEA,5
RODEBAUGH,5
RODEBUSH,5
RODEEN,5
RODEFER,5
RODEHEAVER,5
RODEIGUES,5
RODEIGUEZ,5
RODELA,5
RODELL,5
RODEMAN,5
RODEMEYER,5
RODEMOYER,5
RODEN,30
RODENBAUGH,5
RODENBECK,5
RODENBERG,5
RODENBERGER,5
RODENBOUGH,5
RODENBURG,5
RODENIZER,5
RODER,10
RODERICK,30
RODERIQUES,5
RODERIQUEZ,5
RODERMAN,5
RODERO,5
RODES,5
RODEWALD,5
RODGER,10
RODGERS,300
RODGERSON,5
RODGES,5
RODI,5
RODIA,5
RODIBAUGH,5
RODICK,5
RODIGUEZ,10
RODILLAS,5
RODIN,5
RODINA,5
RODINE,5
RODINO,5
RODINSON,5
RODIQUEZ,5
RODIS,5
RODKEY,5
RODKIN,5
RODMAN,20
RODNEY,10
RODNGUEZ,5
RODOCKER,5
RODOLPH,5
RODREGEZ,5
RODREGUES,5
RODREGUEZ,5
RODREQUEZ,5
RODRGUEZ,5
RODRICK,5
RODRICKS,5
RODRIGES,5
RODRIGEUZ,5
RODRIGEZ,10
RODRIGO,5
RODRIGRES,5
RODRIGUE,30
RODRIGUEL,5
RODRIGUES,90
RODRIGUEZ,2290
RODRIGUIZ,5
RODRIGUS,5
RODRIGUZ,10
RODRIQUE,5
RODRIQUES,10
RODRIQUEZ,370
RODRIQUZ,5
RODRIUEZ,5
RODVOLD,5
RODWELL,5
RODY,5
ROE,100
ROEBER,5
ROEBKE,5
ROEBUCK,20
ROECKER,5
ROEDE,5
ROEDEL,5
ROEDER,10
ROEDIGER,5
ROEDL,5
ROEFARO,5
ROEGER,5
ROEGGE,5
ROEGNER,5
ROEHL,10
ROEHLER,5
ROEHLING,5
ROEHM,5
ROEHR,5
ROEHRENBECK,5
ROEHRICH,5
ROEHRICK,5
ROEHRIG,5
ROEHRMAN,5
ROEHRS,5
ROEKER,5
ROEKLE,5
ROEL,5
ROELFS,5
ROELL,5
ROELLE,5
ROELOFS,5
ROEMEN,5
ROEMER,10
ROEMHILD,5
ROEMMICH,5
ROEN,5
ROENIGK,5
ROEPKE,10
ROERIG,5
ROERING,5
ROERISH,5
ROERS,5
ROES,5
ROESCH,10
ROESCHLEY,5
ROESE,5
ROESER,5
ROESING,5
ROESKE,5
ROESLER,10
ROESNER,5
ROESSER,5
ROESSING,5
ROESSLEIN,5
ROESSLER,10
ROESSNER,5
ROETCISOENDER,5
ROETH,5
ROETHEL,5
ROETHLE,5
ROETHLER,5
ROETS,5
ROETTGEN,5
ROETTGER,5
ROETZLER,5
ROEVER,5
ROEWE,5
ROFF,5
ROFFE,5
ROFFMAN,5
ROFKAHR,5
ROG,5
ROGACION,5
ROGACKI,5
ROGADO,5
ROGAL,5
ROGALA,5
ROGALSKI,10
ROGAN,10
ROGAS,5
ROGEL,5
ROGENS,5
ROGER,30
ROGERS,1230
ROGERSON,10
ROGG,5
ROGGE,10
ROGGEMAN,5
ROGGENBAUM,5
ROGGENSACK,5
ROGGERO,5
ROGHAIR,5
ROGIAN,5
ROGILLIO,5
ROGINSON,5
ROGISH,5
ROGNE,5
ROGNESS,5
ROGNSTAD,5
ROGOFF,5
ROGOL,5
ROGOSKY,5
ROGOWICZ,5
ROGOWSKI,10
ROGRIGUEZ,5
ROGSTAD,5
ROGUE,10
ROGUEMORE,5
ROGUGBAKAA,5
ROH,5
ROHAL,5
ROHALEY,5
ROHAN,10
ROHANNA,5
ROHDE,20
ROHDENBURG,5
ROHE,10
ROHEN,5
ROHER,5
ROHL,5
ROHLA,5
ROHLACK,5
ROHLAND,5
ROHLEDER,5
ROHLF,5
ROHLFING,5
ROHLFS,5
ROHLING,5
ROHLMAN,5
ROHLOFF,5
ROHM,5
ROHMAN,5
ROHN,10
ROHNER,5
ROHOWETZ,5
ROHR,30
ROHRBACH,10
ROHRBACHER,5
ROHRBACK,5
ROHRBAUGH,10
ROHRDANZ,5
ROHRER,20
ROHRICH,5
ROHRIG,5
ROHRS,5
ROHRSCHEIB,5
ROHS,5
ROHWEDER,5
ROHWER,5
ROIDER,5
ROIG,5
ROIGER,5
ROIK,5
ROIS,5
ROITMAN,5
ROJA,5
ROJAS,180
ROJEK,5
ROJERO,5
ROJO,20
ROJOS,5
ROKER,5
ROKICKI,5
ROKISKY,5
ROKOS,5
ROKOSZ,5
ROKUS,5
ROKUSEK,5
ROLA,5
ROLACK,5
ROLAN,5
ROLAND,80
ROLANDO,5
ROLARK,5
ROLD,5
ROLDAN,30
ROLEK,5
ROLEN,10
ROLENS,5
ROLES,10
ROLEY,5
ROLF,10
ROLFE,20
ROLFES,10
ROLFF,5
ROLFS,5
ROLFSEN,5
ROLFSON,5
ROLIN,5
ROLING,10
ROLINS,5
ROLISON,5
ROLL,20
ROLLA,5
ROLLAG,5
ROLLAND,10
ROLLANS,5
ROLLE,10
ROLLEFSON,5
ROLLEND,5
ROLLER,30
ROLLERSON,5
ROLLEY,5
ROLLF,5
ROLLHEISER,5
ROLLIE,5
ROLLIN,10
ROLLIND,5
ROLLING,10
ROLLINGER,5
ROLLINGS,10
ROLLINS,150
ROLLINSON,5
ROLLISON,10
ROLLMAN,5
ROLLO,10
ROLLOCK,5
ROLLOW,5
ROLLS,5
ROLLYSON,5
ROLOFF,10
ROLON,20
ROLOSON,5
ROLPH,10
ROLSETH,5
ROLSON,5
ROLSTAD,5
ROLSTON,10
ROM,5
ROMA,5
ROMACK,5
ROMAG,5
ROMAGNOLI,5
ROMAIN,10
ROMAINE,10
ROMAN,230
ROMANCE,5
ROMANCHUK,5
ROMANDIA,5
ROMANE,5
ROMANEK,5
ROMANELLI,5
ROMANELLO,5
ROMANI,5
ROMANIAK,5
ROMANICK,5
ROMANIELLO,5
ROMANIK,5
ROMANINI,5
ROMANISZYN,5
ROMANO,80
ROMANOFF,5
ROMANOSKI,5
ROMANOV,5
ROMANOWICZ,5
ROMANOWSKI,10
ROMANS,10
ROMANSKI,5
ROMANSKY,5
ROMANSON,5
ROMAR,5
ROMARO,5
ROMAS,5
ROMASANTA,5
ROMASH,5
ROMAY,5
ROMBACH,5
ROMBARDO,5
ROMBERG,5
ROMBERGER,5
ROMBOUGH,5
ROMBS,5
ROMBULT,5
ROME,20
ROMEIRO,5
ROMELUS,5
ROMENESKO,5
ROMENO,5
ROMEO,30
ROMER,10
ROMERA,5
ROMERO,450
ROMESBURG,5
ROMEY,5
ROMIE,5
ROMIG,10
ROMINE,20
ROMINES,5
ROMINGER,5
ROMIRO,5
ROMITO,5
ROMJUE,5
ROMKEMA,5
ROMM,5
ROMMEL,10
ROMMELFANGER,5
ROMNESS,5
ROMNEY,5
ROMO,70
ROMON,5
ROMOS,5
ROMP,5
ROMPF,5
ROMPREY,5
ROMRELL,5
ROMRIELL,10
ROMULUS,5
RON,5
RONA,5
RONALD,10
RONAN,10
RONAYNE,5
RONCA,5
RONCHETTI,5
RONCHETTO,5
RONCO,5
RONCSKEVITZ,5
RONDA,5
RONDE,5
RONDEAU,20
RONDELL,5
RONDINELLI,5
RONDO,5
RONDON,10
RONDY,5
RONE,10
RONER,5
RONERO,5
RONES,5
RONEY,30
RONFELDT,5
RONG,5
RONGO,5
RONGSTAD,5
RONHAAR,5
RONIN,5
RONK,10
RONN,5
RONNE,5
RONNFELDT,5
RONNIE,5
RONNING,10
RONQUILLO,10
RONS,5
RONSANI,5
RONSINI,5
RONSON,5
RONZONI,5
ROOD,20
ROODE,5
ROOF,20
ROOFE,5
ROOFNER,5
ROOK,10
ROOKARD,5
ROOKE,5
ROOKER,20
ROOKS,20
ROOKSTOOL,5
ROOKWOOD,5
ROOM,10
ROOME,5
ROON,5
ROONEY,60
ROOP,20
ROOPE,5
ROORDA,5
ROOS,10
ROOSA,10
ROOSE,10
ROOSEVELT,10
ROOT,70
ROOTH,5
ROOTS,5
ROPAC,5
ROPER,80
ROPERS,5
ROPERTO,5
ROPES,5
ROPISKI,5
ROPKA,5
ROPP,10
ROPPOLO,5
ROQUE,30
ROQUEMORE,10
ROQUES,5
RORABACHER,5
RORABAUGH,5
RORER,5
ROREX,5
RORICK,5
RORIE,10
RORK,5
RORRER,5
ROS,10
ROSA,140
ROSACKER,5
ROSADA,5
ROSADO,120
ROSAL,5
ROSALES,130
ROSALEZ,10
ROSAMOND,10
ROSAN,5
ROSANDER,5
ROSANE,5
ROSANO,5
ROSARIO,150
ROSARO,5
ROSAS,80
ROSASCO,5
ROSATI,10
ROSATO,10
ROSAVIO,5
ROSAZZA,5
ROSBERG,5
ROSBORIL,5
ROSBOROUGH,10
ROSBOUGH,5
ROSBOZOM,5
ROSCA,5
ROSCH,5
ROSCIGNO,5
ROSCIOLI,5
ROSCOE,20
ROSCORLA,5
ROSCOW,5
ROSCUP,5
ROSE,590
ROSEBAUGH,5
ROSEBERRY,20
ROSEBOOM,5
ROSEBORO,10
ROSEBOROUGH,5
ROSEBROCK,5
ROSEBROOK,5
ROSEBROUGH,5
ROSEBUR,5
ROSEBURE,5
ROSEBUSH,5
ROSECRANS,5
ROSEK,5
ROSEKRANS,5
ROSEL,5
ROSELAND,5
ROSELIUS,5
ROSELL,5
ROSELLA,5
ROSELLE,5
ROSELLI,10
ROSELLO,5
ROSEMAN,10
ROSEMOND,10
ROSEMORE,5
ROSEN,80
ROSENAU,5
ROSENBALM,10
ROSENBARGER,5
ROSENBAUM,30
ROSENBECK,5
ROSENBERG,80
ROSENBERGER,20
ROSENBERRY,10
ROSENBLATT,10
ROSENBLOOM,10
ROSENBLUM,20
ROSENBLUTH,5
ROSENBROOK,5
ROSENBURG,5
ROSENBUSH,5
ROSENCRANS,5
ROSENCRANTZ,5
ROSENCRANZ,5
ROSENDAHL,10
ROSENDALE,5
ROSENDO,5
ROSENDORF,5
ROSENE,5
ROSENER,5
ROSENFELD,20
ROSENFELDT,5
ROSENFIELD,5
ROSENGARTEN,5
ROSENGREN,5
ROSENHAGEN,5
ROSENHEIM,5
ROSENHOLM,5
ROSENKOETTER,5
ROSENKRANS,5
ROSENKRANZ,5
ROSENLOF,5
ROSENOW,10
ROSENQUIST,5
ROSENSTEEL,5
ROSENSTEIN,10
ROSENSTOCK,5
ROSENTHAL,60
ROSENTHALL,5
ROSENTRANCE,5
ROSENTRATER,5
ROSENWALD,5
ROSENWINKEL,5
ROSENZWEIG,10
ROSER,10
ROSERO,5
ROSES,5
ROSETE,5
ROSETH,5
ROSETTA,5
ROSETTE,5
ROSETTI,5
ROSETTIE,5
ROSEUM,5
ROSEWALL,5
ROSEWELL,5
ROSH,5
ROSHAK,5
ROSHANNON,5
ROSHER,5
ROSHIA,5
ROSI,5
ROSIAK,5
ROSIAN,5
ROSICA,5
ROSICH,5
ROSIE,5
ROSIEK,5
ROSIER,10
ROSILES,5
ROSILLO,5
ROSIN,10
ROSINE,5
ROSING,5
ROSINSKI,10
ROSITANO,5
ROSKAM,5
ROSKE,5
ROSKELLEY,5
ROSKO,5
ROSKOP,5
ROSKOPF,5
ROSKOS,5
ROSKOVENSKY,5
ROSKOWINSKI,5
ROSKY,5
ROSMAN,5
ROSMARIN,5
ROSNER,10
ROSO,5
ROSOFF,5
ROSOL,10
ROSS,960
ROSSA,5
ROSSANO,5
ROSSBACH,5
ROSSE,5
ROSSEAN,5
ROSSEAU,5
ROSSEEL,5
ROSSEL,5
ROSSELL,5
ROSSELLE,5
ROSSELLI,5
ROSSEN,5
ROSSER,30
ROSSETER,5
ROSSETTI,10
ROSSETTO,5
ROSSEY,5
ROSSI,80
ROSSIE,5
ROSSIGNOL,10
ROSSIN,5
ROSSING,5
ROSSINGNOL,5
ROSSINI,5
ROSSITER,10
ROSSLER,5
ROSSMAN,20
ROSSMANN,5
ROSSMILLER,5
ROSSNAGEL,5
ROSSO,10
ROSSON,10
ROSSOTTO,5
ROSSOW,5
ROSSUM,5
ROST,10
ROSTAD,5
ROSTEK,5
ROSTEN,5
ROSTON,5
ROSU,5
ROSUL,5
ROSWELL,5
ROSWICK,5
ROSZALES,5
ROSZEL,5
ROSZELL,5
ROTA,5
ROTAN,5
ROTANDO,5
ROTANELLI,5
ROTCH,5
ROTCHFORD,5
ROTE,5
ROTELLA,10
ROTELLI,5
ROTEN,10
ROTENBERG,5
ROTENBERRY,5
ROTERING,5
ROTERMUND,5
ROTERT,5
ROTH,180
ROTHACHER,5
ROTHBART,5
ROTHBAUER,5
ROTHBERG,5
ROTHCHILD,5
ROTHE,10
ROTHELL,5
ROTHENBACH,5
ROTHENBERG,10
ROTHENBERGER,5
ROTHENBURGER,5
ROTHER,10
ROTHERHAM,5
ROTHERMEL,10
ROTHERMICH,5
ROTHERY,5
ROTHFELD,5
ROTHFUS,5
ROTHFUSS,5
ROTHGABER,5
ROTHGEB,5
ROTHGERY,5
ROTHHAUPT,5
ROTHLISBERGER,5
ROTHMAN,20
ROTHMANN,5
ROTHMILLER,5
ROTHOVE,5
ROTHROCK,10
ROTHSCHILD,10
ROTHSTEIN,20
ROTHWEILER,5
ROTHWELL,10
ROTKOVECZ,5
ROTKOWSKI,5
ROTMAN,5
ROTNER,5
ROTOLO,5
ROTON,5
ROTONDI,5
ROTONDO,5
ROTRAMEL,5
ROTRUCK,5
ROTSTEIN,5
ROTT,5
ROTTENBERG,5
ROTTER,10
ROTTIER,5
ROTTINGHAUS,5
ROTTINGHOUS,5
ROTTMAN,10
ROTTNER,5
ROTTON,5
ROTTY,5
ROTUNDA,5
ROTUNDO,5
ROTUNNO,5
ROTZ,10
ROUBEKAS,5
ROUCH,5
ROUCOULET,5
ROUDABUSH,5
ROUDEBUSH,10
ROUDYBUSH,5
ROUFF,5
ROUFS,5
ROUGE,5
ROUGEAU,5
ROUGEAUX,5
ROUGEOT,5
ROUGH,5
ROUGHEN,5
ROUGHT,5
ROUGHTON,10
ROUGIER,5
ROUHOFF,5
ROUILLARD,10
ROUILLIER,5
ROUISSE,5
ROULE,5
ROULEAU,10
ROULETTE,5
ROULHAC,5
ROULSTON,5
ROULY,5
ROUMELIOTIS,5
ROUND,5
ROUNDABUSH,5
ROUNDS,40
ROUNDTREE,30
ROUNDY,20
ROUNKLES,5
ROUNSAVILLE,5
ROUNSVILLE,5
ROUNTREE,30
ROUP,5
ROUPE,5
ROURA,5
ROURK,5
ROURKE,10
ROUS,5
ROUSCH,5
ROUSE,120
ROUSELL,5
ROUSELLE,5
ROUSER,5
ROUSEY,10
ROUSH,40
ROUSSE,5
ROUSSEAU,30
ROUSSEL,30
ROUSSELL,5
ROUSSELLE,5
ROUSSIN,5
ROUSSO,5
ROUSSOS,5
ROUSU,5
ROUT,5
ROUTE,5
ROUTH,10
ROUTHIER,5
ROUTLEDGE,5
ROUTON,5
ROUTSON,5
ROUTT,10
ROUTTE,5
ROUTZAHN,5
ROUTZEN,5
ROUW,5
ROUX,10
ROUZER,5
ROUZZO,5
ROVACK,5
ROVELL,5
ROVELLA,5
ROVELTO,5
ROVER,5
ROVERE,5
ROVERO,5
ROVINSKY,5
ROVIRA,5
ROVNER,5
ROW,10
ROWALD,5
ROWAN,60
ROWAND,5
ROWBACK,5
ROWBOTHAM,5
ROWBOTTOM,5
ROWCLIFFE,5
ROWDEN,20
ROWE,290
ROWELL,70
ROWELS,5
ROWEN,10
ROWER,5
ROWETT,5
ROWEY,5
ROWLAND,140
ROWLANDS,10
ROWLEE,5
ROWLES,10
ROWLETT,20
ROWLETTE,5
ROWLEY,60
ROWLING,5
ROWLINS,5
ROWLISON,5
ROWLS,5
ROWMAN,5
ROWND,5
ROWNTREE,5
ROWOLD,5
ROWRAY,5
ROWSE,5
ROWSELL,5
ROWSER,5
ROWSEY,10
ROWSON,5
ROWTON,5
ROWZEE,5
ROX,5
ROXAS,5
ROXBERRY,5
ROXBURGH,5
ROXBURY,5
ROY,250
ROYA,5
ROYAL,50
ROYALL,10
ROYALS,10
ROYALTY,10
ROYBAL,30
ROYCE,20
ROYE,10
ROYEA,5
ROYER,30
ROYLANCE,5
ROYLE,5
ROYS,5
ROYSDEN,5
ROYSE,10
ROYSTER,30
ROYSTON,10
ROYTEK,5
ROZA,5
ROZANCE,5
ROZANSKI,5
ROZAR,10
ROZAS,5
ROZEBOOM,5
ROZEK,10
ROZELL,10
ROZELLE,5
ROZEMA,5
ROZENBERG,5
ROZGA,5
ROZGONYI,5
ROZIER,20
ROZMAN,5
ROZMUS,5
ROZNOWSKI,5
ROZO,5
ROZON,5
ROZYCKI,5
ROZZELL,5
ROZZELLE,5
ROZZI,5
RUA,5
RUACHO,5
RUAN,5
RUANE,5
RUANO,10
RUARK,10
RUBAL,5
RUBALCABA,10
RUBALCAVA,10
RUBALCAVE,5
RUBALLOS,5
RUBANO,5
RUBARTS,5
RUBASH,5
RUBBO,5
RUBECK,5
RUBEL,5
RUBEN,10
RUBENACKER,5
RUBENDALL,5
RUBENFELD,5
RUBENFIELD,5
RUBENS,5
RUBENSTEIN,10
RUBENZER,5
RUBEO,5
RUBERO,5
RUBERT,5
RUBERTE,5
RUBERTI,5
RUBERTO,5
RUBI,5
RUBIANO,5
RUBICK,5
RUBIDOUX,5
RUBIE,5
RUBIN,70
RUBINICH,5
RUBINO,20
RUBINOFF,5
RUBINOW,5
RUBINS,5
RUBINSON,5
RUBINSTEIN,10
RUBIO,110
RUBISON,5
RUBLE,20
RUBLEE,5
RUBLOFF,5
RUBNER,5
RUBOTTOM,5
RUBOW,5
RUBRIGHT,5
RUBSAM,5
RUBULCABA,5
RUBY,40
RUBYOR,5
RUCCI,5
RUCH,20
RUCHTI,5
RUCINSKI,5
RUCK,10
RUCKDASCHEL,5
RUCKDESCHEL,5
RUCKEL,5
RUCKER,110
RUCKEY,5
RUCKI,5
RUCKLE,5
RUCKMAN,10
RUCKS,10
RUCKY,5
RUD,5
RUDA,5
RUDACK,5
RUDASILL,5
RUDAT,5
RUDD,70
RUDDELL,10
RUDDEN,5
RUDDER,10
RUDDICK,5
RUDDLE,5
RUDDOCK,5
RUDDUCK,5
RUDDY,10
RUDE,10
RUDEEN,5
RUDEL,5
RUDELL,5
RUDEN,5
RUDER,10
RUDERMAN,5
RUDES,5
RUDESILL,5
RUDGE,5
RUDGERS,5
RUDH,5
RUDI,5
RUDICIL,5
RUDICK,5
RUDIE,5
RUDIG,5
RUDIGER,5
RUDIN,5
RUDIO,5
RUDIS,5
RUDISAIL,5
RUDISELL,5
RUDISH,5
RUDISILL,10
RUDKIN,5
RUDLOFF,5
RUDLONG,5
RUDMAN,5
RUDNEY,5
RUDNICK,10
RUDNICKI,5
RUDNICKY,5
RUDNITSKI,5
RUDO,5
RUDOLF,5
RUDOLPH,80
RUDOY,5
RUDY,20
RUDZIK,5
RUDZINSKI,5
RUE,20
RUEB,10
RUEBUSH,5
RUECK,5
RUECKERT,5
RUED,5
RUEDA,10
RUEDAS,5
RUEDIGER,5
RUEDY,5
RUEF,5
RUEGER,5
RUEGG,5
RUEGGER,5
RUEGSEGGER,5
RUEHL,5
RUEHLE,5
RUEHLEN,5
RUEHLING,5
RUEHTER,5
RUEL,10
RUELAR,5
RUELAS,20
RUELL,5
RUELLE,5
RUELUAS,5
RUESCH,5
RUESCHER,5
RUESGA,5
RUESINK,5
RUESS,5
RUESSWICK,5
RUEST,5
RUETER,10
RUETHER,5
RUETZ,5
RUEZGA,5
RUF,10
RUFE,5
RUFENACHT,5
RUFENER,5
RUFER,5
RUFF,60
RUFFALO,5
RUFFANER,5
RUFFCORN,5
RUFFEL,5
RUFFELL,5
RUFFER,5
RUFFIN,90
RUFFING,5
RUFFINI,5
RUFFINO,5
RUFFINS,5
RUFFNER,10
RUFFO,5
RUFFOLO,5
RUFI,5
RUFINO,5
RUFO,5
RUFUS,10
RUGAMA,5
RUGE,5
RUGER,5
RUGG,10
RUGGA,5
RUGGERI,10
RUGGERIO,10
RUGGERO,5
RUGGIANO,5
RUGGIERE,5
RUGGIERI,10
RUGGIERO,20
RUGGIRELLO,5
RUGGLE,5
RUGGLES,20
RUGGS,5
RUGH,5
RUH,5
RUHENKAMP,5
RUHL,20
RUHLAND,10
RUHLE,5
RUHLIN,5
RUHLING,5
RUHLMAN,5
RUHMAN,5
RUHMANN,5
RUHN,5
RUHNKE,5
RUHOFF,5
RUHSTORFER,5
RUHTER,5
RUIC,5
RUILOBA,5
RUIS,10
RUISE,5
RUISI,5
RUITER,5
RUIVO,5
RUIZ,540
RUJAWITZ,5
RUKA,5
RUKAVINA,5
RULAND,5
RULAPAUGH,5
RULE,20
RULEMAN,5
RULEY,10
RULIFFSON,5
RULISON,5
RULL,5
RULLAN,5
RULLER,5
RULLI,5
RULLMAN,5
RULLO,5
RULNICK,5
RULON,5
RUMAN,5
RUMBACH,5
RUMBAUGH,10
RUMBERGER,5
RUMBLE,10
RUMBLEY,5
RUMBO,5
RUMBOLD,5
RUMBOLT,5
RUMBURD,5
RUMER,5
RUMERY,5
RUMFELT,10
RUMFOLA,5
RUMFORD,5
RUMINSKI,5
RUMLER,5
RUMLEY,10
RUMMAGE,5
RUMMANS,5
RUMMEL,10
RUMMELL,5
RUMMER,5
RUMMERFIELD,5
RUMMLER,5
RUMNEY,5
RUMORE,5
RUMP,5
RUMPCA,5
RUMPEL,5
RUMPF,5
RUMPH,20
RUMPHOL,5
RUMPLE,5
RUMPS,5
RUMRILL,5
RUMSCHLAG,5
RUMSEY,20
RUNCK,5
RUNCO,5
RUND,5
RUNDAHL,5
RUNDALL,5
RUNDE,5
RUNDELL,10
RUNDLE,10
RUNDLETT,5
RUNDQUIST,5
RUNDSTROM,5
RUNELS,5
RUNFOLA,5
RUNG,5
RUNGE,20
RUNION,20
RUNIONS,5
RUNK,5
RUNKEL,5
RUNKLE,10
RUNNELLS,5
RUNNELS,20
RUNNER,10
RUNNING,5
RUNNION,5
RUNQUIST,5
RUNSWICK,5
RUNYAN,30
RUNYON,50
RUNYONS,5
RUNZLER,5
RUOCCO,5
RUOFF,5
RUOHO,5
RUOPOLI,5
RUOPP,5
RUOT,5
RUOTOLO,5
RUOZZO,5
RUPAR,5
RUPARD,5
RUPE,10
RUPEL,5
RUPER,5
RUPERT,30
RUPERTUS,5
RUPINSKI,5
RUPKE,5
RUPLE,5
RUPLEY,5
RUPNICK,5
RUPP,30
RUPPE,10
RUPPEL,5
RUPPENTHAL,5
RUPPERT,20
RUPPRECHT,5
RUPRECHT,5
RUPRIGHT,5
RURUP,5
RURY,5
RUSAK,5
RUSAW,5
RUSBOLDT,5
RUSCETTI,5
RUSCH,10
RUSCHAK,5
RUSCHE,5
RUSCHEL,5
RUSCHER,5
RUSCHMANN,5
RUSCHMEYER,5
RUSCIO,5
RUSCITTI,5
RUSCONI,5
RUSE,5
RUSEK,5
RUSELL,5
RUSEN,5
RUSERT,5
RUSH,170
RUSHANAN,5
RUSHDAN,5
RUSHE,5
RUSHEN,5
RUSHENBERG,5
RUSHER,5
RUSHFORD,5
RUSHFORTH,5
RUSHIA,5
RUSHIN,10
RUSHING,80
RUSHITI,5
RUSHLOW,5
RUSHMAN,5
RUSHMORE,5
RUSHTON,10
RUSHWORTH,5
RUSI,5
RUSICH,5
RUSIECKI,5
RUSIN,10
RUSINKO,5
RUSINSKI,5
RUSK,20
RUSKIN,5
RUSKO,5
RUSLEY,5
RUSNAK,10
RUSS,60
RUSSAK,5
RUSSAW,5
RUSSE,5
RUSSEK,5
RUSSEL,20
RUSSELL,850
RUSSELLO,5
RUSSER,5
RUSSETT,5
RUSSEY,5
RUSSI,5
RUSSIAN,5
RUSSIN,5
RUSSLER,5
RUSSMAN,5
RUSSNAK,5
RUSSO,160
RUSSOM,5
RUSSOMANNO,5
RUSSOMANO,5
RUSSON,5
RUSSOTTI,5
RUSSOTTO,5
RUSSOW,5
RUSSUM,5
RUSSWURM,5
RUST,40
RUSTAD,5
RUSTEBERG,5
RUSTEIKA,5
RUSTEN,5
RUSTIN,10
RUSTON,5
RUSTRIAN,5
RUSU,5
RUSZALA,5
RUSZKOWSKI,5
RUTA,5
RUTAN,10
RUTANA,5
RUTAR,5
RUTECKI,5
RUTENBAR,5
RUTENBERG,5
RUTER,5
RUTGERS,5
RUTH,60
RUTHEFORD,5
RUTHENBERG,5
RUTHER,5
RUTHERFORD,110
RUTHERS,5
RUTHLEDGE,5
RUTHMAN,5
RUTHS,5
RUTHSTROM,5
RUTHVEN,5
RUTIAGA,5
RUTIGLIANO,5
RUTKIN,5
RUTKO,5
RUTKOWSKI,10
RUTLAND,20
RUTLEDGE,130
RUTLEY,5
RUTMAN,5
RUTS,5
RUTSKE,5
RUTSKI,5
RUTT,10
RUTTAN,5
RUTTEN,5
RUTTER,20
RUTTINGER,5
RUTTMAN,5
RUTTY,5
RUTZ,10
RUUD,5
RUUSKA,5
RUVALCABA,20
RUVALCAVA,5
RUVO,5
RUVOLO,5
RUWE,5
RUWET,5
RUX,5
RUYBAL,10
RUYES,5
RUYLE,10
RUYS,5
RUYTER,5
RUYZ,5
RUZ,5
RUZBASAN,5
RUZICH,5
RUZICKA,10
RUZICKI,5
RUZYCKI,5
RUZZO,5
RVIZ,5
RYAL,5
RYALS,20
RYAN,510
RYANS,10
RYANT,10
RYBA,5
RYBACK,5
RYBACKI,5
RYBAK,5
RYBARCZYK,5
RYBCZYK,5
RYBERG,5
RYBICKI,10
RYBIJ,5
RYBINSKI,5
RYBKA,5
RYBOLT,5
RYBOWIAK,5
RYBURN,5
RYCE,5
RYCHLICKI,5
RYCKMAN,10
RYCROFT,5
RYDALCH,5
RYDBERG,5
RYDEEN,5
RYDEL,5
RYDELEK,5
RYDELL,5
RYDEN,5
RYDER,60
RYDIN,5
RYDMAN,5
RYDOLPH,5
RYDZEWSKI,5
RYE,10
RYEA,5
RYEN,5
RYER,5
RYERSON,10
RYGALSKI,5
RYGG,5
RYGIEL,5
RYGIEWICZ,5
RYHAL,5
RYHERD,5
RYKACZEWSKI,5
RYKARD,5
RYKEN,5
RYKER,5
RYKERT,5
RYKIEL,5
RYKOWSKI,5
RYKS,5
RYLAARSDAM,5
RYLAND,10
RYLANDER,5
RYLANDS,5
RYLANT,5
RYLE,5
RYLEE,5
RYLES,10
RYLEY,5
RYLL,5
RYLOWICZ,5
RYMAN,10
RYMASZ,5
RYMER,10
RYMES,5
RYMUT,5
RYNDERS,5
RYNEARSON,5
RYNEER,5
RYNER,5
RYNERSON,5
RYNES,5
RYNKOWSKI,5
RYNN,5
RYNNE,5
RYON,5
RYS,5
RYSANEK,5
RYSAVY,5
RYSER,5
RYSZ,5
RYTHER,5
RYTUBA,5
RYU,5
RYUN,5
RYZINSKI,5
RZASA,5
RZECZYCKI,5
RZEPECKI,5
RZEPKA,5
RZESZUTKO,5
RZUCIDLO,5
SA,5
SAA,5
SAAB,5
SAABATMAND,5
SAAD,20
SAADAT,5
SAADD,5
SAADE,5
SAADEH,5
SAAGER,5
SAAL,5
SAALE,5
SAALFRANK,5
SAAM,5
SAAR,5
SAARELA,5
SAARI,10
SAAS,5
SAATHOFF,5
SAAVEDRA,40
SABA,10
SABAD,5
SABADO,5
SABADOS,5
SABAGH,5
SABAJ,5
SABAL,5
SABALA,10
SABALLOS,5
SABAN,5
SABASTIAN,5
SABAT,5
SABATA,5
SABATASO,5
SABATELLI,5
SABATER,5
SABATES,5
SABATINI,10
SABATINO,10
SABB,10
SABBAGH,10
SABBAH,5
SABBATINI,5
SABE,5
SABEAN,5
SABEDRA,5
SABEIHA,5
SABEL,5
SABELLA,10
SABELLICO,5
SABER,5
SABERI,5
SABET,5
SABHA,5
SABI,5
SABIA,10
SABIN,20
SABINA,5
SABINE,5
SABINI,5
SABINO,5
SABINS,5
SABIO,5
SABIR,5
SABISTON,5
SABLAN,5
SABLE,5
SABLEA,5
SABLES,5
SABLOCK,5
SABLONE,5
SABO,30
SABOL,10
SABORI,5
SABORIDO,5
SABORIO,5
SABOT,5
SABOTA,5
SABOURIN,5
SACANE,5
SACARELLO,5
SACAVAGE,5
SACAYANAN,5
SACCA,5
SACCARDI,5
SACCHETTI,5
SACCHI,5
SACCO,30
SACCONE,5
SACCUCCI,5
SACHAR,5
SACHE,5
SACHER,5
SACHES,5
SACHETTI,5
SACHEZ,5
SACHLEBEN,5
SACHS,20
SACHSE,5
SACHTLEBEN,5
SACK,10
SACKAL,5
SACKETT,20
SACKEY,5
SACKMAN,5
SACKOS,5
SACKRIDER,5
SACKS,10
SACRAMED,5
SACRAMENTO,5
SACRE,5
SADA,5
SADAHIRO,5
SADAK,5
SADAN,5
SADAR,5
SADAT,5
SADBERRY,5
SADBURY,5
SADDAT,5
SADDLER,20
SADE,5
SADEE,5
SADEGHI,5
SADEN,5
SADER,5
SADGER,5
SADHRA,5
SADHU,5
SADIK,5
SADIN,5
SADIQ,5
SADLER,80
SADLIER,5
SADLON,5
SADLOW,5
SADOLSKY,5
SADORRA,5
SADOSKI,5
SADOW,5
SADOWSKI,20
SADOWSKY,5
SADRI,5
SADUSKY,5
SADVARY,5
SAE,10
SAECHAO,10
SAEED,5
SAEFONG,5
SAEGER,5
SAELEE,5
SAELENS,5
SAELER,5
SAELI,5
SAEMENES,5
SAENGER,5
SAENPHIMMACHA,5
SAENS,5
SAENZ,80
SAEPHAN,10
SAETERN,5
SAETEUN,5
SAETHER,5
SAETTEURN,5
SAETURN,5
SAEZ,20
SAFA,5
SAFAR,5
SAFDEYE,5
SAFE,5
SAFER,5
SAFFEL,5
SAFFELL,5
SAFFER,5
SAFFO,5
SAFFOLD,10
SAFFORD,20
SAFI,5
SAFIER,5
SAFKO,5
SAFLEY,5
SAFRAN,5
SAFRANEK,5
SAFRIT,5
SAFRON,5
SAFT,5
SAGAL,5
SAGAN,5
SAGAR,5
SAGASER,5
SAGASTEGUI,5
SAGASTUME,5
SAGAYAGA,5
SAGE,40
SAGEDAHL,5
SAGEHORN,5
SAGEL,5
SAGEN,5
SAGENDORF,5
SAGER,40
SAGERS,10
SAGES,5
SAGGESE,5
SAGGIO,5
SAGGIONE,5
SAGI,5
SAGLIBENE,5
SAGLIMBEN,5
SAGLIMBENI,5
SAGO,5
SAGOES,5
SAGON,5
SAGONA,5
SAGRAVES,5
SAGREDO,5
SAGRERA,5
SAGUCIO,5
SAGUIL,5
SAGUN,5
SAHA,5
SAHADY,5
SAHAGIAN,5
SAHAGUN,5
SAHARA,5
SAHE,5
SAHL,5
SAHLBERG,5
SAHLER,5
SAHLI,5
SAHM,5
SAHNI,5
SAHOTA,5
SAHR,5
SAHSMAN,5
SAHU,5
SAIA,5
SAICE,5
SAICEDO,5
SAID,10
SAIDE,5
SAIDI,5
SAIEVA,5
SAIK,5
SAIKI,5
SAILE,5
SAILER,10
SAILOR,10
SAILORS,5
SAILS,5
SAIN,20
SAINATO,5
SAINDON,5
SAINE,10
SAINES,5
SAINI,5
SAINLIERE,5
SAINT,5
SAINTAMAND,5
SAINTE,5
SAINTFLEUR,5
SAINTIGNON,5
SAINTLOUIS,5
SAINZ,10
SAIS,10
SAISA,5
SAISON,5
SAITO,10
SAITTA,5
SAIZ,20
SAJDAK,5
SAJOR,5
SAJORDA,5
SAJOUS,5
SAJOVIC,5
SAK,10
SAKA,5
SAKAGUCHI,5
SAKAI,10
SAKAKEENY,5
SAKAL,5
SAKAMAKI,5
SAKAMOTO,10
SAKASEGAWA,5
SAKASH,5
SAKATA,5
SAKE,5
SAKELARIS,5
SAKIC,5
SAKIESTEWA,5
SAKIHARA,5
SAKKAS,5
SAKKINEN,5
SAKO,5
SAKODA,5
SAKON,5
SAKOVITCH,5
SAKOWSKI,5
SAKRY,5
SAKS,5
SAKSHAUG,5
SAKUMA,5
SAKUMOTO,5
SAKURAI,5
SALA,10
SALAAM,10
SALABARRIA,5
SALACH,5
SALADA,5
SALADIN,10
SALADINO,10
SALADO,5
SALAFIA,5
SALAHUBDIN,5
SALAIS,5
SALAIZ,5
SALAK,5
SALAM,5
SALAMA,5
SALAMACHA,5
SALAMANCA,10
SALAMEH,5
SALAMON,5
SALAMONE,10
SALAMY,5
SALANDY,5
SALANO,5
SALAS,150
SALASAR,5
SALASSI,5
SALATA,5
SALATINO,5
SALATO,5
SALAY,5
SALAZ,5
SALAZA,5
SALAZAK,5
SALAZAN,5
SALAZAR,320
SALAZER,5
SALB,5
SALBERG,5
SALCE,5
SALCEDA,5
SALCEDO,40
SALCIDO,30
SALDANA,60
SALDANO,5
SALDEEN,5
SALDI,5
SALDIBAR,5
SALDIVAR,30
SALDVIR,5
SALE,20
SALEADO,5
SALEE,5
SALEEBY,5
SALEEM,10
SALEH,10
SALEHA,5
SALEHI,5
SALEK,5
SALEM,20
SALEME,5
SALEMI,5
SALEMO,5
SALEN,5
SALER,5
SALERA,5
SALERNO,30
SALES,40
SALESKY,5
SALESSES,5
SALETTA,5
SALFELDER,5
SALGADO,80
SALGE,5
SALGERO,5
SALGUERO,10
SALIBA,10
SALIDO,5
SALIERNO,5
SALIM,5
SALIMAS,5
SALIMI,5
SALIN,5
SALINA,5
SALINAS,190
SALINES,5
SALING,5
SALIS,5
SALISBERRY,5
SALISBURY,50
SALIVA,5
SALIZAR,5
SALIZZONI,5
SALK,5
SALKELD,5
SALL,5
SALLACH,5
SALLADE,5
SALLAH,5
SALLAS,5
SALLAZ,5
SALLE,5
SALLEE,30
SALLER,5
SALLES,5
SALLEY,30
SALLIE,5
SALLIES,5
SALLING,5
SALLINGS,5
SALLIS,5
SALLMEN,5
SALLOUM,5
SALLS,10
SALLY,5
SALM,5
SALMAN,5
SALMANS,5
SALMELA,5
SALMEN,5
SALMERON,10
SALMI,5
SALMINEN,5
SALMON,50
SALMOND,5
SALMONS,20
SALMONSEN,5
SALMONSON,5
SALO,10
SALOIS,5
SALOME,5
SALOMON,10
SALOMONE,5
SALON,5
SALONE,5
SALONEK,5
SALONIA,5
SALOOM,5
SALOS,5
SALOTTI,5
SALOUM,5
SALOWITZ,5
SALQUERO,5
SALSA,5
SALSBERG,5
SALSBERRY,5
SALSBURY,10
SALSEDO,5
SALSER,5
SALSGIVER,5
SALSMAN,5
SALSTROM,5
SALT,5
SALTA,5
SALTARELLI,5
SALTE,5
SALTER,70
SALTERN,5
SALTERS,10
SALTIS,5
SALTMAN,5
SALTMARSH,5
SALTNESS,5
SALTON,5
SALTONSTALL,5
SALTOURIDES,5
SALTS,5
SALTSMAN,10
SALTUS,5
SALTZ,10
SALTZBERG,5
SALTZGABER,5
SALTZMAN,10
SALUAN,5
SALUJA,5
SALUM,5
SALUS,5
SALUTO,5
SALVA,5
SALVADGE,5
SALVADOR,20
SALVADORE,5
SALVAGE,5
SALVAGGIO,10
SALVANT,5
SALVAS,5
SALVATI,5
SALVATIERRA,5
SALVATO,10
SALVATORE,20
SALVATORI,5
SALVATURE,5
SALVEMINI,5
SALVERSON,5
SALVESEN,5
SALVESON,5
SALVETTI,5
SALVEY,5
SALVI,5
SALVIA,5
SALVIEJO,5
SALVIETTI,5
SALVINO,5
SALVIO,5
SALVITTI,5
SALVO,10
SALVUCCI,5
SALWASSER,5
SALWAY,5
SALYARDS,5
SALYER,20
SALYERS,20
SALZ,5
SALZANO,5
SALZAR,5
SALZBERG,5
SALZER,10
SALZL,5
SALZMAN,10
SALZMANN,5
SALZWEDEL,5
SAM,30
SAMA,5
SAMAAN,5
SAMAD,5
SAMAHA,5
SAMAIN,5
SAMANIEGO,20
SAMANLEGO,5
SAMANO,5
SAMANTHA,5
SAMARA,5
SAMAROO,5
SAMAS,5
SAMAY,5
SAMAYOA,10
SAMBER,5
SAMBERG,5
SAMBOR,5
SAMBORSKI,5
SAMBRANO,5
SAMBROOK,5
SAMBUCETTI,5
SAMEC,5
SAMEK,5
SAMELA,5
SAMELE,5
SAMES,5
SAMET,5
SAMFORD,10
SAMIA,5
SAMICK,5
SAMIDE,5
SAMIEC,5
SAMIENTO,5
SAMII,5
SAMIT,5
SAMLAL,5
SAMLAND,5
SAMMARCO,5
SAMMARTANO,5
SAMMARTINO,5
SAMMER,5
SAMMET,5
SAMMIS,5
SAMMON,5
SAMMONS,30
SAMMS,5
SAMMUT,5
SAMO,5
SAMOK,5
SAMONA,5
SAMONS,20
SAMORA,10
SAMORANO,5
SAMOWITZ,5
SAMOYOA,5
SAMPAGA,5
SAMPAIA,5
SAMPAIR,5
SAMPANG,5
SAMPAYAN,5
SAMPEDRO,5
SAMPERE,5
SAMPERI,5
SAMPEY,5
SAMPICA,5
SAMPIERI,5
SAMPILO,5
SAMPLE,60
SAMPLES,30
SAMPLEY,10
SAMPOGNA,5
SAMPSEL,5
SAMPSELL,5
SAMPSELLE,5
SAMPSON,150
SAMRA,5
SAMRAH,5
SAMROV,5
SAMS,60
SAMSEL,10
SAMSON,40
SAMU,5
SAMUDIO,5
SAMUEL,70
SAMUELL,5
SAMUELS,100
SAMUELSEN,5
SAMUELSON,20
SAMUL,5
SAMWAY,5
SAMY,5
SAMYN,5
SAN,5
SANABRIA,20
SANACORE,5
SANAGUSTIN,5
SANANTONIO,5
SANASITH,5
SANBERG,5
SANBORN,50
SANBURG,5
SANCE,5
SANCEDO,5
SANCEN,5
SANCES,5
SANCHEC,5
SANCHER,5
SANCHES,30
SANCHEZ,1300
SANCHIOUS,5
SANCHIRICO,5
SANCHO,10
SANCHZ,5
SANCKEN,5
SANCRANT,5
SAND,20
SANDA,5
SANDAGE,5
SANDAGER,5
SANDAHL,5
SANDALL,5
SANDATE,5
SANDAU,5
SANDAVOL,5
SANDAY,5
SANDBERG,30
SANDBLOM,5
SANDBORG,5
SANDBURG,5
SANDE,10
SANDEEN,5
SANDEFER,5
SANDEFUR,10
SANDEL,5
SANDELIN,5
SANDELIUS,5
SANDELL,10
SANDELLA,5
SANDEN,5
SANDER,40
SANDERCOCK,5
SANDERFER,5
SANDERFORD,5
SANDERFUR,5
SANDERLIN,10
SANDERMAN,5
SANDERS,1000
SANDERSEN,5
SANDERSON,90
SANDEZ,5
SANDFORD,10
SANDGREN,5
SANDHAUS,5
SANDHOFF,5
SANDHOLM,5
SANDHOP,5
SANDHU,5
SANDI,5
SANDIDGE,10
SANDIFER,20
SANDIFORD,10
SANDIGO,5
SANDIN,10
SANDINE,5
SANDINO,5
SANDISON,5
SANDLAN,5
SANDLAND,5
SANDLER,20
SANDLES,5
SANDLIAN,5
SANDLIN,30
SANDLING,5
SANDMAN,5
SANDMANN,5
SANDMEIER,5
SANDNESS,5
SANDO,5
SANDOBAL,5
SANDOE,5
SANDONA,5
SANDONE,5
SANDOR,5
SANDORA,5
SANDORAL,5
SANDOS,5
SANDOUAL,5
SANDOVAL,270
SANDOVAR,5
SANDOW,5
SANDOZ,10
SANDQUIST,5
SANDRA,5
SANDRI,5
SANDRIDGE,10
SANDROCK,5
SANDROWICZ,5
SANDRY,5
SANDS,70
SANDSTEDE,5
SANDSTEDT,5
SANDSTROM,20
SANDT,5
SANDUS,5
SANDUSKY,10
SANDVEN,5
SANDVIG,5
SANDVIK,5
SANDVILL,5
SANDY,20
SANE,10
SANEAUX,5
SANER,10
SANES,5
SANEZ,5
SANFELIX,5
SANFILIPPO,10
SANFIORENZO,5
SANFLIPPO,5
SANFORD,150
SANFRATELLO,5
SANFT,5
SANG,5
SANGALLI,5
SANGASY,5
SANGER,10
SANGES,5
SANGH,5
SANGHA,5
SANGHANI,5
SANGHEZ,5
SANGHVI,5
SANGI,5
SANGIACOMO,5
SANGREN,5
SANGREY,5
SANGSTER,10
SANIATAN,5
SANIGER,5
SANIPASI,5
SANISLO,5
SANJABI,5
SANJOSE,5
SANJUAN,10
SANJURJO,5
SANKAR,5
SANKARAN,5
SANKARY,5
SANKE,5
SANKER,5
SANKEY,20
SANKO,5
SANKOFF,5
SANKOH,5
SANKOVICH,5
SANKOWSKI,5
SANKS,5
SANLATTE,5
SANLUCAS,5
SANLUIS,5
SANMARCO,5
SANMARTIN,5
SANMIGUEL,10
SANN,5
SANNA,5
SANNELLA,5
SANNER,10
SANNES,5
SANNICOLAS,5
SANNON,5
SANNUTTI,5
SANO,10
SANOCKI,5
SANON,10
SANOR,10
SANOS,5
SANOSYAN,5
SANOTS,5
SANPAOLO,5
SANPEDRO,5
SANPSON,5
SANQUENETTI,5
SANROMAN,10
SANS,5
SANSALONE,5
SANSBURN,5
SANSBURY,10
SANSCHAGRIN,5
SANSEDA,5
SANSEVERINO,5
SANSING,5
SANSOM,10
SANSON,10
SANSONE,20
SANSOTTA,5
SANSOUCI,5
SANSOUCIE,5
SANSOUCY,5
SANT,10
SANTA,5
SANTAANA,5
SANTACROCE,5
SANTACRUCE,5
SANTACRUZ,20
SANTAELLA,5
SANTAGATA,5
SANTAGO,5
SANTAI,5
SANTALOCI,5
SANTALUCIA,5
SANTAMARIA,20
SANTAMARINA,5
SANTANA,150
SANTANDER,5
SANTANGELO,10
SANTANIELLO,5
SANTANNA,5
SANTANO,5
SANTARELLI,5
SANTARPIA,5
SANTARSIERO,5
SANTEE,10
SANTELL,5
SANTELLA,5
SANTELLAN,5
SANTELLANA,5
SANTELLI,5
SANTERAMO,5
SANTERRE,5
SANTHESON,5
SANTHUFF,5
SANTI,5
SANTIAGO,350
SANTIBANEZ,10
SANTIESTEBAN,5
SANTIGO,5
SANTILLAN,20
SANTILLANA,5
SANTILLANES,10
SANTILLANEZ,5
SANTILLI,5
SANTILLO,10
SANTILUKKA,5
SANTIN,5
SANTINI,10
SANTINO,5
SANTIO,5
SANTIS,5
SANTISTEBAN,5
SANTISTEVAN,10
SANTIZO,5
SANTMIER,5
SANTMYER,5
SANTO,20
SANTOLI,5
SANTOLUCITO,5
SANTOMASSIMO,5
SANTOMAURO,5
SANTONE,5
SANTONI,5
SANTOPIETRO,5
SANTOPOLO,5
SANTOR,5
SANTORA,10
SANTORE,5
SANTORELLA,5
SANTORELLI,5
SANTORIELLA,5
SANTORO,20
SANTORY,5
SANTOS,310
SANTOSCOY,5
SANTOY,5
SANTOYA,5
SANTOYO,10
SANTRIZOS,5
SANTRMIRE,5
SANTTI,5
SANTUCCI,10
SANTULLI,5
SANTWIRE,5
SANTY,5
SANVILLE,5
SANYARO,5
SANZ,5
SANZENBACHER,5
SANZO,5
SANZONE,5
SANZOTTA,5
SAO,10
SAOUS,5
SAPARA,5
SAPARDANIS,5
SAPERSTEIN,5
SAPIA,5
SAPIEN,10
SAPIENZA,10
SAPINSKI,5
SAPKO,5
SAPNU,5
SAPORITA,5
SAPORITO,5
SAPP,70
SAPPAH,5
SAPPENFIELD,5
SAPPER,5
SAPPINGTON,10
SAPUTO,5
SAR,5
SARA,5
SARABANDO,5
SARABIA,10
SARAC,5
SARACCO,5
SARACENO,5
SARACINO,5
SARAF,5
SARAFIAN,5
SARAFIN,5
SARAGOSA,10
SARAGUSA,5
SARAH,5
SARAIVA,5
SARALEGUI,5
SARAN,5
SARANI,5
SARANITI,5
SARANTAKIS,5
SARANZAK,5
SARAO,5
SARAS,5
SARATE,5
SARAULT,5
SARAVIA,10
SARAZIN,5
SARBACHER,5
SARBER,5
SARCHET,5
SARCHETT,5
SARCIA,5
SARCINELLA,5
SARCINELLI,5
SARCONE,5
SARCONI,5
SARDELLA,5
SARDEN,5
SARDI,5
SARDIN,5
SARDINA,10
SARDINAS,5
SARDINHA,5
SARDO,5
SARE,5
SARELAS,5
SARELLANO,5
SARENSEN,5
SARETTE,5
SARETTO,5
SARFF,5
SARGEANT,10
SARGENT,120
SARGETAKIS,5
SARGIS,5
SARIC,5
SARIN,5
SARINANA,5
SARINSKY,5
SARIO,5
SARIS,5
SARISKY,5
SARJEANT,5
SARJENT,5
SARK,5
SARKA,5
SARKAR,5
SARKIN,5
SARKIS,5
SARKISIAN,5
SARKISSIAN,5
SARKODIE,5
SARKS,5
SARLES,5
SARLEY,5
SARLI,5
SARLINAS,5
SARLO,5
SARMENTO,5
SARMIENTO,20
SARNA,5
SARNACKI,5
SARNE,5
SARNES,5
SARNI,5
SARNICOLA,5
SARNO,10
SARNOFF,5
SARNOSKY,5
SARNOWSKI,5
SARO,5
SAROOP,5
SAROUKOS,5
SARP,5
SARPY,5
SARR,5
SARRA,5
SARRACINO,5
SARRAGA,5
SARRATT,10
SARRELL,5
SARRETT,5
SARRIA,5
SARRIS,10
SARRO,5
SARSFIELD,5
SARSON,5
SARSOUR,5
SARTAIN,10
SARTELL,5
SARTI,5
SARTIN,20
SARTOR,10
SARTORE,5
SARTORELLI,5
SARTORI,10
SARTORIO,5
SARTORIS,5
SARTORIUS,5
SARTWELL,5
SARULLO,5
SARVAS,5
SARVER,20
SARVEY,5
SARVIS,10
SARWAR,5
SARWARY,5
SARWINSKI,5
SARY,5
SARZYNSKI,5
SAS,5
SASAHARA,5
SASAKI,10
SASALA,5
SASAO,5
SASENGBONG,5
SASHINGTON,5
SASKA,5
SASNETT,5
SASPORTAS,5
SASS,10
SASSAMAN,5
SASSANO,5
SASSE,10
SASSEEN,5
SASSER,30
SASSEVILLE,5
SASSMAN,5
SASSO,10
SASSON,5
SASSONE,5
SASTRE,5
SASUILLE,5
SAT,5
SATAR,5
SATAVA,5
SATAWA,5
SATCHEL,5
SATCHELL,10
SATCHER,5
SATCHWELL,5
SATER,5
SATERFIEL,10
SATERFIELD,5
SATHER,10
SATHIRABOOT,5
SATHRE,5
SATIAGO,5
SATMARY,5
SATO,20
SATOE,5
SATOMBA,5
SATOW,5
SATRE,5
SATSKY,5
SATTAZAHN,5
SATTEL,5
SATTER,10
SATTERFIELD,50
SATTERLEE,10
SATTERLEY,5
SATTERLUND,5
SATTERLY,5
SATTERTHWAITE,5
SATTERWHITE,20
SATTLEFIELD,5
SATTLER,20
SATTLEY,5
SATUNAS,5
SATURNIO,5
SATZ,5
SAU,5
SAUAGE,5
SAUBER,5
SAUBERAN,5
SAUBY,5
SAUCE,5
SAUCEDA,20
SAUCEDO,60
SAUCEMAN,5
SAUCER,5
SAUCHEZ,5
SAUCIER,40
SAUDER,5
SAUDERS,5
SAUER,50
SAUERBRY,5
SAUERHAGE,5
SAUERS,10
SAUERWEIN,5
SAUGER,5
SAUGIS,5
SAUL,20
SAULER,5
SAULINO,5
SAULNIER,5
SAULO,5
SAULPAUGH,5
SAULS,30
SAULSBERRY,10
SAULSBERY,5
SAULSBURY,10
SAULT,5
SAULTER,10
SAULTERS,10
SAULTS,5
SAUM,10
SAUMIER,5
SAUNAS,5
SAUNDER,5
SAUNDERS,270
SAUNIER,5
SAUPE,5
SAUR,5
SAUREDO,5
SAUREL,5
SAURER,5
SAURET,5
SAUREY,5
SAUREZ,5
SAURIOL,5
SAURO,5
SAUSE,5
SAUSEDA,5
SAUSEDO,5
SAUSER,5
SAUSSER,5
SAUTER,10
SAUTNER,5
SAUTTER,5
SAUVAGE,5
SAUVAGEAU,5
SAUVE,10
SAUVEUR,5
SAVA,5
SAVAGE,200
SAVAGEAU,5
SAVAGLIO,5
SAVAKIS,5
SAVALA,10
SAVANNAH,5
SAVANT,5
SAVARD,10
SAVARESE,10
SAVARIA,5
SAVARINO,5
SAVARY,5
SAVAS,5
SAVASTA,5
SAVASTANO,5
SAVCEDO,5
SAVE,5
SAVEDRA,5
SAVEL,5
SAVELA,5
SAVELL,10
SAVELLI,5
SAVELLS,5
SAVELY,5
SAVEN,5
SAVER,10
SAVERCHENKO,5
SAVERS,5
SAVERY,5
SAVI,5
SAVIANO,5
SAVIC,5
SAVICH,5
SAVICKAS,5
SAVIDGE,5
SAVILLA,5
SAVILLE,10
SAVIN,5
SAVINA,5
SAVINAR,5
SAVINE,5
SAVINI,5
SAVINO,10
SAVINON,5
SAVIO,5
SAVIOLA,5
SAVITCH,5
SAVITSKY,5
SAVITTS,5
SAVITZ,5
SAVKA,5
SAVKO,5
SAVO,5
SAVOCA,5
SAVOCCHIA,5
SAVOIE,20
SAVORY,10
SAVOY,30
SAWADA,5
SAWAIA,5
SAWALLICH,5
SAWATZKE,5
SAWATZKI,5
SAWATZKY,5
SAWAYA,5
SAWCHUK,5
SAWCZYSZYN,5
SAWDEY,5
SAWDO,5
SAWER,5
SAWHILL,5
SAWICKI,10
SAWIN,10
SAWINA,5
SAWINSKI,5
SAWKA,5
SAWLIVICH,5
SAWNEY,5
SAWRANSKY,5
SAWREY,5
SAWTELL,5
SAWTELLE,5
SAWYER,230
SAWYERS,30
SAX,10
SAXBURY,5
SAXBY,5
SAXE,5
SAXENA,5
SAXFIELD,5
SAXINGER,5
SAXMAN,5
SAXON,30
SAXTON,40
SAY,10
SAYAPHON,5
SAYAS,5
SAYASANE,5
SAYAVONG,5
SAYCO,5
SAYE,5
SAYED,5
SAYEGH,5
SAYER,10
SAYERS,30
SAYKO,5
SAYLE,5
SAYLEE,5
SAYLER,10
SAYLES,20
SAYLOE,5
SAYLOR,50
SAYLORS,10
SAYMAN,5
SAYNE,5
SAYRE,30
SAYRES,5
SAYSANA,5
SAYSITHIDETH,5
SAYSONGKHAM,5
SAYWARD,5
SAYYED,5
SAZAMA,5
SBANO,5
SBARRA,5
SBERNA,5
SBORO,5
SCACCIA,5
SCACCO,5
SCACE,5
SCACHETTE,5
SCADDEN,5
SCADLOCK,5
SCAFE,5
SCAFF,5
SCAFFE,5
SCAFFIDI,5
SCAFURI,5
SCAFUTO,5
SCAGGS,10
SCAGLIONE,5
SCAGLIOTTI,5
SCAHILL,5
SCAIA,5
SCAIANO,5
SCAIFE,10
SCALA,10
SCALE,5
SCALES,60
SCALESE,5
SCALET,5
SCALF,20
SCALI,5
SCALIA,10
SCALICE,5
SCALISE,10
SCALISI,5
SCALLAN,5
SCALLEY,5
SCALLION,5
SCALLON,5
SCALLORN,5
SCALLY,5
SCALZI,5
SCALZO,10
SCAMAN,5
SCAMARDO,5
SCAMEHORN,5
SCAMMAHORN,5
SCAMMON,5
SCAMPOLI,5
SCANCARELLO,5
SCANDALIOS,5
SCANDALIS,5
SCANDRETT,5
SCANDURA,5
SCANDURRA,5
SCANIO,5
SCANLAN,20
SCANLIN,5
SCANLON,40
SCANNAPIECO,5
SCANNELL,10
SCANNEU,5
SCANTLEBURY,5
SCANTLEN,5
SCANTLIN,5
SCANTLING,5
SCAPPATICCI,5
SCARANO,5
SCARBER,5
SCARBERRY,20
SCARBORO,5
SCARBOROUGH,50
SCARBRO,5
SCARBROUGH,30
SCARCE,5
SCARCIA,5
SCARDINA,5
SCARDINO,5
SCARDUZIO,5
SCARFF,5
SCARFI,5
SCARFO,5
SCARFONE,5
SCARGALL,5
SCARIANO,5
SCARINGE,5
SCARINGI,5
SCARLATA,5
SCARLATO,5
SCARLES,5
SCARLET,5
SCARLETT,20
SCARNATI,5
SCARNATO,5
SCAROLA,5
SCARP,5
SCARPA,5
SCARPACI,5
SCARPATI,5
SCARPATO,5
SCARPELLI,5
SCARPELLO,5
SCARPINO,5
SCARPITTA,5
SCARPITTO,5
SCARPONE,5
SCARR,5
SCARRITT,5
SCARROW,5
SCARSDALE,5
SCARSELLA,5
SCARSET,5
SCARTH,5
SCARVER,5
SCATENATO,5
SCATES,10
SCATTERGOOD,5
SCATTON,5
SCATURRO,5
SCAVETTA,5
SCAVO,5
SCAVONA,5
SCAVONE,5
SCAVOTTO,5
SCAVUZZO,5
SCEARCE,5
SCEE,5
SCELBA,5
SCELFO,5
SCELSI,5
SCELZO,5
SCERBO,5
SCERCY,5
SCERRA,5
SCHAAB,5
SCHAACK,5
SCHAAD,5
SCHAADT,5
SCHAAF,10
SCHAAL,10
SCHAALMA,5
SCHAAP,5
SCHAAR,5
SCHAARSCHMIDT,5
SCHAB,5
SCHABACKER,5
SCHABBING,5
SCHABEL,5
SCHABER,5
SCHABERG,5
SCHABERT,5
SCHABES,5
SCHABOT,5
SCHABOWSKI,5
SCHACHER,10
SCHACHERER,5
SCHACHSIECK,5
SCHACHT,10
SCHACHTER,5
SCHACHTERLE,5
SCHACK,5
SCHACKOW,5
SCHACTER,5
SCHAD,5
SCHADE,10
SCHADEGG,5
SCHADEL,5
SCHADER,5
SCHADLE,5
SCHADLER,5
SCHADT,5
SCHAECHER,5
SCHAEDLER,5
SCHAEFER,120
SCHAEFERS,5
SCHAEFFER,50
SCHAEFFLER,5
SCHAEN,5
SCHAER,5
SCHAETZLE,5
SCHAF,5
SCHAFER,80
SCHAFERSMAN,5
SCHAFF,10
SCHAFFEL,5
SCHAFFELD,5
SCHAFFER,60
SCHAFFERT,5
SCHAFFHAUSER,5
SCHAFFNER,10
SCHAFFTER,5
SCHAIBLE,10
SCHAICH,5
SCHAIN,5
SCHAK,5
SCHAKEL,5
SCHALK,10
SCHALL,10
SCHALLER,20
SCHALLHORN,5
SCHALLIG,5
SCHALOW,5
SCHAMBER,5
SCHAMBERGER,5
SCHAMBUREK,5
SCHAMEL,5
SCHAMING,5
SCHAMMEL,5
SCHAMP,5
SCHAMS,5
SCHAN,5
SCHANBACHER,5
SCHANCK,5
SCHANDEL,5
SCHANDING,5
SCHANE,5
SCHANEMAN,5
SCHANER,5
SCHANGE,5
SCHANK,10
SCHANNO,5
SCHANTINI,5
SCHANTZ,10
SCHANZ,10
SCHANZENBACH,5
SCHAP,5
SCHAPER,10
SCHAPIRO,5
SCHAPP,5
SCHAPPACH,5
SCHAPPELL,5
SCHAPPERT,5
SCHARBACH,5
SCHARBER,5
SCHARBOR,5
SCHARBROUGH,5
SCHARDEIN,5
SCHARDT,5
SCHARER,5
SCHARES,5
SCHARF,10
SCHARFENBERG,5
SCHARFF,10
SCHARICH,5
SCHARLER,5
SCHARMANN,5
SCHARMER,5
SCHARNBERG,5
SCHARP,5
SCHARPF,5
SCHARPING,5
SCHARPMAN,5
SCHARR,5
SCHARRER,5
SCHARTE,5
SCHARTZ,5
SCHARWATH,5
SCHATT,5
SCHATTNER,5
SCHATTSCHNEID,5
SCHATZ,20
SCHATZBERG,5
SCHATZEL,5
SCHATZLE,5
SCHATZMAN,5
SCHAU,5
SCHAUB,10
SCHAUBERT,5
SCHAUBHUT,5
SCHAUBLE,5
SCHAUDEL,5
SCHAUER,10
SCHAUF,5
SCHAUFELBERGE,5
SCHAUL,5
SCHAULAND,5
SCHAUMAN,5
SCHAUMANN,5
SCHAUMBERG,5
SCHAUMBURG,5
SCHAUNAMAN,5
SCHAUNT,5
SCHAUPP,5
SCHAUS,5
SCHAUWECKER,5
SCHAVONE,5
SCHAYER,5
SCHEAFFER,5
SCHEAR,5
SCHEARER,5
SCHEBEL,5
SCHEBLER,5
SCHECH,5
SCHECHINGER,5
SCHECHTER,10
SCHECHTMAN,5
SCHECK,5
SCHECTER,5
SCHEDLER,5
SCHEE,5
SCHEEL,10
SCHEELE,10
SCHEELER,5
SCHEER,20
SCHEERER,10
SCHEETS,5
SCHEETZ,10
SCHEFERS,5
SCHEFF,5
SCHEFFEL,10
SCHEFFER,10
SCHEFFERT,5
SCHEFFLER,20
SCHEFFRAHN,5
SCHEGETZ,5
SCHEHL,5
SCHEHR,5
SCHEI,5
SCHEIB,5
SCHEIBE,5
SCHEIBELHUT,5
SCHEIBER,10
SCHEIBLE,5
SCHEIBLICH,5
SCHEIBNER,5
SCHEID,10
SCHEIDE,5
SCHEIDECKER,5
SCHEIDEGGER,5
SCHEIDEL,5
SCHEIDER,5
SCHEIDERER,5
SCHEIDLER,5
SCHEIDT,10
SCHEIERN,5
SCHEIN,5
SCHEINER,5
SCHEINOST,5
SCHEIRMAN,5
SCHEITLIN,5
SCHELB,5
SCHELL,50
SCHELLE,5
SCHELLENBERG,5
SCHELLENBERGE,5
SCHELLENGER,5
SCHELLER,10
SCHELLERMANN,5
SCHELLHAMMER,5
SCHELLHASE,5
SCHELLHORN,5
SCHELLIN,5
SCHELLING,5
SCHELLMAN,5
SCHELLS,5
SCHELP,5
SCHEMAN,5
SCHEMBER,5
SCHEMBRA,5
SCHEMBRI,5
SCHEMM,5
SCHEMMEL,5
SCHEMMER,5
SCHEMONIA,5
SCHEMPP,5
SCHENCK,20
SCHENDEL,10
SCHENEWERK,5
SCHENFELD,5
SCHENK,20
SCHENKEL,5
SCHENKELBERG,5
SCHENKER,5
SCHENO,5
SCHENZ,5
SCHEPENS,5
SCHEPERLE,5
SCHEPERS,5
SCHEPIS,5
SCHEPKER,5
SCHEPP,5
SCHEPPE,5
SCHEPPER,5
SCHEPPKE,5
SCHER,10
SCHERB,5
SCHERBARTH,5
SCHERBEL,5
SCHERBRING,5
SCHERER,30
SCHERF,5
SCHERFF,5
SCHERICH,5
SCHERLER,5
SCHERMA,5
SCHERMAN,5
SCHERMANN,5
SCHERMER,5
SCHERMERHORN,10
SCHERPING,5
SCHERR,10
SCHERRER,10
SCHERRMAN,5
SCHERSCHLIGT,5
SCHERTZ,5
SCHERZ,5
SCHERZER,5
SCHESSLER,5
SCHETROMPF,5
SCHETTIG,5
SCHETTLER,5
SCHEU,5
SCHEUER,5
SCHEUERMAN,10
SCHEUERMANN,5
SCHEUERS,5
SCHEULE,5
SCHEULEN,5
SCHEUMANN,5
SCHEUNEMANN,5
SCHEUREN,5
SCHEURER,5
SCHEURING,5
SCHEUVRONT,5
SCHEVE,5
SCHEWE,5
SCHEXNAYDER,20
SCHEY,5
SCHEYER,5
SCHIAFFINO,5
SCHIANO,5
SCHIAPPA,5
SCHIAVI,5
SCHIAVO,10
SCHIAVONE,10
SCHIAVONI,5
SCHIBI,5
SCHICK,20
SCHICKEDANZ,5
SCHICKEL,5
SCHICKLER,5
SCHIE,5
SCHIEBEL,5
SCHIEBER,5
SCHIED,5
SCHIEDLER,5
SCHIEFELBEIN,10
SCHIEFEN,5
SCHIEFER,5
SCHIEFERSTEIN,5
SCHIEFFER,5
SCHIEL,5
SCHIELD,5
SCHIELE,5
SCHIELER,5
SCHIELKE,5
SCHIER,5
SCHIERBROCK,5
SCHIERENBECK,5
SCHIERMEIER,5
SCHIESHER,5
SCHIESS,5
SCHIESSER,5
SCHIFF,10
SCHIFFELBEIN,5
SCHIFFER,10
SCHIFFERT,5
SCHIFFLER,5
SCHIFFMAN,10
SCHIFFMANN,5
SCHIFFNER,5
SCHIFKO,5
SCHIFO,5
SCHIKORA,5
SCHILAWSKI,5
SCHILD,10
SCHILDER,5
SCHILDGEN,5
SCHILDKNECHT,5
SCHILDT,5
SCHILK,5
SCHILKE,5
SCHILL,10
SCHILLACI,5
SCHILLE,5
SCHILLER,30
SCHILLING,50
SCHILLINGER,10
SCHILLINGS,5
SCHILMOELLER,5
SCHILSKY,5
SCHILTZ,5
SCHILZ,5
SCHIMANDLE,5
SCHIMANSKI,5
SCHIMEK,5
SCHIMEL,5
SCHIMIZZI,5
SCHIMKE,10
SCHIMLER,5
SCHIMMEL,10
SCHIMMING,5
SCHIMPF,5
SCHINDEL,5
SCHINDELDECKE,5
SCHINDELE,5
SCHINDEWOLF,5
SCHINDLER,30
SCHINGECK,5
SCHINK,5
SCHINKE,5
SCHINKEL,5
SCHINKER,5
SCHINNELL,5
SCHIPPER,10
SCHIPPERS,10
SCHIRALDI,5
SCHIRALLI,5
SCHIRM,5
SCHIRMER,10
SCHIRO,10
SCHIRPKE,5
SCHIRRMACHER,5
SCHIRTZINGER,5
SCHISLER,10
SCHISSEL,5
SCHISSLER,5
SCHIVELEY,5
SCHIVER,5
SCHKADE,5
SCHLAACK,5
SCHLABACH,5
SCHLABAUGH,5
SCHLABS,5
SCHLACHTER,5
SCHLADWEILER,5
SCHLAEFER,5
SCHLAEFLI,5
SCHLAFFER,5
SCHLAG,5
SCHLAGEL,5
SCHLAGER,5
SCHLAGETER,5
SCHLAHT,5
SCHLANGEN,5
SCHLANGER,5
SCHLAPPI,5
SCHLARB,5
SCHLARBAUM,5
SCHLATER,10
SCHLATHER,5
SCHLATTER,5
SCHLAU,5
SCHLAUCH,5
SCHLECHT,5
SCHLECHTEN,5
SCHLECK,5
SCHLECTER,5
SCHLEE,5
SCHLEGEL,20
SCHLEH,5
SCHLEHUBER,5
SCHLEIBAUM,5
SCHLEICH,5
SCHLEICHER,10
SCHLEIDER,5
SCHLEIFER,5
SCHLEIFF,5
SCHLEIG,5
SCHLEIMER,5
SCHLEIN,5
SCHLEINING,5
SCHLEIS,5
SCHLEISMAN,5
SCHLEKER,5
SCHLEMBACH,5
SCHLEMMER,10
SCHLENDER,5
SCHLENGER,5
SCHLENKER,10
SCHLENSKER,5
SCHLENZ,5
SCHLEPP,5
SCHLEPPENBACH,5
SCHLEPPHORST,5
SCHLEPPY,5
SCHLERETH,5
SCHLESENER,5
SCHLESIER,5
SCHLESINGER,10
SCHLESNER,5
SCHLESSELMAN,5
SCHLESSER,5
SCHLESSMAN,5
SCHLETT,5
SCHLETTE,5
SCHLEUDER,5
SCHLEUSNER,5
SCHLEY,10
SCHLICHENMAYE,5
SCHLICHER,5
SCHLICHT,5
SCHLICHTER,5
SCHLICHTING,10
SCHLICK,5
SCHLICKER,5
SCHLIEP,5
SCHLIEPER,5
SCHLIESSER,5
SCHLIETER,5
SCHLIMMER,5
SCHLINDWEIN,5
SCHLINGER,5
SCHLINK,5
SCHLINKER,5
SCHLIPF,5
SCHLIPP,5
SCHLISSEL,5
SCHLITT,5
SCHLITZ,5
SCHLITZER,5
SCHLOBOHM,5
SCHLOEMANN,5
SCHLOEMER,5
SCHLOOP,5
SCHLOSBERG,5
SCHLOSS,10
SCHLOSSBERG,5
SCHLOSSER,20
SCHLOSSMAN,5
SCHLOTE,5
SCHLOTFELDT,5
SCHLOTT,5
SCHLOTTE,5
SCHLOTTER,5
SCHLOTTERBECK,5
SCHLOTTHAUER,5
SCHLOTTMAN,5
SCHLOTTMANN,5
SCHLOTZHAUER,5
SCHLUETER,20
SCHLUMAKER,5
SCHLUND,5
SCHLUNEGER,5
SCHLUP,5
SCHLUSSEL,5
SCHLUTER,5
SCHMADER,5
SCHMAHL,5
SCHMAL,5
SCHMALE,5
SCHMALING,5
SCHMALTZ,10
SCHMALZ,10
SCHMALZRIED,5
SCHMAND,5
SCHMANDT,5
SCHMATZ,5
SCHMAUDER,5
SCHMAUS,5
SCHMAUTZ,5
SCHMECKPEPER,5
SCHMEECKLE,5
SCHMEER,5
SCHMEICHEL,5
SCHMEIDER,5
SCHMEIDLER,5
SCHMEISER,5
SCHMEISSER,5
SCHMELING,10
SCHMELMER,5
SCHMELTER,5
SCHMELTZER,10
SCHMELZ,5
SCHMELZER,5
SCHMELZLE,5
SCHMERER,5
SCHMERGE,5
SCHMERTZ,5
SCHMICK,5
SCHMID,40
SCHMIDBAUER,5
SCHMIDER,5
SCHMIDGALL,5
SCHMIDLIN,5
SCHMIDT,510
SCHMIDTKA,5
SCHMIDTKE,5
SCHMIED,5
SCHMIEDER,5
SCHMIEDESKAMP,5
SCHMIEGE,5
SCHMIEL,5
SCHMIER,5
SCHMIERER,5
SCHMIESING,5
SCHMIG,5
SCHMILLE,5
SCHMIOT,5
SCHMIT,10
SCHMITH,5
SCHMITKE,5
SCHMITMEYER,5
SCHMITS,5
SCHMITT,100
SCHMITTOU,5
SCHMITZ,70
SCHMITZER,5
SCHMOAK,5
SCHMOLDT,5
SCHMOLL,5
SCHMOLLINGER,5
SCHMOYER,5
SCHMUCK,5
SCHMUCKER,10
SCHMUFF,5
SCHMUHL,5
SCHMUNK,5
SCHMUTZ,5
SCHMUTZLER,5
SCHNABEL,10
SCHNABL,5
SCHNACK,5
SCHNACKEL,5
SCHNACKENBERG,5
SCHNADER,5
SCHNAIBLE,5
SCHNAIR,5
SCHNAKE,5
SCHNAKENBERG,5
SCHNALL,5
SCHNAPP,5
SCHNARR,5
SCHNARRS,5
SCHNATHORST,5
SCHNAUTZ,5
SCHNEBLY,5
SCHNECK,10
SCHNECKLOTH,5
SCHNEE,5
SCHNEEBERGER,5
SCHNEEKLOTH,5
SCHNEEMAN,5
SCHNEIDER,330
SCHNEIDERMAN,5
SCHNEIDERMANN,5
SCHNEIDERS,5
SCHNEIDMAN,5
SCHNEIDMILLER,5
SCHNEIDTMILLE,5
SCHNEITER,5
SCHNELDER,5
SCHNELL,20
SCHNELLE,5
SCHNELLER,5
SCHNELZER,5
SCHNEPEL,5
SCHNEPF,5
SCHNETTER,5
SCHNETTLER,5
SCHNETZER,5
SCHNIBBE,5
SCHNICK,5
SCHNICKE,5
SCHNICKEL,5
SCHNIDER,5
SCHNIEDER,5
SCHNIEDERS,10
SCHNIPPER,5
SCHNITKER,5
SCHNITMAN,5
SCHNITTKER,5
SCHNITZ,5
SCHNITZER,5
SCHNITZLER,5
SCHNOBRICH,5
SCHNOKE,5
SCHNOOR,5
SCHNOPP,5
SCHNORBUS,5
SCHNORR,5
SCHNUERER,5
SCHNUR,5
SCHNURBUSCH,5
SCHNURE,5
SCHNURR,5
SCHNYER,5
SCHOBER,10
SCHOBERG,5
SCHOBERT,5
SCHOBORG,5
SCHOCH,10
SCHOCK,10
SCHOCKLEY,5
SCHODERBEK,5
SCHOEB,5
SCHOEBEL,5
SCHOEBEN,5
SCHOECK,5
SCHOEDER,5
SCHOEFFLER,5
SCHOEFIELD,5
SCHOEL,5
SCHOELL,5
SCHOELLER,5
SCHOELLKOPF,5
SCHOELMAN,5
SCHOEMAKER,5
SCHOEMAN,5
SCHOEMER,5
SCHOEN,20
SCHOENBECK,5
SCHOENBERG,10
SCHOENBERGER,10
SCHOENBORN,5
SCHOENE,5
SCHOENECK,5
SCHOENECKER,5
SCHOENEGGE,5
SCHOENEMAN,5
SCHOENEMANN,5
SCHOENER,5
SCHOENFELD,10
SCHOENFELDER,5
SCHOENFELDT,5
SCHOENHALS,5
SCHOENHARD,5
SCHOENHERR,5
SCHOENHUT,5
SCHOENIG,5
SCHOENING,5
SCHOENINGER,5
SCHOENLE,5
SCHOENLEBER,5
SCHOENMAKER,5
SCHOENROCK,10
SCHOENSTEIN,5
SCHOENTHAL,5
SCHOENWETTER,5
SCHOEPF,5
SCHOEPFER,5
SCHOEPFLIN,5
SCHOEPP,5
SCHOEPPNER,5
SCHOESSOW,5
SCHOETTLE,5
SCHOETTMER,5
SCHOEWE,5
SCHOFELL,5
SCHOFF,5
SCHOFFSTALL,5
SCHOFIELD,50
SCHOFILL,5
SCHOGGEN,5
SCHOL,5
SCHOLER,5
SCHOLES,5
SCHOLFIELD,5
SCHOLIN,5
SCHOLL,30
SCHOLLE,5
SCHOLLER,5
SCHOLLMEIER,5
SCHOLLMEYER,5
SCHOLNICK,5
SCHOLTEN,10
SCHOLTENS,5
SCHOLTES,5
SCHOLTZ,5
SCHOLZ,20
SCHOLZE,5
SCHOLZEN,5
SCHOMACKER,5
SCHOMAKER,5
SCHOMAS,5
SCHOMBERG,5
SCHOMBURG,5
SCHOMER,5
SCHOMIN,5
SCHOMMER,5
SCHON,5
SCHONACK,5
SCHONAERTS,5
SCHONBERG,5
SCHONBERGER,5
SCHONE,5
SCHONECK,5
SCHONEMAN,5
SCHONERT,5
SCHONES,5
SCHONFELD,5
SCHONHARDT,5
SCHONINGER,5
SCHONS,5
SCHONTZ,5
SCHOO,5
SCHOOF,5
SCHOOK,5
SCHOOL,5
SCHOOLCRAFT,10
SCHOOLER,10
SCHOOLEY,10
SCHOOLFIELD,5
SCHOOLING,5
SCHOOLMAN,5
SCHOOLS,5
SCHOON,5
SCHOONER,5
SCHOONHOVEN,5
SCHOONMAKER,10
SCHOONOVER,30
SCHOP,5
SCHOPFLIN,5
SCHOPMEYER,5
SCHOPP,5
SCHOPPE,5
SCHOPPER,5
SCHOPPERT,5
SCHOR,5
SCHORDER,5
SCHOREPLUM,5
SCHORN,5
SCHORNICK,5
SCHORR,10
SCHORSCH,5
SCHORZMAN,5
SCHOSSOW,5
SCHOTT,30
SCHOU,5
SCHOULTZ,5
SCHOUTEN,5
SCHOUVILLER,5
SCHOUWEILER,5
SCHOVILLE,5
SCHOW,5
SCHOWALTER,5
SCHOWENGERDT,5
SCHRAB,5
SCHRACK,10
SCHRADER,50
SCHRADLE,5
SCHRAEDER,5
SCHRAFF,5
SCHRAG,5
SCHRAGE,5
SCHRAGER,5
SCHRAM,10
SCHRAMECK,5
SCHRAMEK,5
SCHRAMEL,5
SCHRAMM,20
SCHRANDT,5
SCHRANK,5
SCHRANTZ,10
SCHRANZ,5
SCHRAUB,5
SCHRAUDER,5
SCHRAUGER,5
SCHRAWDER,5
SCHRAYTER,5
SCHREACKE,5
SCHREADER,5
SCHRECENGOST,10
SCHRECK,10
SCHRECKENGOST,5
SCHRECKER,5
SCHRECKHISE,5
SCHRECONGOST,5
SCHREDER,5
SCHREFFLER,10
SCHREIBER,50
SCHREIER,10
SCHREIFELS,5
SCHREIMANN,5
SCHREINER,30
SCHREMP,5
SCHRENK,5
SCHREUDER,5
SCHREUR,5
SCHREURS,5
SCHREYER,5
SCHRIBER,5
SCHRICK,5
SCHRIEBER,5
SCHRIEFER,5
SCHRIER,5
SCHRIEVER,5
SCHRIMPF,5
SCHRIMSHER,10
SCHRINER,5
SCHRIVER,10
SCHROADER,5
SCHROCK,20
SCHRODER,20
SCHRODT,5
SCHROEDEL,5
SCHROEDEN,5
SCHROEDER,200
SCHROEDTER,5
SCHROEN,5
SCHROEPFER,5
SCHROEPPEL,5
SCHROER,10
SCHROETER,10
SCHROFF,5
SCHROLL,5
SCHROM,10
SCHROMEN,5
SCHRONCE,5
SCHROOT,5
SCHROPE,5
SCHROTENBOER,5
SCHROTH,10
SCHROTT,5
SCHROY,5
SCHROYER,10
SCHRUBBE,5
SCHRULL,5
SCHRUM,10
SCHRUMPF,5
SCHRUNK,5
SCHRUPP,10
SCHRYER,5
SCHRYVER,5
SCHUB,5
SCHUBACH,5
SCHUBBE,5
SCHUBER,5
SCHUBERT,40
SCHUBLE,5
SCHUCH,5
SCHUCHARD,5
SCHUCHARDT,5
SCHUCHART,5
SCHUCHAT,5
SCHUCHMAN,5
SCHUCHMANN,5
SCHUCK,10
SCHUCKER,5
SCHUCKERS,5
SCHUCKERT,5
SCHUCKMAN,5
SCHUDEL,5
SCHUE,5
SCHUELE,5
SCHUELER,10
SCHUELKE,10
SCHUELLER,10
SCHUEMANN,5
SCHUENEMAN,5
SCHUENEMANN,5
SCHUEPFER,5
SCHUEREN,5
SCHUERHOLZ,5
SCHUERING,5
SCHUERMAN,5
SCHUERMANN,5
SCHUESSLER,5
SCHUETH,5
SCHUETT,5
SCHUETTE,10
SCHUETZ,10
SCHUETZE,5
SCHUFF,5
SCHUFFERT,5
SCHUG,5
SCHUH,10
SCHUHMACHER,5
SCHUHMANN,5
SCHUILING,5
SCHUIT,5
SCHUL,5
SCHULD,5
SCHULDER,5
SCHULDT,10
SCHULENBERG,5
SCHULENBURG,5
SCHULER,50
SCHULIST,5
SCHULKE,5
SCHULKIN,5
SCHULL,10
SCHULLE,5
SCHULLER,10
SCHULMAN,20
SCHULT,5
SCHULTE,40
SCHULTEIS,5
SCHULTENS,5
SCHULTER,5
SCHULTES,5
SCHULTHEIS,10
SCHULTHEISS,5
SCHULTHESS,5
SCHULTZ,350
SCHULTZE,5
SCHULWEIS,5
SCHULZ,70
SCHULZE,30
SCHUM,5
SCHUMACHER,60
SCHUMACHOR,5
SCHUMACKER,5
SCHUMAKER,10
SCHUMAN,20
SCHUMANN,20
SCHUMANS,5
SCHUMER,5
SCHUMM,5
SCHUMMER,5
SCHUMPERT,5
SCHUMUCKER,5
SCHUNEMAN,5
SCHUNEMANN,5
SCHUNER,5
SCHUNK,5
SCHUNTER,5
SCHUPBACH,5
SCHUPP,10
SCHUPPENHAUER,5
SCHUPPERT,5
SCHUR,5
SCHURE,5
SCHURER,5
SCHURG,5
SCHURING,5
SCHURK,5
SCHURKAMP,5
SCHURMAN,10
SCHURR,5
SCHURZ,5
SCHUSSLER,5
SCHUSTED,5
SCHUSTER,50
SCHUSTERMAN,5
SCHUSTRICH,5
SCHUT,5
SCHUTE,5
SCHUTJER,5
SCHUTT,10
SCHUTTE,10
SCHUTTER,5
SCHUTTLER,5
SCHUTZ,20
SCHUTZE,5
SCHUTZENHOFER,5
SCHUTZMAN,5
SCHUUR,5
SCHUYLEMAN,5
SCHUYLER,10
SCHWAB,50
SCHWABAUER,5
SCHWABE,5
SCHWABENBAUER,5
SCHWADERER,5
SCHWADRON,5
SCHWAGER,10
SCHWALB,5
SCHWALBE,5
SCHWALD,5
SCHWALEN,5
SCHWALENBERG,5
SCHWALL,5
SCHWALLER,5
SCHWALLIE,5
SCHWALM,5
SCHWAMBERGER,5
SCHWAN,10
SCHWANBECK,5
SCHWANDER,5
SCHWANDT,10
SCHWANEBECK,5
SCHWANER,5
SCHWANKE,10
SCHWANTD,5
SCHWANTES,5
SCHWANZ,5
SCHWARCZ,5
SCHWARK,5
SCHWARM,5
SCHWART,5
SCHWARTEN,5
SCHWARTING,5
SCHWARTS,5
SCHWARTZ,260
SCHWARTZBACH,5
SCHWARTZBERG,5
SCHWARTZE,5
SCHWARTZENBUR,5
SCHWARTZER,5
SCHWARTZKOPF,5
SCHWARTZMAN,5
SCHWARTZWALDE,5
SCHWARZ,50
SCHWARZE,5
SCHWARZENBACH,5
SCHWARZENBERG,5
SCHWARZER,5
SCHWARZKOPF,5
SCHWARZLOSE,5
SCHWASS,5
SCHWEBACH,5
SCHWEBEL,5
SCHWEBKE,5
SCHWEDA,5
SCHWEDE,5
SCHWEDER,5
SCHWEER,5
SCHWEERS,5
SCHWEGEL,5
SCHWEICKERT,5
SCHWEIGART,5
SCHWEIGER,10
SCHWEIGERT,10
SCHWEIKER,5
SCHWEIKERT,5
SCHWEIM,5
SCHWEIN,5
SCHWEINBERG,5
SCHWEINER,5
SCHWEINERT,5
SCHWEINFURTH,5
SCHWEINSBERG,5
SCHWEISS,5
SCHWEITZ,5
SCHWEITZER,30
SCHWEIZER,10
SCHWEMM,5
SCHWEMMER,5
SCHWENCK,5
SCHWEND,5
SCHWENDEMAN,5
SCHWENDEMANN,5
SCHWENDINGER,5
SCHWENK,10
SCHWENKE,5
SCHWENNEKER,5
SCHWENT,5
SCHWENTKER,5
SCHWENZER,5
SCHWEPPE,5
SCHWER,5
SCHWERD,5
SCHWERDT,5
SCHWERDTFEGER,5
SCHWERIN,5
SCHWERING,5
SCHWERTFAGER,5
SCHWERTFEGER,5
SCHWERTNER,5
SCHWERY,5
SCHWETZ,5
SCHWEYEN,5
SCHWICHTENBER,5
SCHWIEBERT,5
SCHWIEGER,5
SCHWIEN,5
SCHWIER,5
SCHWIESON,5
SCHWIESOW,5
SCHWIETERMAN,5
SCHWIMMER,5
SCHWIND,5
SCHWINDT,10
SCHWING,10
SCHWINGEL,5
SCHWINGHAMMER,5
SCHWINGLER,5
SCHWINN,5
SCHWIPPS,5
SCHWISOW,5
SCHWISTER,5
SCHWIZER,5
SCHWOERER,5
SCHWORM,5
SCHWOYER,5
SCHWUCHOW,5
SCHWULST,5
SCHY,5
SCIABICA,5
SCIACCA,5
SCIACCHITANO,5
SCIALDONE,5
SCIALLO,5
SCIALPI,5
SCIANCALEPORE,5
SCIANDRA,5
SCIANNA,5
SCIARA,5
SCIARINI,5
SCIARRA,5
SCIARRETTA,5
SCIASCIA,5
SCIAVILLO,5
SCIBETTA,5
SCIBILIA,5
SCICCHITANO,5
SCICUTELLA,5
SCIERA,5
SCIERKA,5
SCIESZKA,5
SCIFRES,5
SCIGLIANO,5
SCIMECA,5
SCINTO,5
SCIOLA,5
SCIONEAUX,5
SCIORTINO,10
SCIOTTI,5
SCIPIO,10
SCIPIONE,5
SCIPIONI,5
SCIRCLE,5
SCIRE,5
SCISCO,5
SCISM,5
SCITES,5
SCIULLI,5
SCIULLO,5
SCIUTO,5
SCIVALLY,5
SCLAFANI,10
SCLAVI,5
SCOBEE,5
SCOBEY,5
SCOBIE,5
SCOBLE,5
SCOBY,5
SCOCCA,5
SCOFIELD,20
SCOGGAN,5
SCOGGIN,10
SCOGGINS,30
SCOGIN,5
SCOH,5
SCOLA,5
SCOLARO,5
SCOLERI,5
SCOLES,10
SCOLIERI,5
SCOLLAN,5
SCOLLARD,5
SCOLNIK,5
SCOMA,5
SCONCE,5
SCONIERS,5
SCONTRAS,5
SCONYERS,5
SCOPA,5
SCOPEL,5
SCORCA,5
SCORDATO,5
SCORDINO,5
SCORDO,5
SCORE,5
SCORESBY,5
SCORGIE,5
SCORSONE,5
SCORZELLI,5
SCOT,5
SCOTHORN,5
SCOTLAND,5
SCOTT,1850
SCOTTEN,5
SCOTTI,10
SCOTTING,5
SCOTTO,10
SCOTTON,5
SCOTTS,5
SCOTTY,5
SCOULLER,5
SCOUTEN,5
SCOVEL,5
SCOVELL,5
SCOVIL,5
SCOVILL,5
SCOVILLE,10
SCOW,5
SCOWDEN,5
SCOZZAFAVA,5
SCOZZARI,5
SCRABECK,5
SCRANTON,10
SCRAPE,5
SCREEN,5
SCRENCI,5
SCREWS,5
SCRIBELLITO,5
SCRIBER,10
SCRIBNER,30
SCRICHFIELD,5
SCRIM,5
SCRIMPSHER,5
SCRIMSHER,5
SCRIPPS,5
SCRIPTER,5
SCRIPTURE,5
SCRITCHFIELD,5
SCRIUNER,5
SCRIVEN,10
SCRIVENER,5
SCRIVENS,5
SCRIVER,5
SCRIVNER,10
SCRO,5
SCROBOLA,5
SCROGER,5
SCROGGIE,5
SCROGGIN,5
SCROGGINS,50
SCROGGS,10
SCROGGY,5
SCROGHAM,5
SCRONCE,5
SCRUDATO,5
SCRUGGS,80
SCRUTON,5
SCSARPISNATO,5
SCUCCHI,5
SCUDDER,20
SCUDERI,10
SCUDERO,5
SCUDIERI,5
SCUITO,5
SCULL,10
SCULLARK,5
SCULLAWL,5
SCULLEN,5
SCULLEY,5
SCULLIN,5
SCULLION,5
SCULLY,30
SCUNGIO,5
SCURCI,5
SCURLOCK,10
SCURRY,10
SCURTI,5
SCUTT,5
SCYOC,5
SCZBECKI,5
SCZYGIEL,5
SDOIA,5
SE,5
SEA,10
SEABAUGH,5
SEABERG,10
SEABERRY,5
SEABERT,5
SEABOLD,5
SEABOLT,20
SEABORN,10
SEABREEZE,5
SEABRIGHT,5
SEABRON,5
SEABROOK,10
SEABROOKE,5
SEABROOKS,10
SEABURG,5
SEABURN,5
SEABURY,5
SEACAT,5
SEACE,5
SEACHORD,5
SEACORD,5
SEACREST,5
SEACRIST,5
SEAFORD,5
SEAFORTH,5
SEAGER,10
SEAGERS,5
SEAGLE,10
SEAGO,5
SEAGRAVE,5
SEAGRAVES,10
SEAGREN,5
SEAGROVES,5
SEAHOLM,5
SEAHOLTZ,5
SEAHORN,5
SEAJACK,5
SEAL,50
SEALANDER,5
SEALE,20
SEALES,10
SEALEY,10
SEALOCK,5
SEALS,90
SEALY,20
SEAMAN,50
SEAMANS,10
SEAMEN,5
SEAMON,10
SEAMONS,10
SEAMSTER,5
SEAN,5
SEANEY,5
SEANEZ,5
SEANG,5
SEANGER,5
SEANOR,5
SEAQUIST,5
SEAR,5
SEARA,5
SEARBY,5
SEARCEY,5
SEARCH,5
SEARCHFIELD,5
SEARCHWELL,5
SEARCY,40
SEARD,5
SEARER,5
SEARFOSS,10
SEARGENT,5
SEARIGHT,5
SEARING,5
SEARL,5
SEARLE,20
SEARLES,20
SEARLS,5
SEARS,140
SEARSON,5
SEARY,5
SEASE,10
SEASHORE,5
SEASTRAND,5
SEAT,5
SEATE,5
SEATON,40
SEATS,5
SEAVER,10
SEAVERS,5
SEAVEY,10
SEAVY,5
SEAWARD,5
SEAWELL,10
SEAWOOD,5
SEAWRIGHT,10
SEAY,70
SEBA,5
SEBALD,5
SEBASOVICH,5
SEBASTIAN,20
SEBASTIANO,5
SEBASTIEN,5
SEBASTION,5
SEBBEN,5
SEBEK,5
SEBENIECHER,5
SEBER,5
SEBERO,5
SEBERS,5
SEBERT,5
SEBESTA,5
SEBESTYEN,5
SEBION,5
SEBO,5
SEBOLD,5
SEBOURN,5
SEBRANEK,5
SEBREE,5
SEBREN,5
SEBRING,10
SEBRON,5
SEBURG,5
SECHANG,5
SECHLER,5
SECHREST,5
SECHRIST,10
SECKER,5
SECKINGER,5
SECKINGTON,5
SECKLER,5
SECKLETSTEWA,5
SECKMAN,5
SECKY,5
SECOND,5
SECONDO,5
SECOR,10
SECORA,5
SECORD,5
SECORE,5
SECREASE,5
SECREST,10
SECRETO,5
SECRIST,10
SECTION,5
SECUNDA,5
SECUNDO,5
SEDA,10
SEDAM,5
SEDANO,5
SEDANOS,5
SEDAR,5
SEDBERRY,5
SEDBROOK,5
SEDDON,10
SEDENKO,5
SEDER,10
SEDGWICK,10
SEDILLO,20
SEDITA,5
SEDIVY,5
SEDLACEK,10
SEDLACHEK,5
SEDLACK,5
SEDLAK,10
SEDLAY,5
SEDLER,5
SEDLOCK,5
SEDMAN,5
SEDOR,5
SEDORE,5
SEDOTAL,5
SEDRAKYAN,5
SEDTAL,5
SEDWICK,5
SEDY,5
SEE,30
SEEBACH,5
SEEBAUM,5
SEEBER,10
SEEBERGER,5
SEEBOLD,5
SEECHARAN,5
SEECHARRAN,5
SEED,5
SEEDBORG,5
SEEDORF,5
SEEDORFF,5
SEEDS,5
SEEFELD,5
SEEFELDT,10
SEEFRIED,5
SEEGAR,5
SEEGARS,5
SEEGER,20
SEEGERS,5
SEEGERT,5
SEEGMILLER,5
SEEGOBIN,5
SEEHAFER,5
SEEHOLZER,5
SEEHUSEN,5
SEEK,5
SEEKAMP,5
SEEKELL,5
SEEKFORD,5
SEEKINS,5
SEEL,5
SEELBACH,5
SEELBINDER,5
SEELEY,30
SEELIG,5
SEELIGER,5
SEELY,20
SEELYE,10
SEEMAN,10
SEEMANN,5
SEEMER,5
SEEN,5
SEENEY,5
SEEPERSAUD,5
SEERING,5
SEERY,10
SEES,5
SEESE,10
SEESHOLTZ,5
SEETON,5
SEEVER,5
SEEVERS,10
SEEWALD,5
SEFCHECK,5
SEFCIK,5
SEFCOVIC,5
SEFEROVIC,5
SEFTICK,5
SEFTON,5
SEGAL,20
SEGALA,5
SEGALL,5
SEGALLA,5
SEGAR,5
SEGARRA,10
SEGARS,10
SEGAWA,5
SEGEE,5
SEGEL,5
SEGELHORST,5
SEGER,20
SEGERMAN,5
SEGERS,10
SEGERSON,5
SEGGERMAN,5
SEGLER,5
SEGNER,5
SEGO,5
SEGOBIA,5
SEGONIA,5
SEGOTA,5
SEGOUIA,5
SEGOVIA,20
SEGOVIANO,5
SEGRAVE,5
SEGRAVES,5
SEGREST,10
SEGRETO,5
SEGROVES,5
SEGUI,5
SEGUIN,10
SEGUNDO,10
SEGUR,5
SEGURA,80
SEHER,5
SEHGAL,5
SEHL,5
SEHNERT,5
SEHORN,5
SEHR,5
SEHRT,5
SEIAVITCH,5
SEIB,5
SEIBEL,10
SEIBER,10
SEIBERLICH,5
SEIBERLING,5
SEIBERS,5
SEIBERT,30
SEIBOLD,10
SEIBT,5
SEID,5
SEIDE,5
SEIDEL,30
SEIDELL,5
SEIDEN,5
SEIDENBECKER,5
SEIDENSTICKER,5
SEIDER,5
SEIDERS,5
SEIDITA,5
SEIDL,10
SEIDLE,5
SEIDLER,5
SEIDLING,5
SEIDLITZ,5
SEIDMAN,10
SEIDNER,5
SEIDT,5
SEIELSTAD,5
SEIER,5
SEIERSEN,5
SEIF,5
SEIFARTH,5
SEIFER,5
SEIFERT,40
SEIFFERT,5
SEIFRIED,5
SEIFTS,5
SEIGART,5
SEIGEL,5
SEIGER,5
SEIGFRIED,5
SEIGLE,5
SEIGLER,10
SEIGWORTH,5
SEIKALY,5
SEIKEL,5
SEIL,5
SEILER,30
SEILEY,5
SEILHAMER,5
SEILHEIMER,5
SEILHYMER,5
SEILS,5
SEIM,10
SEIN,5
SEINER,5
SEIP,5
SEIPEL,5
SEIPLE,5
SEIPP,5
SEIRER,5
SEISE,5
SEISER,5
SEISLER,5
SEIT,5
SEITER,10
SEITERS,5
SEITH,5
SEITZ,40
SEITZINGER,5
SEIVER,5
SEIVERT,5
SEIWELL,5
SEIZ,5
SEJKORA,5
SEK,5
SEKEL,5
SEKERAK,5
SEKI,5
SEKULA,5
SEKULSKI,5
SEKUTERSKI,5
SELAKOVIC,5
SELAN,5
SELANDER,5
SELBE,5
SELBERT,5
SELBIG,5
SELBO,5
SELBY,50
SELCA,5
SELDEN,10
SELDERS,10
SELDIN,5
SELDOMRIDGE,5
SELDON,10
SELE,5
SELEDON,5
SELEG,5
SELEM,5
SELESNICK,5
SELESTEWA,5
SELEY,5
SELF,100
SELFE,5
SELFRIDGE,10
SELGRADE,5
SELIA,5
SELIBA,5
SELIC,5
SELIG,10
SELIGA,5
SELIGMAN,5
SELIGMANN,5
SELIGSON,5
SELIM,5
SELIN,5
SELING,5
SELINGER,5
SELIS,5
SELISKI,5
SELISSEN,5
SELITTO,5
SELK,5
SELKE,5
SELKEY,5
SELKING,5
SELKIRK,5
SELL,30
SELLA,5
SELLAI,5
SELLAR,5
SELLARDS,5
SELLARS,20
SELLBERG,5
SELLE,5
SELLECK,10
SELLEK,5
SELLEN,5
SELLER,5
SELLERS,170
SELLEY,5
SELLICK,5
SELLIN,5
SELLINGER,5
SELLMAN,10
SELLMEYER,5
SELLNER,10
SELLS,30
SELMA,5
SELMAN,10
SELMER,5
SELMON,5
SELNES,5
SELOVER,5
SELPH,10
SELSER,5
SELSOR,5
SELTRECHT,5
SELTZ,5
SELTZEN,5
SELTZER,10
SELUSI,5
SELVA,5
SELVAGE,10
SELVAGGI,5
SELVAGGIO,5
SELVERA,5
SELVESTER,5
SELVEY,5
SELVIDGE,10
SELVIG,5
SELVY,5
SELWAY,5
SELZ,5
SELZER,10
SELZLER,5
SEMAAN,5
SEMAN,10
SEMANS,5
SEMAS,5
SEMASKO,5
SEMBER,5
SEMBLER,5
SEMBRAT,5
SEMEL,5
SEMEN,5
SEMENEC,5
SEMENICK,5
SEMENTILLI,5
SEMENZA,5
SEMETARA,5
SEMIDEY,5
SEMIEN,5
SEMINARIO,5
SEMINOLE,5
SEMKE,5
SEMLER,5
SEMMEL,5
SEMMENS,5
SEMMES,10
SEMMLER,5
SEMO,5
SEMON,10
SEMONE,5
SEMONES,5
SEMONICK,5
SEMONIS,5
SEMONS,5
SEMPEK,5
SEMPER,5
SEMPERTEGUI,5
SEMPLE,10
SEMPRINI,5
SEMRAD,5
SEMRAU,5
SEMSEM,5
SEN,5
SENA,30
SENATE,5
SENATO,5
SENATORE,5
SENAVANH,5
SENAY,5
SENCABAUGH,5
SENDEJO,5
SENDER,5
SENDERLING,5
SENDRA,5
SENDRO,5
SENECA,5
SENECAL,10
SENECHAL,5
SENEGAL,5
SENEKER,5
SENEMOUNNARAT,5
SENERCHIA,5
SENESE,5
SENESENES,5
SENETHAVILOUK,5
SENEY,5
SENF,5
SENFF,5
SENFT,5
SENG,20
SENGBUSCH,5
SENGER,10
SENGSTOCK,5
SENGUN,5
SENGUPTA,5
SENGVILAY,5
SENICH,5
SENIFF,5
SENION,5
SENIOR,10
SENK,5
SENKO,5
SENN,20
SENNA,5
SENNE,5
SENNEKER,5
SENNER,5
SENNETT,5
SENNO,5
SENNOTT,5
SENOSK,5
SENS,5
SENSABAUGH,10
SENSEL,5
SENSEMAN,5
SENSENBACH,5
SENSENBRENNER,5
SENSENEY,5
SENSENIG,5
SENSIBAUGH,5
SENSING,5
SENSKE,5
SENSMEIER,5
SENSOR,5
SENST,5
SENTA,5
SENTELL,5
SENTENO,5
SENTER,10
SENTERS,10
SENTI,5
SENTINELLA,5
SENTZ,5
SENZ,5
SEO,10
SEP,5
SEPE,10
SEPEDA,5
SEPER,5
SEPHTON,5
SEPHUS,5
SEPICH,5
SEPPA,5
SEPPALA,5
SEPPANEN,5
SEPPELT,5
SEPPI,5
SEPT,5
SEPTELKA,5
SEPTER,5
SEPTON,5
SEPULBEDA,5
SEPULUEDA,5
SEPULVADO,5
SEPULVEDA,40
SEPVLIEDA,5
SEQUEIRA,10
SEQUIN,5
SEQURA,5
SER,5
SERA,10
SERABIA,5
SERAFIN,10
SERAFINE,5
SERAFINI,5
SERAFINO,5
SERAILLE,5
SERAIVA,5
SERANDOS,5
SERANO,5
SERAPIO,5
SERAPION,5
SERASIO,5
SERATT,5
SERATTI,5
SERB,5
SERBAN,5
SERBUS,5
SERCOVICH,5
SERDA,5
SERDULA,5
SEREDA,5
SEREMET,5
SERENA,5
SERENE,5
SERENIL,5
SERENO,5
SERENS,5
SERES,5
SEREY,5
SERFASS,5
SERFLING,5
SERFOSS,5
SERGE,5
SERGEANT,5
SERGENT,10
SERGI,5
SERGIO,5
SERGOVIA,5
SERIANNI,5
SERICE,5
SERIE,5
SERIGHT,5
SERING,5
SERINI,5
SERINO,5
SERIO,10
SERISKY,5
SERL,5
SERLES,5
SERMANIA,5
SERMENO,5
SERMERSHEIM,5
SERMON,5
SERMONS,10
SERNA,50
SERNAS,5
SERO,5
SEROKA,5
SERPA,10
SERPAS,5
SERPE,5
SERPICO,5
SERR,5
SERRA,20
SERRAMO,5
SERRAND,5
SERRANO,180
SERRANT,5
SERRAO,5
SERRATA,5
SERRATO,20
SERRATORE,5
SERRATOS,5
SERRAVALLI,5
SERRE,5
SERRELL,5
SERRES,5
SERRET,5
SERRETT,5
SERRIN,5
SERRO,5
SERS,5
SERSEN,5
SERT,5
SERTUCHE,5
SERUM,5
SERVA,5
SERVAIS,10
SERVAN,5
SERVANO,5
SERVANT,5
SERVANTES,10
SERVANTEZ,5
SERVATIUS,5
SERVE,5
SERVEDIO,5
SERVELLO,5
SERVEN,5
SERVER,5
SERVEY,5
SERVI,5
SERVICE,10
SERVIDIO,5
SERVILLE,5
SERVIN,10
SERVINO,5
SERVIS,5
SERVISS,5
SERVOSS,5
SERYAK,5
SESAREO,5
SESAY,5
SESCO,10
SESKO,5
SESLER,5
SESLEY,5
SESMA,5
SESPINOSA,5
SESSA,5
SESSER,5
SESSIN,5
SESSION,10
SESSIONS,30
SESSLER,5
SESSO,5
SESSOM,5
SESSOMS,20
SESSUM,5
SESSUMS,10
SESTER,5
SESTOSO,5
SETA,5
SETARO,5
SETCHELL,5
SETERA,5
SETH,10
SETHER,5
SETHI,5
SETI,5
SETIAS,5
SETLAK,5
SETLER,5
SETLIFF,10
SETLOCK,5
SETO,10
SETON,5
SETSER,10
SETTE,5
SETTECASE,5
SETTER,5
SETTERBERG,5
SETTERLAND,5
SETTERS,5
SETTIMO,5
SETTING,5
SETTINO,5
SETTLE,30
SETTLEMIRE,5
SETTLEMIRES,5
SETTLEMYRE,5
SETTLER,5
SETTLES,30
SETTON,5
SETTY,5
SETZER,20
SETZLER,5
SEU,5
SEUBERT,5
SEUELL,5
SEUFER,5
SEUFERT,5
SEUMANU,5
SEUNG,5
SEURER,5
SEUSS,5
SEUTTER,5
SEVAAETASI,5
SEVADJIAN,5
SEVCIK,5
SEVEDGE,5
SEVENBERGEN,5
SEVENEY,5
SEVER,10
SEVERA,5
SEVERANCE,10
SEVERE,10
SEVERI,5
SEVERIN,10
SEVERINO,10
SEVERN,5
SEVERNS,10
SEVERO,5
SEVERS,10
SEVERSON,30
SEVERT,10
SEVERTSON,5
SEVERY,5
SEVERYN,5
SEVEY,5
SEVICK,5
SEVIER,10
SEVIGNY,10
SEVILLA,20
SEVILLANO,5
SEVILLE,5
SEVIN,10
SEVY,5
SEWADE,5
SEWALD,5
SEWALL,5
SEWARD,50
SEWEALL,5
SEWELL,100
SEWER,5
SEWESTER,5
SEWYERD,5
SEXAUER,5
SEXSON,5
SEXTON,170
SEY,5
SEYAL,5
SEYB,5
SEYBERT,10
SEYBOLD,5
SEYDEL,5
SEYER,5
SEYFARTH,5
SEYFERT,5
SEYFRIED,5
SEYKORA,5
SEYKOSKI,5
SEYLER,10
SEYLLER,5
SEYMER,5
SEYMOR,5
SEYMORE,30
SEYMOUR,110
SEYMOURE,5
SEYS,5
SFATCU,5
SFERA,5
SFERRA,5
SFERRAZZA,5
SFORZA,5
SGAMBATI,5
SGAMMATO,5
SGRIGNOLI,5
SGRO,5
SGROI,5
SGUEGLIA,5
SHA,5
SHAAK,5
SHABALA,5
SHABAN,5
SHABAZZ,10
SHABEL,5
SHABEN,5
SHABOT,5
SHACK,5
SHACKELFORD,40
SHACKELTON,5
SHACKETT,5
SHACKFORD,5
SHACKLE,5
SHACKLEFORD,10
SHACKLETON,5
SHACKLETT,5
SHACKLEY,5
SHAD,5
SHADAZZ,5
SHADBURN,5
SHADD,5
SHADDEN,5
SHADDING,5
SHADDIX,10
SHADDOCK,5
SHADDOX,5
SHADDUCK,5
SHADE,40
SHADER,5
SHADFAR,5
SHADIACK,5
SHADID,5
SHADIX,5
SHADLE,10
SHADLER,5
SHADLEY,5
SHADOAN,5
SHADOW,5
SHADOWENS,5
SHADRICK,10
SHADWELL,5
SHADWICK,10
SHADY,5
SHAE,5
SHAEFER,5
SHAEFFER,10
SHAER,5
SHAFE,5
SHAFER,100
SHAFF,5
SHAFFEN,5
SHAFFER,210
SHAFFNER,5
SHAFFREN,5
SHAFFSTALL,5
SHAFI,5
SHAFRAN,5
SHAFTIC,5
SHAFTO,5
SHAGGY,5
SHAGINAW,5
SHAH,60
SHAHAN,10
SHAHBAZ,5
SHAHEED,5
SHAHEEN,5
SHAHID,5
SHAHIM,5
SHAHIN,5
SHAHINFAR,5
SHAHINIAN,5
SHAIKH,5
SHAIN,10
SHAKE,10
SHAKER,5
SHAKESPEAR,5
SHAKESPEARE,5
SHAKIN,5
SHAKIR,5
SHAKLEE,5
SHAKOOR,5
SHALA,5
SHALAM,5
SHALASH,5
SHALHOUB,5
SHALHOUP,5
SHALINE,5
SHALL,5
SHALLA,5
SHALLCROSS,5
SHALLENBERGER,5
SHALLOW,5
SHALWANI,5
SHAM,5
SHAMAPANDE,5
SHAMAS,5
SHAMBAUGH,5
SHAMBLEY,5
SHAMBLIN,10
SHAMBO,5
SHAMBROOK,5
SHAMBURG,5
SHAMBURGER,5
SHAMEL,5
SHAMES,5
SHAMI,5
SHAMILY,5
SHAMIR,5
SHAMLIN,5
SHAMMAA,5
SHAMMAH,5
SHAMMO,5
SHAMONSKY,5
SHAMP,5
SHAMPINE,5
SHAMS,5
SHAMSI,5
SHAMSIDDEEN,5
SHAN,5
SHANAA,5
SHANAFELT,5
SHANAHAN,20
SHANBERG,5
SHAND,10
SHANDLEY,5
SHANDRO,5
SHANDS,5
SHANDY,5
SHANE,20
SHANER,20
SHANEYFELT,5
SHANGRAW,5
SHANHOLTZ,5
SHANHOLTZER,5
SHANI,5
SHANK,40
SHANKER,5
SHANKIN,5
SHANKLAND,5
SHANKLE,20
SHANKLES,5
SHANKLIN,20
SHANKMAN,5
SHANKS,50
SHANLEY,10
SHANNA,5
SHANNO,5
SHANNON,170
SHANNONHOUSE,5
SHANON,5
SHANOR,5
SHANSKY,5
SHANTZ,5
SHAO,5
SHAPARD,5
SHAPE,5
SHAPER,5
SHAPERO,5
SHAPIN,5
SHAPINO,5
SHAPIRO,70
SHAPLEIGH,5
SHAPLEY,5
SHAPOURI,5
SHAPPARD,5
SHAPPELL,5
SHAPPEN,5
SHAPPY,5
SHAPSKINSKY,5
SHARABI,5
SHARAR,5
SHARBER,10
SHARBONO,5
SHARE,5
SHAREEF,5
SHARER,10
SHARF,5
SHARIAT,5
SHARICK,5
SHARIF,5
SHARIFF,5
SHARIFI,5
SHARITS,5
SHARK,5
SHARKEY,30
SHARKO,5
SHARLEY,5
SHARLIN,5
SHARLOW,5
SHARMA,20
SHARMAN,5
SHARON,10
SHARP,330
SHARPE,130
SHARPER,10
SHARPERSON,5
SHARPES,5
SHARPEY,5
SHARPLES,5
SHARPLESS,10
SHARPLEY,5
SHARPLIN,5
SHARPNACK,5
SHARPS,5
SHARPSTEEN,5
SHARPTON,10
SHARR,5
SHARRAI,5
SHARRAR,5
SHARRARD,5
SHARRATT,5
SHARRER,5
SHARRETT,5
SHARRIEFF,5
SHARROCK,5
SHARRON,5
SHARROW,10
SHARTLE,5
SHARTRAND,5
SHARUM,5
SHARY,5
SHASKE,5
SHASKY,5
SHASTEEN,5
SHASTRI,5
SHATEK,5
SHATLEY,10
SHATRAU,5
SHATSWELL,5
SHATT,5
SHATTLES,5
SHATTO,5
SHATTUCK,20
SHATZ,5
SHATZER,10
SHAU,5
SHAUB,5
SHAUD,5
SHAUER,5
SHAUF,5
SHAUGER,5
SHAUGHNESSY,10
SHAUL,10
SHAULIS,5
SHAULL,5
SHAVE,5
SHAVER,70
SHAVERS,10
SHAW,650
SHAWAIKI,5
SHAWBER,5
SHAWCROFT,5
SHAWE,5
SHAWGO,5
SHAWHAN,5
SHAWL,5
SHAWLER,5
SHAWLEY,5
SHAWN,5
SHAWNEE,5
SHAWVER,10
SHAY,30
SHAYNE,5
SHAZIER,5
SHBI,5
SHEA,120
SHEAD,10
SHEAFF,5
SHEAFFER,10
SHEAHAN,10
SHEAKLEY,5
SHEAKS,5
SHEALEY,10
SHEALY,20
SHEAMAN,5
SHEAN,5
SHEAR,10
SHEARD,10
SHEARER,60
SHEARES,5
SHEARHART,5
SHEARIER,5
SHEARIN,10
SHEARING,5
SHEARMAN,5
SHEARN,5
SHEARON,5
SHEARS,20
SHEASBY,5
SHEATS,10
SHEBBY,5
SHEBCHUK,5
SHECK,5
SHECKLER,10
SHECKLES,5
SHED,5
SHEDD,20
SHEDDEN,5
SHEDLOCK,5
SHEDRICK,5
SHEEDER,5
SHEEDY,10
SHEEHAN,90
SHEEHY,10
SHEEKEY,5
SHEEKS,5
SHEELER,5
SHEELEY,10
SHEELY,10
SHEEN,10
SHEER,5
SHEERAN,10
SHEERER,5
SHEERIN,5
SHEESLEY,5
SHEETS,70
SHEETZ,10
SHEFF,5
SHEFFEL,5
SHEFFER,10
SHEFFEY,5
SHEFFIELD,90
SHEFFLER,5
SHEFFO,5
SHEFTALL,5
SHEFTE,5
SHEHAB,5
SHEHAN,10
SHEHANE,5
SHEHATA,5
SHEHEE,5
SHEHORN,5
SHEIDLER,5
SHEIKH,5
SHEIL,5
SHEILD,5
SHEILDS,10
SHEIN,5
SHEINBEIN,5
SHEINBERG,5
SHEINGOLD,5
SHEIRICH,5
SHEIVE,5
SHEKARCHI,5
SHEKELS,5
SHEKEY,5
SHELADIA,5
SHELBURN,5
SHELBURNE,5
SHELBY,50
SHELDEN,5
SHELDON,70
SHELDRICK,5
SHELDRUP,5
SHELENBERGER,5
SHELER,5
SHELEY,10
SHELHAMER,5
SHELHORSE,5
SHELINE,5
SHELITE,5
SHELKO,5
SHELKOFF,5
SHELL,50
SHELLABARGER,5
SHELLENBARGER,10
SHELLENBERGER,10
SHELLER,10
SHELLEY,50
SHELLGREN,5
SHELLHAAS,5
SHELLHAMER,5
SHELLHAMMER,5
SHELLHORN,5
SHELLING,5
SHELLITO,5
SHELLMAN,10
SHELLNUT,5
SHELLS,5
SHELLUM,5
SHELLY,30
SHELMAN,5
SHELMON,5
SHELNUTT,5
SHELOR,10
SHELP,5
SHELPMAN,5
SHELQUIST,5
SHELSTAD,5
SHELSY,5
SHELTER,5
SHELTON,390
SHELTRA,5
SHELTROWN,5
SHELVEY,5
SHELVIN,5
SHELVY,5
SHELY,5
SHEMAN,5
SHEMANSKI,5
SHEMPER,5
SHEMPERT,5
SHEMWELL,5
SHEN,10
SHENASSA,5
SHENBERGER,5
SHENE,5
SHENEFIELD,5
SHENEMAN,5
SHENG,5
SHENK,10
SHENKEL,5
SHENKER,5
SHENKLE,5
SHENKMAN,5
SHENTON,5
SHEPARD,150
SHEPARDSON,10
SHEPEARD,5
SHEPERD,10
SHEPHARD,30
SHEPHEARD,5
SHEPHERD,210
SHEPLER,10
SHEPLEY,10
SHEPP,5
SHEPPARD,170
SHEPPERD,5
SHEPPERDSON,5
SHEPPERSON,5
SHEPPS,5
SHER,10
SHERARD,5
SHERBERT,5
SHERBO,5
SHERBON,5
SHERBONDY,5
SHERBURN,5
SHERBURNE,10
SHERDON,5
SHERE,5
SHERER,20
SHERFEY,5
SHERFIELD,5
SHERFY,5
SHERICK,5
SHERIDAN,80
SHERIDON,5
SHERIEF,5
SHERIF,5
SHERIFF,10
SHERILL,5
SHERK,5
SHERLE,5
SHERLES,5
SHERLEY,5
SHERLIN,5
SHERLING,5
SHERLOCK,20
SHERMAN,270
SHERMER,5
SHERN,5
SHEROAN,5
SHEROD,5
SHEROW,5
SHERR,5
SHERRADEN,5
SHERRANGE,5
SHERRARD,10
SHERRATT,5
SHERRELL,10
SHERREN,5
SHERRER,10
SHERRETTS,5
SHERRICK,10
SHERRIL,5
SHERRILL,60
SHERRIN,5
SHERROCK,5
SHERROD,50
SHERRON,10
SHERROW,5
SHERRY,30
SHERS,5
SHERTZER,5
SHERVILLE,5
SHERWIN,10
SHERWOOD,70
SHESKEY,5
SHESTON,5
SHETH,5
SHETLAR,5
SHETLER,10
SHETLEY,5
SHETRAWSKI,5
SHETRONE,5
SHETTER,5
SHETTERLY,5
SHETTLE,5
SHETTLEROE,5
SHETTSLINE,5
SHETZ,5
SHEU,5
SHEUMAKER,5
SHEVENELL,5
SHEVITZ,5
SHEVLIN,10
SHEW,10
SHEWARD,5
SHEWBRIDGE,5
SHEWCHUK,5
SHEWMAKE,5
SHEWMAKER,10
SHEY,5
SHI,5
SHIBA,5
SHIBAHARA,5
SHIBATA,10
SHIBI,5
SHIBLES,5
SHIBLEY,5
SHIBUYA,5
SHICK,10
SHIDEL,5
SHIDELER,5
SHIDEMANTLE,5
SHIDER,5
SHIDLER,5
SHIDO,5
SHIEH,5
SHIEL,5
SHIELD,10
SHIELDS,200
SHIELS,5
SHIER,10
SHIERLING,5
SHIERS,5
SHIEVER,5
SHIFFER,10
SHIFFERD,5
SHIFFLER,5
SHIFFLET,5
SHIFFLETT,30
SHIFFLETTE,5
SHIFLET,10
SHIFLETT,10
SHIFLEY,5
SHIFMAN,5
SHIFRIN,5
SHIGEMATSU,5
SHIGEMI,5
SHIGEMITSU,5
SHIGETA,5
SHIGLEY,5
SHIGO,5
SHIH,10
SHIHADEH,5
SHIIBA,5
SHIIGI,5
SHIKE,5
SHIKLES,5
SHIKUMA,5
SHILDNECK,5
SHILEY,5
SHILIATA,5
SHILKUSKI,5
SHILL,5
SHILLEH,5
SHILLER,5
SHILLING,20
SHILLINGBURG,5
SHILLINGER,5
SHILLINGFORD,5
SHILLINGS,10
SHILLINGSFORD,5
SHILLITO,5
SHILO,5
SHILOH,5
SHILT,5
SHILTS,5
SHIM,10
SHIMA,5
SHIMABUKURO,5
SHIMADA,5
SHIMANUKI,5
SHIMAOKA,5
SHIMASAKI,5
SHIMEK,5
SHIMER,10
SHIMINSKI,5
SHIMIZU,10
SHIMKO,5
SHIMKUS,5
SHIMMEL,5
SHIMMIN,5
SHIMO,5
SHIMOMURA,5
SHIMON,5
SHIMONISHI,5
SHIMP,10
SHIMSHAK,5
SHIMSKY,5
SHIMURA,5
SHIN,40
SHINA,5
SHINABARGER,5
SHINABERRY,5
SHINABERY,5
SHINALL,5
SHINAULT,10
SHINDEL,5
SHINDLE,5
SHINDLEDECKER,5
SHINDLER,5
SHINDO,5
SHINDORF,5
SHINE,20
SHINER,10
SHINES,5
SHINGLEDECKER,5
SHINGLER,5
SHINGLES,5
SHINGLETON,10
SHINGLEUR,5
SHINHOLSTER,5
SHININGER,5
SHINKEL,5
SHINKLE,10
SHINKO,5
SHINN,40
SHINNERS,5
SHINNEY,5
SHINNICK,5
SHINODA,5
SHINSEL,5
SHINSKY,5
SHINTAKU,5
SHINTANI,5
SHIP,5
SHIPE,20
SHIPES,5
SHIPLER,5
SHIPLET,5
SHIPLETT,5
SHIPLEY,70
SHIPMAN,70
SHIPMEN,5
SHIPP,60
SHIPPEE,10
SHIPPEN,5
SHIPPER,5
SHIPPEY,5
SHIPPS,5
SHIPPY,10
SHIPTON,10
SHIPWASH,5
SHIRA,5
SHIRAH,5
SHIRAI,5
SHIRAISHI,5
SHIRAKAWA,5
SHIRAKI,5
SHIRAR,5
SHIRD,5
SHIRE,10
SHIREMAN,5
SHIRER,5
SHIRES,10
SHIREY,20
SHIRILLA,5
SHIRING,5
SHIRK,20
SHIRKEY,5
SHIRLEY,120
SHIRO,5
SHIROMA,5
SHIROTA,5
SHIRTS,5
SHIRVANIAN,5
SHISHIDO,5
SHISILA,5
SHISLER,10
SHIU,5
SHIVE,10
SHIVEL,5
SHIVELY,30
SHIVER,20
SHIVERDECKER,5
SHIVERS,30
SHIVES,10
SHIVLEY,5
SHIVY,5
SHIYOU,5
SHKRELI,5
SHMIDT,5
SHOAF,10
SHOAFF,5
SHOALS,5
SHOAT,5
SHOATS,5
SHOBE,5
SHOBER,5
SHOCK,10
SHOCKENCY,5
SHOCKEY,20
SHOCKLEY,60
SHODDIE,5
SHODUNKE,5
SHOE,10
SHOEMAKE,20
SHOEMAKER,110
SHOEMAN,5
SHOEMATE,5
SHOEN,5
SHOENBERGER,5
SHOENER,5
SHOFESTALL,5
SHOFF,5
SHOFFNER,20
SHOFFSTALL,5
SHOFNER,10
SHOGER,5
SHOGREN,5
SHOJI,5
SHOLAR,10
SHOLDERS,5
SHOLES,10
SHOLETTE,5
SHOLL,5
SHOLLENBARGER,5
SHOLLENBERGER,5
SHOLLER,5
SHOLTIS,5
SHOLTY,5
SHOMAKER,5
SHOMAN,5
SHOMER,5
SHOMIN,5
SHOMO,5
SHON,5
SHONE,5
SHONERD,5
SHONES,5
SHONGO,5
SHONK,5
SHONKA,5
SHONKWILER,5
SHONT,5
SHONTS,5
SHONTZ,5
SHOOBRIDGE,5
SHOOK,80
SHOOP,20
SHOOPMAN,5
SHOPBELL,5
SHOPE,10
SHOPEN,5
SHOPP,5
SHOPTAW,5
SHOR,10
SHORB,5
SHORE,30
SHORES,30
SHORETTE,5
SHOREY,10
SHORKEY,5
SHORR,5
SHORROCK,5
SHORT,210
SHORTELL,5
SHORTEN,5
SHORTER,40
SHORTES,5
SHORTEY,5
SHORTHAIR,5
SHORTINO,5
SHORTLE,5
SHORTNACY,5
SHORTRIDGE,10
SHORTS,10
SHORTSLEEVE,5
SHORTT,10
SHORTY,5
SHOST,5
SHOSTAK,5
SHOTKOSKI,5
SHOTO,5
SHOTT,5
SHOTTON,5
SHOTTS,5
SHOTWELL,10
SHOUGH,5
SHOULARS,5
SHOULDER,5
SHOULDERS,10
SHOULDICE,5
SHOULTA,5
SHOULTS,10
SHOULTZ,5
SHOUMAKER,5
SHOUN,5
SHOUP,20
SHOUPE,5
SHOUSE,20
SHOUTS,5
SHOVE,5
SHOVER,10
SHOVLIN,5
SHOW,5
SHOWALTER,20
SHOWDEN,5
SHOWE,5
SHOWELL,5
SHOWEN,5
SHOWERS,20
SHOWES,5
SHOWMAN,10
SHOWN,5
SHOWS,10
SHOYER,5
SHRADER,30
SHRAKE,5
SHRAMEK,5
SHRAWDER,5
SHRECK,5
SHRECKENGOST,5
SHREEVE,5
SHREEVES,5
SHREFFLER,10
SHREFLER,5
SHREINER,5
SHREN,5
SHREVE,20
SHREVES,5
SHREWSBERRY,5
SHREWSBURY,10
SHRIDER,5
SHRIER,5
SHRIEVES,5
SHRIGLEY,5
SHRIMPLIN,5
SHRINER,10
SHRIVER,20
SHROCK,5
SHRODE,5
SHROEDER,5
SHROFF,5
SHROLL,5
SHROPSHIRE,20
SHROUT,10
SHROYER,10
SHRUM,20
SHRY,5
SHRYACK,5
SHRYER,5
SHRYOCK,10
SHU,5
SHUART,5
SHUB,5
SHUBECK,5
SHUBERT,20
SHUBIN,5
SHUBOV,5
SHUBRICK,5
SHUBROOKS,5
SHUCK,10
SHUCKHART,5
SHUE,10
SHUECRAFT,5
SHUEMAKER,5
SHUEY,10
SHUFELT,10
SHUFF,10
SHUFFIELD,5
SHUFFLEBARGER,5
SHUFFLEBURG,5
SHUFFLER,10
SHUFFORD,5
SHUFFSTALL,5
SHUFORD,10
SHUGA,5
SHUGARS,5
SHUGART,10
SHUGRUE,5
SHUHI,5
SHUKER,5
SHUKERT,5
SHUKLA,5
SHULA,5
SHULAR,5
SHULDA,5
SHULENBERGER,5
SHULER,50
SHULICK,5
SHULL,40
SHULLICK,5
SHULMAN,10
SHULSE,5
SHULT,5
SHULTE,5
SHULTHESS,5
SHULTIS,10
SHULTS,20
SHULTZ,70
SHULUND,5
SHULZ,5
SHUM,5
SHUMAKE,10
SHUMAKER,30
SHUMAN,30
SHUMARD,5
SHUMATE,30
SHUMAY,5
SHUMILOFF,5
SHUMMON,5
SHUMOCK,5
SHUMPERT,10
SHUMSKI,5
SHUMSKY,5
SHUMWAY,20
SHUNK,10
SHUNNARAH,5
SHUPE,20
SHUPERT,5
SHUPING,5
SHUPP,5
SHUPTRINE,5
SHUR,5
SHURAK,5
SHURE,5
SHURGOT,5
SHURKUS,5
SHURLEY,5
SHURMAN,5
SHURR,5
SHURTLEFF,10
SHURTLIFF,5
SHURTS,5
SHURTZ,10
SHUSKEY,5
SHUSTA,5
SHUSTER,20
SHUSTERMAN,5
SHUTE,10
SHUTER,5
SHUTES,5
SHUTLER,5
SHUTT,20
SHUTTE,5
SHUTTER,5
SHUTTERS,5
SHUTTLESWORTH,5
SHUTTLEWORTH,10
SHUTTS,10
SHUTTY,5
SHVEY,5
SHWAB,5
SHY,10
SHYBUT,5
SHYMSKE,5
SHYNE,5
SHYU,5
SI,5
SIA,5
SIAD,5
SIALANA,5
SIAMI,5
SIANEZ,5
SIANGCO,5
SIANO,5
SIAPERAS,5
SIAR,5
SIAS,10
SIBAL,5
SIBAYAN,5
SIBBALD,5
SIBBETT,5
SIBBLE,5
SIBEL,5
SIBELL,5
SIBERT,10
SIBETO,5
SIBGERT,5
SIBILIA,5
SIBILIO,5
SIBILLE,5
SIBLE,5
SIBLEY,40
SIBOUNMA,5
SIBREL,5
SIBRIAN,5
SIBURT,5
SIC,5
SICA,10
SICARD,10
SICARI,5
SICHEL,5
SICHENEDER,5
SICHLER,5
SICHTA,5
SICHTING,5
SICILIA,5
SICILIAN,5
SICILIANO,10
SICINSKI,5
SICK,5
SICKAFOOSE,5
SICKEL,5
SICKELS,10
SICKENDICK,5
SICKINGER,5
SICKLE,5
SICKLER,10
SICKLES,10
SICKMAN,5
SICKMEIR,5
SICKS,5
SICOLA,5
SICOTTE,5
SICURELLA,5
SIDA,5
SIDBERRY,5
SIDBURY,5
SIDDALL,5
SIDDELL,5
SIDDENS,5
SIDDIQ,5
SIDDIQI,5
SIDDIQUE,5
SIDDIQUI,10
SIDDLE,5
SIDDON,5
SIDDONS,5
SIDDOWAY,5
SIDE,5
SIDEBOTTOM,5
SIDELINGER,5
SIDELL,5
SIDEMAN,5
SIDENER,5
SIDER,5
SIDERINE,5
SIDERIS,5
SIDERMAN,5
SIDERS,10
SIDES,30
SIDHOM,5
SIDHU,10
SIDI,5
SIDLE,5
SIDLER,5
SIDLES,5
SIDLEY,5
SIDMAN,5
SIDNEY,10
SIDOR,5
SIDOROWICZ,5
SIDOTI,5
SIDUR,5
SIDWELL,10
SIEBE,5
SIEBEL,5
SIEBEN,10
SIEBENALER,5
SIEBENBERG,5
SIEBENECK,5
SIEBENS,5
SIEBENTHAL,5
SIEBER,10
SIEBERG,5
SIEBERS,5
SIEBERT,20
SIEBOLD,5
SIECK,5
SIECZKA,5
SIECZKOWSKI,5
SIEDEL,5
SIEDLECKI,5
SIEDLIK,5
SIEDNER,5
SIEFERT,10
SIEFFERMAN,5
SIEFKE,5
SIEFKEN,5
SIEFKER,5
SIEFKES,5
SIEG,10
SIEGAL,5
SIEGEL,70
SIEGER,5
SIEGERS,5
SIEGERT,5
SIEGFREID,5
SIEGFRIED,10
SIEGLE,10
SIEGLER,5
SIEGMUND,5
SIEGRIST,10
SIEGWARTH,5
SIEJA,5
SIEKER,5
SIELAFF,5
SIELER,5
SIELIGOWSKI,5
SIELOFF,5
SIELSKI,5
SIEM,5
SIEMBIDA,5
SIEMEK,5
SIEMENS,10
SIEMER,5
SIEMERING,5
SIEMERS,5
SIEMINSKI,5
SIEMON,5
SIEMONSMA,5
SIEMS,10
SIEMSEN,5
SIEN,5
SIENA,5
SIENICKI,5
SIENKIEWICZ,5
SIENKO,5
SIEPKER,5
SIER,5
SIERACKI,5
SIERADSKI,5
SIEREN,5
SIERER,5
SIERING,5
SIERRA,70
SIERRAS,5
SIERS,5
SIERT,5
SIERZENGA,5
SIETSEMA,5
SIETSMA,5
SIETZ,5
SIEVE,5
SIEVEL,5
SIEVER,5
SIEVERDING,5
SIEVERS,20
SIEVERSON,5
SIEVERT,10
SIEVERTSEN,5
SIEVING,5
SIEW,5
SIEWERS,5
SIEWERT,10
SIFERS,5
SIFFERT,5
SIFFORD,10
SIFONTES,5
SIFORD,5
SIFRE,5
SIFUENTES,10
SIGAFOOS,5
SIGAFUS,5
SIGALA,10
SIGARS,5
SIGEL,10
SIGERS,5
SIGG,5
SIGGERS,10
SIGGINS,5
SIGLAR,5
SIGLER,40
SIGLEY,5
SIGLIN,5
SIGLOW,5
SIGMAN,10
SIGMON,20
SIGMOND,5
SIGMUND,10
SIGNAIGO,5
SIGNOR,5
SIGNORE,5
SIGNORELLI,10
SIGNORILE,5
SIGNORINO,5
SIGNS,5
SIGONA,5
SIGRIST,5
SIGUENZA,5
SIGURDSON,5
SIGWART,5
SIGWORTH,5
SIKANDER,5
SIKARSKIE,5
SIKAT,5
SIKEL,5
SIKER,5
SIKES,50
SIKET,5
SIKKEMA,5
SIKKILA,5
SIKKINK,5
SIKORA,20
SIKORRA,5
SIKORSKI,10
SIKULA,5
SIL,5
SILACCI,5
SILAGO,5
SILAGY,5
SILANO,5
SILAO,5
SILAS,20
SILBAUGH,5
SILBER,10
SILBERBERG,5
SILBERG,5
SILBERHORN,5
SILBERMAN,10
SILBERNAGEL,5
SILBERSTEIN,5
SILBERT,5
SILBIGER,5
SILCOTT,5
SILCOX,10
SILENCE,5
SILEO,5
SILER,40
SILERIO,5
SILES,5
SILEVINAC,5
SILFIES,5
SILGUERO,5
SILHA,5
SILIADO,5
SILIEZAR,5
SILIS,5
SILK,10
SILKENSON,5
SILKER,5
SILKWOOD,5
SILL,10
SILLA,5
SILLAS,5
SILLAVAN,5
SILLEMAN,5
SILLER,10
SILLERY,5
SILLETTO,5
SILLIMAN,5
SILLITOE,5
SILLITTI,5
SILLMAN,5
SILLOWAY,5
SILLS,30
SILMAN,5
SILMON,5
SILOS,5
SILOVICH,5
SILQUERO,5
SILSBEE,5
SILSBY,5
SILTMAN,5
SILTON,5
SILUIS,5
SILVA,420
SILVAGGIO,5
SILVAN,5
SILVANO,5
SILVAS,20
SILVEIRA,20
SILVER,90
SILVERA,10
SILVERBERG,10
SILVERHORN,5
SILVERI,5
SILVERIA,5
SILVERIO,5
SILVERMAN,50
SILVERNAIL,10
SILVERNALE,5
SILVERNESS,5
SILVERS,30
SILVERSMITH,5
SILVERSTEIN,20
SILVERSTONE,5
SILVERTHORN,5
SILVERTHORNE,5
SILVERTOOTH,5
SILVERWOOD,5
SILVESTER,10
SILVESTRE,10
SILVESTRI,10
SILVESTRINI,5
SILVESTRO,5
SILVEY,20
SILVI,5
SILVIA,30
SILVIO,5
SILVIS,10
SILVIUS,5
SIM,20
SIMA,5
SIMANK,5
SIMAO,5
SIMAR,5
SIMARD,10
SIMAS,10
SIMBECK,5
SIMCHECK,5
SIMCIC,5
SIMCO,5
SIMCOCK,5
SIMCOE,5
SIMCOX,10
SIME,5
SIMEK,10
SIMELTON,5
SIMENEZ,5
SIMENS,5
SIMENSKY,5
SIMENSON,5
SIMENTAL,10
SIMEON,10
SIMEONA,5
SIMEONE,10
SIMER,5
SIMERLY,5
SIMERS,5
SIMERSON,5
SIMES,5
SIMI,5
SIMICH,5
SIMIEN,5
SIMILA,5
SIMILIEN,5
SIMILTON,5
SIMINGTON,5
SIMINO,5
SIMINSKI,5
SIMISKEY,5
SIMISON,5
SIMISTER,5
SIMITIAN,5
SIMKIN,5
SIMKINS,10
SIMKO,5
SIMKOWITZ,5
SIMKULET,5
SIMLER,5
SIMLEY,5
SIMLICK,5
SIMM,5
SIMMELINK,5
SIMMENS,5
SIMMER,5
SIMMERING,5
SIMMERMAN,10
SIMMERS,10
SIMMES,5
SIMMIONS,5
SIMMOMS,5
SIMMON,20
SIMMOND,5
SIMMONDS,10
SIMMONEAU,5
SIMMONS,910
SIMMS,110
SIMO,5
SIMOENS,5
SIMOES,10
SIMOKAT,5
SIMON,260
SIMONCINI,5
SIMONDS,20
SIMONE,30
SIMONEAU,10
SIMONEAUX,10
SIMONEAVD,5
SIMONELLI,5
SIMONET,5
SIMONETT,5
SIMONETTA,5
SIMONETTI,10
SIMONETTY,5
SIMONI,5
SIMONIAN,5
SIMONIELLO,5
SIMONIN,5
SIMONIS,5
SIMONS,90
SIMONSEN,10
SIMONSON,30
SIMONTON,10
SIMOR,5
SIMOSON,5
SIMPELO,5
SIMPER,5
SIMPERS,5
SIMPKIN,5
SIMPKINS,50
SIMPLE,5
SIMPLER,5
SIMPLICIANO,5
SIMPLOT,5
SIMPON,5
SIMPSON,700
SIMPTON,5
SIMRIL,5
SIMS,520
SIMSER,5
SIMSON,5
SIMUEL,5
SIMUNEK,5
SIMUNOVICH,5
SIMZER,5
SIN,10
SINA,5
SINAGRA,5
SINARATH,5
SINARD,5
SINATRA,5
SINCEBAUGH,5
SINCELL,5
SINCLAIR,110
SINCLAIRE,5
SINCOCK,5
SINDEL,5
SINDELAR,10
SINDEN,5
SINDLINGER,5
SINDONI,5
SINDORF,5
SINDT,5
SINE,10
SINEATH,5
SINEGAL,10
SINER,5
SINES,10
SING,10
SINGCO,5
SINGELTARY,5
SINGELTON,5
SINGER,80
SINGERMAN,5
SINGEWALD,5
SINGH,90
SINGHARATH,5
SINGHISEN,5
SINGLE,5
SINGLER,5
SINGLETARY,60
SINGLETERRY,5
SINGLETON,240
SINGLEY,10
SINGLTON,5
SINGO,5
SINGS,5
SINGSON,5
SINGTON,5
SINGUEFIELD,5
SINHA,10
SINIARD,10
SINIBALDI,5
SINICKI,5
SININGER,5
SINISCALCHI,5
SINISI,5
SINISTORE,5
SINITIERE,5
SINK,20
SINKA,5
SINKEY,5
SINKFIELD,5
SINKIEWICZ,5
SINKLER,10
SINKO,5
SINKOVICH,5
SINKS,5
SINN,10
SINNER,5
SINNETT,5
SINNING,5
SINNOTT,10
SINON,5
SINOPOLI,5
SINOR,5
SINOTTE,5
SINQUEFIELD,10
SINRICH,5
SINS,5
SINSABAUGH,5
SINSTACK,5
SINTON,5
SINYARD,5
SIOK,5
SIOMA,5
SIONA,5
SIONESINI,5
SIORDIA,5
SIPE,20
SIPES,30
SIPHAN,5
SIPHO,5
SIPKEMA,5
SIPLA,5
SIPLE,10
SIPLER,5
SIPOS,10
SIPP,10
SIPPEL,10
SIPPER,5
SIPPIAL,5
SIPPLE,20
SIPPY,5
SIPRASOEUTH,5
SIPRIANO,5
SIPTAK,5
SIQUEIROS,5
SIRACUSA,5
SIRACUSE,5
SIRAGUSA,5
SIRAK,5
SIRAVO,5
SIRBAUGH,5
SIRCY,5
SIREGAR,5
SIREK,5
SIREN,5
SIRES,5
SIRHAN,5
SIRIANI,5
SIRIANNI,10
SIRIANO,5
SIRICO,5
SIRIGNANO,5
SIRIN,5
SIRK,5
SIRKO,5
SIRKOCH,5
SIRLES,5
SIRLS,5
SIRMAN,5
SIRMANS,10
SIRMON,5
SIRMONS,5
SIRNA,5
SIRNIO,5
SIROIS,20
SIROKA,5
SIROKY,5
SIROLLI,5
SIRON,5
SIROSKY,5
SIRPILLA,5
SIRRINE,5
SIRUCEK,5
SIRUTA,5
SIRWET,5
SIS,5
SISAVATH,5
SISCA,5
SISCHO,5
SISCO,30
SISE,5
SISEMORE,10
SISK,50
SISKA,5
SISKE,5
SISKEY,5
SISKIN,5
SISKIND,5
SISKO,5
SISLER,10
SISLEY,5
SISNEROS,20
SISNEROZ,5
SISNEY,5
SISOFO,5
SISOMPHOU,5
SISON,10
SISSAC,5
SISSEL,5
SISSELL,5
SISSION,5
SISSMAN,5
SISSOM,5
SISSON,40
SISTA,5
SISTEK,5
SISTI,5
SISTO,10
SISTRUNK,10
SIT,5
SITA,5
SITACA,5
SITAR,5
SITER,5
SITES,20
SITH,5
SITHER,5
SITKIEWICZ,5
SITKO,5
SITLER,5
SITO,5
SITOSKY,5
SITRA,5
SITSLER,5
SITT,5
SITTER,5
SITTERDING,5
SITTERLY,5
SITTERSON,5
SITTERUD,5
SITTIG,5
SITTLOH,5
SITTMAN,5
SITTNER,5
SITTO,5
SITTON,10
SITTRE,5
SITTS,5
SITU,10
SITZ,10
SITZE,5
SITZES,5
SITZLER,5
SITZMAN,5
SIU,10
SIUDA,5
SIUREK,5
SIVA,5
SIVAK,5
SIVAL,5
SIVALIA,5
SIVAN,5
SIVAY,5
SIVELS,5
SIVER,5
SIVERD,5
SIVERLING,5
SIVERLY,5
SIVERS,5
SIVERSON,5
SIVERT,5
SIVERTSEN,5
SIVERTSON,5
SIVIA,5
SIVIC,5
SIVICK,5
SIVIE,5
SIVIK,5
SIVILAY,5
SIVILLS,5
SIVILS,5
SIVLEY,5
SIVRET,5
SIVYER,5
SIWEK,5
SIWICKI,5
SIWIEC,5
SIWIK,5
SIWINSKI,5
SIX,10
SIXKILLER,5
SIXON,5
SIXSMITH,5
SIXT,5
SIXTOS,5
SIZAR,5
SIZELOVE,5
SIZEMORE,90
SIZER,10
SJAARDA,5
SJERVEN,5
SJOBERG,5
SJODIN,5
SJOGREN,10
SJOLANDER,5
SJOLUND,5
SJOQUIST,5
SJOSTRAND,5
SJOSTROM,5
SJULSTAD,5
SKAAR,5
SKAARE,5
SKABO,5
SKAER,5
SKAFEC,5
SKAFF,5
SKAFIDAS,5
SKAFLEN,5
SKAGEN,5
SKAGERBERG,5
SKAGGS,70
SKAHAN,5
SKAINS,5
SKALA,5
SKALAK,5
SKALECKI,5
SKALICKY,5
SKALKA,5
SKALLA,5
SKALSKI,10
SKALSKY,5
SKANE,5
SKANES,5
SKAPURA,5
SKAR,5
SKARDA,5
SKARE,5
SKARKE,5
SKARPHOL,5
SKARTVEDT,5
SKARUPA,5
SKARZYNSKI,5
SKATES,10
SKATTEBO,5
SKAY,5
SKEA,5
SKEANS,5
SKEELE,5
SKEELS,5
SKEEM,5
SKEEN,20
SKEENS,10
SKEES,5
SKEESICK,5
SKEET,5
SKEETE,10
SKEETER,5
SKEETERS,5
SKEETS,5
SKEFFINGTON,5
SKEHAN,5
SKELDON,5
SKELLEY,10
SKELLY,10
SKELTON,50
SKEMP,5
SKENANDORE,5
SKENDER,5
SKENE,5
SKEPPLE,5
SKERL,5
SKERRETT,5
SKEVOFILAKAS,5
SKEWIS,5
SKIBA,10
SKIBBE,5
SKIBICKI,5
SKIBINSKI,5
SKIBISKY,5
SKIBO,5
SKIBOSH,5
SKIBSKI,5
SKIDGEL,5
SKIDMORE,50
SKIFF,5
SKIFFINGTON,5
SKILDUM,5
SKILES,20
SKILL,5
SKILLAN,5
SKILLEN,5
SKILLERN,10
SKILLETT,5
SKILLICORN,5
SKILLING,5
SKILLINGS,10
SKILLINGTON,5
SKILLMAN,10
SKILLOM,5
SKILLPA,5
SKILTON,5
SKIMEHORN,5
SKINKLE,5
SKINNEN,5
SKINNER,220
SKINSACOS,5
SKIPPER,30
SKIPWORTH,10
SKIRVIN,5
SKIVER,5
SKJEI,5
SKLAR,10
SKLENAR,5
SKNERSKI,5
SKOBIAK,5
SKOCILICH,5
SKOCZEN,5
SKOCZYLAS,5
SKOFF,5
SKOG,5
SKOGEN,5
SKOGLUND,5
SKOGSTAD,5
SKOIEN,5
SKOK,5
SKOKAN,5
SKOKOWSKI,5
SKOLD,5
SKOLFIELD,5
SKOLNICK,5
SKOLNIK,5
SKOMO,5
SKOMSKY,5
SKONCZEWSKI,5
SKONE,5
SKOOG,10
SKORA,5
SKORCZ,5
SKORDAHL,5
SKOREPA,5
SKORNIA,5
SKORNIK,5
SKORSKI,5
SKORUPA,5
SKORUPSKI,5
SKOTNICKI,5
SKOUSEN,5
SKOV,5
SKOVIRA,5
SKOVLUND,5
SKOW,10
SKOWRON,5
SKOWRONEK,5
SKOWRONSKI,5
SKOWYRA,5
SKRABANEK,5
SKRADSKI,5
SKREBES,5
SKREEN,5
SKRETOWICZ,5
SKRINE,5
SKRIP,5
SKRIPKO,5
SKROBACKI,5
SKROCH,5
SKROCKI,5
SKRZYPEK,5
SKRZYPINSKI,5
SKUBIK,5
SKUBIS,5
SKUFCA,5
SKULSKI,5
SKULTETY,5
SKUPSKI,5
SKURA,5
SKURSKI,5
SKURSKY,5
SKUSE,5
SKUTNIK,5
SKUTT,5
SKWARA,5
SKWAREK,5
SKWERES,5
SKYBERG,5
SKYE,5
SKYERS,5
SKYES,5
SKYLES,5
SLABAUGH,5
SLABODA,5
SLABY,5
SLACK,40
SLACKMAN,5
SLACUM,5
SLADE,50
SLADEK,5
SLADER,5
SLADICK,5
SLADKY,5
SLAFF,5
SLAGEL,5
SLAGER,5
SLAGHT,5
SLAGLE,30
SLAGOWSKI,5
SLAGTER,5
SLAIGHT,5
SLAIN,5
SLAMA,10
SLANE,10
SLANEY,5
SLANINA,5
SLANKARD,5
SLANKER,5
SLAPE,10
SLAPPEY,5
SLAPPY,5
SLARK,5
SLATE,20
SLATEN,5
SLATER,130
SLATES,5
SLATIN,5
SLATKIN,5
SLATON,30
SLATTEN,5
SLATTER,5
SLATTERY,30
SLATTON,5
SLAUBAUGH,5
SLAUGENHAUPT,5
SLAUGH,10
SLAUGHENHOUPT,5
SLAUGHTER,120
SLAUGHTERBECK,5
SLAUSON,5
SLAVEN,10
SLAVENS,10
SLAVICK,5
SLAVIK,5
SLAVIN,20
SLAVINSKI,5
SLAVIS,5
SLAWSKI,5
SLAWSON,10
SLAWTER,5
SLAY,20
SLAYBAUGH,5
SLAYDEN,10
SLAYDON,5
SLAYMAKER,5
SLAYMAN,5
SLAYTER,5
SLAYTON,30
SLEAFORD,5
SLECHTA,5
SLEDD,5
SLEDGE,50
SLEDZ,5
SLEE,5
SLEEK,5
SLEEMAN,5
SLEEPER,10
SLEET,5
SLEETER,5
SLEETH,5
SLEGER,5
SLEIGH,5
SLEIGHT,5
SLEIGHTER,5
SLEIMAN,5
SLEMMER,5
SLEMMONS,5
SLEMP,10
SLENKER,5
SLENTZ,5
SLEPER,5
SLEPPY,5
SLEPSKI,5
SLESSMAN,5
SLETTEN,10
SLEVA,5
SLEVIN,5
SLEZAK,10
SLICE,5
SLICER,5
SLICK,10
SLICKER,5
SLIDER,5
SLIFE,5
SLIFER,10
SLIFFE,5
SLIFKO,5
SLIGAR,5
SLIGER,10
SLIGH,10
SLIGHT,5
SLIGHTAM,5
SLIKER,5
SLIM,5
SLIMAK,5
SLIMAN,5
SLIMKO,5
SLIMMER,5
SLINEY,5
SLINGER,5
SLINGERLAND,5
SLINGLAND,5
SLINGLUFF,5
SLINKARD,10
SLINKER,5
SLINSKY,5
SLIPP,5
SLIPPER,5
SLISZ,5
SLITER,5
SLIVA,10
SLIVKA,5
SLIWA,5
SLIWINSKI,5
SLIZ,5
SLOAN,180
SLOANE,10
SLOANES,5
SLOAS,5
SLOAT,10
SLOBODNIK,5
SLOCKBOWER,5
SLOCOMB,5
SLOCOMBE,5
SLOCUM,40
SLOCUMB,10
SLODYSKO,5
SLOGERIS,5
SLOMA,5
SLOMAN,5
SLOMBA,5
SLOMER,5
SLOMINSKI,5
SLOMKA,5
SLOMKOWSKI,5
SLOMSKI,5
SLONAKER,5
SLONE,40
SLONECKER,5
SLONSKI,5
SLOON,5
SLOOP,5
SLOSEK,5
SLOSS,10
SLOSSER,5
SLOSTAD,5
SLOT,5
SLOTA,5
SLOTEMAKER,5
SLOTER,5
SLOTHOWER,5
SLOTKIN,5
SLOTNICK,5
SLOUGH,5
SLOUP,5
SLOVACEK,5
SLOVAK,5
SLOVER,10
SLOVICK,5
SLOVINSKI,5
SLOVINSKY,5
SLOWE,5
SLOWEY,5
SLOWIK,10
SLOWINSKI,5
SLOWN,5
SLUDER,10
SLUIS,5
SLUKA,5
SLUNAKER,5
SLUPE,5
SLUSAR,5
SLUSARSKI,5
SLUSHER,20
SLUSKI,5
SLUSS,10
SLUSSER,10
SLUTER,5
SLUTSKY,5
SLUTZKY,5
SLUYTER,5
SLY,10
SLYE,10
SLYTER,5
SLYTON,5
SMACK,5
SMADES,5
SMAIL,10
SMALARZ,5
SMALDONE,5
SMALE,5
SMALL,210
SMALLEN,5
SMALLER,5
SMALLEY,40
SMALLIDGE,5
SMALLIN,5
SMALLING,10
SMALLMAN,5
SMALLMON,5
SMALLS,60
SMALLWOOD,70
SMALT,5
SMANIOTTO,5
SMAR,5
SMARR,5
SMARRA,5
SMARSH,5
SMART,110
SMARTT,10
SMATHERS,10
SMAW,5
SMAY,5
SMAYDA,5
SMEAD,10
SMEAL,5
SMEATHERS,5
SMEBY,5
SMECK,5
SMEDES,5
SMEDICK,5
SMEDLEY,10
SMEDSRUD,5
SMEE,5
SMEENK,5
SMEJA,5
SMEJKAL,5
SMELCER,5
SMELKO,5
SMELLEY,10
SMELSER,10
SMELTZ,5
SMELTZER,10
SMERDON,5
SMERKAR,5
SMESTAD,5
SMETAK,5
SMETANA,5
SMETHERS,5
SMIALEK,5
SMIALOWSKI,5
SMID,5
SMIDA,5
SMIDDY,5
SMIDT,10
SMIECHOWSKI,5
SMIETANA,5
SMIGAJ,5
SMIGEL,5
SMIGIEL,5
SMIGLEWSKI,5
SMIHT,5
SMILER,5
SMILES,5
SMILEY,90
SMILING,5
SMILLIE,5
SMILY,5
SMINK,5
SMISEK,5
SMIT,10
SMITH,10060
SMITHBERGER,5
SMITHE,5
SMITHEE,5
SMITHEN,5
SMITHER,10
SMITHERMAN,20
SMITHERS,20
SMITHEY,10
SMITHHART,5
SMITHHEART,5
SMITHHISLER,5
SMITHINGELL,5
SMITHJ,5
SMITHMYER,5
SMITHSON,30
SMITHWICK,10
SMITLEY,5
SMITRESKI,5
SMITS,5
SMITTLE,5
SMITTY,5
SMITZ,5
SMOAK,10
SMOCK,20
SMOKE,5
SMOKER,5
SMOLA,5
SMOLDER,5
SMOLDT,5
SMOLEN,10
SMOLENSKI,5
SMOLENSKY,5
SMOLEY,5
SMOLIC,5
SMOLIK,5
SMOLINSKI,5
SMOLINSKY,5
SMOLKA,5
SMOLKO,5
SMOLNICKY,5
SMOLSKI,5
SMOOT,40
SMOOTS,5
SMOTHERMAN,10
SMOTHERS,30
SMOUSE,5
SMREKAR,5
SMSITH,5
SMTIH,10
SMUCK,5
SMUCKER,5
SMUDRICK,5
SMUGALA,5
SMUIN,5
SMULIK,5
SMULL,5
SMULLEN,5
SMURTHWAITE,5
SMUTNICK,5
SMUTNY,5
SMUTZ,5
SMUTZLER,5
SMYER,5
SMYERS,5
SMYKOWSKI,5
SMYLIE,5
SMYLY,5
SMYNTEK,5
SMYRE,5
SMYRL,5
SMYRSKI,5
SMYSER,5
SMYTH,30
SMYTHE,10
SNACHEZ,5
SNADERS,5
SNAER,5
SNAIR,5
SNAPE,5
SNAPLES,5
SNAPP,20
SNARE,5
SNARR,5
SNATER,5
SNAVELY,10
SNAY,5
SNAZA,5
SNEAD,40
SNEARLY,5
SNEARY,5
SNEATH,5
SNEATHEN,5
SNEDDEN,5
SNEDDON,5
SNEDEGAR,5
SNEDEGER,5
SNEDEKER,10
SNEE,5
SNEED,80
SNEEDEN,5
SNEIDER,5
SNELGROVE,5
SNELL,100
SNELLBAKER,5
SNELLEN,5
SNELLENBERGER,5
SNELLER,10
SNELLGROVE,5
SNELLING,10
SNELLINGS,5
SNELLMAN,5
SNELSON,10
SNERLING,5
SNETHEN,5
SNETSINGER,5
SNETTING,5
SNIDE,5
SNIDER,130
SNIEZEK,5
SNIFF,5
SNIFFEN,5
SNIFFIN,5
SNIPE,5
SNIPES,30
SNITH,5
SNITKER,5
SNIVELY,10
SNOBECK,5
SNOCK,5
SNODDERLY,5
SNODDY,10
SNODE,5
SNODERLY,5
SNODGRASS,50
SNOKE,5
SNOOK,20
SNOOKS,5
SNOOTS,5
SNOOZY,5
SNOPEK,5
SNORDEN,5
SNORTON,5
SNOVER,5
SNOW,210
SNOWBALL,5
SNOWBERGER,5
SNOWDEAL,5
SNOWDEN,50
SNOWDER,5
SNOWDON,5
SNOWDY,5
SNOWMAN,5
SNUFFER,5
SNUGGS,5
SNYDER,550
SNYDERS,5
SO,10
SOANS,5
SOAPE,5
SOAPES,5
SOARD,5
SOARES,40
SOBANIA,5
SOBANSKI,5
SOBBA,5
SOBCZAK,5
SOBCZYK,5
SOBCZYNSKI,5
SOBE,5
SOBECK,5
SOBEL,10
SOBENES,5
SOBER,5
SOBERANES,5
SOBERANIS,5
SOBERANO,5
SOBERS,10
SOBERY,5
SOBESKI,5
SOBEY,5
SOBIE,5
SOBIECH,5
SOBIERAJ,5
SOBIESKI,5
SOBILO,5
SOBIN,5
SOBINA,5
SOBLE,5
SOBOL,5
SOBOLESKI,5
SOBOLEWSKI,5
SOBOLIK,5
SOBON,5
SOBOTA,5
SOBOTKA,5
SOBOTTA,5
SOBRAN,5
SOBRINO,5
SOBRIO,5
SOBROWSKI,5
SOBUS,5
SOCCI,5
SOCHA,10
SOCHAN,5
SOCHOCKI,5
SOCHOR,5
SOCIA,5
SOCKALOSKY,5
SOCKEY,5
SOCKS,5
SOCKWELL,5
SOCORRO,5
SODA,5
SODACHANH,5
SODANO,5
SODARO,5
SODAWASSER,5
SODE,5
SODEK,5
SODEMAN,5
SODEN,5
SODER,5
SODERBERG,10
SODERBLOM,5
SODERGREN,5
SODERHOLM,5
SODERLING,5
SODERLUND,10
SODERMAN,5
SODERQUIST,10
SODERS,5
SODERSTROM,5
SODERVICK,5
SODHI,5
SODINI,5
SODOMKA,5
SOECHTING,5
SOEDER,5
SOEHL,5
SOELLNER,5
SOENKSEN,5
SOENS,5
SOESBE,5
SOFER,5
SOFFA,5
SOFFEL,5
SOFFER,5
SOFIA,5
SOFKA,5
SOFRANKO,5
SOFTICH,5
SOFTLEIGH,5
SOGA,5
SOGGE,5
SOGOL,5
SOHL,5
SOHM,5
SOHN,10
SOHNS,5
SOHO,5
SOHR,5
SOHRABI,5
SOHRE,5
SOIBELMAN,5
SOIFER,5
SOILEAU,20
SOIRO,5
SOISSON,5
SOITO,5
SOJA,5
SOJDA,5
SOJKA,5
SOJO,5
SOJOURNER,5
SOK,10
SOKAL,5
SOKOL,20
SOKOLIK,5
SOKOLOFF,5
SOKOLOSKI,5
SOKOLOWICH,5
SOKOLOWSKI,10
SOKOLSKI,5
SOKOLSKY,5
SOKORAI,5
SOKOTOWSKI,5
SOKUL,5
SOL,5
SOLA,5
SOLADINE,5
SOLAGES,5
SOLAITA,5
SOLAK,5
SOLAN,5
SOLANA,5
SOLAND,5
SOLANKI,5
SOLANO,40
SOLAR,10
SOLARES,10
SOLARI,10
SOLARSKI,5
SOLARZ,5
SOLARZANO,5
SOLAS,5
SOLAZAR,5
SOLBERG,20
SOLDAN,5
SOLDANO,5
SOLDAVINI,5
SOLDEO,5
SOLDERS,5
SOLDNER,5
SOLDO,5
SOLDOW,5
SOLE,5
SOLECKI,5
SOLEDAD,5
SOLEM,10
SOLEMAN,5
SOLER,20
SOLERA,5
SOLES,10
SOLESBEE,5
SOLEY,5
SOLGOVIC,5
SOLHEIM,5
SOLHJEM,5
SOLIAN,5
SOLIANI,5
SOLICH,5
SOLID,5
SOLIDAY,5
SOLIE,5
SOLIECE,5
SOLIEN,5
SOLIES,5
SOLIMA,5
SOLIMAN,5
SOLIMENO,5
SOLIMINI,5
SOLINA,5
SOLINAS,5
SOLINGER,5
SOLINSKI,5
SOLIS,160
SOLITO,5
SOLIVAN,5
SOLIZ,40
SOLKOWITZ,5
SOLL,5
SOLLA,5
SOLLARS,10
SOLLBERGER,5
SOLLE,5
SOLLENBERGER,5
SOLLER,5
SOLLERS,5
SOLLEY,10
SOLLIDAY,5
SOLLIE,5
SOLLIS,5
SOLLITTO,5
SOLLMAN,5
SOLLOCK,5
SOLLORS,5
SOLLY,5
SOLMAN,5
SOLMONSON,5
SOLO,5
SOLOMAN,10
SOLOMEN,5
SOLOMON,160
SOLOMONS,5
SOLON,5
SOLONAR,5
SOLONIKA,5
SOLORIO,20
SOLORSANO,5
SOLORZANO,20
SOLOVEICHIK,5
SOLOW,5
SOLOWAY,5
SOLT,10
SOLTANI,5
SOLTAU,5
SOLTERO,10
SOLTES,5
SOLTIS,10
SOLTMANN,5
SOLTON,5
SOLTOW,5
SOLTREN,5
SOLTYS,10
SOLUM,10
SOLURI,10
SOLVERSON,5
SOLVERUD,5
SOLWOLD,5
SOLYMANI,5
SOM,5
SOMALSKI,5
SOMAN,5
SOMANI,5
SOMAYOR,5
SOMDAH,5
SOMER,5
SOMERA,5
SOMERFIELD,5
SOMERO,5
SOMERS,40
SOMERSET,5
SOMERVILLE,30
SOMES,5
SOMILLEDA,5
SOMJI,5
SOMMA,5
SOMMAR,5
SOMMELLA,5
SOMMER,30
SOMMERDORF,5
SOMMERFELD,5
SOMMERFELDT,5
SOMMERFIELD,10
SOMMERS,40
SOMMERVILLE,10
SOMMESE,5
SOMMONS,5
SOMO,5
SOMODI,5
SOMOGYE,5
SOMOGYI,5
SOMOZA,5
SOMRAK,5
SOMSANA,5
SOMSY,5
SOMVANG,5
SON,20
SONDAG,5
SONDAY,5
SONDELSKI,5
SONDEREGGER,5
SONDERGAARD,5
SONDERMAN,5
SONDERS,5
SONDERUP,5
SONDHEIMER,5
SONDLES,5
SONDRINI,5
SONDROL,5
SONDRUP,5
SONES,5
SONG,30
SONGCO,5
SONGER,10
SONGSTER,5
SONGY,5
SONI,5
SONIA,5
SONIER,5
SONKA,5
SONKENS,5
SONKIN,5
SONNABEND,5
SONNE,5
SONNEBORN,5
SONNEE,5
SONNEFELD,5
SONNEK,5
SONNEN,5
SONNENBERG,10
SONNENBURG,5
SONNENFELD,5
SONNER,5
SONNIER,20
SONNTAG,10
SONNY,5
SONODA,5
SONOSKI,5
SONS,10
SONSINO,5
SONSTENG,5
SONSTROEM,5
SONTAG,10
SONTERRE,5
SONTHEIMER,5
SONZA,5
SOO,10
SOOD,5
SOOHOO,5
SOOKOO,5
SOOKRAM,5
SOOLUA,5
SOOMAROO,5
SOONG,5
SOOP,5
SOORUS,5
SOOS,5
SOOSE,5
SOOTER,5
SOOY,5
SOPATA,5
SOPCZAK,5
SOPER,20
SOPHA,5
SOPHER,5
SOPHY,5
SOPKO,5
SOPLOP,5
SOPP,5
SOPPE,5
SOPPELAND,5
SOPRYCH,5
SOPTICK,5
SOQUI,5
SOR,5
SORA,5
SORACE,5
SORAN,5
SORATOS,5
SORAVILLA,5
SORBELLO,5
SORBER,5
SORBERA,5
SORBO,5
SORCE,5
SORDAHL,5
SORDIA,5
SOREL,5
SORELL,5
SORELLS,5
SOREN,5
SORENSEN,90
SORENSON,60
SOREY,5
SORG,10
SORGATZ,5
SORGE,5
SORGENTE,5
SORGI,5
SORHAINDO,5
SORIA,30
SORIANO,40
SORICE,5
SORICELLI,5
SORIN,5
SORKIN,5
SORLEY,5
SORLIE,5
SORMAN,5
SORN,5
SORNSEN,5
SORO,5
SOROA,5
SOROKA,5
SOROKATA,5
SOROKIN,5
SOROLA,5
SORON,5
SOROS,5
SOROTZKIN,5
SORREL,5
SORRELL,30
SORRELLS,20
SORRELS,10
SORRENTINO,10
SORRICK,5
SORROW,5
SORSBY,5
SORTINO,5
SORTLAND,5
SORTO,5
SORTOR,5
SORTORE,5
SORUM,5
SORVIG,5
SORVILLO,5
SORZANO,5
SOS,5
SOSA,120
SOSAYA,5
SOSBE,5
SOSBEE,5
SOSBY,5
SOSCIA,5
SOSEBEE,10
SOSH,5
SOSHNIK,5
SOSINSKI,5
SOSINSKY,5
SOSNA,5
SOSNOWSKI,5
SOSSAMAN,5
SOSSAMON,5
SOSSO,5
SOSSONG,5
SOSTRE,5
SOTA,5
SOTAK,5
SOTELLO,5
SOTELO,40
SOTER,5
SOTERO,5
SOTEROS,5
SOTHEN,5
SOTHMAN,5
SOTIRIOU,5
SOTLAR,5
SOTO,400
SOTOLO,5
SOTOLONGO,5
SOTOMAYER,5
SOTOMAYOR,10
SOTOS,5
SOTTILE,10
SOTTO,5
SOTTOSANTI,5
SOU,5
SOUCEK,5
SOUCHET,5
SOUCIE,10
SOUCIER,5
SOUCY,20
SOUDER,10
SOUDERS,10
SOUERS,5
SOUFFRANT,5
SOUFFRONT,5
SOUHRADA,5
SOUKKHAVONG,5
SOUKUP,10
SOULA,5
SOULARD,5
SOULASINH,5
SOULE,20
SOULEK,5
SOULES,10
SOULIA,5
SOULIER,5
SOULIERE,10
SOULLIERE,5
SOULT,5
SOUN,5
SOUNDARA,5
SOUPHOM,5
SOUR,5
SOURLIS,5
SOURS,10
SOURWINE,5
SOUS,5
SOUSA,60
SOUSER,5
SOUTER,5
SOUTH,50
SOUTHALL,10
SOUTHAM,5
SOUTHAND,5
SOUTHARD,30
SOUTHCOTT,5
SOUTHER,10
SOUTHERLAND,30
SOUTHERLY,5
SOUTHERN,30
SOUTHERS,5
SOUTHGATE,5
SOUTHMAYD,5
SOUTHWARD,5
SOUTHWELL,10
SOUTHWICK,10
SOUTHWOOD,10
SOUTHWORTH,20
SOUTO,5
SOUVANNAKHILY,5
SOUVANNAKHIRY,5
SOUVANNARITH,5
SOUVANNASAP,5
SOUVANNAVONG,5
SOUZA,70
SOVA,10
SOVAK,5
SOVEL,5
SOVEREIGN,5
SOVERN,5
SOVERNS,5
SOVEY,5
SOVICH,5
SOVIE,5
SOVOCOOL,5
SOW,5
SOWA,10
SOWADA,5
SOWARD,5
SOWARDS,10
SOWASH,5
SOWDEN,5
SOWDER,10
SOWDERS,10
SOWELL,40
SOWELLS,5
SOWELS,5
SOWER,5
SOWERBY,5
SOWERS,40
SOWINSKI,5
SOWL,5
SOWLE,5
SOX,5
SOYARS,5
SOYKE,5
SOZA,10
SOZIO,5
SOZZI,5
SPAAR,5
SPACAGNA,5
SPACE,5
SPACEK,5
SPACH,5
SPACHT,5
SPACHTHOLZ,5
SPACKMAN,5
SPADA,10
SPADACCINI,5
SPADAFINO,5
SPADAFORA,10
SPADAFORE,5
SPADARD,5
SPADARO,10
SPADE,10
SPADEA,5
SPADER,5
SPADLIN,5
SPADONI,5
SPADY,10
SPAETH,10
SPAFFORD,10
SPAGNA,5
SPAGNOLA,5
SPAGNOLI,5
SPAGNOLIA,5
SPAGNOLO,5
SPAGNUOLO,5
SPAHN,10
SPAHR,10
SPAID,5
SPAIDE,5
SPAIN,50
SPAINHOUR,5
SPAINHOWER,5
SPAKE,5
SPAKES,5
SPALDING,30
SPALINGER,5
SPALL,5
SPALLA,5
SPALLINA,5
SPALLONE,5
SPALTER,5
SPAMAN,5
SPAN,10
SPANA,5
SPANBAUER,5
SPANCAKE,5
SPANE,5
SPANFELLNER,5
SPANG,5
SPANGENBERG,5
SPANGER,5
SPANGLE,5
SPANGLER,70
SPANICEK,5
SPANIEL,5
SPANIER,5
SPANISH,5
SPANN,50
SPANNAUS,5
SPANNBAUER,5
SPANNER,5
SPANNUTH,5
SPANO,10
SPANOS,5
SPANSKI,5
SPANSWICK,5
SPANTON,5
SPAR,5
SPARA,5
SPARACINA,5
SPARACINO,10
SPARACIO,5
SPARACO,5
SPARANO,5
SPARE,5
SPARGER,5
SPARGO,5
SPARGUR,5
SPARHAWK,5
SPARK,5
SPARKES,5
SPARKMAN,30
SPARKS,250
SPARLIN,5
SPARLING,10
SPARR,5
SPARROW,30
SPART,5
SPARTICHINO,5
SPARTIN,5
SPARTZ,5
SPASIANO,5
SPATAFORA,5
SPATAFORE,5
SPATARO,10
SPATES,10
SPATH,5
SPATZ,5
SPAUGH,5
SPAULDING,80
SPAUN,5
SPAUR,5
SPAW,5
SPAYD,5
SPAYER,5
SPAZIANI,5
SPAZIANO,5
SPEACH,5
SPEAD,5
SPEAGLE,5
SPEAK,5
SPEAKE,5
SPEAKER,5
SPEAKES,5
SPEAKMAN,10
SPEAKS,20
SPEAR,50
SPEARES,5
SPEARIN,5
SPEARING,5
SPEARMAN,30
SPEARMON,5
SPEAROW,5
SPEARS,160
SPEAS,5
SPEASE,5
SPECCHIO,5
SPECE,5
SPECHT,10
SPECIALE,10
SPECK,20
SPECKEN,5
SPECKING,5
SPECKMAN,5
SPECTER,5
SPECTOR,10
SPEE,5
SPEECE,10
SPEED,30
SPEEDY,5
SPEEGLE,10
SPEELMAN,5
SPEER,50
SPEERS,10
SPEES,5
SPEESE,5
SPEGAL,5
SPEH,5
SPEHAR,5
SPEICE,5
SPEICH,5
SPEICHER,10
SPEIDEL,10
SPEIDELL,5
SPEIDEN,5
SPEIER,10
SPEIGEL,5
SPEIGHT,30
SPEIGHTS,10
SPEILMAN,5
SPEIR,5
SPEIRS,10
SPEIS,5
SPEISER,5
SPEITH,5
SPELL,20
SPELLA,5
SPELLACY,5
SPELLANE,5
SPELLER,10
SPELLMAN,30
SPELLS,10
SPELMAN,5
SPELTS,5
SPELTZ,5
SPENA,5
SPENARD,5
SPENCE,150
SPENCER,570
SPENDER,5
SPENDLOVE,5
SPENE,5
SPENGLER,10
SPENNER,5
SPENNICCHIA,5
SPENO,5
SPENSER,10
SPENST,5
SPERA,5
SPERANDEO,5
SPERANDIO,5
SPERANZA,5
SPERAW,5
SPERAZZA,5
SPERBECK,5
SPERBER,10
SPERBERG,5
SPERDUTE,5
SPERDUTI,5
SPERGER,5
SPERIER,5
SPERKA,5
SPERL,5
SPERLE,5
SPERLICH,5
SPERLING,20
SPERO,10
SPERONI,5
SPEROS,5
SPEROW,5
SPERREY,5
SPERRY,30
SPESSARD,5
SPETH,10
SPETTEL,5
SPETTER,5
SPEVACEK,5
SPEVAK,5
SPEYER,5
SPEYRER,5
SPEZIALE,5
SPEZIO,5
SPHON,5
SPICE,5
SPICER,70
SPICHER,10
SPICKARD,5
SPICKER,5
SPICKERMAN,5
SPICKLER,5
SPICKNALL,5
SPICUZZA,5
SPIDEL,5
SPIDELL,5
SPIDLE,5
SPIECE,5
SPIEGEL,20
SPIEGELMAN,5
SPIEGLE,5
SPIEGLER,5
SPIEKER,10
SPIELBERG,5
SPIELER,5
SPIELMAKER,5
SPIELMAN,10
SPIELMANN,5
SPIELVOGEL,5
SPIER,10
SPIERING,5
SPIERLING,5
SPIERS,10
SPIES,10
SPIESS,5
SPIETH,5
SPIEWAK,5
SPIGELMAN,5
SPIGELMYER,5
SPIGHT,5
SPIGNER,10
SPIGUTZ,5
SPIKA,5
SPIKE,5
SPIKER,20
SPIKES,20
SPILDE,5
SPILIAKOS,5
SPILIS,5
SPILKER,5
SPILLANE,10
SPILLE,5
SPILLER,20
SPILLERS,10
SPILLETT,5
SPILLMAN,30
SPILMAN,5
SPILSKI,5
SPINA,10
SPINALE,5
SPINAR,5
SPINAS,5
SPINCIC,5
SPINDEL,5
SPINDLE,5
SPINDLER,10
SPINDOLA,5
SPINE,5
SPINELLA,10
SPINELLI,20
SPINELLO,5
SPINETTI,5
SPINEY,5
SPINGLER,5
SPINGOLA,5
SPINK,10
SPINKA,5
SPINKS,30
SPINN,5
SPINNER,10
SPINNEY,10
SPINO,10
SPINOLA,5
SPINOSA,5
SPINOSO,5
SPINOZA,5
SPINUZZI,5
SPIOTTA,5
SPIRA,5
SPIRE,5
SPIREK,5
SPIRER,5
SPIRES,20
SPIRITO,5
SPIRK,5
SPIRKO,5
SPIRO,10
SPIROFF,5
SPIROUNIAS,5
SPIRY,5
SPISAK,5
SPITALE,5
SPITER,5
SPITLER,10
SPITSBERG,5
SPITTLE,5
SPITTLER,5
SPITZ,10
SPITZER,20
SPITZNOGLE,5
SPIVA,10
SPIVACK,5
SPIVAK,5
SPIVERY,5
SPIVEY,110
SPIWAK,5
SPIZER,5
SPIZZIRRI,5
SPLAIN,5
SPLANE,5
SPLATT,5
SPLAWN,10
SPLETT,5
SPLETZER,5
SPLINTER,5
SPLITT,5
SPLONSKOWSKI,5
SPODEN,5
SPOELSTRA,5
SPOERER,5
SPOERL,5
SPOFFORD,5
SPOHN,10
SPOHNHOLZ,5
SPOHR,5
SPOLAR,5
SPOLETI,5
SPOMER,5
SPONAUGLE,5
SPONG,5
SPONHOLZ,5
SPONSELLER,5
SPONSLER,5
SPONTAK,5
SPOON,10
SPOONAMORE,5
SPOONEMORE,5
SPOONER,40
SPOOR,5
SPORCIC,5
SPORE,5
SPORER,5
SPORICH,5
SPORLE,5
SPORLEDER,5
SPORMAN,5
SPORN,5
SPORT,5
SPORTS,5
SPORTSMAN,5
SPORYSZ,5
SPOSATO,5
SPOSITO,5
SPOTH,5
SPOTO,5
SPOTORNO,5
SPOTTED,5
SPOTTS,10
SPOTWOOD,5
SPRABERRY,5
SPRACKLEN,5
SPRACKLIN,5
SPRADLEY,10
SPRADLIN,30
SPRADLING,10
SPRAFKA,5
SPRAGG,5
SPRAGGINS,10
SPRAGGS,5
SPRAGINS,5
SPRAGLEY,5
SPRAGLIN,5
SPRAGUE,80
SPRAIN,5
SPRAKE,5
SPRAKER,5
SPRANDEL,5
SPRANG,5
SPRANGER,5
SPRANKLE,10
SPRAQUE,5
SPRATLEN,5
SPRATLEY,5
SPRATLIN,5
SPRATLING,5
SPRATT,10
SPRATTE,5
SPRAU,5
SPRAUVE,5
SPRAWLS,5
SPRAY,10
SPRAYBERRY,10
SPRECHER,5
SPREEN,5
SPREHE,5
SPREITZER,5
SPRENG,5
SPRENGELER,5
SPRENGELMEYER,5
SPRENGER,10
SPRENKEL,5
SPRENKLE,5
SPREWELL,5
SPRIGG,5
SPRIGGINS,5
SPRIGGLE,5
SPRIGGS,30
SPRING,30
SPRINGATE,5
SPRINGE,5
SPRINGER,110
SPRINGFIELD,10
SPRINGLE,5
SPRINGMAN,5
SPRINGMEYER,5
SPRINGS,10
SPRINGSTEAD,5
SPRINGSTEEN,5
SPRINGSTON,5
SPRINKEL,5
SPRINKLE,20
SPRINKLES,5
SPRINZL,5
SPRITZER,5
SPROAT,5
SPROCK,5
SPROLE,5
SPROLES,10
SPRONG,5
SPROSTY,5
SPROTT,5
SPROUFFSKE,5
SPROUL,10
SPROULE,5
SPROULL,5
SPROULS,5
SPROUSE,30
SPROUT,5
SPROW,5
SPROWL,5
SPROWLS,5
SPRUANCE,5
SPRUCE,5
SPRUEL,5
SPRUELL,10
SPRUIELL,5
SPRUILL,40
SPRUIT,5
SPRUNG,5
SPRUNGER,5
SPRUNK,5
SPRVILL,5
SPRY,10
SPRYGADA,5
SPUCK,5
SPUDIS,5
SPUELER,5
SPUHLER,5
SPULER,5
SPULICK,5
SPUNT,5
SPURBECK,5
SPURGEON,30
SPURGER,5
SPURGERS,5
SPURGIN,5
SPURLIN,10
SPURLING,10
SPURLOCK,50
SPURR,10
SPURRIER,10
SPURZEM,5
SPYCHER,5
SPYIES,5
SPYRAKOS,5
SPYRES,5
SQUADRITO,5
SQUAIR,5
SQUARCIAFICO,5
SQUARE,10
SQUEO,5
SQUIBB,5
SQUIER,10
SQUIERS,5
SQUILLACE,5
SQUILLANTE,5
SQUINES,5
SQUIRE,10
SQUIRES,60
SQUITIERI,5
SQUYRES,5
SRADER,5
SRAMEK,5
SREAVES,5
SREY,5
SRINIVASAN,5
SRINVASAN,5
SRIVASTAVA,5
SRNSKY,5
SROCK,5
SROCZYNSKI,5
SROKA,10
SROUFE,5
SROUR,5
SRSEN,5
SRSIC,5
SRYGLEY,5
STAAB,10
STAACK,5
STAADT,5
STAAL,5
STAATS,10
STABACK,5
STABB,5
STABEL,5
STABELL,5
STABER,5
STABERG,5
STABILE,10
STABLE,5
STABLEFORD,5
STABLEIN,5
STABLER,10
STABLEY,5
STABS,5
STACE,5
STACER,5
STACEY,40
STACH,10
STACHECKI,5
STACHNIK,5
STACHNIW,5
STACHOWIAK,5
STACHOWICZ,5
STACHOWSKI,5
STACHURA,5
STACHURSKI,5
STACK,40
STACKEN,5
STACKER,5
STACKHOUSE,30
STACKPOLE,10
STACKS,10
STACY,80
STADDEN,5
STADE,5
STADEL,5
STADELMAN,5
STADER,5
STADHEIM,5
STADICK,5
STADLER,20
STADNIK,5
STADT,5
STADTHER,5
STADTLANDER,5
STADTLER,5
STADTMILLER,5
STADY,5
STAEBELL,5
STAEBLER,5
STAEHLE,5
STAEHLER,5
STAELENS,5
STAENGLEN,5
STAFF,10
STAFFELD,5
STAFFEN,5
STAFFIERI,5
STAFFON,5
STAFFORD,190
STAFIEJ,5
STAGE,10
STAGEMAN,5
STAGER,5
STAGERS,5
STAGG,10
STAGGER,5
STAGGERS,10
STAGGS,30
STAGLES,5
STAGLIANO,5
STAGMAN,5
STAGNARO,5
STAGNER,10
STAGNITTA,5
STAGNITTO,5
STAGNO,5
STAGOWSKI,5
STAHELI,5
STAHL,70
STAHLBERG,5
STAHLE,5
STAHLECKER,5
STAHLER,5
STAHLEY,5
STAHLHUT,5
STAHLMAN,10
STAHLNECKER,5
STAHLY,5
STAHMER,5
STAHNKE,5
STAHOSKI,5
STAHR,10
STAI,5
STAIANO,5
STAIB,5
STAIE,5
STAIGER,5
STAILEY,5
STAIN,5
STAINBACH,5
STAINBACK,5
STAINBROOK,10
STAINE,5
STAINES,5
STAINO,5
STAINS,5
STAIR,10
STAIRES,5
STAIRS,10
STAKE,5
STAKELIN,5
STAKEM,5
STAKEMANN,5
STAKER,5
STAKES,5
STAKKELAND,5
STAKLEY,5
STAKOE,5
STALBERGER,5
STALCUP,10
STALDER,10
STALEY,70
STALFORD,5
STALKER,10
STALL,10
STALLARD,20
STALLBAUMER,5
STALLCUP,10
STALLER,5
STALLEY,5
STALLING,10
STALLINGS,70
STALLINS,5
STALLION,5
STALLMAN,10
STALLONE,5
STALLONES,5
STALLONS,5
STALLS,5
STALLSMITH,5
STALLSWORTH,5
STALLWORTH,40
STALMA,5
STALNAKER,10
STALTER,10
STALVEY,10
STALWORTH,5
STALZER,5
STAM,10
STAMAND,5
STAMANT,10
STAMAS,5
STAMATOPOULOS,5
STAMBACH,5
STAMBAUGH,10
STAMBOUGH,5
STAMDIFER,5
STAMENOV,5
STAMER,5
STAMEY,20
STAMISON,5
STAMM,30
STAMMEL,5
STAMMER,5
STAMMLER,5
STAMNOS,5
STAMOS,5
STAMOUR,5
STAMP,10
STAMPE,5
STAMPER,50
STAMPKA,5
STAMPLE,5
STAMPLEY,10
STAMPS,40
STAN,5
STANA,5
STANAGE,5
STANALAND,5
STANARD,5
STANAWAY,5
STANBACK,10
STANBAUGH,5
STANBERRY,10
STANBERY,5
STANBROUGH,5
STANCATO,5
STANCER,5
STANCEY,5
STANCHFIELD,5
STANCIEL,5
STANCIL,20
STANCILL,5
STANCLE,5
STANCLIFF,5
STANCLIFT,5
STANCO,5
STANCOMBE,5
STANCOVEN,5
STANCZAK,5
STANCZYK,5
STANDAERT,5
STANDAFER,5
STANDAGE,5
STANDAHL,5
STANDARD,10
STANDBACK,5
STANDBERRY,5
STANDEFER,5
STANDEN,5
STANDER,5
STANDERFER,5
STANDERWICK,5
STANDEVEN,5
STANDFIELD,5
STANDFORD,5
STANDIFER,10
STANDIFORD,5
STANDIFUR,5
STANDING,5
STANDISH,10
STANDKE,5
STANDLEE,5
STANDLEY,20
STANDORS,5
STANDRE,5
STANDREW,5
STANDRIDGE,10
STANDRING,5
STANDROD,5
STANDS,5
STANEART,5
STANEK,10
STANELY,5
STANER,5
STANERT,5
STANESIC,5
STANFA,5
STANFIELD,40
STANFILL,20
STANFORD,100
STANFORTH,5
STANG,10
STANGANELLI,5
STANGARONE,5
STANGE,10
STANGEL,5
STANGER,10
STANGL,10
STANGLE,5
STANGO,5
STANGROOM,5
STANHOPE,10
STANIA,5
STANICK,5
STANIEC,5
STANIER,5
STANIFER,5
STANIFORD,5
STANIFORTH,5
STANIS,5
STANISH,5
STANISLAW,5
STANISLAWSKI,5
STANISZEWSKI,5
STANK,5
STANKAITIS,5
STANKE,5
STANKEY,5
STANKIEWICZ,10
STANKO,10
STANKOVIC,5
STANKOVICH,5
STANKOWITZ,5
STANKUS,5
STANLEY,460
STANLY,5
STANNARD,10
STANO,5
STANOJEVIC,5
STANOVICH,5
STANOWSKI,5
STANPHILL,5
STANSBERRY,20
STANSBERY,5
STANSBURY,20
STANSEL,10
STANSELL,10
STANSFIELD,10
STANSIFER,5
STANT,5
STANTON,130
STANUSZEK,5
STANWAY,5
STANWICK,5
STANWOOD,5
STANZAK,5
STANZIONE,5
STAPEL,5
STAPELMAN,5
STAPELS,5
STAPELTON,5
STAPF,5
STAPLE,5
STAPLEFORD,5
STAPLER,10
STAPLES,70
STAPLETON,80
STAPLEY,5
STAPLINS,5
STAPP,10
STAR,5
STARACE,5
STARBIRD,5
STARBUCK,10
STARCEVIC,5
STARCEVICH,5
STARCH,5
STARCHER,10
STARCHMAN,5
STARCIC,5
STARCK,5
STARE,5
STAREK,5
STARGEL,5
STARGELL,5
STARGHILL,5
STARICH,5
STARIN,5
STARK,140
STARKE,10
STARKEN,5
STARKES,10
STARKEY,60
STARKIE,5
STARKMAN,5
STARKS,90
STARKSON,5
STARKWEATHER,10
STARLEY,5
STARLIN,5
STARLING,40
STARLIPER,5
STARMER,5
STARN,5
STARNAUD,5
STARNAULD,5
STARNER,10
STARNES,70
STARNOLD,5
STARNS,10
STAROWICZ,5
STAROWITZ,5
STARR,110
STARRATT,5
STARRETT,10
STARRICK,5
STARRING,5
STARRITT,5
STARRS,5
STARRY,5
STARS,5
START,5
STARTIN,5
STARTT,5
STARTUP,5
STARTZ,5
STARWALT,5
STARWEATHER,5
STARY,5
STARZYK,5
STARZYNSKI,5
STAS,5
STASA,5
STASCHKE,5
STASER,5
STASH,5
STASIAK,5
STASIK,5
STASINOS,5
STASIO,5
STASIUK,5
STASKO,5
STASNY,5
STASSEN,5
STASSER,5
STASSI,5
STASSINOS,5
STASTNY,5
STASULIS,5
STASZAK,5
STATE,5
STATEN,40
STATER,5
STATES,10
STATHAM,5
STATHAS,5
STATHES,5
STATHIS,5
STATHOPOULOS,5
STATHOS,5
STATION,5
STATIRES,5
STATLER,10
STATON,70
STATTELMAN,5
STATTON,5
STATUM,5
STATZ,5
STATZER,5
STAUB,10
STAUBER,5
STAUBIN,5
STAUBLE,5
STAUBS,5
STAUCH,5
STAUDE,5
STAUDENMEIER,5
STAUDER,5
STAUDINGER,5
STAUDT,10
STAUFENBERGER,5
STAUFFACHER,5
STAUFFER,30
STAUM,5
STAUNTON,5
STAUP,5
STAUSS,5
STAUTZ,5
STAVE,5
STAVELY,5
STAVER,5
STAVES,5
STAVINOHA,5
STAVIS,5
STAVISH,5
STAVNES,5
STAVRIDES,5
STAVROPOULOS,5
STAVROS,5
STAVROSITU,5
STAVROU,5
STAVSVICK,5
STAWARZ,5
STAWASZ,5
STAWICKI,5
STAY,5
STAYER,5
STAYNER,5
STAYROOK,5
STAYTER,5
STAYTON,10
STAZENSKI,5
STCHARLES,5
STCHUR,5
STCLAIR,40
STCLAIRE,5
STCROIX,5
STCYR,10
STDENIS,5
STDENNY,5
STEA,5
STEACH,5
STEAD,10
STEADHAM,10
STEADINGS,5
STEADMAN,30
STEADY,5
STEAGALL,5
STEAGELL,5
STEAKLEY,5
STEALEY,5
STEALY,5
STEANS,5
STEAR,5
STEARMAN,5
STEARN,10
STEARNE,5
STEARNES,5
STEARNS,60
STEARS,5
STEBBINS,20
STEBE,5
STEBER,5
STEBNER,5
STEC,10
STECH,5
STECHER,5
STECHLINSKI,5
STECHUCHAK,5
STECK,10
STECKEL,5
STECKELBERG,5
STECKER,10
STECKLAIR,5
STECKLEIN,5
STECKLER,5
STECKLEY,5
STECKLINE,5
STECKMAN,5
STECZO,5
STEDMAN,10
STEDRONSKY,5
STEEB,5
STEEBER,5
STEEBY,5
STEED,40
STEEDLEY,5
STEEDMAN,5
STEEG,5
STEEGE,5
STEEL,30
STEELE,350
STEELEY,5
STEELMAN,20
STEELMON,5
STEELY,10
STEEN,50
STEENBERG,5
STEENBERGEN,5
STEENBURG,5
STEENBURGH,5
STEENECK,5
STEENHARD,5
STEENHOVEN,5
STEENHUIS,5
STEENKEN,5
STEENLAND,5
STEENO,5
STEENROD,5
STEENSLAND,5
STEENWYK,5
STEEP,5
STEEPLES,5
STEER,5
STEERE,10
STEERMAN,5
STEESE,5
STEEVER,5
STEEVES,10
STEFAN,5
STEFANATOS,5
STEFANELLI,5
STEFANI,5
STEFANIAK,5
STEFANICH,5
STEFANICK,5
STEFANIK,5
STEFANO,5
STEFANOVICH,5
STEFANOW,5
STEFANOWICZ,5
STEFANSKI,10
STEFANSKY,5
STEFF,5
STEFFA,5
STEFFAN,10
STEFFANI,5
STEFFEE,5
STEFFEL,5
STEFFEN,30
STEFFENHAGEN,5
STEFFENS,10
STEFFENSEN,5
STEFFENSMEIER,5
STEFFENSON,5
STEFFES,10
STEFFEY,10
STEFFLER,5
STEFFORD,5
STEFFY,5
STEFKA,5
STEFL,5
STEGALL,30
STEGEMAN,5
STEGEMANN,5
STEGENT,5
STEGER,20
STEGGEMAN,5
STEGMAIER,5
STEGMAN,10
STEGMANN,5
STEGNER,10
STEHLE,10
STEHLIK,5
STEHLIN,5
STEHLY,5
STEHNEY,5
STEHNO,5
STEHR,5
STEIB,10
STEIBEL,5
STEIBER,5
STEICH,5
STEICHEN,5
STEIDEL,5
STEIDER,5
STEIDINGER,5
STEIDL,5
STEIDLEY,5
STEIER,5
STEIERT,5
STEIFLE,5
STEIGER,10
STEIGERWALD,10
STEIGERWALT,5
STEIGHNER,5
STEIGMAN,5
STEIK,5
STEIL,10
STEILING,5
STEIMER,5
STEIMLE,5
STEIN,140
STEINACKER,5
STEINAU,5
STEINAUER,5
STEINBACH,10
STEINBACHER,5
STEINBACK,5
STEINBAUER,5
STEINBAUGH,5
STEINBECK,10
STEINBERG,40
STEINBERGER,10
STEINBOCK,5
STEINBORN,5
STEINBRECHER,5
STEINBRENNER,5
STEINBRINK,5
STEINBROOK,5
STEINBRUCKNER,5
STEINBURG,5
STEINDORF,5
STEINE,5
STEINER,70
STEINERKERT,5
STEINERT,5
STEINES,5
STEINFELD,5
STEINFELDT,10
STEINGER,5
STEINHAGEN,5
STEINHARDT,5
STEINHART,5
STEINHARTER,5
STEINHAUER,10
STEINHAUS,5
STEINHAUSER,5
STEINHOFF,10
STEINHORST,5
STEINHOUR,5
STEINHOUSE,5
STEINIGER,5
STEININGER,5
STEINKAMP,5
STEINKE,20
STEINKELLNER,5
STEINKIRCHNER,5
STEINKRAUS,5
STEINKUEHLER,5
STEINLE,5
STEINLICHT,5
STEINMACHER,5
STEINMAN,10
STEINMANN,5
STEINMEIZ,5
STEINMETZ,20
STEINMEYER,5
STEINMILLER,5
STEINMULLER,5
STEINOUR,5
STEINRUCK,5
STEINS,5
STEINWAY,5
STEINWORTH,5
STEIR,5
STEISKAL,5
STEITZ,5
STEITZER,5
STEJSKAL,5
STEKETEE,5
STELB,5
STELE,5
STELK,5
STELL,10
STELLA,10
STELLATO,5
STELLE,5
STELLER,10
STELLFOX,5
STELLHORN,5
STELLING,5
STELLINGS,5
STELLMACHER,5
STELLMAN,5
STELLO,5
STELLPFLUG,5
STELLUTI,5
STELLY,10
STELMACH,5
STELMACK,5
STELMAN,5
STELTENPOHL,5
STELTER,5
STELTING,5
STELTZER,5
STELZER,10
STELZL,5
STEM,10
STEMAN,5
STEMARIE,5
STEMBRIDGE,10
STEMEN,5
STEMLER,5
STEMM,5
STEMME,5
STEMMER,5
STEMMERMAN,5
STEMMLER,5
STEMP,5
STEMPEL,5
STEMPER,5
STEMPERT,5
STEMPIEN,5
STEMPLE,10
STEN,5
STENBACK,5
STENBECK,5
STENBERG,10
STENCEL,5
STENCIL,5
STENDAL,5
STENDEBACK,5
STENDER,10
STENE,5
STENEHJEM,5
STENERSON,5
STENGEL,10
STENGELE,5
STENGER,10
STENGLE,5
STENKAMP,5
STENMAN,5
STENN,5
STENNER,5
STENNETT,10
STENNIS,10
STENQUIST,5
STENSETH,5
STENSLAND,5
STENSLIE,5
STENSLIEN,5
STENSON,10
STENSRUD,5
STENSTROM,5
STENT,5
STENTZEL,5
STENZ,5
STENZEL,5
STEP,5
STEPAN,5
STEPANEK,5
STEPANIAK,5
STEPANIAN,5
STEPANIK,5
STEPANSKI,5
STEPCHINSKI,5
STEPHAN,20
STEPHANIE,5
STEPHANO,5
STEPHANS,5
STEPHANSKI,5
STEPHANY,5
STEPHCO,5
STEPHEN,30
STEPHENS,570
STEPHENSEN,5
STEPHENSON,180
STEPHSON,5
STEPIEN,5
STEPLER,5
STEPLETON,5
STEPNEY,10
STEPNOSKI,5
STEPNOWSKI,5
STEPOVICH,5
STEPP,50
STEPPE,10
STEPPELLO,5
STEPPIG,5
STEPPS,5
STEPRO,5
STEPTER,5
STEPTOE,10
STEPTORE,5
STER,5
STERBA,5
STERBACK,5
STERBENZ,5
STERETT,5
STERGER,5
STERGIOS,5
STERK,5
STERKEL,5
STERKENBURG,5
STERKER,5
STERLACE,5
STERLE,5
STERLEY,5
STERLIN,5
STERLING,100
STERMAN,5
STERMER,5
STERN,80
STERNAL,5
STERNBERG,20
STERNBERGER,5
STERNER,20
STERNISHA,5
STERNOD,5
STERNS,10
STERPKA,5
STERR,5
STERRETT,10
STERRY,5
STETKE,5
STETLER,10
STETSON,10
STETTLER,5
STETTNER,5
STETZ,5
STETZEL,5
STETZENBACH,5
STEUART,5
STEUBE,5
STEUBER,5
STEUCK,5
STEUDEMAN,5
STEUER,5
STEURER,5
STEURY,5
STEVE,10
STEVEN,20
STEVENER,5
STEVENS,700
STEVENSON,310
STEVER,10
STEVERSON,10
STEVES,10
STEVESON,10
STEVEY,5
STEVICK,5
STEVINSON,5
STEVISON,5
STEWARD,100
STEWARDSON,5
STEWART,1330
STEWARTS,5
STEWERT,5
STEYER,5
STEZZI,5
STFLEUR,5
STFLORANT,5
STFORD,5
STFORT,5
STGELAIS,5
STGEORGE,10
STGERARD,5
STGERMAIN,20
STGERMAINE,5
STHILAIRE,20
STHILL,5
STHOLE,5
STIBB,5
STIBBINS,5
STICE,10
STICH,10
STICHER,5
STICHT,5
STICHTER,5
STICK,5
STICKEL,10
STICKELS,5
STICKER,5
STICKFORD,5
STICKFORT,5
STICKLAND,10
STICKLE,5
STICKLEN,5
STICKLER,10
STICKLES,10
STICKLEY,10
STICKLIN,5
STICKMAN,5
STICKNEY,20
STICKRATH,5
STICKROD,5
STIDAM,5
STIDD,5
STIDHAM,30
STIDMAN,5
STIDSTONE,5
STIEB,5
STIEBEL,5
STIEBER,5
STIEF,5
STIEFEL,10
STIEFF,5
STIEG,5
STIEGEMEIER,5
STIEGER,5
STIEGLER,5
STIEGLITZ,5
STIEGMAN,5
STIEHL,5
STIEHM,5
STIEL,5
STIELAU,5
STIELY,5
STIEN,5
STIENS,5
STIER,10
STIERLE,5
STIERN,5
STIERS,5
STIERWALT,5
STIFEL,5
STIFF,10
STIFFLEMIRE,5
STIFFLER,20
STIFTER,5
STIGALL,10
STIGER,10
STIGERS,5
STIGGER,5
STIGGERS,5
STIGLER,5
STIGSELL,5
STIKA,5
STIKE,5
STIKELEATHER,5
STILE,5
STILES,80
STILGENBAUER,5
STILINER,5
STILL,40
STILLABOWER,5
STILLE,5
STILLER,10
STILLEY,5
STILLIE,5
STILLINGER,5
STILLINGS,10
STILLION,5
STILLIONS,5
STILLMAN,30
STILLS,10
STILLSON,5
STILLWAGON,5
STILLWELL,30
STILNER,5
STILPHEN,5
STILSON,10
STILTNER,30
STILTS,5
STILTZ,5
STILWAGEN,5
STILWELL,20
STIMAC,5
STIMAGE,5
STIMAN,5
STIMER,5
STIMITS,5
STIMLER,5
STIMMEL,5
STIMMELL,5
STIMPERT,5
STIMPLE,5
STIMPSON,10
STIMSON,10
STIMUS,5
STINAR,5
STINCHCOMB,10
STINCHFIELD,5
STINDE,5
STINDT,5
STINE,40
STINEBAUGH,5
STINEBUCK,5
STINEHELFER,5
STINEHOUR,5
STINEMETZ,5
STINER,10
STINES,10
STINESPRING,5
STINETT,5
STINGEL,5
STINGER,5
STINGLE,5
STINGLEY,10
STINNER,5
STINNETT,40
STINNETTE,5
STINSER,5
STINSON,110
STINTON,5
STIPANUK,5
STIPE,10
STIPEK,5
STIPES,5
STIPETICH,5
STIPP,5
STIPPICH,5
STIRE,5
STIRES,5
STIREWALT,5
STIRGUS,5
STIRK,5
STIRLING,10
STIRMAN,5
STIRN,5
STIRNA,5
STIRRUP,5
STITCH,5
STITELER,5
STITELY,5
STITES,20
STITH,20
STITT,30
STITTGEN,5
STITTSWORTH,5
STITZ,5
STITZEL,5
STITZER,5
STIVANSON,5
STIVASON,5
STIVER,10
STIVERS,10
STIVERSON,5
STIVES,5
STJACQUES,5
STJAMES,5
STJEAN,10
STJOHN,60
STJOHNS,5
STJULIAN,5
STJULIEN,5
STJUSTE,5
STLAURENT,10
STLAWRENCE,5
STLOUIS,20
STLOUISE,5
STLUCIEN,5
STMARIE,5
STMARTIN,10
STMARY,5
STMICHEL,5
STOA,5
STOAKLEY,5
STOBAUGH,5
STOBB,5
STOBBE,5
STOBBS,5
STOBER,5
STOBIE,5
STOBIERSKI,5
STOCCO,5
STOCK,40
STOCKARD,10
STOCKBRIDGE,5
STOCKBURGER,5
STOCKDALE,10
STOCKDILL,5
STOCKE,5
STOCKEBRAND,5
STOCKEL,5
STOCKER,20
STOCKERT,5
STOCKETT,5
STOCKFISCH,5
STOCKHAM,5
STOCKHAUSEN,5
STOCKHOFF,5
STOCKHOLM,5
STOCKI,5
STOCKING,10
STOCKINGER,5
STOCKLEY,5
STOCKMAN,20
STOCKMASTER,5
STOCKNER,5
STOCKON,5
STOCKS,20
STOCKSTILL,10
STOCKTON,60
STOCKWELL,20
STOCKWIN,5
STODDARD,60
STODDART,5
STODDEN,5
STODDER,5
STODGELL,5
STODGHILL,5
STODOLA,10
STODOLSKI,5
STODOMINGO,5
STOEBER,5
STOEBERL,5
STOEBNER,5
STOECKEL,5
STOECKER,5
STOECKERT,5
STOECKLIN,5
STOEFFLER,5
STOEGER,5
STOEHR,10
STOEKE,5
STOEL,5
STOELTZING,5
STOEN,5
STOERMER,5
STOESSEL,5
STOESSER,5
STOESZ,5
STOETT,5
STOETZEL,5
STOEY,5
STOFER,5
STOFF,5
STOFFA,5
STOFFEL,10
STOFFELS,5
STOFFER,5
STOFFERAHN,5
STOFFERAN,5
STOFFEY,5
STOFFLE,5
STOFFLET,5
STOFFREGEN,5
STOFKO,5
STOFSKY,5
STOGDEN,5
STOGLIN,5
STOGNER,10
STOGSDILL,5
STOHL,5
STOHLER,5
STOHLTON,5
STOHR,5
STOHRER,5
STOHS,5
STOIA,5
STOIBER,5
STOICA,5
STOJANOVIC,5
STOKAN,5
STOKE,5
STOKEL,5
STOKELY,10
STOKER,30
STOKES,270
STOKEY,5
STOKKE,5
STOKLASA,5
STOKLEY,10
STOLAR,5
STOLARIK,5
STOLARSKI,5
STOLARZ,5
STOLBERG,5
STOLCALS,5
STOLDT,5
STOLE,5
STOLEBARGER,5
STOLECKI,5
STOLER,5
STOLFI,5
STOLIKER,5
STOLINSKI,5
STOLL,30
STOLLAR,5
STOLLE,10
STOLLER,10
STOLLEY,5
STOLLINGS,10
STOLLSTEIMER,5
STOLLY,5
STOLP,10
STOLPE,5
STOLSIG,5
STOLT,5
STOLTE,10
STOLTENBERG,10
STOLTENBURG,5
STOLTS,5
STOLTZ,20
STOLTZFUS,20
STOLTZMAN,5
STOLZ,10
STOLZE,5
STOLZENBERG,5
STOLZENBURG,5
STOMBAUGH,5
STOMBERG,5
STOMMES,5
STONE,590
STONEBACK,5
STONEBARGER,5
STONEBERG,5
STONEBERGER,5
STONEBRAKER,10
STONEBREAKER,5
STONEBROOK,5
STONEBURNER,10
STONECIPHER,10
STONECYPHER,5
STONEFIELD,5
STONEHAM,5
STONEHOUSE,5
STONEKING,10
STONELAKE,5
STONEMAN,10
STONER,60
STONEROCK,5
STONES,5
STONESIFER,5
STONESTREET,5
STONEWALL,5
STONEY,10
STONG,5
STONGE,20
STONICH,5
STONIER,5
STONIS,5
STONUM,5
STOODLEY,5
STOOKEY,10
STOOKS,5
STOOKSBURY,5
STOOP,5
STOOPS,20
STOOR,5
STOOS,5
STOOT,5
STOOTS,5
STOPA,5
STOPHER,5
STOPKA,5
STOPP,5
STOPPEL,5
STOPPENBACH,5
STOPPKOTTE,5
STOPS,10
STOPYRA,5
STORAGE,5
STORBECK,5
STORCH,10
STORCK,5
STORDAHL,5
STORE,5
STORER,20
STORES,5
STOREY,60
STORIE,10
STORINO,5
STORJOHANN,5
STORK,10
STORKS,5
STORLIE,5
STORM,20
STORMAN,5
STORMENT,5
STORMER,10
STORMES,5
STORMO,5
STORMONT,5
STORMS,20
STORNIOLO,5
STOROZUK,5
STORR,5
STORRER,5
STORRS,10
STORTI,5
STORTO,5
STORTON,5
STORTS,5
STORTZ,5
STORY,80
STORZ,5
STOSKOPF,5
STOSS,5
STOTELMYER,5
STOTESBERRY,5
STOTESBURY,5
STOTHARD,5
STOTHART,5
STOTKO,5
STOTLER,10
STOTSKY,5
STOTT,30
STOTTLAR,5
STOTTLEMYER,5
STOTTS,20
STOTZ,5
STOUALL,5
STOUCH,5
STOUD,5
STOUDAMIRE,5
STOUDEMIRE,5
STOUDENMIRE,5
STOUDER,5
STOUDMIRE,5
STOUDT,10
STOUDYMIRE,5
STOUER,5
STOUFFER,20
STOUGH,10
STOUGHTON,10
STOURS,5
STOUT,150
STOUTAMIRE,5
STOUTAMYER,5
STOUTE,5
STOUTEN,5
STOUTENBURG,5
STOUTENGER,5
STOUTNER,5
STOUTT,5
STOVAL,5
STOVALL,70
STOVE,5
STOVEL,5
STOVELL,5
STOVER,90
STOVIAK,5
STOW,5
STOWBRIDGE,5
STOWE,40
STOWELL,20
STOWER,5
STOWERS,20
STOWMAN,5
STOY,5
STOYANOFF,5
STOYANOV,5
STOYER,5
STOYLE,5
STPAUL,5
STPETER,10
STPETERS,5
STPIERRE,40
STPIERRIE,5
STRAATHOF,5
STRAATMANN,5
STRACENER,5
STRACHAN,10
STRACHMAN,5
STRACHN,5
STRACK,10
STRACKBEIN,5
STRACKE,5
STRACQUATANIO,5
STRADA,5
STRADER,20
STRADFORD,10
STRADLEY,10
STRADLING,5
STRADTNER,5
STRAFACE,5
STRAHAN,10
STRAHIN,5
STRAHL,5
STRAHLE,5
STRAHM,5
STRAIGHT,20
STRAIN,40
STRAIT,20
STRAITON,5
STRAKA,10
STRAKBEIN,5
STRAKER,10
STRALEY,10
STRAM,5
STRAMA,5
STRAMEL,5
STRAMIELLO,5
STRANAHAN,5
STRANAK,5
STRAND,40
STRANDBERG,5
STRANDBURG,5
STRANDE,5
STRANEY,5
STRANFORD,5
STRANG,10
STRANGE,60
STRANGER,5
STRANGSTALIEN,5
STRANO,5
STRANSKY,5
STRAPP,5
STRASBURG,5
STRASBURGER,5
STRASESKIE,5
STRASSBERG,5
STRASSBURG,5
STRASSEL,5
STRASSELL,5
STRASSER,10
STRASSNER,5
STRASTERS,5
STRATAKOS,5
STRATE,5
STRATER,5
STRATFORD,5
STRATHMAN,5
STRATHMANN,5
STRATHY,5
STRATIS,5
STRATMAN,5
STRATON,5
STRATOS,5
STRATTER,5
STRATTMAN,5
STRATTON,80
STRATZ,5
STRAUB,30
STRAUBE,5
STRAUCH,10
STRAUF,5
STRAUGH,5
STRAUGHAN,5
STRAUGHN,5
STRAUGHTER,10
STRAUGTER,5
STRAUHAL,5
STRAUS,10
STRAUSBAUGH,10
STRAUSBERG,5
STRAUSE,5
STRAUSER,10
STRAUSNER,5
STRAUSS,40
STRAUSSER,5
STRAUSZ,5
STRAVINSKI,5
STRAW,10
STRAWBERRY,5
STRAWBRIDGE,10
STRAWDER,5
STRAWDERMAN,5
STRAWHORN,5
STRAWN,20
STRAWS,5
STRAWSER,10
STRAWTHER,5
STRAY,5
STRAYER,10
STRAYHAM,5
STRAYHAND,5
STRAYHORN,10
STRAZI,5
STRAZISAR,5
STRAZZA,5
STRAZZULLO,5
STREAM,5
STREAMS,5
STREAT,5
STREATER,10
STREB,5
STREBE,5
STREBECK,5
STREBEL,5
STRECH,5
STRECK,5
STRECKER,10
STRECZYWILK,5
STRED,5
STREDE,5
STREDNY,5
STREEBY,5
STREED,5
STREEPER,5
STREET,80
STREETER,50
STREETMAN,10
STREETON,5
STREETS,10
STREETT,5
STREFELER,5
STREFF,5
STREGE,5
STREHL,5
STREHLE,5
STREHLOW,5
STREI,5
STREIB,5
STREICH,5
STREICHER,10
STREIF,5
STREIFEL,5
STREIFF,5
STREIGHT,5
STREIT,10
STREITENBERGE,5
STREITMATTER,5
STREITNATTER,5
STREITZ,5
STREJAN,5
STREJCEK,5
STREK,5
STREKAS,5
STRELECKI,5
STRELLER,5
STRELOW,5
STREM,5
STREMCHA,5
STREMEL,5
STREMI,5
STREMLOW,5
STREMMEL,5
STREMMING,5
STRENG,5
STRENGE,5
STRENGTH,5
STRENKE,5
STRETCH,5
STRETZ,5
STREU,5
STREVA,5
STREVEL,5
STREVELL,5
STREVELS,5
STREY,5
STRIBBLE,5
STRIBLEY,5
STRIBLING,20
STRICK,5
STRICKER,10
STRICKERT,5
STRICKLAN,5
STRICKLAND,300
STRICKLEN,5
STRICKLER,20
STRICKLIN,20
STRICKLIND,5
STRICKLING,5
STRICTLAND,5
STRID,5
STRIDE,5
STRIDER,5
STRIDIRON,5
STRIEF,5
STRIEGEL,10
STRIEKER,5
STRIETER,5
STRIFE,5
STRIFFLER,5
STRIGHT,5
STRIKE,5
STRIKER,5
STRIMBACK,5
STRIMEL,5
STRIMLING,5
STRIMPLE,5
STRINE,10
STRING,5
STRINGARI,5
STRINGER,80
STRINGFELLOW,20
STRINGFIELD,10
STRINGHAM,10
STRINI,5
STRIPLIN,10
STRIPLING,10
STRISSEL,5
STRITE,5
STRITMATER,5
STRITTMATER,5
STRITTMATTER,5
STRITZINGER,5
STRITZKE,5
STRIZICH,5
STRNAD,5
STROBECK,5
STROBEL,20
STROBL,5
STROBLE,10
STROBRIDGE,5
STROCK,10
STRODE,10
STRODER,5
STROEBEL,5
STROEDE,5
STROER,5
STROFFOLINO,5
STROGEN,5
STROH,20
STROHBEHN,5
STROHECKER,5
STROHL,10
STROHM,10
STROHMAN,5
STROHMAYER,5
STROHMEIER,5
STROHMEYER,5
STROHSCHEIN,5
STROIK,5
STROINSKI,5
STROJNY,5
STROKER,5
STROLE,5
STROLL,5
STROLLO,5
STROM,20
STROMAIN,10
STROMAN,20
STROMBECK,5
STROMBERG,20
STROME,5
STROMER,5
STROMME,5
STROMQUIST,5
STROMSKI,5
STROMYER,5
STRONACH,5
STRONG,180
STROOP,5
STROOPE,5
STROOT,5
STROP,5
STROPE,10
STROPES,5
STROPKO,5
STROPLE,5
STROPUS,5
STROSE,5
STROSNIDER,5
STROTH,5
STROTHER,40
STROTHERS,10
STROTHMAN,5
STROTHMANN,5
STROTMAN,5
STROTZ,5
STROUB,5
STROUD,100
STROUGH,5
STROUP,30
STROUPE,10
STROUS,5
STROUSE,10
STROUT,10
STROUTH,10
STROW,5
STROWBRIDGE,5
STROWD,5
STROWDER,5
STROWE,5
STROY,5
STROZEWSKI,5
STROZIER,10
STROZZI,5
STRUB,10
STRUBBE,5
STRUBE,5
STRUBEL,5
STRUBER,5
STRUBLE,20
STRUCHEN,5
STRUCK,20
STRUCKHOFF,5
STRUCKMAN,5
STRUCKMANN,5
STRUDWICK,5
STRUEBING,5
STRUGGS,5
STRUIKSMA,5
STRUM,10
STRUMPF,5
STRUNK,30
STRUPP,5
STRUSS,5
STRUTHERS,10
STRUTTON,5
STRUTYNSKI,5
STRUTZ,5
STRUVE,5
STRUYK,5
STRUZIK,5
STRUZZI,5
STRYCKER,5
STRYJEWSKI,5
STRYKER,10
STRYSKO,5
STRZALKOWSKI,5
STRZELCZYK,5
STRZELECKI,5
STRZYZEWSKI,5
STSAUVEUR,5
STTHOMAS,10
STUARD,5
STUART,130
STUBBE,5
STUBBENDECK,5
STUBBERT,5
STUBBINS,5
STUBBLEFIELD,40
STUBBOLO,5
STUBBS,80
STUBBY,5
STUBENRAUCH,5
STUBER,10
STUBITS,5
STUBLASKI,5
STUBLE,5
STUBLER,5
STUBSON,5
STUCHLIK,5
STUCK,10
STUCKE,5
STUCKEL,5
STUCKEMEYER,5
STUCKER,10
STUCKERT,5
STUCKETT,5
STUCKEY,40
STUCKI,5
STUCKMAN,5
STUCKMEYER,5
STUCKY,10
STUCZYNSKI,5
STUDDARD,10
STUDDIFORD,5
STUDEBAKER,10
STUDENT,5
STUDENY,5
STUDER,20
STUDIER,5
STUDIVANT,5
STUDLER,5
STUDLEY,10
STUDMIRE,5
STUDNIARZ,5
STUDNICKI,5
STUDSTILL,5
STUDT,5
STUDWELL,5
STUDY,5
STUDYVANCE,5
STUDYVIN,5
STUDZINSKI,5
STUEBE,5
STUEBER,5
STUECK,5
STUECKRATH,5
STUEDEMANN,5
STUEKERJUERGE,5
STUEMKE,5
STUENKEL,5
STUER,5
STUERMER,5
STUESSE,5
STUESSY,5
STUEVE,5
STUEVER,5
STUFFLE,5
STUFFLEBEAM,5
STUFFLEBEAN,5
STUHLSATZ,5
STUHR,5
STUKEL,5
STUKENBORG,5
STUKES,10
STUKOWSKI,5
STULCE,5
STULICK,5
STULL,30
STULLER,5
STULTS,10
STULTZ,20
STUM,5
STUMB,5
STUMBAUGH,10
STUMBO,5
STUMER,5
STUMFOLL,5
STUMM,5
STUMME,5
STUMP,40
STUMPE,5
STUMPF,20
STUMPFF,5
STUMPH,5
STUMPO,5
STUMPP,5
STUNKARD,5
STUPAK,5
STUPAR,5
STUPKA,5
STUPKE,5
STUPP,5
STURCH,5
STURCHIO,5
STURDEVANT,10
STURDIVANT,30
STURDNANT,5
STURDY,5
STURGELL,5
STURGEON,30
STURGES,10
STURGESS,5
STURGHILL,5
STURGILL,30
STURGIS,30
STURGUL,5
STURIALE,5
STURINO,5
STURK,5
STURKEY,5
STURKIE,5
STURM,30
STURMAN,5
STURMER,5
STURMS,5
STURN,5
STURNER,5
STURROCK,5
STURRUP,5
STURTEVANT,10
STURTZ,10
STURWOLD,5
STURZ,5
STUSSE,5
STUTES,10
STUTESMAN,5
STUTEVILLE,5
STUTHEIT,5
STUTLER,10
STUTSMAN,5
STUTTGEN,5
STUTTS,10
STUTZ,10
STUTZMAN,20
STUVE,5
STUZMAN,5
STVICTOR,5
STVIL,5
STVRESTIL,5
STWART,5
STWEART,5
STYBORSKI,5
STYCH,5
STYER,10
STYERS,10
STYLE,5
STYLER,5
STYLES,30
STYMIEST,5
STYONS,5
STYRON,10
STYS,5
SU,20
SUAAVA,5
SUALEVAI,5
SUARES,5
SUAREZ,150
SUAZO,10
SUB,5
SUBASIC,5
SUBEN,5
SUBER,20
SUBERA,5
SUBERT,5
SUBIA,5
SUBICH,5
SUBIDO,5
SUBIJANO,5
SUBLER,5
SUBLETT,20
SUBLETTE,5
SUBRAMANIAN,5
SUBY,5
SUCCAR,5
SUCCOP,5
SUCGANG,5
SUCH,5
SUCHAN,5
SUCHANEK,5
SUCHARSKI,5
SUCHARZEWSKI,5
SUCHECKI,5
SUCHER,5
SUCHLA,5
SUCHOCKI,5
SUCHY,5
SUCKOW,5
SUCRE,5
SUD,5
SUDA,10
SUDAK,5
SUDAN,5
SUDAR,5
SUDBECK,5
SUDBERRY,5
SUDBROCK,5
SUDBURY,5
SUDDARTH,5
SUDDATH,5
SUDDERTH,5
SUDDETH,5
SUDDITH,5
SUDDOTH,5
SUDDRETH,5
SUDDUTH,20
SUDEKUM,5
SUDER,5
SUDERMAN,5
SUDERS,5
SUDLER,5
SUDLOW,5
SUDO,5
SUDOL,5
SUDWEEKS,5
SUE,5
SUEDA,5
SUEHS,5
SUELL,5
SUELLENTROP,5
SUELTENFUSS,5
SUEN,5
SUENNEN,5
SUENTENFUSS,5
SUERMANN,5
SUERO,5
SUESS,5
SUET,5
SUEYOSHI,5
SUFFERN,5
SUFFIELD,5
SUFFRIDGE,5
SUGA,5
SUGABO,5
SUGAHARA,5
SUGAI,5
SUGALSKI,5
SUGANUMA,5
SUGAR,5
SUGARMAN,5
SUGDEN,5
SUGERAK,5
SUGERMAN,5
SUGG,10
SUGGETT,5
SUGGITT,5
SUGGS,80
SUGHROUE,5
SUGHRUE,5
SUGIKI,5
SUGIMOTO,5
SUGIYAMA,5
SUGLIA,5
SUGRUE,5
SUH,20
SUHAR,5
SUHOSKI,5
SUHR,10
SUIHKONEN,5
SUING,5
SUIRE,5
SUIT,5
SUITE,5
SUITER,20
SUITOR,5
SUITS,10
SUITT,10
SUK,5
SUKEFORTH,5
SUKHRAM,5
SUKHU,5
SUKOVATY,5
SUKOVICH,5
SUKUP,5
SUKUT,5
SUL,5
SULC,5
SULCER,5
SULE,5
SULECKI,5
SULEIMAN,5
SULEJMANOVSKI,5
SULEK,5
SULENTIC,5
SULESKI,5
SULFRIDGE,5
SULIEMAN,5
SULIK,5
SULIKOWSKI,5
SULIMA,5
SULIN,5
SULIPIZIO,5
SULIT,5
SULIVAN,5
SULKOWSKI,5
SULLA,5
SULLEN,5
SULLENBERGER,5
SULLENGER,5
SULLENS,5
SULLEY,5
SULLINGER,5
SULLINS,20
SULLIVAN,810
SULLIVANT,5
SULLOWAY,5
SULLY,5
SULOUFF,5
SULSER,5
SULT,5
SULTAIRE,5
SULTAN,10
SULTANA,5
SULTANI,5
SULTEMEIER,5
SULTON,5
SULTZER,5
SULYMA,5
SULZBACH,5
SULZEN,5
SULZER,5
SULZMAN,5
SUM,5
SUMA,5
SUMABAT,5
SUMAN,5
SUMARAN,5
SUMAS,5
SUMATZKUKU,5
SUMAYA,5
SUMBERA,5
SUMBLER,5
SUMBRY,5
SUMERA,5
SUMERALL,5
SUMERISKI,5
SUMERIX,5
SUMERLIN,5
SUMERS,5
SUMEY,5
SUMI,5
SUMIDA,5
SUMINSKI,5
SUMLAR,5
SUMLER,10
SUMLIN,10
SUMMA,5
SUMMAR,5
SUMMARELL,5
SUMMARS,5
SUMMER,20
SUMMERALL,10
SUMMERFIELD,10
SUMMERFORD,5
SUMMERHAYS,5
SUMMERHILL,5
SUMMERILL,5
SUMMERLIN,30
SUMMERLOT,5
SUMMEROUR,5
SUMMERS,230
SUMMERSET,5
SUMMERSON,5
SUMMERTON,5
SUMMERVILLE,20
SUMMEY,10
SUMMITT,5
SUMMONS,5
SUMMY,10
SUMNER,80
SUMNERS,5
SUMNEY,5
SUMP,5
SUMPTER,30
SUMPTION,5
SUMRALL,20
SUMRELL,5
SUMROW,5
SUMRULD,5
SUMSION,5
SUMSTAD,5
SUMTER,10
SUN,30
SUND,10
SUNDAHL,5
SUNDAY,10
SUNDBERG,20
SUNDBLAD,5
SUNDBORG,5
SUNDBY,5
SUNDE,5
SUNDEEN,5
SUNDELL,5
SUNDER,5
SUNDERLAND,20
SUNDERLIN,5
SUNDERMAN,10
SUNDERMEYER,5
SUNDET,5
SUNDHOLM,5
SUNDIN,5
SUNDLING,5
SUNDMAN,5
SUNDQUIST,10
SUNDSETH,5
SUNDSTROM,5
SUNDT,5
SUNESON,5
SUNFORD,5
SUNG,10
SUNGA,5
SUNIER,5
SUNIGA,10
SUNKEL,5
SUNN,5
SUNNIGA,5
SUNS,5
SUNSERI,10
SUNSHINE,5
SUNSTROM,5
SUNYICH,5
SUOBODA,5
SUOMELA,5
SUOMINEN,5
SUON,5
SUOZZI,5
SUOZZO,5
SUPER,10
SUPERNAULT,5
SUPERNAW,5
SUPINO,5
SUPNET,5
SUPPA,5
SUPPLE,5
SUPPLEE,5
SUPPLICE,5
SUPRENANT,5
SUPRY,5
SUR,5
SURA,5
SURACE,5
SURAN,5
SURANO,5
SURBAUGH,5
SURBELLA,5
SURBER,20
SURDAM,5
SUREN,5
SURES,5
SURETTE,10
SURFACE,20
SURGEON,5
SURGOINE,5
SURGUY,5
SURI,5
SURIANO,5
SURIEL,5
SURINA,5
SURITA,5
SURKAMER,5
SURLES,10
SURLS,5
SURMA,5
SURMAN,5
SURMINEC,5
SURO,5
SUROWKA,5
SURPRENANT,5
SURPRIS,5
SURPRISE,5
SURRA,5
SURRAN,5
SURRATT,20
SURRELL,5
SURRENCY,5
SURRETT,10
SURRETTE,5
SURREY,5
SURRIDGE,5
SURVANT,5
SURVIS,5
SURWILLO,5
SURYAN,5
SURYANARAYANA,5
SUSA,5
SUSAN,5
SUSANA,5
SUSANIN,5
SUSANY,5
SUSI,5
SUSICH,5
SUSKAY,5
SUSKI,5
SUSKIN,5
SUSKO,5
SUSLA,5
SUSMAN,5
SUSMILCH,5
SUSOEV,5
SUSONG,5
SUSOR,5
SUSS,5
SUSSEX,5
SUSSMAN,20
SUSSWEIN,5
SUSTAIRE,5
SUSTAITA,10
SUSTAR,5
SUSZYNSKI,5
SUTCH,5
SUTCLIFF,5
SUTCLIFFE,10
SUTER,10
SUTERA,10
SUTFIN,5
SUTHAR,5
SUTHER,5
SUTHERBURG,5
SUTHERLAND,90
SUTHERLIN,5
SUTHERS,5
SUTHOFF,5
SUTIC,5
SUTKUS,5
SUTLER,5
SUTLEY,5
SUTLIFF,10
SUTO,5
SUTOR,5
SUTPHEN,5
SUTPHIN,20
SUTT,5
SUTTEE,5
SUTTELL,5
SUTTEN,5
SUTTER,30
SUTTERFIELD,10
SUTTIE,5
SUTTIN,5
SUTTLE,10
SUTTLES,20
SUTTON,380
SUTULOVICH,5
SUTYAK,5
SUVADA,5
SUWANNAKINTHO,5
SUYAMA,5
SUYDAM,5
SUYDAN,5
SUZUKI,20
SVANCARA,5
SVARE,5
SVATEK,5
SVATOS,5
SVAY,5
SVEC,5
SVEDIN,5
SVEDINE,5
SVEEN,5
SVEHLA,5
SVENDSEN,10
SVENNINGSEN,5
SVENNUNGSEN,5
SVENSEN,5
SVENSON,5
SVERCHEK,5
SVETLAK,5
SVETLIK,5
SVETZ,5
SVEUM,5
SVINTH,5
SVOB,5
SVOBODA,10
SVOBODNY,5
SVRCEK,5
SWAB,5
SWABB,5
SWABE,5
SWABY,5
SWACKHAMMER,5
SWADE,5
SWADER,10
SWADLING,5
SWAFFORD,40
SWAGER,5
SWAGERTY,5
SWAGGART,5
SWAGGER,5
SWAGGERT,5
SWAGGERTY,5
SWAILES,5
SWAILS,5
SWAIM,20
SWAIN,120
SWAINE,5
SWAINEY,5
SWAINSTON,5
SWAISGOOD,5
SWAIT,5
SWALES,5
SWALLEY,5
SWALLOW,10
SWALLOWS,5
SWAM,5
SWAMM,5
SWAMP,5
SWAMY,5
SWAN,80
SWANAGAN,5
SWANAY,5
SWANBERG,5
SWANCEY,5
SWANCUTT,5
SWANDA,5
SWANDER,5
SWANER,5
SWANEY,10
SWANGER,10
SWANGO,5
SWANHART,5
SWANICK,5
SWANIGAN,10
SWANK,30
SWANKE,5
SWANN,50
SWANNER,10
SWANSBROUGH,5
SWANSEN,5
SWANSON,290
SWANSTON,5
SWANSTROM,5
SWANT,5
SWANTAK,5
SWANTECK,5
SWANTEK,5
SWANTKO,5
SWANTNER,5
SWANTON,5
SWANZY,5
SWAPP,5
SWARAT,5
SWARB,5
SWARD,5
SWAREY,10
SWARINGEN,5
SWARM,5
SWARN,5
SWARNER,5
SWARR,5
SWART,10
SWARTHOUT,10
SWARTLEY,5
SWARTOUT,5
SWARTS,10
SWARTWOOD,10
SWARTWOUT,5
SWARTZ,90
SWARTZBAUGH,5
SWARTZBECK,5
SWARTZEL,5
SWARTZELL,5
SWARTZENDRUBE,5
SWARTZENTRUBE,5
SWARTZFAGER,5
SWARTZLANDER,5
SWARTZMAN,5
SWARTZMILLER,5
SWARTZWELDER,5
SWARY,5
SWASEY,10
SWATEK,5
SWATLOSKI,5
SWATMAN,5
SWATSKI,5
SWATSWORTH,5
SWATT,5
SWATZELL,10
SWAUGER,5
SWAVELY,5
SWAYNE,10
SWAYNOS,5
SWAYZE,10
SWAYZER,5
SWEADNER,5
SWEANEY,5
SWEANY,5
SWEAREGENE,5
SWEARENGEN,5
SWEARENGIN,10
SWEARINGEN,30
SWEARINGER,5
SWEARINGIN,5
SWEARNGEN,5
SWEARNGIN,5
SWEAT,40
SWEATFIELD,5
SWEATMAN,10
SWEATMON,5
SWEATT,20
SWEAZEY,5
SWEAZY,5
SWECKER,5
SWED,5
SWEDA,5
SWEDBERG,5
SWEDE,5
SWEDEEN,5
SWEDENBURG,5
SWEDLUND,5
SWEE,5
SWEED,5
SWEEDEN,5
SWEELEY,5
SWEELY,5
SWEEM,5
SWEEN,5
SWEENE,5
SWEENEY,180
SWEENY,10
SWEEP,5
SWEERE,5
SWEERS,5
SWEESY,5
SWEET,130
SWEETEN,10
SWEETIN,5
SWEETING,10
SWEETLAND,5
SWEETMAN,10
SWEETON,5
SWEETS,5
SWEETSER,5
SWEETWOOD,5
SWEEZER,5
SWEEZEY,5
SWEEZY,5
SWEFFORD,5
SWEGER,5
SWEHLA,5
SWEIGARD,5
SWEIGART,5
SWEIGERT,5
SWEIS,5
SWEITZER,10
SWELEY,5
SWELGART,5
SWELL,5
SWELT,5
SWEM,5
SWENCESKI,5
SWENDSEN,5
SWENEY,5
SWENK,5
SWENOR,5
SWENSEN,10
SWENSON,70
SWENSSON,5
SWENTON,5
SWENTZEL,5
SWEPSON,5
SWERDLOFF,5
SWERDLOW,5
SWESTKA,5
SWETLAND,5
SWETNAM,5
SWETS,5
SWETT,20
SWEZEY,5
SWIAT,5
SWIATEK,5
SWIATKOWSKI,5
SWICEGOOD,5
SWICK,10
SWICKARD,5
SWICKHEIMER,5
SWICORD,5
SWIDA,5
SWIDER,10
SWIDERSKI,10
SWIECA,5
SWIECH,5
SWIERCZEK,5
SWIERCZYNSKI,5
SWIERENGA,5
SWIERK,5
SWIETONIOWSKI,5
SWIFT,90
SWIGART,10
SWIGER,20
SWIGERT,10
SWIGGETT,5
SWIGGUM,5
SWIHART,10
SWILER,5
SWILLE,5
SWILLER,5
SWILLEY,10
SWILLING,5
SWIM,10
SWIMM,5
SWIMMER,5
SWIMS,10
SWINDALL,5
SWINDELL,20
SWINDERMAN,5
SWINDLE,20
SWINDLER,10
SWINDOLL,5
SWINEA,5
SWINEFORD,5
SWINEHART,10
SWINERTON,5
SWINEY,10
SWINFORD,10
SWING,10
SWINGEN,5
SWINGER,5
SWINGLE,10
SWINGLER,5
SWINK,20
SWINNEY,20
SWINNY,5
SWINSON,10
SWINT,10
SWINTON,20
SWIRCZEK,5
SWIRE,5
SWIRES,5
SWIRSKY,5
SWISHER,40
SWISS,5
SWISSHELM,5
SWIST,5
SWISTAK,5
SWITALSKI,5
SWITCHER,5
SWITHENBANK,5
SWITZER,50
SWOAGER,5
SWOAP,5
SWOBODA,10
SWOFFER,5
SWOFFORD,10
SWOGGER,5
SWOLLEY,5
SWONGER,5
SWONKE,5
SWOOPE,10
SWOOPES,5
SWOPE,30
SWOPES,10
SWOPSHIRE,5
SWOR,5
SWORD,10
SWORDS,10
SWOYER,5
SWYERS,5
SWYGERT,5
SWYMER,5
SY,10
SYAL,5
SYAS,5
SYBERT,5
SYBOUNHEUAN,5
SYCK,5
SYDDALL,5
SYDNER,5
SYDNES,5
SYDNEY,5
SYDNOR,10
SYDOW,10
SYED,10
SYER,5
SYERS,5
SYKES,140
SYKORA,10
SYKTICH,5
SYLER,5
SYLLA,5
SYLNEY,5
SYLVA,10
SYLVAIN,10
SYLVAN,5
SYLVE,5
SYLVER,5
SYLVEST,5
SYLVESTER,80
SYLVESTRE,10
SYLVIA,20
SYLVIAN,5
SYLVIS,5
SYMANSKI,5
SYMEON,5
SYMES,5
SYMKOWICK,5
SYMMES,5
SYMMONDS,5
SYMON,5
SYMONDS,10
SYMONS,10
SYMORE,5
SYMPSON,5
SYNAKOWSKI,5
SYNAN,5
SYNDER,10
SYNDERGAARD,5
SYNER,5
SYNNOTT,5
SYNOVIC,5
SYNOWIEC,5
SYON,5
SYPHARD,5
SYPHER,5
SYPHERS,5
SYPNIEWSKI,5
SYPOLT,5
SYPULT,5
SYRACUSE,5
SYREK,5
SYRETT,5
SYRIA,5
SYRING,5
SYROP,5
SYRRAKOS,5
SYRSTAD,5
SYSAK,5
SYSYN,5
SYTA,5
SYTSMA,5
SYVERSEN,5
SYVERSON,10
SYVERTSEN,5
SYZDEK,5
SZABAT,5
SZABLEWSKI,5
SZABO,20
SZACHEWICZ,5
SZADY,5
SZAFLARSKI,5
SZAFRAN,5
SZAFRANIEC,5
SZAFRANSKI,5
SZAFRYK,5
SZAL,5
SZALA,5
SZALAI,5
SZALANKIEWICZ,5
SZALAY,5
SZANTO,5
SZAREK,5
SZATKOWSKI,5
SZCZEBLEWSKI,5
SZCZEPANEK,5
SZCZEPANIAK,5
SZCZEPANIK,5
SZCZEPANSKI,5
SZCZEPKOWSKI,5
SZCZESNIAK,5
SZCZESNY,5
SZCZUREK,5
SZCZYGIEL,5
SZE,5
SZEKELY,5
SZEKULA,5
SZENASI,5
SZERBIN,5
SZEREDY,5
SZERLONG,5
SZERMER,5
SZERSZEN,5
SZESTERNIAK,5
SZETO,10
SZEWC,5
SZEWCZAK,5
SZEWCZYK,5
SZIGETHY,5
SZILAGYI,5
SZITAR,5
SZKLARSKI,5
SZLOSEK,5
SZMALC,5
SZMIDT,5
SZNEJKOWSKI,5
SZOC,5
SZOCKI,5
SZOKA,5
SZOKE,5
SZOLLOSI,5
SZOPINSKI,5
SZOSTAK,5
SZOT,5
SZPAK,5
SZUBA,5
SZUBINSKI,5
SZUCH,5
SZUFAT,5
SZULIMOWSKI,5
SZUMIESZ,5
SZUMIGALA,5
SZUMILAS,5
SZUMNY,5
SZUMSKI,5
SZUSZKIEWICZ,5
SZWAJA,5
SZWARC,5
SZWED,5
SZWEDA,5
SZWEDE,5
SZWEJBKA,5
SZYCHOWSKI,5
SZYDLOWSKI,5
SZYMANOWSKI,5
SZYMANSKI,20
SZYMANSKY,5
SZYMCZAK,5
SZYMCZYK,5
SZYMKOWSKI,5
SZYMONIK,5
SZYMULA,5
SZYNKOWICZ,5
SZYPOWSKI,5
SZYSH,5
SZYSZKA,5
TA,10
TAAFFE,5
TAAKE,5
TAAL,5
TABACK,5
TABAG,5
TABAK,5
TABAR,5
TABARES,10
TABAREZ,10
TABATABAI,5
TABATT,5
TABB,20
TABBAA,5
TABBERT,5
TABELING,5
TABER,30
TABERSKI,5
TABET,5
TABIAN,5
TABICAS,5
TABIN,5
TABION,5
TABIOS,5
TABISOLA,5
TABISULA,5
TABLADA,5
TABLANG,5
TABLER,5
TABLES,5
TABOADA,5
TABOLT,5
TABON,5
TABONE,5
TABOR,70
TABORA,5
TABORDA,5
TABORN,5
TABRON,10
TABUENA,5
TACADINA,5
TACASON,5
TACATA,5
TACCARIELLO,5
TACCETTA,5
TACCONE,5
TACCONI,5
TACDERAN,5
TACDEREN,5
TACDOL,5
TACEY,5
TACHAUER,5
TACHENY,5
TACK,10
TACKE,5
TACKER,10
TACKES,5
TACKET,5
TACKETT,60
TACKETTE,5
TACKITT,10
TACNEAU,5
TACOPINO,5
TACY,5
TADA,5
TADD,5
TADDEI,5
TADDEO,5
TADDIO,5
TADDONIO,5
TADE,5
TADEMY,5
TADENA,5
TADEO,5
TADESSE,5
TADGERSON,5
TADIELLO,5
TADLOCK,10
TADMAN,5
TADT,5
TADYCH,5
TAECKER,5
TAEGEL,5
TAETZSCH,5
TAFEL,5
TAFELSKI,5
TAFF,10
TAFFE,5
TAFFER,5
TAFITI,5
TAFLINGER,5
TAFOLLA,10
TAFOYA,20
TAFRESHI,5
TAFT,40
TAFURI,5
TAG,5
TAGABAN,5
TAGACA,5
TAGALA,5
TAGALOE,5
TAGALOG,5
TAGAMI,5
TAGATA,5
TAGG,5
TAGGART,30
TAGGE,5
TAGGERT,5
TAGHON,5
TAGLAUER,5
TAGLE,5
TAGLIALATELA,5
TAGLIARINI,5
TAGLIAVIA,5
TAGLIENTE,5
TAGLIERI,5
TAGS,5
TAGUCHI,5
TAGUE,10
TAGUPA,5
TAHA,5
TAHERI,5
TAHIR,5
TAHON,5
TAHU,5
TAI,10
TAIBI,5
TAIBL,5
TAIL,5
TAILLEFER,5
TAILLON,5
TAILOR,5
TAING,10
TAINTER,5
TAINTOR,5
TAIRA,5
TAIT,20
TAITAGUE,5
TAITE,5
TAITT,5
TAIWO,5
TAJ,5
TAJIMA,5
TAJIRI,5
TAJUDEEN,5
TAK,5
TAKACH,5
TAKACS,10
TAKAGI,5
TAKAHASHI,20
TAKAI,5
TAKAKI,5
TAKALA,5
TAKAOKA,5
TAKARA,5
TAKASHIMA,5
TAKATA,5
TAKAYAMA,5
TAKEDA,5
TAKEHARA,5
TAKEMOTO,5
TAKEMURA,5
TAKENAKA,5
TAKER,5
TAKES,5
TAKESHITA,5
TAKETA,5
TAKEUCHI,5
TAKI,5
TAKIGUCHI,5
TAKO,5
TALAGA,5
TALAHYTEWA,5
TALAMANTE,5
TALAMANTES,10
TALAMANTEZ,10
TALAMAS,5
TALAMENTEZ,5
TALAMO,5
TALARICO,10
TALARO,5
TALAS,5
TALASKA,5
TALAT,5
TALAVERA,10
TALAYUMPTEWA,5
TALBERT,50
TALBOT,70
TALBOTI,5
TALBOTT,30
TALBURT,5
TALCOTT,5
TALENT,5
TALENTINO,5
TALERICO,5
TALFORD,5
TALHELM,5
TALIAFERRO,10
TALIB,5
TALICSKA,5
TALIFERRO,5
TALIMAN,5
TALIULU,5
TALK,5
TALKINGTON,10
TALL,10
TALLACKSEN,5
TALLADA,5
TALLADINO,5
TALLANT,10
TALLARICO,5
TALLAS,5
TALLENT,30
TALLERICO,5
TALLEUT,5
TALLEY,130
TALLIE,5
TALLIS,5
TALLMADGE,5
TALLMAN,20
TALLON,5
TALLUTO,5
TALLY,10
TALMADGE,10
TALMAGE,10
TALMAN,5
TALONE,5
TALOR,5
TALSKY,5
TALSMA,5
TALTON,10
TALTY,10
TALVY,5
TALYOR,5
TAM,30
TAMAI,5
TAMANAHA,5
TAMARGO,5
TAMARO,5
TAMAS,5
TAMASHIRO,5
TAMAYO,30
TAMBASCO,5
TAMBE,5
TAMBLYN,5
TAMBORLANE,5
TAMBUNGA,5
TAMBURELLO,5
TAMBURINO,5
TAMBURO,5
TAMBURRELLI,5
TAMBURRI,5
TAMBURRINO,5
TAMBURRO,5
TAMER,5
TAMERON,5
TAMES,5
TAMEZ,20
TAMI,5
TAMIMI,5
TAMIYA,5
TAMKIN,5
TAMLIN,5
TAMM,5
TAMMARO,10
TAMMEN,5
TAMMINEN,5
TAMMO,5
TAMONDONG,5
TAMPLIN,10
TAMPORELLO,5
TAMS,5
TAMULIS,5
TAMURA,10
TAN,50
TANABE,5
TANAKA,30
TANBERG,5
TANCER,5
TANCREDI,5
TANDE,5
TANDETZKE,5
TANDON,5
TANDUS,5
TANDY,10
TANEJA,5
TANEN,5
TANENBAUM,5
TANEQUODLE,5
TANEY,5
TANG,60
TANGABEKYAN,5
TANGARI,5
TANGARO,5
TANGEMAN,5
TANGEN,5
TANGERMAN,5
TANGERT,5
TANGNEY,5
TANGO,5
TANGREDI,5
TANGREN,5
TANGRI,5
TANGUAY,10
TANGUMA,5
TANH,5
TANI,5
TANIGAWA,5
TANIGUCHI,5
TANIKELLA,5
TANIMOTO,5
TANIOUS,5
TANIS,5
TANK,5
TANKARD,5
TANKE,5
TANKER,5
TANKERSLEY,20
TANKERSLY,5
TANKESLY,5
TANKS,5
TANKSLEY,10
TANKSON,5
TANKXLEY,5
TANN,10
TANNA,5
TANNAHILL,5
TANNAZZO,5
TANNEHILL,10
TANNEN,5
TANNENBAUM,10
TANNER,190
TANNERY,5
TANNEY,5
TANNIEHILL,5
TANNOUS,5
TANON,5
TANORI,5
TANOUE,5
TANOUS,5
TANOUYE,10
TANSEY,10
TANSIL,5
TANSKI,5
TANSLEY,5
TANT,10
TANTILLO,5
TANTON,5
TANTUM,5
TANWEER,5
TANZER,5
TANZI,5
TANZMAN,5
TANZOSCH,5
TAO,10
TAOMOTO,5
TAORMINA,10
TAPAHA,5
TAPALES,5
TAPANES,5
TAPAOAN,5
TAPAT,5
TAPE,5
TAPER,5
TAPHOUS,5
TAPIA,100
TAPIAN,5
TAPIJA,5
TAPIO,5
TAPLEY,20
TAPLIN,10
TAPP,30
TAPPA,5
TAPPAN,5
TAPPE,5
TAPPEINER,5
TAPPEN,5
TAPPENDORF,5
TAPPER,10
TAPPIN,5
TAPPIS,5
TAPS,5
TAPSCOTT,10
TAQUE,5
TARA,5
TARABOKIJA,5
TARABORELLI,5
TARALLO,5
TARAN,5
TARANGELO,5
TARANGO,20
TARANTINO,10
TARANTO,10
TARAS,5
TARASCHKE,5
TARASCIO,5
TARASUIK,5
TARAY,5
TARAZON,5
TARBELL,10
TARBERT,5
TARBET,5
TARBOR,5
TARBORO,5
TARBOX,10
TARBUTTON,5
TARDIE,5
TARDIF,10
TARDIFF,20
TARDIO,5
TARDUGNO,5
TARDUNO,5
TARDY,10
TARELLA,5
TARGETT,5
TARIN,10
TARIQ,5
TARKA,5
TARKENTON,5
TARKEY,5
TARKINGTON,10
TARKOWSKI,5
TARLETON,10
TARLEY,5
TARLING,5
TARLOW,5
TARLTON,5
TARMAN,5
TARMEY,5
TARNER,5
TARNOFF,5
TARNOWSKI,10
TARONE,5
TARPEY,5
TARPLEY,10
TARPY,5
TARQUINIO,5
TARR,20
TARRAN,5
TARRANCE,10
TARRANT,20
TARRANTS,5
TARRAS,5
TARRATS,5
TARRENCE,5
TARRENIS,5
TARRICONE,5
TARRIEN,5
TARRING,5
TARRIS,5
TARRO,5
TARRY,10
TARSHIS,5
TARSIS,5
TARSKI,5
TART,10
TARTAGLIA,10
TARTAGLINO,5
TARTAGLIONE,5
TARTAMELLA,5
TARTAR,5
TARTE,5
TARTER,10
TARTSAH,5
TARTT,10
TARUC,5
TARUER,5
TARUFELLI,5
TARVER,30
TARVIN,10
TARVIS,5
TARWATER,10
TARZIA,5
TASBY,5
TASCH,5
TASCHEREAU,5
TASCHLER,5
TASCHNER,5
TASH,10
TASHIMA,5
TASHIRO,5
TASHJIAN,5
TASHMAN,5
TASKER,10
TASKEY,5
TASLER,5
TASMA,5
TASSA,5
TASSE,5
TASSEY,5
TASSIE,5
TASSIN,5
TASSINARI,5
TASSO,5
TASSON,5
TASSONE,10
TASSONI,5
TASTET,5
TASTO,5
TAT,5
TATA,5
TATAR,5
TATARIS,5
TATE,310
TATEL,5
TATEM,5
TATES,5
TATEVOSIAN,5
TATGE,5
TATHAM,10
TATIS,5
TATLOCK,5
TATMAN,10
TATNALL,5
TATOM,10
TATON,5
TATOR,5
TATRO,20
TATSAK,5
TATSAPAUGH,5
TATSCH,5
TATSUHARA,5
TATSUNO,5
TATSUTA,5
TATTERS,5
TATTERSALL,5
TATTERSHALL,5
TATTON,5
TATTRIE,5
TATU,5
TATUM,110
TAUALII,5
TAUARES,5
TAUAREZ,5
TAUB,10
TAUBE,10
TAUBER,10
TAUBERT,5
TAUBLEE,5
TAUBMAN,5
TAUCHER,5
TAUER,5
TAUL,10
TAULA,5
TAULBEE,10
TAULMAN,5
TAUNTON,10
TAURAS,5
TAURINO,5
TAUS,5
TAUSCH,5
TAUSCHER,5
TAUSSIG,5
TAUTEOLI,5
TAUTOLO,5
TAUTUIAKI,5
TAUZIN,5
TAVAKOLI,5
TAVANA,5
TAVANO,5
TAVARES,40
TAVAREZ,10
TAVARIS,5
TAVE,5
TAVELLA,5
TAVENNER,5
TAVERA,10
TAVERAB,5
TAVERAS,20
TAVERNA,5
TAVERNER,5
TAVERNIA,5
TAVERNIER,5
TAVES,5
TAVIRA,5
TAVIS,5
TAVOLACCI,5
TAVOLARIO,5
TAVOLIERI,5
TAVORN,5
TAWIL,5
TAWNEY,10
TAWWAB,5
TAWWATER,5
TAY,10
TAYAG,5
TAYAN,5
TAYBRON,5
TAYDUS,5
TAYLAN,5
TAYLAR,5
TAYLER,5
TAYLOE,5
TAYLOR,3110
TAYMON,5
TAYO,5
TAYOR,5
TAYS,5
TAYSE,5
TAZELAAR,5
TAZEWELL,5
TAZZARA,5
TCHAKIAN,5
TE,5
TEA,10
TEABO,5
TEACH,5
TEACHEY,5
TEACHMAN,5
TEACHOUT,10
TEAFF,5
TEAFORD,5
TEAGARDEN,5
TEAGER,5
TEAGLE,5
TEAGUE,100
TEAGUES,5
TEAHAN,5
TEAKELL,5
TEAL,30
TEALER,5
TEALL,5
TEAMER,5
TEANO,5
TEAQUE,5
TEAR,5
TEARE,5
TEAS,5
TEASDALE,5
TEASE,5
TEASLEY,10
TEASTER,5
TEAT,5
TEATER,5
TEATOR,5
TEATS,5
TEBAR,5
TEBAY,5
TEBBE,5
TEBBETTS,5
TEBBS,5
TEBEAU,5
TEBO,10
TEBOW,5
TECCHIO,5
TECHAIRA,5
TECHAU,5
TECKLENBURG,5
TECSON,5
TECUANHUEY,5
TEDDER,20
TEDDICK,5
TEDDY,5
TEDER,5
TEDEROUS,5
TEDESCHI,10
TEDESCO,20
TEDESKO,5
TEDFORD,10
TEDRICK,5
TEDROW,10
TEE,10
TEECE,5
TEED,10
TEEGARDEN,10
TEEHAN,5
TEEHEE,5
TEEKASINGH,5
TEEL,40
TEELE,5
TEEM,5
TEEMER,5
TEEMS,10
TEEPE,5
TEEPLE,10
TEEPLES,5
TEER,10
TEES,5
TEESDALE,5
TEET,5
TEETER,30
TEETERS,10
TEETS,10
TEETZ,5
TEFERA,5
TEFERTILLER,5
TEFFETELLER,5
TEFFT,10
TEGAN,5
TEGARDEN,5
TEGELER,5
TEGENKAMP,5
TEGETHOFF,5
TEGNER,5
TEGTMEIER,5
TEGTMEYER,5
TEHAN,5
TEHNEY,5
TEHRANI,5
TEI,5
TEICH,5
TEICHER,5
TEICHERT,5
TEICHMAN,5
TEICHMANN,5
TEICHMILLER,5
TEICHROW,5
TEIG,5
TEIGEN,5
TEISBERG,5
TEISSEDRE,5
TEITEL,5
TEITELBAUM,10
TEITENBERG,5
TEITSORT,5
TEITSWORTH,5
TEIXEIRA,20
TEIXERIA,5
TEJADA,30
TEJADILLA,5
TEJEDA,30
TEJEDOR,5
TEJEIRO,5
TEJERA,5
TEKAUTZ,5
TEKELL,5
TEKIPPE,5
TEKLU,5
TEKULVE,5
TELA,5
TELANDER,5
TELCH,5
TELCHIK,5
TELECKY,5
TELEGA,5
TELEP,5
TELES,5
TELESCO,5
TELFAIR,5
TELFER,5
TELFORD,10
TELGEN,5
TELKAMP,5
TELL,5
TELLADO,5
TELLE,5
TELLEFSEN,5
TELLEFSON,5
TELLER,10
TELLERIA,5
TELLERS,5
TELLES,10
TELLEZ,30
TELLIER,10
TELLINGHUISEN,5
TELLIO,5
TELLIS,10
TELLMAN,5
TELLO,20
TELLY,5
TELMAN,5
TELSCHOW,5
TELTSCHIK,5
TEMAN,5
TEMBLADOR,5
TEMBY,5
TEMKIN,5
TEMME,10
TEMONEY,5
TEMORES,5
TEMOSHENKA,5
TEMP,5
TEMPE,5
TEMPEL,5
TEMPELTON,5
TEMPEST,5
TEMPESTA,5
TEMPLE,80
TEMPLEMAN,10
TEMPLER,5
TEMPLES,10
TEMPLET,5
TEMPLETON,50
TEMPLIN,10
TEN,5
TENA,5
TENAGLIA,5
TENAMORE,5
TENANT,5
TENARIO,5
TENBRINK,5
TENBUSCH,5
TENCER,5
TENCH,5
TENCZA,5
TENDA,5
TENDICK,5
TENEBRUSO,5
TENEN,5
TENENBAUM,5
TENER,5
TENEROVICH,5
TENEROWICZ,5
TENERY,5
TENEYCK,10
TENG,5
TENGAN,10
TENGBEN,5
TENGWALL,5
TENHAEFF,5
TENHARMSEL,5
TENHOFF,5
TENHOLDER,5
TENLEY,5
TENN,5
TENNANT,30
TENNENT,5
TENNER,5
TENNESON,5
TENNESSEE,5
TENNETT,5
TENNEY,30
TENNIES,5
TENNILL,5
TENNILLE,5
TENNIS,5
TENNISON,10
TENNON,5
TENNY,5
TENNYSON,20
TENO,5
TENOFSKY,5
TENOR,5
TENORE,5
TENORIO,20
TENPAS,5
TENPENNY,5
TENSLEY,5
TENT,5
TENTION,5
TENTLER,5
TENUTA,5
TENZER,5
TEO,5
TEODORO,5
TEOH,5
TEP,5
TEPE,5
TEPER,5
TEPEZANO,5
TEPFER,5
TEPLER,5
TEPLEY,5
TEPLICA,5
TEPP,5
TEPPER,10
TEPPERBERG,5
TEPPO,5
TEQUE,5
TERADA,5
TERAMOTO,5
TERAN,10
TERANDO,5
TERANISHI,5
TERAULT,5
TERAVAINEN,5
TERAZES,5
TERBOSS,5
TERBUSH,5
TERCERO,5
TERELL,5
TEREPKA,5
TERESA,5
TERESI,5
TERESKA,5
TERHAAR,5
TERHAR,5
TERHARK,5
TERHEGGEN,5
TERHERST,5
TERHORST,5
TERHUNE,10
TERI,5
TERINONI,5
TERKELSEN,5
TERLECKI,5
TERLIZZI,5
TERMAN,5
TERMEER,5
TERMILUS,5
TERMINI,5
TERNASKY,5
TERNES,5
TERNEY,5
TERNULLO,5
TERO,5
TEROGANESYAN,5
TERP,5
TERPENING,5
TERPSTRA,10
TERR,5
TERRA,5
TERRACCIANO,5
TERRACE,5
TERRACINA,5
TERRALL,5
TERRANCE,5
TERRANO,5
TERRANOVA,10
TERRASAS,5
TERRASI,5
TERRAZAS,20
TERRE,5
TERREBONNE,5
TERREL,5
TERRELL,150
TERRENCE,5
TERRERO,5
TERRES,5
TERRETT,5
TERREY,5
TERREZZA,5
TERRI,5
TERRIAN,5
TERRIBLE,5
TERRIEN,5
TERRILL,30
TERRIO,10
TERRIS,5
TERRITO,5
TERRON,5
TERRONE,5
TERRONES,10
TERRONEZ,5
TERRY,400
TERSIGNI,5
TERSTAGE,5
TERSTEEG,5
TERTINEK,5
TERUEL,5
TERVO,5
TERVORT,5
TERWEY,5
TERWILLEGAR,5
TERWILLIGER,10
TERZIAN,5
TERZO,5
TES,5
TESAR,5
TESAURO,5
TESCH,20
TESCHLER,5
TESCHNER,5
TESH,5
TESKA,5
TESKE,10
TESKEY,5
TESLER,5
TESLOW,5
TESMAR,5
TESMER,5
TESNOW,5
TESORIERO,5
TESORO,5
TESREAU,5
TESS,5
TESSENDORF,5
TESSENEER,5
TESSEYMAN,5
TESSIER,10
TESSITORE,5
TESSLER,5
TESSMAN,5
TESSMER,5
TESSNER,5
TEST,5
TESTA,20
TESTANI,5
TESTEN,5
TESTER,10
TESTERMAN,10
TESTMAN,5
TESTOLIN,5
TESTON,10
TETEAK,5
TETER,10
TETERS,5
TETI,5
TETLEY,5
TETLOW,5
TETO,5
TETRAULT,10
TETREAU,5
TETREAULT,20
TETRICK,5
TETRO,5
TETTEH,5
TETTER,5
TETTERTON,5
TETU,5
TETZ,5
TETZLAFF,5
TETZLOFF,5
TEUFEL,5
TEUSCHER,5
TEUTEBERG,5
TEVADA,5
TEVEBAUGH,5
TEVERBAUGH,5
TEVES,5
TEVIS,10
TEVLIN,5
TEW,20
TEWA,5
TEWANI,5
TEWARI,5
TEWELL,5
TEWES,5
TEWKSBURY,10
TEWMEY,5
TEWOLDE,5
TEWS,10
TEXADA,5
TEXEIRA,10
TEXIDOR,5
TEXIERA,5
TEXTER,5
TEXTOR,5
TEYLER,5
TEZAK,5
TEZENO,5
THACH,10
THACHER,5
THACKABERRY,5
THACKER,80
THACKERAY,5
THACKERY,5
THACKREY,5
THACKSTON,5
THACKXTON,5
THADEN,5
THADISON,5
THADY,5
THAEMERT,5
THAGARD,5
THAGGARD,5
THAI,20
THAIN,5
THAKE,5
THAKER,5
THAKKAR,5
THAKUR,5
THAL,5
THALACKER,5
THALER,10
THALHEIMER,5
THALL,5
THALLER,5
THALLS,5
THALMAN,5
THALMANN,5
THAM,5
THAMAN,5
THAMANN,5
THAMES,30
THAMMAVONG,5
THAMMAVONGSA,5
THAMMORONGSA,5
THAMPHIA,5
THAN,5
THANAS,5
THANASOUK,5
THANE,5
THANEM,5
THANG,5
THANGAVELU,5
THANIEL,5
THANOS,5
THANPAENG,5
THANSAMAI,5
THAO,40
THARALDSON,5
THARNISH,5
THARP,60
THARPE,20
THARRINGTON,5
THATCH,5
THATCHER,30
THATE,5
THAU,5
THAUT,5
THAVICHITH,5
THAXTON,20
THAY,5
THAYER,70
THAYN,5
THAYNE,5
THEAKER,5
THEALL,5
THEAM,5
THEARD,5
THEAUX,5
THEBEAU,5
THEBERGE,10
THEBO,5
THEDE,5
THEDEN,5
THEDFORD,10
THEE,5
THEEL,5
THEEMAN,5
THEESFELD,5
THEIL,5
THEILEN,5
THEILER,5
THEILING,5
THEIM,5
THEIMER,5
THEIN,5
THEINERT,5
THEIS,20
THEISEN,20
THEISS,10
THELEMAQUE,5
THELEN,10
THELIN,5
THELL,5
THELMON,5
THEM,5
THEMOT,5
THEN,5
THENHAUS,5
THEO,5
THEOBALD,10
THEODORATOS,5
THEODORE,10
THEODOROPOULO,5
THEODOROV,5
THEOPHILUS,5
THEOS,5
THEPBANTHAO,5
THERESA,5
THERIAULT,30
THERIEN,5
THERIOT,30
THERO,5
THEROUX,10
THERRELL,5
THERRES,5
THERRIAULT,5
THERRIEN,20
THERURER,5
THESING,5
THESSING,5
THETFORD,10
THEUENIN,5
THEULE,5
THEUNER,5
THEUNISSEN,5
THEURER,5
THEURET,5
THEUS,10
THEVENIN,5
THEW,5
THEWS,5
THI,5
THIARA,5
THIBADEAU,5
THIBAUDEAU,5
THIBAULT,20
THIBAUT,5
THIBEAU,5
THIBEAULT,20
THIBEAUX,5
THIBEDEAU,5
THIBERT,5
THIBIDEAU,5
THIBODAUX,10
THIBODEAU,40
THIBODEAUX,40
THIBOUTOT,5
THICKE,5
THIDPHY,5
THIE,5
THIEBEAULT,5
THIEDE,10
THIEKLIN,5
THIEL,30
THIELBAR,5
THIELE,10
THIELEMANN,5
THIELEMIER,5
THIELEN,20
THIELGES,5
THIELMAN,5
THIEM,5
THIEMAN,5
THIEMANN,5
THIEME,5
THIENGTHAM,5
THIER,5
THIERAUF,5
THIERMAN,5
THIERRY,5
THIERY,5
THIES,20
THIESFELD,5
THIESSE,5
THIESSEN,10
THIGPEN,40
THIGPIN,5
THILGES,5
THILKING,5
THILL,10
THILLET,5
THILMONY,5
THIM,5
THIMMES,5
THIMMESCH,5
THINGVOLD,5
THIRY,5
THISSEN,5
THISTLE,5
THISTLETHWAIT,5
THIVENER,5
THIVIERGE,5
THIXTON,5
THOAMS,5
THOBBS,5
THOBEN,5
THOBURN,5
THOBY,5
THODE,5
THODY,5
THOE,5
THOELE,5
THOEN,5
THOENE,5
THOENNES,5
THOENY,5
THOLE,10
THOLEN,5
THOM,20
THOMA,20
THOMAE,5
THOMAN,10
THOMANN,5
THOMAS,3110
THOMASES,5
THOMASON,90
THOMASSEN,5
THOMASSON,10
THOMASTON,5
THOMBS,5
THOME,10
THOMECZEK,5
THOMEN,5
THOMER,5
THOMES,5
THOMETZ,5
THOMISON,5
THOMLEY,5
THOMLINSON,5
THOMLISON,5
THOMMARSON,5
THOMPKINS,20
THOMPON,5
THOMPSOM,5
THOMPSON,2690
THOMS,10
THOMSEN,30
THOMSON,80
THOMSPON,5
THOMURE,5
THON,5
THONE,5
THONEN,5
THONG,5
THONGCHANH,5
THONGDY,5
THONNEY,5
THOR,10
THORADE,5
THORAN,5
THORBURN,5
THORELL,5
THOREN,5
THORESEN,5
THORESON,10
THORIN,5
THORINGTON,5
THORLEY,5
THORMAEHLEN,5
THORMAHLEN,5
THORMAN,5
THORMER,5
THORMINA,5
THORN,40
THORNBERG,5
THORNBERRY,10
THORNBOROUGH,5
THORNBORROW,5
THORNBROUGH,5
THORNBRUGH,5
THORNBURG,30
THORNBURGH,5
THORNBURY,5
THORNDIKE,5
THORNDYKE,5
THORNE,70
THORNELL,10
THORNER,5
THORNES,5
THORNGREN,5
THORNHILL,30
THORNLEY,10
THORNOCK,5
THORNQUIST,5
THORNS,5
THORNSBERRY,10
THORNSBURY,5
THORNTON,310
THORNWELL,5
THOROUGHGOOD,5
THOROUGHMAN,5
THORP,30
THORPE,80
THORSEN,10
THORSNESS,5
THORSON,20
THORSTAD,5
THORSTED,5
THORSTEN,5
THORSTENSON,5
THORTON,30
THOUVENEL,5
THRAEN,5
THRAILKILL,10
THRALL,10
THRAMER,5
THRAMS,5
THRAN,5
THRAPP,5
THRASH,30
THRASHER,50
THREADGILL,10
THREAT,5
THREATS,5
THREATT,10
THREET,10
THREETS,5
THRELFALL,5
THRELKELD,10
THRESHER,10
THRESS,5
THRIFT,10
THRILL,5
THRO,5
THROCKMORTON,10
THROGMORTON,5
THRONDSON,5
THRONE,5
THRONEBERRY,5
THRONEBURG,5
THRONSON,5
THRONTON,5
THROOP,10
THROPE,5
THROSSELL,5
THROWER,20
THRUMAN,5
THRUN,5
THRUNE,5
THRUSH,10
THRUSTON,5
THRUTHLEY,5
THU,5
THUESEN,5
THUL,5
THULIN,5
THULL,5
THUM,5
THUMA,5
THUMAN,5
THUMM,5
THUNBERG,5
THUNDERCLOUD,5
THUNE,5
THUNEY,5
THUOTTE,5
THUR,5
THURAU,5
THURBER,20
THURBY,5
THURGOOD,5
THURINGER,5
THURLBY,5
THURLOW,10
THURM,5
THURMAN,100
THURMER,5
THURMON,5
THURMOND,20
THURN,5
THURNER,5
THURNESS,5
THURRELL,5
THURSBY,5
THURSTON,60
THURSTONSON,5
THURTON,5
THURY,5
THUSS,5
THWAITES,5
THWEATT,5
THY,5
THYBERG,5
THYFAULT,5
THYGERSON,5
THYNE,5
THYNG,5
TIAN,5
TIANGCO,5
TIANO,10
TIBBALS,5
TIBBERT,5
TIBBETS,5
TIBBETTS,30
TIBBIT,5
TIBBITS,10
TIBBITTS,10
TIBBLES,5
TIBBS,40
TIBERI,5
TIBERIO,5
TIBLIER,5
TIBOLLA,5
TIBONI,5
TIBOR,5
TIBURCIO,5
TIBWELL,5
TICA,5
TICAS,5
TICE,30
TICER,5
TICHACEK,5
TICHENOR,10
TICHI,5
TICHNELL,5
TICHY,5
TICK,5
TICKLE,10
TICKNER,5
TICKNOR,5
TIDBALL,5
TIDD,10
TIDEY,5
TIDMORE,5
TIDRICK,5
TIDRINGTON,5
TIDWELL,90
TIEDE,5
TIEDEMAN,10
TIEDEMANN,10
TIEDT,5
TIEFENAUER,5
TIEFENBRUN,5
TIEGER,5
TIEGS,5
TIEHEN,5
TIEKEN,5
TIELKING,5
TIELL,5
TIEMAN,10
TIEMANN,10
TIEMENS,5
TIEMEYER,5
TIEN,5
TIENDA,5
TIENG,5
TIENKEN,5
TIER,5
TIERCE,5
TIERMAN,5
TIERNAN,10
TIERNEY,40
TIERNO,5
TIESZEN,5
TIET,5
TIETGE,5
TIETJE,5
TIETJEN,10
TIETJENS,5
TIETZ,5
TIETZE,5
TIEU,5
TIFF,5
TIFFANY,20
TIFFEE,5
TIFFIN,5
TIFFNER,5
TIFFT,5
TIFT,5
TIGANO,5
TIGAR,5
TIGER,10
TIGERINO,5
TIGERT,5
TIGG,5
TIGGES,5
TIGGS,10
TIGHE,20
TIGNER,10
TIGNEY,5
TIGNOR,10
TIGUE,5
TIJERINA,40
TIJERINO,5
TIJERNIA,5
TIJING,5
TIKKANEN,5
TILBURY,5
TILDEN,5
TILEY,5
TILFORD,10
TILGHMAN,10
TILGNER,5
TILL,10
TILLBERG,5
TILLBERRY,5
TILLE,5
TILLEMA,5
TILLEMAN,5
TILLER,30
TILLERY,40
TILLETT,10
TILLEY,60
TILLIE,5
TILLINGHAST,5
TILLIS,20
TILLISON,10
TILLMAN,150
TILLMON,10
TILLOTSON,20
TILLOU,5
TILLSON,10
TILLY,10
TILMAN,10
TILMON,5
TILOTTA,5
TILOW,5
TILSON,10
TILT,5
TILTON,30
TILUS,5
TILZER,5
TIM,5
TIMAR,5
TIMAS,5
TIMBER,5
TIMBERLAKE,20
TIMBERMAN,5
TIMBERS,5
TIMBLIN,5
TIMBRELL,5
TIMBROOK,5
TIMBS,5
TIMCHAK,5
TIMCHULA,5
TIMENEZ,5
TIMES,5
TIMI,5
TIMINSKY,5
TIMKO,10
TIMLIN,5
TIMM,30
TIMME,5
TIMMEL,5
TIMMER,10
TIMMERBERG,5
TIMMERMAN,20
TIMMERMANN,5
TIMMERMANS,5
TIMMERS,5
TIMMINS,10
TIMMIS,5
TIMMONS,80
TIMMRECK,5
TIMMS,20
TIMON,5
TIMONE,5
TIMONERE,5
TIMONS,5
TIMOTEO,5
TIMOTHE,5
TIMOTHY,10
TIMPE,5
TIMPER,5
TIMPERMAN,5
TIMPONE,5
TIMPSON,10
TIMS,10
TIMSON,5
TIMUS,5
TIN,5
TINA,5
TINAJERO,5
TINCH,10
TINCHER,20
TINDAL,10
TINDALL,20
TINDEL,5
TINDELL,10
TINDER,5
TINDLE,10
TINDOL,5
TINE,5
TINELLI,5
TINEO,10
TINER,10
TINES,5
TING,5
TINGEN,5
TINGER,5
TINGEY,5
TINGLE,20
TINGLER,5
TINGLEY,10
TINGSTROM,5
TINGWALD,5
TININ,5
TINIUS,5
TINKER,30
TINKEY,5
TINKHAM,10
TINKLE,10
TINKLENBERG,5
TINKLER,5
TINLEY,5
TINLIN,5
TINN,5
TINNEA,5
TINNEBERG,5
TINNEL,5
TINNELL,5
TINNER,5
TINNERELLO,5
TINNES,5
TINNEY,20
TINNIN,10
TINNON,5
TINO,5
TINOCO,10
TINSLEY,60
TINSMAN,5
TINSON,5
TINSTMAN,5
TINTINGER,5
TINTLE,5
TINUCCI,5
TIO,5
TIOGANGCO,5
TIOTUICO,5
TIPKA,5
TIPLER,10
TIPOLD,5
TIPPEN,5
TIPPENS,5
TIPPERY,5
TIPPET,5
TIPPETS,5
TIPPETT,10
TIPPETTS,5
TIPPEY,5
TIPPIE,5
TIPPIN,5
TIPPING,5
TIPPINS,5
TIPPIT,5
TIPPLE,5
TIPPS,10
TIPPY,5
TIPRE,5
TIPSWORD,5
TIPTON,100
TIRABASSI,5
TIRADO,50
TIRCUIT,5
TIREY,5
TIRINO,5
TIRK,5
TIRO,5
TIRONA,5
TIRONE,5
TIRPAK,5
TIRRELL,10
TIRRI,5
TIRY,5
TISA,5
TISBY,5
TISCARENO,5
TISCH,5
TISCHER,5
TISCHLER,5
TISCHNER,5
TISDAL,5
TISDALE,40
TISDEL,5
TISDELL,5
TISE,5
TISH,5
TISHER,5
TISHLER,5
TISI,5
TISINGER,5
TISO,5
TISON,5
TISOR,5
TISSOT,5
TISUE,5
TITCH,5
TITCHENER,5
TITCOMB,10
TITH,5
TITLER,5
TITLOW,5
TITMAN,5
TITMUS,5
TITO,5
TITONE,5
TITSWORTH,10
TITTERINGTON,5
TITTERNESS,5
TITTL,5
TITTLE,10
TITUS,60
TITZE,5
TITZER,5
TIU,5
TIVAR,5
TIVIS,5
TIWALD,5
TIX,5
TIXIER,5
TIZNADO,5
TIZON,5
TJADEN,5
TJANDRA,5
TJARKS,5
TJELMELAND,5
TJEPKEMA,5
TKACH,5
TKACIK,5
TKACZ,5
TLAMKA,5
TLATELPA,5
TLATENCHI,5
TLLO,5
TLUCEK,5
TLUMACKI,5
TO,10
TOA,5
TOADVINE,5
TOAL,5
TOALA,5
TOALSON,5
TOAN,5
TOASTON,5
TOBACCO,5
TOBACK,5
TOBAN,5
TOBAR,10
TOBE,5
TOBECK,5
TOBER,10
TOBERT,5
TOBERY,5
TOBEY,20
TOBIA,5
TOBIAS,50
TOBIASON,5
TOBIASSEN,5
TOBIASSON,5
TOBIASZ,5
TOBIN,70
TOBLER,10
TOBOLA,5
TOBOLSKI,5
TOBON,5
TOBORG,5
TOBOSA,5
TOBOZ,5
TOBY,5
TOCA,5
TOCCHIO,5
TOCCI,5
TOCCO,10
TOCE,5
TOCHER,5
TOCHTERMAN,5
TOCK,5
TOCKEY,5
TOCZEK,5
TOD,5
TODA,5
TODAHL,5
TODARO,10
TODD,300
TODDY,5
TODESCHI,5
TODESCO,5
TODHUNTER,5
TODISCO,5
TODMAN,5
TODOR,5
TODORA,5
TODOROFF,5
TODOROVICH,5
TODT,5
TODY,5
TOEDEBUSCH,5
TOEFIELD,5
TOELKE,5
TOELKES,5
TOELLE,5
TOELLER,5
TOENGES,5
TOENJES,5
TOEPEL,5
TOEPFER,5
TOEPKE,5
TOEPPERWEIN,5
TOEVS,5
TOEWS,5
TOFANELLI,5
TOFANI,5
TOFFLEMIRE,5
TOFFTON,5
TOFIL,5
TOFOLLA,5
TOFT,5
TOFTE,5
TOGASHI,5
TOGNAZZINI,5
TOGNETTI,5
TOGNI,5
TOGUCHI,5
TOH,5
TOHEN,5
TOHER,5
TOHILL,5
TOHONNIE,5
TOINTON,5
TOJO,5
TOK,5
TOKAR,5
TOKARSKI,5
TOKARZ,10
TOKAY,5
TOKI,5
TOKICH,5
TOKIHIRO,5
TOKITA,5
TOKKESDAL,5
TOKLEY,5
TOKUNAGA,5
TOKUOKA,5
TOLA,5
TOLAN,10
TOLAND,10
TOLAR,10
TOLAYO,5
TOLBENT,5
TOLBERT,100
TOLCHIN,5
TOLDEN,5
TOLDNESS,5
TOLE,5
TOLEDANO,5
TOLEDO,40
TOLEFREE,5
TOLEN,5
TOLENTINO,20
TOLER,40
TOLES,10
TOLESTON,5
TOLFREE,5
TOLHURST,5
TOLIN,5
TOLINE,5
TOLIONGCO,5
TOLIVER,30
TOLL,10
TOLLE,10
TOLLEFSEN,5
TOLLEFSON,10
TOLLEFSRUD,5
TOLLER,10
TOLLERSON,5
TOLLERUD,5
TOLLES,5
TOLLESON,10
TOLLETT,10
TOLLEY,20
TOLLIN,5
TOLLINCHI,5
TOLLISON,10
TOLLIVER,40
TOLLMAN,5
TOLLNER,5
TOLLY,5
TOLMAN,20
TOLMICH,5
TOLMIE,5
TOLOMEO,5
TOLONTINO,5
TOLOSA,5
TOLOSKY,5
TOLSON,20
TOLSTON,5
TOLVE,5
TOLZMANN,5
TOM,30
TOMA,5
TOMAINO,5
TOMALA,5
TOMAN,10
TOMANEK,5
TOMARO,5
TOMAS,20
TOMASEK,5
TOMASELLI,5
TOMASELLO,5
TOMASETTI,5
TOMASH,5
TOMASI,5
TOMASIC,5
TOMASINI,10
TOMASINO,5
TOMASKI,5
TOMASKO,5
TOMASSI,5
TOMASSO,5
TOMASSON,5
TOMASULO,5
TOMASZEWSKI,10
TOMASZYCKI,5
TOMB,5
TOMBERLIN,10
TOMBLESON,5
TOMBLIN,10
TOMBLINSON,5
TOMBRELLO,5
TOMBS,5
TOMCZAK,10
TOME,5
TOMEHAK,5
TOMEI,5
TOMEK,5
TOMELDAN,5
TOMER,5
TOMERLIN,5
TOMES,10
TOMEY,5
TOMICH,5
TOMICHEK,5
TOMIDY,5
TOMILSON,5
TOMISIN,5
TOMITA,10
TOMJACK,5
TOMKA,5
TOMKIEWICZ,5
TOMKINS,5
TOMKO,10
TOMKOWICZ,5
TOMKUS,5
TOMLIN,50
TOMLINSON,90
TOMLISON,5
TOMMASINO,5
TOMME,5
TOMMIE,5
TOMMOLINO,5
TOMOPOULOS,5
TOMORY,5
TOMPKIN,5
TOMPKINS,80
TOMPSETT,5
TOMPSON,10
TOMS,20
TOMSCHE,5
TOMSHACK,5
TOMSIC,5
TOMSICH,5
TOMSICK,5
TOMSKI,5
TOMSON,5
TOMSPON,5
TON,10
TONAI,5
TONAS,5
TONCHE,5
TONCREY,5
TONDER,5
TONDRE,5
TONDREAU,10
TONE,10
TONELLI,5
TONELSON,5
TONER,20
TONES,5
TONETTI,5
TONEY,80
TONG,30
TONGATE,5
TONGE,5
TONGREN,5
TONGUE,5
TONI,5
TONIATTI,5
TONIC,5
TONINI,5
TONKIN,10
TONKS,5
TONN,10
TONNAR,5
TONNE,5
TONNER,5
TONNESEN,5
TONNESON,5
TONNESSEN,5
TONOZZI,5
TONREY,5
TONSALL,5
TONSCHOCK,5
TONSIL,5
TONTARSKI,5
TONTI,5
TONY,5
TONZI,5
TOO,5
TOODLE,5
TOOF,5
TOOHEY,10
TOOKE,5
TOOKER,5
TOOKES,10
TOOKMANIAN,5
TOOKS,5
TOOLAN,5
TOOLE,20
TOOLES,5
TOOLEY,20
TOOLS,5
TOOLSIRAM,5
TOOLSON,5
TOOMAN,5
TOOMBS,20
TOOMER,10
TOOMES,5
TOOMEY,20
TOOMS,5
TOOMSEN,5
TOON,10
TOONE,10
TOOP,5
TOOR,5
TOOT,5
TOOTHACRE,5
TOOTHAKER,10
TOOTHILL,5
TOOTHMAN,10
TOOTLE,5
TOOZE,5
TOP,5
TOPACIO,5
TOPAL,5
TOPALIAN,5
TOPE,10
TOPEL,5
TOPER,5
TOPETE,10
TOPEZ,5
TOPHAM,5
TOPI,5
TOPIA,5
TOPICK,5
TOPINKA,5
TOPLIFFE,5
TOPLIN,5
TOPLISS,5
TOPLISTKY,5
TOPLK,5
TOPNESS,5
TOPOIAN,5
TOPOLANSKY,5
TOPOLEWSKI,5
TOPOLINSKI,5
TOPOLOSKY,5
TOPOLSKI,5
TOPOR,5
TOPOREK,5
TOPP,10
TOPPA,5
TOPPAH,5
TOPPEN,5
TOPPER,10
TOPPI,5
TOPPIN,5
TOPPING,10
TOPPINGS,5
TOPPINS,5
TOPPS,10
TOQUINTO,5
TORAIN,10
TORAN,5
TORBECK,5
TORBERT,10
TORBETT,10
TORBIT,5
TORBORG,5
TORBUS,5
TORCHIA,5
TORCHIO,5
TORDA,5
TORDSEN,5
TORELL,5
TORELLI,5
TORELLO,5
TOREN,5
TORES,10
TOREY,5
TOREZ,5
TORGERSEN,5
TORGERSON,20
TORGESON,5
TORGRIMSON,5
TORGUSON,5
TORIAN,10
TORIBIO,10
TORIELLO,5
TORIGIAN,5
TORINA,5
TORINO,5
TORIVIO,5
TORK,5
TORKELSON,10
TORKILDSEN,5
TORMA,5
TORMEY,5
TORN,5
TORNABENE,5
TORNATORE,5
TORNER,5
TORNES,5
TORNESE,5
TORNGREN,5
TORNINCASA,5
TORNO,5
TORNOW,5
TORNQUIST,5
TORO,30
TOROK,5
TOROMANIDES,5
TORONGEAU,5
TORP,5
TORPEY,10
TORRA,5
TORRADO,5
TORRAIN,5
TORRALBA,5
TORRALVA,5
TORRANCE,10
TORRANO,5
TORRE,10
TORREBLANCA,5
TORRECILLAS,5
TORRED,5
TORREGROSA,5
TORREGROSSA,5
TORRELL,5
TORRELLA,5
TORRENCE,30
TORRENS,5
TORRENT,5
TORREON,5
TORRES,1080
TORRESON,5
TORRESS,5
TORREY,20
TORREZ,60
TORRI,5
TORRICO,5
TORRIE,5
TORRIJOS,5
TORRILLO,5
TORRION,5
TORRIS,5
TORRISI,5
TORROS,5
TORRUELLAS,5
TORRY,5
TORSET,5
TORSIELLO,5
TORSTRICK,5
TORTELLI,5
TORTI,5
TORTOLANO,5
TORTORA,5
TORTORELLA,5
TORTORELLI,5
TORTORICE,5
TORTORICI,5
TORTORIELLO,5
TORTU,5
TORUNO,5
TORY,5
TOSADO,5
TOSCANI,5
TOSCANO,20
TOSCH,5
TOSCHES,5
TOSCO,5
TOSH,10
TOSI,5
TOSIC,5
TOSO,5
TOSSIE,5
TOSTA,5
TOSTADO,10
TOSTANOSKI,5
TOSTE,5
TOSTEN,5
TOSTI,5
TOSTO,5
TOTA,5
TOTARO,5
TOTE,5
TOTEN,5
TOTH,60
TOTHEROW,5
TOTI,5
TOTIN,5
TOTING,5
TOTINO,5
TOTMAN,5
TOTO,5
TOTOSZ,5
TOTOTZINTLE,5
TOTT,5
TOTTEN,30
TOTTER,5
TOTTINGHAM,5
TOTTY,5
TOTZKE,5
TOUAR,5
TOUART,5
TOUBY,5
TOUCH,5
TOUCHARD,5
TOUCHET,10
TOUCHETTE,10
TOUCHSTONE,10
TOUCHTON,5
TOUDLE,5
TOUGAS,5
TOUHEY,5
TOUHY,5
TOULMIN,5
TOULOUSE,5
TOULSON,5
TOUMA,5
TOUNEY,5
TOUPE,5
TOUPIN,10
TOUPS,10
TOURE,5
TOURIGNY,5
TOURIKIS,5
TOURTELLOTTE,5
TOURTELOTTE,5
TOURTILLOTT,5
TOURVILLE,10
TOUSANT,5
TOUSEY,5
TOUSIGNANT,10
TOUSLEY,5
TOUSOM,5
TOUSSAINT,20
TOUSSAND,5
TOUSSANT,5
TOUSSIANT,5
TOUT,5
TOUTON,5
TOUVELL,5
TOVAR,70
TOVES,5
TOVEY,5
TOVIAS,5
TOVMASYAN,5
TOVREA,5
TOW,10
TOWBER,5
TOWE,10
TOWELL,10
TOWELS,5
TOWER,20
TOWERS,10
TOWERY,10
TOWEY,5
TOWLE,20
TOWLER,10
TOWLERTON,5
TOWLES,10
TOWLEY,5
TOWLSON,5
TOWN,10
TOWNE,20
TOWNER,20
TOWNES,30
TOWNLEY,10
TOWNS,30
TOWNSAND,5
TOWNSEL,10
TOWNSELL,5
TOWNSEND,300
TOWNSLEY,10
TOWNSON,10
TOWNZEN,5
TOWRY,10
TOWSE,5
TOWSEND,5
TOWSLEY,5
TOWSON,5
TOXEY,5
TOY,20
TOYA,5
TOYAMA,5
TOYE,5
TOYN,5
TOYNE,5
TOYOSHIMA,5
TOYOTA,5
TOZER,5
TOZIER,10
TOZLOSKI,5
TOZZI,5
TRABAZO,5
TRABER,5
TRABERT,5
TRABOLD,5
TRABUCCO,5
TRABUE,5
TRAC,5
TRACE,5
TRACEWELL,5
TRACEY,20
TRACHSEL,5
TRACHTE,5
TRACHTENBERG,5
TRACY,110
TRACZYK,5
TRAD,5
TRADER,10
TRADUP,5
TRAEGER,5
TRAFF,5
TRAFFANSTEDT,5
TRAFFORD,5
TRAFICANTE,5
TRAFTON,10
TRAGER,5
TRAGESER,5
TRAGESSER,5
TRAHAN,50
TRAHER,5
TRAHERN,5
TRAHIN,5
TRAICOFF,5
TRAIL,10
TRAILL,5
TRAILOR,5
TRAIN,5
TRAINA,5
TRAINER,10
TRAINHAM,5
TRAINO,5
TRAINOR,20
TRAINUM,5
TRAISTER,5
TRAJILLO,5
TRAM,5
TRAMBLE,5
TRAME,5
TRAMEL,10
TRAMELL,5
TRAMM,5
TRAMMEL,10
TRAMMELL,40
TRAMMER,5
TRAMONTANO,5
TRAMONTE,5
TRAMONTI,5
TRAMP,5
TRAMPE,5
TRAN,240
TRANA,5
TRANBARGER,5
TRANCOSO,5
TRANE,5
TRANEL,5
TRANER,5
TRANG,5
TRANI,5
TRANK,5
TRANMER,5
TRANSOU,5
TRANSUE,5
TRANT,5
TRANTER,5
TRANTHAM,20
TRANUM,5
TRAPALIS,5
TRAPANESE,5
TRAPANI,10
TRAPASSO,5
TRAPENI,5
TRAPHAGEN,5
TRAPP,40
TRAPPER,5
TRAPPEY,5
TRASHER,5
TRASK,30
TRASPORT,5
TRASS,5
TRASTER,5
TRATAR,5
TRATTNER,5
TRAUB,10
TRAUBE,5
TRAUERNICHT,5
TRAUGH,5
TRAUGHBER,5
TRAUGOTT,5
TRAUM,5
TRAUNFELD,5
TRAUSCH,5
TRAUSCHT,5
TRAUT,5
TRAUTH,5
TRAUTMAN,10
TRAUTMANN,5
TRAUTNER,5
TRAUTWEIN,5
TRAUTZ,5
TRAUX,5
TRAVAGLIO,5
TRAVALI,5
TRAVELSTEAD,5
TRAVER,10
TRAVERS,30
TRAVERSA,5
TRAVERSE,5
TRAVERSO,10
TRAVES,5
TRAVIESO,5
TRAVILLIAN,5
TRAVILLION,5
TRAVINO,5
TRAVIS,140
TRAVISS,5
TRAW,5
TRAWEEK,5
TRAWICK,10
TRAX,5
TRAXLER,10
TRAXSON,5
TRAYCHEFF,5
TRAYER,5
TRAYLER,5
TRAYLOR,60
TRAYNHAM,5
TRAYNOR,10
TRAYWICK,5
TRBOVICH,5
TREACY,5
TREADAWAY,10
TREADWAY,30
TREADWELL,40
TREAKLE,5
TREAMER,5
TREANOR,5
TREAR,5
TREASE,5
TREASTER,5
TREASURE,5
TREAT,20
TREBBE,5
TREBESCH,5
TREBIL,5
TREBILCOCK,5
TREBON,5
TRECARICHI,5
TRECROCI,5
TREDENNICK,5
TREDER,5
TREDINNICK,5
TREDO,5
TREDWAY,5
TREDWELL,5
TREECE,20
TREEN,5
TREES,5
TREESE,5
TREFETHEN,5
TREFF,5
TREFFERT,5
TREFRY,5
TREFTZ,5
TREFZ,5
TREGAN,5
TREGER,5
TREGLIA,5
TREGO,10
TREGONING,5
TREGRE,10
TREHARNE,5
TREHERNE,5
TREIB,5
TREIBER,10
TREIBLE,5
TREICHEL,5
TREICHLER,5
TREIDER,5
TREINE,5
TREINEN,5
TREISCH,5
TREISTER,5
TREJO,60
TREJOS,5
TRELA,5
TRELEVEN,5
TRELL,5
TRELLES,5
TRELOAR,5
TREMAIN,5
TREMAINE,10
TREMAYNE,5
TREMBATH,5
TREMBINSKI,5
TREMBLAY,30
TREMBLE,5
TREMBLEY,10
TREMBLY,5
TREMEL,5
TREMELLING,5
TREMILLO,5
TREML,5
TREMMEL,5
TREMONT,5
TREMORE,5
TREMPER,10
TRENARY,5
TRENBEATH,5
TRENCH,5
TRENCHARD,5
TREND,5
TRENDELL,5
TRENH,5
TRENHOLM,5
TRENHOLME,5
TRENKLE,5
TRENNELL,5
TRENOR,5
TRENT,100
TRENTACOSTE,5
TRENTHAM,5
TRENTINELLA,5
TRENTINI,5
TRENTMAN,5
TRENTO,5
TRENTON,5
TRENTZ,5
TREOLA,5
TREON,5
TREPAGNIER,5
TREPANIER,10
TREPTOW,5
TRESCA,5
TRESCH,5
TRESCOTT,5
TRESLER,5
TRESO,5
TRESS,5
TRESSEL,5
TRESSELT,5
TRESSLER,10
TREST,5
TRESTER,5
TRESTON,5
TRESVANT,5
TRETERA,5
TRETHEWAY,5
TRETHEWEY,5
TRETINA,5
TRETO,5
TRETOLA,5
TRETT,5
TRETTER,5
TRETTIN,5
TREUSDELL,5
TREUTEL,5
TREUTER,5
TREVARTHEN,5
TREVATHAN,5
TREVES,5
TREVETHAN,5
TREVETT,5
TREVEY,5
TREVIGNE,5
TREVILLIAN,5
TREVILLION,5
TREVINO,190
TREVIS,5
TREVISAN,5
TREVISONE,5
TREVITHICK,5
TREVIZO,10
TREVOR,5
TREVORROW,5
TREW,10
TREWHITT,5
TREWIN,5
TREWORGY,5
TREXEL,5
TREXLER,10
TREZISE,5
TREZZA,5
TRI,5
TRIAL,5
TRIANA,10
TRIANO,5
TRIARSI,5
TRIAS,5
TRIBBETT,5
TRIBBEY,5
TRIBBLE,30
TRIBBY,5
TRIBE,5
TRIBLE,5
TRIBLETT,5
TRIBLEY,5
TRIBOU,5
TRIBUE,5
TRICAMO,5
TRICARICO,5
TRICE,30
TRICHE,10
TRICHEL,5
TRICHELL,5
TRICK,5
TRICKEL,5
TRICKETT,5
TRICKEY,5
TRICOCHE,5
TRICOLI,5
TRICOMI,5
TRIDENTI,5
TRIDER,5
TRIDLE,5
TRIECE,5
TRIEGER,5
TRIER,5
TRIEU,5
TRIFERO,5
TRIFFO,5
TRIFILETTI,5
TRIFONE,5
TRIGG,20
TRIGGS,10
TRIGILLO,5
TRIGLETH,5
TRIGLIA,5
TRIGO,5
TRIGUEIRO,5
TRIGUEROS,5
TRIGURO,5
TRILL,5
TRILLANA,5
TRILLAS,5
TRILLER,5
TRILLI,5
TRILLING,5
TRILLO,5
TRILT,5
TRIM,10
TRIMARCHI,5
TRIMARCO,5
TRIMBACH,5
TRIMBLE,60
TRIMBOLI,5
TRIMINO,5
TRIMIS,5
TRIMM,10
TRIMMELL,5
TRIMMER,10
TRIMNAL,5
TRIMNELL,5
TRIMPE,5
TRINCA,5
TRINDLE,5
TRINE,5
TRINGALI,5
TRINGHAM,5
TRINH,20
TRINIDAD,30
TRINKA,5
TRINKL,5
TRINKLE,10
TRINKLEIN,5
TRINKLEY,5
TRINKS,5
TRIO,5
TRIOLA,5
TRIOLO,5
TRIPI,5
TRIPLET,5
TRIPLETT,70
TRIPLETTE,5
TRIPODI,5
TRIPOLI,5
TRIPP,80
TRIPPANY,5
TRIPPE,5
TRIPPEL,5
TRIPPENSEE,5
TRIPPET,5
TRIPPETT,5
TRIPPI,5
TRIPPLETT,5
TRISCH,5
TRISCHITTA,5
TRISDALE,5
TRISH,5
TRISKA,5
TRISLER,10
TRISTAN,10
TRITCH,5
TRITES,5
TRITLE,5
TRITSCH,5
TRITT,10
TRITTEN,5
TRITTO,5
TRITZ,5
TRIVANE,5
TRIVEDI,5
TRIVENO,5
TRIVETT,10
TRIVETTE,10
TRIVINO,5
TRIVISONNO,5
TRIVITT,5
TRIZARRY,5
TRNKA,5
TRNONG,5
TROBAUGH,5
TROBOUGH,5
TROBRIDGE,5
TROCCHIO,5
TROCCOLI,5
TROCHE,10
TROCHESSET,5
TROCINSKI,5
TRODDEN,5
TROE,5
TROENDLE,5
TROESCH,5
TROESTER,5
TROFF,5
TROFHOLZ,5
TROGDON,10
TROGE,5
TROGLEN,5
TROGLIN,5
TROGSTAD,5
TROHA,5
TROHANOV,5
TROIA,10
TROIANI,5
TROIANO,10
TROIDL,5
TROIKE,5
TROILO,5
TROISE,5
TROISI,5
TROJACEK,5
TROJAHN,5
TROJAK,5
TROJAN,10
TROJANOVICH,5
TROJANOWSKI,10
TROJECKI,5
TROJILLO,5
TROKE,5
TROKEY,5
TROLINGER,5
TROLIO,5
TROLL,5
TROLLER,5
TROLLINGER,10
TROLLOPE,5
TROMBA,5
TROMBETTA,10
TROMBINO,5
TROMBLAY,5
TROMBLE,5
TROMBLEY,20
TROMBLY,10
TROMBURG,5
TROMETTER,5
TROMLEY,5
TROMP,5
TROMPETER,5
TRON,5
TRONAAS,5
TRONCOSO,10
TRONE,5
TRONGONE,5
TRONNES,5
TRONSTAD,5
TRONT,5
TRONZO,5
TROOP,5
TROOST,5
TROPEA,5
TROPIANO,5
TROPP,5
TROSCLAIR,10
TROSEN,5
TROSIEN,5
TROSPER,10
TROSSBACH,5
TROST,10
TROSTEL,5
TROSTLE,5
TROTH,5
TROTMAN,20
TROTOCHAUD,5
TROTT,20
TROTTA,10
TROTTER,80
TROTTI,5
TROTTIER,10
TROTTO,5
TROTTY,5
TROTZ,5
TROUBLEFIELD,5
TROUNG,5
TROUP,10
TROUPE,20
TROUSDALE,5
TROUSER,5
TROUT,50
TROUTMAN,50
TROUTNER,5
TROUTT,10
TROVATO,5
TROVER,5
TROVILLION,5
TROVINGER,5
TROWBRIDGE,20
TROWEL,5
TROWELL,5
TROWER,10
TROWERS,5
TROWERY,5
TROXEL,10
TROXELL,10
TROXIL,5
TROXLER,10
TROY,30
TROYAN,5
TROYANI,5
TROYANO,5
TROYER,20
TRUAN,5
TRUAX,20
TRUBE,5
TRUBEY,5
TRUBY,10
TRUCCHI,5
TRUCCHIO,5
TRUCCO,5
TRUCHAN,5
TRUCHON,5
TRUCKER,5
TRUCKS,5
TRUDE,5
TRUDEAU,30
TRUDEL,10
TRUDELL,10
TRUDELLE,5
TRUDEN,5
TRUDGEON,5
TRUDICS,5
TRUDILLO,5
TRUDNOWSKI,5
TRUDO,5
TRUE,30
TRUEAX,5
TRUEBA,5
TRUEBLOOD,10
TRUEHART,5
TRUEHEART,5
TRUELL,5
TRUELOVE,10
TRUELUCK,5
TRUEMAN,10
TRUESDALE,20
TRUESDELL,10
TRUETT,10
TRUEX,10
TRUFIN,5
TRUGLIA,5
TRUGLIO,5
TRUHE,5
TRUIOLO,5
TRUITT,40
TRUJILLO,180
TRUKA,5
TRULL,20
TRULLI,5
TRULLINGER,5
TRULOCK,5
TRULOVE,5
TRULSON,5
TRULUCK,10
TRULY,5
TRUMAN,20
TRUMBALL,5
TRUMBAUER,10
TRUMBLE,10
TRUMBLEY,5
TRUMBO,10
TRUMBORE,5
TRUMBULL,10
TRUMM,5
TRUMP,10
TRUMPER,5
TRUMPOWER,5
TRUMPP,5
TRUMPS,5
TRUNCELLITO,5
TRUNDLE,5
TRUNDY,5
TRUNER,5
TRUNK,5
TRUNNELL,5
TRUNZO,5
TRUOCCHIO,5
TRUOG,5
TRUONG,50
TRUONT,5
TRUPIA,5
TRUPIANO,5
TRUPP,5
TRUSCOTT,5
TRUSELLO,5
TRUSH,5
TRUSILLO,5
TRUSKOWSKI,5
TRUSLER,5
TRUSLOW,5
TRUSS,10
TRUSSEL,5
TRUSSELL,20
TRUSSLER,5
TRUSSO,5
TRUSTY,10
TRUVER,5
TRUXELL,5
TRUXILLO,5
TRUXLER,5
TRUXON,5
TRY,5
TRYBA,5
TRYBALA,5
TRYBUS,5
TRYGG,5
TRYNER,5
TRYNINEWSKI,5
TRYNOWSKI,5
TRYON,10
TRYPALUK,5
TRYTHALL,5
TRYTTEN,5
TRZASKA,5
TSAI,20
TSAKONAS,5
TSAN,10
TSANG,10
TSANTAKIS,5
TSAO,10
TSASIE,5
TSAU,5
TSCHACHE,5
TSCHANNEN,5
TSCHANZ,5
TSCHETTER,5
TSCHIDA,10
TSCHIRHART,5
TSCHOEPE,5
TSCHUMPERLIN,5
TSCRIOUS,5
TSE,20
TSELEE,5
TSEMETZIS,5
TSENG,10
TSHUDY,5
TSIATSOS,5
TSING,5
TSINNIE,5
TSIRONIS,5
TSISTINAS,5
TSO,10
TSOSIE,20
TSOU,5
TSU,5
TSUBOI,5
TSUCHIDA,5
TSUCHIURA,5
TSUCHIYA,5
TSUDA,5
TSUHA,5
TSUI,5
TSUJI,5
TSUKAMOTO,5
TSUKIYAMA,5
TSUNODA,5
TSURUDA,5
TSUTSUI,5
TSUTSUMI,5
TSUZUKI,5
TU,10
TUA,5
TUAI,5
TUAMOHELOA,5
TUASON,5
TUAZON,5
TUBAUGH,5
TUBB,5
TUBBS,50
TUBBY,5
TUBERGEN,5
TUBERMAN,5
TUBERTINI,5
TUBERVILLE,5
TUBESZEWSKI,5
TUBMAN,5
TUBOLINO,5
TUBVILLE,5
TUCAY,5
TUCCI,20
TUCCIARONE,5
TUCCILLO,5
TUCCIO,5
TUCEK,5
TUCH,5
TUCHMAN,5
TUCHOLSKI,5
TUCHY,5
TUCK,40
TUCKE,5
TUCKER,700
TUCKERMAN,5
TUCKERSON,5
TUCKETT,5
TUCKEY,5
TUCKNOTT,5
TUCZYNSKI,5
TUDELA,5
TUDER,5
TUDISCO,5
TUDMAN,5
TUDOR,20
TUDRUJ,5
TUEL,10
TUELL,5
TUELLER,5
TUENGE,5
TUER,5
TUERK,5
TUESBURG,5
TUEY,5
TUFANO,5
TUFF,5
TUFFEY,5
TUFFIN,5
TUFNELL,5
TUFO,5
TUFT,5
TUFTE,5
TUFTS,10
TUGADE,5
TUGGERSON,5
TUGGIE,5
TUGGLE,30
TUGGLES,5
TUGMAN,5
TUGWELL,5
TUHOLSKI,5
TUIA,5
TUINSTRA,5
TUITE,5
TUITT,5
TUJAGUE,5
TUKES,5
TUKIS,5
TUKUAFA,5
TULEY,5
TULIAU,5
TULINO,5
TULIP,5
TULIS,5
TULK,5
TULL,20
TULLAR,5
TULLER,10
TULLEY,10
TULLIER,5
TULLIO,5
TULLIS,10
TULLISON,5
TULLIUS,5
TULLOCH,5
TULLOCK,5
TULLOS,10
TULLY,20
TUMA,10
TUMAN,5
TUMANENG,5
TUMBAGA,5
TUMBLESON,5
TUMBLESTON,5
TUMBLIN,5
TUMEY,5
TUMINELLO,5
TUMLIN,10
TUMLINSON,5
TUMLISON,5
TUMMINELLO,5
TUMMINIA,5
TUMMONS,5
TUMOLILLO,5
TUMOLO,5
TUMPKIN,5
TUMULTY,5
TUN,5
TUNBY,5
TUNE,10
TUNER,5
TUNG,10
TUNGATE,5
TUNGET,5
TUNICK,5
TUNING,5
TUNIS,5
TUNISON,5
TUNKS,5
TUNNELL,20
TUNNEY,10
TUNNICLIFF,5
TUNON,5
TUNSON,5
TUNSTALL,20
TUOHEY,5
TUOHY,10
TUOMALA,5
TUOMI,5
TUONG,5
TUORTO,5
TUPA,5
TUPACYUPANQUI,5
TUPAJ,5
TUPICK,5
TUPIN,5
TUPLANO,5
TUPPEN,5
TUPPER,10
TUPY,5
TUR,5
TURANO,5
TURANSKY,5
TURAY,5
TURBACUSKI,5
TURBE,5
TURBEN,5
TURBER,5
TURBERVILLE,10
TURBES,5
TURBEVILLE,10
TURBIDE,5
TURBIN,5
TURBINER,5
TURBYFILL,5
TURCHETTA,5
TURCHI,5
TURCIO,5
TURCIOS,10
TURCK,5
TURCO,10
TURCOTT,5
TURCOTTE,20
TURDO,5
TUREK,10
TURELL,5
TURELLO,5
TURES,5
TURESON,5
TURGEON,20
TURI,5
TURIANO,5
TURICK,5
TURINETTI,5
TURJA,5
TURK,40
TURKASZ,5
TURKE,5
TURKEL,5
TURKIN,5
TURKINGTON,5
TURKMAY,5
TURKO,5
TURKOWSKI,5
TURKS,5
TURKUS,5
TURLA,5
TURLEY,40
TURLI,5
TURLICH,5
TURLINGTON,5
TURMAN,30
TURMEL,5
TURMELLE,5
TURNAGE,20
TURNBALL,5
TURNBAUGH,5
TURNBILL,5
TURNBLOM,5
TURNBO,5
TURNBOUGH,5
TURNBOW,20
TURNBULL,30
TURNE,5
TURNEER,5
TURNELL,5
TURNER,1520
TURNES,5
TURNEY,30
TURNHAM,5
TURNIER,5
TURNIPSEED,10
TURNLEY,5
TURNMIRE,5
TURNMYRE,5
TURNNER,5
TURNOW,5
TURNPAUGH,5
TURNQUIST,5
TURNS,5
TURNTINE,5
TUROCY,5
TUROMSHA,5
TUROWSKI,5
TURPEN,10
TURPIANO,5
TURPIN,50
TURRELL,5
TURRENTINE,5
TURREY,5
TURRI,5
TURRIE,5
TURRIETTA,5
TURRIGIANO,5
TURRILL,5
TURRO,5
TURRUBIARTES,5
TURRUBIATES,5
TURSI,5
TURSO,5
TURTLE,5
TURTON,5
TURTURA,5
TURTURO,5
TURTURRO,5
TURVAVILLE,5
TURVEY,5
TURYBURY,5
TURZAK,5
TURZIANO,5
TUSA,5
TUSCHHOFF,5
TUSHOSKI,5
TUSING,10
TUSLER,5
TUSSEY,10
TUSSING,5
TUSTIN,5
TUSTISON,5
TUTAJ,5
TUTAS,5
TUTELA,5
TUTEN,10
TUTER,5
TUTHILL,10
TUTINO,5
TUTKO,5
TUTOKY,5
TUTON,5
TUTONI,5
TUTOR,10
TUTSON,5
TUTT,10
TUTTEROW,5
TUTTERROW,5
TUTTLE,100
TUTTON,5
TUTUSKA,5
TUTWILER,5
TUUKANEN,5
TUXBURY,5
TUXHORN,5
TUY,5
TUZZIO,5
TUZZO,5
TUZZOLO,5
TVEDT,5
TWADDLE,5
TWAIT,5
TWARDY,5
TWEDDELL,5
TWEDDLE,5
TWEDELL,5
TWEDEN,5
TWEDT,10
TWEED,10
TWEEDIE,5
TWEEDLE,5
TWEEDY,10
TWEET,5
TWEHOUS,5
TWELLMAN,5
TWELVES,5
TWERSKY,5
TWETEN,5
TWICHELL,5
TWIDDY,5
TWIDWELL,5
TWIEST,5
TWIET,5
TWIFORD,5
TWIGG,10
TWIGGS,10
TWILLEY,10
TWILLIE,5
TWILLIGEAR,5
TWINAM,5
TWINE,5
TWINER,5
TWINING,5
TWISDALE,5
TWISS,5
TWISSELMAN,5
TWIST,5
TWITCHELL,10
TWITO,5
TWITT,5
TWITTY,10
TWOGOOD,5
TWOHATCHET,5
TWOHEY,5
TWOHIG,5
TWOMBLEY,5
TWOMBLY,10
TWOMEY,10
TWOREK,5
TWYFORD,5
TWYMAN,10
TWYMON,5
TY,5
TYACKE,5
TYBERG,5
TYBURSKI,5
TYCE,5
TYCER,5
TYDEMAN,5
TYDINGS,5
TYE,20
TYER,10
TYERYAR,5
TYGART,5
TYGER,5
TYKSINSKI,5
TYL,5
TYLER,270
TYLMAN,5
TYLOR,10
TYLWALK,5
TYMA,5
TYMESON,5
TYMINSKI,5
TYMON,5
TYMS,5
TYNAN,10
TYNDAL,5
TYNDALL,20
TYNER,30
TYNES,10
TYNIO,5
TYNON,5
TYO,5
TYON,5
TYPHAIR,5
TYRA,5
TYRANCE,5
TYRE,10
TYREE,40
TYRELL,10
TYRER,5
TYRIE,5
TYROL,5
TYRON,5
TYRONE,5
TYRRELL,20
TYRUS,5
TYSARCZYK,5
TYSDAL,5
TYSINGER,5
TYSKA,5
TYSON,130
TYSOR,5
TYSSELING,5
TYSSENS,5
TYSZKO,5
TYTLER,5
TYUS,10
TZENG,5
TZEREMES,5
UBALDO,5
UBALLE,5
UBENCE,5
UBER,5
UBERTINI,5
UBILES,5
UBL,5
UBOLDI,5
UBRY,5
UC,5
UCCELLINI,5
UCCELLO,5
UCCI,5
UCCIO,5
UCHA,5
UCHIDA,10
UCHIMURA,5
UCHIYAMA,5
UCHYTIL,5
UDANI,5
UDDIN,5
UDE,5
UDELL,5
UDICIOUS,5
UDINSKY,5
UDLEY,5
UDO,5
UDOH,5
UDY,5
UEBERSAX,5
UECKER,10
UECKERT,5
UEDA,5
UEHARA,5
UEKI,5
UELMEN,5
UEMURA,5
UENO,5
UERKWITZ,5
UFFELMAN,5
UFFORD,5
UGAITAFA,5
UGALDE,10
UGARTE,10
UGAZ,5
UGLAND,5
UGLOW,5
UGLUM,5
UGOLINI,5
UHAS,5
UHDE,5
UHER,5
UHL,10
UHLENHOPP,5
UHLENKOTT,5
UHLER,5
UHLES,5
UHLICH,5
UHLIG,10
UHLIR,5
UHLMAN,5
UHM,5
UHRHAMMER,5
UHRI,5
UHRICH,5
UHRIG,5
UHRIN,5
UHRMACHER,5
UHYREK,5
UIHLEIN,5
UIMARI,5
UITZ,5
UJANO,5
UK,5
UKEN,5
UKENA,5
UKICH,5
UKNOWN,5
UKOSATA,5
ULABARRO,5
ULANSKI,5
ULATOWSKI,5
ULBERG,5
ULBRICH,5
ULBRICHT,5
ULCENA,5
ULCH,5
ULDRICH,5
ULEMAN,5
ULERIO,5
ULERY,5
ULIANO,5
ULIBARRI,10
ULICH,5
ULICKI,5
ULICNIK,5
ULISCH,5
ULJEVIC,5
ULLAH,5
ULLAND,5
ULLERY,10
ULLMAN,10
ULLMANN,5
ULLO,5
ULLOA,20
ULLOM,5
ULLRICH,10
ULLUM,5
ULM,10
ULMAN,5
ULMEN,5
ULMER,20
ULREY,10
ULRICH,60
ULRICK,5
ULSAMER,5
ULSES,5
ULSETH,5
ULSH,5
ULSHAFER,5
ULSTAD,5
ULTRERAS,5
ULTSCH,5
ULTSEH,5
ULVAN,5
ULVEN,5
ULWELLING,5
ULYSSE,5
UM,5
UMALI,5
UMANA,10
UMANZOR,5
UMBACH,5
UMBARGER,5
UMBAUGH,5
UMBDENSTOCK,5
UMBEL,5
UMBENHAUER,5
UMBERGER,10
UMBRELL,5
UMBRIGHT,5
UMEH,5
UMEZAWA,5
UMFLEET,5
UMHOLTZ,5
UMIN,5
UMLAND,5
UMLAUF,5
UMNUS,5
UMPHENOUR,5
UMPHLETT,5
UMPHRESS,5
UMPHREY,5
UMSCHEID,5
UMSTEAD,10
UNANGST,5
UNAVAILABLE,5
UNCAPHER,5
UNCH,5
UNCK,5
UNDERBERG,5
UNDERCOFFLER,5
UNDERDAHL,5
UNDERDOWN,5
UNDERDUE,5
UNDERHILL,30
UNDERKOFFLER,5
UNDERKOFLER,5
UNDERLAND,5
UNDERWOOD,240
UNG,10
UNGA,5
UNGAR,10
UNGARO,5
UNGER,50
UNGERECHT,5
UNGERLAND,5
UNGERLEIDER,5
UNGERMAN,5
UNGLAUB,5
UNGLESBEE,5
UNGVARSKY,5
UNIACKE,5
UNICK,5
UNIKEL,5
UNION,5
UNKN,5
UNKNOW,10
UNLAND,5
UNNASCH,5
UNNEWEHR,5
UNNOLD,5
UNO,5
UNRATH,5
UNRAU,5
UNREIN,10
UNRUE,5
UNRUH,20
UNSELL,5
UNSER,5
UNSICKER,5
UNSWORTH,5
UNTALAN,5
UNTERBURGER,5
UNTERKOFLER,5
UNTERMAN,5
UNTERREINER,5
UNTERSEHER,5
UNTERZUBER,5
UNTHANK,5
UNTIEDT,5
UNVARSKY,5
UNVERZAGT,5
UNZICKER,5
UNZUETA,10
UONG,5
UOY,5
UPADHYAYA,5
UPCHURCH,40
UPDEGRAFF,10
UPDEGROVE,5
UPDIKE,10
UPDYKE,5
UPHAM,10
UPHAUS,5
UPHOFF,5
UPHOLD,5
UPLINGER,5
UPMEYER,5
UPOLE,5
UPP,5
UPPENCAMP,5
UPPINGHOUSE,5
UPRIGHT,5
UPSHAW,30
UPSHUR,5
UPSON,10
UPTAIN,5
UPTEGRAFT,5
UPTEGROVE,5
UPTGRAFT,5
UPTHEGROVE,5
UPTMOR,5
UPTON,50
UPWALL,5
UR,5
URA,5
URABE,5
URAM,5
URAN,5
URANGA,5
URANKAR,5
URATA,5
URBACH,5
URBAEZ,5
URBAIN,5
URBAN,50
URBANCIC,5
URBANEK,10
URBANI,5
URBANIAK,10
URBANIC,5
URBANIK,5
URBANO,10
URBANSKI,10
URBANY,5
URBAS,5
URBEN,5
URBIETA,5
URBINA,40
URBINE,5
URBINO,5
URBY,5
URCH,5
URDA,5
URDIANO,5
URE,5
UREN,10
URENA,20
URENDA,5
URENIO,5
URENO,10
URESTE,5
URESTI,10
URETA,5
UREY,5
URFER,5
URGUHART,5
URHAHN,5
URIARTE,10
URIAS,20
URIBAZO,5
URIBE,40
URICH,10
URICK,10
URIE,5
URIEGAS,5
URIK,5
URION,5
URIOSTE,5
URIOSTEGUI,5
URIOSTEJUE,5
URIVE,5
URIZAR,5
URLANZA,5
URLAUB,5
URMAN,5
URMENETA,5
URMOS,5
URMSTON,5
URNESS,5
URPS,5
URQUHART,20
URQUIDES,5
URQUIDEZ,5
URQUIDI,5
URQUIJO,5
URQUILLA,5
URQUIZA,5
URRABAZO,5
URRACA,5
URREA,5
URRETA,5
URREY,5
URRUTIA,10
URRY,5
URSE,5
URSERY,5
URSIAK,5
URSINI,5
URSINO,5
URSO,10
URSPRUNG,5
URSUA,5
URTADO,5
URTEAGA,5
URTIAGA,5
URTIZ,5
URTON,5
URTZ,5
URUETA,5
URWIN,5
URZUA,5
US,5
USACK,5
USCIO,5
USELMAN,5
USELTON,10
USERY,5
USETED,5
USHER,30
USHIJIMA,5
USHIODA,5
USIE,5
USILTON,5
USINA,5
USMAN,5
USON,5
USREY,10
USRY,10
USSERY,20
USTICO,5
UTECHT,10
UTHE,5
UTLEY,30
UTSEY,10
UTSLER,5
UTT,10
UTTECH,5
UTTER,20
UTTERBACK,10
UTTLEY,5
UTVIK,5
UTZ,10
UTZIG,5
UTZINGER,5
UUTELA,5
UVA,5
UVALLE,5
UVALLES,5
UXA,5
UY,10
UYEDA,5
UYEHARA,5
UYEMATSU,5
UYEMURA,5
UYENO,5
UYETAKE,5
UZDYGAN,5
UZEE,5
UZELAC,5
UZIEL,5
UZUN,5
UZZELL,5
UZZLE,5
UZZO,5
VA,5
VACA,20
VACANTE,5
VACANTI,5
VACARRO,5
VACCA,10
VACCARELLA,5
VACCARELLO,5
VACCAREZZA,5
VACCARINO,5
VACCARO,20
VACCHIANO,5
VACEK,5
VACHA,5
VACHE,5
VACHER,5
VACHERESSE,5
VACHON,20
VACHULA,5
VACI,5
VACIO,5
VACLAVIK,5
VACTOR,5
VADALA,5
VADASY,5
VADEN,10
VADENAIS,5
VADLAMUDI,5
VADNAIS,10
VADNER,5
VAETH,5
VAEZA,5
VAFIADES,5
VAFIADIS,5
VAGAS,5
VAGHN,5
VAGHY,5
VAGLE,5
VAGLIARDO,5
VAGLIENTY,5
VAGNIER,5
VAGOTT,5
VAGT,5
VAHENA,5
VAHEY,5
VAHLE,5
VAID,5
VAIDYA,5
VAIKO,5
VAIL,40
VAILE,5
VAILES,5
VAILL,5
VAILLANCOURT,20
VAILLENCOURT,5
VAILS,5
VAINE,5
VAINIO,5
VAIR,5
VAIS,5
VAISMAN,5
VAISSIERE,5
VAJDA,5
VAJGRT,5
VAJNAR,5
VAKA,5
VAKAS,5
VAKIL,5
VAKSMAN,5
VAL,5
VALA,5
VALADAO,5
VALADE,5
VALADEZ,40
VALADO,5
VALAITIS,5
VALAKAS,5
VALANT,5
VALASCO,5
VALASEK,5
VALASQUEZ,10
VALAZQUEZ,10
VALCARCEL,5
VALCHO,5
VALCIN,5
VALCOURT,5
VALDERAMO,5
VALDERAS,5
VALDERRAMA,5
VALDES,40
VALDESPINO,5
VALDEZ,320
VALDIVIA,20
VALDIVIESO,5
VALDIVIEZO,5
VALDO,5
VALDOVINO,5
VALDOVINOS,10
VALE,10
VALEK,5
VALELA,5
VALEN,5
VALENCIA,120
VALENCIANA,5
VALENSTEIN,5
VALENSUELA,5
VALENT,5
VALENTA,5
VALENTE,20
VALENTI,30
VALENTIA,5
VALENTIN,70
VALENTINE,160
VALENTINI,5
VALENTINO,20
VALENTYN,5
VALENZA,10
VALENZANO,5
VALENZIANO,5
VALENZUELA,130
VALENZULA,5
VALENZVELA,5
VALER,5
VALERA,10
VALERI,5
VALERIANI,5
VALERIANO,5
VALERIE,5
VALERINO,5
VALERIO,30
VALERIUS,5
VALERO,10
VALERY,5
VALES,5
VALESQUEZ,5
VALEZ,10
VALGREN,5
VALIDO,5
VALIENTE,5
VALIN,5
VALINE,5
VALINTINE,5
VALIQUETTE,5
VALIS,5
VALITON,5
VALK,5
VALKO,5
VALL,5
VALLA,5
VALLADAO,5
VALLADARES,20
VALLADOLID,5
VALLADORES,5
VALLANCE,5
VALLANDINGHAM,5
VALLANGEON,5
VALLAR,5
VALLARIO,5
VALLARTA,5
VALLAS,5
VALLE,70
VALLECILLO,10
VALLEE,10
VALLEGOS,5
VALLEJO,40
VALLEJOS,10
VALLELONGA,5
VALLELY,5
VALLENTINE,5
VALLERAND,5
VALLERO,5
VALLERY,10
VALLES,30
VALLETTA,10
VALLETTE,5
VALLEY,20
VALLEZ,5
VALLI,5
VALLIAN,5
VALLIANT,5
VALLIE,5
VALLIEN,5
VALLIER,5
VALLIERE,10
VALLIERES,5
VALLIMONT,5
VALLIN,5
VALLO,10
VALLON,5
VALLONE,10
VALLOT,5
VALLOTTON,5
VALLOW,5
VALLS,5
VALME,5
VALOIS,5
VALONE,5
VALORIE,5
VALOT,5
VALOTTA,5
VALREE,5
VALREY,5
VALRIE,5
VALSECA,5
VALSIN,5
VALTAS,5
VALTIERRA,10
VALVANO,5
VALVERDE,20
VALVO,10
VAMPA,5
VAN,30
VANABEL,5
VANACKER,5
VANACORE,5
VANAKEN,5
VANAKIN,5
VANALLEN,10
VANALLER,5
VANALPHEN,5
VANALST,5
VANALSTIN,5
VANALSTINE,5
VANALSTYNE,10
VANAMAN,5
VANAMBURG,5
VANAMBURGH,5
VANAMERONGEN,5
VANANDEL,5
VANANTWERP,5
VANAPRASERT,5
VANARIA,5
VANARSDALE,10
VANARSDALL,5
VANARTSDALEN,5
VANASSE,5
VANASSELT,5
VANASTEN,5
VANATTA,10
VANAUKEN,10
VANAUKER,5
VANAUSDAL,5
VANBEBBER,5
VANBECELAERE,5
VANBECK,5
VANBEEK,5
VANBELLE,5
VANBENTHUYSE,5
VANBERGEN,5
VANBEVEREN,5
VANBIBBER,5
VANBLARCOM,5
VANBLARICUM,5
VANBOERUM,5
VANBOGELEN,5
VANBOVEN,5
VANBRAMER,5
VANBROCKLIN,5
VANBRUGGEN,5
VANBRUNT,10
VANBUREN,30
VANBUSKIRK,20
VANCAMP,10
VANCAMPEN,5
VANCE,190
VANCHERI,5
VANCIL,5
VANCISE,5
VANCLEAF,5
VANCLEAVE,10
VANCLEVE,5
VANCLIEF,5
VANCONANT,5
VANCONEY,5
VANCOOTEN,5
VANCOTT,5
VANCURA,5
VANCUREN,5
VANDAELE,5
VANDAGRIFF,5
VANDAL,5
VANDALE,5
VANDALL,5
VANDALSEN,5
VANDAM,5
VANDAMME,5
VANDAWALKER,5
VANDEBERG,5
VANDEBOGART,5
VANDEBRAKE,5
VANDEBRINK,5
VANDEE,5
VANDEGRAAFF,5
VANDEGRIFF,5
VANDEGRIFT,10
VANDEHEI,5
VANDEHEY,5
VANDEKAMP,5
VANDEKIEFT,5
VANDEL,5
VANDELAARE,5
VANDELL,5
VANDELLEN,5
VANDEMAN,5
VANDEMARK,10
VANDEMORTEL,5
VANDENACRE,5
VANDENBERG,20
VANDENBERGE,5
VANDENBERGH,5
VANDENBERGHE,5
VANDENBOOM,5
VANDENBOS,5
VANDENBOSCH,10
VANDENBRINK,5
VANDENBURG,5
VANDENBURGH,5
VANDENHEUVEL,5
VANDEPUTTE,5
VANDERARK,5
VANDERAU,5
VANDERBECK,5
VANDERBEEK,5
VANDERBERG,5
VANDERBIE,5
VANDERBILT,10
VANDERBOOM,5
VANDERBURG,10
VANDERCOOK,5
VANDEREN,5
VANDERFORD,10
VANDERGIESSEN,5
VANDERGRAPH,5
VANDERGRIEND,5
VANDERGRIFF,10
VANDERGRIFT,5
VANDERHEIDE,5
VANDERHEIDEN,5
VANDERHEYDEN,5
VANDERHOEF,5
VANDERHOFF,10
VANDERHOOF,10
VANDERHOOT,5
VANDERHORST,5
VANDERHURST,5
VANDERHYDE,5
VANDERIET,5
VANDERJAGT,5
VANDERKAADEN,5
VANDERKAM,5
VANDERKAR,5
VANDERKOOI,5
VANDERLAAN,5
VANDERLEE,5
VANDERLINDE,5
VANDERLINDEN,5
VANDERLIP,5
VANDERLOO,5
VANDERMARK,10
VANDERMAY,5
VANDERMEER,5
VANDERMEULEN,5
VANDERMOLEN,5
VANDERMOON,5
VANDERNOOT,5
VANDERPLOEG,5
VANDERPOEL,5
VANDERPOL,5
VANDERPOOL,20
VANDERROEST,5
VANDERSCHAEGE,5
VANDERSCHEL,5
VANDERSCHOOT,5
VANDERSLICE,5
VANDERSLOOT,5
VANDERSTAPPEN,5
VANDERSTEEN,5
VANDERSTELT,5
VANDERTUIG,5
VANDERVEEN,5
VANDERVEER,5
VANDERVELDEN,5
VANDERVOORT,5
VANDERVORT,10
VANDERWAL,5
VANDERWALL,5
VANDERWEEL,5
VANDERWEERD,5
VANDERWEGE,5
VANDERWEIDE,5
VANDERWERF,5
VANDERWERFF,5
VANDERWILT,5
VANDERWOOD,5
VANDERWOUDE,5
VANDERWYK,5
VANDERZANDEN,5
VANDERZEE,5
VANDERZWAAG,5
VANDESANDE,5
VANDESTEEG,5
VANDESTEENE,5
VANDESTREEK,5
VANDEUSEN,10
VANDEVANDER,5
VANDEVANTER,5
VANDEVEBLE,5
VANDEVEER,5
VANDEVELDE,5
VANDEVENDER,5
VANDEVENTER,10
VANDEVER,5
VANDEVERE,5
VANDEVOORDE,5
VANDEVORT,5
VANDEVSEN,5
VANDEWALKER,5
VANDEWALLE,5
VANDEWATER,5
VANDEWEERT,5
VANDEWEGE,5
VANDEWERKER,5
VANDEYACHT,5
VANDEZANDE,5
VANDIEST,5
VANDIFORD,5
VANDINE,5
VANDINTER,5
VANDIS,5
VANDIVER,30
VANDIVIER,5
VANDIVORT,5
VANDIXON,5
VANDON,5
VANDONSEL,5
VANDOREN,10
VANDORIEN,5
VANDORN,10
VANDORP,5
VANDOVER,5
VANDRE,5
VANDRESAR,5
VANDRIEL,5
VANDRUNEN,5
VANDUNK,5
VANDUSEN,20
VANDUSER,5
VANDUYN,5
VANDUYNE,5
VANDUYNHOVEN,5
VANDUZER,5
VANDY,5
VANDYCK,5
VANDYGRIFF,5
VANDYK,5
VANDYKE,50
VANDYNE,10
VANE,5
VANEATON,5
VANECEK,5
VANECK,5
VANEEKELEN,5
VANEFFEN,5
VANEGAS,10
VANEGDOM,5
VANEK,10
VANELDEREN,5
VANELLA,5
VANELLI,5
VANEPPS,5
VANEPS,5
VANERT,5
VANES,5
VANESS,5
VANETTA,5
VANETTEN,10
VANEVERY,5
VANEYCK,5
VANEZ,5
VANFLEET,10
VANFOSSAN,5
VANFOSSEN,5
VANG,120
VANGALDER,5
VANGELDER,5
VANGELOS,5
VANGEMERT,5
VANGERBIG,5
VANGIESON,5
VANGILDER,10
VANGOFF,5
VANGOMPEL,5
VANGORDEN,5
VANGORDER,10
VANGORDON,5
VANGORP,5
VANGROUW,5
VANGUILDER,10
VANGUNDY,10
VANGYI,5
VANHAITSMA,5
VANHAM,5
VANHAMERSVELD,5
VANHAMLIN,5
VANHAMME,5
VANHAMPLER,5
VANHANDEL,5
VANHARLINGEN,5
VANHAUEN,5
VANHECKE,5
VANHEE,5
VANHEEL,5
VANHEKKEN,5
VANHESE,5
VANHEUKELEM,5
VANHEUSEN,5
VANHEVEL,5
VANHISE,5
VANHOECKE,5
VANHOESEN,5
VANHOFF,5
VANHOFWEGEN,5
VANHOLLAND,5
VANHOOK,10
VANHOOSE,30
VANHOOSER,5
VANHOOZER,5
VANHOOZIER,5
VANHORN,40
VANHORNE,10
VANHOUT,5
VANHOUTEN,20
VANHOUTTE,5
VANHOVE,5
VANHOWE,5
VANHOY,10
VANHULLE,5
VANHUSS,5
VANHYNING,5
VANICEK,5
VANIER,5
VANINETTI,5
VANIS,5
VANISH,10
VANISOUVONG,5
VANKAMMEN,5
VANKAMPEN,5
VANKEUREN,5
VANKILSDONK,5
VANKIRK,10
VANKLEECK,5
VANKOMEN,5
VANKOTEN,5
VANLAAR,5
VANLAERE,5
VANLANDINGHAM,10
VANLANINGHAM,5
VANLEER,10
VANLEEUWEN,5
VANLENT,5
VANLEUVAN,5
VANLEUVEN,10
VANLEW,5
VANLIER,5
VANLIERE,5
VANLIEW,5
VANLINDEN,5
VANLITH,5
VANLOAN,5
VANLOH,5
VANLOO,5
VANLOON,5
VANLUE,5
VANLUVEN,5
VANMAANEN,5
VANMARTER,5
VANMATRE,10
VANMETER,30
VANMETRE,5
VANMIDDLESWOR,5
VANN,60
VANNAH,5
VANNAMAN,5
VANNATTA,10
VANNATTEN,5
VANNATTER,10
VANNELLI,5
VANNER,5
VANNESS,10
VANNEST,10
VANNETTE,5
VANNI,5
VANNICE,5
VANNIELLO,5
VANNORDEN,5
VANNORMAN,10
VANNORSDELL,5
VANNORTWICK,5
VANNOSTRAND,5
VANNOTE,10
VANNOVER,5
VANNOY,20
VANNUCK,5
VANNULAND,5
VANOCHTEN,5
VANOFLEN,5
VANOLI,5
VANOLINDA,5
VANONI,5
VANOORT,5
VANOOSTEN,5
VANORD,5
VANORDEN,5
VANORDER,5
VANORSDALE,5
VANORSDOL,5
VANORSOUW,5
VANOS,5
VANOSDEL,5
VANOSDOL,5
VANOSTBERG,5
VANOSTRAND,5
VANOUS,5
VANOVEN,5
VANOVER,30
VANOY,5
VANPATTEN,5
VANPATTON,5
VANPELT,20
VANPOPPELEN,5
VANPOUCKE,5
VANPROOSDY,5
VANPUTTEN,5
VANRIPER,5
VANROEKEL,5
VANROSSUM,5
VANRUITEN,5
VANRULER,5
VANRY,5
VANSANT,10
VANSCHAICK,5
VANSCHOIACK,5
VANSCHOICK,5
VANSCHOOR,5
VANSCHOYCK,5
VANSCHUYVER,5
VANSCIVER,5
VANSCOIK,5
VANSCOIT,5
VANSCOOTER,5
VANSCOTER,5
VANSCOY,10
VANSCYOC,10
VANSICE,5
VANSICKLE,20
VANSICKLIN,5
VANSISE,5
VANSKIKE,5
VANSKIVER,5
VANSLANDER,5
VANSLOOTEN,5
VANSLYKE,10
VANSOEST,5
VANSON,5
VANSTEE,5
VANSTEENBERG,5
VANSTEENBURG,5
VANSTEENHUYSE,5
VANSTEENWYK,5
VANSTONE,5
VANSTRANDER,5
VANSTRATEN,5
VANSTROM,5
VANSUMEREN,5
VANSYCKLE,5
VANT,5
VANTA,5
VANTASSEL,10
VANTASSELL,5
VANTERPOOL,5
VANTIL,5
VANTINE,5
VANTOL,5
VANTREASE,5
VANTREESE,5
VANTRUMP,5
VANTULL,5
VANTUYL,5
VANTUYLE,5
VANUDEN,5
VANVALEN,5
VANVALKENBUR,5
VANVALKENBURG,10
VANVEEN,5
VANVELDHUIZE,5
VANVICKLE,5
VANVLECK,5
VANVLEET,5
VANVLIET,5
VANVOLKENBURG,5
VANVOLKINBURG,5
VANVOORHEES,5
VANVOORHIS,5
VANVORST,5
VANVRANKEN,5
VANVUREN,5
VANWAGENEN,10
VANWAGNER,5
VANWAGONER,10
VANWART,5
VANWASSENHOVE,5
VANWECHEL,5
VANWEELDEN,5
VANWEERD,5
VANWERT,5
VANWEY,5
VANWHY,5
VANWIE,5
VANWIEREN,5
VANWINGERDEN,10
VANWINKLE,30
VANWOERT,5
VANWORMER,10
VANWRIGHT,5
VANWYCK,5
VANWYE,5
VANWYHE,5
VANWYK,10
VANWYNGAARDEN,5
VANYO,5
VANZANDT,10
VANZANT,10
VANZANTE,5
VANZANTEN,5
VANZEE,5
VANZIE,5
VANZILE,5
VANZYL,5
VAQUERA,5
VAQUERANO,5
VAQUERO,5
VAQUEZ,5
VARA,10
VARADY,5
VARAGONA,5
VARAJAS,5
VARAKUTA,5
VARANDA,5
VARANESE,5
VARANO,5
VARAS,5
VARAZA,5
VARBLE,5
VARCOE,5
VARDA,5
VARDAMAN,5
VARDARO,5
VARDEMAN,5
VARDEN,5
VARDY,5
VAREL,5
VARELA,60
VARELLA,5
VARENHORST,5
VARES,5
VARESCHI,5
VARESKO,5
VARGA,20
VARGAS,410
VARGASON,5
VARGHESE,10
VARGIS,5
VARGO,20
VARGUS,5
VARI,5
VARIAN,5
VARIEUR,5
VARILLAS,5
VARIN,5
VARIO,5
VARISCO,5
VARKEY,5
VARLAND,5
VARLAS,5
VARLEY,10
VARMA,5
VARN,5
VARNADO,10
VARNADOE,5
VARNADORE,5
VARNEDOE,5
VARNEDORE,5
VARNELL,10
VARNER,70
VARNES,5
VARNEY,50
VARNO,5
VARNON,5
VARNUM,10
VARON,5
VARONA,5
VARONE,5
VAROS,5
VAROZ,5
VARQUERA,5
VARQUEZ,5
VARRATO,5
VARRELMAN,5
VARRIALE,5
VARRIANO,5
VARRO,5
VARRON,5
VARRONE,5
VARS,5
VARTANIAN,5
VARTANYAN,5
VARTY,5
VARUGHESE,5
VARUZZO,5
VARVEL,5
VARVIL,5
VAS,5
VASALLO,5
VASAURE,5
VASBINDER,10
VASCOCU,5
VASCONCELLOS,5
VASCONCELOS,5
VASCONES,5
VASCONEZ,5
VASEK,5
VASEY,5
VASGUEZ,5
VASHAW,5
VASHER,5
VASHON,5
VASI,5
VASIL,5
VASILAUSKAS,5
VASILE,5
VASILIOU,5
VASILOFF,5
VASILOPOULOS,5
VASKE,5
VASKO,5
VASMADJIDES,5
VASOS,5
VASQUE,5
VASQUES,10
VASQUEZ,510
VASQUIZ,5
VASS,10
VASSALL,5
VASSALLO,10
VASSAR,10
VASSEL,5
VASSELL,5
VASSEN,5
VASSER,10
VASSEUR,5
VASSEY,5
VASSIE,5
VASSIL,5
VASSO,5
VASSURE,5
VASTA,5
VASTAKIS,5
VASTANO,5
VASTARDIS,5
VASTINE,5
VASTOLA,5
VASUDEVAN,5
VASZILY,5
VATALARO,5
VATCH,5
VATES,5
VATH,10
VATHRODER,5
VATTER,5
VATTEROTT,5
VATTES,5
VATTIKUTI,5
VAUBEL,5
VAUDRAIN,5
VAUDREUIL,5
VAUGH,10
VAUGHAN,140
VAUGHEN,5
VAUGHN,360
VAUGHNER,5
VAUGHNS,5
VAUGHT,40
VAULET,5
VAULX,5
VAUPEL,5
VAUSE,5
VAUTER,5
VAUTERS,5
VAUTIER,5
VAUTOUR,5
VAUTRIN,5
VAUX,5
VAVRA,10
VAVRICEK,5
VAVRICKA,5
VAVRO,5
VAWTER,5
VAY,5
VAYDA,5
VAYNER,5
VAYON,5
VAZ,10
VAZGUEZ,5
VAZQUES,5
VAZQUEZ,230
VAZZANA,5
VBILES,5
VE,5
VEA,5
VEACH,20
VEADER,5
VEAL,30
VEALE,10
VEALS,5
VEAR,5
VEASEY,10
VEASLEY,10
VEASMAN,5
VEATCH,10
VEATER,5
VEAZEY,10
VEAZIE,5
VEBEL,5
VECCHI,5
VECCHIA,5
VECCHIARELLI,5
VECCHIO,10
VECCHIONE,5
VECELLIO,5
VECINO,5
VECKER,5
VEDDER,10
VEDIA,5
VEDOVELLI,5
VEE,5
VEEDER,5
VEEN,5
VEENEMAN,5
VEENSTRA,5
VEER,5
VEERKAMP,5
VEESER,5
VEGA,300
VEGAR,5
VEGAS,10
VEGERANO,5
VEGETABILE,5
VEGH,5
VEGHER,5
VEGTER,5
VEHRENKAMP,5
VEHRS,5
VEIGA,10
VEIGEL,5
VEIL,5
VEILE,5
VEILLETTE,5
VEILLEUX,20
VEILLON,5
VEIN,5
VEINO,5
VEIT,10
VEITCH,10
VEITENHEIMER,5
VEITH,10
VEITINGER,5
VEITZ,5
VEJAR,5
VEJARANO,5
VEKSLER,5
VELA,80
VELANDIA,5
VELAQUEZ,5
VELARDE,20
VELARDES,5
VELARDI,5
VELARDO,5
VELASCO,60
VELASQUES,5
VELASQUEZ,170
VELASTEGUI,5
VELAZCO,10
VELAZGUEZ,5
VELAZQUES,5
VELAZQUEZ,120
VELD,5
VELDHUIZEN,5
VELDKAMP,5
VELE,5
VELEGA,5
VELES,5
VELETA,5
VELEY,5
VELEZ,170
VELIE,5
VELILLA,5
VELIS,5
VELIZ,20
VELK,5
VELKY,5
VELLA,10
VELLEKAMP,5
VELLER,5
VELLONE,5
VELLUCCI,5
VELLUTINI,5
VELMONTES,5
VELO,5
VELOSO,5
VELOTTA,5
VELOVIC,5
VELOZ,10
VELTEN,5
VELTHUIS,5
VELTIN,5
VELTKAMP,5
VELTMAN,5
VELTRE,5
VELTRI,10
VELTZ,5
VELUNZA,5
VELVERTON,5
VELZEBOER,5
VELZY,5
VEMURA,5
VEN,5
VENA,5
VENABLE,30
VENANCIO,5
VENANZI,5
VENARD,5
VENCE,5
VENCES,5
VENCILL,5
VENDELA,5
VENDELIN,5
VENDETTI,5
VENDIG,5
VENDITTI,5
VENDITTO,5
VENDRICK,5
VENEABLE,5
VENECIA,5
VENEGAS,30
VENEMA,5
VENEMAN,5
VENER,5
VENERABLE,5
VENERE,5
VENERI,5
VENESS,5
VENETOS,5
VENEY,10
VENEZIA,10
VENEZIANO,5
VENGHAUS,5
VENHORST,5
VENIBLE,5
VENICE,5
VENIER,5
VENINGA,5
VENKUS,5
VENN,5
VENNARI,5
VENNE,10
VENNEMAN,5
VENNER,5
VENNERI,5
VENNES,5
VENNING,5
VENO,5
VENOSH,5
VENSEL,5
VENSKE,5
VENSKOSKE,5
VENSON,5
VENT,5
VENTER,5
VENTERS,10
VENTH,5
VENTIMIGLIA,10
VENTO,10
VENTOLA,5
VENTON,5
VENTORS,5
VENTRE,5
VENTRELLA,5
VENTRESCA,5
VENTRESS,5
VENTRICE,5
VENTRIS,5
VENTRONE,5
VENTRY,5
VENTUR,5
VENTURA,70
VENTURE,5
VENTURELLA,5
VENTURELLI,5
VENTURI,5
VENTURINI,5
VENTURINO,5
VENUS,5
VENUTI,10
VENUTO,5
VENZEIO,5
VENZKE,5
VENZON,5
VENZOR,5
VER,10
VERA,70
VERANO,5
VERANT,5
VERAS,10
VERASTEQUI,5
VERBA,5
VERBASCO,5
VERBECK,5
VERBEKE,5
VERBILLA,5
VERBIT,5
VERBLE,5
VERBRIDGE,5
VERBURG,5
VERCH,5
VERCHER,10
VERD,5
VERDE,10
VERDEJO,5
VERDELL,5
VERDERAME,5
VERDERBER,5
VERDEROSA,5
VERDI,10
VERDIER,5
VERDIGUEL,5
VERDIN,30
VERDINE,5
VERDINO,5
VERDON,5
VERDONE,5
VERDUCCI,5
VERDUGO,20
VERDUN,5
VERDUSCO,5
VERDUZCO,20
VERE,5
VEREB,5
VEREEN,10
VERELA,5
VEREN,5
VERES,5
VERFAILLE,5
VERFAILLIE,5
VERGA,5
VERGAMINI,5
VERGARA,30
VERGARI,5
VERGE,5
VERGEER,5
VERGES,5
VERGHESE,5
VERGIN,5
VERGO,5
VERHAAG,5
VERHAEGHE,5
VERHAGEN,5
VERHAGUE,5
VERHEY,5
VERHEYEN,5
VERHINES,5
VERHOEVEN,5
VERHOFF,5
VERHULST,5
VERIATO,5
VERIGAN,5
VERISSIMO,5
VERITY,5
VERJAN,5
VERKAMP,5
VERKLER,5
VERKUILEN,5
VERLATO,5
VERLEY,5
VERLIN,5
VERLINDEN,5
VERLING,5
VERLOTTE,5
VERMA,5
VERMEER,5
VERMEESCH,5
VERMETTE,5
VERMEULEN,5
VERMILLION,20
VERMILYA,5
VERMILYEA,5
VERMONT,5
VERNA,5
VERNAGLIA,5
VERNAZZA,5
VERNE,5
VERNER,10
VERNET,5
VERNETTI,5
VERNI,5
VERNIA,5
VERNIER,5
VERNOLA,5
VERNON,70
VERNOY,5
VERO,5
VEROBA,5
VEROEVEN,5
VERON,5
VERONA,5
VERONE,5
VERONESI,5
VERPLANCK,5
VERRA,5
VERRASTRO,5
VERRECCHIA,5
VERRELL,5
VERRELLI,5
VERRET,10
VERRETT,10
VERRIER,5
VERRILL,10
VERRILLI,5
VERRONE,5
VERROS,5
VERRUE,5
VERRY,5
VERSACE,10
VERSAGE,5
VERSAW,5
VERSELE,5
VERSER,5
VERSLUIS,5
VERSO,5
VERSOZA,5
VERSTEEG,5
VERSTEEGH,5
VERSTRAETE,5
VERT,5
VERTIZ,5
VERTREES,5
VERTUCCI,5
VERTZ,5
VERUCCHI,5
VERUNZA,5
VERVILLE,10
VERWERS,5
VERZI,5
VESCIO,5
VESCO,5
VESCOVI,5
VESELIC,5
VESELKA,5
VESELY,10
VESEY,10
VESHEDSKY,5
VESLEY,5
VESPA,5
VESPER,5
VESPERAS,5
VESPERMAN,5
VESPIA,5
VESS,10
VESSAR,5
VESSEL,5
VESSELL,5
VESSELLA,5
VESSELS,10
VESSEY,5
VEST,40
VESTAL,20
VESTER,10
VESTERING,5
VETERE,5
VETETO,5
VETH,5
VETO,5
VETRANO,5
VETRI,5
VETSCH,5
VETTEL,5
VETTER,30
VETTERICK,5
VETTERKIND,5
VEVE,5
VEVEA,5
VEVERKA,5
VEY,5
VEYNA,5
VEYS,5
VEYSEY,5
VEZINA,10
VEZZA,5
VIA,20
VIAFARA,5
VIAL,5
VIALE,5
VIALL,5
VIALPANDO,5
VIAN,5
VIANA,5
VIANDS,5
VIANO,5
VIAPIANO,5
VIAR,5
VIARD,5
VIARS,5
VIAS,5
VIATOR,10
VIAU,5
VIBBARD,5
VIBBERT,10
VIBERT,5
VICARI,5
VICARIO,5
VICARS,5
VICCICA,5
VICE,20
VICENCIO,5
VICENS,5
VICENT,5
VICENTE,10
VICENTENO,5
VICHI,5
VICHIDVONGSA,5
VICIC,5
VICINI,10
VICIOSO,5
VICK,70
VICKER,5
VICKERMAN,5
VICKERS,100
VICKERSON,5
VICKERY,40
VICKEY,5
VICKNAIR,10
VICKREY,10
VICKROY,5
VICKS,5
VICORY,5
VICOY,5
VICSIK,5
VICTOR,30
VICTORERO,5
VICTORIA,20
VICTORIAN,5
VICTORICA,5
VICTORIN,5
VICTORINE,5
VICTORINO,10
VICTORY,10
VICUEROA,5
VICUNA,5
VIDA,10
VIDACA,5
VIDAL,40
VIDALES,10
VIDALEZ,5
VIDALS,5
VIDANA,5
VIDAS,5
VIDAURRI,10
VIDEEN,5
VIDES,10
VIDETTO,5
VIDINHA,5
VIDLER,5
VIDMAR,5
VIDOT,5
VIDOVICH,5
VIDRA,5
VIDRINE,20
VIDRIO,10
VIDRO,5
VIDULICH,5
VIEAU,5
VIEBROCK,5
VIEGAS,5
VIEHMAN,5
VIEIRA,30
VIEJO,5
VIEL,5
VIELE,5
VIELHAUER,5
VIELLE,5
VIELMA,5
VIELMAN,5
VIELMAS,5
VIEN,5
VIENER,5
VIENGXAY,5
VIENNEAU,5
VIENS,10
VIENT,5
VIENTOS,5
VIER,5
VIERA,30
VIERECK,5
VIERK,5
VIERLING,5
VIERNES,5
VIERPS,5
VIERRA,20
VIERS,10
VIERTHALER,5
VIESCA,5
VIESSELMAN,5
VIESSMAN,5
VIETH,5
VIETHS,5
VIETOR,5
VIETS,5
VIETTI,5
VIETZKE,5
VIEU,5
VIEUX,5
VIEW,5
VIEWEG,5
VIEYRA,5
VIG,5
VIGARIO,5
VIGEN,5
VIGER,5
VIGGIANI,5
VIGGIANO,5
VIGIANO,5
VIGIER,5
VIGIL,100
VIGILANTE,5
VIGILO,5
VIGLIOTTI,5
VIGNA,10
VIGNARATH,5
VIGNAUX,5
VIGNE,5
VIGNEAU,5
VIGNEAULT,5
VIGNOLA,5
VIGNOVICH,5
VIGO,5
VIGOR,5
VIGOREN,5
VIGORITO,5
VIGUE,10
VIGUERAS,5
VIGUERIE,5
VIGUS,5
VIJAYAN,5
VIJIL,5
VIK,5
VIKEN,5
VIKER,5
VIL,5
VILA,10
VILAIN,5
VILANDRE,5
VILANOVA,5
VILAR,5
VILARDI,5
VILARDO,5
VILARO,5
VILCA,5
VILCAN,5
VILCHECK,5
VILCHES,5
VILCHIS,5
VILDOSOLA,5
VILE,5
VILEGAS,5
VILELLO,5
VILES,10
VILHAUER,5
VILKAMA,5
VILKOSKI,5
VILLA,110
VILLACANA,5
VILLACIS,5
VILLACORTA,10
VILLACRUSIS,5
VILLADA,5
VILLAESCUSA,5
VILLAFANA,5
VILLAFANE,10
VILLAFLOR,5
VILLAFRANCA,5
VILLAFUERTE,5
VILLAGOMEZ,20
VILLAGRAN,5
VILLAGRANA,5
VILLAIRE,5
VILLALBA,10
VILLALOBAS,5
VILLALOBOS,70
VILLALON,10
VILLALONA,5
VILLALOUOS,5
VILLALOVOS,5
VILLALPANDO,20
VILLALTA,10
VILLALUAZO,5
VILLALUZ,5
VILLALVA,5
VILLALVAZO,10
VILLAMAN,5
VILLAMAR,5
VILLAMARIN,5
VILLAMAYOR,5
VILLAMIL,5
VILLANDRY,5
VILLANE,5
VILLANEDA,5
VILLANEUVA,5
VILLANEVA,5
VILLANI,10
VILLANO,5
VILLANOVA,5
VILLANTE,5
VILLANUEVA,120
VILLANVERA,5
VILLANVEUA,5
VILLANVEVA,10
VILLAO,5
VILLAPANDO,5
VILLAPLANA,5
VILLAQUIRAN,5
VILLAR,10
VILLARD,5
VILLAREAL,30
VILLARI,5
VILLARIN,5
VILLARREAL,180
VILLARRUEL,5
VILLARRVEL,5
VILLARTA,5
VILLAS,5
VILLASANA,5
VILLASENOR,30
VILLASIS,5
VILLATA,5
VILLATORA,5
VILLATORO,10
VILLAVERDE,5
VILLAVICENCIO,5
VILLE,5
VILLECUS,5
VILLEDA,10
VILLEGA,5
VILLEGAS,90
VILLELA,10
VILLELLA,5
VILLEMARETTE,5
VILLENA,5
VILLENAS,5
VILLENEUVE,10
VILLERREAL,5
VILLESCAS,5
VILLESCAZ,5
VILLETAS,5
VILLIARD,5
VILLICANA,10
VILLIFANA,5
VILLINES,10
VILLNAVE,5
VILLOT,5
VILLWOCK,5
VILMONT,5
VILORIA,5
VILT,5
VILTZ,5
VILVEN,5
VIMONT,5
VINA,5
VINAGRE,5
VINAL,5
VINALL,5
VINAS,5
VINCE,10
VINCELETTE,5
VINCENT,200
VINCENTE,5
VINCENZO,5
VINCI,10
VINCIGUERRA,5
VINCIK,5
VINCK,5
VIND,5
VINDIOLA,5
VINE,10
VINEGAR,5
VINER,5
VINES,50
VINET,5
VINEY,5
VINEYARD,20
VINGER,5
VINIARD,5
VINIEGRA,5
VINING,20
VINION,5
VINK,5
VINKE,5
VINNING,5
VINROE,5
VINSANT,5
VINSEL,5
VINSON,120
VINT,5
VINTI,5
VINTILA,5
VINTIMILLA,5
VINTINNER,5
VINTON,10
VINUP,5
VINYARD,10
VINZ,5
VINZANT,5
VIOLA,20
VIOLANTE,5
VIOLET,5
VIOLETT,5
VIOLETTA,5
VIOLETTE,10
VIOREL,5
VIOX,5
VIPOND,5
VIPPERMAN,5
VIRAG,5
VIRAMONTAS,5
VIRAMONTES,10
VIRANI,5
VIRANT,5
VIRAY,5
VIRDEN,5
VIRDIN,5
VIRE,5
VIRELLA,5
VIRELLI,5
VIREN,5
VIRES,5
VIRGA,5
VIRGADAMO,5
VIRGEL,5
VIRGEN,10
VIRGIE,5
VIRGIL,20
VIRGILE,5
VIRGILI,5
VIRGILIO,5
VIRGIN,10
VIRGINIA,5
VIRGO,5
VIRKLER,5
VIROCK,5
VIROLA,5
VIROSTKO,5
VIRREY,5
VIRRUETA,5
VIRTS,5
VIRTUE,5
VIRUET,5
VIRULA,5
VIRZI,5
VIS,5
VISAGE,5
VISALLI,5
VISAYA,5
VISCARDI,5
VISCARRA,5
VISCARRO,5
VISCERA,5
VISCIA,5
VISCO,5
VISCOME,5
VISCONTI,10
VISCOSI,5
VISE,5
VISEL,5
VISER,5
VISHER,5
VISICK,5
VISITACION,5
VISKER,5
VISNIC,5
VISNOCKY,5
VISNOSKY,5
VISOCSKY,5
VISOR,5
VISOSKY,5
VISOUNNARAJ,5
VISOVSKY,5
VISSER,10
VISSERING,5
VISSMAN,5
VISTE,5
VISVARDIS,5
VITA,10
VITAGLIANO,10
VITAL,10
VITALE,30
VITALI,5
VITALO,5
VITANIEMI,5
VITANTONIO,5
VITANZA,5
VITATOE,5
VITEAUX,5
VITEK,5
VITELA,10
VITELLARO,5
VITELLI,5
VITELLO,5
VITEO,5
VITERA,5
VITERI,5
VITEZ,5
VITI,5
VITIELLO,10
VITITOE,5
VITITOW,5
VITKO,5
VITKUS,5
VITO,10
VITOLAS,5
VITOLO,5
VITORINO,5
VITRANO,5
VITRO,5
VITT,5
VITTEK,5
VITTETOE,5
VITTI,5
VITTITOE,5
VITTITOW,5
VITTONE,5
VITTORINI,5
VITTORIO,5
VITTUM,5
VITUCCI,5
VITULLO,5
VIVANCO,10
VIVAR,5
VIVAS,5
VIVEIROS,10
VIVENZIO,5
VIVERETTE,10
VIVEROS,10
VIVES,5
VIVIAN,10
VIVIANI,5
VIVIANO,10
VIVIER,10
VIVINO,5
VIVION,5
VIVO,5
VIVOLO,5
VIVONA,5
VIVYAN,5
VIX,5
VIXAY,5
VIXAYACK,5
VIZARD,5
VIZARRO,5
VIZCAINO,10
VIZCARRA,10
VIZCARRONDO,10
VIZENA,5
VIZUETE,5
VIZZA,5
VIZZI,5
VIZZINI,5
VLACH,5
VLAHOS,5
VLAHOVICH,5
VLASAK,5
VLASATY,5
VLASHI,5
VLCEK,5
VLCHEK,5
VLEMING,5
VLIEM,5
VLIET,5
VLJERIC,5
VLK,5
VLLOA,5
VO,40
VOCCIA,5
VOCE,5
VOCELKA,5
VOCI,5
VOCK,5
VOCU,5
VODDER,5
VODICKA,5
VODOPICH,5
VOEDISCH,5
VOEGELE,10
VOEGELI,5
VOEKS,5
VOELKEL,5
VOELKER,10
VOELKERDING,5
VOELLER,5
VOELTNER,5
VOELTZ,5
VOELZ,5
VOETBERG,5
VOETMANN,5
VOETSCH,5
VOGAN,10
VOGDS,5
VOGE,5
VOGEL,90
VOGELER,5
VOGELGESANG,5
VOGELPOHL,5
VOGELSANG,10
VOGELSBERG,5
VOGELZANG,5
VOGENTHALER,5
VOGES,5
VOGL,10
VOGLAND,5
VOGLE,5
VOGLER,10
VOGLUND,5
VOGT,60
VOGTLIN,5
VOGTMAN,5
VOGTS,5
VOGUS,5
VOHS,5
VOICE,5
VOIGHT,10
VOIGHTS,5
VOIGT,20
VOIGTLANDER,5
VOILES,5
VOISARD,5
VOISIN,5
VOISINE,5
VOISINET,5
VOIT,5
VOITA,5
VOITIER,5
VOJNA,5
VOJTA,5
VOJTKO,5
VOKES,5
VOLANTE,5
VOLBERT,5
VOLBRECHT,5
VOLCKMANN,5
VOLCKO,5
VOLD,5
VOLDEN,5
VOLEK,5
VOLENTINE,5
VOLESKY,5
VOLIN,5
VOLINO,5
VOLINSKY,5
VOLIVA,5
VOLK,20
VOLKENS,5
VOLKER,10
VOLKERS,5
VOLKERT,10
VOLKING,5
VOLKMAN,10
VOLKMANN,5
VOLKMER,5
VOLL,10
VOLLAND,5
VOLLBRECHT,5
VOLLE,5
VOLLENWEIDER,5
VOLLER,5
VOLLETTE,5
VOLLICK,5
VOLLMAN,5
VOLLMAR,5
VOLLMER,20
VOLLMERING,5
VOLLMERS,5
VOLLRATH,5
VOLLSTEDT,5
VOLLUCCI,5
VOLMAR,5
VOLMER,5
VOLMINK,5
VOLNER,5
VOLO,5
VOLPA,5
VOLPE,20
VOLPER,5
VOLPERT,5
VOLPI,5
VOLPICELLI,5
VOLPONE,5
VOLSTAD,5
VOLTAIRE,5
VOLTIN,5
VOLTZ,5
VOLZ,20
VONA,5
VONALLMEN,5
VONARX,5
VONASEK,5
VONBANK,5
VONBARGEN,5
VONBRAUNSBERG,5
VONCANNON,5
VONDERAHE,5
VONDERHAAR,5
VONDERHEIDE,5
VONDERKELL,5
VONDIELINGEN,5
VONDOHLEN,5
VONDOLOSKI,5
VONDRA,5
VONDRACEK,5
VONDRAK,5
VONDRAN,5
VONDRASEK,5
VONER,5
VONFELDEN,5
VONFELDT,5
VONG,10
VONGAL,5
VONGKHAMCHANH,5
VONGKHAMPHANH,5
VONGPHAKDY,5
VONGSAKDA,5
VONGSAMPHANH,5
VONGUNTEN,5
VONGVIVATH,5
VONGXAY,5
VONHAGEN,5
VONHOLT,5
VONK,5
VONKROSIGK,5
VONNER,5
VONNIEDERHAUS,5
VONRUDEN,5
VONSCHRILTZ,5
VONSEEGER,5
VONSEGGERN,5
VONSOOSTEN,5
VONSTADEN,5
VONSTEIN,5
VONTUNGELN,5
VONWAGONER,5
VOOGD,5
VOONG,5
VOORHEES,20
VOORHEIS,5
VOORHES,5
VOORHIES,10
VOORHIS,5
VOPAVA,5
VORA,5
VORACEK,5
VORACHEK,5
VORAN,5
VORCE,5
VORE,5
VOREL,5
VORGAS,5
VORHEES,5
VORHIES,5
VORHOLT,5
VORIES,5
VORIS,10
VORKINK,5
VORMELKER,5
VORMWALD,5
VORNES,5
VOROS,5
VORPAHL,5
VORSBURGH,5
VORSE,5
VORWALD,5
VORWALLER,5
VORWERK,5
VOS,10
VOSBERG,5
VOSBURG,10
VOSBURGH,10
VOSE,10
VOSHELL,5
VOSIKA,5
VOSKAMP,5
VOSKOWSKY,5
VOSMUS,5
VOSPER,5
VOSQUEZ,5
VOSS,80
VOSSEN,5
VOSSLER,5
VOST,5
VOSTAL,5
VOTAUA,5
VOTAW,10
VOTE,5
VOTER,5
VOTH,5
VOTO,5
VOTOLATO,5
VOTRAW,5
VOTSMIER,5
VOTTA,5
VOUGHT,5
VOUNAS,5
VOVAK,5
VOVES,5
VOWELL,10
VOWELS,10
VOWLES,5
VOYER,5
VOYLES,10
VOYTEK,5
VRABEL,10
VRABLE,5
VRABLIC,5
VRADENBURG,5
VRANA,5
VRANEK,5
VRANES,5
VRANICAR,5
VRANICH,5
VRAZEL,5
VRBA,5
VRBAS,5
VRBKA,5
VREDENBURG,5
VREDENBURGH,5
VREDEVELD,5
VREEKEN,5
VREELAND,10
VREEMAN,5
VREUGDENHIL,5
VRIAS,5
VRIENS,5
VRIEZE,5
VROMAN,10
VROOM,5
VROOMAN,10
VU,50
VUCKOVICH,5
VUE,30
VUGTEVEEN,5
VUILLEMOT,5
VUKCEVIC,5
VUKELICH,5
VUKELJ,5
VUKICH,5
VUKOVICH,5
VULGAMORE,5
VULGAMOTT,5
VULICH,5
VULLO,5
VUNCANNON,5
VUOLO,5
VUONG,10
VUONO,5
VUOSO,5
VUTURO,5
VUYOVICH,5
VY,5
VYAS,5
VYHNAL,5
WAACK,5
WAAG,5
WAAGA,5
WAAGE,5
WAANANEN,5
WAAS,5
WABASHA,5
WABLE,5
WACASTER,5
WACH,5
WACHAL,5
WACHOB,5
WACHOWIAK,5
WACHOWSKI,5
WACHS,5
WACHSMAN,5
WACHSMUTH,5
WACHT,5
WACHTEL,10
WACHTER,20
WACHTLER,5
WACK,5
WACKENHEIM,5
WACKENHUT,5
WACKER,10
WACKERBARTH,5
WACKERLY,5
WACKMAN,5
WACLAWSKI,5
WACTOR,5
WACYK,5
WADA,10
WADAS,5
WADDEL,5
WADDELL,90
WADDEN,5
WADDICK,5
WADDILL,5
WADDING,5
WADDINGTON,10
WADDLE,20
WADDLES,5
WADDOUDS,5
WADDOUPS,5
WADDUPS,5
WADDY,10
WADE,400
WADEL,5
WADELL,5
WADEMAN,5
WADFORD,5
WADHAMS,5
WADKINS,10
WADLE,5
WADLEIGH,5
WADLEY,20
WADLINGER,5
WADLINGTON,10
WADLOW,5
WADMAN,5
WADSWORTH,40
WADUSKY,5
WADZINSKI,5
WAECHTER,5
WAECKERLIN,5
WAEGNER,5
WAELTI,5
WAETZIG,5
WAEYAERT,5
WAFER,10
WAFFENSCHMIDT,5
WAFFLE,5
WAFFORD,10
WAFULA,5
WAGAMAN,10
WAGANER,5
WAGAR,10
WAGATSUMA,5
WAGE,5
WAGEMAN,5
WAGEMANN,5
WAGENAAR,5
WAGENBLAST,5
WAGENER,5
WAGENHEIM,5
WAGENKNECHT,5
WAGER,10
WAGERS,10
WAGES,20
WAGG,5
WAGGAMAN,5
WAGGANER,5
WAGGENER,10
WAGGETT,5
WAGGNER,5
WAGGONER,50
WAGGY,5
WAGLE,5
WAGLER,5
WAGLEY,5
WAGMAN,5
WAGNER,550
WAGNON,10
WAGNOR,5
WAGON,5
WAGONER,50
WAGSTAFF,10
WAGSTER,5
WAGUESPACK,10
WAGY,5
WAH,5
WAHBA,5
WAHDAN,5
WAHID,5
WAHINGTON,5
WAHL,40
WAHLBERG,5
WAHLEN,5
WAHLENMAIER,5
WAHLER,5
WAHLERS,5
WAHLERT,5
WAHLGREN,5
WAHLMAN,5
WAHLQUIST,5
WAHLSTROM,5
WAHLUND,5
WAHN,5
WAHNER,5
WAHOSKE,5
WAHPEKECHE,5
WAHR,5
WAHS,5
WAI,5
WAIAU,5
WAIBEL,5
WAID,10
WAIDE,5
WAIDELICH,5
WAIDEN,5
WAIGHT,5
WAIKI,5
WAILES,5
WAIN,5
WAINER,5
WAINIO,5
WAINKRANTZ,5
WAINMAN,5
WAINRIGHT,5
WAINSCOTT,10
WAINWRIGHT,20
WAIR,5
WAIS,5
WAISANEN,5
WAISATH,5
WAISMAN,5
WAISNER,5
WAISS,5
WAIT,10
WAITE,60
WAITERS,10
WAITES,20
WAITHE,5
WAITKUS,5
WAITMAN,5
WAITS,20
WAITZ,5
WAJDA,5
WAKA,5
WAKABAYASHI,5
WAKAYAMA,5
WAKE,10
WAKEFIELD,50
WAKEFORD,5
WAKEHAM,5
WAKELAND,10
WAKELEY,5
WAKELING,5
WAKELY,5
WAKEMAN,10
WAKENIGHT,5
WAKER,5
WAKHAM,5
WAKIN,5
WAKINS,5
WAKITA,5
WAKLEY,5
WAKULA,5
WAL,5
WALA,5
WALAT,5
WALAWENDER,5
WALBERG,5
WALBERT,5
WALBORN,10
WALBRECHT,5
WALBRIDGE,5
WALBRIGHT,5
WALBURN,10
WALBY,5
WALCH,5
WALCHAK,5
WALCHLI,5
WALCK,10
WALCOTT,10
WALCUTT,5
WALCZAK,10
WALCZYK,5
WALCZYNSKI,5
WALD,10
WALDAL,5
WALDALL,5
WALDBAUER,5
WALDE,5
WALDECK,5
WALDECKER,5
WALDEN,110
WALDENBERG,5
WALDENMYER,5
WALDER,5
WALDERON,5
WALDHAUSER,5
WALDHOFF,5
WALDIE,5
WALDING,5
WALDMAN,20
WALDMANN,5
WALDNER,5
WALDO,20
WALDOCH,5
WALDOCK,5
WALDON,20
WALDORF,5
WALDOW,5
WALDRAM,5
WALDREN,5
WALDREP,10
WALDRIDGE,5
WALDRIP,5
WALDROFF,5
WALDRON,70
WALDROOP,5
WALDROP,40
WALDROPE,5
WALDROUP,10
WALDRUP,10
WALDSCHMIDT,10
WALDVOGEL,5
WALE,5
WALEGA,5
WALEMA,5
WALEN,5
WALENTA,5
WALENTOSKI,5
WALER,5
WALES,20
WALETZKO,5
WALEY,5
WALEZAK,5
WALFORD,5
WALGREN,5
WALICKI,5
WALIGORA,5
WALIN,5
WALINSKI,5
WALIZER,5
WALK,10
WALKA,5
WALKE,5
WALKEN,5
WALKENHORST,5
WALKER,2190
WALKERS,5
WALKES,5
WALKING,5
WALKINGSTICK,5
WALKINGTON,5
WALKINS,5
WALKINSHAW,5
WALKLEY,5
WALKLING,5
WALKNER,5
WALKO,10
WALKOWIAK,10
WALKOWSKI,5
WALKS,5
WALKUP,10
WALL,210
WALLA,10
WALLACE,810
WALLACH,10
WALLACK,5
WALLAERT,5
WALLAKER,5
WALLAND,5
WALLANDER,5
WALLAU,5
WALLBANK,5
WALLBERG,5
WALLBROWN,5
WALLE,5
WALLECK,5
WALLEN,30
WALLENBROCK,5
WALLENDA,5
WALLENSTEIN,5
WALLENTINE,5
WALLER,150
WALLERICH,5
WALLES,5
WALLET,5
WALLETT,5
WALLEY,10
WALLGREN,5
WALLICK,10
WALLIE,5
WALLIN,20
WALLING,40
WALLINGA,5
WALLINGER,5
WALLINGFORD,5
WALLINGTON,5
WALLIS,50
WALLISER,5
WALLJASPER,5
WALLMAN,5
WALLNER,10
WALLO,5
WALLOCH,5
WALLOR,5
WALLRAVIN,5
WALLS,170
WALLSCHLAEGER,5
WALLWORK,5
WALLY,5
WALMAN,5
WALMER,5
WALMSLEY,10
WALN,5
WALNER,5
WALOVEN,5
WALP,5
WALPER,5
WALPOLE,5
WALQUIST,5
WALRATH,5
WALRAVEN,10
WALROD,5
WALROND,5
WALSER,10
WALSETH,5
WALSH,330
WALSHE,5
WALSINGHAM,5
WALSON,5
WALSTAD,5
WALSTON,30
WALSTROM,5
WALSTRUM,5
WALSWORTH,5
WALT,10
WALTEMATH,5
WALTEMEYER,5
WALTENBAUGH,5
WALTER,180
WALTERMAN,5
WALTERMIRE,5
WALTERS,400
WALTERSCHEID,5
WALTERSDORF,5
WALTERSHEID,5
WALTERSON,5
WALTH,5
WALTHALL,10
WALTHER,20
WALTHERS,5
WALTHO,5
WALTHOUR,5
WALTJEN,5
WALTMAN,10
WALTMANN,5
WALTMON,5
WALTNER,5
WALTO,5
WALTON,300
WALTOS,5
WALTRIP,10
WALTS,5
WALTZ,20
WALTZER,5
WALUND,5
WALVATNE,5
WALVOORD,5
WALWORTH,5
WALWYN,5
WALZ,20
WALZER,5
WALZIER,5
WAMACK,5
WAMBACH,5
WAMBLE,5
WAMBOLDT,5
WAMHOFF,5
WAMMACK,5
WAMPLER,30
WAMPOL,5
WAMPOLE,5
WAMSER,5
WAMSLEY,10
WAN,10
WANAMAKER,10
WANAT,5
WANBERG,5
WANCA,5
WANCZYK,5
WAND,5
WANDA,5
WANDEL,5
WANDELL,5
WANDER,5
WANDERS,5
WANDERSEE,5
WANDLER,5
WANDLESS,5
WANDREI,5
WANDRIE,5
WANDS,5
WANEK,5
WANEKA,5
WANER,5
WANG,120
WANGBERG,5
WANGER,5
WANGERIN,5
WANGLER,5
WANGSTAD,5
WANINGER,5
WANK,5
WANKE,5
WANKEL,5
WANKER,5
WANKO,5
WANKUM,5
WANLAND,5
WANLASS,5
WANLESS,5
WANN,10
WANNAMAKER,10
WANNARKA,5
WANNER,10
WANNLUND,5
WANOUS,5
WANSCHEK,5
WANSER,5
WANSING,5
WANSITLER,5
WANSLEY,10
WANT,5
WANTA,5
WANTLAND,5
WANTUCK,5
WANTY,5
WANTZ,5
WANVIG,5
WANZEK,5
WANZER,5
WAPLES,5
WAPP,5
WAPPEL,5
WAR,5
WARBINGTON,5
WARBOYS,5
WARBRITTON,5
WARBURG,5
WARBURTON,10
WARCHAL,5
WARCHOL,5
WARD,1080
WARDALL,5
WARDE,5
WARDELL,10
WARDEN,50
WARDER,5
WARDHAUGH,5
WARDIAN,5
WARDINSKY,5
WARDLAW,10
WARDLE,10
WARDLOW,10
WARDMAN,5
WARDON,5
WARDRIP,5
WARDROP,5
WARDRUP,5
WARDSWORTH,5
WARDWELL,5
WARE,220
WAREHAM,10
WAREHEIM,5
WAREHIME,5
WAREING,5
WAREN,5
WARENS,5
WARES,5
WARF,10
WARFEL,10
WARFIELD,40
WARFORD,10
WARGA,5
WARGO,10
WARHOL,5
WARHOLA,5
WARHOLIC,5
WARHURST,5
WARICK,5
WARILA,5
WARINER,5
WARING,20
WARK,10
WARKENTIN,10
WARLEY,5
WARLICK,10
WARLING,5
WARLOCK,5
WARLOW,5
WARM,5
WARMACK,5
WARMAN,10
WARMATH,5
WARMBIER,5
WARMBROD,5
WARMBRODT,5
WARMINGTON,5
WARMKA,5
WARMOTH,5
WARMUTH,5
WARN,5
WARNACK,5
WARNASCH,5
WARNBERG,5
WARNCKE,5
WARNE,10
WARNECKE,5
WARNEKA,5
WARNEKE,5
WARNELL,5
WARNER,310
WARNES,5
WARNEY,5
WARNICK,10
WARNING,5
WARNIX,5
WARNKE,10
WARNKEN,5
WARNOCK,20
WARNS,5
WARNSTAFF,5
WARNTZ,5
WAROWAY,5
WARP,5
WARPOOL,5
WARR,10
WARRAN,5
WARRELL,5
WARREN,670
WARRENDER,5
WARRENFELTZ,5
WARRICK,20
WARRILOW,5
WARRINER,10
WARRING,5
WARRINGTON,20
WARRIOR,10
WARRIX,5
WARSAGER,5
WARSAW,5
WARSCHAW,5
WARSHAM,5
WARSHAUER,5
WARSHAW,5
WARSING,5
WARSME,5
WARSON,5
WARSTLER,5
WARTCHOW,5
WARTENBERG,5
WARTERS,5
WARTH,5
WARTHEN,10
WARTMAN,5
WARTON,5
WARWICK,20
WARY,5
WARZECHA,5
WARZYBOK,5
WASCHER,5
WASCO,5
WASCOM,5
WASDEN,5
WASEM,5
WASER,5
WASH,10
WASHABAUGH,5
WASHAM,10
WASHBURN,70
WASHELL,5
WASHER,10
WASHING,5
WASHINGTON,920
WASHINSKI,5
WASHINTON,5
WASHKO,5
WASHLER,5
WASHMAN,5
WASHMUTH,5
WASHNOCK,5
WASHOR,5
WASHPUN,5
WASHUK,5
WASHUM,5
WASHUP,5
WASHURN,5
WASICEK,5
WASIELEWSKI,5
WASIK,5
WASILEWSKI,10
WASILKO,5
WASINGER,10
WASIUTA,5
WASKA,5
WASKEY,5
WASKIEWICZ,5
WASKIN,5
WASKO,5
WASKOM,5
WASKOW,5
WASMER,5
WASMUND,5
WASMUS,5
WASMUTH,5
WASNER,5
WASON,10
WASOWSKI,5
WASP,5
WASS,10
WASSAM,5
WASSEL,5
WASSELL,5
WASSENAAR,5
WASSENBERG,5
WASSER,10
WASSERMAN,20
WASSERMANN,5
WASSIL,5
WASSINGER,5
WASSINK,5
WASSMAN,5
WASSMANN,5
WASSON,30
WASSUM,5
WASTON,5
WASURICK,5
WASYLISZYN,5
WASYLOW,5
WASZAK,5
WASZKIEWICZ,5
WASZMER,5
WATAH,5
WATAHOMIGIE,5
WATANABE,20
WATCHER,5
WATCHMAN,10
WATCHORN,5
WATER,5
WATERBURY,10
WATERER,5
WATERFALL,5
WATERFIELD,10
WATERFORD,5
WATERHOUSE,10
WATERMAN,50
WATERS,260
WATERSON,5
WATERSTON,5
WATERWORTH,5
WATES,5
WATFORD,20
WATHEN,10
WATKIN,10
WATKINS,550
WATKINSON,5
WATLAND,5
WATLER,5
WATLEY,10
WATLING,5
WATLINGTON,10
WATNE,5
WATRAL,5
WATRING,5
WATROUS,5
WATRS,5
WATRY,5
WATSKY,5
WATSON,1030
WATT,60
WATTE,5
WATTENBARGER,5
WATTENBERG,5
WATTERS,40
WATTERSON,20
WATTIGNY,5
WATTLES,5
WATTLEY,5
WATTON,5
WATTS,370
WATTSON,5
WATWOOD,5
WATZKA,5
WATZKE,5
WAUCH,5
WAUD,5
WAUER,5
WAUFORD,5
WAUGAMAN,5
WAUGH,50
WAUGHTAL,5
WAUGHTEL,5
WAUNEKA,5
WAUSON,5
WAUTERS,5
WAVE,5
WAVER,5
WAVERLY,5
WAVRA,5
WAWERS,5
WAWRZYNIAK,5
WAX,10
WAXLER,5
WAXMAN,10
WAY,50
WAYBILL,5
WAYBRIGHT,5
WAYCASTER,5
WAYCHOFF,5
WAYCHOWSKY,5
WAYCOTT,5
WAYDE,5
WAYE,5
WAYFORD,5
WAYGOOD,5
WAYLAND,10
WAYMAN,20
WAYMENT,5
WAYMER,5
WAYMIRE,10
WAYMON,5
WAYNE,30
WAYNER,5
WAYNICK,5
WAYNS,5
WAYS,5
WAYSON,5
WAYT,10
WAYTS,5
WAZ,5
WDOWIAK,5
WEABER,5
WEAD,5
WEADER,5
WEADON,5
WEAFER,5
WEAGEL,5
WEAGLE,5
WEAGRAFF,5
WEAKLAND,5
WEAKLEND,5
WEAKLEY,10
WEAKLY,5
WEAKS,5
WEAL,5
WEALER,5
WEANT,5
WEAR,10
WEARE,5
WEARING,5
WEARLY,5
WEARRIEN,5
WEARS,5
WEARY,5
WEASE,5
WEASEL,5
WEAST,5
WEATHER,5
WEATHERALL,10
WEATHERBEE,5
WEATHERBY,20
WEATHERFORD,40
WEATHERHEAD,5
WEATHERHOLT,10
WEATHERHOLTZ,5
WEATHERILL,5
WEATHERINGTON,5
WEATHERLEY,5
WEATHERLY,30
WEATHERMAN,5
WEATHERS,60
WEATHERSBEE,5
WEATHERSBY,20
WEATHERSPOON,20
WEATHERWAX,10
WEATHINGTON,5
WEAVER,530
WEAVERS,5
WEAVIL,5
WEAVING,5
WEBB,720
WEBBER,110
WEBBINK,5
WEBBS,5
WEBER,340
WEBERG,5
WEBLEY,5
WEBRE,10
WEBSTER,280
WECHSELBLATT,5
WECHSLER,10
WECHTER,5
WECK,5
WECKENBORG,5
WECKER,5
WECKERLY,5
WECKHORST,5
WECKMAN,5
WECKWERTH,5
WEDD,5
WEDDEL,5
WEDDELL,5
WEDDERBURN,5
WEDDERSPOON,5
WEDDING,10
WEDDINGTON,10
WEDDLE,30
WEDE,5
WEDEKIND,5
WEDEKING,5
WEDEL,10
WEDELL,5
WEDEMEYER,5
WEDER,5
WEDGE,10
WEDGEWOOD,5
WEDGEWORTH,10
WEDGWORTH,5
WEDI,5
WEDIGE,5
WEDIN,5
WEDLOCK,5
WEDLOW,5
WEDMAN,5
WEDNER,5
WEDO,5
WEDWICK,5
WEE,10
WEEBER,5
WEECH,5
WEED,30
WEEDA,5
WEEDEN,10
WEEDMAN,10
WEEDON,5
WEEGAR,5
WEEGE,5
WEEKES,10
WEEKEY,5
WEEKLEY,20
WEEKLY,5
WEEKS,170
WEELBORG,5
WEELER,5
WEEMAN,5
WEEMES,5
WEEMHOFF,5
WEEMS,40
WEENUM,5
WEERS,5
WEERTS,5
WEESE,10
WEESNER,10
WEETER,5
WEETH,5
WEFLEN,5
WEGE,5
WEGENER,10
WEGER,5
WEGGE,5
WEGHORST,5
WEGIEL,5
WEGLAGE,5
WEGLARZ,5
WEGLEITNER,5
WEGLEY,5
WEGLIN,5
WEGMAN,10
WEGMANN,5
WEGNER,20
WEGRZYN,5
WEGWEISER,5
WEHAUSEN,5
WEHBE,5
WEHBY,5
WEHE,5
WEHKING,5
WEHLING,5
WEHMANN,5
WEHMEIER,5
WEHMEYER,10
WEHN,5
WEHNER,10
WEHNES,5
WEHR,10
WEHRENBERG,5
WEHRHEIM,5
WEHRING,5
WEHRLE,10
WEHRLEY,5
WEHRLI,5
WEHRLY,5
WEHRMAN,5
WEHRMANN,5
WEHRS,5
WEHRSIG,5
WEHRWEIN,5
WEHUNT,5
WEI,10
WEIAND,5
WEIBE,5
WEIBEL,10
WEIBLE,5
WEICH,5
WEICHBRODT,5
WEICHEL,5
WEICHMAN,5
WEICHT,5
WEICK,5
WEICKUM,5
WEIDA,5
WEIDE,5
WEIDEMAN,5
WEIDEMANN,5
WEIDEN,5
WEIDENBACH,5
WEIDENHEIMER,5
WEIDER,5
WEIDERHOLD,5
WEIDERT,5
WEIDIG,5
WEIDLER,10
WEIDMAN,10
WEIDMANN,5
WEIDNER,20
WEIDOWER,5
WEIER,5
WEIG,5
WEIGAND,10
WEIGART,5
WEIGEL,20
WEIGELT,5
WEIGERT,5
WEIGHT,10
WEIGHTMAN,5
WEIGL,5
WEIGLE,10
WEIGLEB,5
WEIGLEIN,5
WEIGMAN,5
WEIGNER,5
WEIGOLD,5
WEIHE,5
WEIHER,5
WEIHL,5
WEIK,5
WEIKAL,5
WEIKEL,10
WEIKER,5
WEIKERT,5
WEIKLE,5
WEIL,20
WEILAND,20
WEILBACHER,5
WEILER,20
WEILL,5
WEIMAN,5
WEIMANN,5
WEIMAR,5
WEIMER,20
WEIN,10
WEINAND,5
WEINBACH,5
WEINBAUER,5
WEINBERG,30
WEINBERGER,10
WEINBURG,5
WEINER,50
WEINERT,5
WEINFELD,5
WEINFURTER,5
WEINGARD,5
WEINGART,5
WEINGARTEN,10
WEINGARTNER,10
WEINGER,5
WEINHEIMER,5
WEINHOLD,5
WEININGER,5
WEINKAUF,5
WEINLAND,5
WEINMAN,10
WEINMANN,10
WEINRAUB,5
WEINREB,5
WEINREICH,5
WEINRIB,5
WEINRICH,5
WEINS,5
WEINSTEIN,40
WEINSTOCK,10
WEINTRAUB,10
WEINTZ,5
WEINZETL,5
WEINZIERL,5
WEINZIMER,5
WEINZINGER,5
WEIPERT,5
WEIR,70
WEIRATHER,5
WEIRAUCH,5
WEIRICH,5
WEIRICK,5
WEIS,30
WEISBAUM,5
WEISBECKER,5
WEISBERG,10
WEISBERGER,5
WEISBROD,5
WEISDORFER,5
WEISE,20
WEISEL,5
WEISENBERG,5
WEISENBERGER,5
WEISENBORN,5
WEISENBURGER,5
WEISEND,5
WEISENFELS,5
WEISENFLUH,5
WEISENHORN,5
WEISENSTEIN,5
WEISER,20
WEISFELD,5
WEISGARBER,5
WEISGERBER,10
WEISHAAR,10
WEISHAR,5
WEISHAUPT,5
WEISHEIT,5
WEISHOLZ,5
WEISIGER,5
WEISINGER,10
WEISKOPF,5
WEISMAN,10
WEISMANTLE,5
WEISMILLER,5
WEISNER,10
WEISPFENNING,5
WEISS,180
WEISSBERG,5
WEISSBRODT,5
WEISSE,5
WEISSENBACH,5
WEISSENBORN,5
WEISSER,10
WEISSERT,5
WEISSGERBER,5
WEISSINGER,10
WEISSLER,5
WEISSMAN,10
WEISSMANN,5
WEIST,10
WEISZ,10
WEISZBROD,5
WEIT,5
WEITER,5
WEITH,5
WEITKAMP,5
WEITMAN,5
WEITNAUER,5
WEITZ,10
WEITZE,5
WEITZEL,10
WEITZMAN,10
WEITZNER,5
WEKENBORG,5
WEKENMANN,5
WELA,5
WELANDER,5
WELBORN,20
WELBURN,5
WELBY,5
WELCH,440
WELCHEL,5
WELCHER,10
WELCHMAN,5
WELCOME,10
WELD,5
WELDE,5
WELDEN,5
WELDER,5
WELDIN,5
WELDING,5
WELDON,60
WELDY,10
WELFEL,5
WELFORD,5
WELK,10
WELKE,10
WELKER,30
WELL,10
WELLAND,5
WELLARD,5
WELLBORN,10
WELLBROCK,5
WELLE,5
WELLEN,5
WELLENDORF,5
WELLENSTEIN,5
WELLER,60
WELLES,5
WELLING,10
WELLINGHOFF,5
WELLINGS,5
WELLINGTON,20
WELLIVER,10
WELLMAN,50
WELLMANN,5
WELLNER,5
WELLNITZ,5
WELLONS,5
WELLS,730
WELLSPEAK,5
WELMAN,5
WELMS,5
WELNER,5
WELP,5
WELSCH,10
WELSCHMEYER,5
WELSH,100
WELSHANS,5
WELSON,5
WELTCH,5
WELTE,5
WELTER,10
WELTERS,5
WELTHA,5
WELTI,5
WELTMER,5
WELTON,20
WELTY,20
WELTZ,5
WELTZIN,5
WELZ,5
WELZEL,5
WEMARK,5
WEMBER,5
WEMHOFF,5
WEMMER,5
WEMPA,5
WEMPE,5
WEMPLE,5
WEN,10
WENCE,5
WENCIKER,5
WENCK,5
WENCL,5
WENCLAWIAK,5
WEND,5
WENDE,5
WENDEL,20
WENDELBERGER,5
WENDELBOE,5
WENDELIN,5
WENDELKEN,5
WENDELL,10
WENDELN,5
WENDER,5
WENDEROTH,5
WENDLAND,10
WENDLANDT,5
WENDLER,10
WENDLING,10
WENDOLSKI,5
WENDORF,5
WENDORFF,5
WENDROTH,5
WENDT,40
WENDTE,5
WENDY,5
WENDZEL,5
WENE,5
WENECK,5
WENER,5
WENG,5
WENGEL,5
WENGER,30
WENGERD,5
WENGERT,5
WENGLER,5
WENGREEN,5
WENGREN,5
WENIG,5
WENIGER,5
WENINGER,5
WENK,5
WENKE,5
WENKER,5
WENMAN,5
WENNER,10
WENNERSTEN,5
WENNING,5
WENNINGER,5
WENRICH,5
WENRICK,5
WENSEL,5
WENSKE,5
WENSKOSKI,5
WENSKY,5
WENSMAN,5
WENSTRAND,5
WENSTROM,5
WENT,5
WENTCELL,5
WENTE,5
WENTHOLD,5
WENTLAND,5
WENTLING,5
WENTWORTH,40
WENTZ,30
WENTZEL,10
WENTZELL,5
WENTZLAFF,5
WENTZLOFF,5
WENZ,10
WENZEL,40
WENZELL,5
WENZINGER,5
WENZL,5
WEPPLER,5
WERBELOW,5
WERBER,5
WERBLOW,5
WERDERMAN,5
WERDLOW,5
WERGER,5
WERGIN,5
WERK,5
WERKHEISER,5
WERKHOVEN,5
WERKING,5
WERKMEISTER,5
WERKSMAN,5
WERLE,5
WERLEY,5
WERLINE,5
WERLING,5
WERLINGER,5
WERMA,5
WERME,5
WERMERS,5
WERMTER,5
WERN,5
WERNECKE,5
WERNER,110
WERNERT,5
WERNETT,5
WERNEX,5
WERNICK,5
WERNICKI,5
WERNIMONT,5
WERNING,5
WERNLI,5
WERNSMAN,5
WERNTZ,5
WERNZ,5
WERO,5
WERRA,5
WERRE,5
WERREMEYER,5
WERRIES,5
WERRING,5
WERRY,5
WERSAL,5
WERSHEY,5
WERST,5
WERSTEIN,5
WERT,20
WERTENBERGER,5
WERTH,10
WERTHEIM,5
WERTHEIMER,5
WERTHMAN,5
WERTMAN,5
WERTS,10
WERTZ,40
WERY,5
WESBERRY,5
WESBY,5
WESCH,5
WESCHE,5
WESCOM,5
WESCOTT,20
WESCOVICH,5
WESELY,5
WESEMANN,5
WESER,5
WESKE,5
WESLER,5
WESLEY,80
WESLOH,5
WESLOW,5
WESLOWSKI,5
WESLY,5
WESNER,10
WESOLICK,5
WESOLOWSKI,10
WESS,5
WESSEL,20
WESSELHOFT,5
WESSELINK,5
WESSELL,5
WESSELLS,5
WESSELMAN,5
WESSELS,10
WESSENDORF,5
WESSINGER,5
WESSLER,5
WESSLING,5
WESSMAN,5
WESSNER,5
WESSON,20
WEST,800
WESTABY,5
WESTAD,5
WESTALL,5
WESTAWAY,5
WESTBERG,10
WESTBERRY,10
WESTBROOK,70
WESTBROOKE,5
WESTBROOKS,20
WESTBURY,10
WESTBY,5
WESTCOAT,5
WESTCOTE,5
WESTCOTT,20
WESTEN,5
WESTENBARGER,5
WESTENBERGER,5
WESTENDORF,10
WESTENHAVER,5
WESTER,30
WESTERBECK,5
WESTERBERG,10
WESTERFELD,5
WESTERFIELD,10
WESTERGAARD,5
WESTERGARD,5
WESTERHEIDE,5
WESTERHOF,5
WESTERHOFF,5
WESTERHOLD,5
WESTERHOLM,5
WESTERLING,5
WESTERLUND,10
WESTERMAN,20
WESTERMANN,5
WESTERMARK,5
WESTERMEIER,5
WESTERN,10
WESTERVELT,10
WESTERVOORDE,5
WESTFAHL,5
WESTFALL,40
WESTFIELD,10
WESTGAARD,5
WESTGATE,10
WESTHOFF,10
WESTHOUSE,5
WESTIN,5
WESTLAKE,10
WESTLAND,5
WESTLER,5
WESTLEY,10
WESTLIE,5
WESTLING,10
WESTLUND,10
WESTLY,5
WESTMAN,10
WESTMARK,5
WESTMEYER,5
WESTMORELAND,50
WESTMORLAND,5
WESTON,100
WESTOVER,20
WESTPFAHL,5
WESTPHAL,20
WESTPHALEN,5
WESTRA,10
WESTRAY,5
WESTRE,5
WESTRICH,5
WESTRICK,10
WESTROM,5
WESTROPE,5
WESTRUM,5
WESTRUP,5
WESTRY,5
WESTVEER,5
WESTWATER,5
WESTWOOD,5
WETENKAMP,5
WETER,5
WETHERALD,5
WETHERBEE,10
WETHERBY,10
WETHERELL,10
WETHERILL,5
WETHERINGTON,10
WETHERN,5
WETHINGTON,10
WETHJE,5
WETKLOW,5
WETMORE,20
WETSEL,5
WETSELLINE,5
WETTACH,5
WETTER,10
WETTERAUER,5
WETTERER,5
WETTLAUFER,5
WETTSTEIN,5
WETZ,5
WETZEL,60
WETZELL,5
WETZLER,10
WETZSTEIN,5
WEUVE,5
WEVER,5
WEWERKA,5
WEXELL,5
WEXLER,10
WEY,5
WEYAND,10
WEYANDT,5
WEYANT,10
WEYDERT,5
WEYER,10
WEYERS,5
WEYGANDT,5
WEYHRAUCH,5
WEYKER,5
WEYLAND,5
WEYLER,5
WEYMAN,5
WEYMOUTH,10
WEYNAND,5
WEYRAUCH,5
WEYRICK,5
WHACK,5
WHAITE,5
WHAL,5
WHALAN,5
WHALEN,70
WHALER,5
WHALEY,100
WHALLEY,5
WHALTEY,5
WHAN,5
WHANG,10
WHAPHAM,5
WHARFF,5
WHARRY,5
WHARTON,40
WHARY,5
WHATCOTT,5
WHATLEY,60
WHATONAME,5
WHEADON,5
WHEARY,5
WHEAT,50
WHEATCROFT,5
WHEATER,5
WHEATLEY,50
WHEATLY,5
WHEATON,30
WHEDBEE,5
WHEDON,5
WHEEINGTON,5
WHEELAN,5
WHEELAND,5
WHEELDON,5
WHEELEN,5
WHEELER,510
WHEELES,5
WHEELESS,5
WHEELEY,5
WHEELING,5
WHEELIS,5
WHEELOCK,10
WHEELUS,5
WHEELWRIGHT,5
WHEETLEY,5
WHELAN,30
WHELCHEL,10
WHELDON,5
WHELEHAN,5
WHELER,5
WHELESS,10
WHELIHAN,5
WHELLER,5
WHELPLEY,5
WHELTON,5
WHERLEY,5
WHERRY,10
WHETHAM,5
WHETSEL,10
WHETSELL,5
WHETSTINE,5
WHETSTONE,20
WHETTEN,5
WHETZEL,10
WHETZELL,5
WHIBY,5
WHICHARD,5
WHICKER,10
WHIDBEE,5
WHIDBY,5
WHIDDEN,10
WHIDDON,10
WHIGHAM,10
WHIGUM,5
WHILBY,5
WHILDEN,5
WHILDIN,5
WHILE,5
WHILES,5
WHILEY,5
WHILLOCK,5
WHINERY,5
WHINNERY,5
WHIPKEY,10
WHIPP,5
WHIPPIE,5
WHIPPLE,50
WHIPPO,5
WHIPPS,5
WHIRLEY,5
WHIRLOW,5
WHIRRY,5
WHISBY,5
WHISENAND,5
WHISENANT,10
WHISENHUNT,10
WHISENTON,5
WHISH,5
WHISKER,5
WHISLER,10
WHISMAN,10
WHISNANT,10
WHISNER,5
WHISONANT,5
WHISPELL,5
WHISTED,5
WHISTLE,5
WHISTLEHUNT,5
WHISTLER,10
WHISTON,5
WHIT,5
WHITACKER,5
WHITACRE,20
WHITAKER,220
WHITBECK,10
WHITBREAD,5
WHITBY,10
WHITCHER,10
WHITCHURCH,10
WHITCOMB,30
WHITCOME,5
WHITCRAFT,5
WHITE,2790
WHITEAKER,10
WHITEBEAR,5
WHITEBIRD,5
WHITEBREAD,5
WHITECLOUD,5
WHITECOTTON,5
WHITED,30
WHITEFIELD,10
WHITEFORD,5
WHITEGOAT,5
WHITEHAIR,10
WHITEHALL,5
WHITEHEAD,200
WHITEHILL,10
WHITEHORN,10
WHITEHORSE,5
WHITEHOUSE,20
WHITEHURST,40
WHITEIS,5
WHITELAW,5
WHITELEATHER,5
WHITELEY,10
WHITELIGHTNIN,5
WHITELOCK,5
WHITELOW,5
WHITELY,10
WHITEMAN,30
WHITEMARSH,5
WHITEMORE,5
WHITEN,10
WHITENACK,5
WHITENER,20
WHITENTON,5
WHITER,5
WHITERS,5
WHITES,5
WHITESCARVER,5
WHITESEL,10
WHITESELL,10
WHITESIDE,40
WHITESIDES,10
WHITESINGER,5
WHITEWATER,5
WHITEY,5
WHITFIELD,130
WHITFILL,5
WHITFORD,20
WHITHAM,10
WHITHELD,5
WHITHERSPOON,5
WHITIKER,5
WHITING,50
WHITINGER,5
WHITIS,10
WHITKER,5
WHITLACH,5
WHITLATCH,10
WHITLEDGE,5
WHITLER,5
WHITLEY,120
WHITLING,5
WHITLINGER,5
WHITLINGUM,5
WHITLOCK,60
WHITLOW,40
WHITMAN,70
WHITMARSH,10
WHITMER,20
WHITMEYER,5
WHITMIRE,30
WHITMORE,60
WHITMOYER,5
WHITMYRE,5
WHITNER,10
WHITNEY,150
WHITON,5
WHITROCK,5
WHITSEL,5
WHITSELL,5
WHITSET,5
WHITSETT,10
WHITSEY,5
WHITSITT,5
WHITSON,40
WHITT,70
WHITTAKER,70
WHITTALL,5
WHITTED,20
WHITTEKER,5
WHITTEMORE,20
WHITTEN,70
WHITTENBECK,5
WHITTENBERG,5
WHITTENBURG,10
WHITTENTON,5
WHITTER,5
WHITTET,5
WHITTIE,5
WHITTIER,10
WHITTIKER,5
WHITTING,5
WHITTINGHAM,10
WHITTINGHILL,5
WHITTINGTON,60
WHITTLE,40
WHITTLER,5
WHITTLESEY,5
WHITTLEY,5
WHITTMAN,5
WHITTMORE,5
WHITTON,10
WHITTUM,5
WHITTY,10
WHITVER,5
WHITWELL,5
WHITWORTH,40
WHOBREY,10
WHOLEY,5
WHOLLY,5
WHOOLEY,5
WHOOPER,5
WHORLEY,5
WHORTON,20
WHTIE,5
WHY,5
WHYARD,5
WHYBREW,5
WHYEL,5
WHYMAN,5
WHYMS,5
WHYNE,5
WHYSONG,5
WHYTE,30
WIACEK,5
WIAND,5
WIANT,5
WIATER,5
WIATR,5
WIATRAK,5
WIATREK,5
WIATROWSKI,5
WIBBENMEYER,5
WIBBENS,5
WIBBERLEY,5
WIBERG,5
WIBETO,5
WIBLE,10
WIBORG,5
WICAL,5
WICE,5
WICHER,5
WICHERN,5
WICHERT,5
WICHLAND,5
WICHMAN,5
WICHMANN,5
WICHROWSKI,5
WICHTERMAN,5
WICINSKY,5
WICK,30
WICKA,5
WICKARD,5
WICKE,5
WICKELL,5
WICKEMEYER,5
WICKENHAUSER,5
WICKENS,5
WICKER,40
WICKERS,5
WICKERSHAM,10
WICKERSHEIM,5
WICKERT,5
WICKES,5
WICKETT,5
WICKETTS,5
WICKEY,5
WICKHAM,30
WICKINGS,5
WICKIZER,5
WICKKISER,5
WICKLAND,5
WICKLIFF,5
WICKLIFFE,5
WICKLIN,5
WICKLINE,10
WICKLUND,10
WICKMAN,10
WICKS,40
WICKSON,5
WICKSTROM,10
WICKUS,5
WICKWARE,5
WICKWIRE,5
WIDA,5
WIDBY,5
WIDDER,5
WIDDISON,5
WIDDOES,5
WIDDOP,5
WIDDOWS,5
WIDDOWSON,5
WIDE,5
WIDELL,5
WIDEMAN,10
WIDEN,5
WIDENER,10
WIDER,5
WIDERA,5
WIDERSKI,5
WIDGEON,5
WIDGER,10
WIDHALM,5
WIDICK,5
WIDJAJA,5
WIDLAK,5
WIDMAIER,5
WIDMAN,10
WIDMANN,5
WIDMAR,5
WIDMARK,5
WIDMAYER,5
WIDMER,10
WIDNER,10
WIDNEY,5
WIDOWSKI,5
WIDRICK,5
WIDRIG,5
WIEAND,5
WIEBE,10
WIEBEN,5
WIEBER,5
WIEBERG,5
WIEBERS,5
WIEBOLD,5
WIEBOLDT,5
WIEBUSCH,5
WIECE,5
WIECHEC,5
WIECHERT,5
WIECHMAN,5
WIECHMANN,10
WIECIECH,5
WIECK,5
WIECKOWSKI,5
WIECZOREK,10
WIED,5
WIEDE,5
WIEDEMAN,10
WIEDEMANN,5
WIEDENHEFT,5
WIEDER,5
WIEDERHOLD,5
WIEDERHOLT,5
WIEDERIN,5
WIEDERSTEIN,5
WIEDERWAX,5
WIEDMAIER,5
WIEDMAN,10
WIEDMANN,5
WIEDRICH,5
WIEDYK,5
WIEGAND,20
WIEGARD,5
WIEGEL,5
WIEGER,5
WIEGERT,5
WIEGMAN,5
WIEGMANN,5
WIEHE,5
WIELAND,20
WIELGASZ,5
WIELGOSZ,5
WIELGUS,5
WIELOCH,5
WIELOCK,5
WIEMAN,5
WIEMANN,5
WIEMER,5
WIEN,5
WIENANDT,5
WIENBERG,5
WIENECKE,5
WIENEKE,5
WIENER,20
WIENERT,5
WIENHOFF,5
WIENKE,5
WIENS,10
WIER,10
WIERENGA,5
WIERMAN,5
WIERS,5
WIERSCHEM,5
WIERSCHEN,5
WIERSEMA,5
WIERSMA,10
WIERSON,5
WIERSTEINER,5
WIERZBA,5
WIERZBICKI,5
WIES,5
WIESE,30
WIESEHAN,5
WIESEL,5
WIESELER,5
WIESEMAN,5
WIESEMANN,5
WIESEN,5
WIESER,5
WIESLER,5
WIESMAN,5
WIESNER,10
WIESNESKI,5
WIESS,5
WIEST,10
WIETBROCK,5
WIETING,5
WIETO,5
WIETZEL,5
WIEWEL,5
WIFORD,5
WIG,5
WIGAND,5
WIGBOLDY,5
WIGDOR,5
WIGELSWORTH,5
WIGEN,5
WIGET,5
WIGFALL,20
WIGFIELD,5
WIGG,5
WIGGAINS,5
WIGGAN,5
WIGGEN,5
WIGGENS,5
WIGGER,5
WIGGERS,5
WIGGETT,5
WIGGIN,10
WIGGINGTON,5
WIGGINS,210
WIGGINTON,10
WIGGLESWORTH,5
WIGGS,10
WIGHAM,5
WIGHT,20
WIGHTMAN,10
WIGINGTON,10
WIGINTON,5
WIGLE,5
WIGLESWORTH,5
WIGLEY,10
WIGMAN,5
WIGNALL,5
WIGNER,5
WIGREN,5
WIGTON,5
WIINIKAINEN,5
WIK,5
WIKE,10
WIKEL,5
WIKER,5
WIKERT,5
WIKHOLM,5
WIKINS,5
WIKLE,5
WIKLUND,5
WIKOFF,5
WIKSTROM,5
WIKTOR,5
WILABAY,5
WILAND,5
WILANSKY,5
WILBANKS,40
WILBER,30
WILBERS,5
WILBERT,10
WILBON,5
WILBORN,20
WILBOURN,10
WILBOURNE,5
WILBUR,40
WILBURN,60
WILBY,5
WILCH,5
WILCHEK,5
WILCHER,20
WILCINSKI,5
WILCOCK,5
WILCOX,230
WILCOXEN,10
WILCOXON,10
WILCOXSON,10
WILCUT,5
WILCUTT,5
WILCZAK,5
WILCZEWSKI,5
WILCZYNSKI,5
WILD,30
WILDA,5
WILDAUER,5
WILDAY,5
WILDBERGER,5
WILDE,40
WILDEBOER,5
WILDEISEN,5
WILDEMAN,5
WILDEN,5
WILDENBERG,5
WILDENTHALER,5
WILDER,140
WILDERMAN,5
WILDERMUTH,10
WILDERSON,5
WILDES,10
WILDEY,5
WILDFONG,5
WILDHABER,5
WILDIN,5
WILDING,5
WILDMAN,20
WILDNER,5
WILDONER,5
WILDRICK,5
WILDRIDGE,5
WILDS,10
WILDSMITH,5
WILDT,5
WILE,10
WILEBSKI,5
WILECZEK,5
WILEMAN,5
WILEMON,5
WILEN,5
WILENKIN,5
WILENSKY,5
WILER,5
WILES,50
WILEY,200
WILFAHRT,5
WILFINGER,5
WILFONG,20
WILFORD,10
WILFRED,5
WILGING,5
WILGOCKI,5
WILGUS,5
WILHAM,10
WILHELM,60
WILHELMI,5
WILHELMS,5
WILHELMSEN,5
WILHELMY,5
WILHIDE,5
WILHITE,30
WILHOIT,10
WILHOITE,10
WILIAMS,10
WILIS,5
WILISON,5
WILK,10
WILKE,30
WILKEN,10
WILKENING,5
WILKENS,20
WILKENSON,5
WILKER,10
WILKERS,5
WILKERSON,230
WILKES,70
WILKEY,10
WILKIE,20
WILKIN,10
WILKINS,240
WILKINSON,190
WILKISON,5
WILKOFF,5
WILKOS,5
WILKOSZ,5
WILKOWITZ,5
WILKS,40
WILKSON,5
WILKUS,5
WILL,30
WILLABY,5
WILLADSEN,5
WILLAERT,5
WILLAIMS,10
WILLAIMSON,5
WILLAME,5
WILLAMS,10
WILLAMSON,5
WILLAND,5
WILLARD,90
WILLARDSON,5
WILLARS,5
WILLBANKS,10
WILLBORN,5
WILLCOTT,5
WILLCOX,10
WILLCOXON,5
WILLCUTT,5
WILLE,10
WILLEFORD,10
WILLEGAL,5
WILLEMS,10
WILLEMSEN,5
WILLEN,5
WILLENBORG,5
WILLENBRING,5
WILLENBRINK,5
WILLENBROCK,5
WILLENS,5
WILLER,10
WILLERS,5
WILLERT,5
WILLES,5
WILLET,5
WILLETO,5
WILLETS,5
WILLETT,60
WILLETTE,20
WILLETTS,5
WILLEY,50
WILLFORD,5
WILLGING,5
WILLHELM,5
WILLHITE,10
WILLHOITE,5
WILLI,5
WILLIA,5
WILLIAM,160
WILLIAMA,5
WILLIAMIS,5
WILLIAMON,5
WILLIAMS,6990
WILLIAMSEN,5
WILLIAMSON,490
WILLIAMSTON,5
WILLIAN,5
WILLIANS,5
WILLIAR,5
WILLIARD,5
WILLIBRAND,5
WILLIBY,5
WILLICK,5
WILLIE,20
WILLIEMAE,5
WILLIER,5
WILLIES,5
WILLIFORD,30
WILLIG,5
WILLIGAR,5
WILLILAMS,10
WILLIMAS,5
WILLIMON,5
WILLIMS,5
WILLING,5
WILLINGER,5
WILLINGHAM,60
WILLINGHURST,5
WILLINGTON,5
WILLINSKY,5
WILLIS,550
WILLISON,10
WILLISTON,5
WILLITS,10
WILLITZER,5
WILLIVER,5
WILLMAN,10
WILLMANN,5
WILLMARTH,5
WILLMERT,5
WILLMES,5
WILLMON,10
WILLMORE,5
WILLMOTT,5
WILLMS,5
WILLMSCHEN,5
WILLNER,5
WILLOBY,5
WILLOCK,5
WILLOUGBY,5
WILLOUGHBY,60
WILLOUR,5
WILLOW,5
WILLRETT,5
WILLRICH,5
WILLS,100
WILLSEY,10
WILLSON,40
WILLWERTH,5
WILLY,5
WILLYARD,5
WILM,5
WILMARTH,5
WILMER,10
WILMES,10
WILMETH,5
WILMONT,5
WILMORE,10
WILMOT,20
WILMOTH,30
WILMOTT,5
WILMOUTH,5
WILNER,10
WILRIDGE,5
WILSEN,5
WILSEY,10
WILSHIRE,5
WILSHUSEN,5
WILSON,3390
WILT,30
WILTBANK,5
WILTBERGER,5
WILTERDINK,5
WILTFONG,5
WILTGEN,5
WILTJER,5
WILTON,10
WILTROUT,5
WILTS,5
WILTSE,10
WILTSEY,5
WILTSHIRE,10
WILTSIE,5
WILTZ,10
WILUND,5
WILUSZ,5
WIMAN,5
WIMBER,5
WIMBERLEY,5
WIMBERLY,30
WIMBISH,10
WIMBLE,5
WIMBLEY,10
WIMBROW,5
WIMBS,5
WIMBUSH,10
WIMER,10
WIMES,5
WIMETT,5
WIMMER,20
WIMPEE,5
WIMPEY,5
WIMPY,5
WIMS,5
WIMSATT,5
WIN,5
WINANS,10
WINARSKI,5
WINBERG,5
WINBERRY,5
WINBORN,5
WINBORNE,10
WINBURN,10
WINBUSH,10
WINCAPAW,5
WINCE,5
WINCH,5
WINCHEL,5
WINCHELL,20
WINCHENBACH,5
WINCHESTER,30
WINCKLER,5
WIND,5
WINDAM,5
WINDAUER,5
WINDELL,5
WINDER,20
WINDERS,10
WINDES,5
WINDFIELD,5
WINDHAM,50
WINDHOLZ,5
WINDHORST,5
WINDHURST,5
WINDISCH,5
WINDISH,5
WINDLAND,5
WINDLE,10
WINDLER,5
WINDLEY,10
WINDLY,5
WINDMEYER,5
WINDOM,10
WINDON,5
WINDOVER,5
WINDROW,5
WINDSCHITL,5
WINDSHEIMER,5
WINDSOR,20
WINDUS,5
WINE,10
WINEBARGER,10
WINEBAUGH,5
WINEBERG,5
WINEBRENNER,10
WINEGAR,10
WINEGARD,5
WINEGARDEN,5
WINEGARDNER,5
WINEINGER,5
WINEK,5
WINELAND,5
WINEMAN,5
WINEMILLER,5
WINER,10
WINES,10
WINESBERRY,5
WINESETT,5
WINESICKLE,5
WINETT,5
WINFIELD,40
WINFORD,5
WINFOUGH,5
WINFRED,5
WINFREE,10
WINFREY,30
WING,50
WINGARD,20
WINGATE,30
WINGE,5
WINGEIER,5
WINGENTER,5
WINGER,20
WINGERD,5
WINGERSON,5
WINGERT,10
WINGERTER,5
WINGET,10
WINGETT,5
WINGFIELD,30
WINGHAM,5
WINGLER,10
WINGO,20
WINGROVE,5
WINGS,5
WINGSTROM,5
WINHAM,5
WINIARSKI,5
WINICK,5
WINIECKI,5
WINIK,5
WINIKOFF,5
WININGEAR,5
WININGER,10
WINK,10
WINKEL,10
WINKELBAUER,5
WINKELJOHN,5
WINKELMAN,10
WINKELMANN,5
WINKELPLECK,5
WINKELS,5
WINKENWERDER,5
WINKER,5
WINKEY,5
WINKFIELD,10
WINKLE,10
WINKLEBLACK,5
WINKLEMAN,10
WINKLEPLECK,5
WINKLER,70
WINKLES,10
WINKLEY,5
WINKOWSKI,5
WINKS,5
WINLAND,10
WINLEY,5
WINLOCK,5
WINN,80
WINNE,5
WINNEGAN,5
WINNEN,5
WINNER,20
WINNERS,5
WINNETT,10
WINNEWISSER,5
WINNEY,5
WINNICKI,5
WINNIE,10
WINNIKE,5
WINNING,5
WINNINGER,5
WINNINGHAM,10
WINOGRAD,5
WINOKUR,5
WINRICH,5
WINROW,5
WINS,5
WINSCOTT,5
WINSETT,10
WINSHIP,10
WINSKI,5
WINSKY,5
WINSLETT,5
WINSLETTE,5
WINSLEY,5
WINSLOW,60
WINSMAN,5
WINSON,5
WINSOR,10
WINSTANLEY,5
WINSTEAD,40
WINSTED,5
WINSTON,100
WINT,10
WINTER,110
WINTERBERG,5
WINTERBOTTOM,5
WINTERFELD,5
WINTERFELDT,5
WINTERHALTER,5
WINTERHOLLER,5
WINTERLING,5
WINTERMANTEL,5
WINTERMUTE,5
WINTERROTH,5
WINTERROWD,5
WINTERS,180
WINTERSMITH,5
WINTERSTEEN,5
WINTERSTEIN,5
WINTERTON,5
WINTHER,5
WINTHROP,5
WINTJEN,5
WINTLE,5
WINTON,20
WINTRINGHAM,5
WINTZ,5
WINWARD,5
WINZELBERG,5
WINZENRIED,5
WINZER,5
WINZLER,5
WION,5
WIPF,5
WIPFLI,5
WIPPERFURTH,5
WIPPERT,5
WIPPRECHT,5
WIRCH,5
WIRE,10
WIREBAUGH,5
WIREMAN,10
WIREN,5
WIRES,5
WIRF,5
WIRFS,5
WIRGHT,5
WIRICK,5
WIRKKALA,5
WIRONEN,5
WIRSING,5
WIRT,10
WIRTA,5
WIRTANEN,5
WIRTH,30
WIRTJES,5
WIRTZ,10
WIRTZFELD,5
WISBEY,5
WISCH,5
WISCHMAN,5
WISCHMANN,5
WISCHMEIER,5
WISCHMEYER,5
WISCHNER,5
WISCOMBE,5
WISCOUNT,5
WISDOM,20
WISE,270
WISECARVER,5
WISECUP,5
WISEHART,5
WISELEY,5
WISELL,5
WISELY,5
WISEMAN,80
WISENBAKER,5
WISENER,5
WISENOR,5
WISER,10
WISH,5
WISHAM,5
WISHARD,5
WISHART,10
WISHER,5
WISHMAN,5
WISHON,5
WISHUM,5
WISINGER,5
WISINSKI,5
WISK,5
WISKOWSKI,5
WISLER,5
WISLEY,5
WISLOCKI,5
WISMAN,5
WISMER,5
WISNER,10
WISNESKI,10
WISNEWSKI,5
WISNIESKI,5
WISNIEWSKI,30
WISNIOWSKI,5
WISNOSKI,5
WISNOSKY,5
WISNOWSKI,5
WISON,5
WISOR,5
WISOTZKEY,5
WISS,5
WISSE,5
WISSEH,5
WISSEL,5
WISSEMAN,5
WISSER,5
WISSING,5
WISSINGER,5
WISSINK,5
WISSLER,5
WISSMAN,5
WISSMANN,5
WIST,5
WISTE,5
WISTERMAN,5
WISWALL,5
WISWELL,5
WISZ,5
WISZYNSKI,5
WITAKER,5
WITASZEK,5
WITBECK,5
WITCHARD,5
WITCHER,30
WITCHEY,5
WITCRAFT,5
WITCZAK,5
WITEK,5
WITFIELD,5
WITHAM,20
WITHEE,5
WITHEM,5
WITHENSHAW,5
WITHERBEE,5
WITHERELL,10
WITHERINGTON,10
WITHERITE,5
WITHEROW,5
WITHERS,40
WITHERSPOON,70
WITHEY,5
WITHFIELD,5
WITHIAM,5
WITHINGTON,5
WITHROW,30
WITHY,5
WITKOP,5
WITKOWSKI,20
WITKOWSKY,5
WITKUS,5
WITMAN,10
WITMER,10
WITOSKY,5
WITRY,5
WITSCHI,5
WITSELL,5
WITT,130
WITTBRODT,5
WITTE,30
WITTEKIND,5
WITTEL,5
WITTELS,5
WITTEN,10
WITTENBERG,5
WITTENBORN,5
WITTENBRINK,5
WITTENBURG,5
WITTENMYER,5
WITTER,20
WITTERS,5
WITTERSTAUTER,5
WITTHOEFT,5
WITTHOFT,5
WITTHUHN,5
WITTICH,5
WITTIE,5
WITTIG,10
WITTING,5
WITTKE,5
WITTKOP,5
WITTKOPP,5
WITTLER,5
WITTLIFF,5
WITTLIN,5
WITTLINGER,5
WITTMAN,10
WITTMANN,5
WITTMER,10
WITTMEYER,5
WITTNEBEL,5
WITTNER,5
WITTROCK,10
WITTRUP,5
WITTRY,5
WITTS,5
WITTSTOCK,5
WITTSTRUCK,5
WITTWER,5
WITTY,10
WITUCKI,5
WITVOET,5
WITWER,5
WITZ,5
WITZEL,10
WITZKE,5
WIUFF,5
WIX,10
WIXOM,10
WIXON,5
WIXSON,5
WIXTED,5
WIZA,5
WIZAR,5
WIZWER,5
WLACH,5
WLAZLOWSKI,5
WLOCH,5
WLODARCZYK,5
WLODAREK,5
WLODYKA,5
WLOSINSKI,5
WMITH,5
WMS,5
WNEK,5
WNOROWSKI,5
WNUK,5
WNUKOWSKI,5
WOBBE,5
WOBBLETON,5
WOBIG,5
WOBSER,5
WODARSKI,5
WODICKA,5
WODSKOW,5
WOEHL,5
WOEHR,5
WOEHRLE,5
WOELFEL,5
WOELFL,5
WOELFLE,5
WOELK,5
WOELKE,5
WOELZLEIN,5
WOEPPEL,5
WOERNER,5
WOERNLE,5
WOESSNER,5
WOESTE,5
WOESTER,5
WOETZEL,5
WOFFORD,40
WOGAN,5
WOGE,5
WOHL,5
WOHLD,5
WOHLENHAUS,5
WOHLER,5
WOHLERS,5
WOHLERT,5
WOHLETZ,5
WOHLFAHRT,5
WOHLFARTH,5
WOHLFEIL,5
WOHLFORD,5
WOHLGEMUTH,5
WOHLRAB,5
WOHLSCHLEGEL,5
WOHLWEND,5
WOHLWENDI,5
WOHNER,5
WOITOWITZ,5
WOIWODE,5
WOJCIAK,5
WOJCICKI,5
WOJCIECHOWSKI,10
WOJCIK,20
WOJDAK,5
WOJEIK,5
WOJENSKI,5
WOJEWODA,5
WOJICK,5
WOJNAR,5
WOJNAROSKI,5
WOJNER,5
WOJNICKI,5
WOJNOWSKI,5
WOJTAK,5
WOJTANIK,5
WOJTANOWSKI,5
WOJTAS,5
WOJTASZEK,5
WOJTCZAK,5
WOJTECKI,5
WOJTKOWSKI,5
WOJTOWICH,5
WOJTOWICZ,10
WOKWICZ,5
WOLAK,10
WOLANIN,5
WOLANSKI,5
WOLANSKY,5
WOLAVER,5
WOLBECK,5
WOLBERT,10
WOLBRECHT,5
WOLCHESKY,5
WOLCOTT,20
WOLD,20
WOLDEN,5
WOLDRIDGE,5
WOLDT,5
WOLERY,5
WOLESLAGLE,5
WOLEVER,5
WOLF,220
WOLFARD,5
WOLFE,330
WOLFENBARGER,10
WOLFENDEN,5
WOLFENSPERGER,5
WOLFER,5
WOLFERT,5
WOLFERTZ,5
WOLFF,70
WOLFFE,5
WOLFGANG,10
WOLFGRAM,10
WOLFGRAMM,5
WOLFINBARGER,5
WOLFING,5
WOLFINGER,5
WOLFLEY,5
WOLFMAN,5
WOLFORD,40
WOLFRAM,10
WOLFRED,5
WOLFROM,5
WOLFRUM,5
WOLFSBERGER,5
WOLFSON,10
WOLGAMOT,5
WOLGAST,5
WOLHOK,5
WOLIN,5
WOLINE,5
WOLINSKI,5
WOLIVER,5
WOLK,10
WOLKE,5
WOLKEN,10
WOLKOW,5
WOLKOWIECKI,5
WOLKOWSKI,5
WOLL,10
WOLLAM,5
WOLLAN,5
WOLLARD,5
WOLLE,5
WOLLEN,5
WOLLENBERG,5
WOLLENBURG,5
WOLLER,5
WOLLERT,5
WOLLEY,5
WOLLIN,5
WOLLMAN,5
WOLLMER,5
WOLLMUTH,5
WOLLNER,5
WOLLSCHLAGER,5
WOLLYUNG,5
WOLMA,5
WOLMAN,5
WOLNER,5
WOLNIK,5
WOLNY,5
WOLOSZCZAK,5
WOLOSZYN,5
WOLPE,5
WOLPER,5
WOLPERT,5
WOLSDORF,5
WOLSEY,5
WOLSKE,5
WOLSKI,5
WOLSKY,5
WOLSLEGEL,5
WOLSTED,5
WOLSTENHOLME,5
WOLTEMATH,5
WOLTER,10
WOLTERS,10
WOLTHUIS,5
WOLTJER,5
WOLTMAN,5
WOLTMANN,5
WOLTZ,5
WOLVEN,5
WOLVERTON,10
WOLVIN,5
WOLZ,5
WOLZEN,5
WOMAC,10
WOMACK,110
WOMBACHER,5
WOMBLE,20
WOMBLES,5
WOMBOLT,5
WOMELDORF,5
WOMELDORFF,5
WOMEN,5
WOMER,5
WOMMACK,10
WON,10
WONDER,5
WONDERLING,5
WONDERLY,5
WONDERS,5
WONDOLOSKI,5
WONDRA,5
WONG,250
WONGUS,5
WONNACOTT,5
WONSER,5
WONSIK,5
WONTOR,5
WOO,30
WOOCK,5
WOOD,980
WOODAL,5
WOODALL,60
WOODAND,5
WOODARD,200
WOODBECK,5
WOODBERRY,10
WOODBRIDGE,5
WOODBURG,5
WOODBURN,10
WOODBURY,30
WOODBY,10
WOODCOCK,40
WOODCOX,5
WOODDELL,5
WOODE,5
WOODELL,10
WOODEN,30
WOODEND,5
WOODERSON,5
WOODERT,5
WOODFIELD,5
WOODFIN,10
WOODFOLK,5
WOODFORD,20
WOODFORK,5
WOODGATE,5
WOODHAM,10
WOODHAMS,5
WOODHEAD,5
WOODHOUSE,20
WOODHULL,5
WOODIE,10
WOODIN,5
WOODING,10
WOODINGTON,5
WOODIS,5
WOODKA,5
WOODKE,5
WOODLAND,20
WOODLE,5
WOODLEE,5
WOODLEY,30
WOODLIFF,5
WOODLIN,5
WOODLING,5
WOODLOCK,5
WOODLY,5
WOODMAN,20
WOODMANCY,5
WOODMANSEE,10
WOODMORE,5
WOODRICH,5
WOODRIDGE,5
WOODRING,20
WOODROME,5
WOODROOF,5
WOODROW,10
WOODRUFF,100
WOODRUM,10
WOODS,800
WOODSIDE,10
WOODSMALL,5
WOODSON,80
WOODWARD,160
WOODWORTH,40
WOODY,70
WOODYARD,10
WOOFTER,5
WOOL,5
WOOLARD,20
WOOLBRIGHT,10
WOOLCOCK,5
WOOLCOTT,5
WOOLDRIDGE,30
WOOLEM,5
WOOLEMS,5
WOOLEN,5
WOOLERY,10
WOOLEVER,5
WOOLEY,30
WOOLEYHAN,5
WOOLF,20
WOOLFOLK,10
WOOLFORD,10
WOOLFREY,5
WOOLHISER,5
WOOLHOUSE,5
WOOLLARD,5
WOOLLEN,5
WOOLLEY,20
WOOLMAN,5
WOOLRIDGE,10
WOOLS,5
WOOLSEY,20
WOOLSON,5
WOOLSTENHULME,5
WOOLSTON,5
WOOLUM,10
WOOLUMS,5
WOOLVERTON,10
WOOLWINE,5
WOOLWORTH,5
WOOMER,5
WOON,5
WOOSLEY,10
WOOSTER,10
WOOTAN,5
WOOTEN,120
WOOTERS,5
WOOTON,10
WOOTTEN,5
WOOTTON,10
WOOWARD,5
WORBINGTON,5
WORCESTER,10
WORCHESTER,5
WORD,30
WORDELL,5
WORDEN,30
WORDLAW,5
WORDLOW,5
WORDSWORTH,5
WOREK,5
WORELL,5
WORF,5
WORFORD,5
WORK,10
WORKER,5
WORKINGER,5
WORKINGS,5
WORKMAN,130
WORKOWSKI,5
WORKS,10
WORLAND,5
WORLD,5
WORLDS,5
WORLEY,100
WORLIE,5
WORLOW,5
WORM,10
WORMACK,5
WORMAN,5
WORMELY,5
WORMINGTON,5
WORMLEY,10
WORMUTH,5
WORMWOOD,5
WORN,5
WORNER,5
WOROBEL,5
WOROSZ,5
WORRALL,10
WORREL,5
WORRELL,50
WORSELL,5
WORSFOLD,5
WORSHAM,30
WORSLEY,10
WORST,5
WORSTEL,5
WORSTELL,5
WORSTER,5
WORTH,30
WORTHAM,30
WORTHAN,5
WORTHEN,20
WORTHEY,10
WORTHING,5
WORTHINGTON,60
WORTHLEY,10
WORTHY,40
WORTINGER,5
WORTLEY,5
WORTMAN,20
WORTON,5
WORTZ,5
WOSHER,5
WOSICK,5
WOSKOBOJNIK,5
WOTEN,5
WOTRING,10
WOTTON,5
WOUDENBERG,5
WOULARD,5
WOULLARD,5
WOUTERS,5
WOWK,5
WOY,5
WOYAHN,5
WOYTEK,5
WOYTOWICH,5
WOYTOWICZ,5
WOZNEY,5
WOZNIAK,20
WOZNICK,5
WOZNICKI,5
WOZNY,5
WRAGG,5
WRAGGE,5
WRAGGS,5
WRAIGHT,5
WRAPE,5
WRASPIR,5
WRATCHFORD,5
WRAY,70
WREATH,5
WREDE,5
WREEDE,5
WREN,50
WRENCH,5
WRENN,20
WRENNE,5
WREYFORD,5
WRICH,5
WRIDE,5
WRIEDT,5
WRIGHT,1890
WRIGHTEN,5
WRIGHTINGTON,5
WRIGHTON,5
WRIGHTS,5
WRIGHTSEL,5
WRIGHTSMAN,5
WRIGLEY,10
WRINKLE,5
WRINKLES,5
WRINN,5
WRISLEY,5
WRISTON,5
WRITER,5
WROBBEL,5
WROBEL,10
WROBLESKI,5
WROBLEWSKI,10
WROBLISKI,5
WROE,5
WRONA,5
WRONSKI,5
WROTEN,10
WROTTEN,5
WRUBEL,5
WRUCK,5
WRY,5
WRYALS,5
WRYE,5
WRYNN,5
WRZESIEN,5
WRZESINSKI,5
WU,70
WUBBEL,5
WUBBEN,5
WUBBENA,5
WUBLIN,5
WUBNIG,5
WUCHERER,5
WUEBKER,5
WUELLENWEBER,5
WUENSCH,5
WUENSCHE,5
WUERTH,5
WUERTZ,5
WUERZ,5
WUEST,10
WUESTE,5
WUESTENBERG,5
WUITSCHICK,5
WUJCIK,5
WULF,10
WULFF,10
WULFFRAAT,5
WULFING,5
WULKAN,5
WUN,5
WUNDER,10
WUNDERLE,5
WUNDERLICH,10
WUNDERLIN,5
WUNDERLY,5
WUNG,5
WUNNER,5
WUNSCH,10
WUOLLE,5
WUORI,5
WURDEMAN,5
WURGLER,5
WURL,5
WURM,10
WURST,10
WURSTER,10
WURTH,10
WURTS,5
WURTZ,5
WURTZEL,5
WURZ,5
WURZBACHER,5
WURZER,5
WUSSOW,5
WUTZKE,5
WYAND,5
WYANDT,5
WYANT,30
WYATT,210
WYBENGA,5
WYBLE,10
WYBORNY,5
WYCHE,20
WYCKOFF,20
WYCOFF,10
WYCUFF,5
WYDEVEN,5
WYDLER,5
WYDNER,5
WYDO,5
WYDRA,10
WYDRYCK,5
WYER,5
WYERS,5
WYETT,5
WYGAL,5
WYGAND,5
WYGANT,10
WYGLE,5
WYKE,5
WYKER,5
WYKES,5
WYKLE,5
WYKOFF,5
WYLAM,5
WYLAND,5
WYLDE,5
WYLER,5
WYLES,5
WYLIE,40
WYLLIE,10
WYLY,5
WYMAN,50
WYMER,10
WYMORE,10
WYMS,5
WYNANS,5
WYNDER,5
WYNDHAM,5
WYNE,5
WYNER,5
WYNES,5
WYNIA,5
WYNKOOP,10
WYNN,130
WYNNE,30
WYNOTT,5
WYNTER,10
WYONT,5
WYRE,5
WYRICH,5
WYRICK,20
WYROSDICK,5
WYROSTEK,5
WYSE,10
WYSINGER,5
WYSOCK,5
WYSOCKI,20
WYSONG,10
WYSS,10
WYTCH,5
WYTHE,5
WYZARD,5
WYZE,5
WZOREK,5
XAIMOUNGKHOUN,5
XANDER,5
XANG,5
XAVIER,10
XAYASITH,5
XAYAVONG,5
XIA,5
XIANG,5
XIAO,5
XIE,10
XIMENEZ,5
XIMINES,5
XIONG,70
XU,10
XUE,5
XYONG,5
YA,5
YABLONSKI,5
YABLONSKY,5
YACANO,5
YACAVONE,5
YACCARINO,5
YACH,5
YACKEL,5
YACKEREN,5
YACKLEY,5
YACKO,5
YACONO,5
YACOUB,5
YACOVONE,5
YACULLO,5
YADAO,5
YADEN,5
YADON,5
YAEGER,10
YAEGLE,5
YAEKEL,5
YAFAI,5
YAFAIE,5
YAFEI,5
YAFFE,5
YAFTALI,5
YAFUSO,5
YAGECIC,5
YAGER,20
YAGGI,5
YAGI,10
YAGIN,5
YAGLE,5
YAGO,5
YAGODA,5
YAGOUDAEF,5
YAGUES,5
YAHL,5
YAHN,5
YAHNA,5
YAHNE,5
YAHRAUS,5
YAISH,5
YAIVA,5
YAKE,5
YAKEL,5
YAKER,5
YAKLICH,5
YAKLIN,5
YAKOW,5
YAKULIS,5
YALE,10
YALON,5
YAM,5
YAMADA,20
YAMAGATA,5
YAMAGUCHI,10
YAMAKAWA,5
YAMAKI,5
YAMAMOTO,30
YAMANAKA,5
YAMANE,5
YAMANOHA,5
YAMAOKA,5
YAMASAKI,10
YAMASHIRO,5
YAMASHITA,10
YAMAT,5
YAMAUCHI,5
YAMAZAKI,5
YAMBAO,5
YAMBO,5
YAMIN,5
YAMKOSUMPA,5
YAMMINE,5
YAMNITZ,5
YAMPOLSKY,5
YAN,20
YANACEK,5
YANAGAWA,5
YANAGI,5
YANAGIDA,5
YANAGIHARA,5
YANAI,5
YANAN,5
YANCE,5
YANCEY,50
YANCHIK,5
YANCIK,5
YANCY,20
YANDA,5
YANDELL,10
YANDLE,5
YANDOW,5
YANDURA,5
YANEK,5
YANES,10
YANETTA,5
YANEY,5
YANEZ,50
YANG,150
YANIK,5
YANISH,5
YANITY,5
YANKE,5
YANKEE,5
YANKEY,5
YANKO,5
YANKOVICH,5
YANKOVITCH,5
YANKOVITZ,5
YANKOVSKI,5
YANN,5
YANNANTUONO,5
YANNAYON,5
YANNI,5
YANNONE,5
YANNOTTI,5
YANNUCCI,5
YANNUZZI,5
YANOFF,5
YANOFSKY,5
YANOS,5
YANOSKY,5
YANT,5
YANTIS,5
YANTZ,5
YANTZER,5
YANTZI,5
YANUARIA,5
YAO,10
YAP,10
YAPLE,5
YAPP,5
YARA,5
YARBER,10
YARBERRY,5
YARBORO,5
YARBOROUGH,20
YARBOUGH,5
YARBRO,10
YARBROUGH,120
YARD,10
YARDE,5
YARDLEY,10
YARGER,10
YARISH,5
YARK,5
YARMAN,5
YARMITSKY,5
YARN,5
YARNALL,5
YARNELL,10
YAROCH,5
YAROSH,5
YARRELL,5
YARRINGTON,5
YARRIS,5
YARRITO,5
YARROW,5
YARWOOD,5
YARZABAL,5
YASHINSKI,5
YASIKA,5
YASIN,5
YASINSKI,5
YASKIEWICZ,5
YASSO,5
YASUDA,5
YASUI,5
YASUREK,5
YASUTAKE,5
YASUTOMI,5
YATER,5
YATES,290
YATSKO,5
YATTAW,5
YAU,5
YAUCH,5
YAUCK,5
YAUGER,5
YAUN,5
YAVORSKY,5
YAW,5
YAWN,10
YAWS,5
YAX,5
YAZDANI,5
YAZZI,5
YAZZIE,70
YAZZLE,5
YBALLE,5
YBANEZ,10
YBARBO,5
YBARRA,70
YBARRO,5
YBOS,5
YDARA,5
YE,10
YEADON,5
YEAGER,80
YEAGLEY,5
YEAH,5
YEAKEL,5
YEAKLE,5
YEAKLEY,5
YEAMAN,5
YEAMANS,5
YEANEY,5
YEARBY,10
YEAREGO,5
YEARGAIN,5
YEARGAN,5
YEARGIN,5
YEARICK,5
YEARICKS,5
YEARLING,5
YEAROUS,5
YEAROUT,5
YEARSLEY,5
YEARTA,5
YEARWOOD,10
YEARY,10
YEAST,5
YEASTED,5
YEATER,5
YEATES,10
YEATMAN,5
YEATON,5
YEATS,5
YEATTS,5
YEBOAH,5
YECK,5
YEDDO,5
YEDID,5
YEDINAK,10
YEE,50
YEELOY,5
YEEND,5
YEGGE,5
YEH,10
YEHL,5
YEHLE,5
YEILDING,5
YEISER,5
YEISLEY,5
YEKEL,5
YELDELL,10
YELDER,5
YELDON,5
YELEY,5
YELIN,5
YELL,5
YELLE,10
YELLEN,5
YELLOCK,5
YELLOW,5
YELLOWHAIR,5
YELTON,10
YELVERTON,10
YELVINGTON,5
YEM,5
YEMCHUK,5
YEN,10
YENDELL,5
YENGICH,5
YENGLIN,5
YENGO,5
YENNARD,5
YENNER,5
YENNEY,5
YENOR,5
YENTSCH,5
YENTZER,5
YENZ,5
YEO,5
YEOMAN,10
YEOMANS,10
YEPES,5
YEPEZ,10
YEPIZ,5
YEPSEN,5
YERBIC,5
YERBICH,5
YERBY,10
YERDON,5
YERENA,5
YERGER,10
YERGIN,5
YERHOT,5
YERIAN,5
YERICO,5
YERIGAN,5
YERKA,5
YERKE,5
YERKES,10
YERKEY,5
YERKOVICH,5
YERLY,5
YERO,5
YEROPOLI,5
YERRY,5
YERTON,5
YERTY,5
YESKE,5
YESKEY,5
YESSIOS,5
YESTRAMSKI,5
YETMAN,5
YETSKO,5
YETT,5
YETTER,10
YETTO,5
YETZER,5
YEUBANKS,5
YEUNG,10
YEWELL,5
YEZEK,5
YGLESIAS,5
YI,40
YIDIARIS,5
YIELDING,5
YILMA,5
YIM,10
YIN,10
YING,5
YINGLING,20
YINGST,10
YIP,10
YIU,5
YLONEN,5
YNGSDAL,5
YNIGUEZ,5
YNOCENCIO,5
YO,5
YOAKUM,10
YOAST,5
YOBST,5
YOCHAM,5
YOCHEM,5
YOCHIM,5
YOCHUM,5
YOCIUS,5
YOCK,5
YOCKERS,5
YOCKEY,10
YOCOM,10
YOCUM,30
YODER,110
YODERS,5
YODIS,5
YOECKEL,5
YOES,5
YOEST,5
YOH,5
YOHANNES,5
YOHE,10
YOHN,5
YOHO,20
YOKE,5
YOKEL,5
YOKELY,5
YOKIEL,5
YOKLEY,10
YOKOTA,10
YOKOYAMA,10
YOKUM,10
YOMES,5
YON,10
YONAMINE,5
YONAN,5
YONASHIRO,5
YONCE,5
YONEDA,5
YONEK,5
YONEMORI,5
YONEMURA,5
YONEOKA,5
YONEY,5
YONEYAMA,5
YONG,10
YONGE,5
YONGUE,5
YONKE,5
YONKER,10
YONKERS,5
YONKOSKE,5
YONO,5
YONTS,5
YONTZ,5
YOO,30
YOON,30
YOPP,10
YOQUELET,5
YORCK,5
YORDY,5
YORE,5
YORGEY,5
YORI,5
YORIO,5
YORK,190
YORKE,10
YORKER,5
YORKEY,5
YORKMAN,5
YORKS,5
YORN,5
YORTON,5
YORTY,5
YOSEPH,5
YOSHI,5
YOSHIDA,20
YOSHIHARA,5
YOSHIKAWA,5
YOSHIMORI,5
YOSHIMOTO,5
YOSHIMURA,5
YOSHINA,5
YOSHINO,5
YOSHIOKA,10
YOSHIYAMA,5
YOSHIZAWA,5
YOSHIZUMI,5
YOSKO,5
YOSS,5
YOST,60
YOSTEN,5
YOTHER,10
YOTT,5
YOTTER,5
YOU,10
YOUD,5
YOUELL,5
YOUKANAA,5
YOUKER,5
YOUKERS,5
YOUKET,5
YOUKHANA,5
YOULA,5
YOUMANS,20
YOUMON,5
YOUN,5
YOUNAN,5
YOUNCE,10
YOUNES,5
YOUNG,1930
YOUNGBERG,10
YOUNGBLOOD,70
YOUNGBLUT,5
YOUNGDAHL,5
YOUNGE,5
YOUNGER,40
YOUNGERMAN,5
YOUNGERS,5
YOUNGHANS,5
YOUNGKIN,5
YOUNGLAS,5
YOUNGLOVE,5
YOUNGMAN,10
YOUNGQUIST,10
YOUNGREN,5
YOUNGS,20
YOUNGSTROM,5
YOUNIE,5
YOUNIS,5
YOUNKER,10
YOUNKERS,5
YOUNKIN,10
YOUNKINS,5
YOUNS,5
YOUNT,30
YOUNTS,10
YOUREE,5
YOURNET,5
YOURSHAW,5
YOUSE,5
YOUSEF,5
YOUSIF,5
YOUSKO,5
YOUSSEF,5
YOUSSEFI,5
YOUST,5
YOUTSEY,5
YOVAN,5
YOVANOVICH,5
YOVINO,5
YOW,10
YOWELL,10
YOXALL,5
YOZAMP,5
YOZZO,5
YPINA,5
YRAGUI,5
YRAY,5
YRIGOLLEN,5
YSAGUIRRE,5
YSBRAND,5
YSLAS,5
YSLAVA,5
YSQUIERDO,5
YTUARTE,5
YU,70
YUAN,10
YUASA,5
YUCHA,5
YUDELL,5
YUE,5
YUEH,5
YUEN,20
YUENGER,5
YUENGLING,5
YUHAS,10
YUHASZ,5
YUILL,5
YUK,5
YUKI,5
YULE,5
YUM,5
YUMAS,5
YUN,10
YUNAN,5
YUNDT,5
YUNES,5
YUNG,10
YUNGBLUTH,5
YUNGCLAS,5
YUNK,5
YUNKER,10
YUNT,5
YUPE,5
YURCHAK,5
YURCHIAK,5
YUREK,5
YURICH,5
YURICIC,5
YURICK,5
YURKANIN,5
YURKO,5
YURKOVICH,5
YURMAN,5
YURO,5
YUROVIC,5
YUSCAK,5
YUSEF,5
YUSI,5
YUSKA,5
YUSKO,5
YUST,5
YUSTE,5
YUSUF,5
YUTZY,10
YUZN,5
YVON,5
YZAGUIRRE,5
YZAQUIRRE,5
YZQUIERDO,5
ZABALA,10
ZABANEH,5
ZABARKES,5
ZABAWA,5
ZABBO,5
ZABEK,5
ZABEL,10
ZABENKO,5
ZABIELSKI,5
ZABIK,5
ZABINSKI,5
ZABKA,5
ZABLE,5
ZABLOCKI,5
ZABLONSKI,5
ZABLOUDIL,5
ZABORAC,5
ZABOROWSKI,5
ZABORSKI,5
ZABRISKIE,5
ZABROCKI,5
ZACARIAS,10
ZACATE,5
ZACCAGNINI,5
ZACCAGNINO,5
ZACCARIA,5
ZACCARO,5
ZACCHINI,5
ZACEK,5
ZACH,5
ZACHAR,5
ZACHAREWICZ,5
ZACHARIA,5
ZACHARIADES,5
ZACHARIAH,5
ZACHARIAS,10
ZACHARY,20
ZACHER,5
ZACHERL,5
ZACHERY,10
ZACHMAN,5
ZACHMANN,5
ZACHRY,5
ZACHTER,5
ZACK,10
ZACKERY,10
ZACZEK,5
ZADD,5
ZADE,5
ZADEH,5
ZADER,5
ZADINA,5
ZADOR,5
ZADORA,5
ZADOROZNY,5
ZADOW,5
ZADRA,5
ZADROGA,5
ZADROZNY,5
ZAESKE,5
ZAFAR,5
ZAFFALON,5
ZAFFINA,5
ZAFFINO,5
ZAFFUTO,5
ZAGACKI,5
ZAGAMI,5
ZAGAR,5
ZAGARA,5
ZAGEL,5
ZAGEN,5
ZAGER,10
ZAGORAC,5
ZAGORSKI,5
ZAGROBA,5
ZAGRODNIK,5
ZAGULSKI,5
ZAHAR,5
ZAHARCHUK,5
ZAHAREK,5
ZAHARIS,5
ZAHL,5
ZAHLER,5
ZAHM,5
ZAHN,20
ZAHNEN,5
ZAHNER,5
ZAHNISER,5
ZAHNKE,5
ZAHNOW,5
ZAHORCHAK,5
ZAHOUREK,5
ZAHRA,5
ZAHRADKA,5
ZAHRADNIK,5
ZAHRAN,5
ZAHRI,5
ZAIBEL,5
ZAIC,5
ZAIDEL,5
ZAIDI,5
ZAINO,5
ZAIS,5
ZAISER,5
ZAISS,5
ZAITLIN,5
ZAITUNA,5
ZAJAC,10
ZAJC,5
ZAJDEL,5
ZAJICEK,10
ZAK,10
ZAKAR,5
ZAKARIAN,5
ZAKER,5
ZAKES,5
ZAKI,5
ZAKOWSKI,5
ZAKRAJSEK,5
ZAKRZEWSKI,10
ZAKUTNEY,5
ZALAMEA,5
ZALAR,5
ZALAZAR,5
ZALDANA,5
ZALDIVAR,5
ZALE,5
ZALENSKI,5
ZALESKI,10
ZALESKY,5
ZALEWSKI,10
ZALK,5
ZALL,5
ZALLER,5
ZALOUDEK,5
ZALTZ,5
ZALUSKY,5
ZALWSKY,5
ZAM,5
ZAMACONA,5
ZAMAN,5
ZAMARRIPA,10
ZAMARRON,5
ZAMBARANO,5
ZAMBELLI,5
ZAMBITO,5
ZAMBO,5
ZAMBORANO,5
ZAMBORSKY,5
ZAMBOTTI,5
ZAMBRANA,10
ZAMBRANO,30
ZAMMETTI,5
ZAMMIELLO,5
ZAMOR,5
ZAMORA,150
ZAMORANO,10
ZAMORO,5
ZAMOSTNY,5
ZAMPAGLIONE,5
ZAMPARINI,5
ZAMPEDRI,5
ZAMPELLA,5
ZAMPERINI,5
ZAMPIERI,5
ZAMUDIO,20
ZAMZAM,5
ZAMZOW,5
ZAN,5
ZANA,5
ZANARDI,5
ZANAYED,5
ZANCANELLA,5
ZANCHEZ,5
ZANCHI,5
ZANCO,5
ZAND,5
ZANDER,10
ZANDERIGO,5
ZANDERS,10
ZANE,10
ZANELLA,5
ZANER,5
ZANES,5
ZANESKI,5
ZANETTI,5
ZANFARDINO,5
ZANG,10
ZANGARA,5
ZANGARI,5
ZANGE,5
ZANGGER,5
ZANGHI,5
ZANGL,5
ZANI,5
ZANIBONI,5
ZANIN,5
ZANINI,5
ZANIS,5
ZANK,10
ZANNI,5
ZANNINI,5
ZANNINO,5
ZANOLA,5
ZANOTTI,5
ZANT,5
ZANTER,5
ZANTOW,5
ZANUETA,5
ZAPALAC,5
ZAPANTA,5
ZAPATA,60
ZAPATAS,5
ZAPATERO,5
ZAPATO,5
ZAPEL,5
ZAPF,5
ZAPICO,5
ZAPIEN,10
ZAPOTICKY,5
ZAPP,5
ZAPPA,5
ZAPPALA,5
ZAPPAVIGNA,5
ZAPPIA,5
ZAPPILE,5
ZAPPOLO,5
ZAPPONE,5
ZAPPULLA,5
ZAR,5
ZARAGOSA,5
ZARAGOZA,30
ZARATE,40
ZARAZUA,5
ZARCO,5
ZARCONE,5
ZAREBSKI,5
ZAREK,5
ZARELLA,5
ZAREMBA,5
ZAREMSKI,5
ZAREN,5
ZARETSKY,5
ZARI,5
ZARILLA,5
ZARILLO,5
ZARIN,5
ZARING,5
ZARITSKY,5
ZARKIN,5
ZARLENGA,5
ZARLENGO,5
ZARLING,5
ZARLINGO,5
ZARN,5
ZARNICK,5
ZARO,5
ZAROZINSKI,5
ZARR,5
ZARRABI,5
ZARRALUQUI,5
ZARRELLA,5
ZARRIELLO,5
ZARRILLO,5
ZARRINEH,5
ZARRO,5
ZART,5
ZARTMAN,5
ZARUBA,5
ZARUCKI,5
ZARYCKI,5
ZARZUELA,5
ZARZYCKI,5
ZASPEL,5
ZASSO,5
ZASTAWNY,5
ZASTROW,10
ZATARAIN,5
ZATKO,5
ZATORSKI,5
ZAUALA,5
ZAUCHA,5
ZAUGG,5
ZAUNBRECHER,5
ZAUNER,5
ZAUSCH,5
ZAVACKY,5
ZAVADOSKI,5
ZAVALA,80
ZAVALETA,5
ZAVALZA,5
ZAVASKY,5
ZAVATSON,5
ZAVATTIERI,5
ZAVCEDO,5
ZAVERL,5
ZAVESKY,5
ZAVITZ,5
ZAVODNY,5
ZAWACKI,10
ZAWADZKI,5
ZAWASKY,5
ZAWISLAK,5
ZAWISTOWSKI,5
ZAXAS,5
ZAYA,5
ZAYAC,5
ZAYAS,20
ZAYICEK,5
ZAZA,5
ZAZOZDOR,5
ZAZUETA,10
ZAZULA,5
ZBELL,5
ZBIERSKI,5
ZBIKOWSKI,5
ZBINDEN,5
ZBORAL,5
ZBRANEK,5
ZDANOWICZ,5
ZDENEK,5
ZDON,5
ZDROJKOWSKI,5
ZEA,5
ZEAGLER,5
ZEALS,5
ZEANAH,5
ZEARFOSS,5
ZEAVALA,5
ZEBEL,5
ZEBELL,5
ZEBLEY,5
ZEBRACKI,5
ZEBROWSKI,10
ZECCA,5
ZECCARDI,5
ZECCHINI,5
ZECH,5
ZECHER,5
ZECHES,5
ZECHIEL,5
ZECHMAN,5
ZECK,5
ZECKZER,5
ZEDAKER,5
ZEDIAN,5
ZEDIKER,5
ZEE,5
ZEEB,5
ZEEGERS,5
ZEEK,5
ZEEMAN,5
ZEFF,5
ZEGA,5
ZEGAR,5
ZEGARELLI,5
ZEGARRA,5
ZEGER,5
ZEH,5
ZEHE,5
ZEHENDER,5
ZEHERQUIST,5
ZEHNDER,10
ZEHNER,10
ZEHNPFENNIG,5
ZEHR,10
ZEHRBACH,5
ZEHRER,5
ZEHRING,5
ZEIDAN,5
ZEIDERS,5
ZEIDLER,5
ZEIDMAN,5
ZEIER,5
ZEIGER,10
ZEIGLER,60
ZEILER,5
ZEILINGER,5
ZEILMAN,5
ZEIMANTZ,5
ZEIMET,5
ZEIMETZ,5
ZEINER,5
ZEINERT,5
ZEIS,5
ZEISE,5
ZEISER,5
ZEISLER,5
ZEISS,5
ZEITLER,10
ZEITLIN,5
ZEITZ,10
ZEKRIA,5
ZELADA,5
ZELASCO,5
ZELASKO,5
ZELAYA,20
ZELAZO,5
ZELDIN,5
ZELE,5
ZELECHOWSKI,5
ZELEDON,10
ZELEK,5
ZELENKA,5
ZELENKO,5
ZELENSKI,5
ZELENY,5
ZELEZNIK,5
ZELIFF,5
ZELINKA,5
ZELINSKI,5
ZELINSKY,5
ZELKIN,5
ZELKIND,5
ZELKO,5
ZELL,10
ZELLA,5
ZELLARS,5
ZELLE,5
ZELLEFROW,5
ZELLER,30
ZELLERS,10
ZELLINGER,5
ZELLMAN,5
ZELLMANN,5
ZELLMER,10
ZELLNER,10
ZELLOUS,5
ZELMAN,5
ZELMAR,5
ZELNICK,5
ZELONIS,5
ZELTMANN,5
ZELTNER,5
ZEMA,5
ZEMAITIS,5
ZEMAN,10
ZEMATIS,5
ZEMBOWER,5
ZEME,5
ZEMEL,5
ZEMINSKI,5
ZEMJANIS,5
ZEMKE,5
ZEMLICKA,5
ZEMON,5
ZEMPEL,5
ZENA,5
ZENBAVER,5
ZENDEJAS,10
ZENDER,5
ZENER,5
ZENG,5
ZENGER,5
ZENI,5
ZENISEK,5
ZENK,5
ZENKE,5
ZENKER,5
ZENNER,5
ZENO,10
ZENON,10
ZENOR,5
ZENS,5
ZENT,5
ZENTENO,5
ZENTGRAF,5
ZENTNER,5
ZENTS,5
ZENTZ,5
ZENZ,5
ZENZEN,5
ZEOLI,5
ZEOLLA,5
ZEPEDA,60
ZEPF,5
ZEPHIER,5
ZEPHYR,5
ZEPKA,5
ZEPP,5
ZERA,5
ZERAN,5
ZERANGUE,10
ZERBA,5
ZERBE,10
ZERBEL,5
ZERBY,5
ZERCHER,5
ZERCK,5
ZERGER,5
ZERHUSEN,5
ZERINGUE,10
ZERKLE,5
ZERKO,5
ZERMENO,10
ZEROM,5
ZERPHEY,5
ZERR,5
ZERRING,5
ZERTUCHE,5
ZERVAS,5
ZERVOS,5
ZERZAN,5
ZESATI,5
ZESCHKE,5
ZETES,5
ZETINA,5
ZETINO,5
ZETO,5
ZETS,5
ZETTEL,5
ZETTLEMOYER,5
ZETTLER,5
ZETZER,5
ZEUNER,5
ZEVALLOS,5
ZEVENBERGEN,5
ZEYADEH,5
ZEYER,5
ZEZIMA,5
ZGODA,5
ZHANEL,5
ZHANG,30
ZHAO,10
ZHEN,5
ZHENG,10
ZHONG,5
ZHOU,10
ZHU,10
ZHUANG,5
ZIA,5
ZIAD,5
ZIADA,5
ZIADIE,5
ZIAK,5
ZIBELL,5
ZIBELLI,5
ZIBERT,5
ZIC,5
ZICAFOOSE,5
ZICARI,5
ZICCARDI,5
ZICH,5
ZICHERMAN,5
ZICK,10
ZICKEFOOSE,5
ZICKER,5
ZICKLER,5
ZICKUHR,5
ZIDE,5
ZIDEK,5
ZIDZIK,5
ZIEBA,5
ZIEBART,5
ZIEBARTH,10
ZIEBELL,5
ZIEBER,5
ZIEBERT,5
ZIEBOL,5
ZIEBOLD,5
ZIECH,5
ZIEDAN,5
ZIEG,5
ZIEGEL,5
ZIEGELBAUER,5
ZIEGENBEIN,5
ZIEGENFUSS,5
ZIEGENHAGEN,5
ZIEGER,5
ZIEGLEN,5
ZIEGLER,80
ZIEGO,5
ZIEHM,5
ZIEK,5
ZIEL,5
ZIELER,5
ZIELESCH,5
ZIELINSKI,40
ZIELKE,10
ZIELONKA,5
ZIELONKO,5
ZIEMAN,5
ZIEMANN,5
ZIEMBA,10
ZIEMER,10
ZIEMKE,5
ZIEMS,5
ZIEMSKI,5
ZIEN,5
ZIENCINA,5
ZIENTARA,5
ZIENTEK,5
ZIER,5
ZIERDEN,5
ZIERDT,5
ZIERENBERG,5
ZIERER,5
ZIERK,5
ZIERKE,5
ZIERNICKI,5
ZIESCHANG,5
ZIESEMER,5
ZIESER,5
ZIESKE,5
ZIESMAN,5
ZIESMER,5
ZIETLOW,5
ZIETZ,5
ZIFF,5
ZIGICH,5
ZIGLAR,5
ZIGLER,10
ZIGMOND,5
ZIGOMALAS,5
ZIHAL,5
ZIKE,5
ZIKO,5
ZILAHI,5
ZILER,5
ZILK,5
ZILKA,5
ZILL,5
ZILLA,5
ZILLER,5
ZILLIOX,5
ZILLMAN,5
ZILLMER,5
ZILLS,5
ZILNICKI,5
ZIMA,5
ZIMAN,5
ZIMBA,5
ZIMBELMAN,5
ZIMERMAN,5
ZIMICK,5
ZIMINSKI,5
ZIMIT,5
ZIMLICH,5
ZIMM,5
ZIMMEL,5
ZIMMER,60
ZIMMEREBNER,5
ZIMMERER,5
ZIMMERLE,5
ZIMMERLI,5
ZIMMERLY,5
ZIMMERMAN,260
ZIMMERMANN,20
ZIN,5
ZINCK,5
ZINCKE,5
ZINDA,5
ZINDEL,5
ZINDELL,5
ZINGALE,5
ZINGARELLI,5
ZINGARO,5
ZINGER,5
ZINGG,5
ZINGLER,5
ZINGONE,5
ZINIEWICZ,5
ZINK,30
ZINKE,10
ZINKIEVICH,5
ZINKL,5
ZINN,20
ZINNER,5
ZINNI,5
ZINNO,5
ZINS,5
ZINSER,5
ZINSLI,5
ZINSMEISTER,5
ZINTER,5
ZINZ,5
ZINZOW,5
ZIOBRO,5
ZIOLA,5
ZIOLKOWSKI,10
ZION,5
ZIPAY,5
ZIPF,5
ZIPFEL,5
ZIPKIN,5
ZIPP,5
ZIPPE,5
ZIPPERER,5
ZIPSE,5
ZIRALDO,5
ZIRBEL,5
ZIRCHER,5
ZIRIN,5
ZIRK,5
ZIRKER,5
ZIRKIND,5
ZIRKLE,10
ZIRKLES,5
ZISK,5
ZISKA,5
ZISSER,5
ZISSLER,5
ZITA,5
ZITER,5
ZITO,10
ZITTEL,5
ZITZELBERGER,5
ZITZLOFF,5
ZITZMANN,5
ZITZOW,5
ZIV,5
ZIYAD,5
ZIZZA,5
ZIZZO,5
ZLATEN,5
ZLATKIN,5
ZLOTNICK,5
ZLOTNIK,5
ZMEK,5
ZMICH,5
ZMIEJKO,5
ZMIJEWSKI,5
ZMOLEK,5
ZMUDA,5
ZNIDARSIC,5
ZOBEL,5
ZOBELL,5
ZOCH,5
ZOCKLEIN,5
ZODA,5
ZODROW,5
ZODY,5
ZOEBISCH,5
ZOELLE,5
ZOELLER,10
ZOELLICK,5
ZOELLNER,5
ZOGBY,5
ZOGG,5
ZOGLMANN,5
ZOGOPOULOS,5
ZOHN,5
ZOLA,5
ZOLDAK,5
ZOLDESY,5
ZOLEZZI,5
ZOLINAS,5
ZOLINSKI,5
ZOLL,10
ZOLLA,5
ZOLLAR,5
ZOLLARS,5
ZOLLER,10
ZOLLICOFFER,5
ZOLLINGER,10
ZOLLMAN,5
ZOLLNER,5
ZOLLO,5
ZOLMAN,5
ZOLNOSKE,5
ZOLOCSIK,5
ZOLONDEK,5
ZOLTEK,5
ZOLTY,5
ZOMBERG,5
ZOMBO,5
ZOMBORY,5
ZOMBRO,5
ZOMER,5
ZOMORA,5
ZOMORODI,5
ZONA,5
ZONDLO,5
ZONE,5
ZONIA,5
ZONKER,5
ZOOK,40
ZOQUIER,5
ZORC,5
ZORDAN,5
ZORENS,5
ZORICH,5
ZORILLA,5
ZORKO,5
ZORMAN,5
ZORN,10
ZORNES,5
ZORNS,5
ZOROIWCHAK,5
ZORRA,5
ZORRILLA,5
ZORTMAN,5
ZORZI,5
ZOSEL,5
ZOSS,5
ZOTOS,5
ZOTTI,5
ZOTTOLA,5
ZOU,5
ZOUCHA,5
ZOULEK,5
ZOUMIS,5
ZOURKOS,5
ZOUTTE,5
ZOZAYA,5
ZRAKE,5
ZRIMSEK,5
ZSADANYI,5
ZSCHOCHE,5
ZSOHAR,5
ZUANICH,5
ZUAZO,5
ZUBEK,5
ZUBER,20
ZUBERBUHLER,5
ZUBIA,10
ZUBIATE,5
ZUBIK,5
ZUBIZARRETA,5
ZUBKE,5
ZUBRIS,5
ZUBROWSKI,5
ZUBRZYCKI,5
ZUCCA,5
ZUCCARELLI,5
ZUCCARO,5
ZUCCHETTO,5
ZUCCO,5
ZUCCONI,5
ZUCH,5
ZUCHARA,5
ZUCHELKOWSKI,5
ZUCHOWSKI,5
ZUCK,5
ZUCKER,10
ZUCKERBERG,5
ZUCKERMAN,10
ZUCKERWAR,5
ZUCLICH,5
ZUEHL,5
ZUEHLKE,10
ZUEHLS,5
ZUEHLSDORFF,5
ZUELKE,5
ZUERCHER,5
ZUERLEIN,5
ZUFALL,5
ZUFELT,5
ZUGG,5
ZUHLKE,5
ZUIDEMA,5
ZUK,5
ZUKAS,5
ZUKERMAN,5
ZUKOF,5
ZUKOR,5
ZUKOSKI,5
ZUKOWSKI,10
ZUKOWSKY,5
ZULAUF,5
ZULEGER,5
ZULFER,5
ZULKOWSKI,5
ZULLIG,5
ZULLINGER,5
ZULLO,10
ZULUAGA,5
ZUMALT,5
ZUMAYA,5
ZUMBA,5
ZUMBACH,5
ZUMBO,5
ZUMBRENNEN,5
ZUMBRUNNEN,5
ZUMMO,5
ZUMOT,5
ZUMPANO,5
ZUMPFE,5
ZUMSTEG,5
ZUMSTEIN,5
ZUMWALT,10
ZUNDEL,5
ZUNICH,5
ZUNIEGA,5
ZUNIGA,100
ZUNINO,5
ZUNKER,5
ZUNO,5
ZUPAN,5
ZUPANCIC,5
ZUPFER,5
ZUPP,5
ZUPPA,5
ZURASKY,5
ZURAWIK,5
ZURAWSKI,5
ZURCHER,10
ZUREK,5
ZURHEIDE,5
ZURICH,5
ZURIN,5
ZURITA,10
ZURKUHLEN,5
ZURKUS,5
ZURMILLER,5
ZURN,5
ZURO,5
ZUROVEC,5
ZUROWSKI,5
ZUSMAN,5
ZUTELL,5
ZUTTER,5
ZUVER,5
ZUVICH,5
ZUWKOWSKI,5
ZUZIAK,5
ZVORSKY,5
ZWACK,5
ZWAGERMAN,5
ZWAHLEN,5
ZWANZIG,5
ZWART,5
ZWEIER,5
ZWEIFEL,5
ZWEIG,5
ZWERSCHKE,5
ZWICK,10
ZWICKER,5
ZWICKL,5
ZWIEBEL,5
ZWIEFEL,5
ZWIEFELHOFER,5
ZWIENER,5
ZWIGART,5
ZWILLING,10
ZWINGER,5
ZWINGMAN,5
ZWOLAK,5
ZWOLENSKY,5
ZWOLINSKI,5
ZWOLSKI,5
ZYBIA,5
ZYCH,5
ZYGMONT,5
ZYLA,5
ZYLKA,5
ZYLSTRA,10
ZYMOWSKI,5
ZYNDA,5
ZYSETT,5
ZYSK,5
ZYSKOWSKI,5
ZYWIEC,5
