# 🚨
# 🚨 Source: https://web.archive.org/web/20071018165557if_/http://personal.riverusers.com/~thegrendel/supp2k.zip::2DICTS.LST
# 🚨
abashedly
abbotship
abbotships
abcoulomb
abcoulombs
abdominals
abdominoplasties
abdominoplasty
abiogenetic
abiogenetical
abiogenetically
abjuratory
abnormities
abnormity
aboriginalities
aboriginality
aborticide
aborticides
aboundingly
abovementioned
abranchial
abranchiate
abranchiates
abreactive
abridgable
abridgeable
abrogable
abrogative
abrogator
abrogators
absolvable
absolvent
absolvents
absorbedly
absorbedness
absorbednesses
absquatulate
absquatulated
absquatulates
absquatulating
abstergent
abstergents
abstractively
abstriction
abstrictions
acanthine
acanthoid
acanthopterygian
acanthopterygians
acanthous
acarologies
acarologist
acarologists
acarology
acarophobia
acarophobias
acaulescence
acaulescences
accedence
accedences
acceleratory
accessorily
accessoriness
accessorinesses
acciaccature
acclamatory
acclivitous
accompanyist
accompanyists
accumbencies
accumbency
accumbent
accumulable
accusatival
accusatively
accusatorial
accusatorially
acervately
acetifier
acetifiers
achlamydeous
achromaticities
achromaticity
achromatin
achromatins
aciculate
aciculated
acidanthera
acidantheras
acidifiable
aciniform
acknowledgeable
acknowledger
acknowledgers
acoustoelectric
acoustoelectrically
acoustooptical
acoustooptics
acrocarpous
acrocephalic
acrocephalies
acrocephalous
acrocephaly
acrolectal
acronymous
acrophobic
acrophobics
acrospire
acrospires
actinomere
actinomeres
actinomorphous
actinomycetal
actinouranium
actinouraniums
acuminated
acuminates
acuminating
acumination
acuminations
adaptableness
adaptablenesses
addlebrained
addleheaded
addressor
addressors
adduceable
adducible
ademption
ademptions
adenectomies
adenectomy
adenoidectomies
adenoidectomy
adenomatoid
adipocere
adipoceres
adiposeness
adiposenesses
adjunctively
adjustably
admeasurer
admeasurers
admiralship
admiralships
admissibleness
admissiblenesses
admissibly
adnominal
adrenalize
adrenalized
adrenalizes
adrenalizing
adrenally
adrenolytic
adrenolytics
adsorbabilities
adsorbability
advanceman
advancemen
adventitiousness
adventitiousnesses
adventively
adventuresomely
advocatory
aeroballistic
aeroballistics
aerobiologically
aeroculture
aerocultures
aerographer
aerographers
aerographies
aerography
aerolitic
aerologic
aerological
aerologist
aerologists
aeromagnetically
aeromagnetics
aeromechanical
aeromechanically
aerometeorograph
aerometeorographs
aerometric
aerometries
aerometry
aeroneuroses
aeroneurosis
aeropause
aeropauses
aerophagia
aerophagias
aerophobia
aerophobias
aerophobic
aerophore
aerophores
aerophyte
aerophytes
aeroponics
aerosphere
aerospheres
aerostatic
aerostatical
aesthesia
aesthesias
aethereal
affectionateness
affectionatenesses
affectlessly
affinitive
affirmably
affirmant
affirmants
afflicter
afflicters
affrication
affrications
affrightment
affrightments
aforetime
afterdamp
afterdamps
afterpains
aftersensation
aftersensations
agamically
agamogeneses
agamogenesis
agateware
agatewares
agglomerator
agglomerators
agglutinant
agglutinants
aggradational
aggravatingly
aggravator
aggravators
aggregator
aggregators
aggrievedness
aggrievednesses
agileness
agilenesses
agnatically
agnostically
agonistes
agonistical
agrobiologic
agrobiological
agrobiologically
agrobiologies
agrobiologist
agrobiologists
agrobiology
agroindustrial
agrologic
agrological
agrologist
agrologists
agronomical
agronomics
agrostologies
agrostology
aguardiente
aguardientes
aguishness
aguishnesses
ailanthic
ailurophobia
ailurophobias
airstrike
airstrikes
airworthier
airworthiest
alackaday
albertite
albertites
albescence
albescences
albescent
albuminoid
albuminoidal
albuminoids
alcoholicities
alcoholicity
alcoholometer
alcoholometers
alcoholometries
alcoholometry
aldermancies
aldermancy
aleuronic
alexipharmic
alexipharmics
alfileria
alfilerias
algebraical
algolagnic
algolagnist
algolagnists
algometer
algometers
algometric
algometrical
algometries
algometry
algophobia
algophobias
algorismic
alimental
alimentally
alimentative
alizarine
alizarines
alkahestical
alkalescence
alkalescences
alkalescencies
alkalescency
alkalescent
alkalimetric
alkalimetrically
alkalization
alkalizations
allamanda
allamandas
allantoid
allantoidal
allantoids
allegeable
allegiants
allegoric
alleviative
alleviatory
alligatored
alligatoring
alliterativeness
alliterativenesses
allochthonous
allogeneically
allomerism
allomerisms
allomerous
allonymous
allonymously
allopathic
allopathically
allopathies
allopathist
allopathists
allopathy
allophonically
allotransplant
allotransplanted
allotransplanting
allotransplants
allotropical
allotropically
allotropism
allotropisms
almightily
almswoman
almswomen
alogicalness
alogicalnesses
alpestrine
alstroemeria
alstroemerias
alterative
alternant
alternants
alternateness
alternatenesses
altimetric
aluminiferous
aluminothermies
aluminothermy
alveolated
alveolation
alveolations
amalgamable
amalgamative
amassable
amazedness
amazednesses
amazonian
ambagious
ambisonic
ambisonics
ambivalencies
ambivalency
amboceptor
amboceptors
ambrosian
ameliorable
ameliorant
ameliorants
ameliorative
amenableness
amenablenesses
amenorrheal
amenorrhoea
amenorrhoeal
amenorrhoeas
amensalism
amensalisms
amentaceous
amerceable
amethopterin
amethopterins
amianthus
amianthuses
aminophenol
aminophenols
aminotriazole
aminotriazoles
ammocoete
ammocoetes
ammonifier
ammonifiers
amniographies
amniography
amoebaean
amorphism
amorphisms
amortizement
amortizements
amphiarthroses
amphiarthrosis
amphibiotic
amphibolic
amphibolitic
amphibolous
amphictyon
amphictyons
amphigories
amphigory
amphimictic
amphisbaenae
amphistylar
amphitheatre
amphitheatres
amphithecia
amphithecium
amphitropous
amplexicaul
amplifiable
ampullaceous
amputator
amputators
amygdaline
amygdalines
amylaceous
amylolyses
amylolysis
anabioses
anabiosis
anabiotic
anabranch
anabranches
anaclises
anaclisis
anacrustic
anaerobiotic
anaesthesiologies
anaesthesiologist
anaesthesiologists
anaesthesiology
anaesthetist
anaesthetists
anaesthetize
anaesthetized
anaesthetizes
anaesthetizing
anaglyptic
analcimic
analectic
anamnestically
anamorphoses
anamorphosis
anaphrodisia
anaphrodisias
anaptyctic
anaptyxes
anaptyxis
anarthria
anarthrias
anarthric
anarthrous
anathematization
anathematizations
anatomization
anatomizations
anchylose
anchylosed
anchyloses
anchylosing
anchylosis
androecial
androgenization
androgenizations
androgenize
androgenized
androgenizes
androgenizing
androgenous
androgynously
anemographic
anemographies
anemography
anemometric
anemometrical
anemophilies
anemophily
anesthetization
anesthetizations
aneurismal
angiologies
angiology
angiopathies
angiopathy
angiosarcoma
angiosarcomas
angiosarcomata
anglophones
angostura
angosturas
angularness
angularnesses
angulately
angulateness
angulatenesses
animalcular
animalist
animalists
animatism
animatisms
animatronic
animatronics
anionically
anisogamete
anisogametes
anisogamic
anisometric
annexationism
annexationisms
annihilable
annihilative
annularities
annularity
annularly
annulated
anoestrous
anoestrus
anoestruses
anomalistic
anomalistically
anovulant
anovulants
anovulation
anovulations
answerabilities
answerability
answerableness
answerablenesses
answerably
answerback
answerbacks
antalkali
antalkalies
antalkalis
antecedencies
antecedency
antefixal
antemeridian
anteriorities
anteriority
anteversion
anteversions
anthelminthic
anthelminthics
antherozoid
antherozoids
anthophore
anthophores
anthozoic
anthracoses
anthracosis
anthropogeneses
anthropogenesis
anthropogenetic
anthropogenically
anthropogenies
anthropogeny
anthropographic
anthropographies
anthropography
anthropoidal
anthropologic
anthropometrical
anthropometrically
anthropometrist
anthropometrists
anthropomorphous
anthropopathies
anthropopathy
anthropophagic
anthropophagite
anthropophagites
anthroposophical
antiadrenergic
antiadrenergics
antialiasing
antialiasings
antiantibodies
antiantibody
antiarrhythmics
antibaryon
antibaryons
anticatalyst
anticatalysts
anticathode
anticathodes
antichlor
antichloristic
antichlors
antichrist
antichrists
anticipative
anticipatively
anticipatorily
anticlericalist
anticlericalists
anticoagulative
antidepressive
antidepressives
antidiarrheals
antidiuretic
antidiuretics
antiestablishmentarian
antiestablishmentarianism
antiestablishmentarianisms
antiestablishmentarians
antifebrile
antifebriles
antifederalism
antifederalisms
antifederalist
antifederalists
antihelices
antihelix
antihelixes
antiheroism
antiheroisms
antilepton
antileptons
antilogarithmic
antimasque
antimasques
antimeric
antimetabolic
antimonic
antimonious
antimonous
antineoplastics
antinuker
antinukers
antiparasitics
antipastos
antipathetical
antiperiodic
antiperiodics
antiperistalses
antiperistalsis
antiphlogistics
antiphonic
antipollutionist
antipollutionists
antipruritics
antipyreses
antipyresis
antiquatedness
antiquatednesses
antiquely
antiqueness
antiquenesses
antirachitics
antisepticize
antisepticized
antisepticizes
antisepticizing
antisexism
antisexisms
antisocialities
antisociality
antitrade
antitragi
antitragus
antitypic
antitypical
antitypically
antivenom
antivenoms
antivirals
antivivisections
antonomastic
antonomastically
antrorsely
apertural
apheliotropic
apheliotropism
apheliotropisms
apheretic
aphidious
aphrodite
aphrodites
aphyllous
apivorous
aplacental
apocarpous
apochromatism
apochromatisms
apocopate
apocopated
apocopates
apocopating
apocopation
apocopations
apollonian
apologetical
apophases
apophasis
apophysate
apoplectical
apoplectics
aposporic
apostlehood
apostlehoods
apostolical
apostolically
apothegmatical
apothegmatically
appaloosa
appaloosas
appassionato
appeasably
appendicle
appendicles
applaudingly
applicably
appointor
appointors
apposable
appositionally
appraisable
apprehensibilities
apprehensibility
approachableness
approachablenesses
approbative
approximal
approximant
approximants
aquicultural
aquiculturist
aquiculturists
arachnidan
arachnidans
arachnophobe
arachnophobes
arachnophobia
arachnophobias
arachnophobic
arbalester
arbalesters
arboriculturist
arboriculturists
arboviral
archaeoastronomer
archaeoastronomers
archaeoastronomical
archaeologic
archaeometries
archaeometrist
archaeometrists
archaeometry
archaizer
archaizers
archdeaconate
archdeaconates
archdeaconship
archdeaconships
archencephala
archencephalon
archencephalons
archentera
archenteric
archeoastronomies
archeoastronomy
archeological
archeometries
archeometry
archespore
archespores
archetypic
archetypically
archicarp
archicarps
archidiaconate
archidiaconates
archiepiscopalities
archiepiscopality
archonship
archonships
archrival
archrivals
arcuation
arcuations
areolation
areolations
argentous
argumentativeness
argumentativenesses
armamentariums
armillary
aromaticness
aromaticnesses
arraigner
arraigners
arrangeable
arrestable
arrhythmical
arrhythmically
arrogator
arrogators
arterialization
arterializations
arterialize
arterialized
arterializes
arterializing
arthrogram
arthrograms
arthrographies
arthrography
arthromere
arthromeres
arthropodal
arthropodous
arthroscopically
arthrotomies
arthrotomy
articularly
artiodactylous
arytenoidal
asbestine
ascertainably
aschelminth
aschelminths
ascocarpous
ascosporous
ascriptively
asepticism
asepticisms
asparaginase
asparaginases
asparaguses
aspergill
aspergills
aspersive
aspersively
aspersoria
aspersorium
aspersoriums
asphyxiant
asphyxiants
asphyxiator
asphyxiators
aspiratory
aspiringly
assailableness
assailablenesses
assailment
assailments
assayable
assentingly
assertable
assertible
assertional
assessorial
assibilate
assibilated
assibilates
assibilating
assibilation
assibilations
assignably
assistive
associabilities
associability
associable
assumedly
assumingly
assumptively
assurable
assurgencies
assurgency
astatically
astaticism
astaticisms
asterismal
asthenopia
asthenopias
asthenopic
asthmatical
astigmatically
astomatous
astragalar
astragali
astragalus
astrobiological
astrobleme
astroblemes
astrochemist
astrochemistries
astrochemistry
astrochemists
astrocompass
astrocompasses
astrodynamic
astrodynamics
astrogeologic
astrogeologies
astrogeologist
astrogeologists
astrogeology
astrologic
astrologist
astrologists
astrometrical
astronavigation
astronavigations
astronavigator
astronavigators
astrophotographic
astrosphere
astrospheres
asyllabic
asymptotical
athematic
athermancies
athermancy
atherogenicities
atherogenicity
atheromatoses
atheromatosis
atherosclerotically
athetoses
athetosis
atmospherical
atomicities
atomicity
atonalistic
atoneable
atonicities
atonicity
atrabiliar
attainableness
attainablenesses
attempter
attempters
attendantly
attendings
attestant
attestants
attractable
attracter
attracters
attributer
attributers
attributiveness
attributivenesses
attributor
attributors
auctionable
auctioneered
auctioneering
audibleness
audiblenesses
audiobook
audiobooks
audiolingual
augmentable
aureately
auricularly
auriculately
auscultative
auscultator
auscultators
autacoidal
autarchist
autarchists
auteurism
auteurisms
autochthonal
autochthonies
autochthonism
autochthonisms
autochthony
autoerotically
autofocus
autofocuses
autogamic
autogeneses
autogenesis
autogenetic
autogenetically
autoinoculable
autoinoculation
autoinoculations
autoloader
autoloaders
autolysin
autolysins
automatous
autophyte
autophytes
autophytic
autophytically
autoplastic
autoplastically
autoplasties
autoplasty
autopsist
autopsists
autosuggestibilities
autosuggestibility
autosuggestible
autosuggestive
autotelism
autotelisms
autotomic
autotoxaemia
autotoxaemias
autotoxemia
autotoxemias
autotoxic
autotoxin
autotoxins
auxetically
auxinically
availingly
avengingly
aventurin
aventurins
averrable
avertable
avertible
avirulence
avirulences
awakenings
axiologist
axiologists
axiomatical
axisymmetrically
azeotropic
azeotropies
azeotropy
azobenzene
azobenzenes
babbittries
babbittry
babesiases
babesiasis
babirousa
babirousas
babiroussa
babiroussas
babirussa
babirussas
babooneries
baboonery
baboonish
babyishly
babyproof
babyproofed
babyproofing
babyproofs
babysitter
babysitters
bacchanalias
bacchantic
baccivorous
bachelorship
bachelorships
bacilliform
backboned
backhandedness
backhandednesses
backlightings
backshore
backshores
backslash
backslashes
backstair
backstroked
backstroker
backstrokers
backstroking
backswimmer
backswimmers
bacteremically
bacteriophagic
bacteriophagous
bacteriostatically
bacteroidal
bacteruria
bacterurias
baculiform
bafflegab
bafflegabs
bakehouse
bakehouses
bakersheet
bakersheets
balanceable
baldaquin
baldaquins
baldheaded
baldpated
ballflower
ballflowers
ballistician
ballisticians
ballistocardiogram
ballistocardiograms
ballistocardiograph
ballistocardiographies
ballistocardiographs
ballistocardiography
ballottement
ballottements
balneological
balneologist
balneologists
balsamiferous
bamboozler
bamboozlers
bandoneon
bandoneonist
bandoneonists
bandoneons
banefulness
banefulnesses
barbellate
bareboating
bareboatings
barehanded
barehandedness
barehandednesses
bareheadedness
bareheadednesses
bareknuckle
bareknuckled
barelegged
bareleggedness
bareleggednesses
bariatric
bariatrician
bariatricians
bariatrics
barnburner
barnburners
barometrical
barramundies
barratrous
barratrously
bartizaned
barycenter
barycenters
barysphere
baryspheres
basaltware
basaltwares
baseburner
baseburners
baselessness
baselessnesses
basidiosporous
basifixed
basophilous
bastinaded
bastinading
bastnaesite
bastnaesites
batfowler
batfowlers
batholite
batholites
bathometer
bathometers
batrachotoxin
batrachotoxins
battercake
battercakes
battledore
battledores
bawdyhouse
bawdyhouses
beachscape
beachscapes
beadiness
beadinesses
beamingly
beanshooter
beanshooters
beanstalk
beanstalks
beargrass
beargrasses
beautybush
beautybushes
beccafico
beccaficos
beckoningly
becomingness
becomingnesses
becquerel
becquerels
bedwarmer
bedwarmers
bedwetter
bedwetters
beefburger
beefburgers
beefiness
beefinesses
beeriness
beerinesses
beetleweed
beetleweeds
befoulment
befoulments
bejabbers
belletrism
belletrisms
bellicosely
bellicoseness
bellicosenesses
bellybutton
bellybuttons
benchmarked
benchmarking
benedicite
benedicites
benedictive
benefactive
bentgrass
bentgrasses
benumbment
benumbments
benzopyrene
benzopyrenes
benzpyrene
benzpyrenes
bequeather
bequeathers
bequeathment
bequeathments
bergschrund
bergschrunds
berylline
beseecher
beseechers
besiegement
besiegements
besmircher
besmirchers
besmirchment
besmirchments
bespangle
bespangled
bespangles
bespangling
bestowment
bestowments
bestseller
bestsellers
bewailment
bewailments
bewitcher
bewitchers
biaxialities
biaxiality
bibliomancies
bibliomancy
bibliophilist
bibliophilistic
bibliophilists
bibliopolic
bicapsular
bicentennially
bicentric
bicephalous
bichloride
bichlorides
bicornuate
bicuspidate
bicyclical
biddableness
biddablenesses
bidentate
bidialectalist
bidialectalists
bidirectionalities
bidirectionality
biestings
bifarious
bifoliate
bifoliolate
bifurcately
bigarreau
bigarreaus
bigheadedness
bigheadednesses
bigotedness
bigotednesses
bilabially
bilateralness
bilateralnesses
bilection
bilections
billowiness
billowinesses
billposter
billposters
billposting
billpostings
billsticker
billstickers
bilobated
bilocular
biloculate
bimestrial
bimillennia
bimillennium
bimillenniums
bindlestiff
bindlestiffs
binturong
binturongs
binuclear
bioaccumulation
bioaccumulations
bioaccumulative
bioastronautical
bioastronautics
biocatalyst
biocatalysts
biocatalytic
biocenose
bioclimatologies
bioclimatology
biodynamics
bioelectronic
bioelectronics
bioequivalence
bioequivalences
bioequivalencies
bioequivalency
bioequivalent
bioflavonoid
bioflavonoids
biogenetical
biohazardous
bioinstrumentation
bioinstrumentations
biometeorologist
biometeorologists
biometrically
bionically
bionomical
bionomically
bioorganic
biophysically
bioprocess
bioprocessed
bioprocesses
bioprocessing
biopsychologies
biopsychology
biosatellite
biosatellites
biostrome
biostromes
biotherapies
biotherapy
biparietal
bipotentialities
bipotentiality
biquarterly
birdwatcher
birdwatchers
birdwatching
birdwatchings
birthmother
birthmothers
birthparent
birthparents
birthweight
birthweights
biserrate
bisexualism
bisexualisms
bismuthal
bissextile
bissextiles
bisulcate
biteplate
biteplates
bitmapped
bitterender
bitterenders
bitternut
bitternuts
bituminoid
bivalence
bivalences
bivalencies
bivalency
blackballer
blackballers
blackbuck
blackbucks
blackdamp
blackdamps
blackstrap
blackstraps
bladdernose
bladdernoses
blameable
blamefulness
blamefulnesses
blandishingly
blastemic
blastocystic
blastodermatic
blastodermic
blastodisk
blastodisks
blastogeneses
blastogenesis
blastogenetic
blastogenic
blastomeric
blastomycete
blastomycetes
blastoporal
blastosphere
blastospheres
blastular
blazonment
blazonments
blemisher
blemishers
blepharitides
blepharitis
blindsight
blindsights
blindstories
blindstory
blitheness
blithenesses
blithesomeness
blithesomenesses
blockishly
blockishness
blockishnesses
blondness
blondnesses
bloodcurdlingly
bloodletter
bloodletters
bloodsuckings
bloodwort
bloodworts
blotchiness
blotchinesses
bloviation
bloviations
blowziness
blowzinesses
blubberer
blubberers
blubberingly
bludgeoner
bludgeoners
blueblood
bluebloods
bluecoated
bluecurls
bluejeans
bluffable
boarhound
boarhounds
boarishly
boarishness
boarishnesses
boastingly
boatmanship
boatmanships
bobbysoxer
bobbysoxers
bobsleigh
bobsleighs
bodyboard
bodyboards
bodysnatching
bodysnatchings
bogginess
bogginesses
bogtrotter
bogtrotters
bolection
bolections
bolshevik
bolsheviki
bolsheviks
bombarder
bombarders
bonbonniere
bonbonnieres
bondabilities
bondability
bondservant
bondservants
boneblack
boneblacks
bonniness
bonninesses
bookstand
bookstands
boozehound
boozehounds
boskiness
boskinesses
botanizer
botanizers
botchiness
botchinesses
botryoidally
bottlenose
bottlenoses
boulderer
boulderers
bouldering
boulderings
bouquetier
bouquetiers
bourguignons
bouvardia
bouvardias
bowdacious
bowdlerism
bowdlerisms
bowstringed
bowstringing
bowstrung
braceleted
brachiocephalic
brachiosaur
brachiosaurs
brachiosaurus
brachiosauruses
brachycephalism
brachycephalisms
brachycephalous
brachydactylia
brachydactylias
brachydactylic
brachydactylies
brachydactylous
brachydactyly
brachylogies
brachylogy
brachypterism
brachypterisms
brachyuran
brachyurans
brachyurous
bracteolate
bradycardic
braggingly
brainsickness
brainsicknesses
brainstem
brainstems
brainwork
brainworker
brainworkers
brainworks
bramblings
branchiate
branchlike
brandisher
brandishers
brandling
brandlings
brassware
brasswares
brattishness
brattishnesses
braveness
bravenesses
bravissimo
brazenfaced
brazilein
brazileins
breadcrumb
breadcrumbs
breadroot
breadroots
breadstick
breadsticks
breadthways
breakableness
breakablenesses
breakdancing
breakdancings
breakpoint
breakpoints
breaststroked
breaststroking
breechloading
bregmatic
briarroot
briarroots
briarwood
briarwoods
bridewealth
bridewealths
bridgeboard
bridgeboards
brierroot
brierroots
brierwood
brierwoods
brigandism
brigandisms
brightish
brilliantness
brilliantnesses
bristliness
bristlinesses
britannia
britannias
brittlebush
brittlebushes
broadbill
broadbills
broadcastings
broadleaves
brokenheartedly
brokenheartedness
brokenheartednesses
brominism
brominisms
bronchoscopically
broncobusting
broncobustings
browallia
browallias
browbeater
browbeaters
brownfield
brownfields
brownness
brownnesses
brushfires
brushiness
brushinesses
brutalism
brutalisms
brutalist
brutalists
bubbletop
bubbletops
bubbliness
bubblinesses
bubonocele
bubonoceles
buckhound
buckhounds
bufotenine
bufotenines
bugginess
bugginesses
bulbiferous
bulginess
bulginesses
bulimarexia
bulimarexias
bulimarexic
bulimarexics
bulletproofed
bulletproofing
bulletproofs
bullshitter
bullshitters
bullsnake
bullsnakes
bumfuzzle
bumfuzzled
bumfuzzles
bumfuzzling
bunchflower
bunchflowers
bunchiness
bunchinesses
buprestid
buprestids
burdensomely
bursarial
bursiform
bushelbasket
bushelbaskets
busheller
bushellers
bushelman
bushelmen
bushhammer
bushhammers
butcherbird
butcherbirds
butcherer
butcherers
butterbur
butterburs
butterflyfish
butterflyfishes
butteriness
butterinesses
buttinskis
buttonmold
buttonmolds
butyraceous
byproduct
byproducts
cabalistically
cablecast
cablecasted
cablecaster
cablecasters
cablecasting
cablecasts
cablevision
cablevisions
cachinnator
cachinnators
cacodaemon
cacodaemons
cacodylic
cacographic
cacomixle
cacomixles
cacuminals
cadaverousness
cadaverousnesses
caerphillies
caerphilly
cafetoria
caffeinated
caffeinism
caffeinisms
cajolingly
calamanco
calamancoes
calamancos
calamitousness
calamitousnesses
calaverite
calaverites
calcarate
calcareousness
calcareousnesses
calceolaria
calceolarias
calceolate
calcifugal
calcitriol
calcitriols
calculabilities
calculability
calculably
calculative
calefaction
calefactions
calicoback
calicobacks
californite
californites
calisthenical
callboard
callboards
calliopsis
calliopsises
callisthenics
calvities
calycinal
calycular
calyculate
calyptrate
camelhair
camelhairs
camerawork
cameraworks
camerlingo
camerlingos
camouflager
camouflagers
camphoric
camphorweed
camphorweeds
campstool
campstools
canaliculate
canaliculated
cancellate
cancellated
cancerophobia
cancerophobias
candelilla
candelillas
candescently
candlewicking
candlewickings
canescence
canescences
cankerroot
cankerroots
cannabidiol
cannabidiols
cannelure
cannelures
cannulate
cannulated
cannulates
cannulating
cannulation
cannulations
canonistic
canonistical
canonizer
canonizers
cantabiles
cantiness
cantinesses
cantingly
capellini
capellinis
capillaceous
capitalizable
capitative
capitella
capitellum
capitulant
capitulants
capitularly
capitulator
capitulators
capitulatory
capriccioso
capsomere
capsomeres
capsulate
capsulation
capsulations
capsulotomies
capsulotomy
captivatingly
caramelization
caramelizations
caravelle
caravelles
carbamazepine
carbamazepines
carbineer
carbineers
carbolated
carbonator
carbonators
carbonium
carboniums
carbonizer
carbonizers
carbonous
carboxyhemoglobin
carboxyhemoglobins
carcinomatoid
cardialgia
cardialgias
cardioacceleration
cardioaccelerations
cardioaccelerator
cardioaccelerators
cardsharping
cardsharpings
cariosities
cariosity
cariousness
cariousnesses
carpetbagged
carpologies
carpology
carpophagous
carsickness
carsicknesses
carthorse
carthorses
cartogram
cartograms
caruncular
carunculate
carunculated
carunculous
caryatidal
caryatidean
caryatidic
caseharden
casehardened
casehardening
casehardens
caseinogen
caseinogens
casemated
casemented
cashpoint
cashpoints
cassation
cassations
casseroled
casseroling
castellation
castellations
castigatory
castrater
castraters
casuistically
catalogist
catalogists
catamountain
catamountains
cataplasia
cataplasias
cataplastic
cataplectic
catarrhous
catastases
catastasis
catchiness
catchinesses
catchpennies
catchweight
catechetic
catechistical
categoricalness
categoricalnesses
categorizable
catenulate
cathartical
catoptrical
catoptrics
cattishly
cattishness
cattishnesses
caudation
caudations
caulescent
causabilities
causability
causativeness
causativenesses
cautioner
cautioners
cavalierness
cavaliernesses
cavendish
cavendishes
ceasefire
ceasefires
celebrative
celestine
celestines
cellblock
cellblocks
cellphone
cellphones
cellularly
cembalist
cembalists
cenobitical
cenogeneses
cenogenesis
cenotaphic
censorable
censurabilities
censurability
censurableness
censurablenesses
censurably
centerings
centesimally
centilitre
centilitres
centillionth
centillionths
centimetre
centimetres
centipoise
centipoises
centrical
centrifugalism
centrifugalisms
centrifugalization
centrifugalizations
centrobaric
centrolecithal
centrosomic
centrosphere
centrospheres
centurial
cephalochordate
cephalochordates
cephalometer
cephalometers
cephalopodan
cephalopodans
ceraceous
cerargyrite
cerargyrites
ceratodus
ceratoduses
cespitose
cetological
chabazite
chabazites
chaetognathous
chainless
chalcographic
chalcographies
chalcography
chalicothere
chalicotheres
chalkiness
chalkinesses
chalkstone
chalkstones
challengeable
chalumeau
chalumeaux
channelings
channeller
channellers
chantingly
chaplainship
chaplainships
characterizable
characterizer
characterizers
chargeabilities
chargeability
chargeableness
chargeablenesses
chargrill
chargrilled
chargrilling
chargrills
chartable
chasmogamous
chastisable
cheapener
cheapeners
cheatingly
checkerbloom
checkerblooms
cheekpiece
cheekpieces
cheeringly
chelicerate
cheliform
chemoautotrophically
chemokineses
chemokinesis
chemoprevention
chemopreventions
chemoreceptivities
chemoreceptivity
chemosensory
chemosmoses
chemosmosis
chemosmotic
chemosorb
chemosorbed
chemosorbing
chemosorbs
chemosphere
chemospheres
chemostat
chemostats
chemosynthetically
chemotaxonomically
chemotropic
chemotropically
chemurgic
chemurgical
cherishingly
chersonese
chersoneses
chessylite
chessylites
chestiness
chestinesses
chevrotain
chevrotains
chewiness
chewinesses
chiasmatypies
chiasmatypy
chiastolite
chiastolites
chickenpox
chickenpoxes
chidingly
chifferobe
chifferobes
chiffonnier
chiffonniers
chilblained
childcare
childcares
childproofed
childproofing
childproofs
chiliburger
chiliburgers
chiropter
chiropters
chirpiness
chirpinesses
chirurgeries
chirurgery
chirurgical
chitinoid
chlamydate
chlamydias
chlorocarbon
chlorocarbons
chlorophyl
chlorophyllose
chlorophyls
chlorotically
chlorpicrin
chlorpicrins
choirgirl
choirgirls
chokebore
chokebores
chokedamp
chokedamps
chokehold
chokeholds
chokepoint
chokepoints
cholecyst
cholecysts
choleraic
cholericly
choleroid
chondrification
chondrifications
chondrified
chondrifies
chondrify
chondrifying
chondroma
chondromas
chondromata
chondromatous
choosiness
choosinesses
choriambic
choriambus
choriambuses
choripetalous
chorographically
chrestomathic
chrismatories
chrismatory
christener
christeners
chromatism
chromatisms
chromatist
chromatists
chromatophoric
chromonemal
chromophils
chromophobic
chronobiologically
chronogrammatic
chronogrammatically
chronographically
chronoscope
chronoscopes
chronoscopic
chryselephantine
chunkiness
chunkinesses
chylaceous
chymopapain
chymopapains
cicatricose
ciliolate
cinchonic
cinephile
cinephiles
cingulated
circadianly
circularizer
circularizers
circumambience
circumambiences
circumambiencies
circumambiency
circumambulatory
circumboreal
circumferentially
circumflexed
circumflexing
circumnavigable
circumnutation
circumnutations
circumrotate
circumrotated
circumrotates
circumrotating
circumrotation
circumrotations
circumrotatory
circumscribable
circumscriber
circumscribers
circumscriptive
circumscriptively
circumsolar
circumspective
circumstancing
circumstantiation
circumstantiations
circumterrestrial
circumventer
circumventers
circumventive
circumventor
circumventors
circumvolutory
circumvolve
circumvolved
circumvolves
circumvolving
cirriform
cirripede
cirripedes
cisatlantic
cismontane
civilizable
clairaudients
clamdiggers
clanswoman
clanswomen
classicalism
classicalisms
classicalness
classicalnesses
classificational
classificatorily
classifieds
clavately
claviculate
claviform
claystone
claystones
claytonia
claytonias
clementine
clementines
clerkliness
clerklinesses
cliffhanger
cliffhangers
cliffhanging
climacterical
climacterically
climactical
climatologic
clinandria
clinandrium
clingfish
clingfishes
clinginess
clinginesses
clingingly
clinkstone
clinkstones
clinometric
clinometrical
clinometries
clinometry
cliticization
cliticizations
cliticize
cliticized
cliticizes
cliticizing
clockmaker
clockmakers
cloddishly
clogginess
clogginesses
closefistedness
closefistednesses
clotrimazole
clotrimazoles
cloyingness
cloyingnesses
clozapine
clozapines
clubbabilities
clubbability
clubwoman
clubwomen
cnidoblast
cnidoblasts
coacervated
coacervating
coactively
coactivities
coactivity
coadjutant
coadjutants
coadunate
coadunation
coadunations
coagulative
coagulator
coagulators
coarctate
coastally
coatimondi
coatimondis
coaxingly
cobalamine
cobalamines
cocainism
cocainisms
coccolith
coccoliths
cochleate
cochleated
cockateel
cockateels
cockleboat
cockleboats
cockswain
cockswains
codeclination
codeclinations
codominance
codominances
coelacanthine
coelacanthous
coelenteric
coelostat
coelostats
coenosarc
coenosarcs
coercionary
coercionist
coercionists
coessential
coessentialities
coessentiality
coessentially
coessentialness
coessentialnesses
coetaneously
coetaneousness
coetaneousnesses
coeternally
coeternities
coeternity
coextension
coextensions
coffeecake
coffeecakes
cogitatively
cogitativeness
cogitativenesses
cogitator
cogitators
cohabitational
cohabiter
cohabiters
cohousing
cohousings
colcothar
colcothars
coldblooded
coldshoulder
coldshouldered
coldshouldering
coldshoulders
colectomies
colectomy
collagenic
collateralization
collateralizations
collectiveness
collectivenesses
collinsia
collinsias
colloquialness
colloquialnesses
collusiveness
collusivenesses
colobomatous
colonelship
colonelships
colonialization
colonializations
colonitis
colonitises
colonizable
colonoscope
colonoscopes
colonoscopic
colonoscopies
colonoscopy
colorabilities
colorability
colorableness
colorablenesses
colorblind
colorblindness
colorblindnesses
colorbreed
colorbreeding
colorbreeds
colorcast
colorcasted
colorcasting
colorcasts
colposcope
colposcopes
colposcopic
colposcopies
colposcopy
columbaries
columbary
columellate
comatosely
comatulid
comatulids
combatable
comicalness
comicalnesses
commeasurable
commemorational
commemoratory
commendableness
commendablenesses
commendam
commendams
commensurateness
commensuratenesses
commentarial
commiseratively
commiserator
commiserators
commissionable
commissional
committer
committers
commonable
commonsensibly
commotional
communalistic
communalization
communalizations
commutabilities
commutability
commutatively
companionless
compatriotism
compatriotisms
compellably
compeller
compellers
complementally
completers
completist
completists
compositeness
compositenesses
compositorial
compostable
composter
composters
comprehendingly
comprehensives
compressibleness
compressiblenesses
compressibly
comprimario
comprimarios
comprisable
comprisal
comprisals
compromisingly
compulsives
compulsories
compulsoriness
compulsorinesses
compunctiously
comstockeries
comstockery
conational
concavely
concaveness
concavenesses
concentratively
concentrical
conceptively
concertini
concertinist
concertinists
concertmistress
concertmistresses
conchiferous
conchiolin
conchiolins
conchological
conciliable
conciliatorily
conciliatoriness
conciliatorinesses
concinnous
concoctor
concoctors
concomitancies
concomitancy
concubinary
concurringly
condensabilities
condensability
condensibilities
condensibility
condescender
condescenders
conditionings
condolement
condolements
condolent
condolingly
condominial
conducible
conducingly
conductorship
conductorships
conduplication
conduplications
confectioned
confectioning
confederalist
confederalists
confederationism
confederationisms
confederationist
confederationists
conferenced
conferree
conferrees
confidentialness
confidentialnesses
configurationism
configurationisms
confinable
confineable
confinedness
confinednesses
confirmative
confirmer
confirmers
conflictory
conformabilities
conformability
conformableness
conformablenesses
conformationally
confoundedness
confoundednesses
confrontative
confusabilities
confusability
confusable
confutable
congealable
congealer
congealers
congenialness
congenialnesses
congenitalness
congenitalnesses
congestible
conglomeritic
conglutinative
congregative
congregativeness
congregativenesses
congressionalist
congressionalists
conidiophorous
conjecturable
conjecturably
conjoiner
conjoiners
conjugable
conjugative
conjugator
conjugators
conjunctly
connateness
connatenesses
connaturalness
connaturalnesses
connivence
connivences
conniveries
connivery
connivingly
conquerable
conscionableness
conscionablenesses
conscionably
consentient
conservable
considerer
considerers
consigner
consigners
consolable
consonantally
consortial
conspiracist
conspiracists
conspirer
conspirers
conspiringly
constableship
constableships
constabular
constellational
constituter
constituters
constitutor
constitutors
constrainable
constrainer
constrainers
constrictively
constringencies
constringency
construabilities
construability
construal
construals
constructer
constructers
construer
construers
consubstantialities
consubstantiality
consubstantiate
consubstantiated
consubstantiates
consubstantiating
consultatively
consultatory
consumingly
consumptiveness
consumptivenesses
contactor
contactors
contactual
contactually
contaminable
contemporariness
contemporarinesses
contemporarization
contemporarizations
contently
conterminousness
conterminousnesses
contestably
contextualization
contextualizations
contextural
continentalism
continentalisms
continentalist
continentalists
continuable
continualness
continualnesses
continuatively
continuatives
contortedly
contortedness
contortednesses
contrabandage
contrabandages
contrabassoonist
contrabassoonists
contractibleness
contractiblenesses
contractibly
contradance
contradances
contradanse
contradanses
contradicter
contradicters
contradictive
contradictively
contradictiveness
contradictivenesses
contraindicant
contraindicants
contraindicative
contrapposto
contrappostos
contrariously
contrariousness
contrariousnesses
contrastably
contrastingly
contrecoup
contrecoups
contredance
contredances
contributiveness
contributivenesses
contributories
contrivable
contrivedly
controllably
controversialities
controversiality
controvertibly
contumaciousness
contumaciousnesses
contumeliousness
contumeliousnesses
convectively
convenable
convenance
convenances
conversantly
conversationist
conversationists
conversionary
convertite
convertites
convexness
convexnesses
conveyable
convictable
convictional
convictive
convictively
convincible
convivialist
convivialists
convolutedly
convolutedness
convolutednesses
convolutely
convolutional
convolutionary
coolingly
copayment
copayments
copperware
copperwares
coprolalia
coprolalias
coprologies
coprology
coprophilic
copulatively
copyeditor
copyeditors
copyrighter
copyrighters
copywriting
copywritings
coralloidal
coralroot
coralroots
corbiestep
corbiesteps
coreferential
coreopsises
corespondencies
corespondency
cornbraid
cornbraided
cornbraiding
cornbraids
cornbread
cornbreads
corndodger
corndodgers
cornhusker
cornhuskers
cornichon
cornichons
corniculate
coronership
coronerships
coroneted
coronetted
corotational
corporalcies
corporalcy
corporalship
corporalships
corporatists
corpuscule
corpuscules
correctible
correlativities
correlativity
correspondently
corresponsively
corrigendas
corrigibly
corrivalries
corrivalry
corroborants
corroboratively
corrodibilities
corrodibility
corrosible
corrugator
corrugators
corruptibleness
corruptiblenesses
corticate
corticated
corticospinal
corymbous
coseismal
coseismals
coseismic
cosmetize
cosmetized
cosmetizes
cosmetizing
cosmogonically
cosmographically
cosmologic
costlessness
costlessnesses
cotangential
cotenancies
cotenancy
coterminal
cotyledonal
cotyledonous
couchette
couchettes
coumarone
coumarones
councilorship
councilorships
councilperson
councilpersons
counteractively
counterclaimant
counterclaimants
counterfactuals
counterglow
counterglows
counterirritation
counterirritations
countermined
countermining
counterperson
counterpersons
counterproductively
counterprogram
counterprogrammed
counterprograms
counterrevolutionist
counterrevolutionists
countersank
counterscarp
counterscarps
countershaft
countershafts
countersubject
countersubjects
countertrader
countertraders
countertype
countertypes
counterweigh
counterweighed
counterweighing
counterweighs
counterwoman
counterwomen
counterwork
counterworks
countywide
covenantally
coxsackievirus
coxsackieviruses
crabbedly
crabbiness
crabbinesses
crackhead
crackheads
cradleboard
cradleboards
crampfish
crampfishes
craniological
craniologically
craniologist
craniologists
craniometer
craniometers
craniometric
craniometrical
craniometrically
craniometrist
craniometrists
crapehanger
crapehangers
crapulence
crapulences
crapulent
crapulously
crapulousness
crapulousnesses
craquelure
craquelures
cravingly
crawlingly
crawlspace
crawlspaces
creakingly
creampuff
creampuffs
creational
credibleness
crediblenesses
crenately
crenature
crenatures
crenelate
crenelates
crenelating
crenellate
crenellates
crenellating
cretaceous
cretaceously
cretinoid
crewelist
crewelists
criminalist
criminalists
criminative
criminator
criminators
criminatory
crimpiness
crimpinesses
crinkleroot
crinkleroots
criosphinges
criosphinx
criosphinxes
crispation
crispations
cristated
cristobalite
cristobalites
criterial
crocoisite
crocoisites
crossbeam
crossbeams
crosscheck
crosschecked
crosschecking
crosschecks
crossfire
crossfires
crosshatchings
crossjack
crossjacks
crosstalk
crosstalks
crosstree
cruciately
crucifier
crucifiers
cruciformly
cruciverbalist
cruciverbalists
cruiserweight
cruiserweights
cryobiologically
cryometer
cryometers
cryophyte
cryophytes
cryptanalyze
cryptanalyzed
cryptanalyzes
cryptanalyzing
cryptesthesia
cryptesthesias
cryptical
crypticness
crypticnesses
cryptoclastic
cryptogrammic
cryptographical
cryptographist
cryptographists
cryptosporidia
cryptosporidioses
cryptosporidiosis
cryptosporidium
cryptozoic
cryptozoite
cryptozoites
cryptozoological
crystalliferous
crystalligerous
crystallitic
crystallizabilities
crystallizability
crystallographical
cubicalness
cubicalnesses
cubistically
cuchifrito
cuchifritos
cucullated
cultrated
culturist
culturists
cumbrance
cumbrances
cunctator
cunctators
cuneately
cunnilingual
curandera
curanderas
curandero
curanderos
curativeness
curativenesses
curmudgeonries
curmudgeonry
currishness
currishnesses
curvaceously
curvaceousness
curvaceousnesses
curvilineal
curvilinearly
cushiness
cushinesses
cuspidated
customable
customization
customizations
cutesiness
cutesinesses
cutinization
cutinizations
cutlassfish
cutlassfishes
cyanotype
cyanotypes
cybernate
cybernates
cybernating
cycloidally
cyclometric
cyclometries
cyclometry
cyclonical
cyclopedist
cyclopedists
cyclopentane
cyclopentanes
cycloplegia
cycloplegias
cycloplegic
cyclosporin
cyclosporins
cyclostomate
cyclostomatous
cyclothymics
cylindricalities
cylindricality
cylindroid
cylindroids
cymbaleer
cymbaleers
cymiferous
cymograph
cymographs
cynicalness
cynicalnesses
cynosural
cyprinodont
cyprinodonts
cyprinoid
cyprinoids
cystectomies
cystectomy
cystocele
cystoceles
cystostomies
cystostomy
cytogeneses
cytogenesis
cytophotometer
cytophotometers
cytophotometrically
cytoplast
cytoplastic
cytoplasts
cytotaxonomist
cytotaxonomists
cytotropic
cytotropism
cytotropisms
dacquoise
dacquoises
dactylically
dactylogram
dactylograms
dactylographic
dactylographies
dactylography
daffiness
daffinesses
daguerreotyper
daguerreotypers
dahabeeyah
dahabeeyahs
dairywoman
dairywomen
dallyingly
daltonism
daltonisms
damageable
damascener
damasceners
daminozide
daminozides
damnabilities
damnability
damningness
damningnesses
damoiselle
damoiselles
danceabilities
danceability
dancercise
dancercises
dancewear
dangleberries
dangleberry
darnation
darnations
dartingly
daughterliness
daughterlinesses
daughterly
dawdlingly
daydreamy
dayspring
daysprings
deaccession
deaccessioned
deaccessioning
deaccessions
dealcoholization
dealcoholizations
dealcoholize
dealcoholized
dealcoholizes
dealcoholizing
dealmaker
dealmakers
dealmaking
dealmakings
deaminization
deaminizations
deaminize
deaminized
deaminizes
deaminizing
deathlike
deathtrap
deathtraps
deattribution
deattributions
debasedness
debasednesses
debauchedly
debauchedness
debauchednesses
debentured
debilitative
debonaire
debouchure
debouchures
debriefings
decaffeinate
decaffeinates
decaffeinating
decaffeination
decaffeinations
decagonal
decagonally
decahedral
decalcifier
decalcifiers
decalescence
decalescences
decalescent
decapodal
decarbonization
decarbonizations
decayable
deceivabilities
deceivability
decennaries
decennary
decentness
decentnesses
deciduously
decillionth
decillionths
decimator
decimators
decimetre
decimetres
decipherabilities
decipherability
declassifiable
declivitously
decollator
decollators
decollectivization
decollectivizations
decollectivize
decollectivized
decollectivizes
decollectivizing
decolorant
decolorants
decoloration
decolorations
decompounded
decompounding
decompounds
decompressive
deconstructionism
deconstructionisms
decoupler
decouplers
decreeable
decreolization
decreolizations
decrescence
decrescences
decumbence
decumbences
decumbencies
decumbency
decurrently
decussately
dedicative
deducibilities
deducibility
deducibleness
deduciblenesses
deepfreeze
deepfreezes
deescalate
deescalated
deescalates
deescalating
defaceable
defeasibleness
defeasiblenesses
defecator
defecators
defensibleness
defensiblenesses
defervesce
defervesced
defervescent
defervesces
defervescing
defilingly
definabilities
definability
deflationist
deflationists
deflexion
deflexions
deforciant
deforciants
deforester
deforesters
deformabilities
deformability
deformalization
deformalizations
deformedness
deformednesses
defragment
defragmented
defragmenting
defragments
defraudation
defraudations
defraudment
defraudments
defrayment
defrayments
defunctness
defunctnesses
degenderize
degenderized
degenderizes
degenderizing
deglamourize
deglamourized
deglamourizes
deglamourizing
deglutinate
deglutinated
deglutinates
deglutinating
deglutination
deglutinations
degradabilities
degradability
degradedness
degradednesses
degression
degressions
dehydrogenization
dehydrogenizations
dehydrogenize
dehydrogenized
dehydrogenizes
dehydrogenizing
dehypnotize
dehypnotized
dehypnotizes
dehypnotizing
deictically
delectableness
delectablenesses
delegalize
delegalized
delegalizes
delegalizing
delegitimization
delegitimizations
delegitimize
delegitimized
delegitimizes
delegitimizing
deliberator
deliberators
delicateness
delicatenesses
delightsomely
delimitate
delimitated
delimitates
delimitating
delimitative
delineable
deltiologies
deltiologist
deltiologists
deltiology
deludingly
demagogical
demagogism
demagogisms
demagoguism
demagoguisms
demarcator
demarcators
demarkation
demarkations
demeritorious
demeritoriously
demirelief
demireliefs
demisable
demiurgeous
demiurgically
demivolte
demivoltes
demonolater
demonolaters
demonolatries
demonolatry
demonstrableness
demonstrablenesses
demonstrationist
demonstrationists
demulsification
demulsifications
demulsified
demulsifier
demulsifiers
demulsifies
demulsify
demulsifying
demurrable
demyelinate
demyelinated
demyelinates
demystifier
demystifiers
dendritical
dendritically
dendroidal
denitrate
denitrated
denitrates
denitrating
denitration
denitrations
denominable
denominationalist
denominationalists
denominationally
denominatively
denotable
denotatively
densimeter
densimeters
densimetric
densimetries
densimetry
dentately
dentation
dentations
denticular
denticulately
dentigerous
denunciate
denunciated
denunciates
denunciating
deoxidization
deoxidizations
deoxycorticosterone
deoxycorticosterones
departmentalism
departmentalisms
depauperation
depauperations
dependancies
dependancy
depilator
depilators
deplorabilities
deplorability
deplumation
deplumations
depollute
depolluted
depollutes
depolluting
depopulator
depopulators
deposable
deprecative
deprecator
deprecators
depressiveness
depressivenesses
deprivable
depuration
depurations
depurative
depurator
depurators
derecognition
derecognitions
derecognize
derecognized
derecognizes
derecognizing
deregulator
deregulators
deregulatory
derisible
dermapteran
dermapterans
dermatoid
dermatomic
dermatophytic
dermatophytoses
dermatophytosis
dermatoplastic
dermatoplasties
dermatoplasty
derogatively
derogatoriness
derogatorinesses
descanter
descanters
descendable
descramble
descrambled
descrambler
descramblers
descrambles
descrambling
descriptivism
descriptivisms
descriptivist
descriptivists
desegregationist
desegregationists
deservingly
deservingness
deservingnesses
designable
designingly
desinence
desinences
desinential
desmidian
despondingly
despotical
despumate
despumated
despumates
despumating
despumation
despumations
desterilize
desterilized
desterilizes
desterilizing
destroyable
destructor
destructors
desulfurizer
desulfurizers
detainable
detectible
detergence
detergences
determinabilities
determinability
determinatively
determinativeness
determinativenesses
detestabilities
detestability
detrusion
detrusions
deuteride
deuterides
deuterogamies
deuterogamy
deutoplasmic
deutschemark
deutschemarks
developpe
developpes
devitalization
devitalizations
devitrifiable
devocalization
devocalizations
devolatilization
devolatilizations
devolatilize
devolatilized
devolatilizes
devolatilizing
devolvement
devolvements
devouringly
dewclawed
dextralities
dextrality
dextrally
dextroglucose
dextroglucoses
dextrorotation
dextrorotations
dextrorse
dextrorsely
diacritically
diactinic
diactinism
diactinisms
diageotropism
diageotropisms
diakinetic
dialoguer
dialoguers
dialytically
dialyzabilities
dialyzability
dialyzation
dialyzations
diamagnet
diamagnets
diandrous
diapasonal
diapedetic
diapophyses
diapophysial
diapophysis
diarthrodial
diastasic
diastasis
diastematic
diathermia
diathermias
diatomicities
diatomicity
diatonicism
diatonicisms
diatropic
diatropism
diatropisms
dibasicities
dibasicity
dibranchiate
dibranchiates
dibromide
dibromides
dicephalous
dichasial
dichasially
dichloride
dichlorides
dichlorodiphenyltrichloroethane
dichlorodiphenyltrichloroethanes
dichogamic
dichotomic
dichroite
dichroites
dichroitic
dichromic
dichromism
dichromisms
diclinism
diclinisms
dictational
diddlysquat
diddlysquats
didynamous
diehardism
diehardisms
dielectrically
diencephalons
diesinker
diesinkers
diesinking
diesinkings
dietetical
differentiator
differentiators
diffractive
diffractively
diffractiveness
diffractivenesses
diffusibilities
diffusibility
digastrics
digestibly
digestional
digestiveness
digestivenesses
digitated
digitation
digitations
digitiform
digitigrades
diglossia
diglossias
diglossic
dignifiedly
dihybridism
dihybridisms
dilatator
dilatators
dilettanteism
dilettanteisms
dimethylsulfoxide
dimethylsulfoxides
dimunitional
dimwitted
dimwittedly
dimwittedness
dimwittednesses
dinothere
dinotheres
dioeciously
dioeciousness
dioeciousnesses
dioestrus
dioestruses
dionysian
dioptometer
dioptometers
dioptometries
dioptometry
dioptrical
dioptrically
dioptrics
dipetalous
diphenylketone
diphenylketones
diphtheric
diphycercal
diphyllous
diplococcal
diplococcic
diploidic
diplomatics
diplopodous
dipropellant
dipropellants
dipyridamole
dipyridamoles
directionally
directionals
directorially
direfulness
direfulnesses
dirigibilities
dirigibility
disabusal
disabusals
disaccredit
disaccredited
disaccrediting
disaccredits
disaffectedly
disaffectedness
disaffectednesses
disaffirmation
disaffirmations
disagreeabilities
disagreeability
disallowable
disannulment
disannulments
disarticulator
disarticulators
disastrousness
disastrousnesses
disavowedly
disavower
disavowers
disbelievingly
disbursable
disclosable
discolorment
discolorments
discomfiter
discomfiters
discomfortingly
discommodious
discomposedly
disconcertion
disconcertions
disconfirmation
disconfirmations
disconnecter
disconnecters
discontinuer
discontinuers
discontinuousness
discontinuousnesses
discretional
discretionarily
discriminately
discriminatively
discussional
disembarkment
disembarkments
disembarrassment
disembarrassments
disembodiment
disembodiments
disemboguement
disemboguements
disemploy
disemployed
disemploying
disemployment
disemployments
disemploys
disempower
disempowered
disempowering
disempowerment
disempowerments
disempowers
disenable
disenabled
disenables
disenabling
disencumberment
disencumberments
disentailment
disentailments
disentomb
disentombed
disentombing
disentombs
disentwine
disentwined
disentwines
disentwining
disepalous
disestablishmentarianism
disestablishmentarianisms
disfeature
disfeatured
disfeaturement
disfeaturements
disfeatures
disfeaturing
disfiguration
disfigurations
disfigurer
disfigurers
disfranchiser
disfranchisers
disgorgement
disgorgements
disguisable
disgustedness
disgustednesses
disharmoniously
dishevelment
dishevelments
dishtowel
dishtowels
disillusive
disincorporate
disincorporated
disincorporates
disincorporating
disincorporation
disincorporations
disinfector
disinfectors
disinform
disinformed
disinforming
disinforms
disintegrable
disinvent
disinvented
disinventing
disinvents
disinvitation
disinvitations
disjoinable
disloyalist
disloyalists
dismantler
dismantlers
dismemberer
dismemberers
dismissible
dismountable
disobligingly
disobligingness
disobligingnesses
disorganizer
disorganizers
dispeller
dispellers
dispensableness
dispensablenesses
displacer
displacers
displayer
displayers
displeasingly
disposableness
disposablenesses
disposably
dispossessory
disproportionable
disproportionableness
disproportionablenesses
disproportionably
disproportionally
disproportionateness
disproportionatenesses
disproval
disprovals
disputabilities
disputability
disputableness
disputablenesses
disputative
disqualifiable
disquietness
disquietnesses
disquisitional
disregarder
disregarders
disregardfully
disregardfulness
disregardfulnesses
disruptor
disruptors
dissatisfiedly
dissectible
disseizee
disseizees
disseizor
disseizors
dissemblance
dissemblances
dissemblingly
disseminative
dissentience
dissentiences
dissentiencies
dissentiency
dissentiently
dissentingly
dissepimental
dissertationist
dissertationists
disseveration
disseverations
dissidently
dissilient
dissimilative
dissimulative
dissipator
dissipators
dissociableness
dissociablenesses
dissociably
dissolubilities
dissolubility
dissolubleness
dissolublenesses
dissolutive
dissolvabilities
dissolvability
dissolvableness
dissolvablenesses
dissonancies
dissonancy
dissuadable
dissyllabic
dissymmetrical
dissymmetrically
distender
distenders
distichal
distichously
distillable
distillatory
distinguisher
distinguishers
distortedly
distortedness
distortednesses
distortionary
distortive
distractedness
distractednesses
distracter
distracters
distrainee
distrainees
distrainment
distrainments
distributable
distributiveness
distributivenesses
distributives
distributorship
distributorships
distruster
distrusters
disulfate
disulfates
disunionism
disunionisms
disuniter
disuniters
ditheistic
divaricately
divaricatingly
divaricator
divaricators
diversifiabilities
diversifiability
diversifiable
diversiform
divertible
divertingly
divestible
divesture
divestures
divinable
divineness
divinenesses
divisibleness
divisiblenesses
divisibly
divisionally
divisionary
divorceable
divorcive
divulgate
divulgated
divulgates
divulgating
divulgement
divulgements
divulsion
divulsions
dizenment
dizenments
dockmackie
dockmackies
dockominium
dockominiums
doctorial
doctrinalities
doctrinality
doctrinarian
doctrinarians
docudramatic
dodecagonal
dodecaphonism
dodecaphonisms
dodecasyllabic
dodecasyllable
dodecasyllables
dogfightings
doghanged
dolabrate
dolabriform
dolichocephalism
dolichocephalisms
dolichocephalous
dollarfish
dollarfishes
dollarization
dollarizations
domesticable
domesticator
domesticators
domestique
domestiques
domically
dominancies
dominancy
dominatrixes
donorship
donorships
doorframe
doorframes
dorbeetle
dorbeetles
dorsolaterally
dosshouse
dosshouses
doubletree
doubletrees
doublewide
doublewides
doughiness
doughinesses
downiness
downinesses
downmarket
downrigger
downriggers
downstair
downthrow
downthrows
doxological
doxologically
draconically
draftswoman
draftswomen
dragonroot
dragonroots
drainable
drainboard
drainboards
dramatizer
dramatizers
dramaturgist
dramaturgists
dreadnaught
dreadnaughts
dreamboat
dreamboats
dreamscape
dreamscapes
dregginess
dregginesses
drillstock
drillstocks
drinkableness
drinkablenesses
drippiness
drippinesses
drivingly
droopiness
droopinesses
dropcloth
dropcloths
dropforge
dropforged
dropforges
dropforging
dropsically
drosophilae
drossiness
drossinesses
drudgework
drudgeworks
drunkometer
drunkometers
dubiosities
dubiosity
dubitably
ductilely
ductileness
ductilenesses
dulcification
dulcifications
dumbstricken
dunderheadedness
dunderheadednesses
duodecillionth
duodecillionths
duodecimally
dupabilities
dupability
duplexities
duplexity
duplicabilities
duplicability
duplicable
duplicatable
duplicately
duplicitousness
duplicitousnesses
durational
dustproof
duteously
duteousness
duteousnesses
dutiabilities
dutiability
dynamoelectric
dynamoelectrical
dynastical
dysgenics
dysgraphia
dysgraphias
dyslectic
dyslectics
dysmenorrheal
dysmenorrhoea
dysmenorrhoeas
dyspareunia
dyspareunias
dysphagic
dysphonic
dysteleological
dysteleologies
dysteleologist
dysteleologists
dysteleology
dystrophia
dystrophias
dystrophication
dystrophications
earthshattering
easefulness
easefulnesses
easterner
easterners
easternization
easternizations
easternize
easternized
easternizes
easternizing
eastwardly
ebracteate
eburnation
eburnations
echinacea
echinaceas
echinated
echinodermal
echocardiograph
echocardiographs
echoencephalogram
echoencephalograms
echoencephalograph
echoencephalographic
echoencephalographies
echoencephalographs
echoencephalography
echographies
echography
echolocate
echolocated
echolocates
echolocating
econometrical
ecospecific
ecoterrorism
ecoterrorisms
ecoterrorist
ecoterrorists
ecotypically
ectocommensal
ectocommensals
ectodermic
ectogeneses
ectogenesis
ectogenetic
ectogenic
ectogenous
ectomeric
ectomorphies
ectomorphy
ectoparasitism
ectoparasitisms
ectoproct
ectoprocts
ectothermal
educatable
educatory
effectible
effeminately
effeminateness
effeminatenesses
effluvial
eighteenmo
eighteenmos
ekistical
ekistician
ekisticians
elaborator
elaborators
elasticize
elasticizes
elasticizing
eldercare
eldercares
electrifiable
electrifier
electrifiers
electrifyingly
electroacoustically
electroanalytic
electrocauteries
electrocautery
electrochemist
electrochemists
electrocoagulation
electrocoagulations
electrogasdynamics
electrograph
electrographs
electrohydraulically
electrometallurgical
electromotive
electrooptics
electroreceptor
electroreceptors
electroscopic
electroshocked
electroshocking
electrosurgically
electrothermic
electrotypic
electrovalence
electrovalences
electrovalencies
electrovalency
electrovalent
elfishness
elfishnesses
eliminatory
eloquentness
eloquentnesses
emanational
emancipative
emancipatory
emarginated
emasculative
emasculatory
embarcation
embarcations
emblemize
emblemized
emblemizes
emblemizing
embranchment
embranchments
embrasured
embrocate
embrocated
embrocates
embrocating
embryectomies
embryectomy
embryologic
embryotic
emendator
emendators
emendatory
emmetropia
emmetropias
emmetropic
emotiveness
emotivenesses
emphysemics
emptiable
emulsible
emunctories
emunctory
enactable
enamelwork
enamelworks
enarthroses
enarthrosis
encapsulator
encapsulators
encaustically
encephalic
encephalographic
encephalographically
encephalomyelitic
encephalous
enchiridions
enchorial
enclosable
encodement
encodements
enculturate
enculturated
enculturates
enculturating
enculturation
enculturations
encyclopaedism
encyclopaedisms
encyclopaedist
encyclopaedists
encystation
encystations
endeavorer
endeavorers
endemical
endermically
endoblast
endoblasts
endocarditic
endocarpal
endocentric
endocrania
endocranium
endocytic
endocytose
endocytosed
endocytosing
endodermic
endodontia
endodontias
endogamic
endosmosis
endosmotic
endosmotically
endospermic
endosporia
endosporium
endosporous
endothelioid
endothermal
endurabilities
endurability
enervative
enervator
enervators
enfacement
enfacements
enfeebler
enfeeblers
enfoldment
enfoldments
engenderer
engenderers
englacial
engrailment
engrailments
engrammic
enhancive
enjoinment
enjoinments
enkindler
enkindlers
enlightener
enlighteners
enlivener
enliveners
enlivenment
enlivenments
enouncement
enouncements
enphytotic
enragedly
enragement
enragements
enrapturement
enrapturements
enrolment
enrolments
ensignship
ensignships
ensnarement
ensnarements
enstatite
enstatites
entablement
entablements
enterotomies
enterotomy
enterprisingly
enthrallingly
enthymematic
entoblast
entoblasts
entomologic
entomostracan
entomostracans
entrancingly
entrepreneurism
entrepreneurisms
entwinement
entwinements
enumerably
enunciative
enunciatively
enveloper
envelopers
eosinophile
eosinophiles
eosinophilous
eparchial
epeirogenetic
ephemeralness
ephemeralnesses
epibenthos
epibenthoses
epicanthi
epicanthic
epicanthus
epicyclical
epigastria
epigastrium
epigenesist
epigenesists
epigenist
epigenists
epigenous
epigrammatical
epinastic
epineuria
epineurial
epiphenomenalist
epiphenomenalists
epiphytical
episcopalian
episcopalians
episcopalism
episcopalisms
episterna
episternum
epitheliums
epitomization
epitomizations
epitomizer
epitomizers
epizootically
equanimous
equatabilities
equatability
equatable
equatorially
equatorials
equestrianism
equestrianisms
equidistance
equidistances
equilaterally
equilaterals
equimolecular
equipollencies
equipollency
equiponderance
equiponderances
equiponderancies
equiponderancy
equiponderate
equiponderated
equiponderates
equiponderating
equipotentialities
equipotentiality
equivocatingly
eradiation
eradiations
eradicative
erethismic
erethistic
erethitic
ergativities
ergativity
ergocalciferol
ergocalciferols
ergographic
ergonometric
erotomania
erotomaniac
erotomaniacs
erotomanias
eruditeness
eruditenesses
erysipelatous
erysipeloid
erysipeloids
erythemic
escapable
eschatologist
eschatologists
escutcheoned
esotropia
esotropias
esthesiometer
esthesiometers
estheticize
estheticized
estheticizes
estheticizing
estoppage
estoppages
esuriencies
esuriency
eternalities
eternality
etherification
etherifications
ethnarchies
ethnarchy
ethnobotanically
ethnocentrically
ethnologically
ethylamine
ethylamines
ethylation
ethylations
etiologist
etiologists
eudemonism
eudemonisms
eudemonist
eudemonistic
eudemonists
eudiometrical
eudiometries
eudiometry
euhemeristically
euhemerize
euhemerized
euhemerizes
euhemerizing
eupeptically
euphemistical
euphonical
euphonize
euphonized
euphonizes
euphonizing
euphuistical
euplastic
eurhythmical
euryphagous
eurytherm
eurytherms
eurythmical
eurytopicities
eurytopicity
evacuator
evacuators
evaginate
evaginated
evaginates
evaginating
evanescently
evangelicalism
evangelicalisms
evangelicals
evangelizer
evangelizers
evaporabilities
evaporability
evaporable
evaporatively
evectional
everwhere
everwhich
eviscerator
eviscerators
evolutional
evolutionally
evolutionistic
exaggeratingly
exaltedness
exaltednesses
examinatorial
exasperater
exasperaters
exceedance
exceedances
excerptible
excitably
excitedness
excitednesses
exclamational
exclamatorily
exclosure
exclosures
exclusionism
exclusionisms
exclusionistic
exclusivistic
excogitable
excommunicable
excommunicatory
excoriator
excoriators
exculpable
execratory
executively
executorship
executorships
exegetically
exegetics
exemplifiable
exemplifier
exemplifiers
exemptible
exfoliator
exfoliators
exhaustedly
exhibiter
exhibiters
exhibitively
exhilarant
exhilarants
exhilarator
exhilarators
existentials
exocentric
exocytose
exocytosed
exocytosing
exodontics
exonerator
exonerators
exophthalmia
exophthalmias
exorbitancies
exorbitancy
exosmosis
exosmotic
exotropia
exotropias
expansile
expellant
expellants
expellent
expellents
experiencer
experiencers
exploitabilities
exploitability
exploitively
exposedness
exposednesses
expostulative
expostulator
expostulators
expropriatory
exsanguine
exsiccative
exsiccator
exsiccators
exstipulate
extemporariness
extemporarinesses
extendibilities
extendibility
extensimeter
extensimeters
extenuatingly
extenuative
exterminative
externalist
externalists
extirpative
extollment
extollments
extractible
extrasystolic
extraterritorially
extravagantness
extravagantnesses
extrorsely
extroversive
extroversively
exuberancies
exuberancy
facsimiled
facsimileing
factionalist
factionalists
factionalize
factionalized
factionalizes
factionalizing
factoidal
factorabilities
factorability
factorially
faddishly
fadedness
fadednesses
fadelessly
fallboard
fallboards
fallibleness
falliblenesses
familiarizer
familiarizers
faradization
faradizations
faradizer
faradizers
farcicalness
farcicalnesses
farmwoman
farmwomen
fasciately
fasciculately
fascinatedly
fashionista
fashionistas
fastigiated
fastigium
fastigiums
fatalness
fatalnesses
fatherlessness
fatherlessnesses
fatidically
fatigableness
fatigablenesses
fattenable
fatuitous
faveolate
favoredness
favorednesses
feasibleness
feasiblenesses
feathercut
feathercuts
featheriness
featherinesses
federalistic
feedthrough
feedthroughs
feldspathoid
feldspathoids
felineness
felinenesses
fellatrix
fellatrixes
fermentabilities
fermentability
ferroalloy
ferroalloys
ferroelectrically
ferrotyped
ferrotyping
fertilizational
ferventness
ferventnesses
festination
festinations
festschrift
festschriften
festschrifts
feticidal
fetiparous
fetishize
fetishized
fetishizes
fetishizing
fetoscopic
fetterbush
fetterbushes
feuilletonistic
feverweed
feverweeds
fianchetti
fibriform
fibrillary
fibrillative
fibrillose
fibrinogenic
fibrinogenically
fibrinogenous
fibrinous
fibrocartilage
fibrocartilages
fibroplasia
fibroplasias
fibroplastic
fibrously
fibrousness
fibrousnesses
fiddleneck
fiddlenecks
fiddlewood
fiddlewoods
fidgetingly
fiduciarily
fieldsman
fieldsmen
fieldworker
fieldworkers
fightabilities
fightability
fightable
fightingly
figurally
figurante
figurantes
filialness
filialnesses
filicidal
fillister
fillisters
filterless
finalizer
finalizers
financeable
financiered
financiering
fingerbreadth
fingerbreadths
fingerspelling
fingerspellings
fingerstall
fingerstalls
finocchio
finocchios
fireboard
fireboards
firebomber
firebombers
firefighting
firefightings
firetruck
firetrucks
fishiness
fishinesses
fissiparously
fissipedal
fissirostral
fisticuffer
fisticuffers
fistulate
fivepenny
flaccidness
flaccidnesses
flagellator
flagellators
flagellatory
flagelliform
flankerback
flankerbacks
flannelet
flannelets
flareback
flarebacks
flashcard
flashcards
flashpoint
flashpoints
flatbread
flatbreads
flatfootedly
flatfootedness
flatfootednesses
flauntily
flauntiness
flauntinesses
flavescent
flavorous
flectional
fledgeling
fledgelings
fleeciness
fleecinesses
fleshless
fleshliness
fleshlinesses
flexdollars
flexibleness
flexiblenesses
flexional
flexographer
flexographers
flexuosities
flexuosity
flexuously
flightworthiness
flightworthinesses
flightworthy
flinchingly
flinthead
flintheads
flirtingly
floatabilities
floatability
floatable
floccillation
floccillations
flocculence
flocculences
flocculencies
flocculency
flocculently
floodable
floodwall
floodwalls
floorshow
floorshows
florentine
floricane
floricanes
floriculturally
floriferously
floristics
flossiness
flossinesses
floutingly
fluconazole
fluconazoles
flukiness
flukinesses
flunkyism
flunkyisms
fluorochemical
fluorochemicals
flutteringly
fluviomarine
fluxionally
fluxionary
foliicolous
foliolate
folliculate
folliculated
foolhardier
foolhardiest
footracing
footracings
footstalk
footstalks
footstall
footstalls
foraminate
foraminiferous
forbearingly
forceable
forcibilities
forcibility
foreclosable
forecourse
forecourses
foreignly
forejudgment
forejudgments
foreknowable
foreknowingly
forensicalities
forensicality
foreordainment
foreordainments
foreperson
forepersons
foretopgallant
foretopmast
foretopmasts
foretopsail
foretopsails
forewarner
forewarners
forewarningly
forficate
forkballer
forkballers
forkedness
forkednesses
formalistically
formalwear
formational
formicaria
formicarium
formulism
formulisms
formulist
formulistic
formulists
formulization
formulizations
formulizer
formulizers
forsakenly
forsakenness
forsakennesses
forthcomings
fortifiable
fortifyingly
fortitudinous
fortuneless
fortuneteller
fortunetellers
fortunetelling
fortunetellings
forwardable
foscarnet
foscarnets
fossilizable
foudroyant
founderous
foundrous
fourchette
fourchettes
fourpence
fourpences
fourpenny
fourposter
fourposters
foursquarely
foursquares
foveiform
foveolate
foveolated
fractionary
fractionization
fractionizations
fracturable
fractural
fragilely
fragileness
fragilenesses
fragmentization
fragmentizations
fragmentizer
fragmentizers
franchisement
franchisements
francophones
frangibleness
frangiblenesses
frangipanis
frankforter
frankforters
franseria
franserias
franticly
fraudulencies
fraudulency
freemason
freemasons
freezable
frenetical
frescoist
frescoists
friableness
friablenesses
friarbird
friarbirds
frightener
frighteners
frilliness
frillinesses
frogmarch
frogmarched
frogmarches
frogmarching
frogmouth
frogmouths
frolicker
frolickers
frondescence
frondescences
frondescent
frontbencher
frontbenchers
frontenis
frontenises
frontierswoman
frontierswomen
frontlines
frontlist
frontlists
frontrunner
frontrunners
frostfish
frostfishes
frowstiness
frowstinesses
frowziness
frowzinesses
fructiferous
frugalness
frugalnesses
frumentaceous
frumpiness
frumpinesses
frustrater
frustraters
frutescence
frutescences
fugaciously
fugaciousness
fugaciousnesses
fulfilment
fulfilments
fulminator
fulminators
fulminatory
fundraise
fundraised
fundraiser
fundraisers
fundraises
fundraising
fundraisings
fungistat
fungistats
furbearing
furcately
furfuraceous
furiousness
furiousnesses
furriness
furrinesses
furuncular
furunculous
fusibleness
fusiblenesses
fusilladed
fusillading
fusionism
fusionisms
fuzzyheaded
fuzzyheadedness
fuzzyheadednesses
gabbiness
gabbinesses
gainliness
gainlinesses
galactagogue
galactagogues
galactometer
galactometers
galactopoieses
galactopoiesis
galactopoietic
galimatias
galimatiases
gallinacean
gallinaceans
gallivanter
gallivanters
galliwasp
galliwasps
galloglass
galloglasses
gallooned
galvanomagnetic
galvanometrical
galvanometries
galvanometry
gamekeeping
gamekeepings
gametangial
gametophoric
gamogeneses
gamogenesis
gamogenetic
gamogenetically
gamophyllous
gamosepalous
gangliate
gangliated
garageable
garbologies
garbologist
garbologists
garbology
garnisher
garnishers
gasifiable
gastroenterologic
gastronomer
gastronomers
gastropodan
gastropodous
gastrostomies
gastrostomy
gastrotomies
gastrotomy
gatecrash
gatecrashed
gatecrasher
gatecrashers
gatecrashes
gatecrashing
gaugeable
gauziness
gauzinesses
gawkiness
gawkinesses
gazillion
gazillions
geanticlinal
gelatinizer
gelatinizers
gelatinoid
gelatinoids
gelidness
gelidnesses
gemeinschaften
gemmaceous
gemmiferous
gemmiparous
gemmiparously
gemmulation
gemmulations
genderless
generalcies
generalcy
generalness
generalnesses
generatively
generativeness
generativenesses
genialness
genialnesses
geniculately
geniculation
geniculations
genocidally
gentlewomanly
geochronometric
geochronometries
geochronometry
geocorona
geocoronas
geodetically
geoeconomic
geoeconomically
geoeconomics
geoeconomist
geoeconomists
geomorphologic
geomorphologically
geoponics
geopressurized
geotactically
geothermic
geriatrist
geriatrists
germaneness
germanenesses
germinator
germinators
germiness
germinesses
gerodontic
gerodontics
gerontomorphoses
gerontomorphosis
gerundial
gerundival
gestatory
gethsemane
gethsemanes
gibbously
gibbousness
gibbousnesses
gigacycle
gigacycles
gigaflops
gigantean
gilliflower
gilliflowers
gimmickeries
gimmickery
girandola
girandolas
glabrousness
glabrousnesses
glaciered
glaciologic
glanderous
glariness
glarinesses
glassfish
glassfishes
glaucomatous
gleamingly
gliomatous
glitziness
glitzinesses
globalizer
globalizers
globetrot
globetrots
globetrotted
globetrotter
globetrotters
globetrotting
globosely
globoseness
globosenesses
globosities
globosity
globularities
globularity
globularly
globularness
globularnesses
globuliferous
glochidial
glochidiate
glomerate
glomeration
glomerations
glomerulate
glossarially
glossitic
glossographies
glossography
gloweringly
gluconeogenetic
glucosidically
glueyness
glueynesses
glumaceous
glutinosities
glutinosity
glutinousness
glutinousnesses
glycogenetic
glycogenic
glycosuric
glyptodont
glyptodonts
glyptograph
glyptographer
glyptographers
glyptographic
glyptographical
glyptographies
glyptographs
glyptography
gnathonic
gnawingly
gnomically
gnomonical
gnotobiotics
goatishly
goatishness
goatishnesses
goatsbeard
goatsbeards
godlessly
goldbeater
goldbeaters
goldbeating
goldbeatings
goldbricker
goldbrickers
goldilocks
goldthread
goldthreads
gomphoses
gomphosis
gonfalonier
gonfaloniers
goniometrical
gonococcic
gonophoric
gonophorous
gonorrheic
gonorrhoea
gonorrhoeas
goodhearted
goodheartedly
goodheartedness
goodheartednesses
goodliness
goodlinesses
goofproof
gooseherd
gooseherds
gopherwood
gopherwoods
gothicism
gothicisms
gothicness
gothicnesses
gotterdammerung
gotterdammerungs
goutiness
goutinesses
grabbable
grabbiness
grabbinesses
gradabilities
gradability
gradualistic
gramineousness
gramineousnesses
grammaticalization
grammaticalizations
grammaticalize
grammaticalized
grammaticalizes
grammaticalizing
grammatologic
grammatological
grammatologies
grammatologist
grammatology
grandmaster
grandmasters
granolith
granoliths
granularly
granulater
granulaters
granulative
grassiness
grassinesses
gratifier
gratifiers
gravedigger
gravediggers
gravesite
gravesites
gravidness
gravidnesses
gravimetrical
gravitater
gravitaters
graybearded
greenmarket
greenmarkets
gregarinian
gressorial
griddlecake
griddlecakes
grievingly
grimacingly
gripingly
groaningly
grooviness
groovinesses
gropingly
grottiness
grottinesses
groundbreakings
groundkeeper
groundkeepers
groundsill
groundsills
groundskeeping
groundskeepings
groundspeed
groundspeeds
groundstroke
groundstrokes
groupware
groupwares
groveller
grovellers
gruntingly
guelderrose
guelderroses
guesthouse
guesthouses
guestimate
guestimated
guestimates
guestimating
guestroom
guestrooms
gullywasher
gullywashers
gulpingly
gurgitation
gurgitations
gurglingly
gustative
gustatorial
gutturalities
gutturality
gutturalization
gutturalizations
gutturalize
gutturalized
gutturalizes
gutturalizing
gutturally
gutturalness
gutturalnesses
gymnasiast
gymnasiasts
gynandromorphous
gynarchic
gynecopathies
gynecopathy
gynephobia
gynephobias
gynocracies
gynocracy
gynodioecious
gynodioecism
gynodioecisms
gynophoric
gyropilot
gyropilots
gyrostatic
gyrostatically
gyrostatics
habilitative
habilitator
habilitators
habitational
habitudinal
hackbuteer
hackbuteers
hackbutter
hackbutters
hackneyism
hackneyisms
haecceities
haecceity
haggishly
haggishness
haggishnesses
hagiarchies
hagiarchy
hagiocracies
hagiocracy
hagiographist
hagiographists
hagiolatries
hagiolatry
hagiologist
hagiologists
hairbrained
hairspray
hairsprays
hairweaver
hairweavers
hairweavings
halachist
halachists
halakhist
halakhists
halberdier
halberdiers
halftrack
halftracks
halleluiah
halleluiahs
hallucinational
hallucinative
halobiont
halobiontic
halobionts
halophilous
haltingness
haltingnesses
hamadryades
hamadryas
hamadryases
hammerheaded
hammerkop
hammerkops
handballer
handballers
handholding
handholdings
handleabilities
handleability
handwringing
handwringings
hankerings
hantavirus
hantaviruses
haphtarah
haphtarahs
haplographies
haplography
haploidic
haplologic
hardgoods
hardhearted
hardheartedly
hardheartedness
hardheartednesses
hardliner
hardliners
harelipped
harmonist
harmonistic
harmonistically
harmonists
harnesser
harnessers
harvestabilities
harvestability
hastately
hatemonger
hatemongers
haubergeon
haubergeons
haustellate
haversine
haversines
haworthia
haworthias
hawsepipe
hawsepipes
headbanger
headbangers
headcount
headcounts
headhuntings
headscarf
headscarves
headshaking
headshakings
headstrongly
headstrongness
headstrongnesses
healthcare
healthcares
healthfully
heartbrokenly
heartbrokenness
heartbrokennesses
hearthrug
hearthrugs
hearthside
hearthsides
heartleaf
heartleafs
heatedness
heatednesses
heathenishness
heathenishnesses
heathered
hebetative
heckelphone
heckelphones
hectocotyli
hectocotylus
hectographic
hegemonism
hegemonisms
hegemonist
hegemonistic
hegemonists
heightener
heighteners
helianthus
helianthuses
heliborne
helicline
heliclines
helicoidally
helicultural
heliculturalist
heliculturalists
heliculturally
heliocentrical
heliocentrically
heliocentricities
heliocentricity
heliogram
heliograms
heliographer
heliographers
heliographies
heliography
heliolater
heliolaters
heliometrical
heliometries
heliometry
heliopause
heliopauses
heliosphere
heliospheres
heliostatic
heliotactic
heliotaxes
heliotaxis
heliotherapies
heliotherapy
heliotropically
heliotype
heliotypes
heliotypies
heliotypy
heliozoic
heliskiing
heliskiings
helldiver
helldivers
helminthics
helminthologist
helminthologists
hemaphereses
hemapheresis
hematoblast
hematoblastic
hematoblasts
hematogeneses
hematogenesis
hematogenetic
hematogenic
hematologically
hematozoa
hematozoal
hematozoic
hematozoon
hematuric
hemeralopia
hemeralopias
hemeralopic
hemicrania
hemicranias
hemicyclic
hemimetabolic
hemimetabolism
hemimetabolisms
hemimorphite
hemimorphites
hemiparasite
hemiparasites
hemiparasitic
hemipteron
hemipterons
hemispherically
hemoglobinous
hemolymphatic
hemorrhoidectomies
hemorrhoidectomy
hemostasia
hemostasias
hennishly
hennishness
hennishnesses
hepatotoxin
hepatotoxins
heptahedra
heptahedral
heptahedron
heptahedrons
heptamerous
heptametrical
heptastich
heptastichs
heptathlete
heptathletes
heptathlon
heptathlons
heraldist
heraldists
herbaceously
herbarial
herbariums
herbivorously
hereditable
hereditarianism
hereditarianisms
hereditariness
hereditarinesses
hereticalness
hereticalnesses
heritably
hermaphrodism
hermaphrodisms
hermaphroditical
hermaphroditically
hermeneutist
hermeneutists
hermitical
hermitically
heroicalness
heroicalnesses
heroicness
heroicnesses
herpetologic
herpetologically
hesitative
hesitatively
hetaerism
hetaerisms
hetairism
hetairisms
heterochromatism
heterochromatisms
heterochromosome
heterochromosomes
heterochromous
heteroclitic
heteroclitics
heterogamic
heterogeneses
heterogenesis
heterogenetic
heterogenetically
heterogenic
heterogonous
heterogonously
heterographic
heterographies
heterography
heterogynous
heterokarya
heterolecithal
heterologies
heterology
heteromerous
heteromorphies
heteromorphy
heteronomously
heteronymies
heteronymous
heteronymously
heteronymy
heterophonic
heterophyte
heterophytes
heterophytic
heteroplastic
heteroplasties
heteroplasty
heterosexism
heterosexisms
heterosexist
heterosexists
heterostyled
heterostylies
heterostylous
heterostyly
heterotactic
heterotactous
heterotaxes
heterotaxia
heterotaxias
heterotaxic
heterotaxies
heterotaxis
heterotaxy
heterotopia
heterotopias
heterotopies
heterotopy
heterotypical
hexaemeron
hexaemerons
hexahedral
hexamerism
hexamerisms
hexamerous
hexametric
hexametrical
hexangular
hexapodic
hexapodous
hexastich
hexastichs
hexastyle
hexavalent
hibakusha
hierarchism
hierarchisms
hierarchist
hierarchists
hieratical
hierocracies
hierocracy
hierocratic
hierocratical
hierodulic
hierologies
hierology
hierophantically
highchair
highchairs
highfaluting
highflying
highhanded
highhandedly
highhandedness
highhandednesses
highlighter
highlighters
hilliness
hillinesses
hillocked
hindermost
hippiehood
hippiehoods
hippogryph
hippogryphs
hispidities
hispidity
hissingly
histaminic
histocompatible
histodialyses
histodialysis
histogenetically
histogenic
histogenically
histolytic
histolytically
historiated
historicization
historicizations
historied
histrionical
hitherwards
holoblastically
holocaustal
holocaustic
hologamous
holographical
hologynic
holomorphic
holophyte
holophytes
holoplankton
holoplanktons
homebrewed
homebuilder
homebuilders
homebuilding
homebuildings
homebuyer
homebuyers
homeomorphous
homeopathist
homeopathists
homeothermal
homeowner
homeowners
homeownership
homeownerships
homeschoolings
homiletically
homocentric
homochromatic
homochromatism
homochromatisms
homochromous
homoecious
homoerotism
homoerotisms
homoiothermal
homolecithal
homologic
homolographic
homomorphies
homomorphous
homomorphy
homophiles
homophonically
homoplastically
homorganic
homostylies
homostylous
homostyly
homotaxes
homotaxial
homotaxic
homotaxis
homozygotic
homuncular
honestness
honestnesses
honeybunch
honeybunches
honeydewed
honeysucker
honeysuckers
honorless
hoofbound
hookedness
hookednesses
hooknosed
horizontalness
horizontalnesses
horologer
horologers
horologic
horologically
horoscopic
horoscopies
horoscopy
horrification
horrifications
horripilate
horripilated
horripilates
horripilating
horripilation
horripilations
horseleech
horseleeches
horserace
horseraces
horseracing
horseracings
hortatorily
hospitableness
hospitablenesses
hospitalist
hospitalists
hotelkeeper
hotelkeepers
housetrain
housetrained
housetraining
housetrains
houseworker
houseworkers
houstonia
houstonias
hoveringly
hubristically
huffishly
huffishness
huffishnesses
huggermugger
huggermuggered
huggermuggering
huggermuggers
hullaballoo
hullaballoos
humanitarianist
humanitarianists
humblebee
humblebees
humbugger
humbuggers
humidness
humidnesses
humiliator
humiliators
humpiness
humpinesses
hybridist
hybridists
hybridizable
hydrargyrum
hydrargyrums
hydrastine
hydrastines
hydrocarbonaceous
hydrocarbonic
hydrocarbonous
hydrocephaloid
hydrocephalous
hydrocoral
hydrocorals
hydroforming
hydroformings
hydrogenization
hydrogenizations
hydrogenize
hydrogenized
hydrogenizes
hydrogenizing
hydrogenolyses
hydrogenolysis
hydrogeologic
hydrogeological
hydrogeologies
hydrogeologist
hydrogeologists
hydrogeology
hydrograph
hydrographical
hydrographically
hydrographs
hydrokinetical
hydrokinetics
hydrolyte
hydrolytes
hydrolyzation
hydrolyzations
hydromagnetics
hydromancer
hydromancers
hydromantic
hydrometrical
hydrometrically
hydrometries
hydrometry
hydropath
hydropathical
hydropathist
hydropathists
hydropaths
hydrophanous
hydrophile
hydrophiles
hydrophilies
hydrophilous
hydrophily
hydrophobe
hydroponicist
hydroponicists
hydroponist
hydroponists
hydroquinol
hydroquinols
hydroscope
hydroscopes
hydroscopic
hydroscopical
hydrostat
hydrostatical
hydrostats
hydrosulfide
hydrosulfides
hydrosulfite
hydrosulfites
hydrotactic
hydrotaxes
hydrotaxis
hydrotherapeutic
hydrotherapeutics
hydrotherapist
hydrotherapists
hydrothoracic
hydrotropically
hyetograph
hyetographic
hyetographical
hyetographically
hyetographies
hyetographs
hyetography
hygrometries
hygrometry
hygroscope
hygroscopes
hygroscopically
hygrostat
hygrostats
hymnodist
hymnodists
hymnologic
hymnological
hymnologist
hymnologists
hypanthial
hyperaction
hyperactions
hyperactively
hyperaemia
hyperaemias
hyperbaton
hyperbatons
hyperbolism
hyperbolisms
hypergamous
hyperlink
hyperlinks
hyperlipidemic
hypermedia
hypermedias
hypermetropical
hypermetropies
hypermetropy
hyperphysically
hyperpyretic
hyperpyrexial
hyperrealists
hyperspatial
hyperthermal
hyperthermies
hyperthermy
hypesthesia
hypesthesias
hypesthesic
hypethral
hypnoanalyses
hypnoanalysis
hypnoanalytic
hypnogeneses
hypnogenesis
hypnogenetic
hypnogenetically
hypnologic
hypnologies
hypnologist
hypnologists
hypnology
hypnopedia
hypnopedias
hypnotizer
hypnotizers
hypoacidities
hypoacidity
hypobaric
hypoblastic
hypochondrium
hypocoristics
hypocotylous
hypocycloidal
hypoesthesia
hypoesthesias
hypoeutectic
hypogastria
hypogastrium
hypogeally
hypogenic
hypogenous
hypogonadism
hypogonadisms
hypolimnetic
hypolimnial
hypolimnions
hyponastic
hyponastically
hyponasties
hyponasty
hypophosphite
hypophosphites
hypoplasties
hypoplasty
hypoploidies
hypoploidy
hyposensitive
hyposensitivities
hyposensitivity
hypostatical
hyposulfite
hyposulfites
hypothesist
hypothesists
hypothesizer
hypothesizers
hypothetic
hypotheticals
hypoventilation
hypoventilations
hypsographic
hypsographical
hypsographies
hypsography
hypsometrical
hypsometrically
hypsometries
hypsometrist
hypsometrists
hypsometry
hysterectomize
hysterectomizes
hysterectomizing
hysterogenic
ichnographies
ichnography
ichnolite
ichnolites
ichnological
ichnologies
ichnology
ichthyoid
ichthyoidal
ichthyoids
ichthyologic
ichthyophagies
ichthyophagy
ichthyornis
ichthyornises
ichthyosauri
ichthyosaurus
ichthyosauruses
ichthyoses
ichthyosis
ichthyotic
iconolater
iconolaters
iconologist
iconologists
iconostas
ideogrammatically
idiomorphism
idiomorphisms
idiopathies
idiopathy
idolatress
idolatresses
ileostomies
ileostomy
illegibleness
illegiblenesses
illicitness
illicitnesses
illocution
illocutions
illuminato
illustratable
illuviate
illuviates
illuviating
imageable
imagesetter
imagesetters
imaginabilities
imaginability
imaginational
imbecilely
imbricately
imitabilities
imitability
imitational
immaculateness
immaculatenesses
immaterially
immaterialness
immaterialnesses
immatureness
immaturenesses
immeasurabilities
immeasurability
immergence
immergences
immigrator
immigrators
immigratory
imminentness
imminentnesses
immiscibly
immiserate
immiserated
immiserates
immiserating
immiseration
immiserations
immitigabilities
immitigability
immitigableness
immitigablenesses
immotilities
immotility
immunizer
immunizers
immunodepression
immunodepressions
immunogenically
immunoreaction
immunoreactions
impairable
impanation
impanations
impanelment
impanelments
impartable
impartialness
impartialnesses
impartibilities
impartibility
impassibleness
impassiblenesses
impassionedly
impassionedness
impassionednesses
impastation
impastations
impatienses
impeachabilities
impeachability
impeacher
impeachers
impedimental
impedimentary
impendence
impendences
impendencies
impendency
impenetrableness
impenetrablenesses
impenitencies
impenitency
impenitents
imperceptibilities
imperceptibility
imperceptibleness
imperceptiblenesses
imperceptively
imperceptivities
imperceptivity
imperforates
imperforation
imperforations
impermeableness
impermeablenesses
impermeably
imperturbableness
imperturbablenesses
impetrative
impetrator
impetrators
impiousness
impiousnesses
implacableness
implacablenesses
implausibleness
implausiblenesses
impleadable
impleader
impleaders
implemental
implicational
imploration
implorations
imploratory
implosively
impoliticness
impoliticnesses
imponderableness
imponderablenesses
importabilities
importability
imposable
impoundable
impoundage
impoundages
impounder
impounders
impracticableness
impracticablenesses
impracticalness
impracticalnesses
imprecator
imprecators
imprescriptible
imprescriptibly
impressibly
impressionableness
impressionablenesses
impressionably
impressional
imprisonable
imprisoner
imprisoners
improbableness
improbablenesses
improbities
improbity
impropriate
impropriated
impropriates
impropriating
impropriation
impropriations
impropriator
impropriators
improvableness
improvablenesses
improvably
impudencies
impudency
imputably
inaccurateness
inaccuratenesses
inactiveness
inactivenesses
inamorato
inamoratos
inanimation
inanimations
inappetencies
inappetency
inappetent
inapprehension
inapprehensions
inapprehensive
inapprehensively
inapproachabilities
inapproachability
inapproachably
inbreeder
inbreeders
incalculableness
incalculablenesses
incapacitant
incapacitants
incapsulate
incapsulated
incapsulates
incapsulating
incarcerator
incarcerators
incardinate
incardinated
incardinates
incardinating
incasement
incasements
incensement
incensements
incentively
incentivize
incentivized
incentivizes
incentivizing
incessantness
incessantnesses
inchoation
inchoations
inclusionary
incoherencies
incoherency
incombustibly
incommensurately
incommensurateness
incommensuratenesses
incommunicatively
incommunicativeness
incommunicativenesses
incommutabilities
incommutability
incommutableness
incommutablenesses
incomparableness
incomparablenesses
incompatibleness
incompatiblenesses
incompletion
incompletions
incompliance
incompliances
incompliancies
incompliancy
incompliantly
incomprehensive
incomprehensively
incomprehensiveness
incomprehensivenesses
incompressibilities
incompressibility
incondensabilities
incondensability
incondensable
incondensible
inconditely
inconsecutively
inconsecutiveness
inconsecutivenesses
inconsequentialness
inconsequentialnesses
inconsolabilities
inconsolability
inconsonantly
incontestableness
incontestablenesses
incontrollably
incontrovertibilities
incontrovertibility
incontrovertibleness
incontrovertiblenesses
inconvincibilities
inconvincibility
inconvincibly
incoordinate
incoordinately
incorporealities
incorporeality
increately
incredulousness
incredulousnesses
incretion
incretions
incriminator
incriminators
incubational
inculpabilities
inculpability
inculpableness
inculpablenesses
inculpably
incumbently
incunabular
incurabilities
incurability
incurableness
incurablenesses
incurrable
incursive
indeciduous
indecipherabilities
indecipherability
indecipherableness
indecipherablenesses
indecipherably
indefensibleness
indefensiblenesses
indelibleness
indeliblenesses
indemonstrabilities
indemonstrability
indemonstrableness
indemonstrablenesses
indentureship
indentureships
indescribabilities
indescribability
indeterminableness
indeterminablenesses
indicatable
indigenities
indigenity
indigently
indigestibleness
indigestiblenesses
indigestibly
indigestive
indiscernibilities
indiscernibility
indiscernibleness
indiscerniblenesses
indiscernibly
indiscrete
indiscretely
indiscreteness
indiscretenesses
indiscretionary
indiscriminative
indisputabilities
indisputability
indistinctively
indistinctiveness
indistinctivenesses
inditement
inditements
individualizer
individualizers
individuator
individuators
indivisibleness
indivisiblenesses
indraught
indraughts
inductile
inductilities
inductility
inductiveness
inductivenesses
indulgenced
indulgencing
indumenta
indumentum
indumentums
induplicate
induplication
induplications
inedibilities
inedibility
inefficacities
inefficacity
inelegancies
inelegancy
ineligibly
ineloquence
ineloquences
inequitableness
inequitablenesses
ineradicableness
ineradicablenesses
inerasable
inessentialities
inessentiality
inestimabilities
inestimability
inestimableness
inestimablenesses
inexcusabilities
inexcusability
inexertion
inexertions
inexpiableness
inexpiablenesses
inexplicitly
inexplicitness
inexplicitnesses
inexpugnabilities
inexpugnability
inextensibilities
inextensibility
inextensible
inextirpable
inextricableness
inextricablenesses
infallibleness
infalliblenesses
infamousness
infamousnesses
infanthood
infanthoods
infatuatedly
infeasibleness
infeasiblenesses
infectiveness
infectivenesses
inferably
inferoanterior
infertilely
infibulate
infibulated
infibulates
infibulating
infibulation
infibulations
infinitivally
infirmness
infirmnesses
inflatedly
inflatedness
inflatednesses
inflector
inflectors
inflictable
inflorescent
influencer
influencers
infraclass
infraclasses
infractor
infractors
infralapsarian
infralapsarianism
infralapsarianisms
infralapsarians
infrangibleness
infrangiblenesses
infrasound
infrasounds
infrastructural
infundibulate
infusionism
infusionisms
infusionist
infusionists
infusorial
ingatherer
ingatherers
ingrainedness
ingrainednesses
inhabitabilities
inhabitability
inhabitance
inhabitances
inherencies
inherency
inhibitable
inhibitedly
inhibitedness
inhibitednesses
inhibiter
inhibiters
inimicalities
inimicality
inimicalness
inimicalnesses
inimitabilities
inimitability
initialer
initialers
initializer
initializers
initiatively
injurable
innerness
innernesses
innervational
innerwear
innumerabilities
innumerability
innumerableness
innumerablenesses
innutrition
innutritions
inobservantly
inobtrusive
inoculabilities
inoculability
inoculable
inodorous
inofficious
inoperabilities
inoperability
inoperably
inopportunities
inopportunity
inordinacies
inordinacy
inquilinism
inquilinisms
inquilinities
inquilinity
inquilinous
inquisitionist
inquisitionists
inrushing
inrushings
insalivate
insalivated
insalivates
insalivating
insalivation
insalivations
insalubriously
insanitariness
insanitarinesses
inscribable
insectaria
insectarium
insectariums
insectival
insensateness
insensatenesses
insertable
insessorial
insightfulness
insightfulnesses
insinuatory
insipidness
insipidnesses
insipience
insipiences
insipient
insistingly
insolvabilities
insolvability
inspectable
inspectional
inspectoral
inspectorial
inspirable
inspirative
inspiredly
inspiringly
inspiriter
inspiriters
instantiative
instatement
instatements
institutionary
institutive
institutively
instructible
insubstantially
insufficience
insufficiences
insulative
insuperabilities
insuperability
insuperableness
insuperablenesses
insupportableness
insupportablenesses
insuppressibly
insurmountabilities
insurmountability
insurmountableness
insurmountablenesses
insurrectionism
insurrectionisms
integrant
integrants
intellectualistically
intendancies
intendancy
intendencies
intendency
intentioned
interbrain
interbrains
intercalative
interceptive
interclavicle
interclavicles
interclavicular
intercommunicative
intercommunicator
intercommunicators
interconnectible
intercostally
intercurrence
intercurrences
intercurrently
interdentals
interestedness
interestednesses
interferingly
interflowed
interflowing
interflows
interfolded
interfolding
interfolds
intergalactically
intergovernmentally
interkineses
interkinesis
interknit
interknits
interknitted
interknitting
interlaminate
interlaminated
interlaminates
interlaminating
interlamination
interlaminations
interlanguage
interlanguages
interleaf
interlineal
interlineate
interlineated
interlineates
interlineating
interlingual
interlocution
interlocutions
intermediator
intermediators
interminabilities
interminability
intermissive
intermittingly
intermixable
internalness
internalnesses
internuncially
interpellant
interpellants
interpenetrative
interphone
interphones
interpolater
interpolaters
interposable
interposal
interposals
interpretableness
interpretablenesses
interrace
interradial
interradially
interregnal
interrogatorily
interscholastically
intersessional
intersexualism
intersexualisms
interspatial
interspatially
interspersedly
interstitials
intertextual
intertextualities
intertextuality
intertexture
intertextures
intervalic
intervenient
intervenients
interventional
intervertebrally
interviewable
intervolve
intervolved
intervolves
intervolving
interweavement
interweavements
interweaver
interweavers
intonement
intonements
intoxicatingly
intoxicative
intoxicator
intoxicators
intractableness
intractablenesses
intradermic
intralingual
intransigencies
intransigency
intransitives
intranuclear
intrapersonally
intrapreneurialism
intrapreneurialisms
intrapreneurially
intrapreneurship
intrapreneurships
intravasation
intravasations
intravenouses
introducible
introductoriness
introductorinesses
intromissive
introrsely
intrusional
intuitionally
intumesce
intumesced
intumesces
intumescing
inurbanely
inurbanities
inurbanity
inurnment
inurnments
inutilely
invadable
invariableness
invariablenesses
invasively
inventible
inventional
inventoriable
inveracities
inveracity
invertibilities
invertibility
investigable
investitive
inveterateness
inveteratenesses
invigorative
invigoratively
invitingness
invitingnesses
involucel
involucels
involutely
inwreathe
inwreathed
inwreathes
inwreathing
inwrought
iodization
iodizations
irefulness
irefulnesses
iridaceous
iridectomies
iridectomy
iridosmium
iridosmiums
ironhandedness
ironhandednesses
ironsmith
ironsmiths
irradiancies
irradiancy
irradiant
irrationalness
irrationalnesses
irreclaimabilities
irreclaimability
irreclaimableness
irreclaimablenesses
irredeemableness
irredeemablenesses
irreducibleness
irreduciblenesses
irrefragableness
irrefragablenesses
irrefrangibilities
irrefrangibility
irrefrangible
irrefrangibleness
irrefrangiblenesses
irrefrangibly
irrefutableness
irrefutablenesses
irrelievable
irreligiousness
irreligiousnesses
irremeably
irremissibilities
irremissibility
irremissible
irremissibleness
irremissiblenesses
irremissibly
irreparabilities
irreparability
irrepealableness
irrepealablenesses
irrepealably
irrepressibleness
irrepressiblenesses
irresolubilities
irresolubility
irresolvabilities
irresolvability
irresolvableness
irresolvablenesses
irrespective
irrespectively
irrespirable
irresponsively
irretentive
irretrievableness
irretrievablenesses
irreversibleness
irreversiblenesses
irrigable
irrigational
irrigative
irriguous
irritancies
irritancy
irritator
irritators
ischiadic
ischiatic
isoagglutination
isoagglutinations
isoagglutinative
isobarism
isobarisms
isobathic
isocheimal
isochromatic
isochronize
isochronized
isochronizes
isochronizing
isochroous
isoclinal
isoclinally
isoclinals
isoclinic
isoclinics
isodimorphism
isodimorphisms
isodynamic
isogenous
isolecithal
isologous
isomagnetic
isomerically
isomerous
isometrical
isometricals
isometropia
isometropias
isopiestics
isopodous
isopropanol
isopropanols
isoseismal
isoseismals
isoseismic
isoseismics
isothermals
isotropism
isotropisms
isotropous
itacolumite
itacolumites
itineracies
itineracy
jackrabbited
jackrabbiting
jackshaft
jackshafts
jacksnipe
jacksnipes
jackstone
jackstones
jactation
jactations
jargoneer
jargoneers
jargonist
jargonists
jargonization
jargonizations
jaywalkings
jejunostomies
jejunostomy
jellification
jellifications
jellybean
jellybeans
jellyroll
jellyrolls
jequirities
jequirity
jerkingly
jerrybuild
jerrybuilder
jerrybuilders
jerrybuilding
jerrybuilds
jerrybuilt
jestingly
jettiness
jettinesses
jewelfish
jewelfishes
jiggermast
jiggermasts
jinriksha
jinrikshas
jolliness
jollinesses
jollyboat
jollyboats
joltingly
joshingly
journalization
journalizations
jowliness
jowlinesses
judicable
judicator
judicators
jumpmaster
jumpmasters
juniorities
juniority
junketeered
junketeering
jurisdictive
juristical
jurywoman
jurywomen
justiceship
justiceships
justiciaries
justiciary
justifiableness
justifiablenesses
juvenilely
juvenileness
juvenilenesses
kabalistic
kabbalistic
kakistocracies
kakistocracy
kalsomine
kalsomined
kalsomines
kalsomining
karyoplasm
karyoplasmic
karyoplasms
karyotypical
karyotypings
katabases
katabasis
keratectomies
keratectomy
keratoplastic
keratotomies
keratotomy
ketonuria
ketonurias
kettledrummer
kettledrummers
khalifate
khalifates
kilocurie
kilocuries
kilolitre
kilolitres
kilometre
kilometres
kilometric
kindredness
kindrednesses
kinesiologist
kinesiologists
kingsnake
kingsnakes
kinnikinnic
kinnikinnics
kirschwasser
kirschwassers
kitchenet
kitchenets
kleptocracies
kleptocracy
kleptocrat
kleptocratic
kleptocrats
kleptomaniacal
klipspringer
klipspringers
knavishness
knavishnesses
knighthead
knightheads
knittable
knobbiness
knobbinesses
knowledgable
kriegspiel
kriegspiels
kurchatovium
kurchatoviums
labionasal
labionasals
labyrinthic
labyrinthitis
labyrinthitises
laccolitic
lacerable
lacertilian
lachrymals
lachrymation
lachrymations
lachrymatories
lachrymatory
laciniated
lackadaisicalness
lackadaisicalnesses
lacklustre
lacklustres
laconicism
laconicisms
lacrimatory
lacteally
lactescence
lactescences
lactescent
lactiferousness
lactiferousnesses
lactoflavin
lactoflavins
lactometer
lactometers
lactoprotein
lactoproteins
ladybeetle
ladybeetles
ladylikeness
ladylikenesses
lagomorphic
lagomorphous
lalapalooza
lalapaloozas
lallapalooza
lallapaloozas
lallation
lallations
lambdacism
lambdacisms
lambdoidal
lamellarly
lamellated
lamellation
lamellations
lamellibranchiate
lamentingly
laminable
laminectomies
laminectomy
lampoonist
lampoonists
lamprophyre
lamprophyres
lampshade
lampshades
lampworking
lampworkings
lanceolately
lanciform
lancinate
lancinated
lancinates
lancination
lancinations
landaulette
landaulettes
landgrave
landgraves
landgraviate
landgraviates
landgravine
landgravines
landsknecht
landsknechts
landwards
langridge
langridges
languorousness
languorousnesses
laniferous
lanigerous
lanternfish
lanternfishes
lanuginose
lanuginousness
lanuginousnesses
lapidation
lapidations
lapstrakes
lapstreak
laryngeally
laryngologic
laryngologist
laryngologists
laryngopharynges
laryngopharynx
laryngopharynxes
laryngoscopic
laryngoscopical
laryngoscopically
laryngoscopist
laryngoscopists
laticiferous
latimeria
latimerias
lattermost
latticelike
latticings
laudabilities
laudability
laundromat
laundromats
laundrywoman
laundrywomen
leadingly
leafiness
leafinesses
leafleter
leafleters
leatheriness
leatherinesses
leatherwear
leatherwork
leatherworker
leatherworkers
leatherworking
leatherworkings
leatherworks
lebkuchen
leeriness
leerinesses
leftwards
legationary
legibleness
legiblenesses
legitimateness
legitimatenesses
legwarmer
legwarmers
leisurewear
lenticellate
lentiginose
lentiginous
lepidosiren
lepidosirens
leprousness
leprousnesses
letterbox
letterboxes
leucocyte
leucocytes
leucocytoses
leucocytosis
leucoderma
leucodermas
leucodermata
leucopenia
leucopenias
leucoplakia
leucoplakias
leucoplastid
leucoplastids
leucopoieses
leucopoiesis
leucorrhea
leucorrheas
leucotomies
leucotomy
leucotriene
leucotrienes
leukocytoid
leukoderma
leukodermal
leukodermas
leukoplasia
leukoplasias
levelheadedly
leviratical
levitator
levitators
levorotation
levorotations
lexicological
lexicologically
lexicostatistics
libational
libellously
libelously
liberatingly
liberticide
liberticides
licentiateship
licentiateships
licitness
licitnesses
ligamental
ligamentary
lightfoot
lightheaded
lightheadedly
lightheadedness
lightheadednesses
likeableness
likeablenesses
liliaceous
limelighter
limelighters
limicoline
limicolous
limnologically
limpingly
lineolate
lineswoman
lineswomen
linguiform
lingulate
linotyper
linotypers
linotypist
linotypists
lipectomies
lipectomy
lipotropism
lipotropisms
lippiness
lippinesses
liquefacient
liquefacients
liquefiable
liquescence
liquescences
liquescencies
liquescency
liquorish
lispingly
listenabilities
listenability
literalistically
lithographical
lithoidal
lithologist
lithologists
lithophytic
lithotomic
lithotomist
lithotomists
lithotrities
lithotrity
liturgism
liturgisms
liturgistic
livebearer
livebearers
livebearing
liverleaf
liverleaves
lizardfish
lizardfishes
loansharking
loansharkings
loanshift
loanshifts
loathingly
lobularly
localistic
localizer
localizers
localness
localnesses
lockmaster
lockmasters
locomotors
loculation
loculations
logarithmical
logogrammatically
logographies
logography
lollapaloosa
lollapaloosas
lollapalooza
lollapaloozas
lollingly
longshore
longstanding
lookalike
lookalikes
loricated
loudhailer
loudhailers
lowerclassman
lowerclassmen
loweringly
loxodromic
loxodromical
loxodromically
loyalness
loyalnesses
lubricational
lucklessly
lucklessness
lucklessnesses
lucubrate
lucubrated
lucubrates
lucubrating
lucubrator
lucubrators
lumberingly
lumbricoid
lumpenproletariat
lumpenproletariats
lumpsucker
lumpsuckers
lunarscape
lunarscapes
lunchmeat
lunchmeats
lunchpail
lunchpails
lunitidal
lunulated
lurchingly
lurkingly
lustrative
luxuriation
luxuriations
lycanthrope
lycanthropes
lycanthropic
lymphocytotic
lymphomatoid
lymphopoieses
lymphopoiesis
lymphopoietic
lysogeneses
lysogenesis
macadamization
macadamizations
macadamizer
macadamizers
macaronically
macebearer
macebearers
macerater
maceraters
macerative
machicolate
machicolates
machicolating
machineless
macrobiotics
macrocephalia
macrocephalias
macrocephalic
macrocephalies
macrocephalous
macrocephaly
macroclimate
macroclimates
macroclimatic
macroclimatically
macrocytotic
macroeconomist
macroeconomists
macrograph
macrographies
macrographs
macrography
macrophysics
macroscopical
macrosporangia
macrosporangium
macrospore
macrospores
maenadism
maenadisms
magistralities
magistrality
magistrateship
magistrateships
magnetoelectricities
magnetoelectricity
magnetotactic
magnetotaxes
magnetotaxis
magnifiable
maieutical
mainliner
mainliners
mainstreamer
mainstreamers
mainstreamings
majestical
malassimilation
malassimilations
maledictive
malfeasant
malfeasants
malleableness
malleablenesses
malleably
mallemuck
mallemucks
malleolar
malnourishment
malnourishments
maloccluded
malvasian
mammalogical
mammaplasties
mammaplasty
mammiferous
mammillate
mammillation
mammillations
mammoplasties
mammoplasty
mandibulates
manhunter
manhunters
manicottis
manifestable
manifestness
manifestnesses
manifolder
manifolders
manipulars
mannerlessness
mannerlessnesses
manometrical
mantelletta
mantellettas
manteltree
manteltrees
mantically
mantlepiece
mantlepieces
mantlerock
mantlerocks
manubrial
manufacturable
manufactural
manumitter
manumitters
manyplies
manzanilla
manzanillas
marblewood
marblewoods
marcasitical
marcescent
marchland
marchlands
maricultural
marketableness
marketablenesses
marketably
marriageableness
marriageablenesses
marseille
marseilles
marshaler
marshalers
martialism
martialisms
martialist
martialists
martingal
martingals
masculineness
masculinenesses
mashgiach
mashgichim
maskinonge
maskinonges
massiness
massinesses
masterdom
masterdoms
masterless
masticable
mastopexies
mastopexy
matchabilities
matchability
matchlessness
matchlessnesses
matelasse
matelasses
maternalism
maternalisms
maternalistic
matriarchalism
matriarchalisms
matriarchic
matriclinous
matriculator
matriculators
matrifocal
matrilineage
matrilineages
matrilinear
matrilocal
matrilocally
matronhood
matronhoods
matronliness
matronlinesses
maturative
matureness
maturenesses
maudlinism
maudlinisms
maudlinly
maudlinness
maudlinnesses
mausolean
mavournin
mavournins
maxillipedary
mayorship
mayorships
mealiness
mealinesses
meanderer
meanderers
meanderingly
meanspirited
measurableness
measurablenesses
measuredness
measurednesses
measurelessly
measurelessness
measurelessnesses
meatpacker
meatpackers
mechanicalness
mechanicalnesses
mechanotherapies
mechanotherapist
mechanotherapists
mechanotherapy
mecopteran
mecopterans
mecopterous
meddlesomely
mediaevalism
mediaevalisms
mediaevalist
mediaevalists
mediateness
mediatenesses
mediatization
mediatizations
mediatize
mediatized
mediatizes
mediatizing
mediatorial
medicative
meditational
megacephalic
megacephalies
megacephalous
megacephaly
megaflops
megalocardia
megalocardias
megalocephalic
megalocephalies
megalocephalous
megalocephaly
megalopolistic
megalosaur
megalosaurian
megalosaurians
megalosaurs
megaphonically
megapolis
megapolises
megathere
megatheres
megatherian
megavoltage
megavoltages
megawattage
megawattages
meitnerium
meitneriums
melancholically
melancholily
melancholiness
melancholinesses
melanoblastic
melanoses
melanosis
melanosities
melanosity
melaphyre
melaphyres
meliorable
melliferous
mellifluence
mellifluences
meltingness
meltingnesses
memberless
membranal
memorialization
memorializations
memorializer
memorializers
meningocele
meningoceles
meniscate
meniscoid
meniscoidal
menorrhagic
menorrhea
menorrheas
menorrhoea
menorrhoeas
menstruous
mensurableness
mensurablenesses
mensurative
mentalistically
mephitical
mephitically
merchandisable
mercurialism
mercurialisms
mercurialities
mercuriality
mercurialization
mercurializations
mercurialize
mercurialized
mercurializes
mercurializing
meritless
meroplankton
meroplanktonic
meroplanktons
mesencephalons
mesenchymatous
mesenteritis
mesenteritises
mesenteronic
mesically
mesitylene
mesitylenes
mesmerization
mesmerizations
mesoblast
mesoblastic
mesoblasts
mesocephalic
mesocratic
mesodermic
mesogastria
mesogastric
mesogastrium
mesogleal
mesolithic
mesomorphism
mesomorphisms
mesothorium
mesothoriums
messengered
messengering
metacarpally
metacentricities
metacentricity
metachromatism
metachromatisms
metagnathism
metagnathisms
metagnathous
metalhead
metalheads
metalinguistically
metalline
metallographist
metallographists
metallurgic
metamathematician
metamathematicians
metamorphous
metaphrased
metaphrasing
metaphrast
metaphrastic
metaphrastical
metaphrastically
metaphrasts
metaplasm
metaplasmic
metaplasms
metaprotein
metaproteins
metasomatically
metasomatoses
metasomatosis
metatarsally
metathesize
metathesized
metathesizes
metathesizing
metencephalons
meteorograph
meteorographic
meteorographs
methanogen
methanogenic
methanogens
methodization
methodizations
methodizer
methodizers
methoxide
methoxides
methuselah
methuselahs
methylbenzene
methylbenzenes
metonymically
metralgia
metralgias
metricate
metricated
metricates
metricating
metrification
metrifications
metrologically
metronymic
metronymics
metroplex
metroplexes
metropolitanism
metropolitanisms
metropolitanization
metropolitanizations
metropolitanize
metropolitanized
metropolitanizes
metropolitanizing
metrorrhagic
mezzotinted
mezzotinting
microcephalous
microchemical
microchemist
microchemistries
microchemistry
microchemists
microclimatically
microclimatologic
microclimatologies
microclimatologist
microclimatologists
microclimatology
microcosmical
microdont
microdontism
microdontisms
microdontous
microfiber
microfibers
microfilamentous
micrographies
micrography
micromanipulative
micrometre
micrometres
micrometric
micrometrical
micrometrically
micrometries
micrometry
microminiaturize
microminiaturizes
microminiaturizing
micronuclear
microparasite
microparasites
microparasitic
microphysicist
microphysicists
microphyte
microphytes
microphytic
microprint
microprints
microsporic
microteaching
microteachings
microtomic
microtomies
microtomist
microtomists
microtomy
midafternoon
midafternoons
midcourses
middlebreaker
middlebreakers
middlebuster
middlebusters
middlemost
midmorning
midmornings
mifepristone
mifepristones
miffiness
miffinesses
militariness
militarinesses
milkshake
milkshakes
milksoppy
millboard
millboards
millennially
millepede
millepedes
millepore
millepores
millifarad
millifarads
millilitre
millilitres
millimetre
millimetres
milquetoast
milquetoasts
minacious
minaciously
minaciousness
minaciousnesses
minatorial
minatorily
mindscape
mindscapes
mineshaft
mineshafts
mineworker
mineworkers
miniconvention
miniconventions
minidress
minidresses
minification
minifications
minimalities
minimality
minimalization
minimalizations
minimalize
minimalized
minimalizes
minimalizing
ministrative
ministroke
ministrokes
minitrack
minitracks
minuscular
mirthlessness
mirthlessnesses
misanthropical
misanthropist
misanthropists
misapprehensive
misapprehensively
misapprehensiveness
misapprehensivenesses
misarrange
misarranged
misarrangement
misarrangements
misarranges
misarranging
miscalculator
miscalculators
miscaller
miscallers
miscreancies
miscreancy
misdealer
misdealers
misdemeanour
misdemeanours
misinformant
misinformants
misinformer
misinformers
misinterpreter
misinterpreters
misjudger
misjudgers
misogamic
misogynous
misologist
misologists
misoneist
misoneistic
misoneists
mispickel
mispickels
mispleadings
misprizer
misprizers
misquoter
misquoters
misreporter
misreporters
misrepresenter
misrepresenters
misshapenness
misshapennesses
misshaper
misshapers
mistakably
mistflower
mistflowers
mistruster
mistrusters
mithridatic
mithridatism
mithridatisms
mitigable
mixedness
mixednesses
mizenmast
mizenmasts
mobilizable
mobilizer
mobilizers
mobocratical
modacrylic
modacrylics
modernistically
modifiableness
modifiablenesses
modificative
modificator
modificators
modificatory
modulative
moistureless
molecularities
molecularity
mollifier
mollifiers
molluscans
molluscoid
molluskans
molybdous
monacidic
monadical
monadically
monandrous
monanthous
monarchally
monarchistic
monasterial
monastical
monatomically
mondegreen
mondegreens
moneychanger
moneychangers
moneygrubber
moneygrubbers
moneyless
mongrelism
mongrelisms
mongrelly
monistical
monistically
monitorially
monkeypot
monkeypots
monkishly
monkishness
monkishnesses
monoatomic
monobasicities
monobasicity
monocarpellary
monocarpous
monocephalic
monoclinal
monoclinous
monocycle
monocycles
monocytoid
monocytoses
monocytosis
monoeciously
monogenism
monogenisms
monogenous
monographer
monographers
monographically
monogynist
monogynists
monohydrate
monohydrates
monoicous
monolingualism
monolingualisms
monologic
monomorphous
monophobia
monophobias
monophyletically
monophyletism
monophyletisms
monoplegia
monoplegias
monoplegic
monopodia
monopodium
monopolism
monopolisms
monopsonist
monopsonists
monosepalous
monospermal
monospermous
monostich
monostichs
monostome
monostomes
monostomous
monostrophe
monostrophes
monostrophic
monostylous
monotrematous
monotrichous
monovalence
monovalences
monovalencies
monovalency
monozygous
monticule
monticules
monzonitic
moonblind
mooniness
mooninesses
moonstricken
moonwalked
moonwalker
moonwalkers
moonwalking
moosebird
moosebirds
moosewood
moosewoods
mordacious
mordaciously
mordacities
mordacity
moribundly
morphinic
morphinist
morphinists
morphophonemic
morphoses
morphosis
morphotic
mortgageable
mortifier
mortifiers
mortifyingly
moschatel
moschatels
mosquitofish
mosquitofishes
mossbunker
mossbunkers
mossgrown
mossiness
mossinesses
mosstrooper
mosstroopers
mostaccioli
motherings
motherwort
motherworts
moundbird
moundbirds
mountaineered
mousebird
mousebirds
mousetail
mousetails
mousquetaire
mousquetaires
mouthiness
mouthinesses
moutonnee
moxibustion
moxibustions
muciferous
muckamuck
muckamucks
mucopurulent
mucoviscidoses
mucoviscidosis
mucronated
mucronation
mucronations
muffuletta
muffulettas
mugwumperies
mugwumpery
mugwumpism
mugwumpisms
mujaheddin
mujahidin
muleskinner
muleskinners
multiangular
multiculturalist
multiculturalists
multicylinder
multidwelling
multidwellings
multifariously
multifidly
multiflorous
multifoil
multifoils
multigravida
multigravidas
multilocular
multinationalism
multinationalisms
multipack
multipacks
multipara
multiparae
multiparas
multiparities
multiparity
multipede
multipedes
multipliable
multiplicable
multiplicate
multiplicational
multiport
mumbletypeg
mumbletypegs
mumblingly
municipalism
municipalisms
municipalist
municipalists
muricated
murmuration
murmurations
murmuringly
musclebound
muscleman
musclemen
muscovado
muscovados
museologically
musicalness
musicalnesses
musicologically
muskellunges
muskelunge
muskelunges
musteline
mutableness
mutablenesses
mutilative
muttonhead
muttonheaded
muttonheads
muzzleloader
muzzleloaders
muzzleloading
mycologic
myelencephalons
myelination
myelinations
myelinization
myelinizations
myelogenic
myelogram
myelograms
myelographies
myelography
myocardiograph
myocardiographs
myographic
myological
myologist
myologists
mystagogic
mystagogically
mysticalness
mysticalnesses
mysticete
mysticetes
mythicization
mythicizations
mythopoeses
mythopoesis
myxedemic
myxobacteria
myxobacterium
myxomycetous
nannofossil
nannofossils
nanofossil
nanofossils
nanoplankton
nanoplanktons
nanotechnologist
nanotechnologists
naphthalenic
naphthalin
naphthaline
naphthalines
naphthalins
naphthous
nappiness
nappinesses
narcoanalyses
narcoanalysis
narcosyntheses
narcosynthesis
narcoterrorism
narcoterrorisms
narcoterrorist
narcoterrorists
narcotism
narcotisms
narcotization
narcotizations
narratable
narrowcast
narrowcasts
naseberries
naseberry
nasofrontal
natational
nationless
naturalizer
naturalizers
naturistic
nauseation
nauseations
navelwort
navelworts
navigableness
navigablenesses
neanthropic
nebuchadnezzar
nebuchadnezzars
necessitative
neckcloth
neckcloths
neckpiece
neckpieces
necrobioses
necrobiosis
necrobiotic
necrolatries
necrolatry
necrologic
necrologically
necrophagia
necrophagias
necrophile
necrophiles
necrophobia
necrophobias
necrophobic
necrotize
necrotized
necrotizes
necrotomies
necrotomy
nectarean
nectareous
nectarial
nectaried
needlecraft
needlecrafts
needlepointed
needlepointing
nefariousness
nefariousnesses
neglector
neglectors
negligibleness
negligiblenesses
negotiably
negrophile
negrophiles
negrophilism
negrophilisms
nemathelminth
nemathelminths
nematocystic
neoanthropic
neoarsphenamine
neoarsphenamines
neofascism
neofascisms
neofascist
neofascists
neogeneses
neogenesis
neogenetic
neoimpressionism
neoimpressionisms
neoimpressionist
neoimpressionists
neological
neologically
neologist
neologistical
neologists
neologize
neologized
neologizes
neologizing
neophytic
neoplasties
neoplasty
neotenous
neoterically
nephogram
nephograms
nephological
nephologies
nephologist
nephologists
nephology
nephralgia
nephralgias
nephrogenic
nephrogenous
nephrotomies
nephrotomy
nepotistical
netiquette
netiquettes
networker
networkers
neurectomies
neurectomy
neuroblast
neuroblasts
neurogeneses
neurogenesis
neurogenetic
neurogenetics
neurolinguist
neurolinguistic
neurolinguistics
neurolinguists
neuromast
neuromasts
neuronally
neuropath
neuropaths
neuropharmacologically
neurotomies
neurotomy
neurotropism
neurotropisms
neutropenia
neutropenias
neutrophile
neutrophiles
nevermind
neverminds
newscasting
newscastings
newsgathering
newsgatherings
newsgroup
newsgroups
newsmaker
newsmakers
newspaperings
newsworthier
newsworthiest
nickelous
nicotinism
nicotinisms
nictitation
nictitations
niddering
nidderings
nidificate
nidificated
nidificates
nidificating
nielsbohrium
nielsbohriums
niftiness
niftinesses
nightrider
nightriders
nightwear
nigrescence
nigrescences
nigrescent
nigritude
nigritudes
nigrosine
nigrosines
nihilistically
nipplewort
nippleworts
nitpickings
nitrobacteria
nitrobacterium
nitrocellulosic
nitrochloroform
nitrochloroforms
nitrogenize
nitrogenized
nitrogenizes
nitrogenizing
nobiliary
noctambulism
noctambulisms
noctiluca
noctilucae
noctilucas
noctilucent
noiselessness
noiselessnesses
nomadically
nomenklatura
nomenklaturas
nominalistically
nominalization
nominalizations
nominalize
nominalized
nominalizes
nominalizing
nomologist
nomologists
nomothetical
nonactive
nonadjustable
nonadministrative
nonagonal
nonagreement
nonagreements
nonapplicable
nonassessable
nonbelieving
noncanonical
noncarbonated
noncarnivorous
noncivilized
noncollapsible
noncommunicable
noncommunicant
noncommunicants
noncompeting
noncompletion
noncompletions
noncompliant
noncompliants
noncompulsory
nonconclusive
noncontributing
nondependence
nondepreciating
nondifferentiation
nondifferentiations
nondisciplinary
nondisfranchised
nondispersion
nondispersions
nondistributive
nondivergent
nondivisible
noneducable
nonenforceable
nonexisting
nonexportable
nonextraditable
nonfiduciary
nonfiscal
nonfissile
nonfluctuating
nonfricative
nonfricatives
nonfundamental
nongenerative
nonhabitual
nonheritable
nonhumorous
nonidiomatic
nonignitable
nonillionth
nonillionths
nonimmunized
nonimperial
noninclusive
nonindependent
nonindexed
nonindictable
noninfallible
noninheritable
noninjurious
noniodized
nonionized
nonjudgmentally
nonlimiting
nonliturgical
nonmarketable
nonmartial
nonmaternal
nonmatrimonial
nonmedicinal
nonmedicinally
nonmineral
nonminerals
nonmortal
nonmortals
nonmuscular
nonmythical
nonnarcotic
nonnarcotics
nonneutral
nonneutrals
nonobedience
nonobediences
nonobligatory
nonodorous
nonpalatal
nonpalatals
nonpapist
nonpapists
nonparliamentary
nonparochial
nonpartisans
nonpermeable
nonpermissible
nonphysiological
nonplausible
nonpredatory
nonpredictable
nonpreferential
nonprejudicial
nonprescriptive
nonproficient
nonprofitable
nonproportional
nonpunishable
nonradiating
nonratable
nonreciprocating
nonrecoverable
nonredeemable
nonregistered
nonremovable
nonrepentance
nonrepentances
nonrestraint
nonrestraints
nonretentive
nonrhyming
nonromantic
nonromantics
nonsacred
nonsalaried
nonsalutary
nonsaturated
nonsecret
nonsectional
nonsecular
nonsedentary
nonsensicalities
nonsensicality
nonspecialized
nonspiritual
nonspirituals
nonstaining
nonstandardized
nonstatic
nonstatutory
nonsteroidals
nonstretchable
nonsubmissive
nonsubscriber
nonsubscribers
nonsupporting
nonsuppurative
nonsymptomatic
nonsyntactic
nonsynthesized
nontarnishable
nonterrestrial
nonterrestrials
nonterritorial
nontransparent
nonulcerous
nonunionism
nonunionisms
nonunionist
nonunionists
nonuterine
nonvirulent
northeasterner
northeasterners
northeastwardly
northerner
northerners
northernness
northernnesses
northlander
northlanders
northwardly
northwesterner
northwesterners
northwestwardly
nosographer
nosographers
nosographic
nosographical
nosographically
nosographies
nosography
nosologist
nosologists
nostologic
nostologies
nostology
notabilia
noticeabilities
noticeability
notoriousness
notoriousnesses
nourishingly
novelizer
novelizers
novemdecillionth
novemdecillionths
noviciate
noviciates
nubbiness
nubbinesses
nuclearization
nuclearizations
nuclearize
nuclearized
nuclearizes
nuclearizing
nucleolate
nucleolated
nudibranchian
nudibranchians
nudibranchiate
nudibranchiates
nullipara
nulliparae
nulliparas
nummulite
nummulites
nummulitic
nuptially
nurseling
nurselings
nutraceutical
nutraceuticals
nutriceutical
nutriceuticals
nutrimental
nyctalopic
nyctitropic
nyctitropism
nyctitropisms
nyctophobia
nyctophobias
obcompressed
obconical
obeliskoid
obeseness
obesenesses
objectivization
objectivizations
objectivize
objectivized
objectivizes
objectivizing
objurgator
objurgatorily
objurgators
oblational
obligable
obligational
obligator
obligators
obliquitous
obsecrate
obsecrated
obsecrates
obsecrating
obsecration
obsecrations
obstipation
obstipations
obstructer
obstructers
obstructively
obstruent
obstruents
obtestation
obtestations
obtundent
obversion
obversions
obvolution
obvolutions
obvolutive
occasionalism
occasionalisms
occidentals
occludent
occultness
occultnesses
oceanologic
oceanological
ocellated
ocellation
ocellations
ochlocratically
ochlophobia
ochlophobias
octamerous
octavalent
octennial
octennially
octillionth
octillionths
octodecillionth
octodecillionths
octodecimo
octodecimos
octopodous
oculogyric
odontalgia
odontalgias
odontological
odontologically
odontologies
odontologist
odontologists
odontology
odontophoral
odontophore
odontophores
odorlessness
odorlessnesses
oenological
oenologist
oenologists
oestrogen
oestrogens
officiator
officiators
officinally
officinals
oleographic
oleographies
oleography
olfactometric
olfactometries
olfactometry
oligochaetous
oligotrophies
oligotrophy
oliomargarin
oliomargarins
ombudsperson
ombudspersons
ombudspersonship
ombudspersonships
ombudswoman
ombudswomanship
ombudswomanships
ombudswomen
omissively
ommatophore
ommatophores
omnifariously
omnifariousness
omnifariousnesses
omnificence
omnificences
omniscients
omnivorousness
omnivorousnesses
oncovirus
oncoviruses
oneiromancer
oneiromancers
ontogenic
ontogenically
onycholyses
onycholysis
oological
oophoritis
oophoritises
opacifier
opacifiers
opercularly
ophicleide
ophicleides
ophiolite
ophiolites
ophiologic
ophiological
ophiologies
ophiologist
ophiologists
ophiology
ophthalmitis
ophthalmitises
opisthognathism
opisthognathisms
opisthognathous
oppilation
oppilations
opponencies
opponency
oppugnancies
oppugnancy
oppugnant
opsonification
opsonifications
opsonization
opsonizations
optometer
optometers
optometrical
opuscular
orangeroot
orangeroots
orangoutang
orangoutangs
orbicularities
orbicularity
orbiculated
orbiculately
orchestrion
orchestrions
orchidectomies
orchidectomy
orchiectomies
orchiectomy
organicistic
organogenetically
organographic
organographically
organographies
organography
organologic
organological
organologist
organologists
organotherapeutic
organotherapies
organotherapy
organotropic
organotropism
organotropisms
orgasmically
orgastically
orientalia
originalism
originalisms
originalist
originalists
ornamenter
ornamenters
orogenically
orographically
orological
orologically
orologist
orologists
orthiconoscope
orthiconoscopes
orthoepical
orthographer
orthographers
orthographist
orthographists
orthomyxovirus
orthomyxoviruses
orthopteron
orthopterons
orthopterous
orthoptic
orthoptics
orthoptist
orthoptists
orthotropic
orthotropically
orthotropism
orthotropisms
oscitance
oscitances
oscitancies
oscitancy
ossiculate
ossiferous
ostensories
ostensory
osteoclases
osteoclasis
osteogenetic
osteogenous
osteologically
osteopathist
osteopathists
osteophyte
osteophytes
osteophytic
osteotome
osteotomes
osteotomies
osteotomist
osteotomists
osteotomy
otological
otologist
otologists
otosclerotic
otterhound
otterhounds
outdoorswoman
outdoorswomen
outercourse
outercourses
outgeneralled
outgeneralling
outjockey
outjockeyed
outjockeying
outjockeys
outrightness
outrightnesses
outrunner
outrunners
outsource
outsourced
outsources
outstroke
outstrokes
outthrust
outthrusting
outthrusts
ovational
overabundantly
overaggressively
overaggressiveness
overaggressivenesses
overambitiously
overarchingly
overassess
overassessed
overassesses
overassessing
overattentive
overbearingness
overbearingnesses
overbidder
overbidders
overcareless
overcautiously
overcautiousness
overcautiousnesses
overclass
overclasses
overclothes
overcoating
overcoatings
overcorrection
overcorrections
overcritically
overcriticalness
overcriticalnesses
overdraught
overdraughts
overeagerly
overglazed
overglazing
overgreedy
overhauler
overhaulers
overindulgently
overpressured
overpressuring
overproducer
overproducers
overrefine
overrefines
overrefining
overrepresent
overrepresenting
overrepresents
overridingly
overripeness
overripenesses
overscore
overscored
overscores
overscoring
oversentimental
overspilled
overspilling
overspilt
oversteered
oversteering
overstrict
overstudied
overstudies
overstudy
overstudying
overwatch
overwatched
overwatches
overwatching
overwearied
overwearies
overwearying
overzealously
oviferous
oviparities
oviparity
oviparously
ovolactovegetarian
ovolactovegetarians
ovoviviparities
ovoviviparity
oxidization
oxidizations
oxyacetylenes
oxycephalic
oxycephalies
oxycephalous
oxycephaly
oxygenase
oxygenases
oxygenize
oxygenized
oxygenizes
oxygenizing
oxygenous
oxymetazoline
oxymetazolines
oxysulfide
oxysulfides
pachydermal
pachydermatously
pachydermic
pachydermous
pacifical
pacificatory
packagings
paddywhack
paddywhacked
paddywhacking
paddywhacks
padronism
padronisms
paganization
paganizations
paillasse
paillasses
pailletted
paintable
paintball
paintballs
palaestras
palankeen
palankeens
paleethnological
paleethnologies
paleethnology
paleoanthropic
paleobiochemistries
paleobiochemistry
paleobiogeographic
paleobiogeographical
paleobiogeographies
paleobiogeography
paleogeographer
paleogeographers
paleolith
paleolithic
paleoliths
paleontographic
paleontographical
paleontographies
paleontography
palingenetically
palmatifid
palpableness
palpablenesses
palpatory
palpitatingly
palsgravine
palsgravines
pamphletary
pamprodactylous
panatella
panatellas
panchayat
panchayats
panchromatism
panchromatisms
pancratia
pancratic
pandemoniac
pandurate
panduriform
panegyrize
panegyrized
panegyrizes
panegyrizing
panetella
panetellas
panettoni
pangenetically
pangrammatic
paniculated
panleucopenia
panleucopenias
panniered
panoptical
panspermia
panspermias
pantihose
pantingly
pantoffle
pantoffles
pantyhose
paperclip
paperclips
papergirl
papergirls
paperknife
paperknives
papyraceous
papyrological
parablast
parablastic
parablasts
parabolical
parabolize
parabolized
parabolizes
parabolizing
parachuter
parachuters
paraclete
paracletes
paragenesia
paragenesias
paraglider
paragliders
paragliding
paraglidings
paragogic
paragraphia
paragraphias
parajournalist
parajournalistic
parajournalists
paraleipses
paraleipsis
paralepses
paralepsis
paralipses
paralipsis
parallelist
parallelists
paralogist
paralogistic
paralogists
paramatta
paramattas
parametrical
paramilitaries
paramorph
paramorphic
paramorphine
paramorphines
paramorphism
paramorphisms
paramorphous
paramorphs
parapareses
paraparesis
paraphilia
paraphiliac
paraphiliacs
paraphilias
paraphilic
paraphilics
parapraxes
parapraxis
paraselenae
paraselene
paraselenic
parasensory
parenchymatously
pargetings
parheliacal
parimutuel
parimutuels
paripinnate
parlormaid
parlormaids
parlousness
parlousnesses
parochialist
parochialists
parodical
parolable
paronomastically
paronychia
paronychial
paronychias
paronymic
parotidectomies
parotidectomy
parotiditis
parotiditises
parotitic
paroxysmally
paroxysmic
paroxytone
paroxytones
paroxytonic
parramatta
parramattas
parricidally
parrotfish
parrotfishes
parsimoniousness
parsimoniousnesses
parthenocarpically
partialness
partialnesses
participance
participances
particularizer
particularizers
partitionment
partitionments
partitives
parturiencies
parturiency
parturifacient
parturifacients
partygoer
partygoers
pasquinader
pasquinaders
passableness
passablenesses
passalong
passalongs
passepied
passepieds
passibilities
passibility
passingly
passionals
passionlessly
passionlessness
passionlessnesses
passivator
passivators
pastorali
pasturable
pataphysical
pataphysician
pataphysicians
pataphysics
patchable
pathogenically
pathogenies
pathogeny
pathographies
pathography
patriarchalism
patriarchalisms
patriarchic
patriation
patriations
patriclinous
patrilineage
patrilineages
patrilineally
patrilinear
patrilocal
patrilocally
patrimonially
patristically
patroclinous
patrolwoman
patrolwomen
patronizer
patronizers
patronymically
patternmaker
patternmakers
patternmaking
patternmakings
patulously
patulousness
patulousnesses
pauperization
pauperizations
pawkiness
pawkinesses
peachblow
peachblows
peachiness
peachinesses
pearliness
pearlinesses
peasouper
peasoupers
peccabilities
peccability
pectinated
pectinous
pectorally
pederastically
pedestrianization
pedestrianizations
pedestrianize
pedestrianized
pedestrianizes
pedestrianizing
pedicellar
pedicular
pedodontia
pedodontias
pedodontics
pedodontist
pedodontists
pedologically
pedomorphic
pedomorphism
pedomorphisms
pedomorphoses
pedomorphosis
pedophiliacs
peerlessly
peerlessness
peerlessnesses
pejoration
pejorations
pellicular
pelliculate
pellucidities
pellucidity
pellucidness
pellucidnesses
peltately
peltation
peltations
pelvimetries
pelvimetry
penciller
pencillers
pendently
pendragon
pendragons
pendulously
penetrably
penetrameter
penetrameters
penetratively
penetrator
penetrators
penicillately
penicillation
penicillations
penicilliums
penitentials
pennaceous
pennilessly
pennilessness
pennilessnesses
pennoncelle
pennoncelles
penologically
pentadactyl
pentadactylate
pentadactylism
pentadactylisms
pentamerism
pentamerisms
pentangular
pentaquin
pentaquine
pentaquines
pentaquins
pentarchical
pentastich
pentastichs
pentastome
pentastomes
pentimenti
pentimento
penultimates
penumbrous
pepperidge
pepperidges
peppershaker
peppershakers
pepperwort
pepperworts
peptizable
peptization
peptizations
peptonization
peptonizations
peptonize
peptonized
peptonizes
peptonizing
perchloride
perchlorides
perciatelli
perciatellis
percipiencies
percipiency
percoidean
percurrent
percussor
percussors
peregrinator
peregrinators
perfervidly
perfervidness
perfervidnesses
perfoliation
perfoliations
perforable
perforative
perfusive
pericardiac
pericarditic
pericarpial
perichondrial
periclase
periclases
periclinal
pericline
periclines
pericopal
pericopic
peridermal
peridermic
perilymphatic
perimetric
perimetrical
perimetrically
perimetries
perimetry
perimorph
perimorphic
perimorphism
perimorphisms
perimorphous
perimorphs
perinatologies
perinatology
perinephria
perinephric
perinephrium
perineurial
periodontia
periodontias
periodontic
periodontical
periodontitis
periodontitises
periosteous
periostitic
periostraca
periostracum
peripetia
peripetias
periplasm
periplasms
periproct
periprocts
peripteral
perisarcal
perisarcous
perishableness
perishablenesses
perishably
perisperm
perisperms
perissodactylous
peristaltically
peristomal
peristylar
peritonitic
peritrich
peritricha
perlocution
perlocutions
permeably
permeance
permeances
permutabilities
permutability
permutably
pernicketiness
pernicketinesses
perpetuals
perplexingly
persecutional
perseverant
perseverative
persiennes
personably
personalia
persuadabilities
persuadability
persuasibilities
persuasibility
perturber
perturbers
pertussal
perusable
pervertible
perviously
peskiness
peskinesses
pesteringly
pesticidal
petaliferous
petersham
petershams
petnaping
petnapings
petnapper
petnappers
petnappings
petrifactive
petrifier
petrifiers
petroglyphic
pettiskirt
pettiskirts
phacoemulsification
phacoemulsifications
phagedaena
phagedaenas
phagedena
phagedenas
phagosome
phagosomes
phalangal
phalansterian
phalansterianism
phalansterianisms
phalansterians
phallicist
phallicists
phallocentrism
phallocentrisms
phanerogamic
phanerogamous
phantasmagorically
phantasmagories
phantasmagory
phariseeism
phariseeisms
pharmaceutic
pharmaceutics
pharmacogenetics
pharmacognosist
pharmacognosists
pharmacopoeic
pharmacopoeist
pharmacopoeists
pharyngal
pharyngals
pharyngeals
pharyngologies
pharyngology
pharyngoscope
pharyngoscopes
pharyngoscopic
pharyngoscopies
pharyngoscopy
phellodermal
phellogenetic
phellogenic
phenetically
phenetidine
phenetidines
phenetole
phenetoles
phenologist
phenologists
phenylene
phenylenes
philanthropize
philanthropized
philanthropizes
philanthropizing
philogynies
philogynist
philogynists
philogynous
philogyny
philologer
philologers
philologic
phlebitic
phlebologist
phlebologists
phleboscleroses
phlebosclerosis
phlebotomic
phlebotomize
phlebotomized
phlebotomizes
phlebotomizing
phlegmatical
phlyctena
phlyctenae
phlyctenar
phocomelia
phocomelias
phonemicize
phonemicized
phonemicizes
phonemicizing
phonetist
phonetists
phonographist
phonographists
phonolitic
phonoreception
phonoreceptions
phonoscope
phonoscopes
phonotype
phonotypes
phonotypic
phonotypical
phonotypically
phonotypies
phonotypist
phonotypists
phonotypy
phosphaturic
phosphocreatin
phosphocreatins
phosphorate
phosphorated
phosphorates
phosphorating
phosphorism
phosphorisms
photoactinic
photoactive
photoactivities
photoactivity
photoaging
photoagings
photobiotic
photochronograph
photochronographs
photocoagulate
photocoagulated
photocoagulates
photocoagulating
photoconductor
photoconductors
photodrama
photodramas
photodynamics
photoelectrical
photoelectricities
photoelectricity
photofluorogram
photofluorograms
photofluorographic
photogene
photogenes
photographable
photoheliograph
photoheliographs
photolithographer
photolithographers
photoluminescence
photoluminescences
photoluminescent
photometrical
photometrist
photometrists
photomicroscope
photomicroscopes
photomuralist
photomuralists
photoperiodicities
photoperiodicity
photophilic
photophilous
photorealism
photorealisms
photorealist
photorealistic
photorealists
phototherapeutic
phototherapies
phototherapy
phototonic
phototonus
phototonuses
phototransistor
phototransistors
phototroph
phototrophic
phototrophs
phototypographic
phototypographical
phototypographically
phototypographies
phototypography
phragmites
phraseogram
phraseograms
phraseograph
phraseographs
phrenetical
phrenitis
phrenitises
phrenologic
phthalein
phthaleins
phthiriases
phthiriasis
phyllitic
phylloclad
phylloclads
phyllodial
phyllomic
phyllophagous
phylloquinone
phylloquinones
phylloxerae
phylogeneses
phylogenesis
phylogenic
physiatric
physiatrics
physiatries
physiatry
physicalize
physicalized
physicalizes
physicalizing
physiocrat
physiocrats
physiognomist
physiognomists
physiographically
physiopathologist
physiopathologists
physiotherapeutic
physostigmin
physostigmins
physostomous
phytogeneses
phytogenesis
phytogenetic
phytogenetical
phytogenetically
phytogenic
phytogenies
phytogenous
phytogeny
phytographies
phytography
phytologic
phytological
phytologies
phytology
phytopathologic
phytopathologist
phytopathologists
phytoremediation
phytoremediations
phytotron
phytotrons
picadillo
picadillos
pichiciago
pichiciagos
pichiciego
pichiciegos
pickiness
pickinesses
pickleworm
pickleworms
picolinic
picrotoxic
pictographically
pictorialities
pictoriality
pietistical
piezoelectrical
piezometrical
piezometries
piezometry
pikeperch
pikeperches
pilastered
piliferous
pillowslip
pillowslips
pilotfish
pilotfishes
pinchcock
pinchcocks
pinchpennies
pinguidities
pinguidity
pinnatisect
pinnulate
pinnulated
pinstriped
pipefitting
pipefittings
pipistrel
pipistrelle
pipistrelles
pipistrels
pipsqueak
pipsqueaks
piscatorially
piscicultural
pisciculturist
pisciculturists
pisciform
pitchiness
pitchinesses
pitchstone
pitchstones
pithecanthropic
pithecanthropoid
placarder
placarders
placentary
placoderm
placoderms
plagioclastic
plagiotropically
plagiotropism
plagiotropisms
planeness
planenesses
planimetries
planimetry
planispherical
planogamete
planogametes
planographically
planometer
planometers
planometries
planometry
planulate
plasmacyte
plasmacytes
plasmagenic
plasmodial
plasmolytically
plastique
plastiques
platinization
platinizations
platinoid
platinoids
platinous
platyrrhinian
platyrrhinians
playgoing
playgoings
playgroup
playgroups
pleasureful
plectognath
plectognaths
pleiotaxies
pleiotaxy
pleiotropically
pleiotropism
pleiotropisms
plenarily
plethorically
pleurodont
pleurodonts
pleurodynia
pleurodynias
pleurotomies
pleurotomy
plicately
plicateness
plicatenesses
plicature
plicatures
ploddingness
ploddingnesses
plowmanship
plowmanships
plumbable
plumbeous
plumbiferous
plumbness
plumbnesses
plumosely
plumosities
plumosity
plunderable
plunderage
plunderages
pluralizer
pluralizers
pluviometer
pluviometers
pluviometric
pluviometrically
pluviometries
pluviometry
pluviosities
pluviosity
pneumatics
pneumatologic
pneumatological
pneumatologist
pneumatologists
pneumatolyses
pneumatolysis
pneumatometer
pneumatometers
pneumectomies
pneumectomy
pneumobacilli
pneumobacillus
pneumococcic
pneumocystis
pneumocystises
pneumogastric
pneumographic
poachable
pocketless
pococuranteism
pococuranteisms
pococurantes
podagrous
poeticalities
poeticality
poikilothermal
poikilothermism
poikilothermisms
poisonousness
poisonousnesses
polarizer
polarizers
policlinic
policlinics
policymaker
policymakers
policymaking
policymakings
poliomyelitic
politickings
politicly
pollenate
pollenated
pollenates
pollenating
polliniferous
pollinization
pollinizations
pollinize
pollinized
pollinizes
pollinizing
polyandric
polyandrist
polyandrists
polybasic
polybasite
polybasites
polycarpellary
polycarpic
polycarpies
polycarpous
polycarpy
polycentrist
polycentrists
polychaetous
polychete
polychetes
polychetous
polychromic
polychromous
polyclonally
polyclone
polyclones
polycotyledon
polycotyledonous
polycotyledons
polydactylism
polydactylisms
polydactylous
polydactyls
polygamously
polygenetically
polygenically
polygraphed
polygraphing
polygynist
polygynists
polyhydric
polyimide
polyimides
polymerically
polymerous
polyneuritic
polynucleate
polyomavirus
polyomaviruses
polyparia
polyparium
polyphagian
polyposes
polyposis
polysaccharose
polysaccharoses
polysepalous
polysomic
polyspermies
polyspermy
polysynthetic
polytenic
polytetrafluoroethylene
polytetrafluoroethylenes
polytheistically
polytocous
polytrophic
polytypical
polyunsaturate
polyunsaturates
polyvalencies
polyvalency
polyvinylidene
polyvinylidenes
polyzoaria
polyzoarium
pomiculture
pomicultures
pomiferous
pomologically
ponderabilities
ponderability
ponderosities
ponderosity
pontonier
pontoniers
popishness
popishnesses
porcupinefish
porcupinefishes
poriferan
poriferans
poriferous
porkiness
porkinesses
poromeric
poromerics
porphyroid
porphyroids
portamentos
porteress
porteresses
porticoed
portionable
portioner
portioners
portobello
portobellos
portrayable
positioner
positioners
postaxially
postdiluvial
postexilian
postfeminism
postfeminisms
postfixal
postfixial
postimpressionism
postimpressionisms
postimpressionist
postimpressionistic
postimpressionists
postmenstrual
postmeridian
postmillennian
postnasal
postnuptially
postpositives
postprandially
postrider
postriders
poststructuralism
poststructuralisms
potentness
potentnesses
potholder
potholders
pottiness
pottinesses
powerbroker
powerbrokers
powerfulness
powerfulnesses
powerlifting
powerliftings
pozzuolana
pozzuolanas
pozzuolanic
praedialities
praediality
praenominal
prancingly
prandially
pravastatin
pravastatins
praxiologies
praxiology
preachification
preachifications
preaxially
precative
precautional
precedential
preceptively
preceptorially
precipiced
precisianism
precisianisms
precisionism
precisionisms
preclinically
preconize
preconized
preconizes
preconizing
precontract
precontracted
precontracting
precontracts
predaciousness
predaciousnesses
predatorily
predatoriness
predatorinesses
predesignation
predesignations
predestinable
predeterminate
predeterminately
predeterminative
predicabilities
predicability
predicableness
predicablenesses
predicably
predicamental
predicant
predicants
predicational
predictiveness
predictivenesses
predisposal
predisposals
predominatingly
predominator
predominators
preemptory
preengineered
preexilian
prefabricator
prefabricators
prefatorily
prefectorial
preferableness
preferablenesses
preferentialism
preferentialisms
preferentialist
preferentialists
prefixally
prefixation
prefixations
prefixion
prefixions
preflighted
preflighting
preflights
prejudgement
prejudgements
prelateship
prelateships
prelatism
prelatisms
prelector
prelectors
preludial
prelusorily
prelusory
preorbital
prepayable
prepositioned
prepositioning
prepositives
prepossessingly
prepossessingness
prepossessingnesses
prerecord
prerecording
prerecords
presbyteral
preschooling
preschoolings
prescribable
prescriptible
prescriptiveness
prescriptivenesses
prescriptivism
prescriptivisms
prescriptivist
prescriptivists
preseasons
presentativeness
presentativenesses
preservationism
preservationisms
presettable
pressgang
pressganged
pressganging
pressgangs
pressingness
pressingnesses
presterna
presternum
presternums
prestissimos
preterhuman
preterition
preteritions
pretermitter
pretermitters
preternaturalism
preternaturalisms
preticket
preticketed
preticketing
pretickets
prevailer
prevailers
prevailingly
prevailingness
prevailingnesses
prevenience
preveniences
preventably
pricelessness
pricelessnesses
priceyness
priceynesses
priestcraft
priestcrafts
primaeval
primaquine
primaquines
primavera
primaveras
primiparities
primiparity
primogenital
primogenitary
primordialities
primordiality
princekin
princekins
principate
principates
prismatoidal
privatist
privatistic
privatists
proaction
proactions
proactively
probeable
proceeder
proceeders
processer
processers
proclamatory
procryptically
proctitis
proctitises
proctodea
proctodeum
proctoscope
proctoscopes
proctoscopic
proctoscopies
proctoscopy
procurance
procurances
procuratorship
procuratorships
procuress
procuresses
prodromic
producibilities
producibility
profamily
profferer
profferers
profligateness
profligatenesses
progenitive
proglottic
proglottidean
prognathic
progressionally
prohibiter
prohibiters
prohibitionary
prohibitionism
prohibitionisms
prohibitor
prohibitors
prolapsus
prolapsuses
prolately
prolateness
prolatenesses
proleptical
proletarianism
proletarianisms
proletaries
proletary
proliferous
prolongate
prolongated
prolongates
prolongating
prolongment
prolongments
prominencies
prominency
pronatalist
pronephra
pronograde
pronominalization
pronominalizations
pronouncedness
pronouncednesses
propaedeutical
propagandism
propagandisms
propagational
propagulum
propagulums
proparoxytone
proparoxytones
propitiable
propitiatingly
propitiative
propitiatorily
proportionateness
proportionatenesses
proportioner
proportioners
proportionment
proportionments
propositionally
proprietarily
proprietorially
propulsory
proratable
prosaicness
prosaicnesses
proscenia
proselyter
proselyters
proselytical
prosencephalons
prosenchyma
prosenchymas
prosenchymata
prosenchymatous
proslavery
prosopopeia
prosopopeial
prosopopeias
prosthodontia
prosthodontias
prosthodontic
protagonism
protagonisms
protanopia
protanopias
protanopic
protectable
proteinic
proteinoid
proteinoids
proteinous
proteoclastic
prothallial
prothallic
prothalloid
prothetically
protistologies
protistology
protoactinium
protoactiniums
protocolar
protocolary
protocontinent
protocontinents
protodermal
protolithic
protomorphic
protopathies
protopathy
protoplastic
protoxide
protoxides
protozoic
protozoological
protractedly
protractedness
protractednesses
protractible
protractilities
protractility
protrudable
protrudent
protrusile
protuberancies
protuberancy
protuberate
protuberated
protuberates
protuberating
proudness
proudnesses
provabilities
provability
proventricular
provisorily
provostship
provostships
pruriginous
prussiate
prussiates
psalmodic
psalmodist
psalmodists
psalterial
psammitic
pseudaxes
pseudaxis
pseudepigraphal
pseudepigraphic
pseudepigraphical
pseudepigraphous
pseudobulb
pseudobulbs
pseudocarp
pseudocarpous
pseudocarps
pseudocoelom
pseudocoeloms
pseudogene
pseudogenes
pseudohermaphrodite
pseudohermaphrodites
pseudohermaphroditic
pseudohermaphroditism
pseudohermaphroditisms
psilomelane
psilomelanes
psychoacoustical
psychobiologically
psychogenetically
psychographic
psychographics
psychologistic
psychologizer
psychologizers
psychometrical
psychometrist
psychometrists
psychoneuroimmunological
psychoneuroimmunologies
psychoneuroimmunologist
psychoneuroimmunologists
psychoneuroimmunology
psychotherapeutics
psychrophile
psychrophiles
pteridophytic
pteridophytous
pterodactyloid
pterodactylous
pteropodan
pteropodans
pterygial
puberulous
puddingstone
puddingstones
pugilistically
puissantly
pulsative
pulsatory
pulsometer
pulsometers
pulverulence
pulverulences
pulvinate
pulvinated
pulvinately
punchiness
punchinesses
punctated
punctualness
punctualnesses
punctuative
punctulate
punctulation
punctulations
puncturable
puncturer
puncturers
punishingly
pupiparous
purchasabilities
purchasability
pureblooded
purgatively
puritanic
puritanicalness
puritanicalnesses
purpleness
purplenesses
pursuable
pursuantly
purulencies
purulency
purulently
pushingly
pustulate
pustulates
pustulating
putaminous
putrefier
putrefiers
putridness
putridnesses
pyelogram
pyelograms
pyelographic
pyelographies
pyelography
pylorectomies
pylorectomy
pyodermic
pyogeneses
pyogenesis
pyorrheal
pyorrheic
pyorrhoea
pyorrhoeas
pyramidic
pyridoxin
pyridoxins
pyritical
pyrocellulose
pyrocelluloses
pyrochemical
pyrochemically
pyroconductivities
pyroconductivity
pyroelectrics
pyrogallic
pyrogenous
pyrographer
pyrographers
pyrographic
pyrographies
pyrography
pyroligneous
pyromancer
pyromancers
pyromantic
pyrometrical
pyrophobia
pyrophobias
pyrophotometer
pyrophotometers
pyrosulfate
pyrosulfates
pyrotechnies
pyrotechny
pyroxyline
pyroxylines
pyrrhotine
pyrrhotines
pyrrhuloxia
pyrrhuloxias
quackishly
quadraphonies
quadraphony
quadricipital
quadrifid
quadrilaterally
quadrilingual
quadriphonies
quadriphony
quadrisect
quadrisected
quadrisecting
quadrisects
quadrivalence
quadrivalences
quadrivalencies
quadrivalency
quadrivia
quadrumane
quadrumanes
quadruplex
quaestorial
quaestorship
quaestorships
quagginess
quagginesses
quakeproof
quakeproofed
quakeproofing
quakeproofs
quakiness
quakinesses
qualificatory
qualifyingly
quantasome
quantasomes
quarantinable
quartersaw
quartersawing
quartersaws
quarterstaffs
quartziferous
quasicrystal
quasicrystals
quattrocentist
quattrocentists
quattuordecillionth
quattuordecillionths
queenhood
queenhoods
queenlike
quercetic
questingly
questionabilities
questionability
quillwort
quillworts
quinalizarin
quinalizarins
quincuncially
quindecennial
quindecennials
quindecillionth
quindecillionths
quinoidine
quinoidines
quinonimine
quinonimines
quinquagenarian
quinquagenarians
quinquenniad
quinquenniads
quinquevalence
quinquevalences
quinquevalencies
quinquevalency
quinquevalent
quintuplication
quintuplications
quotational
quotationally
rabbinist
rabbinistic
rabbinists
racemiform
racemosely
racerunner
racerunners
racketeerings
radiobroadcast
radiobroadcasted
radiobroadcaster
radiobroadcasters
radiobroadcasting
radiobroadcasts
radiographer
radiographers
radioiodine
radioiodines
radiolocation
radiolocations
radiopacities
radiopacity
radiophonic
radiophotograph
radiophotographies
radiophotographs
radiophotography
radioscopic
radioscopical
radioscopies
radioscopy
radiotelegraphic
radiotelephonic
radiotoxic
raffinate
raffinates
rainforest
rainforests
raininess
raininesses
rainproofed
rainproofing
rainproofs
rancorousness
rancorousnesses
randiness
randinesses
rangefinder
rangefinders
rarefactive
rarefiable
raspiness
raspinesses
ratabilities
ratability
ratableness
ratablenesses
ratemaking
ratemakings
rattailed
rattiness
rattinesses
rattlebox
rattleboxes
rattlepate
rattlepates
raveningly
reabsorption
reabsorptions
reaccomodate
reaccomodated
reaccomodates
reaccomodating
reaccustom
reaccustomed
reaccustoming
reaccustoms
reactional
reactionist
reactionists
readjustable
readjuster
readjusters
readmittance
readmittances
readoption
readoptions
realliance
realliances
reassimiliate
reassimiliated
reassimiliates
reassimiliating
reassociate
reassociated
reassociates
reassociating
reassumption
reassumptions
rebatable
rebbetzin
rebbetzins
rebroadcasted
recalcitrate
recalcitrated
recalcitrates
recalcitrating
recalcitration
recalcitrations
recalescence
recalescences
recalescent
recapitulative
recapitulatory
recatalog
recataloged
recataloging
recatalogs
receiptor
receiptors
recidivate
recidivated
recidivates
recidivating
recidivous
recipience
recipiences
recipiencies
recipiency
reciprocalities
reciprocality
reciprocalness
reciprocalnesses
reciprocatory
reclaimant
reclaimants
reclaimer
reclaimers
reclinable
reclinate
reclination
reclinations
recognitive
recognitory
recognizant
recollective
recollectively
recommender
recommenders
reconcilableness
reconcilablenesses
reconcilably
reconfine
reconfined
reconfines
reconfining
reconnoissance
reconnoissances
reconnoiterer
reconnoiterers
reconsign
reconsigned
reconsigning
reconsignment
reconsignments
reconsigns
reconstituent
reconstituents
recountal
recountals
recreance
recreances
recreancies
recreancy
recreantly
recreationally
recreator
recreators
recrement
recremental
recrements
recriminator
recriminators
rectilineal
rectocele
rectoceles
recumbence
recumbences
recumbently
recuperator
recuperators
recuperatory
recurvate
recurvation
recurvations
redbaiter
redbaiters
redbaitings
redeemabilities
redeemability
redemonstrate
redemonstrated
redemonstrates
redemonstrating
redemptional
redemptively
redlinings
redolencies
redolency
redressable
redressor
redressors
reductivism
reductivisms
reductivist
reductivists
redundance
redundances
reembrace
reembraced
reembraces
reembracing
reexhibit
reexhibited
reexhibiting
reexhibits
reexplain
reexplained
reexplaining
reexplains
referrable
refinable
refinancer
refinancers
reflexologist
reflexologists
refractional
refracture
refractured
refractures
refracturing
refrigerative
refrigeratory
refringence
refringences
refringent
refulgencies
refulgency
refulgently
refusable
refutabilities
refutability
regalement
regalements
regelation
regelations
regeneratively
regentship
regentships
regerminate
regerminated
regerminates
regerminating
regimentally
registerer
registerers
regrettableness
regrettablenesses
regulable
regularizer
regularizers
regurgitant
regurgitants
regurgitative
rehabilitatable
reimburser
reimbursers
reimprison
reimprisoned
reimprisoning
reimprisons
reincarnationist
reincarnationists
reinscribe
reinscribed
reinscribes
reinscribing
reinstator
reinstators
reinstruct
reinstructed
reinstructing
reinstructs
reinterment
reinterments
reinterrogate
reinterrogated
reinterrogates
reinterrogating
reinvolve
reinvolved
reinvolves
reinvolving
reiterant
reiterator
reiterators
rejuvenative
relativeness
relativenesses
relativization
relativizations
relaunder
relaundered
relaundering
relaunders
relaxable
releasabilities
releasability
releasably
religionism
religionisms
relinquisher
relinquishers
reluctivities
reluctivity
remandment
remandments
remediableness
remediablenesses
remediably
remigrate
remigrated
remigrates
remigrating
remissibilities
remissibility
remissive
remittence
remittences
remittencies
remittency
remittently
remodeler
remodelers
remodification
remodifications
remortgage
remortgaged
remortgages
remortgaging
remoulade
remoulades
removedly
removedness
removednesses
remunerabilities
remunerability
remunerable
renderings
renewedly
renitence
renitences
renormalization
renormalizations
renormalize
renormalized
renormalizes
renormalizing
repairperson
repairpersons
repairwoman
repairwomen
reparably
reparatory
repartitioned
repartitioning
repellence
repellences
repertorial
replevisable
reprehendable
reprehender
reprehenders
reprehensively
representabilities
representability
representationalistic
represser
repressers
reprievable
repriever
reprievers
reproachableness
reproachablenesses
reproachably
reprobater
reprobaters
reproductiveness
reproductivenesses
reprovable
republicanization
republicanizations
repudiable
repudiative
requalified
requalifies
requalify
requalifying
requirable
requisitely
requisitionary
requitable
requitement
requitements
rescindable
resectoscope
resectoscopes
resembler
resemblers
resharpen
resharpened
resharpening
resharpens
reshipment
reshipments
residentiaries
residentiary
residentship
residentships
resiniferous
resinously
resinousness
resinousnesses
resistibly
resituate
resituated
resituates
resituating
resolubilities
resolubility
resolubleness
resolublenesses
resolvabilities
resolvability
resolvableness
resolvablenesses
resolvedly
resolvedness
resolvednesses
resonation
resonations
resorbent
resourceless
respirabilities
respirability
respirational
respondence
respondences
respondencies
respondency
responseless
responsorial
resterilize
resterilized
resterilizes
resterilizing
restharrow
restharrows
restitutive
restitutory
restoratively
restorativeness
restorativenesses
restraighten
restraightened
restraightening
restraightens
resubmerge
resubmerged
resubmerges
resubmerging
resubscribe
resubscribed
resubscribes
resubscribing
resumable
resupination
resupinations
resurrectionism
resurrectionisms
resuscitable
retabulate
retabulated
retabulates
retabulating
retainabilities
retainability
retainable
retainment
retainments
retaliator
retaliators
retardative
retardatory
retelevise
retelevised
retelevises
retelevising
retestified
retestifies
retestify
retestifying
reticularly
reticulocytic
retinacular
retinopathic
retinoscope
retinoscopes
retinoscopic
retorsion
retorsions
retortion
retortions
retraceable
retractabilities
retractability
retractation
retractations
retractibilities
retractibility
retractible
retractive
retractively
retractiveness
retractivenesses
retrencher
retrenchers
retrievably
retrochoir
retrochoirs
retroflexed
retroflexes
retrolental
retrorocket
retrorockets
retrorsely
reunionism
reunionisms
revampment
revampments
revarnish
revarnished
revarnishes
revarnishing
revelational
revengingly
reverberatively
reverberator
reverberatories
reverberators
reverification
reverifications
reversibleness
reversiblenesses
revilingly
revindicate
revindicated
revindicates
revindicating
revisional
revisualize
revisualized
revisualizes
revisualizing
revivabilities
revivability
revocabilities
revocability
revocably
revocatory
rhabdomyoma
rhabdomyomas
rhabdomyomata
rheometric
rheotactic
rheotaxes
rheotaxis
rheotropism
rheotropisms
rheumatoidal
rheumatoidally
rhinencephalons
rhinocerotic
rhinologies
rhinologist
rhinologists
rhinology
rhinopharyngitides
rhinopharyngitis
rhinoplastic
rhinoscope
rhinoscopes
rhinoscopic
rhizocarpous
rhizocephalan
rhizocephalans
rhizocephalous
rhizogenetic
rhizogenic
rhizogenous
rhizomorphous
rhizophagous
rhizopodan
rhizopodans
rhizopodous
rhodomontaded
rhodomontading
rhombencephalons
rhonchial
rhotacism
rhotacisms
rhytidectomies
rhytidectomy
riboflavine
riboflavines
ricketiness
ricketinesses
ridesharing
ridesharings
ridgeback
ridgebacks
ridgepiece
ridgepieces
rifamycin
rifamycins
riflescope
riflescopes
rightabout
rightwards
rijstafel
rijstafels
rinforzando
ringleted
rippingly
ripplingly
riverhead
riverheads
riverlike
riverweed
riverweeds
robotistic
rocambole
rocamboles
rocketsonde
rocketsondes
rockhound
rockhounds
rockingly
rockslide
rockslides
rockumentaries
rockumentary
rodomontaded
rodomontading
roentgenize
roentgenized
roentgenizes
roentgenizing
roentgenotherapies
roentgenotherapy
rollerblade
rollerblades
rollickingly
rollicksome
rootiness
rootinesses
rootlessly
rosanilin
rosaniline
rosanilines
rosanilins
rostellate
rotiferal
rotiferous
roughcaster
roughcasters
roughnecked
roughnecking
roundheel
roundheeled
roundheels
roundishness
roundishnesses
routinism
routinisms
routinist
routinists
rubberize
rubberizes
rubberizing
rubblework
rubbleworks
rubefaction
rubefactions
rubescence
rubescences
rubescent
rubiginose
rubiginous
rubrician
rubricians
rudderfish
rudderfishes
rudderstock
rudderstocks
rufescence
rufescences
rumblingly
rumormongered
rumrunning
rumrunnings
rupicolous
rupturable
ruralization
ruralizations
rustlingly
rustproofed
rustproofing
rustproofs
ruthenious
rutherford
rutherfords
ruttiness
ruttinesses
sabulosities
sabulosity
saccharate
saccharates
saccharimetries
saccharimetry
saccharinely
saccharoid
saccharomycete
saccharomycetes
saccharose
saccharoses
sacralization
sacralizations
sacralize
sacralized
sacralizes
sacralizing
sacramentalities
sacramentality
sacramentarian
sacramentarians
sacrificeable
sacrilegist
sacrilegists
sacrosanctness
sacrosanctnesses
sacrosciatic
saddleback
saddlebacks
sagittiform
sailboarded
sailboarder
sailboarders
sailoring
sailorings
salbutamol
salbutamols
salientian
salientians
saliferous
salimeter
salimeters
salimetric
salimetries
salimetry
salinometric
salinometries
salinometry
saloonkeeper
saloonkeepers
salpiform
salpingectomies
salpingectomy
salpingian
salpingitic
saltarelli
saltchuck
saltchucks
saltpetre
saltpetres
salvationists
salvifically
sanctifiable
sanctioner
sanctioners
sanctionless
sandblindness
sandblindnesses
sanguinolent
sanitariness
sanitarinesses
sanitizer
sanitizers
santonica
santonicas
sapidness
sapidnesses
sapiential
saponated
saporific
sappanwood
sappanwoods
sapphirines
sapraemia
sapraemias
saprobically
saprobiological
saprobiologies
saprobiologist
saprobiologists
saprobiology
saprogenous
saprolitic
sapropelic
sarcocarp
sarcocarps
sarcodinian
sarcodinians
sarcomatoid
sarcophagic
sarcophagous
sarcostyle
sarcostyles
sarmentose
sarmentous
sasquatch
sasquatches
sassywood
sassywoods
satanical
satanicalness
satanicalnesses
satcheled
satiabilities
satiability
satinette
satinettes
satirization
satirizations
satirizer
satirizers
satisfier
satisfiers
saturabilities
saturability
saturninely
satyrical
sauropodous
saxicoline
scabbiness
scabbinesses
scalation
scalations
scallawag
scallawags
scaloppini
scaloppinis
scandalization
scandalizations
scandalizer
scandalizers
scansorial
scaphopod
scaphopods
scapulary
scarabaei
scarabaeid
scarabaeids
scaraboid
scarcement
scarcements
scaremongering
scaremongerings
scarificator
scarificators
scariness
scarinesses
scatologic
scatologist
scatologists
scatterable
scenographical
scenographically
schedular
schefflera
scheffleras
schemingly
schistocyte
schistocytes
schistous
schizocarpic
schizocarpous
schizogeneses
schizogenesis
schizophyte
schizophytes
schizophytic
schizopod
schizopodous
schizopods
schizothymia
schizothymias
schizothymic
schizothymics
schlemihl
schlemihls
schlimazel
schlimazels
schlockmeister
schlockmeisters
schmaltzier
schmaltziest
schmoozer
schmoozers
scholarliness
scholarlinesses
scholastical
schoolteaching
schoolteachings
schoolyard
schoolyards
schorlaceous
sciaenoid
sciaenoids
sciamachies
sciamachy
scientistic
scintigram
scintigrams
scintillatingly
scintiscan
scintiscanner
scintiscanners
scintiscans
scirrhoid
scleritic
scleritis
scleritises
sclerodermatous
sclerosal
sclerotized
sclerotomies
sclerotomy
scoffingly
scoldingly
scopulate
scorbutical
scorbutically
scorification
scorifications
scorifier
scorifiers
scorpaenoid
scorpaenoids
scorpioid
scorpionfish
scorpionfishes
scotomatous
scotophobin
scotophobins
scraggily
scragginess
scragginesses
scraggliness
scragglinesses
scrapheap
scrapheaps
scratchpad
scratchpads
scratchproof
screechiness
screechinesses
screenwriting
screenwritings
screwable
scrimpily
scrimpiness
scrimpinesses
scriptoriums
scriptwriting
scriptwritings
scrobiculate
scrofulously
scrofulousness
scrofulousnesses
scrubbily
scrubbiness
scrubbinesses
scrummager
scrummagers
scrumptiousness
scrumptiousnesses
scrunchie
scrutinizingly
sculpturesqueness
sculpturesquenesses
scumminess
scumminesses
scutellation
scutellations
scutiform
scuzzball
scuzzballs
scuzzbucket
scuzzbuckets
seaworthier
seaworthiest
sebiferous
sebiparous
seborrheal
seborrhoea
seborrhoeas
secernment
secernments
secessional
secondment
secondments
secretaire
secretaires
sectionalist
sectionalists
sectionalization
sectionalizations
sectionalize
sectionalized
sectionalizes
sectionalizing
secundines
securable
sedentarily
sedentariness
sedentarinesses
sedimental
sedimentarily
sedimentous
seditionist
seditionists
seducible
seemingness
seemingnesses
segregable
segregational
segregator
segregators
seigniorial
seismical
seismographical
seismologic
seismologically
seismometrical
seismoscope
seismoscopes
seismoscopic
seldomness
seldomnesses
selectwoman
selectwomen
selenious
selenographer
selenographers
selenographic
selenographically
selenographies
selenographist
selenographists
selenography
selfwards
semanteme
semantemes
semaphoric
semaphorically
semasiologist
semasiologists
semiattached
semiautonomies
semiautonomously
semiautonomy
semicircularly
semicomatose
semiconsciously
semielliptical
semifluidities
semifluidity
semiglosses
semiliquidities
semiliquidity
semiliteracies
semiliteracy
semination
seminations
semiologic
semiotical
semioviparous
semipalmate
semiround
semirounds
semistaged
senatorially
sensationalization
sensationalizations
sensualness
sensualnesses
sentencer
sentencers
sentencings
sententially
sentiencies
sentiency
separably
separatively
septarian
septenary
septendecillionth
septendecillionths
septically
septicidally
septicities
septicity
septifragal
septifragally
septilateral
septillionth
septillionths
septuplet
septuplets
sequentialities
sequentiality
sequestrable
sequestrant
sequestrants
sequestrator
sequestrators
seraphical
sergeantship
sergeantships
seriocomical
sermonical
seroconvert
seroconverted
seroconverting
seroconverts
serpentaria
serpentarium
serpentariums
serrature
serratures
serrulate
serrulated
serrulation
serrulations
sertularian
sertularians
servicepeople
serviceperson
servicepersons
sesquicentennially
sesquipedal
sesquipedalianism
sesquipedalianisms
sesquipedalians
sessilities
sessility
setaceously
setiferous
setigerous
settecento
settecentos
sexagenaries
sexagenary
sexcentenaries
sexcentenary
sexduction
sexductions
sexennial
sexennially
sexennials
sexological
sexpartite
sextillionth
sextillionths
sexualization
sexualizations
shadowboxings
shakuhachi
shakuhachis
sharksucker
sharksuckers
shatterer
shatterers
sheatfish
sheatfishes
sheepwalk
sheepwalks
sheetrock
sheetrocked
sheetrocking
sheetrocks
shellbark
shellbarks
shellfire
shellfires
shellfishing
shellfishings
shellshocked
shimmeringly
shirtwaister
shirtwaisters
shitfaced
shitkicker
shitkickers
shiveringly
shlimazel
shlimazels
shockabilities
shockability
shoemaking
shoemakings
shoeshine
shoeshines
shopaholic
shopaholics
shopkeeping
shopkeepings
shoplifting
shopliftings
shopwalker
shopwalkers
shoreless
shortgrass
shortgrasses
shortlisted
shortlisting
shovelhead
shovelheads
shrewmice
shrewmouse
shrubbiness
shrubbinesses
shudderingly
shuttlecraft
sialagogic
sialogogue
sialogogues
sibilancies
sibilancy
siccative
siccatives
sicklebill
sicklebills
sidereally
sideritic
sideroses
siderosis
siderotic
sidestroked
sidestroking
sideswiper
sideswipers
sidlingly
sightedness
sightednesses
sightline
sightlines
sightseeings
sigillary
sigmation
sigmations
sigmoidoscope
sigmoidoscopes
sigmoidoscopic
signifiable
significants
significatively
significativeness
significativenesses
siliciferous
siliquaceous
siliquose
siliquous
silkscreen
silkscreens
silverings
silvertip
silvertips
silverwork
silverworks
silvicolous
simperingly
simplificative
simulatively
sinewiness
sinewinesses
sinewless
singabilities
singability
singingly
singularization
singularizations
singularness
singularnesses
sinistralities
sinistrality
sinistrally
sinistrodextral
sinistrorse
sinistrorsely
sinistrously
sinkerball
sinkerballs
sinuately
sinuation
sinuations
siphonage
siphonages
siphonophorous
siphonostelic
sissiness
sissinesses
sissyness
sissynesses
sisterliness
sisterlinesses
sitomania
sitomanias
sitzkrieg
sitzkriegs
sizarship
sizarships
sizzlingly
skateboarded
sketchable
sketchpad
sketchpads
skiagraph
skiagraphies
skiagraphs
skiagraphy
skiascope
skiascopes
skiascopies
skiascopy
skunkweed
skunkweeds
skunkworks
slatiness
slatinesses
slavocrat
slavocrats
sleepwalkings
slingback
slingbacks
slinkingly
slipcovered
slipcovering
slipperwort
slipperworts
slipsheet
slipsheeted
slipsheeting
slipsheets
slipshoddiness
slipshoddinesses
sloganizer
sloganizers
slopworker
slopworkers
sluggardliness
sluggardlinesses
slumberously
slumberousness
slumberousnesses
smaragdines
smeariness
smearinesses
smelliness
smellinesses
smirkingly
smokejumper
smokejumpers
smoothhound
smoothhounds
smotherer
smotherers
snakefish
snakefishes
snakehead
snakeheads
snakemouth
snakemouths
snakiness
snakinesses
snarlingly
snazziness
snazzinesses
sneeringly
sneezeguard
sneezeguards
sneezewort
sneezeworts
snickeringly
snipefish
snipefishes
snippiness
snippinesses
snooperscope
snooperscopes
snowblink
snowblinks
snowboarded
snowmakings
snowmobiled
snuffiness
snuffinesses
soapsudsy
soaringly
sobbingly
soberingly
socialness
socialnesses
sociopathies
sociopathy
solarimeter
solarimeters
solderable
soldierliness
soldierlinesses
solecistically
solenodon
solenodons
solenoidally
solfataric
solferino
solferinos
solidifier
solidifiers
solitudinous
soloistic
solubleness
solublenesses
solvableness
solvablenesses
somatologic
somatologically
somatologist
somatologists
somatoplasm
somatoplasms
somatoplastic
somatopleural
somatopleuric
somethings
somnambulator
somnambulators
somniferously
somniloquies
somniloquist
somniloquists
somniloquy
somnolencies
somnolency
soniferous
sonnetize
sonnetized
sonnetizes
sonnetizing
sophisticator
sophisticators
sophomorically
soporifically
sorcerously
sororally
sororicidal
sororicide
sororicides
sortation
sortations
sostenuti
soteriologic
soundlessness
soundlessnesses
soundtrack
soundtracks
southeastwardly
southerner
southerners
southernism
southernisms
southlander
southlanders
southwardly
southwestwardly
sovereigntist
sovereigntists
spaceborne
spacebridge
spacebridges
spacefaring
spacefarings
spacesuit
spacesuits
spacewoman
spacewomen
spankingly
sparingness
sparingnesses
sparkleberries
sparkleberry
sparrowgrass
sparrowgrasses
spasmodical
spatchcock
spatchcocked
spatchcocking
spatchcocks
spatterdash
spatterdashes
speciesist
speciesists
spectralities
spectrality
spectralness
spectralnesses
spectrochemical
spectrochemistries
spectrochemistry
spectroheliographic
spectrohelioscopic
spectroscopical
speculativeness
speculativenesses
speechification
speechifications
speechifier
speechifiers
speechmaker
speechmakers
speechmaking
speechmakings
speedwriting
speedwritings
spelldown
spelldowns
spermatocidal
spermatocide
spermatocides
spermatogenetic
spermatophoral
spermatorrhea
spermatorrheas
spermatozoic
spermiogenetic
spermogonia
spermogonium
spermophyte
spermophytes
sphenogram
sphenograms
sphericalness
sphericalnesses
spheroidicities
spheroidicity
spherular
sphincteral
sphragistic
sphragistics
sphygmogram
sphygmograms
sphygmographic
sphygmographies
sphygmography
sphygmomanometric
sphygmometer
sphygmometers
spiceberries
spiceberry
spiculate
spindlelegs
spinescence
spinescences
spinescent
spiniferous
spinmeister
spinmeisters
spinosely
spiriferous
spiritualistically
spiritualizer
spiritualizers
spirituosities
spirituosity
spirituousness
spirituousnesses
spirograph
spirographic
spirographically
spirographies
spirographs
spirography
spironolactone
spironolactones
spirulina
spirulinas
spitchcock
spitchcocks
splanchnologies
splanchnology
splashguard
splashguards
splatterpunk
splatterpunks
spleenfully
spleenish
splenetical
spleneticals
spondyloses
spondylosis
spongioblast
spongioblasts
spoondrift
spoondrifts
sporaceous
sporiferous
sporocyte
sporocytes
sporophyl
sporophyls
sporoplasm
sporoplasms
spousally
sprechgesang
sprechgesangs
sprechstimme
sprechstimmes
sprigtail
sprigtails
springbuck
springbucks
springhalt
springhalts
springlet
springlets
squalidities
squalidity
squamiform
squamously
squamousness
squamousnesses
squarrose
squarrosely
squeakily
squeakiness
squeakinesses
squeezebox
squeezeboxes
squeteagues
squirearchal
squirrelfish
squirrelfishes
squirrely
stableboy
stableboys
stadholder
stadholders
stageabilities
stageability
stairhead
stairheads
stairstep
stairstepped
stairstepping
stairsteps
stalactiform
stalactitically
stalagmitically
stalkable
stalkiness
stalkinesses
stalkingly
staminiferous
staminode
staminodes
staminodies
staminody
stammeringly
stampable
stanchable
stanchioning
standardizer
standardizers
standdown
standdowns
staphyloplastic
staphyloplasties
staphyloplasty
staphylorrhaphies
staphylorrhaphy
starburst
starbursts
starriness
starrinesses
statehooder
statehooders
stateswoman
stateswomen
stationaries
statolithic
statuesqueness
statuesquenesses
steakhouse
steakhouses
stealthful
steamfitting
steamfittings
stearoptene
stearoptenes
steatolyses
steatolysis
steatorrhoea
steatorrhoeas
steeplechased
stellated
stellately
stelliform
stellular
stemwinder
stemwinders
stenobath
stenobaths
stenograph
stenographed
stenographical
stenographing
stenographs
stenophagous
stenothermic
stenothermous
stenotypic
steppingstone
steppingstones
steradian
steradians
stercorous
stereobate
stereobates
stereochrome
stereochromes
stereochromies
stereochromy
stereographical
stereographically
stereoscopist
stereoscopists
stereotactically
stereotaxes
stereotaxies
stereotaxis
stereotaxy
stereotomies
stereotomy
stereotropic
stereotropism
stereotropisms
stereotypist
stereotypists
sterileness
sterilenesses
sternoclavicular
sternutative
sternutatories
sternutatory
stertorousness
stertorousnesses
stethoscopical
stethoscopically
stethoscopies
stethoscopy
stichometric
stichometries
stichometry
stickabilities
stickability
stickballer
stickballers
stigmatical
stigmatism
stigmatisms
stigmatizer
stigmatizers
stimulable
stimulater
stimulaters
stimulatingly
stinkaroo
stinkaroos
stinkball
stinkballs
stinkeroo
stinkeroos
stinkingness
stinkingnesses
stinkstone
stinkstones
stintingly
stipellate
stipiform
stipitate
stipulable
stirrable
stirringly
stishovite
stishovites
stockbreeding
stockbreedings
stockholding
stockholdings
stockjobberies
stockjobbery
stoicalness
stoicalnesses
stoicheiometries
stoicheiometry
stokehole
stokeholes
stolidness
stolidnesses
stolonate
stomachically
stomatitic
stomatologic
stomatological
stomatologies
stomatologist
stomatologists
stomatology
stomatous
stompingly
stonehearted
stoneroller
stonerollers
stonewash
stonewashes
stonewashing
stoneworker
stoneworkers
stonyheartedly
stonyheartedness
stonyheartednesses
stoopingly
storekeeping
storekeepings
stormproof
strabismal
strabismally
strabismical
strainometer
strainometers
strappadoes
strategics
straticulate
straticulation
straticulations
stratificational
stratigrapher
stratigraphers
stratigraphically
stratocratic
stratopause
stratopauses
stratospherically
strawboard
strawboards
strawworm
strawworms
streakily
streptocarpus
streptocarpuses
streptodornase
streptodornases
stressfulness
stressfulnesses
stretchiness
stretchinesses
strickenly
strictured
stridulant
strikingness
strikingnesses
stringboard
stringboards
stringhalty
stripteased
stripteasing
strobilar
stroboscopical
stroganoff
stroganoffs
stromatic
strongroom
strongrooms
strongyloses
strongylosis
strontian
strontians
strophoid
strophoids
strophuli
strophulus
strophuluses
strychninism
strychninisms
stubbiness
stubbinesses
studdingsail
studdingsails
stultifier
stultifiers
stumpiness
stumpinesses
stumpwork
stumpworks
stupefacient
stupefacients
stupefactive
stupefier
stupefiers
stutteringly
stylistical
stylitism
stylitisms
stylograph
stylographic
stylographically
stylographs
stylolite
stylolites
stypticities
stypticity
subacidities
subacidity
subalternate
subalternation
subalternations
subapically
subauricular
subaxillary
subcaliber
subcartilaginous
subcelestial
subcortex
subcortices
subcranial
subdiaconal
subdiaconate
subdiaconates
subdirectories
subdirectory
subdivisional
subduable
subequatorial
subflooring
subfloorings
subgeneric
subincision
subincisions
subjoinder
subjoinders
subjugable
subjunctively
sublessee
sublessees
sublessor
sublessors
sublingually
submarginally
submaxilla
submaxillae
submergibilities
submergibility
subminiaturization
subminiaturizations
subminiaturize
subminiaturized
subminiaturizes
subminiaturizing
submittable
submitter
submitters
submontane
subnormals
subnotebook
subnotebooks
subornative
suboscine
suboscines
subperiosteal
subphylar
subscapular
subscriptive
subscriptively
subshrubby
subsidiariness
subsidiarinesses
subsidizable
subsister
subsisters
subspecialization
subspecializations
substantialism
substantialisms
substantiator
substantiators
substantivization
substantivizations
substellar
substratal
substrative
substratosphere
substratospheres
substratums
substruction
substructions
subsumptive
subtangent
subtangents
subtilities
subtility
subtorrid
subtypical
suburbicarian
succorable
succulencies
succulency
succussion
succussions
suckerfish
suckerfishes
sufferingly
suffixion
suffixions
suffraganship
suffraganships
suffragettism
suffragettisms
suffragism
suffragisms
suffrutescent
suffruticose
sugarbird
sugarbirds
sugarbush
sugarbushes
sugariness
sugarinesses
sugarlike
suggestibleness
suggestiblenesses
suggestibly
suicidologies
suicidology
sulfation
sulfations
sulfonmethane
sulfonmethanes
sulfurate
sulfurated
sulfurates
sulfurating
sulfuration
sulfurations
sulfureous
sulfureousness
sulfureousnesses
sulfurization
sulfurizations
summariness
summarinesses
summarist
summarists
sunderable
sunderance
sunderances
sunlessness
sunlessnesses
superabilities
superability
superadditional
superconduction
superconductions
superdelegate
superdelegates
superdominant
superdominants
supererogate
supererogated
supererogates
supererogating
supererogator
supererogatorily
supererogators
superfecta
superfectas
superfetate
superficialness
superficialnesses
superfineness
superfinenesses
supergalaxies
supergalaxy
superincumbence
superincumbences
superincumbencies
superincumbency
superordinated
superordinates
superordinating
superrealist
superrealists
supersaver
supersavers
supersedable
supersedence
supersedences
supersensibly
superstitiousness
superstitiousnesses
superstratums
supertitle
supertitles
supervenience
superveniences
supervisorship
supervisorships
suppertime
suppertimes
supplementaries
supportably
suppositionally
supposititiousness
supposititiousnesses
suppositive
suppositively
suppositives
suppresser
suppressers
suppressively
supralapsarian
supralapsarianism
supralapsarianisms
supralapsarians
supraliminally
surcharger
surchargers
surculose
surfaceless
surfboardings
surfcaster
surfcasters
surfcasting
surfcastings
surgicenter
surgicenters
surmisable
surmounter
surmounters
surmullet
surmullets
surpliced
surprisedly
surrenderer
surrenderers
surreptitiousness
surreptitiousnesses
surrogateship
surrogateships
surrogation
surrogations
surveyable
survivalism
survivalisms
susceptance
susceptances
suspendibilities
suspendibility
suspendible
suspensiveness
suspensivenesses
suspensoid
suspensoids
suspicional
sustainment
sustainments
sustentacular
sustention
sustentions
susurrate
susurrated
susurrates
susurrating
swallowwort
swallowworts
swarthily
swashbucklings
sweepstake
sweptback
sweptwing
sweptwings
swordbill
swordbills
swordswoman
swordswomen
sybaritical
sycophantical
syllabism
syllabisms
syllabize
syllabized
syllabizes
syllabizing
syllogistical
syllogization
syllogizations
syllogizer
syllogizers
sylphidine
symbiontic
symbiotical
symbolicalness
symbolicalnesses
symbolistically
symbological
symbologist
symbologists
sympathizingly
symphystic
sympodially
symposiac
symposiacs
symptomatize
symptomatized
symptomatizes
symptomatizing
symptomize
symptomized
symptomizes
symptomizing
synaesthetic
synagogical
synarthrodially
synchondroses
synchondrosis
synchroflash
synchroflashes
synchronistical
synchronistically
syndactyl
syndactyls
syndesmotic
syndicalistic
syndicship
syndicships
syndromic
synecologic
synecologically
synergetically
synesthete
synesthetes
syngamous
syngeneically
syngeneses
syngenesis
syngenetic
synkaryonic
synkineses
synkinesis
synkinetic
synodically
synoecious
synonymousness
synonymousnesses
synostotic
synovitic
synsepalous
synthesization
synthesizations
synthetical
syphilitically
syphiloid
syringeal
syssarcoses
syssarcosis
systematical
systemizer
systemizers
syzygetic
tabescence
tabescences
tabescent
tabloidism
tabloidisms
tabulable
tabularization
tabularizations
tabularize
tabularized
tabularizes
tabularizing
tabularly
tacamahaca
tacamahacas
tacamahack
tacamahacks
tachograph
tachographs
tachometric
tachometrically
tachometries
tachometry
tachycardiac
tachygrapher
tachygraphers
tachygraphic
tachygraphical
tachygraphies
tachygraphy
tachylite
tachylites
tachylitic
tachylyte
tachylytes
tachylytic
tachymeter
tachymeters
tachymetries
tachymetry
tachyonic
tachysterol
tachysterols
taciturnly
tacmahack
tacmahacks
taeniacide
taeniacides
taeniafuge
taeniafuges
tagmemics
tahsildar
tahsildars
tailstock
tailstocks
taleteller
taletellers
taletelling
taletellings
talismanical
tambourin
tambourinist
tambourinists
tambourins
tamburitza
tamburitzas
tangentialities
tangentiality
tanginess
tanginesses
tantalization
tantalizations
taperingly
taramasalata
taramasalatas
taramosalata
taramosalatas
tarriness
tarrinesses
tarsometatarsal
tartarous
tartrated
tattlingly
tautologic
tautologist
tautologists
tautologize
tautologized
tautologizes
tautologizing
tautonymic
tautonymous
taxabilities
taxability
taxableness
taxablenesses
taxational
taxidermal
taximetrics
taxonomical
teachabilities
teachability
teariness
tearinesses
tearjerking
tearlessly
tearlessness
tearlessnesses
teataster
teatasters
techiness
techinesses
technicalness
technicalnesses
technicolor
technicolored
technothriller
technothrillers
tectricial
tegularly
tegulated
tegumental
tegumentary
telaesthesia
telaesthesias
telecamera
telecameras
telecommunicate
telecommunicated
telecommunicates
telecommunicating
telecommunicator
telecommunicators
telecommutings
teleconferenced
teledrama
teledramas
telegenically
telegonic
telegonous
telegrammatic
telegrammic
telemedicine
telemedicines
telencephalons
teleosteans
telepathist
telepathists
telepathize
telepathized
telepathizes
telepathizing
telephotograph
telephotographed
telephotographic
telephotographing
telephotographs
teleprompter
teleprompters
telescopical
telescopies
telescopist
telescopists
telescopy
teleshopper
teleshoppers
teleshopping
teleshoppings
telestereoscope
telestereoscopes
telesthesia
telesthesias
telesthetic
telestich
telestichs
teletheater
teletheaters
teletranscription
teletranscriptions
teleutosporic
televisional
televisionally
televisionary
televisor
televisors
teliosporic
tellership
tellerships
tellurian
tellurians
tellurion
tellurions
tellurize
tellurized
tellurizes
tellurizing
tellurous
telolecithal
telophasic
telpherage
telpherages
temperabilities
temperability
temptingness
temptingnesses
tenderable
tenebrosities
tenebrosity
tenebrousness
tenebrousnesses
tenemental
tenementary
teniacide
teniacides
teniafuge
teniafuges
tenorrhaphies
tenorrhaphy
tenseless
tensilely
tensileness
tensilenesses
tensimeter
tensimeters
tensorial
terahertz
teratomatous
terebinthine
tergiversant
tergiversants
tergiversatory
termagancies
termagancy
termagantly
terminabilities
terminability
terminologist
terminologists
terpsichoreans
terraform
terraformed
terraforming
terraforms
terrenely
terrestrialness
terrestrialnesses
terrifier
terrifiers
terrorizer
terrorizers
tervalencies
tervalency
tessiture
testiculate
testification
testifications
testudinal
testudinate
testudinates
tetrabasic
tetrabasicities
tetrabasicity
tetrabrach
tetrabrachs
tetrabranchiate
tetrachordal
tetradymite
tetradymites
tetraethyllead
tetraethylleads
tetragram
tetragrams
tetrahydroxy
tetramerism
tetramerisms
tetrapodies
tetrapody
tetrapterous
tetrarchate
tetrarchates
tetrasporangia
tetrasporangium
tetrastich
tetrastichic
tetrastichous
tetrastichs
tetrasyllabic
tetrasyllable
tetrasyllables
tetratomic
tetravalence
tetravalences
textualism
textualisms
textualist
textualists
texturizer
texturizers
thalamencephala
thalamencephalic
thalamencephalon
thalamencephalons
thanatophobia
thanatophobias
thanatopses
thanatopsis
thanatopsises
thatchings
thaumatologies
thaumatology
thaumatrope
thaumatropes
thaumaturgical
theanthropic
theanthropism
theanthropisms
theanthropist
theanthropists
theatregoer
theatregoers
theatricalness
theatricalnesses
theocentricism
theocentricisms
theodicean
theodolitic
theogonist
theogonists
theomachies
theomachy
theomorphic
theomorphism
theomorphisms
theorematically
theoretics
theosophic
theosophism
theosophisms
therapeutical
therapeutist
therapeutists
thereagainst
therianthropic
therianthropism
therianthropisms
theriomorphous
thermanesthesia
thermanesthesias
thermesthesia
thermesthesias
thermobarometer
thermobarometers
thermocauteries
thermocautery
thermochemically
thermoelectrical
thermoelectrically
thermoelectron
thermoelectrons
thermogeneses
thermogenesis
thermogenetic
thermographer
thermographers
thermolyses
thermolysis
thermolytic
thermometrical
thermomotor
thermomotors
thermoperiodic
thermoscopic
thermosiphon
thermosiphons
thermotaxic
thermotherapies
thermotherapy
theropodan
thersitical
theurgically
thickheadedness
thickheadednesses
thigmotactic
thigmotactically
thigmotropic
thingumabob
thingumabobs
thingumbob
thingumbobs
thiocarbamide
thiocarbamides
thoracolumbar
thoroughpaced
thrashings
thremmatologies
thremmatology
threnodial
throbbingly
thrombolyses
thrombolysis
thromboplastically
thrombosed
thrombosing
throneless
throughway
throughways
thumbless
thumbstall
thumbstalls
thumpingly
thunderation
thunderations
thunderpeal
thunderpeals
thundersquall
thundersqualls
thwartedly
tibiofibular
tibiotarsi
tibiotarsus
tidewaiter
tidewaiters
tiebreaking
tierceron
tiercerons
tightknit
timesaver
timesavers
tintinnabula
tintinnabular
tintinnabulous
tintinnabulum
titanosaur
titanosaurs
titanothere
titanotheres
titillater
titillaters
titrimetrically
titteringly
titubation
titubations
tokenistic
tolerableness
tolerablenesses
tolerationist
tolerationists
tollkeeper
tollkeepers
tomboyishly
tomfoolish
tomfoolishness
tomfoolishnesses
tomograph
tomographs
tonometric
tonsillitic
tonsillotomies
tonsillotomy
toothiness
toothinesses
toothlessly
toothlessness
toothlessnesses
topazolite
topazolites
tophaceous
topicalization
topicalizations
topicalize
topicalized
topicalizes
topicalizing
topologic
topstitchings
torbernite
torbernites
torchiere
torchieres
tormentedly
tormentingly
torpidness
torpidnesses
torporific
torrefaction
torrefactions
torsibilities
torsibility
torticollar
torturingly
totalization
totalizations
totaquine
totaquines
totipalmate
totipalmation
totipalmations
touchabilities
touchability
touchableness
touchablenesses
touchingness
touchingnesses
touchscreen
touchscreens
touchtone
touchtones
toughener
tougheners
tourmalinic
townhouse
townhouses
toxalbumin
toxalbumins
toxically
toxicogenic
toxocariases
toxocariasis
traceableness
traceablenesses
traceably
tracheates
tracheidal
tracheoesophageal
tracheoscopic
tracheoscopies
tracheoscopy
trachomatous
trachytoid
trackable
tracklessly
tractilities
tractility
tradeless
tradesfolk
tradeswoman
tradeswomen
traditionalities
traditionality
traditionist
traditionists
traducianism
traducianisms
traducianist
traducianistic
traducianists
traducingly
tragicalness
tragicalnesses
tragicomically
trailblazings
trailingly
traitorousness
traitorousnesses
trammeler
trammelers
trammeller
trammellers
tranquilization
tranquilizations
transactinides
transactionally
transactivation
transactivations
transborder
transcendentalities
transcendentality
transcendentalness
transcendentalnesses
transcontinentally
transcribable
transcriptive
transcriptively
transculturation
transculturations
transcurrent
transeunt
transferral
transferrals
transfigurement
transfigurements
transfuser
transfusers
transfusive
transgender
transgendered
transgressively
transilience
transiliences
transilient
transitionary
transitioned
transitioning
transitives
translatableness
translatablenesses
translatorial
transliterator
transliterators
translunar
translunary
transmigrant
transmigrants
transmissively
transmundane
transmutabilities
transmutability
transmutably
transmutational
transmuter
transmuters
transnationals
transpadane
transpicuously
transpirable
transpiratory
transportive
transposabilities
transposability
transposer
transposers
transpositive
transputer
transputers
transubstantially
transudatory
transurethral
transversally
transverseness
transversenesses
transvestitism
transvestitisms
trapezial
trapeziform
trapezohedral
traumatologies
traumatologist
traumatologists
traumatology
treasonableness
treasonablenesses
treasonously
trebleness
treblenesses
trecentist
trecentists
tredecillionth
tredecillionths
trehalase
trehalases
tremblingly
tremorous
treponematous
trestletree
trestletrees
triableness
triablenesses
triatomically
tribadism
tribadisms
tribalist
tribalistic
tribalists
tribeswoman
tribeswomen
tribromoethanol
tribromoethanols
tribunary
tributarily
tricameral
tricentennial
tricentennials
trichinization
trichinizations
trichitic
trichlorethylene
trichlorethylenes
trichlorid
trichloride
trichlorides
trichlorids
trichloroethane
trichloroethanes
trichocystic
trichogynial
trichogynic
trichomic
trichomonadal
trichopterous
trichoses
trichosis
trichotomic
trichroic
trichroism
trichroisms
trichromic
trichuriases
trichuriasis
trickledown
tricostate
tricrotic
tricrotism
tricrotisms
tricuspidal
tricuspidate
tridactyl
tridactylous
tridental
tridentate
tridimensionally
trifacial
triflingly
trifoliated
triformed
trigonous
trigrammatic
trigrammatically
trigraphically
trilateralism
trilateralisms
trilateralist
trilateralists
trilaterally
trilingualism
trilingualisms
trilinguals
trilithon
trilithons
trilobated
trilobitic
trilocular
trimestral
trimestrial
trimethadione
trimethadiones
trimetric
trimetrical
trimolecular
trimorphically
trimorphism
trimorphisms
trimorphous
trinitrobenzene
trinitrobenzenes
trinitrocresol
trinitrocresols
trinitrotoluol
trinitrotoluols
trinomially
trioecious
tripalmitin
tripalmitins
tripartition
tripartitions
triphammer
triphammers
triphibian
triphibians
triphibious
triradiately
trisepalous
triskaidekaphobic
triskelia
trisoctahedral
trisodium
tristichic
tristichous
trisyllabically
tritanopia
tritanopias
triumviral
trivalence
trivalences
trivalencies
trivalency
trivialism
trivialisms
trochoidally
troglodytical
trombiculiases
trombiculiasis
trombidiases
trombidiasis
troostite
troostites
trophallactic
trophoderm
trophoderms
tropicalization
tropicalizations
tropicbird
tropicbirds
tropistically
tropologies
tropology
tropophilous
tropophyte
tropophytes
tropophytic
tropotactic
tropotactically
troutperch
troutperches
troweller
trowellers
truncately
trustbusting
trustbustings
trustlessly
trustlessness
trustlessnesses
trustworthier
trustworthiest
trypanosomal
trypanosomic
tryparsamide
tryparsamides
tsarevitch
tsarevitches
tubbiness
tubbinesses
tubectomies
tubectomy
tuberculately
tuberculation
tuberculations
tuberculously
tuboplasties
tuboplasty
tubularities
tubularity
tubularly
tubulation
tubulations
tubulator
tubulators
tubuliflorous
tubulously
tumblehome
tumblehomes
tumefacient
tumidness
tumidnesses
tumulosities
tumulosity
tunelessness
tunelessnesses
tungstenic
tungstite
tungstites
tunnelings
tunneller
tunnellers
turbination
turbinations
turbocharge
turbocharges
turbocharging
turbosupercharger
turbosuperchargers
turgescencies
turgescency
turpentinic
turpentinous
turrethead
turretheads
twistabilities
twistability
twistable
twistingly
twitchiness
twitchinesses
twitchingly
twitterer
twitterers
tylectomies
tylectomy
tympanitis
tympanitises
tympanoplasties
tympanoplasty
typhlitic
typhlitis
typhlitises
typhlologies
typhlology
typhoidal
typologic
tyrannicidal
tzarevitch
tzarevitches
ugsomeness
ugsomenesses
uitlander
uitlanders
ulcerously
ulotrichous
ultrafilter
ultrafilters
ultramicrometer
ultramicrometers
ultramicroscopies
ultramicroscopy
ultraminiaturization
ultraminiaturizations
ultraminiaturize
ultraminiaturizes
ultraminiaturizing
ultramodernism
ultramodernisms
ultramontanist
ultramontanists
ultramundane
ultranational
ultrareligious
ultrasonogram
ultrasonograms
ultravirus
ultraviruses
umbellated
umbellately
umbellulate
umbellule
umbellules
umbilically
umbiliform
unabridgeds
unaccomplished
unaccountableness
unaccountablenesses
unaccustomedness
unaccustomednesses
unachievable
unadjustable
unadvisable
unadvisedness
unadvisednesses
unaffordabilities
unaffordability
unallowable
unanalyzably
unanimousness
unanimousnesses
unanswerableness
unanswerablenesses
unappealably
unappreciatively
unapproachableness
unapproachablenesses
unashamedness
unashamednesses
unaspiring
unassertiveness
unassertivenesses
unassumingly
unattainabilities
unattainability
unattainableness
unattainablenesses
unattainably
unattempted
unattired
unavenged
unavoidabilities
unavoidability
unavoidableness
unavoidablenesses
unbalanceable
unbearableness
unbearablenesses
unbefitting
unbegotten
unbelievingness
unbelievingnesses
unbendingly
unbiasedly
unbiassed
unblessedness
unblessednesses
unblushingness
unblushingnesses
unbosomer
unbosomers
unboundedly
unbreakableness
unbreakablenesses
unbreakably
unbribable
unbridledly
unbrokenly
unbrokenness
unbrokennesses
unbrotherly
uncancelled
unceasingness
unceasingnesses
unchainable
unchallengeably
unchastened
uncherished
unchilled
uncivilizedly
uncivilizedness
uncivilizednesses
uncivilness
uncivilnesses
uncleanlier
uncleanliest
uncleared
uncleless
uncoagulated
uncombinable
uncomfortableness
uncomfortablenesses
uncomforted
uncommissioned
uncommunicatively
uncommunicativeness
uncommunicativenesses
uncompanionable
uncomplying
uncompressed
unconceivableness
unconceivablenesses
unconceivably
unconcluded
uncondensed
unconditionalities
unconditionality
unconditionedness
unconditionednesses
unconducive
unconformabilities
unconformability
unconnectedly
unconnectedness
unconnectednesses
unconscientious
unconsoled
uncontradictable
uncontrovertible
uncooperatively
uncooperativeness
uncooperativenesses
uncorrupted
unctuosities
unctuosity
uncuttable
undauntedness
undauntednesses
undecayed
undeceivable
undeceiver
undeceivers
undecidedly
undecidedness
undecidednesses
undefensible
undemonstrable
underbake
underbaked
underbakes
underbaking
underbite
underbites
undercapitalization
undercapitalizations
undercapitalize
undercapitalizes
undercapitalizing
underclay
underclays
undercoated
undercook
undercooked
undercooking
undercooks
underdevelop
underdeveloping
underdevelops
underdress
underdressed
underdresses
underdressing
underendowed
underexercise
underexercised
underexercises
underexercising
underfired
underflow
underflows
undergrown
underhung
underinsure
underinsures
underinsuring
underived
underlinings
underneaths
undernourish
undernourishes
undernourishing
underperform
underperformance
underperformances
underperformed
underperformer
underperformers
underperforming
underperforms
underpraise
underpraised
underpraises
underpraising
underproduce
underproduced
underproduces
underproducing
underproductive
underprop
underpropped
underpropper
underproppers
underpropping
underprops
underquote
underquoted
underquotes
underquoting
underrepresent
underrepresenting
underrepresents
underripe
undersecretariat
undersecretariats
underseller
undersellers
undersheriff
undersheriffs
undersign
undersigning
undersigns
undersoil
undersoils
underspend
underspending
underspends
underspent
understaff
understaffs
understatedness
understatednesses
undersubscribe
undersubscribed
undersubscribes
undersubscribing
undersupplied
undersupplying
underthings
undertint
undertints
undertrained
undertrump
undertrumped
undertrumping
undertrumps
undervest
undervests
underwaters
underwire
underwires
undeservedly
undetachable
undiffused
undiscernible
undiscernibly
undiscerning
undispelled
undisposed
undistilled
undistinguishable
undistressed
undiversified
undivulged
unemancipated
unendorsed
unendowed
unengaged
unenjoyable
unenrolled
unentangled
unentered
unequipped
unescorted
unessentials
unesthetic
unethically
unexaggerated
unexceptionally
unexchangeable
unexecuted
unexpanded
unexpendable
unexperienced
unexpressively
unexpressiveness
unexpressivenesses
unextended
unfailingness
unfailingnesses
unfatherly
unfathomableness
unfathomablenesses
unfathomed
unfeathered
unfederated
unfittingly
unflavored
unfordable
unforgettableness
unforgettablenesses
unforgivably
unforgiven
unforgotten
unforsaken
unfortunateness
unfortunatenesses
unfoundedly
unfoundedness
unfoundednesses
unfriendlier
unfriendliest
ungathered
unglorified
ungovernableness
ungovernablenesses
ungovernably
ungracefulness
ungracefulnesses
ungrammatically
ungratified
ungreased
ungrounded
ungrudgingly
unguentary
unguiculate
unguiculated
unguiculates
unguligrade
unhandsomeness
unhandsomenesses
unharmful
unharmonious
unharrowed
unhesitant
uniaxially
unicameralism
unicameralisms
unicellularities
unicellularity
unicostate
unifactorial
unijugate
unilateralism
unilateralisms
unilateralist
unilateralists
unilluminated
unillustrated
unimitated
unimportance
unimportances
unimpressionable
uninfested
uninfluential
uninhabitabilities
uninhabitability
uninstall
uninstalled
uninstalling
uninstalls
uninsurabilities
uninsurability
unintelligence
unintelligences
uninterestedly
uninterestedness
uninterestednesses
uninterestingly
uninterpolated
uninterpreted
uninvested
uninvitingly
uninvoked
unionistic
unionizer
unionizers
uniparous
unipersonal
uniplanar
unipolarities
unipolarity
unipotent
uniramous
uniseriate
unisexually
unisonant
unisonous
univalencies
univalency
univalved
unjudicial
unkemptness
unkemptnesses
unknowableness
unknowablenesses
unknowables
unknowably
unlabored
unlearnedly
unlifelike
unlighted
unlikeable
unlimitedness
unlimitednesses
unlocated
unmanageabilities
unmanageability
unmeaningly
unmechanical
unmechanically
unmentionableness
unmentionablenesses
unmentionably
unmentioned
unmercifulness
unmercifulnesses
unmindfully
unmindfulness
unmindfulnesses
unmistaken
unmixedly
unmorally
unmourned
unmusically
unmusicalness
unmusicalnesses
unnamable
unnavigable
unneedful
unneighborly
unnilennium
unnilenniums
unniloctium
unniloctiums
unnilseptium
unnilseptiums
unnoticeably
unnurtured
unobscured
unobservant
unobserving
unoffending
unoffensive
unoffered
unoppressed
unordained
unpaginated
unpalatably
unpardoned
unpatented
unpeaceful
unperfected
unperplexed
unpersuadable
unplanted
unpleasantries
unpleasantry
unplucked
unpopularly
unpopulated
unpracticed
unpremeditatedly
unpreparedly
unprepossessingly
unprescribed
unpresentable
unpreserved
unpreventable
unproductively
unproductiveness
unproductivenesses
unprofessionalism
unprofessionalisms
unprofessionally
unprofitabilities
unprofitability
unpropitiously
unprovided
unprovidedly
unpurified
unputdownable
unqualifiedness
unqualifiednesses
unquestionabilities
unquestionability
unquestionableness
unquestionablenesses
unquotable
unratified
unravelment
unravelments
unreachabilities
unreachability
unreachably
unreadabilities
unreadability
unreadableness
unreadablenesses
unreadably
unreadily
unreciprocated
unreckonable
unreflecting
unreflectingly
unreflectively
unregenerable
unregeneracies
unregeneracy
unregenerated
unreliableness
unreliablenesses
unreliably
unreligious
unremitted
unremittingness
unremittingnesses
unremunerative
unrenewed
unrepairable
unrepenting
unrequitedly
unresisting
unretentive
unrhythmical
unriddler
unriddlers
unrightful
unsaleable
unsanctified
unsaturation
unsaturations
unsavorily
unsavoriness
unsavorinesses
unsculptured
unsealable
unsealableness
unsealablenesses
unseasonal
unseconded
unselfconscious
unselfconsciously
unselfconsciousness
unselfconsciousnesses
unshakeable
unsharpened
unsheltered
unshielded
unshrinkable
unshrinking
unsingable
unsolicitous
unsophisticatedly
unsophisticatedness
unsophisticatednesses
unsparingness
unsparingnesses
unspeakableness
unspeakablenesses
unsporting
unspottedness
unspottednesses
unstamped
unstarched
unsteadfast
unstriated
unstuffed
unsubmissive
unsuccessfulness
unsuccessfulnesses
unsuitableness
unsuitablenesses
unsurmountable
unsuspectedly
unsuspectingly
unsustained
unswervingly
untenableness
untenablenesses
untenably
unthanked
unthankful
unthankfully
unthankfulness
unthankfulnesses
unthinkableness
unthinkablenesses
unthinkingness
unthinkingnesses
unthoughtful
unticketed
untouchably
untransferable
untravelled
untroubledness
untroublednesses
untrustful
ununnilium
ununniliums
unununium
unununiums
unutterableness
unutterablenesses
unuttered
unvacillating
unvanquished
unveilings
unverified
unvulcanized
unwholesomeness
unwholesomenesses
unwitnessed
unworkableness
unworkablenesses
unworkably
unworkmanlike
unyieldingness
unyieldingnesses
upbraidingly
upbuilder
upbuilders
upcountries
upcountry
upliftment
upliftments
upsadaisy
upsettingly
uranographer
uranographers
uranographic
uranographical
uranographist
uranographists
urbaneness
urbanenesses
uredostage
uredostages
urethritic
urethroscopic
urethroscopies
urethroscopy
urinative
uriniferous
urochordal
urogenous
urographic
urographies
urography
urolithic
uropygial
uroscopic
useableness
useablenesses
ustulation
ustulations
usurpingly
utterness
utternesses
uxorially
uxoricidal
vacatable
vacillant
vacillatory
vaginated
vaginectomies
vaginectomy
vagotropic
validness
validnesses
valinomycin
valinomycins
vallation
vallations
valleculate
valorousness
valorousnesses
valproate
valproates
valvuloplasties
valvuloplasty
vampirical
vampishly
vanadinite
vanadinites
vandalish
vanishment
vanishments
vanquishment
vanquishments
vaporabilities
vaporability
vaporable
vaporescence
vaporescences
vaporific
vaporosities
vaporosity
varicellar
varicellate
varicelloid
varicoses
varicosis
varicotomies
varicotomy
variedness
variednesses
varietally
variformly
variolate
variolated
variolates
variolating
variolite
variolites
variolitic
varioloid
varioloids
variolous
variscite
variscites
vascularize
vascularized
vascularizes
vascularizing
vasoinhibitor
vasoinhibitors
vasoinhibitory
vehemencies
vehemency
veinstone
veinstones
velamentous
velitation
velitations
velocipedist
velocipedists
velutinous
venatical
venational
vendettist
vendettists
vendition
venditions
venepuncture
venepunctures
venerational
venereological
venereologies
venereologist
venereologists
venereology
venialities
veniality
venousness
venousnesses
ventilative
ventricosities
ventricosity
ventrodorsal
ventrodorsally
ventrolaterally
ventromedially
verbification
verbifications
verdurousness
verdurousnesses
verifiably
verificative
vermicidal
vermicularly
vermiculates
vermiculating
vermination
verminations
verminously
vermivorous
vernacularize
vernacularized
vernacularizes
vernacularizing
verrucous
versicolor
versicolored
vertebrally
vertebration
vertebrations
verticillaster
verticillasters
verticillastrate
verticillated
verticillately
verticillation
verticillations
vertiginousness
vertiginousnesses
vesication
vesications
vesicatories
vesicatory
vespertilionid
vespertilionids
vespertinal
vexedness
vexednesses
vexillaries
vexillary
vexillate
vibracula
vibracular
vibraculum
vibratilities
vibratility
vibrative
vibrissal
vicegeral
viceregent
viceregents
vicissitudinary
videorecorder
videorecorders
villainage
villainages
villeinage
villeinages
vincibilities
vincibility
vinegarroon
vinegarroons
vinicultural
viniculturist
viniculturists
viniferous
violescent
violinmaker
violinmakers
violoncellos
viosterol
viosterols
virgulate
viridescence
viridescences
virilization
virilizations
virilocal
virtuosically
visceromotor
viscidness
viscidnesses
viscountship
viscountships
visitational
visualness
visualnesses
visuomotor
visuospatial
vitalistically
vitalizer
vitalizers
vitalness
vitalnesses
vitaminic
vitellaria
vitellarium
vitellariums
vitreosities
vitreosity
vitreousness
vitreousnesses
vitrescence
vitrescences
vitrescent
vitrifiabilities
vitrifiability
vitriform
vituperativeness
vituperativenesses
viverrine
viverrines
viviparousness
viviparousnesses
vivisectionally
vixenishly
vixenishness
vixenishnesses
vocalistic
vocalness
vocalnesses
voguishly
voicedness
voicednesses
voiceover
voiceovers
volatilizer
volatilizers
volcanization
volcanizations
volcanize
volcanized
volcanizes
volcanizing
volitation
volitational
volitations
volitionally
volitionary
volleyballer
volleyballers
voltameter
voltameters
voltametric
voltammeter
voltammeters
volumetrical
vomiturition
vomituritions
vortiginous
vowelization
vowelizations
vulcanite
vulcanites
vulcanizable
vulgarness
vulgarnesses
vulviform
wafflingly
wagelessness
wagelessnesses
wagonload
wagonloads
wailingly
waistcloth
waistcloths
waistless
waitpeople
waitstaff
waitstaffs
wakeboard
wakeboarding
wakeboardings
wakeboards
walkabilities
walkability
wallcovering
wallcoverings
wallopings
wallyball
wallyballs
wallydrag
wallydrags
wambliness
wamblinesses
wanderingly
wappenschaw
wappenschaws
wardership
warderships
warmblooded
warmheartedly
warrantabilities
warrantability
washiness
washinesses
waspiness
waspinesses
wastingly
watchabilities
watchability
waterfinder
waterfinders
waterglass
waterglasses
watersport
watersports
wavellite
wavellites
wayfarings
weanedness
weanednesses
weaponeer
weaponeers
wearilessness
wearilessnesses
wearproof
wearyingly
weathercocked
weathercocking
weatherer
weatherers
weatherliness
weatherlinesses
weatherstrip
weatherstripped
weatherstripping
weatherstrippings
weatherstrips
weathervane
weathervanes
webcasting
webcastings
webfooted
webmaster
webmasters
wedgelike
weedkiller
weedkillers
weepiness
weepinesses
weepingly
weightlifter
weightlifters
weightlifting
weightliftings
weldabilities
weldability
wellington
wellingtons
wernerite
wernerites
westerner
westerners
westernism
westernisms
westernness
westernnesses
westwardly
wheatworm
wheatworms
wheedlingly
wheezingly
wheyfaced
whigmaleery
whimperer
whimperers
whimperingly
whingding
whingdings
whininess
whininesses
whipsnake
whipsnakes
whipstall
whipstalls
whirlabout
whirlabouts
whiskbroom
whiskbrooms
whiteboard
whiteboards
whitherwards
whitishness
whitishnesses
whitleather
whitleathers
wholeheartedness
wholeheartednesses
whorishly
whorishness
whorishnesses
wicketkeeper
wicketkeepers
widowbird
widowbirds
widthways
widthwise
wieldable
wigwagger
wigwaggers
windbound
windcheater
windcheaters
windgalled
windingly
windlessness
windlessnesses
windrower
windrowers
windsucker
windsuckers
windsucking
windsuckings
windsurfer
windsurfers
winebibber
winebibbers
winebibbing
winebibbings
winegrowing
winegrowings
winemaker
winemakers
winemaking
winemakings
winetasting
winetastings
winnabilities
winnability
winningest
winningness
winningnesses
winterbourne
winterbournes
winterfed
winterfeed
winterfeeding
winterfeeds
winterish
winterkilled
winterkilling
wirepuller
wirepullers
wirepulling
wirepullings
witchingly
withdrawer
withdrawers
withholdings
withstander
withstanders
witnessable
witnesser
witnessers
wittedness
wittednesses
woadwaxen
woadwaxens
wobblingly
womanfully
wonderworker
wonderworkers
wonderworking
woodborer
woodborers
woodboring
woodcarver
woodcarvers
woodcarving
woodcarvings
woodchopping
woodchoppings
woodcrafter
woodcrafters
woodcraftsman
woodcraftsmen
woodcreeper
woodcreepers
woodenheadedness
woodenheadednesses
woodgrain
woodgrains
woodprint
woodprints
woodturner
woodturners
woodwaxen
woodwaxens
woolgather
woolgathered
woolgathers
woolgrower
woolgrowers
woolgrowing
woolgrowings
wooliness
woolinesses
wordmongering
wordmongerings
worksheet
worksheets
workspace
workspaces
worldbeater
worldbeaters
worminess
worminesses
worryingly
woundedly
woundingly
woundwort
woundworts
wreathlike
wunderkinds
xanthochroid
xanthochroids
xanthomatoses
xanthomatosis
xanthomatous
xanthophyllic
xanthophyllous
xenocryst
xenocrysts
xenogeneses
xenogenesis
xenogenetic
xenogenic
xenophilia
xenophilias
xenophilic
xenophilous
xenotransplant
xenotransplantation
xenotransplantations
xenotransplants
xerically
xeroderma
xerodermas
xerodermata
xerodermia
xerodermias
xerographer
xerographers
xeromorphic
xerophytically
xerostomia
xerostomias
xiphisternal
xiphosuran
xiphosurans
xylographed
xylographically
xylographing
xylophage
xylophages
xylotomist
xylotomists
xylotomous
yachtmanship
yachtmanships
yachtsmanship
yachtsmanships
yachtswoman
yachtswomen
yappingly
yarborough
yarboroughs
yellowbellies
yellowbelly
yellowbird
yellowbirds
yellowcake
yellowcakes
yellowishness
yellowishnesses
yellowness
yellownesses
yersinioses
yersiniosis
yestereve
yesterevening
yesterevenings
yestermorn
yestermorning
yestermornings
yieldabilities
yieldability
yieldable
yieldingly
yieldingness
yieldingnesses
ytterbous
yuckiness
yuckinesses
yumminess
yumminesses
yuppification
yuppifications
zeugmatic
zigzagger
zigzaggers
zinckenite
zinckenites
zincograph
zincographer
zincographers
zincographic
zincographical
zincographies
zincographs
zincography
zinjanthropi
zinjanthropus
zinjanthropuses
zinkenite
zinkenites
zoanthropies
zoanthropy
zooflagellate
zooflagellates
zoogenous
zoographer
zoographers
zoographic
zoographical
zoographies
zoography
zoolatrous
zoometric
zoomorphism
zoomorphisms
zooparasite
zooparasites
zooparasitic
zoophagous
zoophilia
zoophilias
zoophilism
zoophilisms
zoophobia
zoophobias
zoophytic
zoophytical
zooplastic
zooplasties
zooplasty
zoosporangial
zoosporous
zootomical
zootomist
zootomists
zucchetti
zygapophyseal
zygapophysial
zygodactylism
zygodactylisms
zygodactyls
zygogeneses
zygogenesis
zygogenetic
zygomorphism
zygomorphisms
zygomorphous
zygosporic
zygotically
zymogeneses
zymogenesis
zymogenic
zymogenous
zymologic
zymological
zymologist
zymologists
zymolyses
zymolysis
zymolytic
zymometer
zymometers
zymotically
