# 🚨
# 🚨 Source: https://web.archive.org/web/20071018165557if_/http://personal.riverusers.com/~thegrendel/supp2k.zip::able.lst
# 🚨
aasvogel
aasvogels
abac
abacs
abactinal
abactinally
abactor
abactors
aband
abanded
abanding
abandonedly
abandonee
abandonees
abands
abashedly
abashless
abask
abature
abatures
abaya
abayas
abb
abbotship
abbotships
abbreviatory
abbreviature
abbreviatures
abbs
abcee
abcees
abdabs
abdicant
abdominous
abduce
abduced
abduces
abducing
abductee
abductees
abear
abearing
abears
abeigh
aberdevine
aberdevines
aberrate
aberrates
aberrating
abessive
abessives
abeyancies
abeyancy
abhominable
abhorrencies
abhorrency
abhorrings
abid
abidden
abidings
abies
abiogenetic
abiogenetically
abiturient
abiturients
abjected
abjecting
abjects
abjoint
abjointed
abjointing
abjoints
abjunction
abjunctions
ablactation
ablactations
ablatitious
ablatival
ablator
ablators
abled
ableism
ableisms
ableist
ables
ablet
ablets
abling
ablins
ablow
ablush
ablutomane
ablutomanes
abnormalism
abnormalisms
abnormities
abnormity
abnormous
aboded
abodement
abodements
aboding
aboideau
aboideaus
abolitional
abolla
abollae
abollas
abomasuses
abominableness
abominablenesses
abondance
abondances
abord
aborded
abording
abords
abore
aborigen
aborigens
aborigin
aboriginalism
aboriginalisms
aboriginalities
aboriginality
aborigins
aborne
abortee
abortees
aborticide
aborticides
abortional
abortuaries
abortuary
abouts
abraid
abraided
abraiding
abraids
abram
abranchial
abranchiate
abraxas
abraxases
abray
abrayed
abraying
abrays
abrazo
abrazos
abreactive
abricock
abricocks
abridgable
abridgeable
abrim
abrin
abrins
abroads
abrogative
abrogator
abrogators
abrooke
abrooked
abrookes
abrooking
abrupts
abscind
abscinded
abscinding
abscinds
absciss
abscisse
abscisses
abscissin
abscissins
abscondence
abscondences
abseilings
absey
abseys
absinthiated
absinthism
absinthisms
absit
absits
absolutory
absolvitor
absolvitors
absonant
absorbate
absorbates
absorbedly
absorbefacient
absorbefacients
absorptiometer
absorptiometers
absorptiveness
absorptivenesses
absquatulate
absquatulated
absquatulates
absquatulating
abstentionism
abstentionisms
abstentionist
abstentionists
abstergent
abstergents
abstersion
abstersions
abstersive
abstersives
abstinencies
abstinency
abstractively
abstractives
abstriction
abstrictions
abthane
abthanes
abuna
abunas
abundancies
abundancy
abune
aburst
abusage
abusages
abusion
abusions
abyeing
abyssopelagic
academicalism
academicalisms
academist
academists
acalephan
acalephans
acanaceous
acanth
acantha
acanthaceous
acanthas
acanthin
acanthine
acanthins
acanthoid
acanthopterygian
acanthous
acanths
acarian
acaridan
acaridans
acaridean
acarideans
acaridian
acaridians
acaridomatia
acaridomatium
acarine
acarodomatia
acarodomatium
acarologies
acarologist
acarologists
acarology
acarophilies
acarophily
acarpellous
acarpelous
acatalepsies
acatalepsy
acataleptic
acataleptics
acatamathesia
acatamathesias
acater
acaters
acates
acatour
acatours
acaulose
accedence
accedences
acceleratory
accend
accended
accending
accends
accension
accensions
accentualities
accentuality
acceptancies
acceptancy
acceptants
acceptilation
acceptilations
acceptivities
acceptivity
accessorily
accidentalism
accidentalisms
accidentalities
accidentality
accidented
accinge
accinged
accinges
accinging
accite
accited
accites
acciting
acclamatory
acclimatation
acclimatations
acclimatisable
acclimatisation
acclimatisations
acclimatiser
acclimatisers
acclimatizable
acclivitous
acclivous
accloy
accloyed
accloying
accloys
accoast
accoasted
accoasting
accoasts
accoied
accoil
accoils
accommodable
accompanier
accompaniers
accompanyist
accompanyists
accompt
accomptable
accomptant
accomptants
accompted
accompting
accompts
accorage
accoraged
accorages
accoraging
accordable
accordancies
accordancy
accostable
accoucheuse
accoucheuses
accourage
accouraged
accourages
accouraging
accourt
accourted
accourting
accourts
accoustrement
accoustrements
accoy
accoyed
accoying
accoyld
accoys
accrescence
accrescences
accrescent
accrew
accrewed
accrewing
accrews
accubation
accubations
accultural
accumbencies
accumbency
accumbent
accurse
accurses
accursing
accusable
accusatival
accusatively
accusatorial
accusement
accusements
accustomary
accustrement
accustrements
acer
aceraceous
acerous
acers
acervately
acervation
acervations
acescence
acescences
acescencies
acescency
acescent
ach
achaenia
achaenium
achaeniums
achaenocarp
achaenocarps
achage
achages
acharya
acharyas
achates
achenia
achenium
acheniums
achimenes
achings
achkan
achkans
achlamydeous
achromaticities
achromaticity
achromatin
achromatins
achromatisation
achromatisations
achromatise
achromatised
achromatises
achromatising
achromatization
achromatizations
achromatopsia
achromatopsias
achromatous
aciculate
aciculated
acidanthera
acidantheras
acider
acidest
acidfreak
acidfreaks
acidier
acidiest
acidifiable
acidophilus
acidophiluses
acierage
acierages
acieration
acierations
acinaceous
acinaciform
aciniform
ackers
acknew
acknow
acknowing
acknowledgeable
acknowledgeably
acknown
acknowne
acknows
aclinic
acmite
acmites
acoemeti
acolouthic
acolouthite
acolouthites
acolouthos
acolouthoses
acoluthic
acolyth
acolyths
aconitic
aconitine
aconitines
acorned
acosmism
acosmisms
acosmist
acosmists
acotyledon
acotyledonous
acotyledons
acouchi
acouchies
acouchis
acouchy
acquest
acquests
acquiescents
acquiescingly
acquight
acquighted
acquighting
acquights
acquirabilities
acquirability
acquiral
acquirals
acquist
acquists
acquite
acquited
acquites
acquiting
acquitment
acquitments
acrasia
acrasias
acratic
acrawl
acridin
acridins
acriflavin
acriflavins
acroamatic
acroamatical
acrobatism
acrobatisms
acrogenic
acrogenous
acrogenously
acrolithic
acronical
acronycal
acronychal
acronychally
acronymania
acronymanias
acronymous
acrophonetic
acrophonic
acrophonies
acrophony
acrospire
acrospires
acroter
acroteria
acroterial
acroterion
acroterium
acroters
acrotism
acrotisms
acta
actinally
actinobacilli
actinobacilloses
actinobacillosis
actinobacillus
actinoids
actinotherapies
actinotherapy
actioned
actioner
actioners
actioning
actionist
actionists
acton
actons
actualisation
actualisations
actualise
actualised
actualises
actualising
actualist
actualists
actualite
actualites
acture
actures
aculeated
acuminated
acuminates
acuminating
acumination
acuminations
acuminous
acupoint
acupoints
acushla
acushlas
adactylous
adamantean
adaptableness
adaptablenesses
adaptative
adaw
adawed
adawing
adaws
adays
addebted
addeem
addeemed
addeeming
addeems
adderstone
adderstones
adderwort
adderworts
addictedness
addictednesses
addio
addios
additament
additaments
addititious
addlement
addlements
addoom
addoomed
addooming
addooms
addorsed
addressor
addressors
addrest
adducible
adeem
adeemed
adeeming
adeems
ademption
ademptions
adenectomies
adenectomy
adenoidectomies
adenoidectomy
adequative
adermin
adermins
adespota
adessive
adessives
adharma
adharmas
adhibition
adhibitions
adiaphora
adiaphorism
adiaphorisms
adiaphorist
adiaphoristic
adiaphorists
adiaphoron
adiaphorous
adiathermancies
adiathermancy
adiathermanous
adiathermic
adipocere
adipoceres
adjudgement
adjudgements
adjudgment
adjudgments
adjunctively
adjustably
adjutage
adjutages
adjuvancies
adjuvancy
adland
adlands
admasses
admin
adminicle
adminicles
adminicular
adminiculate
adminiculated
adminiculates
adminiculating
administratorship
administratorships
administratrixes
admins
admiralship
admiralships
admirance
admirances
admirative
admiraunce
admiraunces
admissibleness
admissiblenesses
admittable
admonitive
admonitor
admonitors
adnascent
adnominal
adonise
adonised
adonising
adonize
adonized
adonizes
adonizing
adoors
adoptianist
adoptianists
adoptious
adpress
adpressed
adpresses
adpressing
adrad
adread
adreaded
adreading
adreads
adred
adrenalin
adrenalins
adrenoleukodystrophies
adrenoleukodystrophy
adriamycin
adriamycins
adry
adscititiously
adscription
adscriptions
adsorbabilities
adsorbability
adsum
adulterines
adulterise
adulterised
adulterises
adulterising
adulterize
adulterized
adulterizes
adulterizing
adunc
aduncated
aduncities
aduncity
aduncous
adusted
adusting
adusts
advantageable
advene
advened
advenes
advening
adverbialise
adverbialised
adverbialises
adverbialising
adverbialize
adverbialized
adverbializes
adverbializing
adversaria
adverser
adversest
advew
advewed
advewing
advews
adviceful
advisatory
advisedness
advisednesses
advisership
adviserships
advisings
advisorate
advisorates
advocaat
advocaats
advocatory
advoutrer
advoutrers
advoutries
advoutry
adward
adwarded
adwarding
adwards
aecidiospore
aecidiospores
aedileship
aedileships
aefald
aefauld
aegirine
aegirines
aegirite
aegirites
aeglogue
aeglogues
aegrotat
aegrotats
aemule
aemuled
aemules
aemuling
aeolipile
aeolipiles
aeolipyle
aeolipyles
aeolotropic
aeolotropies
aeolotropy
aerenchymatous
aerialities
aeriality
aerobiologically
aerobiologist
aerobiologists
aerobiont
aerobionts
aerobiotic
aerobiotically
aerobomb
aerobombs
aerobrakings
aerobus
aerobuses
aerobusses
aerodart
aerodarts
aeroelastician
aeroelasticians
aerogenerator
aerogenerators
aerograph
aerographies
aerographs
aerography
aerohydroplane
aerohydroplanes
aerolithologies
aerolithology
aerolitic
aerological
aerologist
aerologists
aeromancies
aeromancy
aerometric
aerometries
aerometry
aeromotor
aeromotors
aeroneuroses
aeroneurosis
aerophobe
aerophobes
aerophobia
aerophobias
aerophobic
aerophone
aerophones
aerophyte
aerophytes
aeroplankton
aeroplanktons
aeros
aeroshell
aeroshells
aerosiderite
aerosiderites
aerostatic
aerostatical
aerostation
aerostations
aerotactic
aerotaxes
aerotaxis
aerotone
aerotones
aerotrain
aerotrains
aerotropic
aerotropism
aerotropisms
aeruginous
aesc
aesces
aesculin
aesculins
aesir
aestheses
aesthesia
aesthesias
aesthesiogen
aesthesiogenic
aesthesiogens
aesthesis
aestheticise
aestheticised
aestheticises
aestheticising
aestheticist
aestheticists
aethrioscope
aethrioscopes
aetiological
afald
afara
afaras
afawld
afear
afearing
afears
affear
affeard
affeare
affeared
affeares
affearing
affears
affectionateness
affectionatenesses
affectioning
affeer
affeered
affeering
affeerment
affeerments
affeers
affettuoso
affettuosos
affied
affies
affiliable
affinitive
affirmant
affirmants
affirmatory
affirmingly
afflated
afflation
afflations
afflictings
affluentness
affluentnesses
affluenza
affluenzas
affluxion
affluxions
affoord
affoorded
affoording
affoords
afforce
afforced
afforcement
afforcements
afforces
afforcing
afforestable
affranchise
affranchised
affranchisement
affranchisements
affranchises
affranchising
affrap
affrapped
affrapping
affraps
affreightment
affreightments
affrended
affret
affrets
affricated
affrication
affrications
affrightedly
affrighten
affrightened
affrightening
affrightens
affrightful
affrightment
affrightments
affronte
affrontee
affrontingly
affrontings
affrontive
affy
affyde
affying
aflaj
aforehand
aforethoughts
aforetime
afro
afront
afrormosia
afrormosias
afros
afterburning
afterburnings
aftereye
aftereyed
aftereyeing
aftereyes
aftereying
aftergame
aftergames
aftergrass
aftergrasses
aftergrowth
aftergrowths
afterheat
afterheats
afterings
afterpains
aftersales
aftershaft
aftershafts
aftersupper
aftersuppers
afterswarm
afterswarms
agalactia
agalactias
agalloch
agallochs
agalmatolite
agalmatolites
agami
agamid
agamids
agamis
agamogeneses
agamogenesis
agamoid
agamoids
agast
agateware
agatewares
agazed
agee
agelast
agelastic
agelasts
agen
agene
agenes
agented
agentivities
agentivity
agger
aggers
agglutinant
agglutinants
aggrace
aggraced
aggraces
aggracing
aggrandisement
aggrandisements
aggrate
aggrated
aggrates
aggrating
aggravatingly
aggri
aggry
agila
agilas
agiler
agilest
aginner
aginners
agiotage
agiotages
agisted
agister
agisters
agisting
agistment
agistments
agistor
agistors
aglee
agma
agmas
agname
agnamed
agnames
agnatical
agnatically
agnise
agnised
agnises
agnising
agnominal
agoge
agoges
agogic
agogics
agoing
agonisedly
agonisingly
agonistes
agonistical
agonistics
agonizedly
agood
agouta
agoutas
agranuloses
agranulosis
agraphon
agraste
agravic
agrestal
agrestial
agrin
agriologies
agriology
agriproduct
agriproducts
agrise
agrised
agrises
agrising
agrize
agrized
agrizes
agrizing
agrobiological
agrobiologies
agrobiologist
agrobiologists
agrobiology
agrobusiness
agrobusinesses
agroindustrial
agroindustries
agroindustry
agrological
agrologist
agrologists
agronomial
agronomical
agronomics
agrostological
agrostologies
agrostologist
agrostologists
agrostology
agryze
agryzed
agryzes
agryzing
aguacate
aguacates
aguardiente
aguardientes
agued
aguise
aguised
aguises
aguising
aguize
aguized
aguizes
aguizing
aguti
agutis
aheap
ahed
aheight
ahent
ahigh
ahind
ahing
ahint
ahorseback
ahs
ahull
ahungered
ahungry
aia
aias
aichmophobia
aichmophobias
aidance
aidances
aidant
aieries
aiery
ailanto
ailantos
ailette
ailettes
ailourophile
ailourophiles
ailourophilia
ailourophilias
ailourophilic
ailourophobe
ailourophobes
ailourophobia
ailourophobias
ailourophobic
ailurophilia
ailurophilias
ailurophilic
ailurophobia
ailurophobias
ailurophobic
aine
ainee
airbase
airbases
aircraftman
aircraftmen
aircraftsman
aircraftsmen
aircraftswoman
aircraftswomen
aircraftwoman
aircraftwomen
airdrawn
airgap
airgaps
airgraph
airgraphs
airlock
airlocks
airn
airned
airning
airns
airshaft
airshafts
airside
airsides
airstop
airstops
airward
airwards
airwoman
airwomen
aisling
aislings
aitu
aitus
aizle
aizles
ajee
ajowan
ajowans
ajutage
ajutages
ajwan
ajwans
akaryote
akaryotes
ake
aked
akes
akineses
akinesia
akinesias
akinesis
aking
akkas
akolouthos
akolouthoses
akoluthos
akoluthoses
alaap
alaaps
alabamine
alabamines
alabandine
alabandines
alabandite
alabandites
alablaster
alablasters
alaiment
alaiments
alalia
alalias
alamort
aland
alang
alangs
alannah
alannahs
alap
alapa
alapas
alaps
alarmedly
alastrim
alastrims
alay
alayed
alaying
alays
albarelli
albarello
albarellos
albata
albatas
albe
albee
albert
albertite
albertites
alberts
albescence
albescences
albescent
albespine
albespines
albespyne
albespynes
albicore
albicores
albiness
albinesses
albinoism
albinoisms
albitise
albitised
albitises
albitising
albitize
albitized
albitizes
albitizing
albricias
albugineous
albugo
albugos
albumenise
albumenised
albumenises
albumenising
albumenize
albumenized
albumenizes
albumenizing
albuminate
albuminates
albuminise
albuminised
albuminises
albuminising
albuminize
albuminized
albuminizes
albuminizing
albuminoid
albuminoids
alburnous
alcatras
alcatrases
alchemise
alchemised
alchemises
alchemising
alchera
alcheras
alcheringa
alcheringas
alchymies
alchymy
alcoholisation
alcoholisations
alcoholise
alcoholised
alcoholises
alcoholising
alcoholization
alcoholizations
alcoholize
alcoholized
alcoholizes
alcoholizing
alcoholometer
alcoholometers
alcoholometries
alcoholometry
alcopop
alcopops
aldermanities
aldermanity
aldermanlike
aldermanly
aldermanries
aldermanry
aldermanship
aldermanships
aldern
aldohexose
aldohexoses
aldopentose
aldopentoses
aleatories
alebench
alebenches
alecost
alecosts
aleft
alegge
aleggeaunce
aleggeaunces
alegged
alegges
alegging
alembicated
alembication
alembications
alembroth
alembroths
alength
alepine
alepines
alerce
alerces
alerion
alerions
alethic
alew
alewashed
alews
alexic
alexipharmakon
alexipharmakons
alexipharmic
alexipharmics
aleye
aleyed
aleyes
aleying
algarrobo
algarrobos
algate
algates
algebraical
algeses
algesia
algesias
algesis
alginic
algologically
algophobia
algophobias
alguacil
alguacils
alguazil
alguazils
aliasing
aliasings
alicant
alicants
aligarta
aligartas
alimental
alimentative
alimentiveness
alimentivenesses
alineation
alineations
alisma
alismaceous
alismas
aliyoth
alizari
alizarine
alizarines
alizaris
alkalescence
alkalescences
alkalescencies
alkalescency
alkalescent
alkalified
alkalifies
alkalify
alkalifying
alkalinise
alkalinised
alkalinises
alkalinising
alkalise
alkalised
alkalises
alkalising
alkie
allantoid
allantoids
allantoises
allative
allatives
allayings
allayment
allayments
allcomers
alledge
alledged
alledges
alledging
allegeance
allegeances
allegge
allegged
allegges
allegging
allegoric
allegorisation
allegorisations
allegoriser
allegorisers
allel
allels
alleluiah
alleluiahs
allenarly
allergics
allerion
allerions
alleviative
alleviatory
alleycat
alleycats
alleyed
allhallond
allhallowen
allhallown
allhollown
allice
allices
allicholies
allicholy
alligarta
alligartas
alligate
alligated
alligates
alligating
alligation
alligations
allineation
allineations
allis
allises
allness
allnesses
allnight
allnighter
allnighters
allocarpies
allocarpy
allocheiria
allocheirias
allochiria
allochirias
allochthonous
allodiums
alloiostrophos
allonymous
allopathic
allopathically
allopathies
allopathist
allopathists
allopathy
alloplasm
alloplasms
alloplastic
allosaur
allosaurs
allotheism
allotheisms
allotriomorphic
allotropism
allotropisms
allotropous
allotteries
allottery
allowabilities
allowability
allowableness
allowablenesses
allsorts
allychollies
allycholly
alma
almacantar
almacantars
almah
almahs
almain
almains
almas
alme
almeh
almehs
almeries
almery
almes
almirah
almirahs
almonries
almonry
almous
almucantar
almucantars
almuce
almuces
almug
almugs
alnage
alnager
alnagers
alnages
alod
alodial
alodiums
alods
aloed
aloetics
alogia
alogias
alonely
alongshoreman
alongshoremen
alongst
alopecoid
alowe
alpargata
alpargatas
alpeen
alpeens
alphabetarian
alphabetarians
alphabeted
alphabetiform
alphabeting
alphabetisation
alphabetisations
alphabetise
alphabetised
alphabetises
alphabetising
alphamerical
alphamerically
alphametic
alphametics
alphasort
alphasorted
alphasorting
alphasorts
als
alsoon
alsoone
alstroemeria
alstroemerias
altaltissimo
altaltissimos
altarage
altarages
altarwise
alterant
alterants
alterative
alteratives
altercative
alterities
alterity
altern
alternance
alternances
alternant
alternants
alternatim
alterne
alternes
altimetrical
altimetrically
altisonant
altissimo
altitonant
altitudinarian
altitudinarians
altoruffled
altrices
aluminiferous
aluminise
aluminised
aluminises
aluminising
alumish
alumium
alumiums
alure
alures
alvearies
alveary
alveated
alveole
alveoles
alveolitis
alveolitises
alycompaine
alycompaines
amadavat
amadavats
amalgamative
amandines
amaracus
amaracuses
amarant
amarantaceous
amaranthaceous
amarantin
amarantine
amarants
amaryllid
amaryllidaceous
amaryllids
amassable
amate
amated
amates
amateurship
amateurships
amating
amation
amations
amatorial
amatorially
amatorian
amatorious
amazedness
amazednesses
amazonian
ambagious
ambagitory
amban
ambans
ambassage
ambassages
ambassies
ambassy
ambatch
ambatches
ambered
amberite
amberites
amberous
ambery
ambidexter
ambidexterous
ambidexters
ambidextrousness
ambidextrousnesses
ambilateral
ambisonics
ambitty
ambivalencies
ambivalency
amblings
amboceptor
amboceptors
ambrosian
ambulanceman
ambulancemen
ambulancewoman
ambulancewomen
ambulants
ambulator
ambulators
ambuscado
ambuscadoes
ambuscados
amearst
amebiform
ameioses
ameiosis
amelcorn
amelcorns
amelia
amelias
amenableness
amenablenesses
amenage
amenaged
amenages
amenaging
amenaunce
amenaunces
amene
amened
amening
amenorrhoea
amenorrhoeas
amenta
amentaceous
amental
amentum
amerceable
amerciament
amerciaments
ametabolic
ametabolism
ametabolisms
ametabolous
amianthus
amianthuses
amidmost
amildar
amildars
aminobutene
aminobutenes
amises
amisses
amissibilities
amissibility
amissible
amissing
amitryptyline
amitryptylines
amla
amlas
amman
ammans
ammiral
ammirals
ammon
ammonal
ammonals
ammoniacum
ammoniacums
ammons
ammophilous
ammunitioned
ammunitioning
amnio
amnios
amniotomies
amniotomy
amoebaean
amoebiform
amomum
amomums
amoove
amooved
amooves
amooving
amoralist
amoralists
amorance
amorances
amorant
amorce
amorces
amoret
amorets
amorini
amorino
amorism
amorisms
amornings
amorosa
amorosas
amorosities
amorosity
amoroso
amorosos
amorphism
amorphisms
amortisation
amortisations
amortisement
amortisements
amortizement
amortizements
amourette
amourettes
amove
amoved
amoves
amoving
ampassies
ampassy
ampelographies
ampelography
ampelopses
ampelopsis
amperzand
amperzands
amphibolic
amphibological
amphibolous
amphictyon
amphictyons
amphigastria
amphigastrium
amphigories
amphigory
amphimictic
amphipodous
amphiprotic
amphiscian
amphiscians
amphistomous
amphitheatral
amphitheatre
amphitheatres
amphitropous
ampholyte
ampholytes
amphoric
amplexicaul
ampliation
ampliations
ampliative
amplosome
amplosomes
ampullosities
ampullosity
amputator
amputators
amrit
amritattva
amritattvas
amrits
amtman
amtmans
amuletic
amusette
amusettes
amusiveness
amusivenesses
amygdal
amygdalaceous
amygdalas
amygdals
amylaceous
amyloidal
amyotrophic
amyotrophies
amyotrophy
amytal
amytals
anabaptise
anabaptised
anabaptises
anabaptising
anabaptist
anabaptistic
anabaptists
anabaptize
anabaptized
anabaptizes
anabaptizing
anabioses
anabiosis
anabiotic
anabolite
anabolites
anabolitic
anabranch
anabranches
anacardiaceous
anacardium
anacardiums
anacatharses
anacatharsis
anacathartic
anacathartics
anacharis
anacharises
anachronically
anaclastic
anacoluthia
anacoluthias
anacreontically
anacrustic
anadyomene
anaerobiont
anaerobionts
anaerobiotic
anaerobiotically
anaestheses
anaesthesiologies
anaesthesiologist
anaesthesiologists
anaesthesiology
anaesthesis
anaesthetically
anaesthetisation
anaesthetisations
anaesthetise
anaesthetised
anaesthetises
anaesthetising
anaesthetist
anaesthetists
anaesthetization
anaesthetizations
anaesthetize
anaesthetized
anaesthetizes
anaesthetizing
anaglyptic
anagrammatise
anagrammatised
anagrammatises
anagrammatising
anagrammatism
anagrammatisms
anagrammatist
anagrammatists
analectic
analogise
analogised
analogises
analogising
analphabete
analphabetes
analysable
analyser
analysers
anamnestically
anamorphoses
anamorphosis
anamorphous
anan
anana
ananas
ananases
anandamide
anandamides
anandrous
ananke
anankes
ananthous
anapaestic
anapaestical
anaphorical
anaphylaxies
anaphylaxy
anaplasties
anaplasty
anapleroses
anaplerosis
anaplerotic
anaptyctic
anaptyxes
anaptyxis
anarchal
anarchial
anarchise
anarchised
anarchises
anarchising
anarchize
anarchized
anarchizes
anarchizing
anarthrous
anarthrously
anarthrousness
anarthrousnesses
anastases
anastasis
anastatic
anastigmatism
anastigmatisms
anathematical
anathematisation
anathematisations
anathematise
anathematised
anathematises
anathematising
anathematization
anathematizations
anatropies
anatropy
anatta
anattas
anaxial
anburies
anbury
ance
ancestorial
anchoretic
anchoretical
anchoritical
anchylose
anchylosed
anchyloses
anchylosing
anchylosis
anchylostomiases
anchylostomiasis
ancipital
ancipitous
ancle
ancles
ancome
ancomes
ancora
andesine
andesines
androcephalous
androdioecious
androdioecism
androdioecisms
androecial
androgenous
andrologies
andrology
andromedotoxin
andromedotoxins
andromonoecious
andromonoecism
andromonoecisms
androphore
androphores
andvile
andviles
aneared
anearing
anears
aneath
anelace
anelaces
anemogram
anemograms
anemographic
anemographically
anemographies
anemography
anemologies
anemology
anemometric
anemometrical
anemophilies
anemophily
anemophobia
anemophobias
anencephalia
anencephalias
anerly
anestra
anestrum
anetic
aneurismal
angekkok
angekkoks
angekok
angekoks
angelhood
angelhoods
angelolatries
angelolatry
angelophanies
angelophany
angico
angicos
angiocarpous
angiosarcoma
angiosarcomas
angiosarcomata
angiospermal
angiostomatous
angiostomous
angklung
angklungs
angleberries
angleberry
angledozer
angledozers
anglewise
anglicisation
anglicisations
anglicist
anglicists
anglified
anglifies
anglify
anglifying
anglist
anglistics
anglists
anglomania
anglomaniac
anglomaniacs
anglomanias
anglophil
anglophile
anglophiles
anglophilia
anglophilias
anglophilic
anglophils
anglophobe
anglophobes
anglophobia
anglophobiac
anglophobias
anglophobic
anglophones
anglophonic
angola
angophora
angophoras
angries
anguifauna
anguifaunae
anguifaunas
anguiform
anguilliform
anguine
anguiped
anguipede
angustifoliate
angustirostrate
angwantibo
angwantibos
anharmonic
anhedral
anhelation
anhelations
anhungered
anhungred
aniconic
aniconism
aniconisms
aniconist
aniconists
anicut
anicuts
anigh
anight
animadverter
animadverters
animalcular
animalculism
animalculisms
animalculist
animalculists
animalisation
animalisations
animalise
animalised
animalises
animalising
animalist
animalists
animatic
animatics
animatingly
animatism
animatisms
animatronic
animatronics
anisocercal
anisodactylous
anisomerous
anisophyllous
anker
ankers
anklong
anklongs
anklung
anklungs
ankus
ankuses
ann
annabergite
annabergites
annalise
annalised
annalises
annalising
annalize
annalized
annalizes
annalizing
annat
annates
annats
annatta
annattas
annealings
annectent
annexion
annexions
annexment
annexments
annexure
annexures
annicut
annicuts
annihilationism
annihilationisms
annihilative
anns
annualise
annualised
annualises
annualising
annularities
annularity
annulars
annulated
annulates
annulose
annunciative
annuntiate
annuntiated
annuntiates
annuntiating
anodise
anodised
anodises
anodising
anoeses
anoesis
anoestra
anoestri
anoestrous
anoestrum
anoestrus
anoetic
anomalistic
anomalistical
anomalistically
anonaceous
anonyma
anonymas
anonymise
anonymised
anonymises
anonymising
anonymize
anonymized
anonymizes
anonymizing
anorectal
anorexies
anorexy
anorthic
anotherguess
anough
anourous
anovulant
anovulants
anow
ansated
answerabilities
answerability
answerably
answerless
answerphone
answerphones
antagonisation
antagonisations
antagonise
antagonised
antagonises
antagonising
antagonization
antagonizations
antaphrodisiac
antaphrodisiacs
antar
antara
antaras
antars
antarthritic
antarthritics
antasthmatic
antasthmatics
antbird
antbirds
antediluvial
antediluvially
antefixal
antelucan
antemeridian
antemundane
antenati
antennary
antenniferous
antenniform
anteorbital
antepast
antepasts
anteprandial
anteriorities
anteriority
anteversion
anteversions
anthelminthic
anthelminthics
anthemic
anthemwise
antherozoid
antherozoids
antherozooid
antherozooids
anthersmut
anthersmuts
anthocarp
anthocarpous
anthocarps
anthochlore
anthochlores
anthoid
anthologise
anthologised
anthologises
anthologising
anthomania
anthomaniac
anthomaniacs
anthomanias
anthophore
anthophores
anthoxanthin
anthoxanthins
anthracic
anthracoid
anthracoses
anthracosis
anthraxes
anthropobiologies
anthropobiology
anthropogeneses
anthropogenesis
anthropogenies
anthropogeny
anthropogeographies
anthropogeography
anthropogonies
anthropogony
anthropographies
anthropography
anthropoidal
anthropolatries
anthropolatry
anthropomorphise
anthropomorphised
anthropomorphises
anthropomorphising
anthropomorphite
anthropomorphites
anthropomorphitic
anthropomorphitism
anthropomorphitisms
anthropomorphoses
anthropomorphosis
anthropomorphous
anthropopathic
anthropopathically
anthropopathies
anthropopathy
anthropophaginian
anthropophaginians
anthropophagite
anthropophagites
anthropophobia
anthropophobias
anthropophobic
anthropophobics
anthropophuism
anthropophuisms
anthropophyte
anthropophytes
anthropopsychic
anthropopsychically
anthropopsychism
anthropopsychisms
anthroposophical
anthroposophist
anthroposophists
anthropotomies
anthropotomy
antiaditis
antiaditises
antiarrhythmics
antiasthmatic
antiasthmatics
antibacchii
antibacchius
antiballistic
antibilious
anticathode
anticathodes
anticatholic
antichlor
antichlors
antichristian
antichristianism
antichristianisms
antichristianly
antichthones
anticipative
anticipatively
anticipatorily
anticivic
anticivism
anticivisms
anticize
anticized
anticizes
anticizing
antick
anticke
antickes
anticks
anticlinorium
anticlinoriums
anticous
antidisestablishmentarian
antidisestablishmentarianism
antidisestablishmentarianisms
antidiuretic
antidiuretics
antient
antients
antifoulings
antigropeloes
antigropelos
antihalation
antihalations
antihelices
antihelix
antijacobin
antijacobins
antijammings
antilegomena
antilogous
antilopine
antimasque
antimasques
antimetabole
antimetaboles
antimetatheses
antimetathesis
antimnemonic
antimnemonics
antimonate
antimonates
antimoniate
antimoniates
antimonic
antimonious
antimonite
antimonites
antimutagen
antimutagens
antinephritic
antinephritics
antinomical
antiodontalgic
antiodontalgics
antiparallels
antipathetical
antipathic
antipathist
antipathists
antiperiodic
antiperiodics
antiperistalses
antiperistalsis
antiperistaltic
antiperistases
antiperistasis
antipetalous
antiphiloprogenitive
antiphlogistics
antiphoner
antiphoners
antiphonic
antiphonical
antiphonically
antiphrastic
antiphrastical
antiphrastically
antipole
antipoles
antipruritics
antiquely
antiqueness
antiquenesses
antiquitarian
antiquitarians
antirachitics
antiscian
antiscians
antiscriptural
antisepalous
antisepticise
antisepticised
antisepticises
antisepticising
antisepticism
antisepticisms
antisepticize
antisepticized
antisepticizes
antisepticizing
antisocialism
antisocialisms
antisocialities
antisociality
antispast
antispastic
antispasts
antistatics
antistats
antistrophon
antistrophons
antisyzygies
antisyzygy
antithalian
antitheism
antitheisms
antitheist
antitheistic
antitheists
antithet
antithets
antitrade
antitragi
antitragus
antitrinitarian
antitrinitarianism
antitrinitarianisms
antitrinitarians
antitypal
antitypic
antitypical
antivaccinationism
antivaccinationisms
antivaccinationist
antivaccinationists
antivenene
antivenenes
antivivisectionism
antivivisectionisms
antivivisections
antlia
antliae
antliate
antoniniani
antoninianus
anucleate
anucleated
anyones
anyroad
anythingarian
anythingarianism
anythingarianisms
anythingarians
anywhen
anywhither
aortitis
aortitises
apadana
apadanas
apagoge
apagoges
apagogic
apagogical
apagogically
apaid
apanaged
apathaton
apathatons
apathetical
apay
apayd
apaying
apays
apedom
apedoms
apehood
apehoods
apeman
apemen
apepsia
apepsias
apepsies
apepsy
aperitive
aperitives
apert
apertness
apertnesses
apfelstrudel
apfelstrudels
aphanipterous
apheliotropic
apheliotropism
apheliotropisms
aphetise
aphetised
aphetises
aphetising
aphetize
aphetized
aphetizes
aphetizing
aphicide
aphicides
aphidicide
aphidicides
aphidious
aphonies
aphonous
aphony
aphorise
aphorised
aphoriser
aphorisers
aphorises
aphorising
aphorizer
aphorizers
aphrodisia
aphrodisias
aphyllous
apician
apiol
apiols
apism
apisms
apitherapies
apitherapy
apivorous
aplacental
aplanat
aplanatism
aplanatisms
aplanats
aplanogamete
aplanogametes
aplanospore
aplanospores
aplustre
aplustres
apocarpous
apocatastases
apocatastasis
apochromat
apochromatism
apochromatisms
apochromats
apocopate
apocopated
apocopates
apocopating
apocopation
apocopations
apocryphon
apocynaceous
apode
apodeictical
apodeictically
apodes
apodictical
apodyteria
apodyterium
apogaeic
apogamously
apogeotropic
apogeotropically
apogeotropism
apogeotropisms
apograph
apographs
apolaustic
apolaustics
apoliticalities
apoliticality
apoliticism
apoliticisms
apollonicon
apollonicons
apologetical
apomictical
apomorphia
apomorphias
apoop
apopemptic
apophases
apophasis
apophatic
apophlegmatic
apophlegmatics
apophthegmatic
apophthegmatical
apophthegmatically
apophthegmatise
apophthegmatised
apophthegmatises
apophthegmatising
apophthegmatist
apophthegmatists
apophthegmatize
apophthegmatized
apophthegmatizes
apophthegmatizing
apoplectical
apoplex
apoplexed
apoplexes
apoplexing
apoptoses
apoptosis
apoptotic
apositia
apositias
apositic
apostatic
apostatical
apostille
apostilles
apostolical
apostolically
apostolicism
apostolicisms
apostolise
apostolised
apostolises
apostolising
apostolize
apostolized
apostolizes
apostolizing
apostrophi
apostrophus
apothegmatical
apothegmatically
apothegmatise
apothegmatised
apothegmatises
apothegmatising
apothegmatist
apothegmatists
apothegmatize
apothegmatized
apothegmatizes
apothegmatizing
apotheosise
apotheosised
apotheosises
apotheosising
apotropaism
apotropaisms
apotropous
apozem
apozems
appaid
appair
appaired
appairing
appairs
appanaged
apparelment
apparelments
apparencies
apparency
apparents
appay
appayd
appaying
appays
appeach
appeached
appeaches
appeaching
appeachment
appeachments
appealingness
appealingnesses
appearer
appearers
appeasingly
appellational
appendicularian
appendicularians
appendiculate
appercipient
apperil
apperill
apperills
apperils
appertainance
appertainances
appertainment
appertainments
appertinent
appertinents
appeteezement
appeteezements
appetible
appetise
appetised
appetisement
appetisements
appetises
appetisingly
appetition
appetitions
appetize
appetized
appetizes
applaudingly
applausive
applausively
appleringie
appleringies
applet
applets
appliable
applicably
applicate
appointor
appointors
apport
apports
appraisable
appraisively
apprehensibilities
apprehensibility
apprenticehood
apprenticehoods
apprenticement
apprenticements
appress
appresses
appressing
appriser
apprisers
apprisings
apprizings
approbative
approof
approofs
appropinquate
appropinquated
appropinquates
appropinquating
appropinquation
appropinquations
appropinque
appropinqued
appropinques
appropinquing
appropinquities
appropinquity
appropriativeness
appropriativenesses
approvance
approvances
approximal
appui
appuied
appuis
appuy
appuyed
appuying
appuys
apricate
apricated
apricates
apricating
aprication
aprications
apricock
apricocks
apriorism
apriorisms
apriorist
apriorists
apronful
apronfuls
apsaras
apsarases
apsidiole
apsidioles
apted
apterism
apterisms
apterygial
apting
aptote
aptotes
aptotic
apts
apyrexia
apyrexias
aquabatic
aquabatics
aquaboard
aquaboards
aquadrome
aquadromes
aquafer
aquafers
aquafortis
aquafortises
aquafortist
aquafortists
aqualeather
aqualeathers
aqualung
aqualungs
aquamanale
aquamanales
aquamanile
aquamaniles
aquanautics
aquaphobe
aquaphobes
aquaphobia
aquaphobias
aquaphobic
aquaphobics
aquaplanings
aquarian
aquarians
aquariist
aquariists
aquarobic
aquarobics
aquatinta
aquatintas
aquifoliaceous
aquilon
aquilons
araba
arabas
arabesqued
arabin
arabins
arabis
arabisation
arabisations
arabise
arabised
arabises
arabising
arabization
arabizations
arabize
arabized
arabizes
arabizing
araceous
arachis
arachises
arachnidan
arachnidans
arachnoidal
arachnoiditis
arachnoiditises
arachnological
arachnologies
arachnologist
arachnologists
arachnology
arachnophobe
arachnophobes
arachnophobia
arachnophobias
araeometer
araeometers
araeometric
araeometrical
araeometries
araeometry
araeostyle
araeostyles
araeosystyle
araeosystyles
araise
araised
araises
araising
aralia
araliaceous
aralias
arame
arames
araneous
araponga
arapongas
arapunga
arapungas
arar
arars
arayse
araysed
arayses
araysing
arba
arbalester
arbalesters
arbalister
arbalisters
arbas
arbitratrices
arbitratrix
arbitratrixes
arbitrement
arbitrements
arbitress
arbitresses
arblast
arblaster
arblasters
arblasts
arboraceous
arboret
arborets
arboriculturist
arboriculturists
arborisation
arborisations
arborous
arboured
arbute
arbutes
arcanely
arcaneness
arcanenesses
arcanist
arcanists
arccos
arccoses
archaei
archaeomagnetism
archaeomagnetisms
archaeometallurgies
archaeometallurgy
archaeometric
archaeometries
archaeometrist
archaeometrists
archaeometry
archaeozoologies
archaeozoologist
archaeozoologists
archaeozoology
archaeus
archaicism
archaicisms
archaise
archaised
archaiser
archaisers
archaises
archaising
archaizer
archaizers
archei
archeological
archeologically
archeologist
archeologists
archeometric
archeometries
archeometrist
archeometrists
archeometry
archeress
archeresses
archest
archeus
archgenethliac
archgenethliacs
archichlamydeous
archiepiscopacies
archiepiscopacy
archilowe
archilowes
archimage
archimages
architected
architecting
architraved
architype
architypes
archlet
archlets
archlute
archlutes
archologies
archology
archonship
archonships
archontate
archontates
archontic
archwise
arcings
arckings
arcologies
arcology
arcsecond
arcseconds
arcsin
arcsins
arctan
arctans
arctiid
arctiids
arctoid
arctophil
arctophile
arctophiles
arctophilia
arctophilias
arctophilies
arctophilist
arctophilists
arctophils
arctophily
arcuation
arcuations
arcubalist
arcubalists
arcus
arcuses
ard
ardri
ardrigh
ardrighs
ardris
ards
areach
areached
areaches
areaching
aread
areading
areads
arear
ared
aredd
arede
aredes
areding
arefaction
arefactions
arefied
arefies
arefy
arefying
areg
arenation
arenations
areographic
areographies
areography
areolated
areolation
areolations
areometer
areometers
areostyle
areostyles
areosystile
areosystiles
arere
aret
arets
arett
aretted
aretting
aretts
arew
arfvedsonite
arfvedsonites
argan
argand
argands
argans
argemone
argemones
arghan
arghans
argonautic
arguli
argulus
argumentativeness
argumentativenesses
argute
argutely
arguteness
argutenesses
argyria
argyrias
argyrite
argyrites
argyrodite
argyrodites
arhythmia
arhythmias
arhythmic
ariel
ariels
arillary
arillated
ariot
aripple
aris
arish
arishes
aristocratical
aristocratism
aristocratisms
aristolochia
aristolochias
aristologies
aristology
arithmomania
arithmomanias
arithmometer
arithmometers
arithmophobia
arithmophobias
arked
arking
arkite
arkites
arle
arled
arles
arling
armamentariums
armgaunt
armigero
armigeros
armil
armilla
armillae
armillaria
armillarias
armillary
armillas
armils
armipotent
armlocked
armlocking
armorist
armorists
armourer
armourers
armourless
armozeen
armozeens
armozine
armozines
arna
arnas
arnotto
arnottos
arnut
arnuts
aroba
arobas
arolla
arollas
aromatherapeutic
aromatise
aromatised
aromatises
aromatising
arow
aroynt
aroynted
aroynting
aroynts
arpeggiation
arpeggiations
arpeggione
arpeggiones
arpillera
arpilleras
arquebusade
arquebusades
arquebusier
arquebusiers
arracacha
arracachas
arragonite
arragonites
arrah
arraigner
arraigners
arraignings
arrasene
arrasenes
arrases
arraught
arrayment
arrayments
arrect
arreede
arreedes
arreeding
arrestable
arrestation
arrestations
arrestive
arret
arrets
arrhenotokies
arrhenotoky
arriage
arriages
arride
arrided
arrides
arriding
arrish
arrishes
arrivance
arrivances
arrivancies
arrivancy
arrivisme
arrivismes
arsehole
arseholes
arseniate
arseniates
arsheen
arsheens
arshine
arshines
arsmetrick
arsmetricks
arsonite
arsonites
artefactual
artemisinin
artemisinins
arterialisation
arterialisations
arterialise
arterialised
arterialises
arterialising
arterialization
arterializations
arterialize
arterialized
arterializes
arterializing
arteriotomies
arteriotomy
artesian
arthritises
arthromere
arthromeres
arthroplasties
arthroplasty
arthropodal
artic
artics
arties
artificialise
artificialised
artificialises
artificialising
artificialize
artificialized
artificializes
artificializing
artistical
artocarpus
artocarpuses
artsies
artsman
artsmen
arundinaceous
arval
arvicole
arvicoles
arvicoline
arvo
arvos
ary
aryballoid
aryballos
aryballoses
arytaenoid
arytaenoids
asar
asarabacca
asarabaccas
asbestiform
asbestine
asbestous
ascaunt
ascian
ascians
ascitical
ascititious
asclepiadaceous
asclepias
asclepiases
asconce
aseismic
aseities
aseity
asepalous
aseptate
asepticise
asepticised
asepticises
asepticising
asepticism
asepticisms
asepticize
asepticized
asepticizes
asepticizing
aseptics
ashake
ashame
ashamedness
ashamednesses
ashames
ashaming
asheries
ashery
ashet
ashets
ashine
ashiver
ashlared
ashlaring
ashlarings
ashlered
ashlering
ashlerings
ashrama
ashramas
ashramite
ashramites
asinico
asinicos
askanced
askances
askancing
askanted
askanting
askants
askari
askaris
asklent
aslake
aslaked
aslakes
aslaking
asmear
asmoulder
asparaginase
asparaginases
asparaguses
aspectable
aspected
aspecting
aspergation
aspergations
asperge
asperged
asperger
aspergers
aspergill
aspergills
asperging
asperous
aspersive
aspersories
aspersory
asphalter
asphalters
aspheterise
aspheterised
aspheterises
aspheterising
aspheterism
aspheterisms
aspheterize
aspheterized
aspheterizes
aspheterizing
asphyxial
asphyxiant
asphyxiants
asphyxiator
asphyxiators
asphyxies
asphyxy
aspick
aspicks
aspidia
aspidioid
aspidium
aspine
aspines
aspiratory
aspiringly
aspiringness
aspiringnesses
asplenium
aspleniums
asport
asportation
asportations
asported
asporting
asports
aspout
asprawl
aspread
asprout
asquat
assafetida
assafetidas
assafoetida
assafoetidas
assagaied
assagaiing
assailment
assailments
assart
assarted
assarting
assarts
assayable
assayings
assegaied
assegaiing
assemblance
assemblances
assemblaunce
assemblaunces
assentaneous
assentator
assentators
assentient
assentingly
assentive
assentiveness
assentivenesses
assertable
assertory
assessorial
assessorship
assessorships
assever
asseveratingly
assevered
assevering
assevers
assibilate
assibilated
assibilates
assibilating
assibilation
assibilations
assiege
assieged
assieges
assieging
assiento
assientos
assized
assizer
assizers
assizing
associabilities
associability
associable
assoilzie
assoilzied
assoilzieing
assoilzies
assonate
assonated
assonates
assonating
assortedness
assortednesses
assot
assots
assott
assotted
assotting
assuagings
assubjugate
assubjugated
assubjugates
assubjugating
assuefaction
assuefactions
assuetude
assuetudes
assumedly
assumingly
assumings
assurable
assurgencies
assurgency
asswage
asswaged
asswages
asswaging
assythment
assythments
astable
astacological
astacologies
astacologist
astacologists
astacology
astare
astart
astarted
astarting
astarts
astatki
astatkis
asteism
asteisms
astelic
astelies
astely
asterid
asteridian
asteridians
asterids
astert
asterted
asterting
asterts
asthmatical
asthore
asthores
astichous
astigmatically
astomatous
astone
astoned
astones
astonies
astoning
astony
astonying
astoop
astoundment
astoundments
astragali
astragalus
astrand
astrantia
astrantias
astraphobia
astraphobias
astrapophobia
astrapophobias
astrict
astricted
astricting
astriction
astrictions
astrictive
astricts
astringe
astringed
astringer
astringers
astringes
astringing
astrochemistries
astrochemistry
astrodynamicist
astrodynamicists
astrodynamics
astrofell
astrofells
astrogeologies
astrogeologist
astrogeologists
astrogeology
astroid
astroids
astrolatries
astrolatry
astrologic
astrometeorologies
astrometeorology
astronavigation
astronavigations
astronomise
astronomised
astronomises
astronomising
astronomize
astronomized
astronomizes
astronomizing
astrophel
astrophels
astrut
astucious
astuciously
astucities
astucity
astun
astunned
astunning
astuns
astuter
astutest
asudden
asway
aswim
aswing
asymptotical
asynartete
asynartetes
asynartetic
asynergia
asynergias
asynergies
asynergy
asyntactic
asystole
asystoles
asystolism
asystolisms
atabal
atabals
atabeg
atabegs
atabek
atabeks
atabrin
atabrins
atacamite
atacamites
atalaya
atalayas
atchieve
atchieved
atchieves
atchieving
atebrin
atebrins
atelectatic
ateleioses
ateleiosis
athanasies
athanasy
athanor
athanors
atheise
atheised
atheises
atheising
atheize
atheized
atheizes
atheizing
athematic
athematically
atheological
atheologies
atheology
atheous
atherine
atherines
athermancies
athermancy
athermanous
atherosclerotics
atheteses
athetesis
athetise
athetised
athetises
athetising
athetize
athetized
athetizes
athetizing
athetoses
athetosic
athetosis
athetotic
athleta
athletas
athrill
athrob
athrocytoses
athrocytosis
atimies
atimy
atishoo
atishoos
atmologies
atmologist
atmologists
atmology
atmolyse
atmolysed
atmolyses
atmolysing
atmolysis
atmolyze
atmolyzed
atmolyzes
atmolyzing
atmospherical
atoc
atocia
atocias
atocs
atok
atokal
atoke
atokes
atokous
atoks
atomical
atomicities
atomicity
atomisation
atomisations
atonicities
atonicity
atoningly
atracurium
atracuriums
atrament
atramental
atramentous
atraments
atropia
atropias
atropism
atropisms
atropous
attackable
attainableness
attainablenesses
attaintment
attaintments
attainture
attaintures
attap
attaps
attask
attasked
attasking
attasks
attaskt
attemper
attempered
attempering
attempers
attemptabilities
attemptability
attempter
attempters
attendancies
attendancy
attendement
attendements
attendment
attendments
attent
attents
attenuant
attenuants
attercop
attercops
attestable
attestative
attirement
attirements
attirings
attitudinarian
attitudinarians
attitudiniser
attitudinisers
attitudinisings
attitudinizer
attitudinizers
attitudinizings
attollens
attollent
attollents
attonce
attone
attones
attorneydom
attorneydoms
attorneyed
attorneying
attorneyism
attorneyisms
attractable
attractingly
attrahens
attrahent
attrahents
attrap
attrapped
attrapping
attraps
attrist
attristed
attristing
attrists
attrit
attrites
attriting
attrits
attritted
attritting
attuent
attuite
attuited
attuites
attuiting
attuition
attuitional
attuitions
attuitive
attuitively
atweel
atwixt
aubergiste
aubergistes
aubrietia
aubrietias
auceps
aucepses
auctionary
audibleness
audiblenesses
audiencia
audiencias
audient
audients
audiograph
audiographs
audiometrician
audiometricians
audiophil
audiophils
audiotyping
audiotypings
audiotypist
audiotypists
audiovisually
audiphone
audiphones
auditorship
auditorships
auditress
auditresses
auf
aufgabe
aufgabes
aufs
augmentable
augurer
augurers
augurship
augurships
auguste
augustes
augusts
aularian
aularians
aulic
aulnage
aulnager
aulnagers
aulnages
auloi
aulos
aumail
aumailed
aumailing
aumails
aumbries
aumbry
aumil
aumils
aune
aunes
aunter
aunters
aurate
aurated
aurates
aureities
aureity
aurelia
aurelian
aurelians
aurelias
auricularly
auriculated
aurified
aurifies
aurify
aurifying
auriscope
auriscopes
aurist
aurists
aurorally
auscultator
auscultators
auspicate
auspicated
auspicates
auspicating
australite
australites
austringer
austringers
autarchist
autarchists
autarkist
autarkists
autecologic
authentical
authorcraft
authorcrafts
authorings
authorisable
authorisation
authorisations
authorish
authorism
authorisms
authorizable
authorless
autocar
autocarp
autocarps
autocars
autocatalyse
autocatalysed
autocatalysing
autocatalyze
autocatalyzed
autocatalyzes
autocatalyzing
autochanger
autochangers
autochthonies
autochthonism
autochthonisms
autochthony
autocoprophagies
autocoprophagy
autocrime
autocrimes
autocue
autocues
autocycle
autocycles
autodestruct
autodestructed
autodestructing
autodestructs
autodidactically
autodidacticism
autodidacticisms
autoexposure
autoexposures
autoflare
autoflares
autofocus
autofocuses
autogamic
autogeneses
autogenesis
autogenics
autogravure
autogravures
autoguide
autoguides
autoharp
autoharps
autokineses
autokinesis
autokinetic
autolatries
autolatry
autologies
autology
automat
automatical
automats
automobilia
automobilism
automobilisms
automorphic
automorphically
autonomical
autonomics
autonym
autonyms
autophagia
autophagias
autophagies
autophagous
autophagy
autophanous
autophobia
autophobias
autophobies
autophoby
autophonies
autophony
autoplastic
autoplasties
autoplasty
autopoint
autopoints
autopsia
autopsias
autoptic
autoptical
autoptically
autorickshaw
autorickshaws
autoschediasm
autoschediasms
autoschediastic
autoschediaze
autoschediazed
autoschediazes
autoschediazing
autoscopic
autoscopies
autoscopy
autoteller
autotellers
autotheism
autotheisms
autotheist
autotheists
autotimer
autotimers
autotoxin
autotoxins
autotransplantation
autotransplantations
autotype
autotyped
autotypes
autotyping
autotypographies
autotypography
autovac
autovacs
autumny
auxanometer
auxanometers
auxiliar
auxiliars
auxometer
auxometers
ava
availe
availes
availful
availingly
aval
avale
avaled
avales
avaling
avanturine
avanturines
avas
avaunted
avaunting
avaunts
avenaceous
avengeful
avengement
avengements
avengeress
avengeresses
aventaile
aventailes
aventre
aventred
aventres
aventring
aventure
aventures
averruncate
averruncated
averruncates
averruncating
averruncation
averruncations
averruncator
averruncators
avertable
avertedly
avertible
avertiment
avertiments
aviatress
aviatresses
avider
avidest
aviette
aviettes
aviform
avine
avisandum
avisandums
avise
avised
avisement
avisements
avises
avising
aviso
avisos
avital
avizandum
avizandums
avize
avized
avizefull
avizes
avizing
avoision
avoisions
avoset
avosets
avouchable
avoure
avoures
avouterer
avouterers
avoutrer
avoutrers
avoutries
avoutry
avowableness
avowablenesses
avowries
avowry
avyze
avyzed
avyzes
avyzing
awa
awakenings
awakings
awanting
awarer
awarest
awarn
awarned
awarning
awarns
awatch
awave
awayes
aways
awdl
awdls
awearied
aweel
awelessness
awelessnesses
awestrike
awestrikes
awestriking
aweto
awetos
awhape
awhaped
awhapes
awhaping
awheel
awheels
awkwardish
awlbird
awlbirds
awmous
awmrie
awmries
awmry
awner
awners
awnier
awniest
awny
awork
awrack
awrong
awsome
axeman
axemen
axerophthol
axerophthols
axinite
axinites
axinomancies
axinomancy
axiologist
axiologists
axiomatical
axiomatics
axoid
axoids
ayahuasco
ayahuascos
ayelp
ayenbite
ayenbites
aygre
ayont
ayre
ayres
ayrie
ayries
ayu
ayurvedic
ayus
ayword
aywords
azeotropic
azione
aziones
azobenzene
azobenzenes
azolla
azollas
azotise
azotised
azotises
azotising
azotous
azurean
azurine
azurines
azurn
azury
azygies
azygy
azym
azyme
azymes
azymite
azymites
azymous
azyms
baaings
baasskap
baasskaps
babaco
babacoote
babacootes
babacos
babblative
babblier
babbliest
babblings
babbly
babeldom
babeldoms
babelesque
babelish
babelism
babelisms
babesiases
babesiasis
babier
babiest
babingtonite
babingtonites
babiroussa
babiroussas
babirussa
babirussas
bablah
bablahs
babooneries
baboonery
baboonish
baboosh
babooshes
babouche
babouches
babuche
babuches
babudom
babudoms
babuism
babuisms
babyfood
babyfoods
bac
bacca
baccae
baccalaurean
baccare
baccas
bacchanalianism
bacchanalianisms
bacchiac
bacchian
bacchii
bacchius
baccies
bacciferous
bacciform
baccivorous
bacco
baccoes
baccos
baccy
bacharach
bacharachs
bachelorism
bachelorisms
bachelorship
bachelorships
bachs
bacillaemia
bacillaemias
bacillemia
bacillemias
bacillicide
bacillicides
bacilliform
backare
backband
backbands
backbond
backbonds
backboned
backboneless
backchatted
backchatting
backdown
backdowns
backet
backets
backfall
backfalls
backfile
backfiles
backfisch
backfisches
backfittings
backgammoned
backgammoning
backlift
backlifts
backlot
backlots
backmarker
backmarkers
backmost
backpackings
backpay
backpays
backpiece
backpieces
backra
backras
backscratch
backscratched
backscratcher
backscratchers
backscratches
backscratching
backscratchings
backsey
backseys
backsheesh
backsheeshed
backsheeshes
backsheeshing
backshish
backshished
backshishes
backshishing
backsight
backsights
backslash
backslashes
backslidings
backspacer
backspacers
backspeer
backspeered
backspeering
backspeers
backspeir
backspeired
backspeiring
backspeirs
backstall
backstalls
backstarting
backswordman
backswordmen
backtrackings
backveld
backvelder
backvelders
backvelds
backwardation
backwardations
backwashed
backwashing
backword
backwords
backwork
backworker
backworkers
backworks
baclava
baclavas
baconer
baconers
bacs
bacteraemia
bacteraemias
bacterian
bacteric
bacterioid
bacterioids
bacteriolysin
bacteriolysins
bacterioses
bacteriosis
bacterise
bacterised
bacterises
bacterising
baculiform
baculine
baculite
baculites
baculovirus
baculoviruses
baddeleyite
baddeleyites
badderlock
badderlocks
baddish
badgerly
badious
badmash
badmashes
bael
baels
baetyl
baetyls
baff
baffed
baffies
baffing
bafflegab
bafflegabs
baffs
baffy
baft
bafts
bagassoses
bagassosis
baggit
baggits
bagpiping
bagpipings
baguio
baguios
bagwash
bagwashes
bahada
bahadas
bahut
bahuts
bahuvrihi
bahuvrihis
baignoire
baignoires
bailbond
bailbonds
bailieship
bailieships
baillie
baillies
baillieship
baillieships
bainin
bainins
bainite
bainites
bairnlier
bairnliest
bairnlike
bairnly
baisemain
baisemains
baitfish
baitfishes
baitings
baized
baizing
bajada
bajadas
bajan
bajans
bajra
bajras
bajree
bajrees
bajri
bajris
baju
bajus
bakeapple
bakeapples
bakeboard
bakeboards
bakehouse
bakehouses
bakemeat
bakemeats
baken
bakestone
bakestones
bakeware
bakewares
bakhshish
bakhshished
bakhshishes
bakhshishing
baksheeshed
baksheeshing
balanitis
balanitises
balbutient
balconet
balconets
balconette
balconettes
baldaquin
baldaquins
balderlocks
baldicoot
baldicoots
baldier
baldiest
baldmoney
baldmoneys
baldpated
baldrick
baldricks
balection
balections
balibuntal
balibuntals
balista
balistae
balistas
balkanisation
balkanisations
balkanise
balkanised
balkanises
balkanising
balkingly
balkings
ballabile
ballabiles
ballabili
balladed
balladeered
balladeering
balladin
balladine
balladines
ballading
balladins
balladmonger
balladmongers
ballan
ballans
ballant
ballanted
ballanting
ballants
ballanwrasse
ballanwrasses
ballat
ballated
ballating
ballats
ballclay
ballclays
ballcock
ballcocks
ballerine
balleted
balletically
balleting
ballings
ballistas
ballistite
ballistites
ballistocardiogram
ballistocardiograms
ballistocardiograph
ballistocardiographies
ballistocardiographs
ballistocardiography
ballium
balliums
ballocks
ballocksed
ballockses
ballocksing
ballotee
ballotees
ballow
ballows
ballsiness
ballsinesses
ballup
ballups
balmed
balming
balmoralities
balmorality
balnearies
balneary
balneation
balneations
balneologist
balneologists
balneotherapies
balneotherapy
baloo
baloos
balsamed
balsamiferous
balsaming
balsamy
balsawood
balsawoods
balthasar
balthasars
balthazar
balthazars
balu
balus
balustered
balzarine
balzarines
bammer
bammers
bampot
bampots
banaler
banalest
banalisation
banalisations
banalise
banalised
banalises
banalising
banalization
banalizations
banausian
banc
bancassurance
bancassurances
bancassurer
bancassurers
bancs
banda
bandalore
bandalores
bandar
bandars
bandas
bandbrake
bandbrakes
bandelet
bandelets
bandelier
bandeliers
bandersnatch
bandersnatches
bandicooted
bandicooting
bandier
bandiest
bandings
bandittis
bandobast
bandobasts
bandoleered
bandoleon
bandoleons
bandolero
bandoleros
bandoliered
bandoline
bandolined
bandolines
bandolining
bandoneon
bandoneons
bandonion
bandonions
bandook
bandooks
bandrol
bandrols
bandster
bandsters
bandura
banduras
bandyings
bandyman
bandymen
banefulness
banefulnesses
bangings
bangled
bangsring
bangsrings
bangster
bangsters
bania
banias
banjulele
banjuleles
banket
bankets
banksman
banksmen
bannerall
banneralls
banqueteer
banqueteers
banquetings
bant
banted
banterings
banting
bantingism
bantingisms
bantings
bants
bantu
bantus
banxring
banxrings
baphometic
bapu
bapus
baracan
baracans
baragouin
baragouins
barathrum
barathrums
barbaresque
barbarisation
barbarisations
barbarise
barbarised
barbarises
barbarising
barbastel
barbastelle
barbastelles
barbastels
barbated
barbellate
barbie
barbies
barbituric
barbola
barbolas
barbotine
barbotines
barchane
barchanes
bardash
bardashes
bardier
bardiest
bardling
bardlings
bardo
bardolatrous
bardos
bardship
bardships
bardy
barebone
barebones
baregine
baregines
barehanded
barelegged
barful
bargander
barganders
bargeese
bargemaster
bargemasters
bargepole
bargepoles
bargest
bargests
barghaist
barghaists
bargoose
barish
barkan
barkans
barken
barkened
barkening
barkens
barkhan
barkhans
barmbrack
barmbracks
barminess
barminesses
barmitsvah
barmitsvahs
barmitzvah
barmitzvahs
barmkin
barmkins
barned
barney
barneys
barning
barnsbreaking
barnsbreakings
barnstormings
barocco
baroccos
barock
barocks
barodynamics
barometrical
barometz
barometzes
baronetess
baronetesses
baronetical
baronne
baronnes
baroscope
baroscopes
barostat
barostats
barp
barperson
barpersons
barps
barracan
barracans
barrace
barraces
barrackings
barracoota
barracootas
barrat
barratrous
barratrously
barrats
barrefull
barrenwort
barrenworts
barretter
barretters
barricados
barrico
barricoes
barricos
barriered
barriering
barrings
barristerial
barristership
barristerships
barrulet
barrulets
bartizaned
barton
bartons
barwood
barwoods
barycentric
barye
baryes
barysphere
baryspheres
baryton
barytons
basan
basanite
basanites
basans
baseballer
baseballers
baseband
baselard
baselards
baselessness
baselessnesses
baseplate
baseplates
baserunner
baserunners
bashawism
bashawisms
bashawship
bashawships
bashings
bashless
bashlik
bashliks
basho
basifixed
basifugal
basilical
basilicon
basilicons
basketweave
basketweaves
basmitzvah
basmitzvahs
basnet
basnets
bason
basons
basqued
basquine
basquines
basse
bassed
basser
bassest
bassier
bassiest
bassing
bassy
basta
bastardisation
bastardisations
bastardism
bastardisms
bastinaded
bastinading
bastle
bastles
bastnaesite
bastnaesites
bastnasite
bastnasites
basto
bastos
basuco
basucos
batable
batata
batatas
batchings
bateless
bateleur
bateleurs
batement
batements
batfowlings
bathcube
bathcubes
bathmic
bathmism
bathmisms
bathmitsvah
bathmitsvahs
bathmitzvah
bathmitzvahs
bathmizvah
bathmizvahs
batholite
batholites
batholitic
bathometer
bathometers
bathophobia
bathophobias
bathorse
bathorses
bathybius
bathybiuses
bathygraphical
bathylite
bathylites
bathylith
bathylithic
bathyliths
bathylitic
bathymeter
bathymeters
bathyorographical
bathyscape
bathyscapes
batler
batlers
batlet
batlets
batmitzvah
batmitzvahs
batological
batologies
batologist
batologists
batology
batoned
batoning
batoon
batooned
batooning
batoons
batrachia
batrachophobia
batrachophobias
batrachophobic
batsmanship
batsmanships
batswing
batswoman
batswomen
batta
battas
batteilant
battel
batteled
batteler
battelers
batteling
battelled
battelling
battels
battenings
batterer
batterers
battero
batteros
battill
battilled
battilling
battills
battlebus
battlebuses
battlebusses
battledoor
battledoors
battledore
battledores
battledress
battledresses
battleplane
battleplanes
battological
battologies
battology
batwoman
batwomen
baubling
bauchle
bauchled
bauchles
bauchling
baudric
baudrick
baudricke
baudrickes
baudricks
baudrics
bauera
baueras
bauk
bauked
bauking
bauks
baur
baurs
bausond
bavardage
bavardages
bavin
bavins
bawble
bawbles
bawdkin
bawdkins
bawley
bawleys
bawlings
bawn
bawns
bawr
bawrs
baxter
baxters
bayard
bayards
baye
bayes
bayle
bayles
bayt
bayted
bayting
bayts
bazazz
bazazzes
bazouki
bazoukis
bazzazz
bazzazzes
beachcombings
beadledom
beadledoms
beadlehood
beadlehoods
beadleship
beadleships
beadman
beadmen
beadswoman
beadswomen
beagled
beagler
beaglers
beagling
beaglings
beamer
beamers
beamily
beaminess
beaminesses
beamingly
beamings
beamless
beamlet
beamlets
beanfeast
beanfeasts
beanstalk
beanstalks
bearableness
bearablenesses
bearbine
bearbines
beardie
beardies
beare
beared
beares
bearnaise
bearnaises
bearward
bearwards
beasthood
beasthoods
beastily
beastlike
beath
beathed
beathing
beaths
beatifical
beaufet
beaufets
beauffet
beauffets
beaufin
beaufins
beauish
beaumontage
beaumontages
beaumontague
beaumontagues
beautied
beautying
beauxite
beauxites
beaveries
beavery
bebeerine
bebeerines
beblubbered
bebopped
bebopping
bebung
bebungs
becall
becalled
becalling
becalls
beccafico
beccaficos
becharm
becharmed
becharming
becharms
becke
beckes
becomingness
becomingnesses
becquerel
becquerels
becurl
becurled
becurling
becurls
bedad
bedaggle
bedaggled
bedaggles
bedaggling
bedarken
bedarkened
bedarkening
bedarkens
bedash
bedashed
bedashes
bedashing
bedawin
bedawins
bedaze
bedazed
bedazes
bedazing
bede
bedeafen
bedeafened
bedeafening
bedeafens
bedeguar
bedeguars
bedel
bedell
bedells
bedellship
bedellships
bedels
bedelship
bedelships
bedeman
bedemen
bederal
bederals
bedes
bedide
bedimmings
bedlamism
bedlamisms
bedmaker
bedmakers
bedpresser
bedpressers
bedral
bedrals
bedrench
bedrenched
bedrenches
bedrenching
bedright
bedrights
bedrop
bedropped
bedropping
bedrops
bedropt
bedsocks
bedtick
bedticks
beduck
beducked
beducking
beducks
bedung
bedunged
bedunging
bedungs
bedust
bedusted
bedusting
bedusts
bedward
bedwards
bedwarf
bedwarfed
bedwarfing
bedwarfs
bedyde
bedye
bedyed
bedyeing
bedyes
beefburger
beefburgers
beegah
beegahs
beenah
beenahs
beerage
beerages
beerhall
beerhalls
beeriness
beerinesses
beesome
beeswaxed
beeswaxing
beeswinged
beeted
beeting
beetlebrain
beetlebrained
beetlebrains
beetlehead
beetleheaded
beetleheads
beetmaster
beetmasters
beetmister
beetmisters
befana
befanas
befeld
beffana
beffanas
befinned
beflower
beflowered
beflowering
beflowers
beflum
beflummed
beflumming
beflums
befoam
befoamed
befoaming
befoams
befortune
befortuned
befortunes
befortuning
befriender
befrienders
befringe
befringed
befringes
befringing
begad
begar
begars
begem
begemmed
begemming
begems
beggardom
beggardoms
beggingly
beggings
beghard
beghards
begift
begifted
begifting
begifts
begild
begilded
begilding
begilds
begilt
beginne
beginnes
beginningless
beglerbeg
beglerbegs
begloom
begloomed
beglooming
beglooms
begnaw
begnawed
begnawing
begnaws
bego
begoes
begoing
begored
begorrah
beguin
beguinage
beguinages
beguins
begunk
begunked
begunking
begunks
behappen
behappened
behappening
behappens
behatted
behavioural
behaviourally
behaviourism
behaviourisms
behaviourist
behaviourists
beheadal
beheadals
beheadings
behight
behighting
behights
beholdings
behoofs
behote
behotes
behoting
behoveful
behovely
behowl
behowled
behowling
behowls
beigel
beigels
bein
beingless
beingness
beingnesses
beinked
beinness
beinnesses
bejade
bejaded
bejades
bejading
bejant
bejants
bejesuit
bejesuited
bejesuiting
bejesuits
bekah
bekahs
bekiss
bekissed
bekisses
bekissing
beknave
beknaved
beknaves
beknaving
beknown
belace
belaced
belaces
belacing
belah
belahs
belamies
belamoure
belamoures
belamy
belate
belates
belating
belee
beleed
beleeing
belees
belgard
belgards
beliefless
believingly
bellamoure
bellamoures
bellarmine
bellarmines
bellbind
bellbinds
bellcote
bellcotes
belleter
belleters
belletristical
bellettrist
bellettrists
bellhanger
bellhangers
bellibone
bellibones
bellicosely
bellpush
bellpushes
bellyings
belomancies
belomancy
belonger
belongers
belove
beloves
beloving
belowstairs
belshazzar
belshazzars
beltman
beltmen
bemad
bemadded
bemadding
bemads
bemaul
bemauled
bemauling
bemauls
bemazed
bembex
bembexes
bembix
bembixes
bemean
bemeaned
bemeaning
bemeans
bemeant
bemedal
bemedalling
bemedals
bemete
bemeted
bemetes
bemeting
bemoaner
bemoaners
bemoanings
bemoil
bemoiled
bemoiling
bemoils
bemonster
bemonstered
bemonstering
bemonsters
bemouth
bemouthed
bemouthing
bemouths
bemud
bemudded
bemudding
bemuddle
bemuddled
bemuddles
bemuddling
bemuds
bemuffle
bemuffled
bemuffles
bemuffling
bename
benamed
benames
benaming
benchership
bencherships
benchmarked
benchmarking
bendee
bendier
bendiest
bendingly
bendings
bendlet
bendlets
bendwise
benedicite
benedicites
benedictional
benedictive
benedight
benefact
benefacted
benefacting
benefactory
benefacts
beneficential
beneficials
benempt
benet
benets
benetted
benetting
beni
benight
benighten
benightened
benightening
benightenings
benightens
benighter
benighters
benighting
benightings
benightment
benightments
benights
benigner
benignest
benis
beniseed
beniseeds
benitier
benitiers
benj
benjes
benthoal
benthopelagic
benthoscope
benthoscopes
bentier
bentiest
benty
benumbedness
benumbednesses
benumbment
benumbments
benzal
benzals
benzil
benzils
benzole
benzoles
benzoline
benzolines
benzpyrene
benzpyrenes
benzylidine
benzylidines
bepat
bepatched
bepats
bepatted
bepatting
bepearl
bepearled
bepearling
bepearls
bepelt
bepelted
bepelting
bepelts
bepepper
bepeppered
bepeppering
bepeppers
bepester
bepestered
bepestering
bepesters
bepitied
bepities
bepity
bepitying
beplaster
beplastered
beplastering
beplasters
beplumed
bepommel
bepommelled
bepommelling
bepommels
bepowder
bepowdered
bepowdering
bepowders
bepraise
bepraised
bepraises
bepraising
beprose
beprosed
beproses
beprosing
bepuff
bepuffed
bepuffing
bepuffs
bequeathable
bequeathment
bequeathments
beray
berayed
beraying
berays
berberidaceous
berdash
berdashes
bere
bereaven
beres
bergama
bergamas
bergamask
bergamasks
bergander
berganders
bergenia
bergenias
bergfall
bergfalls
berghaan
berghaans
bergmehl
bergmehls
bergomask
bergomasks
bergschrund
bergschrunds
bergylt
bergylts
berk
berks
berley
berleys
berob
berobbed
berobbing
berobs
berret
berrets
berryings
bersaglieri
berthage
berthages
berthe
berthes
beryllia
beryllias
beryllioses
berylliosis
besaint
besainted
besainting
besaints
besang
besat
besaw
bescatter
bescattered
bescattering
bescatters
bescrawl
bescrawled
bescrawling
bescrawls
bescreen
bescreened
bescreening
bescreens
bescribble
bescribbled
bescribbles
bescribbling
besee
beseecher
beseechers
beseechingness
beseechingnesses
beseechings
beseeing
beseeke
beseekes
beseeking
beseemingly
beseemingness
beseemingnesses
beseemings
beseemly
beseen
besees
beshadow
beshadowed
beshadowing
beshadows
beshame
beshamed
beshames
beshaming
beshine
beshines
beshining
beshone
besiegement
besiegements
besiegingly
besiegings
besigh
besighed
besighing
besighs
besing
besinging
besings
besit
besits
besitting
beslave
beslaved
beslaver
beslavered
beslavering
beslavers
beslaves
beslaving
beslobber
beslobbered
beslobbering
beslobbers
beslubber
beslubbered
beslubbering
beslubbers
besmut
besmutch
besmutched
besmutches
besmutching
besmuts
besmutted
besmutting
besognio
besognios
besoin
besoins
besomed
besoming
besonian
besonians
besort
besorted
besorting
besorts
besottedly
besottedness
besottednesses
besouled
bespangle
bespangled
bespangles
bespangling
bespat
bespate
bespeckle
bespeckled
bespeckles
bespeckling
besped
bespeed
bespeeding
bespeeds
bespice
bespiced
bespices
bespicing
bespit
bespits
bespitting
besport
besported
besporting
besports
bespot
bespots
bespotted
bespottedness
bespottednesses
bespotting
bespout
bespouted
bespouting
bespouts
bespread
bespreading
bespreads
bestad
bestadde
bestain
bestained
bestaining
bestains
bestar
bestarred
bestarring
bestars
bestialise
bestialised
bestialises
bestialising
bestialism
bestialisms
bestials
bestick
besticking
besticks
bestill
bestilled
bestilling
bestills
bestorm
bestormed
bestorming
bestorms
bestower
bestowers
bestowment
bestowments
bestraddle
bestraddled
bestraddles
bestraddling
bestraught
bestreak
bestreaked
bestreaking
bestreaks
bestridable
bestrown
bestseller
bestsellers
bestselling
bestuck
bestud
bestudded
bestudding
bestuds
besuited
besung
betacism
betacisms
bete
beted
beteem
beteeme
beteemed
beteemes
beteeming
beteems
betes
bethankit
bethankits
bethesda
bethesdas
bethrall
bethralled
bethralling
bethralls
bethumb
bethumbed
bethumbing
bethumbs
bethump
bethumped
bethumping
bethumps
bethwack
bethwacked
bethwacking
bethwacks
betid
betight
betime
betimed
betiming
beting
betitle
betitled
betitles
betitling
betoil
betoiled
betoiling
betoils
betoss
betossed
betosses
betossing
betread
betreading
betreads
betrim
betrimmed
betrimming
betrims
betrod
betrodden
betrothment
betrothments
betterings
bettermost
betterness
betternesses
betties
bettings
betty
betumbled
betweenities
betweenity
betweens
betweentime
bevellings
bevelment
bevelments
bever
bevers
bevue
bevues
bevvied
bevvies
bevvy
bewailings
beweep
beweeping
beweeps
beweltered
bewent
bewept
bewet
bewets
bewetted
bewetting
bewhore
bewhored
bewhores
bewhoring
bewig
bewigging
bewigs
bez
bezes
bezoardic
bezonian
bezonians
bezzazz
bezzazzes
bezzle
bezzled
bezzles
bezzling
bhagee
bhagees
bhajan
bhajans
bhajee
bhajees
bhangra
bhangras
bheestie
bheesties
bheesty
bhel
bhels
bhindi
bhindis
bhistee
bhistees
bhisti
bhistis
biannuals
biasings
biaxal
bibacious
bibation
bibations
bibliolatrist
bibliolatrists
bibliological
bibliologist
bibliologists
bibliomancies
bibliomancy
bibliomane
bibliomanes
bibliophagist
bibliophagists
bibliophil
bibliophilist
bibliophilists
bibliophils
bibliophobia
bibliophobias
bibliopolic
bibliopolical
bibliopolies
bibliopoly
bibliothecaries
bibliothecary
bicameralist
bicameralists
biccies
biccy
bichord
bicorns
bicorporate
bicuspidate
bident
bidental
bidentals
bidentate
bidentated
bidents
bidings
bidon
bidons
bielded
bieldier
bieldiest
bielding
bieldy
bien
bierkeller
bierkellers
biestings
bifarious
bifariously
biffin
biffins
bifold
bifoliate
bifoliolate
biga
bigae
bigener
bigeners
bigg
bigged
biggs
biggy
bigha
bighas
bignoniaceous
biguanide
biguanides
bijwoner
bijwoners
bikings
bilharzioses
bilharziosis
bilian
bilians
biliaries
bilimbi
bilimbing
bilimbings
bilimbis
bilinguist
bilinguists
biliteral
billbook
billbooks
billie
billman
billmen
billposter
billposters
billsticker
billstickers
billyboy
billyboys
bilobar
bilobular
bilocular
bimanal
bimbashi
bimbashis
bimbette
bimbettes
bimestrial
bimillennia
bimillennium
bimillenniums
binervate
bing
binghi
binghis
bingies
bingle
bingled
bingles
bingling
bings
bingy
bink
binks
binman
binmen
binocle
binocles
binominal
binturong
binturongs
biobibliographical
bioblast
bioblasts
biocatalyst
biocatalysts
bioclimatologies
bioclimatology
biocoenologies
biocoenology
biocoenotic
biodata
biodestructible
biodynamics
bioecologies
bioecology
bioelectrotherapies
bioelectrotherapy
bioflavonoid
bioflavonoids
biog
biogen
biogens
biograph
biographed
biographing
biographs
biogs
biomagnetics
biomining
biominings
biomorph
biomorphs
biont
biontic
bionts
bioparent
bioparents
biophor
biophore
biophores
biophors
bioplasmic
bioplast
bioplasts
biopoieses
biopoiesis
biopsychological
biopsychologies
biopsychology
biorhythmics
biosatellite
biosatellites
biostable
biostratigraphical
biotically
bipetalous
bipinnaria
bipinnarias
biquintile
biquintiles
birdwatcher
birdwatchers
birdwing
birdwings
biriyani
biriyanis
birken
birkier
birkiest
birlieman
birliemen
birlinn
birlinns
birostrate
birsier
birsiest
birsle
birsled
birsles
birsling
birsy
birthdom
birthdoms
birthings
birthnight
birthnights
biryani
biryanis
biscacha
biscachas
biscuity
biserial
biserrate
bish
bishes
bishopdom
bishopdoms
bishoped
bishopess
bishopesses
bishoping
bishopweed
bishopweeds
bisk
bisks
bismar
bismars
bismillah
bisociation
bisociations
bisociative
bissextile
bissextiles
bisson
bistable
bistred
bisulcate
bisulphate
bisulphates
bisulphide
bisulphides
bitesize
bitings
bitless
bitmap
bitmaps
bito
bitonal
bitonalities
bitonality
bitos
bitsier
bitsiest
bittacle
bittacles
bitterling
bitterlings
bitterwood
bitterwoods
bittie
bitties
bittor
bittors
bittour
bittours
bittur
bitturs
bitumed
bituminate
bituminated
bituminates
bituminating
bituminisation
bituminisations
bituminise
bituminised
bituminises
bituminising
bivalence
bivalences
bivalencies
bivalency
bivalvular
bivariant
bivariants
bivariates
bivia
bivious
bivium
bivvied
bivvies
bivvy
bivvying
bizazz
bizazzes
bizcacha
bizcachas
bizzazz
bizzazzes
blabbings
blackballings
blackband
blackbands
blackberrying
blackberryings
blackbirdings
blackboy
blackboys
blackbuck
blackbucks
blackcurrant
blackcurrants
blackfaced
blackgame
blackgames
blackheaded
blacklegged
blacklegging
blacklistings
blackwash
blackwashes
blad
bladded
bladdered
bladderwrack
bladderwracks
bladding
bladework
bladeworks
blads
blaer
blaes
blaest
blag
blagged
blagger
blaggers
blagging
blags
blague
blagues
blagueur
blagueurs
blahed
blahing
blaise
blaize
blamableness
blamablenesses
blameable
blameableness
blameablenesses
blameably
blamefulness
blamefulnesses
blanco
blancoed
blancoing
blancos
blands
blanketies
blanketings
blanketweed
blanketweeds
blankety
blankies
blankings
blanky
blash
blashes
blashier
blashiest
blashy
blastogeneses
blastogenesis
blastogenic
blastoid
blastoids
blastosphere
blastospheres
blastular
blater
blatest
blatt
blattant
blatts
blaud
blauded
blauding
blauds
blawort
blaworts
blay
blays
blazered
bleacheries
bleachery
bleachings
bleaky
blearer
blearest
bleareyed
bleatings
blee
bleedings
bleeper
bleepers
blees
blemishment
blemishments
blendings
blennorrhoea
blennorrhoeas
blepharism
blepharisms
blepharitis
blepharitises
bletheranskate
bletheranskates
bletheration
bletherations
bletherer
bletherers
bletherings
bletherskate
bletherskates
bletted
bletting
blewart
blewarts
blewits
blewitses
bley
bleys
blightingly
blightings
blimbing
blimbings
blindage
blindages
blindings
blindless
blinkard
blinkards
blinned
blinning
blins
blissless
blist
blisterier
blisteriest
blite
blites
blitheness
blithenesses
blithesomeness
blithesomenesses
blive
bloatedness
bloatednesses
bloatings
bloatware
bloatwares
blockboard
blockboards
blockhole
blockholes
blockings
blockwork
blockworks
blokedom
blokedoms
blokeish
blokey
blokier
blokiest
bloncket
bloodcurdlingly
bloodheat
bloodheats
bloodletter
bloodletters
bloodlust
bloodlusts
bloodsprent
bloodwood
bloodwoods
bloomeries
bloomery
bloomless
bloosme
bloosmed
bloosmes
bloosming
blore
blores
blossomings
blotchiness
blotchinesses
blotchings
blottesque
blottings
bloubok
blouboks
blowball
blowballs
blowie
blowies
blowlamp
blowlamps
blowse
blowsed
blowses
blowze
blowzed
blowzes
blude
bludes
bludge
bludged
bludges
bludging
bludie
bludier
bludiest
bludy
blueback
bluebacks
bluebreast
bluebreasts
bluebuck
bluebucks
bluecap
bluecaps
bluegown
bluegowns
bluethroat
bluethroats
bluewing
bluewings
bluggier
bluggiest
bluggy
bluid
bluidier
bluidiest
bluids
bluidy
bluier
bluiest
blunderings
blunk
blunked
blunker
blunkers
blunking
blunks
bluntish
blurtings
blushet
blushets
blushings
blushless
blushlessly
blusterier
blusteriest
blusterings
blustrous
blutwurst
blutwursts
bo
boak
boaked
boaking
boaks
boastings
boastless
boatie
boaties
boattail
boattails
boba
bobac
bobacs
bobak
bobaks
bobas
bobbish
bobbitt
bobbitted
bobbitting
bobbitts
bobblier
bobbliest
bobbly
bobbysock
bobbysocks
bobbysoxer
bobbysoxers
bobsleigh
bobsleighs
bobwheel
bobwheels
bobwig
bobwigs
bocage
bocages
bocked
bocking
bodach
bodachs
boddle
boddles
bodeful
bodeguero
bodegueros
bodge
bodged
bodger
bodgers
bodges
bodgie
bodgier
bodgies
bodgiest
bodging
bodikin
bodikins
bodle
bodles
bodrag
bodrags
bodyline
bodylines
bodyshell
bodyshells
bodyworker
bodyworkers
boerewors
boereworses
boffed
boffing
bogeyism
bogeyisms
boggard
boggards
boggart
boggarts
bogginess
bogginesses
bogland
boglands
bogoak
bogoaks
bogong
bogongs
bogtrotter
bogtrotters
bogtrotting
bogtrottings
bogyism
bogyisms
boh
bohs
boileries
boilery
boilings
boinged
boinging
boings
boink
boinked
boinking
boinks
bok
boke
boked
bokes
boking
boko
bokos
boks
bolden
boldened
boldening
boldens
bolection
bolections
bolix
bolixed
bolixes
bolixing
bolled
bollen
bolletrie
bolletries
bolling
bollock
bollocked
bollocking
bollockings
bollocksed
bollockses
bollocksing
bolometries
bolometry
bolshevik
bolsheviks
bolshevise
bolshevised
bolshevises
bolshevising
bolshevist
bolshevists
bolshier
bolshiest
bolsterings
bolthead
boltheads
boltings
boma
bomas
bombacaceous
bombasine
bombasines
bombasted
bombasting
bombaxes
bombilate
bombilated
bombilates
bombilating
bombilation
bombilations
bomblet
bomblets
bombo
bombora
bomboras
bombos
bombsite
bombsites
bonamia
bonamias
bonamiases
bonamiasis
bonassus
bonassuses
bonasus
bonasuses
bonbonniere
bonbonnieres
bonce
bonces
bondager
bondagers
bondmanship
bondmanships
bondservant
bondservants
bondswoman
bondswomen
bonduc
bonducs
boneshaker
boneshakers
bongrace
bongraces
bonhommie
bonhommies
bonibell
bonibells
bonie
bonilasse
bonilasses
bonings
bonism
bonisms
bonist
bonists
bonjour
bonnibell
bonnibells
bonnies
bonnilasse
bonnilasses
bonniness
bonninesses
bonsais
bonsella
bonsellas
bonxie
bonxies
bonza
bonzer
boobook
boobooks
boobyish
boobyism
boobyisms
boodie
boodied
boodies
boody
boodying
boogieing
booh
boohed
boohing
boohs
bookier
bookiest
bookland
booklands
bookless
booksie
booksier
booksiest
bookstand
bookstands
booksy
bookwork
bookworks
booky
bool
bools
boomings
boomslang
boomslangs
boong
boongs
boord
boorde
boordes
boords
boorka
boorkas
boortree
boortrees
boose
boosed
booses
boosing
boothose
bootikin
bootikins
bootlast
bootlasts
bootleggings
bootlickings
bootmaker
bootmakers
bootmaking
bootmakings
boozey
booziness
boozinesses
bor
borachio
borachios
boraginaceous
borak
boraks
borazon
borazons
borborygmic
bord
bordar
bordars
borde
borderless
bordes
bordraging
bordragings
bords
boree
borees
borel
boronia
boronias
borrel
borrell
bors
borstall
borstalls
bortsch
bortsches
bos
bosbok
bosboks
boschbok
boschboks
bosche
bosches
boschveld
boschvelds
boshta
boshter
bosker
boskiness
boskinesses
bosomier
bosomiest
bosser
bossest
bossyboots
bostangi
bostangis
bostryx
bostryxes
botanomancies
botanomancy
botargo
botargoes
botargos
botchings
bothan
bothans
bothie
bothole
botholes
bothyman
bothymen
botone
botryose
botted
botties
bottine
bottines
botting
bottomness
bottomnesses
bottony
botty
bougainvilia
bougainvilias
bouge
bouged
bouges
bouget
bougets
boughpot
boughpots
boughts
bouging
bouilli
bouillis
bouillotte
bouillottes
bouk
bouks
boult
boulted
boulter
boulters
boulting
boultings
boults
boun
bounciness
bouncinesses
bouned
bouning
bouns
bountree
bountrees
bountyhed
bountyheds
bouquetiere
bouquetieres
bourasque
bourasques
bourd
bourder
bourders
bourds
bourkha
bourkhas
bourlaw
bourlaws
bourtree
bourtrees
bousier
bousiest
bousingken
bousingkens
bousy
boutade
boutades
boutonne
boutonnee
bovate
bovates
bovver
bovvers
bowat
bowats
bowbent
bowdlerisation
bowdlerisations
bowdleriser
bowdlerisers
bowerwoman
bowerwomen
bowes
bowet
bowets
bowget
bowgets
bowne
bowned
bownes
bowning
bowpot
bowpots
bowr
bowrs
bowser
bowsers
bowstringed
bowstringing
bowstrung
bowyang
bowyangs
boxen
boxercise
boxercises
boxkeeper
boxkeepers
boxroom
boxrooms
boxwallah
boxwallahs
boyau
boyaux
boyed
boyg
boygs
boying
bozzetti
bozzetto
braaivleis
braaivleises
brabblement
brabblements
braccate
braccia
braccio
brachiosaurus
brachiosauruses
brachistochrone
brachistochrones
brachyaxes
brachyaxis
brachycephal
brachycephalous
brachycephals
brachydactyl
brachydactylic
brachydactylies
brachydactylous
brachydactyly
brachydiagonal
brachydiagonals
brachydome
brachydomes
brachygraphies
brachygraphy
brachylogies
brachylogy
brachypinakoid
brachypinakoids
brachyprism
brachyprisms
brachyural
brachyurous
brack
bracks
bracteates
bracteolate
bractless
bradypeptic
bradypeptics
bradyseism
bradyseisms
bragadisme
bragadismes
braggartism
braggartisms
braggartly
braggingly
bragly
braide
braidest
brailler
braillers
brainbox
brainboxes
brainsickness
brainsicknesses
braird
brairded
brairding
brairds
braize
braizes
brambled
brambling
bramblings
brame
brames
brancard
brancards
brancher
brancheries
branchers
branchery
branchiate
branchings
brandade
brandades
brandered
brandering
brandise
brandises
brandling
brandlings
brandreth
brandreths
branfulness
branfulnesses
brangle
brangled
brangles
brangling
branglings
branked
brankier
brankiest
branking
brankursine
brankursines
branky
branle
branles
bransle
bransles
brantle
brantles
brasero
braseros
brases
brashed
brashing
brasset
brassets
brassfounder
brassfounders
brassfounding
brassfoundings
brast
brasting
brasts
bratchet
bratchets
bratling
bratlings
bratpack
bratticings
brattished
brattishes
brattishing
brattishings
brattlings
braunch
braunched
braunches
braunching
braunite
braunites
bravadoed
bravadoing
brawlings
brawned
braws
brazeless
brazenries
brazenry
brazilein
brazileins
breadberries
breadberry
breadcrumb
breadcrumbed
breadcrumbing
breadcrumbs
breadhead
breadheads
breadroom
breadrooms
breadroot
breadroots
breadthways
breakableness
breakablenesses
breakback
breakbeat
breakbeats
breakdance
breakdanced
breakdancer
breakdancers
breakdances
breakdancing
breakdancings
breakpoint
breakpoints
breaktime
breaktimes
breare
breares
breaskit
breaskits
breastpin
breastpins
breastplough
breastploughs
breastrail
breastrails
breastsummer
breastsummers
breathalyse
breathalysed
breathalyser
breathalysers
breathalyses
breathalysing
breathalyze
breathalyzed
breathalyzer
breathalyzers
breathalyzes
breathalyzing
breathful
brecham
brechams
breded
breding
breechless
breem
breer
breered
breering
breers
breese
breeses
bregmatic
brehon
brehons
breloque
breloques
breme
bren
brenne
brennes
brenning
brens
brenter
brentest
brer
brere
breres
brers
bressummer
bressummers
bretasche
bretasches
bretesse
bretesses
breton
bretons
brettice
bretticed
brettices
bretticing
breviate
breviates
brevier
breviers
brevipennate
brewmaster
brewmasters
brewpub
brewpubs
brewster
brewsters
briared
bricabrac
bricabracs
brickclay
brickclays
bricken
brickfielder
brickfielders
brickie
brickies
brickings
brickmaker
brickmakers
brickmaking
brickmakings
brickshaped
brickwall
brickwalls
bridecake
bridecakes
brided
bridemaid
bridemaiden
bridemaidens
bridemaids
brideman
bridemen
bridesman
bridesmen
bridewealth
bridewealths
bridgable
bridgeboard
bridgeboards
bridie
bridies
briding
briered
brierier
brieriest
brigalow
brigalows
brigandries
brigandry
brightsome
brigue
brigued
brigues
briguing
briguings
briller
brillest
brillianted
brillianting
brilliantness
brilliantnesses
brimfullness
brimfullnesses
brimfulness
brimfulnesses
briming
brimings
brimstony
bringings
brinjal
brinjals
brinjarries
brinjarry
brinkman
brinkmen
brise
brises
brisken
briskened
briskening
briskens
briskish
brisky
bristlecone
bristlecones
bristliness
bristlinesses
brisure
brisures
britschka
britschkas
britzska
britzskas
brize
brizes
broadbill
broadbills
broadbrush
broadcastings
broadminded
broadmindedly
broadmindedness
broadmindednesses
broadpiece
broadpieces
broadway
broadways
broadwise
brobdingnagian
brocage
brocages
brocard
brocards
broch
brochan
brochans
broched
broches
broching
brochs
brocked
brockit
brockram
brockrams
brod
brodded
brodding
brodekin
brodekins
brodkin
brodkins
brods
brog
brogged
brogging
brogh
broghs
brogs
brogueish
broguish
broiderer
broiderers
broiderings
brokage
brokages
broked
brokeries
brokery
brokes
brolga
brolgas
bromelia
bromeliaceous
bromelias
bromhidroses
bromhidrosis
bromidroses
bromidrosis
brominism
brominisms
brommer
brommers
bromoform
bromoforms
bronchographies
bronchography
bronchoscopical
bronchoscopically
brond
bronds
brondyron
brondyrons
bronzen
bronzified
bronzifies
bronzify
bronzifying
bronzite
bronzites
broo
brooched
brooching
brooklime
brooklimes
brookweed
brookweeds
brool
brools
broomstaff
broomstaffs
broomstaves
broos
broose
brooses
brotherlike
brough
broughs
brouze
brouzes
browbeater
browbeaters
browbeatings
browless
brownfield
brownfields
brownings
brownness
brownnesses
browsier
browsiest
browsings
browst
browsts
browsy
bruchid
bruchids
brucite
brucites
bruckle
bruhaha
bruhahas
bruilzie
bruilzies
bruisings
brule
brulyie
brulyies
brulzie
brulzies
brummer
brummers
brunted
brunting
bruschetta
bruschettas
bruschette
brushings
brushwheel
brushwheels
brust
brusting
brusts
brutalisation
brutalisations
brutalism
brutalisms
brutalist
brutalists
bruted
brutelike
bruteness
brutenesses
bruter
bruters
brutified
brutifies
brutify
brutifying
bruting
brutings
buat
buats
buaze
buazes
buba
bubaline
bubas
bubinga
bubingas
bubonocele
bubonoceles
bubukle
bubukles
buccaneerings
buccanier
buccaniered
buccaniering
buccaniers
buccina
buccinas
buccinatory
bucellas
bucellases
buchu
buchus
buckayro
buckayros
buckeen
buckeens
bucketings
buckhorn
buckhorns
buckhound
buckhounds
buckie
buckies
buckings
buckish
buckishly
bucklings
buckrake
buckrakes
buckshish
buckshished
buckshishes
buckshishing
bucksom
bucku
buckus
bucolical
buddha
buddhas
buddier
buddiest
buddled
buddling
budger
budgeree
budgero
budgeros
budgerow
budgerows
budgers
budmash
budmashes
budo
budos
buffa
buffe
buffetings
buffings
bufo
bufos
bufotenine
bufotenines
buggan
buggane
bugganes
buggans
buggin
buggings
buggins
buglet
buglets
bugong
bugongs
bugwort
bugworts
buik
buiks
buirdlier
buirdliest
buist
buisted
buisting
buists
buke
bukes
bukshee
bukshees
bukshi
bukshis
bulbiferous
bulbing
bulbosities
bulbosity
bulbousness
bulbousnesses
bulger
bulgers
bulghur
bulghurs
bulgine
bulgines
bulginess
bulginesses
bulgingly
bulimies
bulimus
bulimuses
bulimy
bulker
bulkers
bullaries
bullary
bullbar
bullbars
bulldust
bulldusts
buller
bullered
bullering
bullers
bulletrie
bulletries
bullgine
bullgines
bullings
bullionist
bullionists
bullocked
bullockies
bullocking
bullshitter
bullshitters
bullshittings
bullwhack
bullwhacked
bullwhacking
bullwhacks
bullyism
bullyisms
bulrushy
bulse
bulses
bumalo
bumaloti
bumalotis
bumbag
bumbags
bumbailiff
bumbailiffs
bumbaze
bumbazed
bumbazes
bumbazing
bumblings
bumbo
bumbos
bumfreezer
bumfreezers
bummalo
bummaloti
bummalotis
bummaree
bummarees
bummel
bummels
bummle
bummled
bummles
bummling
bummock
bummocks
bumpered
bumpering
bumpings
bumpologies
bumpology
bumpsadaisy
bumsucker
bumsuckers
bumsucking
bumsuckings
buna
bunas
bunce
bunced
bunces
bunchiness
bunchinesses
bunchings
buncing
bunded
bunding
bundobust
bundobusts
bundook
bundooks
bundu
bundus
bungaloid
bungaloids
bungey
bungeys
bungie
bungies
bunglings
bungy
bunia
bunias
bunje
bunjee
bunjees
bunjes
bunjie
bunjies
bunjy
bunnia
bunnias
bunodont
bunsen
bunsens
buntal
buntals
buntier
buntiest
bunty
bunyip
bunyips
buoyage
buoyages
buoyantness
buoyantnesses
buplever
buplevers
buppy
buprestid
buprestids
burblings
burd
burdash
burdashes
burdenous
burdie
burdies
burds
bureaucratisation
bureaucratisations
bureaucratist
bureaucratists
burganet
burganets
burghul
burghuls
burglared
burglaring
burglarise
burglarised
burglarises
burglarising
burgrave
burgraves
burhel
burhels
burinist
burinists
buriti
buritis
burk
burka
burkas
burks
burletta
burlettas
burnettise
burnettised
burnettises
burnettising
burnettize
burnettized
burnettizes
burnettizing
burnings
burnishment
burnishments
burnouse
burnside
buroo
buroos
burqa
burqas
burramundi
burramundis
burrawang
burrawangs
burrel
burrell
burrells
burrels
burrhel
burrhels
burrowstown
burrowstowns
bursarial
bursarship
bursarships
burseraceous
bursiculate
bursiform
bursten
busgirl
busgirls
bushcraft
bushcrafts
busheller
bushellers
bushellings
bushelman
bushelmen
bushelwoman
bushelwomen
bushies
bushmanship
bushmanships
bushveld
bushvelds
bushwalk
bushwalked
bushwalker
bushwalkers
bushwalking
bushwalkings
bushwalks
bushwhackings
bushwoman
bushwomen
busket
buskets
buskings
busky
bussu
bussus
bustee
bustees
bustings
bustler
bustlers
busybodied
busybodying
butcherings
butchest
butching
butchings
butes
butlerage
butlerages
butlered
butlering
butlership
butlerships
butment
butments
butterbur
butterburs
butterdock
butterdocks
butterine
butterines
butteriness
butterinesses
buttle
buttled
buttles
buttling
buttocked
buttocking
buttonheld
buttonhold
buttonholding
buttonholds
buttyman
buttymen
butyraceous
buyables
buzzier
buzziest
buzzingly
buzzings
buzzy
bwazi
bwazis
bycatch
bycatches
bycoket
bycokets
byke
byked
bykes
byking
bylander
bylanders
bylive
bynempt
byplace
byplaces
byreman
byremen
byrewoman
byrewomen
byrlady
byrlakin
byrlaw
byrlaws
byrnie
byrnies
byroom
byrooms
byssaceous
byssal
byssine
byssoid
bytownite
bytownites
bywoner
bywoners
byzant
byzants
caatinga
caatingas
caba
cabalette
cabalistical
caballer
caballers
caballine
cabas
cabbagetown
cabbagetowns
cabbagy
cabbalism
cabbalisms
cabbalist
cabbalistic
cabbalistical
cabbalists
cablevision
cablevisions
cablings
cabobbed
cabobbing
caboc
caboceer
caboceers
caboched
cabocs
caboshed
cabre
cabrie
cabries
cabrit
cabrits
cacafogo
cacafogos
cacafuego
cacafuegos
cacciatora
cachaemia
cachaemias
cachaemic
cachectical
cachinnatory
cacholong
cacholongs
cacholot
cacholots
cacodaemon
cacodaemons
cacodoxies
cacodoxy
cacodylic
cacoepies
cacoepy
cacogastric
cacogenics
cacographer
cacographers
cacographic
cacolet
cacolets
cacologies
cacology
cacomixl
cacomixls
cacoon
cacoons
cacophonic
cacophonical
cacophonious
cacotopia
cacotopian
cacotopias
cacotrophies
cacotrophy
cactaceous
cactiform
cacumen
cacumina
cacuminous
cadaverousness
cadaverousnesses
caddyss
caddysses
cadee
cadees
cadgier
cadgiest
cadgy
cadie
cadies
cadrans
cadranses
caduac
caduacs
caducibranchiate
caecitis
caecitises
caenogeneses
caenogenesis
caerule
caerulean
caesalpiniaceous
caesaropapism
caesaropapisms
caese
caesious
cafard
cafards
cafetiere
cafetieres
caffeinated
caffeinism
caffeinisms
caffeism
caffeisms
caffila
caffilas
cafila
cafilas
cagebird
cagebirds
cagework
cageworks
cagot
cagots
cagoul
cagoule
cagoules
cagouls
cagyness
cagynesses
caillach
caillachs
caille
cailleach
cailleachs
cailles
cailliach
cailliachs
caimac
caimacam
caimacams
caimacs
cain
cains
caitive
caitives
cajun
cakings
calabrese
calabreses
calamanco
calamancoes
calamancos
calamitousness
calamitousnesses
calandria
calandrias
calanthe
calanthes
calathea
calatheas
calavance
calavances
calcanean
calcarate
calcariferous
calcariform
calcarine
calceamentum
calceamentums
calceate
calceated
calceates
calceating
calced
calcedonies
calcedonio
calcedonios
calcedony
calceiform
calceolaria
calceolarias
calceolate
calcigerous
calcinable
calcrete
calcretes
calculably
calcular
calculary
calculative
calculose
calefacient
calefacients
calefaction
calefactions
calefactive
calefactor
calefactors
calefied
calefies
calefy
calefying
calendarer
calendarers
calendarisation
calendarisations
calendarise
calendarised
calendarises
calendarising
calendarist
calendarists
calendarization
calendarizations
calendarize
calendarized
calendarizes
calendarizing
calenderings
calendrer
calendrers
calendries
calendry
calescence
calescences
calfdozer
calfdozers
calfless
calflick
calflicks
caliatour
caliatours
calibered
calid
calidities
calidity
caliginosities
caliginosity
caligo
caligoes
caligos
calima
calimas
caliologies
caliology
calisaya
calisayas
caliver
calivers
calkin
calkins
calliature
calliatures
callid
callidities
callidity
calligram
calligramme
calligrammes
calligrams
calligraphical
callipygean
callisthenic
callisthenics
callows
calluna
callunas
calmant
calmants
calmier
calmiest
calmstone
calmstones
calmy
calorescence
calorescences
caloricities
caloricity
calorification
calorifications
calorifier
calorifiers
calorist
calorists
calotypist
calotypists
calp
calpa
calpas
calps
caltha
calthas
calumba
calumbas
calumniatory
calver
calvered
calvering
calvers
calvities
calycanthemies
calycanthemy
calycanthus
calycanthuses
calyciform
calycinal
calycled
calycoid
calycoideous
calyculate
calycule
calycules
calyptera
calypteras
calyptrate
calyptrogen
calyptrogens
calzoni
camaieu
camaieux
caman
camanachd
camanachds
camans
camaron
camarons
camash
camashes
camberings
cambiform
cambism
cambisms
cambistries
cambistry
camboge
camboges
cambrel
cambrels
cameleon
cameleons
cameleopard
cameleopards
camelid
camelids
cameline
camelines
camelish
cameloid
cameloids
camelot
camelots
camelries
camelry
camerated
cameration
camerations
camerawork
cameraworks
camerlingo
camerlingos
camese
cameses
camiknickers
camis
cammed
camming
camogie
camogies
camote
camotes
camouflet
camouflets
campana
campanas
campanero
campaneros
campaniform
campanist
campanists
campanological
campanulaceous
campanular
campeador
campeadors
campest
campestrian
camphane
camphanes
camphine
camphines
camphoric
cample
campled
camples
campling
camply
campness
campnesses
campodeid
campodeids
campodeiform
campylobacterioses
campylobacteriosis
camsheugh
camsho
camshoch
camstairy
camstane
camstanes
camsteary
camsteerie
camstone
camstones
camus
camuses
camwood
camwoods
canada
canadas
canaigre
canaigres
canakin
canakins
canaliculate
canaliculated
canalisation
canalisations
canalise
canalised
canalises
canalising
canaried
canarying
canaster
canasters
canbank
canbanks
canceleer
canceleered
canceleering
canceleers
cancelier
canceliered
canceliering
canceliers
cancellarial
cancellarian
cancellariate
cancellariates
cancellate
cancellated
cancelli
cancerate
cancerated
cancerates
cancerating
canceration
cancerations
cancerophobia
cancerophobias
cancerphobia
cancerphobias
cancionero
cancioneros
cancriform
cancrine
cancrizans
candelilla
candelillas
candidal
candidateship
candidateships
candie
candock
candocks
canefruit
canefruits
caneh
canehs
canellini
canephora
canephoras
canephore
canephores
canephorus
canephoruses
canescence
canescences
cang
cangle
cangled
cangles
cangling
cangs
canier
caniest
canings
canistered
canistering
canisterisation
canisterisations
canisterise
canisterised
canisterises
canisterising
canisterization
canisterizations
canisterize
canisterized
canisterizes
canisterizing
canities
cankeredly
cankeredness
cankerednesses
cankery
cann
cannach
cannachs
cannae
cannellini
cannelure
cannelures
cannibalisation
cannibalisations
cannibally
cannonier
cannoniers
canns
cannulate
canoeings
canonicate
canonicates
canonisation
canonisations
canonise
canonised
canonises
canonising
canonistic
canophilia
canophilias
canophilist
canophilists
canophobia
canophobias
canstick
cansticks
cantabank
cantabanks
cantabiles
cantar
cantars
cantate
cantates
cantdog
cantdogs
canterburies
canterbury
canterburys
cantest
canthari
cantharid
cantharidal
cantharidian
cantharidic
cantharidine
cantharidines
cantharids
cantharus
canthaxanthine
canthaxanthines
canthook
canthooks
cantico
canticoed
canticoing
canticos
canticoy
canticoyed
canticoying
canticoys
canticum
canticums
cantier
cantiest
cantillatory
cantiness
cantinesses
cantings
cantion
cantions
cantled
cantlet
cantlets
cantling
cantonisation
cantonisations
cantonise
cantonised
cantonises
cantonising
cantonization
cantonizations
cantonize
cantonized
cantonizes
cantonizing
cantoris
cantred
cantreds
cantref
cantrefs
cany
canzonetta
canzonette
capa
capas
capeline
capelines
capellet
capellets
capelline
capellines
capellmeister
capellmeisters
caperer
caperers
capernoited
capernoitie
capernoities
capernoity
capi
capillaceous
capillaire
capillaires
capillitia
capillitium
caping
capitalisation
capitalisations
capitan
capitani
capitano
capitanos
capitans
capitayn
capitayns
capitella
capitellum
capitolian
capitoline
capitulant
capitulants
capitularly
capitulars
capitulatory
capiz
capizes
caple
caples
capnomancies
capnomancy
capocchia
capocchias
capodastro
capodastros
capoeira
capoeiras
caponier
caponiere
caponieres
caponiers
caponise
caponised
caponises
caponising
capot
capotasto
capotastos
capots
capotted
capotting
capouch
capouches
capparidaceous
cappernoities
cappernoity
caprate
caprates
capreolate
capric
capriccioso
caprid
caprids
caprified
caprifies
caprifoil
caprifoils
caprifole
caprifoles
caprifoliaceous
capriform
caprify
caprifying
caproate
caproates
caproic
caprylate
caprylates
caprylic
capsizable
capsizal
capsizals
capsulary
capsulate
capsulise
capsulised
capsulises
capsulising
captainries
captainry
captivance
captivances
captivaunce
captivaunces
captived
captiving
capuccio
capuccios
capuera
capueras
capul
capuls
carabin
carabine
carabines
carabins
caract
caracts
carambole
caramboled
caramboles
caramboling
caramelisation
caramelisations
caramelization
caramelizations
caramelled
caramelling
carangoid
carangoids
caranna
carannas
carap
carapacial
caraps
carauna
caraunas
caravance
caravances
caravaneer
caravaneers
caravanette
caravanettes
caravansarai
caravansarais
carbies
carbineer
carbineers
carbinier
carbiniers
carbonatite
carbonatites
carbonisation
carbonisations
carbonise
carbonised
carbonises
carbonising
carbonylate
carbonylated
carbonylates
carbonylating
carburate
carburated
carburates
carburating
carburation
carburations
carbureter
carbureters
carburisation
carburisations
carby
carcake
carcakes
carcased
carcasing
carcassed
carcassing
carceral
carcinological
carcinologies
carcinologist
carcinologists
carcinology
carcinoses
carcinosis
cardamine
cardamines
cardboardy
cardcase
cardcases
cardcastle
cardcastles
cardecu
cardecue
cardecues
cardecus
cardi
cardiacal
cardialgia
cardialgias
cardialgies
cardialgy
cardies
cardiganed
cardinalatial
cardinalitial
cardiographer
cardiographers
cardiomotor
cardis
cardophagus
cardophaguses
cardphone
cardphones
cardpunch
cardpunches
carduus
carduuses
cardy
careenage
careenages
caressings
careworker
careworkers
carex
carfax
carfaxes
carfox
carfoxes
carfuffle
carfuffled
carfuffles
carfuffling
cargeese
cargoed
cargoing
cargoose
cariacou
cariacous
cariama
cariamas
caricatura
caricaturas
carices
cariere
carieres
carilloned
carilloning
carillonist
carillonists
carjack
carjacked
carjacks
carjacou
carjacous
carlish
carlock
carlocks
carlot
carlots
carmelite
carmelites
carnahuba
carnahubas
carnalise
carnalised
carnalises
carnalising
carnalism
carnalisms
carnalist
carnalists
carnalize
carnalized
carnalizes
carnalizing
carnalled
carnalling
carnals
carnaptious
carnationed
carneous
carneyed
carneying
carnied
carnier
carniest
carnification
carnifications
carnificial
carnivalesque
carnose
carnosities
carnosity
carnying
caromel
caromelled
caromelling
caromels
carousingly
carpark
carparks
carpellates
carpentaria
carpentarias
carpetmonger
carpetmongers
carphologies
carphology
carpings
carpologies
carpology
carpometacarpi
carpometacarpus
carpophagous
carract
carracts
carragheenin
carragheenins
carrat
carrats
carraway
carraways
carrect
carrects
carriageable
carritch
carritches
carriwitchet
carriwitchets
carrycot
carrycots
carrytale
carrytales
carse
carses
carsey
carseys
carta
cartas
carte
cartelisation
cartelisations
cartelism
cartelisms
cartelist
cartelists
cartes
carthamine
carthamines
cartogram
cartograms
cartological
cartologies
cartology
cartomancies
cartomancy
cartonage
cartonages
cartonnage
cartonnages
cartophile
cartophiles
cartophilic
cartophilies
cartophilist
cartophilists
cartophily
cartroad
cartroads
cartway
cartways
cartwright
cartwrights
carucage
carucages
carucate
carucates
caruncular
carunculate
carunculous
carveries
carvery
carvies
carvy
caryatic
caryatidal
caryatidean
caryatidic
caryophyllaceous
caryopteris
caryopterises
cascadura
cascaduras
caschrom
caschroms
casco
cascos
casemaker
casemakers
caseman
casemated
casemen
casemented
cashierer
cashierers
cashierings
cashierment
cashierments
cashpoint
cashpoints
casinghead
casingheads
caskstand
caskstands
cassareep
cassareeps
cassaripe
cassaripes
cassation
cassations
casseroled
casseroling
cassingle
cassingles
cassiopeium
cassiopeiums
cassocked
cassolette
cassolettes
cassonade
cassonades
cassumunar
cassumunars
castanospermine
castanospermines
casted
casteless
castella
castellum
castellums
castigatory
castock
castocks
castories
castory
castral
castrametation
castrametations
casualisation
casualisations
casualise
casualised
casualises
casualising
casualism
casualisms
casualization
casualizations
casualize
casualized
casualizes
casualizing
casuistically
catabases
catabasis
catacaustic
catacaustics
cataclasm
cataclasmic
cataclasms
cataclastic
catacoustics
catacumbal
catadioptrical
catafalco
catafalcoes
catallactic
catallactically
catallactics
catalogize
catalogized
catalogizes
catalogizing
cataloguise
cataloguised
cataloguises
cataloguising
cataloguize
cataloguized
cataloguizes
cataloguizing
catalyse
catalysed
catalyser
catalysers
catalysing
catalytical
catamountain
catamountains
catapan
catapans
cataphonic
cataphonics
cataphract
cataphractic
cataphracts
cataphyll
cataphyllary
cataphylls
cataphysical
cataplectic
catapultic
catapultier
catapultiers
catarhine
catarrhous
catasta
catastas
catastases
catastasis
catatonies
catatony
catched
catchen
catchings
catchpennies
catcht
catchweed
catchweeds
catechetic
catechetically
catechetics
catechise
catechised
catechiser
catechisers
catechises
catechising
catechisings
catechistical
catechizings
catechumenate
catechumenates
catechumenical
catechumenically
catechumenism
catechumenisms
catechumenship
catechumenships
categorematic
categorial
categorially
categoricalness
categoricalnesses
categorisation
categorisations
categorist
categorists
catelog
catelogs
catenane
catenanes
catenarian
cateress
cateresses
caterings
caterwaulings
catharise
catharised
catharises
catharising
catharize
catharized
catharizes
catharizing
cathartical
cathedratic
catheterisation
catheterisations
catheterism
catheterisms
cathetometer
cathetometers
cathetus
cathetuses
cathisma
cathismas
cathodograph
cathodographer
cathodographers
cathodographies
cathodographs
cathodography
cathole
catholes
catholicisation
catholicisations
catholicise
catholicised
catholicises
catholicising
catholicism
catholicisms
catholicization
catholicizations
cathood
cathoods
catilinarian
catling
catlings
catnep
catneps
catoptrics
catskin
catskins
catsuit
catsuits
cattabu
cattabus
cattishly
cattishness
cattishnesses
catworks
catworm
catworms
caudicle
caudicles
caudled
caudling
caudron
caudrons
cauf
cauk
cauker
caukers
cauks
cauld
caulder
cauldest
cauldrife
caulds
caulescent
caulicolous
cauliculate
cauliculi
cauliculus
cauliflories
cauliflory
cauliform
cauligenous
caulinary
caulome
caulomes
caum
caumed
cauming
caums
caumstone
caumstones
caup
caups
causationism
causationisms
causationist
causationists
causelessly
causelessness
causelessnesses
causen
causeyed
causticness
causticnesses
cautel
cautelous
cautels
cauter
cauterant
cauterants
cauterisation
cauterisations
cauterise
cauterised
cauterises
cauterising
cauterism
cauterisms
cauters
cautioner
cautioners
cautionries
cautionry
cauves
cavalcaded
cavalcading
cavalierish
cavass
cavasses
cavel
cavels
cavendish
cavendishes
cavernulous
cavesson
cavessons
caviarie
caviaries
cavicorns
cavie
cavier
caviers
cavillation
cavillations
cavillings
cawings
cawk
cawker
cawkers
cawks
caxon
caxons
cayenned
cazique
caziques
ceas
ceasings
ceaze
ceazed
ceazes
ceazing
cebadilla
cebadillas
cecils
cecities
cecitis
cecitises
cecity
cecropia
cecropias
cecutiencies
cecutiency
cedared
cedrate
cedrates
cedrelaceous
cedrine
ceili
ceilidh
ceilidhs
ceilis
celestine
celestines
celiacs
celibatarian
cellarist
cellarists
cellarman
cellarmen
cellarous
celliferous
cellose
celloses
cellphone
cellphones
cellulated
celluliferous
celsitude
celsitudes
cembalist
cembalists
cembra
cembras
cementatory
cemitare
cemitares
cenestheses
cenesthesia
cenesthesias
cenesthesis
cenogeneses
cenogenesis
cens
censorian
censurableness
censurablenesses
censurably
centage
centages
centare
centares
centaurian
centenarianism
centenarianisms
centenier
centeniers
centerings
centeses
centesimally
centesis
centiare
centiares
centigramme
centigrammes
centilitre
centilitres
centillionth
centillionths
centimetre
centimetres
centimetric
centinel
centinell
centinells
centinels
centoist
centoists
centonate
centonel
centonell
centonells
centonels
centonist
centonists
centralisation
centralisations
centreboard
centreboards
centrefold
centrefolds
centreing
centreings
centreline
centrelines
centrepiece
centrepieces
centrical
centricalness
centricalnesses
centries
centrifugalise
centrifugalised
centrifugalises
centrifugalising
centrifugalize
centrifugalized
centrifugalizes
centrifugalizing
centrifugence
centrifugences
centrings
centripetalism
centripetalisms
centrobaric
centroclinal
centrode
centrodes
centroidal
centrosphere
centrospheres
centry
centums
centumvir
centumvirate
centumvirates
centumviri
centuplicate
centuplicated
centuplicates
centuplicating
centuplication
centuplications
centurial
centuriation
centuriations
centuriator
centuriators
cepaceous
cephalagra
cephalagras
cephalalgia
cephalalgias
cephalalgic
cephalate
cephalics
cephalisation
cephalisations
cephalitis
cephalitises
cephalocele
cephaloceles
cephalochordate
cephalochordates
cephalotomies
cephalotomy
cephalous
ceraceous
ceramographies
ceramography
cerargyrite
cerargyrites
cerasin
cerasins
cerastium
cerastiums
ceratitis
ceratitises
ceratodus
ceratoduses
ceratopsid
ceratopsids
cerberean
cerberian
cercal
cercarian
cercopithecid
cercopithecids
cercopithecoid
cercopithecoids
cerealist
cerealists
cerebellic
cerebellous
cerebralism
cerebralisms
cerebralist
cerebralists
cerebric
cerebriform
cerebritis
cerebritises
cerebrotonia
cerebrotonias
cerebrotonic
cereous
ceresin
ceresine
ceresines
ceresins
cerge
cerges
ceriferous
cerne
cerned
cernes
cerning
cerograph
cerographic
cerographical
cerographies
cerographist
cerographists
cerographs
cerography
ceromancies
ceromancy
ceroon
ceroons
ceroplastic
ceroplastics
cerrial
cerris
cerrises
cert
certificatories
certs
cerule
cerulein
ceruleins
ceruleous
cerusite
cerusites
cervicographies
cervicography
cervids
cesarevich
cesareviches
cesarevitch
cesarevitches
cesarevna
cesarevnas
cesarewitch
cesarewitches
cespitose
cesse
cessed
cesser
cessers
cessing
cessionaries
cessionary
cestoidean
cestoideans
cestoids
cestoses
cestui
cestuis
cesural
cesure
cesures
ceteosaurus
ceteosauruses
ceterach
ceterachs
cetyl
cetyls
cetywall
cetywalls
cevadilla
cevadillas
cevapcici
ceylanite
ceylanites
ceylonite
ceylonites
ch
cha
chabazite
chabazites
chabouk
chabouks
chace
chaced
chaces
chacing
chack
chacked
chacking
chacks
chaco
chacoes
chacos
chaddar
chaddars
chaddor
chaddors
chaenomeles
chaenomeleses
chaetiferous
chaetodon
chaetodons
chaetopod
chaetopods
chafferies
chaffery
chaffingly
chaffings
chaffron
chaffrons
chaft
chafts
chagan
chagans
chai
chainbrake
chainbrakes
chainless
chainlet
chainlets
chainplates
chainshot
chainshots
chainstitch
chainstitches
chainwork
chainworks
chairborne
chairbound
chairdays
chais
chaiseless
chal
chalan
chalaned
chalaning
chalans
chalazogamic
chalazogamies
chalazogamy
chalcanthite
chalcanthites
chalcedonyx
chalcedonyxes
chalcographer
chalcographers
chalcographic
chalcographical
chalcographies
chalcographist
chalcographists
chalcography
chalder
chalders
chalicothere
chalicotheres
chalkface
chalkfaces
chalkiness
chalkinesses
chalkpit
chalkpits
chalkstone
chalkstones
challan
challaned
challaning
challans
challengeable
challie
challies
chalonic
chals
chalumeau
chalumeaux
chalutzes
chalybean
chalybite
chalybites
chamaeleon
chamaeleons
chamberer
chamberers
chamberings
chamberlainship
chamberlainships
chamberpot
chamberpots
chambranle
chambranles
chamelot
chamelots
chamfrain
chamfrains
chamisal
chamisals
chamlet
chamlets
champart
champarts
championess
championesses
chanceless
chancer
chancers
chancey
chandlering
chandlerings
chandlerly
chank
chanks
channelise
channelised
channelises
channelising
channeller
channellers
channer
channers
chanoyu
chanoyus
chansonette
chansonettes
chantage
chantages
chantarelle
chantarelles
chantie
chantor
chantors
chantress
chantresses
chaologies
chaology
chapeless
chapelries
chapelry
chapess
chapesses
chapka
chapkas
chaplainries
chaplainry
chaplainship
chaplainships
chapless
chappal
chappals
chappess
chappesses
chappie
chappier
chappies
chappiest
chappy
chaprassi
chaprassies
chaprassis
chaprassy
chapstick
chapsticks
chaptalisation
chaptalisations
chaptalise
chaptalised
chaptalises
chaptalising
chaptalization
chaptalizations
chaptalize
chaptalized
chaptalizes
chaptalizing
chapterhouse
chapterhouses
chaptrel
chaptrels
chara
characinoid
charact
characterisation
characterisations
characterise
characterised
characterises
characterising
characterism
characterisms
characteristical
characterlessness
characterlessnesses
characterologies
characterologist
characterologists
characterology
characts
charango
charangos
charet
charets
chargeableness
chargeablenesses
chargeably
chargeful
chargeless
chargenurse
chargenurses
chargesheet
chargesheets
chargrill
chargrilled
chargrilling
chargrills
charismas
chark
charked
charking
charks
charlatanic
charlatanical
charleston
charlestoned
charlestoning
charlestons
charmful
charmlessly
charneco
charnecos
charoset
charoseth
charoseths
charosets
charpie
charpies
charrier
charriest
charry
charta
chartaceous
chartas
charterparties
charterparty
charthouse
charthouses
chartism
chartisms
chartless
chartographies
chartography
chas
chaseport
chaseports
chasings
chasmier
chasmiest
chasmogamic
chasmogamies
chasmogamy
chasmy
chasseed
chastenment
chastenments
chastisable
chatline
chatlines
chaton
chatons
chatta
chattas
chatterings
chatti
chatties
chattis
chaudfroid
chaudfroids
chaufe
chaufed
chaufer
chaufers
chaufes
chauff
chauffed
chauffer
chauffers
chauffeuse
chauffeused
chauffeuses
chauffeusing
chauffing
chauffs
chaufing
chaulmugra
chaulmugras
chaumer
chaumers
chaunce
chaunced
chaunces
chauncing
chaunge
chaunged
chaunges
chaunging
chauntress
chauntresses
chauntries
chauntry
chauvin
chauvins
chave
chavender
chavenders
chawdron
chawdrons
chaya
chayas
chayroot
chayroots
che
cheapener
cheapeners
cheapy
cheateries
cheatery
cheatings
chechakoes
chechaqua
chechaquas
chechaquo
chechaquos
chechia
chechias
checkclerk
checkclerks
checklaton
checklatons
checkrail
checkrails
checksum
checksums
checkweigher
checkweighers
checky
cheddite
cheddites
cheechakoes
cheechalko
cheechalkoes
cheechalkos
cheekpiece
cheekpieces
cheekpouch
cheekpouches
cheekteeth
cheektooth
cheerishness
cheerishnesses
cheeseboard
cheeseboards
cheesecutter
cheesecutters
cheesehopper
cheesehoppers
cheesemite
cheesemites
cheesemonger
cheesemongers
cheeseparer
cheeseparers
cheesepress
cheesepresses
cheesetaster
cheesetasters
cheesevat
cheesevats
cheesewire
cheesewires
cheesewood
cheesewoods
cheesewring
cheesewrings
cheewink
cheewinks
cheilitis
cheilitises
cheka
chekas
chekist
chekists
chelaship
chelaships
chelicerate
chelicerates
cheliferous
cheliform
cheloidal
chelone
chelones
cheluviation
cheluviations
chemiatric
chemicked
chemicking
chemitype
chemitypes
chemitypies
chemitypy
chemmies
chemmy
chemoattractant
chemoattractants
chemoautotroph
chemoautotrophs
chemonasties
chemonasty
chemopsychiatric
chemopsychiatries
chemopsychiatry
chemoreceptivities
chemoreceptivity
chemosphere
chemospheres
chemostat
chemostats
chemotropic
chemurgic
chemurgical
chenar
chenars
chenix
chenixes
chenopodiaceous
chequerwise
chequerwork
chequerworks
chequy
cheralite
cheralites
cherimoyer
cherimoyers
cherishment
cherishments
cherried
cherrier
cherriest
cherrying
chersonese
chersoneses
cherubical
cherubimic
cherubin
cherubins
cherup
cheruped
cheruping
cherups
chesil
chesils
chesnut
chesnuts
chessel
chessels
chessylite
chessylites
chesting
chetnik
chetniks
cheven
chevens
cheverel
cheverels
cheveril
cheverils
cheverye
cheveryes
chevesaile
chevesailes
chevet
chevets
cheville
chevilles
chevin
chevins
chevisance
chevisances
chevrette
chevrettes
chevroned
chevrony
chevrotain
chevrotains
chewet
chewets
chewie
chewies
chiack
chiacked
chiacking
chiackings
chiacks
chiarezza
chiarezze
chiastolite
chiastolites
chiaused
chiausing
chibol
chibols
chica
chicana
chicanas
chicanings
chicas
chiccories
chiccory
chich
chicha
chichas
chiches
chickenpox
chickenpoxes
chickling
chicklings
chicon
chicons
chidings
chidlings
chieferies
chiefery
chiefess
chiefesses
chiefless
chiefling
chieflings
chiefries
chiefry
chieftainess
chieftainesses
chieftainries
chieftainry
chiffonnier
chiffonniers
chigre
chigres
chihuahua
chihuahuas
chik
chikara
chikaras
chikhor
chikhors
chikor
chikors
chiks
childcrowing
childcrowings
childed
childer
childminder
childminders
childness
childnesses
childs
chiliagon
chiliagons
chiliahedra
chiliahedron
chiliahedrons
chiliarch
chiliarchies
chiliarchs
chiliarchy
chilis
chillada
chilladas
chillings
chillis
chilopodan
chilopodans
chimerid
chimerids
chimley
chimleys
chimneyboard
chimneyboards
chimneybreast
chimneybreasts
chimneyed
chimneying
chimo
chinachina
chinachinas
chinampa
chinampas
chinar
chinaroot
chinaroots
chinars
chincapin
chincapins
chincough
chincoughs
chindit
chindits
chinese
chinkara
chinkaras
chinkerinchee
chinkerinchees
chinkie
chinkies
chinovnik
chinovniks
chinstrap
chinstraps
chinwag
chinwagged
chinwagging
chinwags
chipmuck
chipmucks
chipochia
chipochias
chipolata
chipolatas
chippings
chipset
chipsets
chiquichiqui
chiquichiquis
chiragra
chiragras
chiragric
chiragrical
chirl
chirled
chirling
chirls
chirm
chirmed
chirming
chirms
chirognomies
chirognomy
chirograph
chirographist
chirographists
chirographs
chirologies
chirologist
chirologists
chirology
chiromantic
chiromantical
chironomer
chironomers
chironomic
chironomies
chironomy
chiropodial
chiropterophilous
chiropterous
chirpiness
chirpinesses
chirre
chirres
chirt
chirted
chirting
chirts
chirurgeonly
chirurgeries
chirurgery
chirurgical
chisellings
chitals
chitarrone
chitarroni
chitinoid
chittagong
chittagongs
chitted
chitterings
chitterling
chittier
chitties
chittiest
chitting
chitty
chiv
chivaree
chivarees
chived
chiving
chivs
chivved
chivving
chiyogami
chiyogamis
chiz
chizz
chizzed
chizzes
chizzing
chlamydate
chlamydeous
chlamydias
chlamydomonas
chlamydomonases
chloanthite
chloanthites
chloralism
chloralisms
chlorambucil
chlorambucils
chlorargyrite
chlorargyrites
chloridate
chloridated
chloridates
chloridating
chloridise
chloridised
chloridises
chloridising
chloridize
chloridized
chloridizes
chloridizing
chlorimeter
chlorimeters
chlorimetric
chlorimetries
chlorimetry
chlorin
chlorinise
chlorinised
chlorinises
chlorinising
chlorinize
chlorinized
chlorinizes
chlorinizing
chlorins
chloritisation
chloritisations
chloritization
chloritizations
chlorobromide
chlorobromides
chlorocruorin
chlorocruorins
chlorodyne
chlorodynes
chloroformer
chloroformers
chloroformist
chloroformists
chlorometer
chlorometers
chlorometric
chlorometries
chlorometry
chlorophyl
chlorophyls
chloroplastal
chloroquin
chloroquins
choana
choanae
chobdar
chobdars
choc
chocaholic
chocaholics
choccier
choccies
chocciest
choccy
chocho
chochos
chocker
chocko
chockos
chockstone
chockstones
choco
chocolatiest
chocos
chocs
choctaw
choctaws
chode
choenix
choenixes
choiceful
choirgirl
choirgirls
choirman
choirmen
choirscreen
choirscreens
choirstalls
chokebore
chokebores
chokecoil
chokecoils
chokedamp
chokedamps
chokey
chokeys
chokidar
chokidars
chokies
choko
chokos
chokra
chokras
chokri
chokris
cholaemia
cholaemias
cholaemic
cholagogic
cholagogue
cholagogues
cholecyst
cholecystitises
cholecystographies
cholecystography
cholecystostomies
cholecystostomy
cholecystotomies
cholecystotomy
cholecysts
cholelith
choleliths
cholemia
cholemias
choleraic
cholesterin
cholesterins
cholesterolaemia
cholesterolaemias
cholesterolemia
cholesterolemias
choli
choliamb
choliambic
choliambics
choliambs
cholic
cholis
choltries
choltry
chondral
chondre
chondres
chondri
chondrification
chondrifications
chondrified
chondrifies
chondrify
chondrifying
chondrin
chondrins
chondritis
chondritises
chondroblast
chondroblasts
chondrogeneses
chondrogenesis
chondroid
chondroma
chondromas
chondromata
chondromatoses
chondromatosis
chondrophorine
chondrophorines
chondrostian
chondrostians
chondrus
chons
choof
choofed
choofing
choofs
chookie
chookies
choom
chooms
choppings
choralist
choralists
chorda
chordae
chordee
chordees
chordings
chordophone
chordophones
chordophonic
chordotomies
chordotomy
choree
chorees
choregic
choregraph
choregraphed
choregrapher
choregraphers
choregraphic
choregraphies
choregraphing
choregraphs
choregraphy
choreologies
choreologist
choreologists
choreology
chorepiscopal
choreus
choreuses
choria
choriambi
choriambic
choriambics
choriambus
choriambuses
chorisation
chorisations
chorises
chorisis
chorism
chorisms
chorist
chorists
chorization
chorizations
chorizont
chorizontist
chorizontists
chorizonts
chorographical
choroiditis
choroiditises
chorological
chorologies
chorologist
chorologists
chorology
chota
chou
choucroute
choucroutes
choultries
choultry
chounter
chountered
chountering
chounters
chout
chouts
choux
chowkidar
chowkidars
chowri
chowries
chowris
chowry
chrematist
chrematistic
chrematistics
chrematists
chrestomathic
chrestomathical
chrismals
chrismatories
chrismatory
christianisation
christianisations
christianise
christianised
christianiser
christianisers
christianises
christianising
christianization
christianizations
christianize
christianized
christianizer
christianizers
christianizes
christianizing
christingle
christingles
christom
christoms
christophanies
christophany
chromakey
chromakeys
chromatopsia
chromatopsias
chromatosphere
chromatospheres
chromatype
chromatypes
chromel
chromels
chromene
chromenes
chromidia
chromidium
chromogram
chromograms
chromophilic
chromoscope
chromoscopes
chromotherapies
chromotherapy
chromotype
chromotypes
chromotypographies
chromotypography
chromoxylograph
chromoxylographies
chromoxylographs
chromoxylography
chronical
chronographer
chronographers
chronologise
chronologised
chronologises
chronologising
chronologize
chronologized
chronologizes
chronologizing
chronoscope
chronoscopes
chronotron
chronotrons
chrysanth
chrysanths
chryselephantine
chrysocolla
chrysocollas
chrysocracies
chrysocracy
chrysophan
chrysophans
chrysophilite
chrysophilites
chuckie
chuckies
chucklings
chuddah
chuddahs
chuddies
chuddy
chuffiness
chuffinesses
chukor
chukors
chumley
chumleys
chummage
chummages
chummies
chumpings
chunder
chundered
chundering
chunderous
chunders
chunkings
chunnel
chunnels
chunner
chunnered
chunnering
chunners
chupati
chupatis
chupatti
chupattis
chuppah
chuppahs
chuprassies
chuprassy
churchism
churchisms
churchpeople
churchward
churchwards
churchway
churchways
churidars
churinga
churingas
churnings
churnmilk
churnmilks
churrus
churruses
chuse
chuses
chusing
chut
chyack
chyacked
chyacking
chyacks
chylaceous
chylde
chyliferous
chylification
chylifications
chylified
chylifies
chylify
chylifying
chyluria
chylurias
chymiferous
chymification
chymifications
chymified
chymifies
chymify
chymifying
chymistries
chymistry
chynd
chypre
chypres
ciabatta
ciabattas
ciabatte
ciaos
cibachrome
cibachromes
cibation
cibations
cibol
cibols
cicadellid
cicadellids
cicatrice
cicatrichule
cicatrichules
cicatricle
cicatricles
cicatricula
cicatriculas
cicatrisation
cicatrisations
cicatrise
cicatrised
cicatrises
cicatrising
ciceroned
ciceroneing
cichloid
cichoraceous
cicinnus
cicinnuses
ciclaton
ciclatons
ciclatoun
ciclatouns
cicuta
cicutas
cid
cidaris
cidarises
cide
cided
ciderkin
ciderkins
cidery
cides
ciding
cids
ciel
cieled
cieling
cielings
ciels
cierge
cierges
cig
ciggie
ciggies
ciggy
cigs
cilicious
ciliolate
cill
cills
cimar
cimars
cimelia
cimier
cimiers
ciminite
ciminites
cimolite
cimolites
cinchings
cinchonaceous
cinchonic
cinchoninic
cinchonisation
cinchonisations
cinchonise
cinchonised
cinchonises
cinchonising
cinchonization
cinchonizations
cinchonize
cinchonized
cinchonizes
cinchonizing
cincinnate
cincinnus
cincinnuses
cinct
cineangiographies
cineangiography
cinematographical
cinematographist
cinematographists
cinemicrographies
cinemicrography
cinephile
cinephiles
cineplex
cineplexes
cineramic
cineration
cinerations
cinerator
cinerators
cinerea
cinereal
cinereas
cineritious
cinnabaric
cinnamonic
cinnarizine
cinnarizines
cipherings
cipollino
cipollinos
cippi
cippus
circar
circars
circassian
circassians
circassienne
circassiennes
circensial
circensian
circiter
circlings
circlip
circlips
circs
circuiteer
circuiteers
circulable
circulatings
circumambages
circumambagious
circumambience
circumambiences
circumambiencies
circumambiency
circumbendibus
circumbendibuses
circumcentre
circumcentres
circumdenudation
circumdenudations
circumduce
circumduced
circumduces
circumducing
circumduct
circumducted
circumducting
circumduction
circumductions
circumductory
circumducts
circumferentor
circumferentors
circumflect
circumflected
circumflecting
circumflects
circumflexion
circumflexions
circumfluence
circumfluences
circumforanean
circumforaneous
circumfusile
circumgyrate
circumgyrated
circumgyrates
circumgyrating
circumgyration
circumgyrations
circumgyratory
circumincession
circumincessions
circuminsession
circuminsessions
circumjacencies
circumjacency
circumlittoral
circumlocute
circumlocuted
circumlocutes
circumlocuting
circumlocutional
circumlocutionary
circumlocutionist
circumlocutionists
circummure
circummured
circummures
circummuring
circumnavigable
circumnutate
circumnutated
circumnutates
circumnutating
circumnutation
circumnutations
circumnutatory
circumpose
circumposed
circumposes
circumposing
circumposition
circumpositions
circumscribable
circumscriber
circumscribers
circumscriptive
circumsolar
circumspective
circumspectness
circumspectnesses
circumstancing
circumstantials
circumterrestrial
circumventive
circumvolve
circumvolved
circumvolves
circumvolving
circussy
cirl
cirls
cirrhipede
cirrhipedes
cirrhopod
cirrhopods
cirriform
cirrigrade
cirripede
cirripedes
ciseleur
ciseleurs
ciselure
ciselures
cismontane
cispadane
cispontine
cissier
cissiest
cissus
cissuses
cistaceous
cisted
cistic
cistvaen
cistvaens
cit
cital
citals
citess
citesses
citharist
citharistic
citharists
citigrade
citizenise
citizenised
citizenises
citizenising
citizenize
citizenized
citizenizes
citizenizing
citrange
citranges
citrin
citrins
cits
cityfication
cityfications
cityfies
cityfy
cityfying
cive
cives
civilianise
civilianised
civilianises
civilianising
civilisable
civiliser
civilisers
civilist
civilists
civilizable
civism
civisms
cizers
clackbox
clackboxes
clackdish
clackdishes
cladded
cladder
cladders
cladism
cladisms
cladosporia
cladosporium
claes
clag
clagged
claggier
claggiest
clagging
claggy
clags
clairaudients
claircolle
claircolles
clairschach
clairschachs
clairvoyancies
clairvoyancy
clamancies
clamancy
clambe
clame
clames
clamjamfries
clamjamfry
clamjamphrie
clamjamphries
clamourer
clamourers
clampered
clampering
clangbox
clangboxes
clangings
clanjamfray
clanjamfrays
clankings
clanship
clanships
clanswoman
clanswomen
clapbread
clapbreads
clapdish
clapdishes
clapnet
clapnets
clapometer
clapometers
clapperboard
clapperboards
clapperboy
clapperboys
clapperclawer
clapperclawers
clappered
clappering
clapperings
clappings
claptrapperies
claptrappery
clarabella
clarabellas
clarain
clarains
clarendon
clarendons
clareted
clareting
clarichord
clarichords
clarini
clarino
clarinos
clarionet
clarionets
clarsach
clarsachs
clart
clarted
clartier
clartiest
clarting
clarts
clarty
clashings
claspings
classable
classible
classicalism
classicalisms
classicalist
classicalists
classicalness
classicalnesses
classicise
classicised
classicises
classicising
classific
classman
classmen
clat
clatch
clatched
clatches
clatching
clats
clatted
clatting
claucht
clauchted
clauchting
clauchts
claught
claughted
claughting
claughts
claustration
claustrations
clausula
clausulae
clausular
claut
clauted
clauting
clauts
clavated
clavation
clavations
clavecin
clavecinist
clavecinists
clavecins
clavicembalo
clavicembalos
clavicorn
clavicorns
clavicula
claviculae
clavicytherium
clavicytheriums
clavie
clavies
claviform
claviger
clavigerous
clavigers
clavis
clavulate
clawback
clawbacks
claymation
claymations
claytonia
claytonias
cleanings
cleansable
cleansings
cleanskin
cleanskins
clearage
clearages
clearcole
clearcoles
clearskin
clearskins
clearway
clearways
cleavableness
cleavablenesses
cleavings
cleche
cleck
clecked
clecking
cleckings
clecks
cleeked
cleeking
cleekit
cleep
cleeped
cleeping
cleeps
cleeve
cleeves
cleg
clegs
cleithral
clem
clementine
clementines
clemmed
clemming
clems
clenbuterol
clenbuterols
cleptomania
cleptomanias
clerecole
clerecoles
clergiable
clergyable
clericate
clericates
clericities
clericity
clerkess
clerkesses
clerklike
clerkling
clerklings
cleromancies
cleromancy
cleruch
cleruchia
cleruchias
cleruchies
cleruchs
cleruchy
cleuch
cleuchs
cleugh
cleughs
cleve
cleveralities
cleverality
cleves
clianthus
clianthuses
clicheed
clicket
clicketed
clicketing
clickets
clickings
clickstream
clickstreams
clied
clientship
clientships
clies
cliffed
cliffhang
cliffhanger
cliffhangers
cliffhanging
cliffhangings
cliffhangs
cliffhung
clift
clifted
cliftier
cliftiest
clifts
clifty
climacterical
climactical
climatal
climated
climatical
climating
climatise
climatised
climatises
climatising
climatize
climatized
climatizes
climatizing
climatographical
climatographies
climatography
climature
climatures
climbings
clinamen
clinamens
clindamycin
clindamycins
clingfilm
clingfilms
clinginess
clinginesses
clinique
cliniques
clinkstone
clinkstones
clinoaxes
clinoaxis
clinochlore
clinochlores
clinodiagonal
clinodiagonals
clinometric
clinometries
clinometry
clinopinacoid
clinopinacoids
clinopinakoid
clinopinakoids
clint
clints
clipart
cliparts
clipe
cliped
clipes
cliping
clippie
clippies
cliquiness
cliquinesses
cliquism
cliquisms
clishmaclaver
clishmaclavers
clistogamies
clistogamy
clitellar
clithral
clitter
clittered
clittering
clitters
clivers
cloacalin
cloacaline
cloacinal
cloam
cloams
clockings
clockmaker
clockmakers
clodded
clodding
clodly
clodpate
clodpated
clodpates
cloff
cloffs
clogdance
clogdances
clogginess
clogginesses
cloison
cloisonnage
cloisonnages
cloisons
cloisterer
cloisterers
cloke
cloked
clokes
cloking
clonazepam
clonazepams
cloop
cloops
closehead
closeheads
clotbur
clotburs
clote
clotebur
cloteburs
clotes
clotpoll
clotpolls
clotter
clottered
clottering
clotters
clottier
clottiest
clottiness
clottinesses
clottings
clotty
clou
cloudage
cloudages
cloudings
cloudtown
cloudtowns
clour
cloured
clouring
clours
clous
clouterly
clovepink
clovepinks
clovered
clovergrass
clovergrasses
clovery
clow
clowder
clowders
clownings
clows
cloye
cloyes
cloyless
cloyment
cloyments
cloysome
clubabilities
clubability
clubbabilities
clubbability
clubbings
clubbism
clubbisms
clubbist
clubbists
clubland
clublands
clubmanship
clubmanships
clubmaster
clubmasters
clubrush
clubrushes
clubwoman
clubwomen
cluckier
cluckiest
clucky
cludgie
cludgies
clumper
clumpers
clumpiness
clumpinesses
clunch
clunches
clupeoid
clupeoids
clusia
clusias
cly
clying
clype
clyped
clypeiform
clypes
clyping
cnemial
cnida
cnidae
cnidoblast
cnidoblasts
coacervated
coacervating
coachbuilder
coachbuilders
coachbuilding
coachbuildings
coachbuilt
coachdog
coachdogs
coachee
coachees
coachies
coachings
coachline
coachlines
coachload
coachloads
coachwhip
coachwhips
coachwood
coachwoods
coachy
coactivities
coactivity
coadjacencies
coadjacency
coadjacent
coadjutant
coadjutants
coadjutorship
coadjutorships
coadjutress
coadjutresses
coadjutrixes
coadunate
coadunated
coadunates
coadunating
coadunation
coadunations
coadunative
coagulative
coagulator
coagulators
coagulatory
coaita
coaitas
coalball
coalballs
coalface
coalfaces
coalhouse
coalhouses
coalise
coalised
coalises
coalising
coalitional
coalitioner
coalitioners
coalitionism
coalitionisms
coalize
coalized
coalizes
coalizing
coalman
coalmaster
coalmasters
coalmen
coalmine
coalminer
coalminers
coalmines
coalpit
coalpits
coaltar
coaltars
coarb
coarbs
coarctate
coarctated
coarctates
coarctating
coarsish
coastings
coate
coatee
coatees
coates
coatstand
coatstands
coaxingly
cobaltiferous
cobb
cobbed
cobbing
cobbleries
cobblery
cobblestoning
cobblings
cobbs
cobloaf
cobloaves
cobric
cobriform
coburg
coburgs
cobwebberies
cobwebbery
cobza
cobzas
cocainisation
cocainisations
cocainise
cocainised
cocainises
cocainising
cocainism
cocainisms
cocainist
cocainists
coccidiostat
coccidiostats
coccineous
cocco
coccolite
coccolites
coccolith
coccoliths
coccos
coccygian
coch
coches
cochleariform
cochleate
cochleated
cockabullies
cockabully
cockaleekie
cockaleekies
cockateel
cockateels
cockbird
cockbirds
cockernonies
cockernony
cocket
cockets
cockieleekie
cockieleekies
cockies
cocklaird
cocklairds
cockleman
cocklemen
cockmatch
cockmatches
cockneydom
cockneydoms
cockneyfication
cockneyfications
cocknified
cocknifies
cocknify
cocknifying
cockshot
cockshots
cocksier
cocksiest
cocksiness
cocksinesses
cockswain
cockswained
cockswaining
cockswains
cocksy
cocktailed
cockteaser
cockteasers
cockthrowing
cockthrowings
cockyleekies
cockyleeky
coconscious
coconsciousness
coconsciousnesses
cocooneries
cocoonery
cocopan
cocopans
cocoplum
cocoplums
coctile
coction
coctions
cocuswood
cocuswoods
codder
codders
codeclination
codeclinations
codetta
codettas
codilla
codillas
codille
codilles
codings
codist
codists
coehorn
coehorns
coelacanthic
coelanaglyphic
coeliacs
coelomatic
coelostat
coelostats
coelurosaur
coelurosaurs
coemption
coemptions
coenaestheses
coenaesthesia
coenaesthesias
coenaesthesis
coenenchyma
coenenchymas
coenobia
coenobitic
coenobitical
coenobitism
coenobitisms
coenobium
coenosarc
coenosarcs
coenospecies
coenosteum
coenosteums
coercibly
coercimeter
coercimeters
coercionist
coercionists
coessential
coessentialities
coessentiality
coeternally
coeternities
coeternity
coextension
coextensions
coff
coffed
coffing
coffinite
coffinites
coffret
coffrets
coffs
coft
cogence
cogences
cogener
cogeners
cogger
coggers
coggie
coggies
coggings
coggle
coggled
coggles
cogglier
coggliest
coggling
coggly
cogie
cogies
cognateness
cognatenesses
cognisable
cognisably
cognisance
cognisances
cognisant
cognise
cognised
cognises
cognising
cognitivities
cognitivity
cognominate
cognominated
cognominates
cognominating
cognomination
cognominations
cognosce
cognosced
cognosces
cognoscing
cogue
cogues
cohab
cohabitee
cohabitees
cohabitor
cohabitors
cohabs
coheritor
coheritors
cohesibilities
cohesibility
cohesible
cohibit
cohibited
cohibiting
cohibition
cohibitions
cohibitive
cohibits
cohoe
cohoes
cohog
cohogs
cohorn
cohorns
cohortative
cohortatives
cohyponym
cohyponyms
coigne
coignes
coincidencies
coincidency
coinhere
coinhered
coinherence
coinherences
coinheres
coinhering
coinheritance
coinheritances
coinheritor
coinheritors
coinings
coinop
coinstantaneities
coinstantaneity
coinstantaneous
coinstantaneously
coinstantaneousness
coinstantaneousnesses
coit
coits
cojones
cokernut
cokernuts
cokeses
cokier
cokiest
coky
colchica
colcothar
colcothars
coldbloods
coldhouse
coldhouses
colectomies
colectomy
coleopteral
coleopteron
coleopterons
coleorrhiza
coleorrhizae
coleseed
coleseeds
coley
coleys
colibri
colibris
colickier
colickiest
coll
collagenic
collapsabilities
collapsability
collapsable
collapsar
collapsars
collarette
collarettes
collatable
collative
colleagued
colleaguing
collectings
collectorate
collectorates
colled
colleger
collegers
collegialism
collegialisms
collegianer
collegianers
collegiates
colliculi
colliculus
colling
collings
colliquable
colliquant
colliquate
colliquated
colliquates
colliquating
colliquation
colliquations
colliquative
colliquescence
colliquescences
collocutor
collocutors
collocutory
colloque
colloqued
colloques
colloquialist
colloquialists
colloquied
colloquing
colloquise
colloquised
colloquises
colloquising
colloquize
colloquized
colloquizes
colloquizing
colloquying
collotypic
colls
colluctation
colluctations
colluvies
colobid
colobuses
colonelling
colonellings
colonelship
colonelships
colonitis
colonitises
colonoscope
colonoscopes
colonoscopies
colonoscopy
coloquintida
coloquintidas
colostric
colostrous
colotomies
colotomy
colourable
colourably
colourant
colourants
colouration
colourations
coloureds
colourer
colourers
colourfast
colourful
colourings
colourisation
colourisations
colourise
colourised
colourises
colourising
colourist
colourists
colourization
colourizations
colourize
colourized
colourizes
colourizing
colourless
colourman
colourmen
colourwash
colourwashed
colourwashes
colourwashing
colourway
colourways
coloury
colposcope
colposcopes
colposcopical
colposcopically
colposcopies
colposcopy
colted
colting
coltwood
coltwoods
colubriad
colubriads
colubriform
columbaries
columbary
columbate
columbates
columbic
columel
columels
columnarities
columnarity
columnated
columniated
comanchero
comancheros
comarb
comarbs
comart
comarts
comatulid
comatulids
combatable
combi
combier
combies
combiest
combinabilities
combinability
combinate
combis
combless
combretum
combretums
comburgess
comburgesses
combustibleness
combustiblenesses
combustious
combwise
comby
comeddle
comeddled
comeddles
comeddling
comedietta
comediettas
comedogenic
comether
comethers
cometographies
cometography
cometologies
cometology
comfiture
comfitures
comfortlessness
comfortlessnesses
comicalness
comicalnesses
comice
comices
comique
comiques
comitadji
comitadjis
comital
comitative
comitatives
comitatus
comitatuses
commandantship
commandantships
commeasurable
commeasure
commeasured
commeasures
commeasuring
commemorable
commemoratory
commendableness
commendablenesses
commendam
commendams
commendator
commendators
commensalities
commensality
commensurableness
commensurablenesses
commensurateness
commensuratenesses
commentation
commentations
commentatorial
commenter
commenters
commentor
commentors
commer
commercialese
commercialeses
commere
commeres
commerge
commerged
commerges
commerging
commers
comminate
comminated
comminates
comminating
comminative
commis
commiserable
commiserator
commiserators
commissaryship
commissaryships
committeeship
committeeships
commixtion
commixtions
commo
commodo
commonable
commoned
commoney
commoneys
commonhold
commonholds
commoning
commonings
commonplaced
commonplacing
commonwealthsman
commonwealthsmen
commorant
commorants
commorientes
commos
commot
commote
commotes
commotional
commots
communalisation
communalisations
communalise
communalised
communalises
communalising
communalization
communalizations
communautaire
communautaires
communings
communitaire
communitaires
commutabilities
commutability
commutatively
commutual
comodo
comous
compactedly
compactedness
compactednesses
compactification
compactifications
compactified
compactifies
compactify
compactifying
compacture
compactures
compage
compages
compaginate
compaginated
compaginates
compaginating
compagination
compaginations
compand
companded
compander
companders
companding
compandor
compandors
compands
companiable
companing
companionhood
companionhoods
companionless
compartmentalisation
compartmentalisations
compartmentally
compassings
compassionable
compassioned
compassioning
compast
compatriotism
compatriotisms
compear
compearance
compearances
compearant
compearants
compeared
compearing
compears
compellative
compeller
compellers
comper
compers
compesce
compesced
compesces
compescing
compilator
compilators
compilatory
compilement
compilements
compings
compital
complainings
complanate
complanation
complanations
completable
completist
completists
completory
complexedness
complexednesses
complexification
complexifications
complexionless
complexus
complexuses
compliable
complicant
complicative
complimental
complimenter
complimenters
complish
complished
complishes
complishing
compluvia
compluvium
compone
componencies
componency
componental
compony
comportance
comportances
compositeness
compositenesses
compositive
compositous
compossibilities
compossibility
compossible
composter
composters
composture
compostured
compostures
composturing
compot
compotation
compotations
compotationship
compotationships
compotator
compotators
compotatory
compotier
compotiers
compots
comprehensives
comprehensivisation
comprehensivisations
comprehensivise
comprehensivised
comprehensivises
comprehensivising
comprehensivization
comprehensivizations
comprehensivize
comprehensivized
comprehensivizes
comprehensivizing
compressibleness
compressiblenesses
compressure
compressures
comprimario
comprimarios
comprint
comprinted
comprinting
comprints
comprisable
comprisal
comprisals
comprovincial
comptable
compter
compters
comptible
comptroll
comptrolled
comptrolling
comptrolls
compulsative
compulsatory
compulse
compulsed
compulses
compulsing
compulsionist
compulsionists
compulsitor
compulsitors
compulsories
compunctiously
compurgatorial
compurgatories
compurgatory
compursion
compursions
computant
computants
computative
computator
computators
computerate
computerisation
computerisations
computist
computists
coms
comstocker
comstockeries
comstockers
comstockery
comstockism
comstockisms
comus
comuses
conacre
conacred
conacreism
conacreisms
conacres
conacring
conaria
conarial
conarium
concause
concauses
concavely
concedo
conceitful
conceitless
conceity
concentrativeness
concentrativenesses
concentre
concentred
concentres
concentrical
concentring
concentus
concepti
conceptious
conceptualisation
conceptualisations
concernancies
concernancy
concernedly
concernedness
concernednesses
concertante
concertantes
concertinaed
concertinaing
concessible
concessionist
concessionists
concessionnaire
concessionnaires
concetti
concettism
concettisms
concettist
concettists
concetto
conchate
conche
conched
conchiferous
conchiform
conchiglie
conching
conchiolin
conchiolins
conchitis
conchitises
conchological
conciliable
conciliary
concinnous
concipiencies
concipiency
concipient
concised
concises
concising
conclamation
conclamations
conclavist
conclavists
concoctor
concoctors
concolor
concolorate
concolorous
concomitancies
concomitancy
concorded
concordial
concording
concorporate
concorporated
concorporates
concorporating
concreate
concreated
concreates
concreating
concremation
concremations
concretisation
concretisations
concretise
concretised
concretises
concretising
concretive
concrew
concrewed
concrewing
concrews
concubinary
concubitancies
concubitancy
concubitant
concubitants
concupies
concupy
concyclic
concyclically
cond
condensabilities
condensability
condensated
condensating
condenseries
condensery
conder
conders
condiddle
condiddled
condiddles
condiddling
condie
condies
condignness
condignnesses
condimented
condimenting
condisciple
condisciples
conditionate
conditionated
conditionates
conditionating
conditionings
condolement
condolements
condolent
conducement
conducements
conducible
conducingly
conducti
conductorship
conductorships
conductus
conf
confabular
confarreate
confarreation
confarreations
confervoid
confessant
confessants
confessionaries
confessionary
confessoress
confessoresses
confessorship
confessorships
confest
confestly
confidencies
confidency
confidents
configurate
configurated
configurates
configurating
confinable
confineless
confirmative
confirmator
confirmators
confirmee
confirmees
confirmer
confirmers
confirmings
confirmor
confirmors
confix
confixed
confixes
confixing
conflagrate
conflagrated
conflagrates
conflagrating
confluently
conformabilities
conformability
confrerie
confreries
confrontationism
confrontationisms
confronte
confrontment
confrontments
confs
confusable
confusables
confusible
confusibles
confutable
confutement
confutements
congealable
congealableness
congealablenesses
conged
congeing
congenerical
congenerics
congenetic
congenic
congestible
congiaries
congiary
conglobulate
conglobulated
conglobulates
conglobulating
conglobulation
conglobulations
conglutinant
conglutinative
conglutinator
conglutinators
congratulable
congratulant
congratulants
congratulative
congree
congreed
congreeing
congrees
congreet
congreeted
congreeting
congreets
congrue
congrued
congrues
congruing
conia
conias
conidiospore
conidiospores
coniform
conima
conimas
conirostral
conject
conjected
conjecting
conjects
conjecturable
conjee
conjeed
conjeeing
conjees
conjugatings
conjugative
conjunctiveness
conjunctivenesses
conjunctly
conjurator
conjurators
conjurement
conjurements
conjuries
conjurings
conjury
conkier
conkiest
connascence
connascences
connascencies
connascency
connascent
connation
connations
connaturalise
connaturalised
connaturalises
connaturalising
connaturalize
connaturalized
connaturalizes
connaturalizing
connaturalness
connaturalnesses
connature
connatures
conne
connectionism
connectionisms
connes
connexive
connings
connivancies
connivancy
connivence
connivences
connivencies
connivency
connotate
connotated
connotates
connotating
connotive
connumerate
connumerated
connumerates
connumerating
connumeration
connumerations
conoidic
conoidical
conquerable
conquerableness
conquerablenesses
conqueress
conqueresses
conqueringly
conscient
conscientisation
conscientisations
conscientise
conscientised
conscientises
conscientising
conscientization
conscientizations
conscientize
conscientized
conscientizes
conscientizing
conscionableness
conscionablenesses
conscionably
conscriptional
conscriptionist
conscriptionists
consecratedness
consecratednesses
consectaneous
consectaries
consectary
consenescence
consenescences
consenescencies
consenescency
consension
consensions
consentaneities
consentaneity
consentaneousness
consentaneousnesses
consentience
consentiences
consentient
consequenced
consequencing
consequentialism
consequentialisms
conservable
conservant
conservatorium
conservatoriums
conservatrices
conservatrix
conservatrixes
considerableness
considerablenesses
considerance
considerances
considerative
consideratively
consideringly
consignatories
consignatory
consigner
consigners
consignification
consignifications
consignificative
consignified
consignifies
consignify
consignifying
consilience
consiliences
consilient
consimilar
consimilarities
consimilarity
consimilities
consimilitude
consimilitudes
consimility
consistorian
consocies
consolable
consolate
consolated
consolates
consolating
consolatories
consolatrices
consolatrix
consolement
consolements
consolidative
consolute
consonous
consorter
consorters
consortism
consortisms
conspectuities
conspectuity
conspirant
conspiratress
conspiratresses
conspirer
conspirers
conspiringly
conspurcation
conspurcations
constableship
constableships
constablewick
constablewicks
constatation
constatations
constate
constated
constates
constating
conster
constered
constering
consters
constitutionalise
constitutionalised
constitutionalises
constitutionalising
constitutionist
constitutionists
constitutor
constitutors
constrainable
constringencies
constringency
construabilities
construability
constructable
constructer
constructers
constructionism
constructionisms
constructure
constructures
construer
construers
constuprate
constuprated
constuprates
constuprating
constupration
constuprations
consubsist
consubsisted
consubsisting
consubsists
consubstantialism
consubstantialisms
consubstantialist
consubstantialists
consubstantialities
consubstantiality
consubstantially
consubstantiate
consubstantiated
consubstantiates
consubstantiating
consubstantiationist
consubstantiationists
consuetudinaries
consulage
consulages
consulars
consultas
consultatory
consultee
consultees
consultory
consumings
consumpt
consumptiveness
consumptivenesses
consumptivities
consumptivity
consumpts
contabescence
contabescences
contabescent
contactable
contactor
contactors
contactual
contadina
contadinas
contadine
contadini
contadino
contagionist
contagionists
contaminable
contango
contangoed
contangoing
contangos
conteck
contecks
contemnible
contemper
contemperation
contemperations
contemperature
contemperatures
contempered
contempering
contempers
contemplable
contemplant
contemplants
contemplatist
contemplatists
contemporanean
contemporaneans
contemporariness
contemporarinesses
contemporise
contemporised
contemporises
contemporising
contendent
contendents
contendings
contenement
contenements
contentation
contentations
contentless
conterminal
conterminant
conterminate
contessa
contessas
contesseration
contesserations
contestingly
contextualisation
contextualisations
contextualise
contextualised
contextualises
contextualising
contextualization
contextualizations
conticent
contignation
contignations
continencies
continency
continentalism
continentalisms
continentalist
continentalists
continuable
continuedly
continuedness
continuednesses
contline
contlines
contorniate
contorniates
contorno
contornos
contortional
contortionate
contortionism
contortionisms
contrabandism
contrabandisms
contrabasso
contrabassos
contrabbasso
contrabbassos
contractabilities
contractability
contractable
contractedly
contractedness
contractednesses
contractural
contracyclical
contradance
contradances
contradictiously
contradictive
contradictively
contrafagotto
contrafagottos
contraflow
contraflows
contragestion
contragestions
contragestive
contragestives
contrahent
contrahents
contraindicant
contraindicants
contraindicative
contrair
contralti
contranatant
contraplex
contrapposto
contrappostos
contraprop
contrapropeller
contrapropellers
contraprops
contraried
contrariously
contrarying
contrasuggestible
contrate
contraterrene
contravallation
contravallations
contrayerva
contrayervas
contrecoup
contrecoups
contredance
contredances
contributable
contributaries
contributary
contributories
contrist
contristation
contristations
contristed
contristing
contrists
contriturate
contriturated
contriturates
contriturating
contrivable
contrivement
contrivements
controul
controuled
controuling
controuls
controverse
controverses
controvertibly
controvertist
controvertists
contubernal
contubernyal
contumaciousness
contumaciousnesses
contumacities
contumacity
contumeliousness
contumeliousnesses
contund
contunded
contunding
contunds
contusive
conurban
conurbia
conurbias
conure
conures
convalescencies
convalescency
convenable
convenance
convenances
conventicled
conventicling
conventionalise
conventionalised
conventionalises
conventionalising
conventionary
conventioner
conventioners
conventionist
conventionists
conversably
conversationism
conversationisms
conversationist
conversationists
conversative
convertend
convertends
convertite
convertites
convexed
convexedly
convexness
convexnesses
conveyable
conveyal
conveyals
convicinities
convicinity
convictism
convictisms
convictive
convincement
convincements
convincible
convive
convived
convives
convivialist
convivialists
conviving
convo
convocate
convocated
convocates
convocating
convocationist
convocationists
convolvulaceous
convos
convulsible
convulsional
convulsionaries
convulsionist
convulsionists
cooee
cooeed
cooeeing
cooees
cooey
cooeyed
cooeying
cooeys
coof
coofs
cooings
cookmaid
cookmaids
cookroom
cookrooms
coolabah
coolabahs
coolamon
coolamons
coolhouse
coolhouses
coolibah
coolibahs
coolibar
coolibars
coom
coomceiled
coomed
coomier
coomiest
cooming
cooms
coomy
coondog
coondogs
coonty
cooperings
coopt
coopted
coopting
coopts
coordinal
coordinance
coordinances
coosen
coosened
coosening
coosens
cooser
coosers
coosin
coosined
coosining
coosins
coost
cootikin
cootikins
copaiva
copaivas
coparceneries
coparcenery
copartneries
copartnery
copataine
copatriot
copatriots
copemate
copemates
copered
copering
copesettic
copita
copitas
copperings
copperish
copperskin
copperskins
copperwork
copperworks
copperworm
copperworms
coppicings
coppies
coppin
coppins
copple
copples
coppy
copresence
copresences
coprolalia
coprolaliac
coprolalias
coprolith
coproliths
coprologies
coprology
coprophagan
coprophagans
coprophagic
coprophagist
coprophagists
coprosma
coprosmas
coprosterol
coprosterols
coprozoic
copsed
copsewood
copsewoods
copshop
copshops
copsier
copsiest
copsing
copsy
copyism
copyisms
copyreadings
coquelicot
coquelicots
coquilla
coquillas
coquimbite
coquimbites
coraciiform
coradicate
coraggio
coraggios
coralla
corallaceous
coralliferous
coralliform
coralligenous
corallite
corallites
coralloidal
corallum
coralroot
coralroots
coralwort
coralworts
coramine
coramines
coranach
coranachs
corbe
corbeau
corbeaus
corbellings
corbes
corbiculate
corcass
corcasses
cordectomies
cordectomy
cordialise
cordialised
cordialises
cordialising
cordialize
cordialized
cordializes
cordializing
cordiner
cordiners
cordocenteses
cordocentesis
cordotomies
cordotomy
cordyline
cordylines
coreferential
coregent
coregents
coregonine
corelation
corelations
corelative
corelatives
corella
corellas
coreopsises
corey
coreys
corfhouse
corfhouses
cories
corinthianise
corinthianised
corinthianises
corinthianising
corinthianize
corinthianized
corinthianizes
corinthianizing
corious
coriums
corival
corivalled
corivalling
corivalries
corivalry
corivals
corivalship
corivalships
corkborer
corkborers
corkir
corkirs
corktree
corktrees
cormidia
cormidium
cormophyte
cormophytes
cormophytic
cormus
cormuses
cornaceous
cornacre
cornacres
cornage
cornages
cornborer
cornborers
cornbrake
cornbrakes
cornbrandies
cornbrandy
cornbrash
cornbrashes
cornbread
cornbreads
corncockle
corncockles
cornemuse
cornemuses
cornetcies
cornetcy
cornett
cornetti
cornettino
cornettinos
cornetto
cornetts
cornflag
cornflags
cornflake
cornflies
cornflour
cornflours
cornfly
cornhusker
cornhuskers
corni
cornicula
corniculate
corniculum
corniferous
cornific
corniform
cornigerous
cornist
cornists
cornland
cornlands
cornloft
cornlofts
cornmill
cornmills
cornmoth
cornmoths
corno
cornopean
cornopeans
cornpipe
cornpipes
cornrent
cornrents
cornstone
cornstones
cornutes
cornuting
cornworm
cornworms
corocore
corocores
corocoro
corocoros
corollaceous
corollifloral
corolliflorous
corolliform
corolline
coroneted
coronis
coronises
coronium
coroniums
coronoid
corozo
corozos
corporalship
corporalships
corporas
corporases
corporateness
corporatenesses
corporatists
corporealise
corporealised
corporealises
corporealising
corporealism
corporealisms
corporealist
corporealists
corporealize
corporealized
corporealizes
corporealizing
corporification
corporifications
corporified
corporifies
corporify
corporifying
corpsed
corpsing
corpuscularian
corpuscularians
corpuscularities
corpuscularity
corpuscule
corpuscules
correctible
correctioner
correctioners
correctory
corregidor
corregidors
correlativeness
correlativenesses
correlativities
correlativity
correligionist
correligionists
correption
correptions
correspondently
corrigent
corrigents
corrivalled
corrivalling
corrivalries
corrivalry
corrivalship
corrivalships
corroborable
corroboratives
corroboreed
corroboreeing
corrodent
corrodents
corrosibilities
corrosibility
corrosible
corrugator
corrugators
corruptibleness
corruptiblenesses
cors
corsetier
corsetiers
corsive
corsives
corsleted
corsned
corsneds
corso
corsos
corticate
corticated
corticolous
cortile
cortili
corveted
corveting
corvetted
corvetting
corvid
corvids
corvus
corvuses
cory
corybantism
corybantisms
corydaline
corydalines
corylopsis
corylopsises
corylus
coryluses
coryphe
coryphene
coryphenes
coryphes
coscinomancies
coscinomancy
cose
cosech
cosechs
cosed
coseismal
coseismic
cosentient
cosherer
cosherers
cosheries
cosherings
coshery
cosiers
cosignificative
cosing
cosmea
cosmeas
cosmeceutical
cosmeceuticals
cosmeses
cosmesis
cosmetical
cosmeticise
cosmeticised
cosmeticises
cosmeticising
cosmeticism
cosmeticisms
cosmism
cosmisms
cosmist
cosmists
cosmocrat
cosmocratic
cosmocrats
cosmodrome
cosmodromes
cosmogenies
cosmogeny
cosmolatries
cosmolatry
cosmonautics
cosmoplastic
cosmopolitic
cosmopolitical
cosmopolitics
cosmorama
cosmoramas
cosmoramic
cosmosphere
cosmospheres
cosmotheism
cosmotheisms
cosmothetic
cosmothetical
cosmotron
cosmotrons
cosphered
coss
cosses
cossie
cossies
costalgia
costalgias
costals
costardmonger
costardmongers
costated
coste
costean
costeaned
costeaning
costeanings
costeans
costes
costus
costuses
coteline
cotelines
cotemporanean
cotemporaneans
cotemporaneities
cotemporaneity
cotemporaneous
cotemporaneously
cotemporaneousness
cotemporaneousnesses
coth
coths
coticular
cotinga
cotingas
cotise
cotised
cotises
cotising
cotland
cotlands
cott
cottabus
cottabuses
cottaged
cottaging
cottagings
cotted
cottid
cottids
cottierism
cottierisms
cottise
cottised
cottises
cottising
cottoid
cottonade
cottonades
cottonocracies
cottonocracy
cottown
cottowns
cotts
cottus
cottuses
cotwal
cotwals
cotylae
cotyle
cotyledonous
cotyles
cotyliform
coucal
coucals
couche
couchee
couchees
couchette
couchettes
coughings
couguar
couguars
coulombmeter
coulombmeters
coumarilic
counsellable
counsellorship
counsellorships
counterbase
counterbases
counterbidder
counterbidders
counterbluff
counterbluffs
counterbond
counterbonds
counterbore
counterbored
counterbores
counterboring
counterbrace
counterbraced
counterbraces
counterbracing
counterbuff
counterbuffed
counterbuffing
counterbuffs
countercharm
countercharmed
countercharming
countercharms
counterdraw
counterdrawing
counterdrawn
counterdraws
counterdrew
counterextension
counterextensions
counterfactuals
counterfect
counterfeisance
counterfeisances
counterfeitly
counterfesaunce
counterfesaunces
counterfort
counterforts
counterirritation
counterirritations
counterlight
counterlights
countermandable
countermark
countermarks
countermined
countermining
countermotion
countermotions
countermure
countermured
countermures
countermuring
counterpace
counterpaces
counterpeise
counterpeised
counterpeises
counterpeising
counterplead
counterpleaded
counterpleading
counterpleads
counterpled
counterproductiveness
counterproductivenesses
counterproof
counterproofs
counterscarp
counterscarps
counterseal
countersealed
countersealing
counterseals
countershaft
countershafts
counterspying
counterspyings
countersubject
countersubjects
countervailable
counterwork
counterworked
counterworking
counterworks
countline
countlines
countrol
countrolled
countrolling
countrols
countship
countships
coupee
coupees
couper
coupers
coupledom
coupledoms
coupure
coupures
cour
courageful
courb
courbaril
courbarils
courbed
courbette
courbettes
courbing
courbs
courd
coure
coured
coures
couring
cours
coursebook
coursebooks
coursework
courseworks
courtcraft
courtcrafts
courtesied
courtesying
courtezan
courtezans
courtierism
courtierisms
courtierlike
courtierly
courtings
courtlet
courtlets
courtlike
courtling
courtlings
couscousou
couscousous
couthy
coutil
coutille
coutilles
coutils
covariants
covaried
covaries
covary
covarying
covelet
covelets
covent
covents
covetise
covetises
covetiveness
covetivenesses
covinous
covyne
covynes
cowal
cowals
cowan
cowans
cowarded
cowarding
cowardree
cowardrees
cowardries
cowardry
cowardship
cowardships
coweringly
cowfeeder
cowfeeders
cowgrass
cowgrasses
cowheard
cowheards
cowheel
cowheels
cowhouse
cowhouses
cowish
cowitch
cowitches
cowp
cowped
cowping
cowps
cowtree
cowtrees
coxcombic
coxcombicalities
coxcombicality
coxcombically
coxcomical
coxier
coxiest
coxiness
coxinesses
coxy
coyishly
coyishness
coyishnesses
coystrel
coystrels
coystril
coystrils
coze
cozed
coziers
cozing
crabbedly
crabbiness
crabbinesses
crablike
crackhead
crackheads
crackjaw
cracovienne
cracoviennes
cracowe
cracowes
cradlewalk
cradlewalks
cradlings
craftless
craftmanship
craftmanships
craftwork
craftworks
cragfast
craggedness
craggednesses
craig
craigfluke
craigflukes
craigs
crakeberries
crakeberry
craked
craking
cramboclink
cramboclinks
crame
crames
cramesies
cramesy
crammable
crampbark
crampbarks
crampet
crampets
crampier
crampiest
crampit
crampits
crampy
cran
cranage
cranages
craneflies
cranefly
craniectomies
craniectomy
craniognomies
craniognomy
craniological
craniologist
craniologists
craniometer
craniometers
craniopharyngioma
craniopharyngiomas
craniopharyngiomata
cranioscopies
cranioscopist
cranioscopists
cranioscopy
crankhandle
crankhandles
crankness
cranknesses
crannying
crans
crants
crantses
crapehanger
crapehangers
crapehanging
crapehangings
crapier
crapiest
craple
craples
crapulence
crapulences
crapulent
crapulosities
crapulosity
crapy
craquelure
craquelures
crare
crares
crases
crashland
crashlanded
crashlanding
crashlands
crashpad
crashpads
crasis
crassamenta
crassamentum
crassamentums
crassulaceous
crateriform
craterous
cratur
craturs
cravatted
cravatting
cravened
cravening
crawlings
crayer
crayers
creach
creachs
creagh
creaghs
creamlaid
creamwove
creance
creances
creant
creasote
creasoted
creasotes
creasoting
creatable
creatianism
creatianisms
creatic
creational
creatorship
creatorships
creatress
creatresses
creatrix
creatrixes
creatureship
creatureships
cred
credibleness
crediblenesses
creds
cree
creeing
creekier
creekiest
creeky
creepered
creepie
creepies
creepingly
creepmouse
crees
creesed
creesh
creeshed
creeshes
creeshier
creeshiest
creeshing
creeshy
creesing
cremaillere
cremailleres
cremaster
cremasters
cremationist
cremationists
crematorial
cremocarp
cremocarps
cremona
cremonas
cremor
cremorne
cremornes
cremors
cremosin
cremsin
crena
crenas
crenature
crenatures
crenelate
crenelates
crenelating
crenellate
crenellates
crenellating
creolian
creolians
creolisation
creolisations
creolist
creolists
creophagous
crepance
crepances
crepehanger
crepehangers
crepehanging
crepehangings
creperie
creperies
crepiness
crepinesses
crepitative
crepitus
crepituses
crepoline
crepolines
crepusculous
crescentade
crescentades
crescented
crescograph
crescographs
creston
crestons
cretaceous
cretinise
cretinised
cretinises
cretinising
cretinize
cretinized
cretinizes
cretinizing
cretinoid
cretinoids
cretism
cretisms
creutzer
creutzers
crevette
crevettes
crewe
crewelist
crewelists
crewelled
crewelleries
crewellery
crewelling
crewes
criant
cribble
cribbled
cribbles
cribbling
cribella
cribellar
cribellum
cribrate
cribration
cribrations
cribrose
cricketings
cricky
crim
crimed
crimeful
criminalese
criminaleses
criminalisation
criminalisations
criminalise
criminalised
criminalises
criminalising
criminalist
criminalists
criminative
criminatory
crimine
criming
crimini
criminogenic
criminousness
criminousnesses
crims
crinal
crinate
crinated
crine
crined
crines
cringeling
cringelings
cringeworthy
cringingly
cringings
crinicultural
crinigerous
crining
crinites
crinklies
crinoidal
crinoidean
crinoideans
crinolette
crinolettes
crinose
crippledom
crippledoms
crippleware
cripplewares
cripplings
crise
crispation
crispations
crispature
crispatures
crispin
crispins
cristiform
cristobalite
cristobalites
crit
crith
crithidial
crithomancies
crithomancy
criths
criticisable
crits
crivens
crivvens
croakings
croceate
croceous
croche
croches
crochetings
crocoisite
crocoisites
crocosmia
crocosmias
crofting
croftings
cromack
cromacks
cromb
crombed
crombing
crombs
crome
cromed
cromes
croming
cromorna
cromornas
cromorne
cromornes
cronet
cronets
cronk
cronker
cronkest
croodle
croodled
croodles
croodling
crooker
crookest
croonings
croove
crooves
cropbound
cropduster
cropdusters
cropful
cropfull
cropfuls
croppings
croppy
cropsick
croquante
croquantes
crosiered
crossandra
crossandras
crossband
crossbands
crossbeam
crossbeams
crossbench
crossbencher
crossbenchers
crossbenches
crossbirth
crossbirths
crossbit
crossbite
crossbites
crossbiting
crossbitten
crossbower
crossbowers
crossbreedings
crossbuck
crossbucks
crosscheck
crosschecked
crosschecking
crosschecks
crossclaim
crossclaims
crossette
crossettes
crossfall
crossfalls
crossfield
crossfire
crossfires
crossfish
crossfishes
crossish
crossjack
crossjacks
crosslight
crosslights
crosstree
crosswort
crossworts
crost
crostini
crostinis
crotal
crotala
crotalaria
crotalarias
crotaline
crotalism
crotalisms
crotals
crotalum
crotcheted
crotcheteer
crotcheteers
crotchetier
crotchetiest
crottle
crottles
croupade
croupades
crouped
crouper
croupers
croupiness
croupinesses
crouping
croupon
croupons
crout
croute
croutes
crouts
crownings
crownlet
crownlets
crownwork
crownworks
crubeen
crubeens
crucifier
crucifiers
cruciverbal
cruciverbalism
cruciverbalisms
cruciverbalist
cruciverbalists
cruddle
cruddled
cruddles
cruddling
crudy
crue
cruells
cruels
crues
cruiserweight
cruiserweights
cruiseway
cruiseways
cruisewear
cruisewears
cruisie
cruisies
cruive
cruives
crumbcloth
crumbcloths
crumblies
crumen
crumenal
crumenals
crumens
crummack
crummacks
crummock
crummocks
crumper
crumpest
crumpier
crumpiest
crumplings
crumpy
crunkle
crunkled
crunkles
crunkling
cruores
cruset
crusets
crusian
crusians
crusie
crusies
crusta
crustae
crustate
crustated
crustation
crustations
crusties
crusy
cruve
cruves
cryings
crymotherapies
crymotherapy
cryoconite
cryoconites
cryoglobulin
cryoglobulins
cryometer
cryometers
cryometric
cryophorus
cryophoruses
cryophysics
cryoprecipitate
cryoprecipitates
cryotron
cryotrons
cryptadia
cryptaesthesia
cryptaesthesias
cryptaesthetic
cryptesthesia
cryptesthesias
cryptical
cryptogamian
cryptogamies
cryptogamist
cryptogamists
cryptogamy
cryptographist
cryptographists
cryptomnesia
cryptomnesias
cryptomnesic
crypton
cryptons
cryptonymous
cryptosporidia
cryptosporidioses
cryptosporidiosis
cryptosporidium
crystallisable
crystallisation
crystallisations
crystallitis
crystallitises
crystallogeneses
crystallogenesis
crystallogenetic
crystallomancies
crystallomancy
csardas
csardases
ctene
ctenes
cteniform
cubbed
cubbing
cubbings
cubhood
cubhoods
cubica
cubicalness
cubicalnesses
cubicas
cubistically
cubitus
cubituses
cubless
cuckoldise
cuckoldised
cuckoldises
cuckoldising
cuckoldize
cuckoldized
cuckoldizes
cuckoldizing
cuckoldly
cuckoldom
cuckoldoms
cucullated
cucumiform
cucurbitaceous
cucurbital
cuddeehih
cuddeehihs
cudden
cuddens
cuddin
cuddins
cudgeller
cudgellers
cudgellings
cueist
cueists
cuffin
cuffins
cuffle
cuffled
cuffles
cuffling
cuffo
cuffuffle
cuffuffles
cuif
cuifs
cuisser
cuissers
cuit
cuiter
cuitered
cuitering
cuiters
cuitikin
cuitikins
cuits
culchie
culchies
culiciform
cullings
cullionly
cullyism
cullyisms
culmen
culmens
culmiferous
culpatory
culter
culters
cultrated
cultriform
culturable
cultureless
culturist
culturists
culverineer
culverineers
culvertage
culvertages
culvertailed
cumbent
cumberless
cumberment
cumberments
cumbrance
cumbrances
cumec
cumecs
cummin
cummingtonite
cummingtonites
cummins
cumulocirri
cumulocirrus
cumulose
cumulostrati
cumulostratus
cunabula
cunctatious
cunctator
cunctators
cunctatory
cundies
cundy
cuneatic
cunette
cunettes
cunjevoi
cunjevois
cupboarded
cupboarding
cupgall
cupgalls
cuphead
cupheads
cupidinous
cupman
cupmen
cupolaing
cupolar
cupolated
cuprammonium
cuprammoniums
cupuliferous
curara
curaras
curarise
curarised
curarises
curarising
curat
curateship
curateships
curatory
curatrix
curatrixes
curats
curbless
curcumin
curcumine
curcumines
curcumins
curdiness
curdinesses
curfuffle
curfuffled
curfuffles
curfuffling
curialism
curialisms
curialist
curialistic
curialists
curias
curiet
curietherapies
curietherapy
curiets
curliewurlie
curliewurlies
curmurring
curmurrings
curnaptious
curney
curnier
curniest
curny
curpel
curpels
currajong
currajongs
currantier
currantiest
curranty
currawong
currawongs
currishness
currishnesses
curryings
cursal
curselarie
cursenary
cursi
cursings
cursitor
cursitors
cursitory
cursorary
cursores
curstness
curstnesses
cursus
curtalaxe
curtana
curtanas
curtation
curtations
curtaxe
curtaxes
curvate
curvated
curvation
curvations
curvative
curvesome
curvicaudate
curvicostate
curvifoliate
curviform
curvilineal
curvirostral
curvital
curvities
curvity
cush
cushes
cushionet
cushionets
cuspidal
cuspidated
cuspidore
cuspidores
custock
custocks
custode
custodes
custodier
custodiers
customable
customaries
customed
customisation
customisations
customization
customizations
custos
custrel
custrels
custumaries
custumary
cutcha
cutcheries
cutcherries
cutcherry
cutchery
cutglass
cutikin
cutikins
cutinisation
cutinisations
cutinise
cutinised
cutinises
cutinising
cutinization
cutinizations
cuttier
cuttiest
cuttle
cuttles
cutto
cuttoe
cuttoes
cuvee
cuvees
cuz
cuzzes
cyanidings
cyanise
cyanised
cyanises
cyanising
cyanize
cyanized
cyanizes
cyanizing
cyanoacetylene
cyanoacetylenes
cyanometer
cyanometers
cyanophyte
cyanophytes
cyanotype
cyanotypes
cyanuret
cyanurets
cyathi
cyathia
cyathiform
cyathium
cyathus
cybercafe
cybercafes
cybernate
cybernates
cybernating
cyberpet
cyberpets
cyberphobia
cyberphobias
cybersex
cybersexes
cybrid
cybrids
cycadaceous
cyclandelate
cyclandelates
cyclanthaceous
cycleway
cycleways
cyclicism
cyclicisms
cyclizine
cyclizines
cyclobarbitone
cyclobarbitones
cyclodialyses
cyclodialysis
cyclograph
cyclographic
cyclographs
cycloidian
cycloidians
cyclolith
cycloliths
cyclonite
cyclonites
cyclopaedic
cyclopentolate
cyclopentolates
cyclopes
cyclopian
cyclopic
cycloplegia
cycloplegias
cyclospermous
cyclostomous
cyclothyme
cyclothymes
cyclus
cycluses
cyeses
cyesis
cylindraceous
cylindricities
cylindricity
cylindriform
cylindrite
cylindrites
cylindroid
cylindroids
cymagraph
cymagraphs
cymatics
cymbalo
cymbaloes
cymbalos
cymbiform
cymograph
cymographs
cymophanous
cymotrichies
cymotrichous
cymotrichy
cynanche
cynanches
cynegetic
cynghanedd
cynghanedds
cynicalness
cynicalnesses
cynomolgi
cynomolgus
cynophilia
cynophilias
cynophilist
cynophilists
cynophobia
cynophobias
cyperaceous
cyprid
cyprides
cyprids
cyprine
cyprinoid
cypripedia
cypris
cystectomies
cystectomy
cystid
cystidean
cystideans
cystids
cystiform
cystinoses
cystinosis
cystitises
cystocele
cystoceles
cystolithiases
cystolithiasis
cystostomies
cystostomy
cystotomies
cystotomy
cytase
cytases
cyte
cytes
cytisi
cytisine
cytisines
cytisus
cytode
cytodes
cytodiagnoses
cytodiagnosis
cytogeneses
cytogenesis
cytoid
cytometer
cytometers
cytometric
cytometries
cytometry
cyton
cytons
cytopathologies
cytopathology
cytopenia
cytopenias
cytosome
cytosomes
czapka
czapkas
czardases
czarevich
czareviches
czaritsa
czaritsas
da
dabbities
dabbity
dabblingly
dacite
dacites
dacker
dackered
dackering
dackers
dacoitage
dacoitages
dactylar
dactylically
dactyliographies
dactyliography
dactyliologies
dactyliology
dactyliomancies
dactyliomancy
dactylist
dactylists
dactylogram
dactylograms
dactylographies
dactylography
dactyloscopies
dactyloscopy
dadded
dadding
daddle
daddled
daddles
daddling
daddock
daddocks
dae
daedalian
daedalic
daeing
daes
daffadowndillies
daffadowndilly
daffies
daffings
daffodillies
daffodilly
daftar
daftars
daftie
dafties
dagaba
dagabas
dagged
daggerboard
daggerboards
daggier
daggiest
dagging
daggings
daggy
daguerrean
daguerreotyper
daguerreotypers
dahabeeah
dahabeeahs
dahabieh
dahabiehs
dahabiyah
dahabiyahs
dahabiyeh
dahabiyehs
daidle
daidled
daidles
daidling
daiker
daikered
daikering
daikers
daimen
daine
dained
daines
daining
daint
dak
daker
dakered
dakering
dakers
dakoiti
dakoitis
daks
dali
dalis
dalle
dallop
dallops
dalmahoy
dalmahoys
dalt
daltonism
daltonisms
dalts
damageable
damasceene
damasceened
damasceenes
damasceening
damascenings
damaskeen
damaskeened
damaskeening
damaskeens
damaskin
damaskined
damaskining
damaskins
damasquin
damasquined
damasquining
damasquins
damassin
damassins
damboard
damboards
dambrod
dambrods
damfool
damme
dammit
damnabilities
damnability
damnification
damnifications
damoisel
damoisels
dampier
dampiest
dampishness
dampishnesses
dampy
dan
dancette
dancettee
dancettes
dancetty
dancings
dandered
dandering
dandiprat
dandiprats
dandriff
dandriffs
dandyfunk
dandyfunks
dandyprat
dandyprats
danegelt
danegelts
danelagh
danelaghs
danelaw
danelaws
danglier
dangliest
danglings
dangly
dankish
danks
dannebrog
dannebrogs
dans
dant
danted
danting
danton
dantoned
dantoning
dantons
dants
daphnid
daphnids
dapperling
dapperlings
dappers
daquiri
daquiris
daraf
darafs
darbies
darcies
darcy
darcys
darg
darga
dargas
dargle
dargles
dargs
dari
daric
darics
daris
darkey
darkeys
darklings
darkmans
darraign
darraigne
darraigned
darraignes
darraigning
darraigns
darrain
darraine
darrained
darraines
darraining
darrains
darrayn
darrayned
darrayning
darrayns
darre
darred
darres
darring
dartingly
dartle
dartled
dartles
dartling
dartre
dartres
dartrous
darzi
darzis
das
dasheki
dashekis
dastardies
dastardness
dastardnesses
dastardy
dasyphyllous
dasypod
dasypods
databus
databuses
databusses
datacomms
dataglove
datagloves
datal
dataller
datallers
datals
datamation
datamations
dataria
datarias
datings
datolite
datolites
daturine
daturines
daubier
daubiest
daubings
dauby
daud
dauded
dauding
dauds
daughterliness
daughterlinesses
daughterling
daughterlings
daughterly
dault
daults
daunder
daundered
daundering
daunders
dauner
daunered
daunering
dauners
daunton
dauntoned
dauntoning
dauntons
dauphiness
dauphinesses
daur
daured
dauring
daurs
dautie
dauties
davidia
davidias
dawbries
dawbry
dawcock
dawcocks
dawd
dawded
dawding
dawdlingly
dawds
dawish
dawk
dawks
dawner
dawnered
dawnering
dawners
dawnings
dawt
dawted
dawtie
dawties
dawting
dawts
dayglo
daymark
daymarks
daynt
daysack
daysacks
dayspring
daysprings
daytale
daytaler
daytalers
daytales
dazer
dazers
dazzlement
dazzlements
dazzlings
deaconhood
deaconhoods
deaconship
deaconships
deaded
deaders
deadhouse
deadhouses
deading
deadstock
deadstocks
deadstroke
deafenings
dealbate
dealbation
dealbations
deambulatories
deambulatory
deaner
deaners
dearbought
deare
deared
deares
dearing
dearling
dearlings
dearn
dearnful
dearnly
dearns
dearticulate
dearticulated
dearticulates
dearticulating
deasils
deasiul
deasiuls
deasoil
deasoils
deaspirate
deaspirated
deaspirates
deaspirating
deaspiration
deaspirations
deathier
deathiest
deathlier
deathliest
deathlike
deathliness
deathlinesses
deathward
deathwards
deathy
deattribute
deattributed
deattributes
deattributing
deave
deaved
deaves
deaving
deaw
deawie
deaws
deawy
debag
debagged
debagging
debaggings
debags
debarcation
debarcations
debarrass
debarrassed
debarrasses
debarrassing
debasedness
debasednesses
debasingly
debateable
debateful
debatingly
debauchedly
debauchedness
debauchednesses
debauchment
debauchments
debbier
debbies
debbiest
debby
debel
debelled
debelling
debels
debentured
debile
debilitative
debitor
debitors
debonnaire
debosh
deboshed
deboshes
deboshing
deboss
debossed
debosses
debossing
debouchure
debouchures
debriefings
debruised
debted
debtee
debtees
debus
debussed
debusses
debussing
decachord
decachords
decad
decads
decaff
decaffeinate
decaffeinates
decaffeinating
decaffs
decagonal
decagramme
decagrammes
decagynian
decagynous
decahedral
decalescence
decalescences
decalitre
decalitres
decalogist
decalogists
decameronic
decamerous
decametre
decametres
decandrian
decandrous
decani
decantate
decantated
decantates
decantating
decapitalisation
decapitalisations
decapitalise
decapitalised
decapitalises
decapitalising
decapitalization
decapitalizations
decapitalize
decapitalized
decapitalizes
decapitalizing
decapodal
decarb
decarbed
decarbing
decarbonisation
decarbonisations
decarbonise
decarbonised
decarbonises
decarbonising
decarbonization
decarbonizations
decarbs
decarburisation
decarburisations
decarburise
decarburised
decarburises
decarburising
decastere
decasteres
decastich
decastichs
decastyle
decastyles
decaudate
decaudated
decaudates
decaudating
deccie
deccies
deceivabilities
deceivability
deceivableness
deceivablenesses
deceivably
decelerometer
decelerometers
decennaries
decennary
decennoval
decentralisation
decentralisations
decentralise
decentralised
decentralises
decentralising
deceptibilities
deceptibility
deceptible
deceptious
deceptory
decerebrise
decerebrised
decerebrises
decerebrising
decerebrize
decerebrized
decerebrizes
decerebrizing
decern
decerned
decerning
decerns
decession
decessions
dechristianisation
dechristianisations
dechristianise
dechristianised
dechristianises
dechristianising
dechristianization
dechristianizations
dechristianize
dechristianized
dechristianizes
dechristianizing
decigramme
decigrammes
decilitre
decilitres
decillionth
decillionths
decimalisation
decimalisations
decimalise
decimalised
decimalises
decimalising
decimalism
decimalisms
decimalist
decimalists
decimator
decimators
decime
decimes
decimetre
decimetres
decinormal
decipherabilities
decipherability
decisory
decistere
decisteres
decitizenise
decitizenised
decitizenises
decitizenising
decitizenize
decitizenized
decitizenizes
decitizenizing
decivilise
decivilised
decivilises
decivilising
decivilize
decivilized
decivilizes
decivilizing
deckchair
deckchairs
deckled
decko
deckoed
deckoing
deckos
declaimant
declaimants
declaimings
declamatorily
declarator
declaratorily
declarators
declaredly
declassee
declinal
declinant
declinate
declinator
declinators
declinatory
declinature
declinatures
declinometer
declinometers
declivous
declutch
declutched
declutches
declutching
decoctible
decoctive
decocture
decoctures
decoherer
decoherers
decoke
decoked
decokes
decoking
decollator
decollators
decolonisation
decolonisations
decolonise
decolonised
decolonises
decolonising
decolorant
decolorants
decolorate
decolorated
decolorates
decolorating
decoloration
decolorations
decolorisation
decolorisations
decolorise
decolorised
decolorises
decolorising
decolour
decoloured
decolouring
decolourisation
decolourisations
decolourise
decolourised
decolourises
decolourising
decolourization
decolourizations
decolourize
decolourized
decolourizes
decolourizing
decolours
decommissioner
decommissioners
decommissionings
decomplex
decomposite
decompoundable
decompounded
decompounding
decompounds
decompressive
decompressor
decompressors
decontaminant
decontaminants
decontaminative
decouplings
decrassified
decrassifies
decrassify
decrassifying
decreeable
decreet
decreets
decremented
decrementing
decrepitness
decrepitnesses
decretist
decretists
decrew
decrewed
decrewing
decrews
decriminalisation
decriminalisations
decriminalise
decriminalised
decriminalises
decriminalising
decrown
decrowned
decrowning
decrowns
decrustation
decrustations
dectet
dectets
decubiti
decubitus
decuman
decumans
decumbence
decumbences
decumbencies
decumbency
decumbently
decumbiture
decumbitures
decuria
decurias
decurionate
decurionates
decurrencies
decurrency
decurrently
decursion
decursions
decursive
decursively
decurvation
decurvations
decurve
decurves
decurving
decussately
dedalian
dedicant
dedicants
dedicational
dedicative
dedicatorial
dedimus
dedimuses
dedramatise
dedramatised
dedramatises
dedramatising
dedramatize
dedramatized
dedramatizes
dedramatizing
deducement
deducements
deducibilities
deducibility
deducibleness
deduciblenesses
deeder
deedest
deedful
deedily
deeing
deejayed
deejaying
deek
deemster
deemsters
deen
deens
deepfelt
deepie
deepies
deepmost
deepwaterman
deepwatermen
deere
deerhorn
deerhorns
deerlet
deerlets
deerstalking
deerstalkings
deev
deeve
deeved
deeves
deeving
deevs
def
defacingly
defaecate
defaecated
defaecates
defaecating
defamatorily
defamings
defast
defaste
defeasanced
defeasibleness
defeasiblenesses
defeatured
defeaturing
defecator
defecators
defectibilities
defectibility
defectible
defectionist
defectionists
defenced
defenceless
defencelessly
defencelessness
defencelessnesses
defensative
defensatives
deferable
deferents
defervescencies
defervescency
defeudalise
defeudalised
defeudalises
defeudalising
defeudalize
defeudalized
defeudalizes
defeudalizing
deffer
deffest
deffly
defiantness
defiantnesses
defibrinise
defibrinised
defibrinises
defibrinising
defibrinize
defibrinized
defibrinizes
defibrinizing
deficience
deficiences
deficientness
deficientnesses
defiliation
defiliations
definabilities
definability
deflagrabilities
deflagrability
deflagrable
deflagrator
deflagrators
deflationist
deflationists
deflectional
deflex
deflexes
deflexing
deflexion
deflexional
deflexions
deflexure
deflexures
deflorate
deflorated
deflorates
deflorating
defluent
defluxion
defluxions
deforciant
deforciants
deforciation
deforciations
deformabilities
deformability
deformedly
deformedness
deformednesses
defoul
defouled
defouling
defouls
defrag
defragged
defragging
defragment
defragmented
defragmenting
defragments
defrags
defraudation
defraudations
defraudment
defraudments
defrayment
defrayments
defreeze
defreezes
defreezing
defroze
defrozen
defunction
defunctions
defunctive
defuncts
degarnish
degarnished
degarnishes
degarnishing
degender
degendered
degendering
degenders
degenerationist
degenerationists
degenerous
deglutinate
deglutinated
deglutinates
deglutinating
deglutination
deglutinations
deglutitive
deglutitory
degras
degreasant
degreasants
degression
degressions
degustate
degustated
degustates
degustating
degustatory
dehortation
dehortations
dehortative
dehortatory
dehorter
dehorters
dehumanise
dehumanised
dehumanises
dehumanising
dehydrater
dehydraters
dehypnotisation
dehypnotisations
dehypnotise
dehypnotised
dehypnotises
dehypnotising
dehypnotization
dehypnotizations
dehypnotize
dehypnotized
dehypnotizes
dehypnotizing
deictically
deictics
deid
deider
deidest
deids
deifical
deiform
deindustrialisation
deindustrialisations
deindustrialise
deindustrialised
deindustrialises
deindustrialising
deinosaur
deinosaurs
deinothere
deinotheres
deinotherium
deinotheriums
deiparous
deipnosophist
deipnosophists
deiseal
deiseals
deisheal
deisheals
deixes
dejectory
dejeune
dejeunes
dekalogies
dekalogy
dekkoed
dekkoing
delapse
delapsed
delapses
delapsing
delapsion
delapsions
delayingly
deleble
delectableness
delectablenesses
delenda
deletive
deletory
delibate
delibated
delibates
delibating
delibation
delibations
deliberator
deliberators
delible
delicateness
delicatenesses
delice
delices
deligation
deligations
delightless
delimitate
delimitated
delimitates
delimitating
delimitative
delineable
deliquium
deliquiums
deliration
delirations
deliriant
delirifacient
delirifacients
delitescence
delitescences
delitescent
deliverly
delope
deloped
delopes
deloping
delph
delphin
delphinia
delphinoid
delphs
delt
deltiologies
deltiologist
deltiologists
deltiology
delts
delubrum
delubrums
deludable
delundung
delundungs
delusionist
delusionists
delustrant
delustrants
demagnetisation
demagnetisations
demagnetise
demagnetised
demagnetiser
demagnetisers
demagnetises
demagnetising
demagogical
demagogism
demagogisms
demagoguism
demagoguisms
demain
demaine
demaines
demains
deman
demanned
demanning
demannings
demans
demarkation
demarkations
dematerialisation
dematerialisations
dematerialise
dematerialised
dematerialises
dematerialising
demayne
demaynes
demeane
demeanes
demeasnure
demeasnures
dementate
dementated
dementates
dementating
dementi
dementis
demerse
demersed
demerses
demersing
demersion
demersions
demic
demigration
demigrations
demilitarisation
demilitarisations
demilitarise
demilitarised
demilitarises
demilitarising
demineralisation
demineralisations
demineralise
demineralised
demineralises
demineralising
demipique
demipiques
demirepdom
demirepdoms
demisable
demiss
demissive
demissly
demist
demisted
demister
demisters
demisting
demists
demiurgeous
demiurgically
demiurgus
demiurguses
demobilisation
demobilisations
demobilise
demobilised
demobilises
demobilising
democratical
democraties
democratifiable
democratisation
democratisations
democratise
democratised
democratises
democratising
democratist
democratists
democraty
demologies
demology
demoness
demonesses
demonetisation
demonetisations
demonetise
demonetised
demonetises
demonetising
demoniacism
demoniacisms
demonianism
demonianisms
demonise
demonised
demonises
demonising
demonocracies
demonocracy
demonolater
demonolaters
demonolatries
demonolatry
demonologic
demonomania
demonomanias
demonries
demonry
demonstrableness
demonstrablenesses
demonstratory
demoralisation
demoralisations
demoralise
demoralised
demoralises
demoralising
demoticist
demoticists
demotist
demotists
demotivate
demotivated
demotivates
demotivating
dempster
dempsters
dempt
demulsification
demulsifications
demulsified
demulsifier
demulsifiers
demulsifies
demulsify
demulsifying
demured
demures
demuring
demurrable
demutualisation
demutualisations
demutualise
demutualised
demutualises
demutualising
demutualization
demutualizations
demutualize
demutualized
demutualizes
demutualizing
demyelinate
demyelinated
demyelinates
demyship
demyships
demythologisation
demythologisations
demythologise
demythologised
demythologises
demythologising
denaries
denationalisation
denationalisations
denationalise
denationalised
denationalises
denationalising
denaturalisation
denaturalisations
denaturalise
denaturalised
denaturalises
denaturalising
denaturise
denaturised
denaturises
denaturising
denaturize
denaturized
denaturizes
denaturizing
denay
denayed
denaying
denays
dendrachate
dendrachates
dendritical
dendrobium
dendrobiums
dendroclimatologies
dendroclimatology
dendroglyph
dendroglyphs
dendroidal
dendrolatries
dendrolatry
dendrologous
dendrometer
dendrometers
dendrophis
dendrophises
denet
denets
denetted
denetting
denitrate
denitrated
denitrates
denitrating
denitration
denitrations
denitrificator
denitrificators
denization
denizations
denizenship
denizenships
dennet
dennets
denominable
denominationalist
denominationalists
denominationally
denominatively
denotable
denotate
denotated
denotates
denotating
denotatively
densifier
densifiers
densimeter
densimeters
densimetric
densimetries
densimetry
dentaliums
dentaria
dentarias
dentaries
dentary
dentated
dentation
dentations
dentel
dentelle
dentelles
dentels
dentex
dentexes
dentigerous
dentilingual
dentilinguals
dentirostral
denuclearisation
denuclearisations
denuclearise
denuclearised
denuclearises
denuclearising
denunciate
denunciated
denunciates
denunciating
denunciator
denunciators
deobstruent
deobstruents
deodate
deodates
deodorisation
deodorisations
deodorise
deodorised
deodoriser
deodorisers
deodorises
deodorising
deontics
deoppilate
deoppilated
deoppilates
deoppilating
deoppilation
deoppilations
deoppilative
deoxidate
deoxidated
deoxidates
deoxidating
deoxidisation
deoxidisations
deoxidise
deoxidised
deoxidiser
deoxidisers
deoxidises
deoxidising
deoxidization
deoxidizations
deoxygenise
deoxygenised
deoxygenises
deoxygenising
deoxygenize
deoxygenized
deoxygenizes
deoxygenizing
departement
departements
departer
departers
departings
departmentalisation
departmentalisations
departmentalise
departmentalised
departmentalises
departmentalising
departmentalism
departmentalisms
depasture
depastured
depastures
depasturing
depauperated
depauperates
depauperating
depauperise
depauperised
depauperises
depauperising
depauperize
depauperized
depauperizes
depauperizing
depeinct
depeincted
depeincting
depeincts
dependacie
dependacies
dependingly
depersonalisation
depersonalisations
depersonalise
depersonalised
depersonalises
depersonalising
dephlegmate
dephlegmated
dephlegmates
dephlegmating
dephlegmation
dephlegmations
dephlegmator
dephlegmators
dephlogisticate
dephlogisticated
dephlogisticates
dephlogisticating
depictive
depicture
depictured
depictures
depicturing
depilator
depilators
depletory
deplorabilities
deplorability
deploration
deplorations
deplumation
deplumations
depolarisation
depolarisations
depolarise
depolarised
depolarises
depolarising
depoliticise
depoliticised
depoliticises
depoliticising
depolymerisation
depolymerisations
depolymerise
depolymerised
depolymerises
depolymerising
depopulator
depopulators
deposable
depositation
depositations
depositive
depravingly
deprecable
deprecative
deprecator
deprecators
deprehend
deprehended
deprehending
deprehends
depressurisation
depressurisations
depressurise
depressurised
depressurises
depressurising
deprivable
deprivative
deprivement
deprivements
deprogramme
deprogrammes
depurant
depurants
depuration
depurations
depurative
depuratives
depurator
depurators
depuratory
deputise
deputised
deputises
deputising
deracialise
deracialised
deracialises
deracialising
deracialize
deracialized
deracializes
deracializing
derailer
derailers
deratings
deration
derationed
derationing
derations
deray
derayed
deraying
derays
dere
derecognise
derecognised
derecognises
derecognising
derecognition
derecognitions
derecognize
derecognized
derecognizes
derecognizing
dered
deregister
deregistered
deregistering
deregisters
deregistration
deregistrations
dereligionise
dereligionised
dereligionises
dereligionising
dereligionize
dereligionized
dereligionizes
dereligionizing
derequisition
derequisitioned
derequisitioning
derequisitions
deres
derestrict
derestricted
derestricting
derestriction
derestrictions
derestricts
derham
derhams
derig
derigged
derigging
derigs
dering
derisible
derivably
derivationist
derivationists
derm
dermatic
dermatographia
dermatographias
dermatographic
dermatographies
dermatography
dermatoid
dermatomyositis
dermatomyositises
dermatoplastic
dermatoplasties
dermatoplasty
dermographies
dermography
derms
dern
dernful
dernly
derns
derogately
derogatively
derogatoriness
derogatorinesses
derricked
derricking
derries
derry
derth
derths
derv
dervs
desacralisation
desacralisations
desacralise
desacralised
desacralises
desacralising
desalinisation
desalinisations
desalinise
desalinised
desalinises
desalinising
desaltings
desaturation
desaturations
descale
descaled
descales
descaling
descendable
descendings
descensional
deschool
deschooled
deschooler
deschoolers
deschooling
deschoolings
deschools
descramble
descrambled
descrambles
descrambling
descriptivism
descriptivisms
descrive
descrived
descrives
descriving
desegregationist
desegregationists
deselection
deselections
desensitisation
desensitisations
desensitise
desensitised
desensitiser
desensitisers
desensitises
desensitising
deserpidine
deserpidines
desertisation
desertisations
desertization
desertizations
desertless
deservingly
desexualisation
desexualisations
desexualise
desexualised
desexualises
desexualising
desiccatives
desideria
desiderium
designable
designful
designingly
designings
designless
desilver
desilvered
desilvering
desilverisation
desilverisations
desilverise
desilverised
desilverises
desilverising
desilverization
desilverizations
desilverize
desilverized
desilverizes
desilverizing
desilvers
desine
desined
desinence
desinences
desinent
desinential
desines
desining
desipience
desipiences
desipient
desireless
desistence
desistences
deskill
deskilled
deskilling
deskills
desmine
desmines
desmodium
desmodiums
desmodromic
desmoids
desobligeante
desobligeantes
desolatory
despairful
despicabilities
despicability
despight
despights
despisable
despisal
despisals
despisedness
despisednesses
despondingly
despondings
despotat
despotate
despotates
despotats
despotical
despoticalness
despoticalnesses
despotocracies
despotocracy
despumate
despumated
despumates
despumating
despumation
despumations
desquamative
desquamatory
desse
desses
dessiatine
dessiatines
dessignment
dessignments
dessyatine
dessyatines
destabilise
destabilised
destabiliser
destabilisers
destabilises
destabilising
destabilizer
destabilizers
destemper
destempered
destempering
destempers
destinate
destinated
destinates
destinating
destituted
destitutes
destituting
destroyable
destructibleness
destructiblenesses
destructional
destructives
destructivist
destructivists
destructor
destructors
desulphur
desulphurate
desulphurated
desulphurates
desulphurating
desulphuration
desulphurations
desulphured
desulphuring
desulphurisation
desulphurisations
desulphurise
desulphurised
desulphuriser
desulphurisers
desulphurises
desulphurising
desulphurization
desulphurizations
desulphurize
desulphurized
desulphurizer
desulphurizers
desulphurizes
desulphurizing
desulphurs
desyatin
desyatins
desyne
desyned
desynes
desyning
detainable
detectible
detectivist
detectivists
detectophone
detectophones
detergence
detergences
deteriorationist
deteriorationists
deteriorism
deteriorisms
deteriorities
deteriority
determinabilities
determinability
determinated
determinates
determinating
detersion
detersions
detestabilities
detestability
dethronings
detorsion
detorsions
detort
detorted
detorting
detortion
detortions
detorts
detractingly
detractings
detractory
detractress
detractresses
detraque
detraquee
detraquees
detraques
detribalisation
detribalisations
detribalise
detribalised
detribalises
detribalising
detruncate
detruncated
detruncates
detruncating
detruncation
detruncations
detrusion
detrusions
detune
detuned
detunes
detuning
deuddarn
deuddarns
deuteride
deuterides
deuterogamies
deuterogamist
deuterogamists
deuterogamy
deuteroplasm
deuteroplasms
deuteroscopic
deuteroscopies
deuteroscopy
deuton
deutons
deutoplasmic
devall
devalled
devalling
devalls
devalorisation
devalorisations
devalorise
devalorised
devalorises
devalorising
devalorization
devalorizations
devalorize
devalorized
devalorizes
devalorizing
devanagari
devanagaris
devastavit
devastavits
devel
develled
develling
develope
developes
devels
deviceful
devildom
devildoms
deviless
devilesses
devilet
devilets
devilings
devilism
devilisms
devilship
devilships
devitalisation
devitalisations
devitalise
devitalised
devitalises
devitalising
devitalization
devitalizations
devling
devlings
devocalise
devocalised
devocalises
devocalising
devolvement
devolvements
devonport
devonports
devore
devotionalist
devotionalists
devotionalities
devotionality
devotionalness
devotionalnesses
devotionist
devotionists
devouringly
devourment
devourments
devvel
devvelled
devvelling
devvels
dewani
dewanis
dewannies
dewanny
dewaterings
dewfull
dewitt
dewitted
dewitting
dewitts
dewlapt
dewpoint
dewpoints
dexamphetamine
dexamphetamines
dexiotropic
dexters
dexterwise
dextralities
dextrality
dextrally
dextrocardia
dextrocardiac
dextrocardiacs
dextrocardias
dextrogyrate
dextrogyre
dextrophosphate
dextrophosphates
dextrorotation
dextrorotations
dextrorse
dextrously
dextrousness
dextrousnesses
dhak
dhaks
dharmsala
dharmsalas
dharmshala
dharmshalas
dhol
dholl
dholls
dhols
dhoolies
dhooly
dhurra
dhurras
diabetical
diable
diableries
diablery
diables
diabolise
diabolised
diabolises
diabolising
diabolo
diabologies
diabology
diabolologies
diabolology
diabolos
diacatholicon
diacatholicons
diacaustic
diacaustics
diacetylmorphine
diacetylmorphines
diachronism
diachronisms
diachronistic
diachronous
diachylon
diachylons
diachylum
diachylums
diacodion
diacodions
diacodium
diacodiums
diaconicon
diaconicons
diacoustic
diacoustics
diact
diactinal
diactine
diactinic
diadochi
diadrom
diadroms
diageotropically
diageotropism
diageotropisms
diaglyph
diaglyphs
diagnosabilities
diagnosability
diagometer
diagometers
diagraphic
diagrid
diagrids
diaheliotropic
diaheliotropism
diaheliotropisms
dialecticism
dialecticisms
dialist
dialists
diallagic
diallagoid
dialler
diallers
diallings
dialogise
dialogised
dialogises
dialogising
dialogistical
dialogite
dialogites
dialogize
dialogized
dialogizes
dialogizing
dialypetalous
dialysable
dialyse
dialysed
dialyser
dialysers
dialysing
diamagnet
diamagnetically
diamagnets
diamantiferous
diamantine
diametrally
diamorphine
diamorphines
diamyl
diandries
diandrous
diandry
dianodal
dianoetic
diapase
diapases
diapedetic
diapente
diapentes
diaperings
diaphanometer
diaphanometers
diaphototropic
diaphototropies
diaphototropism
diaphototropisms
diaphototropy
diaphragmal
diaphragmatitis
diaphragmatitises
diapirism
diapirisms
diapophyses
diapophysial
diapophysis
diapyeses
diapyesis
diapyetic
diapyetics
diarch
diarchal
diarial
diarian
diarise
diarised
diarises
diarising
diarize
diarized
diarizes
diarizing
diarrhoeal
diarrhoeic
diascope
diascopes
diascordium
diascordiums
diaskeuast
diaskeuasts
diastaltic
diastasic
diastasis
diastematic
diastyle
diastyles
diathermacies
diathermacy
diathermal
diathermancies
diathermancy
diathermaneities
diathermaneity
diathermous
diatomist
diatomists
diatretum
diatretums
diatribist
diatribists
diatropic
diatropism
diatropisms
diaxon
diaxons
diazeuctic
diazeuxes
diazeuxis
diazoes
diazos
dibbs
dibranchiate
dibutyl
dicacious
dicacities
dicacity
dicarpellary
dicasteries
dicastery
dicephalous
dich
dichasial
dichlamydeous
dichloralphenazone
dichloralphenazones
dichlorodiphenyltrichloroethane
dichlorodiphenyltrichloroethanes
dichord
dichords
dichotomic
dichotomise
dichotomised
dichotomises
dichotomising
dichroite
dichroites
dichroitic
dichromatics
dichromic
dichromism
dichromisms
dichrooscope
dichrooscopes
dichrooscopic
dichroscopic
dicht
dichted
dichting
dichts
dicings
dickhead
dickheads
dicktier
dicktiest
dickty
diclinism
diclinisms
dicrotous
dict
dictatory
dictatress
dictatresses
dictatrix
dictatrixes
dictature
dictatures
dicted
dicting
dicts
dictyogen
dictyogens
dicyclic
didactyl
didactylous
didactyls
didakai
didakais
didakei
didakeis
didascalic
didder
diddered
diddering
didders
diddicoy
diddicoys
diddier
diddies
diddiest
diddy
didelphian
didelphic
didelphid
didelphids
didelphine
didelphous
didicoi
didicois
didicoy
didicoys
didrachm
didrachma
didrachmas
didrachms
didynamian
didynamous
dieb
diebs
diedral
diedrals
diedre
diedres
diegeses
diegesis
dielytra
dielytras
diencephalons
dieselisation
dieselisations
dieselise
dieselised
dieselises
dieselising
dietarian
dietarians
dietetical
diethyl
diethylamine
diethylamines
dietine
dietines
dietist
dietists
diffarreation
diffarreations
differencies
differency
differentiator
differentiators
diffluent
difform
difformities
difformity
diffractive
diffrangibilities
diffrangibility
diffrangible
diffusedly
diffusedness
diffusednesses
diffusibilities
diffusibility
digamist
digamists
digestedly
diggable
digitalisation
digitalisations
digitalise
digitalised
digitalising
digitated
digitation
digitations
digitiform
digitigrades
digitisation
digitisations
digitise
digitised
digitiser
digitisers
digitises
digitising
digitorium
digitoriums
digladiate
digladiated
digladiates
digladiating
digladiation
digladiations
digladiator
digladiators
diglyph
diglyphs
dignification
dignifications
digonal
digoneutic
digynian
digynous
dihedra
dijudicate
dijudicated
dijudicates
dijudicating
dijudication
dijudications
dika
dikas
dikast
dikasts
dikier
dikiest
dikkop
dikkops
dilacerate
dilacerated
dilacerates
dilacerating
dilaceration
dilacerations
dilapidator
dilapidators
dilatator
dilatators
dilettanteism
dilettanteisms
dilli
dillier
dilliest
dilling
dillings
dillis
dilucidate
dilucidated
dilucidates
dilucidating
dilucidation
dilucidations
dilutable
dilutables
dilutee
dilutees
dilutionary
diluvialism
diluvialisms
diluvialist
diluvialists
diluvion
diluvions
dimble
dimbles
dimerisation
dimerisations
dimerise
dimerised
dimerises
dimerising
dimethylamine
dimethylamines
dimethylaniline
dimethylanilines
dimetric
dimidiate
dimidiated
dimidiates
dimidiating
dimidiation
dimidiations
diminishingly
diminishings
diminuendoes
dimissory
dimmish
dimplement
dimplements
dimyarian
dinanderie
dinanderies
dinarchies
dinarchy
dinful
dingeses
dingey
dingeys
dingies
dinic
dinics
dinked
dinker
dinkest
dinking
dinmont
dinmonts
dinnered
dinnering
dinnle
dinnled
dinnles
dinnling
dino
dinomania
dinomanias
dinos
dinosauric
dinothere
dinotheres
dinotherium
dinotheriums
dinoturbation
dinoturbations
dioestrus
dioestruses
diophysite
diophysites
dioptrate
dioptrical
dioptrics
diorism
diorisms
dioristic
dioristical
dioristically
diorthoses
diorthosis
diorthotic
dioscoreaceous
diosgenin
diosgenins
diota
diotas
diothelete
diotheletes
diotheletic
diotheletical
diothelism
diothelisms
diothelite
diothelites
dipchick
dipchicks
dipetalous
diphone
diphones
diphtheric
diphtheritis
diphtheritises
diphthongally
diphthongic
diphthongise
diphthongised
diphthongises
diphthongising
diphycercal
diphyodonts
diphysite
diphysites
diphysitism
diphysitisms
dipleidoscope
dipleidoscopes
diplogen
diplogeneses
diplogenesis
diplogens
diplomaed
diplomaing
diplomated
diplomatese
diplomateses
diplomatical
diplomatics
diplomating
diplomatise
diplomatised
diplomatises
diplomatising
diplomatize
diplomatized
diplomatizes
diplomatizing
diplomatologies
diplomatology
diplon
diplons
diplostemonous
diplozoa
diplozoon
dipnoous
dippings
diprionidian
diprotodon
diprotodons
diprotodont
diprotodontid
diprotodontids
diprotodonts
dipsades
dipsas
dipteras
dipterist
dipterists
dipterocarpaceous
dipterocarpous
dipteroi
dipteros
dipteroses
dirdam
dirdams
direfulness
direfulnesses
dirempt
dirempted
dirempting
diremption
diremptions
dirempts
dirhem
dirhems
dirige
dirigent
diriges
dirigism
dirigisms
dirke
dirkes
dirted
dirting
disa
disaccommodate
disaccommodated
disaccommodates
disaccommodating
disaccommodation
disaccommodations
disaccordant
disacknowledge
disacknowledged
disacknowledges
disacknowledging
disadorn
disadorned
disadorning
disadorns
disadvance
disadvanced
disadvances
disadvancing
disadvantageable
disadventure
disadventures
disadventurous
disaffectedly
disaffectedness
disaffectednesses
disaffectionate
disaffirmation
disaffirmations
disafforest
disafforestation
disafforestations
disafforested
disafforesting
disafforestment
disafforestments
disafforests
disagreeabilities
disagreeability
disagreeables
disallied
disallies
disallowable
disally
disallying
disamenities
disamenity
disanalogies
disanalogous
disanalogy
disanchor
disanchored
disanchoring
disanchors
disanimate
disanimated
disanimates
disanimating
disannex
disannexed
disannexes
disannexing
disannuller
disannullers
disannullings
disannulment
disannulments
disanoint
disanointed
disanointing
disanoints
disapparel
disapparelled
disapparelling
disapparels
disapplication
disapplications
disapplied
disapplies
disapply
disapplying
disapprobative
disapprobatory
disappropriate
disappropriated
disappropriates
disappropriating
disas
disassembler
disassemblers
disassimilate
disassimilated
disassimilates
disassimilating
disassimilation
disassimilations
disassimilative
disattire
disattired
disattires
disattiring
disattribution
disattributions
disattune
disattuned
disattunes
disattuning
disauthorise
disauthorised
disauthorises
disauthorising
disauthorize
disauthorized
disauthorizes
disauthorizing
disavaunce
disavaunced
disavaunces
disavauncing
disaventrous
disaventure
disaventures
disavouch
disavouched
disavouches
disavouching
disbark
disbarked
disbarking
disbarks
disbench
disbenched
disbenches
disbenching
disbodied
disbosom
disbosomed
disbosoming
disbosoms
disbowel
disbowelled
disbowelling
disbowels
disbranch
disbranched
disbranches
disbranching
disbursal
disbursals
disburthen
disburthened
disburthening
disburthens
discage
discaged
discages
discaging
discal
discalceate
discalceates
discandering
discanderings
discandie
discandied
discandies
discandy
discandying
discandyings
discapacitate
discapacitated
discapacitates
discapacitating
discardment
discardments
discase
discased
discases
discasing
discept
disceptation
disceptations
disceptatious
disceptator
disceptatorial
disceptators
discepted
discepting
discepts
discerp
discerped
discerpibilities
discerpibility
discerpible
discerping
discerps
discerptible
discerption
discerptions
discerptive
dischuffed
dischurch
dischurched
dischurches
dischurching
discide
discided
discides
disciding
discinct
discipled
disciplinant
disciplinants
disciplinarium
disciplinariums
discipling
discission
discissions
disclost
discoboli
discobolus
discoer
discoers
discolour
discolouration
discolourations
discoloured
discolouring
discolours
discomboberate
discomboberated
discomboberates
discomboberating
discomedusan
discomedusans
discommendable
discommendableness
discommendablenesses
discommendation
discommendations
discommission
discommissioned
discommissioning
discommissions
discommodious
discommodiously
discommodities
discommodity
discommon
discommoned
discommoning
discommons
discommunities
discommunity
discomycete
discomycetes
discomycetous
disconcertion
disconcertions
disconformable
disconnexion
disconnexions
disconsent
disconsented
disconsenting
disconsents
discontentful
discontiguities
discontiguity
discontiguous
discophoran
discophorans
discophorous
discordful
discorporate
discounsel
discounselled
discounselling
discounsels
discouragings
discoure
discoured
discoures
discouring
discoursal
discoursive
discourteise
discovert
discoverture
discovertures
discrepance
discrepances
discreter
discretest
discretional
discretionally
discretionarily
discretive
discretively
discriminately
discriminatively
discrown
discrowned
discrowning
discrowns
disculpate
disculpated
disculpates
disculpating
discumber
discumbered
discumbering
discumbers
discure
discured
discures
discuring
discursion
discursions
discursist
discursists
discursory
discussive
discutient
discutients
diseasedness
diseasednesses
diseaseful
disedge
disedged
disedges
disedging
disembarkment
disembarkments
disembarrassment
disembarrassments
disembellish
disembellished
disembellishes
disembellishing
disembitter
disembittered
disembittering
disembitters
disembodiment
disembodiments
disemboguement
disemboguements
disembosom
disembosomed
disembosoming
disembosoms
disembrangle
disembrangled
disembrangles
disembrangling
disembroil
disembroiled
disembroiling
disembroils
disemburden
disemburdened
disemburdening
disemburdens
disemploy
disemployed
disemploying
disemployment
disemployments
disemploys
disempower
disempowered
disempowering
disempowers
disenable
disenabled
disenables
disenabling
disenchain
disenchained
disenchaining
disenchains
disenchantress
disenchantresses
disenclose
disenclosed
disencloses
disenclosing
disencumbrance
disencumbrances
disengagedness
disengagednesses
disennoble
disennobled
disennobles
disennobling
disenrol
disenrolled
disenrolling
disenrols
disenshroud
disenshrouded
disenshrouding
disenshrouds
disenslave
disenslaved
disenslaves
disenslaving
disenthrallment
disenthrallments
disenthralment
disenthralments
disenthrone
disenthroned
disenthrones
disenthroning
disentomb
disentombed
disentombing
disentombs
disentrail
disentrailed
disentrailing
disentrails
disentrain
disentrained
disentraining
disentrainment
disentrainments
disentrains
disentrance
disentranced
disentrancement
disentrancements
disentrances
disentrancing
disentrayle
disentrayled
disentrayles
disentrayling
disentwine
disentwined
disentwines
disentwining
disenvelop
disenveloped
disenveloping
disenvelops
disenviron
disenvironed
disenvironing
disenvirons
disepalous
disespouse
disespoused
disespouses
disespousing
disestimation
disestimations
disfame
disfames
disfavour
disfavoured
disfavourer
disfavourers
disfavouring
disfavours
disfeature
disfeatured
disfeatures
disfeaturing
disfellowship
disfellowshipped
disfellowshipping
disfellowships
disfiguration
disfigurations
disflesh
disfleshed
disfleshes
disfleshing
disfluencies
disfluency
disfluent
disforest
disforested
disforesting
disforests
disform
disformed
disforming
disforms
disgarnish
disgarnished
disgarnishes
disgarnishing
disgarrison
disgarrisoned
disgarrisoning
disgarrisons
disgavel
disgavelled
disgavelling
disgavels
disgest
disgested
disgesting
disgestion
disgestions
disgests
disglorified
disglorifies
disglorify
disglorifying
disgodded
disgorgement
disgorgements
disgospelling
disgown
disgowned
disgowning
disgowns
disgracious
disgradation
disgradations
disgrade
disgraded
disgrades
disgrading
disgregation
disgregations
disguisable
disguisedness
disguisednesses
disguiseless
disguisings
disgustedness
disgustednesses
disgustfulness
disgustfulnesses
disgustingness
disgustingnesses
dishabilitate
dishabilitated
dishabilitates
dishabilitating
dishabilitation
dishabilitations
dishabit
dishabited
dishabiting
dishabits
dishable
dishabled
dishables
dishabling
dishallow
dishallowed
dishallowing
dishallows
disharmonic
disharmoniously
disharmonise
disharmonised
disharmonises
disharmonising
dishelm
dishelmed
dishelming
dishelms
disherison
disherisons
disherit
disherited
disheriting
disheritor
disheritors
disherits
dishevelment
dishevelments
dishings
dishome
dishomed
dishomes
dishoming
dishonorary
dishonour
dishonourable
dishonourableness
dishonourablenesses
dishonourably
dishonoured
dishonourer
dishonourers
dishonouring
dishonours
dishorn
dishorned
dishorning
dishorns
dishorse
dishorsed
dishorses
dishorsing
dishouse
dishoused
dishouses
dishousing
dishtowel
dishtowels
dishumour
dishumoured
dishumouring
dishumours
disillude
disilluded
disilludes
disilluding
disilluminate
disilluminated
disilluminates
disilluminating
disillusionary
disillusionise
disillusionised
disillusionises
disillusionising
disillusionize
disillusionized
disillusionizes
disillusionizing
disillusive
disimagine
disimagined
disimagines
disimagining
disimmure
disimmured
disimmures
disimmuring
disimpassioned
disimprison
disimprisoned
disimprisoning
disimprisonment
disimprisonments
disimprisons
disimprove
disimproved
disimproves
disimproving
disincarcerate
disincarcerated
disincarcerates
disincarcerating
disincarceration
disincarcerations
disinclose
disinclosed
disincloses
disinclosing
disincorporate
disincorporated
disincorporates
disincorporating
disincorporation
disincorporations
disindividualise
disindividualised
disindividualises
disindividualising
disindividualize
disindividualized
disindividualizes
disindividualizing
disindustrialisation
disindustrialisations
disindustrialise
disindustrialised
disindustrialises
disindustrialising
disindustrialization
disindustrializations
disindustrialize
disindustrialized
disindustrializes
disindustrializing
disinfector
disinfectors
disingenuities
disingenuity
disinherison
disinherisons
disinhibitory
disinhume
disinhumed
disinhumes
disinhuming
disintegrable
disinthral
disinthralled
disinthralling
disinthrals
disintricate
disintricated
disintricates
disintricating
disinure
disinured
disinures
disinuring
disinvestiture
disinvestitures
disinvigorate
disinvigorated
disinvigorates
disinvigorating
disinvolve
disinvolved
disinvolves
disinvolving
disjaskit
disject
disjected
disjecting
disjection
disjections
disjects
disjunctor
disjunctors
disjune
disjunes
diskless
disleaf
disleafed
disleafing
disleafs
disleal
disleave
disleaved
disleaves
disleaving
dislikeful
disliken
dislikened
dislikeness
dislikenesses
dislikening
dislikens
dislimb
dislimbed
dislimbing
dislimbs
dislink
dislinked
dislinking
dislinks
disload
disloaded
disloading
disloads
dislocatedly
disloign
disloigned
disloigning
disloigns
dislustre
dislustred
dislustres
dislustring
dismalities
dismality
dismaller
dismallest
disman
dismanned
dismanning
dismans
dismantler
dismantlers
dismask
dismasked
dismasking
dismasks
dismastment
dismastments
dismayd
dismayedness
dismayednesses
dismayful
dismayfully
dismayl
dismayled
dismayling
dismayls
dismissible
dismissory
dismoded
dismutation
dismutations
disnaturalise
disnaturalised
disnaturalises
disnaturalising
disnaturalize
disnaturalized
disnaturalizes
disnaturalizing
disnatured
disnest
disnested
disnesting
disnests
disobligation
disobligations
disobligatory
disobligement
disobligements
disobligingly
disobligingness
disobligingnesses
disoperation
disoperations
disorbed
disorderlies
disordinate
disordinately
disorganic
disorganisation
disorganisations
disorganise
disorganised
disorganises
disorganising
disowner
disowners
dispace
dispaced
dispaces
dispacing
disparates
dispark
disparked
disparking
disparks
dispatchful
dispathies
dispathy
dispauper
dispaupered
dispaupering
dispauperise
dispauperised
dispauperises
dispauperising
dispauperize
dispauperized
dispauperizes
dispauperizing
dispaupers
dispeace
dispeaces
dispence
dispenced
dispences
dispencing
dispend
dispended
dispending
dispends
dispensableness
dispensablenesses
dispensably
dispensative
dispensatively
dispensator
dispensatorily
dispensators
dispermous
dispersedness
dispersednesses
dispiritingly
dispiritment
dispiritments
dispiteously
dispiteousness
dispiteousnesses
displantation
displantations
displayer
displayers
disple
displeasance
displeasances
displeasant
displeasedly
displeasedness
displeasednesses
displeasingly
displeasingness
displeasingnesses
displeasured
displeasuring
displed
displenish
displenished
displenishes
displenishing
displenishment
displenishments
disples
displing
displume
displumed
displumes
displuming
dispondaic
dispondee
dispondees
dispone
disponed
disponee
disponees
disponer
disponers
dispones
disponge
disponged
disponges
disponging
disponing
disposableness
disposablenesses
disposedly
disposingly
disposings
dispositioned
dispositively
dispositor
dispositors
dispost
disposted
disposting
disposts
disprad
dispred
dispredden
dispredding
dispreds
disprinced
disprison
disprisoned
disprisoning
disprisons
disprivacied
disprivilege
disprivileged
disprivileges
disprivileging
disprofess
disprofessed
disprofesses
disprofessing
disprofit
disprofits
disproove
disprooved
disprooves
disprooving
dispropertied
disproperties
disproperty
dispropertying
disproportionable
disproportionableness
disproportionablenesses
disproportionably
disproportionally
disproportionateness
disproportionatenesses
dispropriate
dispropriated
dispropriates
dispropriating
disproval
disprovals
disprovide
disprovided
disprovides
disproviding
dispunge
dispunged
dispunges
dispunging
dispurse
dispursed
dispurses
dispursing
dispurvey
dispurveyance
dispurveyances
dispurveyed
dispurveying
dispurveys
disputabilities
disputability
disputableness
disputablenesses
disputative
disputatively
disputativeness
disputativenesses
disqualifiable
disqualifier
disqualifiers
disquieten
disquietened
disquietening
disquietens
disquietful
disquietive
disquietness
disquietnesses
disquietous
disquisitional
disquisitionary
disquisitive
disquisitory
disrank
disranked
disranking
disranks
disregardfully
disreputation
disreputations
disruptor
disruptors
dissatisfactoriness
dissatisfactorinesses
dissavings
dissectible
dissectings
dissective
disseizor
disseizors
disselboom
disselbooms
dissemblance
dissemblances
dissemblies
dissemblingly
dissemblings
dissembly
disseminative
dissenterish
dissenterism
dissenterisms
dissentingly
dissepimental
dissertative
disseveration
disseverations
dissheathe
dissheathed
dissheathes
dissheathing
disshiver
disshivered
disshivering
disshivers
dissight
dissights
dissilience
dissiliences
dissilient
dissimile
dissimiles
dissimulative
dissipable
dissociableness
dissociablenesses
dissociably
dissocialise
dissocialised
dissocialises
dissocialising
dissocialities
dissociality
dissocialize
dissocialized
dissocializes
dissocializing
dissolubilities
dissolubility
dissolubleness
dissolublenesses
dissolutes
dissolutionism
dissolutionisms
dissolutionist
dissolutionists
dissolutive
dissolvabilities
dissolvability
dissolvableness
dissolvablenesses
dissolvings
dissonancies
dissonancy
dissuasives
dissuasories
dissuasory
dissunder
dissundered
dissundering
dissunders
dissymmetrical
dissymmetrically
distanceless
distensile
distensive
distent
disthene
disthenes
disthrone
disthroned
disthrones
disthroning
disthronize
disthronized
disthronizes
disthronizing
distichal
distillable
distilland
distillands
distillatory
distillings
distilment
distilments
distinctives
distincture
distinctures
distinguisher
distinguishers
distinguishment
distinguishments
distortive
distractedness
distractednesses
distractively
distrail
distrails
distrainee
distrainees
distrainment
distrainments
distresser
distressers
distribuend
distribuends
distributable
distributer
distributers
distributiveness
distributivenesses
distributives
distringas
distringases
distrouble
distroubled
distroubles
distroubling
distruster
distrusters
distrustless
distune
distuned
distunes
distuning
disturbant
disturbants
disturbative
distyle
distyles
disulphate
disulphates
disulphide
disulphides
disulphuret
disulphurets
disulphuric
disusage
disusages
disvouch
disvouched
disvouches
disvouching
disworship
disworships
disyllabification
disyllabifications
disyllabified
disyllabifies
disyllabify
disyllabifying
disyllabism
disyllabisms
disyoke
disyoked
disyokes
disyoking
dita
dital
ditals
ditas
ditcher
ditchers
dited
dithecal
dithecous
ditheistic
ditheistical
dithelete
ditheletes
ditheletic
ditheletical
ditheletism
ditheletisms
dithelism
dithelisms
dithelitism
dithelitisms
ditherier
ditheriest
dithionate
dithionates
dithyrambist
dithyrambists
diting
ditokous
ditone
ditones
ditriglyph
ditriglyphic
ditriglyphs
ditrochean
ditrochee
ditrochees
ditt
dittander
dittanders
dittay
dittays
ditted
dittied
ditting
dittit
dittographies
dittography
dittologies
dittology
ditts
dittying
diurnalist
diurnalists
diuturnal
diuturnities
diuturnity
div
divalencies
divalency
divalents
divellent
divellicate
divellicated
divellicates
divellicating
divergement
divergements
divergingly
diversed
diverses
diversifiable
diversing
diversly
divertibilities
divertibility
divertible
diverticulate
diverticulated
divertingly
divertisement
divertisements
divertive
divestible
divesture
divestures
divi
dividant
dividings
dividivi
dividivis
dividuous
divinator
divinatorial
divinators
divineness
divinenesses
divineress
divineresses
divings
divinified
divinifies
divinify
divinifying
divinise
divinised
divinises
divinising
divinize
divinized
divinizes
divinizing
divis
divisibleness
divisiblenesses
divisibly
divisionalisation
divisionalisations
divisionalization
divisionalizations
divisionary
divorceable
divorcive
divs
divulgate
divulgated
divulgates
divulgating
divulgation
divulgations
divulgement
divulgements
divulsion
divulsions
divulsive
dixie
dixies
dixy
dizain
dizains
dizzard
dizzards
djibbah
djibbahs
doab
doabs
doat
doated
doater
doaters
doating
doatings
doats
dob
dobbed
dobbie
dobbing
dobchick
dobchicks
dobhash
dobhashes
dobs
dochmiac
dochmiacal
dochmii
dochmius
dochmiuses
docht
docibilities
docibility
docible
docibleness
dociblenesses
dociler
docilest
docimasies
docimastic
docimasy
docimologies
docimology
docken
dockens
dockings
dockisation
dockisations
dockise
dockised
dockises
dockising
dockization
dockizations
dockize
dockized
dockizes
dockizing
docquet
docqueted
docqueting
docquets
doctorand
doctorands
doctorated
doctorating
doctoress
doctoresses
doctorial
doctorly
doctress
doctresses
doctrinarian
doctrinarianism
doctrinarianisms
doctrinarians
documentarisation
documentarisations
documentarise
documentarised
documentarises
documentarising
documentarization
documentarizations
documentarize
documentarized
documentarizes
documentarizing
dod
doddard
dodded
dodderier
dodderiest
doddier
doddies
doddiest
dodding
doddipoll
doddipolls
doddle
doddles
doddy
doddypoll
doddypolls
dodecagynian
dodecagynous
dodecandrous
dodecaphonism
dodecaphonisms
dodecastyle
dodecastyles
dodecasyllabic
dodecasyllable
dodecasyllables
dodgings
dodkin
dodkins
dodman
dodmans
dods
doek
doeks
doen
dogaressa
dogaressas
dogate
dogates
dogbolt
dogbolts
dogdays
dogeate
dogeates
dogfox
dogfoxes
doggeder
doggedest
doggerman
doggermen
doggess
doggesses
dogginess
dogginesses
doggings
doghole
dogholes
dogmatise
dogmatised
dogmatiser
dogmatisers
dogmatises
dogmatising
dogmatologies
dogmatology
dogmatory
dogship
dogships
dogshores
dogskin
dogskins
dogsleep
dogsleeps
dogtown
dogtowns
dogvane
dogvanes
doh
dohs
dohyo
dohyos
doiled
doilt
doilter
doiltest
doited
doitit
doitkin
doitkins
dolabriform
dolcelatte
dolcelattes
dolcemente
dolces
dolent
dolesomely
dolia
dolichocephal
dolichocephalism
dolichocephalisms
dolichocephalous
dolichocephals
dolichos
dolichoses
dolichuri
dolichurus
dolina
dolinas
doline
dolines
dolium
dollared
dollarisation
dollarisations
dollarization
dollarizations
dollarless
dollarocracies
dollarocracy
dollarship
dollarships
dolldom
dolldoms
dollhood
dollhoods
dollier
dolliers
dolliness
dollinesses
dolomitisation
dolomitisations
dolomitise
dolomitised
dolomitises
dolomitising
doloriferous
dolorific
dolphinaria
dolphinarium
dolphinariums
dolphinet
dolphinets
domainal
domanial
domatia
domatium
domesticable
domestical
domesticator
domesticators
domesticise
domesticised
domesticises
domesticising
domesticize
domesticized
domesticizes
domesticizing
domett
dometts
domier
domiest
dominancies
dominancy
dominatrixes
dominee
dominees
domy
donah
donahs
donaries
donary
donataries
donatary
donatism
donatisms
donatistic
donatistical
donatories
donatory
donder
dondered
dondering
donders
donged
donging
dongle
dongles
doning
donings
donnard
donnart
donnat
donnats
donnerd
donnered
donnert
donnes
donnism
donnisms
donnot
donnots
donship
donships
donsier
donsiest
donutted
donutting
donzel
donzels
doo
doob
doobs
doocot
doocots
doodah
doodahs
doofer
doofers
dook
dooked
dooket
dookets
dooking
dooks
dool
doolally
doole
dooles
dools
doomier
doomiest
doomsman
doomsmen
doomwatch
doomwatched
doomwatcher
doomwatchers
doomwatches
doomwatching
doomwatchings
doona
doonas
doorknock
doorknocked
doorknocker
doorknockers
doorknocking
doorknocks
doorn
doorns
doorsman
doorsmen
doorstepped
doorstepper
doorsteppers
doorstepping
doorsteppings
doorstone
doorstones
doos
dop
dopatta
dopattas
dopings
dopped
dopper
doppers
doppie
doppies
dopping
doppings
dopplerite
dopplerites
dops
dorad
dorads
doree
dorees
doridoid
doridoids
dorise
dorised
dorises
dorising
dorize
dorized
dorizes
dorizing
dorlach
dorlachs
dormants
dormient
dormition
dormitions
dormitive
dormitives
dorr
dorred
dorring
dorrs
dorse
dorser
dorsers
dorses
dorsibranchiate
dorsiferous
dorsifixed
dorsiflex
dorsiflexion
dorsiflexions
dorsigrade
dorsolumbar
dort
dorted
dorter
dorters
dortier
dortiest
dorting
dortour
dortours
dorts
dorty
doseh
dosehs
dosh
doshes
dosiologies
dosiology
dosologies
dosology
dosshouse
dosshouses
dotant
dotants
dotier
dotiest
dotings
dotish
dottipoll
dottipolls
dottled
dottler
dottlest
doty
douane
douanes
douanier
douaniers
douar
douars
doubletree
doubletrees
doublings
doubtfuls
doubtings
douc
douceness
doucenesses
doucepere
douceperes
doucer
doucest
doucet
doucets
doucine
doucines
doucs
doughfaced
doughiness
doughinesses
doughnutted
doughnutting
doughnuttings
douleia
douleias
doulocracies
doulocracy
doup
doups
dout
douted
douter
douters
douting
douts
doved
doveish
doveishness
doveishnesses
dovelet
dovelets
dover
dovered
dovering
dovers
dovetailings
dovie
dovier
doviest
doving
dowable
dowar
dowars
dowd
dowds
dowdyism
dowdyisms
dowellings
dowerless
dowf
dowfness
dowfnesses
dowie
dowier
dowiest
dowl
dowlas
dowlases
dowle
dowles
dowlne
dowlnes
dowlney
dowls
downa
downbow
downbows
downcasts
downflow
downflows
downforce
downforces
downhole
downiness
downinesses
downlighter
downlighters
downlooked
downmost
downrush
downrushes
downstair
downturned
dowp
dowps
dowset
dowsets
dowt
dowts
doxographer
doxographers
doxographies
doxography
dozened
dozening
dozenths
dozings
drabbers
drabbier
drabbiest
drabbiness
drabbinesses
drabbish
drabbler
drabblers
drabblings
drabby
drabette
drabettes
drabler
drablers
dracone
dracones
draconism
draconisms
draconites
dracontiases
dracontiasis
dracontic
dracunculi
dracunculus
drad
draffish
draghound
draghounds
dragoness
dragonesses
dragonise
dragonised
dragonises
dragonising
dragonism
dragonisms
dragonize
dragonized
dragonizes
dragonizing
dragonlike
dragonnade
dragonnades
dragonne
dragsman
dragsmen
drailed
drailing
drainable
draisene
draisenes
draisine
draisines
drakestone
drakestones
dramatical
dramaticism
dramaticisms
dramatisable
dramaturgist
dramaturgists
drammach
drammachs
drant
dranted
dranting
drants
drap
draperied
draperying
drapet
drapets
drapier
drapiers
drapped
drappie
drappies
drapping
drappy
draps
drastics
dratchell
dratchells
draughtboard
draughtboards
draughter
draughters
draughtiness
draughtinesses
draughtman
draughtmen
draughtsmanship
draughtsmanships
draunt
draunted
draunting
draunts
drawlingness
drawlingnesses
drazel
drazels
dreader
dreaders
dreadless
dreadlessly
dreadlessness
dreadlessnesses
dreadly
dreadnaught
dreadnaughts
dreamboat
dreamboats
dreameries
dreamery
dreamhole
dreamholes
dreamingly
dreamings
dreamwhile
dreamwhiles
dreare
drearer
dreares
drearest
drearihead
dreariheads
drearihood
drearihoods
dreariment
dreariments
drearing
drearings
drearisome
dreckier
dreckiest
dregginess
dregginesses
dreicher
dreichest
dreikanter
dreikanters
drent
drepanium
drepaniums
drere
dreres
drerihead
dreriheads
dressguard
dressguards
dressmade
dressmake
dressmakes
drevill
drevills
drey
dreys
dribber
dribbers
dribblier
dribbliest
drice
drices
dricksie
dricksier
dricksiest
driftless
driftpin
driftpins
drillship
drillships
drinkableness
drinkablenesses
drinkings
drisheen
drisheens
driveller
drivellers
drivethrough
drivethroughs
droger
drogers
drogher
droghers
droguet
droguets
droich
droichier
droichiest
droichs
droichy
droil
droiled
droiling
droils
drole
droler
droles
drolest
drollings
drollish
drome
dromedare
dromedares
dromes
dromic
dromical
dromoi
dromophobia
dromophobias
dromos
drongoes
dronier
droniest
dronishly
dronishness
dronishnesses
drony
droog
droogish
droogs
drook
drooked
drooking
drookings
drookit
drooks
droome
droomes
droopiness
droopinesses
dropflies
dropfly
dropple
dropples
dropstone
dropstones
dropwise
droseraceous
drosometer
drosometers
drossiness
drossinesses
drostdies
drostdy
drostdys
drouk
drouked
drouking
droukings
droukit
drouks
drouthier
drouthiest
drouthiness
drouthinesses
drouthy
drovings
drow
drownings
drows
drowsihead
drowsiheads
drowsihed
drowsiheds
drucken
druckenness
druckennesses
drudgism
drudgisms
drugger
druggers
druidess
druidesses
drumble
drumbled
drumbledor
drumbledors
drumbles
drumbling
drumlier
drumliest
drumly
drummock
drummocks
drupel
drupels
drusier
drusiest
drusy
druxier
druxiest
druxy
drybeat
drybeaten
drybeating
drybeats
dryings
drymouth
drymouths
dso
dsobo
dsobos
dsomo
dsomos
dsos
dualin
dualins
dualled
dualling
duan
duans
duar
duarchies
duarchy
duars
dubiosities
dubiosity
dubitably
dubitancies
dubitancy
dubitate
dubitated
dubitates
dubitating
dubitative
dubitatively
ducatoon
ducatoons
ducdame
duchesse
duckings
duckmole
duckmoles
duckshove
duckshoved
duckshover
duckshovers
duckshoves
duckshoving
ductileness
ductilenesses
dudder
dudderies
dudders
duddery
duddier
duddiest
dudheen
dudheens
dudism
dudisms
dued
dueful
duellings
duelsome
duett
duetti
duettino
duettinos
duettist
duettists
duetto
duettos
duetts
duffed
dufferdom
dufferdoms
dufferism
dufferisms
duffest
duffing
duffings
duing
dukeling
dukelings
dukeries
dukery
dukeship
dukeships
dukkeripen
dukkeripens
dulcamara
dulcamaras
dulcian
dulcians
dulcification
dulcifications
dulcifluous
dulciloquies
dulciloquy
dulcite
dulcites
dulcitol
dulcitols
dulcitude
dulcitudes
dulcose
dulcoses
dule
dules
dullier
dulliest
dulocracies
dulocracy
duloses
dulosis
dulotic
dumaist
dumaists
dumbledore
dumbledores
dumbo
dumbos
dumfounder
dumfoundered
dumfoundering
dumfounders
dummerer
dummerers
dummier
dummiest
dumminess
dumminesses
dumose
dumosities
dumosity
dumous
dumpbin
dumpbins
dumpies
dumpishly
dumpishness
dumpishnesses
dumple
dumpled
dumples
dumpster
dumpsters
duncedom
duncedoms
dunceries
duncery
dunch
dunched
dunches
dunching
dunder
dunderfunk
dunderfunks
dunderheadedness
dunderheadednesses
dunderheadism
dunderheadisms
dunderpate
dunderpates
dunders
dungeoner
dungeoners
dungmere
dungmeres
duniewassal
duniewassals
duniwassal
duniwassals
dunnakin
dunnakins
dunnart
dunnarts
dunnier
dunnies
dunniest
dunniewassal
dunniewassals
dunnings
dunnish
dunnock
dunnocks
dunny
dunsh
dunshed
dunshes
dunshing
dunt
dunted
dunting
dunts
duodecennial
duodenary
duodenectomies
duodenectomy
duodenitis
duodenitises
dupabilities
dupability
dupatta
dupattas
dupion
dupions
duplet
duplets
duplicand
duplicands
duplicature
duplicatures
duplied
duplies
duply
duplying
dupondii
dupondius
duppies
duppy
durals
duraluminium
duraluminiums
durant
durants
durational
durdum
durdums
dure
dured
dureful
dures
duresse
durgan
durgans
durgier
durgiest
durgy
duroy
duroys
durukuli
durukulis
dush
dushed
dushes
dushing
dusken
duskened
duskening
duskens
dusker
duskest
duskishly
duskishness
duskishnesses
duskly
duskness
dusknesses
dustcart
dustcarts
dustproof
dustsheet
dustsheets
dutches
duteously
duteousness
duteousnesses
dutied
duumviral
dux
duxes
duyker
duykers
dvandva
dvandvas
dvornik
dvorniks
dwale
dwales
dwalm
dwalmed
dwalming
dwalms
dwam
dwammed
dwamming
dwams
dwang
dwangs
dwaum
dwaumed
dwauming
dwaums
dwile
dwiles
dwindlement
dwindlements
dwine
dwined
dwines
dwining
dyeline
dyelines
dyester
dyesters
dyingly
dyingness
dyingnesses
dykier
dykiest
dynamicist
dynamicists
dynamise
dynamised
dynamises
dynamising
dynamitard
dynamitards
dynamize
dynamized
dynamizes
dynamizing
dynamogeneses
dynamogenesis
dynamogenies
dynamogeny
dynamograph
dynamographs
dynamometrical
dynastical
dyophysite
dyophysites
dyothelete
dyotheletes
dyotheletic
dyotheletical
dyotheletism
dyotheletisms
dyothelism
dyothelisms
dyothelite
dyothelites
dyothelitic
dyothelitical
dysaesthesia
dysaesthesias
dysaesthetic
dyschroa
dyschroas
dyschroia
dyschroias
dyscrasite
dyscrasites
dysgenics
dysgraphia
dysgraphias
dysgraphic
dysharmonic
dyslectic
dyslectics
dyslogies
dyslogy
dysmelia
dysmelias
dysmelic
dysmenorrheal
dysmenorrhoea
dysmenorrhoeal
dysmenorrhoeas
dysmenorrhoeic
dysmorphophobia
dysmorphophobias
dysodil
dysodile
dysodiles
dysodils
dysodyle
dysodyles
dyspareunia
dyspareunias
dyspathetic
dyspathies
dyspathy
dyspeptical
dysphagic
dysphagies
dysphagy
dysphonic
dyspnoeal
dyspnoeic
dyspraxia
dyspraxias
dystectic
dysteleological
dysteleologies
dysteleologist
dysteleologists
dysteleology
dysthesia
dysthesias
dysthetic
dysthymia
dysthymiac
dysthymiacs
dysthymias
dysthymic
dystrophia
dystrophias
dystrophin
dystrophins
dysuries
dysury
dytiscid
dytiscids
dyvour
dyvouries
dyvours
dyvoury
dzeren
dzerens
dzho
dzhos
dziggetai
dziggetais
dzo
dzos
ea
eachwhere
eadish
eadishes
eaglewood
eaglewoods
eale
eales
ean
eaned
eaning
eanling
eanlings
eans
earbash
earbashed
earbashes
earbashing
earbob
earbobs
earcon
earcons
eard
earded
earding
eards
earlierise
earlierised
earlierises
earlierising
earlierize
earlierized
earlierizes
earlierizing
earlies
earpick
earpicks
earst
earthfall
earthfalls
earthfast
earthflax
earthflaxes
earthlies
earthquaked
earthquaking
earthshattering
earthwax
earthwaxes
earthwolf
earthwolves
earthwoman
earthwomen
earwiggy
eas
easeless
easle
easles
eassel
easselgate
easselward
eassil
easted
easter
easterling
easterlings
eastermost
easterner
easterners
eastland
eastlin
eastling
eastlings
eastlins
eastmost
eatage
eatages
eatche
eatches
eathe
eathly
eau
eaus
eaux
eavesdrip
eavesdrips
eavesdroppings
ebbless
ebbtide
ebbtides
ebenezer
ebenezers
ebionise
ebionised
ebionises
ebionising
ebionism
ebionisms
ebionitic
ebionitism
ebionitisms
ebionize
ebionized
ebionizes
ebionizing
ebonics
ebonise
ebonised
ebonises
ebonising
ebonist
ebonists
eboulement
eboulements
ebracteate
ebracteolate
ebriate
ebriated
ebrieties
ebriety
ebrillade
ebrillades
ebriose
ebriosities
ebriosity
ebullioscope
ebullioscopes
ebullioscopic
ebullioscopical
ebullioscopically
ebullioscopies
ebullioscopy
eburnation
eburnations
eburnean
eburneous
eburnification
eburnifications
ecad
ecads
ecardinate
ecaudate
ecblasteses
ecblastesis
ecbole
ecboles
eccaleobion
eccaleobions
eccentrical
ecchymosed
ecclesiarch
ecclesiarchs
ecclesiast
ecclesiasts
ecclesiolater
ecclesiolaters
ecclesiolatries
ecclesiolatry
eccoprotic
eccoprotics
eccrinologies
eccrinology
eccrises
eccrisis
eccritic
eccritics
ech
echappe
echappes
eche
eched
eches
echidnine
echidnines
echinated
eching
echinodermal
echinuses
echoencephalogram
echoencephalograms
echoencephalographies
echoencephalography
echoise
echoised
echoises
echoising
echoist
echoists
echoize
echoized
echoizes
echoizing
echopraxes
echopraxia
echopraxias
echopraxis
eclampsies
eclampsy
eclose
eclosed
ecloses
eclosing
ecoclimate
ecoclimates
ecod
ecofriendly
econometrical
economisation
economisations
economiser
economisers
economism
economisms
economization
economizations
econut
econuts
ecophobia
ecophobias
ecorche
ecorches
ecossaise
ecossaises
ecostate
ecotoxic
ecotoxicologies
ecotoxicologist
ecotoxicologists
ecotoxicology
ecphoneses
ecphonesis
ecphractic
ecphractics
ecraseur
ecraseurs
ecstases
ecstasied
ecstasis
ecstasise
ecstasised
ecstasises
ecstasising
ecstasize
ecstasized
ecstasizes
ecstasizing
ecstasying
ecthlipses
ecthlipsis
ecthyma
ecthymas
ectoblast
ectoblastic
ectoblasts
ectocrine
ectocrines
ectodermic
ectoenzyme
ectoenzymes
ectogeneses
ectogenesis
ectogenetic
ectogenic
ectogenies
ectogenous
ectogeny
ectomorphies
ectomorphy
ectophyte
ectophytes
ectophytic
ectopies
ectoplastic
ectopy
ectozoa
ectozoan
ectozoans
ectozoic
ectozoon
ectropic
ectropion
ectropions
ectropium
ectropiums
ectypographies
ectypography
ecuelle
ecuelles
ecurie
ecuries
edaciously
edaciousness
edaciousnesses
edaphologies
edaphology
eddish
eddishes
edematose
edental
edgebone
edgebones
edictally
edificatory
edificial
edifyingly
editorialisation
editorialisations
editorialise
editorialised
editorialises
editorialising
edriophthalmian
edriophthalmic
edriophthalmous
educatabilities
educatability
educatory
educement
educements
edulcorant
edulcoration
edulcorations
edulcorative
edulcorator
edulcorators
eduskunta
eduskuntas
ee
eech
eeched
eeches
eeching
eek
eelfare
eelfares
eelwrack
eelwracks
een
eeven
eevens
eevn
eevning
eevnings
eevns
eff
effectible
effectless
effed
effeir
effeired
effeiring
effeirs
effeminated
effeminately
effeminateness
effeminatenesses
effeminating
effeminise
effeminised
effeminises
effeminising
effeminize
effeminized
effeminizes
effeminizing
effere
effered
efference
efferences
efferes
effering
effervescencies
effervescency
effervescible
effervescingly
efficience
efficiences
efficients
effierce
effierced
effierces
effiercing
effigurate
effiguration
effigurations
effing
effleurage
effleuraged
effleurages
effleuraging
effluvial
efforce
efforced
efforces
efforcing
effraide
effray
effrayed
effraying
effrays
effs
effulge
effulged
effulgently
effulges
effulging
effusiometer
effusiometers
eftest
egalities
egality
egally
egence
egences
egencies
egency
eger
egers
eggeries
eggery
eggier
eggiest
eggler
egglers
eggmass
eggmasses
eggwash
eggwashes
eglandular
eglandulose
eglatere
eglateres
egma
egmas
egoities
egoity
egotheism
egotheisms
egotise
egotised
egotises
egotising
egotize
egotized
egotizes
egotizing
egurgitate
egurgitated
egurgitates
egurgitating
ehed
ehing
ehs
eident
eidetics
eidograph
eidographs
eigenfunction
eigenfunctions
eigentone
eigentones
eighteenmo
eighteenmos
eighteenthly
eightfoil
eightfoils
eightfoot
eightpence
eightpences
eightpenny
eightscore
eightscores
eightsman
eightsmen
eightsome
eightsomes
eigne
eik
eiked
eiking
eiks
eild
eilding
eildings
eilds
eine
eirack
eiracks
eirenicon
eirenicons
eisel
eisell
eisells
eisels
ejaculative
ejectamenta
ekistician
ekisticians
ekka
ekkas
eklogite
eklogites
ekphrases
ekphrasis
elaborator
elaboratories
elaborators
elaboratory
elaeolite
elaeolites
elance
elanced
elances
elancing
elanet
elanets
elaphine
elastance
elastances
elasticate
elasticated
elasticates
elasticating
elasticise
elasticised
elasticises
elasticising
elasticize
elasticizes
elasticizing
elasticness
elasticnesses
elaterin
elaterins
elaterium
elateriums
elchee
elchees
elchi
elchis
eldin
elding
eldings
eldins
electioneerings
electivities
electivity
electoress
electoresses
electorial
electorship
electorships
electricals
electrifiable
electrisation
electrisations
electrise
electrised
electrises
electrising
electrization
electrizations
electrize
electrized
electrizes
electrizing
electrobiologies
electrobiologist
electrobiologists
electrobiology
electrocement
electrocements
electrochemic
electrochemist
electrochemists
electroculture
electrocultures
electroextraction
electroextractions
electroformings
electrogen
electrogens
electrogilding
electrogildings
electrograph
electrographies
electrographs
electrography
electrolier
electroliers
electrolyse
electrolysed
electrolysing
electromechanics
electromer
electromeric
electromerism
electromerisms
electromers
electrometallurgical
electrometallurgist
electrometallurgists
electrometric
electrometrical
electrometrically
electrometries
electrometry
electromotance
electromotances
electromotive
electromotor
electromotors
electronica
electronystagmographies
electronystagmography
electroplater
electroplaters
electroplatings
electropolar
electroscopic
electrosonde
electrosondes
electrotechnics
electrotechnologies
electrotechnology
electrotherapeutics
electrothermic
electrothermics
electrothermies
electrothermy
electrotint
electrotints
electrotypic
electrotypies
electrotypist
electrotypists
electrotypy
electrovalencies
electrovalency
electrovalent
elegiast
elegiasts
elegise
elegised
elegises
elegising
elementalism
elementalisms
elench
elenchs
elephantoid
eleutherarch
eleutherarchs
eleutheri
eleutherian
eleutherococcus
eleutherococcuses
eleutherodactyl
eleutheromania
eleutheromanias
eleutherophobia
eleutherophobias
eleutherophobic
eleutherophobics
elevatory
eleventhly
elfed
elfhood
elfhoods
elfing
elfland
elflands
elfs
eliad
eliads
eliminable
eliminant
eliminants
eliminatory
ellagic
ellipsograph
ellipsographs
ellops
ellopses
ellwand
ellwands
elmen
elmier
elmiest
elmwood
elmwoods
elmy
elocute
elocuted
elocutes
elocuting
elocutory
eloge
eloges
elogies
elogist
elogists
elogium
elogiums
elogy
eloigner
eloigners
eloignment
eloignments
eloiner
eloiners
eloinment
eloinments
elops
elopses
elpee
elpees
elsewhither
elsewise
elshin
elshins
elsin
elsins
elt
eltchi
eltchis
elts
elucidatory
eludible
elusoriness
elusorinesses
elutor
elutors
elvan
elvanite
elvanites
elvans
elytral
elytriform
elytrigerous
email
emailed
emailing
emails
emanant
emanational
emanatist
emanatists
emanatory
emancipatory
emancipist
emancipists
emarginated
emarginates
emarginating
emasculatory
embace
embaces
embacing
embail
embailed
embailing
embails
embale
embaled
embales
embaling
emball
emballed
emballing
emballings
emballs
embalmings
embanker
embankers
embar
embarcation
embarcations
embarquement
embarquements
embarred
embarring
embarrings
embars
embase
embased
embasement
embasements
embases
embasing
embassade
embassades
embassador
embassadors
embaste
embathe
embathed
embathes
embathing
embayld
embellishingly
embitterer
embitterers
embitterings
emblema
emblemata
emblematise
emblematised
emblematises
emblematising
emblematist
emblematists
emblemise
emblemised
emblemises
emblemising
emblemize
emblemized
emblemizes
emblemizing
emblic
emblics
embloom
embloomed
emblooming
emblooms
emblossom
emblossomed
emblossoming
emblossoms
embog
embogged
embogging
embogs
embogue
embogued
embogues
emboguing
emboil
emboiled
emboiling
emboils
emboitement
emboitements
emboldener
emboldeners
embolismal
emboluses
emborder
embordered
embordering
emborders
emboscata
emboscatas
embost
embound
embounded
embounding
embounds
embourgeoise
embourgeoised
embourgeoises
embourgeoising
embowelment
embowelments
embowerment
embowerments
embox
emboxed
emboxes
emboxing
embracingness
embracingnesses
embraid
embraided
embraiding
embraids
embranchment
embranchments
embrasor
embrasors
embrave
embraved
embraves
embraving
embrazure
embrazures
embread
embreaded
embreading
embreads
embreathe
embreathed
embreathes
embreathing
embrewe
embrewed
embrewes
embrewing
embrocate
embrocated
embrocates
embrocating
embroglio
embroglios
embruement
embruements
embrute
embruted
embrutes
embruting
embryologic
embryon
embryonate
embryons
embryotic
embryotomies
embryotomy
embryulcia
embryulcias
embus
embusied
embusies
embussed
embusses
embussing
embusy
embusying
eme
emendals
emendator
emendators
emendatory
emeraude
emeraudes
emergently
emeried
emerods
emerying
emes
emetical
emetin
emetins
emetophobia
emetophobias
emicant
emicate
emicated
emicates
emicating
emication
emications
emiction
emictions
emictory
emigrational
emigrationist
emigrationists
emigratory
eminential
emissile
emma
emmarble
emmarbled
emmarbles
emmarbling
emmas
emmenagogic
emmenologies
emmenology
emmesh
emmeshed
emmeshes
emmeshing
emmetrope
emmetropes
emmetropia
emmetropias
emmetropic
emmew
emmewed
emmewing
emmews
emmove
emmoved
emmoves
emmoving
emollescence
emollescences
emolliate
emolliated
emolliates
emolliating
emollition
emollitions
emolumental
emolumentary
emong
emonges
emongest
emongst
emoticon
emoticons
emotionable
emotivism
emotivisms
emove
emoved
emoves
emoving
empacket
empacketed
empacketing
empackets
empaestic
empaire
empaired
empaires
empairing
empalement
empalements
empanelment
empanelments
empanoplied
empanoplies
empanoply
empanoplying
emparadise
emparadised
emparadises
emparadising
empare
empared
empares
emparing
emparl
emparlaunce
emparlaunces
emparled
emparling
emparls
empart
emparted
emparting
emparts
empassionate
empassioned
empatron
empatroned
empatroning
empatrons
empayre
empayred
empayres
empayring
empeach
empeached
empeaches
empeaching
empeople
empeopled
empeoples
empeopling
emperce
emperced
emperces
empercing
emperise
emperised
emperises
emperish
emperished
emperishes
emperishing
emperising
emperize
emperized
emperizes
emperizing
emphatical
emphaticalness
emphaticalnesses
emphlyses
emphlysis
emphractic
emphractics
emphysemics
emphyteuses
emphyteusis
emphyteutic
empiecement
empiecements
empierce
empierced
empierces
empiercing
empight
empiricutic
emplaster
emplastered
emplastering
emplasters
emplastic
emplastics
empleach
empleached
empleaches
empleaching
emplecton
emplectons
emplonge
emplonged
emplonges
emplonging
emplume
emplumed
emplumes
empluming
empolder
empoldered
empoldering
empolders
empoverish
empoverished
empoverishes
empoverishing
emption
emptional
emptions
emptyings
emptyses
emptysis
empusa
empusas
empuse
empuses
empyeses
empyesis
empyreuma
empyreumata
empyreumatic
empyreumatical
empyreumatise
empyreumatised
empyreumatises
empyreumatising
empyreumatize
empyreumatized
empyreumatizes
empyreumatizing
emulatress
emulatresses
emule
emuled
emules
emulge
emulged
emulgence
emulgences
emulgent
emulges
emulging
emuling
emulsin
emulsins
emulsionise
emulsionised
emulsionises
emulsionising
emulsionize
emulsionized
emulsionizes
emulsionizing
emulsor
emulsors
emunction
emunctions
emunctories
emunctory
emunge
emunged
emunges
emunging
emure
emured
emures
emuring
emydes
emys
enaction
enactions
enacture
enactures
enallage
enallages
enameller
enamellers
enamellings
enamellist
enamellists
enantiodromia
enantiodromiacal
enantiodromias
enantiodromic
enantiomorphies
enantiomorphy
enantiopathies
enantiopathy
enantioses
enantiosis
enantiostylies
enantiostylous
enantiostyly
enantiotropic
enantiotropies
enantiotropy
enarch
enarched
enarches
enarching
enarm
enarmed
enarming
enarms
enarration
enarrations
enarthrodial
enarthroses
enarthrosis
enaunter
encaenias
encalm
encalmed
encalming
encalms
encanthis
encanthises
encarnalise
encarnalised
encarnalises
encarnalising
encarnalize
encarnalized
encarnalizes
encarnalizing
encarpus
encarpuses
encave
encaved
encaves
encaving
encephalic
encephalin
encephaline
encephalines
encephalins
encephalitises
encephalocele
encephaloceles
encephaloid
encephalomyelitises
encephalons
encephalotomies
encephalotomy
encephalous
enchafe
enchafed
enchafes
enchafing
encharge
encharged
encharges
encharging
encharm
encharmed
encharming
encharms
encheason
encheasons
encheer
encheered
encheering
encheers
encheiridion
encheiridions
enchiridions
enchondroma
enchondromas
enchondromata
enchorial
encincture
encinctured
encinctures
encincturing
encirclings
enclaved
enclaving
enclises
enclisis
enclitically
encloister
encloistered
encloistering
encloisters
enclothe
enclothed
enclothes
enclothing
encloud
enclouded
enclouding
enclouds
encoignure
encoignures
encolour
encoloured
encolouring
encolours
encolpion
encolpions
encolpium
encolpiums
encolure
encolures
encomiastical
encomiastically
encomion
encouragings
encradle
encradled
encradles
encradling
encraties
encraty
encrease
encreased
encreases
encreasing
encrinal
encrinic
encrinital
encrinite
encrinites
encrinitic
encroachingly
encrustment
encrustments
encumberment
encumberments
encurtain
encurtained
encurtaining
encurtains
encyclopedian
encyclopedical
encystation
encystations
endamagement
endamagements
endangerer
endangerers
endart
endarted
endarting
endarts
endearingness
endearingnesses
endeavourment
endeavourments
endecagon
endecagons
endeictic
endeixes
endeixis
endeixises
endemial
endemical
endemiologies
endemiology
endenizen
endenizened
endenizening
endenizens
endermatic
endermical
enderon
enderons
endew
endewed
endewing
endews
endiron
endirons
endlang
endoblast
endoblasts
endocardiac
endochylous
endocrinal
endocrinic
endocritic
endodermic
endodyne
endogamic
endomixes
endophagies
endophagous
endophagy
endophyllous
endoplastic
endopleura
endopleuras
endoradiosonde
endoradiosondes
endorhizal
endosarc
endosarcs
endosmometer
endosmometers
endosmometric
endosmose
endosmoses
endosmosis
endosmotic
endosmotically
endospermic
endoss
endossed
endosses
endossing
endozoa
endozoon
endship
endships
endungeon
endungeoned
endungeoning
endungeons
endurableness
endurablenesses
endurer
endurers
ene
energetical
energic
energiser
energisers
energumen
energumens
enervative
enerve
enerved
enerves
enerving
enes
enew
enewed
enewing
enews
enfacement
enfacements
enfelon
enfeloned
enfeloning
enfelons
enfested
enfestered
enfierce
enfierced
enfierces
enfiercing
enfiled
enfire
enfired
enfires
enfiring
enfix
enfixed
enfixes
enfixing
enflesh
enfleshed
enfleshes
enfleshing
enflower
enflowered
enflowering
enflowers
enfoldment
enfoldments
enforcedly
enforest
enforested
enforesting
enforests
enform
enformed
enforming
enforms
enfouldered
enfree
enfreed
enfreedom
enfreedomed
enfreedoming
enfreedoms
enfreeing
enfrees
enfreeze
enfreezes
enfreezing
enfrosen
enfroze
enfrozen
engagingness
engagingnesses
engaol
engaoled
engaoling
engaols
engarrison
engarrisoned
engarrisoning
engarrisons
engenderer
engenderers
engenderment
engenderments
engendrure
engendrures
engendure
engendures
engilt
enginer
enginers
engiscope
engiscopes
englobe
englobed
englobes
englobing
engloom
engloomed
englooming
englooms
engobe
engobes
engore
engored
engores
engoring
engouement
engouements
engouled
engoument
engouments
engrace
engraced
engraces
engracing
engraff
engraffed
engraffing
engraffs
engraftation
engraftations
engrailment
engrailments
engrainer
engrainers
engramma
engrammas
engrammatic
engrasp
engrasped
engrasping
engrasps
engraven
engraveries
engravery
engrieve
engrieved
engrieves
engrieving
engroove
engrooved
engrooves
engrooving
enguard
enguarded
enguarding
enguards
engulph
engulphed
engulphing
engulphs
engyscope
engyscopes
enhancive
enharmonical
enhearse
enhearsed
enhearses
enhearsing
enhearten
enheartened
enheartening
enheartens
enhunger
enhungered
enhungering
enhungers
enhydrite
enhydrites
enhydritic
enhydros
enhydroses
enhydrous
enhypostasia
enhypostasias
enhypostatic
enhypostatise
enhypostatised
enhypostatises
enhypostatising
enhypostatize
enhypostatized
enhypostatizes
enhypostatizing
eniac
eniacs
enigmatise
enigmatised
enigmatises
enigmatising
enigmatist
enigmatists
enigmatize
enigmatized
enigmatizes
enigmatizing
enigmatographies
enigmatography
enjamb
enjambing
enjambs
enjoinment
enjoinments
enkephaline
enkephalines
enkernel
enkernelled
enkernelling
enkernels
enlard
enlarded
enlarding
enlards
enlargedly
enlargedness
enlargednesses
enlargen
enlargened
enlargening
enlargens
enleve
enlevement
enlevements
enlight
enlighted
enlighting
enlights
enlink
enlinked
enlinking
enlinks
enlit
enlivener
enliveners
enlivenment
enlivenments
enlock
enlocked
enlocking
enlocks
enlumine
enlumined
enlumines
enlumining
enmew
enmewed
enmewing
enmews
enmossed
enmove
enmoved
enmoves
enmoving
ennage
ennages
enneagon
enneagonal
enneagons
enneahedra
enneahedral
enneahedron
enneahedrons
enneandrian
enneandrous
enneastyle
ennuied
ennuyed
ennuying
enodal
enomoties
enomoty
enorm
enoses
enprint
enprints
enquiration
enquirations
enquirer
enquirers
enrace
enraced
enraces
enracing
enragement
enragements
enranckle
enranckled
enranckles
enranckling
enrange
enranged
enranges
enranging
enrank
enranked
enranking
enranks
enraunge
enraunged
enraunges
enraunging
enravish
enravished
enravishes
enravishing
enregiment
enregimented
enregimenting
enregiments
enrheum
enrheumed
enrheuming
enrheums
enridged
enring
enringed
enringing
enrings
enriven
enrolment
enrolments
enrough
enroughed
enroughing
enroughs
enround
enrounded
enrounding
enrounds
ensampled
ensampling
ensanguinated
ensate
enschedule
enscheduled
enschedules
enscheduling
enseal
ensealed
ensealing
enseals
enseam
enseamed
enseaming
enseams
ensear
enseared
ensearing
ensears
ensepulchre
ensepulchred
ensepulchres
ensepulchring
ensew
ensewed
ensewing
ensews
enshell
enshelled
enshelling
enshells
enshelter
ensheltered
ensheltering
enshelters
enshield
enshielded
enshielding
enshields
ensigned
ensigning
ensignship
ensignships
ensilageing
ensoulment
ensoulments
enstamp
enstamped
enstamping
enstamps
enstatite
enstatites
ensteep
ensteeped
ensteeping
ensteeps
enstructured
enstyle
enstyled
enstyles
enstyling
enswathement
enswathements
ensweep
ensweeping
ensweeps
enswept
entablement
entablements
entame
entamed
entames
entaming
entayle
entayled
entayles
entayling
entender
entendered
entendering
entenders
enterate
enterchaunge
enterchaunged
enterchaunges
enterchaunging
enterdeale
enterdeales
enterectomies
enterectomy
enterics
enterings
enterocele
enteroceles
enterocenteses
enterocentesis
enterolith
enteroliths
enteropneust
enteropneustal
enteropneusts
enteroptoses
enteroptosis
enterotomies
enterotomy
enterprised
enterprisingly
entertainings
entertake
entertaken
entertakes
entertaking
entertissued
entertook
enthetic
enthraldom
enthraldoms
enthralment
enthralments
enthronisation
enthronisations
enthronise
enthronised
enthronises
enthronising
enthronization
enthronizations
enthronize
enthronized
enthronizes
enthronizing
enthusiastical
enthymematical
enticeable
enticings
entitative
entoblast
entoblasts
entoilment
entoilments
entomic
entomologise
entomologised
entomologises
entomologising
entomologize
entomologized
entomologizes
entomologizing
entomophagies
entomophagy
entomostracan
entomostracans
entomostracous
entophytal
entophyte
entophytes
entophytic
entophytous
entopic
entoplastral
entoplastron
entoplastrons
entoptic
entoptics
entotic
entrail
entrailed
entrailing
entrainement
entrainements
entrall
entralles
entrammel
entrammelled
entrammelling
entrammels
entrapper
entrappers
entreasure
entreasured
entreasures
entreasuring
entreatable
entreative
entremes
entremesse
entremesses
entrepreneuse
entrepreneuses
entrism
entrisms
entrist
entrists
entrold
entropium
entropiums
entryism
entryisms
entryist
entryists
enunciative
enunciatory
enuredness
enurednesses
enurement
enurements
enureses
envassal
envassalled
envassalling
envassals
envault
envaulted
envaulting
envaults
enveigle
enveigled
enveigles
enveigling
envermeil
envermeiled
envermeiling
envermeils
environics
envisagement
envisagements
envoyship
envoyships
envyings
enwall
enwalled
enwalling
enwallow
enwallowed
enwallowing
enwallows
enwalls
enwrapment
enwrapments
enwrappings
enzian
enzians
enzone
enzoned
enzones
enzoning
eoan
eolienne
eoliennes
eolipile
eolipiles
eonism
eonisms
eorl
eorls
eosinophilous
eothen
epacrid
epacrids
epacris
epacrises
epaenetic
epagoge
epagoges
epagogic
epagomenal
epainetic
epanadiploses
epanadiplosis
epanalepses
epanalepsis
epanaphora
epanaphoras
epanodos
epanodoses
epanorthoses
epanorthosis
eparchate
eparchates
epaule
epaulement
epaulements
epaules
epaxial
epedaphic
epeira
epeiras
epeirid
epeirids
epeirogeneses
epeirogenesis
epeirogenetic
epencephala
epencephalic
epencephalon
epencephalons
epeolatries
epeolatry
ephebophilia
ephebophilias
ephebos
ephelides
ephelis
ephemeridian
ephemerist
ephemerists
ephemeron
ephemerous
ephialtes
ephoralties
ephoralty
epicanthi
epicanthic
epicanthus
epicede
epicedes
epicedial
epicedian
epicentre
epicentres
epicheirema
epicheiremas
epicism
epicisms
epicist
epicists
epicleses
epiclesis
epicondyle
epicondyles
epicondylitis
epicondylitises
epicurise
epicurised
epicurises
epicurising
epicurize
epicurized
epicurizes
epicurizing
epideictic
epideictical
epidendrone
epidendrones
epidiorite
epidiorites
epidosite
epidosites
epidotisation
epidotisations
epidotised
epidotization
epidotizations
epidotized
epidurals
epigaeal
epigaean
epigaeous
epigamic
epigastria
epigastrium
epigenesist
epigenesists
epigeneticist
epigeneticists
epigenetics
epigrammatical
epigrammatise
epigrammatised
epigrammatises
epigrammatising
epigraphed
epigraphing
epilate
epilated
epilates
epilating
epilator
epilators
epileptical
epilobium
epilobiums
epilogic
epilogise
epilogised
epilogises
epilogising
epilogist
epilogistic
epilogists
epilogize
epilogized
epilogizes
epilogizing
epiloguise
epiloguised
epiloguises
epiloguising
epiloguize
epiloguized
epiloguizes
epiloguizing
epimeletic
epinastic
epinastically
epineural
epinician
epinicion
epinicions
epinikian
epinikion
epinikions
epinosic
epipetalous
epiphenomenalist
epiphenomenalists
epiphonema
epiphonemas
epiphyllous
epiphytal
epiphytical
epiplastra
epiplastral
epiplastron
epiploic
epiploon
epiploons
epipolic
epipolism
epipolisms
epirrhema
epirrhemas
epirrhematic
episcopalian
episcopalianism
episcopalianisms
episcopalians
episcopalism
episcopalisms
episcopant
episcopants
episcopated
episcopating
episcopies
episcopise
episcopised
episcopises
episcopising
episcopize
episcopized
episcopizes
episcopizing
episcopy
episematic
episemon
episemons
episepalous
episodal
episodial
epispastic
epispastics
episperm
episperms
epispore
epispores
epistaxises
epistemics
episterna
episternal
episternum
episternums
epistilbite
epistilbites
epistled
epistling
epistolarian
epistolarians
epistolatory
epistolet
epistolets
epistolic
epistolical
epistolise
epistolised
epistolises
epistolising
epistolist
epistolists
epistolize
epistolized
epistolizes
epistolizing
epistolographies
epistolography
epitaphed
epitapher
epitaphers
epitaphian
epitaphing
epitaphist
epitaphists
epitheliums
epithem
epithema
epithemata
epithems
epithermal
epitheses
epithesis
epitheted
epitheting
epitheton
epithetons
epithymetic
epitomiser
epitomisers
epitomist
epitomists
epitomizer
epitomizers
epitonic
epitrachelion
epitrachelions
epitrite
epitrites
epitrochoid
epitrochoids
epizeuxes
epizeuxis
epizeuxises
epizoan
epizoans
epocha
epochas
epodic
eponychia
eponychium
eponychiums
epopoeia
epopoeias
epopt
epopts
eprom
eproms
eprouvette
eprouvettes
epsomite
epsomites
epulary
epulation
epulations
epulides
epulis
epulises
epulotic
epulotics
epurate
epurated
epurates
epurating
epuration
epurations
epyllion
epyllions
equalisation
equalisations
equalness
equalnesses
equanimous
equanimously
equant
equants
equatorially
equatorials
equestrianism
equestrianisms
equiangularities
equiangularity
equibalance
equibalanced
equibalances
equibalancing
equidifferent
equidistance
equidistances
equilibrities
equilibrity
equimultiple
equimultiples
equinal
equinia
equinias
equinoctially
equipaged
equipaging
equiparate
equiparated
equiparates
equiparating
equiparation
equiparations
equipollencies
equipollency
equiponderance
equiponderances
equiponderate
equiponderated
equiponderates
equiponderating
equipotent
equiprobabilities
equiprobability
equisetaceous
equisetic
equisetiform
equivalve
equivocatory
eradiation
eradiations
eradicative
erasement
erasements
erathem
erathems
erbia
erbias
erective
ered
eremacausis
eremacausises
eremic
eremital
eres
erethismic
erethistic
erethitic
erf
ergatandromorph
ergatandromorphs
ergataner
ergataners
ergate
ergates
ergativities
ergativity
ergatocracies
ergatocracy
ergatogyne
ergatogynes
ergatoid
ergatomorph
ergatomorphic
ergatomorphs
ergogram
ergograms
ergomania
ergomaniac
ergomaniacs
ergomanias
ergophobia
ergophobias
ergotise
ergotised
ergotises
ergotising
ergotize
ergotizes
ergotizing
eriach
eriachs
eric
erick
ericks
erics
ering
eringo
eringoes
eringos
erinite
erinites
eriometer
eriometers
erionite
erionites
eriophorous
eriophorum
eriophorums
erk
erks
ermelin
ermelins
erned
erning
erodent
erodents
erodium
erodiums
erostrate
erotema
erotemas
eroteme
erotemes
eroteses
erotesis
erotetic
eroticise
eroticised
eroticises
eroticising
erotogenous
erotomania
erotomaniac
erotomaniacs
erotomanias
erotophobia
erotophobias
errable
erringly
errings
errorist
errorists
erubescence
erubescences
erubescencies
erubescency
erubescent
erubescite
erubescites
eruciform
eructate
eructated
eructates
eructating
erudites
eruptional
eruptiveness
eruptivenesses
eruptivities
eruptivity
ervalenta
ervalentas
erven
eryngium
eryngiums
erysipelatous
erythemal
erythematic
erythrina
erythrinas
erythritic
erythroleukaemia
erythroleukaemias
erythropenia
erythropenias
erythrophobia
erythrophobias
es
escalado
escaladoes
escallonia
escallonias
escalope
escalopes
escapable
escapado
escapadoes
escapeless
escarmouche
escarmouches
eschatologic
eschatologist
eschatologists
escheatage
escheatages
escheatment
escheatments
escheator
escheators
eschewer
eschewers
eschscholtzia
eschscholtzias
eschscholzia
eschscholzias
esclandre
esclandres
escopette
escopettes
escortage
escortages
escotted
escotting
escribe
escribed
escribes
escribing
escritorial
escrol
escroll
escrolls
escrols
escuage
escuages
escutcheoned
esemplasies
esemplasy
esile
esiles
eskies
esky
esloin
esloined
esloining
esloins
esloyne
esloyned
esloynes
esloyning
esne
esnecies
esnecy
esnes
esotericist
esotericists
esoteries
esoterism
esoterisms
esotery
espagnole
espagnoles
espagnolette
espagnolettes
esquiress
esquiresses
essayette
essayettes
essayish
esse
essive
essives
essoiner
essoiners
essoyne
essoynes
est
estacade
estacades
estafette
estafettes
estanciero
estancieros
estated
estatesman
estatesmen
estating
esthesiogen
esthesiogenic
esthesiogens
estipulate
estoc
estocs
estoile
estoiles
estoppage
estoppages
estover
estrade
estrades
estramazone
estramazones
estrangedness
estrangednesses
estrangelo
estrangelos
estranghelo
estranghelos
estrapade
estrapades
estrepe
estreped
estrepement
estrepements
estrepes
estreping
estrich
estriches
estridge
estridges
estrildid
estrildids
ests
estuarian
esuriencies
esuriency
etacism
etacisms
etaerio
etaerios
eten
etens
etepimeletic
eternalisation
eternalisations
eternalise
eternalised
eternalises
eternalising
eternalist
eternalists
eternalization
eternalizations
eternisation
eternisations
eternise
eternised
eternises
eternising
ethal
ethals
ethe
etheostomine
ethercap
ethercaps
etherealisation
etherealisations
etherealise
etherealised
etherealises
etherealising
ethereous
etherial
etherical
etherification
etherifications
etherion
etherions
etherisation
etherisations
etherise
etherised
etherises
etherising
etherism
etherisms
etherist
etherists
etheromania
etheromaniac
etheromaniacs
etheromanias
ethicise
ethicised
ethicises
ethicising
ethicism
ethicisms
ethiops
ethiopses
ethnarchies
ethnarchy
ethnicism
ethnicisms
ethnobotanically
ethnocentrically
ethnocide
ethnocides
ethnographica
ethnolinguist
ethnolinguistic
ethnolinguistics
ethnolinguists
ethnologically
ethologic
ethologically
ethylamine
ethylamines
etiolin
etiolins
etna
etnas
etrier
etriers
ettercap
ettercaps
ettin
ettins
ettle
ettled
ettles
ettling
etwee
etwees
etymic
etymologicon
etymologicons
etymologicum
etymologicums
etypic
etypical
eubacteria
eubacterium
eucain
eucains
eucaryon
eucaryons
eucaryot
eucaryotic
eucaryots
eucharistical
euchloric
euchlorine
euchlorines
euchologia
euchologies
euchologion
euchology
eucyclic
eudaemonia
eudaemonias
eudaemonic
eudaemonics
eudaemonies
eudaemony
eudemonism
eudemonisms
eudialyte
eudialytes
euge
eugenecist
eugenecists
eugenism
eugenisms
eugh
eughen
eughs
euharmonic
euhemerise
euhemerised
euhemerises
euhemerising
euhemeristically
euhemerize
euhemerized
euhemerizes
euhemerizing
euk
eukaryon
eukaryons
eukaryot
eukaryots
euked
euking
euks
eulachan
eulachans
eulogistical
eumelanin
eumelanins
eumerism
eumerisms
eunuchise
eunuchised
eunuchises
eunuchising
eunuchize
eunuchized
eunuchizes
eunuchizing
eunuchoidism
eunuchoidisms
euoi
euonymin
euonymins
euouae
euouaes
eupad
eupads
eupepsies
eupepsy
eupepticities
eupepticity
euphausiacean
euphausiaceans
euphausid
euphausids
euphobia
euphobias
euphon
euphonia
euphonias
euphonical
euphonise
euphonised
euphonises
euphonising
euphonism
euphonisms
euphonize
euphonized
euphonizes
euphonizing
euphons
euphorbiaceous
euphorbium
euphorbiums
euphories
euphory
euphroe
euphroes
euphuise
euphuised
euphuises
euphuising
euphuize
euphuized
euphuizes
euphuizing
eurekas
eurhythmical
eurhythmist
eurhythmists
euripuses
europeanise
europeanised
europeanises
europeanising
europeanize
europeanized
europeanizes
europeanizing
euroterminal
euroterminals
eurypteroid
eurypteroids
eurytherm
eurytherms
eurythmical
eurythmist
eurythmists
eusol
eusols
eusporangiate
eustacies
eustacy
eustasies
eustasy
eustyle
eustyles
eutaxies
eutaxite
eutaxites
eutaxitic
eutaxy
eutexia
eutexias
euthanasiast
euthanasiasts
euthanasies
euthanasy
eutrapelia
eutrapelias
eutrapelies
eutrapely
eutropic
eutropies
eutropous
eutropy
evacuator
evacuators
evagation
evagations
evaginate
evaginated
evaginates
evaginating
evanescently
evangeliar
evangeliaries
evangeliarion
evangeliarions
evangeliarium
evangeliariums
evangeliars
evangeliary
evangelicalism
evangelicalisms
evangelicalness
evangelicalnesses
evangelicals
evangelicism
evangelicisms
evangelies
evangelisation
evangelisations
evangelise
evangelised
evangelises
evangelising
evangelistaries
evangelistarion
evangelistarions
evangelistary
evangely
evanishment
evanishments
evanition
evanitions
evaporabilities
evaporability
evaporable
evaporimeter
evaporimeters
evaporograph
evaporographs
evaporometer
evaporometers
evasible
evejar
evejars
evented
eventer
eventers
eventing
eventings
eventrate
eventrated
eventrates
eventrating
eventration
eventrations
eventualise
eventualised
eventualises
eventualising
eventualize
eventualized
eventualizes
eventualizing
everydays
everyway
everywhen
everywhence
everywhither
evet
evets
evhoe
evidents
evincement
evincements
evincibly
evirate
evirated
evirates
evirating
eviscerator
eviscerators
evitate
evitated
evitates
evitating
evitation
evitations
evite
evited
eviternal
eviternally
eviternities
eviternity
evites
eviting
evocate
evocated
evocates
evocating
evocatory
evoe
evohe
evolue
evolues
evoluted
evoluting
evolutional
evolutionistic
evolutive
evolvent
evovae
evovaes
evulgate
evulgated
evulgates
evulgating
evulse
evulsed
evulses
evulsing
ewest
ewftes
ewghen
ewhow
ewk
ewked
ewking
ewks
ewt
ewts
exacerbescence
exacerbescences
exactment
exactments
exactress
exactresses
exalbuminous
exaltedness
exaltednesses
examinabilities
examinability
examinate
examinates
examinator
examinators
examinership
examinerships
examplar
examplars
exanimation
exanimations
exarate
exaration
exarations
exarchist
exarchists
exasperative
exasperator
exasperators
excamb
excambed
excambing
excambion
excambions
excambium
excambiums
excambs
excarnate
excarnated
excarnates
excarnating
excarnation
excarnations
excaudate
excentric
excentrics
exceptant
exceptants
exceptionals
exceptious
exceptless
exceptor
exceptors
excerptible
excerptings
exchangeably
excheat
excheats
exchequered
exchequering
excitancies
excitancy
excitedness
excitednesses
exclamational
exclamative
exclaustration
exclaustrations
exclosure
exclosures
excludee
excludees
exclusionism
exclusionisms
exclusory
excogitator
excogitators
excommunicable
excommunicatory
excommunion
excommunions
excorticate
excorticated
excorticates
excorticating
excortication
excortications
excrementitial
excrescential
excretive
excretories
excubant
exculpable
excurse
excursed
excurses
excursing
excursioned
excursioning
excursionise
excursionised
excursionises
excursionising
excursionize
excursionized
excursionizes
excursionizing
excusal
excusals
excusive
exeat
exeats
execratively
execratory
executancies
executancy
executively
executorship
executorships
executress
executresses
executries
executry
exeem
exeemed
exeeming
exeems
exegetically
exegetics
exeme
exemed
exemes
exeming
exemplifiable
exemplificative
exemplifier
exemplifiers
exequatur
exequaturs
exergual
exfoliator
exfoliators
exhalable
exhedra
exhedrae
exheredate
exheredated
exheredates
exheredating
exheredation
exheredations
exhibiter
exhibiters
exhibitively
exhilarant
exhilarants
exhilarator
exhilarators
exhilaratory
exhumate
exhumated
exhumates
exhumating
exies
exigents
exilement
exilements
exilities
exility
eximiously
exitance
exitances
exode
exoderm
exodermal
exoderms
exodes
exodic
exodist
exodists
exogenetic
exomion
exomions
exomis
exomises
exonerator
exonerators
exonym
exonyms
exophagies
exophagous
exophagy
exophthalmia
exophthalmias
exoplasm
exoplasms
exopod
exopodite
exopodites
exopoditic
exopods
exorabilities
exorability
exoration
exorations
exorbitancies
exorbitancy
exorbitate
exorbitated
exorbitates
exorbitating
exorcizer
exorcizers
exosmose
exosmoses
exosmosis
exosmotic
exospherical
exosporal
exosporous
exoterical
exotericism
exotericisms
expansibly
expansile
expatiative
expatiator
expatiators
expatiatory
expectatives
expecter
expecters
expectingly
expectings
expectorative
expectorator
expectorators
expedientially
expeditate
expeditated
expeditates
expeditating
expeditation
expeditations
expeditely
expeditive
expellant
expellants
expellent
expellents
experienceless
experientialism
experientialisms
experientialist
experientialists
experimentalise
experimentalised
experimentalises
experimentalising
experimentalize
experimentalized
experimentalizes
experimentalizing
experimentative
experimentist
experimentists
expertised
expertising
expirable
expirant
expirants
expiscate
expiscated
expiscates
expiscating
expiscation
expiscations
expiscatory
explicits
exploitage
exploitages
explorationist
explorationists
explosible
exponible
exposable
exposal
exposals
exposedness
exposednesses
expositively
expositress
expositresses
expostulative
expostulator
expostulators
exposture
expostures
expressness
expressnesses
expressure
expressures
exprobrate
exprobrated
exprobrates
exprobrating
exprobration
exprobrations
exprobrative
exprobratory
expromission
expromissions
expromissor
expromissors
expropriable
expugn
expugnable
expugnation
expugnations
expugned
expugning
expugns
expunct
expuncted
expuncting
expuncts
expurge
expurged
expurges
expurging
exsanguine
exsanguined
exsanguineous
exsanguinities
exsanguinity
exsanguinous
exsection
exsections
exsiccant
exsiccative
exsiccator
exsiccators
exstipulate
exsuccous
exsufflate
exsufflated
exsufflates
exsufflating
exsufflation
exsufflations
exsufflicate
extasies
extasy
extatic
extemporariness
extemporarinesses
extempores
extendant
extendibilities
extendibility
extense
extensification
extensifications
extensimeter
extensimeters
extensionalism
extensionalisms
extensionist
extensionists
extensivization
extensivizations
extenuatingly
extenuatings
extenuative
exteriorisation
exteriorisations
exterminable
exterminative
externalist
externalists
extincture
extinctures
extine
extines
extinguishant
extinguishants
extirp
extirpable
extirpative
extirpatories
extirpatory
extirped
extirping
extirps
extold
extorsive
extorsively
extracanonical
extractant
extractants
extractible
extradotal
extrafloral
extraforaneous
extralimitary
extrametrical
extraneities
extraneity
extranet
extranets
extraordinaries
extrapolatory
extrapose
extraposed
extraposes
extraposing
extraposition
extrapositions
extratropical
extraught
extravagation
extravagations
extraversive
extraverting
extreat
extreats
extrinsical
extrinsicalities
extrinsicality
extrorsal
extroversive
extroverting
extrusible
extrusory
exuberancies
exuberancy
exul
exulcerate
exulcerated
exulcerates
exulcerating
exulceration
exulcerations
exuls
eyalet
eyalets
eyebrowed
eyebrowing
eyebrowless
eyeleted
eyeleteer
eyeleteers
eyeleting
eyeliad
eyeliads
eyeshadow
eyeshadows
eyliad
eyliads
eyne
eyot
eyots
fab
fabaceous
fabber
fabbest
fablings
fabricative
fabricked
fabricking
fabulise
fabulised
fabulises
fabulising
fabulize
fabulized
fabulizes
fabulizing
fabulosities
fabulosity
faburden
faburdens
faceman
facemen
faceworker
faceworkers
facinerious
facinorous
facinorousness
facinorousnesses
faconne
faconnes
facsimiled
facsimileing
facsimilist
facsimilists
factice
factices
factionalist
factionalists
factionaries
factionary
factionist
factionists
factis
factises
factive
factorabilities
factorability
factorings
factorisation
factorisations
factorise
factorised
factorises
factorising
factum
factums
facundities
facundity
faddiness
faddinesses
faddle
faddled
faddles
faddling
fadedness
fadednesses
fadelessly
fadge
fadged
fadges
fadging
fadier
fadiest
fady
faff
faffed
faffing
faffs
fagaceous
faggeries
faggery
faggings
fagotti
fagottist
fagottists
fagotto
fah
fahlband
fahlbands
fahlerz
fahlerzes
fahlore
fahlores
fahs
faible
faibles
faik
faiked
faikes
faiking
faiks
faine
faineance
faineances
faineancies
faineancy
faineantise
faineantises
fained
faines
faining
fainites
fainly
fainness
fainnesses
fains
faintier
faintiest
faintings
fainty
fairily
fairnitickle
fairnitickles
fairniticle
fairniticles
fairnytickle
fairnytickles
fairnyticle
fairnyticles
fairydom
fairydoms
fairyhood
fairyhoods
fairytale
fairytales
faithcure
faithcures
faithworthiness
faithworthinesses
faithworthy
faitor
faitors
faix
fakement
fakements
fakirism
fakirisms
falafels
falaj
falangism
falangisms
falangist
falangists
falbala
falbalas
falcade
falcades
falcation
falcations
falcula
falculas
falculate
faldage
faldages
faldetta
faldettas
faldistories
faldistory
fallalishly
fallibilism
fallibilisms
fallibilist
fallibilists
fallings
fallower
fallowest
falsed
falsers
falses
falsidical
falsing
falsish
falsism
falsisms
falterings
fameless
famoused
famouses
famousing
famuluses
fanal
fanals
fanaticise
fanaticised
fanaticises
fanaticising
fanciable
fanciless
fand
fandangle
fandangles
fandangoes
fanded
fanding
fands
fanfarade
fanfarades
fanfared
fanfaring
fanfaron
fanfarona
fanfaronaded
fanfaronading
fanfaronas
fanfarons
fanging
fangle
fangled
fangles
fangless
fangling
fango
fangos
fank
fankle
fankled
fankles
fankling
fanks
fannel
fannell
fannells
fannels
fannings
fantad
fantads
fantailed
fantasque
fantasques
fantasticism
fantasticisms
fantastries
fantastry
fanteeg
fanteegs
fantigue
fantigues
fantoosh
fap
faradisation
faradisations
faradise
faradised
faradises
faradising
faradization
faradizations
farand
farandine
farandines
farawayness
farawaynesses
faraways
farborough
farboroughs
farcied
farcified
farcifies
farcify
farcifying
farcin
farcings
farcins
fardage
fardages
farden
fardens
fardings
farfet
farle
farles
farmeress
farmeresses
farmeries
farmery
farmost
farnesol
farnesols
farragos
farrand
farrandine
farrandines
farrant
farred
farren
farrens
farring
fars
farse
farsed
farses
farsing
farthel
farthels
farthermore
farthingland
farthinglands
farthingless
farthingsworth
farthingsworths
fartlek
fartleks
fasci
fascio
fasciola
fasciolas
fasciole
fascioles
fasheries
fashery
fashionist
fashionists
fashionmongering
fashionmonging
fashious
fashiousness
fashiousnesses
fasters
fasti
fastigiated
fastigium
fastigiums
fastish
fastly
fatbrained
fatherlessness
fatherlessnesses
fathership
fatherships
fathometer
fathometers
fatidically
fatigableness
fatigablenesses
fatigate
fatigated
fatigates
fatigating
fatiguable
fatiguableness
fatiguablenesses
fatiscence
fatiscences
fatiscent
fatsia
fatsias
fattenings
fattism
fattisms
fattist
fattists
fattrels
fatuitous
fatwah
fatwahing
fatwahs
fatwaing
fauchion
fauchions
fauchon
fauchons
faulchin
faulchins
faulchion
faulchions
faultful
faunist
faunists
faurd
faustian
fautor
fautors
fauvette
fauvettes
fauxbourdon
fauxbourdons
favel
favell
faveolate
faver
favest
favoredness
favorednesses
favorless
favose
favourable
favourableness
favourablenesses
favourably
favouredness
favourednesses
favourer
favourers
favourite
favourites
favouritism
favouritisms
favourless
favous
favrile
favriles
faw
fawningness
fawningnesses
fawnings
faws
fayence
fayences
fayer
fayest
fayne
fayned
faynes
fayning
fayre
fayres
fazendeiro
fazendeiros
feague
feagued
feagues
feaguing
fealed
fealing
feals
feare
feares
fearnought
fearnoughts
feasibleness
feasiblenesses
feastful
feastings
feated
feateous
feateously
featheriness
featherinesses
feating
featous
featuous
featurely
feblesse
feblesses
febricities
febricity
febricula
febriculas
febricule
febricules
febrifacient
febrifugal
febrilities
febrility
fecht
fechter
fechters
fechting
fechts
fecial
feck
fecks
feculas
feculencies
feculency
fedarie
fedaries
fedelini
fedelinis
federalisation
federalisations
federalise
federalised
federalises
federalising
federarie
federaries
federary
feebled
feebles
feebling
feedings
feelbad
feelbads
feelgood
feelgoods
feelingless
feer
feered
feerin
feering
feerings
feerins
feers
feese
feesed
feeses
feesing
feetless
feezed
feezing
fegaries
fegary
fegs
fehm
fehme
fehmic
feignedly
feignedness
feignednesses
feignings
feinter
feintest
feis
feiseanna
felafels
feldgrau
feldgraus
feldspath
feldspathoid
feldspathoids
feldspaths
felicia
felicias
fellwalker
fellwalkers
felonous
felsic
felspathic
felspathoid
felspathoids
felstone
felstones
felter
feltered
feltering
felters
feltier
feltiest
felty
femal
femalities
femality
femals
femerall
femeralls
femetaries
femetary
feminal
feminalities
feminality
femineities
femineity
feminilities
feminility
femininism
femininisms
feminisation
feminisations
femiter
femiters
fencibles
fendier
fendiest
fendy
fenestella
fenestellas
fenestrals
fenestras
feni
fenis
fenitar
fenitars
fenks
fenman
fenmen
fennier
fennies
fenniest
fennish
fent
fents
feod
feodal
feodaries
feodary
feods
feracious
feracities
feracity
feralised
feralized
ferer
ferest
ferlied
ferlier
ferliest
ferlying
ferm
fermentabilities
fermentability
fermentativeness
fermentativenesses
fermentescible
fermentitious
fermentive
ferms
fernbird
fernbirds
ferning
fernings
fernitickle
fernitickles
ferniticle
ferniticles
fernshaw
fernshaws
ferntickle
ferntickled
ferntickles
fernticle
fernticled
fernticles
fernytickle
fernytickles
fernyticle
fernyticles
ferrandine
ferrandines
ferrel
ferrels
ferricyanogen
ferricyanogens
ferrocyanogen
ferrocyanogens
ferrogram
ferrograms
ferrographies
ferrography
ferroniere
ferronieres
ferronniere
ferronnieres
ferroprussiate
ferroprussiates
ferrosoferric
ferrugineous
ferrugo
ferrugos
fertiler
fertilest
fertilisation
fertilisations
fertilise
fertilised
fertiliser
fertilisers
fertilises
fertilising
ferulaceous
ferventer
ferventest
fervescent
fervider
fervidest
fervidities
fervidity
fervorous
fest
festals
festilogies
festilogy
festination
festinations
festivous
festologies
festology
fests
festschrift
festschrifts
fet
fetiche
fetichise
fetichised
fetichises
fetichising
fetichist
fetichistic
fetichists
fetichize
fetichized
fetichizes
fetichizing
feticidal
fetider
fetidest
fetishise
fetishised
fetishises
fetishising
fetishize
fetishized
fetishizes
fetishizing
fetlocked
fets
fett
fetta
fettas
fetted
fetterless
fetterlock
fetterlocks
fetting
fettler
fettlers
fetts
fettuccines
fettucines
fettucinis
fetwa
fetwas
feuar
feuars
feudalisation
feudalisations
feudalise
feudalised
feudalises
feudalising
feudaries
feudary
feudings
feutre
feutred
feutres
feutring
fewmet
fewmets
fewter
fewtered
fewtering
fewters
feyed
feying
feys
fiancailles
fianchetti
fiar
fiars
fiated
fiating
fiaunt
fiaunts
fibberies
fibbery
fiberless
fibred
fibreless
fibrescope
fibrescopes
fibriform
fibrilla
fibrillae
fibrillary
fibrillin
fibrillins
fibrillose
fibrillous
fibrinous
fibro
fibrocartilage
fibrocartilages
fibrocement
fibrocements
fibrocyte
fibrocytes
fibroline
fibrolines
fibrolite
fibrolites
fibros
fibrose
fibrosed
fibrosing
fibster
fibsters
fickled
fickles
fickling
ficos
fictor
fictors
fiddious
fiddioused
fiddiouses
fiddiousing
fiddlewood
fiddlewoods
fiddley
fiddleys
fiddlier
fiddliest
fidgetier
fidgetiest
fidibus
fidibuses
fieldboots
fieldings
fieldmice
fieldmouse
fieldsman
fieldsmen
fieldvole
fieldvoles
fieldward
fieldwards
fieldworker
fieldworkers
fient
fients
fier
fiere
fieres
fiest
fifteener
fifteeners
fifteenthly
figgeries
figgery
fightable
fightback
fightbacks
fightings
figo
figos
figuline
figulines
figurabilities
figurability
figurable
figurate
figurework
figureworks
figurist
figurists
fike
fiked
fikeries
fikery
fikes
fikier
fikiest
fiking
fikish
fiky
filabeg
filabegs
filaceous
filacer
filacers
filander
filanders
filarias
filasse
filasses
filatories
filatory
filazer
filazers
filberd
filberds
filchingly
filchings
filemot
filemots
filename
filenames
filfot
filfots
filibusterings
filibusterism
filibusterisms
filibusterous
filicinean
filigrain
filigrains
filigrane
filigranes
filioque
filioques
filipendulous
fillibeg
fillibegs
fillipeen
fillipeens
fillister
fillisters
filmish
filoplume
filoplumes
filopodia
filopodium
filoselle
filoselles
filtrabilities
filtrability
fimble
fimbles
fimbriates
fimbriating
fimicolous
finalism
finalisms
financialist
financialists
financiered
financiering
finched
findram
findrams
fineer
fineered
fineering
fineers
fineish
fineless
finers
finesser
finessers
finessings
fingan
fingans
fingerbowl
fingerbowls
fingerglass
fingerglasses
fingerguard
fingerguards
fingerhole
fingerholes
fingerless
fingermark
fingermarks
fingerplate
fingerplates
fingerstall
fingerstalls
finicalities
finicality
finicketier
finicketiest
finickety
finickings
finikin
finishings
finjan
finjans
finnac
finnack
finnacks
finnacs
finnan
finnans
finner
finners
finnesko
finnochio
finnochios
finnock
finnocks
finnsko
finocchio
finocchios
finsko
fiorin
fiorins
fippence
fippences
firecrest
firecrests
firefloat
firefloats
firelighter
firelighters
firemark
firemarks
firepan
firepans
fireproofings
firescreen
firescreens
fireship
fireships
firewall
firewalls
firewoman
firewomen
fireworm
fireworms
firk
firked
firking
firks
firlot
firlots
firmless
firrier
firriest
firring
firrings
fisgig
fisgigs
fishball
fishballs
fishburger
fishburgers
fisheyes
fishful
fishified
fishifies
fishify
fishifying
fishiness
fishinesses
fishskin
fishskins
fishyback
fishybacks
fisk
fisked
fisking
fisks
fisnomie
fisnomies
fissicostate
fissilingual
fissiparism
fissiparisms
fissiparities
fissiparity
fissiparously
fissipede
fissipedes
fissirostral
fissive
fissle
fissled
fissles
fissling
fistiana
fistical
fisticuff
fistier
fistiest
fistmele
fistmeles
fistulose
fisty
fitche
fitchee
fitchy
fitlier
fitliest
fitt
fitte
fittes
fitts
fivefinger
fivefingers
fivepence
fivepences
fivepenny
fivepin
fixature
fixatures
fixive
fixure
fixures
fiz
fizzen
fizzenless
fizzens
fizzgig
fizzgigs
fizzings
flabellation
flabellations
flabellums
flaccider
flaccidest
flaccidness
flaccidnesses
flacker
flackered
flackering
flackers
flacket
flackets
flaff
flaffed
flaffer
flaffered
flaffering
flaffers
flaffing
flaffs
flagellator
flagellators
flagellatory
flagelliferous
flagelliform
flagellomania
flagellomaniac
flagellomaniacs
flagellomanias
flagginess
flagginesses
flagitate
flagitated
flagitates
flagitating
flagitation
flagitations
flakies
flaks
flamboyante
flamboyantes
flameless
flamelet
flamelets
flamfew
flamfews
flaminical
flamm
flammed
flammiferous
flamming
flamms
flammulated
flammulation
flammulations
flammule
flammules
flanch
flanched
flanches
flanching
flanchings
flanconade
flanconades
flankered
flankering
flannelboard
flannelboards
flannelgraph
flannelgraphs
flannen
flannens
flapperhood
flapperhoods
flapperish
flappings
flaptrack
flaptracks
flarier
flariest
flary
flaser
flasers
flashbacked
flashbacking
flashest
flashforward
flashforwarded
flashforwarding
flashforwards
flatback
flatbacks
flatpack
flatpacks
flatshare
flatshares
flatterous
flatterously
flatties
flattings
flatty
flatuous
flaught
flaughted
flaughter
flaughtered
flaughtering
flaughters
flaughting
flaughts
flaunch
flaunched
flaunches
flaunching
flaunchings
flaune
flaunes
flavescent
flavorous
flavourings
flavourless
flavoursome
flawn
flawns
fleamarket
fleamarkets
fleasome
flecker
fleckered
fleckering
fleckers
fleckless
fledgeling
fledgelings
fledgier
fledgiest
fledgy
fleeceless
fleechings
fleechment
fleechments
fleerer
fleerers
fleerings
fleg
flegged
flegging
flegs
fleme
flemes
fleming
flemish
flemished
flemishes
flemishing
flemit
fleshhood
fleshhoods
fleshings
fleshless
fleshliness
fleshlinesses
fleshling
fleshlings
fleshmonger
fleshmongers
fleshworm
fleshworms
fletton
flettons
fleuret
fleurets
fleurette
fleurettes
fleuron
fleurons
flewed
flexibleness
flexiblenesses
flexihours
flichter
flichtered
flichtering
flichters
flickertail
flickertails
flimp
flimped
flimping
flimps
flinchingly
flinchings
flinder
flindersia
flindersias
flintified
flintifies
flintify
flintifying
flippantness
flippantnesses
flirtingly
flirtings
flirtish
flisk
flisked
fliskier
fliskiest
flisking
flisks
flisky
flite
flited
flites
fliting
flitt
flittern
flitterns
flittings
flix
flixed
flixes
flixing
floatable
floatant
floatants
floatingly
floatings
floccillation
floccillations
floccinaucinihilipilification
floccinaucinihilipilifications
floccular
flocculence
flocculences
floggings
floodings
floodlightings
floodmark
floodmarks
floodtide
floodtides
floodwall
floodwalls
floorhead
floorheads
floptical
flor
floreated
florence
florences
florentine
florentines
floridean
florideans
florideous
florider
floridest
florier
floriest
floriform
floristics
flors
floruited
floruiting
flory
floscular
floscule
floscules
flosculous
flosh
floshes
flossings
flotant
flote
flotel
flotels
flotes
flourier
flouriest
flourishy
flouse
floused
flouses
floush
floushed
floushes
floushing
flousing
floutingly
floutingstock
floutingstocks
flowerings
flowingness
flowingnesses
fluate
fluates
fluellin
fluellins
fluence
fluences
fluentness
fluentnesses
fluents
fluework
flueworks
fluey
flugel
flugelman
flugelmen
flugels
fluidified
fluidifies
fluidify
fluidifying
fluidisation
fluidisations
fluidise
fluidised
fluidises
fluidising
fluier
fluiest
flunkeydom
flunkeydoms
flunkeyish
flunkeyism
flunkeyisms
fluoridise
fluoridised
fluoridises
fluoridising
fluoridize
fluoridized
fluoridizes
fluoridizing
fluorotype
fluorotypes
flurr
flurred
flurring
flurrs
flushier
flushiest
flushings
flushy
flusterment
flusterments
flustery
flustrate
flustrated
flustrates
flustrating
flustration
flustrations
flutemouth
flutemouths
flutina
flutinas
fluvialist
fluvialists
fluviatic
fluxionary
fluxionist
fluxionists
fluxive
flybane
flybanes
flybook
flybooks
flyest
flymaker
flymakers
flype
flyped
flypes
flyping
flypitch
flypitcher
flypitchers
flypitches
flyposting
flypostings
flyte
flyted
flytes
foalfoot
foalfoots
foamingly
foamings
focalisation
focalisations
focalise
focalised
focalises
focalising
focimeter
focimeters
focusings
fodderer
fodderers
fodderings
foedarie
foedaries
foen
foeticidal
foeticide
foeticides
foetider
foetidest
foetidness
foetidnesses
foetoscopies
foetoscopy
fogash
fogashes
fogeydom
fogeydoms
fogeyish
fogeyism
fogeyisms
fogle
fogles
fogman
fogmen
fogram
fogramite
fogramites
fogramities
fogramity
fograms
fogydom
fogydoms
fohs
foid
foids
foilborne
foilings
foiningly
foisonless
foister
foisters
foldings
foliature
foliatures
foliolate
foliole
folioles
foliolose
folkland
folklands
folliculated
folliculose
folliculous
follied
follying
fomes
fon
fonctionnaire
fonctionnaires
fondlings
fone
fonly
fonned
fonning
fons
fontange
fontanges
fonticuli
fonticulus
fontinalis
fontinalises
fontlet
fontlets
foodful
foodism
foodisms
foody
foolbegged
foolhardier
foolhardiest
foolhardise
foolhardised
foolhardises
foolhardising
foolhardize
foolhardized
foolhardizes
foolhardizing
foolings
footballene
footballenes
footballing
footballist
footballists
footbar
footbars
footbreadth
footbreadths
footguards
footlight
footlings
footmuff
footmuffs
footpage
footpages
footplate
footplateman
footplatemen
footplates
footplatewoman
footplatewomen
footpost
footposts
footra
footras
footrot
footrots
footrule
footrules
footsloggings
footstalk
footstalks
footstooled
footwears
footwell
footwells
foozlings
fopling
foplings
foraminated
foraminiferous
forane
forasmuch
forbearant
forbearingly
forbiddal
forbiddals
forbiddenly
forbiddingness
forbiddingnesses
forbiddings
forcedness
forcednesses
forcepses
forcibilities
forcibility
forcipate
forcipated
forcipation
forcipations
foreanent
forebitt
forebitter
forebitters
forebitts
forebodement
forebodements
foreby
forecabin
forecabins
forecar
forecarriage
forecarriages
forecars
forechosen
foreclosable
forecloth
forecloths
forecourse
forecourses
foredamned
foredate
foredated
foredates
foredating
forefeelingly
foregleam
foregleams
foregoings
foregoneness
foregonenesses
forehent
forehenting
forehents
forejudgement
forejudgements
forejudgment
forejudgments
foreking
forekings
foreknowable
foreknowingly
forel
forelaid
forelain
forelay
forelaying
forelays
forelend
forelending
forelends
forelent
forelie
forelies
forelift
forelifted
forelifting
forelifts
forels
forelying
foremastman
foremastmen
foremean
foremeaning
foremeans
foremeant
forementioned
forenight
forenights
forensicalities
forensicality
forepayment
forepayments
foreplan
foreplanned
foreplanning
foreplans
forepoint
forepointed
forepointing
forepoints
foreread
forereading
forereadings
forereads
foresay
foresaying
foresays
foreseeingly
foreshadowings
foreshew
foreshewed
foreshewing
foreshewn
foreshews
foreship
foreships
foreshortenings
foresightless
foresignified
foresignifies
foresignify
foresignifying
foreskirt
foreskirts
foreslack
foreslacked
foreslacking
foreslacks
foreslow
foreslowed
foreslowing
foreslows
forespend
forespending
forespends
forespent
forestair
forestairs
forestallings
forestalment
forestalments
foresteal
forestine
foretaught
foreteach
foreteaches
foreteaching
foreteeth
forethink
forethinker
forethinkers
forethinking
forethinks
foretokenings
foretooth
forevouched
foreward
forewards
forewarnings
foreweigh
foreweighed
foreweighing
foreweighs
forewind
forewinds
forfair
forfaired
forfairing
forfairn
forfairs
forfaiter
forfaiters
forfaiting
forfaitings
forfault
forfaultable
forfaulted
forfaulter
forfaulters
forfaulting
forfaults
forfaulture
forfaultures
forfeuchen
forfex
forfexes
forficate
forficulate
forfoughen
forfoughten
forgeman
forgemen
forgetteries
forgettery
forgettingly
forgettings
forgottenness
forgottennesses
forhaile
forhailed
forhailes
forhailing
forhent
forhenting
forhents
forhoo
forhooed
forhooie
forhooied
forhooieing
forhooies
forhooing
forhoos
forhow
forhowed
forhowing
forhows
forinsec
forinsecal
forisfamiliate
forisfamiliated
forisfamiliates
forisfamiliating
forisfamiliation
forisfamiliations
forjaskit
forjeskit
forkedness
forkednesses
forkhead
forkheads
forkiness
forkinesses
forktail
forktails
forlana
forlanas
forlend
forlending
forlends
forlent
forlese
forleses
forlesing
forlore
forlorns
formalisation
formalisations
formated
formating
formational
formiate
formiates
formicant
formicaria
formicarium
formicate
formication
formications
formings
formol
formols
formular
formularisation
formularisations
formularise
formularised
formularises
formularising
formularistic
formulise
formulised
formulises
formulising
formulism
formulisms
formulist
formulists
fornenst
fornent
fornicatress
fornicatresses
forpet
forpets
forpine
forpined
forpines
forpining
forpit
forpits
forrad
forray
forrayed
forraying
forrays
forren
forrit
forsaid
forsakenly
forsakenness
forsakennesses
forsakings
forsay
forsaying
forsays
forslack
forslacked
forslacking
forslacks
forsloe
forsloed
forsloeing
forsloes
forslow
forslowed
forslowing
forslows
forspeak
forspeaking
forspeaks
forspend
forspending
forspends
forspoke
forspoken
forswatt
forswink
forswinked
forswinking
forswinks
forswonck
forswornness
forswornnesses
forswunk
forted
fortepianist
fortepianists
forthcame
forthcome
forthcomes
forthgoing
forthgoings
forthink
forthinking
forthinks
forthought
forthy
fortifiable
fortilage
fortilages
forting
fortississimo
fortitudinous
fortlet
fortlets
fortuitism
fortuitisms
fortuitist
fortuitists
fortuneless
fortunize
fortunized
fortunizes
fortunizing
forwander
forwandered
forwandering
forwanders
forwardings
forwarn
forwarned
forwarning
forwarns
forwaste
forwasted
forwastes
forwasting
forwearied
forwearies
forweary
forwearying
forzandi
forzati
forzato
forzatos
fossed
fossickings
fossilisation
fossilisations
fossor
fossors
fossula
fossulae
fossulate
fosterings
fostress
fostresses
fother
fothered
fothergilla
fothergillas
fothering
fothers
fouat
fouats
foud
foudrie
foudries
foudroyant
fouds
fouer
fouest
fouet
fouets
fougade
fougades
fougasse
fougasses
foughtier
foughtiest
foughty
foulder
fouldered
fouldering
foulders
foulmart
foulmarts
foumart
foumarts
foundationer
foundationers
founderous
foundings
foundress
foundresses
fountainless
fountful
fourchette
fourchettes
fourfoldness
fourfoldnesses
fourpence
fourpences
fourpennies
fourpenny
fourscorth
fourses
fourteenthly
fous
foussa
foussas
foustier
foustiest
fousty
fouter
foutered
foutering
fouters
fouth
fouths
foutra
foutras
foutre
foutred
foutres
foutring
fowth
fowths
foxberries
foxberry
foxings
foxshark
foxsharks
foxship
foxships
foyle
foyled
foyles
foyling
foyne
foyned
foynes
foyning
fozier
foziest
foziness
fozinesses
fozy
frab
frabbed
frabbing
frabbit
frabjously
frabs
frack
fracking
frackings
fract
fractalities
fractality
fracting
fractionalisation
fractionalisations
fractionalise
fractionalised
fractionalises
fractionalising
fractionalism
fractionalisms
fractionalist
fractionalists
fractionary
fractionisation
fractionisations
fractionise
fractionised
fractionises
fractionising
fractionization
fractionizations
fractionize
fractionized
fractionizes
fractionizing
fractionlet
fractionlets
fractographies
fractography
fracts
fragilely
fragileness
fragilenesses
fragiler
fragilest
fragor
fragors
fragranced
fragrancing
fragrantness
fragrantnesses
frailish
frailtee
frailtees
fraim
fraims
fraised
fraising
framboesia
framboesias
frampal
frampler
framplers
frampold
franchisement
franchisements
francomania
francomanias
francophil
francophile
francophiles
francophils
francophobe
francophobes
francophobia
francophobias
frangipanis
franion
franions
frankalmoign
frankalmoigns
franticly
franzier
franziest
franzy
frappee
frascati
frascatis
fratch
fratches
fratchety
fratchier
fratchiest
fratching
fratchy
frateries
fraternisation
fraternisations
fraternise
fraternised
fraterniser
fraternisers
fraternises
fraternising
fratery
fratries
fratry
frau
fraudful
fraudfully
fraudsman
fraudsmen
fraudster
fraudsters
fraudulencies
fraudulency
fraughtage
fraughtages
fraughter
fraughtest
fraus
frautage
frautages
freakful
frecklings
freebooteries
freebootery
freebooties
freebootings
freebooty
freeloadings
freemason
freemasonic
freemasons
freephone
freephones
freesheet
freesheets
freet
freetier
freetiest
freets
freety
freeware
freewares
freewheelings
freewoman
freewomen
freezable
freezings
freit
freitier
freitiest
freits
freity
fremd
fremds
fremescence
fremescences
fremescent
fremit
fremits
frenetical
frenetics
frenne
frenzical
freon
freons
frescade
frescades
frescoings
frescoist
frescoists
fresherdom
fresherdoms
freshers
freshish
freshmanship
freshmanships
frettings
friableness
friablenesses
friarbird
friarbirds
fribblish
fricadel
fricadels
fricandeaux
fricht
frichted
frichting
frichts
fridged
fridging
friendings
friezed
friezing
frigatoon
frigatoons
friges
frigger
friggers
friggings
frighteners
frightsome
frigider
frigidest
frigot
frigots
frikkadel
frikkadels
frillies
frillings
fringeless
fringillaceous
fringillid
fringilliform
fringilline
fripper
fripperer
fripperers
frippers
fris
friska
friskas
friskful
friskingly
friskings
frist
fristed
fristing
frists
fritflies
fritfly
frithborh
frithborhs
frithgild
frithgilds
frithsoken
frithsokens
frithstool
frithstools
frize
frizing
frockings
frockless
frogbit
frogbits
froggeries
froggery
froggings
froglet
froglets
frogling
froglings
frogmarch
frogmarched
frogmarches
frogmarching
frogmouth
frogmouths
froideur
froideurs
froise
froises
frolicsomely
frolicsomeness
frolicsomenesses
fromenties
fromenty
frondage
frondages
frondent
frondescence
frondescences
frondescent
frondiferous
frontager
frontagers
frontiered
frontiering
frontierswoman
frontierswomen
frontlessly
frontman
frontmen
frontoon
frontoons
frontways
frontwise
froren
frorn
frorne
frory
frostbound
frostless
frostlike
frotheries
frothery
frothless
froughier
froughiest
froughy
frowards
frowie
frowier
frowiest
frowster
frowsters
frowstiness
frowstinesses
frowy
fructan
fructans
fructed
fructiferous
fructive
fructivorous
fructuaries
fructuary
fructuate
fructuated
fructuates
fructuating
fructuation
fructuations
frugalist
frugalists
frugiferous
fruict
fruicts
fruiteress
fruiteresses
fruiteries
fruitery
fruitings
fruitive
frumentaceous
frumentarious
frumentation
frumentations
frumped
frumping
frumple
frumpled
frumples
frumpling
frush
frushed
frushes
frushing
frust
frusts
frutex
frutices
frutified
frutifies
frutify
frutifying
fryings
fubberies
fubbery
fubbier
fubbiest
fubby
fuchsite
fuchsites
fuckings
fucused
fuddler
fuddlers
fuddlings
fuero
fueros
fuff
fuffed
fuffier
fuffiest
fuffing
fuffs
fuffy
fugaciousness
fugaciousnesses
fughetta
fughettas
fugie
fugies
fugitation
fugitations
fulcrate
fulfillings
fulfilment
fulfilments
fulgencies
fulgency
fulgid
fulgor
fulgorous
fulgors
fulgour
fulgours
fulgural
fuliginosities
fuliginosity
fullage
fullages
fullam
fullams
fullan
fullans
fullish
fulminants
fulminatory
fulmineous
fulminous
fulsomer
fulsomest
fulvid
fum
fumado
fumadoes
fumados
fumage
fumages
fumatoria
fumatorium
fumatoriums
fumerole
fumeroles
fumette
fumettes
fumigatory
fumosities
fumosity
fumous
fums
funambulate
funambulated
funambulates
funambulating
funambulation
funambulations
funambulator
funambulators
funambulatory
funboard
funboards
functionate
functionated
functionates
functionating
fundable
fundamentalities
fundamentality
funder
funders
fundholder
fundholders
fundholding
fundie
fundies
fundings
fundis
fundless
fundy
funebral
funebrial
funest
fung
fungistatically
fungoidal
fungosities
fungosity
fungs
funiculate
funkhole
funkholes
funster
funsters
furacious
furaciousness
furaciousnesses
furacities
furacity
fural
furals
furcal
furciferous
furder
furfair
furfairs
furfuraceous
furfuraldehyde
furfuraldehydes
furfurol
furfurole
furfuroles
furfurols
furfurous
furfurs
furibund
furiosities
furiosity
furiosos
furiousness
furiousnesses
furlana
furlanas
furnaced
furnacing
furniment
furniments
furnishment
furnishments
furol
furole
furoles
furols
furphies
furphy
furr
furries
furriness
furrinesses
furrs
furth
furthcoming
furthcomings
furthersome
furuncular
furunculous
fusarol
fusarole
fusaroles
fusarols
fusc
fushion
fushionless
fushions
fusillation
fusillations
fusionism
fusionisms
fusionless
fust
fustanella
fustanellas
fusted
fustet
fustets
fustianise
fustianised
fustianises
fustianising
fustianist
fustianists
fustianize
fustianized
fustianizes
fustianizing
fustilarian
fustilarians
fustilirian
fustilirians
fustillirian
fustillirians
fustilugs
fusting
fustoc
fustocs
fusts
futchel
futchels
futiler
futilest
futurition
futuritions
fuzzle
fuzzled
fuzzles
fuzzling
fy
fyked
fyking
fyle
fyled
fyles
fyling
fynbos
fynboses
fyrd
fyrds
fytte
fyttes
gabbard
gabbards
gabbart
gabbarts
gabblement
gabblements
gabblings
gabbroitic
gabeller
gabellers
gaberlunzie
gaberlunzies
gabionade
gabionades
gabionage
gabionages
gabioned
gablet
gablets
gabnash
gabnashes
gade
gades
gadge
gadges
gadgie
gadgies
gadi
gadis
gadje
gadjes
gadling
gadlings
gadsman
gadsmen
gadso
gadsos
gaelicise
gaelicised
gaelicises
gaelicising
gaelicism
gaelicisms
gaelicize
gaelicized
gaelicizes
gaelicizing
gaffings
gagglings
gaid
gaids
gaillard
gaillarde
gainest
gainings
gainless
gainlessness
gainlessnesses
gainsayings
gainstrive
gainstriven
gainstrives
gainstriving
gainstrove
gair
gairfowl
gairfowls
gairs
gaitt
gaitts
gajo
gajos
galabea
galabeah
galabeahs
galabeas
galabiah
galabiahs
galactagogue
galactagogues
galactometer
galactometers
galactophorous
galactopoietic
galactorrhoea
galactorrhoeas
galactosaemia
galactosaemias
galage
galages
galanga
galangas
galant
galapago
galapagos
galdragon
galdragons
galengale
galengales
galenoid
galeopithecine
galeopithecoid
galette
galettes
galimatias
galimatiases
galiongee
galiongees
gallabea
gallabeah
gallabeahs
gallabeas
gallabia
gallabiah
gallabiahs
gallabias
gallabieh
gallabiehs
gallabiya
gallabiyah
gallabiyahs
gallabiyas
gallabiyeh
gallabiyehs
gallanter
gallantest
gallantness
gallantnesses
galliambic
galliambics
galliardise
galliardises
gallicise
gallicised
gallicises
gallicising
gallinazo
gallinazos
gallise
gallised
gallises
gallising
gallisise
gallisised
gallisises
gallisising
gallisize
gallisized
gallisizes
gallisizing
gallivat
gallivats
galliwasp
galliwasps
gallize
gallized
gallizes
gallizing
galloglass
galloglasses
gallooned
gallopaded
gallopading
gallow
gallowed
gallowing
gallowsness
gallowsnesses
gallsickness
gallsicknesses
gallumph
gallumphed
gallumphing
gallumphs
galoche
galoched
galoches
galoching
galopin
galopins
galopped
galopping
galoshing
galowses
galravage
galravaged
galravages
galravaging
galravitch
galravitched
galravitches
galravitching
galtonia
galtonias
galumpher
galumphers
galut
galuth
galuths
galuts
galvanisation
galvanisations
galvaniser
galvanisers
galvanist
galvanists
galvanometries
galvanometry
galvanoplastic
galvanoplasties
galvanoplasty
gamash
gamashes
gambadoed
gambadoing
gambet
gambets
gambetta
gambettas
gambist
gambists
gambited
gambiting
gamblings
gambo
gambogian
gambogic
gambos
gambroon
gambroons
gamesier
gamesiest
gamesy
gametal
gaminerie
gamineries
gaminesque
gammatia
gammation
gamme
gammerstang
gammerstangs
gammes
gammock
gammocked
gammocking
gammocks
gammonings
gamogeneses
gamogenesis
gamophyllous
gamosepalous
gamotropic
gamotropism
gamotropisms
gampish
gamyness
gamynesses
ganch
ganched
ganches
ganching
ganderism
ganderisms
gane
gangboard
gangboards
gangbusting
gangbustings
gangings
gangliate
gangliated
gangliform
gangsman
gangsmen
gangsta
gangstas
gangsterland
gangsterlands
gannetries
gannetry
ganoin
ganoine
ganoines
ganoins
gansey
ganseys
gant
ganted
ganting
gants
gaoleress
gaoleresses
gapeseed
gapeseeds
gapings
gapo
gapos
garagings
garagist
garagiste
garagistes
garagists
garbe
garbes
garblings
garbo
garbologies
garbologist
garbologists
garbology
garbos
garbure
garbures
garcinia
garcinias
garda
gardai
gardants
gardenings
gardyloos
gare
garefowl
garefowls
gargarise
gargarised
gargarises
gargarising
gargarism
gargarisms
gargarize
gargarized
gargarizes
gargarizing
gargoylism
gargoylisms
garial
garials
garished
garishes
garishing
garjan
garjans
garlandage
garlandages
garlandless
garlandries
garlandry
garlickier
garlickiest
garmentless
garmenture
garmentures
garnisheement
garnisheements
garnisher
garnishers
garnishings
garnishries
garnishry
garotter
garotters
garottings
garran
garrans
garre
garres
garreted
garreteer
garreteers
garrigue
garrigues
garrot
garrots
garrotter
garrotters
garrottings
garrya
garryas
garryowen
garryowens
gart
garuda
garudas
garum
garums
garvie
garvies
garvock
garvocks
gasahol
gasahols
gasalier
gasaliers
gasconism
gasconisms
gaseities
gaseity
gasfield
gasfields
gashful
gashliness
gashlinesses
gashly
gasometric
gasometrical
gasometries
gasometry
gaspereau
gaspereaus
gaspier
gaspiest
gaspiness
gaspinesses
gaspingly
gaspings
gaspy
gassings
gasteropod
gasteropodous
gasteropods
gastfull
gastnesse
gastraeum
gastraeums
gastralgia
gastralgias
gastroenteric
gastroenteritises
gastrologer
gastrologers
gastrological
gastrologies
gastrology
gastromancies
gastromancy
gastronomer
gastronomers
gastropodous
gastrosoph
gastrosopher
gastrosophers
gastrosophies
gastrosophs
gastrosophy
gastrostomies
gastrostomy
gastrotomies
gastrotomy
gateaus
gatecrash
gatecrashed
gatecrasher
gatecrashers
gatecrashes
gatecrashing
gateleg
gateless
gateman
gatemen
gath
gaths
gatings
gau
gauchesco
gaucie
gaucier
gauciest
gaucy
gaudeamus
gaudeamuses
gauded
gaudgie
gaudgies
gauding
gaufer
gaufers
gaufferings
gaufre
gaufres
gaugeable
gaugings
gauje
gaujes
gauleiter
gauleiters
gaulter
gaulters
gaultheria
gaultherias
gaumier
gaumiest
gaumless
gaumy
gaun
gaunch
gaunched
gaunches
gaunching
gaunted
gaunting
gauntleted
gauntree
gauntrees
gaunts
gaup
gauped
gauper
gaupers
gauping
gaups
gaupus
gaupuses
gaus
gaussian
gauziness
gauzinesses
gavelman
gavelmen
gavelock
gavelocks
gawcier
gawciest
gawcy
gawd
gawds
gawkihood
gawkihoods
gawkiness
gawkinesses
gawpus
gawpuses
gawsier
gawsiest
gawsy
gaysome
gazal
gazals
gazeful
gazement
gazements
gazetteered
gazetteering
gazetteerish
gazier
gaziest
gazon
gazons
gazoo
gazooka
gazookas
gazoon
gazoons
gazoos
gazump
gazumped
gazumping
gazumps
gazunder
gazundered
gazundering
gazunders
gazy
geal
gealed
gealing
gealous
gealousies
gealousy
geals
gean
geans
geanticlinal
geare
geares
geason
geat
geats
gebur
geburs
geck
gecked
gecking
gecks
ged
geddit
geds
geebung
geebungs
geechee
geechees
geep
geeps
gefuffle
gefuffled
gefuffles
gefuffling
geist
geists
geit
geitonogamies
geitonogamous
geitonogamy
geits
gelastic
gelatinate
gelatinated
gelatinates
gelatinating
gelatination
gelatinations
gelatinisation
gelatinisations
gelatinise
gelatinised
gelatiniser
gelatinisers
gelatinises
gelatinising
gelatinizer
gelatinizers
gelatinoid
gelatinoids
gelider
gelidest
gelidness
gelidnesses
gellies
gelliflowre
gelliflowres
gelly
gelosies
gelosy
gelsemine
gelsemines
gelseminine
gelseminines
gematria
gematrias
gemel
gemels
gemfish
gemfishes
gemini
geminies
geminous
geminy
gemmaceous
gemman
gemmative
gemmen
gemmeous
gemmeries
gemmery
gemmiferous
gemmiparous
gemmological
gemmulation
gemmulations
gemony
gemshorn
gemshorns
gena
genal
genappe
genappes
genas
genderless
genealogic
genealogise
genealogised
genealogises
genealogising
genealogize
genealogized
genealogizes
genealogizing
generalate
generalates
generale
generalia
generalisable
generalled
generalling
generant
generants
generationism
generationisms
generical
genethliac
genethliacal
genethliacally
genethliacon
genethliacons
genethliacs
genethlialogic
genethlialogical
genethlialogies
genethlialogy
genetotrophic
genetrices
genetrix
genetrixes
genevrette
genevrettes
genialise
genialised
genialises
genialising
genialize
genialized
genializes
genializing
genialness
genialnesses
geniculately
geniculates
geniculating
geniculation
geniculations
genista
genistas
genitalial
genitively
genitrices
genitrix
genitrixes
genizah
genizahs
genlock
genlocks
gennel
gennels
gennet
gennets
genophobia
genophobias
genotypicities
genotypicity
genouillere
genouilleres
gensdarmes
genteelise
genteelised
genteelises
genteelish
genteelising
genteelize
genteelized
genteelizes
genteelizing
gentianaceous
gentianella
gentianellas
gentier
gentiest
gentilic
gentilise
gentilised
gentilises
gentilish
gentilising
gentilism
gentilisms
gentilitial
gentilitian
gentilitious
gentilize
gentilized
gentilizes
gentilizing
gentlehood
gentlehoods
gentlemanhood
gentlemanhoods
gentlemanship
gentlemanships
gentlenesse
gentlewomanliness
gentlewomanlinesses
gentlewomanly
genty
genuflexion
genuflexions
geo
geocarpic
geocarpies
geocarpy
geocentrical
geocentricism
geocentricisms
geodesical
geodetically
geodetics
geodynamic
geodynamical
geodynamics
geofact
geofacts
geogenies
geogeny
geognoses
geognosis
geognost
geognostic
geognostical
geognostically
geognosts
geogonic
geogonies
geogony
geolatries
geolatry
geolinguistics
geologer
geologers
geologian
geologians
geologise
geologised
geologises
geologising
geomagnetist
geomagnetists
geomant
geomants
geomedical
geomedicine
geomedicines
geometrisation
geometrisations
geometrist
geometrists
geomorphogenic
geomorphogenies
geomorphogenist
geomorphogenists
geomorphogeny
geomorphologic
geomorphologically
geomyoid
geophagism
geophagisms
geophagist
geophagists
geophagous
geophilic
geophilous
geophytic
geoponical
geoponics
geos
geoscientific
geosphere
geospheres
geostatic
geostatics
geostrategical
geotactical
geotactically
geotechnic
geotechnics
geotechnological
geotechnologies
geotechnology
geotectonics
geothermic
geothermometer
geothermometers
gerbe
gerbes
gere
geres
geriatrist
geriatrists
gerle
gerles
germain
germaine
germaines
germains
germaneness
germanenesses
germed
germin
germinable
germinant
germing
germins
gerne
gerned
gernes
gerning
gerontophil
gerontophile
gerontophiles
gerontophilia
gerontophilias
gerontophils
gerontophobe
gerontophobes
gerontophobia
gerontophobias
gerontotherapeutics
geropiga
geropigas
gerrymanderer
gerrymanderers
gertcha
gerundial
gerundival
gesnerias
gessamine
gessamines
gesse
gessed
gesses
gessing
gestaltism
gestaltisms
gestant
gestative
gestatorial
gestatory
gettered
gettering
getterings
gettings
geyan
geyer
geyest
ghasted
ghastfull
ghasting
ghastness
ghastnesses
ghasts
ghazal
ghazals
ghazel
ghazels
gherao
gheraoed
gheraoing
gheraos
ghesse
ghessed
ghesses
ghessing
ghest
ghettoise
ghettoised
ghettoises
ghettoising
ghilgai
ghilgais
ghillied
ghillying
gi
giambeux
gianthood
gianthoods
giantlier
giantliest
giantly
giantries
giantry
giantship
giantships
gibbously
gibbousness
gibbousnesses
gibel
gibels
gibus
gibuses
giddup
gidgee
gidgees
gidjee
gidjees
gif
giftshop
giftshops
gigaflop
gigaflops
gigahertzes
gigantean
giganticide
giganticides
gigantologies
gigantology
gigantomachia
gigantomachias
gigantomachies
gigantomachy
giggit
giggited
giggiting
giggits
gigglesome
gigglings
giglet
giglets
giglot
giglots
gigman
gigmanities
gigmanity
gigmen
gila
gilas
gilcup
gilcups
gilden
gilet
gilets
gilgai
gilgais
gilgie
gilgies
gillaroo
gillaroos
gillet
gillets
gillflirt
gillflirts
gillion
gillions
gillravage
gillravaged
gillravages
gillravaging
gillravitch
gillravitched
gillravitches
gillravitching
gillyvor
gillyvors
gilpey
gilpeys
gilpies
gilpy
gilravage
gilravaged
gilravager
gilravagers
gilravages
gilravaging
gilravitch
gilravitched
gilravitches
gilravitching
gilsonite
gilsonites
giltcup
giltcups
giltwood
gimmalled
gimmer
gimmers
gimmickier
gimmickiest
gimmor
gimmors
ging
gingal
gingall
gingalls
gingals
gingerade
gingerades
gingerous
gingle
gingled
gingles
ginglimoid
gingling
ginglymi
ginglymus
gings
ginhouse
ginhouses
ginn
ginnel
ginnels
ginneries
ginnery
ginormous
ginshop
ginshops
gio
giocoso
gios
gippies
gippo
gippos
gippy
gipsen
gipsens
gipsied
gipsies
gipsy
gipsying
giraffid
giraffine
giraffoid
girandola
girandolas
girdings
girdlestead
girdlesteads
girkin
girkins
girlond
girlonds
girnel
girnels
girner
girners
girnie
girnier
girniest
gironic
girr
girrs
girthline
girthlines
girtline
girtlines
gis
gism
gismologies
gismology
gisms
gite
gites
gitterned
gitterning
giust
giusted
giusting
giusto
giusts
gived
givenness
givennesses
givings
gizmologies
gizmology
gizz
gizzen
gizzened
gizzening
gizzens
gizzes
gju
gjus
glacialist
glacialists
glacials
gladdie
gladdies
gladdon
gladdons
gladful
gladfulness
gladfulnesses
gladiatorian
gladiatorship
gladiatorships
gladiatory
gladiole
gladioles
gladius
gladiuses
glaik
glaikitness
glaikitnesses
glaiks
glaireous
glairin
glairins
glam
glamored
glamoring
glamorisation
glamorisations
glamourpuss
glamourpusses
glams
glancings
glanderous
glandiferous
glandiform
glanduliferous
glandulous
glandulously
glareal
glareous
glasnostian
glasnostic
glassen
glassified
glassifies
glassify
glassifying
glasslike
glassman
glassmen
glassyheaded
glauberite
glauberites
glaucescence
glaucescences
glaucescent
glaucomatous
glauconitisation
glauconitisations
glauconitization
glauconitizations
glaum
glaumed
glauming
glaums
glaur
glaurier
glauriest
glaurs
glaury
glazen
glaziest
glazy
gleamings
gleanings
gleave
gleaves
glebous
gleby
gled
gledge
gledged
gledges
gledging
gleds
gleeing
gleemaiden
gleemaidens
gleeted
gleeting
glegger
gleggest
glei
gleis
glendoveer
glendoveers
glenoidal
glenoids
glent
glented
glenting
glents
glibbed
glibbery
glibbing
glibs
glid
glidder
gliddery
gliddest
glidingly
glidings
gliff
gliffing
gliffings
gliffs
glift
glifts
glike
glikes
glimmeringly
glimmery
gliomatoses
gliomatosis
gliomatous
glioses
gliosis
glisk
glisks
glisteringly
glit
glits
glitterand
glitterier
glitteriest
glitterings
glitzily
glitziness
glitzinesses
globalisation
globalisations
globetrotter
globetrotters
globetrotting
globetrottings
globigerina
globigerinae
globoses
globosities
globosity
globularities
globularity
globularly
globulet
globulets
globuliferous
globulite
globulites
globulous
globy
glode
glomerate
glomerated
glomerates
glomerating
glomeration
glomerations
glomerulate
gloomings
gloop
glooped
gloopier
gloopiest
glooping
gloops
gloopy
gloriosa
gloriosas
glossarially
glossectomies
glossectomy
glossina
glossinas
glossodynia
glossodynias
glossographical
glossographies
glossography
glossological
glossologies
glossologist
glossologists
glossology
glottidean
glottogonic
glottologies
glottology
glovings
glowlamp
glowlamps
glozings
glucina
glucinas
glucinium
gluciniums
glucinum
glucinums
gluconeogenic
glucoprotein
glucoproteins
glucosuria
glucosurias
glucosuric
glueyness
glueynesses
gluhwein
gluhweins
gluish
glumaceous
glumella
glumellas
glumiferous
glumpier
glumpiest
glumpish
glumps
glumpy
glutaeal
glutaei
glutaeus
glutelin
glutelins
gluttonise
gluttonised
gluttonises
gluttonish
gluttonising
gluttonize
gluttonized
gluttonizes
gluttonizing
glyceria
glycerias
glyceric
glycocoll
glycocolls
glycogenetic
glycogenic
glycollic
glyconic
glyconics
glycose
glycoses
glycosuric
glyoxaline
glyoxalines
glyphograph
glyphographer
glyphographers
glyphographic
glyphographies
glyphographs
glyphography
glyptodont
glyptodonts
glyptographic
glyptographies
glyptography
glyptotheca
glyptothecas
gmelinite
gmelinites
gnaphalium
gnaphaliums
gnasher
gnashers
gnashingly
gnathonic
gnathonical
gnathonically
gnatling
gnatlings
gneissitic
gnocchis
gnomae
gnomonical
gnomonically
gnomonics
gnomonologies
gnomonology
gnoseologies
gnoseology
gnosiologies
gnosiology
gnostical
gnostically
gnotobiological
gnotobiologies
gnotobiology
gnotobioses
gnotobiosis
gnotobiote
gnotobiotes
gnotobiotics
goadsman
goadsmen
goadster
goadsters
goaf
goafs
goalball
goalballs
goalkicker
goalkickers
goalkicking
goalkickings
goary
goatier
goatiest
goatishness
goatishnesses
goatling
goatlings
goatweed
goatweeds
goaty
gobang
gobangs
gobbed
gobbeline
gobbelines
gobbing
gobiid
gobiids
gobioid
gobony
gobshite
gobshites
gobsmacked
gobstopper
gobstoppers
goburra
goburras
godden
goddens
godetia
godetias
godlessly
godlily
godroon
godrooned
godrooning
godroonings
godroons
godship
godships
godso
godsos
godspeed
godspeeds
godward
godwards
goe
goel
goels
goetic
goeties
goety
goey
goff
goffed
gofferings
goffing
goffs
gogglings
goier
goiest
goitred
goldarn
goldcrest
goldcrests
goldenberries
goldenberry
goldened
goldening
goldens
goldeye
goldeyes
goldfinnies
goldfinny
goldier
goldiest
goldilocks
goldish
goldless
goldminer
goldminers
goldsinnies
goldsinny
goldsize
goldsizes
goldsmitheries
goldsmithery
goldsmithries
goldsmithry
goldspink
goldspinks
goldstick
goldsticks
goldy
gole
goles
golfiana
golfianas
goliarderies
goliardery
goliardies
goliardy
golias
goliased
goliases
goliasing
goliathise
goliathised
goliathises
goliathising
goliathize
goliathized
goliathizes
goliathizing
gollan
golland
gollands
gollans
gollar
gollared
gollaring
gollars
goller
gollered
gollering
gollers
gollies
gollop
golloped
golloping
gollops
golomynka
golomynkas
goloptious
goloshed
goloshing
goloshoes
golp
golpe
golpes
golps
goluptious
gombeen
gombeens
gombo
gombos
gombro
gombros
gomeril
gomerils
gomoku
gomokus
gompa
gompas
gomphoses
gomphosis
gomuto
gomutos
gon
gondelay
gondelays
goneness
gonenesses
gonfalonier
gonfaloniers
gonfanon
gonfanons
gongster
gongsters
goniatite
goniatites
goniatitoid
goniatitoids
gonimoblast
gonimoblasts
goniometrical
goniometrically
gonk
gonks
gonococcic
gonococcoid
gonorrheic
gonorrhoea
gonorrhoeal
gonorrhoeas
gonorrhoeic
gons
gonys
gonyses
goodfaced
goodfellow
goodfellows
goodfellowship
goodfellowships
goodier
goodiest
goodiness
goodinesses
goodlihead
goodliheads
goodliness
goodlinesses
goodlyhead
goodlyheads
goodnight
goodnights
goodsire
goodsires
goodtime
goodyear
goodyears
google
googled
googles
googling
gool
goold
goolds
gooley
gooleys
goolie
goolies
gools
gooly
goonda
goondas
gooneybird
gooneybirds
goor
gooroo
gooroos
goors
goosegob
goosegobs
goosegog
goosegogs
gooseherd
gooseherds
gooseries
goosery
gooseys
goosies
gopak
gopaks
gophered
gophering
gopura
gopuram
gopurams
gopuras
goramies
goramy
gorblimey
gorblimy
gorcrow
gorcrows
gorgia
gorgias
gorgio
gorgios
gorgoneia
gorgoneion
gorgonise
gorgonised
gorgonises
gorgonising
gorillian
gorilline
gorilloid
gorings
gorm
gormandiser
gormandisers
gormandisings
gormandism
gormandisms
gormandizings
gormed
gormier
gormiest
gorming
gorms
gormy
gorped
gorping
gorsedd
gorsedds
gorsoon
gorsoons
gos
gosht
goshts
goslarite
goslarites
goslet
goslets
gospelise
gospelised
gospelises
gospelising
gospelize
gospelized
gospelizes
gospelizing
gospelled
gospelling
gospellise
gospellised
gospellises
gospellising
gospellize
gospellized
gospellizes
gospellizing
gospodar
gospodars
gosse
gosses
gossib
gossibs
gossipings
gossypine
gothicise
gothicised
gothicises
gothicising
gothite
gothites
gougere
gougeres
goujeers
goujons
gouk
gouks
goura
gouras
gourdier
gourdiest
gourdiness
gourdinesses
gourdy
goustier
goustiest
goustrous
gousty
goutflies
goutfly
goutiness
goutinesses
goutweed
goutweeds
goutwort
goutworts
gouvernante
gouvernantes
gov
governall
governalls
governante
governantes
governessed
governessing
govs
gowd
gowder
gowdest
gowds
gowdspink
gowdspinks
gowf
gowfed
gowfer
gowfers
gowfing
gowfs
gowl
gowlan
gowland
gowlands
gowlans
gowled
gowling
gowls
gownboy
gownboys
gownman
gownmen
gowpen
gowpenful
gowpenfuls
gowpens
goyisch
gozzan
gozzans
graal
graals
graciosities
graciosity
graciouses
gradables
gradationed
gradatory
graddan
graddaned
graddaning
graddans
gradely
gradienter
gradienters
gradualistic
gradualities
graduality
graduateship
graduateships
graff
graffed
graffing
graffitied
graffitis
graffs
graftings
graile
grailes
grainage
grainages
graine
graines
grainings
graip
graips
graith
graithed
graithing
graithly
graiths
grakle
grakles
grallatorial
gralloch
gralloched
gralloching
grallochs
gramash
gramashes
grame
gramercies
grames
graminaceous
gramma
grammalogue
grammalogues
grammas
grammatic
grammaticaster
grammaticasters
grammaticise
grammaticised
grammaticises
grammaticising
grammaticism
grammaticisms
grammaticize
grammaticized
grammaticizes
grammaticizing
grammatist
grammatists
grammatologies
grammatology
gramoche
gramoches
gramophonic
gramophonically
gramophonies
gramophonist
gramophonists
gramophony
grandeeship
grandeeships
grandiloquous
grandmama
grandmamas
grandmamma
grandmammas
grandmaster
grandmasters
grandpapa
grandpapas
granfer
granfers
grangerisation
grangerisations
grangerise
grangerised
grangerises
grangerising
grangerization
grangerizations
grangerize
grangerized
grangerizes
grangerizing
granitification
granitifications
granitiform
granitisation
granitisations
granitise
granitised
granitises
granitising
granitite
granitites
granitization
granitizations
granitize
granitized
granitizes
granitizing
granivore
granivores
grannam
grannams
grannied
grannieing
grannying
granolithics
granularly
granulary
granulater
granulaters
granulative
granuliferous
granuliform
granulitisation
granulitisations
granulitization
granulitizations
granulous
graped
grapeless
grapeseed
grapeseeds
grapeshots
grapestone
grapestones
grapetree
grapetrees
graphicacies
graphicacy
graphicly
graphitisation
graphitisations
graphitise
graphitised
graphitises
graphitising
graphitoid
graphium
graphiums
graphologic
graphomania
graphomanias
graphophobia
graphophobias
graping
graple
grapled
graplement
graplements
graples
grapling
graptolitic
graspless
grasser
grassers
grasshook
grasshooks
grassiness
grassinesses
grassings
grassum
grassums
grasswrack
grasswracks
graste
graticulation
graticulations
gratifier
gratifiers
gratillities
gratillity
gratinate
gratinated
gratinates
gratinating
grattoir
grattoirs
gratulant
graunch
graunched
grauncher
graunchers
graunches
graunching
gravadlax
gravadlaxes
graveolent
gravimetrical
gravings
gravitometer
gravitometers
gravlaxes
grayflies
grayfly
grayle
grayles
greaseband
greasebands
greasies
greaved
greaving
grece
greces
grecian
grecians
grecque
grecques
greece
greeces
greeking
greekings
greenbottle
greenbottles
greencloth
greencloths
greeners
greenfield
greenhand
greenhands
greenspeak
greenspeaks
greenth
greenths
greenwash
greenwashed
greenwashes
greenwashing
greenweed
greenweeds
greese
greeses
greesing
greesings
greete
greetes
greffier
greffiers
gregale
gregales
gregarian
gregarianism
gregarianisms
grege
grein
greined
greining
greins
greisenisation
greisenisations
greisenise
greisenised
greisenises
greisenising
greisenization
greisenizations
greisenize
greisenized
greisenizes
greisenizing
greisly
gremolata
gremolatas
gren
grenadilla
grenadillas
grenned
grenning
grens
grese
greses
gressing
gressings
gressorial
gressorious
greve
greves
grewed
grewhound
grewhounds
grewing
grews
greybeard
greybeards
greyings
greyish
greyly
greyness
greynesses
greystone
greystones
greywacke
greywackes
grice
gricer
gricers
grices
gricing
gricings
gridelin
gridelins
gridironed
gridironing
griece
grieced
grieces
griefful
griefless
griesie
griesly
griesy
grievingly
griff
griffinish
griffinism
griffinisms
griffs
grigged
grigging
grike
grikes
grillade
grillades
grillings
grillsteak
grillsteaks
grimlooked
grimoire
grimoires
grinderies
grindery
grindings
gripingly
griple
griples
gripples
griptape
griptapes
gris
grise
grised
grisely
grises
grisgris
grising
grisled
grisy
gritstone
gritstones
gritter
gritters
grittest
grize
grizes
grizzler
grizzlers
groanful
groanings
groatsworth
groatsworths
groceteria
groceterias
grockle
grockles
grodier
grodiest
grody
grogged
grogging
groinings
groma
gromas
gromet
gromets
grone
groned
gronefull
grones
groning
groof
groofs
groolier
grooliest
grooly
gropingly
groschens
groser
grosers
grosert
groserts
groset
grosets
grossart
grossarts
grotesquer
grotesquest
grouf
groufs
grough
groughs
groundage
groundages
groundbait
groundbaits
groundbreakings
groundedly
grounden
groundman
groundmen
groundplot
groundplots
groundprox
groundproxes
groundsell
groundsells
groundsill
groundsills
groundspeed
groundspeeds
groupage
groupages
groupist
groupists
grouplet
grouplets
groupware
groupwares
groupy
grousest
groutings
groveller
grovellers
grovet
grovets
growings
growleries
growlery
growlings
growthist
growthists
grubble
grubbled
grubbles
grubbling
grudgeful
grudgings
grued
grueing
gruelled
grufe
grufes
grufted
gruing
grumblier
grumbliest
grumblings
grumly
grumness
grumnesses
grumose
grumph
grumphed
grumphie
grumphies
grumphing
grumphs
gruntingly
gruntings
gruppetti
gruppetto
gryce
gryces
gryde
gryded
grydes
gryding
gryesly
gryesy
gryfon
gryfons
gryke
grykes
grype
grypes
grypt
grysbok
grysboks
grysely
grysie
gu
guana
guanas
guanazolo
guanazolos
guango
guangos
guaniferous
guarana
guaranas
guardable
guardage
guardages
guardee
guardees
guardless
guardship
guardships
guarish
guarished
guarishes
guarishing
gub
gubbah
gubbahs
gubbins
gubbinses
gubernacula
gubernacular
gubernaculum
gubernation
gubernations
gubernator
gubernators
gubs
guckier
guckiest
gucky
guddle
guddled
guddles
guddling
gude
gudeman
gudemen
gudes
gudesire
gudesires
gudewife
gudewives
gudgeoned
gudgeoning
gue
guereza
guerezas
guerite
guerites
guerrillero
guerrilleros
gues
guessingly
guessings
guesten
guestened
guestening
guestens
guestwise
guffie
guffies
guga
gugas
guichet
guichets
guid
guidage
guidages
guideless
guideship
guideships
guidings
guids
guildries
guildry
guildswoman
guildswomen
guiler
guilers
guilloched
guilloching
guimbard
guimbards
guimp
guimped
guimping
guimps
guiser
guisers
guisings
guizer
guizers
gula
gulas
gulched
gulching
gule
guller
gulleries
gullers
gullery
gulleyed
gulleying
gullish
gulph
gulphed
gulphing
gulphs
guly
gummiferous
gummings
gummosities
gummosity
gumnut
gumnuts
gump
gumped
gumphion
gumphions
gumping
gumps
gumptious
gumshield
gumshields
gundies
gundy
gunfighting
gunfought
gunge
gunges
gungier
gungiest
gungy
gunhouse
gunhouses
gunlayer
gunlayers
gunmaker
gunmakers
gunnage
gunnages
gunnera
gunneras
gunport
gunports
gunstick
gunsticks
gunstone
gunstones
gunter
gunters
gunyah
gunyahs
gup
gups
gur
gurami
guramis
gurdwara
gurdwaras
gurgitation
gurgitations
gurgoyle
gurgoyles
gurjun
gurjuns
gurl
gurled
gurlet
gurlets
gurlier
gurliest
gurling
gurls
gurly
gurn
gurned
gurnet
gurnets
gurning
gurns
gurrah
gurrahs
gurs
gurudom
gurudoms
guruism
guruisms
gus
gusla
guslar
guslars
guslas
gusle
gusles
gusli
guslis
gustative
gustful
gustie
gustos
gutcher
gutchers
gutful
gutfuls
gutrot
gutrots
gutsed
gutser
gutsers
gutses
gutsful
gutsfuls
gutsing
guttas
guttates
guttating
gutterblood
gutterbloods
gutties
guttiferous
guttle
guttled
guttles
guttling
gutturalise
gutturalised
gutturalises
gutturalising
gutturalize
gutturalized
gutturalizes
gutturalizing
gutturally
gutzer
gutzers
guyle
guyled
guyler
guylers
guyles
guyling
guyse
guyses
gwiniad
gwiniads
gwyniad
gwyniads
gyal
gyals
gyeld
gyelds
gylden
gymbal
gymbals
gymmal
gymmals
gymnasial
gymnasiarch
gymnasiarchs
gymnasiast
gymnasiasts
gymnasic
gymnasien
gymnastical
gymnic
gymnorhinal
gymnosoph
gymnosophies
gymnosophs
gymnosophy
gymp
gymped
gymping
gymps
gynae
gynaecia
gynaecium
gynaecocracies
gynaecocracy
gynaecocratic
gynaecoid
gynaecologic
gynaecological
gynaecologist
gynaecologists
gynaecomast
gynaecomastia
gynaecomastias
gynaecomasties
gynaecomasts
gynaecomasty
gynaes
gynandries
gynandrism
gynandrisms
gynandromorphous
gynandry
gynecia
gynecium
gynie
gynies
gyniolatries
gyniolatry
gynney
gynneys
gynnies
gynny
gynocracies
gynocracy
gynocratic
gynodioecious
gynodioecism
gynodioecisms
gynomonoecious
gynomonoecism
gynomonoecisms
gynophobia
gynophobias
gynophobic
gynophobics
gynostemium
gynostemiums
gyny
gyppie
gyppies
gyppo
gyppos
gyppy
gypsydom
gypsydoms
gypsyism
gypsyisms
gypsywort
gypsyworts
gyrant
gyrocar
gyrocars
gyrocopter
gyrocopters
gyrodyne
gyrodynes
gyroidal
gyrolite
gyrolites
gyromagnetism
gyromagnetisms
gyromancies
gyromancy
gyronic
gyronny
gyrostabilisation
gyrostabilisations
gyrostabiliser
gyrostabilisers
gyrostabilization
gyrostabilizations
gyrostatic
gyrostatics
gyrous
gyrovague
gyrovagues
gyruses
gyte
gytes
gytrash
gytrashes
haaf
haafs
haanepoot
haanepoots
haar
haars
habdabs
haberdine
haberdines
habilable
habilatory
habilitator
habilitators
habitational
habitaunce
habitaunces
habituals
habitudinal
hable
hachis
hackbolt
hackbolts
hackbuteer
hackbuteers
hackee
hackees
hackeries
hackery
hackette
hackettes
hackings
hacklet
hacklets
hackneyman
hackneymen
hacqueton
hacquetons
hadden
haddie
haddies
hadding
hadrome
hadromes
hads
haecceities
haecceity
haemal
haemangioma
haemangiomas
haemangiomata
haematemeses
haematemesis
haematic
haematin
haematinic
haematinics
haematins
haematoblast
haematoblasts
haematocele
haematoceles
haematocrit
haematocrits
haematogeneses
haematogenesis
haematogenous
haematoid
haematologies
haematologist
haematologists
haematology
haematolyses
haematolysis
haematoma
haematomas
haematomata
haematopoieses
haematopoiesis
haematopoietic
haematoses
haematosis
haematoxylin
haematoxylins
haematuria
haematurias
haemic
haemin
haemins
haemochromatoses
haemochromatosis
haemocoel
haemocoels
haemoconia
haemoconias
haemocyanin
haemocyanins
haemocyte
haemocytes
haemodialyses
haemodialysis
haemoglobin
haemoglobinopathies
haemoglobinopathy
haemoglobins
haemolyses
haemolysis
haemolytic
haemonies
haemony
haemophilia
haemophiliac
haemophiliacs
haemophilias
haemoptyses
haemoptysis
haemorrhage
haemorrhaged
haemorrhages
haemorrhagic
haemorrhaging
haemorrhoid
haemorrhoidal
haemorrhoids
haemostases
haemostasis
haemostat
haemostatic
haemostats
haeremai
haff
haffit
haffits
hafflin
hafflins
haffs
hagberries
hagberry
hagbolt
hagbolts
hagbut
hagbuts
hagden
hagdens
hagdon
hagdons
hagdown
hagdowns
hagg
haggishly
haggs
hagiarchies
hagiarchy
hagiocracies
hagiocracy
hagiographist
hagiographists
hagiolater
hagiolaters
hagiolatries
hagiolatry
hagiologist
hagiologists
haglet
haglets
haick
haicks
haiduk
haiduks
haikai
haikus
hailier
hailiest
hailshot
hailshots
haily
hain
hainch
hainched
hainches
hainching
hained
haining
hainings
hains
haique
haiques
hairbell
hairbells
hairdrier
hairdriers
hairdryer
hairdryers
hairgrip
hairgrips
hairing
hairspray
hairsprays
hairst
hairsted
hairsting
hairsts
haith
haka
hakam
hakams
hakas
halal
halalled
halalling
halals
halberdier
halberdiers
halfa
halfas
halfen
halfendeale
halflin
halfling
halflings
halflins
halfpace
halfpaces
halfpennyworth
halfpennyworths
halfs
halfwit
halfwits
halfwitted
halicore
halicores
halieutic
halieutics
halimot
halimote
halimotes
halimots
haliotis
halitotic
halitous
hallal
hallali
hallalis
hallalled
hallalling
hallaloo
hallaloos
hallals
hallan
hallans
halleflinta
halleflintas
halleluiah
halleluiahs
hallian
hallians
halling
hallings
hallion
hallions
halloumi
halloumis
halloysite
halloysites
hallstand
hallstands
hallucinative
hallyon
hallyons
halobiont
halobiontic
halobionts
halobiotic
haloids
halon
halons
halophilies
halophilous
halophily
halophobe
halophobes
halse
halsed
halser
halsers
halses
halsing
haltings
halver
hamadryades
hamamelis
hamamelises
hamarthritis
hamarthritises
hamartiologies
hamartiology
hamble
hambled
hambles
hambling
hamburgher
hamburghers
hamed
hamesucken
hamesuckens
hamewith
hamfatter
hamfattered
hamfattering
hamfatters
haming
hammam
hammams
hammercloth
hammercloths
hammerings
hammerman
hammermen
hamose
hamous
hampster
hampsters
hamshackle
hamshackled
hamshackles
hamshackling
hamstringed
han
hanap
hanaps
hance
hances
hanch
hanched
hanches
hanching
handbagged
handbagging
handbaggings
handbrake
handbrakes
handclap
handclaps
hander
handers
handfastings
handicraftswoman
handicraftswomen
handicuffs
handjar
handjars
handkercher
handkerchers
handplay
handplays
handshaking
handshakings
handstaff
handstaffs
handstaves
handsturn
handsturns
handtowel
handtowels
handworked
handywork
handyworks
hanepoot
hanepoots
hangabilities
hangability
hangfire
hangfires
hangnest
hangnests
hanjar
hanjars
hanked
hankerings
hanking
hansardise
hansardised
hansardises
hansardising
hansardize
hansardized
hansardizes
hansardizing
hantavirus
hantaviruses
hantle
hantles
haoma
haomas
haplographies
haplography
haplostemonous
happied
happies
happying
hapteron
hapterons
haptics
haptotropic
haptotropism
haptotropisms
haqueton
haquetons
haram
harambee
harambees
harams
harassedly
harassingly
harassings
harbourage
harbourages
harbourer
harbourers
harbourless
hardbacked
hardbag
hardbags
hardbake
hardbakes
hardbeam
hardbeams
hardface
hardfaces
hardgrass
hardgrasses
hardihead
hardiheads
hardish
hardliner
hardliners
hardnosed
hardoke
hardokes
hardparts
hardshell
hardwareman
hardwaremen
hareld
harelds
harewood
harewoods
harigalds
harigals
harim
harims
hariolate
hariolated
hariolates
hariolating
hariolation
hariolations
harish
harled
harlequined
harlequining
harling
harlings
harmala
harmalas
harmalin
harmaline
harmalines
harmalins
harman
harmans
harmdoing
harmdoings
harmel
harmels
harmin
harmins
harmonical
harmonichord
harmonichords
harmonicon
harmonicons
harmoniphon
harmoniphone
harmoniphones
harmoniphons
harmonisation
harmonisations
harmoniser
harmonisers
harmonist
harmonistic
harmonists
harmoniumist
harmoniumists
harmonogram
harmonograms
harmonograph
harmonographs
harmonometer
harmonometers
harmost
harmosties
harmosts
harmosty
harmotome
harmotomes
harn
harns
haro
haros
haroset
haroseth
haroseths
harosets
harpings
harpooneer
harpooneers
harquebuse
harquebuss
harquebusses
harrowingly
hartbees
hartbeeses
hartely
harten
hartened
hartening
hartens
hartlesse
haruspical
haruspicate
haruspicated
haruspicates
haruspicating
haruspicies
haruspicy
hashier
hashiest
hashmark
hashmarks
hashy
hask
hasks
hassar
hassars
hassocky
hastated
hastings
hatbrush
hatbrushes
hatchettite
hatchettites
hatchety
hateless
hatelessness
hatelessnesses
haterent
haterents
hateworthy
hatguard
hatguards
hatlessness
hatlessnesses
hatpeg
hatpegs
hatstand
hatstands
hattered
hattering
hattings
hattock
hattocks
haud
hauding
hauds
haught
hauld
haulds
haulst
hault
haunching
hauntings
hauriant
haurient
hause
haused
hauses
hausing
haussmannisation
haussmannisations
haussmannise
haussmannised
haussmannises
haussmannising
haussmannization
haussmannizations
haussmannize
haussmannized
haussmannizes
haussmannizing
haustellate
hauyne
hauynes
haveour
haveours
haverel
haverels
haverings
haversine
haversines
havildar
havildars
havings
haviour
haviours
hawbuck
hawbucks
hawkbell
hawkbells
hawkbit
hawkbits
hawkey
hawkeys
hawkie
hawkies
hawkit
hawksbeard
hawksbeards
hawm
hawmed
hawming
hawms
hawsed
hawsepipe
hawsepipes
hawsing
hayband
haybands
haybox
hayboxes
hayings
hayle
hayles
haymaking
haymakings
haysel
haysels
hazardable
hazardize
hazardizes
hazardries
hazardry
headage
headages
headborough
headboroughs
headcase
headcases
headchair
headchairs
headcloth
headcloths
headfast
headfasts
headframe
headframes
headhuntings
headlease
headleases
headmark
headmarks
headpeace
headpeaces
headrail
headrails
headreach
headreached
headreaches
headreaching
headrig
headrigs
headring
headrings
headrope
headropes
headscarf
headscarves
headshake
headshakes
headsheets
headshot
headshots
headsquare
headsquares
headstick
headsticks
headworker
headworkers
heald
healded
healding
healds
healingly
healings
healsome
healthcare
healthcares
healthfully
healthless
healthlessness
healthlessnesses
healthsome
heame
heapier
heapiest
heapstead
heapsteads
heapy
heards
heare
heares
hearie
hearkener
hearkeners
hearsier
hearsiest
hearsy
heartbroke
heartikin
heartikins
heartlet
heartlets
heartling
heartlings
heartly
heartpea
heartpeas
heartseed
heartseeds
heartwater
heartwaters
heast
heaste
heastes
heasts
heathbird
heathbirds
heathcock
heathcocks
heathenesse
heathenesses
heathenise
heathenised
heathenises
heathenishness
heathenishnesses
heathenising
heathenries
heathenry
heatherier
heatheriest
heatings
heatspot
heatspots
heavings
hebdomadar
hebdomadaries
hebdomadars
hebdomadary
hebdomader
hebdomaders
heben
hebenon
hebenons
hebens
hebephreniac
hebephreniacs
hebetant
hebetudinosities
hebetudinosity
hebona
hebonas
hech
hecht
hechting
hechts
heckelphone
heckelphones
hecklings
hecogenin
hecogenins
hectical
hectics
hectogramme
hectogrammes
hectographic
hectolitre
hectolitres
hectometre
hectometres
hectorer
hectorers
hectorings
hectorism
hectorisms
hectorly
hectorship
hectorships
hectostere
hectosteres
heddled
heddling
hederal
hederated
hedgebill
hedgebills
hedgings
hedyphane
hedyphanes
heediness
heedinesses
heedy
heelings
heeze
heezed
heezes
heezie
heezies
heezing
hefte
hegemonial
hegemonical
hegemonism
hegemonisms
hegemonist
hegemonists
heid
heids
heil
hejab
hejabs
hejra
hejras
helcoid
hele
heled
helenium
heleniums
heles
heliac
heliborne
helibus
helibuses
helibusses
helichrysum
helichrysums
helicograph
helicographs
helictite
helictites
helideck
helidecks
helidrome
helidromes
heliman
helimen
heling
heliocentrically
heliochrome
heliochromes
heliochromic
heliochromies
heliochromy
heliodor
heliodors
heliographer
heliographers
heliographical
heliographically
heliographies
heliography
heliogravure
heliogravures
heliolater
heliolaters
heliologies
heliology
heliometrical
heliopause
heliopauses
heliophilous
heliophobic
heliophyte
heliophytes
heliosciophyte
heliosciophytes
helioscope
helioscopes
helioscopic
helioses
heliosis
heliosphere
heliospheres
heliotaxes
heliotaxis
heliotherapies
heliotherapy
heliotropical
heliotropically
heliotropies
heliotropin
heliotropins
heliotropy
heliotype
heliotypes
heliotypic
heliotypies
heliotypy
heliozoic
helipilot
helipilots
heliscoop
heliscoops
helispheric
helispherical
helleborine
helleborines
hellenise
hellenised
hellenises
hellenising
hellgramite
hellgramites
hellicat
hellicats
hellier
helliers
hellova
hellward
hellwards
helminthoid
helminthologic
helminthological
helminthologist
helminthologists
helminthous
helpdesk
helpdesks
helpline
helplines
helvetium
helvetiums
hemeralopia
hemeralopias
hemialgia
hemialgias
hemianopia
hemianopias
hemianopsia
hemianopsias
hemianoptic
hemicrania
hemicranias
hemicrystalline
hemicyclic
hemihedries
hemihedrism
hemihedrisms
hemihedron
hemihedrons
hemihedry
hemimorphite
hemimorphites
hemina
heminas
hemiolia
hemiolias
hemiolic
hemione
hemiones
hemionus
hemionuses
hemiopia
hemiopias
hemiopic
hemiopsia
hemiopsias
hemiparasite
hemiparasites
hemiparasitic
hemiparasitically
hemipteral
hemispace
hemispaces
hemispheroid
hemispheroidal
hemispheroids
hemistichal
hemitropal
hemitrope
hemitropes
hemitropic
hemitropous
hempier
hempies
hempiest
hempy
henchperson
henchpersons
henchwoman
henchwomen
hend
hendecagon
hendecagonal
hendecagons
hended
hending
hends
henge
henges
heniquin
heniquins
henned
henner
henners
hennier
hennies
henniest
hennin
henning
hennins
henny
henotic
henpeckeries
henpeckery
heortological
heortologies
heortologist
heortologists
heortology
hepar
hepars
hepatical
hepaticological
hepaticologies
hepaticologist
hepaticologists
hepaticology
hepatisation
hepatisations
hepatise
hepatised
hepatises
hepatising
hepatite
hepatites
hepatitises
hepatization
hepatizations
hepatize
hepatized
hepatizes
hepatizing
hepatologies
hepatologist
hepatologists
hepatology
hepatoscopies
hepatoscopy
hephthemimer
hephthemimeral
hephthemimers
hepper
heppest
heps
hepster
hepsters
hept
heptachord
heptachords
heptaglot
heptaglots
heptagynous
heptamerous
heptandrous
heptapodic
heptapodies
heptapody
heptarch
heptarchic
heptarchist
heptarchists
heptarchs
heptasyllabic
heptathlon
heptathlons
heptatonic
heraldship
heraldships
herbaged
herbalism
herbalisms
herbar
herbarian
herbarians
herbaries
herbariums
herbars
herbary
herbelet
herbelets
herbist
herbists
herbivora
herblet
herblets
herborisation
herborisations
herborise
herborised
herborises
herborising
herborist
herborists
herborization
herborizations
herborize
herborized
herborizes
herborizing
herbose
herbous
hercogamies
hercogamous
hercogamy
hercynite
hercynites
herdboy
herdboys
herden
herdens
herdess
herdesses
herdman
herdmen
herdwick
herdwicks
hereditabilities
hereditability
hereditable
hereditarianism
hereditarianisms
hereditarianist
hereditarianists
hereditariness
hereditarinesses
hereditist
hereditists
herefrom
hereness
herenesses
heresiographer
heresiographers
heresiographies
heresiography
heresiologies
heresiologist
heresiologists
heresiology
hereticate
hereticated
hereticates
hereticating
heried
heries
heriotable
herisse
herisson
herissons
heritably
heritress
heritresses
heritrices
heritrix
heritrixes
herkogamies
herkogamy
herling
herlings
hermandad
hermandads
hermaphroditical
hermaphroditically
hermeneutist
hermeneutists
hermeticities
hermeticity
hermetics
hermitess
hermitesses
hermitical
herniorrhaphies
herniorrhaphy
herniotomies
herniotomy
hernshaw
hernshaws
heroe
heroicalness
heroicalnesses
heroicly
heroicness
heroicnesses
heroise
heroised
heroises
heroising
heronsew
heronsews
heronshaw
heronshaws
heroon
heroons
heroship
heroships
herpeses
herpetofauna
herpetofaunae
herpetofaunas
herpetoid
herpetologic
herpetologically
herried
herries
herriment
herriments
herringer
herringers
herry
herrying
herryment
herryments
hersall
hersalls
herse
hersed
herses
hership
herships
hery
herye
heryed
heryes
herying
hesitative
hesitator
hesitators
hesitatory
hesp
hesped
hesperid
hesperids
hesping
hesps
hesternal
hetaerism
hetaerismic
hetaerisms
hetairia
hetairias
hetairism
hetairismic
hetairisms
hetairist
hetairists
hete
heterauxeses
heterauxesis
heteroblastic
heteroblasties
heteroblasty
heterocarpous
heterocercalities
heterocercality
heterocercies
heterocercy
heterochlamydeous
heterochromous
heterochronic
heterochronies
heterochronism
heterochronisms
heterochronistic
heterochronous
heterochrony
heteroclitic
heteroclitous
heterocont
heteroconts
heterodactyl
heterodactylous
heterodactyls
heterodont
heterogeneses
heterogenesis
heterogenetic
heterogonous
heterokont
heterokontan
heterokonts
heterologies
heterology
heteromerous
heteromorphies
heteromorphous
heteromorphy
heteroousian
heteroousians
heteroplasia
heteroplasias
heteroplastic
heteroplasties
heteroplasty
heteropod
heteropods
heteroscian
heteroscians
heterosexism
heterosexisms
heterosexist
heterosexists
heterosomatous
heterospecific
heterostrophic
heterostrophies
heterostrophy
heterostyled
heterostylies
heterostylism
heterostylisms
heterostylous
heterostyly
heterotactic
heterotaxes
heterotaxies
heterotaxis
heterotaxy
heterothallies
heterothally
heterothermal
heterotopia
heterotopias
heterousian
heterousians
hetes
hether
hetherward
heting
hetmanate
hetmanates
hetmanship
hetmanships
heuch
heuchs
heugh
heughs
heureka
heurekas
heuretic
heuretics
heurism
heurisms
hevea
heveas
hewgh
hewings
hexachlorophane
hexachlorophanes
hexact
hexactinal
hexactinellid
hexactinellids
hexacts
hexadactylic
hexadactylous
hexaemeron
hexaemerons
hexafoil
hexafoils
hexaglot
hexagynian
hexagynous
hexahedral
hexamerous
hexametric
hexametrical
hexametrise
hexametrised
hexametrises
hexametrising
hexametrist
hexametrists
hexametrize
hexametrized
hexametrizes
hexametrizing
hexandrian
hexandrous
hexaplar
hexaplarian
hexaplaric
hexarch
hexastich
hexastichal
hexastichs
hexastyle
hexastyles
hexateuchal
hexene
hexenes
hexings
hexylene
hexylenes
heyduck
heyducks
heyed
heying
heys
hiant
hibakusha
hibernacle
hibernacles
hibernicise
hibernicised
hibernicises
hibernicising
hibernicize
hibernicized
hibernicizes
hibernicizing
hibernisation
hibernisations
hibernise
hibernised
hibernises
hibernising
hibernization
hibernizations
hibernize
hibernized
hibernizes
hibernizing
hicatee
hicatees
hiccatee
hiccatees
hiccupy
hickwall
hickwalls
hidage
hidages
hidalga
hidalgas
hidalgoish
hidalgoism
hidalgoisms
hiddenmost
hidder
hidders
hidling
hidlings
hidlins
hielaman
hielamans
hiems
hieracium
hieraciums
hierarchism
hierarchisms
hieratica
hieraticas
hierocracies
hierocracy
hierocrat
hierocratic
hierocrats
hieroglyphed
hieroglyphing
hieroglyphist
hieroglyphists
hierogram
hierogrammat
hierogrammate
hierogrammates
hierogrammatic
hierogrammatical
hierogrammatist
hierogrammatists
hierogrammats
hierograms
hierograph
hierographer
hierographers
hierographic
hierographical
hierographies
hierographs
hierography
hierolatries
hierolatry
hierologic
hierological
hierologies
hierologist
hierologists
hierology
hieromancies
hieromancy
hierophobia
hierophobias
hierophobic
hieroscopies
hieroscopy
hierurgical
hierurgies
hierurgy
higglings
highblooded
highchair
highchairs
highed
highered
highering
highermost
highers
highfaluting
highfalutings
highfalutins
highing
highish
highjacker
highjackers
highlighter
highlighters
highman
highmen
highmost
highth
highths
highting
hights
highwrought
hijab
hijabs
hijra
hijrah
hijrahs
hijras
hilch
hilched
hilches
hilching
hild
hillfolk
hilliness
hillinesses
hillmen
hillo
hilloed
hilloing
hillos
hillwalker
hillwalkers
hillwalking
hillwalkings
himbo
himbos
hindberries
hindberry
hinderance
hinderances
hinderingly
hinderland
hinderlands
hinderlans
hinderlings
hinderlins
hindermost
hindfeet
hindfoot
hindforemost
hindhead
hindheads
hindleg
hindlegs
hindward
hindwing
hindwings
hing
hings
hinnied
hinnying
hintingly
hippeastrum
hippeastrums
hippen
hippens
hippiatric
hippiatrics
hippiatries
hippiatrist
hippiatrists
hippiatry
hippic
hippin
hippings
hippins
hippish
hippocentaur
hippocentaurs
hippocrepian
hippodame
hippodames
hippodamist
hippodamists
hippodamous
hippodromic
hippogryph
hippogryphs
hippologies
hippologist
hippologists
hippology
hippomanes
hippomaneses
hippophagies
hippophagist
hippophagists
hippophagous
hippophagy
hippophile
hippophiles
hippophobe
hippophobes
hippopotamian
hippopotamic
hippuric
hippurite
hippurites
hippuritic
hippus
hippuses
hippydom
hippydoms
hipt
hirage
hirages
hircocervus
hircocervuses
hircosities
hircosity
hireage
hireages
hirings
hirling
hirlings
hirple
hirpled
hirples
hirpling
hirrient
hirrients
hirsel
hirselled
hirselling
hirsels
hirsle
hirsled
hirsles
hirsling
hirstie
hirudinean
hirudineans
hirudinoid
hirudinous
hirundine
hish
hished
hishes
hishing
hisn
hispanicise
hispanicised
hispanicises
hispanicising
hispanicism
hispanicisms
hispanicize
hispanicized
hispanicizes
hispanicizing
hispaniolise
hispaniolised
hispaniolises
hispaniolising
hispaniolize
hispaniolized
hispaniolizes
hispaniolizing
hispidities
hispidity
hissingly
hissings
histie
histioid
histiologies
histiology
histiophoroid
histoblast
histoblasts
histochemist
histochemists
histogenetically
histogenic
histogenically
histogenies
histogeny
histoid
histolytic
histolytically
historiated
historicise
historicised
historicises
historicising
historied
historiette
historiettes
historified
historifies
historify
historifying
historiologies
historiology
historism
historisms
historying
histrio
histrion
histrionical
histrionicism
histrionicisms
histrionism
histrionisms
histrions
histrios
hitchier
hitchiest
hitchily
hitchy
hithe
hithered
hithering
hithers
hitherside
hithersides
hitherwards
hithes
hivelike
hiver
hivers
hiveward
hivewards
hiya
hizen
hizens
hizz
hizzed
hizzes
hizzing
hoa
hoaed
hoaing
hoared
hoarhead
hoarheads
hoarhound
hoarhounds
hoaring
hoas
hoast
hoasted
hoasting
hoastman
hoastmen
hoasts
hobbish
hobbitries
hobbitry
hobbledehoydom
hobbledehoydoms
hobbledehoyhood
hobbledehoyhoods
hobbledehoyish
hobbledehoyism
hobbledehoyisms
hobblingly
hobblings
hobbyism
hobbyisms
hobbyless
hobday
hobdayed
hobdaying
hobdays
hobgoblinism
hobgoblinisms
hobgoblinries
hobgoblinry
hobjob
hobjobbed
hobjobber
hobjobbers
hobjobbing
hobjobbings
hobjobs
hobnobby
hobodom
hobodoms
hodded
hodding
hoddle
hoddled
hoddles
hoddling
hodiernal
hodja
hodjas
hodman
hodmandod
hodmandods
hodmen
hodograph
hodographs
hodometer
hodometers
hodometries
hodometry
hogen
hogens
hoggerel
hoggerels
hoggeries
hoggery
hoggin
hoggings
hoggins
hogh
hoghood
hoghoods
hoghs
hogward
hogwards
hoh
hohed
hohing
hohs
hoi
hoicksed
hoickses
hoicksing
hoik
hoiked
hoiking
hoiks
hoing
hoistings
hoistman
hoistmen
hoistway
hoistways
hojatoleslam
hojatoleslams
hojatolislam
hojatolislams
hoki
hokis
holderbat
holderbats
holesom
holesome
holibut
holibuts
holings
hollidam
hollidams
holmia
holmias
holobenthic
holocaustal
holocaustic
holocrystalline
holodiscus
holodiscuses
holohedra
holohedrism
holohedrisms
holohedron
holohedrons
holometabolic
holophotal
holophote
holophotes
holophrase
holophrases
holophyte
holophytes
holophytism
holophytisms
holoplankton
holoplanktons
holoptic
holosteric
holstered
holydam
holydame
holydames
holydams
homaged
homaging
homaloid
homaloidal
homaloids
homebuyer
homebuyers
homecraft
homecrafts
homefelt
homelily
homelyn
homelyns
homeomeric
homeomeries
homeomerous
homeomery
homeomorph
homeomorphies
homeomorphous
homeomorphs
homeomorphy
homeopathist
homeopathists
homeoses
homeosis
homeoteleuton
homeoteleutons
homeothermal
homeothermous
homeowner
homeowners
homestall
homestalls
homesteadings
homeworker
homeworkers
homeworking
homeworkings
homiletically
homings
homoblastic
homoblasties
homoblasty
homocentric
homochlamydeous
homochromatic
homochromies
homochromous
homochromy
homocyclic
homodont
homodyne
homoeobox
homoeomeric
homoeomeries
homoeomerous
homoeomery
homoeomorph
homoeomorphic
homoeomorphies
homoeomorphism
homoeomorphisms
homoeomorphous
homoeomorphs
homoeomorphy
homoeopath
homoeopathic
homoeopathically
homoeopathies
homoeopathist
homoeopathists
homoeopaths
homoeopathy
homoeoses
homoeosis
homoeostases
homoeostasis
homoeostatic
homoeoteleuton
homoeoteleutons
homoeothermal
homoeothermic
homoeothermous
homoeotic
homoerotism
homoerotisms
homogamic
homogeneses
homogenesis
homogenetic
homogenetical
homogeniser
homogenisers
homoiomerous
homoiothermal
homoiothermous
homologise
homologised
homologises
homologising
homologoumena
homologumena
homomorph
homomorphoses
homomorphosis
homomorphous
homomorphs
homonymities
homonymity
homophiles
homophylies
homophyly
homoplasmies
homoplasmy
homopolarities
homopolarity
homosexualism
homosexualisms
homosexualist
homosexualists
homotaxes
homotaxial
homotaxic
homotaxis
homothallies
homothally
homothermal
homothermic
homothermous
homotonic
homotonies
homotonous
homotony
homotypal
homotype
homotypes
homotypic
homotypies
homotypy
homousian
homousians
homozygotic
homuncle
homuncles
homuncular
homuncule
homuncules
hond
honds
honeybunch
honeybunches
honeycombings
honeyless
honeymonth
honeymonths
honeypot
honeypots
hongi
honging
hongis
honorificabilitudinities
honorificabilitudinity
honorifical
honourableness
honourablenesses
honourably
honourer
honourers
honourless
hoo
hoodie
hoodies
hoodman
hoodmen
hoofrot
hoofrots
hookedness
hookednesses
hoolachan
hoolachans
hooley
hooleys
hoolican
hoolicans
hoolier
hooliest
hoolock
hoolocks
hooly
hoon
hoons
hoord
hoorded
hoording
hoords
hooroo
hoosh
hooshed
hooshes
hooshing
hootanannie
hootanannies
hootananny
hootnannie
hootnannies
hootnanny
hoove
hooven
hoover
hoovered
hoovering
hoovers
hooving
hopbind
hopbinds
hopbine
hopbines
hopdog
hopdogs
hopingly
hoplologies
hoplologist
hoplologists
hoplology
hordein
hordeins
hordeola
hordeolum
hordock
hordocks
hore
horkey
horkeys
horme
hormes
hornbeak
hornbeaks
hornbug
hornbugs
horner
horners
hornful
hornfuls
horngeld
horngelds
hornings
hornish
hornlet
hornlets
hornwork
hornworks
hornwrack
hornwracks
hornyhead
hornyheads
horographer
horographers
horographies
horography
horologer
horologers
horologic
horologium
horologiums
horometrical
horometries
horometry
horoscopic
horoscopies
horoscopist
horoscopists
horoscopy
horrendousness
horrendousnesses
horrider
horridest
horripilant
horripilate
horripilated
horripilates
horripilating
horripilation
horripilations
horrisonant
horrisonous
horsemeat
horsemeats
horsepond
horseponds
horseshoeings
horseway
horseways
horsings
horson
horsons
hortation
hortations
hortatorily
hos
hoseman
hosemen
hospitableness
hospitablenesses
hospitage
hospitages
hospitale
hospitaler
hospitalers
hospitales
hospitalisation
hospitalisations
hospitaller
hospitallers
hospitia
hospitium
hoss
hosses
hostellings
hostings
hostlesse
hostries
hostry
hote
hoten
hotpot
hotpots
hottentot
hottentots
hottered
hottering
hotters
hottie
hotties
hottings
houdan
houdans
houf
houfed
houff
houffed
houffing
houffs
houfing
houfs
hough
houghed
houghing
houghs
hoummos
hoummoses
houmus
houmuses
hourlong
hourplate
hourplates
housecraft
housecrafts
housellings
housemistress
housemistresses
housewifeship
housewifeships
housewifeskep
housewifeskeps
housey
housier
housiest
housling
hout
houted
houting
houtings
houts
hoved
hoveller
hovellers
hoven
hoveringly
hoverport
hoverports
hovertrain
hovertrains
hoves
hoving
howbe
howdie
howfed
howffed
howffing
howfing
howk
howked
howker
howkers
howking
howks
howlings
howre
howres
howso
howsomdever
howsomever
howtowdie
howtowdies
howzat
hox
hoxed
hoxes
hoxing
hoydenhood
hoydenhoods
hoydenism
hoydenisms
hoyed
hoying
huanaco
huanacos
huaquero
huaqueros
hubbuboo
hubbuboos
hubristically
huckleberrying
huckleberryings
hucksterage
hucksterages
hucksteress
hucksteresses
hucksteries
huckstery
huckstress
huckstresses
hudden
huddup
huer
huers
huffishly
huffishness
huffishnesses
huffkin
huffkins
hugeousness
hugeousnesses
hugy
hui
huia
huias
huis
huitain
huitains
hule
hules
hullier
hulliest
hully
huma
humanisation
humanisations
humanise
humanised
humanises
humanising
humankinds
humas
humblesse
humblesses
humblings
humbuggable
humbugger
humbuggers
humbuzz
humbuzzes
humdudgeon
humdudgeons
humect
humectate
humectated
humectates
humectating
humectation
humectations
humected
humecting
humective
humectives
humects
humefied
humefies
humefy
humefying
humf
humfed
humfing
humfs
humgruffian
humgruffians
humgruffin
humgruffins
humhum
humhums
humider
humidest
humidness
humidnesses
humifies
humify
humifying
humiliant
humiliative
humiliator
humiliators
humiliatory
humite
humites
humlie
humlies
hummaum
hummaums
hummel
hummelled
hummeller
hummellers
hummelling
hummels
hummings
hummum
hummums
humogen
humogens
humoralism
humoralisms
humoralist
humoralists
humorally
humoresk
humoresks
humourless
humoursome
humoursomeness
humoursomenesses
humous
humpen
humpens
humper
humpers
humpies
humpties
humpty
humstrum
humstrums
humusy
hundreder
hundreders
hundredfolds
hundredor
hundredors
hungerful
hungerly
hunkses
huntiegowk
huntiegowks
huntsmanship
huntsmanships
hupaithric
huppah
huppahs
hupped
hupping
hups
hurcheon
hurcheons
hurden
hurdens
hurdlings
hurds
hurlbarrow
hurlbarrows
hurlbat
hurlbats
hurra
hurraed
hurraing
hurras
hurricano
hurricanoes
hurryingly
hurryings
hurtleberries
hurtleberry
hurtlessly
hurtlessness
hurtlessnesses
husbandage
husbandages
husbandland
husbandlands
husbandless
husbandlike
hushabied
hushabies
hushabying
husher
hushered
hushering
hushers
hushier
hushiest
hushy
huso
husos
huss
husses
hussif
hussifs
hustlings
huswife
huswives
hutia
hutias
huttings
huzoor
huzoors
huzzies
huzzy
hwyl
hwyls
hyacine
hyacines
hyalinisation
hyalinisations
hyalinise
hyalinised
hyalinises
hyalinising
hyalinization
hyalinizations
hyalinize
hyalinized
hyalinizes
hyalinizing
hyalomelan
hyalomelane
hyalomelanes
hyalomelans
hyalonema
hyalonemas
hyalophane
hyalophanes
hybridisable
hybridisation
hybridisations
hybridise
hybridised
hybridiser
hybridisers
hybridises
hybridising
hybridizable
hybridomata
hybridous
hydatidiform
hydatoid
hydraemia
hydraemias
hydragogue
hydragogues
hydrargyral
hydrargyrism
hydrargyrisms
hydrargyrum
hydrargyrums
hydrarthroses
hydrarthrosis
hydraulicked
hydraulicking
hydremia
hydremias
hydria
hydriae
hydrically
hydriodic
hydrobromic
hydrocellulose
hydrocelluloses
hydrocephali
hydrocephalous
hydrochloric
hydrochlorofluorocarbon
hydrochlorofluorocarbons
hydrochore
hydrochores
hydrochoric
hydrocoralline
hydrocorallines
hydrocyanic
hydroextractor
hydroextractors
hydroferricyanic
hydroferrocyanic
hydrofluoric
hydrofluorocarbon
hydrofluorocarbons
hydrogasification
hydrogasifications
hydrogenise
hydrogenised
hydrogenises
hydrogenising
hydrogenize
hydrogenized
hydrogenizes
hydrogenizing
hydrogeologies
hydrogeologist
hydrogeologists
hydrogeology
hydrograph
hydrographical
hydrographically
hydrographs
hydrokinetics
hydrolyse
hydrolysed
hydrolysing
hydrolyte
hydrolytes
hydromagnetics
hydromania
hydromanias
hydromantic
hydromedusan
hydromedusans
hydromedusas
hydromedusoid
hydromedusoids
hydrometrical
hydrometries
hydrometry
hydronaut
hydronauts
hydronephroses
hydronephrosis
hydronephrotic
hydropathical
hydropathically
hydropathics
hydropathist
hydropathists
hydrophanous
hydrophilies
hydrophilite
hydrophilites
hydrophilous
hydrophily
hydrophobous
hydrophyton
hydrophytons
hydrophytous
hydropneumatic
hydropolyp
hydropolyps
hydropsies
hydropsy
hydroptic
hydropult
hydropults
hydroscope
hydroscopes
hydrosoma
hydrosomal
hydrosomata
hydrosomatous
hydrosome
hydrosomes
hydrostat
hydrostatical
hydrostats
hydrosulphide
hydrosulphides
hydrosulphite
hydrosulphites
hydrosulphuric
hydrotactic
hydrotaxes
hydrotaxis
hydrotheca
hydrothecae
hydrotherapeutic
hydrotherapeutics
hydrovane
hydrovanes
hydrozincite
hydrozincites
hydrozoa
hydrozoon
hydyne
hydynes
hye
hyed
hyeing
hyen
hyens
hyes
hyetograph
hyetographic
hyetographical
hyetographically
hyetographies
hyetographs
hyetography
hyetologies
hyetology
hyetometer
hyetometers
hyetometrograph
hyetometrographs
hygristor
hygristors
hygrochasies
hygrochastic
hygrochasy
hygrodeik
hygrodeiks
hygrographic
hygrographical
hygrologies
hygrology
hygrometrical
hygrometries
hygrometry
hygrophil
hygrophobe
hygroscope
hygroscopes
hygroscopical
hygrostat
hygrostats
hyke
hykes
hylding
hyldings
hyle
hyleg
hylegs
hyles
hylic
hylicism
hylicisms
hylicist
hylicists
hylism
hylisms
hylist
hylists
hylobate
hylobates
hylogeneses
hylogenesis
hyloist
hyloists
hylomorphic
hylomorphism
hylomorphisms
hylopathism
hylopathisms
hylopathist
hylopathists
hylophagous
hylophyte
hylophytes
hylotheism
hylotheisms
hylotheist
hylotheists
hylotomous
hylozoical
hymenaeal
hymenaean
hymenean
hymenophyllaceous
hymnic
hymnodist
hymnodists
hymnographer
hymnographers
hymnographies
hymnography
hymnologist
hymnologists
hynde
hyndes
hyoplastra
hyoplastral
hyoplastron
hyp
hypaethron
hypaethrons
hypalgesia
hypalgesias
hypalgesic
hypalgia
hypalgias
hypallactic
hypate
hypates
hyperacuses
hyperacusis
hyperacuteness
hyperacutenesses
hyperadrenalism
hyperadrenalisms
hyperaemia
hyperaemias
hyperaemic
hyperaesthesic
hyperalgesia
hyperalgesias
hyperalgesic
hyperbatic
hyperbatically
hyperbaton
hyperbatons
hyperbolise
hyperbolised
hyperbolises
hyperbolising
hyperbolism
hyperbolisms
hypercalcaemia
hypercalcaemias
hypercharging
hypercholesterolaemia
hypercholesterolaemias
hypercolour
hypercolours
hypercriticise
hypercriticised
hypercriticises
hypercriticising
hypercriticize
hypercriticized
hypercriticizes
hypercriticizing
hyperdactyl
hyperdactylies
hyperdactyly
hyperdorian
hyperdulia
hyperdulias
hyperemeses
hyperemesis
hyperemetic
hyperfocal
hypergamous
hyperglycaemia
hyperglycaemias
hyperidroses
hyperidrosis
hyperinoses
hyperinosis
hyperinotic
hyperlink
hyperlinks
hyperlydian
hypermart
hypermarts
hypermedia
hypermedias
hypernatraemia
hypernatraemias
hypernym
hypernymies
hypernyms
hypernymy
hyperphrygian
hyperpyretic
hypers
hypersarcoma
hypersarcomas
hypersarcomata
hypersarcoses
hypersarcosis
hypersensitisation
hypersensitisations
hypersensitise
hypersensitised
hypersensitises
hypersensitising
hypersensual
hypersomnia
hypersomnias
hypersonics
hypersthenia
hypersthenias
hypersthenite
hypersthenites
hyperstress
hyperstresses
hyperthermal
hypertrophical
hypertrophous
hyphenic
hyphenisation
hyphenisations
hyphenise
hyphenised
hyphenises
hyphenising
hyphenism
hyphenisms
hyphenization
hyphenizations
hyphenize
hyphenized
hyphenizes
hyphenizing
hypinoses
hypinosis
hypnic
hypnics
hypnogeneses
hypnogenesis
hypnogenetic
hypnogenic
hypnogenies
hypnogenous
hypnogeny
hypnoidise
hypnoidised
hypnoidises
hypnoidising
hypnoidize
hypnoidized
hypnoidizes
hypnoidizing
hypnologies
hypnology
hypnone
hypnones
hypnopaedia
hypnopaedias
hypnotee
hypnotees
hypnotisabilities
hypnotisability
hypnotisable
hypnotisation
hypnotisations
hypnotise
hypnotised
hypnotiser
hypnotisers
hypnotises
hypnotising
hypnotistic
hypnotization
hypnotizations
hypnotizer
hypnotizers
hypnotoid
hypnum
hypnums
hypoaeolian
hypoblastic
hypobole
hypoboles
hypocentre
hypocentres
hypochondriacism
hypochondriacisms
hypochondriasm
hypochondriasms
hypochondriast
hypochondriasts
hypochondrium
hypocist
hypocists
hypocorisma
hypocorismas
hypocotyledonary
hypocritic
hypocycloidal
hypoderma
hypodermas
hypodorian
hypoeutectic
hypogaea
hypogaeal
hypogaean
hypogaeous
hypogaeum
hypogastria
hypogastrium
hypoglycaemia
hypoglycaemias
hypoglycaemic
hypognathism
hypognathisms
hypognathous
hypoid
hypolydian
hypomagnesaemia
hypomagnesaemias
hypomenorrhea
hypomenorrheas
hypomenorrhoea
hypomenorrhoeas
hypomixolydian
hyponasties
hyponasty
hyponitrite
hyponitrites
hyponym
hyponymies
hyponyms
hyponymy
hypophosphite
hypophosphites
hypophrygian
hypoplastron
hypoplastrons
hypostasise
hypostasised
hypostasises
hypostasising
hypostasize
hypostasized
hypostasizes
hypostasizing
hypostatical
hypostatise
hypostatised
hypostatises
hypostatising
hypostress
hypostresses
hypostrophe
hypostrophes
hyposulphate
hyposulphates
hyposulphite
hyposulphites
hyposulphuric
hypothecary
hypothesise
hypothesised
hypothesises
hypothesising
hypothetic
hypothetise
hypothetised
hypothetises
hypothetising
hypothetize
hypothetized
hypothetizes
hypothetizing
hypotrochoid
hypotrochoids
hypotyposes
hypotyposis
hypoventilation
hypoventilations
hypoxaemia
hypoxaemias
hypoxaemic
hypped
hypping
hyps
hypsographies
hypsography
hypsometries
hypsometry
hypsophobe
hypsophobes
hypsophobia
hypsophobias
hypsophyll
hypsophyllary
hypsophylls
hypural
hyracoidea
hyracoideas
hysteranthous
hysterectomise
hysterectomised
hysterectomises
hysterectomising
hysterectomize
hysterectomizes
hysterectomizing
hysteresial
hystericky
hysteritis
hysteritises
hysterogenic
hysterogenies
hysterogeny
hysteroidal
hysteromania
hysteromanias
hythe
hythes
iambically
iambist
iambists
iambographer
iambographers
ianthine
iatrochemical
iatrochemist
iatrochemistries
iatrochemistry
iatrochemists
iatrogenicities
iatrogenicity
iatrogenies
iatrogeny
iberis
iberises
iceball
iceballs
icebreaking
icefield
icefields
icepack
icepacks
icer
icers
icestone
icestones
ichabod
iched
iches
iching
ichnographic
ichnographical
ichnographically
ichnographies
ichnography
ichnolite
ichnolites
ichnologies
ichnology
ichthic
ichthyocolla
ichthyocollas
ichthyodorulite
ichthyodorulites
ichthyodorylite
ichthyodorylites
ichthyoid
ichthyoidal
ichthyoids
ichthyolatries
ichthyolatrous
ichthyolatry
ichthyolite
ichthyolites
ichthyolitic
ichthyophagies
ichthyophagist
ichthyophagists
ichthyophagy
ichthyopsid
ichthyopsidan
ichthyopsidans
ichthyopsids
ichthyornis
ichthyornises
ichthyoses
ichthyosis
ichthyotic
ichthys
ichthyses
iconified
iconifies
iconify
iconifying
iconise
iconised
iconises
iconising
iconize
iconized
iconizes
iconizing
iconolater
iconolaters
iconologist
iconologists
iconomachies
iconomachist
iconomachists
iconomachy
iconomatic
iconomaticism
iconomaticisms
iconometer
iconometers
iconometries
iconometry
iconophilism
iconophilisms
iconophilist
iconophilists
iconostas
icosandrian
icosandrous
icositetrahedra
icositetrahedron
ictal
icterical
ictericals
icterid
icterids
icterine
icteritious
idant
idants
ide
ideaed
idealisation
idealisations
idealiser
idealisers
idempotencies
idempotency
identikit
identikits
ideographical
ideophone
ideophones
ideopraxist
ideopraxists
idioglossia
idioglossias
idiograph
idiographs
idiolectic
idiomatical
idiopathies
idiopathy
idiophone
idiophones
idioplasm
idioplasms
idiorhythmic
idiorrhythmic
idiosyncratical
idiotcies
idiotcy
idiothermous
idioticon
idioticons
idiotish
idlehood
idlehoods
idola
idolatress
idolatresses
idolatrise
idolatrised
idolatrises
idolatrising
idolatrize
idolatrized
idolatrizes
idolatrizing
idolise
idolised
idoliser
idolisers
idolises
idolising
idolist
idolists
idoloclast
idoloclasts
idolum
idoxuridine
idoxuridines
idyllian
igad
igapo
igapos
igarape
igarapes
ignaro
ignaroes
ignaros
ignescents
ignipotent
ignitibilities
ignitibility
ignobler
ignoblest
ignomies
ignomy
ignorants
ignoration
ignorations
iguanid
iguanids
ijtihad
ijtihads
ileitises
ileostomies
ileostomy
iliacus
iliacuses
ilices
ilkaday
ilkadays
illapse
illapsed
illapses
illapsing
illaqueable
illaqueate
illaqueated
illaqueates
illaqueating
illaqueation
illaqueations
illegalise
illegalised
illegalises
illegalising
illegibleness
illegiblenesses
illegitimated
illegitimateness
illegitimatenesses
illegitimates
illegitimating
illegitimation
illegitimations
illiad
illiads
illiberalise
illiberalised
illiberalises
illiberalising
illiberalize
illiberalized
illiberalizes
illiberalizing
illicitness
illicitnesses
illimitation
illimitations
illimited
illipe
illipes
illiquation
illiquations
illision
illisions
illocution
illocutions
illth
illths
illude
illuded
illudes
illuding
illuminer
illuminers
illupi
illupis
illustrateds
illustratory
imageable
imageless
imaginings
imaginist
imaginists
imari
imaris
imbar
imbark
imbarked
imbarking
imbarks
imbarred
imbarring
imbars
imbase
imbased
imbases
imbasing
imbathe
imbathed
imbathes
imbathing
imbodied
imbodies
imbody
imbodying
imborder
imbordered
imbordering
imborders
imbosk
imbosked
imbosking
imbosks
imboss
imbossed
imbosses
imbossing
imbrangle
imbrangled
imbrangles
imbrangling
imbrast
imbrex
imbricately
imbrices
imbroccata
imbroccatas
imbruement
imbruements
imburse
imbursed
imburses
imbursing
imitabilities
imitability
imitableness
imitablenesses
imitancies
imitancy
imitant
imitants
immaculateness
immaculatenesses
immanacle
immanacled
immanacles
immanacling
immanation
immanations
immanely
immanental
immanities
immanity
immantle
immantled
immantles
immantling
immarcescible
immarginate
immask
immasked
immasking
immasks
immaterialise
immaterialised
immaterialises
immaterialising
immaterially
immatureness
immaturenesses
immeasured
immediatism
immediatisms
immensurabilities
immensurability
immeritous
immersionism
immersionisms
immersionist
immersionists
immew
immewed
immewing
immews
imminute
imminution
imminutions
immiseration
immiserations
immiserisation
immiserisations
immiserise
immiserised
immiserises
immiserising
immiserization
immiserizations
immiserize
immiserized
immiserizes
immiserizing
immission
immissions
immit
immitigabilities
immitigability
immits
immitted
immitting
immobilisation
immobilisations
immobilise
immobilised
immobilises
immobilising
immoment
immomentous
immortalisation
immortalisations
immoveable
immoveables
immunifacient
immunisation
immunisations
immunise
immunised
immunises
immunising
immunodiagnostics
immunopathologically
immunophoreses
immunophoresis
immunotoxic
immunotoxin
immunotoxins
immunotransfusion
immunotransfusions
impacable
impactite
impactites
impairings
impaludism
impaludisms
impanate
impanation
impanations
impannel
impannelled
impannelling
impannels
imparidigitate
imparipinnate
imparisyllabic
imparkation
imparkations
imparl
imparlance
imparlances
imparled
imparling
imparls
impartable
impartialness
impartialnesses
impartibilities
impartibility
impassibleness
impassiblenesses
impassionate
impastation
impastations
impave
impaved
impaves
impavid
impavidly
impaving
impeacher
impeachers
impeccancies
impeccancy
impeccant
impedimental
impeditive
impellent
impellents
impendence
impendences
impendencies
impendency
impenetrate
impenetrated
impenetrates
impenetrating
impenetration
impenetrations
impenitencies
impenitency
impenitents
impennate
imperceable
imperceptibilities
imperceptibility
imperceptibleness
imperceptiblenesses
imperfectibilities
imperfectibility
imperfectible
imperfectively
imperforable
imperforated
imperforation
imperforations
imperialise
imperialised
imperialises
imperialising
imperialities
imperiality
imperialize
imperialized
imperializes
imperializing
impermeableness
impermeablenesses
impermeably
imperseverant
impersistent
impersonalise
impersonalised
impersonalises
impersonalising
imperturbation
imperturbations
imperviabilities
imperviability
imperviable
imperviableness
imperviablenesses
impeticos
impeticossed
impeticosses
impeticossing
impetigines
impetrative
impetratory
impi
impictured
impierceable
impies
impignorate
impignorated
impignorates
impignorating
impignoration
impignorations
impingent
impis
implacableness
implacablenesses
implacental
implate
implated
implates
implating
implausibleness
implausiblenesses
impleach
impleached
impleaches
impleaching
impleader
impleaders
impledge
impledged
impledges
impledging
implemental
implete
impleted
impletes
impleting
impletion
impletions
implex
implexes
implexion
implexions
implexuous
impliedly
implodent
implodents
imploration
implorations
implorator
implorators
imploratory
implunge
implunged
implunges
implunging
impluvia
impluvium
impocket
impocketed
impocketing
impockets
impolder
impoldered
impoldering
impolders
impoliter
impolitest
impoliticness
impoliticnesses
imponderableness
imponderablenesses
imponderous
imponent
imponents
importunacies
importunacy
importunings
imposable
imposingness
imposingnesses
impossibilism
impossibilisms
impossibilist
impossibilists
impossibles
imposthumate
imposthumated
imposthumates
imposthumating
imposthumation
imposthumations
imposthumed
impostumate
impostumated
impostumates
impostumating
impostumation
impostumations
impostumed
impot
impots
impoundable
impoundage
impoundages
impounder
impounders
impracticableness
impracticablenesses
impracticalness
impracticalnesses
impregn
impregned
impregning
impregns
impresari
imprescriptibilities
imprescriptibility
imprescriptible
impreses
impresse
imprisonable
improbation
improbations
improbities
improbity
impropriate
impropriated
impropriates
impropriating
impropriation
impropriations
impropriator
impropriators
improvableness
improvablenesses
improvably
improvingly
improvisate
improvisated
improvisates
improvisating
improvisatrix
improvisatrixes
impsonite
impsonites
impugnation
impugnations
impugnment
impugnments
impundulu
impundulus
impurer
impurest
impurple
impurpled
impurples
impurpling
imputableness
imputablenesses
imputably
imshi
imshy
inabstinence
inabstinences
inaccessibleness
inaccessiblenesses
inaccurateness
inaccuratenesses
inadaptable
inadaptation
inadaptations
inadaptive
inadequates
inadvisableness
inadvisablenesses
inaidable
inamorato
inamoratos
inanimation
inanimations
inappellable
inappetencies
inappetency
inappetent
inapplicableness
inapplicablenesses
inappreciation
inappreciations
inapprehensible
inapprehension
inapprehensions
inapprehensive
inapprehensiveness
inapprehensivenesses
inapproachabilities
inapproachability
inapproachably
inarable
inarm
inarmed
inarming
inarms
inarticulation
inarticulations
inartificial
inartificially
inaudibleness
inaudiblenesses
inauguratory
inaurate
inbent
inbreak
inbreaks
inbring
inbringing
inbringings
inbrings
inbrought
inburning
inburst
inbursts
inby
inbye
incage
incaged
incages
incaging
incalculableness
incalculablenesses
incantator
incantators
incapables
incapacious
incapaciousness
incapaciousnesses
incapsulate
incapsulated
incapsulates
incapsulating
incardinate
incardinated
incardinates
incardinating
incarvillea
incarvilleas
incasement
incasements
incatenation
incatenations
incave
incaved
incaves
incavi
incaving
incavo
incede
inceded
incedes
inceding
incedingly
incendivities
incendivity
incensation
incensations
incensement
incensements
incenser
incensers
incensor
incensories
incensors
incensory
incentivisation
incentivisations
incentivise
incentivised
incentivises
incentivising
incentivization
incentivizations
incentivize
incentivized
incentivizes
incentivizing
incentre
incentres
incertain
incertainties
incertainty
incessantness
incessantnesses
incharitable
inchase
inchased
inchases
inchasing
inchoated
inchoates
inchoating
inchoation
inchoations
inchpin
inchpins
incidentalness
incidentalnesses
incisiform
incisorial
incisory
incisure
incisures
incitative
incitatives
incitingly
incivism
incivisms
incle
incles
inclinableness
inclinablenesses
inclinatorium
inclinatoriums
inclinatory
incoagulable
incogitabilities
incogitability
incogitable
incogitancies
incogitancy
incogitative
incognisable
incognisance
incognisances
incognisant
incognizable
incoherencies
incoherency
incombustibleness
incombustiblenesses
incombustibly
incomer
incomers
incommensurableness
incommensurablenesses
incommensurately
incommensurateness
incommensuratenesses
incommiscible
incommunicableness
incommunicablenesses
incommunicatively
incommunicativeness
incommunicativenesses
incommutabilities
incommutability
incommutableness
incommutablenesses
incomparableness
incomparablenesses
incompared
incompatibleness
incompatiblenesses
incompletion
incompletions
incompliance
incompliances
incomposed
incomposite
incompossibilities
incompossibility
incompossible
incomprehensive
incomprehensiveness
incomprehensivenesses
incompressibilities
incompressibility
incompressibleness
incompressiblenesses
incomunicado
inconceivables
inconcinnous
inconclusion
inconclusions
incondensable
inconie
inconsciently
inconscionable
inconscious
inconsecutiveness
inconsecutivenesses
inconsolabilities
inconsolability
inconsonantly
inconstruable
incontiguous
incontiguously
incontiguousness
incontiguousnesses
incontrollably
incontrovertibilities
incontrovertibility
inconversable
inconversant
incony
incoordinate
incoronate
incoronated
incoronation
incoronations
incorporal
incorporall
incorporealities
incorporeality
incorpse
incorpsed
incorpses
incorpsing
incorrodible
incorrosible
incorruptibleness
incorruptiblenesses
incorruptive
incrassate
incrassated
incrassates
incrassating
incrassation
incrassations
incrassative
increaseful
increasings
incredulousness
incredulousnesses
incremate
incremated
incremates
incremating
incremation
incremations
incrementals
incremented
incrementing
incretion
incretions
incrossbred
incrossbreds
incrossbreed
incrossbreeding
incrossbreeds
incubous
inculcative
inculcatory
inculpably
incumbently
incunabular
incunabulist
incunabulists
incurabilities
incurability
incurableness
incurablenesses
incurrable
incursive
incurvities
incurvity
incut
indagative
indagatory
indapamide
indapamides
indart
indarted
indarting
indarts
indeciduate
indeciduous
indeclinably
indefensibleness
indefensiblenesses
indelibleness
indeliblenesses
indemonstrabilities
indemonstrability
indescribabilities
indescribability
indesignate
indetectable
indetectible
indeterminableness
indeterminablenesses
indetermined
indew
indewed
indewing
indews
indexal
indexless
indexterities
indexterity
indicial
indicolite
indicolites
indifferents
indigencies
indigency
indigenisation
indigenisations
indigenise
indigenised
indigenises
indigenising
indigently
indigest
indigestibly
indigestive
indigests
indignance
indignances
indignified
indignifies
indignify
indignifying
indigolite
indigolites
indirubin
indirubins
indiscernibilities
indiscernibility
indiscernibleness
indiscerniblenesses
indiscernibly
indiscerptibilities
indiscerptibility
indiscerptible
indiscrete
indiscretely
indiscreteness
indiscretenesses
indiscriminative
indisposedness
indisposednesses
indisputabilities
indisputability
indissolvable
indissuadable
indissuadably
indistinction
indistinctions
indistinctively
indistinctiveness
indistinctivenesses
indistributable
inditement
inditements
indivertible
individable
individua
individualisation
individualisations
individuum
individuums
indivisibleness
indivisiblenesses
indocible
indol
indolencies
indolency
indols
indraught
indraughts
indrench
indrenched
indrenches
indrenching
indrises
indubious
induciae
inductile
inductilities
inductility
inductional
inductivities
inductivity
indulgencies
indulgency
indulin
indulins
indumenta
indumentum
indumentums
induna
indunas
induplicate
induplicated
induplication
induplications
indusiate
industrialisation
industrialisations
induviae
induvial
induviate
indwellings
inebrious
inedibilities
inedibility
inelaborate
inelaborately
inelegancies
inelegancy
ineligibly
ineloquence
ineloquences
inepter
ineptest
inequable
inequation
inequations
inequipotent
inequitableness
inequitablenesses
ineradicableness
ineradicablenesses
inerasable
inerasably
inerasible
inerasibly
inerm
inermous
inerrabilities
inerrability
inerrable
inerrableness
inerrablenesses
inerrably
inerter
inertest
inerudite
inesculent
inescutcheon
inescutcheons
inessive
inessives
inestimabilities
inestimability
inestimableness
inestimablenesses
inexcitable
inexcusabilities
inexcusability
inexecrable
inexecutable
inexecution
inexecutions
inexhausted
inexhaustive
inexistant
inexpansible
inexpectancies
inexpectancy
inexpectant
inexpectation
inexpectations
inexpiableness
inexpiablenesses
inexpressibles
inexpugnabilities
inexpugnability
inextended
inextensibilities
inextensibility
inextensible
inextension
inextensions
inextinguishableness
inextinguishablenesses
inextirpable
infallibilism
infallibilisms
infallibilist
infallibilists
infame
infamed
infames
infaming
infamise
infamised
infamises
infamising
infamize
infamized
infamizes
infamizing
infamonise
infamonised
infamonises
infamonising
infamonize
infamonized
infamonizes
infamonizing
infangthief
infangthiefs
infanthood
infanthoods
infaust
infeasibleness
infeasiblenesses
infectiveness
infectivenesses
infecundities
infecundity
infeft
infefted
infefting
infeftment
infeftments
infefts
infelt
infere
infernalities
infernality
inferrable
infeudation
infeudations
infibulate
infibulated
infibulates
infibulating
infibulation
infibulations
inficete
infill
infilled
infilling
infillings
infills
infimum
infimums
infinitant
infinitary
infinitate
infinitated
infinitates
infinitating
infirmarer
infirmarers
infirmarian
infirmarians
infirmer
infirmest
infirmness
infirmnesses
inflamable
inflatingly
inflative
inflectionless
inflexional
inflexionless
inflexure
inflexures
inflowing
inflowings
influxion
influxions
infobahn
infobahns
infomania
infomanias
infopreneurial
inforce
inforced
inforces
inforcing
informatician
informaticians
informidable
infortune
infortunes
infosphere
infospheres
infracostal
infractor
infractors
infragrant
inframaxillary
infrangibleness
infrangiblenesses
infraorbital
infraposed
infraposition
infrapositions
infrasound
infrasounds
infrastructural
infructuous
infructuously
infula
infulae
infundibulate
infuscate
infusoria
infusorial
infusory
ingan
ingans
ingate
ingates
ingeminate
ingeminated
ingeminates
ingeminating
ingemination
ingeminations
ingener
ingenerate
ingenerated
ingenerates
ingenerating
ingeners
ingenium
ingeniums
ingenus
ingine
ingines
ingleneuk
ingleneuks
inglobe
inglobed
inglobes
inglobing
ingluvial
ingluvies
ingo
ingoes
ingoings
ingram
ingrateful
ingrately
ingravescent
ingroove
ingrooved
ingrooves
ingrooving
ingross
ingrossed
ingrosses
ingrossing
ingrum
ingulph
ingulphed
ingulphing
ingulphs
inhabitance
inhabitances
inhabitiveness
inhabitivenesses
inhabitor
inhabitors
inhabitress
inhabitresses
inhalatoria
inhalatorium
inhalatoriums
inharmonical
inharmonicities
inharmonicity
inhaust
inhausted
inhausting
inhausts
inhearse
inhearsed
inhearses
inhearsing
inherce
inherced
inherces
inhercing
inherencies
inherency
inhibiter
inhibiters
inholder
inholders
inhoop
inhooped
inhooping
inhoops
inhumate
inhumated
inhumates
inhumating
inimicalities
inimicality
inimicalness
inimicalnesses
inimicitious
inimitabilities
inimitability
inisle
inisled
inisles
inisling
initialisation
initialisations
initialise
initialised
initialises
initialising
initiatories
injellied
injellies
injelly
injellying
injera
injeras
injoint
injointed
injointing
injoints
injudicial
injudicially
injunct
injuncted
injuncting
injunctively
injuncts
inkholder
inkholders
inkled
inkpot
inkpots
inkspot
inkspots
inlayings
inlock
inlocked
inlocking
inlocks
inlying
inmarriage
inmarriages
innative
innavigable
innavigably
innerwear
innerwears
innocuities
innocuity
innominable
innominables
innovationist
innovationists
innoxious
innoxiously
innoxiousness
innoxiousnesses
innuendoed
innuendoing
innumerabilities
innumerability
innumerableness
innumerablenesses
innutrient
innutrition
innutritions
innutritious
innyard
innyards
inobedience
inobediences
inobedient
inobediently
inobservable
inobservation
inobservations
inobtrusive
inobtrusively
inobtrusiveness
inobtrusivenesses
inoccupation
inoccupations
inoculabilities
inoculability
inoculable
inoculatory
inodorous
inodorously
inodorousness
inodorousnesses
inofficious
inofficiously
inofficiousness
inofficiousnesses
inoperabilities
inoperability
inoperableness
inoperablenesses
inoperably
inopinate
inopportunities
inopportunity
inorb
inorbed
inorbing
inorbs
inordinacies
inordinacy
inordination
inordinations
inorganisation
inorganisations
inorganised
inorganization
inorganizations
inorganized
inornate
inpayment
inpayments
inputter
inputters
inqilab
inqilabs
inquere
inquered
inqueres
inquering
inquiet
inquieted
inquieting
inquietly
inquiets
inquilinic
inquilinics
inquilinism
inquilinisms
inquilinities
inquilinity
inquilinous
inquinate
inquinated
inquinates
inquinating
inquination
inquinations
inquiration
inquirations
inquirendo
inquirendos
inquisitorialness
inquisitorialnesses
inquisitress
inquisitresses
inquisiturient
inquorate
inrushing
inrushings
insalivate
insalivated
insalivates
insalivating
insalivation
insalivations
insalubriously
insalutary
insanie
insanies
insanitariness
insanitarinesses
insatieties
insatiety
inscience
insciences
inscient
insconce
insconced
insconces
insconcing
inscribable
insculpt
insculpture
insculptured
insculptures
insculpturing
inseamed
inseaming
insectaria
insectarium
insectariums
insectiform
insectifuge
insectifuges
insection
insections
insectologies
insectologist
insectologists
insectology
inseem
inseemed
inseeming
inseems
insensateness
insensatenesses
insensuous
insentiencies
insentiency
inseparate
insertable
insessorial
inseverable
inshallah
insheathe
insheathes
inshell
inshelled
inshelling
inshells
inshelter
insheltered
insheltering
inshelters
inship
inshipped
inshipping
inships
insignificative
insinew
insinewed
insinewing
insinews
insinuatory
insipidness
insipidnesses
insipience
insipiences
insipient
insipiently
insolidities
insolidity
insolubilise
insolubilised
insolubilises
insolubilising
insolvabilities
insolvability
insomnious
insomnolence
insomnolences
insooth
insoulment
insoulments
inspectingly
inspectional
inspectorial
inspirable
inspirationism
inspirationisms
inspirationist
inspirationists
inspirative
inspiringly
installant
installants
instantial
instatement
instatements
instaurator
instaurators
instigatingly
instilment
instilments
instinctivities
instinctivity
institorial
institutionalisation
institutionalisations
institutionary
institutist
institutists
institutive
institutively
instreaming
instreamings
instress
instressed
instresses
instressing
instructible
insubjection
insubjections
insubstantially
insucken
insufficience
insufficiences
insula
insulae
insulas
insulinase
insulinases
insulse
insulsities
insulsity
insultable
insultant
insultment
insultments
insuperabilities
insuperability
insuperableness
insuperablenesses
insupportableness
insupportablenesses
insuppressibly
insurancer
insurancers
insurant
insurants
insurmountabilities
insurmountability
insurmountableness
insurmountablenesses
insurrectionism
insurrectionisms
insusceptive
insusceptively
inswathe
inswathed
inswathes
inswathing
inswing
inswinger
inswingers
inswings
intagliated
integrant
intellected
intellectualise
intellectualised
intellectualises
intellectualising
intelligentzia
intelligentzias
intemerate
intemerately
intemperant
intemperants
intempestive
intempestively
intempestivities
intempestivity
intenable
intendancies
intendancy
intendered
intendering
intenible
intensate
intensated
intensates
intensating
intensative
intensitive
intentioned
intentive
interactionism
interactionisms
interactionist
interactionists
interambulacra
interambulacral
interambulacrum
interbeddings
interbrain
interbrains
interbreedings
intercalar
intercalative
intercedent
interceptive
intercessorial
interchangement
interchangements
interchapter
interchapters
intercipient
intercipients
interclude
intercluded
intercludes
intercluding
interclusion
interclusions
intercolline
intercolonially
intercolumnar
intercommune
intercommuned
intercommunes
intercommunicable
intercommuning
interconnector
interconnectors
interconnexion
interconnexions
intercooled
intercrural
intercurrence
intercurrences
interdash
interdashed
interdashes
interdashing
interdeal
interdealing
interdeals
interdealt
interdigital
interdine
interdined
interdines
interdining
interess
interesse
interessed
interesses
interessing
interestedness
interestednesses
interfascicular
interfemoral
interfenestration
interfenestrations
interferingly
interflowed
interflowing
interflows
interfluence
interfluences
interfluent
interfluous
interfolded
interfolding
interfolds
interfoliate
interfoliated
interfoliates
interfoliating
interfretted
interfrontal
intergrew
intergrow
intergrowing
intergrown
intergrows
interjacencies
interjacency
interjacent
interjaculate
interjaculated
interjaculates
interjaculating
interjaculatory
interjectionary
interjectural
interjoin
interjoined
interjoining
interjoins
interkineses
interkinesis
interknit
interknits
interknitted
interknitting
interlaminate
interlaminated
interlaminates
interlaminating
interlamination
interlaminations
interleaf
interlingua
interlingual
interlingually
interlinguas
interlocation
interlocations
interlocution
interlocutions
interlocutress
interlocutresses
interlocutrice
interlocutrices
interlocutrix
interlocutrixes
interluded
interludial
interluding
interlunation
interlunations
intermaxilla
intermaxillae
intermaxillaries
intermaxillary
intermedia
intermedial
intermediator
intermediators
intermediatory
intermedium
intermediums
intermigration
intermigrations
intermissive
intermundane
intermure
intermured
intermures
intermuring
internalisation
internalisations
internationalisation
internationalisations
internationalistic
internecive
interneural
internodial
interocular
interosculant
interosculate
interosculated
interosculates
interosculating
interosculation
interosculations
interosseal
interosseous
interpage
interpaged
interpages
interpaging
interparietal
interpellant
interpellants
interpenetrable
interpenetrant
interpenetrative
interpetiolar
interphone
interphones
interpilaster
interpilasters
interpleural
interpolable
interpolar
interpolater
interpolaters
interpone
interponed
interpones
interponing
interposal
interpretate
interpretated
interpretates
interpretating
interpretership
interpreterships
interpretess
interpretesses
interpretress
interpretresses
interpunction
interpunctions
interpunctuate
interpunctuated
interpunctuates
interpunctuating
interpunctuation
interpunctuations
interradial
interradially
interradii
interradius
interrail
interrailed
interrailer
interrailers
interrailing
interrails
interramal
interramification
interramifications
interregal
interrogable
interrogant
interrogants
interruptedly
interruptively
interscapular
interscribe
interscribed
interscribes
interscribing
interseptal
intersert
intersertal
interserted
interserting
interserts
intersidereal
interspatial
interspatially
interspersal
interspersals
interspinal
interspinous
interstellary
interstitials
intertangle
intertangled
intertanglement
intertanglements
intertangles
intertangling
intertarsal
intertentacular
intertext
intertexts
intertextual
intertextualities
intertextuality
intertexture
intertextures
intertissued
intertraffic
intertraffics
intertrigo
intertrigos
intertwiningly
intertwinings
intertwistingly
intervalla
intervallum
intervallums
intervein
interveined
interveining
interveins
intervenient
interventor
interventors
intervital
intervolve
intervolved
intervolves
intervolving
interwind
interwinding
interwinds
interwound
interwreathe
interwreathed
interwreathes
interwreathing
interzones
intifada
intifadas
intil
intimism
intimisms
intimities
intimity
intire
intoed
intolerants
intoleration
intolerations
intonator
intonators
intoningly
intonings
intorsion
intorsions
intorted
intortion
intortions
intoximeter
intoximeters
intracapsular
intracavitary
intractableness
intractablenesses
intrada
intradas
intrafallopian
intramedullary
intramercurial
intramundane
intranational
intranet
intranets
intransigeancies
intransigeancy
intransigeantism
intransigeantisms
intransigeantist
intransigeantists
intransigencies
intransigency
intransigentism
intransigentisms
intransigentist
intransigentists
intransmissible
intransmutabilities
intransmutability
intransmutable
intrant
intrants
intraparietal
intrapetiolar
intrasexual
intraterritorial
intravasation
intravasations
intreatable
intreatfull
intreaties
intreatingly
intreative
intreatment
intreatments
intreaty
intrenchant
intrenchment
intrenchments
intrigante
intrigantes
intriguante
intriguantes
intrince
intrinsicalities
intrinsicality
intrinsicalness
intrinsicalnesses
intrinsicate
introducible
introductive
introitus
introituses
introld
intromissive
introrsely
introsusception
introsusceptions
introversible
introvertive
intrusionist
intrusionists
intuitionalism
intuitionalisms
intuitionalist
intuitionalists
intuitivism
intuitivisms
intumesce
intumesced
intumesces
intumescing
inturbidate
inturbidated
inturbidates
inturbidating
intuse
intuses
inula
inulas
inumbrate
inumbrated
inumbrates
inumbrating
inurbanely
inurbanities
inurbanity
inuredness
inurednesses
inusitate
inusitation
inusitations
inust
inustion
inustions
inutterable
invalidhood
invalidhoods
invalidings
invalidness
invalidnesses
invariableness
invariablenesses
inveagle
inveagled
inveagles
inveagling
invecked
invected
invendibilities
invendibility
invendible
inventable
inventible
inveracities
inveracity
invertedly
invertin
invertins
invertor
invertors
investigable
investitive
inveterateness
inveteratenesses
invexed
invigorant
invigorants
inviolated
invious
invitement
invitements
invitingness
invitingnesses
invitings
involucel
involucellate
involucels
invultuation
invultuations
inwall
inwalled
inwalling
inwalls
inwick
inwicked
inwicking
inwicks
inwit
inwith
inwits
inwork
inworked
inworking
inworkings
inworks
inworn
inwreathe
inwreathed
inwreathes
inwreathing
inwrought
inyala
inyalas
io
iodometric
iodophile
ioduret
iodurets
iodyrite
iodyrites
ionisation
ionisations
ioniser
ionisers
ionomer
ionomers
ionopause
ionopauses
ionophoreses
ionophoresis
ios
ippon
ippons
ipratropium
ipratropiums
iprindole
iprindoles
ipselateral
iracundities
iracundity
iracundulous
irefulness
irefulnesses
irenicism
irenicisms
irenicon
irenicons
irenologies
irenology
iridaceous
iridal
irideal
iridectomies
iridectomy
iridial
iridian
iridisation
iridisations
iridise
iridised
iridises
iridising
iridization
iridizations
iridize
iridized
iridizes
iridizing
iridodiagnostics
iridosmium
iridosmiums
iridotomies
iridotomy
irisate
irisated
irisates
irisating
irisation
irisations
iriscope
iriscopes
ironier
ironiest
ironise
ironised
ironises
ironising
ironsmith
ironsmiths
irradiancies
irradiancy
irradiant
irradicate
irradicated
irradicates
irradicating
irrationalise
irrationalised
irrationalises
irrationalising
irrationalize
irrationalized
irrationalizes
irrationalizing
irrealisable
irrealizable
irrebuttable
irreceptive
irreciprocal
irreciprocities
irreciprocity
irreclaimabilities
irreclaimability
irreclaimableness
irreclaimablenesses
irrecognisable
irrecognition
irrecognitions
irrecognizable
irreconciled
irreconcilement
irreconcilements
irredeemabilities
irredeemability
irredeemableness
irredeemablenesses
irredeemables
irreducibleness
irreduciblenesses
irreductibilities
irreductibility
irreduction
irreductions
irreflection
irreflections
irreflective
irreflexion
irreflexions
irreformably
irrefragableness
irrefragablenesses
irrefrangibilities
irrefrangibility
irrefrangible
irrefrangibleness
irrefrangiblenesses
irrefrangibly
irrefutableness
irrefutablenesses
irrelated
irrelation
irrelations
irrelativeness
irrelativenesses
irreligiousness
irreligiousnesses
irremeably
irremissibilities
irremissibility
irremissible
irremissibleness
irremissiblenesses
irremission
irremissions
irremissive
irremovableness
irremovablenesses
irrenowned
irrepairable
irreparabilities
irreparability
irrepealableness
irrepealablenesses
irrepealably
irrepleviable
irreplevisable
irreprehensible
irreprehensibleness
irreprehensiblenesses
irreprehensibly
irrepressibleness
irrepressiblenesses
irreprovable
irreprovableness
irreprovablenesses
irreprovably
irresistance
irresistances
irresolubilities
irresolubility
irresolubly
irresolvabilities
irresolvability
irresolvableness
irresolvablenesses
irresolvably
irrespective
irrespectively
irrespirable
irresponsively
irrestrainable
irresuscitable
irresuscitably
irretention
irretentions
irretentive
irretentiveness
irretentivenesses
irretrievableness
irretrievablenesses
irreverential
irreversibleness
irreversiblenesses
irrigable
irrigational
irrigative
irriguous
irrision
irrisions
irrisory
irritancies
irritancy
irritator
irritators
isabel
isabella
isabellas
isabelline
isabellines
isabels
isapostolic
isatine
isatines
ischaemic
ischiadic
ischiatic
ischuretic
ischuretics
ischuria
ischurias
isenergic
ish
ishes
isleman
islemen
islesman
islesmen
ismatic
ismatical
ismaticalness
ismaticalnesses
iso
isoagglutination
isoagglutinations
isoaminile
isoaminiles
isobarometric
isobase
isobases
isobathic
isobilateral
isobront
isobronts
isochasm
isochasmic
isochasms
isocheimal
isocheimals
isocheimenal
isocheimenals
isocheimic
isochimal
isochimals
isochoric
isochromatic
isochronise
isochronised
isochronises
isochronising
isochronize
isochronized
isochronizes
isochronizing
isoclinal
isoclinals
isoclinic
isoclinics
isocratic
isocrymal
isocrymals
isocryme
isocrymes
isocyanide
isocyanides
isodiametrical
isodiaphere
isodiapheres
isodica
isodicon
isodimorphic
isodimorphism
isodimorphisms
isodimorphous
isodoma
isodomon
isodomons
isodomous
isodomum
isodont
isodontal
isodontals
isodonts
isodynamic
isodynamics
isoetes
isogamic
isogenetic
isogenous
isogeotherm
isogeothermal
isogeothermals
isogeothermic
isogeothermics
isogeotherms
isoglottal
isoglottic
isohyetals
isoimmunisation
isoimmunisations
isoimmunization
isoimmunizations
isokinetic
isokont
isokontan
isokontans
isokonts
isolabilities
isolability
isolative
isolecithal
isologous
isomagnetic
isomagnetics
isomere
isomeres
isomerisation
isomerisations
isomerise
isomerised
isomerises
isomerising
isomerous
isometrical
isoniazide
isoniazides
isonomous
isoperimeter
isoperimeters
isoperimetrical
isoperimetries
isoperimetry
isopodous
isopolities
isopolity
isopterous
isorhythmic
isos
isoseismal
isoseismals
isoseismic
isospories
isosporous
isospory
isostemonous
isosteric
isothenuria
isothenurias
isotheral
isotherals
isothermals
isotretinoin
isotretinoins
isotron
isotrons
isotropism
isotropisms
isotropous
isoxsuprine
isoxsuprines
ita
itacism
itacisms
itacolumite
itacolumites
italicisation
italicisations
itas
itchweed
itchweeds
ithyphalli
ithyphallus
ithyphalluses
itineracies
itineracy
ivoried
ivorist
ivorists
ixodiases
ixodiasis
izard
izards
izvestia
izvestias
izvestiya
izvestiyas
izzat
izzats
jabberingly
jabberings
jabberwock
jabberwocks
jabble
jabbled
jabbles
jabbling
jabers
jacchus
jacchuses
jacent
jackalled
jackalling
jackaroo
jackarooed
jackarooing
jackaroos
jackbooting
jackeen
jackeens
jackeroo
jackerooed
jackerooing
jackeroos
jackman
jackmen
jackshaft
jackshafts
jacksie
jacksies
jacksmith
jacksmiths
jacksy
jactation
jactations
jaculate
jaculated
jaculates
jaculating
jaculation
jaculations
jaculator
jaculators
jaculatory
jacuzzi
jacuzzis
jaderies
jadery
jaghir
jaghirdar
jaghirdars
jaghire
jaghires
jaghirs
jagir
jagirs
jaileress
jaileresses
jailoress
jailoresses
jak
jakeses
jaks
jaloppies
jaloppy
jalouse
jaloused
jalouses
jalousied
jalousing
jamadar
jamadars
jamahiriya
jamahiriyas
jambee
jambees
jamber
jambers
jambeux
jambier
jambiers
jambiya
jambiyah
jambiyahs
jambiyas
jambo
jambok
jambokked
jambokking
jamboks
jambolan
jambolana
jambolanas
jambolans
jambone
jambones
jambool
jambools
jambos
jambu
jambul
jambuls
jambus
jamdani
jamdanis
james
jameses
jamjar
jamjars
jampan
jampanee
jampanees
jampani
jampanis
jampans
jampot
jampots
jandal
jandals
janglings
janitorship
janitorships
janitress
janitresses
janitrix
janitrixes
janizar
janizarian
janizars
janker
jankers
jann
jannock
jannocks
janns
jansky
janskys
jantee
jantier
janties
jantiest
janty
jap
japings
japped
japping
japs
jararaca
jararacas
jararaka
jararakas
jargoneer
jargoneers
jargonelle
jargonelles
jargonisation
jargonisations
jargonise
jargonised
jargonises
jargonising
jargonist
jargonists
jargonization
jargonizations
jark
jarkman
jarkmen
jarks
jarool
jarools
jarrings
jarta
jartas
jarul
jaruls
jarvey
jarveys
jarvie
jarvies
jasey
jaseys
jasies
jasp
jaspe
jasperise
jasperised
jasperises
jasperising
jasperize
jasperized
jasperizes
jasperizing
jasperous
jaspes
jaspidean
jaspideous
jaspis
jaspises
jasps
jass
jasses
jasy
jataka
jatakas
jaunse
jaunsed
jaunses
jaunsing
jauntee
jauntie
jaunties
jaup
jauped
jauping
jaups
javel
javels
jawan
jawans
jawari
jawaris
jawbation
jawbations
jawbox
jawboxes
jawbreaking
jawbreakingly
jawbreakings
jawdroppingly
jawfall
jawfalls
jawhole
jawholes
jawings
jaywalkings
jazerant
jazerants
jazies
jazy
jealouse
jealoused
jealouses
jealoushood
jealoushoods
jealousing
jeanette
jeanettes
jeat
jeats
jeed
jeeing
jeel
jeeled
jeelie
jeelied
jeelieing
jeelies
jeeling
jeels
jeely
jeelying
jeerings
jees
jeff
jeffed
jeffing
jeffs
jeistiecor
jeistiecors
jejunities
jejunity
jelab
jelabs
jelliform
jello
jellos
jellybean
jellybeans
jellygraph
jellygraphed
jellygraphing
jellygraphs
jemidar
jemidars
jemima
jemimas
jemmier
jemmiest
jemminess
jemminesses
jenneting
jennetings
jeofail
jeofails
jeoparder
jeoparders
jeopardied
jeopardous
jeopardously
jeopardying
jequirities
jequirity
jerbil
jerbils
jereed
jereeds
jerfalcon
jerfalcons
jerid
jerids
jerkings
jerkinhead
jerkinheads
jerkwaters
jerque
jerqued
jerquer
jerquers
jerques
jerquing
jerquings
jerries
jerry
jerrymander
jerrymandered
jerrymandering
jerrymanders
jessamies
jessamy
jessant
jesserant
jesserants
jessie
jessies
jestbook
jestbooks
jestee
jestees
jestful
jestingly
jestings
jesus
jetfoil
jetfoils
jeton
jetons
jetplane
jetplanes
jetson
jetsons
jetstream
jetstreams
jettatura
jettaturas
jettiness
jettinesses
jetton
jettons
jewelfish
jewelfishes
jezail
jezails
jhala
jhalas
jiaos
jibbah
jibbahs
jibbered
jibbering
jibbings
jickajog
jickajogged
jickajogging
jickajogs
jigajig
jigajigged
jigajigging
jigajigs
jigajog
jigajogged
jigajogging
jigajogs
jigamaree
jigamarees
jiggings
jiggish
jiggumbob
jiggumbobs
jigjig
jigjigged
jigjigging
jigjigs
jigot
jigots
jilgie
jilgies
jillaroo
jillaroos
jillet
jillets
jillflirt
jillflirts
jimcrack
jimcracks
jiminy
jimjam
jimp
jimper
jimpest
jimpier
jimpiest
jimply
jimpness
jimpnesses
jimpy
jingal
jingals
jingbang
jingbangs
jinglet
jinglets
jinjili
jinjilis
jinker
jinkers
jinrickshaw
jinrickshaws
jipyapa
jipyapas
jirble
jirbled
jirbles
jirbling
jird
jirds
jirga
jirgas
jirkinet
jirkinets
jissom
jissoms
jiz
jizz
jizzes
joanna
joannas
joannes
joanneses
jobation
jobations
jobbie
jobbies
jobbings
jobcentre
jobcentres
jobe
jobed
jobernowl
jobernowls
jobes
jobing
jobshare
jobshares
jobsworth
jobsworths
jockeyism
jockeyisms
jockeyship
jockeyships
jockney
jockneys
jockteleg
jocktelegs
joco
jocoserious
joculator
joculators
jocundness
jocundnesses
jodel
jodelled
jodelling
jodels
jogpants
jogtrot
jogtrots
johanneses
johnnie
jointless
jointness
jointnesses
jointuress
jointuresses
jointuring
jokesmith
jokesmiths
jokesome
jokol
jole
joled
joles
joling
joll
jolled
jolley
jolleyer
jolleyers
jolleying
jolleyings
jolleys
jolliment
jolliments
jolliness
jollinesses
jolling
jolls
jollyboat
jollyboats
jollyer
jollyers
jollyhead
jollyheads
jollyings
jolterhead
jolterheads
jolthead
joltheads
joltingly
jomo
jomos
joncanoe
joncanoes
jonties
jonty
jook
jooked
jookeries
jookery
jooking
jooks
jor
jordan
jordans
jordeloo
jordeloos
jors
josephinite
josephinites
joskin
joskins
josser
jossers
jostlement
jostlements
jostlings
jotun
jotunn
jotunns
jotuns
jougs
jouisance
jouisances
jouk
jouked
joukeries
joukery
jouking
jouks
jouled
jouling
journalise
journalised
journalises
journalising
journalled
journalling
journo
journos
jouysaunce
jouysaunces
jovialness
jovialnesses
jovysaunce
jovysaunces
jowari
jowaris
jowed
jowing
jowler
jowlers
jowling
jubate
jube
jubes
jubilancies
jubilancy
jud
judgemental
judicable
judication
judications
judicative
judicator
judicators
judies
judogi
judogis
juds
judy
jugals
juggings
juggins
jugginses
jugglingly
jugglings
juglandaceous
juglet
juglets
jukskei
jukskeis
jumar
jumarred
jumarring
jumars
jumart
jumarts
jumbie
jumbies
jumblier
jumbliest
jumblingly
jumbly
jumboise
jumboised
jumboises
jumboising
jumboize
jumboized
jumboizes
jumboizing
jumby
jumelle
jumelles
jumhouriya
jumhouriyas
jumpable
juncaceous
juncate
juncates
juncus
juncuses
juneating
juneatings
jungli
junglis
junglist
junglists
juniorities
juniority
junkanoo
junkanoos
junketings
junkiness
junkinesses
jupati
jupatis
jurant
jurants
jurisdictive
juristical
jurymast
jurymasts
jurywoman
jurywomen
justicer
justicers
justiceship
justiceships
justicialism
justicialisms
justiciaries
justiciary
justifiableness
justifiablenesses
justificator
justificators
juttingly
juve
juvenal
juvenals
juvenilely
juvenileness
juvenilenesses
juves
jymold
jynx
jynxes
kaama
kaamas
kababbed
kababbing
kabaddi
kabaddis
kabaya
kabayas
kabele
kabeles
kabeljou
kabeljous
kabeljouw
kabeljouws
kabobbed
kabobbing
kaccha
kacchas
kacha
kachahri
kachahris
kachcha
kacheri
kacheris
kade
kades
kae
kaed
kaeing
kaes
kafila
kafilas
kago
kagool
kagools
kagos
kagoul
kagoule
kagoules
kagouls
kahal
kahals
kahawai
kahawais
kai
kaiaked
kaiaking
kaid
kaids
kaie
kaies
kaikai
kaikais
kailyaird
kailyairds
kailyard
kailyards
kaim
kaimakam
kaimakams
kaims
kain
kaing
kainogeneses
kainogenesis
kains
kais
kaisership
kaiserships
kaizen
kaizens
kajawah
kajawahs
kakistocracies
kakistocracy
kakodyl
kakodyls
kalamdan
kalamdans
kalamkari
kalamkaris
kalashnikov
kalashnikovs
kaleidophone
kaleidophones
kalendar
kalendared
kalendaring
kalendars
kali
kalian
kalians
kalinite
kalinites
kalis
kalium
kaliums
kallitype
kallitypes
kalotype
kalotypes
kalpis
kalpises
kalsomine
kalsomined
kalsomines
kalsomining
kalumpit
kalumpits
kalyptra
kalyptras
kam
kama
kamas
kamees
kameeses
kameez
kameezes
kamela
kamelas
kamelaukion
kamelaukions
kamerad
kameraded
kamerading
kamerads
kamichi
kamichis
kamik
kamiks
kamila
kamilas
kamis
kamises
kamme
kanaka
kanakas
kandies
kandy
kaneh
kanehs
kang
kanga
kangarooed
kangarooing
kangas
kangha
kanghas
kangs
kans
kanses
kant
kantar
kantars
kanted
kantela
kantelas
kanten
kantens
kantha
kanthas
kantikoy
kantikoyed
kantikoying
kantikoys
kanting
kants
kanzu
kanzus
kaoliang
kaoliangs
kaolinise
kaolinised
kaolinises
kaolinising
kaolinize
kaolinized
kaolinizes
kaolinizing
kaolinoses
kaolinosis
kara
karaism
karaisms
karait
karaits
karaka
karakas
karas
karateka
karatekas
karite
karites
kark
karked
karking
karks
karri
karris
karsey
karseys
karsies
karstification
karstifications
karstified
karstifies
karstify
karstifying
karsy
karter
karters
karyogram
karyograms
karyolyses
karyolysis
karyon
karyons
karyoplasm
karyoplasms
karzies
karzy
kashrus
kashruses
katabases
katabasis
katabolism
katabolisms
katabothron
katabothrons
katadromous
katathermometer
katathermometers
katavothron
katavothrons
kathak
kathakali
kathakalis
kathaks
katharevousa
katharevousas
katharometer
katharometers
kati
katipo
katipos
katis
katti
kattis
kaugh
kaughs
kaurigum
kaurigums
kavass
kavasses
kaw
kawed
kawing
kaws
kayle
kayles
kayoings
kazatzka
kazatzkas
kazi
kazis
keasar
keasars
keavie
keavies
keb
kebabbed
kebabbing
kebbed
kebbie
kebbies
kebbing
kebele
kebeles
keblah
keblahs
kebobbed
kebobbing
kebs
keckle
keckled
keckles
keckling
kecklings
keckses
kecksies
kecksy
ked
keddah
keddahs
kedger
kedgers
kedgier
kedgiest
kedgy
keds
keech
keeches
keeker
keekers
keeler
keelers
keelhaulings
keelie
keelies
keelings
keelivine
keelivines
keelman
keelmen
keelyvine
keelyvines
keenings
keeperless
keepership
keeperships
keepnet
keepnets
keepsaky
keeve
keeves
keffel
keffels
kefuffle
kefuffled
kefuffles
kefuffling
keight
keir
keirs
keitloa
keitloas
keks
keksye
keksyes
kell
kellaut
kellauts
kells
kelper
kelpers
kelt
kelter
kelters
keltie
kelties
kelts
kelty
kemb
kembed
kembing
kembo
kemboed
kemboing
kembos
kembs
kemped
kemper
kempers
kemping
kempings
kemple
kemples
kenner
kenners
kennet
kennets
kenophobia
kenophobias
kenoses
kenoticist
kenoticists
kenspeck
kented
kentia
kentias
kenting
kents
kep
kephalic
kephalics
kephir
kephirs
kepping
keppit
keps
keramics
keratinisation
keratinisations
keratinise
keratinised
keratinises
keratinising
keratitises
keratogenous
keratometer
keratometers
keratophyre
keratophyres
keratotomies
keratotomy
keraunograph
keraunographs
kerbside
kerbsides
kerbstone
kerbstones
kerchiefing
kerfuffled
kerfuffling
kermesite
kermesites
kernelly
kernicterus
kernicteruses
kernings
kernish
kersantite
kersantites
kerve
kerved
kerves
kerving
kerygmas
kesar
kesars
kesh
keshes
kest
kesting
kests
ket
keta
ketamine
ketamines
ketas
ketching
ketonuria
ketonurias
kets
kettledrummer
kettledrummers
kettleful
kettlefuls
kettlestitch
kettlestitches
kex
kexes
keybugle
keybugles
keyline
keylines
keystoned
keystoning
keystrokings
kgotla
kgotlas
khalat
khalats
khalifa
khalifah
khalifahs
khalifas
khalifat
khalifate
khalifates
khalifats
khanga
khangas
khanjar
khanjars
khansama
khansamah
khansamahs
khansamas
khanum
khanums
kharif
kharifs
khaya
khayas
kheda
khedas
khediva
khedivas
khedivate
khedivates
khediviate
khediviates
khidmutgar
khidmutgars
khilafat
khilafats
khilat
khilats
khilim
khilims
khitmutgar
khitmutgars
khodja
khodjas
khoja
khojas
khor
khors
khotbah
khotbahs
khotbeh
khotbehs
khud
khuds
khurta
khurtas
khuskhus
khuskhuses
khutbah
khutbahs
kibitka
kibitkas
kickdown
kickdowns
kickshawses
kicksorter
kicksorters
kiddied
kiddier
kiddiers
kiddiewink
kiddiewinkie
kiddiewinkies
kiddiewinks
kiddle
kiddles
kiddying
kiddywink
kiddywinks
kidel
kidels
kidge
kidgie
kidgier
kidgiest
kidlet
kidlets
kidling
kidlings
kidologies
kidologist
kidologists
kidology
kidstakes
kidult
kidults
kierie
kieries
kieve
kieves
kight
kights
kikoi
kikois
kikumon
kikumons
kikuyu
kikuyus
kild
kilerg
kilergs
kiley
kileys
killadar
killadars
killas
killases
killcow
killcows
killcrop
killcrops
killdee
killdees
killikinick
killikinicks
killogie
killogies
killut
killuts
kilogramme
kilogrammes
kilogray
kilograys
kilohertzes
kilometre
kilometres
kilp
kilps
kimbo
kimboed
kimboing
kimbos
kimmer
kimmers
kinaestheses
kinaesthesia
kinaesthesias
kinaesthesis
kinaesthetic
kinakina
kinakinas
kinchin
kinchins
kincob
kincobs
kinda
kinded
kinders
kinderspiel
kinderspiels
kindies
kinding
kindlily
kindredness
kindrednesses
kindredship
kindredships
kindy
kinematograph
kinematographs
kinesiatric
kinesiatrics
kinesiologist
kinesiologists
kinesipath
kinesipathic
kinesipathies
kinesipathist
kinesipathists
kinesipaths
kinesipathy
kinesitherapies
kinesitherapy
kinetheodolite
kinetheodolites
kinetical
kinetograph
kinetographs
kingdomed
kingdomless
kingklip
kingklips
kingle
kingles
kinglihood
kinglihoods
kingling
kinglings
kinkle
kinkles
kinless
kinnikinick
kinnikinicks
kinone
kinones
kinred
kinreds
kinsfolks
kintledge
kintledges
kipe
kipes
kipp
kippa
kippage
kippages
kippas
kipps
kirbeh
kirbehs
kirbigrip
kirbigrips
kirimon
kirimons
kirked
kirking
kirkings
kirkton
kirktons
kirkward
kirkyaird
kirkyairds
kirkyard
kirkyards
kirn
kirns
kirpan
kirpans
kirri
kirris
kirschwasser
kirschwassers
kisan
kisans
kish
kishes
kissagram
kissagrams
kissel
kissels
kissogram
kissograms
kisted
kisting
kistvaen
kistvaens
kitchendom
kitchendoms
kitchened
kitchener
kitcheners
kitchening
kitenge
kitenges
kitings
kitling
kitlings
kitschier
kitschiest
kitschily
kitteny
kittlier
kittliest
kittly
kittul
kittuls
klang
klangfarbe
klangfarbes
klangs
klavier
klaviers
klaxoned
klaxoning
klendusic
klendusities
klendusity
klephtism
klephtisms
kleptocracies
kleptocracy
kleptocratic
klinker
klinkers
klinostat
klinostats
klipdas
klipdases
klipspringer
klipspringers
klondike
klondiked
klondiker
klondikers
klondikes
klondiking
klondyke
klondyked
klondyker
klondykers
klondykes
klondyking
klooch
klooches
kloochman
kloochmans
kloochmen
klootch
klootches
klootchman
klootchmans
klootchmen
knackering
knackier
knackiest
knackiness
knackinesses
knackish
knacky
knag
knaggier
knaggiest
knagginess
knagginesses
knaggy
knags
knaidel
knaidloch
knapple
knappled
knapples
knappling
knapscal
knapscals
knapscull
knapsculls
knapskull
knapskulls
knarl
knarls
knarring
knaveship
knaveships
knavishness
knavishnesses
kneidlach
knevell
knevelled
knevelling
knevells
knicker
knickered
knickpoint
knickpoints
knicks
knifeless
knifings
knightage
knightages
knightless
knightlier
knightliest
kniphofia
kniphofias
knitch
knitches
knittle
knittles
knitwears
knive
knived
kniving
knobber
knobbers
knobbiness
knobbinesses
knobble
knobbled
knobbles
knobbling
knockings
knosp
knosps
knotwork
knotworks
knowableness
knowablenesses
knowe
knowes
knowhow
knowhows
knowledgabilities
knowledgability
knowledgable
knowledgably
knowledged
knowledging
knub
knubble
knubbled
knubbles
knubblier
knubbliest
knubbling
knubbly
knubs
knuckleduster
knuckledusters
knurlings
knurr
knurrs
knut
knuts
ko
koban
kobang
kobangs
kobans
koff
koffs
kofta
koftas
koftgar
koftgari
koftgaris
koftgars
koftwork
koftworks
kohlrabis
koker
kokers
kokra
kokras
kokum
kokums
kombu
kombus
komissar
komissars
komitaji
komitajis
kon
kond
konfyt
konfyts
konimeter
konimeters
koniologies
koniology
koniscope
koniscopes
konning
kons
kooked
kooking
koolah
koolahs
koori
kooris
kop
kopasetic
kops
kora
koras
korero
koreros
kores
korfball
korfballs
korkir
korkirs
korma
kormas
korora
kororas
koses
kosmos
kosmoses
koss
kosses
kotow
kotowed
kotowing
kotows
kottabos
kottaboses
kotwal
kotwals
koulan
koulans
kourbash
kourbashed
kourbashes
kourbashing
kouskous
kouskouses
kow
kowhai
kowhais
kows
krab
krabs
krakowiak
krakowiaks
krameria
kramerias
krang
krangs
krans
kranses
krantz
krantzes
kranz
kranzes
kreasote
kreasoted
kreasotes
kreasoting
kreatine
kreatines
kreese
kreesed
kreeses
kreesing
kreng
krengs
kreosote
kreosoted
kreosotes
kreosoting
kriegspiel
kriegspiels
kriegsspiel
kriegsspiels
krised
krising
kromeskies
kromesky
krugerrand
krugerrands
kryometer
kryometers
krypses
krypsis
krytron
krytrons
ksar
ksars
kuchcha
kudoses
kufiyah
kufiyahs
kuku
kukus
kulan
kulans
kumara
kumaras
kumari
kumaris
kunkar
kunkars
kunkur
kunkurs
kurbash
kurbashed
kurbashes
kurbashing
kurchatovium
kurchatoviums
kuri
kuris
kurre
kurres
kursaal
kursaals
kurtoses
kurvey
kurveyed
kurveying
kurveyor
kurveyors
kurveys
kutch
kutcha
kutches
kuzu
kuzus
kvetcher
kvetchers
kwachas
kwela
kwelas
ky
kyang
kyangs
kyanise
kyanised
kyanises
kyanising
kydst
kye
kyle
kyles
kylices
kylie
kylies
kylin
kylins
kylloses
kyllosis
kyloe
kyloes
kynd
kynde
kynded
kyndes
kynding
kynds
kyne
kyogen
kyogens
kyrielle
kyrielles
kyu
kyus
labda
labdacism
labdacisms
labdas
labefactation
labefactations
labefaction
labefactions
labelloid
labialisation
labialisations
labialise
labialised
labialises
labialising
labialism
labialisms
labis
labises
lablab
lablabs
labourer
labourers
labourism
labourisms
labourist
labourists
laboursome
labrid
labrids
labroid
labroids
labrose
labrys
labryses
labyrinthal
labyrinthic
labyrinthical
labyrinthitis
labyrinthitises
laccolite
laccolites
laccolitic
lacebark
lacebarks
lacerable
lacerant
lacertian
lacertilian
lacertine
lacet
lacets
lacheses
lachrymals
lachrymaries
lachrymary
lachrymation
lachrymations
lachrymatories
lachrymatory
lacinia
laciniae
laciniated
lackadaisicalness
lackadaisicalnesses
lackadaisy
lacker
lackered
lackering
lackers
lackland
lacklands
lacklustre
lacklustres
lacmus
lacmuses
laconical
laconicism
laconicisms
lacquerings
lacquey
lacqueyed
lacqueying
lacqueys
lacrimaries
lacrimary
lacrimatories
lacrimatory
lacrimose
lacrimosely
lacrimosities
lacrimosity
lacrimoso
lacrymal
lacrymals
lacrymaries
lacrymary
lacrymation
lacrymations
lacrymator
lacrymatories
lacrymators
lacrymatory
lacrymose
lacrymosely
lacrymosities
lacrymosity
lactarian
lactarians
lacteous
lactescence
lactescences
lactescent
lactific
lactifluous
lactoflavin
lactoflavins
lactometer
lactometers
lactoprotein
lactoproteins
lactoscope
lactoscopes
lactovegetarian
lactovegetarians
lacunary
laddery
laddish
laddishness
laddishnesses
ladette
ladettes
ladieswear
ladieswears
ladified
ladifies
ladify
ladifying
ladycow
ladycows
ladyfied
ladyfies
ladyflies
ladyfly
ladyfy
ladyfying
ladyism
ladyisms
laeotropic
laesie
laetare
laetares
laevigate
laevigated
laevigates
laevigating
laevorotation
laevorotations
laevorotatory
laevulose
laevuloses
lagena
lagenas
lageniform
lagerphone
lagerphones
laggen
laggens
laggin
laggingly
laggins
lagomorphic
lagomorphous
lagrimoso
lagune
lagunes
lah
lahs
laicisation
laicisations
laicise
laicised
laicises
laicising
laicities
laicity
laided
laiding
laidly
laids
laigher
laighest
laighs
laik
laika
laikas
laiked
laiker
laikers
laiking
laiks
lairage
lairages
lairdship
lairdships
lairier
lairiest
lairise
lairised
lairises
lairising
lairize
lairized
lairizes
lairizing
lairy
laisse
laisses
laith
lakeland
lakelands
lakelet
lakelets
lakin
lakins
lakish
lalang
lalangs
lalapalooza
lalapaloozas
laldie
laldies
laldy
lallapalooza
lallapaloozas
lallation
lallations
lalling
lallings
lamaistic
lamantin
lamantins
lamaserai
lamaserais
lambada
lambadas
lambdacism
lambdacisms
lambdoidal
lambitive
lambitives
lambling
lamblings
lamboys
lamellated
lamellibranchiate
lamellirostral
lamellirostrate
lamelloid
lamellose
lamentingly
lamentings
lameter
lameters
lamiger
lamigers
laminable
laminarise
laminarised
laminarises
laminarising
laminarize
laminarized
laminarizes
laminarizing
lamington
lamingtons
lamish
lamiter
lamiters
lammer
lammers
lammie
lammies
lammiger
lammigers
lammings
lammy
lampad
lampadaries
lampadary
lampadedromies
lampadedromy
lampadephoria
lampadephorias
lampadist
lampadists
lampadomancies
lampadomancy
lampads
lampasse
lampasses
lampern
lamperns
lampholder
lampholders
lamphole
lampholes
lampings
lampoonist
lampoonists
lamprophyre
lamprophyres
lamprophyric
lampshade
lampshades
lampuka
lampukas
lampuki
lampukis
lana
lanas
lancegay
lancegays
lanceolar
lanceolated
lanceolately
lanch
lanched
lanches
lanching
lanciform
lancinate
lancinated
lancinates
lancination
lancinations
landamman
landammann
landammanns
landammans
landaulette
landaulettes
landdamne
landdamned
landdamnes
landdamning
landdros
landdroses
landdrost
landdrosts
lande
landes
landfilling
landfillings
landforce
landforces
landgravate
landgravates
landgrave
landgraves
landgraviate
landgraviates
landgravine
landgravines
landloper
landlopers
landrace
landraces
landrail
landrails
landskipped
landskipping
landsknecht
landsknechts
landwards
landwind
landwinds
langaha
langahas
langer
langest
langrel
langrels
langridge
langridges
langspel
langspels
langspiel
langspiels
languaged
languageless
languaging
langued
languescent
languette
languettes
languishings
languorousness
languorousnesses
laniferous
lanigerous
lanked
lanking
lanks
lansquenet
lansquenets
lant
lanterloo
lanterloos
lanterned
lanterning
lanternist
lanternists
lants
lantskip
lantskips
lanuginose
lanx
lanzknecht
lanzknechts
lapheld
lapidarist
lapidarists
lapidation
lapidations
lapideous
lapidescence
lapidescences
lapidescent
lapidicolous
lapidific
lapidification
lapidifications
lapilliform
lapje
lapjes
lappel
lappels
lappered
lappering
lappie
lappies
lappings
lapsang
lapsangs
lapstone
lapstones
lapstrakes
lapstreak
lapstreaks
lapwork
lapworks
laquearia
larchen
lardaceous
lardalite
lardalites
larderer
larderers
lare
largen
largened
largening
largens
largition
largitions
larmier
larmiers
larn
larnakes
larnax
larned
larning
larns
laroid
larrikinism
larrikinisms
larvate
larvated
larviform
larvikite
larvikites
larviparous
laryngismus
laryngismuses
laryngitises
laryngological
laryngologist
laryngologists
laryngophonies
laryngophony
laryngoscopic
laryngoscopist
laryngoscopists
laryngospasm
laryngospasms
laryngotomies
laryngotomy
laserwort
laserworts
lashkar
lashkars
lasings
lasket
laskets
lasque
lasques
lassi
lassis
lasslorn
lassock
lassocks
lassu
lassus
lastage
lastages
lat
latence
latences
lateralisation
lateralisations
lateralities
laterality
laterigrade
laterisation
laterisations
lateritious
latescence
latescences
latescent
latewake
latewakes
lathee
lathees
lathen
latherier
latheriest
lathlike
lathyrus
lathyruses
laticiferous
laticlave
laticlaves
latirostral
latirostrate
latiseptate
latitancies
latitancy
latitant
latitat
latitation
latitations
latitats
latitudinous
latrant
latration
latrations
latrocinia
latrocinies
latrocinium
latrociny
latron
latrons
lattermath
lattermaths
lattermost
latticini
latticinio
latticino
lauch
lauching
lauchs
laudabilities
laudability
laudatives
laudatories
lauf
laufs
laughful
laughier
laughiest
laughsome
laughworthy
laughy
launced
launcegaye
launcegayes
launcing
laund
launds
lauraceous
laurdalite
laurdalites
laurustine
laurustines
laurustinus
laurustinuses
laurvikite
laurvikites
lauwine
lauwines
lavaform
lavatera
lavateras
lavatorial
laveer
laveered
laveering
laveers
lavement
lavements
laverbread
laverbreads
laverocked
laverocking
lavishment
lavishments
lavolt
lavolta
lavoltaed
lavoltaing
lavoltas
lavolted
lavolting
lavolts
lavra
lavras
lawer
lawest
lawin
lawings
lawins
lawk
lawks
lawland
lawlands
lawmonger
lawmongers
lawnier
lawniest
lawnmower
lawnmowers
laxativeness
laxativenesses
laxator
laxators
laxes
laxism
laxisms
laxist
laxists
layback
laybacked
laybacking
laybacks
layings
laylock
laylocks
laystall
laystalls
laytime
laytimes
lazo
lazoed
lazoes
lazoing
lazos
lazzarone
lazzaroni
leachings
leachour
leachours
leachtub
leachtubs
leadened
leadening
leadens
leaderene
leaderenes
leaderette
leaderettes
leafbud
leafbuds
leaferies
leafery
leafiness
leafinesses
leam
leamed
leaming
leams
leany
leaperous
leaporous
leaprous
lear
leare
leared
leares
learing
learnabilities
learnability
lears
leasow
leasowe
leasowed
leasowes
leasowing
leasows
leastaways
leasure
leasures
leat
leathergoods
leatherier
leatheriest
leatherings
leats
leavenous
leaze
leazes
lebbek
lebbeks
lecanora
lecanoras
lectisternia
lectisternium
lectisterniums
lectorate
lectorates
lectorship
lectorships
lectress
lectresses
lecturn
lecturns
lecythi
lecythidaceous
lecythus
ledden
leddens
ledgered
ledgering
ledum
ledums
leear
leears
leechcraft
leechcrafts
leechdom
leechdoms
leechee
leechees
leed
leeing
leep
leeped
leeping
leeps
leerings
leese
leeses
leesing
leetle
lefte
leftie
leftwardly
leftwards
legalisation
legalisations
legataries
legatary
legatissimo
legendaries
legendist
legendists
legering
legerings
legge
legger
leggers
legges
leggism
leggisms
legibleness
legiblenesses
legioned
legislatress
legislatresses
legitim
legitimateness
legitimatenesses
legitimisation
legitimisations
legitims
leglan
leglans
leglen
leglens
leglessness
leglessnesses
leglet
leglets
leglin
leglins
legumin
legumins
legwear
legwears
lehr
lehrjahre
lehrs
leidger
leidgers
leiger
leigers
leiotrichies
leiotrichous
leiotrichy
leipoa
leipoas
leir
leired
leiring
leirs
leish
leisher
leishest
leishmaniae
leishmanioses
leishmaniosis
leisler
leislers
leisurable
leisurably
leisuring
lekked
lekking
lekkings
lekythoi
lekythos
leme
lemed
lemel
lemels
lemes
leming
lemmatise
lemmatised
lemmatises
lemmatising
lemmatize
lemmatized
lemmatizes
lemmatizing
lemoned
lemonfish
lemonfishes
lemonier
lemoniest
lemoning
lemurian
lemurians
lemurines
lendings
leng
lenged
lenger
lengest
lenging
lengs
lengthful
lengthsman
lengthsmen
lenients
lenified
lenifies
lenify
lenifying
lenocinium
lenociniums
lenti
lenticellate
lenticle
lenticles
lenticularly
lenticulars
lentiform
lentiginose
lentiginous
lentor
lentors
lentous
lenvoy
lenvoys
leontiases
leontiasis
lep
lepid
lepidodendroid
lepidodendroids
lepidomelane
lepidomelanes
lepped
lepping
lepra
lepras
leprechawn
leprechawns
leproserie
leproseries
leprosery
leprosities
leprosity
leps
leptocephalic
leptocercal
leptodactyl
leptodactylous
leptodactyls
leptome
leptomes
leptophyllous
leptorrhine
leptosomatic
leptosomic
leptosporangiate
lere
lered
leres
lering
lernaean
lernean
lerp
lerps
les
lesbic
lesbo
lesbos
leses
lesses
lessonings
lested
lesting
lests
letchings
lethargical
lethargied
lethargise
lethargised
lethargises
lethargising
lethargize
lethargized
lethargizes
lethargizing
lethee
lethees
lethied
lethiferous
lettable
letterbox
letterboxes
letterless
lettern
letterns
lettings
leucaemia
leucaemias
leucaemic
leucaemogen
leucaemogenic
leucaemogens
leuch
leuchaemia
leuchaemias
leuchen
leucin
leucins
leucitohedra
leucitohedron
leucitohedrons
leucoblast
leucoblasts
leucocratic
leucocyte
leucocytes
leucocythaemia
leucocythaemias
leucocytic
leucocytolyses
leucocytolysis
leucocytopenia
leucocytopenias
leucocytoses
leucocytosis
leucoderma
leucodermal
leucodermas
leucodermia
leucodermias
leucodermic
leucopenia
leucopenias
leucoplakia
leucoplakias
leucoplastid
leucoplastids
leucopoieses
leucopoiesis
leucorrhoea
leucorrhoeas
leucosin
leucosins
leucotome
leucotomes
leucotomies
leucotomy
leugh
leughen
leukaemic
leukaemogen
leukaemogenic
leukaemogens
leukoblast
leukoblasts
leukocratic
leukocythaemia
leukocythaemias
leukocytolyses
leukocytolysis
leukocytopenia
leukocytopenias
leukoderma
leukodermal
leukodermas
leukodermia
leukodermias
leukodermic
leukoplast
leukoplastid
leukoplastids
leukoplasts
leukorrhoea
leukorrhoeas
leukosin
leukosins
leukotome
leukotomes
levantine
levantines
leve
levellest
levellings
levigable
leviratical
leviration
levirations
levis
levite
levites
levitic
levitical
levitically
lew
lewdsbies
lewdsby
lewdster
lewdsters
lewisia
lewisias
lexicographist
lexicographists
lexigram
lexigrams
lexigraphic
lexigraphical
lexigraphies
lexigraphy
lexises
lezes
lezz
lezzy
lherzolite
lherzolites
liart
libant
libate
libated
libates
libating
libatory
libbard
libbards
libbed
libbing
libelings
libellings
libellously
libelously
liber
liberalisation
liberalisations
liberationism
liberationisms
liberatory
libero
liberos
libers
liberticidal
liberticide
liberticides
libidinist
libidinists
libidinosities
libidinosity
libken
libkens
lichanos
lichanoses
lichenin
lichenins
lichenism
lichenisms
lichenist
lichenists
lichenoid
lichenose
lichgate
lichgates
lichi
lichis
lichter
lichtest
lichtlied
lichtlies
lichtlying
lichwake
lichwakes
lichway
lichways
lickpennies
lickpenny
lidger
lidgers
liefs
liegedom
liegedoms
liegeless
lieger
liegers
lienal
lienteric
lienteries
lientery
lieutenantries
lieutenantry
lieutenantship
lieutenantships
lieve
liever
lievest
lifebelt
lifebelts
lifebuoy
lifebuoys
lifehold
lifesome
lifespan
lifespans
liftback
liftbacks
lifull
lig
ligamental
ligamentary
ligge
ligged
liggen
ligger
liggers
ligges
ligging
liggings
lightenings
lighterman
lightermen
lighthousekeeper
lighthousekeepers
lighthouseman
lighthousemen
lightlied
lightlies
lightlying
lignage
lignages
lignaloes
ligne
lignes
ligniform
ligniperdous
lignivorous
lignocaine
lignocaines
lignose
lignoses
lignum
lignums
ligs
ligulifloral
liguloid
likeliness
likelinesses
likewake
likewakes
likewalk
likewalks
likin
likins
liliaceous
lill
lilled
lilling
lills
lilo
lilos
lima
limacel
limacels
limaceous
limaces
limaciform
limacologies
limacologist
limacologists
limacology
limail
limails
limas
limation
limations
limax
limbec
limbecs
limbmeal
limbous
limburgite
limburgites
limelit
limepit
limepits
limewash
limewashes
limicolous
limings
limitarian
limitarians
limitings
limma
limmas
limnaeid
limnaeids
limnophilous
limoses
limosis
limous
limpingly
limpings
limuluses
lin
linch
linches
linchet
linchets
lincrusta
lincrustas
lincture
linctures
linctus
linctuses
lind
linds
lindworm
lindworms
lineolate
lingel
lingels
lingerings
lingier
lingiest
lingle
lingles
lingot
lingots
lingster
lingsters
linguas
linguiform
linguister
linguisters
linguistries
linguistry
lingula
lingulae
lingular
lingulas
lingulate
lingy
linhay
linhays
linish
linished
linisher
linishers
linishes
linishing
linishings
linkable
linkster
linksters
linned
linney
linneys
linnies
linning
linny
lins
lintelled
lintie
linties
lintseed
lintseeds
lintstock
lintstocks
lioncel
lioncelle
lioncelles
lioncels
lionel
lionels
lionet
lionets
lionism
lionisms
lionly
liparite
liparites
lipectomies
lipectomy
lipochrome
lipochromes
lipogram
lipogrammatic
lipogrammatism
lipogrammatisms
lipogrammatist
lipogrammatists
lipograms
lipographies
lipography
lipomatoses
lipomatosis
lippie
lippies
lippitude
lippitudes
lipsticking
liquable
liquefacient
liquefacients
liquefiable
liquesce
liquesced
liquescence
liquescences
liquescencies
liquescency
liquesces
liquescing
liqueured
liqueuring
liquidise
liquidised
liquidiser
liquidisers
liquidises
liquidising
liquidizer
liquidizers
liquidus
liquiduses
liquorish
liriodendron
liriodendrons
liripoop
liripoops
lirk
lirked
lirking
lirks
lisk
lisks
lispingly
lispings
lispound
lispounds
lispund
lispunds
lissencephalous
lisses
lissomness
lissomnesses
lissotrichous
listeria
listerias
listeth
listful
lited
literalise
literalised
literaliser
literalisers
literalises
literalising
literalistically
literalizer
literalizers
literaryism
literaryisms
literatured
literose
literosities
literosity
lites
lith
lithate
lithates
lithed
litherly
lithes
lithesomeness
lithesomenesses
lithing
lithistid
lithistids
lithite
lithites
lithochromatic
lithochromatics
lithochromies
lithochromy
lithoclast
lithoclasts
lithocyst
lithocysts
lithodomous
lithogenous
lithoglyph
lithoglyphs
lithographical
lithoidal
litholapaxies
litholapaxy
litholatries
litholatrous
litholatry
lithologist
lithologists
lithomancies
lithomancy
lithomarge
lithomarges
lithonthryptic
lithonthryptics
lithontriptic
lithontriptics
lithontriptist
lithontriptists
lithontriptor
lithontriptors
lithophagous
lithophilous
lithophysa
lithophysae
lithophyse
lithophyses
lithophytic
lithoprint
lithoprints
lithospermum
lithospermums
lithotome
lithotomes
lithotomic
lithotomical
lithotomist
lithotomists
lithotomous
lithotriptic
lithotriptics
lithotriptist
lithotriptists
lithotrite
lithotrites
lithotritic
lithotritics
lithotrities
lithotritise
lithotritised
lithotritises
lithotritising
lithotritist
lithotritists
lithotritize
lithotritized
lithotritizes
lithotritizing
lithotritor
lithotritors
lithotrity
liths
liting
littleane
littleanes
littleworth
littlin
littling
littlings
littlins
litui
lituus
lituuses
livelihead
liveliheads
livelod
livelods
livelongs
livelood
liveloods
liverwing
liverwings
liveware
livewares
livider
lividest
livor
livors
lixivious
llanero
llaneros
loaden
loadened
loadening
loadens
loadsamoney
loadsamoneys
loaferish
loafings
loaminess
loaminesses
loanback
loanbacks
loast
loathedness
loathednesses
loathest
loathfulness
loathfulnesses
loathingly
loathliness
loathlinesses
loathy
loave
loaved
loaving
lobbyings
lobelet
lobelets
lobi
lobing
lobings
lobiped
lobose
lobuli
lobulus
lobus
localisation
localisations
localiser
localisers
localizer
localizers
locateable
locellate
lockaway
lockaways
lockfast
lockful
lockfuls
lockhouse
lockhouses
lockman
lockmen
lockpick
lockpicks
locksman
locksmen
locoman
locomen
locomobile
locomobiles
locomobilities
locomobility
locomotivities
locomotivity
locomotors
locoplant
locoplants
locorestive
loculament
loculaments
locuplete
locusta
locustae
locusted
locusting
locutionary
locutories
locutory
lod
lodesman
lodesmen
lodgepole
lodgepoles
lodicula
lodiculae
lods
logan
loganias
logans
logarithmical
logboard
logboards
loggat
loggerheaded
logicise
logicised
logicises
logicising
logicism
logicisms
logicist
logicists
logicize
logicized
logicizes
logicizing
logie
logies
login
logins
logjuice
logjuices
logline
loglines
loglog
loglogs
logodaedali
logodaedalic
logodaedalies
logodaedalus
logodaedaly
logoff
logoffs
logographer
logographers
logographical
logographies
logography
logomachist
logomachists
logon
logons
logopaedic
logopaedics
logopedic
logopedics
logophile
logophiles
logorrhoea
logorrhoeas
logothete
logothetes
logout
logouts
loid
loided
loiding
loids
loipe
loipen
loir
loirs
loiteringly
loiterings
loke
lokes
lokshen
loligo
loligos
lolium
loliums
lollapalooza
lollapaloozas
lollingly
lolog
lologs
loma
lomas
lomata
lome
lomed
lomenta
lomentaceous
lomentum
lomes
loming
lompish
longa
longaeval
longaevous
longanimous
longas
longcloth
longcloths
longeval
longicaudate
longinquities
longinquity
longipennate
longly
longprimer
longprimers
longshore
longsuffering
longsufferings
longwall
longwalls
longwearing
lonicera
loniceras
loobier
loobiest
loobily
loof
loofful
looffuls
loofs
lookism
lookisms
loonie
looning
loonings
loopings
loor
loord
loords
looten
lootings
looves
looyenwork
looyenworks
lopgrass
lopgrasses
lophobranch
lophobranchiate
lophobranchs
lophodont
loppered
loppering
loppings
lor
lorate
lorazepam
lorazepams
lorcha
lorchas
lordkin
lordkins
lordolatries
lordolatry
lordy
lorel
lorels
lorette
lorettes
loric
loricated
loricates
loricating
lorication
lorications
lorics
lorimer
lorimers
loriner
loriners
loring
lorings
loriot
loriots
lorrell
lorrells
los
losed
losen
losh
losingly
lossier
lossiest
lossmaker
lossmakers
lote
lotes
lothefull
lother
lothest
lothfull
loto
louchely
loudhailer
loudhailers
loun
lound
lounded
lounder
loundered
loundering
lounderings
lounders
lounding
lounds
louned
loungingly
loungings
louning
louns
loupit
loure
loures
lourier
louriest
louringly
lourings
lovebite
lovebites
lovelight
lovelights
lovelihead
loveliheads
lovemaker
lovemakers
lovered
loverless
loveworthy
lovey
loveys
lovings
lowan
lowans
lowballings
lowerier
loweriest
loweringly
lowerings
lowings
lowlighted
lowlighting
lowlily
lownd
lownded
lownding
lownds
lowne
lowned
lownes
lowning
lowns
lowse
lowser
lowses
lowsest
lowsing
lowsit
lowt
lowted
lowting
lowts
lowveld
lowvelds
loxodromic
loxodromical
loxodromics
loxodromies
loxodromy
loxygen
loxygens
loy
loyaller
loyallest
loys
lozell
lozells
lozen
lozenged
lozengy
lozens
lubbard
lubbards
lubfish
lubfishes
lubra
lubras
lubritorium
lubritoriums
lucider
lucidest
lucifugous
lucigen
lucigens
lucken
luckenbooth
luckenbooths
luckengowan
luckengowans
luckie
luckies
lucklessly
lucklessness
lucklessnesses
luctation
luctations
lucubrate
lucubrated
lucubrates
lucubrating
lucubrator
lucubrators
lucuma
lucumas
lucumo
lucumones
lucumos
lud
ludically
ludo
ludos
luds
ludship
ludships
lugeings
luggable
luggables
luggie
luggies
lughole
lugholes
luging
lugings
luit
luiten
luke
lukewarmish
lukewarmth
lukewarmths
lulibub
lulibubs
lumbaginous
lumbang
lumbangs
lumberings
lumberly
lumbersome
lumbersomeness
lumbersomenesses
lumbrical
lumbricales
lumbricalis
lumbricals
lumbrici
lumbriciform
lumbricoid
lumbricus
lumbricuses
luminant
luminants
luminarism
luminarisms
luminarist
luminarists
lumination
luminations
lumine
lumined
lumines
lumining
lumme
lummier
lummiest
lummy
lumpenly
lumpkin
lumpkins
lumpsucker
lumpsuckers
luna
lunanaut
lunanauts
lunaries
lunarist
lunarists
lunarnaut
lunarnauts
lunars
lunary
lunas
luncheoned
luncheoning
lungeing
lungie
lungies
lunitidal
lunulated
lunyie
lunyies
luppen
lupuline
lupulinic
lur
lurden
lurdens
lurgi
lurgies
lurgis
lurgy
lurider
luridest
lurkings
lurries
lurry
lurs
lurve
lurves
lushers
lushier
lushiest
lushy
lusk
lusked
lusking
luskish
luskishness
luskishnesses
lusks
lustick
lustihead
lustiheads
lustique
lustless
lustreless
lustreware
lustrewares
lustrine
lustrines
luteinisation
luteinisations
luteinise
luteinised
luteinises
luteinising
luteolous
luter
luters
lutescent
lutten
luvvie
luvvies
luvvy
luxmeter
luxmeters
luxulianite
luxulianites
luxullianite
luxullianites
luxulyanite
luxulyanites
luxuriancies
luxuriancy
luxuriation
luxuriations
luxurist
luxurists
luz
luzern
luzerns
luzzes
lyam
lyams
lycanthrope
lycanthropes
lycanthropic
lycanthropist
lycanthropists
lychgate
lychgates
lychnoscope
lychnoscopes
lyfull
lykewake
lykewakes
lykewalk
lykewalks
lym
lyme
lymes
lymiter
lymiters
lymphad
lymphads
lymphangial
lymphangitis
lymphangitises
lymphotrophic
lyms
lynage
lynages
lynchet
lynchets
lyne
lynes
lyomerous
lyophil
lyophilisation
lyophilisations
lyophobe
lyricon
lyricons
lysergide
lysergides
lysigenetic
lysigenic
lysigenous
lysol
lysols
lyssa
lyssas
lyte
lyted
lytes
lythe
lythes
lythraceous
lyting
maa
maaed
maaing
maas
maatjes
macaberesque
macadamisation
macadamisations
macadamise
macadamised
macadamises
macadamising
macadamization
macadamizations
macahuba
macahubas
macallum
macallums
macarise
macarised
macarises
macarising
macarism
macarisms
macarize
macarized
macarizes
macarizing
macaronically
macassar
macassars
macchie
maceranduba
macerandubas
machair
machairodont
machairodonts
machairs
machan
machans
machicolate
machicolates
machicolating
machinegun
machinegunned
machinegunning
machineguns
machineman
machinemen
machmeter
machmeters
maconochie
maconochies
macoya
macoyas
macrami
macramis
macrobian
macrobiota
macrobiote
macrobiotes
macrobiotics
macrocarpa
macrocarpas
macrocephalic
macrocephalies
macrocephalous
macrocephaly
macrocode
macrocodes
macrocopies
macrocopy
macrocycle
macrocycles
macrodactyl
macrodactylic
macrodactylies
macrodactylous
macrodactyly
macrodiagonal
macrodiagonals
macrodome
macrodomes
macrofauna
macroflora
macrologies
macrology
macropinakoid
macropinakoids
macropod
macropods
macroprism
macroprisms
macrosporangia
macrosporangium
macrospore
macrospores
macrozamia
macrozamias
macrurous
mactation
mactations
maculature
maculatures
maculose
madamed
madaming
madaroses
madarosis
madbrain
madbrained
maddingly
maddock
maddocks
madefaction
madefactions
madefied
madefies
madefy
madefying
maderisation
maderisations
maderise
maderised
maderises
maderising
maderization
maderizations
maderize
maderized
maderizes
maderizing
madge
madges
madid
madling
madlings
madonnaish
madonnawise
madoqua
madoquas
madrasa
madrasah
madrasahs
madrasas
madrassa
madrassah
madrassahs
madrassas
madreporitic
madzoon
madzoons
maelid
maelids
maffia
maffias
mafficker
maffickers
maffickings
maffled
mafflin
maffling
mafflings
mafflins
mafics
magalog
magalogs
mageship
mageships
magg
magged
magging
maggotier
maggotiest
maggotorium
maggotoriums
maggs
magianism
magianisms
magians
magism
magisms
magister
magisterialness
magisterialnesses
magisteries
magisters
magistery
magistrals
magistrand
magistrands
magistratic
magnalium
magnaliums
magnes
magneses
magnesstone
magnesstones
magnetical
magnetician
magneticians
magnetisable
magnetisation
magnetisations
magnetiser
magnetisers
magnetist
magnetists
magnetomotive
magnifiable
magnoliaceous
magnon
magnons
magnox
magnoxes
magsman
magsmen
magyar
mahmal
mahmals
mahseer
mahseers
mahsir
mahsirs
mahua
mahuas
mahwa
mahwas
maidan
maidans
maided
maidenish
maidenlike
maidenweed
maidenweeds
maiding
maidism
maidisms
maidless
maieutics
maigres
maik
maiko
maikos
maiks
mailgram
mailgrammed
mailgramming
mailgrams
mailmerge
mailmerged
mailmerges
mailmerging
mailroom
mailrooms
mailsack
mailsacks
mailshot
mailshots
mailshotted
mailshotting
mailvan
mailvans
maimedness
maimednesses
maimings
mainboom
mainbooms
mainbrace
mainbraces
maindoor
maindoors
mained
mainer
mainest
maining
mainliner
mainliners
mainlinings
mainor
mainors
mainour
mainours
mainpernor
mainpernors
mainprise
mainprises
mainstreeting
mainstreetings
maintenanced
maintenancing
maintopmast
maintopmasts
maintopsail
maintopsails
mainyard
mainyards
mairs
maise
maises
maisonnette
maisonnettes
maister
maisterdome
maisterdomes
maistered
maistering
maisters
maistries
maistring
maistrings
maistry
majestical
majesticalness
majesticalnesses
majesticness
majesticnesses
majlis
majlises
majolicaware
majolicawares
majoretting
majorettings
majorship
majorships
mak
makeless
maks
makunouchi
makunouchis
malacia
malacias
malacophilies
malacophilous
malacophily
malacopterygian
malacopterygians
malacostracous
maladdress
maladdresses
malaguetta
malaguettas
malakatoone
malakatoones
malander
malanders
malappropriate
malappropriated
malappropriates
malappropriating
malappropriation
malappropriations
malassimilation
malassimilations
malax
malaxage
malaxages
malaxate
malaxated
malaxates
malaxating
malaxation
malaxations
malaxator
malaxators
malaxed
malaxes
malaxing
malconformation
malconformations
maledicent
maledictive
malefactory
maleffect
maleffects
malefically
malefice
malefices
maleficial
maleic
malengine
malengines
malfeasant
malfunctionings
malgrado
malgred
malgres
malgring
mali
maliced
malicho
malichos
malicing
malignants
malignment
malignments
malik
maliks
malingeries
malingery
malis
malism
malisms
malist
mallam
mallams
mallander
mallanders
malleableness
malleablenesses
malleate
malleated
malleates
malleating
malleation
malleations
mallecho
mallechos
malleiform
mallemaroking
mallemarokings
mallemuck
mallemucks
mallender
mallenders
malleolar
malleoluses
malleuses
mallophagous
malmag
malmags
malmstone
malmstones
malodour
malodours
malonate
malonates
malpresentation
malpresentations
malstick
malsticks
maltalent
maltalents
maltings
maltman
maltmen
maltworm
maltworms
malva
malvaceous
malvas
malvesie
malvesies
malvoisie
malvoisies
mam
mamee
mamees
mamelon
mamelons
mameluco
mamelucos
mamilla
mamillae
mamillar
mamillary
mamillate
mamillated
mamillation
mamillations
mamilliform
mammaliferous
mammalogical
mammectomies
mammectomy
mammet
mammetries
mammetry
mammets
mammifer
mammiferous
mammifers
mammiform
mammillaria
mammillarias
mammogenic
mammograph
mammographs
mammonish
mammonistic
mammonite
mammonites
mammoplasties
mammoplasty
mams
mamselle
mamselles
mamzer
mamzerim
mamzers
managerialism
managerialisms
managerialist
manati
manatis
mancala
mancalas
mancando
manche
manches
mancipate
mancipated
mancipates
mancipating
mancipation
mancipations
mancipatory
mancus
mancuses
mand
mandarine
mandarines
mandibulated
mandilion
mandilions
mandioc
mandiocca
mandioccas
mandiocs
mandir
mandira
mandiras
mandirs
mandom
mandoms
mandora
mandoras
mandorla
mandorlas
manducable
manducate
manducated
manducates
manducating
manducation
manducations
manducatory
mandylion
mandylions
maneged
maneging
maneh
manehs
manent
manet
mang
manga
mangabeira
mangabeiras
mangal
mangals
mangalsutra
mangalsutras
manganiferous
mangas
manged
mangetout
mangetouts
mangey
manging
mangostan
mangostans
mangs
mani
manies
manifestable
manifestative
manifestible
manifestness
manifestnesses
manifolder
manifolders
maniform
manihoc
manihocs
maniplies
manipulars
manis
manjack
manjacks
mankier
mankiest
mankinds
manky
manneristically
manniferous
manoao
manoaos
manoeuvrabilities
manoeuvrability
manoeuvrable
manoeuvrer
manoeuvrers
manometrical
manpacks
manred
manreds
manrent
manrents
manrider
manriders
manriding
manshift
manshifts
mansionaries
mansionary
mansonries
mansonry
mansuete
mansworn
manteel
manteels
manteltree
manteltrees
manticora
manticoras
manties
manto
mantoes
mantos
mantram
mantrams
manty
manubrial
manufactural
manuka
manukas
manul
manuls
manumea
manumeas
manurance
manurances
manurings
manyata
manyatas
manyatta
manyattas
manyplies
manzanilla
manzanillas
manzello
manzellos
maormor
maormors
mappemond
mappemonds
mapperies
mappery
mappist
mappists
mapstick
mapsticks
mapwise
maquisard
maquisards
mara
marae
maraes
maraging
maragings
marah
marahs
maras
marcantant
marcantants
marcatissimo
marcella
marcellas
marcescent
marcescible
marchantia
marchantias
marchesas
marcheses
marchlands
marchman
marchmen
marconi
marconied
marconigram
marconigrams
marconigraph
marconigraphed
marconigraphing
marconigraphs
marconiing
marconis
mard
mardied
mardier
mardies
mardiest
mardy
mardying
maremmas
mareschal
mareschals
marg
margaritic
margaritiferous
margented
margenting
marginalise
marginalised
marginalises
marginalising
marginalism
marginalisms
marginalist
marginalists
marginals
margosa
margosas
margs
marialite
marialites
marid
marids
maries
marigram
marigrams
marigraph
marigraphs
marimbaphone
marimbaphones
marinera
marineras
mariniere
marionberries
marionberry
marischal
marischalled
marischalling
marischals
maritage
maritages
marivaudage
marivaudages
marketableness
marketablenesses
marketisation
marketisations
marketization
marketizations
markman
markmen
marle
marles
marlings
marm
marmarise
marmarised
marmarises
marmarising
marmarize
marmarized
marmarizes
marmarizing
marmaroses
marmarosis
marmelise
marmelised
marmelises
marmelising
marmelize
marmelized
marmelizes
marmelizing
marmose
marmoses
marms
maron
marons
marooner
marooners
maroonings
maroquin
maroquins
maror
marors
marprelate
marprelated
marprelates
marprelating
marrels
marriageableness
marriageablenesses
marrowed
marrowing
marrowish
marrowless
marrowskied
marrowskies
marrowsky
marrowskying
marrum
marrums
marryings
marshaller
marshallers
marshallings
marshlander
marshlanders
marshlocks
marshwort
marshworts
marsipobranch
marsipobranchiate
marsipobranchs
marsport
marsports
marsquake
marsquakes
marsupiums
martel
martellato
martelled
martelling
martels
martext
martexts
martialism
martialisms
martialist
martialists
martialness
martialnesses
martinetism
martinetisms
martyrise
martyrised
martyrises
martyrising
martyrological
marvellously
marvellousness
marvellousnesses
marver
marvered
marvering
marvers
mary
marybud
marybuds
masa
masala
masalas
masas
mascaron
mascarons
mascle
mascled
mascles
masculineness
masculinenesses
masculinist
masculinists
masculy
mase
mased
mases
mashallah
mashier
mashiest
mashings
mashlam
mashlams
mashlim
mashlims
mashlin
mashlins
mashloch
mashlochs
mashlum
mashlums
mashman
mashmen
mashua
mashuas
masing
maskallonge
maskallonges
maskalonge
maskalonges
maskanonge
maskanonges
maskinonge
maskinonges
maskirovka
maskirovkas
maslin
maslins
masonried
masoolah
masoolahs
massagist
massagists
massaranduba
massarandubas
masseranduba
masserandubas
massiness
massinesses
massoola
massoolas
masspriest
masspriests
massymore
massymores
masterate
masterates
masterdom
masterdoms
masterhood
masterhoods
masterings
masterless
masterwort
masterworts
mastful
masthouse
masthouses
masticable
mastich
mastichs
masticot
masticots
mastier
mastiest
mastigophoric
mastigophorous
mastitises
mastodontic
mastodynia
mastodynias
mastoidal
mastoiditises
masty
masu
masula
masulas
masus
matachin
matachina
matachinas
matachini
matadora
matadoras
matadore
matadores
matamata
matamatas
matchboarding
matchboardings
matchlessness
matchlessnesses
matelasse
matelasses
matellasse
matellasses
materialisation
materialisations
materialistical
mateship
mateships
matfelon
matfelons
matgrass
matgrasses
mathematicise
mathematicised
mathematicises
mathematicising
mathematicism
mathematicisms
mathematicize
mathematicized
mathematicizes
mathematicizing
mathematisation
mathematisations
mathematise
mathematised
mathematises
mathematising
matheses
mathesis
matico
maticos
matier
matiest
matily
matjes
matlo
matlos
matlow
matlows
matoke
matokes
matooke
matookes
matresfamilias
matriarchalism
matriarchalisms
matric
matrice
matriclinic
matriclinies
matriclinous
matricliny
matrics
matricula
matricular
matriculas
matriculator
matriculators
matriculatory
matrifocal
matrifocalities
matrifocality
matrilinear
matrilinies
matriliny
matrilocal
matroclinic
matroclinies
matroclinous
matrocliny
matronage
matronages
matronhood
matronhoods
matronise
matronised
matronises
matronising
matronize
matronized
matronizes
matronizing
matronship
matronships
matross
matrosses
matryoshka
matryoshkas
matsuri
matsuris
mattamore
mattamores
matterful
matterless
mattie
matties
maturable
maturative
matureness
maturenesses
matutine
matweed
matweeds
maty
matza
matzah
matzahs
matzas
matzoon
matzoons
maudlinism
maudlinisms
maugred
maugres
maugring
maulgre
maulgred
maulgres
maulgring
maulvi
maulvis
maumet
maumetries
maumetry
maumets
maunded
maunderings
maundies
maunding
maundy
maungier
maungiest
maungy
maunna
maurikigusari
maurikigusaris
mausolean
mauther
mauthers
mauvein
mauveine
mauveines
mauveins
mauver
mauvest
mauvin
mauvine
mauvines
mauvins
mavericked
mavericking
mawbound
mawk
mawkier
mawkiest
mawkin
mawkins
mawks
mawky
mawmet
mawmetries
mawmetry
mawmets
mawpus
mawpuses
mawr
mawrs
mawseed
mawseeds
mawther
mawthers
maxillipede
maxillipedes
maxillula
maxillulae
maximaphilies
maximaphily
maximist
maximists
mayorship
mayorships
mayster
maysterdome
maysterdomes
maysters
mazarinade
mazarinades
mazarine
mazarines
mazeful
mazeltov
mazement
mazements
mazhbi
mazhbis
mazout
mazouts
mazut
mazuts
mbaqanga
mbaqangas
meacock
meacocks
meagrely
meagreness
meagrenesses
meagrer
meagres
meagrest
mealed
mealer
mealers
mealiness
mealinesses
mealing
meandrian
meane
meaned
meanes
meare
meares
mearing
mease
meased
meases
measing
measliness
measlinesses
measling
measurableness
measurablenesses
measurings
meath
meathe
meathes
meaths
meatscreen
meatscreens
meawes
meazel
meazels
mebos
meboses
mechanisation
mechanisations
mechanise
mechanised
mechanises
mechanising
mechanomorphism
mechanomorphisms
mechatronic
mechatronics
meconate
meconates
meconic
meconin
meconins
meconopses
meconopsis
medacca
medaccas
medaewart
medaewarts
medalet
medalets
medallioned
medallioning
medcinal
meddlings
mediaevalism
mediaevalisms
mediaevalist
mediaevalists
mediaevally
mediateness
mediatenesses
mediatisation
mediatisations
mediatise
mediatised
mediatises
mediatising
mediatization
mediatizations
mediatize
mediatized
mediatizes
mediatizing
mediatorial
mediatorially
mediatorship
mediatorships
mediatress
mediatresses
medicalisation
medicalisations
medicalise
medicalised
medicalises
medicalising
medicalization
medicalizations
medicalize
medicalized
medicalizes
medicalizing
medicamental
medicamentally
medicamentary
medicamented
medicamenting
medicaster
medicasters
medicative
mediciner
mediciners
medii
mediocracies
mediocracy
medius
mediuses
medle
medled
medles
medling
medresseh
medressehs
medullate
medusiform
meeken
meekened
meekening
meekens
meemie
meemies
meer
meercat
meercats
meered
meering
meers
meetest
mefloquine
mefloquines
meg
mega
megacephalous
megacurie
megacuries
megadyne
megadynes
megafarad
megafarads
megaflop
megaflops
megaflora
megaflorae
megafloras
megafog
megafogs
megagauss
megagausses
megaherbivore
megaherbivores
megahertzes
megajoule
megajoules
megalosaur
megalosauri
megalosaurian
megalosaurs
megalosaurus
megalosauruses
meganewton
meganewtons
megara
megarad
megarads
megaron
megarons
megascope
megascopes
megastore
megastores
megastructure
megastructures
megatechnologies
megatechnology
megavertebrate
megavertebrates
megilloth
megs
mein
meined
meiney
meineys
meining
meins
meint
meiofauna
meiofaunal
meionite
meionites
meishi
meishis
meister
meisters
meith
meiths
mejlis
mejlises
mekometer
mekometers
mela
melaconite
melaconites
melampode
melampodes
melanaemia
melanaemias
melancholious
melano
melanochroi
melanochroic
melanochroous
melanos
melanoses
melanosis
melanotropin
melanotropins
melanterite
melanterites
melanuria
melanurias
melanuric
melaphyre
melaphyres
melas
melastomaceous
melder
melders
meliaceous
melicotton
melicottons
melics
melik
meliks
melilite
melilites
meliorities
meliority
meliphagous
mellay
mellays
melliferous
mellification
mellifications
mellifluence
mellifluences
mellite
mellites
mellitic
mellivorous
mellowspeak
mellowspeaks
mellowy
melocoton
melocotons
melocotoon
melocotoons
melodics
melodion
melodions
melodise
melodised
melodises
melodising
melodrame
melodrames
melomania
melomaniac
melomaniacs
melomanias
melomanic
meltier
meltiest
meltingness
meltingnesses
meltings
meltith
meltiths
melty
membral
membranaceous
membraneous
meme
memes
memoirism
memoirisms
memorative
memorisation
memorisations
menaged
menaging
mene
mened
meneer
meneers
menes
meng
menge
menged
menges
menging
mengs
mening
meningitises
meningocele
meningoceles
meniscectomies
meniscectomy
meniscoid
menispermaceous
menispermum
menispermums
menominee
menominees
menomini
menominis
menopome
menopomes
menorrhea
menorrheas
menorrhoea
menorrhoeas
mensh
menshed
menshes
menshing
menstruous
mensual
mensurative
menswears
ment
mentee
mentees
menticide
menticides
mento
mentonniere
mentonnieres
mentorial
mentorings
mentos
menyie
menyies
mepacrine
mepacrines
mephitical
mephitism
mephitisms
merc
mercaptide
mercaptides
mercat
mercats
mercenarism
mercenarisms
mercerisation
mercerisations
merceriser
mercerisers
mercerizer
mercerizers
merchandizer
merchandizers
merchantings
merchantlike
merchantries
merchantry
merchet
merchets
merchild
merchildren
merciable
mercifide
mercified
mercifies
mercify
mercifying
mercs
mercurialise
mercurialised
mercurialises
mercurialising
mercurialism
mercurialisms
mercurialist
mercurialists
mercurialize
mercurialized
mercurializes
mercurializing
mercurise
mercurised
mercurises
mercurising
mercurize
mercurized
mercurizes
mercurizing
merdivorous
mered
merel
merell
merells
merels
meresman
meresmen
merestone
merestones
merfolk
merfolks
meri
mericarp
mericarps
meridionalities
meridionality
meril
merils
merimake
merimakes
mering
meris
merism
merisms
merk
merkin
merkins
merks
merling
merlings
mermaiden
mermaidens
merogeneses
merogenesis
merogenetic
merogonies
merogony
meroistic
merome
meromes
meronym
meronymies
meronyms
meronymy
meropidan
meropidans
merosome
merosomes
merpeople
merpeoples
merries
merryman
merrymen
mersalyl
mersalyls
merse
merses
mersion
mersions
merycism
merycisms
mes
mesail
mesails
mesal
mesally
mesaraic
mesaticephalic
mesaticephalies
mesaticephalous
mesaticephaly
mescalin
mescalins
mescalism
mescalisms
mesclum
mesclums
mesclun
mescluns
mese
mesel
meseled
mesels
mesembrianthemum
mesembrianthemums
mesencephalons
mesenterial
meses
meseta
mesetas
meshings
meshugaas
meshugaasen
meshuggenah
meshuggenahs
meshuggeneh
meshuggenehs
mesian
mesmerical
mesmerisation
mesmerisations
mesmeriser
mesmerisers
mesmerization
mesmerizations
mesoamerican
mesoblast
mesoblastic
mesoblasts
mesocephalic
mesocephalies
mesocephalism
mesocephalisms
mesocephalous
mesocephaly
mesohippus
mesohippuses
mesolite
mesolites
mesomerism
mesomerisms
mesomorphous
mesoscaphe
mesoscaphes
mesprise
mesprises
mesprize
mesprizes
messagings
messengered
messengering
messias
messiases
mestee
mestees
mesto
metabases
metabasis
metabatic
metabolise
metabolised
metabolises
metabolising
metacentre
metacentres
metachronism
metachronisms
metachroses
metachrosis
metagnathous
metagrabolise
metagrabolised
metagrabolises
metagrabolising
metagrabolize
metagrabolized
metagrabolizes
metagrabolizing
metagrobolise
metagrobolised
metagrobolises
metagrobolising
metagrobolize
metagrobolized
metagrobolizes
metagrobolizing
metairie
metairies
metaldehyde
metaldehydes
metalepses
metalepsis
metaleptic
metaleptical
metalinguistically
metalliding
metallidings
metalline
metallings
metallisation
metallisations
metallise
metallised
metallises
metallising
metallist
metallists
metallogenetic
metallogenic
metallogenies
metallogeny
metallurgic
metally
metamorphist
metamorphists
metanoia
metanoias
metapelet
metaphorist
metaphorists
metaphosphoric
metaphrasis
metaphrast
metaphrastic
metaphrasts
metaplases
metaplasis
metaplasm
metaplasms
metaplot
metapsychic
metapsychical
metapsychics
metasilicate
metasilicates
metasilicic
metastasise
metastasised
metastasises
metastasising
metathesise
metathesised
metathesises
metathesising
metathesize
metathesized
metathesizes
metathesizing
metayage
metayages
metayer
metayers
metazoa
metazoon
metcast
metcasts
metempiric
metempirical
metempiricism
metempiricisms
metempiricist
metempiricists
metempirics
meteorism
meteorisms
meteorist
meteorists
meteorital
meteorogram
meteorograms
meteorograph
meteorographs
meteorolite
meteorolites
meteorous
metestick
metesticks
metewand
metewands
meteyard
meteyards
methanal
methanals
methanometer
methanometers
methink
methinketh
methomania
methomanias
methylamphetamine
methylamphetamines
methyltestosterone
methyltestosterones
methyses
methysis
methystic
metic
metics
metif
metifs
metol
metols
metonymically
metopism
metopisms
metoposcopic
metoposcopical
metoposcopies
metoposcopist
metoposcopists
metoposcopy
metopryl
metopryls
metricate
metricated
metricates
metricating
metrician
metricians
metricise
metricised
metricises
metricising
metricist
metricists
metrification
metrifications
metrifier
metrifiers
metrologic
metromania
metromanias
metronymic
metronymics
metroplex
metroplexes
metropolitanate
metropolitanates
metropolitanise
metropolitanised
metropolitanises
metropolitanising
metropolitanize
metropolitanized
metropolitanizes
metropolitanizing
metropolitical
metrostyle
metrostyles
mets
mettlesomeness
mettlesomenesses
meu
meus
meuse
meused
meuses
meusing
meve
meved
meves
meving
mewsed
mewses
mewsing
meynt
mezail
mezails
mezze
mezzes
mezzotinto
mezzotintos
mganga
mgangas
mhorr
mhorrs
miarolitic
miasm
miasmatous
miasmous
miasms
miaul
miauled
miauling
miauls
micate
micated
micates
micating
micella
micellae
micher
michers
michings
mickeyed
mickeying
mickies
micky
mico
micos
microbian
microbiota
microcar
microcard
microcards
microcars
microcephal
microcephalous
microcephals
microchemistries
microchemistry
microclimatologies
microclimatology
microcomponent
microcomponents
microcomputing
microcomputings
microcopied
microcopying
microcopyings
microcosmical
microcosmographies
microcosmography
microcrack
microcracked
microcracking
microcrackings
microcracks
microdetection
microdetections
microdetector
microdetectors
microengineering
microengineerings
microfelsitic
microfibre
microfibres
microfiling
microfilings
microfloppies
microfloppy
microgranite
microgranites
microgranitic
micrographer
micrographers
micrographies
micrography
microlight
microlighting
microlightings
microlights
microlite
microlites
microlitic
micrologic
micrological
micrologically
micrologies
micrologist
micrologists
micrology
micromesh
micromeshes
micrometre
micrometres
micrometric
micrometrical
micrometries
micrometry
micromicrocurie
micromicrocuries
micromicrofarad
micromicrofarads
micromillimetre
micromillimetres
microminiaturisation
microminiaturisations
microminiaturise
microminiaturised
microminiaturises
microminiaturising
microminiaturize
microminiaturizes
microminiaturizing
microneedle
microneedles
micropalaeontologies
micropalaeontologist
micropalaeontologists
micropalaeontology
micropegmatite
micropegmatites
micropegmatitic
microphyte
microphytes
microphytic
micropolis
micropolises
microprint
microprinted
microprinting
microprintings
microprints
microprocessing
microprocessings
micropropagation
micropropagations
micropsia
micropsias
micropterous
micropump
micropumps
microseismical
microseismograph
microseismographs
microseismometer
microseismometers
microseismometries
microseismometry
microskirt
microskirts
microsurgeon
microsurgeons
microtechnologies
microtechnology
microtomic
microtomical
microtomies
microtomist
microtomists
microtomy
microtunnelling
microtunnellings
microwire
microwires
microwriter
microwriters
micrurgies
micrurgy
miction
mictions
middenstead
middensteads
middest
middlebreaker
middlebreakers
middlemost
midinette
midinettes
midlittoral
midlittorals
midnoon
midnoons
midshipmate
midshipmates
midwive
mieve
mieved
mieves
mieving
miffily
miffiness
miffinesses
mifty
mightest
mightful
mightst
migraineur
migraineurs
migrationist
migrationists
milds
mileometer
mileometers
militar
militarisation
militarisations
milken
milkings
milkless
milklike
milko
milkos
milkwood
milkwoods
millboard
millboards
millenarism
millenarisms
millennianism
millennianisms
millenniarism
millenniarisms
milleped
millepede
millepedes
millepeds
millepore
millepores
milliare
milliares
millilitre
millilitres
millimetre
millimetres
millionary
milliped
millipeds
milliprobe
milliprobes
millisievert
millisieverts
millocracies
millocracy
millocrat
millocrats
millrind
millrinds
millscale
millscales
milltail
milltails
milometer
milometers
milor
milors
milquetoast
milquetoasts
milsey
milseys
miltonia
miltonias
miltz
miltzes
milvine
mimbar
mimbars
mimeses
mimester
mimesters
mimetical
mimetite
mimetites
mimical
mimmer
mimmest
mimmick
mimmicked
mimmicking
mimmicks
mimographer
mimographers
mimographies
mimography
mimosaceous
mimsey
mimsier
mimsiest
mimsy
mimulus
mimuluses
minacious
minar
minars
minauderie
minauderies
minbar
minbars
mincings
mindfuck
mindfucks
mindings
mineola
mineolas
mineralisation
mineralisations
mineraliser
mineralisers
mineralist
mineralists
mineralogise
mineralogised
mineralogises
mineralogising
mineralogize
mineralogized
mineralogizes
mineralogizing
minestone
minestones
minette
minettes
minever
minevers
ming
minge
minged
minges
mingin
minginess
minginesses
minging
minglement
minglements
minglingly
minglings
mings
miniate
miniated
miniates
miniating
miniation
miniations
miniatured
miniaturing
miniaturisation
miniaturisations
miniaturise
miniaturised
miniaturises
miniaturising
minibar
minibars
minibreak
minibreaks
minibudget
minibudgets
minicabbing
minicabbings
minicam
minicams
minidisk
minidisks
minier
miniest
minification
minifications
minimaxed
minimaxing
miniment
miniments
minimisation
minimisations
minimism
minimisms
minimist
minimists
minimus
minimuses
minipill
minipills
minirugbies
minirugby
ministeria
ministerialist
ministerialists
ministerium
ministrative
ministress
ministresses
minivet
minivets
minivolley
minivolleys
minneola
minneolas
minnick
minnicked
minnicking
minnicks
minnie
minnies
minnock
minnocked
minnocking
minnocks
mino
minorship
minorships
minos
minshuku
minshukus
minuscular
minutiose
miny
miombo
miombos
mirabelle
mirabelles
mirabilia
mirabilis
mirabilises
mirable
mirbane
mirbanes
mirepoix
mirific
mirifical
mirifically
mirin
mirins
miriti
miritis
mirkily
mirkiness
mirkinesses
mirkish
mirksome
mirlier
mirliest
mirligoes
mirly
mirrorwise
mirthlessness
mirthlessnesses
mirv
mirved
mirving
mirvs
misacceptation
misacceptations
misadventured
misadventurer
misadventurers
misadventurous
misadvertence
misadvertences
misadvisedly
misadvisedness
misadvisednesses
misallege
misalleged
misalleges
misalleging
misallot
misallotment
misallotments
misallots
misallotted
misallotting
misandrist
misandrists
misandrous
misanthropical
misanthropist
misanthropists
misanthropos
misanthroposes
misappreciate
misappreciated
misappreciates
misappreciating
misappreciation
misappreciations
misappreciative
misapprehensive
misapprehensively
misapprehensiveness
misapprehensivenesses
misarrange
misarranged
misarrangement
misarrangements
misarranges
misarranging
misarray
misarrays
misassign
misassigned
misassigning
misassigns
misaunter
misaunters
misavised
misbecomingness
misbecomingnesses
misbehaviour
misbehaviours
misbeseem
misbeseemed
misbeseeming
misbeseems
misbestow
misbestowal
misbestowals
misbestowed
misbestowing
misbestows
misbirth
misbirths
misborn
miscanthus
miscanthuses
miscegen
miscegenate
miscegenated
miscegenates
miscegenating
miscegenationist
miscegenationists
miscegenator
miscegenators
miscegene
miscegenes
miscegenist
miscegenists
miscegens
miscegine
miscegines
miscellanarian
miscellanarians
mischallenge
mischallenges
mischanced
mischanceful
mischancing
mischancy
mischanter
mischanters
mischiefed
mischiefing
mischmetal
mischmetals
miscolour
miscoloured
miscolouring
miscolours
miscomprehend
miscomprehended
miscomprehending
miscomprehends
misconceit
misconceited
misconceiting
misconceits
misconjecture
misconjectured
misconjectures
misconjecturing
misconster
misconstered
misconstering
misconsters
misconstruct
misconstructed
misconstructing
misconstructs
miscontent
miscontented
miscontenting
miscontentment
miscontentments
miscontents
miscorrect
miscorrected
miscorrecting
miscorrection
miscorrections
miscorrects
miscounsel
miscounselled
miscounselling
miscounsels
miscreance
miscreances
miscreancies
miscreancy
miscreative
miscreator
miscreators
miscreaunce
miscreaunces
miscredit
miscredited
miscrediting
miscredits
miscreed
miscreeds
miscueing
misdeemful
misdeemings
misdemean
misdemeaned
misdemeaning
misdemeanour
misdemeanours
misdemeans
misdempt
misdesert
misdeserts
misdevotion
misdevotions
misdiet
misdiets
misdight
misdonne
misdoubtful
misdrawings
misdread
misdreads
misentreat
misentreated
misentreating
misentreats
misentries
misentry
misere
miseres
miserlier
miserliest
misfaith
misfaiths
misfall
misfallen
misfalling
misfalls
misfalne
misfare
misfared
misfares
misfaring
misfarings
misfeature
misfeatured
misfeatures
misfeaturing
misfed
misfeed
misfeeding
misfeeds
misfeign
misfeigned
misfeigning
misfeigns
misfell
misform
misformation
misformations
misforming
misforms
misfortuned
misgo
misgoes
misgoing
misgone
misgotten
misgovernaunce
misgovernaunces
misgovernor
misgovernors
misgraff
misgraft
misgrafted
misgrafting
misgrafts
misgrowth
misgrowths
misguggle
misguggled
misguggles
misguggling
mishallowed
mishapped
mishappen
mishappened
mishappening
mishappens
mishapping
mishapt
mishegaas
mishegaasen
mishguggle
mishguggled
mishguggles
mishguggling
mishmee
mishmees
mishmi
mishmis
misimprove
misimproved
misimprovement
misimprovements
misimproves
misimproving
misinformant
misinformants
misinformer
misinformers
misinstruct
misinstructed
misinstructing
misinstruction
misinstructions
misinstructs
misintelligence
misintelligences
misintend
misintended
misintending
misintends
misinterpreter
misinterpreters
misjoin
misjoined
misjoining
misjoins
misjudgement
misjudgements
misken
miskenned
miskenning
miskens
miskent
miskey
miskeyed
miskeying
miskeys
misleeke
misleeked
misleekes
misleeking
misletoe
misletoes
mislight
mislighted
mislighting
mislights
mislikings
mislippen
mislippened
mislippening
mislippens
mislit
mislive
mislived
mislives
misliving
misluck
mislucked
mislucking
mislucks
mismade
mismake
mismakes
mismaking
mismanners
mismarried
mismarries
mismarry
mismarrying
mismatchment
mismatchments
mismeasure
mismeasured
mismeasurement
mismeasurements
mismeasures
mismeasuring
mismetre
mismetred
mismetres
mismetring
misnomering
misobservance
misobservances
misobserve
misobserved
misobserves
misobserving
misocapnic
misoclere
misogynistical
misogynous
misologist
misologists
misoneist
misoneistic
misoneists
mispersuade
mispersuaded
mispersuades
mispersuading
mispersuasion
mispersuasions
mispickel
mispickels
mispleadings
misplease
mispleased
mispleases
mispleasing
mispoint
mispointed
mispointing
mispoints
mispraise
mispraised
mispraises
mispraising
misprise
misprised
misprises
misprising
misproportion
misproportioned
misproportions
misproud
mispunctuate
mispunctuated
mispunctuates
mispunctuating
mispunctuation
mispunctuations
misreadings
misreckonings
misregard
misregards
misrelation
misrelations
misrouteing
missaw
missayings
missee
misseeing
misseem
misseemed
misseeming
misseemings
misseems
misseen
missees
missel
missels
misshapenness
misshapennesses
missheathed
misshood
misshoods
missier
missiest
missingly
missionarise
missionarised
missionarises
missionarising
missionarize
missionarized
missionarizes
missionarizing
missionise
missionised
missionises
missionising
missish
missishness
missishnesses
misstepped
misstepping
missuit
missuited
missuiting
missuits
missummation
missummations
mistakenness
mistakennesses
mistakings
mistell
mistelling
mistells
mistemper
mistempered
mistempering
mistempers
mistered
misteries
mistering
mistery
mistful
misthoughts
mistico
misticos
mistigris
mistigrises
mistings
mistle
mistled
mistles
mistling
mistold
mistrayned
mistreading
mistreadings
mistressed
mistressing
mistressless
mistressly
mistrustingly
mistrustless
mistryst
mistrysted
mistrysting
mistrysts
misust
misventure
misventures
misventurous
miswandred
misween
misweened
misweening
misweens
miswend
miswending
miswends
miswent
miswordings
misworship
misworshipped
misworshipping
misworships
misyoke
misyoked
misyokes
misyoking
mitch
mitched
mitches
mitching
mithered
mithering
mithradatic
mithridatic
mithridatise
mithridatised
mithridatises
mithridatising
mithridatism
mithridatisms
mithridatize
mithridatized
mithridatizes
mithridatizing
mitier
mitiest
mitigable
mitigant
mitigatives
mitogenetic
mitraille
mitrailles
mitrailleur
mitrailleurs
mitrailleuse
mitrailleuses
mitriform
mittened
mity
miurus
miuruses
mixedly
mixedness
mixednesses
mixen
mixens
mixier
mixiest
mixobarbaric
mixolydian
mixotrophic
mixtion
mixtions
mixy
miz
mizmaze
mizmazes
mizz
mizzes
mizzlier
mizzliest
mizzlings
mizzonite
mizzonites
mna
mnas
mneme
mnemes
mnemic
mnemon
mnemonical
mnemonist
mnemonists
mnemons
mnemotechnic
mnemotechnics
mnemotechnist
mnemotechnists
moanfully
mobbie
mobbies
mobbings
mobble
mobbled
mobbles
mobbling
mobby
mobilisation
mobilisations
mobiliser
mobilisers
mobilizer
mobilizers
moble
mobles
mobling
mobsman
mobsmen
mocassin
mocassins
moch
mochell
mochells
mochie
mochier
mochiest
mochiness
mochinesses
mochs
mochy
mockado
mockadoes
mockage
mockages
mockernut
mockernuts
mockings
mocock
mococks
mocuck
mocucks
mocuddum
mocuddums
modalism
modalisms
modalist
modalistic
modalists
modals
modelli
modellings
modello
modellos
modemed
modeming
modena
modenas
moder
moderatism
moderatisms
moderatos
moderatrices
moderatrix
moderatrixes
moderniser
modernisers
moders
modi
modificative
modificatory
modii
modiolar
modioluses
modist
modists
modius
modiwort
modiworts
modularised
modus
moe
moed
moeing
moellon
moellons
moes
mofussil
mofussils
moggan
moggans
moguled
mohawk
mohawks
mohr
mohrs
moi
moider
moidered
moidering
moiders
moineau
moineaus
moiser
moisers
moisted
moistified
moistifies
moistify
moistifying
moisting
moists
moistureless
moisturiser
moisturisers
moit
moither
moithered
moithering
moithers
moits
mokaddam
mokaddams
moki
mokis
moko
mokos
moldwarp
moldwarps
molecast
molecasts
molecatcher
molecatchers
molecularities
molecularity
molehunt
molehunter
molehunters
molehunts
molendinar
molendinaries
molendinars
molendinary
molerat
molerats
molestful
molimen
molimens
moliminous
molines
molinet
molinets
molla
mollas
mollifier
mollifiers
mollities
mollitious
molluscoid
molluscoids
molluscous
mollymawk
mollymawks
molochise
molochised
molochises
molochising
molochize
molochized
molochizes
molochizing
molossi
molossus
moltenly
molybdenoses
molybdenosis
molybdoses
molybdosis
molybdous
momentaneous
momentany
mommet
mommets
momzerim
mona
monachist
monact
monactinal
monactine
monades
monadical
monadiform
monadologies
monadology
monal
monals
monandrous
monarchise
monarchised
monarchises
monarchising
monarchistic
monarchize
monarchized
monarchizes
monarchizing
monas
monases
monasterial
monastical
monaul
monauls
monaxon
monaxonic
monaxons
monchiquite
monchiquites
mondain
mondaine
mondaines
mondains
mondial
moner
monera
monergism
monergisms
moneron
moneth
moneths
monetisation
monetisations
monetise
monetised
monetises
monetising
moneylending
moneylendings
moneyless
mong
mongcorn
mongcorns
mongeries
mongerings
mongery
mongrelise
mongrelised
mongrelises
mongrelising
mongrelism
mongrelisms
mongrelly
mongs
monial
monials
monilia
monilias
moniment
moniments
moniplies
monistical
monitive
monitorially
monitress
monitresses
monkeyish
monkeyism
monkeyisms
monoblepses
monoblepsis
monocardian
monocarpellary
monocarpous
monoceros
monoceroses
monocerous
monochlamydeous
monochroic
monochromasies
monochromasy
monochromate
monochromates
monochromies
monochromy
monoclinal
monoclinous
monoculous
monodactylous
monodelphian
monodelphic
monodelphous
monodont
monogenism
monogenisms
monogenist
monogenistic
monogenists
monogenous
monogonies
monogony
monographer
monographers
monographical
monographies
monographist
monographists
monography
monogynian
monokini
monokinis
monolater
monolaters
monolatries
monolatrous
monolatry
monolingualism
monolingualisms
monolinguist
monolinguists
monologic
monological
monologies
monologise
monologised
monologises
monologising
monologize
monologized
monologizes
monologizing
monologuise
monologuised
monologuises
monologuising
monologuize
monologuized
monologuizes
monologuizing
monology
monomachia
monomachias
monomachies
monomachy
monomark
monomarks
monomode
monomorphous
monomyarian
monopetalous
monophase
monophasic
monophobia
monophobias
monophobic
monophobics
monophthongise
monophthongised
monophthongises
monophthongising
monophthongize
monophthongized
monophthongizes
monophthongizing
monophyodont
monophyodonts
monophysite
monophysites
monophysitic
monophysitism
monophysitisms
monopitch
monoplegia
monoplegias
monopod
monopodia
monopodium
monopods
monopoliser
monopolisers
monoprionidian
monopsonist
monopsonists
monoptera
monopteral
monopteroi
monopteron
monopteros
monoptote
monoptotes
monopulse
monopulses
monorchism
monorchisms
monorhinal
monorhine
monosepalous
monoses
monosies
monosis
monostich
monostichous
monostichs
monostrophic
monostrophics
monostylar
monostyle
monosy
monosyllabism
monosyllabisms
monosymmetric
monosymmetrical
monotelephone
monotelephones
monothalamic
monothalamous
monothecal
monothecous
monothelete
monotheletes
monotheletic
monotheletical
monotheletism
monotheletisms
monothelism
monothelisms
monothelite
monothelites
monothelitism
monothelitisms
monotocous
monotoned
monotoning
monotrematous
monotroch
monotrochs
monovalence
monovalences
monovalencies
monovalency
monoxylon
monoxylons
monoxylous
monstruosities
monstruosity
monstruous
montant
montanto
montantos
montants
montaria
montarias
montbretia
montbretias
montelimar
montelimars
montem
montems
montgolfier
montgolfiers
monthling
monthlings
monticellite
monticellites
monticle
monticles
monticolous
monticulate
monticule
monticules
monticulous
monticulus
monticuluses
monties
montre
montres
monture
montures
monty
monumented
monumenting
mony
monyplies
monzonitic
moodied
moodies
moodying
mooi
mook
mooks
mooktar
mooktars
mool
mooled
mooli
moolies
mooling
moolis
mools
mooly
moonblind
mooner
mooners
moonface
moonfaces
moonies
moonlightings
moonphase
moonphases
moonraker
moonrakers
moonraking
moonrakings
moonrock
moonrocks
moonroof
moonroofs
moonsail
moonsails
moonshee
moonshees
moonshiny
moonstrike
moonstrikes
moonwalked
moonwalker
moonwalkers
moonwalking
moop
mooped
mooping
moops
moorbuzzard
moorbuzzards
moorill
moorills
moorish
moorlog
moorlogs
moorman
moormen
moorva
moorvas
mooseyard
mooseyards
mootable
mooter
mooters
mootest
mootings
mootman
mootmen
moove
mooved
mooves
mooving
mopane
mopanes
mopani
mopanis
mopehawk
mopehawks
mophead
mopheads
mopishness
mopishnesses
mopoke
mopokes
moppier
moppiest
moppy
mopsies
mopstick
mopsticks
mopsy
mopus
mopuses
moraceous
moralisation
moralisations
moraliser
moralisers
morall
moralled
moraller
morallers
moralling
moralls
morat
morats
morbider
morbidest
morbidezza
morbidezzas
morbiferous
morbilliform
morbillivirus
morbilliviruses
morbillous
mordacious
mordaciously
mordacities
mordacity
moreish
morendo
morepork
moreporks
morgay
morgays
morgenstern
morgensterns
moria
morias
moriche
moriches
morigerate
morigeration
morigerations
morigerous
morisco
moriscoes
moriscos
morish
morkin
morkins
morling
morlings
mormaor
mormaors
mornay
mornays
morne
morned
mornes
moroser
morosest
morphean
morphed
morphetic
morphew
morphews
morphing
morphings
morphinomania
morphinomaniac
morphinomaniacs
morphinomanias
morphogenies
morphogeny
morphographer
morphographers
morphographies
morphography
morphophoneme
morphophonemes
morphophonemic
morphoses
morphosis
morphotic
morphotropic
morphotropies
morphotropy
morra
morras
morrhua
morrhuas
morrice
morrices
morrion
morrions
morrised
morrising
morsal
morses
morsure
morsures
mortalise
mortalised
mortalises
mortalising
mortalize
mortalized
mortalizes
mortalizing
mortbell
mortbells
mortcloth
mortcloths
morticer
morticers
mortiferous
mortiferousness
mortiferousnesses
mortific
mortifier
mortifiers
mortifyings
mortling
mortlings
morwong
morwongs
mosbolletjie
mosbolletjies
moschatel
moschatels
moschiferous
mose
mosed
moses
moshing
moshings
mosing
moskonfyt
moskonfyts
moslings
mossbluiter
mossbluiters
mossbunker
mossbunkers
mossie
mossies
mossiness
mossinesses
mossland
mosslands
mossplant
mossplants
mostwhat
moted
motelier
moteliers
moten
motett
motettist
motettists
motetts
motey
mothed
mothercraft
mothercrafts
motherings
motherwort
motherworts
mothery
motier
motiest
motionist
motionists
motivelessness
motivelessnesses
motorable
motorail
motorails
motorial
motorisation
motorisations
motorium
motoriums
motory
motser
motsers
mottier
mottiest
mottlings
mottoed
motty
motu
motuca
motucas
motus
motza
motzas
mou
moucharabies
moucharaby
moucher
mouchers
moudiewart
moudiewarts
moudiewort
moudieworts
moudiwart
moudiwarts
moudiwort
moudiworts
mought
mouldable
mouldboard
mouldboards
mouldiness
mouldinesses
mouldwarp
mouldwarps
moulinet
moulinets
mouls
moulten
moultings
mounseer
mounseers
mountained
mountaineered
mountant
mountants
mountebankings
mountebankism
mountebankisms
mountenance
mountenances
mountenaunce
mountenaunces
moup
mouped
mouping
moups
mournival
mournivals
mous
mousaka
mousakas
mousekin
mousekins
mousepiece
mousepieces
mouseries
mousery
mousie
mousies
mousle
mousled
mousles
mousling
mousme
mousmee
mousmees
mousmes
mousquetaire
mousquetaires
moust
moustached
moustachial
mousted
mousting
mousts
moutan
moutans
mouter
moutered
mouterer
mouterers
moutering
mouters
mouthable
mouthbreather
mouthbreathers
mouthfeel
mouthfeels
mouthless
moveabilities
moveability
moveableness
moveablenesses
moveably
movieland
movielands
mowa
mowas
mowburn
mowburned
mowburning
mowburns
mowburnt
mowdiewart
mowdiewarts
mowdiewort
mowdieworts
mowdiwart
mowdiwarts
mowdiwort
mowdiworts
mowra
mowras
moxibustion
moxibustions
moy
moya
moyas
moygashel
moygashels
moyities
moyity
moyl
moyle
moyled
moyles
moyling
moyls
moys
moz
moze
mozed
mozes
mozing
mozz
mozzes
mozzie
mozzies
mozzle
mozzles
mpret
mprets
mridamgam
mridamgams
mridang
mridangs
mucate
mucates
mucedinous
muchel
muchell
muchells
muchels
muciferous
mucigen
mucigens
mucilaginousness
mucilaginousnesses
muckender
muckenders
muckered
muckering
muckheap
muckheaps
muckiness
muckinesses
muckspread
muckspreader
muckspreaders
muckspreading
muckspreads
mucksweat
mucksweats
mucopurulent
mucor
mucors
mucosanguineous
mucoviscidoses
mucoviscidosis
mucronated
mucros
muculent
mudbath
mudbaths
muddlehead
muddleheads
mudflap
mudflaps
mudge
mudged
mudger
mudgers
mudges
mudging
mudhook
mudhooks
mudir
mudiria
mudirias
mudirieh
mudiriehs
mudirs
mudlarked
mudlarking
mudlogger
mudloggers
mudlogging
mudloggings
mudscow
mudscows
mudwort
mudworts
mueddin
mueddins
muffettee
muffettees
muffineer
muffineers
muffish
muflon
muflons
mugearite
mugearites
mugginses
muggish
mugshot
mugshots
mugwumperies
mugwumpery
muid
muids
muil
muils
muir
muirburn
muirburns
muirs
muist
muisted
muisting
muists
mujaheddin
mujahidin
mukhtar
mukhtars
mulatta
mulattas
mulattress
mulattresses
mulga
mulgas
mullarkies
mullarky
mulligrubs
mullock
mullocks
mulloway
mulloways
mulmul
mulmull
mulmulls
mulmuls
mulse
mulses
mulsh
mulshed
mulshes
mulshing
multangular
multanimous
multarticulate
multeities
multeity
multiarticulate
multicamerate
multicapitate
multicauline
multicentral
multicentric
multicipital
multicolour
multicoloured
multicolours
multicostate
multicuspid
multicuspidate
multicuspids
multicycle
multicycles
multidentate
multidenticulate
multidigitate
multifaced
multifariously
multifidous
multifil
multifils
multiflorous
multifoil
multifoils
multifoliate
multifoliolate
multiforms
multigravida
multigravidae
multigravidas
multigym
multigyms
multijugate
multijugous
multilineal
multilinear
multilinguist
multilinguists
multilobate
multilobular
multilobulate
multilocational
multilocular
multiloculate
multiloquence
multiloquences
multiloquent
multiloquies
multiloquous
multiloquy
multinominal
multinucleolate
multipack
multipacks
multipara
multiparae
multiparas
multiparities
multiparity
multipartyism
multipartyisms
multipede
multipedes
multiplane
multiplanes
multiplepoinding
multiplepoindings
multipliable
multiplicable
multiplicate
multiplicates
multiplicator
multiplicators
multipotent
multipresence
multipresences
multipresent
multiramified
multiscience
multisciences
multiseptate
multiserial
multiseriate
multiskill
multiskilling
multiskillings
multiskills
multisonant
multispiral
multistorey
multistrike
multistrikes
multisulcate
multithreading
multithreadings
multituberculate
multituberculated
multitudinary
multivalencies
multivalency
multivarious
multivibrator
multivibrators
multivious
multivocal
multivocals
multocular
multum
multums
multungulate
multungulates
multured
multurer
multurers
multuring
mumblement
mumblements
mumblingly
mumblings
mumchance
mumchances
mumm
mummia
mummias
mummiform
mummings
mummock
mummocks
mumms
mumper
mumpers
mumpish
mumpishly
mumpishness
mumpishnesses
mumpsimus
mumpsimuses
mumsier
mumsiest
mumsy
mun
mundaner
mundanest
mundic
mundics
mundification
mundifications
mundificative
mundified
mundifies
mundify
mundifying
mungcorn
mungcorns
mungoose
mungooses
municipalisation
municipalisations
municipalise
municipalised
municipalises
municipalising
municipalism
municipalisms
munified
munifience
munifiences
munifies
munify
munifying
munite
munited
munites
muniting
munitioneer
munitioneers
munitionette
munitionettes
munshi
munshis
munt
munting
muntings
munts
muntu
muntus
muqaddam
muqaddams
muraena
muraenas
murage
murages
murena
murenas
murgeon
murgeoned
murgeoning
murgeons
muriated
muriatic
muricated
muriform
murkish
murksome
murl
murlain
murlains
murlan
murlans
murled
murlier
murliest
murlin
murling
murlins
murls
murly
murmuration
murmurations
murmuringly
murmurings
murra
murrained
murram
murrams
murras
murray
murrays
murren
murrens
murrha
murrhas
murries
murrin
murrins
murrion
murrions
murry
murtherer
murtherers
murva
murvas
musaceous
musang
musangs
muscadin
muscadins
muscardine
muscardines
muscatoria
muscatorium
muscleman
musclemen
musclier
muscliest
musclings
muscoid
muscologies
muscology
muscone
muscones
muscose
muscovado
muscovados
musculation
musculations
musculous
musefully
muset
musets
musha
mushmouth
mushmouths
mushroomer
mushroomers
musicalness
musicalnesses
musicianer
musicianers
musicked
musicker
musickers
musicking
musicotherapies
musicotherapy
musimon
musimons
musit
musits
musive
musked
muskellunges
musketoon
musketoons
musking
muskle
muskles
muskone
muskones
muslined
muslinet
muslinets
musmon
musmons
muso
musos
musquetoon
musquetoons
musrol
musrols
musse
musselled
mussitate
mussitated
mussitates
mussitating
mussitation
mussitations
musted
musteline
mustelines
musterer
musterers
musting
mutableness
mutablenesses
mutagenise
mutagenised
mutagenises
mutagenising
mutagenize
mutagenized
mutagenizes
mutagenizing
mutanda
mutandum
mutationist
mutationists
mutatory
mutch
mutches
mutessarif
mutessarifat
mutessarifats
mutessarifs
muti
mutineered
mutineering
mutis
mutoscope
mutoscopes
mutteration
mutterations
mutteringly
mutterings
muttonhead
muttonheads
mutualisation
mutualisations
mutualise
mutualised
mutualises
mutualising
mutuals
mutuca
mutucas
mutuum
mutuums
mux
muxed
muxes
muxing
muzaky
mvule
mvules
myal
myalism
myalisms
myall
myalls
mycetes
mycetologies
mycetology
mycodomatia
mycodomatium
mycologic
mycorhiza
mycorhizal
mycorhizas
mycotoxicoses
mycotoxicosis
mycotrophic
myelitises
myelon
myelons
mygale
mygales
mylodon
mylodons
mylodont
mylodonts
mylohyoid
mylohyoids
mylonitic
mylonitisation
mylonitisations
mylonitise
mylonitised
mylonitises
mylonitising
mylonitization
mylonitizations
mylonitize
mylonitized
mylonitizes
mylonitizing
myoblastic
myocardiopathies
myocardiopathy
myogen
myogens
myogram
myograms
myographic
myographical
myographies
myographist
myographists
myography
myoid
myological
myologist
myologists
myomancies
myomancy
myomantic
myopics
myops
myopses
myotube
myotubes
myrbane
myrbanes
myriadfold
myriadfolds
myriadth
myriadths
myringa
myringas
myringitis
myringitises
myringoscope
myringoscopes
myringotomies
myringotomy
myriorama
myrioramas
myrioscope
myrioscopes
myristic
myristicivorous
myrmecoid
myrmecologic
myrmecophagous
myrmecophilies
myrmecophily
myrmidonian
myrrhic
myrrhine
myrrhol
myrrhols
myrtaceous
mysophobia
mysophobias
mystagogic
mystagogical
mystagogus
mystagoguses
mysticalness
mysticalnesses
mythi
mythicise
mythicised
mythiciser
mythicisers
mythicises
mythicising
mythicism
mythicisms
mythicist
mythicists
mythise
mythised
mythises
mythising
mythism
mythisms
mythist
mythists
mythize
mythized
mythizes
mythizing
mythogeneses
mythogenesis
mythologian
mythologians
mythologisation
mythologisations
mythologise
mythologised
mythologiser
mythologisers
mythologises
mythologising
mythologization
mythologizations
mythomane
mythomanes
mythopoeist
mythopoeists
mythopoet
mythopoets
mythus
mytiliform
mytiloid
myxedemic
myxoedema
myxoedemas
myxoedematous
myxoedemic
mzee
mzees
mzungu
mzungus
naam
naams
nabk
nabks
nabla
nablas
nacarat
nacarats
nach
nache
nachtmaal
nachtmaals
nacket
nackets
nacrite
nacrites
nacrous
naebodies
naebody
naething
naethings
naeve
naeves
naevoid
naff
naffing
naffly
naffness
naffnesses
naffs
naga
nagapie
nagapies
nagari
nagaris
nagas
nagmaal
nagmaals
nagor
nagors
nahal
nahals
naiant
naifer
naifest
naik
naiks
naileries
nailery
nailings
nailless
nain
nainsell
nainsells
nairas
naissant
naivist
naker
nakers
nala
nalas
nalla
nallah
nallahs
nallas
nam
namaskar
namaskars
namaste
namastes
nametape
nametapes
nameworthy
namings
nams
nandine
nandines
nandoo
nandoos
nandu
nandus
nanisation
nanisations
nanization
nanizations
nanna
nannas
nannied
nannygai
nannygais
nannyghai
nannyghais
nannying
nannyish
nanometre
nanometres
nanoplankton
nanoplanktons
naoses
napa
napas
naphthalic
naphthalise
naphthalised
naphthalises
naphthalising
naphthalize
naphthalized
naphthalizes
naphthalizing
napoleonite
napoleonites
napoo
napooed
napooing
napoos
nappa
nappas
nappiness
nappinesses
napron
naprons
naras
narases
narceen
narceens
narcocatharses
narcocatharsis
narcohypnoses
narcohypnosis
narcosyntheses
narcosynthesis
narcoterrorism
narcoterrorisms
narcotine
narcotines
narcotisation
narcotisations
narcotise
narcotised
narcotises
narcotising
narcotism
narcotisms
narcotist
narcotists
narcotization
narcotizations
narded
narding
nardoo
nardoos
nare
narghilies
narghillies
narghilly
narghily
nargilies
nargillies
nargilly
nargily
naricorn
naricorns
narkier
narkiest
narras
narrases
narratable
narratory
narre
narrowcast
narrowcasted
narrowcasts
narrowings
nas
nasalisation
nasalisations
nasalise
nasalised
nasalises
nasalising
nasard
nasards
naseberries
naseberry
nashgab
nashgabs
nasofrontal
nasolacrymal
nastalik
nastaliks
nasute
nasutes
nat
natalitial
natches
nathelesse
nathemo
nathemore
natiform
nationalisation
nationalisations
nationless
nats
natterer
natterers
natterjack
natterjacks
nattery
naturalisation
naturalisations
naturing
naturistic
naughties
naunt
naunts
naupliiform
nauplioid
nauseative
nautic
nautics
navalism
navalisms
navarch
navarchies
navarchs
navarchy
navarho
navarhos
navarin
navarins
navelwort
navelworts
navette
navettes
navew
navews
navicert
navicerts
navicula
naviculas
navigableness
navigablenesses
navvied
navvying
naythles
nayward
naywards
nayword
naywords
naze
nazes
nazir
nazirs
neafe
neafes
neaffe
neaffes
neal
nealed
nealing
neals
neandertal
neandertals
neanderthal
neanderthaler
neanderthalers
neanderthaloid
neanderthals
neanic
neaped
neaping
neapolitan
neapolitans
nebbed
nebbich
nebbichs
nebbing
nebbishe
nebbisher
nebbishers
nebbuk
nebbuks
nebeck
nebecks
nebek
nebeks
nebel
nebels
nebish
nebishes
nebris
nebrises
nebuchadnezzar
nebuchadnezzars
nebule
nebules
nebulisation
nebulisations
nebulise
nebulised
nebuliser
nebulisers
nebulises
nebulising
nebulium
nebuliums
nebuly
necessarian
necessarianism
necessarianisms
necessarians
necessariness
necessarinesses
necessitied
neckatee
neckatees
neckbeef
neckbeefs
neckcloth
neckcloths
neckgear
neckgears
necklaced
necklacing
necklacings
necklet
necklets
neckpiece
neckpieces
neckverse
neckverses
neckwears
neckweed
neckweeds
necrobioses
necrobiosis
necrobiotic
necrographer
necrographers
necrolater
necrolaters
necrolatries
necrolatry
necrologic
necromantical
necrophil
necrophile
necrophiles
necrophilies
necrophilous
necrophils
necrophily
necrophobe
necrophobes
necrophobia
necrophobias
necrophobic
necrophorous
necroscopic
necroscopical
necroscopies
necroscopy
necrotise
necrotised
necrotises
necrotising
necrotize
necrotized
necrotizes
necrotomies
necrotomy
nectareal
nectarean
nectared
nectareous
nectareousness
nectareousnesses
nectarial
nectariferous
nectocalyces
nectocalyx
ned
neddies
neddy
neds
needcessities
needcessity
needfire
needfires
needlecord
needlecords
needlecraft
needlecrafts
needleful
needlefuls
needlestick
needlier
needliest
needly
needment
needments
neeld
neelds
neele
neeles
neemb
neembs
neesberries
neesberry
neese
neesed
neeses
neesing
neeze
neezed
neezes
neezing
nef
nefandous
nefariousness
nefariousnesses
nefast
nefs
negationist
negationists
negatory
neglectable
neglectedness
neglectednesses
neglectingly
neglection
neglections
neglective
negligeable
negotiatress
negotiatresses
negotiatrices
negotiatrix
negotiatrixes
negress
negresses
negro
negroes
negrohead
negroheads
negroidal
negroism
negroisms
negrophil
negrophile
negrophiles
negrophilism
negrophilisms
negrophilist
negrophilists
negrophils
neif
neifs
neighborless
neighbourhood
neighbourhoods
neighbourless
neighbourliness
neighbourlinesses
neighbourly
neist
neive
neives
nek
neks
nelies
nelis
nelumbium
nelumbiums
nemathelminth
nemathelminthic
nemathelminths
nematoblast
nematoblasts
nematocystic
nematodiriases
nematodiriasis
nematodirus
nematodiruses
nematoid
nematophore
nematophores
nemertian
nemertians
nemesia
nemesias
nemn
nemned
nemning
nemns
nemoral
nemorous
nempt
nenes
nennigai
nennigais
nenuphar
nenuphars
neoblast
neoblasts
neogeneses
neogenesis
neogenetic
neogrammarian
neogrammarians
neologian
neologians
neological
neologically
neologise
neologised
neologises
neologising
neologist
neologistical
neologists
neologize
neologized
neologizes
neologizing
neonomian
neonomianism
neonomianisms
neonomians
neopagan
neopaganise
neopaganised
neopaganises
neopaganising
neopaganism
neopaganisms
neopaganize
neopaganized
neopaganizes
neopaganizing
neopagans
neophile
neophiles
neophobe
neophobes
neophobia
neophobias
neophobic
neophytic
neopilina
neopilinas
neoteinia
neoteinias
neotenous
neoterical
neoterically
neotericals
neoterise
neoterised
neoterises
neoterising
neoterism
neoterisms
neoterist
neoterists
neoterize
neoterized
neoterizes
neoterizing
neotoxin
neotoxins
neovitalism
neovitalisms
neovitalist
neovitalists
nep
neper
nepers
nepeta
nepetas
nephalism
nephalisms
nephalist
nephalists
nephogram
nephograms
nephograph
nephographs
nephologic
nephological
nephologies
nephologist
nephologists
nephology
nephralgia
nephralgias
nephralgies
nephralgy
nephritical
nephritics
nephritises
nephroid
nephrolepis
nephrolepises
nephrological
nephropexies
nephropexy
nephroptoses
nephroptosis
nephrotomies
nephrotomy
nepionic
nepit
nepits
neps
nerine
nerines
nerite
nerites
nerk
nerka
nerkas
nerks
nerval
nervature
nervatures
nervelet
nervelets
nerver
nervers
nervine
nervines
nervular
nervule
nervules
nervuration
nervurations
nesh
nesher
neshest
neshness
neshnesses
nestful
nestfuls
nestings
netball
netballs
nete
netes
netful
netfuls
netheless
netherlings
nethermore
netherstock
netherstocks
netherward
netherwards
netiquette
netiquettes
netizen
netizens
nettlelike
networker
networkers
neurastheniac
neurastheniacs
neuration
neurations
neurectomies
neurectomy
neurilities
neurility
neurism
neurisms
neurite
neurites
neuroblast
neuroblasts
neurochip
neurochips
neurocomputer
neurocomputers
neurocomputing
neurocomputings
neuroethologies
neuroethology
neurofibrillar
neurogeneses
neurogenesis
neurogram
neurograms
neurohypnologies
neurohypnology
neurolemma
neurolemmas
neuroleptanalgesia
neuroleptanalgesias
neuroleptanalgesic
neurolinguist
neurolinguistic
neurolinguistics
neurolinguists
neurolyses
neurolysis
neuropath
neuropathical
neuropathist
neuropathists
neuropathogeneses
neuropathogenesis
neuropaths
neuropil
neuropils
neuroplasm
neuroplasms
neuroptera
neuropterist
neuropterists
neurotomies
neurotomist
neurotomists
neurotomy
neurotrophic
neurotrophies
neurotrophy
neurovascular
neurypnologies
neurypnology
neutralisation
neutralisations
neutraliser
neutralisers
neutretto
neutrettos
nevel
nevelled
nevelling
nevels
neverthemore
newbie
newbies
newcome
newed
newell
newelled
newells
newfangle
newfangledly
newfangleness
newfanglenesses
newing
newishly
newishness
newishnesses
newscasting
newscastings
newsed
newses
newsflash
newsflashes
newsgirl
newsgirls
newsgroup
newsgroups
newsing
newspaperdom
newspaperdoms
newspaperism
newspaperisms
newstrade
newstrades
newswire
newswires
nextly
nextness
nextnesses
nexts
ngaio
ngaios
ngana
nganas
nhandu
nhandus
nibblingly
nibblings
niceish
nicher
nichered
nichering
nichers
nicish
nickar
nickars
nickeline
nickelines
nickelise
nickelised
nickelises
nickelising
nickelize
nickelized
nickelizes
nickelizing
nickelous
nickpoint
nickpoints
nickstick
nicksticks
nickum
nickumpoop
nickumpoops
nickums
nicol
nicols
nicompoop
nicompoops
nicotian
nicotians
nicotined
nicotinism
nicotinisms
nicrosilal
nicrosilals
nictation
nictations
nictitation
nictitations
nid
nidamenta
nidamental
nidamentum
nidation
nidations
niddering
nidderings
nidderling
nidderlings
niderling
niderlings
nidget
nidgets
nidificate
nidificated
nidificates
nidificating
niding
nidings
nidor
nidorous
nidors
nids
nidulation
nidulations
nie
nied
nief
niefs
niellated
nies
nieveful
nievefuls
nife
nifes
niff
niffed
niffier
niffiest
niffing
niffnaff
niffnaffed
niffnaffing
niffnaffs
niffs
niffy
niftiness
niftinesses
nigella
nigellas
niger
nigers
niggardise
niggardises
niggardize
niggardizes
niggerdom
niggerdoms
niggered
niggerhead
niggerheads
niggering
niggerish
niggerism
niggerisms
niggerling
niggerlings
niggery
nigglier
niggliest
niggly
nighly
nighness
nighnesses
nightbird
nightbirds
nightclass
nightclasses
nightclubbings
nighted
nightfaring
nightfire
nightfires
nightgear
nightgears
nightmarishness
nightmarishnesses
nightmary
nightpiece
nightpieces
nightrider
nightriders
nightward
nightwear
nightwears
nigrescence
nigrescences
nigrescent
nigricant
nigritude
nigritudes
nigromancies
nigromancy
nigrosine
nigrosines
nihil
nihils
nihonga
nihongas
nikau
nikaus
nikethamide
nikethamides
nimb
nimbed
nimblesse
nimblesses
nimbs
nimbyism
nimbyisms
nimious
nimmer
nimmers
nimonic
nincom
nincoms
nincum
nincums
nineholes
ninepence
ninepences
ninepennies
ninepenny
ninescore
ninescores
nineteenthly
ninjitsu
ninjitsus
ninjutsu
ninjutsus
niobite
niobites
nipcheese
nipcheeses
nippered
nippering
nipperkin
nipperkins
nipplewort
nippleworts
nippling
nipter
nipters
niramiai
niramiais
nirl
nirled
nirlie
nirlier
nirliest
nirling
nirlit
nirls
nirly
nis
nisberries
nisberry
nisse
nisses
nithing
nithings
nitraniline
nitranilines
nitratine
nitratines
nitrazepam
nitrazepams
nitridings
nitrobacteria
nitrocotton
nitrocottons
nitrogenisation
nitrogenisations
nitrogenise
nitrogenised
nitrogenises
nitrogenising
nitrogenization
nitrogenizations
nitrogenize
nitrogenized
nitrogenizes
nitrogenizing
nitrometer
nitrometers
nitrometric
nitrophilous
nitrosation
nitrosations
nitroso
nitrotoluene
nitrotoluenes
nitroxyl
nitroxyls
nitry
nitryl
nitryls
nitwitted
nitwittedness
nitwittednesses
nitwitteries
nitwittery
nobbiness
nobbinesses
nobbut
nobilesse
nobilesses
nobiliary
nobilitate
nobilitated
nobilitates
nobilitating
nobilitation
nobilitations
nocake
nocakes
nocently
nocents
nochel
nochelled
nochelling
nochels
nocket
nockets
noctambulation
noctambulations
noctambulism
noctambulisms
noctilio
noctilios
noctiluca
noctilucae
noctilucence
noctilucences
noctilucent
noctilucous
noctivagant
noctivagation
noctivagations
noctivagous
noctua
noctuaries
noctuary
noctuas
nocturnals
nocuousness
nocuousnesses
nodalise
nodalised
nodalises
nodalising
nodalize
nodalized
nodalizes
nodalizing
nodated
nodation
nodations
noddingly
noddings
noddled
noddling
nodulated
noduled
noematical
noematically
noeses
nogaku
nohowish
noint
nointed
nointing
noints
noiseful
noiselessness
noiselessnesses
nole
noles
nolition
nolitions
noll
nolls
nomade
nomades
nomadically
nomadies
nomadisation
nomadisations
nomadise
nomadised
nomadises
nomadising
nomadization
nomadizations
nomadize
nomadized
nomadizes
nomadizing
nomady
nomarch
nomarchs
nombles
nomenclative
nomenklatura
nomenklaturas
nomic
nominable
nominalisation
nominalisations
nominalise
nominalised
nominalises
nominalising
nominalization
nominalizations
nominalize
nominalized
nominalizes
nominalizing
nominately
nominatival
nominativally
nominatively
nomism
nomisms
nomistic
nomocracies
nomocracy
nomogenies
nomogeny
nomographer
nomographers
nomographical
nomographically
nomologist
nomologists
nomothete
nomothetes
nomothetical
nonaged
nonagesimal
nonagesimals
nonagonal
nonane
nonanes
nonary
nondescriptly
nondescriptness
nondescriptnesses
nonette
nonettes
nonetti
nonetto
nonettos
nong
nongs
nonillionth
nonillionths
nonnies
nonny
nonparous
nonsensicalities
nonsensicality
nonuplet
nonuplets
noodledom
noodledoms
noogeneses
noogenesis
nookie
nookier
nookiest
noologies
noology
noometries
noometry
nooned
nooner
nooners
noop
noops
nootropics
norethisterone
norethisterones
norimon
norimons
nork
norks
norma
normalisation
normalisations
norman
normans
normas
norsel
norselled
norseller
norsellers
norselling
norsels
nortena
nortenas
norteno
nortenos
northed
northered
northering
northerliness
northerlinesses
northermost
northerner
northerners
northernise
northernised
northernises
northernising
northernism
northernisms
northernize
northernized
northernizes
northernizing
northmost
northwardly
norward
norwards
nosean
noseans
nosebleeding
nosebleedings
nosedived
nosediving
noselite
noselites
noser
nosers
noseys
nosheries
noshery
nosies
nosode
nosodes
nosographer
nosographers
nosographic
nosographies
nosography
nosologist
nosologists
nosophobia
nosophobias
nostologic
nostological
nostologies
nostology
nostomania
nostomanias
nostopathies
nostopathy
nostradamic
notaeum
notaeums
notanda
notandum
notaphilic
notaphilies
notaphilism
notaphilisms
notaphilist
notaphilists
notaphily
notarise
notarised
notarises
notarising
notaryship
notaryships
notchel
notchelled
notchelling
notchels
notchier
notchiest
notchings
notchy
notelet
notelets
nothingarian
nothingarianism
nothingarianisms
nothingarians
nothingism
nothingisms
notionalist
notionalists
notionist
notionists
notitia
notitiae
notitias
notodontid
notodontids
notonectal
notoriousness
notoriousnesses
notornises
notoungulate
notoungulates
notour
nott
notungulate
notungulates
noul
nould
noulde
noule
noules
nouls
noumenally
nounier
nouniest
nouny
noup
noups
nourice
nourices
nourishable
nourishingly
nouriture
nouritures
nourriture
nourritures
noursle
noursled
noursles
noursling
nousell
nouselled
nouselling
nousells
nousle
nousled
nousles
nousling
nout
novalia
noveldom
noveldoms
novelese
noveleses
novelettist
novelettists
novelisation
novelisations
novelise
novelised
noveliser
novelisers
novelises
novelish
novelising
novelism
novelisms
novelizer
novelizers
novenaries
novenary
novennial
noverint
noverints
novicehood
novicehoods
noviceship
noviceships
noviciate
noviciates
novities
novity
novocentenaries
novocentenary
novodamus
novodamuses
novum
novums
nowcasting
nowcastings
nowed
nowhence
nowl
nowls
nown
nowy
nox
noxal
noxes
noy
noyance
noyances
noyau
noyaus
noyed
noyes
noyeses
noying
noyous
noys
noysome
nozzer
nozzers
nuancing
nubbed
nubbing
nubbled
nubbling
nubecula
nubeculae
nubia
nubias
nubiferous
nubiform
nubigenous
nuciferous
nucivorous
nucleal
nuclearisation
nuclearisations
nuclearise
nuclearised
nuclearises
nuclearising
nuclearization
nuclearizations
nuclearize
nuclearized
nuclearizes
nuclearizing
nucleide
nucleides
nucleolate
nucleolated
nucleole
nucleoles
nucule
nucules
nudation
nudations
nudibranchiate
nudibranchiates
nudicaudate
nudicaul
nudicaulous
nuff
nuffin
nuffins
nuffs
nugatoriness
nugatorinesses
nuggar
nuggars
nuggety
nuisancer
nuisancers
nulla
nullas
nullifidian
nullifidians
nullings
nullipara
nulliparae
nulliparas
nulliparities
nulliparity
nullipore
nullipores
nullness
nullnesses
numberlessly
numberlessness
numberlessnesses
numdah
numdahs
numerabilities
numerability
numerably
numeraire
numeraires
numerosities
numerosity
numinouses
numismatologies
numismatologist
numismatologists
numismatology
nummulary
nummulated
nummulation
nummulations
nummuline
nummulite
nummulites
nummulitic
numnah
numnahs
numpties
numpty
numskulled
nunataker
nuncheon
nuncheons
nuncupate
nuncupated
nuncupates
nuncupating
nuncupation
nuncupations
nuncupatory
nundinal
nundine
nundines
nunhood
nunhoods
nunnation
nunnations
nunnish
nunnishness
nunnishnesses
nunship
nunships
nur
nuraghe
nuraghi
nuraghic
nurdle
nurdled
nurdles
nurdling
nurhag
nurhags
nurl
nurled
nurling
nurls
nurr
nurrs
nurs
nursehound
nursehounds
nurselike
nurseling
nurselings
nursemaided
nursemaiding
nurserymaid
nurserymaids
nursle
nursled
nursles
nurturable
nutarian
nutarians
nutbutter
nutbutters
nutjobber
nutjobbers
nutmeal
nutmeals
nutmegged
nutmegging
nutmeggy
nutpecker
nutpeckers
nutraceutical
nutraceuticals
nutrimental
nutritives
nutteries
nuttery
nutwood
nutwoods
nuzzer
nuzzers
ny
nyaff
nyaffed
nyaffing
nyaffs
nyanza
nyanzas
nyas
nyases
nybble
nybbles
nychthemeral
nychthemeron
nychthemerons
nyctaginaceous
nyctalopes
nyctalopic
nyctalops
nyctanthous
nyctinastic
nyctinasties
nyctinasty
nyctitropic
nyctitropism
nyctitropisms
nyctophobia
nyctophobias
nye
nyed
nyes
nying
nylghau
nylghaus
nymphaea
nymphaeaceous
nymphaeum
nymphaeums
nymphic
nymphical
nymphish
nymphlike
nymphly
nys
nyssa
nyssas
nystagmoid
oakenshaw
oakenshaws
oaker
oakers
oakier
oakiest
oakleaf
oakleaves
oakling
oaklings
oaky
oarage
oarages
oarier
oariest
oarweed
oarweeds
oary
oathable
ob
oba
obang
obangs
obas
obcompressed
obconical
obdiplostemonous
obdurated
obdurates
obdurating
obduration
obdurations
obdure
obdured
obdures
obduring
obeahed
obeahing
obeahism
obeahisms
obeche
obeches
obediential
obedientiaries
obedientiary
obeism
obeisms
obelion
obeliscal
obeliscoid
obelise
obelised
obelises
obelising
obeseness
obesenesses
obeser
obesest
obia
obias
obied
obiing
obiism
obiisms
obital
obitual
objectivate
objectivated
objectivates
objectivating
objectivation
objectivations
objectivise
objectivised
objectivises
objectivising
objectivize
objectivized
objectivizes
objectivizing
objuration
objurations
objure
objured
objures
objurgative
objuring
oblational
obligant
obligants
obligational
obligatoriness
obligatorinesses
obligement
obligements
obliquation
obliquations
obliquer
obliquest
obliquid
obliquitous
obliviscence
obliviscences
obmutescence
obmutescences
obmutescent
obo
obolary
obos
obovately
obreption
obreptions
obreptitious
obs
obsceneness
obscenenesses
obscurement
obscurements
obscurers
obsecrate
obsecrated
obsecrates
obsecrating
obsecration
obsecrations
obsequent
obsequial
obsequie
observableness
observablenesses
observancies
observancy
observative
observator
observators
obsessionist
obsessionists
obsidional
obsidionary
obsign
obsignate
obsignated
obsignates
obsignating
obsignation
obsignations
obsignatory
obsigned
obsigning
obsigns
obsoletion
obsoletions
obsoletism
obsoletisms
obstipation
obstipations
obstreperate
obstreperated
obstreperates
obstreperating
obstriction
obstrictions
obstropalous
obstropulous
obstructer
obstructers
obstructional
obstructionally
obstructively
obstruent
obstruents
obtemper
obtemperate
obtemperated
obtemperates
obtemperating
obtempered
obtempering
obtempers
obtend
obtended
obtending
obtends
obtention
obtentions
obtestation
obtestations
obtrudings
obtruncate
obtruncated
obtruncates
obtruncating
obtundent
obtundents
obumbrate
obumbrated
obumbrates
obumbrating
obumbration
obumbrations
obvention
obventions
obversion
obversions
obvoluted
obvolvent
occam
occamies
occams
occamy
occasionalism
occasionalisms
occasionalist
occasionalists
occasionalities
occasionality
occasioner
occasioners
occidentalise
occidentalised
occidentalises
occidentalising
occidentals
occludent
occludents
occluder
occluders
occlusives
occlusor
occlusors
occultness
occultnesses
occupance
occupances
occupate
occupated
occupates
occupating
occupative
oceanid
oceanides
oceanids
oceanological
ocellated
ocellation
ocellations
oceloid
och
oche
ochered
ochering
oches
ochidore
ochidores
ochlocratically
ochlophobia
ochlophobiac
ochlophobiacs
ochlophobias
ochlophobic
ochraceous
ochrea
ochreae
ochreate
ochred
ochrey
ochring
ochroleucous
ochrous
ochry
ockerism
ockerisms
octa
octachord
octachordal
octachords
octahedrite
octahedrites
octals
octamerous
octandrian
octandrous
octangular
octapla
octaplas
octaploid
octaploidies
octaploids
octaploidy
octapodic
octapodies
octapody
octaroon
octaroons
octas
octastich
octasticha
octastichon
octastichous
octastichs
octastrophic
octastyle
octastyles
octennial
octennially
octett
octetts
octillionth
octillionths
octingenaries
octingenary
octingentenaries
octingentenary
octocentenaries
octocentenary
octodecimo
octodecimos
octofid
octogenary
octogynous
octohedra
octohedron
octohedrons
octonarian
octonarians
octonarii
octonarius
octonocular
octopetalous
octoploidies
octoploidy
octopodous
octopush
octopusher
octopushers
octopushes
octosepalous
octostichous
octostyle
octostyles
octuor
octuors
octuplicate
octuplicates
oculate
oculated
oda
odal
odalique
odaliques
odaller
odallers
odals
odas
oddsman
oddsmen
odism
odisms
odonatist
odonatists
odonatologies
odonatologist
odonatologists
odonatology
odontalgia
odontalgias
odontalgic
odontalgies
odontalgy
odontic
odontist
odontists
odontocete
odontocetes
odontogenic
odontogenies
odontogeny
odontograph
odontographies
odontographs
odontography
odontolite
odontolites
odontologic
odontological
odontologies
odontologist
odontologists
odontology
odontoma
odontomas
odontomata
odontomatous
odontophobia
odontophobias
odontophoral
odontophoran
odontophore
odontophores
odontophorous
odontornithes
odontostomatous
odorate
odorimetries
odorimetry
odoured
odourless
odso
odsos
odyl
odyle
odyles
odylism
odylisms
odyls
odzooks
oecist
oecists
oecologic
oecological
oecologically
oecologies
oecologist
oecologists
oecology
oecumenic
oecumenicalism
oecumenicalisms
oecumenically
oecumenicism
oecumenicisms
oecumenics
oecumenism
oecumenisms
oedematose
oedematous
oenanthic
oenological
oenologist
oenologists
oenomancies
oenomancy
oenomania
oenomanias
oenometer
oenometers
oenophil
oenophilies
oenophilist
oenophilists
oenophils
oenophily
oerlikon
oerlikons
oesophageal
oestradiol
oestradiols
oestral
oestrogen
oestrogenic
oestrogens
oestrum
oestrums
offenceful
offenceless
offendedly
offendress
offendresses
offerable
offeree
offerees
officialities
officiality
officialties
officialty
officiator
officiators
offline
offpeak
offput
offputs
offsaddle
offsaddled
offsaddles
offsaddling
offscum
offscums
offseason
offseasons
offsetable
offsider
offsiders
offtake
offtakes
oflag
oflags
oftenness
oftennesses
ogamic
oggin
oggins
oglings
ogmic
ohone
ohos
oi
oik
oikist
oikists
oiks
oileries
oilery
oilfield
oilfields
oillet
oillets
oilnut
oilnuts
oint
ointed
ointing
oints
ojime
ojimes
okimono
okimonos
okta
oktas
oldened
oldening
oldens
oldmaidish
oleaceous
olearia
olearias
olecranal
olefiant
oleiferous
olent
oleographies
oleography
oleophilic
oleraceous
olfact
olfacted
olfactible
olfacting
olfactive
olfactologies
olfactologist
olfactologists
olfactology
olfactometries
olfactometry
olfactronics
olfacts
olid
oligaemia
oligaemias
oligarchal
oligist
oligists
oligochrome
oligochromes
oligocythaemia
oligocythaemias
oligomerous
oliphant
oliphants
olitories
olitory
oliver
olivers
olivet
olivets
ollamh
ollamhs
ollav
ollavs
olm
olms
olpae
olpe
olpes
olycook
olycooks
olykoek
olykoeks
olympics
omadhaun
omadhauns
omasal
ombrella
ombrellas
ombrometer
ombrometers
ombrophil
ombrophile
ombrophiles
ombrophilous
ombrophils
ombrophobe
ombrophobes
ombrophobous
ombu
ombus
omerta
omertas
omissiveness
omissivenesses
omittance
omittances
omlah
omlahs
ommatea
ommateum
ommatophore
ommatophores
omneities
omneity
omniana
omnibenevolence
omnibenevolences
omnibenevolent
omnieties
omniety
omniferous
omnified
omnifies
omniform
omniformities
omniformity
omnify
omnifying
omnigenous
omniparities
omniparity
omniparous
omnipatient
omnipotencies
omnipotency
omnium
omniums
omnivories
omnivory
omohyoid
omohyoids
omophagia
omophagias
omophagic
omophagies
omophagous
omophagy
omophoria
omophorion
omoplate
omoplates
omoplatoscopies
omoplatoscopy
omphacite
omphacites
omphalic
omphaloid
omphalomancies
omphalomancy
omrah
omrahs
onagraceous
oncer
oncers
onces
oncogen
oncogeneticist
oncogeneticists
oncogens
oncolyses
oncolysis
oncolytic
oncolytics
oncome
oncomes
oncometer
oncometers
oncomice
oncomouse
oncost
oncostman
oncostmen
oncosts
oncotomies
oncotomy
oncus
ondatra
ondatras
ondine
ondines
onding
ondings
oneirocritic
oneirocritical
oneirocriticism
oneirocriticisms
oneirocritics
oneirodynia
oneirodynias
oneirologies
oneirology
oneiromancer
oneiromancers
oneiroscopies
oneiroscopist
oneiroscopists
oneiroscopy
onely
oner
oners
oneyer
oneyers
oneyre
oneyres
onfall
onfalls
onflow
onflows
ongoings
onioned
onionier
onioniest
onioning
oniric
oniscoid
onkus
onliest
online
onned
onning
onocentaur
onocentaurs
onomasticon
onomasticons
onomatopoeses
onomatopoesis
onomatopoieses
onomatopoiesis
onsetter
onsetters
onsetting
onsettings
onsides
onst
onstead
onsteads
ontogenic
ontogenically
ontologic
onwardly
onycha
onychas
onychia
onychias
onychite
onychites
onychitis
onychitises
onychium
onychiums
onychocryptoses
onychocryptosis
onychomancies
onychomancy
onychophagies
onychophagist
onychophagists
onychophagy
onymous
oo
oobit
oobits
oodlins
oof
oofs
ooftish
ooftishes
oogenies
oogeny
ooidal
oolakan
oolakans
oom
oomiack
oomiacks
ooms
oon
oons
oont
oonts
oop
ooped
oophorectomise
oophorectomised
oophorectomises
oophorectomising
oophorectomize
oophorectomized
oophorectomizes
oophorectomizing
oophoritis
oophoritises
oophoron
oophorons
ooping
oor
oorial
oorials
oorie
oorier
ooriest
oos
oose
ooses
oosier
oosiest
oosy
opacous
opaled
opalised
opalized
opcode
opcodes
opeidoscope
opeidoscopes
opepe
opepes
operosities
operosity
ophicalcite
ophicalcites
ophicleide
ophicleides
ophidiaria
ophidiarium
ophidiariums
ophiolater
ophiolaters
ophiolatries
ophiolatrous
ophiolatry
ophiolite
ophiolites
ophiolitic
ophiologic
ophiological
ophiologies
ophiologist
ophiologists
ophiology
ophiomorph
ophiomorphic
ophiomorphous
ophiomorphs
ophiophagous
ophiophilist
ophiophilists
ophiura
ophiuran
ophiurans
ophiuras
ophiurid
ophiurids
ophthalmist
ophthalmists
ophthalmitis
ophthalmitises
ophthalmometer
ophthalmometers
ophthalmometries
ophthalmometry
ophthalmophobia
ophthalmophobias
ophthalmoplegia
ophthalmoplegias
ophthalmoscopical
ophthalmoscopically
opificer
opificers
opinable
opinicus
opinicuses
opinionately
opinionator
opinionators
opinionist
opinionists
opisometer
opisometers
opisthocoelian
opisthocoelous
opisthodomos
opisthodomoses
opisthoglossal
opisthognathous
opisthograph
opisthographic
opisthographies
opisthographs
opisthography
opisthotonic
opisthotonos
opisthotonoses
opobalsam
opobalsams
opodeldoc
opodeldocs
opopanax
opopanaxes
oporice
oporices
opotherapies
opotherapy
oppignerate
oppignerated
oppignerates
oppignerating
oppignorate
oppignorated
oppignorates
oppignorating
oppignoration
oppignorations
oppilation
oppilations
oppilative
oppo
opponencies
opponency
oppos
oppositive
oppugnancies
oppugnancy
oppugnant
oppugnants
opsimath
opsimathies
opsimaths
opsimathy
opsiometer
opsiometers
opsomania
opsomaniac
opsomaniacs
opsomanias
opsonium
opsoniums
optant
optants
opter
opters
optimalisation
optimalisations
optimalise
optimalised
optimalises
optimalising
optimalization
optimalizations
optimalize
optimalized
optimalizes
optimalizing
optimate
optimates
optime
optimes
optoacoustic
optologies
optologist
optologists
optology
optometer
optometers
optometrical
optophone
optophones
optronics
opulus
opuluses
opuscle
opuscles
oracies
oracled
oracling
oracularness
oracularnesses
oraculous
oraculously
oraculousness
oraculousnesses
oracy
oragious
oranger
orangest
orant
orants
oraria
orarian
orarians
orarion
orarions
orarium
orariums
oratorial
oratorian
oratorians
oratress
oratresses
oratrix
oratrixes
orbiculares
orbicularis
orbita
orbitas
orbities
orbity
orcharding
orchardings
orchardman
orchardmen
orchat
orchats
orchel
orchella
orchellas
orchels
orcheses
orchesis
orchesographies
orchesography
orchestic
orchestics
orchestralist
orchestralists
orchestric
orchestrina
orchestrinas
orchestrion
orchestrions
orchidectomies
orchidectomy
orchideous
orchidist
orchidists
orchidologies
orchidologist
orchidologists
orchidology
orchidomania
orchidomaniac
orchidomaniacs
orchidomanias
orchiectomies
orchiectomy
orchilla
orchillas
orchitic
orcine
orcines
ord
ordainable
ordalian
ordalium
ordaliums
orderings
ordinaire
ordinaires
ordinant
ordinants
ordinar
ordinars
ordinated
ordinately
ordinating
ordinee
ordinees
ords
ordurous
oreades
orecrowe
orecrowed
orecrowes
orecrowing
orectic
oreographic
oreographical
oreographies
oreography
oreological
oreologies
oreologist
oreologists
oreology
orepearch
orepearched
orepearches
orepearching
orestunck
oreweed
oreweeds
orexis
orexises
orf
orfe
orfes
orfs
organical
organisabilities
organisability
organisable
organisational
organistrum
organistrums
organities
organity
organizabilities
organizability
organogenies
organogeny
organogram
organograms
organographies
organography
organotherapies
organotherapy
orgasmed
orgasming
orgia
orgias
orgiast
orgiasts
orgic
orgillous
orgue
orgues
oricalche
oricalcheous
oricalches
orichalc
orichalceous
orichalcs
orielled
oriencies
oriency
orientalise
orientalised
orientalises
orientalising
orientalities
orientality
orientator
orientators
orienteered
orifex
orifexes
origan
origane
origanes
origans
orillion
orillions
orleans
orleanses
ornamenter
ornamenters
ornamentist
ornamentists
ornater
ornatest
ornises
ornithichnite
ornithichnites
ornithodelphian
ornithodelphians
ornithodelphic
ornithodelphous
ornithogalum
ornithogalums
ornithoid
ornithomancies
ornithomancy
ornithomantic
ornithomorph
ornithomorphic
ornithomorphs
ornithophilies
ornithophilous
ornithophily
ornithophobia
ornithophobias
ornithorhynchus
ornithorhynchuses
ornithosaur
ornithosaurs
ornithoscopies
ornithoscopy
orobanchaceous
orogen
orogens
orological
orologist
orologists
oropesa
oropesas
ororotund
ororotundities
ororotundity
orphanism
orphanisms
orpharion
orpharions
orpheoreon
orpheoreons
orra
orseille
orseilles
orsellic
ortanique
ortaniques
orthian
orthoaxes
orthoaxis
orthoborate
orthoborates
orthocaine
orthocaines
orthocentre
orthocentres
orthocousin
orthocousins
orthodiagonal
orthodiagonals
orthodromic
orthodromics
orthodromies
orthodromy
orthoepical
orthogenic
orthogenics
orthognathic
orthognathism
orthognathisms
orthognathous
orthograph
orthographer
orthographers
orthographist
orthographists
orthographs
orthopaedical
orthopaedies
orthopaedist
orthopaedists
orthopaedy
orthopedia
orthopedias
orthopedical
orthopedies
orthopedy
orthophosphoric
orthophyre
orthophyres
orthophyric
orthopinakoid
orthopinakoids
orthopnoea
orthopnoeas
orthopod
orthopods
orthopraxes
orthopraxies
orthopraxis
orthopraxy
orthoprism
orthoprisms
orthopterologies
orthopterologist
orthopterologists
orthopterology
orthopteron
orthopterous
orthoptic
orthoptics
orthoptist
orthoptists
orthos
orthosilicate
orthosilicates
orthostichies
orthostichous
orthostichy
orthotone
orthotoneses
orthotonesis
orthotonic
orthotopic
orthotropic
orthotropies
orthotropism
orthotropisms
orthotropy
orthros
orthroses
orval
orvals
oryctologies
oryctology
oscheal
oscillative
oscinine
oscitancies
oscitancy
oscitantly
oscitate
oscitated
oscitates
oscitating
oscitation
oscitations
osculatories
oshac
oshacs
osiered
osieries
osiery
osmate
osmates
osmiate
osmiates
osmidroses
osmidrosis
ossarium
ossariums
osselet
osselets
osseter
osseters
ossiferous
ossifraga
ossifragas
ossivorous
osteitises
ostensibilities
ostensibility
ostensories
ostensory
ostent
ostents
osteoarthritises
osteoarthroses
osteoarthrosis
osteoclases
osteoclasis
osteocolla
osteocollas
osteoderm
osteodermal
osteodermatous
osteodermic
osteodermous
osteoderms
osteogen
osteogenetic
osteogenies
osteogenous
osteogens
osteogeny
osteographies
osteography
osteomyelitises
osteopathist
osteopathists
osteopetroses
osteopetrosis
osteophyte
osteophytes
osteophytic
osteotome
osteotomes
osteotomies
osteotomy
ostial
ostiate
ostiolate
ostiolates
ostleress
ostleresses
ostracean
ostraceous
ostracodan
ostracodous
ostraka
ostrakon
ostreaceous
ostreger
ostregers
ostreiculture
ostreicultures
ostreiculturist
ostreiculturists
ostreophage
ostreophages
ostreophagies
ostreophagous
ostreophagy
ostrichism
ostrichisms
otaku
otalgies
otalgy
otaries
otarine
otary
othergates
otherworldish
otitises
otologist
otologists
otorrhoea
otorrhoeas
ottavas
ottavino
ottavinos
ottered
ottering
ottrelite
ottrelites
ou
ouakari
ouakaris
oubit
oubits
oucht
ouchts
oughlied
oughlies
oughly
oughlying
oughtlings
oughtness
oughtnesses
ouglie
ouglied
ouglieing
ouglies
ouija
ouijas
ouistiti
ouistitis
ouk
ouks
oulachon
oulachons
oulakan
oulakans
ould
oulder
ouldest
oulk
oulks
oulong
oulongs
oundy
oup
ouped
ouping
oups
ourali
ouralis
ourebi
ourebis
ourie
ourier
ouriest
ourn
ouroboros
ouroboroses
ourologic
ourological
ourologies
ourologist
ourologists
ourology
ouroscopic
ouroscopies
ouroscopist
ouroscopists
ouroscopy
oustiti
oustitis
outbacker
outbackers
outbar
outbarred
outbarring
outbars
outbluster
outblustered
outblustering
outblusters
outbounds
outbreaking
outbreathe
outbreathed
outbreathes
outbreathing
outbroke
outbroken
outbursting
outcasted
outcasting
outcraftied
outcrafties
outcrafty
outcraftying
outcried
outcrossings
outcrying
outdacious
outdure
outdured
outdures
outduring
outdwell
outdwelled
outdwelling
outdwells
outdwelt
outedge
outedges
outers
outerwears
outfangthief
outfangthiefs
outfittings
outflash
outflashed
outflashes
outflashing
outfling
outflings
outflowings
outflush
outflushed
outflushes
outflushing
outfrown
outfrowned
outfrowning
outfrowns
outgassings
outgate
outgates
outgave
outgeneralled
outgeneralling
outgive
outgiven
outgives
outgoer
outgoers
outguard
outguards
outgushed
outgushing
outhauler
outhaulers
outher
outhire
outhired
outhires
outhiring
outhyre
outhyred
outhyres
outhyring
outjest
outjested
outjesting
outjests
outjet
outjets
outjetting
outjettings
outjockey
outjockeyed
outjockeying
outjockeys
outjut
outjuts
outjutting
outjuttings
outlain
outlash
outlashes
outlaunce
outlaunced
outlaunces
outlaunch
outlaunched
outlaunches
outlaunching
outlauncing
outler
outlers
outlie
outlied
outlies
outlinear
outlodging
outlodgings
outlooked
outlooking
outlustre
outlustred
outlustres
outlustring
outmanoeuvre
outmanoeuvred
outmanoeuvres
outmanoeuvring
outmantle
outmantled
outmantles
outmantling
outmarriage
outmarriages
outmeasure
outmeasured
outmeasures
outmeasuring
outmove
outmoved
outmoves
outmoving
outname
outnamed
outnames
outnaming
outness
outnesses
outnight
outnighted
outnighting
outnights
outpart
outparts
outpassion
outpassioned
outpassioning
outpassions
outpeep
outpeeped
outpeeping
outpeeps
outpeer
outpeered
outpeering
outpeers
outplace
outplaced
outplacer
outplacers
outplaces
outplacing
outpourer
outpourers
outprize
outprized
outprizes
outprizing
outquarters
outraigne
outraigned
outraignes
outraigning
outrecuidance
outrecuidances
outred
outredded
outredden
outreddened
outreddening
outreddens
outredding
outreds
outreign
outreigned
outreigning
outreigns
outrelief
outreliefs
outremer
outremers
outroop
outrooper
outroopers
outroops
outrope
outroper
outropers
outropes
outrunner
outrunners
outscold
outscolded
outscolding
outscolds
outscorn
outscorned
outscorning
outscorns
outsetting
outsettings
outsettlement
outsettlements
outshots
outsource
outsourced
outsources
outspeckle
outspeckles
outsport
outsported
outsporting
outsports
outsprang
outspring
outspringing
outsprings
outsprung
outstep
outstepped
outstepping
outsteps
outstrain
outstrained
outstraining
outstrains
outstrike
outstrikes
outstriking
outstruck
outsum
outsummed
outsumming
outsums
outsweeten
outsweetened
outsweetening
outsweetens
outswell
outswelled
outswelling
outswells
outswing
outswinger
outswingers
outswings
outswollen
outtaken
outtaking
outtongue
outtongued
outtongues
outtonguing
outtook
outtop
outtopped
outtopping
outtops
outtravel
outtraveled
outtraveling
outtravelled
outtravelling
outtravels
outvenom
outvenomed
outvenoming
outvenoms
outvillain
outvillained
outvillaining
outvillains
outvoice
outvoiced
outvoices
outvoicing
outvoter
outvoters
outweed
outweeded
outweeding
outweeds
outwell
outwelled
outwelling
outwells
outwick
outwicked
outwicking
outwicks
outwin
outwind
outwinding
outwinds
outwing
outwinged
outwinging
outwings
outwinning
outwins
outwith
outwon
outworth
outworthed
outworthing
outworths
outwound
outwrest
outwrested
outwresting
outwrests
ouvirandra
ouvirandras
ovariotomist
ovariotomists
ovarious
ovaritises
ovated
ovates
ovating
ovator
ovators
ovenwood
ovenwoods
overabound
overabounded
overabounding
overabounds
overbearingness
overbearingnesses
overbidder
overbidders
overbiddings
overblanket
overblankets
overboldly
overbound
overbounded
overbounding
overbounds
overbridge
overbridged
overbridges
overbridging
overbrim
overbrimmed
overbrimming
overbrims
overbrow
overbrowed
overbrowing
overbrows
overbulk
overbulked
overbulking
overbulks
overburthen
overburthened
overburthening
overburthens
overbusied
overbusies
overbusying
overby
overcanopied
overcanopies
overcanopy
overcanopying
overcapitalisation
overcapitalisations
overcapitalise
overcapitalised
overcapitalises
overcapitalising
overcarried
overcarries
overcarry
overcarrying
overcatch
overcatches
overcatching
overcaught
overcheck
overchecks
overclad
overcloy
overcloyed
overcloying
overcloys
overcoating
overcoatings
overcolour
overcoloured
overcolouring
overcolours
overcorrection
overcorrections
overcover
overcovered
overcovering
overcovers
overcraw
overcrawed
overcrawing
overcraws
overcredulities
overcredulity
overcrow
overcrowdings
overcrowed
overcrowing
overcrows
overdaring
overdated
overdight
overdramatise
overdramatised
overdramatises
overdramatising
overdraught
overdraughts
overdust
overdusted
overdusting
overdusts
overemphasise
overemphasised
overemphasises
overemphasising
overexcitabilities
overexcitability
overexcitable
overeye
overeyed
overeyeing
overeyes
overeying
overfall
overfallen
overfalling
overfalls
overfell
overfine
overfineness
overfinenesses
overfinished
overflourish
overflourished
overflourishes
overflourishing
overflowingly
overflowings
overflush
overflushes
overfold
overfolded
overfolding
overfolds
overfondly
overfondness
overfondnesses
overforward
overforwardness
overforwardnesses
overfraught
overfreedom
overfreedoms
overfreely
overfreight
overfreighted
overfreighting
overfreights
overfullness
overfullnesses
overfulness
overfulnesses
overfundings
overgall
overgalled
overgalling
overgalls
overgang
overganging
overgangs
overgave
overget
overgets
overgetting
overgive
overgiven
overgives
overgiving
overglance
overglanced
overglances
overglancing
overglazed
overglazing
overgloom
overgloomed
overglooming
overglooms
overgo
overgoes
overgoing
overgoings
overgone
overgorge
overgorged
overgorges
overgorging
overgot
overgrain
overgrained
overgrainer
overgrainers
overgraining
overgrains
overgrass
overgrassed
overgrasses
overgrassing
overgrazings
overgreat
overgreedy
overgreen
overgreened
overgreening
overgreens
overground
overhaile
overhailed
overhailes
overhailing
overhair
overhairs
overhale
overhaled
overhales
overhaling
overhappy
overhaste
overhastes
overhastily
overhastiness
overhastinesses
overheatings
overheld
overhent
overhenting
overhents
overhit
overhits
overhitting
overhold
overholding
overholds
overinclined
overinked
overinsurance
overinsurances
overinsure
overinsured
overinsures
overinsuring
overjump
overjumped
overjumping
overjumps
overkeep
overkeeping
overkeeps
overkept
overkest
overkindness
overkindnesses
overking
overkings
overknee
overlabour
overlaboured
overlabouring
overlabours
overlanded
overlander
overlanders
overlanding
overlands
overlard
overlarded
overlarding
overlards
overlaunch
overlaunched
overlaunches
overlaunching
overlayings
overleather
overleathers
overleaven
overleavened
overleavening
overleavens
overlier
overliers
overlive
overlived
overlives
overliving
overlock
overlocked
overlocker
overlockers
overlocking
overlockings
overlocks
overlooker
overlookers
overlusty
overmast
overmasted
overmasting
overmasts
overmatter
overmatters
overmeasure
overmeasured
overmeasures
overmeasuring
overmerry
overmount
overmounted
overmounting
overmounts
overmultiplication
overmultiplications
overmultiplied
overmultiplies
overmultiply
overmultiplying
overmultitude
overmultituded
overmultitudes
overmultituding
overname
overnamed
overnames
overnaming
overneat
overnet
overnets
overnetted
overnetting
overnicely
overniceness
overnicenesses
overoffice
overofficed
overoffices
overofficing
overpage
overpaint
overpainted
overpainting
overpaints
overpart
overparted
overparting
overparts
overpeer
overpeered
overpeering
overpeers
overperch
overperched
overperches
overperching
overpicture
overpictured
overpictures
overpicturing
overpitch
overpitched
overpitches
overpitching
overplaced
overplast
overplied
overplies
overplusses
overply
overplying
overpoise
overpoised
overpoises
overpoising
overpost
overposted
overposting
overposts
overpreparation
overpreparations
overprepare
overprepared
overprepares
overpreparing
overpress
overpressed
overpresses
overpressing
overproud
overrack
overracked
overracking
overracks
overrake
overraked
overrakes
overraking
overrank
overrash
overrashly
overrashness
overrashnesses
overraught
overread
overreading
overreads
overreckon
overreckoned
overreckoning
overreckons
overred
overredded
overredding
overreds
overren
overrenning
overrens
overrider
overriders
overripen
overripened
overripeness
overripenesses
overripening
overripens
overroast
overroasted
overroasting
overroasts
overruler
overrulers
overrulings
overrunner
overrunners
oversail
oversailed
oversailing
oversails
overschutcht
overscore
overscored
overscores
overscoring
overscrupulousness
overscrupulousnesses
overscutched
overshade
overshaded
overshades
overshading
overshine
overshines
overshining
overshone
overshower
overshowered
overshowering
overshowers
overside
oversizing
overskip
overskipped
overskipping
overskips
oversleeve
oversleeves
oversman
oversmen
oversow
oversowed
oversowing
oversown
oversows
overspecialisation
overspecialisations
overspecialise
overspecialised
overspecialises
overspecialising
overspin
overspins
overstain
overstained
overstaining
overstains
overstand
overstanding
overstands
overstank
overstare
overstared
overstares
overstaring
overstayer
overstayers
oversteered
oversteering
overstink
overstinking
overstinks
overstood
overstrike
overstrikes
overstriking
overstrong
overstrooke
overstruck
overstudied
overstudies
overstudy
overstudying
overstunk
oversubtleties
oversubtlety
overswam
oversway
overswayed
overswaying
oversways
overswear
overswearing
overswears
overswell
overswelled
overswelling
overswells
overswim
overswimming
overswims
overswollen
overswore
oversworn
overswum
overtedious
overteem
overteemed
overteeming
overteems
overthrower
overthrowers
overthrust
overthrusts
overthwart
overthwarted
overthwarting
overthwarts
overtimely
overtimer
overtimers
overtoil
overtoiled
overtoiling
overtoils
overtower
overtowered
overtowering
overtowers
overtrip
overtripped
overtripping
overtrips
overtrust
overtrusted
overtrusting
overtrusts
overturner
overturners
overtype
overtyped
overtypes
overtyping
overveil
overveiled
overveiling
overveils
overwash
overwashes
overwatch
overwatched
overwatches
overwatching
overwearied
overwearies
overwearying
overweather
overweathered
overweathering
overweathers
overween
overweened
overweening
overweenings
overweens
overwent
overwhelmings
overwing
overwinged
overwinging
overwings
overwise
overwisely
overwrest
overwrested
overwresting
overwrestle
overwrestled
overwrestles
overwrestling
overwrests
overyear
overyeared
overyearing
overyears
ovibos
oviboses
ovibovine
oviducal
oviferous
ovigerous
oviparities
oviparity
oviparously
oviraptor
oviraptors
ovist
ovists
ovuliferous
owche
owches
owelties
owelty
ower
owerby
owerloup
owerloupen
owerlouping
owerloupit
owerloups
owled
owler
owleries
owlers
owlery
owlier
owliest
owling
owly
ownerless
owre
owrecome
owrecomes
owrelay
owrelays
owres
owreword
owrewords
owrie
owrier
owriest
owsen
owt
owts
oxalic
oxer
oxers
oxgang
oxgangs
oxgate
oxgates
oxhead
oxheads
oxidate
oxidated
oxidates
oxidating
oxidisable
oxidise
oxidised
oxidiser
oxidisers
oxidises
oxidising
oximeter
oximeters
oxland
oxlands
oxonium
oxoniums
oxslip
oxslips
oxtered
oxtering
oxygenise
oxygenised
oxygenises
oxygenising
oxygenize
oxygenized
oxygenizes
oxygenizing
oxygenous
oxyhaemoglobin
oxyhaemoglobins
oxymel
oxymels
oxymorons
oxyrhynchi
oxyrhynchus
oxyrhynchuses
oye
oyer
oyers
oyeses
oyezes
oys
oystrige
oystriges
ozaena
ozaenas
ozeki
ozekis
ozoniferous
ozonisation
ozonisations
ozonise
ozonised
ozoniser
ozonisers
ozonises
ozonising
pabouche
pabouches
pabular
pabulous
pacable
pacation
pacations
pacey
pachak
pachaks
pachycarpous
pachydactyl
pachydactylous
pachydermal
pachydermia
pachydermias
pachydermic
pachydermous
pachymeter
pachymeters
pacier
paciest
pacificae
pacifical
pacificate
pacificated
pacificates
pacificating
pacificatory
packagings
packfong
packfongs
packsheet
packsheets
packstaff
packstaffs
packway
packways
paco
pacos
paction
pactional
pactioned
pactioning
pactions
pacy
padang
padangs
paddymelon
paddymelons
padella
padellas
pademelon
pademelons
paderero
padereroes
padereros
padle
padles
padma
padmas
padsaw
padsaws
padymelon
padymelons
paedagogic
paedagogue
paedagogues
paederast
paederastic
paederasties
paederasts
paederasty
paedeutic
paedeutics
paediatries
paediatrist
paediatrists
paediatry
paedobaptism
paedobaptisms
paedobaptist
paedobaptists
paedodontic
paedodontics
paedological
paedologies
paedologist
paedologists
paedology
paedophile
paedophiles
paedophilia
paedophiliac
paedophiliacs
paedophilias
paedophilic
paedophilics
paedotribe
paedotribes
paedotrophies
paedotrophy
paenula
paenulae
paenulas
paeonic
paeonics
paeonies
paeony
paganise
paganised
paganises
paganising
pagehood
pagehoods
pagle
pagles
pagod
pagods
pagri
pagris
pahs
paideutic
paideutics
paidle
paidles
paigle
paigles
paik
paiked
paiking
paiks
paillasse
paillasses
paillon
paillons
painim
painims
painstaker
painstakers
paintable
paintball
paintballs
paintiness
paintinesses
paintress
paintresses
painture
paintures
paiock
paiocke
paiockes
paiocks
paire
paires
pairial
pairials
pairwise
pais
paitrick
paitricks
pajock
pajocke
pajockes
pajocks
pakapoo
pakapoos
pakfong
pakfongs
pakka
pakora
pakoras
paktong
paktongs
palabra
palabras
palaeanthropic
palaeanthropological
palaeanthropologies
palaeanthropologist
palaeanthropologists
palaeanthropology
palaebiologies
palaebiologist
palaebiologists
palaebiology
palaeichthyologic
palaeichthyological
palaeichthyologies
palaeichthyologist
palaeichthyologists
palaeichthyology
palaeoanthropic
palaeoanthropological
palaeoanthropologies
palaeoanthropologist
palaeoanthropologists
palaeoanthropology
palaeobiologic
palaeobiological
palaeobiologies
palaeobiologist
palaeobiologists
palaeobiology
palaeobotanic
palaeobotanical
palaeobotanies
palaeobotanist
palaeobotanists
palaeobotany
palaeoclimate
palaeoclimates
palaeoclimatic
palaeoclimatologic
palaeoclimatological
palaeoclimatologies
palaeoclimatologist
palaeoclimatologists
palaeoclimatology
palaeocrystic
palaeoecologic
palaeoecological
palaeoecologies
palaeoecologist
palaeoecologists
palaeoecology
palaeoenvironment
palaeoenvironmental
palaeoenvironments
palaeoethnologic
palaeoethnological
palaeoethnologies
palaeoethnologist
palaeoethnologists
palaeoethnology
palaeogaea
palaeogaeas
palaeogeographer
palaeogeographers
palaeogeographic
palaeogeographical
palaeogeographies
palaeogeography
palaeographer
palaeographers
palaeographic
palaeographical
palaeographies
palaeographist
palaeographists
palaeography
palaeoichthyologic
palaeoichthyological
palaeoichthyologies
palaeoichthyologist
palaeoichthyologists
palaeoichthyology
palaeolimnological
palaeolimnologies
palaeolimnologist
palaeolimnologists
palaeolimnology
palaeolith
palaeoliths
palaeomagnetism
palaeomagnetisms
palaeontographical
palaeontographies
palaeontography
palaeontological
palaeontologies
palaeontologist
palaeontologists
palaeontology
palaeopathologic
palaeopathological
palaeopathologies
palaeopathologist
palaeopathologists
palaeopathology
palaeopedological
palaeopedologies
palaeopedologist
palaeopedologists
palaeopedology
palaeophytologies
palaeophytology
palaeotype
palaeotypes
palaeotypic
palaeozoological
palaeozoologies
palaeozoologist
palaeozoologists
palaeozoology
palaestral
palaestras
palaestric
palaestrical
palafitte
palafittes
palagi
palagis
palagonite
palagonites
palama
palamae
palamate
palamino
palaminos
palampore
palampores
palankeen
palankeens
palas
palases
palatalisation
palatalisations
palatalise
palatalised
palatalises
palatalising
palated
palating
palaverer
palaverers
palay
palays
paleaceous
palebuck
palebucks
palempore
palempores
palewise
palfrenier
palfreniers
palfreyed
palification
palifications
paliform
palilalia
palilalias
palillogies
palillogy
palindromical
palingenesia
palingenesias
palingenesies
palingenesist
palingenesists
palingenesy
palingenetical
palingenetically
palinodies
palinody
palisado
palisadoed
palisadoes
palisadoing
palisander
palisanders
palkee
palkees
palki
palkis
palla
palladious
pallae
pallah
pallahs
pallescence
pallescences
pallescent
palleted
palletisation
palletisations
palletiser
palletisers
palliament
palliaments
palliard
palliards
palliatory
pallider
pallidest
pallidities
pallidity
pallone
pallones
palmaceous
palmarian
palmatifid
palmatipartite
palmatisect
palmful
palmfuls
palmhouse
palmhouses
palmie
palmies
palmiet
palmiets
palmification
palmifications
palmiped
palmipede
palmipedes
palmipeds
palmtop
palmtops
palolo
palolos
palpableness
palpablenesses
palped
palping
palsgravine
palsgravines
palsier
palsiest
palstaff
palstaffs
palstave
palstaves
paludament
paludamenta
paludaments
paludamentum
paludic
paludicolous
paludinal
paludine
paludinous
paludose
paludous
palustral
palustrian
palustrine
pampases
pampelmoose
pampelmooses
pampelmouse
pampelmouses
pamperedness
pamperednesses
pamphleteerings
panachaea
panachaeas
panaesthesia
panaesthesias
panaesthetism
panaesthetisms
panaries
panaritium
panaritiums
panarthritis
panarthritises
panary
panatella
panatellas
panax
panaxes
pance
pances
panchayat
panchayats
pancheon
pancheons
panchion
panchions
panchromatism
panchromatisms
pancosmic
pancosmism
pancosmisms
pancratian
pancratiast
pancratiasts
pancratic
pancratist
pancratists
pancreatitises
pand
pandaemonium
pandaemoniums
pandanaceous
pandar
pandared
pandaress
pandaresses
pandaring
pandarism
pandarisms
pandarous
pandars
pandation
pandations
pandectist
pandectists
pandemia
pandemian
pandemias
pandemoniac
pandemoniacal
pandemonian
pandemonic
panderess
panderesses
panderism
panderisms
panderly
pandermite
pandermites
panderous
pandiculation
pandiculations
pandoor
pandoors
pands
pandura
panduras
pandurate
pandurated
panduriform
panegoism
panegoisms
panegyricon
panegyricons
panegyries
panegyrise
panegyrised
panegyrises
panegyrising
panegyrize
panegyrized
panegyrizes
panegyrizing
panegyry
paneities
paneity
panellist
panellists
panentheism
panentheisms
panentheist
panentheists
panesthesia
panesthesias
panettoni
pangamic
pangamies
pangamy
pangen
pangene
pangenes
pangens
pangless
pangram
pangrammatist
pangrammatists
pangrams
panharmonicon
panharmonicons
panhellenic
panhellenion
panhellenions
panick
panicks
paniculated
paniculately
panification
panifications
panim
panims
paning
panisc
paniscs
panisk
panisks
panislam
panislamic
panislamism
panislamisms
panislamist
panislamists
panislams
panjandarum
panjandarums
panleucopenia
panleucopenias
panlogism
panlogisms
panmixises
pannage
pannages
pannelled
pannick
pannicks
pannicle
pannicles
panniculi
panniculus
panniered
pannikel
pannikell
pannikells
pannikels
pannings
pannose
pannus
pannuses
panoistic
panomphaean
panophobia
panophobias
panophthalmia
panophthalmias
panophthalmitis
panophthalmitises
panoptical
panopticon
panopticons
panpharmacon
panpharmacons
panpsychism
panpsychisms
panpsychist
panpsychistic
panpsychists
pansexualism
pansexualisms
pansexualist
pansexualists
pansied
pansophic
pansophical
pansophism
pansophisms
pansophist
pansophists
panspermatic
panspermatism
panspermatisms
panspermatist
panspermatists
panspermia
panspermias
panspermic
panspermies
panspermism
panspermisms
panspermist
panspermists
panspermy
pantable
pantables
pantagamies
pantagamy
pantagraph
pantagraphs
pantaleon
pantaleons
pantaletted
pantalon
pantalons
pantalooned
pantalooneries
pantaloonery
panter
panters
panthenol
panthenols
pantheologies
pantheologist
pantheologists
pantheology
pantheress
pantheresses
pantherine
pantherish
pantihose
pantiling
pantilings
pantine
pantines
pantingly
pantings
pantisocrat
pantisocrats
pantler
pantlers
pantoffle
pantoffles
pantographer
pantographers
pantographical
pantographies
pantography
pantomimical
pantomimically
panton
pantons
pantophagies
pantophagist
pantophagists
pantophagous
pantophagy
pantophobia
pantophobias
pantopragmatic
pantopragmatics
pantoscope
pantoscopes
pantoscopic
pantothenic
pantoufle
pantoufles
pantrymaid
pantrymaids
pantun
pantuns
paoli
paolo
papable
papalise
papalised
papalises
papalising
papalism
papalisms
papalist
papalists
papalize
papalized
papalizes
papalizing
papaprelatist
papaprelatists
papaveraceous
papaverous
pape
paperbacking
paperier
paperiest
paperings
paperware
paperwares
papes
papilio
papilios
papillar
papillated
papilliferous
papilliform
papillitis
papillitises
papillous
papillulate
papillule
papillules
papish
papisher
papishers
papishes
papism
papisms
papistical
papistically
pappadom
pappadoms
papped
papping
pappuses
papulation
papulations
papuliferous
papulous
papyraceous
parabaptism
parabaptisms
parabases
parabasis
parabema
parabemata
parabematic
parabled
parablepses
parablepsies
parablepsis
parablepsy
parableptic
parabling
parabolanus
parabolanuses
parabole
paraboles
parabolical
parabolise
parabolised
parabolises
parabolising
parabolist
parabolists
parabolize
parabolized
parabolizes
parabolizing
parabrake
parabrakes
paracenteses
paracentesis
paracetamol
paracetamols
parachronism
parachronisms
paraclete
paracletes
paracme
paracmes
paracrostic
paracrostics
paracuses
paracusis
paracyanogen
paracyanogens
paradigmatical
paradisean
paradisian
paradisic
paradoctor
paradoctors
paradores
paradoxal
paradoxer
paradoxers
paradoxidian
paradoxies
paradoxist
paradoxists
paradoxologies
paradoxology
paradoxure
paradoxures
paradoxurine
paradoxy
paraeneses
paraenesis
paraenetic
paraenetical
paraffine
paraffines
paraffinoid
paraffiny
paraffle
paraffles
parafle
parafles
parafoil
parafoils
parage
paragenesia
paragenesias
parages
paraglider
paragliders
paragliding
paraglidings
paraglossa
paraglossae
paraglossal
paraglossate
paragnathism
paragnathisms
paragnathous
paragnoses
paragnosis
paragogic
paragogical
paragogue
paragogues
paragonite
paragonites
paragram
paragrammatist
paragrammatists
paragrams
paragraphia
paragraphias
paragraphical
paragraphically
paragraphist
paragraphists
paraheliotropic
paraheliotropism
paraheliotropisms
parakiting
parakitings
paralalia
paralalias
paraleipomena
paraleipomenon
paraleipses
paraleipsis
paralexia
paralexias
paralipomena
paralipomenon
paralipses
paralipsis
parallactical
parallelepipeda
parallelepipedon
parallelings
parallelise
parallelised
parallelises
parallelising
parallelist
parallelistic
parallelists
parallelize
parallelized
parallelizes
parallelizing
parallelly
parallelogrammatic
parallelogrammatical
parallelogrammic
parallelogrammical
parallelopiped
parallelopipeda
parallelopipedon
parallelopipeds
parallelwise
paralogia
paralogias
paralogies
paralogise
paralogised
paralogises
paralogising
paralogize
paralogized
paralogizes
paralogizing
paralogy
paralympic
paralympics
paralyser
paralysers
paramaecia
paramaecium
paramastoid
paramastoids
paramatta
paramattas
paramedico
paramedicos
paramenstrua
paramenstruum
paramenstruums
paramese
parameses
parametral
parametrical
paramilitaries
paramoecia
paramoecium
paramorph
paramorphic
paramorphism
paramorphisms
paramorphs
paramouncies
paramouncy
paranephric
paranephroi
paranephros
paranete
paranetes
paranitroaniline
paranitroanilines
paranoea
paranoeas
paranoeic
paranoeics
paranthelia
paranthelion
paranthropus
paranthropuses
paranym
paranyms
parapareses
paraparesis
paraparetic
parapenting
parapentings
paraphasia
paraphasias
paraphasic
paraphed
paraphernalias
paraphilia
paraphiliac
paraphiliacs
paraphilias
paraphimoses
paraphimosis
paraphing
paraphonia
paraphonias
paraphonic
paraphrast
paraphrastical
paraphrasts
paraphraxes
paraphraxia
paraphraxias
paraphraxis
paraphrenia
paraphrenias
parapineal
parapophyses
parapophysial
parapophysis
parapsychic
parapsychical
parapsychism
parapsychisms
parapsychologically
parapsychoses
parapsychosis
paraquadrate
paraquadrates
paraquito
paraquitos
pararhyme
pararhymes
pararthria
pararthrias
parascender
parascenders
parascending
parascendings
parascenia
parascenium
parasceve
parasceves
parascience
parasciences
paraselenae
paraselene
parasitaemia
parasitaemias
parasiticalness
parasiticalnesses
parasphenoid
parasphenoids
parastatal
parastichies
parastichy
parasuicide
parasuicides
parasyntheta
parasyntheton
paratha
parathas
paratheses
parathesis
paratonic
paravail
paravant
paravaunt
parawalker
parawalkers
parazoa
parazoon
parbreak
parbreaked
parbreaking
parbreaks
parcelwise
parchedly
parchedness
parchednesses
parcheesi
parcheesis
parchesi
parchesis
parchmentise
parchmentised
parchmentises
parchmentising
parchmentize
parchmentized
parchmentizes
parchmentizing
parchmenty
parcimonies
parcimony
parclose
parcloses
pardal
pardale
pardales
pardalis
pardalises
pardals
parded
pardine
pardonings
pardonless
parecious
parella
parellas
parelle
parelles
parencephala
parencephalon
parencephalons
pareneses
parenesis
parenthesise
parenthesised
parenthesises
parenthesising
pargana
parganas
pargasite
pargasites
pargeter
pargeters
pargetings
pargettings
parheliacal
parhypate
parhypates
parial
parials
paripinnate
parischan
parischane
parischanes
parischans
parishen
parishens
parison
parisons
parisyllabic
paritor
paritors
parkee
parkees
parki
parkie
parkier
parkies
parkiest
parkin
parkins
parkis
parkish
parkleaves
parkly
parkward
parkwards
parky
parleyvoo
parleyvooed
parleyvooing
parleyvoos
parliamentarianism
parliamentarianisms
parliamentarily
parliamentarism
parliamentarisms
parliamenting
parliamentings
parlies
parly
parmacitie
parmacities
paroccipital
parochialise
parochialised
parochialises
parochialising
parochialities
parochiality
parochialize
parochialized
parochializes
parochializing
parochin
parochine
parochines
parochins
parodical
paroecious
paroemia
paroemiac
paroemiacs
paroemial
paroemias
paroemiographer
paroemiographers
paroemiographies
paroemiography
paroemiologies
paroemiology
paroicous
paronomasies
paronomastical
paronomasy
paronychia
paronychial
paronychias
paronymies
paronymy
paroquet
paroquets
parotiditis
parotiditises
parotis
parotises
parousia
parousias
paroxytone
paroxytones
parp
parpane
parpanes
parped
parpen
parpend
parpends
parpens
parpent
parpents
parping
parpoint
parpoints
parps
parquetted
parquetting
parramatta
parramattas
parrhesia
parrhesias
parritch
parritches
parrock
parrocked
parrocking
parrocks
parroquet
parroquets
parrotries
parrotry
parroty
parsimoniousness
parsimoniousnesses
parsings
parsnep
parsneps
parsonical
parsonish
partakings
parter
parters
partialise
partialised
partialises
partialising
partialism
partialisms
partialist
partialists
partialize
partialized
partializes
partializing
participable
participantly
particularisation
particularisations
particularness
particularnesses
partitionment
partitionments
partitives
parture
partures
partwork
partworks
partygoer
partygoers
partyism
partyisms
parulis
parulises
parvanimities
parvanimity
pascual
pasear
paseared
pasearing
pasears
pashim
pashims
pashm
pashmina
pashminas
pashms
pasigraphic
pasigraphical
pasigraphies
pasigraphy
paspalum
paspalums
paspies
paspy
pasquilant
pasquilants
pasquiler
pasquilers
pasquinader
pasquinaders
passableness
passablenesses
passament
passamented
passamenting
passaments
passamezzo
passamezzos
passata
passatas
passemeasure
passemeasures
passement
passemented
passementing
passements
passepied
passepieds
passibilities
passibility
passibleness
passiblenesses
passibly
passiflora
passifloras
passimeter
passimeters
passionals
passionaries
passionary
passioned
passioning
passless
passman
passmen
passment
passmented
passmenting
passments
passout
passouts
passus
passuses
pastance
pastances
pasteurella
pasteurellae
pasteurellas
pasteurisation
pasteurisations
pasteuriser
pasteurisers
pasteurism
pasteurisms
pastings
pastmaster
pastmasters
pastorali
pastorly
pastourelle
pastourelles
pastrycook
pastrycooks
pasturable
pastureless
patamar
patamars
pataphysics
patball
patballs
patchable
patchcocke
patchcockes
patcheries
patchery
patchings
patchocke
patchockes
patellate
patellectomies
patellectomy
patera
paterae
patercove
patercoves
paterero
patereroes
patereros
paterfamiliases
pathed
pathetics
pathic
pathics
pathing
pathogenies
pathogenous
pathogeny
pathognomies
pathognomy
pathographies
pathography
pathophobia
pathophobias
patible
patibulary
patiented
patienting
patonce
patrial
patrialisation
patrialisations
patrialise
patrialised
patrialises
patrialising
patrialism
patrialisms
patrialities
patriality
patrialization
patrializations
patrialize
patrialized
patrializes
patrializing
patrials
patriarchalism
patriarchalisms
patriarchism
patriarchisms
patriate
patriated
patriates
patriating
patriation
patriations
patricianly
patrick
patricks
patriclinic
patriclinies
patriclinous
patricliny
patrico
patricoes
patrifocal
patrifocalities
patrifocality
patrilineage
patrilineages
patrilineally
patrilinear
patrilinies
patriliny
patrilocal
patrimonially
patristicism
patristicisms
patroclinic
patroclinies
patroclinous
patrocliny
patrologies
patrology
patrolwoman
patrolwomen
patronaged
patronaging
patroniser
patronisers
patronisingly
patronizer
patronizers
patronless
patronne
patronnes
patroonship
patroonships
patte
pattee
pattened
pattening
pattes
pattle
pattles
patulin
patulins
paua
pauas
pauciloquent
paughtier
paughtiest
paughty
paul
pauls
paunce
paunces
paunching
pauperess
pauperesses
pauperisation
pauperisations
pauperise
pauperised
pauperises
pauperising
pauperization
pauperizations
pausal
pauseful
pausefully
pauseless
pauselessly
pausingly
pausings
pavage
pavages
pavemented
pavementing
paven
pavens
pavin
pavins
pavise
pavonazzo
pavonazzos
pavone
pavones
pavonian
pawa
pawas
pawaw
pawawed
pawawing
pawaws
pawk
pawkiness
pawkinesses
pawks
pawnce
pawnces
pawnee
pawnees
pawnticket
pawntickets
paxiuba
paxiubas
paxwax
paxwaxes
payfone
payfones
payings
paynimries
paynimry
paysage
paysages
paysagist
paysagists
paysd
payslip
payslips
pazzazz
pazzazzes
peaberries
peaberry
peaceless
peacelessness
peacelessnesses
peacherino
peacherinos
peacockeries
peacockery
peacod
peacods
peaned
peaning
peapod
peapods
pearce
pearced
pearces
pearcing
peare
peares
pearlies
pearlin
pearliness
pearlinesses
pearlings
pearlins
pearlised
pearlwort
pearlworts
pearmonger
pearmongers
pearst
peasanty
peased
peaseweep
peaseweeps
peasing
peason
peataries
peatary
peateries
peatery
peatman
peatmen
peatship
peatships
peaze
peazed
peazes
peazing
peba
pebas
pebbledash
pebbledashed
pebbledashes
pebbledashing
pebblings
pebrine
pebrines
peccabilities
peccability
pech
peched
peching
pechs
pecke
peckes
peckings
peckishness
peckishnesses
pectinal
pectinated
pectinately
pectineal
pectinibranchiate
pectisation
pectisations
pectise
pectised
pectises
pectising
pectization
pectizations
pectolite
pectolites
pectorally
pectoriloquies
pectoriloquy
pectose
pectoses
peculiarise
peculiarised
peculiarises
peculiarising
peculiarize
peculiarized
peculiarizes
peculiarizing
peculiums
pecunious
pedagogism
pedagogisms
pedagogued
pedagogueries
pedagoguery
pedagoguing
pedagoguish
pedagoguishness
pedagoguishnesses
pedagoguism
pedagoguisms
pedalier
pedaliers
pedaller
pedallers
pedallings
pedaloes
pedantical
pedanticise
pedanticised
pedanticises
pedanticising
pedanticism
pedanticisms
pedanticize
pedanticized
pedanticizes
pedanticizing
pedantise
pedantised
pedantises
pedantising
pedantism
pedantisms
pedantize
pedantized
pedantizes
pedantizing
pedantocracies
pedantocracy
pedantocrat
pedantocratic
pedantocrats
pedatifid
pedder
pedders
peddlings
pederero
pedereroes
pedereros
pedeses
pedesis
pedestrianisation
pedestrianisations
pedestrianise
pedestrianised
pedestrianises
pedestrianising
pedestrianization
pedestrianizations
pedestrianize
pedestrianized
pedestrianizes
pedestrianizing
pedetentous
pedetic
pedicellaria
pedicellariae
pedicular
pediculated
pediculation
pediculations
pediculi
pediculus
pedipalpi
pedipalpus
pedrail
pedrails
pedrero
pedreroes
pedreros
pedro
pedros
peece
peeces
peekabo
peekabos
peelgarlic
peelgarlics
peenge
peenged
peengeing
peenges
peenging
peeoy
peeoys
peepe
peepes
peerie
peerier
peeries
peeriest
peerlessly
peerlessness
peerlessnesses
peery
peesweep
peesweeps
peever
peevers
pegasus
pegasuses
peggies
peggings
peggy
pegh
peghed
peghing
peghs
peinct
peincted
peincting
peincts
peirastic
peirastically
peise
peised
peises
peishwa
peishwah
peishwahs
peishwas
peising
peize
peized
peizes
peizing
pejorate
pejorated
pejorates
pejorating
pejoration
pejorations
pela
pelagian
pelagians
pelas
pele
peles
pelham
pelhams
pell
pellach
pellachs
pellack
pellacks
pelletified
pelletifies
pelletify
pelletifying
pelletisation
pelletisations
pellicular
pellock
pellocks
pells
pellucidities
pellucidity
pellucidness
pellucidnesses
pelma
pelmanism
pelmanisms
pelmas
pelmatic
peloid
peloids
pelologies
pelology
pelories
pelorised
pelorism
pelorisms
pelorized
pelory
pelotherapies
pelotherapy
pelta
peltae
peltas
peltingly
peltings
peltmonger
peltmongers
pelviform
pelvimeter
pelvimeters
pelvimetries
pelvimetry
pembroke
pembrokes
pemphigoid
pemphigous
penalisation
penalisations
penannular
pences
penciller
pencillers
pencraft
pencrafts
pendently
pendicle
pendicler
pendiclers
pendicles
pendragon
pendragons
pendragonship
pendragonships
pendulate
pendulated
pendulates
pendulating
penduline
pendulosities
pendulosity
pendulously
pene
pened
penelopise
penelopised
penelopises
penelopising
penelopize
penelopized
penelopizes
penelopizing
penetrableness
penetrablenesses
penetrably
penetralian
penetrancies
penetrancy
penetratively
penetrativeness
penetrativenesses
penetrator
penetrators
penfold
penfolds
penful
penfuls
penguineries
penguinery
penguinries
penguinry
peni
penial
penicilliform
penie
penies
penillion
pening
peninsularities
peninsularity
peninsulate
peninsulated
peninsulates
peninsulating
penistone
penistones
penitencies
penitency
penitentials
penk
penks
pennaceous
pennal
pennalism
pennalisms
pennals
pennatula
pennatulaceous
pennatulae
pennatulas
penneech
penneechs
penneeck
penneecks
pennes
pennied
penniform
pennilessness
pennilessnesses
pennill
pennine
pennines
penninite
penninites
pennoncelle
pennoncelles
pennyfee
pennyfees
pennyland
pennylands
pennywinkle
pennywinkles
penoncelle
penoncelles
pensel
pensels
pensileness
pensilenesses
pensilities
pensility
pensum
pensums
pentachord
pentachords
pentacrinoid
pentacrinoids
pentact
pentactinal
pentacts
pentacyclic
pentadactyl
pentadactyle
pentadactyles
pentadactylic
pentadactylies
pentadactylism
pentadactylisms
pentadactylous
pentadactyls
pentadactyly
pentadelphous
pentadic
pentagraph
pentagraphs
pentagynian
pentagynous
pentalogies
pentalogy
pentalpha
pentalphas
pentameries
pentamerism
pentamerisms
pentamery
pentandrian
pentandrous
pentangular
pentapodic
pentapodies
pentapody
pentapolis
pentapolises
pentapolitan
pentaprism
pentaprisms
pentastich
pentastichous
pentastichs
pentastyle
pentastyles
pentasyllabic
pentateuchal
pentatomic
penteconter
penteconters
pentel
pentels
penteteric
penthemimer
penthemimeral
penthemimers
penthia
penthias
penthoused
penthousing
pentice
penticed
pentices
penticing
pentimenti
pentimento
pentise
pentised
pentises
pentising
pentomic
pentosane
pentosanes
pentroof
pentroofs
pents
pentylene
pentylenes
penultimates
penumbrous
penwoman
penwomen
peonism
peonisms
peperino
peperinos
pepful
pepino
pepinos
peppercorny
pepperier
pepperiest
pepperings
peppermill
peppermills
pepperwort
pepperworts
pepsinate
pepsinated
pepsinates
pepsinating
pepticities
pepticity
peptisation
peptisations
peptise
peptised
peptises
peptising
peptization
peptizations
peptonisation
peptonisations
peptonise
peptonised
peptonises
peptonising
peptonization
peptonizations
peptonize
peptonized
peptonizes
peptonizing
peracute
peraea
peraeon
peraeons
peraeopod
peraeopods
perai
perais
percase
perce
perceable
perceant
perced
perceivings
percen
percental
perces
percheron
percherons
perchery
perchings
perchloric
perciform
percine
percing
percipiencies
percipiency
percoct
percolin
percolins
percurrent
percursory
percussant
percussional
percussor
percussors
percutient
percutients
perdendo
perdendosi
perditionable
perduellion
perduellions
perdurance
perdurances
perduration
perdurations
perdy
peregal
peregals
peregrinator
peregrinators
peregrinatory
peregrinities
peregrinity
pereira
pereiras
perennialities
perenniality
perennibranch
perennibranchiate
perennibranchs
perennities
perennity
perfay
perfectation
perfectations
perfecti
perfectibilian
perfectibilians
perfectibilism
perfectibilisms
perfectibilist
perfectibilists
perfectionate
perfectionated
perfectionates
perfectionating
perfector
perfectors
perfervidities
perfervidity
perfervidness
perfervidnesses
perfervor
perfervors
perfervour
perfervours
perfet
perficient
perfluorocarbon
perfluorocarbons
perfoliation
perfoliations
perforable
perforans
perforanses
perforant
perforative
perforatus
perforatuses
performings
perfumeless
perfumy
perfusive
pergameneous
pergamentaceous
pergunnah
pergunnahs
periagua
periaguas
periaktoi
periaktos
periastron
periastrons
periblast
periblasts
periboli
periboloi
peribolos
peribolus
pericardiac
pericardian
pericarditises
pericarpial
pericentral
pericentric
perichaetia
perichaetial
perichaetium
perichondrial
perichoreses
perichoresis
perichylous
periclase
periclases
periclinal
pericline
periclines
periclitate
periclitated
periclitates
periclitating
pericon
pericones
pericranies
pericraniums
pericrany
periculous
pericynthion
pericynthions
peridermal
peridesmium
peridesmiums
peridinia
peridinian
peridinians
peridinium
peridiniums
peridiums
peridote
peridotes
peridrome
peridromes
periegeses
periegesis
perigastric
perigastritis
perigastritises
perigeneses
perigenesis
periglacial
perigon
perigone
perigones
perigonia
perigonial
perigonium
perigons
perihepatic
perihepatitis
perihepatitises
perimetral
perimetric
perimetrical
perimetries
perimetry
perimorph
perimorphic
perimorphous
perimorphs
perinaea
perinaeum
perinaeums
perinephria
perinephric
perinephritis
perinephritises
perinephrium
perineums
perineural
perineuritis
perineuritises
periodate
periodates
perioded
periodicalist
periodicalists
perioding
periodisation
periodisations
periodontia
periodontias
periodontitis
periodontitises
periost
periostitic
periostraca
periostracum
periosts
periotics
peripatetical
peripateticism
peripateticisms
peripeteian
peripetia
peripetian
peripetias
peripheralities
peripherality
peripheric
peripherical
periphonic
periphrase
periphrased
periphrasing
periphrastical
periplus
peripluses
periproct
periprocts
peripteral
peripteries
periptery
periscian
periscians
periselenium
periseleniums
perishableness
perishablenesses
perishably
perisher
perishers
perishingly
perisperm
perispermal
perispermic
perisperms
perispomenon
perispomenons
perissodactylate
perissodactylic
perissodactylous
perissologies
perissology
perissosyllabic
peristalith
peristaliths
peristaltically
peristerite
peristerites
peristeronic
peristomal
peristomatic
peristrephic
peristylar
peritectic
periti
peritonaea
peritonaeal
peritonaeum
peritonaeums
peritoneoscopies
peritoneoscopy
peritonitic
peritrich
peritricha
peritus
perityphlitis
perityphlitises
perivitelline
periwigging
perjink
perjinkety
perjinkities
perjinkity
perjurous
perkin
perkins
perlocution
perlocutionary
perlocutions
perlous
perlustrate
perlustrated
perlustrates
perlustrating
perlustration
perlustrations
permaculture
permacultures
permalloy
permalloys
permanganic
permeably
permeameter
permeameters
permeance
permeances
permittance
permittances
permutabilities
permutability
permutate
permutated
permutates
permutating
pern
pernancies
pernancy
pernicketiness
pernicketinesses
pernoctate
pernoctated
pernoctates
pernoctating
pernoctation
pernoctations
perns
perone
peronei
perones
peroneus
peroneuses
perovskia
perovskias
peroxidation
peroxidations
peroxidise
peroxidised
peroxidises
peroxidising
peroxidize
peroxidized
peroxidizes
peroxidizing
perpent
perpents
perpetrable
perpetuable
perpetualism
perpetualisms
perpetualist
perpetualists
perpetualities
perpetuality
perpetuals
perpetuance
perpetuances
perplexedness
perplexednesses
perplexingly
perquisition
perquisitions
perquisitor
perquisitors
perradial
perradii
perradius
perrier
perriers
perruquier
perruquiers
persant
persaunt
perscrutation
perscrutations
perseities
perseity
perseline
perselines
perseverant
perseverator
perseverators
persicaria
persicarias
persico
persicos
persicot
persicots
persienne
persiennes
persifleur
persifleurs
persing
persistents
persistingly
persistive
personalia
personalisation
personalisations
personatings
personise
personised
personises
personising
personize
personized
personizes
personizing
personpower
personpowers
perspectivism
perspectivisms
perspectivist
perspectivists
perspirable
perspirate
perspirated
perspirates
perspirating
perst
perstringe
perstringed
perstringes
perstringing
persuasibilities
persuasibility
persuasives
persuasory
persue
persued
persues
persuing
persulphate
persulphates
perswade
perswaded
perswades
perswading
pertake
pertaken
pertakes
pertaking
perthite
perthites
perthitic
pertinents
pertook
perts
perturbance
perturbances
perturbant
perturbants
perturbate
perturbated
perturbates
perturbating
perturbative
perturbator
perturbatories
perturbators
perturbatory
perturbedly
perturber
perturbers
pertusate
pertuse
pertused
pertusion
pertusions
pertussal
perv
perve
perved
perverser
perversest
pervertible
perves
perviate
perviated
perviates
perviating
pervicacies
pervicacious
pervicaciousness
pervicaciousnesses
pervicacities
pervicacity
pervicacy
perving
perviously
pervs
pesant
pesante
pesants
pesaunt
pesaunts
peshwa
peshwas
pessima
pessimal
pessimistical
pessimum
pesteringly
pesterment
pesterments
pesterous
pestful
pesticidal
pestological
pestologies
pestologist
pestologists
pestology
petaliferous
petalism
petalisms
petalomania
petalomanias
petanque
petanques
petar
petara
petaras
petaries
petars
petary
petaurine
petaurist
petaurists
petcharies
petchary
peterman
petermen
petersham
petershams
pether
pethers
pethidine
pethidines
petiolated
petitionings
petitionist
petitionists
petitory
petraries
petrary
petre
petres
petrifactive
petrific
petrissage
petrissages
petrocurrencies
petrocurrency
petrodrome
petrodromes
petroglyphic
petroglyphies
petroglyphy
petrogram
petrograms
petrolage
petrolages
petroleous
petroliferous
petrolled
petrolling
petromoney
petromoneys
petronella
petronellas
petrophysical
petrophysicist
petrophysicists
petrophysics
petropounds
petrosals
pettedly
pettedness
pettednesses
pettichaps
pettichapses
petties
pettle
pettled
pettles
pettling
peyotism
peyotisms
peyotist
peyotists
peyse
peysed
peyses
peysing
pezant
pezants
pezizoid
pfenning
pfennings
phacelia
phacelias
phacoid
phacoidal
phacolite
phacolites
phacolith
phacoliths
phaeic
phaeism
phaeisms
phaelonion
phaelonions
phaenogam
phaenogamic
phaenogamous
phaenogams
phaenologies
phaenology
phaenomena
phaenomenon
phaenotype
phaenotypes
phaeomelanin
phaeomelanins
phagedaena
phagedaenas
phagedaenic
phagedena
phagedenas
phagedenic
phagocytical
phagocytism
phagocytisms
phagophobia
phagophobias
phalangal
phalangid
phalangids
phalangist
phalangists
phalansterian
phalansterianism
phalansterianisms
phalansterism
phalansterisms
phalansterist
phalansterists
phallin
phallins
phallocentricities
phallocentricity
phallocrat
phallocratic
phallocrats
phalloid
phalloidin
phalloidins
phanerogamic
phanerogamous
phang
phanged
phanging
phangs
phansigar
phansigars
phantasiast
phantasiasts
phantasim
phantasime
phantasimes
phantasims
phantasmagorial
phantasmalian
phantasmalities
phantasmality
phantasmally
phantasmical
phantasmogenetic
phantasmogenetically
phantastic
phantastics
phantastries
phantastry
phantomatic
phantomish
phantomy
phantosme
phantosmes
phare
phares
phariseeism
phariseeisms
pharmaceutic
pharmaceutics
pharmaceutist
pharmaceutists
pharmacognosist
pharmacognosists
pharmacokineticist
pharmacokineticists
pharmacopoeian
pharmacopolist
pharmacopolists
pharyngal
pharyngitic
pharyngitises
pharyngologies
pharyngology
pharyngoscope
pharyngoscopes
pharyngoscopies
pharyngoscopy
pharyngotomies
pharyngotomy
phaseless
phaseolin
phaseolins
phatter
phattest
pheasantries
pheasantry
pheazar
pheazars
pheer
pheere
pheeres
pheers
pheese
pheesed
pheeses
pheesing
pheeze
pheezed
pheezes
pheezing
phellogenetic
phelloid
phelloplastic
phelloplastics
phelonion
phelonions
phenakism
phenakisms
phenakistoscope
phenakistoscopes
phene
phenes
phengite
phengites
phengophobia
phengophobias
phenic
phenogam
phenogamic
phenogamous
phenogams
phenologist
phenologists
phenomenalise
phenomenalised
phenomenalises
phenomenalising
phenomenalities
phenomenality
phenomenalize
phenomenalized
phenomenalizes
phenomenalizing
phenomenise
phenomenised
phenomenises
phenomenising
phenomenism
phenomenisms
phenomenist
phenomenists
phenomenize
phenomenized
phenomenizes
phenomenizing
phenotyped
phenotyping
phenylalanin
phenylalanins
pheon
pheons
phese
phesed
pheses
phesing
phialiform
phialled
phialling
philabeg
philabegs
philamot
philamots
philanthrope
philanthropes
philhorse
philhorses
philibeg
philibegs
philippina
philippinas
philippine
philippines
phillabeg
phillabegs
phillibeg
phillibegs
phillipsite
phillipsites
phillumenies
phillumeny
philogynies
philogynist
philogynists
philogynous
philogyny
philologer
philologers
philologian
philologians
philologic
philologue
philologues
philomath
philomathic
philomathical
philomathies
philomaths
philomathy
philomot
philomots
philopena
philopenas
philopoena
philopoenas
philosophaster
philosophasters
philosopheress
philosopheresses
philosophess
philosophesses
philosophiser
philosophisers
philosophism
philosophisms
philosophist
philosophistic
philosophistical
philosophists
philoxenia
philoxenias
phinnock
phinnocks
phisnomies
phisnomy
phizog
phizogs
phizzes
phlebitises
phlebolite
phlebolites
phlebotomise
phlebotomised
phlebotomises
phlebotomising
phlebotomize
phlebotomized
phlebotomizes
phlebotomizing
phlegmagogic
phlegmagogue
phlegmagogues
phlegmasia
phlegmasias
phlegmatical
phlegmon
phlegmonic
phlegmonoid
phlegmonous
phlegmons
phlogisticate
phlogisticated
phlogisticates
phlogisticating
phlomis
phlomises
phlyctaena
phlyctaenae
phlyctena
phlyctenae
pho
phobism
phobisms
phobist
phobists
phoca
phocae
phocas
phocomelia
phocomelias
phoenixism
phoenixisms
phoh
phohs
pholades
pholas
pholidoses
pholidosis
phonal
phonasthenia
phonasthenias
phonatory
phonautograph
phonautographic
phonautographically
phonautographs
phonecard
phonecards
phonematically
phonemicisation
phonemicisations
phonemicise
phonemicised
phonemicises
phonemicising
phonemicization
phonemicizations
phonemicize
phonemicized
phonemicizes
phonemicizing
phonendoscope
phonendoscopes
phoner
phoners
phonetical
phoneticisation
phoneticisations
phoneticise
phoneticised
phoneticises
phoneticising
phoneticism
phoneticisms
phoneticist
phoneticists
phoneticization
phoneticizations
phoneticize
phoneticized
phoneticizes
phoneticizing
phonetisation
phonetisations
phonetise
phonetised
phonetises
phonetising
phonetism
phonetisms
phonetist
phonetists
phonetization
phonetizations
phonetize
phonetized
phonetizes
phonetizing
phoneyness
phoneynesses
phonmeter
phonmeters
phonocamptic
phonocamptics
phonofiddle
phonofiddles
phonographist
phonographists
phonolitic
phonometer
phonometers
phonophobia
phonophobias
phonophore
phonophores
phonopore
phonopores
phonotype
phonotyped
phonotypes
phonotypic
phonotypical
phonotypies
phonotyping
phonotypist
phonotypists
phonotypy
phorminges
phorminx
phormium
phormiums
phos
phosphated
phosphating
phosphatise
phosphatised
phosphatises
phosphatising
phosphorate
phosphorated
phosphorates
phosphorating
phosphoret
phosphorets
phosphoretted
phosphorise
phosphorised
phosphorises
phosphorising
phosphorism
phosphorisms
phosphorize
phosphorized
phosphorizes
phosphorizing
phosphuret
phosphurets
phosphuretted
photinia
photinias
photism
photisms
photoactive
photocatalyses
photocatalysis
photocatalytic
photochromics
photochromies
photochromy
photoconducting
photocopiable
photocopyings
photoelastic
photoelasticities
photoelasticity
photoelectricities
photoelectricity
photoelectrode
photoelectrodes
photoelectronics
photofission
photofissions
photofit
photofits
photogen
photogene
photogenes
photogenies
photogens
photogeny
photoglyph
photoglyphic
photoglyphies
photoglyphs
photoglyphy
photographical
photographist
photographists
photolithographer
photolithographers
photoluminesce
photoluminesced
photoluminescence
photoluminescences
photoluminescent
photoluminesces
photoluminescing
photolyse
photolysed
photolysing
photomacrograph
photomacrographed
photomacrographic
photomacrographies
photomacrographing
photomacrographs
photomacrography
photomicrographer
photomicrographers
photonastic
photonasties
photonasty
photonovel
photonovels
photoperiodicities
photoperiodicity
photophil
photophilic
photophilies
photophilous
photophils
photophily
photophobe
photophobes
photophone
photophones
photophonic
photophonies
photophony
photophoreses
photophoresis
photopsia
photopsias
photopsies
photopsy
photorealism
photorealisms
photorealistic
photorefractive
photosensitise
photosensitised
photosensitiser
photosensitisers
photosensitises
photosensitising
photosettings
phototelegraph
phototelegraphs
phototherapeutic
phototherapeutics
phototherapies
phototherapy
phototrope
phototropes
phototropies
phototropy
phototype
phototyped
phototypes
phototypic
phototypies
phototyping
phototypy
photoxylographies
photoxylography
photozincograph
photozincographies
photozincographs
photozincography
phraseless
phraseman
phrasemen
phraseogram
phraseograms
phraseograph
phraseographs
phraseologic
phraseologically
phraser
phrasers
phrasier
phrasiest
phrasy
phreak
phreaking
phreakings
phreaks
phreneses
phrenesiac
phrenesis
phrenetical
phrenetically
phrenetics
phrenism
phrenisms
phrenitic
phrenitis
phrenitises
phrenologic
phrenologically
phrenologise
phrenologised
phrenologises
phrenologising
phrenologize
phrenologized
phrenologizes
phrenologizing
phrensical
phrentick
phrontisteries
phrontistery
phthalate
phthalates
phthalein
phthaleins
phthalocyanin
phthalocyanins
phthiriases
phthiriasis
phthisicky
phutted
phutting
phycocyan
phycocyans
phycophaein
phycophaeins
phycoxanthin
phycoxanthins
phylacteric
phylacterical
phylarch
phylarchies
phylarchs
phylarchy
phyllodies
phyllody
phyllomania
phyllomanias
phyllophagous
phyllopod
phyllopods
phylloquinone
phylloquinones
phyllotactical
phylogeneses
phylogenesis
physalia
physalias
physalis
physalises
physeter
physeters
physharmonica
physharmonicas
physiciancies
physiciancy
physicianer
physicianers
physicianship
physicianships
physicism
physicisms
physicky
physio
physiocracies
physiocracy
physiocrat
physiocrats
physiognomist
physiognomists
physiolater
physiolaters
physiolatries
physiolatry
physiologus
physiologuses
physios
physiotherapeutic
physiotherapeutics
physitheism
physitheisms
physitheistic
phytobenthos
phytobenthoses
phytochemicals
phytogeneses
phytogenesis
phytogenetic
phytogenetical
phytogenic
phytogenies
phytogeny
phytographer
phytographers
phytographic
phytographies
phytography
phytological
phytologies
phytologist
phytologists
phytology
phytonadione
phytonadiones
phytopathologist
phytopathologists
phytophagic
phytoses
phytosis
phytotomies
phytotomist
phytotomists
phytotomy
phytotoxin
phytotoxins
phytotron
phytotrons
piacevole
piacularities
piacularity
pianette
pianettes
pianino
pianinos
pianississimo
pianolist
pianolists
piarist
piarists
piazzian
picamar
picamars
picarian
picarians
piccadell
piccadells
piccadill
piccadillies
piccadillo
piccadilloes
piccadills
piccadilly
piccanin
piccaninnies
piccaninny
piccanins
piccies
piccy
picene
picenes
pichiciago
pichiciagos
pichurim
pichurims
picine
pickadell
pickadells
pickadill
pickadillies
pickadillo
pickadilloes
pickadills
pickadilly
pickapack
pickapacks
pickback
pickbacks
pickedness
pickednesses
pickeerer
pickeerers
pickelhaube
pickelhaubes
pickeries
pickery
pickler
picklers
pickmaw
pickmaws
picocurie
picocuries
picote
picotite
picotites
picqueted
picqueting
picra
picras
picric
picrocarmine
picrocarmines
pictarnie
pictarnies
pictographically
pictorical
pictorically
pictural
picturals
pidgeon
pidgeons
pidginisation
pidginisations
pieceless
piecemealed
piecemealing
piecemeals
piecen
piecened
piecener
pieceners
piecening
piecens
piedish
piedishes
piedmontite
piedmontites
piedness
piednesses
pieman
piemen
piend
piends
piepowder
piepowders
pierage
pierages
pierceable
piercingness
piercingnesses
pierid
pieridine
pierids
pierrette
pierrettes
pierrot
pierrots
pierst
piert
piet
pietistical
piets
piezo
piezochemistries
piezochemistry
piezomagnetic
piezomagnetism
piezomagnetisms
pifferari
pifferaro
piffero
pifferos
piffler
pifflers
pigeoned
pigeoning
pigeonries
pigeonry
pigfeed
pigfeeds
piggings
pight
pighted
pighting
pightle
pightles
pights
pigling
piglings
pigmaean
pigmean
pigmeat
pigmeats
pigmental
pigmoid
pignerate
pignerated
pignerates
pignerating
pignorate
pignorated
pignorates
pignorating
pignoration
pignorations
pigsconce
pigsconces
pigsnie
pigsnies
pigsny
pigswill
pigswills
pigwash
pigwashes
pikelet
pikelets
pikul
pikuls
pila
pilastered
pilch
pilcher
pilchers
pilches
pilcorn
pilcorns
pilcrow
pilcrows
pileorhiza
pileorhizas
piler
pilers
pilework
pileworks
pilferies
pilferingly
pilferings
pilfery
pilgarlick
pilgarlicks
pilgarlicky
pilgrimager
pilgrimagers
pilgrimer
pilgrimers
pilgrimise
pilgrimised
pilgrimises
pilgrimising
pilgrimize
pilgrimized
pilgrimizes
pilgrimizing
pilhorse
pilhorses
piliferous
pillarist
pillarists
pillau
pillaus
pillhead
pillheads
pillicock
pillicocks
pillings
pillioned
pillioning
pillionist
pillionists
pilliwinks
pillock
pillocks
pillorise
pillorised
pillorises
pillorising
pillorize
pillorized
pillorizes
pillorizing
pillowslip
pillowslips
pillworm
pillworms
pillwort
pillworts
pilniewinks
pilocarpin
pilocarpins
pilotis
pilotman
pilotmen
pilow
pilows
pilula
pilulas
pilum
piment
piments
pina
pinacoid
pinacoidal
pinacoids
pinacotheca
pinacothecas
pinakoid
pinakoidal
pinakoids
pinakothek
pinakotheks
pinas
pincase
pincases
pincered
pincering
pinchcock
pinchcocks
pinchcommons
pinchfist
pinchfists
pinchgut
pinchguts
pinchingly
pinchings
pinchpennies
pinchpoint
pinchpoints
pindaree
pindarees
pindari
pindaris
pinder
pinders
pindown
pindowns
pingle
pingled
pingler
pinglers
pingles
pingling
pingoes
pinguefied
pinguefies
pinguefy
pinguefying
pinguidities
pinguidity
pinguin
pinguins
pinguitude
pinguitudes
pinhooker
pinhookers
pinies
pinkerton
pinkertons
pinkier
pinkiest
pinkiness
pinkinesses
pinkings
pinnatipartite
pinnatiped
pinnatisect
pinnet
pinnets
pinnie
pinniewinkle
pinniewinkles
pinnings
pinnipede
pinnipedes
pinnock
pinnocks
pinnoed
pinnulas
pinnulate
pinnulated
pinnywinkle
pinnywinkles
pintable
pintables
pintailed
pioned
pioner
pioners
pioney
pioneys
pionies
pioning
pionings
piony
pioted
pioy
pioye
pioyes
pioys
pipa
pipas
pipeclay
pipeclayed
pipeclaying
pipeclays
pipelinings
piperaceous
piperic
pipework
pipeworks
pipewort
pipeworts
pipi
pipis
pipistrelle
pipistrelles
pipless
pippier
pippiest
pippy
pipsqueak
pipsqueaks
pipul
pipuls
piqueted
piqueting
pir
pirai
pirais
piraya
pirayas
pirl
pirlicue
pirlicued
pirlicues
pirlicuing
pirls
pirnie
pirnies
pirnit
pirouetter
pirouetters
pirs
piscator
piscators
piscatrix
piscatrixes
piscicolous
piscicultural
pisciculturist
pisciculturists
piscifauna
piscifaunae
piscifaunas
pisciform
piscines
pise
pises
piskies
pisky
pissasphalt
pissasphalts
pisshead
pissheads
pistillary
pistillode
pistillodes
pistolet
pistolets
pitara
pitarah
pitarahs
pitaras
pitchiness
pitchinesses
pitchings
pitchperson
pitchpersons
pitchpine
pitchpines
pitchpipe
pitchpipes
pitchstone
pitchstones
pithball
pithballs
pithecoid
pithful
pithless
pithlike
pithoi
pithos
pitprop
pitprops
pitta
pittas
pitten
pitter
pittered
pittering
pitters
pittite
pittites
pituita
pituitas
pituite
pituites
pituitrin
pituitrins
pituri
pituris
pityroid
pityrosporum
pityrosporums
pium
piums
piupiu
piupius
pivoter
pivoters
pivotings
pixellated
pixillation
pixillations
pize
pizes
pizzaiola
pizzazz
pizzazzes
pizzicatos
placableness
placablenesses
placcat
placcate
placcates
placcats
placentiform
placentologies
placentology
placider
placidest
placings
placit
placita
placitory
placits
placitum
plack
plackless
placks
placoderm
placoderms
plagiocephalies
plagiocephaly
plagiostomatous
plagiostome
plagiostomes
plagiostomous
plagiotropically
plagiotropism
plagiotropisms
plagiotropous
plagium
plagiums
plaguesome
plaguier
plaguiest
plaiding
plaidings
plaidman
plaidmen
plainant
plainants
plainful
plainings
plainish
plainstanes
plainstones
plaintless
plainwork
plainworks
planch
planched
planches
planching
planetic
planetical
planigraph
planigraphs
planimetrical
planimetries
planimetry
planoblast
planoblasts
planogamete
planogametes
planometer
planometers
planta
plantage
plantages
plantaginaceous
plantas
plantless
plantling
plantlings
plantswoman
plantswomen
plantule
plantules
planuliform
planuloid
planuria
planurias
planuries
planury
planxties
planxty
plap
plapped
plapping
plaps
plaquette
plaquettes
plashet
plashets
plashings
plasmatical
plasmodial
plasmolyse
plasmolysed
plasmolysing
plasmosoma
plasmosomata
plasmosome
plasmosomes
plast
plaste
plasteriness
plasterinesses
plasterstone
plasterstones
plasticise
plasticised
plasticiser
plasticisers
plasticises
plasticising
plastidule
plastidules
plastilina
plastilinas
plastique
plastiques
plastogamies
plastogamy
platanaceous
platanna
platannas
platband
platbands
plateasm
plateasms
plateman
platemark
platemarks
platemen
platformed
platforming
platformings
platiniferous
platinise
platinised
platinises
platinising
platinoid
platinoids
platinotype
platinotypes
platinous
platitudinise
platitudinised
platitudinises
platitudinising
platonics
platteland
plattelands
plattings
platycephalic
platycephalous
platyrrhinian
platyrrhinians
platysma
platysmas
plauditory
plaustral
playbus
playbuses
playbusses
playgroup
playgroups
playleader
playleaders
playschool
playschools
playsome
pleaed
pleaing
pleaseman
pleasemen
pleaseth
pleasings
pleasureful
pleasurer
pleasurers
plebbier
plebbiest
plebby
plebean
plebeianise
plebeianised
plebeianises
plebeianising
plebeianize
plebeianized
plebeianizes
plebeianizing
plebification
plebifications
plebified
plebifies
plebify
plebifying
plecopterous
plectognathic
plectognathous
plectopterous
plectre
plectres
plectron
plectrons
pledgeable
pleiochasia
pleiochasium
pleiomeries
pleiomerous
pleiomery
pleiotropism
pleiotropisms
plenarily
plenarties
plenarty
plenilunar
plenilune
plenilunes
plenipo
plenipoes
plenipos
plenipotence
plenipotences
plenipotencies
plenipotency
plenipotential
plenishings
plenist
plenists
pleomorphies
pleomorphous
pleomorphy
pleon
pleonast
pleonaste
pleonastes
pleonastical
pleonasts
pleonectic
pleonexia
pleonexias
pleons
pleroma
pleromas
pleromatic
plerome
pleromes
plerophoria
plerophorias
plerophories
plerophory
plesh
pleshes
plesiosaurian
plessimeter
plessimeters
plessimetric
plessimetries
plessimetry
plethorical
plethorically
pleuch
pleuchs
pleugh
pleughs
pleurapophyses
pleurapophysis
pleuritical
pleuritics
pleuritis
pleuritises
pleurodont
pleurodonts
pleurodynia
pleurodynias
pleurotomies
pleurotomy
plexiglass
plexiglasses
pleximeter
pleximeters
pleximetric
pleximetries
pleximetry
plexure
plexures
plicately
plicates
plicating
plicature
plicatures
plightful
plim
plimmed
plimming
plims
pling
plings
pliosaur
pliosaurs
ploat
ploated
ploating
ploats
ploddings
plong
plongd
plonge
plonged
plonges
plonging
plongs
plonker
plonkers
plonkier
plonkiest
plonkings
plonky
plook
plookie
plookier
plookiest
plooks
plotful
plottered
plottering
plottie
plotties
plottingly
plottings
ploughable
ploughboy
ploughboys
plougher
ploughers
ploughgate
ploughgates
ploughings
ploughland
ploughlands
ploughman
ploughmen
ploughshare
ploughshares
ploughwise
ploughwright
ploughwrights
plouk
ploukie
ploukier
ploukiest
plouks
plouter
ploutered
ploutering
plouters
plovery
plowter
plowtered
plowtering
plowters
pluff
pluffed
pluffier
pluffiest
pluffing
pluffs
pluffy
pluggings
plumassier
plumassiers
plumbaginaceous
plumbaginous
plumbate
plumbates
plumbeous
plumbiferous
plumbisolvencies
plumbisolvency
plumbisolvent
plumbite
plumbites
plumbless
plumbosolvencies
plumbosolvency
plumbosolvent
plumcot
plumcots
plumdamas
plumdamases
plumeless
plumeries
plumery
plumigerous
plumiped
plumist
plumists
plumous
plumpie
plumpier
plumpiest
plumpy
plumula
plumulaceous
plumulae
plumularian
plumularians
plumulate
plumulose
plunderage
plunderages
plungings
pluralisation
pluralisations
pluralise
pluralised
pluralises
pluralising
pluriliteral
plurilocular
pluripara
pluriparae
pluriparas
pluripresence
pluripresences
pluriserial
pluriseriate
plurisie
plurisies
plusage
plusages
plused
plusing
plussed
plussing
pluteal
pluteuses
plutolatries
plutolatry
plutologies
plutologist
plutologists
plutology
plutonomies
plutonomist
plutonomists
plutonomy
pluviometer
pluviometers
pluviometric
pluviometrical
pneumathode
pneumathodes
pneumatical
pneumatics
pneumatological
pneumatologist
pneumatologists
pneumatolyses
pneumatolysis
pneumatometer
pneumatometers
pneumoconiotic
pneumodynamics
pneumogastric
pneumogastrics
pneumokonioses
pneumokoniosis
pneumonics
pneumonitises
pneumonokonioses
pneumonokoniosis
pneumonoultramicroscopicsilicovolcanoconioses
pneumonoultramicroscopicsilicovolcanoconiosis
po
poa
poaceous
poachiness
poachinesses
poachings
poaka
poakas
poake
poakes
poas
pochay
pochays
pochette
pochettes
pochoir
pochoirs
pockard
pockards
pocketless
pocketphone
pocketphones
pockmankies
pockmanky
pockmantie
pockmanties
pockpit
pockpits
pockpitted
pococuranteism
pococuranteisms
pococurantes
pococurantist
pococurantists
poculiform
podagrical
podagrous
podal
podalic
podargus
podarguses
poddier
poddies
poddiest
poddy
podex
podexes
podge
podges
podginess
podginesses
podial
podley
podleys
podocarps
podoconioses
podoconiosis
podologies
podologist
podologists
podology
podophthalmous
poematic
poenologies
poenology
poesied
poesying
poetasteries
poetastering
poetasterings
poetastery
poetastries
poetastry
poeticals
poeticise
poeticised
poeticises
poeticising
poeticule
poeticules
poetise
poetised
poetises
poetising
poetresse
poetresses
poetship
poetships
poffle
poffles
pogge
pogges
pogo
pogoed
pogoing
pogonotomies
pogonotomy
pogos
poh
pohutukawa
pohutukawas
poignado
poignadoes
poikilitic
poikilocyte
poikilocytes
poikilothermal
poikilothermies
poikilothermy
poinado
poinadoes
poind
poinded
poinder
poinders
poinding
poindings
poinds
pointel
pointels
pointille
pointillisme
pointillismes
pointilliste
pointillistes
pointings
pointsman
pointsmen
poiser
poisers
poisonable
poisonousness
poisonousnesses
poitrel
poitrels
pokal
pokals
pokeful
pokefuls
pokerish
pokerishly
polacca
polaccas
polacre
polacres
polarisation
polarisations
polariser
polarisers
polarizer
polarizers
poldered
poldering
polemarch
polemarchs
polemise
polemised
polemises
polemising
polemoniaceous
poley
poleys
polianite
polianites
polings
poliomyelitises
poliorcetic
poliorcetics
polishable
polishings
polishment
polishments
politicaster
politicasters
politicisation
politicisations
politickings
politicly
polk
polked
polking
polks
pollan
pollans
pollent
pollicie
pollicies
pollicitation
pollicitations
pollicy
pollies
pollings
polliniferous
polliwig
polliwigs
pollman
pollmen
pollusion
pollusions
pollutedly
pollutedness
pollutednesses
polly
pollyanna
pollyannaish
pollyannaism
pollyannaisms
pollyannas
pollyannish
pollywig
pollywigs
poloidal
polonie
polonies
polonise
polonised
polonises
polonising
polonism
polonisms
polonize
polonized
polonizes
polonizing
polony
polt
polted
poltfeet
poltfoot
polting
polts
poluphloisboiotatotic
poluphloisboiotic
polverine
polverines
polyacid
polyact
polyactinal
polyactine
polyadelphous
polyarch
polyarchies
polyarchy
polyaxial
polyaxials
polyaxon
polyaxonic
polyaxons
polybasic
polycarpic
polycarpous
polychlorinated
polychloroprene
polychloroprenes
polychrest
polychrests
polychroic
polychroism
polychroisms
polychromic
polyconic
polycotton
polycottons
polycotyledonous
polycrotic
polycrotism
polycrotisms
polyculture
polycultures
polycythaemia
polycythaemias
polydactylism
polydactylisms
polydactylous
polydactyls
polydaemonism
polydaemonisms
polydemonism
polydemonisms
polyembryonate
polygalaceous
polygam
polygamously
polygams
polygenies
polygenism
polygenisms
polygenist
polygenists
polygenous
polygeny
polyglott
polyglottal
polyglottic
polyglottous
polyglotts
polygonaceous
polygonatum
polygonatums
polygonies
polygony
polygraphies
polygraphy
polygynian
polyhalite
polyhalites
polyhedric
polyhistorian
polyhistorians
polyhistories
polyhistory
polyhybrid
polyhybrids
polyhydric
polyhydroxybutyrate
polyhydroxybutyrates
polyisoprene
polyisoprenes
polylemma
polylemmas
polymastia
polymastias
polymastic
polymasties
polymastism
polymastisms
polymasty
polymeride
polymerides
polymeries
polymerous
polymery
polymyositis
polymyositises
polynia
polynias
polynomialism
polynomialisms
polyomino
polyominos
polyonym
polyonymic
polyonymies
polyonyms
polyonymy
polype
polypes
polypharmacies
polypharmacy
polyphloesboean
polyphloisbic
polyphon
polyphonist
polyphonists
polyphons
polyphyllous
polyphyodont
polypi
polypidom
polypidoms
polypine
polypite
polypites
polyposes
polyposis
polyprotodont
polyprotodonts
polypus
polysemant
polysemants
polyseme
polysemes
polysepalous
polysiloxane
polysiloxanes
polysomies
polysomy
polystylar
polystyle
polysyllabical
polysyllabicism
polysyllabicisms
polysyllabism
polysyllabisms
polysyllogism
polysyllogisms
polysyndeta
polysyntheses
polysynthesis
polysynthetic
polysynthetical
polysynthetically
polysyntheticism
polysyntheticisms
polysynthetism
polysynthetisms
polytechnical
polytetrafluorethylene
polytetrafluorethylenes
polytetrafluoroethylene
polytetrafluoroethylenes
polythalamous
polytheistically
polytocous
polytunnel
polytunnels
polyvinyls
polyzoa
polyzoaria
polyzoarial
polyzoaries
polyzoarium
polyzoary
polyzonal
polyzooid
polyzoon
pomato
pomatoes
pombe
pombes
pomeroy
pomeroys
pomiculture
pomicultures
pomiferous
pommele
pommetty
pomoerium
pomoeriums
pompelmoose
pompelmooses
pompelmous
pompelmouse
pompelmouses
pompelo
pompelos
pompey
pompeyed
pompeying
pompeys
pompholygous
pompholyx
pompholyxes
pompier
pompion
pompions
pompoon
pompoons
pomroy
pomroys
pomwater
pomwaters
ponceau
ponceaus
ponceaux
poncey
poncier
ponciest
poncy
pondage
pondages
ponderabilities
ponderability
ponderal
ponderance
ponderances
ponderancies
ponderancy
ponderate
ponderated
ponderates
ponderating
ponderation
ponderations
ponderingly
ponderment
ponderments
ponderosities
ponderosity
pondok
pondokkie
pondokkies
pondoks
ponent
ponerologies
ponerology
poney
poneys
ponga
pongas
pongier
pongiest
pongo
pongoes
pongos
pongy
ponk
ponked
ponking
ponks
pont
pontage
pontages
pontal
pontianac
pontianacs
pontianak
pontianaks
pontic
ponticello
ponticellos
pontie
ponties
pontific
pontificalities
pontificality
pontifice
pontified
pontifies
pontify
pontifying
pontile
pontiles
pontlevis
pontlevises
pontoneer
pontoneers
pontonier
pontoniers
pontonnier
pontonniers
pontooned
pontooner
pontooners
pontooning
ponts
ponty
ponyskin
ponyskins
poo
pooed
poofier
poofiest
poogye
poogyee
poogyees
poogyes
pooing
pooja
poojah
poojahs
poojas
pook
pooka
pookas
pooking
pookit
pooks
poonac
poonacs
poonce
poonces
poontang
poontangs
poorlier
poorliest
poort
poortith
poortiths
poorts
poorwill
poorwills
poos
poot
pooted
pooter
pooters
pooting
poots
pooveries
poovery
poovier
pooviest
poovy
popadum
popadums
popehood
popehoods
popeling
popelings
poperin
poperins
popeship
popeships
popjoy
popjoyed
popjoying
popjoys
poplinette
poplinettes
poplitic
poppadum
poppadums
poppering
popperings
poppier
poppiest
poppish
poppit
poppits
popplier
poppliest
popply
poprin
poprins
popularisation
popularisations
populariser
popularisers
populars
poral
porcelaineous
porcelainise
porcelainised
porcelainises
porcelainising
porcelainous
porcellanise
porcellanised
porcellanises
porcellanising
porcellanite
porcellanites
porcellanize
porcellanized
porcellanizes
porcellanizing
porcellanous
porcpisce
porcpisces
porer
porers
porge
porged
porges
porgie
porging
porier
poriest
porifer
poriferal
poriferan
poriferous
porifers
poriness
porinesses
porismatic
porismatical
poristic
poristical
porkling
porklings
porlocking
porlockings
pornocracies
pornocracy
pornomag
pornomags
pornotopia
pornotopian
pornotopias
porogamic
porogamies
porogamy
poromeric
poroscope
poroscopes
poroscopic
poroscopies
poroscopy
porose
poroses
porosis
porpentine
porpentines
porpess
porpesse
porpesses
porphyrio
porphyrios
porphyrite
porphyrites
porphyrogenite
porphyrogenites
porphyrogenitism
porphyrogenitisms
porphyrogeniture
porphyrogenitures
porphyrous
porpoised
porpoising
porporate
porraceous
porrected
porrecting
porrection
porrections
porrects
porrenger
porrengers
porriginous
porrigo
porrigos
porta
portague
portagues
portas
portases
portate
portatile
portatives
portcullised
portcullising
porteous
porteouses
porteress
porteresses
porterly
portess
portesse
portesses
porthors
porthorses
porthos
porthoses
porthouse
porthouses
porticoed
portier
portiest
portigue
portigues
portioner
portioners
portionist
portionists
portland
portlands
portlast
portlasts
portman
portmantle
portmantles
portmantua
portmantuas
portmen
portoise
portoises
portolan
portolani
portolano
portolanos
portolans
portous
portouses
portraited
portraiting
portreeve
portreeves
portulan
portulans
porty
porwiggle
porwiggles
pory
pos
posaune
posaunes
poseable
posey
poshed
poshes
poshing
poshteen
poshteens
posier
posiest
posigrade
posingly
posings
positon
positons
posnet
posnets
posological
poss
possed
posser
possers
possessable
possessionary
possessionate
possessionates
possessioned
possessorship
possessorships
posseted
posseting
possibilism
possibilisms
possibilist
possibilists
possibles
possie
possies
possing
possumed
possuming
postbus
postbuses
postbusses
postcarded
postcarding
postcoded
postcoding
posteen
posteens
postered
postering
posterisation
posterisations
posterization
posterizations
postfeminism
postfeminisms
postfeminists
postholder
postholders
posthorse
posthorses
posthouse
posthouses
posticous
postie
posties
postil
postillate
postillated
postillates
postillating
postillation
postillations
postillator
postillators
postilled
postiller
postillers
postilling
postils
postliminary
postliminiary
postliminies
postliminious
postliminous
postliminy
postmenstrual
postmeridian
postnasal
postnati
postocular
postperson
postpersons
postponence
postponences
postpose
postposed
postposes
postposing
postrider
postriders
postscenia
postscenium
postsceniums
postulationally
postulatory
posturist
posturists
postwoman
postwomen
potager
potagers
potamogeton
potamogetons
potamological
potamologies
potamologist
potamologists
potamology
potashed
potashing
potass
potassa
potassas
potasses
potch
potche
potched
potcher
potchers
potches
potching
pote
poted
potentiaries
potentiary
potentise
potentised
potentises
potentising
potentize
potentized
potentizes
potentizing
potents
potes
potgun
potguns
pothecaries
pothecary
pothery
potholer
potholers
potholing
potholings
poticaries
poticary
potichomania
potichomanias
potin
poting
potins
potlach
potlaches
potman
potmen
potoo
potoos
potoroo
potoroos
potshare
potshares
potshop
potshops
pott
potterings
pottiness
pottinesses
pottingar
pottingars
pottinger
pottingers
potts
pouchful
pouchfuls
pouder
poudered
poudering
pouders
poudre
poudred
poudres
poudring
pouffing
poufing
pouftah
pouftahs
poufter
poufters
pouk
pouke
poukes
pouking
poukit
pouks
poulaine
poulaines
poulder
pouldered
pouldering
poulders
pouldre
pouldred
pouldres
pouldring
pouldron
pouldrons
poule
poules
poulp
poulpe
poulpes
poulps
poulter
poulters
poultfeet
poultfoot
poultroone
poultroones
pouncet
pouncets
pounching
poupe
pouped
poupes
pouping
poupt
pourie
pouries
pourings
poursew
poursewed
poursewing
poursews
poursue
poursued
poursues
poursuing
poursuit
poursuits
poursuitt
poursuitts
pourtrahed
pourtraict
pourtraicts
pourtray
pourtrayd
pourtrayed
pourtraying
pourtrays
pousowdie
pousowdies
pousse
pousses
poussin
poussins
pouther
pouthered
pouthering
pouthers
poutingly
poutings
powan
powans
powderier
powderiest
powellise
powellised
powellises
powellising
powellite
powellites
powellize
powellized
powellizes
powellizing
powerfulness
powerfulnesses
powerlifting
powerliftings
powerplay
powerplays
powertrain
powertrains
powin
powins
pown
pownd
pownded
pownding
pownds
powney
powneys
pownie
pownies
powns
powny
powre
powred
powres
powring
powsowdies
powsowdy
powter
powtered
powtering
powters
powwaw
poxier
poxiest
poxy
poynant
poynt
poynted
poynting
poynts
poyse
poysed
poyses
poysing
poyson
poysoned
poysoning
poysons
poz
pozz
pozzies
pozzuolana
pozzuolanas
pozzy
prabble
prabbles
practicalism
practicalisms
practicalist
practicalists
practician
practicians
practick
practicks
practics
practique
practiques
practisant
practisants
practiser
practisers
practive
practolol
practolols
prad
prads
praeamble
praeambles
praecava
praecavae
praecoces
praecocial
praecordial
praedials
praepostor
praepostors
praeses
praetoria
praetorium
praetoriums
pragmaticalities
pragmaticality
pragmaticalness
pragmaticalnesses
pragmatisation
pragmatisations
pragmatise
pragmatised
pragmatiser
pragmatisers
pragmatises
pragmatising
pragmatization
pragmatizations
pragmatize
pragmatized
pragmatizer
pragmatizers
pragmatizes
pragmatizing
prairied
praiseach
praiseachs
praiseful
praiseless
praisingly
praisings
prana
pranas
pranayama
pranayamas
prancingly
prancings
pranck
prancke
prancked
pranckes
prancking
prancks
prankful
prankier
prankiest
prankingly
prankings
prankle
prankled
prankles
prankling
pranksome
pranky
pratfallen
pratfalling
pratfell
pratie
praties
pratings
pratt
pratted
pratting
prattlebox
prattleboxes
prattlement
prattlements
pratts
praty
praunce
praunced
praunces
prauncing
pravities
pravity
prawle
prawles
prawlin
prawlins
praxinoscope
praxinoscopes
prayerless
prayerlessly
prayerlessness
prayerlessnesses
prayingly
prayings
pre
preace
preaced
preaces
preachership
preacherships
preachings
preacing
preacquaint
preacquaintance
preacquaintances
preacquainted
preacquainting
preacquaints
preadmonish
preadmonished
preadmonishes
preadmonishing
preadmonition
preadmonitions
preambled
preambling
preambulary
preambulate
preambulated
preambulates
preambulating
preambulatory
preappoint
preappointed
preappointing
preappoints
prease
preased
preases
preasing
preasse
preassed
preasses
preassing
preassurance
preassurances
preaudience
preaudiences
preborn
precative
precautional
precautioned
precautioning
precautious
precedented
precedential
precedently
preceese
precentress
precentresses
precentrix
precentrixes
precepit
precepits
preceptial
preceptress
preceptresses
prechristian
precieuses
precipiced
precipitinogenic
precisianism
precisianisms
precisianist
precisianists
precisive
preclassical
precognisant
precognise
precognised
precognises
precognising
precognizant
precognize
precognized
precognizes
precognizing
precognosce
precognosced
precognosces
precognoscing
precompetitive
precompose
precomposed
precomposes
precomposing
preconceit
preconceits
preconcertedly
preconcertedness
preconcertednesses
precondemn
precondemned
precondemning
precondemns
preconisation
preconisations
preconise
preconised
preconises
preconising
preconization
preconizations
preconize
preconized
preconizes
preconizing
preconsciousness
preconsciousnesses
preconstruct
preconstructing
preconstruction
preconstructions
preconstructs
preconsume
preconsumed
preconsumes
preconsuming
precontract
precontracted
precontracting
precontracts
precordial
precurrer
precurrers
precurse
precurses
precursive
predaciousness
predaciousnesses
predative
predatorily
predatoriness
predatorinesses
predefinition
predefinitions
predella
predellas
predentate
predesign
predesignation
predesignations
predesignatory
predesigned
predesigning
predesigns
predestinative
predestinies
predestiny
predeterminable
predeterminate
predeterminism
predeterminisms
predevelop
predeveloped
predeveloping
predevelops
predevote
predials
predicabilities
predicability
predicamental
predicant
predicants
predictableness
predictablenesses
predicter
predicters
predied
predies
predikant
predikants
predilect
predilected
predispositional
predoom
predoomed
predooming
predooms
predy
predying
preeve
preeved
preeves
preeving
prefabricator
prefabricators
prefacial
prefard
prefatorial
prefatorially
prefatorily
prefectorial
prefectship
prefectships
preferentialism
preferentialisms
preferentialist
preferentialists
preferrable
prefigurate
prefigurated
prefigurates
prefigurating
prefixion
prefixions
prefixture
prefixtures
prefloration
preflorations
prefoliation
prefoliations
preformationism
preformationisms
preformative
prefulgent
pregnance
pregnances
pregustation
pregustations
prehalluces
prehallux
preheminence
preheminences
prehend
prehended
prehending
prehends
prehensible
prehensive
prehensor
prehensorial
prehensors
prehensory
prehnite
prehnites
preif
preife
preifes
preifs
prejink
prejudgement
prejudgements
prejudicant
prejudicate
prejudicated
prejudicates
prejudicating
prejudication
prejudications
prejudicative
prejudize
prejudizes
prelateship
prelateships
prelatess
prelatesses
prelatial
prelatical
prelatically
prelaties
prelation
prelations
prelatise
prelatised
prelatises
prelatish
prelatising
prelatism
prelatisms
prelatist
prelatists
prelatize
prelatized
prelatizes
prelatizing
prelaty
prelector
prelectors
prelingual
preludial
preludious
prelusorily
prelusory
premandibular
premandibulars
premedic
premedicate
premedicated
premedicates
premedicating
premedication
premedications
premedics
premia
premonishment
premonishments
premonitive
premonitor
premonitors
premosaic
premotion
premotions
premove
premoved
premovement
premovements
premoves
premoving
premy
prenasal
prenasals
prenegotiate
prenegotiated
prenegotiates
prenegotiating
prenegotiation
prenegotiations
prent
prented
prenticeship
prenticeships
prenting
prents
prenubile
prenzie
preoccupant
preoccupants
preoccupate
preoccupated
preoccupates
preoccupating
preocular
preoption
preoptions
preoral
preordinance
preordinances
prepayable
prepensed
prepenses
prepensing
prepensive
prepollence
prepollences
prepollencies
prepollency
prepollent
prepollex
prepollices
preponderatingly
prepone
preponed
prepones
preponing
prepose
preposed
preposes
preposing
prepositor
prepositors
prepossessingly
prepostor
prepostors
prepotence
prepotences
prepunctual
prerecord
prerecording
prerecords
prerogatively
prerosion
prerosions
prerupt
presagement
presagements
presanctification
presanctifications
presanctifies
presanctify
presanctifying
presbyacouses
presbyacousis
presbyacuses
presbyacusis
presbycouses
presbycousis
presbycuses
presbycusis
presbyopies
presbyopy
presbyte
presbyteral
presbyterianise
presbyterianised
presbyterianises
presbyterianising
presbyterianism
presbyterianisms
presbyterianize
presbyterianized
presbyterianizes
presbyterianizing
presbyterians
presbytership
presbyterships
presbytes
presbytic
presbytism
presbytisms
prescindent
prescious
prescission
prescissions
prescriptibilities
prescriptibility
prescriptible
prescriptiveness
prescriptivenesses
prescriptivism
prescriptivisms
prescriptivist
prescriptivists
prescuta
prescutum
preselector
preselectors
presension
presensions
presentationism
presentationisms
presentationist
presentationists
presential
presentialities
presentiality
presentially
presentive
presentiveness
presentivenesses
preservatories
preservatory
preses
presidentess
presidentesses
presignification
presignifications
pressfat
pressfats
pressful
pressfuls
pressie
pressies
pression
pressions
pressurisation
pressurisations
presswoman
presswomen
prestation
prestations
prested
presterna
presternum
presternums
prestigiator
prestigiators
presting
prestissimos
prestriction
prestrictions
presurmise
presurmises
pretenceless
pretendant
pretendants
pretendent
pretendents
pretendership
pretenderships
pretendingly
preterhuman
preterist
preterists
preteriteness
preteritenesses
preterition
preteritions
preteritive
preternaturalism
preternaturalisms
preterperfect
preterperfects
preterpluperfect
prettyism
prettyisms
prevailingly
prevailment
prevailments
prevalencies
prevalency
preve
preved
prevenancies
prevenancy
prevene
prevened
prevenes
prevenience
preveniences
prevening
preverb
preverbs
preves
preving
prewyn
prewyns
preyful
prezzie
prezzies
prial
prials
pribble
pribbles
pricelessness
pricelessnesses
priciness
pricinesses
pricklings
prickwood
prickwoods
prideless
pridian
prief
priefe
priefes
priefs
priestcraft
priestcrafts
priestling
priestlings
priestship
priestships
prieve
prieved
prieves
prieving
prigger
priggers
priggings
primaeval
primaevally
primage
primages
primally
primariness
primarinesses
primatic
primatical
primigenial
primigravida
primigravidae
primigravidas
primine
primines
primiparities
primiparity
primitiae
primitial
primitias
primmers
primogenial
primogenit
primogenital
primogenitary
primogenitive
primogenitives
primogenitrix
primogenitrixes
primogenits
primogenitureship
primogenitureships
primordialism
primordialisms
primordialities
primordiality
primordials
primrosed
primrosing
primrosy
primsie
primsier
primsiest
primulaceous
primuline
primulines
primy
princed
princehood
princehoods
princekin
princekins
princelike
princessly
princified
princing
principalness
principalnesses
principate
principates
principial
principling
printworks
prioritisation
prioritisations
prioritise
prioritised
prioritises
prioritising
prisage
prisages
priser
prisers
prismatical
prismy
prisonment
prisonments
prisonous
privado
privadoes
privados
privateerings
privateersman
privateersmen
privatisation
privatisations
privatiser
privatisers
privatizer
privatizers
prizable
prizeman
prizemen
prizewoman
prizewomen
proaireses
proairesis
prob
probabiliorism
probabiliorisms
probabiliorist
probabiliorists
proball
probationaries
probationership
probationerships
probeable
probiotic
probiotics
problemist
problemists
probouleutic
probs
procacious
procacities
procacity
procaryon
procaryons
procaryot
procaryotic
procaryots
proceeder
proceeders
proceleusmatic
proceleusmatics
procellarian
procerebra
procerebral
procerebrum
procerebrums
procerities
procerity
processionalist
processionalists
processionary
processioner
processioners
processionings
processual
prochronism
prochronisms
procidence
procidences
procident
procinct
procincts
proclaimant
proclaimants
proclamatory
proclises
proclisis
proclive
procoelous
procrastinative
procrastinativeness
procrastinativenesses
procrastinatory
procreants
procreational
procreativeness
procreativenesses
procrypses
procrypsis
procryptically
proctal
proctalgia
proctalgias
proctitis
proctitises
proctodaeal
proctorage
proctorages
proctorially
proctorise
proctorised
proctorises
proctorising
proctorize
proctorized
proctorizes
proctorizing
proctoscope
proctoscopes
proctoscopies
proctoscopy
procuracies
procuracy
procuratories
procuratorship
procuratorships
procuratory
procuress
procuresses
prodigalise
prodigalised
prodigalises
prodigalising
prodigalize
prodigalized
prodigalizes
prodigalizing
prodigiosities
prodigiosity
proditor
proditorious
proditors
proditory
prodnose
prodnosed
prodnoses
prodnosing
prodromi
prodromic
prodromus
producement
producements
producibilities
producibility
productibilities
productibility
productile
proembryo
proembryos
proface
profectitious
professionalisation
professionalisations
professionalise
professionalised
professionalises
professionalising
professoress
professoresses
profferer
profferers
proficience
proficiences
profilings
profilist
profilists
profiteerings
profitings
profitlessly
profluence
profluences
proforma
proformas
profulgent
profuser
profusers
progenitorial
progenitorship
progenitorships
progenitress
progenitresses
progenitrices
progenitrix
progeniture
progenitures
proggins
progginses
prognathic
prognoses
progradation
progradations
prograded
progrades
prograding
progressionary
progressionism
progressionisms
progressionist
progressionists
progressism
progressisms
progressist
progressists
progymnasien
progymnasium
prohibiter
prohibiters
prohibitionary
prohibitionism
prohibitionisms
prohibitor
prohibitors
proign
proigned
proigning
proigns
proin
proine
proined
proines
proining
proins
projectings
projectisation
projectisations
projectivities
projectivity
projectization
projectizations
projectment
projectments
projecture
projectures
prokaryon
prokaryons
prokaryot
prokaryots
proke
proked
proker
prokers
prokes
proking
prolapsus
prolapsuses
prolated
prolately
prolateness
prolatenesses
prolates
prolating
prolation
prolations
prolative
proled
prolegomenary
proleptical
proler
prolers
proletarianisation
proletarianisations
proletarianism
proletarianisms
proletariate
proletariates
proletaries
proletary
prolicidal
prolicide
prolicides
proliferous
proliferously
prolifical
prolification
prolifications
proling
prolixious
prolixness
prolixnesses
proll
prolled
proller
prollers
prolling
prolls
prolocution
prolocutions
prolocutorship
prolocutorships
prolocutrix
prolocutrixes
prologise
prologised
prologises
prologising
prologuise
prologuised
prologuises
prologuising
prolongable
prolongate
prolongated
prolongates
prolongating
promachos
promachoses
prometal
prometals
promethazine
promethazines
prometheum
prometheums
prominencies
prominency
promiseful
promiseless
promissive
promissor
promissorily
promissors
prommer
prommers
promotor
promotors
promptings
promptuaries
promptuary
prompture
promptures
promusces
promuscidate
promuscides
promuscis
promycelia
promycelium
pronaoi
pronaos
proner
prones
pronest
proneur
proneurs
prongbuck
prongbucks
pronk
pronked
pronking
pronks
pronota
pronotal
pronotum
pronouncings
pronuncio
pronuncios
proo
prooemion
prooemions
prooemium
prooemiums
proofings
proofless
proofreadings
prootic
prootics
propaedeutical
propagandise
propagandised
propagandises
propagandising
propagandism
propagandisms
propage
propaged
propages
propaging
propagula
propagulum
propale
propaled
propales
propaling
propanol
propanols
proparoxytone
proparoxytones
propelment
propelments
propendent
propensely
propenseness
propensenesses
propension
propensions
propensive
properispomena
properispomenon
propertying
prophesyings
propheticism
propheticisms
prophetism
prophetisms
prophetship
prophetships
prophyll
prophylls
propitiable
propitiative
propitiatories
propitiatorily
propodeon
propodeons
propodeum
propodeums
proportionableness
proportionablenesses
proportionateness
proportionatenesses
proportionings
proportionless
proportionment
proportionments
proposable
proppant
proppants
propraetorial
propraetorian
proprietorially
proprietrix
proprietrixes
proproctor
proproctors
propugnation
propugnations
propulsor
propulsors
propulsory
propylamine
propylamines
propylite
propylites
propylitisation
propylitisations
propylitise
propylitised
propylitises
propylitising
propylitization
propylitizations
propylitize
propylitized
propylitizes
propylitizing
proratable
prore
prorector
prorectors
prores
prosaical
prosaicalness
prosaicalnesses
prosaicism
prosaicisms
prosaicness
prosaicnesses
proscenia
proscript
proscripts
prosectorial
prosectorship
prosectorships
prosecutrices
prosecutrix
prosecutrixes
proselytiser
proselytisers
proseman
prosemen
prosencephalons
prosenchyma
prosenchymas
prosenchymata
prosenchymatous
proseucha
proseuchae
proseuche
prosified
prosifies
prosify
prosifying
prosiliencies
prosiliency
prosilient
prosings
proslambanomenos
proslambanomenoses
prosodial
prosodian
prosodians
prosopagnosia
prosopagnosias
prosopon
prosopons
prosopopeia
prosopopeial
prosopopeias
prosopopoeial
prospectings
prospection
prospections
prospectiveness
prospectivenesses
prospectives
prostanthera
prostantheras
prosthodontia
prosthodontias
prostomiums
prosyllogism
prosyllogisms
protandries
protandrous
protandry
protanomalies
protanomalous
protanomaly
protanope
protanopes
protanopia
protanopias
protanopic
proteaceous
protectingly
protectives
protectorial
protectorless
protectrices
protectrix
protectrixes
proteiform
proteinic
proteinous
protense
protenses
protension
protensions
protensities
protensity
proteoclastic
proteolyse
proteolysed
proteolysing
proterandries
proterandrous
proterandry
proterogynies
proterogynous
proterogyny
protervities
protervity
protestingly
prothallial
prothallic
prothalloid
prothonotariat
prothonotariats
prothyl
prothyle
prothyles
prothyls
protistic
protistologies
protistologist
protistologists
protistology
protoactinium
protoactiniums
protoavis
protoavises
protochordate
protochordates
protococcal
protocolic
protocolise
protocolised
protocolises
protocolising
protocolist
protocolists
protocolize
protocolized
protocolizes
protocolizing
protogine
protogines
protogynies
protogynous
protogyny
protolithic
protomorphic
protonotarial
protonotariat
protonotariats
protopathies
protopathy
protophyte
protophytes
protophytic
protoplasmal
protoplasmatic
protoplastic
protore
protores
protospatharii
protospatharius
prototherian
prototyped
prototyping
protoxide
protoxides
protozoic
protozoological
protractedly
protractible
protreptical
protrudable
protrudent
protrusile
protuberate
protuberated
protuberates
protuberating
protuberation
protuberations
protyl
protyls
proudish
proudness
proudnesses
proul
prouled
prouler
proulers
prouling
prouls
provand
provands
provant
proveable
proveably
provection
provections
proveditor
proveditore
proveditores
proveditors
provedor
provedore
provedores
provedors
provend
provendered
provendering
provends
proverbialise
proverbialised
proverbialises
proverbialising
proverbialism
proverbialisms
proverbialist
proverbialists
proverbialize
proverbialized
proverbializes
proverbializing
proviant
proviants
providable
providor
providors
provincialise
provincialised
provincialises
provincialising
provine
provined
provines
provings
provining
provisor
provisorily
provisors
provocable
provocant
provocants
provocator
provocators
provocatory
provokable
provokement
provokements
provostries
provostry
provostship
provostships
prowessed
prowlingly
prowlings
proximation
proximations
proyn
proyne
proyned
proynes
proyning
proyns
prozymite
prozymites
prudentialism
prudentialisms
prudentialist
prudentialists
prudentialities
prudentiality
prudentials
pruh
pruina
pruinas
pruine
pruines
prunings
prunt
prunted
prunts
pruriginous
prusik
prusiked
prusiking
prusiks
prussiate
prussiates
prussic
pryings
prys
pryse
prysed
pryses
prysing
prytanea
prytaneum
prythee
psaligraphies
psaligraphy
psalmodic
psalmodical
psalmodise
psalmodised
psalmodises
psalmodising
psalmodist
psalmodists
psalmodize
psalmodized
psalmodizes
psalmodizing
psalterian
psaltress
psaltresses
psammitic
psammophil
psammophile
psammophiles
psammophilous
psammophils
psammophyte
psammophytes
psammophytic
psellism
psellisms
psellismus
psellismuses
psephism
psephisms
psephitic
psephoanalyses
psephoanalysis
pseudaesthesia
pseudaesthesias
pseudaxes
pseudaxis
pseudepigraphic
pseudepigraphical
pseudepigraphous
pseuderies
pseudery
pseudimagines
pseudimago
pseudimagoes
pseudimagos
pseudish
pseudoacid
pseudoacids
pseudobulb
pseudobulbs
pseudocarp
pseudocarps
pseudocode
pseudocodes
pseudoephedrine
pseudoephedrines
pseudofolliculitis
pseudofolliculitises
pseudograph
pseudographies
pseudographs
pseudography
pseudohermaphroditism
pseudohermaphroditisms
pseudologia
pseudologias
pseudologies
pseudologue
pseudologues
pseudology
pseudomartyr
pseudomartyrs
pseudomembrane
pseudomembranes
pseudoscope
pseudoscopes
pseudosolution
pseudosolutions
pseudosymmetries
pseudosymmetry
pshawed
pshawing
psilanthropic
psilanthropies
psilanthropism
psilanthropisms
psilanthropist
psilanthropists
psilanthropy
psilomelane
psilomelanes
psiloses
psilosis
psilotic
psion
psionic
psionics
psions
psoases
psora
psoras
psoric
pst
psychagogue
psychagogues
psychiater
psychiaters
psychiatrical
psychicism
psychicisms
psychicist
psychicists
psychism
psychisms
psychist
psychists
psychoanalyse
psychoanalysed
psychoanalysing
psychochemistries
psychochemistry
psychodelia
psychodelias
psychodelic
psychogas
psychogases
psychogenetical
psychogenetics
psychogeriatric
psychogeriatrician
psychogeriatricians
psychogeriatrics
psychogonies
psychogony
psychogram
psychograms
psychographic
psychographical
psychographics
psychographies
psychography
psychoid
psychoids
psychometer
psychometers
psychometrical
psychometrist
psychometrists
psychoneuroimmunologies
psychoneuroimmunology
psychonomic
psychonomics
psychopannychism
psychopannychisms
psychopannychist
psychopannychists
psychopathist
psychopathists
psychophilies
psychophily
psychopomp
psychopomps
psychoprophylaxes
psychoprophylaxis
psychosomimetic
psychotechnics
psychotherapeutics
psychoticism
psychoticisms
psychotoxic
psychrometrical
psyop
psyops
ptarmic
ptarmics
pteria
pteridomania
pteridomanias
pteridophilist
pteridophilists
pterion
pterodactyle
pterodactyles
pterosaurian
pterosaurians
pterygial
pterygials
pterylographic
pterylographical
pterylographically
pterylographies
pterylography
pteryloses
pterylosis
ptiloses
ptilosis
ptochocracies
ptochocracy
ptyalagogic
ptyalagogue
ptyalagogues
ptyalise
ptyalised
ptyalises
ptyalising
ptyalize
ptyalized
ptyalizes
ptyalizing
ptyxes
ptyxis
ptyxises
puberulous
pubises
publishment
publishments
pucciniaceous
pucelage
pucelages
pucelle
pucelles
pucer
pucest
puckfist
puckfists
puckle
puckles
pudden
puddening
puddenings
puddens
pudder
puddered
puddering
pudders
puddies
puddingy
puddock
puddocks
puddy
pudendous
pudent
pudge
pudges
pudibundities
pudibundity
pudic
pudicities
pudicity
pudor
pudors
pudsey
pudsier
pudsiest
pudsy
pudu
pudus
puer
puered
puering
puerperally
puerperiums
puers
puffbird
puffbirds
puffingly
puffings
pufftaloonas
puftaloon
puftaloonies
puftaloons
puggeries
puggery
puggie
puggies
puggings
puggle
puggled
puggles
puggling
pugil
pugilistical
pugilistically
pugils
puh
puir
puirer
puirest
puisny
puissantly
puissaunce
puissaunces
puissaunt
pukeko
pukekos
puker
pukers
puku
pukus
pulas
puldron
puldrons
pulicide
pulicides
pulier
puliest
pulings
pulk
pulka
pulkas
pulkha
pulkhas
pulks
pulmo
pulmobranch
pulmobranchiate
pulmobranchs
pulmones
pulmonics
pulpboard
pulpboards
pulpified
pulpifies
pulpify
pulpifying
pulpily
pulpited
pulpiteer
pulpiteers
pulpiter
pulpiters
pulpitries
pulpitry
pulpitum
pulpitums
pulpmill
pulpmills
pulpstone
pulpstones
pulsatance
pulsatances
pulsative
pulsatory
pulseless
pulselessness
pulselessnesses
pulsidge
pulsidges
pulsific
pulsimeter
pulsimeters
pulsojet
pulsojets
pulsometer
pulsometers
pultaceous
pultan
pultans
pulton
pultons
pultoon
pultoons
pultrusion
pultrusions
pultun
pultuns
pulture
pultures
pulu
pulus
pulver
pulveration
pulverations
pulvered
pulverine
pulverines
pulvering
pulverisable
pulverisation
pulverisations
pulveriser
pulverisers
pulverous
pulvers
pulverulence
pulverulences
pulvil
pulvilio
pulvilios
pulvilised
pulvilized
pulvillar
pulville
pulvilled
pulvilles
pulvilliform
pulvilling
pulvillio
pulvillios
pulvils
pulvinar
pulvinars
pulvinate
pulvinated
pulvinule
pulvinules
pulwar
pulwars
puly
pumicate
pumicated
pumicates
pumicating
pumie
pumies
pumphood
pumphoods
pumpion
pumpions
pumy
punalua
punaluan
punaluas
punce
punced
punces
puncing
puncta
punctated
punctator
punctators
puncto
punctos
punctualist
punctualists
punctuationist
punctuationists
punctuative
punctulate
punctulated
punctulation
punctulations
punctule
punctules
punctum
puncturation
puncturations
puncturer
puncturers
pundigrion
pundigrions
pundonor
pundonores
punga
pungas
pungence
pungences
punicaceous
punishingly
punningly
punnings
puntee
puntees
punto
puntos
puntsman
puntsmen
puparial
pupigerous
pupilabilities
pupilability
pupilary
pupillar
pupillarities
pupillarity
pupillate
pupilship
pupilships
pupiparous
puppied
puppodum
puppodums
puppydom
puppydoms
puppying
puppyism
puppyisms
pupunha
pupunhas
pur
purdahed
purdonium
purdoniums
pured
pures
purfly
purgatively
purgatorian
purgings
purificative
purim
purims
purin
puring
purins
puristical
puritanic
puritanise
puritanised
puritanises
puritanising
puritanize
puritanized
puritanizes
puritanizing
purler
purlers
purlicue
purlicued
purlicues
purlicuing
purlings
purpie
purpies
purplier
purpliest
purportless
purpresture
purprestures
purpureal
purpy
purrings
purs
purseful
pursefuls
pursership
purserships
pursew
pursewed
pursewing
pursews
purslain
purslains
pursuable
pursual
pursuals
pursuantly
pursuingly
pursuings
purtier
purtiest
purtraid
purtrayd
purty
purulencies
purulency
purulently
puschkinia
puschkinias
pushfully
pushingly
pusle
pusled
pusles
pusling
pussel
pussels
pusser
pussers
pustulate
pustulates
pustulating
pustulous
putcheon
putcheons
putcher
putchers
putchock
putchocks
putchuk
putchuks
puteal
puteals
puteli
putelis
putid
putlock
putlocks
putois
putrefacient
putrefiable
putrider
putridest
putridness
putridnesses
putten
puttie
puttings
puttock
puttocks
puture
putures
puy
puys
puzel
puzels
puzzel
puzzels
puzzledom
puzzledoms
puzzolana
puzzolanas
pyaemia
pyaemias
pyaemic
pyat
pyats
pycnic
pycnidiospore
pycnidiospores
pycnite
pycnites
pycnoconidia
pycnoconidium
pycnoconidiums
pycnodysostoses
pycnodysostosis
pycnogonoid
pycnon
pycnons
pycnospore
pycnospores
pycnostyle
pycnostyles
pye
pyebald
pyebalds
pyeing
pyelogram
pyelograms
pyelographies
pyelography
pyelonephritises
pyengadu
pyengadus
pyes
pyet
pyets
pygal
pygals
pygarg
pygargs
pygidiums
pygostyle
pygostyles
pyjamaed
pyknodysostoses
pyknodysostosis
pyknometer
pyknometers
pyknosome
pyknosomes
pyne
pyned
pynes
pyning
pyogeneses
pyogenesis
pyoner
pyoners
pyonings
pyorrhoea
pyorrhoeal
pyorrhoeas
pyorrhoeic
pyot
pyots
pyracanth
pyracanths
pyral
pyralis
pyralises
pyramides
pyramidia
pyramidic
pyramidically
pyramidion
pyramidions
pyramidist
pyramidists
pyramidologies
pyramidologist
pyramidologists
pyramidology
pyramidon
pyramidons
pyramis
pyramises
pyreneite
pyreneites
pyrenocarp
pyrenocarps
pyrenomycetous
pyretologies
pyretology
pyretotherapies
pyretotherapy
pyrexical
pyridoxin
pyridoxins
pyrithiamine
pyrithiamines
pyritical
pyritiferous
pyritise
pyritised
pyritises
pyritising
pyritize
pyritized
pyritizes
pyritizing
pyritohedra
pyritohedral
pyritohedron
pyritous
pyro
pyroballogies
pyroballogy
pyrochemical
pyroclast
pyroclastics
pyroclasts
pyrogenetic
pyrogenous
pyrognostic
pyrognostics
pyrographies
pyrography
pyrogravure
pyrogravures
pyrokineses
pyrokinesis
pyrolater
pyrolaters
pyrolatries
pyrolatry
pyroligneous
pyrolyse
pyrolysed
pyrolysing
pyromantic
pyromeride
pyromerides
pyrometrical
pyrophobia
pyrophobias
pyrophobic
pyrophobics
pyrophone
pyrophones
pyrophorous
pyrophorus
pyrophoruses
pyrophotograph
pyrophotographic
pyrophotographies
pyrophotographs
pyrophotography
pyropus
pyropuses
pyros
pyroscope
pyroscopes
pyroses
pyrosome
pyrosomes
pyrostatic
pyrosulphate
pyrosulphates
pyrotartrate
pyrotartrates
pyrotechnician
pyrotechnicians
pyrotechnies
pyrotechny
pyroxyle
pyroxyles
pyroxylic
pyroxyline
pyroxylines
pyrrhicist
pyrrhicists
pyrrhotine
pyrrhotines
pyrrhous
pyrrolidine
pyrrolidines
pythium
pythiums
pythogenic
pythonomorph
pythonomorphs
pyxed
pyxing
pzazz
pzazzes
qabalah
qabalahs
qadi
qadis
qaimaqam
qaimaqams
qalamdan
qalamdans
qasida
qasidas
qawwal
qawwali
qawwalis
qawwals
qi
qibla
qiblas
qigong
qigongs
qinghaosu
qinghaosus
qis
quacker
quackers
quackle
quackled
quackles
quackling
quacksalving
quadragenarian
quadragenarians
quadragesimal
quadrangularly
quadrans
quadrantes
quadraphonies
quadraphony
quadraplegia
quadraplegias
quadraplegic
quadraplegics
quadratical
quadratrices
quadratrix
quadratura
quadratus
quadratuses
quadrella
quadrellas
quadricipital
quadricone
quadricones
quadriennia
quadriennial
quadriennially
quadriennials
quadriennium
quadrifarious
quadrifid
quadrifoliate
quadriform
quadrigeminal
quadrigeminate
quadrigeminous
quadrilingual
quadriliteral
quadriliterals
quadrilled
quadriller
quadrillers
quadrilling
quadrilocular
quadringenaries
quadringenary
quadrinomial
quadrinomials
quadripartition
quadripartitions
quadripole
quadripoles
quadrireme
quadriremes
quadrisect
quadrisected
quadrisecting
quadrisection
quadrisections
quadrisects
quadrisyllabic
quadrisyllable
quadrisyllables
quadrivalence
quadrivalences
quadrivia
quadrophonic
quadrophonics
quadrophonies
quadrophony
quadruman
quadrumane
quadrumanes
quadrumans
quadruplex
quadruplexed
quadruplexes
quadruplexing
quadruplies
quaered
quaereing
quaeritur
quaesitum
quaesitums
quaestionaries
quaestionary
quaestorial
quaestorship
quaestorships
quaestuaries
quaestuary
quagginess
quagginesses
quagmired
quagmiring
quailings
quair
quairs
quakiness
quakinesses
quakingly
quakings
qualificative
qualificatives
qualificator
qualificators
qualificatory
qualifyings
qualitied
qualming
qualmless
quannet
quannets
quantical
quantisation
quantisations
quantise
quantised
quantises
quantising
quantitive
quantitively
quantivalence
quantivalences
quantivalent
quantometer
quantometers
quantong
quantongs
quaquaversal
quaquaversally
quarenden
quarendens
quarender
quarenders
quarer
quarest
quarrellings
quarrellous
quarrender
quarrenders
quarriable
quarrington
quarringtons
quarrymaster
quarrymasters
quartation
quartations
quarterdecker
quarterdeckers
quarterlight
quarterlights
quartermistress
quartermistresses
quarteroon
quarteroons
quarterstaffs
quartett
quartetti
quartetto
quartetts
quartier
quartiers
quartodeciman
quartodecimans
quartzier
quartziest
quartziferous
quartzy
quashee
quashees
quashie
quashies
quat
quatch
quatched
quatches
quatching
quaternate
quaternionist
quaternionists
quatorzain
quatorzains
quatorze
quatorzes
quatrefeuille
quatrefeuilles
quats
quattrocentism
quattrocentisms
quattrocentist
quattrocentists
quaverier
quaveriest
quaverings
quayd
queach
queaches
queachier
queachiest
queachy
queechier
queechiest
queechy
queencraft
queencrafts
queenhood
queenhoods
queenie
queenier
queenies
queeniest
queenings
queenite
queenites
queenless
queenlet
queenlets
queeny
queercore
queercores
queerdom
queerdoms
queerities
queerity
queest
queests
queint
quelch
quelched
quelches
quelching
quelea
queleas
queme
quemed
quemes
queming
quena
quenas
quenchings
quenchlessly
quep
quercetum
quercetums
querimonies
querimonious
querimoniously
querimony
quernstone
quernstones
quersprung
quersprungs
queryingly
queryings
questant
questants
questingly
questings
questionabilities
questionability
questionee
questionees
questioningly
questionings
questionist
questionists
questrist
questrists
quetch
quetched
quetches
quetching
quethe
quethes
quething
quetsch
quetsches
queueings
queuings
quey
queyn
queynie
queynies
queyns
queys
quibblingly
quibblings
quiblin
quiblins
quich
quiched
quiching
quickbeam
quickbeams
quickenings
quicksilvered
quicksilvering
quicksilverings
quicksilverish
quicksilvery
quickstepped
quickstepping
quickthorn
quickthorns
quidam
quidams
quiddanies
quiddany
quiddit
quidditative
quiddits
quiddle
quiddled
quiddler
quiddlers
quiddles
quiddling
quiesce
quiesced
quiescencies
quiescency
quiesces
quiescing
quietenings
quietings
quietive
quietives
quietsome
quight
quighted
quighting
quights
quillet
quillets
quillman
quillmen
quillon
quillons
quillwort
quillworts
quim
quims
quina
quinaquina
quinaquinas
quinas
quinche
quinched
quinches
quinching
quincuncially
quine
quines
quingentenaries
quingentenary
quinic
quinie
quinies
quinnat
quinnats
quinoidal
quinol
quinolone
quinolones
quinols
quinquagenarian
quinquagenarians
quinquagesimal
quinquecostate
quinquefarious
quinquefoliate
quinquenniad
quinquenniads
quinquereme
quinqueremes
quinquevalence
quinquevalences
quinquevalent
quinquina
quinquinas
quinquivalent
quinsied
quintessentialise
quintessentialised
quintessentialises
quintessentialising
quintessentialize
quintessentialized
quintessentializes
quintessentializing
quintett
quintetti
quintetto
quintetts
quintroon
quintroons
quintuplication
quintuplications
quinze
quinzes
quipo
quipos
quippish
quirister
quiristers
quist
quists
quitched
quitching
quited
quites
quiting
quittal
quittals
quittanced
quittancing
quiverful
quiverfuls
quiverier
quiveriest
quiverings
quiverish
quizzeries
quizzery
quizzification
quizzifications
quizzified
quizzifies
quizzify
quizzifying
quizziness
quizzinesses
quizzings
quoad
quodded
quodding
quodlibetarian
quodlibetarians
quodlibetic
quodlibetical
quodlin
quodlins
quoif
quoifed
quoifing
quoifs
quoist
quoists
quoiter
quoiters
quoll
quolls
quonk
quonked
quonking
quonks
quooke
quop
quopped
quopping
quops
quorate
quotableness
quotablenesses
quotatious
quotative
quotatives
quoteworthy
quotition
quotitions
quotum
quotums
quyte
quyted
quytes
quyting
qwerties
rabanna
rabannas
rabatine
rabatines
rabatment
rabatments
rabatoes
rabatte
rabatted
rabattement
rabattements
rabattes
rabatting
rabattings
rabbinist
rabbinists
rabbinite
rabbinites
rabbitfish
rabbitfishes
rabblings
rabboni
rabbonis
rabi
rabider
rabidest
rabis
raca
racahout
racahouts
raccahout
raccahouts
racecard
racecards
racegoer
racegoers
racegoing
racegoings
racemation
racemations
racemisation
racemisations
racemise
racemised
racemises
racemising
racepath
racepaths
rach
rache
raches
rachidial
rachidian
rachillas
rachischises
rachischisis
rachitises
raciation
raciations
rackabones
racketeerings
racketer
racketers
racketries
racketry
rackett
racketts
rackings
rackwork
rackworks
raconteuring
raconteurings
raconteuse
raconteuses
radder
raddest
raddleman
raddlemen
raddocke
raddockes
rade
radge
radger
radges
radgest
radiale
radialia
radialisation
radialisations
radialise
radialised
radialises
radialising
radialities
radiality
radialization
radializations
radialize
radialized
radializes
radializing
radiata
radiatas
radiatory
radicalisation
radicalisations
radicalities
radicality
radicant
radicate
radicated
radicates
radicating
radication
radications
radicel
radicellose
radicels
radicicolous
radiciform
radicivorous
radicule
radicules
radiculose
radiesthesia
radiesthesias
radiesthesist
radiesthesists
radiesthetic
radiogoniometer
radiogoniometers
radiographer
radiographers
radiolocation
radiolocations
radioluminescence
radioluminescences
radiometeorograph
radiometeorographs
radionics
radiopager
radiopagers
radiopaging
radiopagings
radiophonic
radiophonics
radiophonies
radiophonist
radiophonists
radiophony
radioresistant
radioscope
radioscopes
radioscopies
radioscopy
radiosensitise
radiosensitised
radiosensitises
radiosensitising
radiosensitize
radiosensitized
radiosensitizes
radiosensitizing
radiotelegram
radiotelegrams
radiotelemeter
radiotelemeters
radioteletype
radioteletypes
radiotherapeutics
radiothon
radiothons
radiotoxic
radulate
raduliform
rafale
rafales
raffinate
raffinates
raftering
rafterings
raftman
raftmen
ragbolt
ragbolts
ragde
ragee
ragees
rageful
rager
ragers
ragg
ragga
raggamuffin
raggamuffins
raggas
raggeries
raggery
raggier
raggies
raggiest
raggings
raggle
raggled
raggles
raggling
raggs
raggy
raghead
ragheads
ragings
ragini
raginis
ragmans
ragmatical
ragment
ragments
ragstone
ragstones
ragtimer
ragtimers
raguled
raguly
ragwheel
ragwheels
ragwork
ragworks
ragworm
ragworms
rahed
rahing
rahs
rai
raik
raiked
raiking
raiks
railbed
railbeds
railcard
railcards
raile
railes
railingly
railless
raillies
railly
railman
railmen
railwayman
railwaymen
railwoman
railwomen
rainband
rainbands
rainbowed
rainbowy
raincheck
rainchecks
raindate
raindates
raine
raines
rainforest
rainforests
raininess
raininesses
rainproofed
rainproofing
rainproofs
raintight
rainwears
raird
rairds
rais
raiseable
raisings
raisonneur
raisonneurs
rait
raita
raitas
raited
raiting
raits
raiyat
raiyats
raiyatwari
raiyatwaris
rajahship
rajahships
rajaship
rajaships
rajpramukh
rajpramukhs
rakeries
rakery
rakeshame
rakeshames
rakings
rakshas
rakshasa
rakshasas
rakshases
raku
rakus
rallentandos
ralline
rallyingly
ramakin
ramakins
ramal
ramapithecine
ramapithecines
ramblings
ramcat
ramcats
rameal
ramee
ramees
ramen
ramens
rameous
ramfeezle
ramfeezled
ramfeezles
ramfeezling
ramgunshoch
ramin
ramins
ramis
rammies
rammy
rampacious
rampagings
rampallian
rampallians
rampauge
rampauged
rampauges
rampauging
ramper
rampers
rampick
rampicked
rampicks
rampings
rampire
rampired
rampires
rampsman
rampsmen
ramstam
ramular
ramuli
ramulus
rana
ranarian
ranarium
ranariums
ranas
rance
ranced
rancel
rancelman
rancelmen
rancels
rances
rancheria
rancherias
rancherie
rancheries
ranchings
rancider
rancidest
rancing
randed
randem
randems
randie
randing
randomisation
randomisations
randomise
randomised
randomiser
randomisers
randomises
randomising
randomwise
randon
randons
rangatira
rangatiras
rangatiratanga
rangatiratangas
rangefinder
rangefinders
rangefinding
rangefindings
rangership
rangerships
rangoli
rangolis
raniform
ranine
ranivorous
ranke
rankes
ransel
ranselman
ranselmen
ransels
ranshackle
ranshackled
ranshackles
ranshackling
ranshakle
ranshakled
ranshakles
ranshakling
ransomable
ransomless
ranterism
ranterisms
rantings
rantipole
rantipoled
rantipoles
rantipoling
ranunculaceous
ranzel
ranzelman
ranzelmen
ranzels
raoulia
raoulias
raphania
raphanias
raploch
raplochs
rappellings
rappings
rapportage
rapportages
raptatorial
raptureless
rapturise
rapturised
rapturises
rapturising
rapturist
rapturists
rapturize
rapturized
rapturizes
rapturizing
rarefactive
rarefiable
ras
rascaille
rascailles
rascaldom
rascaldoms
rascalism
rascalisms
rascalliest
rascallion
rascallions
rascasse
rascasses
raschel
raschels
rashed
rashing
raspatories
raspatory
raspings
rasse
rasses
rast
rasta
rastafari
rastafarian
rasterise
rasterised
rasterises
rasterising
rasterize
rasterized
rasterizes
rasterizing
rastrum
rastrums
rata
ratabilities
ratability
ratan
ratans
ratas
ratch
ratched
ratches
ratching
rateabilities
rateability
rath
ratherest
ratheripe
ratheripes
ratherish
rathest
rathripe
rathripes
raths
ratiocinatory
rationalisation
rationalisations
ratling
ratlings
ratoo
ratooner
ratooners
ratoos
ratpack
ratpacks
ratproof
ratten
rattened
rattening
rattenings
rattens
ratteries
rattery
rattings
rattlebag
rattlebags
rattlier
rattliest
rattlin
rattline
rattlines
rattlings
rattlins
ratu
ratus
raucid
raucle
raucler
rauclest
raught
raun
raunched
raunching
raunge
raunged
raunges
raunging
rauns
ravining
rawbone
rawhead
rawheads
rawing
rawings
rawn
rawns
rayle
rayled
rayles
raylet
raylets
rayling
rayne
raynes
razmataz
razmatazes
razoo
razoos
razorable
razure
razures
razzia
razzias
razzle
razzles
reabsorption
reabsorptions
reacclimatise
reacclimatised
reacclimatises
reacclimatising
reaccustom
reaccustomed
reaccustoming
reaccustoms
reachless
reacquaintance
reacquaintances
reactional
reactionarism
reactionarisms
reactionarist
reactionarists
reactionist
reactionists
reactuate
reactuated
reactuates
reactuating
readaptation
readaptations
readmittance
readmittances
readoption
readoptions
readvance
readvanced
readvances
readvancing
readvertise
readvertised
readvertisement
readvertisements
readvertises
readvertising
readvise
readvised
readvises
readvising
reaedified
reaedifies
reaedify
reaedifye
reaedifyed
reaedifyes
reaedifying
reagencies
reagency
reak
reaked
reaking
reaks
realisabilities
realisability
realisable
realisation
realisations
realise
realised
realiser
realisers
realises
realising
realizabilities
realizability
reallie
reallied
reallies
reallotment
reallotments
reallying
realmless
realo
realos
realpolitiker
realpolitikers
realtie
realtime
realtor
realtors
reame
reamend
reamended
reamending
reamendment
reamendments
reamends
reames
reamier
reamiest
reamy
rean
reans
reanswer
reanswered
reanswering
reanswers
reapparel
reapparelled
reapparelling
reapparels
reappraisement
reappraisements
reappraiser
reappraisers
rearguards
rearhorse
rearhorses
rearise
rearisen
rearises
rearising
rearly
rearmice
rearmouse
rearose
reascension
reascensions
reassumption
reassumptions
reassurer
reassurers
reast
reasted
reastier
reastiest
reastiness
reastinesses
reasting
reasts
reasty
reate
reates
reawake
reawaked
reawakenings
reawakes
reawaking
reawoke
reawoken
reback
rebacked
rebacking
rebacks
rebadge
rebadged
rebadges
rebadging
rebaptise
rebaptised
rebaptises
rebaptising
rebatement
rebatements
rebatoes
rebbetzin
rebbetzins
rebeller
rebellers
rebellow
rebellowed
rebellowing
rebellows
rebirthing
rebirthings
rebit
rebite
rebites
rebiting
rebitten
reblossom
reblossomed
reblossoming
reblossoms
reboation
reboations
reborrow
reborrowed
reborrowing
reborrows
rebrace
rebraced
rebraces
rebracing
rebroadcasted
rebukable
rebukeful
rebukefully
rebukingly
rebutment
rebutments
recal
recalcitrate
recalcitrated
recalcitrates
recalcitrating
recalcitration
recalcitrations
recalesce
recalesced
recalescence
recalescences
recalescent
recalesces
recalescing
recallment
recallments
recalment
recalments
recals
recapitalisation
recapitalisations
recapitalise
recapitalised
recapitalises
recapitalising
recapitulative
recapitulatory
recaption
recaptions
recaptor
recaptors
recapturer
recapturers
recatch
recatches
recatching
recaught
recced
recceed
recceing
reccied
reccies
recco
reccos
reccy
reccying
receivabilities
receivability
receivableness
receivablenesses
receival
receivals
receivings
recense
recensed
recenses
recensing
recentre
recentred
recentres
recentring
recept
receptacula
receptacular
receptaculum
receptibilities
receptibility
receptible
recepts
rechate
rechates
recheated
recheating
rechie
rechlesse
recipience
recipiences
recipiencies
recipiency
reciprocalities
reciprocality
reciprocant
reciprocants
recit
recitationist
recitationists
recits
reckan
reckling
recklings
reclaimably
reclaimant
reclaimants
reclaimer
reclaimers
reclimb
reclimbed
reclimbing
reclimbs
reclinable
reclinate
reclination
reclinations
reclose
reclosed
recloses
reclosing
reclusely
recluseness
reclusenesses
reclusories
reclusory
recognisable
recognisably
recognisance
recognisances
recogniser
recognisers
recognitive
recognitory
recollectedly
recollectedness
recollectednesses
recollective
recollectively
recolonisation
recolonisations
recolonise
recolonised
recolonises
recolonising
recomfort
recomforted
recomforting
recomfortless
recomforts
recomforture
recomfortures
recommendably
recommender
recommenders
recompact
recompacted
recompacting
recompacts
recompence
recompences
recompress
recompressed
recompresses
recompressing
recompression
recompressions
reconcilableness
reconcilablenesses
reconcilably
recondensation
recondensations
reconnoiterer
reconnoiterers
reconnoitrer
reconnoitrers
reconsolidation
reconsolidations
reconstituent
reconstitutable
reconstructional
reconstructionary
recontinue
recontinued
recontinues
recontinuing
reconvalescence
reconvalescences
recordership
recorderships
recountal
recountals
recountment
recountments
recoure
recoured
recoures
recouring
recoursed
recoursing
recoverableness
recoverablenesses
recoveree
recoverees
recoveror
recoverors
recower
recowered
recowering
recowers
recoyle
recoyled
recoyles
recoyling
recreance
recreances
recreancies
recreancy
recreantly
recrement
recremental
recrementitial
recrementitious
recrements
recriminator
recriminators
recrudescencies
recrudescency
recruital
recruitals
recrystallisation
recrystallisations
recrystallise
recrystallised
recrystallises
recrystallising
rectangled
rectilineal
rectilinearities
rectilinearity
rection
rections
rectipetalies
rectipetalities
rectipetality
rectipetaly
rectirostral
rectiserial
rectitic
rectitis
rectitises
rectoral
rectoress
rectoresses
rectorials
rectress
rectresses
rectricial
recuile
recuiled
recuiles
recuiling
recule
reculed
recules
reculing
recumbence
recumbences
recumbently
recuperable
recuperator
recuperators
recuperatory
recure
recured
recureless
recures
recuring
recurrencies
recurrency
recurvirostral
recusance
recusances
recusation
recusations
recyclate
recyclates
recyclist
recyclists
redactorial
redan
redans
redback
redbacks
redbellies
redbelly
redcurrant
redcurrants
reddenda
reddendo
reddendos
reddendum
redders
reddier
reddiest
reddings
reddleman
reddlemen
reddy
redeal
redealing
redeals
redealt
redecraft
redecrafts
redeemabilities
redeemability
redeemableness
redeemablenesses
redeemably
redeemless
redeless
redeliverance
redeliverances
redeliverer
redeliverers
redemptible
redescend
redescended
redescending
redescends
redhanded
redip
redipped
redipping
redips
redisburse
redisbursed
redisburses
redisbursing
rediscoverer
rediscoverers
redissolution
redissolutions
redistil
redistils
redolencies
redolency
redoublement
redoublements
redoubted
redoubting
redoundings
redowa
redowas
redressive
redruthite
redruthites
redsear
redshare
redshire
redshort
redstreak
redstreaks
reducibleness
reduciblenesses
reduit
reduits
redundance
redundances
redwater
redwaters
reebok
reeboks
reech
reeched
reeches
reechie
reeching
reedbed
reedbeds
reede
reeden
reeder
reeders
reedes
reedmace
reedmaces
reedstop
reedstops
reefings
reekie
reelingly
reelings
reelman
reelmen
reen
reens
reestier
reestiest
reestiness
reestinesses
reesty
refashionment
refashionments
refectioner
refectioners
refectorian
refectorians
referendaries
referendary
referrable
referrible
reffo
reffos
refinancings
refinedly
refinedness
refinednesses
refinings
refitment
refitments
refittings
reflag
reflagged
reflagging
reflags
reflecter
reflecters
reflectingly
reflectionless
reflectogram
reflectograms
reflectograph
reflectographies
reflectographs
reflectography
reflexibilities
reflexibility
reflexible
reflexological
reflexologist
reflexologists
reflowerings
reflowings
refocillate
refocillated
refocillates
refocillating
refocillation
refocillations
refoot
refooted
refooting
refoots
reformade
reformades
reformado
reformadoes
reformados
reformationist
reformationists
refounder
refounders
refractable
refractaries
refractary
refracture
refractures
refreshener
refresheners
refreshful
refreshfully
refrigerative
refrigeratories
refrigeratory
refringe
refringed
refringencies
refringency
refringent
refringes
refringing
refuelable
refuellable
refulgencies
refulgency
refundment
refundments
refusable
refusion
refusions
regainable
regainment
regainments
regalement
regalements
regalian
regalias
regalism
regalisms
regalist
regalists
regals
regar
regardable
regarder
regarders
regars
regelation
regelations
regence
regences
regeneratively
regeneratory
regentship
regentships
regest
regests
reggo
reggos
regiminal
regionalisation
regionalisations
regionalise
regionalised
regionalises
regionalising
regionary
registraries
registrarship
registrarships
registrary
regma
regmata
rego
regos
regrate
regrated
regrater
regraters
regrates
regrating
regratings
regrator
regrators
regrede
regreded
regredes
regredience
regrediences
regreding
reguerdon
reguerdoned
reguerdoning
reguerdons
regula
regulae
regularisation
regularisations
regularise
regularised
regularises
regularising
regulise
regulised
regulises
regulising
regulize
regulized
regulizes
regulizing
regulo
regulos
regur
regurgitant
regurs
reh
rehandlings
rehearsings
reheel
reheeled
reheeling
reheels
rehousings
rehs
reif
reifs
reik
reiki
reikis
reiks
reillume
reillumed
reillumes
reillumine
reillumined
reillumines
reilluming
reillumining
reincarnationism
reincarnationisms
reincarnationist
reincarnationists
reincrease
reincreased
reincreases
reincreasing
reindustrialisation
reindustrialisations
reindustrialise
reindustrialised
reindustrialises
reindustrialising
reinette
reinettes
reinfund
reinfunded
reinfunding
reinfunds
reinspirit
reinspirited
reinspiriting
reinspirits
reinstalment
reinstalments
reinstation
reinstations
reintermediation
reintermediations
reinterment
reinterments
reinterpretative
reinterrogate
reinterrogated
reinterrogates
reinterrogating
reinterrogation
reinterrogations
reinvolve
reinvolved
reinvolves
reinvolving
reioyndure
reioyndures
reird
reirds
reises
reissuable
reist
reistafel
reistafels
reisted
reistier
reistiest
reistiness
reistinesses
reisting
reists
reisty
reiter
reiterance
reiterances
reiterant
reiteratedly
reiteratives
reiters
rejectable
rejectamenta
rejectible
rejectionist
rejectionists
rejig
rejigged
rejigging
rejigs
rejoiceful
rejoicement
rejoicements
rejoindure
rejoindures
rejourn
rejourned
rejourning
rejourns
rejuvenesce
rejuvenesced
rejuvenesces
rejuvenescing
rejuvenise
rejuvenised
rejuvenises
rejuvenising
rejuvenize
rejuvenized
rejuvenizes
rejuvenizing
reke
reked
rekes
reking
relationism
relationisms
relationist
relationists
relationless
relatival
relativeness
relativenesses
relativise
relativised
relativises
relativising
relativitist
relativitists
relaxative
releasee
releasees
releasement
releasements
releasor
releasors
relegable
relentings
relentment
relentments
relide
relie
reliefless
religionaries
religionary
religioner
religioners
religionise
religionised
religionises
religionising
religionism
religionisms
religionize
religionized
religionizes
religionizing
religiouses
reliquaire
reliquaires
reliver
relivered
relivering
relivers
rellish
rellished
rellishes
rellishing
remades
remanencies
remanency
remanents
remanet
remanets
remanie
remanies
remarkables
remarqued
remblai
remblais
remble
rembled
rembles
rembling
remead
remeaded
remeading
remeads
remede
remeded
remedes
remediably
remediat
remedilessly
remedilessness
remedilessnesses
remeding
remeid
remeided
remeiding
remeids
rememberably
remen
remens
remercied
remercies
remercy
remercying
remigate
remigated
remigates
remigating
remigation
remigations
remigrate
remigrated
remigrates
remigrating
remineralisation
remineralisations
remineralise
remineralised
remineralises
remineralising
remineralization
remineralizations
remineralize
remineralized
remineralizes
remineralizing
reminiscents
remissibilities
remissibility
remissive
remissory
remittee
remittees
remittently
remonetisation
remonetisations
remonetise
remonetised
remonetises
remonetising
remonstratingly
remonstratory
remontant
remontants
remoralisation
remoralisations
remoralise
remoralised
remoralises
remoralising
remoralization
remoralizations
remoralize
remoralized
remoralizes
remoralizing
remortgage
remortgaged
remortgages
remortgaging
remoud
remoulade
remoulades
remould
remoulded
remoulding
remoulds
removedness
removednesses
remuage
remuages
remueur
remueurs
remunerable
remurmur
remurmured
remurmuring
remurmurs
ren
renague
renagued
renagues
renaguing
renay
renayed
renaying
renays
renderings
renegate
renegates
renegation
renegations
renegue
renegued
reneguer
reneguers
renegues
reneguing
renewables
renewedness
renewednesses
renewings
reney
reneyed
reneying
reneys
renfierst
renforce
renforced
renforces
renforcing
renforst
renga
rengas
renied
renies
renig
renigged
renigging
renigs
renminbis
renne
renned
rennes
renning
rennings
renormalisation
renormalisations
renormalise
renormalised
renormalises
renormalising
renormalization
renormalizations
renormalize
renormalized
renormalizes
renormalizing
renounceable
renowner
renowners
rens
rensselaerite
rensselaerites
rentaller
rentallers
renverse
renversed
renversement
renversements
renverses
renversing
renverst
renvoy
renvoys
reny
renying
reoffend
reoffended
reoffending
reoffends
reopener
reopeners
reordain
reordained
reordaining
reordains
reordination
reordinations
reorganisation
reorganisations
reorganise
reorganised
reorganises
reorganising
repaginate
repaginated
repaginates
repaginating
repagination
repaginations
repaintings
repaper
repapered
repapering
repapers
reparabilities
reparability
reparably
reparatory
reparteed
reparteeing
repasture
repastures
repatriator
repatriators
repeatings
repellance
repellances
repellancies
repellancy
repellantly
repellence
repellences
repellingly
repentants
repentingly
repercuss
repercussed
repercusses
repercussing
reperusal
reperusals
reperuse
reperused
reperuses
reperusing
repetiteur
repetiteurs
repetitionary
repinement
repinements
repiningly
repinings
repique
repiqued
repiques
repiquing
repla
repleted
repletes
repleting
replevisable
replicator
replicators
replum
repoint
repointed
repointing
repoints
repoman
repomen
repone
reponed
repones
reponing
reportingly
reportings
reposall
reposalls
reposedly
reposedness
reposednesses
repositor
repositors
repost
reposted
reposting
reposts
reposure
reposures
repottings
repoussage
repoussages
repoussoir
repoussoirs
repping
reppings
repreeve
repreeved
repreeves
repreeving
reprehender
reprehenders
reprehensively
reprehensory
representamen
representamens
representant
representants
representationism
representationisms
representationist
representationists
representee
representees
representment
representments
representor
representors
repressibly
repriefe
repriefes
reprime
reprimed
reprimes
repriming
reprivatisation
reprivatisations
reprivatise
reprivatised
reprivatises
reprivatising
reprive
reprived
reprives
repriving
reprize
reprized
reprizes
reprizing
reproachless
reprobacies
reprobacy
reprobater
reprobaters
reprobator
reprobators
reproductiveness
reproductivenesses
reproductivities
reproductivity
reprogramme
reprogrammes
reproofed
reproofing
reprovings
repryve
repryved
repryves
repryving
reptation
reptations
reptilianly
reptiliferous
reptilious
reptiloid
republicanise
republicanised
republicanises
republicanising
repudiable
repudiative
repulp
repulped
repulping
repulps
repunit
repunits
repure
repured
repures
repuring
reputative
reputatively
reputeless
reputings
requere
requered
requeres
requering
requicken
requickened
requickening
requickens
requight
requighted
requighting
requights
requirable
requirings
requisitionary
requisitionist
requisitionists
requisitor
requisitors
requisitory
requit
requitable
requiteful
requiteless
requitement
requitements
requits
requitted
requitting
requote
requoted
requotes
requoting
requoyle
requoyled
requoyles
requoyling
rerail
rerailed
rerailing
rerails
rerebrace
rerebraces
reredorse
reredorses
reredorter
reredorters
reredosse
reredosses
reremice
reremouse
rerevise
rerevised
rerevises
rerevising
rerouteing
resaid
resalgar
resalgars
resalute
resaluted
resalutes
resaluting
resat
resay
resaying
resays
reschedulings
rescripted
rescripting
researchful
reseize
reseized
reseizes
reseizing
reselect
reselected
reselecting
reselection
reselections
reselects
resembler
resemblers
resenter
resenters
resentingly
resentive
reservatories
reservatory
reservoired
reservoiring
reses
resetted
reshipment
reshipments
resiance
resiances
resiant
resiants
residenter
residenters
residentiaries
residentiary
residentiaryship
residentiaryships
residentship
residentships
residuous
resignment
resignments
resinata
resinatas
resiner
resiners
resiniferous
resinification
resinifications
resinified
resinifies
resinify
resinifying
resinise
resinised
resinises
resinising
resinize
resinized
resinizes
resinizing
resinoses
resinosis
resinously
resipiscence
resipiscences
resipiscencies
resipiscency
resipiscent
resistent
resistents
resistibly
resistingly
resit
resits
reskew
reskewed
reskewing
reskews
reskill
reskilled
reskilling
reskills
reskue
reskued
reskues
reskuing
resnatron
resnatrons
resolutioner
resolutioners
resolutive
resolvabilities
resolvability
resolvedly
resolvedness
resolvednesses
resorbence
resorbences
resorbent
resourced
resourceless
resourcing
respeak
respeaking
respeaks
respectabilise
respectabilised
respectabilises
respectabilising
respectabilize
respectabilized
respectabilizes
respectabilizing
respectant
respectless
resplend
resplended
resplending
resplends
respoke
respoken
respondence
respondences
respondencies
respondency
respondentia
respondentias
responseless
responser
responsers
responsor
responsorial
responsorials
responsors
responsums
ressaldar
ressaldars
restarter
restarters
restauration
restaurations
restem
restemmed
restemming
restems
restier
restiest
restiff
restiform
restings
restitutionism
restitutionisms
restitutionist
restitutionists
restitutive
restitutor
restitutors
restitutory
restorableness
restorablenesses
restorationism
restorationisms
restorationist
restorationists
restoratively
restrainedness
restrainednesses
restrainings
restringe
restringed
restringeing
restringent
restringents
restringes
restructurings
resty
resultative
resultlessness
resultlessnesses
resumable
resumptive
resumptively
resupination
resupinations
resurrectionary
resurrectionise
resurrectionised
resurrectionises
resurrectionising
resurrectionism
resurrectionisms
resurrectionize
resurrectionized
resurrectionizes
resurrectionizing
resurrective
resurrector
resurrectors
resuscitable
resuscitant
resuscitants
resynchronisation
resynchronisations
resynchronise
resynchronised
resynchronises
resynchronising
resynchronization
resynchronizations
resynchronize
resynchronized
resynchronizes
resynchronizing
retailment
retailments
retainable
retainership
retainerships
retainment
retainments
retaker
retakers
retakings
retaliationist
retaliationists
retaliator
retaliators
retama
retamas
retardative
retardatory
retardment
retardments
retchless
retchlessly
retchlessness
retchlessnesses
reteller
retellers
retentionist
retentionists
retes
retiariuses
reticella
reticellas
reticularly
reticulary
reticulums
retinacular
retinalite
retinalites
retinispora
retinisporas
retinitises
retinoscope
retinoscopes
retinoscopist
retinoscopists
retinospora
retinosporas
retiracies
retiracy
retiral
retirals
retorsion
retorsions
retortion
retortions
retortive
retour
retoured
retouring
retours
retraceable
retractation
retractations
retractive
retractively
retraict
retraicted
retraicting
retraicts
retrait
retraite
retraited
retraites
retraiting
retraits
retraitt
retraitts
retrate
retrated
retrates
retrating
retree
retrees
retribute
retributed
retributes
retributing
retributor
retributors
retrievableness
retrievablenesses
retrievably
retrievement
retrievements
retrievings
retrim
retrimmed
retrimming
retrims
retrobulbar
retrocedent
retrocessive
retrochoir
retrochoirs
retrocognition
retrocognitions
retrod
retrodden
retrofittings
retroflected
retroflexed
retrogressional
retroject
retrojected
retrojecting
retrojection
retrojections
retrojects
retrolental
retromingencies
retromingency
retromingent
retromingents
retrophilia
retrophiliac
retrophiliacs
retrophilias
retropulsion
retropulsions
retropulsive
retrorsely
retroussage
retroussages
retrovert
retroverted
retroverting
retroverts
retteries
rettery
retund
retunded
retunding
retunds
returf
returfed
returfing
returfs
returnik
returniks
returnless
reunionism
reunionisms
reurge
reurged
reurges
reurging
reutter
reuttered
reuttering
reutters
revalenta
revalentas
revalorisation
revalorisations
revalorise
revalorised
revalorises
revalorising
revealings
revelational
revelationist
revelationists
revelative
revellings
revendicate
revendicated
revendicates
revendicating
revendication
revendications
revengeless
revengement
revengements
revengingly
revengings
revengive
revenued
reverable
reverberator
reverberators
reverist
reverists
reversedly
reverseless
reversi
reversings
reversionally
reversionaries
reversis
reversises
reverso
reversos
revertive
revestiaries
revestiary
revestries
revestry
revie
revied
revies
revilingly
revilings
revindicate
revindicated
revindicates
revindicating
revindication
revindications
revisional
revisitant
revisitants
revisitation
revisitations
revitalisation
revitalisations
revivabilities
revivability
revivably
revivement
revivements
revivescence
revivescences
revivescencies
revivescency
revivescent
revivingly
revivings
reviviscencies
reviviscency
revivor
revivors
revocabilities
revocability
revocableness
revocablenesses
revocably
revocatory
revokabilities
revokability
revokableness
revokablenesses
revokably
revokement
revokements
revolutional
revolutioner
revolutioners
revolutionism
revolutionisms
revolvencies
revolvency
revolvings
revulsionary
revying
rew
rewardableness
rewardablenesses
rewardful
rewardless
rewarewa
rewarewas
rews
rewth
rewths
rez
rezzes
rhabdoid
rhabdoids
rhabdolith
rhabdoliths
rhabdomantist
rhabdomantists
rhabdomyoma
rhabdomyomas
rhabdomyomata
rhabdosphere
rhabdospheres
rhabdus
rhabduses
rhachitis
rhachitises
rhagades
rhagadiform
rhamnaceous
rhamphoid
rhamphotheca
rhamphothecas
rhaphide
rhaphides
rhaphis
rhapontic
rhapontics
rhapsodise
rhapsodised
rhapsodises
rhapsodising
rheochord
rheochords
rheocord
rheocords
rheologic
rheometrical
rheotaxes
rheotaxis
rheotome
rheotomes
rheotrope
rheotropes
rheotropic
rheotropism
rheotropisms
rhetorise
rhetorised
rhetorises
rhetorising
rhetorize
rhetorized
rhetorizes
rhetorizing
rheumateese
rheumateeses
rheumatical
rheumaticky
rheumatise
rheumatises
rheumatismal
rheumatize
rheumatological
rheumed
rhexes
rhexis
rhexises
rhies
rhime
rhimed
rhimes
rhiming
rhine
rhinencephalons
rhines
rhinitises
rhinocerical
rhinocerot
rhinocerote
rhinocerotes
rhinocerotic
rhinolalia
rhinolalias
rhinolith
rhinoliths
rhinological
rhinologies
rhinologist
rhinologists
rhinology
rhinopharyngitis
rhinopharyngitises
rhinophyma
rhinophymas
rhinoplastic
rhinorrhagia
rhinorrhagias
rhinorrhoea
rhinorrhoeal
rhinorrhoeas
rhinoscleroma
rhinoscleromas
rhinoscleromata
rhinoscope
rhinoscopes
rhinoscopic
rhinotheca
rhinothecae
rhipidate
rhipidion
rhipidions
rhipidium
rhipidiums
rhizanthous
rhizic
rhizine
rhizines
rhizocarp
rhizocarpic
rhizocarpous
rhizocarps
rhizocaul
rhizocauls
rhizogenetic
rhizogenic
rhizogenous
rhizomorph
rhizomorphous
rhizomorphs
rhizophagous
rhizophilous
rhizophore
rhizophores
rhodanate
rhodanates
rhodanic
rhodanise
rhodanised
rhodanises
rhodanising
rhodanize
rhodanized
rhodanizes
rhodanizing
rhodie
rhodies
rhododaphne
rhododaphnes
rhodomontaded
rhodomontading
rhodophane
rhodophanes
rhodous
rhody
rhoeadine
rhoeadines
rhoicissus
rhoicissuses
rhombencephalons
rhombenporphyr
rhombenporphyries
rhombenporphyrs
rhombenporphyry
rhomboi
rhomboides
rhombos
rhombporphyries
rhombporphyry
rhonchial
rhone
rhones
rhopalic
rhopalism
rhopalisms
rhopaloceral
rhopalocerous
rhotacise
rhotacised
rhotacises
rhotacising
rhotacism
rhotacisms
rhotacize
rhotacized
rhotacizes
rhotacizing
rhotic
rhubarbing
rhubarbings
rhubarby
rhy
rhymist
rhymists
rhynchocoel
rhynchocoels
rhynchodont
rhynchophorous
rhyne
rhynes
rhyparographer
rhyparographers
rhyparographic
rhyparographies
rhyparography
rhythmal
rhythmed
rhythmi
rhythming
rhythmise
rhythmised
rhythmises
rhythmising
rhythmless
rhythmometer
rhythmometers
rhythmopoeia
rhythmopoeias
rhythmus
rhythmuses
rhytidectomies
rhytidectomy
rhytina
rhytinas
riancies
riancy
ribattuta
ribattutas
ribaud
ribaudred
ribaudries
ribaudry
ribauds
ribbonries
ribbonry
ribcage
ribcages
ribibe
ribibes
ribible
ribibles
ribless
riblike
ribozyme
ribozymes
ribston
ribstone
ribstones
ribstons
ribwork
ribworks
ricercares
ricercata
ricercatas
ricey
riched
richesse
richesses
riching
richt
richted
richter
richtest
richting
richts
ricier
riciest
ricinoleic
rickburner
rickburners
ricker
rickers
ricketily
ricketiness
ricketinesses
rickettier
rickettiest
ricketty
rickle
rickles
rickly
rickstand
rickstands
rickstick
ricksticks
rickyard
rickyards
ricy
ridabilities
ridability
riddlingly
riddlings
ridered
ridgeback
ridgebacks
ridger
ridgers
ridgeway
ridgeways
ridgil
ridgils
ridgings
riebeckite
riebeckites
riem
riempie
riempies
riems
rieve
riever
rievers
rieves
rieving
rifacimenti
rifacimento
rifte
riftier
riftiest
riftless
rifty
rigg
riggald
riggalds
riggish
riggs
rightable
righten
rightened
rightening
rightens
rightings
rightish
rightless
rightos
rightsize
rightsized
rightsizes
rightsizing
rightwards
rigider
rigidest
rigidise
rigidised
rigidises
rigidising
rigidize
rigidized
rigidizes
rigidizing
rigids
riglin
rigling
riglings
riglins
rigol
rigoll
rigolls
rigols
rigwiddie
rigwiddies
rigwoodie
rigwoodies
rijstafel
rijstafels
rikishi
rilier
riliest
rillmark
rillmarks
rima
rimae
rimmings
rimu
rimus
rin
rindier
rindiest
rinding
rindless
rindy
rine
rines
rinforzando
ringbit
ringbits
ringings
ringless
ringleted
ringman
ringmen
ringsider
ringsiders
ringstand
ringstands
ringster
ringsters
ringway
ringways
ringwise
ringwork
ringworks
rinked
rinkhals
rinkhalses
rinking
rinning
rins
rinseable
rinthereout
rinthereouts
riotings
riotise
riotises
riotize
riotizes
riotries
riotry
riparial
riparians
ripeck
ripecks
riped
ripers
ripes
ripidolite
ripidolites
ripienist
ripienists
riping
ripp
rippier
rippiers
rippingly
ripplingly
ripplings
ripps
ript
risaldar
risaldars
riskful
risoluto
risp
risped
rispetti
rispetto
risping
rispings
risps
risques
risus
risuses
rit
riteless
ritenuto
ritenutos
ritornel
ritornell
ritornelle
ritornelles
ritornells
ritornels
ritournelle
ritournelles
rits
ritt
ritted
ritting
ritts
ritualisation
ritualisations
ritualise
ritualised
ritualises
ritualising
riva
rivaless
rivalesses
rivalise
rivalised
rivalises
rivalising
rivalities
rivality
rivalize
rivalized
rivalizes
rivalizing
rivalless
rivalship
rivalships
rivas
rivel
rivelled
rivelling
rivels
riverain
riverains
rivercraft
rivered
riveret
riverets
riverless
riverlike
riverman
rivermen
riverscape
riverscapes
riverway
riverways
riverweed
riverweeds
riverworthiness
riverworthinesses
riverworthy
rivery
rivetings
rivlin
rivlins
rivo
rivos
riz
riza
rizard
rizards
rizas
rizzar
rizzared
rizzaring
rizzars
rizzart
rizzarts
rizzer
rizzered
rizzering
rizzers
rizzor
rizzored
rizzoring
rizzors
roadcraft
roadcrafts
roadheader
roadheaders
roading
roadings
roadman
roadmen
roadsman
roadsmen
roamings
roarie
roarier
roariest
roary
roastings
roate
roated
roates
roating
roberdsman
roberdsmen
robertsman
robertsmen
robings
robinia
robinias
roborating
robotise
robotised
robotises
robotising
roburite
roburites
rocambole
rocamboles
roch
roches
rockandroll
rockandrolls
rockcress
rockcresses
rockiers
rockily
rockings
rocklay
rocklays
rocksteadies
rocksteady
rockwater
rockwaters
rocquet
rocquets
rodded
rodding
roddings
roded
rodes
rodeway
rodeways
rodfisher
rodfishers
rodfishing
rodfishings
rodgersia
rodgersias
roding
rodings
rodomontader
rodomontaders
rodsman
rodsmen
rodster
rodsters
roed
roemer
roemers
roestone
roestones
rogered
rogering
rogerings
rogueship
rogueships
roguy
roin
roined
roining
roinish
roins
roist
roisted
roisterings
roisting
roists
roji
rojis
rok
roke
roked
rokelay
rokelays
roker
rokers
rokes
rokier
rokiest
roking
rokkaku
roks
roky
rolag
rolags
rolfings
rollable
rollcollar
rollcollars
rollerblade
rollerbladed
rollerblader
rollerbladers
rollerblades
rollerblading
rollerbladings
rollercoaster
rollercoastered
rollercoastering
rollercoasters
rollickings
rollock
rollocking
rollockings
rollocks
roma
romage
romages
romaika
romaikas
romal
romals
romancical
romancings
romantical
romanticalities
romanticality
romanticisation
romanticisations
romas
romneya
romneyas
rompingly
rompish
rompishly
rompishness
rompishnesses
roncador
roncadors
rondache
rondaches
rondavel
rondavels
ronde
rondes
rondino
rondinos
rondoletto
rondolettos
rone
roneo
roneoed
roneoing
roneos
rones
rong
ronggeng
ronggengs
ronne
ronning
ront
ronte
rontes
rontgenise
rontgenised
rontgenises
rontgenising
rontgenize
rontgenized
rontgenizes
rontgenizing
rontgenogram
rontgenograms
rontgenographies
rontgenography
rontgenologies
rontgenology
rontgenoscopies
rontgenoscopy
rontgenotherapies
rontgenotherapy
ronts
roo
roofier
roofiest
rooflessness
rooflessnesses
roofscape
roofscapes
roofy
rooinek
rooineks
rookish
roomsome
roon
roons
roop
rooped
roopier
roopiest
rooping
roopit
roops
roopy
roos
roosa
roosas
rootedly
rooties
rootings
rootle
rootled
rootles
rootling
rootsier
rootsiest
rootsiness
rootsinesses
rootsy
ropeable
ropework
ropeworks
ropings
roquette
roquettes
roral
rore
rores
roric
rorid
rorie
rorier
roriest
rort
rorted
rorter
rorters
rortier
rortiest
rorting
rorts
rorty
rory
rosace
rosacea
rosaceas
rosaces
rosaker
rosakers
rosalia
rosalias
rosaniline
rosanilines
roscid
roseal
rosebowl
rosebowls
rosefinch
rosefinches
rosehip
rosehips
roseless
rosella
rosellas
roseries
rosery
roseted
roseting
rosetted
rosetty
rosety
rosewaters
rosied
rosiere
rosieres
rosiers
rosies
rosinate
rosinates
rosing
rosit
rosited
rositing
rosits
rosmarine
rosmarines
rosoglio
rosoglios
rosolio
rosolios
rosser
rossers
rost
rosted
rostellate
rostered
rostering
rosterings
rosting
rostrated
rostrocarinate
rostrocarinates
rosts
rosula
rosulas
rosulate
rosying
rotal
rotaplane
rotaplanes
rotavate
rotavated
rotavates
rotavating
rotavator
rotavators
rotchie
rotchies
roted
rotgrass
rotgrasses
rother
rothers
rotiferal
rotiferous
roting
rotograph
rotographed
rotographing
rotographs
rotolo
rotolos
rotovate
rotovated
rotovates
rotovating
rotovator
rotovators
rottan
rottans
rottens
rottenstoned
rottenstoning
rotula
rotulas
rotundate
rotunded
rotunder
rotundest
rotunding
rotunds
roucou
roucous
roughcasted
roughie
roughies
roughnecked
roughnecking
rought
roughy
roul
roule
rouled
roules
rouling
rouls
roum
roums
rounce
rounces
rounceval
rouncevals
rouncies
rouncy
roundaboutation
roundaboutations
roundabouted
roundaboutedly
roundaboutilities
roundaboutility
roundabouting
roundaboutly
roundarch
roundarched
roundhand
roundhands
roundings
roundle
roundles
roundure
roundures
rouped
rouping
roupit
rousant
roussette
roussettes
routeing
routhie
routhier
routhiest
routineer
routineers
routings
routinise
routinised
routinises
routinising
routinism
routinisms
routinist
routinists
routous
routously
rowdedow
rowdedows
rowdydow
rowdydows
rowme
rowmes
rownd
rownded
rowndell
rowndells
rownding
rownds
rowt
rowted
rowth
rowths
rowting
rowts
royalet
royalets
royalise
royalised
royalises
royalising
royalize
royalized
royalizes
royalizing
royaller
royallest
royne
royned
roynes
royning
roynish
royst
roysted
roysterer
roysterers
roysterous
roysting
roysts
rozelle
rozelles
rozet
rozeted
rozeting
rozets
rozit
rozited
roziting
rozits
rubai
rubaiyat
rubati
rubberier
rubberiest
rubberise
rubberised
rubberises
rubberising
rubberize
rubberizes
rubberizing
rubberwear
rubberwears
rubbet
rubbished
rubbishing
rubbishly
rubbit
rubefaction
rubefactions
rubefied
rubefies
rubefy
rubefying
rubellan
rubellans
rubescent
rubiaceous
rubicelle
rubicelles
rubicon
rubiconed
rubiconing
rubicons
rubified
rubifies
rubify
rubifying
rubiginose
rubiginous
rubin
rubine
rubineous
rubines
rubins
rubrician
rubricians
rubstone
rubstones
rubying
ruc
ruckseat
ruckseats
rucola
rucolas
rucs
ructation
ructations
rud
rudas
rudases
rudded
ruddied
ruddies
rudding
ruddleman
ruddlemen
ruddying
ruderies
rudery
rudes
rudie
rudies
rudish
ruds
rueing
rueings
ruelle
ruelles
ruellia
ruellias
ruffianed
ruffianing
ruffianish
ruffin
ruffins
rufflings
rufiyaas
rugelach
ruggedise
ruggedised
ruggedises
ruggedising
ruggelach
ruggier
ruggiest
rugging
ruggings
ruggy
ruings
ruinings
rukh
rukhs
rulered
rulering
rulesse
rullion
rullions
rullock
rullocks
rumal
rumals
rumbelow
rumbelows
rumbledethump
rumbledethumps
rumblegumption
rumblegumptions
rumblier
rumbliest
rumblingly
rumbo
rumbos
rumbullion
rumbullions
rumbustical
rume
rumelgumption
rumelgumptions
rumes
rumfustian
rumfustians
rumgumption
rumgumptions
ruminatingly
rumkin
rumkins
rumlegumption
rumlegumptions
rumly
rummelgumption
rummelgumptions
rummily
rumminess
rumminesses
rummish
rummlegumption
rummlegumptions
rumness
rumnesses
rumorous
rumourer
rumourers
rumped
rumpies
rumping
rumpless
rumpy
runch
runches
runcible
rund
rundale
rundales
rundled
runds
runecraft
runecrafts
runed
runflat
runkle
runkled
runkles
runkling
runnable
runnet
runnets
runningly
runnion
runnions
runrig
runrigs
runted
rupestrian
rupia
rupias
rupicoline
rupicolous
rupturewort
ruptureworts
ruralisation
ruralisations
ruralise
ruralised
ruralises
ruralising
ruralization
ruralizations
ruralness
ruralnesses
rurals
ruridecanal
rurp
rurps
ruru
rurus
rusa
rusalka
rusalkas
rusas
ruscus
ruscuses
rushen
rushiness
rushinesses
rushlike
rusine
rusma
rusmas
russel
russels
russeted
russia
russias
rusticial
rusticise
rusticised
rusticises
rusticising
rusticism
rusticisms
rusticize
rusticized
rusticizes
rusticizing
rustings
rustlingly
rustlings
rustre
rustred
rustres
rutaceous
ruthenious
rutherford
rutherfords
rutilated
rutter
rutters
ruttings
ryal
ryals
rybat
rybats
rybaudrye
rybaudryes
rybauld
rybaulds
ryebread
ryebreads
ryeflour
ryeflours
ryepeck
ryepecks
ryfe
ryke
ryked
rykes
ryking
rymme
rymmed
rymmes
rymming
rynd
rynds
ryotwari
ryotwaris
rype
rypeck
rypecks
ryper
sab
sabbatarian
sabbatics
sabbatine
sabbatise
sabbatised
sabbatises
sabbatising
sabbatism
sabbatisms
sabbatize
sabbatized
sabbatizes
sabbatizing
sabella
sabellas
sabkha
sabkhah
sabkhahs
sabkhas
sabkhat
sabkhats
sabled
sabling
sabotier
sabotiers
sabretache
sabretaches
sabreur
sabreurs
sabs
sabuline
saburra
saburral
saburras
saburration
saburrations
saccadically
saccharate
saccharated
saccharates
saccharic
sacchariferous
saccharimetries
saccharimetry
saccharines
saccharisation
saccharisations
saccharise
saccharised
saccharises
saccharising
saccharization
saccharizations
saccharize
saccharized
saccharizes
saccharizing
saccharoid
saccharose
saccharoses
saccharum
saccharums
sacciform
saccoi
saccos
saccoses
sacculiform
sacella
sacellum
sacerdotalise
sacerdotalised
sacerdotalises
sacerdotalising
sacerdotalize
sacerdotalized
sacerdotalizes
sacerdotalizing
sachemdom
sachemdoms
sachemship
sachemships
sackage
sackages
sackless
sacless
sacralgia
sacralgias
sacralisation
sacralisations
sacralise
sacralised
sacralises
sacralising
sacralization
sacralizations
sacralize
sacralized
sacralizes
sacralizing
sacramentarian
sacramentarianism
sacramentarianisms
sacramentarians
sacramentaries
sacramentary
sacramented
sacramenting
sacrifide
sacrified
sacrifies
sacrify
sacrifying
sacrilegist
sacrilegists
sacrococcygeal
sacrocostal
sacroiliitis
sacroiliitises
sacrosanctness
sacrosanctnesses
saddish
saddleback
saddlebacked
saddlebacks
saddlebill
saddlebills
saddleroom
saddlerooms
saddo
saddos
sadza
sadzas
sae
saeculum
saeculums
saeter
saeters
safarist
safarists
safed
saffian
saffians
saffroned
saffrony
safing
safronal
safronals
sagaman
sagamen
sagapenum
sagapenums
sagathies
sagathy
sagene
sagenes
sagenite
sagenites
sagenitic
saggard
saggards
saggings
sagier
sagiest
saginate
saginated
saginates
saginating
sagination
saginations
sagitta
sagittarian
sagittarians
sagittaries
sagittary
sagittas
sagittiform
sagoin
sagoins
sagouin
sagouins
saguin
saguins
sagum
sagy
sahiba
sahibah
sahibahs
sahibas
sai
saibling
saiblings
saic
saick
saicks
saics
saidest
saidst
saikei
saikeis
saikless
sailboarder
sailboarders
sailless
sailoring
sailorings
sailorless
sailorlike
sailorly
sailroom
sailrooms
saim
saimiri
saimiris
saims
saine
saintess
saintesses
saintfoin
saintfoins
saintish
saintism
saintisms
saintling
saintlings
saintpaulia
saintpaulias
saique
saiques
sair
saired
sairer
sairest
sairing
sairs
sais
saist
saithes
saiths
sajou
sajous
sakeret
sakerets
sakia
sakias
sakieh
sakiehs
sakiyeh
sakiyehs
sakkoi
sakkos
sakkoses
saksaul
saksauls
salableness
salablenesses
salade
salades
salading
saladings
salamandrian
salamandroid
salamandroids
salamon
salamons
salangane
salanganes
salarying
salband
salbands
salbutamol
salbutamols
saleabilities
saleability
saleableness
saleablenesses
saleably
salering
salerings
salet
salets
salewd
saleyard
saleyards
salfern
salferns
saliaunce
saliaunces
salicaceous
salices
salicet
saliceta
salicets
salicetum
salicetums
salicine
salicines
salicional
salicionals
salicornia
salicornias
salicylamide
salicylamides
salicylated
salicylating
salicylic
salicylism
salicylisms
salientian
salientians
saliferous
salifiable
salification
salifications
saligot
saligots
salimeter
salimeters
salival
salix
sallad
sallads
sallal
sallals
sallee
sallees
sallenders
sallyport
sallyports
salmagundies
salmagundy
salmanaser
salmanasers
salmanazar
salmanazars
salmonet
salmonets
salop
salopettes
salopian
salops
salpian
salpians
salpicon
salpicons
salpiform
salpingectomies
salpingectomy
salpingian
salpingitic
salpinxes
salsaed
salsaing
salse
salses
salsolaceous
salsuginous
saltando
saltants
saltarelli
saltate
saltated
saltates
saltating
saltationism
saltationisms
saltationist
saltationists
saltato
saltatorious
saltcat
saltcats
saltchuck
saltchucks
saltfish
saltfishes
saltiers
saltigrade
saltigrades
saltimbanco
saltimbancos
saltirewise
saltishly
saltishness
saltishnesses
saltly
salto
saltoed
saltoing
saltos
saltpetre
saltpetreman
saltpetremen
saltpetres
saltus
saltuses
salue
salued
salues
saluing
salutatorily
salvabilities
salvability
salvatories
salvatory
salvete
salvetes
salvifical
salvifically
salvings
salviniaceous
sam
samaan
samaans
samadhi
samadhis
saman
samans
samariform
sambal
sambals
samel
samely
samen
sames
samey
samfoo
samfoos
samfu
samfus
samier
samiest
samiti
samitis
samlor
samlors
samnitis
samnitises
sampi
sampire
sampires
sampis
sampleries
samplery
samshoo
samshoos
samshu
samshus
san
sanatory
sancai
sancais
sancho
sanchos
sanctifiable
sanctifiedly
sanctifyingly
sanctifyings
sanctioneer
sanctioneers
sanctitude
sanctitudes
sanctuarise
sanctuarised
sanctuarises
sanctuarising
sanctuarize
sanctuarized
sanctuarizes
sanctuarizing
sandarach
sandarachs
sandblastings
sandboy
sandboys
sandcastle
sandcastles
sanderses
sanderswood
sanderswoods
sandgroper
sandgropers
sandheap
sandheaps
sandhill
sandhills
sandings
sandiver
sandivers
sandling
sandlings
sandpump
sandpumps
sandspout
sandspouts
sandsucker
sandsuckers
sangar
sangars
sanglier
sangliers
sangoma
sangomas
sangs
sanguiferous
sanguification
sanguifications
sanguified
sanguifies
sanguify
sanguifying
sanguinariness
sanguinarinesses
sanguined
sanguining
sanguinivorous
sanguinolent
sanguivorous
sanidine
sanidines
sanified
sanifies
sanify
sanifying
sanitarianism
sanitarianisms
sanitarist
sanitarists
sanitationist
sanitationists
sanitisation
sanitisations
sanitise
sanitised
sanitises
sanitising
sanjak
sanjaks
sanko
sankos
sannie
sannies
sanpan
sanpans
sansa
sansas
sansculotterie
sansculotteries
sansculottides
sansculottist
sansculottists
sant
santal
santalaceous
santalin
santalins
santals
santon
santonica
santonicas
santons
sants
saouari
saouaris
sapan
sapans
sapanwood
sapanwoods
sapego
sapegoes
sapele
sapeles
sapful
saphenas
sapidless
sapidness
sapidnesses
sapiential
sapientially
sapindaceous
saponaria
saponarias
saporific
sapotaceous
sappan
sappans
sappanwood
sappanwoods
sapperment
sapphired
sapphirines
sapple
sappled
sapples
sappling
sapraemia
sapraemias
sapraemic
saprobiotic
saprogenous
saprolegnia
saprolegnias
sapropelic
sapropelite
sapropelites
saprophytism
saprophytisms
sapucaia
sapucaias
sar
sarafan
sarafans
sarangi
sarangis
sarbacane
sarbacanes
sarcenchymatous
sarcenchyme
sarcenchymes
sarcocarp
sarcocarps
sarcocolla
sarcocollas
sarcocystis
sarcocystises
sarcode
sarcodes
sarcodic
sarcologies
sarcology
sarconet
sarconets
sarcophagal
sarcophagous
sarcoptic
sarcosaprophagous
sardel
sardelle
sardelles
sardels
sardonian
sardonical
sared
sargo
sargos
sargoses
sargus
sarguses
saring
sarking
sarkings
sarment
sarmenta
sarmentaceous
sarmentose
sarmentous
sarments
sarmentum
sarney
sarneys
sarnie
sarnies
saronic
sarpanch
sarpanches
sarraceniaceous
sarrasin
sarrasins
sarrazin
sarrazins
sarrusophone
sarrusophones
sars
sarsden
sarsdens
sarsnet
sarsnets
sartorian
sartoriuses
sarus
saruses
sasarara
sasararas
sasine
sasines
sasquatch
sasquatches
sassarara
sassararas
sasse
sassolin
sassolins
sassolite
sassolites
satanical
satanicalness
satanicalnesses
satanities
satanity
satanologies
satanology
satanophanies
satanophany
satanophobia
satanophobias
satara
sataras
satchelled
satedness
satednesses
sateless
satelles
satellited
satellitic
satelliting
satellitise
satellitised
satellitises
satellitising
satellitize
satellitized
satellitizes
satellitizing
satiabilities
satiability
satined
satinetta
satinettas
satinette
satinettes
satining
satiricalness
satiricalnesses
satisfice
satisficed
satisfices
satisficing
satisficings
satisfier
satisfiers
sative
satrapal
saturnic
saturnist
saturnists
satyra
satyral
satyrals
satyras
satyresque
satyress
satyresses
satyrical
satyrisk
satyrisks
sauba
saubas
saucerful
saucerfuls
saucisse
saucisses
saucisson
saucissons
saufgard
saufgards
saul
saulge
saulges
saulie
saulies
sauls
saunt
saunted
saunteringly
saunterings
saunting
saunts
saurognathous
sauroid
sauropodous
sauropsidan
sauropsidans
sauropterygian
saussurite
saussurites
saussuritic
saut
sauteeing
sautees
sauting
sautoir
sautoirs
sauts
savableness
savablenesses
savagedom
savagedoms
savegard
savegarded
savegarding
savegards
savey
saveyed
saveying
saveys
savingly
savingness
savingnesses
savourily
savouriness
savourinesses
savourless
savourly
savoyard
savoyards
savvey
savveyed
savveying
savveys
sawah
sawahs
sawbill
sawbills
sawblade
sawblades
sawder
sawdered
sawdering
sawders
sawdusted
sawdusting
sawdusty
sawings
sawpit
sawpits
sawshark
sawsharks
saxaul
saxauls
saxicavous
saxicoline
saxifragaceous
saxonite
saxonites
sayed
sayne
sayon
sayons
saz
sazerac
sazeracs
sazes
sazhen
sazhens
sazzes
sbirri
sbirro
scabbardless
scabbedness
scabbednesses
scabbiness
scabbinesses
scaberulous
scabrid
scabridities
scabridity
scaff
scaffie
scaffies
scaffolage
scaffolages
scaffoldage
scaffoldages
scaffolder
scaffolders
scaffs
scaglia
scaglias
scail
scailed
scailing
scails
scaith
scaithed
scaithing
scaithless
scaiths
scala
scalabilities
scalability
scalae
scaldberries
scaldberry
scalder
scalders
scaldfish
scaldfishes
scaldhead
scaldheads
scaldings
scaldini
scaldino
scaldship
scaldships
scalenohedra
scalenohedron
scalenohedrons
scalework
scaleworks
scalings
scallawag
scallawags
scalled
scallies
scally
scalpelliform
scalpings
scalpins
scalpless
scalpriform
scalprum
scalprums
scamble
scambled
scambler
scamblers
scambles
scambling
scamblingly
scamblings
scamel
scamels
scampings
scampis
scampishly
scampishness
scampishnesses
scand
scandalisation
scandalisations
scandaliser
scandalisers
scandalization
scandalizations
scandalizer
scandalizers
scannings
scansorial
scantities
scantity
scantle
scantled
scantles
scapa
scapaed
scapaing
scapas
scapegallows
scapegoatings
scapeless
scapement
scapements
scaphocephalic
scaphocephalies
scaphocephalous
scaphocephalus
scaphocephaluses
scaphocephaly
scaphopod
scaphopods
scapi
scapigerous
scapple
scappled
scapples
scappling
scapularies
scapulary
scapulated
scapulimancies
scapulimancy
scapulimantic
scapulomancies
scapulomancy
scapulomantic
scapus
scarabaean
scarabaeans
scarabaei
scarabaeid
scarabaeids
scarabaeist
scarabaeists
scarabaeoid
scarabaeoids
scarabee
scarabees
scaraboid
scaraboids
scarcement
scarcements
scareder
scaredest
scaremongering
scaremongerings
scarey
scarfings
scarfish
scarfishes
scarfwise
scarificator
scarificators
scarleted
scarleting
scarmoge
scarmoges
scarpa
scarpaed
scarpaing
scarpas
scarpetti
scarpetto
scarpines
scarpings
scarre
scarres
scarrings
scarth
scarths
scatch
scatches
scath
scatheful
scathefulness
scathefulnesses
scaths
scatole
scatoles
scatophagies
scatophagous
scatophagy
scatterable
scatteredly
scatterling
scatterlings
scattermouch
scattermouches
scattery
scattiness
scattinesses
scattings
scaturient
scaud
scauded
scauding
scauds
scauped
scauping
scaured
scauries
scauring
scaury
scavage
scavager
scavagers
scavages
scavengered
scavengeries
scavengering
scavengerings
scavengery
scavengings
scaw
scaws
scawtite
scawtites
scazon
scazons
scazontes
scazontic
scazontics
sceat
sceatt
sceattas
scedule
sceduled
scedules
sceduling
scelerat
scelerate
scelerates
scelerats
scenaries
scenarisation
scenarisations
scenarise
scenarised
scenarises
scenarising
scenarization
scenarizations
scenarize
scenarized
scenarizes
scenarizing
scenary
scened
sceneman
scenemen
scening
scenographical
scenographically
scentful
scentings
scepsis
scepsises
scepterless
sceptically
sceptreless
sceptry
scerne
scerned
scernes
scerning
sceuophylacium
sceuophylaciums
sceuophylax
sceuophylaxes
schalstein
schalsteins
schanse
schanses
schantze
schantzes
schanze
schanzes
schapped
schappeing
schapska
schapskas
schechita
schechitas
schecklaton
schecklatons
schefflera
scheffleras
schellum
schellums
schelm
schelms
schematical
schematisation
schematisations
schematise
schematised
schematises
schematising
schematist
schematists
schemings
schemozzle
schemozzled
schemozzles
schemozzling
scherzandi
schiavone
schiavones
schiedam
schiedams
schillerisation
schillerisations
schillerise
schillerised
schillerises
schillerising
schillerization
schillerizations
schillerize
schillerized
schillerizes
schillerizing
schimmel
schimmels
schindyleses
schindylesis
schindyletic
schisma
schismas
schismaticalness
schismaticalnesses
schismatise
schismatised
schismatises
schismatising
schistous
schizaeaceous
schizanthus
schizanthuses
schizocarpic
schizocarpous
schizogeneses
schizogenesis
schizogenetic
schizogenic
schizognathous
schizoidal
schizomycete
schizomycetes
schizomycetic
schizomycetous
schizophrenetic
schizophrenetical
schizophrenetically
schizophrenogenic
schizophyceous
schizophyte
schizophytes
schizophytic
schizopod
schizopodal
schizopodous
schizopods
schizothymia
schizothymias
schizothymic
schlager
schlagers
schlemihl
schlemihls
schlepper
schleppers
schleppier
schleppiest
schleppy
schlich
schlichs
schlimazel
schlimazels
schlocker
schlockers
schlockier
schlockiest
schloss
schlosses
schlumbergera
schlumbergeras
schmaltzier
schmaltziest
schmeck
schmecks
schmelz
schmelzes
schmock
schmocks
schmooz
schmutter
schmutters
schnapper
schnappers
schnappses
schnapses
schnorr
schnorred
schnorring
schnorrs
scholarch
scholarchs
scholarlier
scholarliest
scholarliness
scholarlinesses
scholastical
scholion
schoolcraft
schoolcrafts
schoolday
schooldays
schoole
schooleries
schoolery
schooles
schoolgirlish
schoolgoing
schoolgoings
schoolmaid
schoolmaids
schoolmastering
schoolmasterings
schoolmastership
schoolmasterships
schoolteaching
schoolteachings
schooltide
schooltides
schoolward
schoolwards
schorlaceous
schorlomite
schorlomites
schout
schouts
schrecklich
schtook
schtooks
schtoom
schtuck
schtucks
schuit
schuits
schutzstaffel
schutzstaffels
schuyt
schuyts
schwarmerisch
schwarzlot
schwarzlots
sciaenoid
sciaenoids
sciamachies
sciamachy
sciarid
sciarids
sciatical
scienced
scient
scienter
scientifical
scientise
scientised
scientises
scientising
scientistic
scincoidian
scincoidians
scintigram
scintigrams
scintillascope
scintillascopes
scintilliscan
scintilliscans
scintilloscope
scintilloscopes
scintiscan
scintiscanner
scintiscanners
scintiscans
sciolous
sciolto
sciosophies
sciosophy
sciroc
scirocs
scirrhoid
scirrhusses
scissel
scissels
scissil
scissils
scissiparities
scissiparity
scissorer
scissorers
scissorwise
scitamineous
sclate
sclated
sclates
sclating
sclaunder
sclaunders
sclave
sclaves
sclere
sclereide
sclereides
sclerema
scleremas
scleres
scleriases
scleriasis
scleritis
scleritises
sclerocaulies
sclerocaulous
sclerocauly
scleroderm
sclerodermatous
sclerodermia
sclerodermias
sclerodermic
sclerodermite
sclerodermites
sclerodermous
scleroderms
scleromalacia
scleromalacias
scleromas
sclerometric
sclerophyll
sclerophyllies
sclerophyllous
sclerophylls
sclerophylly
sclerosal
sclerose
sclerosed
scleroses
sclerosing
sclerotal
sclerotals
sclerotioid
sclerotise
sclerotised
sclerotises
sclerotising
sclerotitis
sclerotitises
sclerotize
sclerotizes
sclerotizing
sclerotomies
sclerotomy
scliff
scliffs
sclim
sclimmed
sclimming
sclims
scoffingly
scoffings
scog
scogged
scogging
scogs
scoinson
scoinsons
scoldingly
scolecid
scolecids
scoleciform
scolecoid
scolia
scolioma
scoliomas
scolion
scolopaceous
scolopendrid
scolopendrids
scolopendriform
scolopendrine
scolopendrium
scolopendriums
scolytid
scolytids
scolytoid
scolytoids
scombrid
scombrids
scomfish
scomfished
scomfishes
scomfishing
sconcheon
sconcheons
scontion
scontions
scoog
scooged
scooging
scoogs
scoopings
scopa
scopae
scopas
scopate
scopelid
scopelids
scopeloid
scopeloids
scopophilia
scopophiliac
scopophiliacs
scopophilias
scopophilic
scopophobia
scopophobias
scoptophilia
scoptophilias
scoptophobia
scoptophobias
scopulate
scorchingness
scorchingnesses
scorchings
scordato
scordatura
scordaturas
scoreline
scorelines
scoresheet
scoresheets
scoriac
scorification
scorifications
scorifier
scorifiers
scorings
scorious
scornings
scorodite
scorodites
scorpaenoid
scorpaenoids
scorper
scorpers
scorpioid
scorpioids
scorpionic
scorrendo
scorse
scorsed
scorser
scorsers
scorses
scorsing
scorzonera
scorzoneras
scotodinia
scotodinias
scotomatous
scotometer
scotometers
scotomia
scotomias
scotomies
scotomy
scoug
scouged
scouging
scougs
scoup
scouped
scouping
scoups
scourie
scouries
scourse
scoursed
scourses
scoursing
scouser
scousers
scouther
scouthered
scouthering
scoutherings
scouthers
scouthery
scowder
scowdered
scowdering
scowderings
scowders
scowp
scowped
scowping
scowps
scowrer
scowrers
scowrie
scowries
scowth
scowther
scowthered
scowthering
scowthers
scowths
scrab
scrabbed
scrabbing
scrabs
scrae
scraes
scraggedness
scraggednesses
scraggily
scragginess
scragginesses
scraggling
scraich
scraiched
scraiching
scraichs
scraigh
scraighed
scraighing
scraighs
scramb
scrambed
scrambing
scramblingly
scramblings
scrambs
scran
scranch
scranched
scranches
scranching
scrannier
scranniest
scranny
scrans
scrapegood
scrapegoods
scrapegut
scrapeguts
scrapepennies
scrapepenny
scraperboard
scraperboards
scrapheap
scrapheaps
scrapyard
scrapyards
scrat
scratchback
scratchbacks
scratchbuild
scratchbuilder
scratchbuilders
scratchbuilding
scratchbuildings
scratchbuilds
scratchbuilt
scratchcard
scratchcards
scratchingly
scratchings
scratchless
scrats
scratted
scratting
scrattle
scrattled
scrattles
scrattling
scrauch
scrauched
scrauching
scrauchs
scraugh
scraughed
scraughing
scraughs
scraw
scrawlingly
scrawlings
scrawm
scrawmed
scrawming
scrawms
scraws
scray
scraye
scrayes
scrays
screakier
screakiest
screeded
screeder
screeders
screeding
screedings
screencraft
screencrafts
screeve
screeved
screever
screevers
screeves
screeving
screevings
screich
screiched
screiching
screichs
screigh
screighed
screighing
screighs
screwings
screwtop
screwtops
scribable
scribacious
scribaciousness
scribaciousnesses
scribblement
scribblements
scribblier
scribbliest
scribblingly
scribblings
scribbly
scribings
scribism
scribisms
scriech
scrieched
scrieching
scriechs
scriene
scrienes
scrieveboard
scrieveboards
scriggle
scriggled
scriggles
scrigglier
scriggliest
scriggling
scriggly
scrike
scriked
scrikes
scriking
scrimpily
scrimpiness
scrimpinesses
scrimply
scrimpness
scrimpnesses
scrimshandies
scrimshandy
scrimshank
scrimshanked
scrimshanking
scrimshanks
scrimshoner
scrimshoners
scrimure
scrimures
scrine
scrines
scripophile
scripophiles
scripophilies
scripophilist
scripophilists
scripophily
scrippage
scrippages
scriptorial
scriptory
scripturalism
scripturalisms
scripturalist
scripturalists
scripturism
scripturisms
scripturist
scripturists
scritch
scritched
scritches
scritching
scrive
scriveboard
scriveboards
scrived
scrivenership
scrivenerships
scrivening
scrivenings
scrives
scriving
scrobe
scrobes
scrobicular
scrobiculate
scrobiculated
scrobicule
scrobicules
scroddled
scrog
scroggie
scroggier
scroggiest
scroggy
scrogs
scrollable
scrollwise
scrooged
scrooging
scrophularia
scrophulariaceous
scrophularias
scrouger
scrougers
scroungings
scrow
scrowdge
scrowdged
scrowdges
scrowdging
scrowl
scrowle
scrowled
scrowles
scrowling
scrowls
scrows
scroyle
scroyles
scrubbings
scrumdown
scrumdowns
scrummager
scrummagers
scrummier
scrummiest
scrummy
scrump
scrumped
scrumpies
scrumping
scrumpox
scrumpoxes
scrumps
scrumpy
scrunchier
scrunchies
scrunchiest
scrunchy
scrunt
scruntier
scruntiest
scrunts
scrunty
scrupler
scruplers
scrutator
scrutators
scrutiniser
scrutinisers
scrutinisingly
scrutinizingly
scrutinous
scrutinously
scruto
scrutoire
scrutoires
scrutos
scruze
scruzed
scruzes
scruzing
scryde
scryer
scryers
scryings
scryne
scrynes
scuchin
scuchins
scuchion
scuchions
scuddaler
scuddalers
scudder
scudders
scuddle
scuddled
scuddles
scuddling
scudler
scudlers
scuft
scufts
scug
scugged
scugging
scugs
scul
sculdudderies
sculduddery
sculduddries
sculduddry
sculduggeries
sculduggery
sculk
sculked
sculking
sculks
sculle
sculles
scullings
sculp
sculped
sculping
sculps
sculpturings
sculs
scumber
scumbered
scumbering
scumbers
scumblings
scumfish
scumfished
scumfishes
scumfishing
scummings
scuncheon
scuncheons
scunge
scunged
scunges
scungier
scungiest
scunging
scungy
scuppaug
scuppaugs
scur
scurfiness
scurfinesses
scurred
scurrier
scurriers
scurring
scurriour
scurriours
scurs
scuse
scused
scuses
scusing
scutal
scutchings
scutellation
scutellations
scutiform
scutiger
scutigers
scuttleful
scuttlefuls
scuttler
scuttlers
scuzz
scuzzball
scuzzballs
scuzzes
scybala
scybalous
scybalum
scye
scyes
scyphiform
scytale
scytales
scytheman
scythemen
scyther
scythers
sdaine
sdained
sdaines
sdaining
sdayn
sdayned
sdayning
sdayns
sdeign
sdeigne
sdeigned
sdeignes
sdeignfull
sdeignfully
sdeigning
sdeigns
sdein
sdeined
sdeining
sdeins
sdrucciola
seabank
seabanks
seablite
seablites
seabottle
seabottles
seacunnies
seacunny
seadrome
seadromes
seafolk
seafolks
seahawk
seahawks
seahog
seahogs
seahorse
seahorses
seahound
seahounds
seakale
seakales
sealch
sealchs
sealgh
sealghs
sealine
sealines
sealings
sealpoint
sealpoints
sealwax
sealwaxes
sealyham
sealyhams
seamaid
seamaids
seame
seames
seamset
seamsets
seamstressies
seamstressy
sean
seaned
seaning
seannachie
seannachies
seannachy
seans
seaquaria
seaquarium
seaquariums
searat
searats
searce
searced
searces
searchingness
searchingnesses
searcing
seare
searedness
searednesses
searings
searness
searnesses
sease
seased
seases
seasicker
seasickest
seasing
seaspeak
seaspeaks
seasure
seasures
seawardly
seawife
seawives
seawoman
seawomen
seaworm
seaworms
seaze
seazed
seazes
seazing
sebacic
sebate
sebates
sebesten
sebestens
sebiferous
sebific
seborrhoea
seborrhoeas
seborrhoeic
sebundies
sebundy
secernent
secernents
secernment
secernments
secesh
secesher
seceshers
seceshes
secessional
seckel
seckels
seckle
seckles
seclusionist
seclusionists
secodont
secodonts
secondee
secondees
secondment
secondments
secreta
secretage
secretages
secretaire
secretaires
secretariate
secretariates
secretional
secretness
secretnesses
sectarial
sectarianise
sectarianised
sectarianises
sectarianising
sectator
sectators
sectionalisation
sectionalisations
sectionalise
sectionalised
sectionalises
sectionalising
sectionalist
sectionalists
sectionalization
sectionalizations
sectionalize
sectionalized
sectionalizes
sectionalizing
sectionisation
sectionisations
sectionise
sectionised
sectionises
sectionising
sectionization
sectionizations
sectionize
sectionized
sectionizes
sectionizing
sectorials
sectorisation
sectorisations
sectorise
sectorised
sectorises
sectorising
sectorization
sectorizations
sectorize
sectorized
sectorizes
sectorizing
secularisation
secularisations
seculum
seculums
secundine
secundines
secundogeniture
secundogenitures
securable
securance
securances
securiform
securitan
securitans
securitisation
securitisations
securitise
securitised
securitises
securitising
sed
sedent
sedentarily
sedentariness
sedentarinesses
sedged
sedgeland
sedgelands
sedigitated
seditionaries
seditionary
seducingly
seducings
seductor
seductors
seedbox
seedboxes
seedings
seedlip
seedlips
seedness
seednesses
seeld
seelier
seeliest
seelings
seemelesse
seemer
seemers
seemingness
seemingnesses
seemless
seemlihead
seemliheads
seemlihed
seemliheds
seemlyhed
seemlyheds
seether
seethers
seethings
seewing
segar
segars
seggar
seggars
seghol
segholate
segholates
seghols
segmentate
segol
segolate
segolates
segols
segreant
segregable
seigneurie
seignioralties
seignioralty
seigniorial
seigniorship
seigniorships
seignoral
seik
seiker
seikest
seil
seiled
seiling
seils
seinings
seir
seirs
seismical
seismographical
seismologic
seismometrical
seismonastic
seismonasties
seismonasty
seismoscope
seismoscopes
seismoscopic
seiten
seitens
seities
seity
sekos
sekoses
sekt
sekts
seld
seldomness
seldomnesses
seldseen
seldshown
sele
selectorial
selegiline
selegilines
selenian
selenious
selenitic
selenodont
selenodonts
selenograph
selenographer
selenographers
selenographic
selenographical
selenographies
selenographs
selenography
selenomorphologies
selenomorphology
seles
selfings
selfism
selfisms
selfist
selfists
selictar
selictars
selkie
selkies
sella
sellae
sellas
sellotape
sellotaped
sellotapes
sellotaping
seltzogene
seltzogenes
selvagee
selvagees
selvaging
selvedging
semanteme
semantemes
semantide
semantides
semantra
semantron
semaphorically
semasiologically
semasiologist
semasiologists
semblant
semblants
semblative
semble
sembled
sembles
sembling
semee
semeed
semeia
semeion
semeiotician
semeioticians
semiangle
semiangles
semibold
semibolds
semibull
semibulls
semicarbazide
semicarbazides
semicarbazone
semicarbazones
semichorus
semichoruses
semicircled
semicircularly
semicirque
semicirques
semicomatose
semiconductivities
semiconductivity
semicrystallic
semicylinder
semicylinders
semidemisemiquaver
semidemisemiquavers
semideponent
semideponents
semie
semies
semiglobular
semilucent
semilunate
semilune
semilunes
semimanufacture
semimanufactures
semimenstrual
seminalities
seminality
seminarial
seminate
seminated
seminates
seminating
semination
seminations
semiochemical
semiochemicals
semioviparous
semipalmate
semipalmation
semipalmations
semiped
semipeds
semipellucid
semiperimeter
semiperimeters
semiplume
semiplumes
semises
semitar
semitars
semitaur
semitaurs
semiterete
semitransparencies
semitransparency
semmit
semmits
sempiternum
sempiternums
sempler
semplest
sempster
sempstering
sempsterings
sempsters
sempstressing
sempstressings
semsem
semsems
semuncia
semunciae
semuncial
semuncias
sena
senaries
senas
senatorially
sendings
seneschalship
seneschalships
sengreen
sengreens
sennachie
sennachies
sens
sensationism
sensationisms
sensationist
sensationists
sensile
sensings
sensism
sensisms
sensist
sensists
sensitiser
sensitisers
sensorily
sensualisation
sensualisations
sensualise
sensualised
sensualises
sensualising
sensualness
sensualnesses
sented
sentencer
sentencers
sententially
sentiencies
sentiency
sentients
senting
sents
senvies
senvy
senza
sepad
sepadded
sepadding
sepads
sepalodies
sepalody
separably
separata
separationism
separationisms
separatories
separatory
separatrices
separatrix
separatrixes
separatum
separatums
sephen
sephens
sepiment
sepiments
sepiost
sepiostaire
sepiostaires
sepiosts
sepium
sepiums
sepmag
seps
septarian
septation
septations
septemfid
septemvir
septemvirate
septemvirates
septemviri
septemvirs
septenaries
septenary
septennate
septennates
septennia
septennium
septentrial
septentrionalis
septentrionalises
septentrionally
septentriones
septicaemia
septicaemias
septically
septicities
septicity
septiferous
septiform
septifragal
septilateral
septimal
septimole
septimoles
septleva
septlevas
septuagenaries
septuagenary
septuor
septuors
septuplet
septuplets
sepulchrous
sepultural
sepultured
sepulturing
sequaciousness
sequaciousnesses
sequencings
sequentialities
sequentiality
sequestrable
sequestrant
sequestrants
sequestrator
sequestrators
serafile
serafiles
serafin
serafins
serang
serangs
seraphical
seraphine
seraphines
seraphins
seraskier
seraskierate
seraskierates
seraskiers
serdab
serdabs
sered
serenates
serendipitist
serendipitists
serened
serening
serfish
serflike
serfship
serfships
sergeantship
sergeantships
serialisation
serialisations
serialities
seriality
seriation
seriations
seric
sericiculture
sericicultures
sericiculturist
sericiculturists
sericite
sericites
sericitic
sericitisation
sericitisations
sericitization
sericitizations
sericon
sericons
sericteria
sericterium
serigraphic
serinette
serinettes
sering
seriocomical
seriph
seriphs
serjeancies
serjeancy
serjeantries
serjeantry
serjeantship
serjeantships
serk
serkali
serkalis
serks
sermoned
sermoneer
sermoneers
sermoner
sermoners
sermonet
sermonets
sermonical
sermoning
sermonings
sermonise
sermonised
sermoniser
sermonisers
sermonises
sermonising
seroconvert
seroconverted
seroconverting
seroconverts
seron
serons
seroon
seroons
seropus
seropuses
serotaxonomies
serotaxonomy
serotherapies
serotherapy
serotyped
serotyping
serotypings
serpentiform
serpentined
serpentinic
serpentining
serpentiningly
serpentinings
serpentinisation
serpentinisations
serpentinise
serpentinised
serpentinises
serpentinising
serpentinite
serpentinites
serpentinization
serpentinizations
serpentinize
serpentinized
serpentinizes
serpentinizing
serpentinous
serpentise
serpentised
serpentises
serpentising
serpentize
serpentized
serpentizes
serpentizing
serpentlike
serpentries
serpentry
serpula
serpulae
serpulite
serpulites
serr
serra
serradilla
serradillas
serrae
serran
serranoid
serranoids
serrans
serras
serrasalmo
serrasalmos
serrati
serratirostral
serratulate
serrature
serratures
serratus
serratuses
serre
serred
serrefile
serrefiles
serres
serricorn
serring
serrs
serrulate
serrulated
serrulation
serrulations
sertularian
sertularians
seruewe
seruewed
seruewes
seruewing
servanted
servanting
servantries
servantry
servantship
servantships
serveries
servery
servewe
servewed
servewes
servewing
serviceless
servient
serviles
servilism
servilisms
servitorial
servitorship
servitorships
servitress
servitresses
servocontrol
servocontrols
servomechanical
sese
seseli
seselis
sesey
sesquialter
sesquialtera
sesquialteras
sesquioxide
sesquioxides
sesquipedal
sesquipedalianism
sesquipedalianisms
sesquipedalities
sesquipedality
sesquiplicate
sesquisulphide
sesquisulphides
sesquitertia
sesquitertias
sess
sessa
sesses
sessionally
sesspool
sesspools
sestett
sestette
sestettes
sestetto
sestettos
sestetts
sestines
seston
sestons
setiferous
setigerous
setness
setnesses
seton
setons
settered
settering
setterwort
setterworts
settledness
settlednesses
setuale
setuales
setule
setules
setulose
setulous
setwall
setwalls
sevenpence
sevenpences
sevenpennies
sevenpenny
seventeenthly
seventhly
severies
severy
sewel
sewellel
sewellels
sewels
sewen
sewens
sewerings
sewin
sewins
sexagenaries
sexagenary
sexagesimally
sexcentenaries
sexcentenary
sexennial
sexennially
sexer
sexers
sexfid
sexfoil
sexfoils
sexivalent
sexlocular
sexological
sexpartite
sexpert
sexperts
sextan
sextans
sextanses
sextantal
sextett
sextetts
sextolet
sextolets
sextoness
sextonesses
sextonship
sextonships
sextuor
sextuors
sexualise
sexualised
sexualises
sexualising
sexualism
sexualisms
sexualist
sexualists
sexvalent
sey
seyen
seyens
seys
seysure
seysures
sez
sforzati
sforzato
sforzatos
shabble
shabbles
shabrack
shabracks
shabracque
shabracques
shadowcast
shadowcasted
shadowcasting
shadowcastings
shadowcasts
shadowings
shafter
shafters
shaftless
shaggedness
shaggednesses
shagpile
shagreened
shagroon
shagroons
shaikh
shaikhs
shairn
shairns
shaked
shakings
shakt
shakudo
shakudos
shakuhachi
shakuhachis
shaled
shaling
shalli
shallis
shallon
shallons
shallowings
shalm
shalms
shalot
shalots
shalwar
shalwars
shama
shamateur
shamateurism
shamateurisms
shamateurs
shamba
shambas
shamblier
shambliest
shamblings
shambly
shameable
shamefastness
shamefastnesses
shamer
shamers
shameworthy
shamiana
shamianah
shamianahs
shamianas
shamisen
shamisens
shamiyanah
shamiyanahs
shamoy
shamoyed
shamoying
shamoys
shan
shanachie
shanachies
shand
shandries
shandry
shandrydan
shandrydans
shands
shankbone
shankbones
shans
shapings
shaps
sharawadgi
sharawadgis
sharawaggi
sharawaggis
sharded
sharefarmer
sharefarmers
shareholding
shareholdings
shareman
sharemen
sharemilker
sharemilkers
sharesman
sharesmen
sharia
sharias
shariat
shariats
sharings
sharker
sharkers
sharkings
sharksucker
sharksuckers
sharn
sharnier
sharniest
sharns
sharny
sharpings
sharpish
shash
shashed
shashes
shashing
shaster
shasters
shastra
shastras
shattery
shauchle
shauchled
shauchles
shauchlier
shauchliest
shauchling
shauchly
shawley
shawleys
shawlie
shawlies
shawlings
shawlless
shaya
shayas
shchi
shchis
sheading
sheadings
sheafier
sheafiest
sheafy
sheal
shealed
shealing
shealings
sheals
shearleg
shearlegs
shearman
shearmen
sheatfish
sheatfishes
sheathfish
sheathfishes
sheathier
sheathiest
sheathless
sheathy
shebeened
shebeener
shebeeners
shebeening
shebeenings
shechita
shechitah
shechitahs
shechitas
shecklaton
shecklatons
sheddings
sheel
sheeled
sheeling
sheels
sheepier
sheepiest
sheepo
sheepos
sheepwalk
sheepwalks
sheepy
sheerleg
sheetier
sheetiest
sheety
shehita
shehitah
shehitahs
shehitas
sheikha
sheikhas
sheiling
sheilings
sheldduck
sheldducks
shelfed
shelfier
shelfiest
shelfing
shelfroom
shelfrooms
shelfs
shelftalker
shelftalkers
shelfy
shellbark
shellbarks
shellbound
shelldrake
shelldrakes
shellduck
shellducks
shellfire
shellfires
shellful
shellfuls
shelliness
shellinesses
shellings
shellshock
shellshocked
shellshocks
shellycoat
shellycoats
shelterings
sheltery
shelvier
shelviest
shelvy
shemozzle
shemozzled
shemozzles
shemozzling
shepherdless
shepherdling
shepherdlings
sherardise
sherardised
sherardises
sherardising
sherardize
sherardized
sherardizes
sherardizing
shere
shereefian
sheria
sherias
sheriat
sheriats
sheriffalties
sheriffalty
sheriffship
sheriffships
sherifian
sherwani
sherwanis
shet
shets
shetting
sheuch
sheuched
sheuching
sheuchs
sheughed
sheughing
sheva
shevas
shewel
shewels
shibuichi
shibuichis
shickered
shicksa
shicksas
shidder
shidders
shieldings
shieldless
shieldlike
shieldling
shieldlings
shieldrake
shieldrakes
shielduck
shielducks
shieldwall
shieldwalls
shieled
shiftings
shillaber
shillabers
shillingless
shillingsworth
shillingsworths
shily
shimaal
shimaals
shimmerings
shimmey
shimmeys
shimozzle
shimozzles
shineless
shiness
shinesses
shinglier
shingliest
shinglings
shinies
shiningly
shiningness
shiningnesses
shinne
shinnes
shinties
shinty
shipbroker
shipbrokers
shipful
shipfuls
shiplapped
shiplapping
shipless
shippen
shippens
shippo
shippon
shippons
shippos
shippound
shippounds
shir
shiralee
shiralees
shireman
shiremen
shirra
shirralee
shirralees
shirras
shirs
shirtband
shirtbands
shirted
shirtily
shirtiness
shirtinesses
shirtlifter
shirtlifters
shirtwaister
shirtwaisters
shite
shited
shites
shithole
shitholes
shiting
shittiness
shittinesses
shiverier
shiveriest
shiveringly
shiverings
shivoo
shivoos
shivved
shivving
shlemozzle
shlemozzles
shlepper
shleppers
shlimazel
shlimazels
shmek
shmeks
shmock
shmocks
shmoose
shmoosed
shmooses
shmoosing
shoalings
shoalness
shoalnesses
shoalwise
shochet
shochetim
shockabilities
shockability
shockingness
shockingnesses
shockstall
shockstalls
shoder
shoders
shoeings
shoemaking
shoemakings
shoeshine
shoeshines
shoggle
shoggled
shoggles
shogglier
shoggliest
shoggling
shoggly
shogi
shogis
shola
sholas
shoneen
shoneens
shonkier
shonkiest
shonky
shoogie
shoogied
shoogieing
shoogies
shoogle
shoogled
shoogles
shooglier
shoogliest
shoogling
shoogly
shool
shoole
shooled
shooles
shooling
shools
shootable
shootings
shootist
shootists
shopaholic
shopaholics
shopboard
shopboards
shopbreaker
shopbreakers
shopbreaking
shopbreakings
shope
shopfront
shopfronts
shopful
shopfuls
shopkeeping
shopkeepings
shopman
shopmen
shoppier
shoppiest
shoppy
shopsoiled
shoreless
shoreman
shoremen
shorer
shorers
shoresman
shoresmen
shoreweed
shoreweeds
shortarm
shortgown
shortgowns
shorthold
shortsword
shortswords
shotfirer
shotfirers
shothole
shotholes
shotmaker
shotmakers
shotmaking
shotmakings
shotproof
shotput
shotputs
shotte
shottes
shottle
shottles
shough
shoughs
shoulderings
shouther
shouthered
shouthering
shouthers
shoutingly
shoutings
shoutline
shoutlines
shovelboard
shovelboards
shovelhead
shovelheads
showboater
showboaters
showbox
showboxes
showerful
showerier
showeriest
showeriness
showerinesses
showerings
showerproof
showghe
showghes
showground
showgrounds
showjumper
showjumpers
showjumping
showjumpings
showmanly
showyard
showyards
shraddha
shraddhas
shrapnels
shreddier
shreddiest
shreddings
shreddy
shredless
shreek
shreeked
shreeking
shreeks
shreik
shreiked
shreiking
shreiks
shrewmice
shrewmouse
shriech
shrieched
shrieches
shrieching
shriekingly
shriekings
shright
shrights
shriked
shriking
shrillier
shrilliest
shrillings
shrimpings
shrinal
shrinelike
shrinkingly
shrinkpack
shrinkpacks
shritch
shritched
shritches
shritching
shrivings
shroffage
shroffages
shroudier
shroudiest
shroudings
shroudless
shroudy
shroved
shroves
shroving
shrow
shrowd
shrowed
shrowing
shrows
shrubbed
shrubberied
shrubbiness
shrubbinesses
shrubbing
shrubless
shrublike
shtchi
shtchis
shtetelach
shtook
shtooks
shtoom
shtuck
shtucks
shtum
shtumm
shtup
shtupped
shtupping
shtups
shubunkin
shubunkins
shuckings
shudderingly
shudderings
shuddersome
shufflingly
shufflings
shufti
shufties
shuftis
shufty
shule
shuled
shules
shuling
shunamitism
shunamitisms
shunless
shunnable
shuntings
shura
shuras
shutterings
shuttlewise
shwa
shwas
shyish
sialagogic
sialogogic
sialogogue
sialogogues
sialogram
sialograms
sialographies
sialography
sialolith
sialoliths
sialon
sialons
sialorrhoea
sialorrhoeas
siamesed
siameses
siamesing
siameze
siamezed
siamezes
siamezing
sibb
sibbs
sibilancies
sibilancy
sibilator
sibilators
sibilatory
sibilous
sibship
sibships
siccan
siccar
siccative
siccatives
siccities
siccity
sich
siciliano
sicilianos
sickenings
sickerness
sickernesses
sicklebill
sicklebills
sickleman
sicklemen
sicknurse
sicknurses
sicknursing
sicknursings
siclike
sida
sidalcea
sidalceas
sidas
siddha
siddhas
siddhi
siddhis
sidearms
sidebones
sidelock
sidelocks
sidenote
sidenotes
sidepath
sidepaths
sider
sideral
siderate
siderated
siderates
siderating
sideration
siderations
sideritic
sideroad
sideroads
sideropenia
sideropenias
siderophile
siderophiles
siderophilic
sideroses
siderosis
siderostat
siderostats
siders
sideshoot
sideshoots
sidesman
sidesmen
sidestreet
sidestreets
sideswiper
sideswipers
sidha
sidhas
siegecraft
siegecrafts
sieger
siegers
siegeworks
sield
sien
siens
sient
sients
sieth
sieths
sievert
sieverts
siffle
siffled
siffles
siffleur
siffleurs
siffleuse
siffleuses
siffling
siftingly
sighful
sighingly
sightable
sightline
sightlines
sightseeings
sightsman
sightsmen
sightworthy
sigillarian
sigillarians
sigillarid
sigillarids
sigillary
sigillate
sigillation
sigillations
sigisbei
sigisbeo
sigla
sigmated
sigmates
sigmatic
sigmating
sigmation
sigmations
sigmatism
sigmatisms
sigmatron
sigmatrons
sigmoidectomies
sigmoidectomy
sigmoidoscope
sigmoidoscopes
signalings
signallings
signaries
signary
signeur
signeurie
signeuries
signieur
signieurs
signifiable
significants
significate
significates
significatively
significator
significators
significatory
signings
signless
signores
signoria
signorial
signorias
signorini
signorino
sijo
sijos
sika
sikas
sikorskies
sikorsky
silaged
silageing
silaging
silastic
silastics
sile
siled
silen
silene
silenes
silens
silentiaries
silentiary
siler
silers
siles
silicated
silicating
silicicolous
siliciferous
siliculas
silicule
silicules
siliculose
siling
siliquas
siliquose
silkened
silkening
silkens
silkgrower
silkgrowers
silkie
silkscreen
silkscreens
silktail
silktails
silladar
silladars
siller
sillers
sillock
sillocks
silphia
silphium
silphiums
silurist
silurists
siluroid
silvatic
silverbill
silverbills
silverier
silveriest
silverings
silverise
silverised
silverises
silverising
silverize
silverized
silverizes
silverizing
silverling
silverlings
silverskin
silverskins
silvertail
silvertails
silvestrian
sim
simarouba
simaroubaceous
simaroubas
simarre
simarres
simarubaceous
simi
simial
similative
similise
similised
similises
similising
similize
similized
similizes
similizing
simillimum
simillimums
similor
similors
simis
simkin
simkins
simonious
simorg
simorgs
simpai
simpais
simperingly
simpkin
simpkins
simpled
simplers
simplesse
simplesses
simplificative
simplificator
simplificators
simpling
simplings
simpliste
sims
simul
simulatory
simulium
simuliums
simuls
simurg
simurgh
simurghs
simurgs
sinarchism
sinarchisms
sinarchist
sinarchists
sinarquism
sinarquisms
sinarquist
sinarquists
sind
sinded
sinding
sindings
sindon
sindonologies
sindonologist
sindonologists
sindonology
sindonophanies
sindonophany
sindons
sinds
sinecurism
sinecurisms
sinecurist
sinecurists
sined
sinewier
sinewiest
sinewless
sinfonias
singableness
singablenesses
singalong
singalongs
singingly
singings
singlehood
singlehoods
singlings
singsonged
singsonging
singularisation
singularisations
singularise
singularised
singularises
singularising
singularism
singularisms
singularist
singularists
singularization
singularizations
singult
singults
singultus
singultuses
sinical
sinicise
sinicised
sinicises
sinicising
sining
sinisterities
sinisterity
sinisterwise
sinistralities
sinistrality
sinistrally
sinistrals
sinistrodextral
sinistrorsal
sinistrorsally
sinistrorse
sinistrorsely
sinistrously
sinkier
sinkiest
sinkings
sinky
sinnered
sinnering
sinnet
sinnets
sinningia
sinningias
sinopis
sinopises
sinopite
sinopites
sintery
sinuately
sinuation
sinuations
sinuitis
sinuitises
sinuose
sinupallial
sinupalliate
sipe
siped
sipes
siphonage
siphonages
siphonate
siphonet
siphonets
siphonogam
siphonogamies
siphonogams
siphonogamy
siphuncle
siphuncles
siping
sipple
sippled
sipples
sippling
sipunculid
sipunculids
sipunculoid
sipunculoids
sircar
sircars
sirenic
sirenise
sirenised
sirenises
sirenising
sirenize
sirenized
sirenizes
sirenizing
sirgang
sirgangs
siri
siriases
siriasis
sirih
sirihs
siris
sirkar
sirkars
sirname
sirnamed
sirnames
sirnaming
siroc
sirocs
sirred
sirring
siruped
siruping
siseraries
siserary
siss
sisseraries
sisserary
sisses
sissoo
sissoos
sist
sisted
sistered
sistering
sisterless
sisterlike
sisterliness
sisterlinesses
sisting
sists
sitatunga
sitatungas
sitfast
sitfasts
sithe
sithed
sithen
sithes
sithing
sitiologies
sitiology
sitiophobia
sitiophobias
sitophobia
sitophobias
sitrep
sitreps
sittar
sittars
sittine
situationism
situationisms
situla
situlae
situtunga
situtungas
sitzkrieg
sitzkriegs
siver
sivers
siwash
siwashes
sixain
sixaine
sixaines
sixains
sixer
sixers
sixpennies
sixscore
sixscores
sixteener
sixteeners
sixteenthly
sizarship
sizarships
sizeism
sizeisms
sizeist
sizeists
sizel
sizels
sizier
siziest
siziness
sizinesses
sizism
sizisms
sizist
sizists
sizy
sizzlingly
sizzlings
sjambokked
sjambokking
skail
skailed
skailing
skails
skaith
skaithed
skaithing
skaithless
skaiths
skaldship
skaldships
skank
skanked
skanking
skankings
skanks
skart
skarth
skarths
skarts
skatepark
skateparks
skatt
skatts
skaw
skaws
skear
skeared
skearier
skeariest
skearing
skears
skeary
skeechan
skeechans
skeelier
skeeliest
skeely
skeer
skeered
skeerier
skeeriest
skeering
skeers
skeery
skeesicks
skegg
skegger
skeggers
skeggs
skeigher
skeighest
skelder
skeldered
skeldering
skelders
skeletogenous
skelf
skelfs
skell
skellie
skellied
skellier
skellies
skelliest
skelloch
skelloched
skelloching
skellochs
skells
skelly
skellying
skelm
skelms
skelpings
skelum
skelums
skeo
skeos
skepful
skepfuls
skepped
skepping
sker
skerred
skerrick
skerricks
skerring
skers
sketchabilities
sketchability
sketchable
skeuomorph
skeuomorphic
skeuomorphism
skeuomorphisms
skeuomorphs
skewest
skiagraph
skiagraphs
skiamachies
skiamachy
skiascopies
skiascopy
skiatron
skiatrons
skibobbed
skidpan
skidpans
skieyer
skieyest
skiffed
skiffing
skilfully
skilfulness
skilfulnesses
skillcentre
skillcentres
skillier
skillies
skilliest
skilligalee
skilligalees
skilligolee
skilligolees
skillion
skillions
skilly
skimmia
skimmias
skimmingly
skimmington
skimmingtons
skimpingly
skincare
skincares
skinflick
skinflicks
skinfood
skinfoods
skinter
skintest
skio
skios
skipperings
skippet
skippets
skippier
skippiest
skippingly
skippings
skippy
skirlings
skirmishings
skirtless
skite
skited
skites
skiting
skittled
skittling
skivered
skivering
skivie
skivier
skiviest
skivings
skivy
sklate
sklated
sklates
sklating
skliff
skliffs
sklim
sklimmed
sklimming
sklims
skoff
skoffed
skoffing
skoffs
skokiaan
skokiaans
skol
skolia
skolion
skollie
skollies
skolly
skoosh
skooshed
skooshes
skooshing
skran
skrans
skreen
skreened
skreening
skreens
skreigh
skreighed
skreighing
skreighs
skriech
skrieched
skrieching
skriechs
skried
skriegh
skrieghed
skrieghing
skrieghs
skries
skrik
skriks
skrimmage
skrimmaged
skrimmages
skrimmaging
skrimp
skrimped
skrimping
skrimps
skrimshank
skrimshanked
skrimshanker
skrimshankers
skrimshanking
skrimshanks
skrump
skrumped
skrumping
skrumps
skry
skryer
skryers
skrying
skudler
skudlers
skug
skugged
skugging
skugs
skuldudderies
skulduddery
skulkingly
skulkings
skulpin
skulpins
skummer
skummered
skummering
skummers
skunkbird
skunkbirds
skurried
skurries
skurry
skurrying
skutterudite
skutterudites
skuttle
skuttled
skuttles
skuttling
skyborn
skyclad
skyer
skyers
skyier
skyiest
skyish
skylab
skylabs
skylarkings
skyman
skymen
skyr
skyre
skyred
skyres
skyring
skyrs
skyscape
skyscapes
skyte
skyted
skytes
skyting
slabberer
slabberers
slabbery
slabbier
slabbiest
slabbiness
slabbinesses
slabby
slabstone
slabstones
slackenings
sladang
sladangs
slade
slades
slae
slaes
slaid
slairg
slairged
slairging
slairgs
slaister
slaistered
slaisteries
slaistering
slaisters
slaistery
slakeless
slammakin
slammakins
slammerkin
slammerkins
slammings
slane
slanes
slanger
slangers
slangingly
slangings
slangish
slangular
slantendicular
slantindicular
slantingways
slantly
slaphead
slapheads
slapshot
slapshots
slatiness
slatinesses
slatter
slattered
slattering
slatters
slattery
slaughterable
slaughteries
slaughterman
slaughtermen
slaughtery
slaverer
slaverers
slaveringly
slavocrat
slavocrats
sleded
sledger
sledgers
sledgings
slee
sleech
sleeches
sleechier
sleechiest
sleechy
sleekers
sleekier
sleekiest
sleekings
sleekstone
sleekstones
sleeky
sleepery
sleepout
sleepouts
sleepry
sleepsuit
sleepsuits
sleepwalkings
sleer
sleest
sleetiness
sleetinesses
sleeveen
sleeveens
sleevehand
sleevehands
sleever
sleevers
sleevings
sleezier
sleeziest
sleezy
sleided
sleighings
slenderise
slenderised
slenderises
slenderising
slenter
slenters
sley
sleys
slicings
slicken
slickened
slickening
slickens
slickensided
slickered
slickings
slickstone
slickstones
slidder
sliddered
sliddering
slidders
sliddery
slided
slidingly
slidings
slightish
slimline
slimmings
slimmish
slingback
slingbacks
slingstone
slingstones
slinker
slinkers
slinkskin
slinkskins
slinkweed
slinkweeds
slinter
slinters
slipe
slipes
slipperily
slippering
slipperwort
slipperworts
slippiness
slippinesses
sliprail
sliprails
slipsloppy
slish
slishes
slitherier
slitheriest
slive
slived
sliven
slives
sliving
slivovic
slivovica
slivovicas
slivovices
slivowitz
slivowitzes
sloan
sloans
slobberier
slobberiest
slobbishness
slobbishnesses
slobland
sloblands
slockdolager
slockdolagers
slockdoliger
slockdoligers
slockdologer
slockdologers
slocken
slockened
slockening
slockens
sloebush
sloebushes
sloethorn
sloethorns
sloetree
sloetrees
sloganeerings
sloganise
sloganised
sloganises
sloganising
sloganisings
sloganizings
sloken
slokened
slokening
slokens
sloom
sloomed
sloomier
sloomiest
slooming
slooms
sloomy
sloosh
slooshed
slooshes
slooshing
sloot
sloots
slopewise
slopier
slopiest
slopingly
slopy
sloshings
slothed
slothing
slotter
slotters
slove
slovenlike
slovenries
slovenry
slowback
slowbacks
slowcoach
slowcoaches
slowings
slubb
slubberdegullion
slubberdegullions
slubberingly
slubberings
slubbier
slubbiest
slubbs
slubby
slueing
sluggabed
sluggabeds
sluggardise
sluggardised
sluggardises
sluggardising
sluggardize
sluggardized
sluggardizes
sluggardizing
slughorn
slughorne
slughornes
slughorns
sluicegate
sluicegates
sluicier
sluiciest
sluit
sluits
slumberful
slumberingly
slumberings
slumberland
slumberlands
slumberless
slumberously
slumbersome
slumbrously
slumbry
slummings
slummock
slummocked
slummocking
slummocks
slumpflationary
slumpier
slumpiest
slumpy
slurper
slurpers
sluse
sluses
slutteries
sluttery
slyish
sma
smackings
smaik
smaiks
smallage
smallages
smalled
smalling
smallsat
smallsats
smalm
smalmed
smalmily
smalminess
smalminesses
smalming
smalms
smalmy
smarmed
smarming
smartarse
smartarses
smartish
smartypants
smasheroo
smasheroos
smashings
smatch
smatched
smatches
smatching
smatteringly
smearily
smeariness
smearinesses
smeath
smeaths
smeddum
smeddums
smee
smeech
smeeched
smeeches
smeeching
smeek
smeeked
smeeking
smeeks
smees
smeeth
smeeths
smelliness
smellinesses
smellings
smeltings
smeuse
smeuses
smicker
smickered
smickering
smickerings
smickers
smicket
smickets
smickly
smiddied
smiddies
smiddy
smiddying
smifligate
smifligated
smifligates
smifligating
smight
smighting
smights
smileful
smilet
smilets
smileys
smilingness
smilingnesses
smilings
smilodon
smilodons
smir
smirkingly
smirr
smirred
smirrier
smirriest
smirring
smirrs
smirry
smirs
smithcraft
smithcrafts
smithed
smithereen
smithereened
smithereening
smithers
smithied
smithing
smithying
smits
smitted
smitting
smittle
smoile
smoiled
smoiles
smoiling
smokeboard
smokeboards
smokebush
smokebushes
smokehood
smokehoods
smokelessly
smokelessness
smokelessnesses
smokeproof
smokescreen
smokescreens
smoketight
smoketree
smoketrees
smokies
smokings
smoko
smokos
smoor
smoored
smooring
smoors
smoot
smooted
smoothings
smoothish
smoothpate
smoothpates
smooting
smoots
smorbrod
smorbrods
smore
smored
smores
smoring
smorrebrod
smorrebrods
smorzando
smorzato
smotherer
smotherers
smotheriness
smotherinesses
smotheringly
smotherings
smouch
smouched
smouches
smouching
smoulderings
smouldry
smouse
smoused
smouser
smousers
smouses
smousing
smout
smouted
smouting
smouts
smowt
smowts
smoyle
smoyled
smoyles
smoyling
smudger
smudgers
smugged
smugging
smugglings
smugs
smur
smurred
smurrier
smurriest
smurring
smurry
smurs
smytrie
smytries
snab
snabble
snabbled
snabbles
snabbling
snabs
snaileries
snailery
snailier
snailiest
snaily
snakestone
snakestones
snakewise
snakewood
snakewoods
snakiness
snakinesses
snakish
snakishness
snakishnesses
snaphance
snaphances
snaphaunce
snaphaunces
snaphaunch
snaphaunches
snappered
snappering
snappingly
snappings
snapshooting
snapshootings
snar
snarier
snariest
snarings
snarlingly
snarlings
snarred
snarring
snars
snary
snash
snashed
snashes
snashing
snaste
snastes
snatchily
snatchingly
snead
sneads
sneakeup
sneakeups
sneakish
sneakishly
sneakishness
sneakishnesses
sneaksbies
sneaksby
sneath
sneaths
sneb
snebbe
snebbed
snebbes
snebbing
snebs
snecked
snecking
sned
snedded
snedding
sneds
snee
sneed
sneeing
sneerier
sneeriest
sneeringly
sneerings
sneery
snees
sneesh
sneeshan
sneeshans
sneeshes
sneeshin
sneeshing
sneeshings
sneeshins
sneezewood
sneezewoods
sneezewort
sneezeworts
sneezings
snelly
snickersneed
snickersneeing
snicket
snickets
snides
snies
sniffingly
sniffings
snift
snifted
sniftered
sniftering
sniftier
sniftiest
snifting
snifts
snifty
snig
snigged
sniggeringly
sniggerings
snigging
snigglings
snigs
snipefish
snipefishes
snipier
snipiest
snipings
snippetiness
snippetinesses
snippings
snipy
snirt
snirtle
snirtled
snirtles
snirtling
snirts
sniveller
snivellers
snivelly
snobbocracies
snobbocracy
snobling
snoblings
snobocracies
snobocracy
snobographer
snobographers
snobographies
snobography
snod
snodded
snodder
snoddest
snodding
snoddit
snods
snoek
snoeks
snoke
snoked
snokes
snoking
snooked
snooking
snool
snooled
snooling
snools
snooperscope
snooperscopes
snootful
snootfuls
snoozier
snooziest
snoozy
snorings
snorkelling
snorkellings
snortier
snortiest
snortingly
snortings
snorty
snotted
snotter
snottered
snotteries
snottering
snotters
snottery
snottie
snotties
snotting
snouting
snowblink
snowblinks
snowboot
snowboots
snowfleck
snowflecks
snowflick
snowflicks
snowish
snowk
snowked
snowking
snowks
snowlike
snowline
snowlines
snowplough
snowploughed
snowploughing
snowploughs
snowslip
snowslips
snowsurfing
snowsurfings
snubbe
snubbes
snubbingly
snubbings
snubbish
snudge
snudged
snudges
snudging
snuffiness
snuffinesses
snuffings
snufflings
snush
snushed
snushes
snushing
snuzzle
snuzzled
snuzzles
snuzzling
sny
soakaway
soakaways
soaken
soakingly
soakings
soapie
soapies
soapland
soaplands
soapless
soaproot
soaproots
soaraway
soare
soares
soaringly
sobbingly
sobbings
soberingly
soberise
soberised
soberises
soberising
sobole
soboles
soboliferous
soc
soca
socas
socdolager
socdolagers
socdoliger
socdoligers
socdologer
socdologers
socialisation
socialisations
socialness
socialnesses
sociate
sociates
sociation
sociations
sociative
sociolect
sociolects
sociologism
sociologisms
sociologistic
sociometrist
sociometrists
sociopathies
sociopathy
sockdoliger
sockdoligers
sockette
sockettes
socman
socmen
socs
sodaic
sodain
sodaine
sodamide
sodamides
soddier
soddiest
sodger
sodgers
sodomise
sodomised
sodomises
sodomising
sodomitically
soffioni
softa
softas
softed
softenings
softing
softling
softlings
softpaste
sog
sogdolager
sogdolagers
sogdoliger
sogdoligers
sogdologer
sogdologers
soger
sogers
sogged
sogging
soggings
sogs
soh
soho
sohs
soilier
soiliest
soiliness
soilinesses
soilings
soily
soja
sojas
sojournings
sojournment
sojournments
sokah
sokahs
sokaiya
sokemanries
sokemanry
soken
sokens
solacious
solah
solahs
solander
solanders
solano
solanos
solarimeter
solarimeters
solarisation
solarisations
solarise
solarised
solarises
solarising
solarism
solarisms
solarist
solarists
solars
solas
soldado
soldados
soldatesque
solde
solderings
soldes
soldierlike
soldierliness
soldierlinesses
solds
solecise
solecised
solecises
solecising
solecistical
solecistically
solecize
solecized
solecizes
solecizing
solein
solemness
solemnesses
solemnisation
solemnisations
solemnise
solemnised
solemniser
solemnisers
solemnises
solemnising
solemnizer
solemnizers
solenette
solenettes
solenodon
solenodons
solenoidally
soler
solera
soleras
solers
soleuses
solfataric
solferino
solferinos
solicities
solicitings
solicity
solidare
solidares
solidary
solidate
solidated
solidates
solidating
solidifiable
solidish
solidism
solidisms
solidist
solidists
solidum
solidums
solidungulate
solidungulous
solifidian
solifidianism
solifidianisms
solifidians
solifluxion
solifluxions
soliloquiser
soliloquisers
soliped
solipedous
solipeds
solitarian
solitarians
solito
solitudinous
solivagant
solivagants
solive
solives
sollar
sollars
soller
sollers
solmisation
solmisations
solonisation
solonisations
solonization
solonizations
solpugid
solpugids
solstitially
solubilisation
solubilisations
solutional
solutioned
solutioning
solutionist
solutionists
solutive
soman
somans
somascope
somascopes
somatism
somatisms
somatist
somatists
somatogenic
somatologic
somatoplasm
somatoplasms
somatotensic
somatotonia
somatotonias
somatotonic
somatotrophic
somatotropic
somatotyped
somatotyping
sombered
somberer
somberest
sombering
sombers
sombred
sombrely
sombreness
sombrenesses
sombrer
sombrerite
sombrerites
sombres
sombrest
sombring
somedele
somegate
somethings
somewhence
somewhile
somewhiles
somewhy
somnambulance
somnambulances
somnambulants
somnambular
somnambulary
somnambulator
somnambulators
somnambule
somnambules
somnambulic
somnial
somniate
somniated
somniates
somniating
somniative
somniatory
somnific
somniloquence
somniloquences
somniloquies
somniloquise
somniloquised
somniloquises
somniloquising
somniloquism
somniloquisms
somniloquist
somniloquists
somniloquize
somniloquized
somniloquizes
somniloquizing
somniloquy
somnolencies
somnolency
somnolescent
sonancies
sonancy
sonce
sonces
sondage
sondages
sondeli
sondelis
soneri
soneris
songcraft
songcrafts
songman
songmen
sonne
sonnes
sonnetary
sonnetise
sonnetised
sonnetises
sonnetising
sonnetize
sonnetized
sonnetizes
sonnetizing
sonofabitch
sonograph
sonographer
sonographers
sonographs
sonoluminescence
sonoluminescences
sonse
sonses
sontag
sontags
sonties
soogee
soogeed
soogeeing
soogees
soogie
soogied
soogieing
soogies
soojey
soojeys
soole
sooled
sooles
sooling
soom
soomed
sooming
sooms
soop
sooped
sooping
soopings
soops
soopstake
soote
sooterkin
sooterkins
sootes
sootflake
sootflakes
soothered
soothering
soothfastly
soothfastness
soothfastnesses
soothful
soothings
soothlich
sootless
sopheric
sopherim
sophister
sophisters
sophisticator
sophisticators
sophomorical
soporiferously
soporose
soporous
soppily
soppings
sopra
sopranini
sopranist
sopranists
sorage
sorages
soral
sorbaria
sorbarias
sorbefacient
sorbefacients
sorbite
sorbites
sorbitic
sorbitisation
sorbitisations
sorbitise
sorbitised
sorbitises
sorbitising
sorbitization
sorbitizations
sorbitize
sorbitized
sorbitizes
sorbitizing
sorbus
sorbuses
sorda
sordamente
sordider
sordidest
sordo
sored
soredia
soredial
sorediate
soredium
soree
sorees
sorehon
sorehons
sorel
sorell
sorells
sorels
sorex
sorexes
soricident
soricoid
soritic
soritical
sorn
sorned
sorner
sorners
sorning
sornings
sorns
soroban
sorobans
soroche
soroches
sororial
sororially
sororicide
sororicides
sororise
sororised
sororises
sororising
sororize
sororized
sororizes
sororizing
sorra
sorras
sorrowings
sorrowless
sorryish
sortance
sortances
sortation
sortations
sortes
sortileger
sortilegers
sortilegies
sortilegy
sortings
sortment
sortments
soss
sossed
sosses
sossing
sossings
soterial
sotting
sottings
sottisier
sottisiers
souce
souced
souces
soucing
souct
soukous
soukouses
souldan
souldans
souldier
souldiered
souldiering
souldiers
soum
soumed
souming
soumings
soums
soundbite
soundbites
soundcard
soundcards
soundscape
soundscapes
soundtrack
soundtracks
souper
soupers
souple
soupled
souples
soupling
sourcings
sourdeline
sourdelines
sourings
sourishly
sourock
sourocks
sourse
sourses
sousings
souslik
sousliks
sout
soutar
soutars
souteneur
souteneurs
souterly
souterrain
souterrains
southered
southering
southerliness
southerlinesses
southermost
southerner
southerners
southernise
southernised
southernises
southernising
southernism
southernisms
southernize
southernized
southernizes
southernizing
southernly
southlander
southlanders
southmost
southsaid
southsay
southsaying
southsays
southwardly
souts
souvenired
souveniring
sov
sovenance
sovenances
sovietic
sovietise
sovietised
sovietises
sovietising
sovietological
sovietologist
sovietologists
sovranly
sovs
sowans
sowar
sowarree
sowarrees
sowarries
sowarry
sowars
sowback
sowbacks
sowce
sowced
sowces
sowcing
sowf
sowfed
sowff
sowffed
sowffing
sowffs
sowfing
sowfs
sowings
sowl
sowle
sowled
sowles
sowling
sowls
sowm
sowmed
sowming
sowms
sownd
sownded
sownding
sownds
sowne
sownes
sowp
sowps
sowse
sowsed
sowses
sowsing
sowsse
sowssed
sowsses
sowssing
sowter
sowters
sowth
sowthed
sowthing
sowths
soyle
soyles
sozzle
sozzles
sozzlier
sozzliest
sozzling
sozzly
spaceborne
spacefaring
spacefarings
spaceplane
spaceplanes
spacesuit
spacesuits
spacewoman
spacewomen
spadassin
spadassins
spadelike
spademan
spademen
spadesman
spadesmen
spadger
spadgers
spadiceous
spadicifloral
spadillio
spadillios
spadillo
spadillos
spado
spadoes
spadones
spados
spadroon
spadroons
spaeman
spaemen
spaer
spaers
spaewife
spaewives
spag
spageric
spagerical
spagerics
spagerist
spagerists
spagiric
spagirical
spagirics
spagirist
spagirists
spags
spagyrical
spagyrics
spagyrist
spagyrists
spain
spained
spaing
spaings
spaining
spains
spairge
spairged
spairges
spairging
spald
spalds
spale
spales
spalle
spalles
spallings
spalt
spalted
spalting
spalts
spam
spammed
spammer
spammers
spammier
spammiest
spamming
spammings
spammy
spams
spanaemia
spanaemias
spanaemic
spane
spaned
spanes
spanged
spanghew
spanghewed
spanghewing
spanghews
spanging
spangler
spanglers
spanglet
spanglets
spanglings
spangs
spanielled
spanielling
spaning
spaniolate
spaniolated
spaniolates
spaniolating
spaniolise
spaniolised
spaniolises
spaniolising
spaniolize
spaniolized
spaniolizes
spaniolizing
spankingly
spanless
spansule
spansules
sparagmatic
sparagrass
sparagrasses
sparaxis
sparaxises
spard
spareless
sparganium
sparganiums
sparingness
sparingnesses
sparke
sparkes
sparkie
sparkies
sparkishly
sparkless
sparklessly
sparklet
sparklets
sparklies
sparklingly
sparklings
sparoid
sparoids
sparre
sparrer
sparrers
sparres
sparrings
sparsedly
spart
spartans
sparterie
sparteries
sparth
sparthe
sparthes
sparths
sparts
spasmatic
spasmatical
spasmed
spasmic
spasming
spasmodical
spasmodist
spasmodists
spatangoid
spatangoids
spatchcock
spatchcocked
spatchcocking
spatchcocks
spatfall
spatfalls
spathaceous
spathiphyllum
spathiphyllums
spatlese
spatlesen
spatleses
spattee
spattees
spatterdash
spatterdashes
spatterwork
spatterworks
spatule
spatules
spaul
spauld
spaulds
spauls
spavie
spavies
spaw
spawl
spawled
spawling
spawls
spawnier
spawniest
spawnings
spawny
spaws
spayad
spayads
spayd
spayds
spazz
spazzed
spazzing
speakerine
speakerines
speakingly
speakout
speakouts
speal
speals
spearier
speariest
speary
speat
speats
speccies
speccy
specialiser
specialisers
specializer
specializers
specialogue
specialogues
speciesist
speciesists
specifical
specificate
specificated
specificates
specificating
speciocide
speciocides
speckier
speckiest
speckledness
specklednesses
speckless
specksioneer
specksioneers
specktioneer
specktioneers
specky
spectacularities
spectacularity
spectatress
spectatresses
spectatrix
spectatrixes
spectralities
spectrality
spectrochemistries
spectrochemistry
spectrographical
spectrological
spectrologically
spectrologies
spectrology
spectroscopical
speculatist
speculatists
speculativeness
speculativenesses
speculatory
speculatrix
speculatrixes
speechcraft
speechcrafts
speeched
speechful
speechfulness
speechfulnesses
speechification
speechifications
speechifier
speechifiers
speeching
speechmaker
speechmakers
speechmaking
speechmakings
speedballings
speedful
speedfully
speedless
speedskating
speedskatings
speeler
speelers
speerings
speirings
spek
spekboom
spekbooms
speks
spelaeological
spelaeologies
spelaeologist
spelaeologists
spelaeology
spelaeothem
spelaeothems
speld
spelded
spelder
speldered
speldering
spelders
speldin
spelding
speldings
speldins
speldrin
speldring
speldrings
speldrins
spelds
speleothem
speleothems
spelk
spelks
spellable
spellcheck
spellchecker
spellcheckers
spellchecks
spelldown
spelldowns
spellful
spellican
spellicans
spellingly
spellstopt
spelunking
spendall
spendalls
spendings
speos
speoses
sperling
sperlings
spermaduct
spermaducts
spermaphyte
spermaphytes
spermaphytic
spermaria
spermarium
spermathecal
spermatical
spermatics
spermatoblast
spermatoblastic
spermatoblasts
spermatocele
spermatoceles
spermatogenetic
spermatogenies
spermatogenous
spermatogeny
spermatorrhea
spermatorrheas
spermatorrhoea
spermatorrhoeas
spermatotheca
spermatothecae
spermatozoic
spermiduct
spermiducts
spermogone
spermogones
spermogonia
spermogonium
spermophyte
spermophytes
spermophytic
sperre
sperred
sperres
sperring
sperse
spersed
sperses
spersing
sperst
sperthe
sperthes
spet
spetch
spetches
spets
spetsnaz
spetsnazes
spetting
spetznaz
spetznazes
spewier
spewiest
spewiness
spewinesses
spewy
sphacelate
sphacelated
sphacelates
sphacelating
sphacelation
sphacelations
sphacelus
sphaceluses
sphaer
sphaere
sphaeres
sphaeridia
sphaeridium
sphaerite
sphaerites
sphaerocobaltite
sphaerocobaltites
sphaerocrystal
sphaerocrystals
sphaerosiderite
sphaerosiderites
sphaers
sphagnicolous
sphagnologies
sphagnologist
sphagnologists
sphagnology
sphairistike
sphairistikes
sphear
spheare
spheares
sphears
sphendone
sphendones
sphenogram
sphenograms
sphereless
spherelike
sphericalities
sphericality
sphericalness
sphericalnesses
spheristerion
spheristerions
spherocyte
spherocytes
spherocytoses
spherocytosis
spheroidicities
spheroidicity
spheroidisation
spheroidisations
spheroidise
spheroidised
spheroidises
spheroidising
spheroidization
spheroidizations
spheroidize
spheroidized
spheroidizes
spheroidizing
spherular
sphincteral
sphincterial
sphingomyelin
sphingomyelins
sphragistic
sphragistics
sphygmogram
sphygmograms
sphygmographic
sphygmographies
sphygmography
sphygmoid
sphygmologies
sphygmology
sphygmometer
sphygmometers
sphygmophone
sphygmophones
sphygmoscope
sphygmoscopes
spial
spials
spicated
spiceberries
spiceberry
spicer
spicers
spicilege
spicileges
spicker
spickest
spicknel
spicknels
spiculate
spide
spiderman
spidermen
spiderwork
spiderworks
spie
spifflicate
spifflicated
spifflicates
spifflicating
spifflication
spifflications
spiflicate
spiflicated
spiflicates
spiflicating
spiflication
spiflications
spight
spighted
spighting
spights
spignel
spignels
spikefish
spikefishes
spikeries
spikery
spilite
spilites
spilitic
spillings
spilosite
spilosites
spina
spinacene
spinacenes
spinaceous
spinae
spinage
spinages
spinar
spinars
spinas
spinate
spindlings
spinescence
spinescences
spinescent
spinette
spinettes
spiniferous
spiniform
spinigerous
spinigrade
spink
spinks
spinnerule
spinnerules
spinnet
spinnets
spinnies
spinny
spinode
spinodes
spinsterdom
spinsterdoms
spinsterial
spinsterian
spinstership
spinsterships
spinstress
spinstresses
spintext
spintexts
spinulate
spinulescent
spinuliferous
spinulous
spiracula
spiraculate
spiraculum
spiraliform
spiralism
spiralisms
spiralist
spiralists
spiralities
spirality
spiraster
spirasters
spirated
spiration
spirations
spireless
spirewise
spiric
spirics
spirillar
spirilloses
spirillosis
spiritful
spiritings
spiritousness
spiritousnesses
spiritualisation
spiritualisations
spiritualise
spiritualised
spiritualiser
spiritualisers
spiritualises
spiritualising
spiritualizer
spiritualizers
spirituosities
spirituosity
spirituousness
spirituousnesses
spiritus
spirituses
spirity
spirling
spirlings
spirochaetaemia
spirochaetaemias
spirochaetoses
spirochaetosis
spirogram
spirograms
spirograph
spirographies
spirographs
spirography
spironolactone
spironolactones
spirophore
spirophores
spirtle
spirtles
spissitude
spissitudes
spitchcock
spitchcocked
spitchcocking
spitchcocks
spitcher
spitten
spittings
spivveries
spivvery
spivvier
spivviest
spivvy
splanchnocele
splanchnoceles
splanchnologies
splanchnology
splashings
splashproof
splatch
splatched
splatches
splatching
splatted
splatting
splattings
spleenish
spleenless
spleenstone
spleenstones
splenative
splendidious
splendidous
splenetical
splenia
splenisation
splenisations
splenitis
splenitises
splenium
spleniums
spleniuses
splenization
splenizations
splinterier
splinteriest
splintwood
splintwoods
splitted
splodgier
splodgiest
splodgily
splodginess
splodginesses
splodgy
splotchily
splotchiness
splotchinesses
splutteringly
splutterings
spode
spodes
spodium
spodiums
spodogram
spodograms
spodomancies
spodomancy
spodomantic
spoffish
spoffy
spoilfive
spoilfives
spoilful
spokewise
spoliative
spoliatory
spondaical
spondoolicks
spondulicks
spondulix
spondyl
spondylitic
spondylolistheses
spondylolisthesis
spondylolyses
spondylolysis
spondyloses
spondylosis
spondylosyndeses
spondylosyndesis
spondylous
spondyls
spongeable
spongebag
spongebags
spongeous
spongewood
spongewoods
spongicolous
spongiform
spongiose
spongious
spongoid
spongologies
spongologist
spongologists
spongology
sponsal
sponsalia
sponsible
sponsing
sponsings
sponsional
spooler
spoolers
spoom
spoomed
spooming
spooms
spoonbait
spoonbaits
spoondrift
spoondrifts
spoonfed
spoonhook
spoonhooks
spoonily
spoonways
spoonwise
spoorer
spoorers
spoot
spoots
sporadical
sporangiola
sporangiole
sporangioles
sporangiolum
sporangiospore
sporangiospores
sporidesm
sporidesms
sporidia
sporidial
sporidium
sporocystic
sporogenies
sporogeny
sporophoric
sporophorous
sporophyl
sporophyls
sportabilities
sportability
sportable
sportance
sportances
sportcaster
sportcasters
sportless
sportsperson
sportspersons
sportswears
sporular
sposh
sposhes
sposhier
sposhiest
sposhy
spottedness
spottednesses
spottings
spousage
spousages
spouseless
spoutier
spoutiest
spoutings
spoutless
spouty
spoylefull
sprack
sprackle
sprackled
sprackles
sprackling
sprad
spragged
spragging
spraickle
spraickled
spraickles
spraickling
spraid
spraint
spraints
sprangle
sprangled
sprangles
sprangling
sprattle
sprattled
sprattles
sprattling
sprauchle
sprauchled
sprauchles
sprauchling
sprauncier
spraunciest
sprauncy
sprayey
sprayier
sprayiest
spreadingly
spreadings
spreagh
spreagheries
spreaghery
spreaghs
spreathe
spreathed
spreathes
spreathing
spreaze
spreazed
spreazes
spreazing
sprecheries
sprechery
sprechgesang
sprechgesangs
sprechstimme
sprechstimmes
spreckled
spred
spredd
spredde
spredden
spreddes
spredding
spredds
spreds
spreed
spreeing
spreethe
spreethed
spreethes
spreething
spreeze
spreezed
spreezes
spreezing
sprew
sprews
sprighted
sprighting
sprightless
springbuck
springbucks
springhaas
springhalt
springhalts
springhase
springkeeper
springkeepers
springle
springles
springless
springlet
springlets
springwort
springworts
sprintings
spriteful
spritelier
spriteliest
spritely
sprod
sprods
sprog
sprogs
sprong
sproutings
sprug
sprugs
spruik
spruiked
spruiker
spruikers
spruiking
spruiks
spruit
spruits
sprush
sprushed
sprushes
sprushing
spuddier
spuddiest
spuddings
spuddy
spueing
spuilzie
spuilzied
spuilzieing
spuilzies
spule
spulebane
spulebanes
spuleblade
spuleblades
spulebone
spulebones
spules
spulye
spulyed
spulyeing
spulyes
spulyie
spulyied
spulyieing
spulyies
spulzie
spulzied
spulzieing
spulzies
spumante
spumantes
spumescence
spumescences
spumescent
spunge
spunged
spunges
spunging
spunyarn
spunyarns
spuriae
spuriosities
spuriosity
spurless
spurling
spurlings
spurne
spurnes
spurnings
spurriest
spurrings
spurway
spurways
sputteringly
sputterings
sputtery
spyal
spyals
spyhole
spyholes
spyings
spyplane
spyplanes
spyre
spyred
spyres
spyring
squabash
squabashed
squabasher
squabashers
squabashes
squabashing
squabbed
squabber
squabbest
squabbing
squabbish
squacco
squaccos
squaddie
squaddies
squaddy
squadronal
squadrone
squadroned
squadrones
squadroning
squail
squailed
squailer
squailers
squailing
squailings
squails
squalidities
squalidity
squallings
squaloid
squame
squamella
squamellas
squames
squamiform
squamosities
squamosity
squamula
squamulas
squamule
squamules
squanderingly
squanderings
squandermania
squandermanias
squarehead
squareheads
squarewise
squarial
squarials
squarings
squarrose
squarson
squarsonage
squarsonages
squarsons
squashable
squattiness
squattinesses
squattle
squattled
squattles
squattling
squattocracies
squattocracy
squawkier
squawkiest
squawkings
squawky
squawman
squawmen
squeakeries
squeakery
squeakily
squeakiness
squeakinesses
squeakingly
squeakings
squealings
squeezier
squeeziest
squeezings
squeezy
squeg
squegged
squegger
squeggers
squegging
squeggings
squegs
squelchings
squeteagues
squibbings
squidge
squidged
squidges
squidgier
squidgiest
squidging
squidgy
squier
squiers
squiff
squiffer
squiffers
squinancies
squinancy
squinied
squinies
squintings
squiny
squinying
squirage
squirages
squiralities
squirality
squiralties
squiralty
squirarch
squirarchal
squirarchical
squirarchs
squireage
squireages
squirearch
squirearchal
squirearchical
squirearchs
squiredom
squiredoms
squirehood
squirehoods
squirelike
squireling
squirelings
squirely
squireship
squireships
squiress
squiresses
squirr
squirred
squirrely
squirring
squirrs
squirtings
squit
squitch
squitches
squits
squitters
squiz
squizzes
sraddha
sraddhas
st
stabbingly
stabbings
stabilate
stabilates
stabilisation
stabilisations
stabilisator
stabilisators
stabilise
stabilised
stabiliser
stabilisers
stabilises
stabilising
stabilizator
stabilizators
stableboy
stableboys
staccatissimo
stachys
stachyses
stacket
stackets
stackings
stackroom
stackrooms
stackyard
stackyards
stactometer
stactometers
stadda
staddas
stadholder
stadholders
stadial
stadials
staffage
staffages
staffroom
staffrooms
stagecoaching
stagecoachings
stagecoachman
stagecoachmen
stageries
stagery
staggerings
staig
staigs
stainings
stainlessness
stainlessnesses
staircased
staircasing
staircasings
staired
stairfoot
stairfoots
stairhead
stairheads
stairlift
stairlifts
stairwise
stairwork
stairworks
staith
staiths
stakhanovism
stakhanovisms
stakhanovite
stakhanovites
staktometer
staktometers
stalactic
stalactical
stalactiform
stalactital
stalactited
stalactitical
stalactitically
stalactitiform
stalactitious
stalagmitical
stalagmitically
stalagmometer
stalagmometers
stalagmometries
stalagmometry
stalkings
stalko
stalkoes
stallage
stallages
stallenger
stallengers
stallinger
stallingers
stallings
stallman
stallmaster
stallmasters
stallmen
stamened
stamineal
stamineous
staminiferous
staminode
staminodes
staminodies
staminody
staminoid
stammeringly
stammerings
stamnoi
stamnos
stampedo
stampedoed
stampedoing
stampedos
stampings
stanchable
stanchel
stanchelled
stanchelling
stanchels
stanchered
stanchering
stanchings
stanchioning
stanchless
stanchness
stanchnesses
stanck
standardisation
standardisations
standardiser
standardisers
standardizer
standardizers
standen
standgale
standgales
staniel
staniels
stannate
stannates
stannator
stannators
stannel
stannels
stanniferous
stannotype
stannotypes
stanyel
stanyels
stanze
stanzes
stanzo
stanzoes
stanzos
stap
stapedii
stapedius
stapediuses
staphyline
staphylitis
staphylitises
staphyloma
staphylomas
staphylomata
staphyloplasies
staphyloplasy
staphylorrhaphies
staphylorrhaphy
stapped
stapping
stapple
stapples
staps
staragen
staragens
starchedly
starchedness
starchednesses
starcher
starchers
stardrift
stardrifts
staretses
staretz
staretzes
staringly
starings
starked
starken
starkened
starkening
starkens
starking
starks
starmonger
starmongers
starn
starned
starnie
starnies
starning
starns
starosta
starostas
starosties
starosty
starr
starrily
starriness
starrinesses
starrings
starrs
starshine
starshines
starspot
starspots
starstone
starstones
startful
startingly
startings
startish
startlings
startlish
startly
starvings
stashie
stashies
stasidion
stasidions
stasima
stasimon
stasimorphies
stasimorphy
statal
statelily
statemented
statementing
statementings
statesperson
statespersons
stateswoman
stateswomen
stationaries
stationariness
stationarinesses
statua
statuas
statuesqueness
statuesquenesses
statured
statutably
staunchable
staunchers
staunchings
staunchless
stauroscope
stauroscopes
stauroscopic
staw
stawed
stawing
staws
stayaway
stayaways
stayless
staymaker
staymakers
stayne
stayned
staynes
stayning
stayre
stayres
steadicam
steadicams
steakhouse
steakhouses
steale
stealed
steales
stealingly
stealings
stealt
stealthed
stealthing
stealthings
steamie
steamies
steamings
steamtight
stean
steane
steaned
steanes
steaning
steanings
steans
stear
stearage
stearages
steard
steare
steared
steares
stearing
stears
stearsman
stearsmate
stearsmates
stearsmen
steatocele
steatoceles
steatoma
steatomas
steatomata
steatomatous
steatorrhoea
steatorrhoeas
steatoses
steatosis
sted
stedd
stedde
stedded
steddes
steddied
steddies
stedding
stedds
steddy
steddying
stede
steded
stedes
steding
steds
steeded
steedied
steedies
steeding
steedy
steedying
steekit
steelbow
steelbows
steeld
steelings
steelman
steelmen
steelware
steelwares
steelworking
steelworkings
steem
steemed
steeming
steems
steen
steenbras
steenbrases
steened
steening
steenings
steenkirk
steenkirks
steens
steepdowne
steepedowne
steepeup
steepier
steepiest
steepiness
steepinesses
steeplechased
steepup
steepy
steeries
steerings
steerling
steerlings
steersmate
steersmates
steery
steevely
steever
steevest
steevings
steganogram
steganograms
steganograph
steganographer
steganographers
steganographic
steganographies
steganographist
steganographists
steganographs
steganography
steganopod
steganopodous
steganopods
stegnoses
stegnosis
stegnotic
stegocarpous
stegocephalian
stegocephalians
stegocephalous
stegodont
stegodonts
stegophilist
stegophilists
stegosauri
stegosaurian
steil
steils
steinbock
steinbocks
steined
steining
steinings
steinkirk
steinkirks
stelene
stell
stellarator
stellarators
stellated
stellately
stelled
stellerid
stelleridan
stelleridans
stellerids
stelliferous
stellified
stellifies
stelliform
stellify
stellifying
stellifyings
stelling
stellion
stellionate
stellionates
stellions
stells
stellular
stellulate
stembok
stemboks
stembuck
stembucks
steme
stemed
stemes
steming
stemlet
stemlets
stemmatous
stemme
stemmes
stemmings
stempel
stempels
stemple
stemples
stemwinder
stemwinders
sten
stenched
stenching
stencillings
stend
stended
stending
stends
stenlock
stenlocks
stenned
stenning
stenocardia
stenocardias
stenochrome
stenochromes
stenochromies
stenochromy
stenograph
stenographed
stenographing
stenographist
stenographists
stenographs
stenopaeic
stenopaic
stenophyllous
stenotropic
stenotyper
stenotypers
stens
stent
stented
stenting
stentmaster
stentmasters
stentour
stentours
stents
stepbairn
stepbairns
stepdancer
stepdancers
stepdancing
stepdancings
stephane
stephanes
stephanite
stephanites
stepmotherly
stepney
stepneys
stept
steradian
steradians
stercoral
stercoranism
stercoranisms
stercoranist
stercoranists
stercorarious
stercorary
stercorate
stercorated
stercorates
stercorating
sterculia
sterculias
stereoacuities
stereoacuity
stereobate
stereobates
stereobatic
stereoblind
stereocard
stereocards
stereochrome
stereochromes
stereochromies
stereochromy
stereofluoroscope
stereofluoroscopes
stereome
stereomes
stereometer
stereometers
stereometric
stereometrical
stereometrically
stereometries
stereometry
stereopsises
stereoptics
stereoscopical
stereoscopist
stereoscopists
stereosonic
stereotactical
stereotaxes
stereotaxia
stereotaxias
stereotaxis
stereotomies
stereotomy
stereotropic
stereotropism
stereotropisms
stereotypings
sterilisation
sterilisations
sterilise
sterilised
steriliser
sterilisers
sterilises
sterilising
sternage
sternages
sternalgia
sternalgias
sternalgic
sternboard
sternboards
sternebra
sternebrae
sterned
sternfast
sternfasts
sterning
sternitic
sternotribe
sternport
sternports
sternsheet
sternsheets
sternutative
sternutatives
sternutatories
sternutatory
sternworks
stertorousness
stertorousnesses
sterve
sterved
sterves
sterving
stethoscopically
stethoscopies
stethoscopist
stethoscopists
stethoscopy
steven
stevengraph
stevengraphs
stevens
stewardries
stewardry
stewartries
stewartry
stewer
stewers
stewier
stewiest
stewings
stewpond
stewponds
stewpot
stewpots
stewy
stey
steyer
steyest
stiacciato
stiacciatos
stibble
stibbler
stibblers
stibbles
stibial
stibialism
stibialisms
stibium
stibiums
sticcado
sticcadoes
sticcados
sticcato
sticcatoes
sticcatos
sticharia
sticharion
stichera
sticheron
stichidia
stichidium
stichoi
stichologies
stichology
stichometric
stichometrical
stichometrically
stichometries
stichometry
stichos
stickabilities
stickability
stickered
stickering
stickied
stickies
stickings
stickjaw
stickjaws
stickleader
stickleaders
stickybeak
stickybeaks
stickying
stiddie
stiddied
stiddieing
stiddies
stiddying
stie
stieve
stievely
stiever
stievest
stiffenings
stiffie
stiffies
stiffware
stiffwares
stiffy
stiflings
stigmarian
stigmarians
stigmatical
stigmatiferous
stigmatisation
stigmatisations
stigmatise
stigmatised
stigmatises
stigmatising
stigmatism
stigmatisms
stigmatophilia
stigmatophilias
stigmatophilist
stigmatophilists
stigmatose
stigme
stigmes
stilb
stilboestrol
stilboestrols
stilbs
stiled
stilet
stilets
stiling
stillage
stillages
stillatories
stillatory
stillers
stillhouse
stillhouses
stillicide
stillicides
stillings
stillion
stillions
stilpnosiderite
stilpnosiderites
stiltbird
stiltbirds
stilter
stilters
stiltier
stiltiest
stiltiness
stiltinesses
stiltings
stiltish
stilty
stimed
stimie
stiming
stimpmeter
stimpmeters
stimulable
stimulancies
stimulancy
stimulatives
stingbull
stingbulls
stinged
stingfish
stingfishes
stingings
stingo
stingos
stinkings
stinkstone
stinkstones
stintedly
stintedness
stintednesses
stintier
stintiest
stintingly
stintings
stintless
stinty
stipa
stipas
stipellate
stipendiate
stipendiated
stipendiates
stipendiating
stipitate
stipplings
stipulaceous
stipulary
stire
stired
stires
stiring
stirless
stirpiculture
stirpicultures
stirra
stirrah
stirrahs
stirras
stirre
stirres
stirringly
stirrings
stishie
stishies
stitchcraft
stitchcrafts
stitchings
stitchwork
stitchworks
stive
stived
stives
stivier
stiviest
stiving
stivy
stocious
stockbreeding
stockbreedings
stockhorn
stockhorns
stockhorse
stockhorses
stockinger
stockingers
stockingless
stockjobberies
stockjobbery
stockless
stocklist
stocklists
stocklock
stocklocks
stockpilings
stockpunisht
stocktake
stocktaken
stocktakes
stocktook
stockwork
stockworks
stodger
stodgers
stoechiological
stoechiologies
stoechiology
stoechiometric
stoechiometries
stoechiometry
stoep
stoeps
stoicalness
stoicalnesses
stoicheiological
stoicheiologies
stoicheiology
stoicheiometric
stoicheiometries
stoicheiometry
stoichiological
stoichiologies
stoichiology
stoit
stoited
stoiter
stoitered
stoitering
stoiters
stoiting
stoits
stokehole
stokeholes
stoled
stolenwise
stolidness
stolidnesses
stoln
stomachal
stomachful
stomachfulness
stomachfulnesses
stomachfuls
stomachical
stomachless
stomachous
stomatodaea
stomatodaeum
stomatodaeums
stomatogastric
stomatologies
stomatology
stomatoplasties
stomatoplasty
stond
stonds
stoneborer
stoneborers
stonebrash
stonebrashes
stonebreak
stonebreaks
stonecast
stonecasts
stoneground
stonehand
stonehands
stonehorse
stonehorses
stoneless
stonen
stonerag
stonerags
stoneraw
stoneraws
stonern
stoneshot
stoneshots
stonewallings
stong
stonied
stonies
stonings
stonk
stonker
stonkered
stonkering
stonkers
stonking
stonks
stonn
stonne
stonned
stonnes
stonning
stonns
stonying
stooden
stooker
stookers
stoolball
stoolballs
stoope
stoopes
stoopingly
stoor
stoors
stooshie
stooshies
stopings
stopless
stopoff
stopoffs
stoppings
storekeeping
storekeepings
storeman
storemen
storer
storers
storge
storges
storiated
storiette
storiettes
storiologies
storiologist
storiologists
storiology
stormbird
stormbirds
stormful
stormfully
stormfulness
stormfulnesses
stormings
stormless
stormproof
stornelli
stornello
storyette
storyettes
storyings
storyline
storylines
storys
stosses
stot
stotious
stots
stotted
stotter
stotters
stotting
stoun
stouning
stouns
stourier
stouriest
stoury
stoush
stoushed
stoushes
stoushing
stouth
stoutherie
stoutheries
stouthrie
stouthrief
stouthriefs
stouthries
stouths
stovaine
stovaines
stoved
stovies
stoving
stovings
stowdown
stowdowns
stower
stowers
stowings
stowlins
stown
stownd
stownded
stownding
stownds
stownlins
stowre
stowres
strabism
strabismal
strabismical
strabismometer
strabismometers
strabisms
strabometer
strabometers
strabotomies
strabotomy
stracchini
stracchino
strad
straddleback
stradiot
stradiots
strads
strae
straes
straff
straffed
straffing
straffs
strag
stragglingly
stragglings
strags
straicht
straichter
straichtest
straightforth
straightways
straik
straiked
straiking
straiks
strainedly
strainings
straint
straints
straited
straiting
straitwaistcoat
straitwaistcoats
stramacon
stramacons
stramashed
stramashing
stramazon
stramazons
stramineous
strammel
strammels
stramp
stramped
stramping
stramps
strandflat
strandflats
strandwolf
strandwolves
stranglement
stranglements
strapline
straplines
strappadoed
strappadoing
strappier
strappiest
strappy
strapwort
strapworts
strategetic
strategetical
strategics
straticulate
stratificational
stratigrapher
stratigraphers
stratigraphical
stratigraphically
stratigraphist
stratigraphists
stratocrat
stratocratic
stratocrats
stratonic
stratopause
stratopauses
stratose
stratotanker
stratotankers
stratous
straucht
strauchted
strauchter
strauchtest
strauchting
strauchts
straught
straughted
straughter
straughtest
straughting
straughts
straunge
stravaiger
stravaigers
strawboard
strawboards
strawed
strawen
strawing
strawless
strawlike
strawn
strawworm
strawworms
strayings
strayling
straylings
streakily
streamered
streaminess
streaminesses
streamingly
streamless
streamling
streamlings
streetage
streetages
streetboy
streetboys
streeted
streetful
streetfuls
streetier
streetiest
streetkeeper
streetkeepers
streetroom
streetrooms
streetsmart
streetward
streetwards
streety
streight
streights
streigne
streigned
streignes
streigning
strelitz
strelitzes
strelitzi
strelitzia
strelitzias
strene
strenes
strengthenings
strengthful
strengthless
strenuities
strenuity
strepent
streperous
strephosymbolia
strephosymbolias
strepitant
strepitation
strepitations
strepitoso
strepitous
strepsipterous
streptocarpus
streptocarpuses
streptosolen
streptosolens
stretchered
stretchering
stretchless
strewage
strewages
strewings
strewth
striata
striatum
striatums
striature
striatures
strich
striches
strictish
strictured
striddle
striddled
striddles
striddling
stridelegged
stridelegs
strideways
stridling
stridulant
stridulantly
stridulator
stridulators
strifeful
strift
strifts
strig
striga
strigae
strigate
strigged
strigging
strigiform
strigine
strigs
strikingness
strikingnesses
strikings
stringboard
stringboards
stringentness
stringentnesses
stringily
strinkle
strinkled
strinkles
strinkling
strinklings
stripagram
stripagrams
stripey
stripiness
stripinesses
strippergram
strippergrams
strippings
strivingly
strivings
stroam
stroamed
stroaming
stroams
strobed
strobic
strobilaceous
strobilate
strobilated
strobilates
strobilating
strobiliform
strobiline
strobilisation
strobilisations
strobilization
strobilizations
strobiloid
strobing
strobings
stroddle
stroddled
stroddles
stroddling
strodle
strodled
strodles
strodling
stroganoff
stroganoffs
stroken
strokings
strollings
stromatic
stromatous
stromb
strombs
strombuliferous
strombuliform
strombus
strombuses
strond
stronds
strongarm
strongarmed
strongarming
strongarms
strongpoint
strongpoints
strongroom
strongrooms
strongyloid
strongyloids
strongyloses
strongylosis
strontian
strontians
strooke
strooken
strookes
strophanthus
strophanthuses
strophiolate
strophiolated
strophiole
strophioles
strossers
stroup
stroupach
stroupachs
stroupan
stroupans
stroups
strout
strouted
strouting
strouts
strower
strowers
strowings
strugglingly
strugglings
strumatic
strumitis
strumitises
strummel
strummels
strumpeted
strumpeting
struthioid
struthioids
struttingly
struttings
strychnia
strychnias
strychnic
strychninism
strychninisms
strychnism
strychnisms
stubbies
stubbiness
stubbinesses
stubborned
stubborner
stubbornest
stubborning
stubborns
stucks
studden
studdingsail
studdingsails
studdle
studdles
studentries
studentry
studfarm
studfarms
stuggier
stuggiest
stuggy
stulm
stulms
stultifier
stultifiers
stumblier
stumbliest
stumbly
stumer
stumers
stumm
stummel
stummels
stumpies
stumpily
stumpiness
stumpinesses
stunkard
stunnings
stuped
stupefacient
stupefacients
stupefactive
stupefier
stupefiers
stupendious
stupent
stuping
stuprate
stuprated
stuprates
stuprating
stupration
stuprations
sture
sturmer
sturmers
sturnine
sturnoid
sturnus
sturnuses
sturted
sturting
stushie
stushies
stutteringly
stutterings
styliferous
stylisation
stylisations
stylo
stylograph
stylographic
stylographically
stylographs
styloids
stylolite
stylolites
stylolitic
stylometries
stylometry
stylopised
stylopized
stylos
styme
stymed
stymes
styming
styptical
stypticities
stypticity
styracaceous
styre
styred
styres
styring
styrofoam
styrofoams
styte
styted
stytes
styting
suasible
suasory
suaveolent
subabdominal
subacetate
subacetates
subacidities
subacidity
subacrid
subact
subacted
subacting
subaction
subactions
subacts
subadministrative
subadministrator
subadministrators
subaffluent
subaggregate
subaggregates
subaggregation
subaggregations
subahdaries
subahdary
subahship
subahships
suballiance
suballiances
subalternant
subalternants
subalternate
subalternates
subalternation
subalternations
subalternities
subalternity
subangular
subapostolic
subappearance
subappearances
subaqua
subarboreal
subarborescent
subarcuate
subarcuation
subarcuations
subarration
subarrations
subarrhation
subarrhations
subarticle
subarticles
subassemble
subassembled
subassembles
subassembling
subassociation
subassociations
subastral
subatomics
subaudio
subaural
subauricular
subaxillary
subbasal
subbie
subbies
subbings
subbureau
subbureaus
subbureaux
subby
subcabinets
subcaliber
subcalibre
subcantor
subcantors
subcardinal
subcardinals
subcarrier
subcarriers
subcartilaginous
subcaudal
subcavities
subcavity
subcelestial
subception
subceptions
subchanter
subchanters
subcharter
subcharters
subchelate
subchloride
subchlorides
subchord
subchords
subcircuit
subcircuits
subcivilization
subcivilizations
subcivilized
subclaim
subclaims
subclause
subclauses
subclavicular
subcommissioner
subcommissioners
subcontiguous
subcontinuous
subcontractings
subcontrarieties
subcontrariety
subcortex
subcortexes
subcortices
subcosta
subcostae
subcostal
subcostals
subcranial
subcrust
subcrusts
subdeaconries
subdeaconry
subdeaconship
subdeaconships
subdeaneries
subdeanery
subdecanal
subdeliria
subdelirious
subdelirium
subdeliriums
subdew
subdewed
subdewing
subdews
subdiaconal
subdiaconate
subdiaconates
subdivisible
subdivisional
subdivisive
subdolous
subdorsal
subduable
subduedness
subduednesses
subduement
subduements
subduple
subduplicate
subeconomic
subedar
subedars
subeditorship
subeditorships
subentire
subequal
subequatorial
suber
suberate
suberates
subereous
suberic
suberisation
suberisations
suberise
suberised
suberises
suberising
subers
subfactorial
subfactorials
subfertile
subfertilities
subfertility
subfeu
subfeudation
subfeudations
subfeudatory
subfeued
subfeuing
subfeus
subfuscous
subfuscs
subfusk
subfusks
subgeneric
subgenerically
subglobose
subglobular
subharmonic
subharmonics
subhastation
subhastations
subhedral
subimaginal
subimagines
subimago
subimagos
subincise
subincised
subincises
subincising
subincision
subincisions
subindicate
subindicated
subindicates
subindicating
subindication
subindications
subindicative
subinfeudatories
subinfeudatory
subinsinuation
subinsinuations
subinspector
subinspectors
subinspectorship
subinspectorships
subintellection
subintellections
subintelligence
subintelligences
subintelligitur
subintelligiturs
subintrant
subintroduce
subintroduced
subintroduces
subintroducing
subinvolution
subinvolutions
subitaneous
subitise
subitised
subitises
subitising
subitize
subitized
subitizes
subitizing
subjectified
subjectifies
subjectify
subjectifying
subjectivisation
subjectivisations
subjectivistically
subjectship
subjectships
subjoinder
subjoinders
subjunctively
sublanceolate
sublapsarian
sublapsarianism
sublapsarianisms
sublapsarians
sublessee
sublessees
sublessor
sublessors
subletter
subletters
sublettings
subliminals
sublimings
sublimise
sublimised
sublimises
sublimising
sublimize
sublimized
sublimizes
sublimizing
sublinear
sublineation
sublineations
sublunate
subman
submatrices
submatrix
submatrixes
submen
submenta
submental
submentum
submergement
submergements
submergibilities
submergibility
submersibilities
submersibility
submicrominiature
submicrons
subminiatures
subminiaturise
subminiaturised
subminiaturises
subminiaturising
subminiaturize
subminiaturized
subminiaturizes
subminiaturizing
submissible
submissly
submissness
submissnesses
submitter
submitters
submittings
submolecule
submolecules
submontane
submucous
subnascent
subnatural
subneural
subniveal
subnivean
subnormals
suboccipital
suboctave
suboctaves
suboctuple
subocular
suboffice
subofficer
subofficers
suboffices
subopercula
subopercular
suboperculum
subordinal
subordinancies
subordinancy
subordinaries
subordinary
subordinationism
subordinationisms
subordinationist
subordinationists
subovate
subpanation
subpanations
subphrenic
subprefect
subprefects
subprefecture
subprefectures
subprior
subprioress
subprioresses
subpriors
subreference
subreferences
subreptive
subsacral
subscapular
subscapulars
subschema
subschemata
subscribable
subscribings
subscriptive
subsecive
subsellia
subsellium
subsensible
subsequential
subservients
subsessile
subshrubby
subsidencies
subsidency
subsistential
subsizar
subsizars
subsoilings
subsong
subsongs
subspecialities
subspeciality
subspecifically
subspinous
substantialise
substantialised
substantialises
substantialising
substantialism
substantialisms
substantialist
substantialists
substantialize
substantialized
substantializes
substantializing
substantivise
substantivised
substantivises
substantivising
substantivities
substantivity
substellar
substernal
substitutivities
substitutivity
substract
substracted
substracting
substraction
substractions
substractor
substractors
substracts
substratal
substrative
substratosphere
substratospheres
substruct
substructed
substructing
substruction
substructions
substructs
substylar
substyle
substyles
subsultive
subsultorily
subsultory
subsultus
subsultuses
subsumptive
subtack
subtacks
subtacksman
subtacksmen
subtangent
subtangents
subtense
subtenses
subtenure
subtenures
subternatural
subterrain
subterrains
subterrane
subterraneans
subterranes
subterrene
subterrenes
subterrestrial
subterrestrials
subtidal
subtil
subtilisation
subtilisations
subtilise
subtilised
subtilises
subtilising
subtopia
subtopian
subtopias
subtorrid
subtractor
subtractors
subtreasurer
subtreasurers
subtriangular
subtriplicate
subtrist
subtropically
subtrude
subtruded
subtrudes
subtruding
subucula
subuculas
subumbrellar
subungulate
subungulates
suburbanisation
suburbanisations
suburbanism
suburbanisms
suburbanities
suburbanity
suburbicarian
subursine
subversal
subversals
subverse
subversed
subverses
subversing
subversionaries
subverst
subvertebral
subvertical
subvitreous
subwarden
subwardens
subwoofer
subwoofers
subzonal
succade
succades
succentor
succentors
successantly
successionist
successionists
successionless
successless
successlessly
successlessness
successlessnesses
successorship
successorships
succi
succinctoria
succinctories
succinctorium
succinctory
succinite
succinites
succise
succos
succose
succot
succoth
succourable
succourer
succourers
succourless
succous
succubas
succubine
succubous
succulencies
succulency
succursal
succursals
succus
succussation
succussations
succussion
succussions
succussive
suchwise
sucken
suckener
suckeners
suckens
sucket
suckets
suckings
sucralfate
sucralfates
sucuruju
sucurujus
sud
sudamen
sudamina
sudaminal
sudate
sudated
sudates
sudating
sudation
sudations
suddenties
suddenty
sudder
sudders
sudor
sudoral
sudoriparous
sudorous
sudors
sueabilities
sueability
sueable
suedette
suedettes
suetier
suetiest
suettier
suettiest
suetty
suffect
suffete
suffetes
sufficience
sufficiences
sufficients
sufficingness
sufficingnesses
suffigance
suffigances
suffisance
suffisances
suffixion
suffixions
sufflation
sufflations
suffocatings
suffraganship
suffraganships
suffragettism
suffragettisms
suffragism
suffragisms
suffructescent
suffruticose
suffumigate
suffumigated
suffumigates
suffumigating
suffumigation
suffumigations
sugarallie
sugarallies
sugarally
sugariness
sugarinesses
sugarings
suggestionisation
suggestionisations
suggestionise
suggestionised
suggestionises
suggestionising
suggestionism
suggestionisms
suggestionist
suggestionists
suggestionization
suggestionizations
suggestionize
suggestionized
suggestionizes
suggestionizing
sugging
suggings
suicidologies
suicidologist
suicidologists
suicidology
suid
suidian
suidians
suids
suilline
suings
suitored
suitoring
suitress
suitresses
suivante
suivantes
suivez
sujee
sujees
suk
sukh
sukhs
sukkos
suks
sulcalise
sulcalised
sulcalises
sulcalising
sulcalize
sulcalized
sulcalizes
sulcalizing
sulcation
sulcations
sulfacetamide
sulfacetamides
sulfadoxine
sulfadoxines
sulfamethoxazole
sulfamethoxazoles
sulfathiazole
sulfathiazoles
sulfation
sulfations
sulfurate
sulfurated
sulfurates
sulfurating
sulfuration
sulfurations
sulfurator
sulfurators
sulpha
sulphacetamide
sulphacetamides
sulphadiazine
sulphadiazines
sulphamethoxazole
sulphamethoxazoles
sulphanilamide
sulphanilamides
sulphas
sulphatase
sulphatases
sulphathiazole
sulphathiazoles
sulphatic
sulphation
sulphations
sulphhydryl
sulphhydryls
sulphinpyrazone
sulphinpyrazones
sulphinyl
sulphinyls
sulphite
sulphites
sulphonamide
sulphonamides
sulphonate
sulphonated
sulphonates
sulphonating
sulphonation
sulphonations
sulphone
sulphones
sulphonium
sulphoniums
sulphonylurea
sulphonylureas
sulphurate
sulphurated
sulphurates
sulphurating
sulphuration
sulphurations
sulphurator
sulphurators
sulphureously
sulphureousness
sulphureousnesses
sulphuret
sulphureted
sulphureting
sulphurets
sulphuretted
sulphuretting
sulphuric
sulphurisation
sulphurisations
sulphurization
sulphurizations
sulphurize
sulphurized
sulphurizes
sulphurizing
sultanship
sultanships
sumatra
sumatras
summar
summariness
summarinesses
summarist
summarists
summat
summats
summerings
summerset
summersets
summersetted
summersetting
summertide
summertides
summings
summist
summists
summitless
sumotori
sumotoris
sumph
sumphish
sumphishness
sumphishnesses
sumphs
sumpit
sumpitan
sumpitans
sumpits
sumpsimus
sumpsimuses
sumptuosities
sumptuosity
sunbake
sunbakes
sunbaking
sunbathings
sunbeamed
sunbeat
sunbeaten
sunbed
sunbeds
sunberries
sunberry
sunblind
sunblinds
sunbright
sundari
sundaris
sunderance
sunderances
sunderings
sunderment
sunderments
sundra
sundras
sundrenched
sundri
sundris
sungar
sungars
sunhat
sunhats
sunket
sunkets
sunkie
sunkies
sunks
sunlessness
sunlessnesses
sunlounger
sunloungers
sunray
sunrays
sunrising
sunrisings
sunsetting
sunsettings
suntrap
suntraps
sunworshipper
sunworshippers
suovetaurilia
supawn
supawns
superactive
superacute
superadditional
superaltar
superaltars
superannuable
superate
superated
superates
superating
superation
superations
superbities
superbity
superbold
superbrain
superbrains
superbrat
superbrats
superbug
superbugs
supercargoship
supercargoships
supercelestial
supercherie
supercheries
superciliaries
supercold
supercolumnar
supercolumniation
supercolumniations
superconfidence
superconfidences
superdainty
superdense
superdominant
superdominants
supererogant
supererogate
supererogated
supererogates
supererogating
supererogative
superessential
superette
superettes
superevident
superexalt
superexaltation
superexaltations
superexalted
superexalting
superexalts
superexcellence
superexcellences
superexcellent
superfecta
superfectas
superfetate
superfetated
superfetates
superfetating
superficialise
superficialised
superficialises
superficialising
superficialize
superficialized
superficializes
superficializing
superficialness
superficialnesses
superficials
superfineness
superfinenesses
superfit
superflux
superfluxes
superfoetation
superfoetations
superfrontal
superfrontals
superfuse
superfused
superfuses
superfusing
superfusion
superfusions
superglacial
superglued
supergluing
supergrass
supergrasses
supergun
superguns
superheavies
superhive
superhives
superhumanise
superhumanised
superhumanises
superhumanising
superhumanize
superhumanized
superhumanizes
superhumanizing
superhumeral
superhumerals
superimportant
superincumbence
superincumbences
superincumbencies
superincumbency
superinducement
superinducements
superintendentship
superintendentships
superioress
superioresses
superiorship
superiorships
superloo
superloos
superluminal
supermart
supermarts
supermundane
supernacula
supernacular
supernaculum
supernationalism
supernationalisms
supernaturalise
supernaturalised
supernaturalises
supernaturalising
supernaturalize
supernaturalized
supernaturalizes
supernaturalizing
superoctave
superoctaves
superordinal
superordinary
superordinated
superordinates
superordinating
superordination
superordinations
superphyla
superphylum
superplastics
superplus
superpluses
superpolymer
superpolymers
superpraise
superpraised
superpraises
superpraising
superrealist
superrealists
superrefine
superrefined
superrefines
superrefining
supersafeties
supersafety
supersalt
supersalts
supersaver
supersavers
superscalar
superscreen
superscreens
supersedence
supersedences
supersedere
supersederes
supersensibly
supersensitiveness
supersensitivenesses
supersensual
superserviceably
supersound
supersounds
superspecies
superspeed
superspeeds
superstitiousness
superstitiousnesses
superstruct
superstructed
superstructing
superstruction
superstructions
superstructive
superstructs
supersubtile
supersymmetrical
superterranean
superterrestrial
supertitle
supertitles
supertwist
supertwists
supervenience
superveniences
supervirulent
supervisal
supervisals
supervisee
supervisees
supervisorship
supervisorships
supervolute
superwaif
superwaifs
suppawn
suppawns
suppeago
suppeagoes
suppedanea
suppedaneum
suppered
suppering
supperless
suppertime
suppertimes
supplementally
supplementaries
supplementarily
supplial
supplials
supplicat
supplicatingly
supplicats
supplicavit
supplicavits
supplyment
supplyments
supportableness
supportablenesses
supportably
supportance
supportances
supportings
supportless
supportment
supportments
supportress
supportresses
supporture
supportures
supposings
suppositionally
suppositionary
supposititiousness
supposititiousnesses
suppositive
suppressedly
suppuratives
suprachiasmic
supraciliary
supracostal
supracrustal
supralunar
supramolecule
supramolecules
supramundane
suprapubic
suprasensible
supratemporal
supremacism
supremacisms
supremes
supremities
supremity
suraddition
suradditions
suramin
suramins
surance
surances
surat
surats
surbahar
surbahars
surbasement
surbasements
surbate
surbated
surbates
surbating
surbed
surbedded
surbedding
surbeds
surbet
surchargement
surchargements
surcharger
surchargers
surcingled
surcingling
surculi
surculose
surculus
surculuses
surdities
surdity
sured
sures
suretied
suretying
surfaceman
surfacemen
surfboardings
surfcaster
surfcasters
surfcasting
surfcastings
surfeitings
surfie
surfies
surfman
surfmen
surgeful
surgeless
surgent
surgeoncies
surgeoncy
surgeonship
surgeonships
surgier
surgiest
surgings
surgy
suring
surloin
surloins
surmaster
surmasters
surmisable
surmisal
surmisals
surmisings
surmistress
surmistresses
surmounter
surmounters
surmountings
surmullet
surmullets
surnominal
surpassingness
surpassingnesses
surpliced
surprisedly
surprisingness
surprisingnesses
surprisings
surquedies
surquedries
surquedry
surquedy
surrebut
surrebuts
surrebuttal
surrebuttals
surrebutted
surrebutting
surreined
surrejoin
surrejoined
surrejoining
surrejoins
surrenderee
surrenderees
surrenderer
surrenderers
surrenderor
surrenderors
surrendries
surrendry
surrogata
surrogateship
surrogateships
surrogation
surrogations
surrogatum
surtarbrand
surtarbrands
surtitle
surtitles
surturbrand
surturbrands
surucucu
surucucus
surveille
surveilles
survew
survewe
survewed
survewes
survewing
survews
surveyal
surveyals
surveyance
surveyances
surveyorship
surveyorships
surview
surviewed
surviewing
surviews
survivalism
survivalisms
sus
susceptance
susceptances
susceptor
susceptors
suscipient
suscipients
suscitate
suscitated
suscitates
suscitating
suscitation
suscitations
suses
suspectable
suspectedly
suspectedness
suspectednesses
suspectful
suspectless
suspence
suspens
suspensibilities
suspensibility
suspensible
suspensoid
suspensoids
suspensoria
suspensorial
suspensorium
suspercollate
suspercollated
suspercollates
suspercollating
suspicionless
suspirious
sussarara
sussararas
sustainings
sustainment
sustainments
sustentacula
sustentacular
sustentaculum
sustentate
sustentated
sustentates
sustentating
sustentator
sustentators
sustention
sustentions
sustentive
sustinent
susurrate
susurrated
susurrates
susurrating
sutile
sutleries
sutlery
sutor
sutorial
sutorian
sutors
sutteeism
sutteeisms
suttle
suttled
suttles
suttletie
suttleties
suttling
suttly
suturation
suturations
suversed
svarabhakti
svarabhaktis
svastika
svastikas
swack
swad
swaddies
swaddler
swaddlers
swaddy
swads
swaggerings
swagshop
swagshops
swagsman
swagsmen
swaining
swainings
swaled
swalier
swaliest
swaling
swalings
swallet
swallets
swaly
swankers
swankey
swankeys
swankie
swankies
swankpot
swankpots
swannier
swanniest
swannings
swanny
swappings
swapt
swaption
swaptions
swarajism
swarajisms
swardier
swardiest
swardy
swarfed
swarfing
swarmings
swarty
swarve
swarved
swarves
swarving
swashier
swashiest
swashings
swashwork
swashworks
swashy
swatchbook
swatchbooks
swathier
swathiest
swathy
swattered
swattering
swattings
swayings
swayl
swayled
swayling
swaylings
swayls
swazzle
swazzles
sweal
swealed
swealing
swealings
sweals
sweard
sweards
swearings
sweatings
sweatsuit
sweatsuits
swee
sweed
sweeing
sweel
sweeled
sweeling
sweels
sweeney
sweeneys
sweepstake
sweer
sweered
sweert
swees
sweetcorn
sweetcorns
sweeted
sweetfish
sweetfishes
sweethearted
sweethearting
sweetishness
sweetishnesses
sweetmeal
sweetpea
sweetpeas
sweetwater
sweetwaters
sweetwood
sweetwoods
sweety
sweir
sweirness
sweirnesses
sweirt
swelchie
swelchies
swelldom
swelldoms
swellers
swellingly
swellish
swelt
swelted
swelterings
swelting
swelts
sweptback
sweptwing
swerf
swerfed
swerfing
swerfs
swerveless
swervings
swey
sweyed
sweying
sweys
swies
swifted
swifting
swillings
swimmingness
swimmingnesses
swimwears
swindge
swindged
swindges
swindging
swindlings
swinehood
swinehoods
swineries
swinery
swinestone
swinestones
swingbeat
swingbeats
swingboat
swingboats
swingeingly
swingings
swingism
swingisms
swinglings
swingometer
swingometers
swingtree
swingtrees
swiper
swipers
swipey
swipier
swipiest
swire
swires
swishest
swishings
swissing
swissings
switchel
switchels
switchgear
switchgears
switchier
switchiest
switchings
switchy
swits
switses
swive
swived
swivelblock
swivelblocks
swives
swiving
swiz
swizzed
swizzes
swizzing
swobber
swobbers
swoln
swone
swones
swoonings
swopper
swoppers
swoppings
swopt
swordcraft
swordcrafts
sworded
sworder
sworders
swording
swordless
swordproof
swottings
swoun
swoune
swouned
swounes
swouning
swouns
swownd
swownds
swowne
swownes
swozzle
swozzles
swy
sybaritical
sybaritish
sybbe
sybbes
sybil
sybils
sybo
syboe
syboes
sybotic
sybotism
sybotisms
sybow
sybows
sycophantical
sycophantise
sycophantised
sycophantises
sycophantising
sycophantize
sycophantized
sycophantizes
sycophantizing
sycophantries
sycophantry
sye
syed
syeing
syen
syens
syes
syke
syker
sykes
syllabaria
syllabarium
syllabical
syllabise
syllabised
syllabises
syllabising
syllabism
syllabisms
syllabize
syllabized
syllabizes
syllabizing
sylleptical
sylleptically
syllogisation
syllogisations
syllogise
syllogised
syllogiser
syllogisers
syllogises
syllogising
syllogistical
syllogistics
syllogization
syllogizations
syllogizer
syllogizers
sylphide
sylphides
sylphidine
sylphier
sylphiest
sylphine
sylphy
sylvaner
sylvaners
sylvestrian
sylvia
sylvias
sylvicultural
sylviine
sylvinite
sylvinites
symar
symars
symbion
symbions
symbole
symboles
symbolicalness
symbolicalnesses
symbolics
symbolisation
symbolisations
symboliser
symbolisers
symbolistical
symbolographies
symbolography
symbololatries
symbololatry
symbolologies
symbolology
symitar
symitare
symitares
symitars
symmetalism
symmetalisms
symmetallic
symmetral
symmetrian
symmetrians
symmetrisation
symmetrisations
symmetrise
symmetrised
symmetrises
symmetrising
symmetrophobia
symmetrophobias
sympathetical
sympathiser
sympathisers
symphile
symphiles
symphilies
symphilism
symphilisms
symphilous
symphily
symphonion
symphonions
symphylous
symphyseotomies
symphyseotomy
symphysiotomies
symphysiotomy
symphytic
sympiesometer
sympiesometers
symplast
symplasts
symploce
symploces
sympodially
symposiac
symposial
symptomatical
symptomatise
symptomatised
symptomatises
symptomatising
symptomatize
symptomatized
symptomatizes
symptomatizing
symptomological
symptoses
symptosis
symptotic
synadelphite
synadelphites
synaesthetic
synagogical
synallagmatic
synandria
synandrium
synandrous
synangia
synangium
synantherous
synantheses
synanthesis
synanthetic
synanthic
synanthies
synanthous
synanthy
synaphea
synapheas
synapheia
synapheias
synaposematic
synaposematism
synaposematisms
synaptase
synaptases
synapte
synaptes
synarchies
synarchy
synarthrodially
synastries
synastry
synaxaria
synaxarion
synaxes
synaxis
synchondroses
synchondrosis
synchoreses
synchoresis
synchroflash
synchroflashes
synchroniser
synchronisers
synchronistical
synchronistically
synchronologies
synchronology
synchyses
synchysis
synclastic
synclinals
synclinoria
synclinorium
syncoptic
synd
syndactyl
syndactylous
synded
syndereses
synderesis
syndesmotic
syndet
syndetical
syndets
syndicalistic
synding
syndings
syndromic
synds
syndyasmian
synecdochism
synecdochisms
synechia
synechias
synecologic
synecologically
synecologist
synecologists
synecphoneses
synecphonesis
synectic
synectically
synectics
syned
synedria
synedrial
synedrion
synedrium
syneideses
syneidesis
synergise
synergised
synergises
synergising
synergize
synergized
synergizes
synergizing
synes
syneses
syngamous
syngeneses
syngenesious
syngenesis
syngenetic
syngnathous
syngraph
syngraphs
syning
synkarya
synodals
synodically
synodsman
synodsmen
synoecete
synoecetes
synoecioses
synoeciosis
synoecious
synoecise
synoecised
synoecises
synoecising
synoecism
synoecisms
synoecize
synoecized
synoecizes
synoecizing
synoecologies
synoecology
synoekete
synoeketes
synoicous
synonymatic
synonymicon
synonymicons
synonymise
synonymised
synonymises
synonymising
synonymousness
synonymousnesses
synopsise
synopsised
synopsises
synopsising
synoptist
synoptistic
synoptists
synovitic
synroc
synrocs
syntagm
syntagmatite
syntagmatites
syntagms
syntan
syntans
syntectic
syntectical
syntenoses
syntenosis
syntereses
synteresis
syntexis
syntexises
synthesise
synthesised
synthesiser
synthesisers
synthesises
synthesising
synthetical
syntheticism
syntheticisms
synthetise
synthetised
synthetiser
synthetisers
synthetises
synthetising
synthetist
synthetists
synthetize
synthetized
synthetizer
synthetizers
synthetizes
synthetizing
synthon
synthons
synthroni
synthronus
syntonies
syntonin
syntonins
syntonise
syntonised
syntonises
syntonising
syntonize
syntonized
syntonizes
syntonizing
syntonous
syntony
sype
syped
sypes
syphilisation
syphilisations
syphilise
syphilised
syphilising
syphilization
syphilizations
syphilize
syphilized
syphilizes
syphilizing
syphiloid
syphilologies
syphilologist
syphilologists
syphilology
syphiloma
syphilomas
syphilomata
syphilophobia
syphilophobias
syping
syrah
syrahs
syren
syrens
syringeal
syringitis
syringitises
syringotomies
syringotomy
syrlye
syrtes
syrtis
syruped
syrupier
syrupiest
syruping
syssarcoses
syssarcosis
syssitia
syssitias
systematical
systematician
systematicians
systematisation
systematisations
systematiser
systematisers
systematologies
systematology
systemed
systemisation
systemisations
systemise
systemised
systemises
systemising
systyle
systyles
sythe
sythes
syver
syvers
tabasheer
tabasheers
tabashir
tabashirs
tabbinet
tabbinets
tabbyhood
tabbyhoods
tabefaction
tabefactions
tabefied
tabefies
tabefy
tabefying
tabellion
tabellions
taberd
taberdar
taberdars
taberds
tabescence
tabescences
tabescent
tabi
tabinet
tabinets
tabis
tablanette
tablanettes
tabletopped
tablewise
tablier
tabliers
tablings
tabloidy
taboggan
tabogganed
tabogganing
taboggans
tabopareses
taboparesis
tabourin
tabourins
tabrere
tabreres
tabret
tabrets
tabula
tabulae
tabularisation
tabularisations
tabularise
tabularised
tabularises
tabularising
tabularization
tabularizations
tabularize
tabularized
tabularizes
tabularizing
tabularly
tabulatory
tacahout
tacahouts
tacan
tacans
tacheometer
tacheometers
tacheometric
tacheometrical
tacheometries
tacheometry
tacho
tachogram
tachograms
tachograph
tachographs
tachometric
tachometrical
tachometries
tachometry
tachos
tachygraph
tachygrapher
tachygraphers
tachygraphic
tachygraphical
tachygraphies
tachygraphist
tachygraphists
tachygraphs
tachygraphy
tachylite
tachylites
tachylitic
tachylyte
tachylytes
tachylytic
tachymeter
tachymeters
tachymetric
tachymetrical
tachymetries
tachymetry
tachyphasia
tachyphasias
tachyphrasia
tachyphrasias
tachypnea
tachypneas
tachypnoea
tachypnoeas
taciturnly
tacket
tackets
tackety
tackies
tackings
tacksman
tacksmen
tacmahack
tacmahacks
tacticities
tacticity
tactilist
tactilists
tactism
tactisms
tactualities
tactuality
taddie
taddies
tadvance
tae
taed
taedium
taediums
taeing
taeniacide
taeniacides
taeniafuge
taeniafuges
taeniate
taenioid
taes
taffetases
taffeties
taffety
tagetes
taggee
taggees
taggier
taggiest
taggings
taggy
taghairm
taghairms
tagliarini
tagliarinis
taglioni
taglionis
tagma
tagmata
tagmemics
tagrag
tagrags
taguan
taguans
taha
tahas
tahina
tahinas
tahsildar
tahsildars
tai
taiaha
taiahas
taigle
taigled
taigles
taigling
tailard
tailards
taileron
tailerons
taillie
taillies
tailoress
tailoresses
tailormade
tailormake
tailormakes
tailormaking
tailpiped
tailpiping
tailstock
tailstocks
tailwheel
tailwheels
tailye
tailyes
tailzie
tailzies
taintlessly
tainture
taintures
taira
tairas
tais
taisch
taisches
taish
taishes
tait
taits
taiver
taivered
taivering
taivers
taivert
tajine
tajines
tak
takamaka
takamakas
takas
takeaways
takhi
takhis
taki
takier
takiest
takingness
takingnesses
takis
taks
taky
talak
talaks
talant
talants
talaq
talaqs
talar
talars
talaunt
talaunts
talayot
talayots
talbot
talbots
talbotype
talbotypes
talcier
talciest
talckier
talckiest
talcy
talea
taleae
taleful
talegalla
talegallas
taligrade
talionic
talipat
talipats
talismanical
talkabilities
talkability
talkback
talkbacks
talkfest
talkfests
tallat
tallats
tallent
tallents
tallet
tallets
talliable
talliate
talliated
talliates
talliating
talliths
tallot
tallots
tallowish
tallyshop
tallyshops
tallywoman
tallywomen
talma
talmas
talmud
talmuds
talooka
talookas
talpa
talpae
talpas
talukas
talukdar
talukdars
talweg
talwegs
tamabilities
tamability
tamableness
tamablenesses
tamal
tamals
tamanoir
tamanoirs
tamanu
tamanus
tamara
tamaras
tamber
tambers
tambourin
tambourinist
tambourinists
tambourins
tamburin
tamburins
tameabilities
tameability
tameableness
tameablenesses
tamelessness
tamelessnesses
tamin
tamine
tamines
tamings
tamins
tamise
tammar
tammars
tamperings
tampings
tamponade
tamponades
tamponage
tamponages
tamworth
tamworths
tana
tanadar
tanadars
tanagra
tanagras
tanagrine
tanaiste
tanaistes
tanalised
tanalized
tanas
tandemwise
tandooris
tandoors
tane
tanga
tangas
tangentally
tangentialities
tangentiality
tanghin
tanghinin
tanghinins
tanghins
tangi
tangie
tangies
tangis
tanglefoot
tanglefoots
tanglesome
tangleweed
tangleweeds
tanglingly
tanglings
tangoist
tangoists
tangun
tanguns
tanh
tanhs
taniwha
taniwhas
tankbuster
tankbusters
tankbusting
tankbustings
tankia
tankias
tankies
tankings
tanky
tanling
tanlings
tanna
tannah
tannahs
tannas
tannoy
tannoyed
tannoying
tannoys
tantalisation
tantalisations
tantaliser
tantalisers
tantalisingly
tantalisings
tantalism
tantalisms
tantalization
tantalizations
tantalizings
tantalous
tantarara
tantararas
tanti
tantonies
tantony
taoiseach
taoiseachs
tapacolo
tapacolos
tapaculo
tapaculos
tapadera
tapaderas
tapadero
tapaderos
tapeable
tapen
tapenade
tapenades
taperingly
taperings
taperness
tapernesses
taperwise
tapescript
tapescripts
tapet
tapeti
tapetis
tapets
taphephobia
taphephobias
taphonomical
taphophobia
taphophobias
taphrogeneses
taphrogenesis
tapiroid
tapist
tapists
taplash
taplashes
tapotement
tapotements
tappa
tappable
tappas
tappice
tappiced
tappices
tappicing
tappit
tapsalteerie
tapsalteeries
tapsieteerie
tapsieteeries
tapsman
tapsmen
tapstry
tapu
tapued
tapuing
tapus
taqueria
taquerias
tara
tarakihi
tarakihis
taramasalata
taramasalatas
tarand
tarands
tarantara
tarantaraed
tarantaraing
tarantaras
tarantas
tarantases
tarantass
tarantasses
taras
taratantara
taratantaraed
taratantaraing
taratantaras
taraxacum
taraxacums
tarboggin
tarboggined
tarboggining
tarboggins
tarboush
tarboushes
tarboy
tarboys
tarcel
tarcels
tardied
tardive
tardying
targed
targeteer
targeteers
targing
tariffication
tariffications
tariffless
tarings
tarmacked
tarmacking
tarnisher
tarnishers
tarpauling
tarpaulings
tarras
tarrases
tarriness
tarrinesses
tarrings
tarrock
tarrocks
tarrow
tarrowed
tarrowing
tarrows
tarsalgia
tarsalgias
tarsel
tarsels
tarsia
tarsias
tarsioid
tarsiped
tarsipeds
tarsometatarsal
tartana
tartanalia
tartanalias
tartanas
tartane
tartaned
tartanes
tartanries
tartanry
tartare
tartareous
tartares
tartarisation
tartarisations
tartarise
tartarised
tartarises
tartarising
tartarization
tartarizations
tartarize
tartarized
tartarizes
tartarizing
tartarly
tartier
tartiest
tartiness
tartinesses
tartrazine
tartrazines
tarwhine
tarwhines
tasar
tasars
taseometer
taseometers
taser
tasered
tasering
tasers
tash
tashed
tashes
tashing
tasimeter
tasimeters
tasimetric
tasker
taskers
taskings
taslet
taslets
tassell
tassellings
tassells
tasselly
tassie
tassies
tasswage
tastevin
tastevins
tastings
tate
tates
tath
tathed
tathing
taths
tatie
taties
tatler
tatlers
tatou
tatouay
tatouays
tatous
tatpurusha
tatpurushas
tatt
tatterdemallion
tatterdemallions
tattery
tattlingly
tattlings
tattow
tattowed
tattowing
tattows
tatts
tatu
tatued
tatuing
tatus
taube
taubes
tauld
tauntings
taupie
taupies
taurean
tauric
tauriform
taurobolia
taurobolium
tauromachian
tauromachies
tauromachy
tauromorphous
tautit
tautochrone
tautochrones
tautochronism
tautochronisms
tautochronous
tautologic
tautologise
tautologised
tautologises
tautologising
tautologism
tautologisms
tautologist
tautologists
tautologize
tautologized
tautologizes
tautologizing
tautometric
tautometrical
tautonymous
tautophonic
tautophonical
tautophonies
tautophony
tava
tavah
tavahs
tavas
taver
tavered
tavering
tavers
tavert
tawa
tawas
taweries
tawery
tawie
tawier
tawiest
tawings
tawney
tawneys
tawt
tawted
tawtie
tawtier
tawtiest
tawting
tawts
taxabilities
taxability
taxaceous
taxameter
taxameters
taxative
taxiarch
taxiarchs
taxidermal
taxidermise
taxidermised
taxidermises
taxidermising
taxidermize
taxidermized
taxidermizes
taxidermizing
taxings
taxol
taxols
taxonomer
taxonomers
taxonomical
taxor
taxors
tay
tayassuid
tayassuids
tayberries
tayberry
tayra
tayras
tays
tchick
tchicked
tchicking
tchicks
tchoukball
tchoukballs
te
teaboard
teaboards
teachabilities
teachability
teacherless
teachership
teacherships
teachie
teachless
tead
teade
teades
teads
teaed
teagle
teagled
teagles
teagling
teaing
teamer
teamers
teamings
teamwise
tearsheet
tearsheets
teaselings
teaseller
teasellers
teasellings
teasings
teaze
teazed
teazes
teazing
tebbad
tebbads
tech
techiness
techinesses
technicalness
technicalnesses
technicise
technicised
technicises
technicising
technicism
technicisms
technicist
technicists
technicize
technicized
technicizes
technicizing
technicolour
technicoloured
techno
technofear
technofears
technographies
technography
technojunkie
technojunkies
technomania
technomaniac
technomaniacs
technomanias
technomusic
technomusics
technophobics
technopole
technopoles
technopolis
technopolises
technopolitan
technopolitans
technopop
technopops
technos
technospeak
technospeaks
technostress
technostresses
techs
teckel
teckels
tectibranch
tectibranchiate
tectibranchiates
tectibranchs
tectiform
tectorial
tectricial
teddie
tedesca
tedesco
tedier
tediest
tediosities
tediosity
tediousome
tedisome
tedy
teemful
teemless
teend
teended
teending
teends
teene
teened
teenes
teening
teentier
teentiest
teentsier
teentsiest
teentsy
teenty
teer
teered
teering
teers
tef
tefillah
tefs
tegg
teggs
tegu
teguexin
teguexins
tegula
tegulae
tegularly
tegulated
tegumental
tegumentary
tegus
tehr
tehrs
teichopsia
teichopsias
teil
teils
teind
teinded
teinding
teinds
teinoscope
teinoscopes
teknonymies
teknonymous
teknonymy
telaesthesia
telaesthesias
telaesthetic
telary
telautographic
telautographies
telautography
teld
telearchics
telebanking
telebankings
telebridge
telebridges
telecamera
telecameras
telechir
telechiric
telechirs
telecine
telecines
telecom
telecommand
telecommands
telecommutings
telecoms
telecontrol
telecontrols
teleconverter
teleconverters
telecottage
telecottages
telecottaging
telecottagings
teledildonics
telefax
telefaxed
telefaxes
telefaxing
telega
telegas
telegnoses
telegnosis
telegnostic
telegonic
telegonous
telegrammatic
telegrammic
telejournalism
telejournalisms
telejournalist
telejournalists
telemarked
telemarking
telematic
telematics
telencephalons
teleologism
teleologisms
teleosaur
teleosaurian
teleosaurians
teleosaurs
teleosteans
teleostome
teleostomes
teleostomous
telepathed
telepathing
telepathise
telepathised
telepathises
telepathising
telepathist
telepathists
telepathize
telepathized
telepathizes
telepathizing
telepheme
telephemes
telephotograph
telephotographic
telephotographs
telepoint
telepoints
telepresence
telepresences
teleprompter
teleprompters
telerecord
telerecorded
telerecording
telerecordings
telerecords
telergic
telergically
telergies
telergy
telesale
telesales
telescience
telesciences
telescopical
telescopies
telescopiform
telescopist
telescopists
telescopy
telescreen
telescreens
teleselling
telesellings
teleseme
telesemes
teleservices
teleshopping
teleshoppings
telesm
telesmatic
telesmatical
telesmatically
telesms
telesoftware
telesoftwares
telespectroscope
telespectroscopes
telestereoscope
telestereoscopes
telesthesia
telesthesias
telesthetic
telestich
telestichs
teletex
teletexes
teletron
teletrons
televangelical
televerite
televerites
televiser
televisers
televisional
televisionary
televisor
televisors
televisually
teleworker
teleworkers
teleworking
teleworkings
telewriter
telewriters
telferage
telferages
telfered
telferic
telfering
tellar
tellared
tellaring
tellars
tellen
tellens
tellered
tellering
tellership
tellerships
tellin
tellings
tellinoid
tellins
tellural
tellurate
tellurates
telluretted
tellurian
tellurians
tellurion
tellurions
tellurise
tellurised
tellurises
tellurising
tellurite
tellurites
tellurize
tellurized
tellurizes
tellurizing
tellurous
tellus
telluses
telnet
telnets
telophasic
teloses
telpherage
telpherages
telpheric
telpherline
telpherlines
telpherman
telphermen
telpherway
telpherways
telt
temazepam
temazepams
teme
temed
temene
temenos
temerous
temerously
temes
temperabilities
temperability
temperalitie
temperalities
temperamentful
temperated
temperates
temperating
temperative
temperings
tempestive
tempolabile
temporalness
temporalnesses
temporalties
temporalty
temporaneous
temporisation
temporisations
temporiser
temporisers
temporisingly
temporisings
temporizingly
temporizings
temptabilities
temptability
temptableness
temptablenesses
temptatious
temptingness
temptingnesses
temptings
tems
temse
temsed
temses
temsing
temulence
temulences
temulencies
temulency
temulent
temulently
tenaillon
tenaillons
tenantship
tenantships
tendence
tendences
tendential
tenderings
tenderise
tenderised
tenderiser
tenderisers
tenderises
tenderising
tenderling
tenderlings
tendovaginitis
tendovaginitises
tendre
tendres
tendrillar
tendrillous
tendron
tendrons
tene
tenebrae
tenebrio
tenebrios
tenebrities
tenebrity
tenebrose
tenebrosities
tenebrosity
tenemental
tenementary
tenendum
tenendums
tenes
teniacide
teniacides
teniafuge
teniafuges
teniate
tenioid
tennantite
tennantites
tenne
tennes
tenno
tennos
tenny
tenoroon
tenoroons
tenorrhaphies
tenorrhaphy
tenotomist
tenotomists
tenovaginitis
tenovaginitises
tenpence
tenpences
tenseless
tensibilities
tensibility
tensimeter
tensimeters
tensionally
tenson
tensons
tentacula
tentaculate
tentaculiferous
tentaculite
tentaculites
tentaculoid
tentaculum
tentation
tentations
tentful
tentfuls
tentiginous
tentigo
tentigos
tentings
tentoria
tentorial
tentorium
tentoriums
tentwise
tenue
tenuious
tenuirostral
tenzon
tenzons
tepefaction
tepefactions
tephigram
tephigrams
tephillah
tephillin
tephritic
tephroite
tephroites
tephromancies
tephromancy
tepidaria
tepidarium
tepider
tepidest
tequilla
tequillas
teraflop
terakihi
terakihis
teraphims
teras
terata
teratogenies
teratogeny
teratomatous
tercio
tercios
terebinthine
terebra
terebrae
terebrant
terebrants
terebras
terebrate
terebrated
terebrates
terebrating
terebration
terebrations
terebratula
terebratulae
terebratulas
terefa
terefah
terek
tereks
teres
teretes
terf
terfe
terfes
terfs
tergiversatory
termagancies
termagancy
termagantly
terminabilities
terminability
terminatory
terminer
terminers
terminism
terminisms
terminist
terminists
termlies
termly
ternal
terned
terning
terotechnologies
terotechnology
terpsichoreal
terracette
terracettes
terracings
terracotta
terracottas
terraform
terraformed
terraforming
terraformings
terraforms
terramara
terramare
terramares
terrases
terreen
terreens
terrella
terrellas
terremotive
terrenely
terribilities
terribility
terribles
terricole
terricoles
terrifier
terrifiers
territ
territorialisation
territorialisations
territorialise
territorialised
territorialises
territorialising
territoried
territs
terrorful
terrorisation
terrorisations
terroriser
terrorisers
terrorizer
terrorizers
tersanctus
tersanctuses
tersion
tersions
tertia
tertias
terts
terzetta
terzettas
terzetti
terzetto
terzettos
tes
teschenite
teschenites
tessaraglot
tessella
tessellae
tessellar
tesseral
testamental
testamentar
testamentarily
testamur
testamurs
testation
testations
testatrixes
testatum
testatums
testern
testerned
testerning
testerns
testiculate
testiculated
testificate
testificates
testification
testifications
testificator
testificators
testificatory
testimonialise
testimonialised
testimonialises
testimonialising
testimonialize
testimonialized
testimonializes
testimonializing
testimonied
testimonying
testings
testril
testrill
testrills
testrils
testudinal
testudinary
testudineous
tetanisation
tetanisations
tetanise
tetanised
tetanises
tetanising
tetrabasic
tetrabasicities
tetrabasicity
tetrabranchiate
tetrabranchiates
tetrachlorethylene
tetrachlorethylenes
tetrachloroethylene
tetrachloroethylenes
tetrachloromethane
tetrachloromethanes
tetrachordal
tetrachotomies
tetrachotomous
tetrachotomy
tetract
tetractinal
tetractine
tetracts
tetracyclic
tetradactyl
tetradactylies
tetradactylous
tetradactyls
tetradactyly
tetradite
tetradites
tetradymite
tetradymites
tetraethyl
tetragonous
tetragram
tetragrammata
tetragrams
tetragynian
tetragynous
tetrahydrofolate
tetrahydrofolates
tetrakishexahedra
tetrakishexahedron
tetrakishexahedrons
tetrameral
tetramerism
tetramerisms
tetramorphic
tetrandrian
tetrandrous
tetrapla
tetraplas
tetraplegia
tetraplegias
tetraplegic
tetrapodic
tetrapodies
tetrapodous
tetrapody
tetrapolis
tetrapolises
tetrapolitan
tetrapteran
tetrapterous
tetraptote
tetraptotes
tetrarchate
tetrarchates
tetrarchical
tetrasemic
tetrasporangia
tetrasporangium
tetrasporous
tetrastich
tetrastichal
tetrastichic
tetrastichous
tetrastichs
tetrastyle
tetrastyles
tetrasyllabic
tetrasyllabical
tetrasyllable
tetrasyllables
tetratheism
tetratheisms
tetrathlon
tetrathlons
tetratomic
tetraxon
tetraxons
tetronal
tetronals
tetrotoxin
tetrotoxins
tettered
tettering
tetterous
tettix
tettixes
teuch
teuchat
teuchats
teucher
teuchest
teuchter
teuchters
teugh
teugher
teughest
tew
tewart
tewarts
tewed
tewel
tewels
tewhit
tewhits
tewing
tewit
tewits
tews
textless
textorial
textphone
textphones
textualism
textualisms
textualist
textualists
texturise
texturised
texturises
texturising
thack
thacks
thae
thagi
thagis
thaim
thairm
thairms
thalamencephala
thalamencephalic
thalamencephalon
thalamencephalons
thalamifloral
thalassaemic
thalassian
thalassians
thalassographer
thalassographers
thalassographic
thalassographies
thalassography
thalassotherapies
thalassotherapy
thalattocracies
thalattocracy
thalian
thalictrum
thalictrums
thalliform
thalline
thalweg
thalwegs
thana
thanadar
thanadars
thanah
thanahs
thanas
thanatism
thanatisms
thanatist
thanatists
thanatognomonic
thanatographies
thanatography
thanatoid
thanatophobia
thanatophobias
thanatopsis
thanatopsises
thanatosis
thanedom
thanedoms
thanehood
thanehoods
thankee
thankings
thanksgiver
thanksgivers
thankworthily
thankworthiness
thankworthinesses
thankyou
thankyous
thanna
thannah
thannahs
thannas
thans
thar
tharborough
tharboroughs
thars
thatchings
thatchless
thatcht
thatness
thatnesses
thaumasite
thaumasites
thaumatin
thaumatins
thaumatogenies
thaumatogeny
thaumatographies
thaumatography
thaumatolatries
thaumatolatry
thaumatologies
thaumatology
thaumatrope
thaumatropes
thaumaturgi
thaumaturgical
thaumaturgics
thaumaturgism
thaumaturgisms
thaumaturgus
thawer
thawers
thawier
thawiest
thawings
thawless
thawy
theaceous
theandric
theanthropic
theanthropies
theanthropism
theanthropisms
theanthropist
theanthropists
theanthropy
thearchic
theatral
theatricalise
theatricalised
theatricalises
theatricalising
theatricalness
theatricalnesses
theatricise
theatricised
theatricises
theatricising
theatricism
theatricisms
theatricize
theatricized
theatricizes
theatricizing
theatromania
theatromanias
theatrophone
theatrophones
theave
theaves
theed
theeing
theek
theeked
theeking
theeks
thees
theftboot
theftboots
theftuous
theftuously
thegither
theic
theics
thelement
thelements
thelf
thelves
thelytokies
thelytokous
thelytoky
thema
themata
themeless
themself
thenabout
thenabouts
theocrasies
theocrasy
theodicean
theodiceans
theodolitic
theogonical
theogonist
theogonists
theologaster
theologasters
theologate
theologates
theologer
theologers
theologiser
theologisers
theologist
theologists
theologoumena
theologoumenon
theomachies
theomachist
theomachists
theomachy
theomancies
theomancy
theomania
theomaniac
theomaniacs
theomanias
theomantic
theomorphic
theomorphism
theomorphisms
theopathetic
theopathies
theopathy
theophagies
theophagous
theophagy
theophilanthropic
theophilanthropies
theophilanthropism
theophilanthropisms
theophilanthropist
theophilanthropists
theophilanthropy
theophobia
theophobiac
theophobiacs
theophobias
theophobist
theophobists
theophoric
theopneust
theopneustic
theopneusties
theopneusty
theorbist
theorbists
theorematical
theorematically
theorematist
theorematists
theoretics
theoric
theorics
theorique
theoriques
theoriser
theorisers
theosoph
theosopher
theosophers
theosophic
theosophise
theosophised
theosophises
theosophising
theosophism
theosophisms
theosophistical
theosophize
theosophized
theosophizes
theosophizing
theosophs
theotechnic
theotechnies
theotechny
theotokoi
theotokos
theow
theows
theralite
theralites
therapeutist
therapeutists
therblig
therbligs
thereagainst
thereamong
thereanent
thereaway
therebeside
thereinbefore
thereness
therenesses
thereout
therethrough
therewithin
therian
therians
therianthropic
therianthropism
therianthropisms
theriolatries
theriolatry
theriomorph
theriomorphism
theriomorphisms
theriomorphoses
theriomorphosis
theriomorphous
theriomorphs
thermalisation
thermalisations
thermalise
thermalised
thermalises
thermalising
thermical
thermidor
thermobalance
thermobalances
thermochemically
thermoelectrical
thermogeneses
thermogenesis
thermogenetic
thermogenic
thermographer
thermographers
thermologies
thermology
thermolyses
thermolysis
thermolytic
thermometrical
thermometrograph
thermometrographs
thermonasties
thermonasty
thermophil
thermophils
thermophyllous
thermoscopic
thermoscopically
thermosiphon
thermosiphons
thermotaxic
thermotherapies
thermotherapy
thermotic
thermotical
thermotics
thermotolerant
thermotropics
therologies
therology
thesmothete
thesmothetes
thetch
thetched
thetches
thetching
thete
thetes
thether
thewed
thewes
thiasus
thiasuses
thibet
thibets
thible
thibles
thicked
thicking
thicko
thickoes
thickos
thickskin
thickskins
thicky
thievings
thig
thigger
thiggers
thigging
thiggings
thiggit
thigmotactic
thigmotactically
thigmotropic
thigs
thilk
thiller
thillers
thimbled
thimbleriggings
thimbling
thingamies
thingamy
thingamybob
thingamybobs
thingamyjig
thingamyjigs
thinghood
thinghoods
thingier
thingies
thingiest
thinginess
thinginesses
thingliness
thinglinesses
thingumabob
thingumabobs
thingumbob
thingumbobs
thingummybob
thingummybobs
thingummyjig
thingummyjigs
thingy
thinnings
thiobacilli
thiobacillus
thiobarbiturate
thiobarbiturates
thiocarbamide
thiocarbamides
thiodiglycol
thiodiglycols
thiopentone
thiopentones
thiophil
thiosulphate
thiosulphates
thirdborough
thirdboroughs
thirded
thirding
thirdings
thirdsman
thirdsmen
thirlage
thirlages
thirstful
thirstless
thirteenthly
thirtyfold
thirtysomething
thirtysomethings
thisness
thisnesses
thivel
thivels
thixotrope
thixotropes
thlipses
thlipsis
thoft
thofts
tholi
tholobate
tholobates
tholus
thon
thonder
thoracal
thoracenteses
thoracentesis
thoracocenteses
thoracocentesis
thoracoplasties
thoracoplasty
thoracoscope
thoracoscopes
thoracostomies
thoracostomy
thornbill
thornbills
thornhedge
thornhedges
thornproofs
thornset
thorntree
thorntrees
thoroughbraced
thoroughgoingly
thoroughgoingness
thoroughgoingnesses
thoroughs
thoroughwax
thoroughwaxes
thother
thoughtcast
thoughtcasts
thoughted
thoughten
thousandfolds
thowel
thowels
thowl
thowless
thowls
thrae
thrang
thranged
thranging
thrangs
thrapple
thrappled
thrapples
thrappling
thrashings
thrasonic
thrave
thraves
thraward
threaden
threadmaker
threadmakers
threapit
threatenings
threatful
threave
threaves
threefoldness
threefoldnesses
threeness
threenesses
threep
threepenceworth
threepenceworths
threepennies
threepennyworth
threepennyworths
threeping
threepit
threeps
threescores
thremmatologies
thremmatology
threne
threnes
threnetic
threnetical
threnodial
threnos
threnoses
threshel
threshels
threshings
thretties
thretty
thrid
thridace
thridaces
thridded
thridding
thrids
thrillant
thrillier
thrilliest
thrillingness
thrillingnesses
thrilly
thrimsa
thrimsas
thripses
thrissel
thrissels
thrist
thristed
thristing
thristle
thristles
thrists
thristy
thriveless
thrivingness
thrivingnesses
thrivings
throatwort
throatworts
throbbingly
throbbings
throbless
throed
throeing
thrombolytics
thrombophilia
thrombophilias
thrombophlebitises
thrombose
thrombosed
thrombosing
throneless
throngful
throngings
thropple
throppled
thropples
throppling
throttlings
throughfare
throughfares
throughgaun
throughgauns
throughway
throughways
throwe
throwes
throwings
thrummingly
thrummings
thruppence
thruppences
thruppennies
thruppenny
thrustings
thrutch
thrutched
thrutches
thrutching
thrymsa
thrymsas
thuddingly
thuggism
thuggisms
thuggo
thuggos
thulite
thulites
thumbier
thumbiest
thumbikins
thumbkins
thumbless
thumblike
thumbling
thumblings
thumbpiece
thumbpieces
thumbpot
thumbpots
thumbstall
thumbstalls
thumby
thumpingly
thunbergia
thunbergias
thunderbox
thunderboxes
thunderflash
thunderflashes
thunderier
thunderiest
thunderings
thunderless
thunderousness
thunderousnesses
thundrous
thuriferous
thurification
thurifications
thurified
thurifies
thurify
thurifying
thuses
thusness
thusnesses
thuswise
thwackings
thwaite
thwaites
thwartedly
thwartingly
thwartings
thwartship
thwartships
thwartways
thyine
thylose
thyloses
thylosis
thymelaeaceous
thyreoid
thyreoids
thyrsoidal
thysanopterous
thysanurous
tiar
tiars
tibiotarsi
tibiotarsus
tibouchina
tibouchinas
ticca
tice
ticed
tices
tich
tiches
tichier
tichiest
tichorrhine
tichy
ticing
ticken
tickens
tickettyboo
tickey
tickeys
tickies
ticklier
tickliest
ticklings
tickly
ticky
tid
tiddier
tiddies
tiddiest
tiddle
tiddled
tiddledywink
tiddles
tiddley
tiddleys
tiddlier
tiddlies
tiddliest
tiddling
tiddlywink
tiddy
tidemill
tidemills
tidesman
tidesmen
tidewave
tidewaves
tidivate
tidivated
tidivates
tidivating
tidivation
tidivations
tids
tierced
tiercelet
tiercelets
tierceron
tiercerons
tiercet
tiercets
tierod
tierods
tietac
tietack
tietacks
tietacs
tiffings
tift
tifted
tifting
tifts
tig
tige
tigerism
tigerisms
tigerly
tigery
tiges
tigged
tigging
tiggywinkle
tiggywinkles
tightish
tightishly
tigrine
tigrish
tigrishly
tigrishness
tigrishnesses
tigroid
tigs
tika
tikas
tikka
tileries
tilery
tiliaceous
tillerless
tillier
tilliest
tillings
tilly
tiltings
timarau
timaraus
timariot
timariots
timberyard
timberyards
timbo
timbos
timbrologies
timbrologist
timbrologists
timbrology
timbromania
timbromaniac
timbromaniacs
timbromanias
timbrophilies
timbrophilist
timbrophilists
timbrophily
timeframe
timeframes
timenoguy
timenoguys
timetabled
timetabling
timist
timists
timon
timoneer
timoneers
timons
timorsome
timous
timously
timps
tinaja
tinajas
tinchel
tinchels
tind
tindal
tindals
tinded
tinding
tinds
tinglings
tinglish
tinguaite
tinguaites
tinies
tink
tinked
tinkerings
tinking
tinklingly
tinklings
tinks
tinnie
tinnies
tinnings
tinplated
tinplating
tinpot
tinpots
tinselries
tinselry
tinsey
tinseys
tinsnips
tintack
tintacks
tintier
tintiest
tintiness
tintinesses
tintinnabula
tintinnabulant
tintinnabular
tintinnabulate
tintinnabulated
tintinnabulates
tintinnabulating
tintinnabulous
tintinnabulum
tinty
tippings
tipsified
tipsifies
tipsify
tipsifying
tipt
tipula
tipulas
tirailleur
tirailleurs
tirasse
tirasses
tireling
tirelings
tirings
tirocinium
tirociniums
tiroes
tirr
tirred
tirring
tirrit
tirrits
tirrivee
tirrivees
tirrivie
tirrivies
tirrs
tisick
tisicks
tiswas
tiswases
titanis
titanises
titch
titches
titchier
titchiest
titchy
tite
titely
tithingman
tithingmen
titillator
titillators
titleless
titler
titlers
titlings
titly
titmose
titoki
titokis
titted
titterings
titting
tittish
tittivation
tittivations
tittlebat
tittlebats
tittled
tittling
tittupy
titubancies
titubancy
titubant
titubate
titubated
titubates
titubating
titubation
titubations
titularities
titularity
titule
tituled
titules
tituling
titup
tituped
tituping
titupped
titupping
titups
titupy
tizwas
tizwases
tizz
tizzes
tjanting
tjantings
toadgrass
toadgrasses
toadrush
toadrushes
toastie
toasties
toastings
toaze
toazed
toazes
toazing
tobaccanalian
tobaccanalians
toboggin
toboggined
toboggining
toboggins
toc
toccatella
toccatellas
toccatina
toccatinas
tochered
tochering
tocherless
tock
tocked
tocking
tocks
toco
tocos
tocs
todde
todded
toddes
todding
toeas
toeclip
toeclips
toeier
toeiest
toerag
toeragger
toeraggers
toerags
toetoe
toetoes
toey
toffier
toffiest
toffish
toffishness
toffishnesses
tofore
togate
togated
toge
toged
toges
toheroa
toheroas
toho
tohos
tohunga
tohungas
toilinet
toilinets
toilinette
toilinettes
toilings
toilless
toise
toiseach
toiseachs
toisech
toisechs
toises
toitoi
toitois
tokenistic
toko
tokoloshe
tokoloshes
tokos
tolerationism
tolerationisms
tolerationist
tolerationists
toleware
tolewares
tolings
tollable
tollbridge
tollbridges
tolldish
tolldishes
tollings
tollman
tollmen
tolsel
tolsels
tolsey
tolseys
tolt
tolter
toltered
toltering
tolters
tolts
toluic
tolzey
tolzeys
tomatilloes
tombic
tomboc
tombocs
tomboyishly
tomentous
tomfooled
tomfooling
tomfoolishness
tomfoolishnesses
tomia
tomial
tomium
tommied
tommying
tomograph
tomographs
tompon
tomponed
tomponing
tompons
tonalite
tonalites
tonalitive
tonant
tondini
tondino
tondinos
tonepad
tonepads
tongster
tongsters
tonguelet
tonguelets
tonguester
tonguesters
tonies
tonings
tonishness
tonishnesses
tonite
tonites
tonk
tonked
tonker
tonkers
tonking
tonks
tonlet
tonlets
tonnag
tonnags
tonnell
tonnells
tonnishly
tonnishness
tonnishnesses
tonsilectomies
tonsilectomy
tonsilitic
tonsilitis
tonsilitises
tonsillary
tonsillitic
tonsillotomies
tonsillotomy
tonsilotomies
tonsilotomy
tonsor
tonsors
tontiner
tontiners
tooart
tooarts
toolbag
toolbags
toolbar
toolbars
toolkit
toolkits
toolman
toolmen
toolpusher
toolpushers
toomed
toomer
toomest
tooming
tooms
toorie
toories
toothcomb
toothcombs
toothful
toothfuls
toothiness
toothinesses
toothshell
toothshells
toothwash
toothwashes
tootsed
tootsing
toparch
toparchies
toparchs
toparchy
topazolite
topazolites
topectomies
topectomy
topek
topeks
tophaceous
topiarian
topiarist
topiarists
topknotted
toplined
topliner
topliners
toplining
topmaker
topmakers
topmaking
topmakings
topman
topmen
topologic
toponymal
toponymics
topophilia
topophilias
toppingly
topsman
topsmen
topsoilings
toquilla
toquillas
toran
torana
toranas
torans
torbanite
torbanites
torbernite
torbernites
torcher
torchers
torchings
torcular
torculars
tordion
tordions
torgoch
torgochs
tormenta
tormentedly
tormentingly
tormentings
tormentum
tormentums
tormina
torminal
torminous
tornade
tornades
torpedinous
torpedoer
torpedoers
torpedoist
torpedoists
torpefied
torpefies
torpefy
torpefying
torpescence
torpescences
torpescent
torpidness
torpidnesses
torpids
torpitude
torpitudes
torporific
torquated
torrefaction
torrefactions
torrentialities
torrentiality
torrentuous
torret
torrets
torrs
torse
torsel
torsels
torses
torsibilities
torsibility
torsiograph
torsiographs
torsive
tortfeasor
tortfeasors
tortilities
tortility
tortive
tortrices
torturedly
torturesome
torturingly
torturings
toruffled
toruli
torulin
torulins
torulose
toruloses
torulosis
torulus
tosa
tosas
tose
tosed
toses
toshach
toshachs
toshed
tosher
toshers
toshier
toshiest
toshing
toshy
tosing
tossen
tossicated
tossier
tossiest
tossily
tossings
tossy
tosticated
tostication
tostications
totalisation
totalisations
totalise
totalised
totaliser
totalisers
totalises
totalising
totalization
totalizations
totanus
totanuses
totaquine
totaquines
totara
totaras
totient
totients
totipalmate
totipalmation
totipalmations
totitive
totitives
totterings
tottie
tottier
totties
tottiest
tottings
totty
toucanet
toucanets
touchableness
touchablenesses
touchingness
touchingnesses
touchings
touchless
touchtone
toughener
tougheners
toughenings
toughish
touk
touked
touking
touks
toun
touns
toupet
toupets
tourie
touries
tourneyer
tourneyers
tournure
tournures
touser
tousers
tousier
tousiest
tousings
toustie
toustier
toustiest
tousy
toutie
toutier
toutiest
touze
touzed
touzes
touzier
touziest
touzing
touzy
tovarisch
tovarisches
towable
towardness
towardnesses
towbar
towbars
towelhead
towelheads
towerless
towier
towiest
towings
towmon
towmons
towmont
towmonts
townhouse
townhouses
townier
towniest
townish
townland
townlands
townless
townlier
townliest
townling
townlings
townly
townscaped
townscaping
townscapings
townskip
townskips
towse
towsed
towser
towsers
towses
towsier
towsiest
towsing
towsy
towt
towted
towting
towts
towy
towze
towzed
towzes
towzier
towziest
towzing
towzy
toxical
toxically
toxication
toxications
toxicogenic
toxicomania
toxicomanias
toxicophagous
toxicophobia
toxicophobias
toxiphagous
toxiphobia
toxiphobiac
toxiphobiacs
toxiphobias
toxocara
toxocaras
toxocariases
toxocariasis
toxophilitic
toyings
toyish
toyishly
toyishness
toyishnesses
toylesome
toyless
toylsom
toyman
toymen
toysome
toywoman
toywomen
toze
tozed
tozes
tozie
tozies
tozing
trabeculated
traceableness
traceablenesses
traceably
tracelessly
trachearian
trachearians
trachearies
tracheide
tracheides
trachelate
tracheoscopies
tracheoscopy
trachinus
trachinuses
trachitis
trachitises
trachomatous
trachypterus
trachypteruses
trachytoid
trackable
trackerball
trackerballs
tracklement
tracklements
tracklessly
tracklessness
tracklessnesses
trackroad
trackroads
tractarian
tractarians
tractator
tractators
tracted
tractilities
tractility
tracting
tractoration
tractorations
tractrices
tractrix
tractus
tractuses
tradeful
tradeless
tradename
tradenames
tradesfolk
tradesmanlike
tradeswoman
tradeswomen
tradings
traditionalities
traditionality
traditionarily
traditioner
traditioners
traditionist
traditionists
traditive
traditors
trads
traducible
traducingly
traducings
traduction
traductions
traductive
trafficator
trafficators
traffickings
trafficless
tragelaph
tragelaphine
tragelaphs
tragicalness
tragicalnesses
tragicomically
tragule
tragules
traguline
traik
traiked
traiking
traikit
traiks
trailable
trailbaston
trailbastons
trailingly
trainless
traipsings
traitorhood
traitorhoods
traitorism
traitorisms
traitorly
traitorousness
traitorousnesses
traitorship
traitorships
tralaticious
tralatitious
tramlined
trammeller
trammellers
tramontana
tramontanas
trampet
trampets
trampette
trampettes
trampings
tramplings
trampolin
trampolined
trampolins
trancedly
tranchet
tranchets
tranect
tranects
trangle
trangles
trankum
trankums
trannie
trannies
tranny
tranquilization
tranquilizations
tranquilizingly
tranquillisation
tranquillisations
tranquillise
tranquillised
tranquilliser
tranquillisers
tranquillises
tranquillising
tranquillisingly
tranquillization
tranquillizations
tranquillizingly
transactinides
transactionally
transalpines
transandean
transandine
transcalencies
transcalency
transcalent
transcaucasian
transcendentalise
transcendentalised
transcendentalises
transcendentalising
transcendentalities
transcendentality
transcendentalize
transcendentalized
transcendentalizes
transcendentalizing
transcendentals
transcendentness
transcendentnesses
transcontinentally
transcribable
transcriptive
transcriptively
transductor
transductors
transe
transenna
transennas
transeptate
transes
transeunt
transfard
transferrabilities
transferrability
transferral
transferrals
transferribilities
transferribility
transferrible
transfigurement
transfigurements
transformings
transformism
transformisms
transformist
transformistic
transformists
transfuser
transfusers
transfusionist
transfusionists
transfusive
transfusively
transgender
transgenders
transgeneses
transgenesis
transgenics
transgressional
transgressively
transhipment
transhipments
transhipper
transhippers
transhippings
transhume
transhumed
transhumes
transhuming
transientness
transientnesses
transiliencies
transiliency
transilient
transire
transires
transisthmian
transistorisation
transistorisations
transitable
transitionals
transitionary
translationally
translatives
translatorial
transleithan
transliterator
transliterators
translucid
translucidities
translucidity
translunar
translunary
transmew
transmewed
transmewing
transmews
transmigrant
transmigrants
transmigrational
transmigrationism
transmigrationisms
transmigrationist
transmigrationists
transmigrative
transmissional
transmissively
transmissiveness
transmissivenesses
transmittible
transmove
transmoved
transmoves
transmoving
transmundane
transmutabilities
transmutability
transmutableness
transmutablenesses
transmutably
transmutational
transmutationist
transmutationists
transmuter
transmuters
transonics
transpadane
transpicuously
transpirable
transpiratory
transplantings
transportal
transportals
transportance
transportances
transportedly
transportedness
transportednesses
transportingly
transportings
transportive
transposabilities
transposability
transposal
transposals
transposer
transposers
transposings
transpositive
transputer
transputers
transshipper
transshippers
transshippings
transubstantially
transubstantiationalist
transubstantiationalists
transubstantiationist
transubstantiationists
transubstantiator
transubstantiators
transudatory
transume
transumed
transumes
transuming
transumpt
transumption
transumptions
transumptive
transumpts
transuranian
transvaluer
transvaluers
transversalities
transversality
transversally
transversed
transversing
transversion
transversions
transvest
transvested
transvestic
transvesting
transvestist
transvestists
transvestitism
transvestitisms
transvests
trant
tranted
tranter
tranters
tranting
trants
trape
traped
trapesings
trapezed
trapezial
trapeziform
trapezing
trapezohedral
traping
traplike
trappean
trappier
trappiest
trappiness
trappinesses
trappy
trashcan
trashcans
trasheries
trashery
trashtrie
trashtries
trat
trats
tratt
tratts
trauchle
trauchled
trauchles
trauchling
traumatisation
traumatisations
traumatological
traumatologies
traumatology
traumatonasties
traumatonasty
travelator
travelators
travelings
travellings
traversings
travertin
travertins
travis
travises
travolator
travolators
trawlings
traybit
traybits
traymobile
traymobiles
trayne
trayned
traynes
trayning
treacher
treacherer
treacherers
treachers
treachetour
treachetours
treachour
treachours
treacled
treaclier
treacliest
treacliness
treaclinesses
treacling
treadings
treadlings
treague
treagues
treasonableness
treasonablenesses
treatings
trebleness
treblenesses
trecentist
trecentists
treck
trecked
trecking
trecks
treddle
treddled
treddles
treddling
tredille
tredilles
tredrille
tredrilles
treelessness
treelessnesses
treeship
treeships
trefa
trefoiled
tregetour
tregetours
treif
treillaged
treille
treilles
trekschuit
trekschuits
trema
tremas
trematic
trematoid
trematoids
tremblant
tremblement
tremblements
tremblingly
tremblings
tremie
tremies
tremolandi
tremolando
tremolandos
tremolant
tremolants
tremored
tremoring
tremorless
tremulants
tremulate
tremulated
tremulates
tremulating
trenchand
trenchard
trenchards
trendsettings
trendyism
trendyisms
trenise
trenises
trental
trentals
trepanner
trepanners
trepannings
trephiner
trephiners
trephinings
trepidatory
tressier
tressiest
tressing
tressured
tressy
trest
trests
trevallies
trevally
trevis
trevises
treviss
trevisses
trew
trewsman
trewsmen
treybit
treybits
trez
trezes
triaconter
triaconters
triact
triactinal
triactine
triadelphous
triadist
triadists
triakisoctahedra
triakisoctahedron
triakisoctahedrons
trialism
trialisms
trialist
trialists
trialities
triality
trialled
trialling
triallist
triallists
triandrian
triandrous
triangled
triangulately
triapsal
triapsidal
triarch
triarchs
triatic
triatics
triatomically
triaxials
triaxon
triaxons
tribadic
tribadies
tribadism
tribadisms
tribady
tribalist
tribalistic
tribalists
tribble
tribbles
tribeless
tribeswoman
tribeswomen
triblet
triblets
tribometer
tribometers
tribunicial
tribunician
tribunitial
tribunitian
tributarily
tributariness
tributarinesses
tributer
tributers
tricameral
tricar
tricarpellary
tricars
tricentenaries
tricentenary
tricephalous
tricerion
tricerions
trichinella
trichinellae
trichinellas
trichiniases
trichiniasis
trichinisation
trichinisations
trichinise
trichinised
trichinises
trichinising
trichinization
trichinizations
trichinose
trichinosed
trichinosing
trichinotic
trichitic
trichlorethylene
trichlorethylenes
trichobacteria
trichological
trichophyton
trichophytons
trichophytoses
trichophytosis
trichopterist
trichopterists
trichopterous
trichord
trichords
trichoses
trichosis
trichotillomania
trichotillomanias
trichotomise
trichotomised
trichotomises
trichotomising
trichotomize
trichotomized
trichotomizes
trichotomizing
trichroic
trichroism
trichroisms
trichrome
trichromic
trichromics
trichronous
trickings
trickless
tricklet
tricklets
tricklier
trickliest
tricklings
trickly
tricksome
trickstering
tricksterings
tricolour
tricoloured
tricolours
triconsonantal
triconsonantic
tricorporate
tricorporated
tricostate
tricoteuse
tricoteuses
tricrotic
tricrotism
tricrotisms
tricrotous
tricuspidate
tricycled
tricycler
tricyclers
tricycling
tricyclings
tricyclist
tricyclists
tridacna
tridacnas
tridactyl
tridactylous
tridarn
tridarns
tride
tridental
tridentate
tridented
tridominium
tridominiums
triduan
tridymite
tridymites
trie
triecious
trierarchal
trieteric
triethylamine
triethylamines
trifacial
trifarious
triff
triffer
triffest
triffic
triffid
triffidian
triffids
triffidy
triflingly
triflingness
triflingnesses
trifolies
trifoly
triformed
trigamies
trigamist
trigamists
trigamous
trigamy
triglot
triglots
trigonic
trigonometer
trigonometers
trigonous
trigrammatic
trigrammic
trigynian
trigynous
trihydric
trilateralism
trilateralisms
trilateralist
trilateralists
trilaterally
trilaterals
trilateration
trilaterations
trilbys
trild
trilemma
trilemmas
trilineate
trilingualism
trilingualisms
trilith
trilithic
trilithon
trilithons
triliths
trillings
trillo
trilloes
trilobated
trilobe
trilobes
trilobitic
trilocular
trimestrial
trimethyl
trimethylamine
trimethylamines
trimethylene
trimethylenes
trimetric
trimetrical
trimmingly
trimorphism
trimorphisms
trimorphous
trimtab
trimtabs
trin
trinacrian
trinacriform
trindle
trindled
trindles
trindling
trined
tringle
tringles
trining
triniscope
triniscopes
trinitrate
trinitrates
trinitrin
trinitrins
trinitrobenzene
trinitrobenzenes
trinitrophenol
trinitrophenols
trinitrotoluol
trinitrotoluols
trinketings
trinkum
trinkums
trinomialism
trinomialisms
trinomialist
trinomialists
trins
trioecious
triones
trionym
trionymal
trionyms
trior
triors
tripartism
tripartisms
tripartition
tripartitions
tripehound
tripehounds
triperies
tripersonal
tripersonalism
tripersonalisms
tripersonalist
tripersonalists
tripersonalities
tripersonality
tripery
tripetalous
tripey
triphenylamine
triphenylamines
triphibious
triphone
triphones
triphyllous
tripier
tripiest
tripitaka
tripitakas
tripleness
triplenesses
triplied
triplies
triplings
triplying
trippant
tripperish
trippery
trippings
tripple
trippled
trippler
tripplers
tripples
trippling
tripses
tripsis
tripterous
triptote
triptotes
tripudia
tripudiary
tripudiate
tripudiated
tripudiates
tripudiating
tripudiation
tripudiations
tripudium
tripudiums
tripy
triquetra
triquetral
triquetras
triquetrously
triquetrum
triradial
trisagion
trisagions
trisectrices
trisectrix
triseme
trisemes
trisemic
triskaidecaphobia
triskaidecaphobias
triskaidekaphobe
triskaidekaphobes
triskelia
trist
tristesse
tristesses
tristichic
tristichous
trisul
trisula
trisulas
trisulcate
trisulphide
trisulphides
trisuls
trisyllabical
trisyllabically
tritagonist
tritagonists
tritanopia
tritanopias
tritanopic
triternate
trites
trithionate
trithionates
trithionic
tritiate
tritiates
tritiating
tritiation
tritiations
tritical
tritically
triticalness
triticalnesses
triticeous
triticism
triticisms
tritide
tritides
tritonia
tritonias
tritubercular
trituberculate
trituberculies
trituberculism
trituberculisms
trituberculy
triumphals
triumpher
triumpheries
triumphers
triumphery
triumphings
triumviral
triumviries
triumviry
trivalence
trivalences
trivalencies
trivalency
trivalved
trivalves
trivalvular
trivialisation
trivialisations
trivialism
trivialisms
trivialness
trivialnesses
triviums
trizonal
trizone
trizones
troad
troade
troades
troads
troat
troated
troating
troats
trocheameter
trocheameters
trochi
trochilic
trochiluses
trochiscus
trochiscuses
trochisk
trochisks
trochite
trochites
trochometer
trochometers
trochosphere
trochospheres
trochotron
trochotrons
trochus
trochuses
trock
trocked
trocking
trocks
troctolite
troctolites
trodes
trods
troelie
troelies
troely
trog
trogged
trogging
troggs
troglodytical
troglodytism
troglodytisms
trogs
troilist
troilists
troke
troked
trokes
troking
trollings
trollius
trolliuses
trolloped
trollopee
trollopees
trolloping
trollopish
trombiculid
trombiculids
tromino
trominoes
trominos
tromometer
tromometers
tromometric
tron
tronc
troncs
trons
troolie
troolies
troopial
troopials
tropaeolin
tropaeolins
tropaeolum
tropaeolums
troparia
troparion
troped
trophallactic
trophesial
trophesies
trophesy
trophi
trophobioses
trophobiosis
trophobiotic
trophologies
trophology
trophoneuroses
trophoneurosis
trophoplasm
trophoplasms
trophotactic
trophotaxes
trophotaxis
trophotropic
trophotropism
trophotropisms
troping
tropist
tropists
tropologies
tropology
tropophilous
tropophyte
tropophytes
tropophytic
troposcatter
troposcatters
trossers
trothful
trothless
trottings
troubledly
troublefree
troubleshootings
troublings
troule
trouled
troules
trouling
trouncings
trouse
trousered
trousering
trouserings
trouses
trouter
trouters
troutful
trouting
troutings
troutless
troutlet
troutlets
troutling
troutlings
troutstone
troutstones
trouvaille
trouvailles
troweller
trowellers
troys
truantship
truantships
truceless
truchman
truchmans
truchmen
trucial
truckie
truckies
trucklings
trudgings
trueman
truemen
truffling
trufflings
trumpetings
trumpings
truncal
truncately
truncheoner
truncheoners
trunking
trunkings
trunksleeve
trunksleeves
trunnioned
trustlessness
trustlessnesses
truthier
truthiest
truthless
truthlessness
truthlessnesses
truthlike
truthy
trye
tryer
tryers
tryings
tryp
trypaflavine
trypaflavines
trypanocidal
trypanocide
trypanocides
tryps
tsaddik
tsaddikim
tsaddiks
tsaddiq
tsaddiqim
tsaddiqs
tsamba
tsambas
tsarevich
tsareviches
tsarevitch
tsarevitches
tsaritsa
tsaritsas
tschernosem
tschernosems
tsesarevich
tsesareviches
tsesarevitch
tsesarevitches
tsesarevna
tsesarevnas
tsesarewich
tsesarewiches
tsesarewitch
tsesarewitches
tsessebe
tsessebes
tsigane
tsiganes
tsotsi
tsotsis
tsouris
tsourises
tsuba
tsubas
tsurises
tsutsumu
tsutsumus
tuan
tuans
tuart
tuarts
tuath
tuaths
tubage
tubages
tubar
tubbiness
tubbinesses
tubbings
tubbish
tubectomies
tubectomy
tubeful
tubefuls
tuberaceous
tubercled
tubercula
tuberculation
tuberculations
tubercule
tubercules
tuberculisation
tuberculisations
tuberculise
tuberculised
tuberculises
tuberculising
tuberculization
tuberculizations
tuberculize
tuberculized
tuberculizes
tuberculizing
tuberculoma
tuberculomas
tuberculomata
tuberculose
tuberculosed
tuberculum
tuberiferous
tuberiform
tubfast
tubfasts
tubfish
tubfishes
tubicolar
tubicole
tubicoles
tubicolous
tubiflorous
tubiform
tuboplasties
tuboplasty
tubularian
tubularians
tubularities
tubularity
tubulation
tubulations
tubulature
tubulatures
tubulifloral
tubuliflorous
tuckerbag
tuckerbags
tuckerbox
tuckerboxes
tucotuco
tucotucos
tucutuco
tucutucos
tuffe
tuffes
tufftaffeta
tufftaffetas
tufftaffeties
tufftaffety
tuftaffeta
tuftaffetas
tuftaffeties
tuftaffety
tuftings
tuggingly
tuggings
tughra
tughras
tugra
tugras
tuillette
tuillettes
tuilyie
tuilyied
tuilyieing
tuilyies
tuilzie
tuilzied
tuilzieing
tuilzies
tuina
tuinas
tuism
tuisms
tuitionary
tularaemia
tularaemias
tularaemic
tulban
tulbans
tulchan
tulchans
tulipant
tulipants
tulipomania
tulipomanias
tulwar
tulwars
tum
tumefacient
tumesce
tumesced
tumesces
tumescing
tumidness
tumidnesses
tumorgenic
tumorgenicities
tumorgenicity
tumphies
tumphy
tumpier
tumpiest
tumpy
tums
tumshie
tumshies
tumulary
tumulted
tumulting
tumultuate
tumultuated
tumultuates
tumultuating
tumultuation
tumultuations
tunbellied
tunbellies
tunbelly
tund
tunded
tunding
tunds
tundun
tunduns
tunicin
tunicins
tunicked
tunier
tuniest
tunings
tunneller
tunnellers
tunnellings
tunnings
tuny
tupek
tupeks
tuppennies
tuptowing
turacin
turacins
turacoverdin
turacoverdins
turband
turbands
turbant
turbants
turbinacious
turbined
turbith
turbiths
turbocharging
turbochargings
turbond
turbonds
turbulator
turbulators
turcopole
turcopoles
turcopolier
turcopoliers
turdine
turdion
turdions
turdoid
turfen
turfiness
turfinesses
turfings
turfite
turfites
turgent
turgently
turgescencies
turgescency
turgider
turgidest
turion
turions
turkies
turkieses
turkis
turkises
turlough
turloughs
turm
turme
turmes
turmoiled
turmoiling
turms
turnagain
turnagains
turnback
turnbacks
turnbroach
turnbroaches
turncock
turncocks
turndun
turnduns
turniped
turniping
turnround
turnrounds
turnskin
turnskins
turpentiny
turpeth
turpeths
turribant
turribants
turriculate
turriculated
tusheries
tushery
tushing
tushkar
tushkars
tushker
tushkers
tuskar
tuskars
tuskier
tuskiest
tuskings
tusky
tusser
tussers
tutania
tutanias
tutenag
tutenags
tutiorism
tutiorisms
tutiorist
tutiorists
tutman
tutmen
tutorially
tutorings
tutorise
tutorised
tutorises
tutorising
tutorism
tutorisms
tutorize
tutorized
tutorizes
tutorizing
tutress
tutresses
tutrices
tutrix
tutrixes
tutsan
tutsans
tutsed
tutses
tutsing
tuttings
tutwork
tutworker
tutworkers
tutworkman
tutworkmen
tutworks
tuzz
tuzzes
twaddlier
twaddliest
twaddlings
twaddly
twafald
twaite
twaites
twal
twalhours
twalpennies
twalpenny
twals
twangingly
twangings
twangle
twangled
twangles
twangling
twanglingly
twanglings
twank
twankay
twankays
twanks
twasome
twasomes
twattler
twattlers
twattlings
tway
tways
tweakings
tweedledee
tweedledeed
tweedledeeing
tweedledees
tweedler
tweedlers
tweel
tweeled
tweeling
tweels
tweely
tweeness
tweenesses
tweer
tweered
tweering
tweers
tweest
twelfthly
twelvefold
twentyfold
twentyfolds
twentyish
twicer
twicers
twichild
twichildren
twiddlings
twier
twiers
twifold
twiforked
twiformed
twiggen
twigger
twiggers
twight
twighted
twighting
twights
twigloo
twigloos
twigsome
twilighted
twilighting
twillies
twilly
twilt
twilted
twilting
twilts
twiningly
twinings
twink
twinked
twinking
twinks
twinling
twinlings
twinter
twinters
twire
twired
twires
twiring
twiscar
twiscars
twistable
twistor
twistors
twitchings
twite
twites
twitten
twittens
twitterer
twitterers
twitteringly
twitterings
twittingly
twittings
twizzle
twizzled
twizzles
twizzling
twoccer
twoccers
twoccing
twoccings
twoer
twoers
twofoldness
twofoldnesses
twoness
twonesses
twopenceworth
twopenceworths
twopennies
twoseater
twoseaters
twostroke
twp
twyer
twyere
twyeres
twyers
twyfold
twyforked
twyformed
tychism
tychisms
tycoonate
tycoonates
tycooneries
tycoonery
tyde
tye
tyed
tyeing
tyes
tyg
tygs
tykish
tylectomies
tylectomy
tyler
tylers
tylopod
tylopods
tyloses
tylosis
tylote
tylotes
tymp
tympanics
tympaniform
tympanitis
tympanitises
tympano
tymps
tynd
tynde
typhaceous
typhlitic
typhlitis
typhlitises
typhlologies
typhlology
typhoidal
typhon
typhonian
typhons
typings
typographia
typographist
typographists
typomania
typomanias
typto
typtoed
typtoing
typtos
tyran
tyraned
tyraning
tyranne
tyranned
tyrannes
tyranness
tyrannesses
tyrannicidal
tyranning
tyrans
tyranted
tyranting
tyreless
tyroes
tyroglyphid
tyroglyphids
tyrones
tystie
tysties
tyte
tytely
tythe
tythed
tythes
tything
tzaddiks
tzaddiq
tzaddiqim
tzaddiqs
tzatziki
tzatzikis
tzetse
tzetses
tziganies
tzigany
uakari
uakaris
uberous
uberties
uberty
ubiquarian
ubiquitarian
ubiquitarians
ubiquitary
uckers
udal
udaller
udallers
udals
uddered
udderful
udderless
udometric
uds
uey
ueys
ufo
ufos
ug
ugged
ugging
uglied
uglying
ugs
ugsomeness
ugsomenesses
uhuru
uhurus
uintathere
uintatheres
uitlander
uitlanders
ujamaa
ujamaas
ulcerously
ulcerousness
ulcerousnesses
ule
ules
ulex
ulexes
ulichon
ulichons
ulicon
ulicons
uliginose
uliginous
ulikon
ulikons
ulitis
ulitises
ullaging
ulling
ullings
ulmaceous
ulmin
ulmins
ulnare
ulnaria
uloses
ulosis
ulotrichies
ulotrichous
ulotrichy
ulstered
ulsterette
ulsterettes
ultion
ultions
ultracrepidarian
ultracrepidarians
ultracrepidate
ultracrepidated
ultracrepidates
ultracrepidating
ultrafilter
ultrafiltered
ultrafiltering
ultrafilters
ultramicrochemistries
ultramicrochemistry
ultramicroscopies
ultramicroscopy
ultramontanist
ultramontanists
ultramundane
ultrasensual
ultroneous
ultroneously
ultroneousness
ultroneousnesses
ulyie
ulyies
ulzie
ulzies
umbellated
umbellately
umbellule
umbellules
umbery
umbonation
umbonations
umbracula
umbraculate
umbraculiform
umbraculum
umbraged
umbraging
umbrated
umbratic
umbratical
umbratile
umbratilous
umbre
umbrel
umbrello
umbrelloes
umbrellos
umbrels
umbrere
umbreres
umbres
umbriere
umbrieres
umbriferous
umbril
umbrils
umbrose
umbrous
umph
umpireship
umpireships
umptieth
umpty
umquhile
umwhile
unabbreviated
unabolished
unabrogated
unabsolved
unaccentuated
unacceptableness
unacceptablenesses
unacceptance
unacceptances
unaccomplished
unaccomplishment
unaccomplishments
unaccountableness
unaccountablenesses
unaccusable
unaccusably
unaccused
unaccustomedness
unaccustomednesses
unachievable
unaching
unacquaint
unacquaintance
unacquaintances
unacquaintedness
unacquaintednesses
unactive
unactuated
unadmiring
unadmonished
unadopted
unadored
unadulterate
unadventrous
unadvisable
unadvisableness
unadvisablenesses
unadvisably
unadvisedness
unadvisednesses
unagreeable
unaidable
unaking
unalienably
unalist
unalists
unalive
unallayed
unallotted
unallowable
unaltering
unamazed
unambitiously
unamendable
unamerced
unamiabilities
unamiability
unamiableness
unamiablenesses
unamusable
unamusingly
unanalysable
unanalysed
unanalytic
unanalytical
unanchor
unanchored
unanchoring
unanchors
unanimated
unannealed
unanswerableness
unanswerablenesses
unanxious
unapostolic
unapostolical
unapostolically
unappalled
unapparel
unapparelled
unapparelling
unapparels
unappetising
unapplausive
unapplicable
unapplied
unappointed
unapprehended
unapprehensible
unapprehensive
unapprehensiveness
unapprehensivenesses
unapprised
unapproachableness
unapproachablenesses
unapproached
unappropriate
unapproving
unapprovingly
unarisen
unarmoured
unarranged
unartful
unartfully
unarticulate
unartificial
unartificially
unartistlike
unascendable
unascended
unascendible
unascertainable
unascertained
unaspiring
unaspiringly
unaspiringness
unaspiringnesses
unassayed
unassignable
unassistedly
unassisting
unassumed
unassumingly
unassured
unatonable
unattainableness
unattainablenesses
unattainably
unattainted
unattempted
unattending
unattentive
unattired
unaugmented
unauspicious
unauthenticated
unauthenticities
unauthenticity
unauthorised
unauthoritative
unavailableness
unavailablenesses
unavailably
unavenged
unavertable
unavertible
unavoidabilities
unavoidability
unavoidableness
unavoidablenesses
unavoided
unavowedly
unawakening
unbaffled
unbag
unbagged
unbagging
unbags
unbailable
unbaited
unbanded
unbanked
unbaptise
unbaptised
unbaptises
unbaptising
unbaptize
unbaptizes
unbaptizing
unbare
unbared
unbares
unbaring
unbark
unbarked
unbarking
unbarks
unbarricade
unbarricades
unbarricading
unbashful
unbattered
unbear
unbearableness
unbearablenesses
unbearded
unbearing
unbears
unbeavered
unbecomings
unbed
unbedded
unbedding
unbedimmed
unbedinned
unbeds
unbeen
unbefitting
unbefriended
unbeget
unbegets
unbegetting
unbegged
unbeginning
unbegot
unbegotten
unbeguile
unbeguiled
unbeguiles
unbeguiling
unbegun
unbeing
unbeings
unbelieve
unbelieved
unbelieves
unbendingly
unbendingness
unbendingnesses
unbendings
unbeneficed
unbeneficial
unbenefited
unbenighted
unbenign
unbenignant
unbenignly
unbereft
unbeseem
unbeseemed
unbeseemingly
unbeseems
unbesought
unbespeak
unbespeaking
unbespeaks
unbespoke
unbespoken
unbestowed
unbetrayed
unbetterable
unbettered
unbewailed
unbias
unbiasedly
unbiases
unbiasing
unbiassed
unbiassedly
unbiassedness
unbiassednesses
unbiasses
unbiassing
unbindings
unbirthday
unbirthdays
unbishop
unbishoped
unbishoping
unbishops
unbitt
unbitting
unbitts
unblamable
unblamably
unblameable
unblameably
unblamed
unblenching
unblent
unbless
unblessedness
unblessednesses
unblesses
unblessing
unblind
unblindfold
unblindfolded
unblindfolding
unblindfolds
unblinding
unblinds
unblissful
unbloodied
unblotted
unblowed
unblown
unblunted
unboastful
unboding
unbone
unboned
unbones
unboning
unbooked
unboot
unbooted
unbooting
unboots
unbore
unborne
unborrowed
unbosomer
unbosomers
unbottomed
unboundedly
unbraste
unbreached
unbreathed
unbreathing
unbreech
unbreeched
unbreeches
unbreeching
unbribable
unbridledness
unbridlednesses
unbrizzed
unbrokenly
unbrokenness
unbrokennesses
unbrotherlike
unbrotherly
unbrused
unbudded
unbundler
unbundlers
unbundlings
unburies
unburnished
unburrow
unburrowed
unburrowing
unburrows
unburthen
unburthened
unburthening
unburthens
unbury
unburying
uncandidness
uncandidnesses
uncandour
uncandours
uncanonic
uncanonicalness
uncanonicalnesses
uncanonise
uncanonised
uncanonises
uncanonising
uncanonize
uncanonized
uncanonizes
uncanonizing
uncapable
uncape
uncaped
uncapes
uncaping
uncapsizable
uncareful
uncart
uncarted
uncarting
uncarts
uncatalogued
uncate
unce
uncerebral
uncertificated
unces
uncessant
unchallengeably
unchancier
unchanciest
uncharities
uncharity
uncharm
uncharmed
uncharms
uncharnel
uncharnelled
uncharnelling
uncharnels
unchary
unchastened
unchastisable
unchastised
unchastizable
unchastized
uncheck
unchecking
unchecks
uncheered
uncheerful
uncheerfully
uncheerfulness
uncheerfulnesses
unchild
unchilded
unchilding
unchilds
unchosen
unchrisom
unchristen
unchristening
unchristens
unchristianed
unchristianing
unchristianise
unchristianised
unchristianises
unchristianising
unchristianize
unchristianized
unchristianizes
unchristianizing
unchristianlike
unchristianly
unchristians
uncinated
uncipher
unciphered
unciphering
unciphers
uncircumscribed
uncited
uncivilised
unclassed
unclassy
uncleansed
uncleared
unclearly
unclearness
unclearnesses
uncled
unclerical
uncleship
uncleships
unclew
unclewed
unclewing
unclews
uncling
unclipt
uncloister
uncloistered
uncloistering
uncloisters
uncloud
unclouded
uncloudedness
uncloudednesses
unclouding
unclouds
uncloudy
uncloven
unclubable
unclutch
unclutched
unclutches
unclutching
uncoloured
uncolt
uncolted
uncolting
uncolts
uncomatable
uncombine
uncombines
uncombining
uncomeatable
uncomeliness
uncomelinesses
uncomfortableness
uncomfortablenesses
uncomforted
uncommendable
uncommendably
uncommended
uncommunicated
uncommunicativeness
uncommunicativenesses
uncommuted
uncompacted
uncompanied
uncompanionable
uncompanioned
uncompelled
uncomplaisant
uncomplaisantly
uncompliant
uncomplying
uncomposable
uncomprehensive
unconcealable
unconcealing
unconceivableness
unconceivablenesses
unconceivably
unconceived
unconcerning
unconcernment
unconcernments
unconcerted
unconciliatory
unconclusive
unconcocted
unconditionalities
unconditionality
unconditionalness
unconditionalnesses
unconfederated
unconfinable
unconfine
unconfinedly
unconfines
unconfining
unconform
unconformabilities
unconformability
unconformableness
unconformablenesses
unconforming
unconfusedly
uncongeal
uncongealed
uncongealing
uncongeals
unconjectured
unconjugal
unconjunctive
unconniving
unconquerableness
unconquerablenesses
unconscientious
unconscientiously
unconscientiousness
unconscientiousnesses
unconsecrate
unconsecrates
unconsecrating
unconsentaneous
unconsenting
unconsidering
unconsoled
unconstant
unconstrainable
unconstrainedly
uncontemned
uncontestable
uncontrollableness
uncontrollablenesses
uncontrolledly
uncontroverted
uncontrovertible
unconversable
unconversant
unconvertible
unconvicted
uncooperatively
uncope
uncoped
uncopes
uncoping
uncoquettish
uncord
uncorded
uncordial
uncording
uncords
uncorrupted
uncostly
uncounselled
uncourteous
uncourtliness
uncourtlinesses
uncourtly
uncouther
uncouthest
uncowl
uncowled
uncowling
uncowls
uncoyned
uncreate
uncreated
uncreatedness
uncreatednesses
uncreates
uncreating
uncredible
uncreditable
uncrudded
uncrystallisable
uncrystallised
uncrystallizable
unctuosities
unctuosity
uncuckolded
unculled
uncultivatable
uncumbered
uncurable
uncurbable
uncurdled
uncurse
uncursed
uncurses
uncursing
uncurtailed
uncurtain
uncurtaining
uncurtains
uncurved
uncustomed
undam
undammed
undamming
undamned
undams
undashed
undate
undauntedness
undauntednesses
undawning
undazzle
undazzled
undazzles
undazzling
unde
undeaf
undeafed
undeafing
undeafs
undealt
undear
undebarred
undebased
undebauched
undecayed
undeceivable
undecent
undecidedly
undecimal
undecimole
undecimoles
undecisive
undeck
undecking
undecks
undeclining
undecomposable
undee
undeeded
undefaced
undefide
undefied
undeified
undeifies
undeify
undeifying
undelayed
undelaying
undelectable
undeliberate
undelight
undelighted
undelightful
undelights
undemonstrable
undenominationalism
undenominationalisms
undependableness
undependablenesses
undepending
undeplored
undepraved
undepreciated
undepressed
undeprived
underaction
underactions
underactor
underactors
underagent
underagents
underbear
underbearer
underbearers
underbearing
underbearings
underbears
underbit
underbite
underbites
underbiting
underbitten
underblanket
underblankets
underbore
underborne
underbough
underboughs
underbreath
underbreaths
underbridge
underbridges
underbrushed
underbrushing
underbudget
underbudgeting
underbudgets
underbuild
underbuilder
underbuilders
underbuilding
underbuilds
underbuilt
underburnt
underbush
underbushed
underbushes
underbushing
undercapitalisation
undercapitalisations
undercapitalised
undercapitalization
undercapitalizations
undercart
undercarts
undercast
undercasts
underclad
underclay
underclays
undercliff
undercliffs
underclothe
underclothed
underclub
underclubbed
underclubbing
underclubs
underconsciousness
underconsciousnesses
undercook
undercooked
undercooking
undercooks
undercovert
undercoverts
undercrest
undercrested
undercresting
undercrests
underdamper
underdampers
underdeck
underdecks
underdevelop
underdeveloping
underdevelops
underdoer
underdoers
underdrain
underdrained
underdraining
underdrains
underdraw
underdrawing
underdrawings
underdrawn
underdraws
underdress
underdressed
underdresses
underdressing
underdrew
underdrive
underdrives
underearth
underfelt
underfelts
underfinished
underfire
underfired
underfires
underfiring
underfish
underfished
underfishes
underfishing
underfloor
underflow
underflows
underfong
underfonged
underfonging
underfongs
underfooted
underfooting
underfoots
underfulfil
underfulfilled
underfulfilling
underfulfils
underfundings
undergown
undergowns
undergraduateship
undergraduateships
undergraduette
undergraduettes
undergrove
undergroves
undergrown
underhands
underhonest
underhung
underjawed
underkeep
underkeeper
underkeepers
underkeeping
underkeeps
underkept
underking
underkingdom
underkingdoms
underkings
underlayer
underlayers
underlease
underleased
underleases
underleasing
underletter
underletters
underlettings
underlinen
underlinens
underlooker
underlookers
underman
undermanning
undermans
undermasted
undermeaning
undermeanings
undermen
undermentioned
underminde
underminded
undermindes
underminding
underminer
underminers
underminings
undern
undernamed
underneaths
underniceness
undernicenesses
undernote
undernoted
undernotes
undernoting
underns
underntime
underntimes
underpassion
underpassions
underpeep
underpeeped
underpeeping
underpeeps
underpeopled
underperform
underperformed
underperforming
underperforms
underplant
underplanted
underplanting
underplants
underpraise
underpraised
underpraises
underpraising
underpreparation
underpreparations
underprise
underprised
underprises
underprising
underprize
underprized
underprizes
underprizing
underprop
underpropped
underpropping
underprops
underquote
underquoted
underquotes
underquoting
underrunnings
undersaid
undersay
undersaye
undersayes
undersaying
undersays
underscrub
underscrubs
underseal
undersealed
undersealing
undersealings
underseals
underself
underseller
undersellers
underselves
undersense
undersenses
undersetting
undershapen
undersheriff
undersheriffs
undersign
undersigning
undersigns
underskies
underskinker
underskinkers
undersky
undersleeve
undersleeves
undersoil
undersoils
undersong
undersongs
underspend
underspending
underspends
underspent
understanded
understander
understanders
understock
understocked
understocking
understocks
understorey
understoreys
understrapping
understrata
understratum
undersupplied
undersupplying
undertakable
undertane
undertenancies
undertenancy
underthirst
underthirsts
undertime
undertimed
undertimes
undertint
undertints
undertoned
underuse
underuses
underusing
underutilisation
underutilisations
underutilise
underutilised
underutilises
underutilising
undervaluer
undervaluers
undervest
undervests
underviewer
underviewers
undervoice
undervoices
underwaters
underwears
underwired
underwiring
underwirings
underwit
underwits
underwork
underworked
underworker
underworkers
underworking
underworkman
underworkmen
underworks
underwritings
underwrought
undescendable
undescendible
undescribed
undescried
undesert
undeserts
undeserve
undeservedly
undeservedness
undeservednesses
undeserver
undeservers
undeserves
undeservingly
undesigned
undesignedly
undesignedness
undesignednesses
undesiring
undesirous
undespairing
undespairingly
undespoiled
undestroyed
undeterminate
undeterminateness
undeterminatenesses
undetermination
undeterminations
undevout
undifferenced
undight
undighting
undights
undignifies
undignify
undignifying
undiminishable
undinism
undinisms
undinted
undipped
undisappointing
undiscerned
undiscernedly
undiscernible
undiscernibly
undiscerning
undiscernings
undisciplinable
undiscipline
undisciplines
undiscomfited
undiscordant
undiscording
undiscoverably
undiscussable
undiscussible
undisguisable
undishonoured
undismantled
undisordered
undispatched
undispensed
undisposed
undisputedly
undissembled
undissolving
undistempered
undistilled
undistinctive
undistinguishable
undistinguishableness
undistinguishablenesses
undistinguishably
undistinguishing
undistractedly
undistractedness
undistractednesses
undistracting
undisturbedly
undisturbing
undiversified
undiverted
undiverting
undivested
undivestedly
undividable
undividedly
undividedness
undividednesses
undivine
undivorced
undivulged
undomesticate
undomesticates
undomesticating
undoomed
undoubtful
undoubtingly
undrainable
undreaded
undreading
undreaming
undressings
undriveable
undriven
undrooping
undrossy
undrowned
undug
undulancies
undulancy
undulately
undulatingly
undulationist
undulationists
undulose
undulous
unduteous
undyingly
undyingness
undyingnesses
uneared
unearthlier
unearthliest
uneatableness
uneatablenesses
uneath
uneathes
uneclipsed
unedge
unedged
unedges
unedging
uneffaced
uneffected
unelaborated
unelated
unembodied
unemotioned
unemptied
unendangered
unendeared
unendingness
unendingnesses
unendowed
unengaged
unenjoyable
unenquiring
unenslaved
unentailed
unentered
unentertained
unentertaining
unenthralled
unentitled
unenviably
unenvied
unenvying
unequable
unequitable
unerasable
unerringness
unerringnesses
unescorted
unespied
unessayed
unessence
unessenced
unessences
unessencing
uneth
unevangelical
unevidenced
unexacting
unexaggerated
unexalted
unexcavated
unexceptionally
unexcluded
unexclusive
unexclusively
unexecuted
unexemplified
unexhausted
unexpanded
unexpectant
unexpensive
unexpensively
unexperienced
unexperient
unexpiated
unexpressible
unexpugnable
unextended
unextenuated
unextinct
unextinguishable
unextinguishably
unextinguished
unextreme
uneyed
unfabled
unfact
unfacts
unfadable
unfadingness
unfadingnesses
unfaired
unfairing
unfairs
unfallible
unfamed
unfanned
unfashioned
unfatherly
unfathomableness
unfathomablenesses
unfathomably
unfathomed
unfaulty
unfavourable
unfavourableness
unfavourablenesses
unfavourably
unfearful
unfearfully
unfearing
unfeathered
unfeatured
unfeed
unfeignedness
unfeignednesses
unfeigning
unfelled
unfellowed
unfertilised
unfeudal
unfeudalise
unfeudalised
unfeudalises
unfeudalising
unfeudalize
unfeudalized
unfeudalizes
unfeudalizing
unfeued
unfigured
unfilde
unfiled
unfillable
unfilleted
unfilterable
unfiltrable
unfine
unfinishing
unfirm
unfished
unfittedness
unfittednesses
unfitter
unfittest
unfittingly
unfixedness
unfixednesses
unfixities
unfixity
unflavoured
unflawed
unflesh
unfleshed
unfleshes
unfleshing
unfleshly
unfloored
unflush
unflushed
unflushes
unflushing
unflustered
unfoldings
unfool
unfooled
unfooling
unfools
unfooted
unforbid
unforbidden
unforcedly
unforcible
unfordable
unforeboding
unforeknowable
unforeknown
unforeseeing
unforeskinned
unforetold
unforewarned
unforfeited
unforged
unforgiven
unforgiveness
unforgivenesses
unforgot
unforgotten
unform
unformal
unformalised
unformalized
unformatted
unformidable
unforming
unforms
unforsaken
unfortunateness
unfortunatenesses
unfortune
unfortuned
unfortunes
unfossilised
unfossilized
unfostered
unfought
unfoughten
unfound
unfoundedly
unfranchised
unfranked
unfraught
unfraughted
unfraughting
unfraughts
unfreeman
unfreemen
unfrequent
unfrequentedness
unfrequentednesses
unfrequently
unfretted
unfriend
unfriendedness
unfriendednesses
unfriendlier
unfriendliest
unfriendlily
unfriends
unfriendship
unfriendships
unfrighted
unfrightened
unfructuous
unfuelled
unfumed
unfurnish
unfurnishes
unfurnishing
unfurred
unfurrowed
ungag
ungagged
ungagging
ungags
ungain
ungainful
ungainsaid
ungainsayable
ungalled
ungarbled
ungarmented
ungarnered
ungartered
ungathered
ungauged
ungazed
ungear
ungeared
ungearing
ungears
ungenitured
ungenteelly
ungentilities
ungentility
ungentlemanlike
ungentlemanliness
ungentlemanlinesses
ungentleness
ungentlenesses
ungenuine
ungenuineness
ungenuinenesses
ungermane
unget
ungetatable
ungets
ungetting
unghostly
ungild
ungilded
ungilding
ungilds
ungilt
ungirth
ungirthed
ungirthing
ungirths
ungiving
unglad
unglossed
unglove
ungloved
ungloves
ungloving
ungod
ungodded
ungodding
ungodlike
ungodlily
ungods
ungord
ungored
ungorged
ungovernableness
ungovernablenesses
ungovernably
ungoverned
ungown
ungowned
ungowning
ungowns
ungracefulness
ungracefulnesses
ungrammatic
ungrammatically
ungrassed
ungratified
ungravely
ungrazed
ungroomed
ungrounded
ungroundedly
ungroundedness
ungroundednesses
ungrown
ungrudged
ungrudgingly
unguentaria
unguentaries
unguentarium
unguentary
unguerdoned
unguessed
unguiculate
unguiculated
unguiform
unguilty
unguled
unguligrade
ungum
ungummed
ungumming
ungums
ungyve
ungyved
ungyves
ungyving
unhabitable
unhabituated
unhable
unhacked
unhailed
unhalsed
unhandled
unhandseled
unhandsomeness
unhandsomenesses
unhang
unhanged
unhanging
unhangs
unhappied
unhappies
unhappying
unharbour
unharboured
unharbouring
unharbours
unhardened
unhardy
unharmful
unharmfully
unharming
unharmonious
unhasp
unhasped
unhasping
unhasps
unhasting
unhasty
unhat
unhats
unhatted
unhatting
unhattings
unhaunted
unhazarded
unhazardous
unhead
unheaded
unheading
unheads
unheal
unhealable
unhealing
unheals
unhealth
unhealthfully
unhealthfulness
unhealthfulnesses
unhealths
unhearse
unhearsed
unhearses
unhearsing
unheart
unhearted
unhearting
unhearts
unheededly
unheedful
unheedfully
unheedily
unheedingly
unheedy
unhele
unheled
unheles
unheling
unhelmeted
unhelpable
unheppen
unheroical
unheroically
unherst
unhidden
unhidebound
unhingement
unhingements
unhistoric
unhive
unhived
unhives
unhiving
unhoard
unhoarded
unhoarding
unhoards
unholpen
unhomelike
unhomely
unhonest
unhonoured
unhoop
unhooped
unhooping
unhoops
unhopefully
unhospitable
unhouse
unhouses
unhousing
unhouzzled
unhumanise
unhumanised
unhumanises
unhumanising
unhumanize
unhumanized
unhumanizes
unhumanizing
unhumbled
unhung
unhunted
unhurrying
unhurtful
unhurtfully
unhurtfulness
unhurtfulnesses
unhusbanded
unhusk
unhusked
unhusking
unhusks
uni
uniaxially
unicameralism
unicameralisms
unicameralist
unicameralists
unicentral
unicities
unicity
unicolorate
unicolorous
unicolour
unicoloured
unicostate
unideal
unidealism
unidealisms
unidealistic
unidiomatically
uniflorous
uniformitarianist
uniformitarianists
unifyings
unigeniture
unigenitures
unilabiate
unilateralism
unilateralisms
unilateralist
unilateralists
unilateralities
unilaterality
uniliteral
unillumed
unilluminated
unillumined
unillustrated
unilobar
unilobed
unilobular
unimaginableness
unimaginablenesses
unimaginativeness
unimaginativenesses
unimagined
unimmortal
unimolecular
unimparted
unimpeached
unimpededly
unimplored
unimportance
unimportances
unimportuned
unimposed
unimpregnated
unimpressible
unimpressionable
unimprisoned
unimpugnable
uninaugurated
uninchanted
unincited
uninclosed
unincumbered
unindeared
uninflamed
uninflammable
uninfluential
uninforceable
uninforced
uninforming
uninquiring
uninquisitive
uninscribed
uninstall
uninstalled
uninstalling
uninstalls
unintentionalities
unintentionality
uninterestingly
unintermitted
unintermittedly
unintermitting
unintermittingly
uninterpretable
unintoxicating
unintroduced
uninuclear
uninured
uninvested
uninvidious
uniparous
unipartite
uniped
unipeds
unipersonal
uniplanar
unipolarities
unipolarity
uniramous
unis
uniserial
uniserially
uniseriate
uniseriately
unisexually
unisonally
unisonance
unisonances
unisonant
unisonous
unital
unitedness
unitednesses
unitholder
unitholders
unitings
unition
unitions
unitisation
unitisations
unitise
unitised
unitises
unitising
unitively
univalence
univalences
univalencies
univalency
univalvular
univariant
universalisation
universalisations
universalise
universalised
universalises
universalising
universitarian
univoltine
unjaundiced
unjealous
unjoyful
unjoyous
unjuster
unjustest
unked
unkent
unket
unkid
unkindled
unking
unkinged
unkinging
unkinglier
unkingliest
unkinglike
unkingly
unkings
unkiss
unkisses
unkissing
unknelled
unknight
unknighted
unknighting
unknightliness
unknightlinesses
unknightly
unknights
unknowableness
unknowablenesses
unknowingness
unknowingnesses
unknownness
unknownnesses
unlabelled
unlaborious
unlaboured
unlabouring
unladings
unlast
unlaste
unlaw
unlawed
unlawing
unlaws
unleal
unlearnedly
unlearnedness
unlearnednesses
unled
unleisured
unleisurely
unlessoned
unlet
unlettable
unlibidinous
unlich
unlid
unlidded
unlidding
unlids
unlifelike
unlighted
unlightened
unlightsome
unlikeable
unlikes
unlime
unlimed
unlimes
unliming
unlimitedness
unlimitednesses
unline
unlineal
unlines
unlining
unliquefied
unliquidated
unliquored
unlistened
unlistening
unliveable
unliveliness
unlivelinesses
unlively
unloadings
unlocated
unlockable
unlogical
unlooked
unlopped
unlord
unlorded
unlording
unlordly
unlords
unlosable
unlost
unlove
unloveable
unloverlike
unloves
unlovingly
unlovingness
unlovingnesses
unluxuriant
unluxurious
unmacadamised
unmacadamized
unmaidenly
unmailable
unmailed
unmaimed
unmaintainable
unmaintained
unmakable
unmakings
unmalleabilities
unmalleability
unmalleable
unmanacle
unmanacled
unmanacles
unmanacling
unmanageableness
unmanageablenesses
unmanfully
unmanlier
unmanliest
unmanlike
unmantle
unmantled
unmantles
unmantling
unmanufactured
unmanured
unmard
unmarriable
unmarriageable
unmarriageableness
unmarriageablenesses
unmarries
unmarry
unmarrying
unmaskings
unmastered
unmated
unmaterial
unmaterialised
unmaterialized
unmaternal
unmathematical
unmatriculated
unmatured
unmeaningly
unmeaningness
unmeaningnesses
unmeasurably
unmechanic
unmechanical
unmechanise
unmechanised
unmechanises
unmechanising
unmechanize
unmechanizes
unmechanizing
unmedicinable
unmeditated
unmeek
unmeetly
unmeetness
unmeetnesses
unmellowed
unmelted
unmentionableness
unmentionablenesses
unmercenary
unmerchantable
unmercifulness
unmercifulnesses
unmeritable
unmeritedly
unmeriting
unmetalled
unmetaphorical
unmetaphysical
unmeted
unmethodical
unmethodised
unmethodized
unmetrical
unmew
unmewed
unmewing
unmews
unmilked
unminded
unmindfully
unmindfulness
unmindfulnesses
unmingled
unministerial
unmiraculous
unmiry
unmissable
unmissed
unmistakeable
unmistakeably
unmistrustful
unmitigable
unmitigably
unmixedly
unmoaned
unmodernised
unmodifiable
unmodifiableness
unmodifiablenesses
unmodulated
unmoistened
unmoneyed
unmonied
unmoralised
unmoralising
unmoralized
unmoralizing
unmortgaged
unmortified
unmortised
unmotherly
unmotived
unmould
unmoulded
unmoulding
unmoulds
unmount
unmounting
unmounts
unmourned
unmovably
unmoveable
unmoveably
unmovedly
unmown
unmunitioned
unmurmuring
unmurmuringly
unmusically
unmutilated
unmuzzlings
unnamable
unnaneld
unnative
unnaturalise
unnaturalised
unnaturalises
unnaturalising
unnaturalize
unnaturalized
unnaturalizes
unnaturalizing
unnavigable
unnavigated
unneath
unnecessariness
unnecessarinesses
unneedful
unneedfully
unneighboured
unneighbourliness
unneighbourlinesses
unneighbourly
unnest
unnested
unnesting
unnests
unnethes
unnetted
unnoble
unnobled
unnobles
unnobling
unnoted
unnoticing
unnourished
unnurtured
unobedient
unobeyed
unobjectionably
unobnoxious
unobscured
unobservance
unobservances
unobservant
unobservedly
unobserving
unobstructive
unobtained
unobvious
unoffended
unoffending
unoffensive
unoffered
unofficered
unofficious
unoften
unoiled
unoperative
unoppressive
unordained
unorder
unordering
unorderly
unorders
unordinary
unorganised
unoriginalities
unoriginality
unoriginate
unoriginated
unornamental
unossified
unostentatiousness
unostentatiousnesses
unovercome
unoverthrown
unowed
unoxidised
unoxidized
unpaced
unpacified
unpackings
unpained
unpainful
unpaint
unpaintable
unpainting
unpaints
unpalatably
unpalsied
unpampered
unpanel
unpanelled
unpanelling
unpanels
unpanged
unpannel
unpannelled
unpannelling
unpannels
unpaper
unpapered
unpapering
unpapers
unparadise
unparadised
unparadises
unparadising
unparagoned
unparallel
unpardonableness
unpardonablenesses
unpardonably
unpardoned
unpardoning
unpared
unparental
unparented
unpartial
unpassableness
unpassablenesses
unpassionate
unpassioned
unpasteurised
unpastured
unpatented
unpathed
unpathetic
unpathwayed
unpatriotically
unpatronised
unpatronized
unpatterned
unpavilioned
unpay
unpayable
unpaying
unpays
unpeaceable
unpeaceableness
unpeaceablenesses
unpeaceful
unpeacefully
unpedigreed
unpeerable
unpeered
unpennied
unpensioned
unpeppered
unperceivable
unperceivably
unperceivedly
unperch
unperched
unperches
unperching
unperfection
unperfections
unperfectly
unperfectness
unperfectnesses
unperforated
unperforming
unperfumed
unperilous
unperishable
unperished
unperishing
unperjured
unperpetrated
unperplex
unperplexed
unperplexes
unperplexing
unpersecuted
unpersoned
unpersoning
unpersuadable
unpersuadableness
unpersuadablenesses
unpervert
unperverted
unperverting
unperverts
unphilosophic
unphilosophical
unphilosophically
unphonetic
unpickable
unpierced
unpillared
unpillowed
unpiloted
unpinked
unpinkt
unpitied
unpitiful
unpitifully
unpitifulness
unpitifulnesses
unpitying
unpityingly
unplace
unplaces
unplacing
unplagued
unplained
unplait
unplaited
unplaiting
unplaits
unplanked
unplanted
unplastered
unplausibly
unplausive
unplayed
unpleasantries
unpleasantry
unpleasingly
unpleasurable
unpleasurably
unpleated
unpledged
unpliable
unpliably
unpliant
unploughed
unplucked
unplumb
unplumbing
unplumbs
unplume
unplumed
unplumes
unpluming
unpoetical
unpoetically
unpoeticalness
unpoeticalnesses
unpointed
unpoison
unpoisoned
unpoisoning
unpoisons
unpolarisable
unpolarised
unpolarizable
unpolicied
unpolish
unpolishable
unpolishes
unpolishing
unpolitely
unpoliteness
unpolitenesses
unpolitic
unpope
unpoped
unpopes
unpoping
unpopularly
unpopulated
unpopulous
unportioned
unpossessed
unpossessing
unpossible
unpotable
unpowdered
unpracticable
unpracticalities
unpracticality
unpractised
unpractisedness
unpractisednesses
unpraise
unpraised
unpraises
unpraiseworthy
unpraising
unpray
unprayed
unpraying
unprays
unpreach
unpreached
unpreaches
unpreaching
unprecise
unpredict
unpredicted
unpredicting
unpredicts
unpreferred
unprelatical
unpremeditable
unpremeditatedly
unpremeditatedness
unpremeditatednesses
unpremeditation
unpremeditations
unpreoccupied
unprepare
unpreparedly
unprepares
unpreparing
unprepossessed
unprescribed
unpresentable
unpresuming
unpresumptuous
unpretendingly
unprettiness
unprettinesses
unprevailing
unpreventable
unpreventableness
unpreventablenesses
unprevented
unpriest
unpriested
unpriesting
unpriestly
unpriests
unprimed
unprincely
unprinted
unprison
unprisoned
unprisoning
unprisons
unprizable
unprocedural
unproclaimed
unprocurable
unproductively
unproductiveness
unproductivenesses
unproductivities
unproductivity
unprofaned
unprofessionally
unprofitabilities
unprofitability
unprofited
unprofiting
unprogressively
unprogressiveness
unprogressivenesses
unprohibited
unprojected
unprolific
unpromised
unprop
unproper
unproperly
unpropertied
unprophetic
unprophetical
unpropitiously
unpropitiousness
unpropitiousnesses
unproportionable
unproportionably
unproportionate
unproportionately
unproportioned
unproposed
unpropped
unpropping
unprops
unprosperously
unprosperousness
unprosperousnesses
unprotectedness
unprotectednesses
unprotestantise
unprotestantised
unprotestantises
unprotestantising
unprotestantize
unprotestantized
unprotestantizes
unprotestantizing
unprotested
unprotesting
unprovide
unprovided
unprovidedly
unprovident
unprovides
unproviding
unprovisioned
unprovocative
unprovoke
unprovokedly
unprovokes
unprovoking
unpuckered
unpulled
unpunishable
unpunishably
unpurchasable
unpurchaseable
unpurchased
unpurged
unpurified
unpurposed
unpurse
unpursed
unpurses
unpursing
unpursued
unpurvaide
unpurveyed
unputdownable
unqualifiable
unqualifiedness
unqualifiednesses
unqualifies
unqualify
unqualifying
unqualited
unqualitied
unquantified
unquantised
unquantized
unquarried
unqueen
unqueened
unqueening
unqueenlier
unqueenliest
unqueenlike
unqueenly
unqueens
unquelled
unquenchably
unquenched
unquickened
unquieted
unquieting
unquotable
unraced
unracked
unrake
unraked
unrakes
unraking
unransomed
unratified
unraveller
unravellers
unravellings
unravelment
unravelments
unrazored
unreactive
unreadableness
unreadablenesses
unreadily
unrealise
unrealised
unrealises
unrealising
unrealism
unrealisms
unrealize
unrealizes
unrealizing
unreaped
unreasoned
unreasoning
unreave
unreaved
unreaves
unreaving
unrebated
unrebuked
unrecallable
unrecalled
unrecalling
unrecapturable
unreceipted
unreceived
unreciprocated
unrecked
unreckonable
unreckoned
unreclaimably
unrecognisable
unrecognisably
unrecognised
unrecognising
unrecognizing
unrecollected
unrecommendable
unrecommended
unrecompensed
unreconcilableness
unreconcilablenesses
unreconcilably
unreconciliable
unrecounted
unrecoverably
unrectified
unrecuring
unred
unredrest
unreduced
unreducible
unredy
unreflected
unreflecting
unreflectingly
unreformable
unrefracted
unrefreshed
unrefreshing
unrefuted
unregarded
unregarding
unregeneracies
unregeneracy
unregenerated
unregimented
unrein
unreined
unreining
unreins
unrejoiced
unrejoicing
unrelative
unrelentingness
unrelentingnesses
unrelentor
unrelentors
unreliableness
unreliablenesses
unrelievable
unreligious
unrelished
unremaining
unremedied
unremembering
unremitted
unremittedly
unremittent
unremittently
unremittingness
unremittingnesses
unremorseful
unremorsefully
unremorseless
unremoved
unremunerative
unrendered
unrenewed
unrent
unrepair
unrepairable
unrepaired
unrepairs
unrepealable
unrepealed
unrepeated
unrepelled
unrepentance
unrepentances
unrepented
unrepenting
unrepentingly
unrepining
unrepiningly
unreplaceable
unreplenished
unreportable
unreposeful
unreposing
unreprievable
unreprieved
unreprimanded
unreproached
unreproachful
unreproaching
unreproducible
unreprovable
unreproved
unreproving
unrepugnant
unrepulsable
unrequired
unrequisite
unrequitedly
unrescinded
unresented
unresentful
unresenting
unresisted
unresistible
unresisting
unresistingly
unresolvedness
unresolvednesses
unrespected
unrespective
unrespited
unrestfulness
unrestfulnesses
unresting
unrestingly
unrestingness
unrestingnesses
unrestrainable
unrestrictedly
unretarded
unretentive
unreturned
unreturning
unreturningly
unrevealable
unrevealing
unrevenged
unrevengeful
unreverend
unreverent
unreversed
unreverted
unrevoked
unrewardedly
unrhythmical
unrhythmically
unribbed
unrid
unridden
unriddleable
unriddler
unriddlers
unrideable
unright
unrightful
unrightfully
unrightfulness
unrightfulnesses
unrights
unrimed
unringed
unrippings
unriven
unrivet
unriveted
unriveting
unrivets
unrobe
unrobed
unrobes
unrobing
unromanised
unromanized
unromantical
unroost
unroosted
unroosting
unroosts
unrope
unroped
unropes
unroping
unrosined
unrotted
unrotten
unrouged
unrough
unroused
unroyal
unroyally
unrubbed
unrude
unruffable
unruffe
unruffle
unruffles
unruffling
unrule
unrules
unruliment
unruliments
unrumpled
unsafeness
unsafenesses
unsafer
unsafest
unsafeties
unsafety
unsailed
unsailorlike
unsained
unsaint
unsainted
unsainting
unsaintlier
unsaintliest
unsaintliness
unsaintlinesses
unsaintly
unsaints
unsalabilities
unsalability
unsaleabilities
unsaleability
unsaleable
unsaluted
unsanctified
unsanctifies
unsanctify
unsanctifying
unsandalled
unsapped
unsashed
unsatable
unsated
unsatiable
unsatiate
unsatiated
unsatiating
unsating
unsatirical
unsatisfaction
unsatisfactions
unsatisfiable
unsatisfiedness
unsatisfiednesses
unsatisfying
unsatisfyingness
unsatisfyingnesses
unsaturation
unsaturations
unsavourily
unsavouriness
unsavourinesses
unsavoury
unscabbard
unscabbarded
unscabbarding
unscabbards
unscale
unscales
unscaling
unscanned
unscary
unscavengered
unsceptred
unscholarlike
unscissored
unscorched
unscottified
unscoured
unscratched
unscripturally
unscrupled
unscrutinised
unscrutinized
unsculptured
unscythed
unsearchableness
unsearchablenesses
unsearched
unseason
unseasoning
unseasons
unseaworthiness
unseaworthinesses
unseconded
unsecret
unsectarian
unsectarianism
unsectarianisms
unsecular
unseduced
unseeable
unseel
unseeled
unseeling
unseels
unseeming
unseemings
unseens
unseizable
unseized
unseldom
unself
unselfconscious
unselfconsciously
unselfconsciousness
unselfconsciousnesses
unselfed
unselfing
unselfs
unselves
unseminaried
unsense
unsensed
unsenses
unsensible
unsensibly
unsensing
unsensitised
unsensitive
unsensualise
unsensualised
unsensualises
unsensualising
unsensualize
unsensualized
unsensualizes
unsensualizing
unsentenced
unseparable
unsepulchred
unsettledly
unsettlings
unsevered
unsexist
unshadow
unshadowable
unshadowed
unshadowing
unshadows
unshakeable
unshakeably
unshaked
unshakenly
unshale
unshaled
unshales
unshaling
unshamed
unshape
unshapelier
unshapeliest
unshapes
unshaping
unsharpened
unshed
unsheltered
unshent
unshewn
unshielded
unshingled
unshocked
unshoe
unshoed
unshoeing
unshoes
unshoot
unshooted
unshooting
unshoots
unshot
unshout
unshouted
unshouting
unshouts
unshowered
unshown
unshrinkable
unshrinking
unshrinkingly
unshrived
unshriven
unshroud
unshrouded
unshrouding
unshrouds
unshrubbed
unshrubd
unshunnable
unshunned
unshuts
unshutter
unshuttered
unshuttering
unshutters
unshutting
unsicker
unsickled
unsighing
unsinew
unsinewed
unsinewing
unsinews
unsinnowed
unsistered
unsisterliness
unsisterlinesses
unsisterly
unsisting
unsizable
unsizeable
unskilful
unskilfully
unskilfulness
unskilfulnesses
unskimmed
unskinned
unslain
unsleeping
unslipping
unsluice
unsluiced
unsluices
unsluicing
unslumbering
unslumbrous
unsmilingly
unsmirched
unsmitten
unsmooth
unsmoothing
unsmooths
unsmote
unsmotherable
unsneck
unsnecked
unsnecking
unsnecks
unsnuffed
unsoaped
unsocialised
unsocialism
unsocialisms
unsocialities
unsociality
unsocialized
unsocket
unsocketed
unsocketing
unsockets
unsod
unsodden
unsoft
unsoftened
unsoftening
unsolaced
unsoldierlike
unsolemn
unsolicitous
unsolid
unsolidities
unsolidity
unsolidly
unsonsy
unsoote
unsophisticate
unsophisticatedness
unsophisticatednesses
unsoul
unsouled
unsouling
unsouls
unsoundable
unsourced
unsoured
unspar
unspared
unsparingness
unsparingnesses
unsparred
unsparring
unspars
unspeakableness
unspeakablenesses
unspecialised
unspectacled
unspeculative
unsped
unspell
unspelled
unspelling
unspells
unspide
unspied
unspilled
unspilt
unspirited
unspiritualise
unspiritualised
unspiritualises
unspiritualising
unspiritualize
unspiritualized
unspiritualizes
unspiritualizing
unspiritually
unsplinterable
unsporting
unspottedness
unspottednesses
unsprinkled
unsquared
unstack
unstacked
unstacking
unstacks
unstaid
unstaidness
unstaidnesses
unstainable
unstamped
unstanchable
unstanched
unstarch
unstarched
unstarches
unstarching
unstate
unstates
unstatesmanlike
unstating
unstatutable
unstatutably
unstaunchable
unstaunched
unstaying
unsteadfast
unsteadfastly
unsteadfastness
unsteadfastnesses
unstercorated
unsterilised
unstifled
unstigmatised
unstigmatized
unstilled
unstimulated
unstirred
unstock
unstocked
unstocking
unstockinged
unstocks
unstooping
unstow
unstowed
unstowing
unstows
unstreamed
unstrengthened
unstriated
unstringed
unstrip
unstriped
unstripped
unstripping
unstrips
unstruck
unstuffed
unstuft
unsubduable
unsubject
unsubjected
unsublimated
unsublimed
unsubmerged
unsubmissive
unsubmitting
unsubscribed
unsubsidised
unsubstantialise
unsubstantialised
unsubstantialises
unsubstantialising
unsubstantialize
unsubstantialized
unsubstantializes
unsubstantializing
unsubstantiation
unsubstantiations
unsucceeded
unsuccessfulness
unsuccessfulnesses
unsuccessive
unsuccoured
unsucked
unsufferable
unsufficient
unsuit
unsuitableness
unsuitablenesses
unsuiting
unsuits
unsummed
unsummered
unsummoned
unsunned
unsunny
unsuperfluous
unsupple
unsuppleness
unsupplenesses
unsupplied
unsupportedly
unsupposable
unsuppressed
unsured
unsurer
unsurest
unsurfaced
unsurmised
unsurmountable
unsurpassably
unsurveyed
unsuspect
unsuspectedly
unsuspectedness
unsuspectednesses
unsuspectingly
unsuspectingness
unsuspectingnesses
unsuspended
unsuspicion
unsuspicions
unsuspiciously
unsuspiciousness
unsuspiciousnesses
unsustained
unsustaining
unswaddle
unswaddled
unswaddles
unswaddling
unswallowed
unswayable
unswearings
unsweet
unswept
unswervingly
unsyllabled
unsymmetries
unsymmetrised
unsymmetrized
unsymmetry
unsympathies
unsympathising
unsympathizing
unsympathy
unsystematical
unsystematised
untackle
untackled
untackles
untackling
untailed
untaintedly
untaintedness
untaintednesses
untainting
untaken
untamableness
untamablenesses
untamably
untameable
untameableness
untameablenesses
untameably
untamedness
untamednesses
untames
untaming
untangible
untarred
untasteful
untax
untaxes
untaxing
unteachableness
unteachablenesses
unteam
unteamed
unteaming
unteams
untearable
untellable
untemper
untempering
untempers
untempted
untenableness
untenablenesses
untenant
untenantable
untenanting
untenants
untender
untendered
untenderly
untent
untenting
untents
untenty
unterminated
unterrestrial
unterrified
unterrifying
unthanked
unthankful
unthankfully
unthankfulness
unthankfulnesses
unthatch
unthatched
unthatches
unthatching
unthaw
unthawed
unthawing
unthaws
untheological
unthickened
unthinkingness
unthinkingnesses
unthorough
unthoughtful
unthoughtfully
unthoughtfulness
unthoughtfulnesses
unthreatened
unthrift
unthriftily
unthriftiness
unthriftinesses
unthrifts
unthriftyhead
unthriftyheads
unthriftyhed
unthriftyheds
untile
untiled
untiles
untiling
untimbered
untimeously
untin
untinctured
untinned
untinning
untins
untirable
untired
untochered
untoiling
untomb
untombed
untombing
untombs
untoned
untormented
untortured
untowardliness
untowardlinesses
untrace
untraces
untracing
untracked
untractable
untractableness
untractablenesses
untraded
untrammelled
untrampled
untranquil
untransferable
untransferrable
untranslatableness
untranslatablenesses
untranslatably
untransmigrated
untransmissible
untransmitted
untransmutable
untransmuted
untransparent
untravelled
untraversable
untreasure
untreasured
untreasures
untreasuring
untreatable
untrembling
untremblingly
untremendous
untremulous
untrenched
untrespassing
untressed
untride
untrim
untrimmed
untrimming
untrims
untroubledly
untrueness
untruenesses
untruism
untruisms
untrusser
untrussers
untrussings
untrust
untrustful
untrustiness
untrustinesses
untrusts
untrustworthily
untrustworthiness
untrustworthinesses
untrusty
untuckered
untumbled
untumultuous
untunable
untunableness
untunablenesses
untunably
untuneable
untuneful
untunefully
untunefulness
untunefulnesses
unturbid
unturf
unturfed
unturfing
unturfs
unturn
unturnable
unturning
unturns
untwistings
untyings
untypable
untyreable
unuplifted
unurged
unusably
unuseful
unusefully
unusefulness
unusefulnesses
unushered
unutilised
unutterables
unuttered
unvail
unvaile
unvailed
unvailes
unvailing
unvails
unvaluable
unvanquishable
unvanquished
unvariable
unvariegated
unveiler
unveilers
unveilings
unvendible
unvenerable
unvented
unveracious
unveracities
unveracity
unverifiabilities
unverifiability
unverified
unvetted
unvexed
unviewed
unviolated
unvirtue
unvirtues
unvirtuous
unvirtuously
unvisitable
unvisor
unvisored
unvisoring
unvisors
unvital
unvitiated
unvitrifiable
unvitrified
unvizard
unvizarded
unvizarding
unvizards
unvocalised
unvocalized
unvoicings
unvoyageable
unvulgar
unvulgarise
unvulgarised
unvulgarises
unvulgarising
unvulgarize
unvulgarized
unvulgarizes
unvulgarizing
unvulnerable
unwaged
unwaked
unwakened
unwalled
unwandering
unwarded
unware
unwarely
unwareness
unwarenesses
unwares
unwarie
unwarrantedly
unwashen
unwasted
unwasting
unwatched
unwatchful
unwatchfully
unwatchfulness
unwatchfulnesses
unwater
unwatered
unwatering
unwaters
unwatery
unwayed
unweakened
unweal
unweals
unweapon
unweaponed
unweaponing
unweapons
unweariable
unweariably
unweary
unwearying
unwearyingly
unwebbed
unwedgable
unwedgeable
unweened
unweighed
unweighing
unwelcomed
unwelcomely
unwelcomeness
unwelcomenesses
unweldy
unwellness
unwellnesses
unwet
unwetted
unwhipped
unwhipt
unwhistleable
unwholesomeness
unwholesomenesses
unwifelier
unwifeliest
unwifelike
unwifely
unwigged
unwilful
unwill
unwills
unwindings
unwinged
unwinking
unwinkingly
unwinnowed
unwiped
unwire
unwired
unwires
unwiring
unwiseness
unwisenesses
unwishful
unwist
unwit
unwitch
unwitched
unwitches
unwitching
unwithdrawing
unwithered
unwithering
unwithheld
unwithholden
unwithholding
unwithstood
unwitnessed
unwits
unwitted
unwittily
unwitting
unwittingness
unwittingnesses
unwitty
unwive
unwived
unwives
unwiving
unwoman
unwomaned
unwomaning
unwomanlier
unwomanliest
unwomanliness
unwomanlinesses
unwomans
unwont
unwooded
unwooed
unworded
unwork
unworking
unworkmanlike
unworks
unworldlier
unworldliest
unwormed
unworshipful
unworshipped
unworth
unworths
unwoundable
unwreaked
unwrinkle
unwrinkled
unwrinkles
unwrinkling
unwrite
unwrites
unwriting
unwrote
unwrought
unwrung
unyeaned
unyieldingness
unyieldingnesses
unzealous
unzoned
upadaisy
upaithric
upbear
upbearing
upbears
upbind
upbinding
upbinds
upblew
upblow
upblowing
upblown
upblows
upboil
upboiled
upboiling
upboils
upbore
upborne
upbound
upbounden
upbraidings
upbrast
upbray
upbrayed
upbraying
upbrays
upbreak
upbreaking
upbreaks
upbring
upbrings
upbroke
upbroken
upbrought
upbuildings
upbuoyance
upbuoyances
upburning
upburst
upbursting
upbursts
upby
upbye
upcasting
upcatch
upcatches
upcatching
upcaught
upcheard
upcheer
upcheered
upcheering
upcheers
upclimb
upclimbed
upclimbing
upclimbs
upclose
upclosed
upcloses
upclosing
upcoil
upcoiled
upcoiling
upcoils
upcome
upcomes
upcurl
upcurled
upcurling
upcurls
upcurved
updrag
updragged
updragging
updrags
updraw
updrawing
updrawn
updraws
updrew
upfill
upfilled
upfilling
upfillings
upfills
upflashing
upflow
upflowed
upflowing
upflows
upflung
upfollow
upfollowed
upfollowing
upfollows
upfurl
upfurled
upfurling
upfurls
upgang
upgangs
upgather
upgathered
upgathering
upgathers
upgaze
upgazed
upgazes
upgazing
upgo
upgoes
upgoing
upgoings
upgone
upgradation
upgradations
upgrader
upgraders
upgrew
upgrow
upgrowing
upgrowings
upgrown
upgrows
upgush
upgushed
upgushes
upgushing
uphand
uphang
uphanging
uphangs
uphaud
uphauding
uphauds
upheap
upheaped
upheaping
upheapings
upheaps
uphild
uphillward
uphoard
uphoarded
uphoarding
uphoards
uphoist
uphoisted
uphoisting
uphoists
upholdings
upholstress
upholstresses
uphoord
uphoorded
uphoording
uphoords
uphroe
uphroes
uphudden
uphung
uphurl
uphurled
uphurling
uphurls
upjet
upjets
upjetted
upjetting
upknit
upknits
upknitted
upknitting
uplaid
uplandish
uplay
uplaying
uplays
uplead
upleading
upleads
uplean
upleaned
upleaning
upleans
upleant
upleap
upleaped
upleaping
upleaps
upleapt
upled
upliftingly
upliftings
uplighter
uplighters
uplinking
uplinkings
uplock
uplocked
uplocking
uplocks
uplook
uplooked
uplooking
uplooks
uplying
upmake
upmaker
upmakers
upmakes
upmaking
upmakings
upperworks
uppiled
uppings
upran
uprest
uprests
uprighteously
uprisal
uprisals
uprist
uprists
uproared
uproaring
uproll
uprolled
uprolling
uprolls
uprootal
uprootals
uprootings
uprun
uprunning
upruns
uprushed
uprushing
upryst
upsee
upsees
upsend
upsending
upsends
upsent
upsettings
upsey
upseys
upshoot
upshooting
upshoots
upsideowne
upsies
upsitting
upsittings
upspake
upspeak
upspeaking
upspeaks
upspear
upspeared
upspearing
upspears
upspoke
upspoken
upstair
upstand
upstanding
upstands
upstare
upstared
upstares
upstaring
upstay
upstayed
upstaying
upstays
upstood
upstreamed
upstreaming
upstreams
upsurgence
upsurgences
upswarm
upswarmed
upswarming
upswarms
upsway
upswayed
upswaying
upsways
upsy
uptak
uptaken
uptaking
uptaks
uptear
uptearing
uptears
upthunder
upthundered
upthundering
upthunders
uptie
uptied
upties
uptighter
uptightest
uptook
uptore
uptorn
uptrain
uptrained
uptraining
uptrains
uptrilled
upturnings
uptying
upvaluation
upvaluations
upvalue
upvalued
upvalues
upvaluing
upwaft
upwafted
upwafting
upwafts
upwent
upwhirl
upwhirled
upwhirling
upwhirls
upwinding
upwinds
upwound
upwrap
upwraps
upwrought
ur
urachi
urachus
urachuses
uraemic
urali
uralis
uralitisation
uralitisations
uralitise
uralitised
uralitises
uralitising
uralitization
uralitizations
uralitize
uralitized
uralitizes
uralitizing
uranalyses
uranalysis
uranian
uranin
uranins
uranisci
uraniscus
uranism
uranisms
uranographer
uranographers
uranographic
uranographical
uranographist
uranographists
uranologies
uranology
uranometries
uranometry
uranoplasties
uranoplasty
urao
uraos
urari
uraris
urbaneness
urbanenesses
urceoli
urceolus
urceoluses
urde
urdee
urdy
ure
uredine
uredines
uredinous
uredosori
uredosorus
urena
urenas
urent
ures
ureses
uresis
ureteritis
ureteritises
urethritic
urethroscopic
urethroscopies
urethroscopy
urgence
urgences
urgings
uricase
uricases
urinant
urinaries
urinative
urinator
urinators
urined
uriniferous
urining
uriniparous
urinologies
urinology
urinoscopies
urinoscopy
urite
urites
urman
urmans
urnal
urned
urnfield
urnfields
urnful
urnfuls
urning
urnings
urochordal
urodelan
urodelans
urodelous
urogenous
urographic
urographies
urography
urolagnia
urolagnias
urolithic
uromere
uromeres
uropoieses
uropoiesis
uropygial
uroscopic
uroscopist
uroscopists
uroses
urosis
urosome
urosomes
urostege
urosteges
urostegite
urostegites
urosthenic
urostomies
urostomy
urson
ursons
urtica
urticaceous
urticarious
urticas
urubu
urubus
urva
urvas
usager
usagers
usheress
usheresses
usherings
ushership
usherships
ustilagineous
ustilaginous
ustion
ustions
ustulation
ustulations
usucapient
usucapients
usucapion
usucapions
usucapt
usucapted
usucaptible
usucapting
usucaption
usucaptions
usucapts
usufructed
usufructing
usure
usured
usures
usuress
usuresses
usuring
usurous
usurpative
usurpatory
usurpature
usurpatures
usurpedly
usurpingly
usurpings
usward
uswards
utas
utases
ute
uterectomies
uterectomy
uteritis
uteritises
uterogestation
uterogestations
uterotomies
uterotomy
utes
utilisable
utilisation
utilisations
utiliser
utilisers
utilitarianise
utilitarianised
utilitarianises
utilitarianising
utilitarianize
utilitarianized
utilitarianizes
utilitarianizing
utis
utises
utopianise
utopianised
utopianiser
utopianisers
utopianises
utopianising
utopianize
utopianized
utopianizer
utopianizers
utopianizes
utopianizing
utopiast
utopiasts
utricularia
utricularias
utterableness
utterablenesses
utterest
utterings
utterless
utterness
utternesses
uva
uvae
uvas
uxorially
uxoricidal
uxorilocal
vacance
vacances
vacationless
vacatur
vacaturs
vaccinatory
vaccinium
vacciniums
vacherin
vacherins
vacillant
vacillatory
vacked
vacking
vacuate
vacuated
vacuates
vacuating
vacuation
vacuations
vacuist
vacuists
vacuolisation
vacuolisations
vacuolization
vacuolizations
vade
vaded
vades
vading
vae
vaes
vagabondise
vagabondised
vagabondises
vagabondising
vagabondize
vagabondized
vagabondizes
vagabondizing
vagarish
vaginant
vaginated
vaginicoline
vaginicolous
vaginitises
vaginula
vaginulae
vaginule
vaginules
vagitus
vagituses
vagued
vagues
vaguing
vainesse
vainesses
vaingloried
vainglorying
vaire
vairier
vairiest
vairy
vaivode
vaivodes
vaivodeship
vaivodeships
vakass
vakasses
valerianaceous
valerianic
valeta
valetas
valete
valetes
valetings
valgous
vali
valider
validest
validness
validnesses
valis
vallar
vallary
valleculate
vallonia
vallonias
vallum
vallums
valonea
valoneas
valorisation
valorisations
valorise
valorised
valorises
valorising
valsed
valsing
valvassor
valvassors
vambraced
vampings
vampired
vampiring
vampirise
vampirised
vampirises
vampirising
vampirize
vampirized
vampirizes
vampirizing
vamplate
vamplates
vanadinite
vanadinites
vandyking
vaneless
vanessa
vanessas
vanishings
vanishment
vanishments
vanitas
vanitases
vanitories
vanitory
vannings
vanquishment
vanquishments
vant
vantaged
vantageless
vantaging
vantbrace
vantbraces
vants
vapider
vapidest
vaporable
vaporific
vaporiform
vaporimeter
vaporimeters
vaporisable
vaporisation
vaporisations
vaporiser
vaporisers
vaporosities
vaporosity
vapourer
vapourers
vapouringly
vapourings
vapourish
vapourishness
vapourishnesses
vapourware
vapourwares
vapoury
vapulate
vapulated
vapulates
vapulating
vapulation
vapulations
varan
varans
vardies
vardy
vare
varec
varech
varechs
varecs
vares
vareuse
vareuses
vargueno
varguenos
variated
variating
variationist
variationists
variative
varicellar
varicelloid
varicellous
varicoloured
varicotomies
varicotomy
varietally
varifocal
varifocals
variolate
variolated
variolates
variolating
variolation
variolations
variolator
variolators
variolite
variolites
variolitic
varioloid
varioloids
variolous
variscite
variscites
varitypist
varitypists
varletess
varletesses
varletto
varlettos
varnishings
varroa
varroas
varsal
varsovienne
varsoviennes
vartabed
vartabeds
varvel
varvelled
varvels
varyings
vascularisation
vascularisations
vascularise
vascularised
vascularises
vascularising
vascularize
vascularized
vascularizes
vascularizing
vascularly
vasculiform
vasoconstrictory
vasodilatatory
vasodilatory
vassail
vassails
vassaless
vassalesses
vassalled
vassalling
vassalries
vassalry
vastidities
vastidity
vatable
vatful
vatfuls
vaticide
vaticides
vatman
vatmen
vatter
vatters
vaudevillean
vaudevilleans
vaudevillist
vaudevillists
vaudoo
vaudoos
vaudoux
vaultage
vaultages
vaunce
vaunced
vaunces
vauncing
vauntage
vauntages
vaunteries
vauntery
vauntier
vauntiest
vauntings
vaut
vaute
vauted
vautes
vauting
vauts
vavasories
vavasory
vawte
vawted
vawtes
vawting
veale
veales
vectograph
vectographs
vectorings
vectorisation
vectorisations
vectorise
vectorised
vectorises
vectorising
vectorization
vectorizations
vectorize
vectorized
vectorizes
vectorizing
vectorscope
vectorscopes
veduta
vedute
vedutista
vedutisti
veerings
vega
veganic
vegas
vegeburger
vegeburgers
vegelate
vegelates
veges
vegetals
vegetant
vegetatings
vegetives
vegged
vegges
vegging
vehemencies
vehemency
vehm
vehme
vehmic
vehmique
veilier
veiliest
veilless
veilleuse
veilleuses
veily
veinous
veinstone
veinstones
veinstuff
veinstuffs
velaric
velarisation
velarisations
velarise
velarised
velarises
velarising
velated
velatura
velaturas
veldschoen
veldschoens
veldskoen
veldskoens
vele
veles
veleta
veletas
velitation
velitations
vell
vellenage
vellenages
vellet
vellets
vellicate
vellicated
vellicates
vellicating
vellication
vellications
vellon
vellons
vells
velocimetries
velocimetry
velocipedean
velocipedeans
velocipeded
velocipeder
velocipeders
velocipedestrian
velocipedestrians
velocipedian
velocipedians
velocipeding
velocipedist
velocipedists
velociraptor
velociraptors
veloutine
veloutines
velskoen
velskoens
velured
veluring
velutinous
velveret
velverets
velvetier
velvetiest
velvetiness
velvetinesses
velveting
velvetings
venatical
venatically
venational
venator
venatorial
venators
vendage
vendages
vendange
vendanges
vendibleness
vendiblenesses
vendis
vendises
vendiss
vendisses
venditation
venditations
vendition
venditions
venefic
venefical
venefically
veneficious
veneficiously
veneficous
veneficously
venepuncture
venepunctures
venerean
venereans
venereological
venereologies
venereologist
venereologists
venereology
venereous
venerer
venerers
venewe
venewes
veney
veneys
vengeable
vengeably
vengement
vengements
venger
vengers
venialities
veniality
venidium
venidiums
venisection
venisections
venite
venites
vennel
vennels
venographic
venographical
ventaile
ventailes
ventana
ventanas
ventayle
ventayles
ventered
ventering
ventiduct
ventiducts
ventige
ventiges
ventil
ventilable
ventilative
ventils
ventings
ventose
ventosities
ventosity
ventre
ventred
ventres
ventricous
ventricule
ventricules
ventriculographies
ventriculography
ventriloqual
ventriloquise
ventriloquised
ventriloquises
ventriloquising
ventriloquous
ventring
ventrings
ventripotent
ventrous
venturingly
venturings
venus
venuses
venville
venvilles
verbalisation
verbalisations
verbalise
verbalised
verbalises
verbalising
verbalities
verbality
verballed
verballing
verbarian
verbarians
verbenaceous
verberate
verberated
verberates
verberating
verberation
verberations
verbification
verbifications
verbigerate
verbigerated
verbigerates
verbigerating
verboser
verbosest
verdelho
verdelhos
verdet
verdets
verdigrised
verdigrising
verdit
verdite
verdites
verdits
verdoy
verdureless
vergencies
vergency
vergership
vergerships
veridicous
verificatory
verisimilities
verisimility
verisimilous
verjuiced
verkramp
verkrampte
verkramptes
verlig
verligte
verligtes
vermal
vermeiled
vermeiling
vermeille
vermeilled
vermeilles
vermeilling
vermell
vermells
vermian
vermicidal
vermicule
vermicules
vermiculous
vermiculture
vermicultures
vermifugal
vermil
vermilies
vermilioned
vermilioning
vermilled
vermilling
vermils
vermily
verminate
verminated
verminates
verminating
vermination
verminations
vermined
vermins
verminy
vermivorous
vernacularisation
vernacularisations
vernacularise
vernacularised
vernacularises
vernacularising
vernacularist
vernacularists
vernacularities
vernacularity
vernacularization
vernacularizations
vernacularize
vernacularized
vernacularizes
vernacularizing
vernalisation
vernalisations
vernalise
vernalised
vernalises
vernalising
vernalities
vernality
vernant
veronal
veronals
verquere
verqueres
verquire
verquires
verrel
verrels
verrey
verrucas
verruciform
verrucous
verruga
verrugas
verry
versabilities
versability
versals
verselet
verselets
verser
versers
versicoloured
versificator
versificators
versiform
versin
versings
versins
versioner
versioners
versionist
versionists
verslibrist
verslibrists
versute
vertebrally
vertebrated
vertebration
vertebrations
verted
verticillaster
verticillasters
verticillated
verticillium
verticilliums
verticities
verticity
vertiginousness
vertiginousnesses
verting
vertiport
vertiports
vertue
vertues
vertuous
verumontana
verumontanum
verumontanums
vervel
vervelled
vervels
verven
vervens
vesication
vesications
vesicatories
vesicatory
vesicula
vesiculae
vesiculose
vespa
vespas
vespertilionid
vespertilionids
vespertinal
vespoid
vessail
vessails
vestibula
vestibuling
vestibulitis
vestibulitises
vestibulum
vestiment
vestimental
vestimentary
vestiments
vestiture
vestitures
vestmented
vesturer
vesturers
vetchier
vetchiest
vetchy
vetkoek
vetkoeks
vettura
vetturas
vetturini
vetturino
vexatory
vexedness
vexednesses
vexillaries
vexillary
vexillation
vexillations
vexingness
vexingnesses
vexings
vezir
vezirs
vialful
vialfuls
viameter
viameters
viaticals
viator
viatores
viatorial
viators
vibex
vibices
vibracula
vibracularia
vibracularium
vibraculum
vibratilities
vibratility
vibratiuncle
vibratiuncles
vibrative
vibroflotation
vibroflotations
vibrograph
vibrographs
vibrometer
vibrometers
vibs
vicaress
vicaresses
vicaries
vicary
viceless
viceregent
viceregents
vicesimal
vichyssois
viciate
viciated
viciates
viciating
viciosities
viciosity
victimisation
victimisations
victimiser
victimisers
victoress
victoresses
victoriana
victorine
victorines
victoryless
victress
victresses
victrices
victrix
victrixes
victrolla
victrollas
victuallage
victuallages
victualless
vid
vidame
vidames
videoed
videofit
videofits
videogram
videograms
videoing
videotelephone
videotelephones
vidimus
vidimuses
vids
viduage
viduages
vidual
viduous
vielle
vielles
viewdatas
viewiness
viewinesses
viewly
viewphone
viewphones
vifda
vifdas
vigia
vigias
vigoro
vigoros
vihara
viharas
vihuela
vihuelas
vikingism
vikingisms
vild
vilde
vildly
vildness
vildnesses
viliaco
viliacoes
viliacos
viliago
viliagoes
viliagos
villagio
villagioes
villagios
villagisation
villagisations
villagization
villagizations
villagree
villagrees
villainage
villainages
villan
villanage
villanages
villanies
villanous
villanously
villans
villany
villar
villeggiatura
villeggiaturas
villeggiature
villeinage
villeinages
villiago
villiagoes
villiagos
villication
villications
vimana
vimanas
vimineous
vincibilities
vincibility
vindemial
vindemiate
vindemiated
vindemiates
vindemiating
vindicabilities
vindicability
vindicativeness
vindicativenesses
vindicatorily
vindicatress
vindicatresses
vinegaring
vinegarrette
vinegarrettes
viner
viners
vinew
vinewed
vinewing
vinews
vinicultural
viniculturist
viniculturists
vinificator
vinificators
vinolent
vinologies
vinologist
vinologists
vinology
vint
vintaged
vintaging
vintagings
vinted
vinting
vintries
vintry
vints
violater
violaters
viold
violented
violenting
violents
violer
violers
violinistically
violoncellos
viperiform
viraemia
viraemias
viraemic
viraginian
viragoish
viranda
virandas
virando
virandos
vire
vired
virement
virements
virent
viretot
viretots
virge
virger
virgers
virges
virginalled
virginalling
virgined
virginhood
virginhoods
virgining
virginium
virginiums
virginly
virgulate
viridescence
viridescences
viridite
viridites
virilescence
virilescences
virilescent
virilisation
virilisations
virilised
virilising
virilization
virilizations
virilized
virilizing
viring
virino
virinos
virogene
virogenes
virose
virous
virtualism
virtualisms
virtualist
virtualists
virtuosoship
virtuosoships
visagist
visagiste
visagistes
visagists
viscachera
viscacheras
viscerate
viscerated
viscerates
viscerating
visceroptoses
visceroptosis
viscerotonia
viscerotonias
viscerotonic
viscin
viscins
viscometrical
viscosimetrical
viscosimetries
viscosimetry
viscountship
viscountships
viscum
viscums
visibles
visie
visied
visieing
visier
visiers
visies
visile
visiles
visiogenic
visioner
visioners
visionings
visionist
visionists
visiophone
visiophones
visitational
visitative
visitator
visitators
visite
visitee
visitees
visiter
visiters
visites
visitings
visitorial
visitress
visitresses
visne
visnes
visnomie
visnomies
visnomy
vison
visons
vistaing
vistal
vistaless
visto
vistos
visualisation
visualisations
visualiser
visualisers
visualist
visualists
visualities
visuality
vitalisation
vitalisations
vitalise
vitalised
vitaliser
vitalisers
vitalises
vitalising
vitalistically
vitalizer
vitalizers
vitaminise
vitaminised
vitaminises
vitaminising
vitaminize
vitaminized
vitaminizes
vitaminizing
vitascope
vitascopes
vitative
vitativeness
vitativenesses
vite
vitellary
vitelli
vitellicle
vitellicles
vitelligenous
vitellines
vitex
vitexes
viticeta
viticetum
viticetums
viticide
viticides
viticolous
vitiferous
vitilitigate
vitilitigated
vitilitigates
vitilitigating
vitilitigation
vitilitigations
vitiosities
vitiosity
vitrage
vitrages
vitrail
vitrailled
vitraillist
vitraillists
vitraux
vitreosities
vitreosity
vitreousness
vitreousnesses
vitrescence
vitrescences
vitrescent
vitrescibilities
vitrescibility
vitrescible
vitreum
vitreums
vitrifaction
vitrifactions
vitrifacture
vitrifactures
vitriform
vitriolate
vitriolated
vitriolates
vitriolating
vitriolation
vitriolations
vitriolisation
vitriolisations
vitriolise
vitriolised
vitriolises
vitriolising
vitriolization
vitriolizations
vitriolize
vitriolized
vitriolizes
vitriolizing
vitular
vituperable
vivacissimo
vivaed
vivaing
vivamente
vivandier
vivandiers
vivaries
vivary
vivda
vivdas
vive
vively
vivencies
vivency
viver
viverra
viverras
viverrine
vives
vivianite
vivianites
vividities
vividity
viviparies
viviparism
viviparisms
viviparousness
viviparousnesses
vivipary
vivisective
vivisectorium
vivisectoriums
vivisepulture
vivisepultures
vivo
vivres
vizament
vizaments
vizarding
vizied
vizies
vizirate
vizirates
vizirial
vizirship
vizirships
vizy
vizying
vizzie
vizzied
vizzieing
vizzies
vlei
vleis
vlies
vly
voar
voars
vocab
vocabs
vocabularian
vocabularians
vocabularied
vocabulist
vocabulists
vocalese
vocaleses
vocalion
vocalions
vocalisation
vocalisations
vocaliser
vocalisers
vocalness
vocalnesses
voces
vocicultural
vociferance
vociferances
vociferosities
vociferosity
vocular
vocule
vocules
voe
voes
voetganger
voetgangers
voetstoots
vogier
vogiest
vogueings
voguey
voguier
voguiest
voguings
voicings
voidee
voidees
voidings
voisinage
voisinages
voiture
voitures
voiturier
voituriers
voivode
voivodes
voivodeship
voivodeships
vol
vola
volable
volae
volage
volageous
volantes
volaries
volary
volatic
volatilisable
volatilisation
volatilisations
volcanian
volcanisation
volcanisations
volcanise
volcanised
volcanises
volcanising
volcanist
volcanists
volcanization
volcanizations
volcanize
volcanized
volcanizes
volcanizing
voled
volens
voleries
volery
volet
volets
voling
volitate
volitated
volitates
volitating
volitation
volitational
volitations
volitient
volitionally
volitionary
volitionless
volitives
volitorial
volk
volks
volksraad
volksraads
volpino
volpinos
vols
voltameter
voltameters
voltigeur
voltigeurs
voltinism
voltinisms
volubil
volucrine
volumenometer
volumenometers
volumetrical
voluminal
volumise
volumised
volumises
volumising
volumist
volumists
volumize
volumized
volumizes
volumizing
volumometer
volumometers
voluntative
voluptuosities
voluptuosity
voluspa
voluspas
volutation
volutations
volutoid
volve
volved
volves
volving
vomeronasal
vomicas
vomitings
vomito
vomitoria
vomitorium
vomitos
vomiturition
vomituritions
voortrekker
voortrekkers
vor
voraginous
vorago
voragoes
vorant
vorpal
vorred
vorring
vors
vorticular
vortiginous
voteen
voteens
vouchsafings
voudou
voudoued
voudouing
voudous
vouge
vouges
voulge
voulges
voussoired
voussoiring
voutsafe
voutsafed
voutsafes
voutsafing
vowelise
vowelised
vowelises
vowelising
vowelled
vowelless
vowelling
vowelly
vowess
vowesses
vox
voxel
voxels
voyageable
vozhd
vozhds
vraic
vraicker
vraickers
vraicking
vraickings
vraics
vraisemblance
vraisemblances
vril
vrils
vrouw
vrouws
vrow
vrows
vulcan
vulcanic
vulcanisable
vulcanist
vulcanists
vulcanite
vulcanites
vulcanizable
vulcanological
vulcans
vulgarisation
vulgarisations
vulgars
vulgo
vuln
vulned
vulnerate
vulnerated
vulnerates
vulnerating
vulneration
vulnerations
vulning
vulns
vulpicide
vulpicides
vulpinism
vulpinisms
vulpinite
vulpinites
vulsella
vulsellae
vulsellum
vulturism
vulturisms
vulturn
vulturns
vulviform
vum
vummed
vumming
vums
vyingly
wabain
wabains
wabbit
waboom
wabooms
wabster
wabsters
wacker
wackers
wadd
wadds
wadings
wadmaal
wadmaals
wadmoll
wadmolls
wadset
wadsets
wadsett
wadsetted
wadsetter
wadsetters
wadsetting
wadsetts
wadt
wadts
waeful
waeness
waenesses
waesome
wafflier
waffliest
wafflings
waffly
waftings
wagenboom
wagenbooms
wagglier
waggliest
waggoner
waggoners
waghalter
waghalters
wagmoire
wagmoires
wagonage
wagonages
wagonful
wagonfuls
wagonload
wagonloads
wagonwright
wagonwrights
waid
waide
waifed
waifing
waift
waifts
wailingly
wailings
wainage
wainages
wained
waining
waistbelt
waistbelts
waistboat
waistboats
waistcloth
waistcloths
waistcoateer
waistcoateers
waistcoating
waistcoatings
waister
waisters
waite
waiterage
waiterages
waiterhood
waiterhoods
waitering
waiterings
waites
waitingly
waitressings
waivode
waivodes
waiwode
waiwodes
waka
wakane
wakanes
wakas
wakeman
wakemen
wakf
wakfs
wakiki
wakikis
wakings
wald
waldflute
waldflutes
waldgrave
waldgraves
waldgravine
waldgravines
waldhorn
waldhorns
waldrapp
waldrapps
walds
waldsterben
waldsterbens
wali
walier
walies
waliest
walis
walise
walises
walkmill
walkmills
wallaba
wallabas
wallchart
wallcharts
wallclimber
wallclimbers
wallcovering
wallcoverings
waller
wallers
wallfish
wallfishes
wallie
wallier
wallies
walliest
wallings
wallopings
wallowings
wallsend
wallsends
wallwort
wallworts
wallydrag
wallydrags
walnutwood
walnutwoods
waltier
waltiest
walty
waltzings
waly
wambenger
wambengers
wambliness
wamblinesses
wamblingly
wamblings
wamed
wameful
wamefuls
wammus
wammuses
wampee
wampees
wampish
wampished
wampishes
wampishing
wampus
wampuses
wamus
wamuses
wanchancie
wanchancy
wanderingly
wandle
wandoo
wandoos
wang
wanglings
wangs
wanhope
wanhopes
wanings
wank
wanked
wanker
wankers
wankier
wankiest
wanking
wankle
wanks
wanky
wanle
wannabe
wannabee
wannabees
wannabes
wannel
wannish
wanrestful
wantage
wantages
wanthill
wanthills
wanthriven
wanties
wantings
wantonest
wantonise
wantonised
wantonises
wantonising
wantonize
wantonized
wantonizes
wantonizing
wanty
wanwordy
wanworth
wanworths
wanze
wanzed
wanzes
wanzing
wapenschaw
wapenschaws
wapenshaw
wapenshaws
wapinschaw
wapinschaws
wapinshaw
wapinshaws
wappend
wappenschaw
wappenschaws
wappenshaw
wappenshawing
wappenshawings
wappenshaws
wapper
wappered
wappering
wappers
waqf
waqfs
waratah
waratahs
warbier
warbiest
warblingly
warblings
warby
wardcorn
wardcorns
wardened
wardening
wardered
wardering
wardings
wardmote
wardmotes
wardog
wardogs
wardrober
wardrobers
wardrop
wardrops
warehousings
wareless
warfared
warfarer
warfarers
warfaring
warfarings
warhable
waribashi
waribashis
wariment
wariments
wark
warks
warlikeness
warlikenesses
warling
warlings
warlockries
warlockry
warman
warmblood
warmbloods
warmen
warmings
warpings
warragal
warragals
warragle
warragles
warragul
warraguls
warran
warrand
warranded
warrandice
warrandices
warranding
warrands
warraned
warraning
warrans
warrantings
warrantise
warrantises
warray
warrayed
warraying
warrays
warre
warrey
warreyed
warreying
warreys
warrigals
warrioress
warrioresses
warrison
warrisons
warst
wartlike
wartweed
wartweeds
wartwort
wartworts
warwolf
warwolves
wase
wasegoose
wasegooses
wases
washball
washballs
washen
washered
washeries
washering
washery
washiness
washinesses
washingtonia
washingtonias
washland
washlands
washpot
washpots
washwipe
washwipes
wasm
wasms
waspie
waspies
waspnest
waspnests
wassailings
wassailries
wassailry
wasserman
wassermen
wastel
wastels
wasteness
wastenesses
wastered
wasterful
wasterfully
wasterfulness
wasterfulnesses
wasteries
wasterife
wasterifes
wastering
wastery
wastfull
wastings
wastness
wastnesses
wastries
wastrife
wastrifes
wastry
wasts
watchbox
watchboxes
watchet
watchets
watchglass
watchglasses
watchguard
watchguards
watchspring
watchsprings
watchstrap
watchstraps
wate
waterage
waterages
watercolour
watercolourist
watercolourists
watercolours
waterdrive
waterdrives
waterfloodings
waterglass
waterglasses
waterhen
waterhens
waterings
waterlilies
waterlily
waterpox
waterpoxes
waterquake
waterquakes
watersmeet
watersmeets
waterwork
watter
wattest
wattlebark
wattlebarks
wattlework
wattleworks
wattlings
waucht
wauchted
wauchting
wauchts
wauff
wauffed
wauffing
wauffs
waugh
waughed
waughing
waughs
waught
waughted
waughting
waughts
wauk
wauked
wauker
waukers
wauking
waukmill
waukmills
waukrife
wauks
waulings
waulk
waulked
waulker
waulkers
waulking
waulkmill
waulkmills
waulks
waur
waured
wauring
waurs
waurst
wavefront
wavefronts
wavellite
wavellites
wavemeter
wavemeters
waverier
waveriest
waveringness
waveringnesses
waverings
waverous
waveson
wavesons
wavies
wavings
wawe
wawes
wawlings
waxcloth
waxcloths
waxworker
waxworkers
wayboard
wayboards
waybread
waybreads
wayed
wayfare
wayfared
wayfares
wayfarings
waygone
waygoose
waygooses
waying
wayleave
wayleaves
waymark
waymarked
waymarking
waymarks
wayment
waymented
waymenting
wayments
waypost
wayposts
waywiser
waywisers
waywode
waywodes
wayzgoose
wayzgooses
wazir
wazirs
wealsman
wealsmen
weamb
weambs
weanel
weanels
weared
wearings
wearish
wearyingly
weaseler
weaselers
weaseller
weasellers
weatherable
weathercloth
weathercloths
weathergirl
weathergirls
weatherise
weatherised
weatherises
weatherising
weathermost
weatherometer
weatherometers
weavings
weazand
weazands
weazen
weazened
weazening
weazens
webfooted
website
websites
webwheel
webwheels
wecht
wechts
weddered
weddering
wedelned
wedelning
wedgewise
wedgings
weederies
weedery
weedicide
weedicides
weedings
weedkiller
weedkillers
weeing
weeke
weekendings
weekes
weel
weeldlesse
weels
weem
weems
weephole
weepholes
weepingly
weete
weeten
weeter
weetest
weetingly
weetless
weeviled
weevilled
weftage
weftages
wefte
wefted
weftes
wefting
weid
weids
weighage
weighages
weighboard
weighboards
weighbridge
weighbridges
weighings
weightings
weil
weils
weirded
weirding
weired
weiring
weise
weised
weises
weising
weize
weized
weizes
weizing
welaway
welcomingly
weldabilities
weldability
weldings
weldless
weldmesh
weldmeshes
welfaristic
welk
welke
welked
welkes
welking
welks
welkt
wellanear
wellbeing
wellbeings
wellhouse
wellhouses
wellings
wellington
wellingtonia
wellingtonias
wellingtons
wem
wemb
wembs
wems
wennier
wenniest
wennish
wenny
wents
werewolferies
werewolfery
werewolfish
werewolfism
werewolfisms
wernerite
wernerites
wersh
wersher
wershest
werwolfish
wesand
wesands
wested
westerings
westerner
westerners
westernism
westernisms
westlin
westlins
westwardly
weta
wetas
wetware
wetwares
wex
wexe
wexed
wexes
wexing
wey
weyard
weys
weyward
wezand
wezands
wha
whackings
whackoes
whaisle
whaisled
whaisles
whaisling
whaizle
whaizled
whaizles
whaizling
whaleries
whalery
whally
whammos
whample
whamples
whangam
whangams
whare
whares
wharfings
whatabouts
whaten
whatna
whatso
whatsomever
whatten
whaur
whaurs
whear
wheare
wheatfield
wheatfields
wheatier
wheatiest
wheatmeal
wheatmeals
wheatsheaf
wheatsheaves
wheatworm
wheatworms
wheaty
wheech
wheeched
wheeching
wheechs
wheedlesome
wheedlings
wheelier
wheeliest
wheely
wheenge
wheenged
wheengeing
wheenges
wheenging
wheeple
wheepled
wheeples
wheepling
wheesh
wheesht
wheeshted
wheeshting
wheeshts
wheezings
wheezle
wheezled
wheezles
wheezling
wheft
whefts
whelked
whemmle
whemmled
whemmles
whemmling
whenceforth
whences
whencever
whereafter
whereagainst
wherefor
whereinsoever
whereness
wherenesses
whereout
whereso
whereunder
whereuntil
wherewiths
wherret
wherreted
wherreting
wherrets
wherryman
wherrymen
wheugh
wheughed
wheughing
wheughs
whewed
whewellite
whewellites
whewing
wheyier
wheyiest
wheyishness
wheyishnesses
whidder
whiddered
whiddering
whidders
whiffier
whiffiest
whiffings
whiffleries
whifflery
whifflings
whiffy
whift
whifts
whiggamore
whiggamores
whigged
whigging
whigmaleery
whilere
whilk
whillied
whillies
whilly
whillying
whillywha
whillywhaed
whillywhaing
whillywhas
whillywhaw
whillywhawed
whillywhawing
whillywhaws
whimberries
whimberry
whimmed
whimmier
whimmiest
whimming
whimmy
whimperer
whimperers
whimperingly
whimperings
whimple
whimples
whimsier
whimsiest
whimsily
whimsiness
whimsinesses
whinberries
whinberry
whingeings
whinger
whingers
whiniard
whiniards
whininess
whininesses
whinings
whinyard
whinyards
whipbird
whipbirds
whipcat
whipcats
whipcordy
whipjack
whipjacks
whiplashed
whiplashing
whippeting
whippetings
whippiness
whippinesses
whipstaff
whipstaffs
whipstall
whipstalled
whipstalling
whipstalls
whipster
whipsters
whiptailed
whirlbat
whirlbats
whirlblast
whirlblasts
whirlings
whirret
whirreted
whirreting
whirrets
whirrings
whirtle
whirtles
whiskerando
whiskerandoed
whiskerandos
whisket
whiskets
whiskeyfied
whiskified
whisperously
whiss
whissed
whisses
whissing
whistlingly
whitebass
whitebasses
whitebeam
whitebeams
whiteboyism
whiteboyisms
whitecoat
whitecoats
whitepot
whitepots
whitethorn
whitethorns
whiteware
whitewares
whithered
whithering
whithers
whitherwards
whitishness
whitishnesses
whitleather
whitleathers
whitling
whitlings
whitret
whitrets
whitster
whitsters
whittaw
whittawer
whittawers
whittaws
whitter
whittered
whitterick
whittericks
whittering
whitters
whizzingly
whizzings
whodunitries
whodunitry
whodunnitries
whodunnitry
wholefood
wholefoods
wholegrain
wholemeal
wholemeals
wholesomer
wholesomest
wholestitch
wholestitches
wholewheat
wholist
wholists
whomble
whombled
whombles
whombling
whommle
whommled
whommles
whommling
whoobub
whoobubs
whoopings
whoopsie
whoopsies
whoot
whooted
whooting
whoots
whoppings
whoremasterly
whoremistress
whoremistresses
whorishly
whorishness
whorishnesses
whorlbat
whorlbats
whot
whow
whummle
whummled
whummles
whummling
whunstane
whunstanes
whyever
wicca
wiccan
wiccans
wiccas
wice
wich
wiches
wickeds
wicken
wickens
wickered
wickies
wicky
widdle
widdled
widdles
widdling
widebody
widechapped
widershins
widescreen
widgie
widgies
widowman
widowmen
widthways
widthwise
wiel
wieldable
wieldiness
wieldinesses
wieldless
wiels
wifie
wifies
wiggeries
wiggery
wiggings
wighted
wighting
wightly
wilded
wildgrave
wildgraves
wildlifes
wileful
wilfully
wilfulness
wilfulnesses
wilga
wilgas
wili
wilis
wilja
wiljas
willest
willey
willeyed
willeying
willeys
willie
williewaught
williewaughts
willowherb
willowherbs
willowish
willyard
willyart
wiltja
wiltjas
wimbrel
wimbrels
wimpishly
wincey
winceyette
winceyettes
winceys
winchman
winchmen
wincings
wincopipe
wincopipes
windac
windacs
windas
windases
windbaggeries
windbaggery
windblow
windblows
windborne
windbound
windcheater
windcheaters
windfallen
windgun
windguns
windingly
windle
windles
windlestrae
windlestraes
windock
windocks
windore
windores
windowings
windring
windrose
windroses
windsail
windsails
windses
windshake
windshakes
windship
windships
windsurfer
windsurfers
windtight
wineberries
wineberry
wineglassful
wineglassfuls
wingbeat
wingbeats
winge
wingedly
wingeing
winges
winkingly
winkings
winkler
winklers
winn
winnabilities
winnability
winningness
winningnesses
winnle
winnles
winnowings
winns
winsey
winseys
winterbourne
winterbournes
winterisation
winterisations
winterise
winterised
winterises
winterising
winterkilled
winterkilling
wipings
wippen
wippens
wiredrawings
wireway
wireways
wireworker
wireworkers
wireworking
wireworkings
wirewove
wirricow
wirricows
wisard
wisards
wiseling
wiselings
wishings
wishtonwish
wishtonwishes
wisket
wiskets
wissed
wisses
wissing
wistiti
wistitis
wistly
witblits
witblitses
witchen
witchens
witchetties
witchetty
witchingly
witchknot
witchknots
witchmeal
witchmeals
witeless
witgat
witgatboom
witgatbooms
witgats
withdrawer
withdrawers
withdrawment
withdrawments
witheredness
witherednesses
witherings
withhault
withholden
withholdment
withholdments
withouten
withs
withstander
withstanders
withwind
withwinds
withywind
withywinds
witnesser
witnessers
witter
wittered
wittering
witters
wittolly
witwall
witwalls
witwanton
witwantoned
witwantoning
witwantons
wivehood
wivehoods
wizier
wiziers
woaded
wobbegong
wobbegongs
wobblies
wobblings
wobegone
wock
wocks
woesome
wofully
wofulness
wofulnesses
woggle
woggles
woiwode
woiwodes
wolfings
wolfkin
wolfkins
wolfling
wolflings
wolfskin
wolfskins
wollies
wolly
wolve
wolved
wolverene
wolverenes
wolving
wolvings
wolvish
wolvishly
womaned
womanfully
womaning
womaniser
womanisers
womankinds
womans
wombing
womblike
womby
womenkinds
womenswear
womenswears
wonderingly
wonderings
wondermonger
wondermongering
wondermongerings
wondermongers
wonderous
wondred
wonga
wongas
wongi
wongied
wongiing
wongis
woning
wonings
wonnings
wontless
woobut
woobuts
woodbind
woodbinds
woodburytype
woodburytypes
woodcarver
woodcarvers
woodcarving
woodcarvings
woodchip
woodchips
woodenheadedness
woodenheadednesses
woodentop
woodentops
woodgrouse
woodgrouses
woodhole
woodholes
woodhorse
woodhorses
woodhouse
woodhouses
woodlessness
woodlessnesses
woodlice
woodlouse
woodmeal
woodmeals
woodmice
woodmouse
woodness
woodnesses
woodpigeon
woodpigeons
woodreeve
woodreeves
woodroof
woodroofs
woodrush
woodrushes
woodscrew
woodscrews
woodsheddings
woodshock
woodshocks
woodshrike
woodshrikes
woodskin
woodskins
woodspite
woodspites
woodstone
woodstones
woodthrush
woodthrushes
woodwale
woodwales
woodward
woodwards
woodwax
woodwaxen
woodwaxens
woodwaxes
woodwose
woodwoses
woodyard
woodyards
woofier
woofiest
woofter
woofters
woofy
wooings
woold
woolded
woolder
woolders
woolding
wooldings
woolds
woolfat
woolfats
woollyback
woollybacks
woollybutt
woollybutts
woolman
woolmen
woolsey
woolseys
woolsorter
woolsorters
woolward
woolwork
woolworks
woomerang
woomerangs
woon
wooned
wooning
woons
woopie
woopies
woorali
wooralis
woorara
wooraras
woosel
woosell
woosells
woosels
woot
wootz
wootzes
wopped
wopping
worcester
worcesterberries
worcesterberry
worcesters
wordbound
wordbreak
wordbreaks
wordgame
wordgames
wordish
wordishness
wordishnesses
wordlore
wordlores
workadays
workerist
workerists
workfellow
workfellows
workful
workgirl
workgirls
workgroup
workgroups
workmaster
workmasters
workmistress
workmistresses
worksheet
worksheets
workshopped
workshopping
workshy
worksome
worktop
worktops
workwatcher
workwatchers
workwear
workwears
worlded
worldscale
worldscales
wormcast
wormcasts
wormeries
wormery
wormholed
worral
worrals
worrel
worrels
worricow
worricows
worrit
worrited
worriting
worrits
worrycow
worrycows
worryguts
worryingly
worryings
worsed
worseness
worsenesses
worshipable
worsing
worthied
worthying
wortle
wortles
wosbird
wosbirds
wotcher
wottest
wotteth
woubit
woubits
woulds
woundable
wounder
wounders
woundily
woundingly
woundings
woundwort
woundworts
woundy
wourali
wouralis
wowee
wowf
wowfer
wowfest
wox
woxen
wranglership
wranglerships
wranglesome
wranglings
wrapover
wrapovers
wrappage
wrappages
wrappered
wrappering
wrapround
wraprounds
wrast
wrasted
wrasting
wrasts
wrate
wrathed
wrathily
wrathiness
wrathinesses
wrathing
wrathless
wrawl
wrawled
wrawling
wrawls
wraxle
wraxled
wraxles
wraxling
wraxlings
wreakful
wreakless
wreather
wreathers
wreathier
wreathiest
wreathless
wreckfish
wreckfishes
wreckful
wreckmaster
wreckmasters
wrenchings
wrethe
wrethed
wrethes
wrething
wrigglings
wringings
wrinklies
writative
writeress
writeresses
writership
writerships
writhingly
writhings
writhled
wrizled
wroath
wroaths
wroke
wroken
wrongous
wrongously
wroot
wrooted
wrooting
wroots
wrybill
wrybills
wrythen
wudded
wudding
wuds
wull
wulled
wulling
wulls
wunner
wunners
wurley
wurleys
wurlies
wurtzite
wurtzites
wus
wuses
wushu
wushus
wuzzle
wuzzled
wuzzles
wuzzling
wych
wyches
wyte
wyted
wytes
wyting
xantham
xanthams
xanthin
xanthins
xanthochroia
xanthochroias
xanthochroic
xanthochroid
xanthochroids
xanthochroism
xanthochroisms
xanthochromia
xanthochromias
xanthochroous
xanthomatous
xanthomelanous
xanthopsia
xanthopsias
xanthopterin
xanthopterine
xanthopterines
xanthopterins
xanthoxyl
xanthoxyls
xenarthral
xenium
xenocryst
xenocrysts
xenodochia
xenodochium
xenogeneses
xenogenesis
xenogenetic
xenogenous
xenoglossia
xenoglossias
xenomania
xenomanias
xenomenia
xenomenias
xenomorphic
xenophobies
xenophoby
xenophya
xenoplastic
xenotime
xenotimes
xenurine
xerafin
xerafins
xeranses
xeransis
xeranthemum
xeranthemums
xerantic
xeraphim
xeraphims
xerasia
xerasias
xerochasies
xerochasy
xeroderma
xerodermas
xerodermatic
xerodermatous
xerodermia
xerodermias
xerodermic
xeroma
xeromas
xeromata
xeromorph
xeromorphic
xeromorphous
xeromorphs
xerophagies
xerophagy
xerostoma
xerostomas
xerostomata
xerostomia
xerostomias
xerotes
xerotripses
xerotripsis
xiphihumeralis
xiphihumeralises
xiphiplastra
xiphiplastral
xiphiplastrals
xiphiplastron
xiphisternums
xiphoidal
xiphopagi
xiphopagic
xiphopagous
xiphopagus
xiphophyllous
xiphosuran
xiphosurans
xoana
xoanon
xylenol
xylenols
xylic
xylobalsamum
xylobalsamums
xylocarp
xylocarpous
xylocarps
xylochrome
xylochromes
xylogen
xylogenous
xylogens
xyloidin
xyloidine
xyloidines
xyloidins
xylologies
xylology
xyloma
xylomas
xylomata
xylometer
xylometers
xylonic
xylonite
xylonites
xylophagan
xylophagans
xylophage
xylophages
xylophilous
xylophonic
xylopyrographies
xylopyrography
xylorimba
xylorimbas
xylotomous
xylotypographic
xylotypographies
xylotypography
xylyl
xylyls
xyridaceous
xystoi
xystos
yabbie
yabbies
yabby
yacca
yaccas
yachter
yachters
yachtie
yachties
yachtsmanship
yachtsmanships
yachtswoman
yachtswomen
yacker
yackers
yaff
yaffed
yaffing
yaffingale
yaffingales
yaffle
yaffles
yaffs
yagger
yaggers
yahs
yakhdan
yakhdans
yakimono
yakimonos
yakka
yakkas
yakow
yakows
yakuza
yald
yale
yales
yammerings
yanker
yankers
yankie
yankies
yaourt
yaourts
yapp
yappie
yappier
yappies
yappiest
yapps
yappy
yapster
yapsters
yaqona
yaqonas
yardang
yardangs
yardwand
yardwands
yarfa
yarfas
yarmulka
yarmulkas
yarpha
yarphas
yarr
yarraman
yarramans
yarrs
yarta
yartas
yarto
yartos
yate
yates
yatteringly
yatterings
yaud
yauds
yawey
yawnier
yawniest
yawnings
yawny
yawy
ybet
yblent
ybore
ybound
ybounden
ybrent
yclad
ycled
ycleepe
ycleeped
ycleepes
ycleeping
ycond
ydrad
ydred
yead
yeading
yeads
yealdon
yealdons
yealm
yealmed
yealming
yealms
yeard
yearded
yearding
yeards
yeastlike
yede
yedes
yeding
yeed
yeeding
yeeds
yeggman
yeggmen
yeldring
yeldrings
yeldrock
yeldrocks
yelk
yelks
yellings
yelloch
yelloched
yelloching
yellochs
yellowback
yellowbacks
yellowbird
yellowbirds
yellowcake
yellowcakes
yellowhead
yellowheads
yellowier
yellowiest
yellowishness
yellowishnesses
yellowness
yellownesses
yelm
yelmed
yelming
yelms
yelpings
yelt
yelts
yeps
yerd
yerded
yerding
yerds
yersinia
yersiniae
yersinias
yersinioses
yersiniosis
yesk
yesked
yesking
yesks
yest
yestereve
yestereven
yesterevening
yesterevenings
yesterevens
yestereves
yestermorn
yestermorning
yestermornings
yestermorns
yestern
yests
yesty
yett
yetts
yeve
yeven
yeves
yeving
yewen
yex
yexed
yexes
yexing
yfere
yglaunst
ygo
ygoe
yibbles
yicker
yickered
yickering
yickers
yieldable
yieldableness
yieldablenesses
yieldingly
yieldingness
yieldingnesses
yieldings
yike
yikker
yikkered
yikkering
yikkers
yill
yills
yince
yipper
yippers
yippy
yird
yirded
yirding
yirds
yirk
yirked
yirking
yirks
yite
yites
ylike
ylke
ylkes
ymolt
ymolten
ympe
ympes
ymping
ympt
ynambu
ynambus
yobberies
yobbery
yobbish
yobbishly
yobbism
yobbisms
yode
yodler
yodlers
yogism
yogisms
yoick
yoicked
yoicking
yoicksed
yoickses
yoicksing
yojan
yojana
yojanas
yojans
yokings
yokked
yokking
yokozuna
yokozunas
yokul
yold
yoldring
yoldrings
yomp
yomped
yomping
yomps
yonderly
yonders
yongthly
yonker
yonkers
yonks
yont
yoof
yoofs
yoop
yoops
yopper
yoppers
york
yorked
yorker
yorkers
yorkie
yorkies
yorking
yorks
yos
youk
youked
youking
youks
youngly
youngth
youngthly
youngths
yourt
yourts
youthhead
youthheads
youthhood
youthhoods
youthier
youthiest
youthly
youthsome
youthy
yowe
yowes
yowie
yowies
yowley
yowleys
yowlings
yows
ypight
yplast
yplight
ypsiliform
ypsiloid
ypsilon
ypsilons
yrapt
yravished
yrent
yrivd
yrneh
yrnehs
ysame
yshend
yshending
yshends
yshent
yslaked
ythundered
ytost
yttriferous
yttrious
yu
yucker
yuckers
yuft
yufts
yug
yugs
yukata
yukatas
yuke
yuked
yukes
yukier
yukiest
yuking
yukkier
yukkiest
yukky
yuko
yukos
yuky
yump
yumped
yumpie
yumpies
yumping
yumps
yunx
yunxes
yupon
yupons
yuppiedom
yuppiedoms
yuppification
yuppifications
yuppified
yuppifies
yuppify
yuppifying
yuppy
yus
ywroke
zabaione
zabaiones
zabra
zabras
zabtieh
zabtiehs
zack
zacks
zaddiks
zaitech
zaitechs
zakat
zakats
zakuska
zakuski
zalambdodont
zalambdodonts
zaman
zamang
zamangs
zamans
zambo
zambomba
zambombas
zamboorak
zambooraks
zambos
zambuck
zambucks
zambuk
zambuks
zamindaries
zamindary
zamouse
zamouses
zampogna
zampognas
zampone
zamponi
zanella
zanellas
zanied
zanja
zanjas
zanjero
zanjeros
zante
zantedeschia
zantedeschias
zantes
zanthoxyl
zanthoxyls
zanying
zanyism
zanyisms
zanze
zanzes
zapata
zapotilla
zapotillas
zaptiah
zaptiahs
zaptieh
zaptiehs
zarape
zarapes
zarnec
zarnecs
zarnich
zarnichs
zati
zatis
zea
zealant
zealants
zealful
zealless
zealotism
zealotisms
zeas
zebrina
zebrinas
zebrinnies
zebrinny
zebrula
zebrulas
zebrule
zebrules
zebub
zebubs
zecchine
zecchines
zel
zelant
zelants
zelator
zelators
zelatrice
zelatrices
zelatrix
zelatrixes
zelophobia
zelophobias
zelophobic
zelophobics
zeloso
zelotypia
zelotypias
zels
zemindari
zemindaris
zendik
zendiks
zeolitiform
zerda
zerdas
zereba
zerebas
zeriba
zeribas
zerumbet
zerumbets
zetetic
zetetics
zeuglodont
zeuglodonts
zeugmatic
zeuxite
zeuxites
zex
zexes
zeze
zezes
zho
zhomo
zhomos
zhos
ziff
ziffius
ziffiuses
ziffs
zigan
ziganka
zigankas
zigans
zigzaggeries
zigzaggery
zigzaggy
zila
zilas
zillionths
zimb
zimbi
zimbis
zimbs
zimmer
zimmers
zimocca
zimoccas
zincier
zinciest
zinciferous
zincification
zincifications
zincified
zincifies
zincify
zincifying
zinckier
zinckiest
zinckification
zinckifications
zinckified
zinckifies
zinckify
zinckifying
zinco
zincode
zincodes
zincograph
zincographer
zincographers
zincographic
zincographical
zincographies
zincographs
zincography
zincolyses
zincolysis
zincos
zine
zines
zingel
zingels
zingiber
zingiberaceous
zingibers
zinke
zinked
zinkenite
zinkenites
zinkes
zinkier
zinkiest
zinkiferous
zinkification
zinkifications
zinkified
zinkifies
zinkify
zinkifying
zinking
zinziberaceous
ziplock
zippo
zippos
ziptop
zircaloy
zircaloys
zite
ziz
zizania
zizanias
zizel
zizels
zizyphus
zizyphuses
zizz
zizzed
zizzes
zizzing
zo
zoanthropic
zoanthropies
zoanthropy
zobo
zobos
zobu
zobus
zocco
zoccolo
zoccolos
zoccos
zoechrome
zoechromes
zoeform
zoetic
zoetrope
zoetropes
zoetropic
zoiatria
zoiatrias
zoiatrics
zoic
zoism
zoisms
zoist
zoists
zomboruk
zomboruks
zona
zonae
zonda
zondas
zoneless
zonings
zonoid
zonula
zonulae
zonulas
zonulet
zonulets
zonure
zonures
zoobiotic
zooblast
zooblasts
zoocephalic
zoochemical
zoochemistries
zoochemistry
zoochories
zoochorous
zoochory
zooculture
zoocultures
zoocytia
zoocytium
zoodendria
zoodendrium
zoodendriums
zooea
zooeae
zooeal
zooeas
zoogamete
zoogametes
zoogamies
zoogamous
zoogamy
zoogenies
zoogenous
zoogeny
zoogloeic
zoogloeoid
zoogonidia
zoogonidium
zoogonies
zoogonous
zoogony
zoograft
zoografting
zoograftings
zoografts
zoographer
zoographers
zoographic
zoographical
zoographies
zoographist
zoographists
zoography
zoolatria
zoolatrias
zoolatrous
zoolite
zoolites
zoolith
zoolithic
zooliths
zoolitic
zoomagnetic
zoomagnetism
zoomagnetisms
zoomancies
zoomancy
zoomantic
zoometric
zoomorphies
zoomorphism
zoomorphisms
zoomorphy
zoonic
zoonite
zoonites
zoonitic
zoonomia
zoonomias
zoonomic
zoonomies
zoonomist
zoonomists
zoonomy
zoopathies
zoopathologies
zoopathology
zoopathy
zooperal
zooperies
zooperist
zooperists
zoopery
zoophagan
zoophagans
zoophagies
zoophagous
zoophagy
zoophilia
zoophilias
zoophilism
zoophilisms
zoophilist
zoophilists
zoophobia
zoophobias
zoophobous
zoophori
zoophoric
zoophorus
zoophysiologies
zoophysiologist
zoophysiologists
zoophysiology
zoophytic
zoophytical
zoophytoid
zoophytological
zoophytologies
zoophytologist
zoophytologists
zoophytology
zooplastic
zooplasties
zooplasty
zoopsychologies
zoopsychology
zooscopic
zooscopies
zooscopy
zoospermatic
zoospermia
zoospermium
zoosporous
zootaxies
zootaxy
zootechnies
zootechny
zoothapses
zoothapsis
zoothecia
zoothecial
zoothecium
zootheism
zootheisms
zootheistic
zootherapies
zootherapy
zoothome
zoothomes
zootomical
zootomically
zootomist
zootomists
zootoxin
zootoxins
zootrope
zootropes
zootrophic
zootrophies
zootrophy
zootsuiter
zootsuiters
zootype
zootypes
zootypic
zoozoo
zoozoos
zopilote
zopilotes
zoppa
zoppo
zorgite
zorgites
zorillo
zorillos
zorino
zorinos
zorro
zorros
zos
zouk
zouks
zuchetta
zuchettas
zuchetto
zuchettos
zuffoli
zuffolo
zufoli
zufolo
zugzwang
zugzwangs
zulu
zulus
zumbooruck
zumboorucks
zumbooruk
zumbooruks
zupa
zupan
zupans
zupas
zurf
zurfs
zuz
zuzim
zwischenzug
zwischenzugs
zyga
zygaenid
zygaenine
zygaenoid
zygal
zygantra
zygantrum
zygantrums
zygapophyseal
zygapophysial
zygobranch
zygobranchiate
zygobranchiates
zygobranchs
zygocacti
zygocactus
zygocactuses
zygocardiac
zygodactylic
zygodactylism
zygodactylisms
zygodont
zygomorphism
zygomorphisms
zygomorphous
zygomycete
zygomycetes
zygomycetous
zygon
zygophyllaceous
zygophyte
zygophytes
zygopleural
zygose
zygosperm
zygosperms
zygosphene
zygosphenes
zylonite
zylonites
zymic
zymite
zymites
zymogenic
zymoid
zymologic
zymological
zymologist
zymologists
zymolyses
zymolysis
zymolytic
zymome
zymomes
zymometer
zymometers
zymosimeter
zymosimeters
zymotechnic
zymotechnical
zymotechnics
zymotically
zymotics
zythum
zythums
