# 🚨
# 🚨 Source: https://web.archive.org/web/20071018165557if_/http://personal.riverusers.com/~thegrendel/supp2k.zip::upper.lst
# 🚨
Aaronic
Aaronical
Ab
Abbasid
Abbasids
Abbevillean
Abbevillian
Abelian
Abenaki
Abenakis
Aberdonian
Aberdonians
Abib
Abibs
Abkhas
Abkhases
Abkhasian
Abkhasians
Abkhaz
Abkhazes
Abkhazian
Abkhazians
Abnaki
Abnakis
Abo
Abolitionist
Abolitionists
Aboriginal
Aboriginals
Aborigine
Aborigines
Abos
Abs
Absaroke
Absarokes
Abyssinian
Abyssinians
Acadian
Acadians
Acarnanian
Acarnanians
Accadian
Accadians
Accolate
Accolates
Accutane
Accutanes
Aceldama
Aceldamas
Achaean
Achaeans
Achaemenian
Achaemenians
Achaemenid
Achaemenidae
Achaemenids
Achaian
Achaians
Achates
Achateses
Acheulean
Acheulian
Achillean
Achomawi
Achomawis
Achromycin
Achromycins
Achumawi
Achumawis
Acoma
Acomas
Acrilan
Acrilans
Act
Activase
Activases
Acts
Adam
Adamic
Adamical
Adamite
Adamites
Adamitic
Adams
Adar
Adars
Addisonian
Addressograph
Addressographs
Adelie
Adelies
Adlerian
Administration
Administrations
Admiralties
Admiralty
Adonic
Adonis
Adonises
Adoptianism
Adoptianisms
Adoptionism
Adoptionisms
Adoptionist
Adoptionists
Adrenalin
Adrenalins
Adriamycin
Adriamycins
Advent
Adventism
Adventisms
Adventist
Adventists
Advents
Adzhar
Adzharian
Adzharians
Adzhars
Aegean
Aeginetan
Aeginetans
Aeneolithic
Aeolian
Aeolians
Aeolic
Aeolics
Aeschylean
Aesculapian
Aesir
Aesopian
Aesopic
Aetolian
Aetolians
Afghan
Afghani
Afghanis
Afghans
African
Africana
Africander
Africanders
Africanise
Africanised
Africanises
Africanising
Africanism
Africanisms
Africanist
Africanists
Africanization
Africanizations
Africanize
Africanized
Africanizes
Africanizing
Africanness
Africannesses
Africans
Afrikaans
Afrikander
Afrikanders
Afrikaner
Afrikanerdom
Afrikanerdoms
Afrikaners
Afro
Afroasiatic
Afrocentric
Afrocentrism
Afrocentrisms
Afrocentrist
Afrocentrists
Afros
Agada
Agadoth
Age
Ages
Aggada
Aggadah
Aggadahs
Aggadic
Aggadist
Aggadists
Aggadot
Aggadoth
Aggie
Aggies
AIDS
Ainu
Ainus
Airedale
Airedales
Akan
Akans
Akita
Akitas
Akkadian
Akkadians
Alabama
Alabaman
Alabamans
Alabamas
Alabamian
Alabamians
Alamine
Alamines
Alar
Alars
Alaskan
Alaskans
Albanian
Albanians
Albertan
Albertans
Albertist
Albertists
Albigenses
Albigensian
Albigensianism
Albigensianisms
Albigensians
Albuquerquean
Albuquerqueans
Alcaic
Alcaics
Alcibiadean
Alcoran
Alcorans
Alderney
Alderneys
Aldine
Aldines
Alemanni
Alemannic
Alencon
Alencons
Aleppine
Aleppines
Aleut
Aleutian
Aleutians
Aleuts
Alexander
Alexanders
Alexandrian
Alexandrians
Alexandrine
Alexandrines
Alfredo
Algerian
Algerians
Algerine
Algerines
Algonkian
Algonkians
Algonkin
Algonkins
Algonquian
Algonquians
Algonquin
Algonquins
Alhambresque
Alkoran
Alkorans
Alleghanian
Alleghenian
Alleghenians
Allemande
Allemandes
Allentiac
Allentiacs
Allhallowmas
Allhallowmases
Allhallows
Allhallowtide
Allhallowtides
Allied
Allophone
Allophones
Almagest
Almagests
Almerian
Almerians
Almighty
Alpha
Alphas
Alpine
Alpines
Alpinism
Alpinisms
Alpinist
Alpinists
Alsatian
Alsatians
Altaic
Althing
Althings
Althorn
Althorns
Alundum
Alundums
Amalekite
Amalekites
Amalfian
Amalfians
Amaretto
Amarettos
Amarilloan
Amarilloans
Amati
Amatis
Amazon
Amazonian
Amazons
Amberlite
Amberlites
Amboinese
Ambonese
Ambrosian
Amerasian
Amerasians
American
Americana
Americanisation
Americanisations
Americanise
Americanised
Americanises
Americanising
Americanism
Americanisms
Americanist
Americanists
Americanization
Americanizations
Americanize
Americanized
Americanizes
Americanizing
Americanness
Americannesses
Americans
Amerind
Amerindian
Amerindians
Amerindic
Amerinds
Amharic
Amish
Ammonite
Ammonites
Amorite
Amorites
Amsterdammer
Amsterdammers
Amytal
Amytals
Anabaptism
Anabaptisms
Anabaptist
Anabaptists
Anacreontic
Anacreontics
Anafranil
Anafranils
Ananias
Ananiases
Anaprox
Anaproxes
Anasazi
Anasazis
Anatolian
Anatolians
Anaxagorean
Anaximandrian
AND
Andalusian
Andalusians
Andamanese
Andean
Andeans
Andine
Andorran
Andorrans
Angeleno
Angelenos
Angelica
Angelican
Angelicas
Angelologies
Angelology
Angelus
Angeluses
Angevin
Angevine
Angevines
Angevins
Angle
Angles
Anglian
Anglians
Anglican
Anglicanism
Anglicanisms
Anglicans
Anglice
Anglicise
Anglicised
Anglicises
Anglicising
Anglicism
Anglicisms
Anglicist
Anglicists
Anglicization
Anglicizations
Anglicize
Anglicized
Anglicizes
Anglicizing
Anglified
Anglifies
Anglify
Anglifying
Anglist
Anglists
Anglo
Anglocentric
Anglocentrism
Anglocentrisms
Anglomania
Anglomanias
Anglophil
Anglophile
Anglophiles
Anglophilia
Anglophiliac
Anglophilias
Anglophilic
Anglophilism
Anglophilisms
Anglophils
Anglophobe
Anglophobes
Anglophobia
Anglophobiac
Anglophobias
Anglophobic
Anglophone
Anglophones
Anglophonic
Anglos
Angolan
Angolans
Angora
Angoras
Angst
Angstrom
Angstroms
Angsts
Anguillan
Anguillans
Angus
Anguses
Anjou
Anjous
Anlage
Anlagen
Anlages
Annamese
Annamite
Annamites
Annunciation
Annunciations
Anschluss
Anschlusses
Antabuse
Antabuses
Antaean
Antarctic
Antichrist
Antichrists
Antifederalism
Antifederalisms
Antifederalist
Antifederalists
Antiguan
Antiguans
Antillean
Antilleans
Antinomian
Antinomians
Antiochene
Antiochenes
Antiochian
Antiochians
Antonian
Antonians
Antron
Antrons
ANTU
Anzac
Anzacs
Apache
Apachean
Apacheans
Apaches
Apennine
Apocrypha
Apocryphal
Apollinian
Apollo
Apollonian
Apollos
Appalachian
Appalachians
Appaloosa
Appaloosas
April
Aprils
Apulian
Apulians
Aqualung
Aqualungs
Aquarian
Aquarians
Aquarius
Aquariuses
Aquinist
Aquinists
Aquitanian
Aquitanians
Arab
Arabian
Arabians
Arabic
Arabicization
Arabicizations
Arabicize
Arabicized
Arabicizes
Arabicizing
Arabise
Arabised
Arabises
Arabising
Arabism
Arabisms
Arabist
Arabists
Arabization
Arabizations
Arabize
Arabized
Arabizes
Arabizing
Arabs
Aragonese
Aramaean
Aramaeans
Aramaic
Aramean
Arameans
Aran
Arapaho
Arapahoe
Arapahoes
Arapahos
Araucan
Araucanian
Araucanians
Araucans
Arawak
Arawakan
Arawakans
Arawaks
ARC
Arcadia
Arcadian
Arcadianism
Arcadianisms
Arcadianly
Arcadians
Arcadias
Arcadies
Arcady
Archaean
Archaeozoic
Archaic
Archean
Archeozoic
Archimedean
Arctic
Arcturian
Areopagite
Areopagites
Areopagitic
Areopagus
Areopaguses
Argentine
Argentinean
Argentineans
Argentines
Argentinian
Argentinians
Argive
Argives
Argolian
Argolic
Argolid
Argonaut
Argonauts
Argus
Arguses
Argyle
Argyles
Argyll
Argylls
Argyrol
Argyrols
Arhat
Arhats
Arian
Arianism
Arianisms
Arianistic
Arianistical
Arians
Arica
Aricas
Aries
Arieses
Arikara
Arikaras
Arimathean
Aristarchian
Aristophanic
Aristotelean
Aristoteleans
Aristotelian
Aristotelianism
Aristotelianisms
Aristotelians
Arizonan
Arizonans
Arizonian
Arizonians
Ark
Arkansan
Arkansans
Arks
Arlesian
Arlesians
Armageddon
Armageddons
Armagnac
Armagnacs
Armenian
Armenians
Armies
Arminian
Arminianism
Arminianisms
Arminians
Armoric
Armorican
Armoricans
Armorics
Army
Arnoldian
Arsacid
Arsacids
Arthurian
Aruban
Arubans
Aryan
Aryans
Asante
Asantes
ASAP
ASAT
Ascendant
Ascendants
Ascendent
Ascendents
Ascension
Ascensions
ASDIC
Ashanti
Ashantis
Ashcan
Ashkenazi
Ashkenazic
Ashkenazim
Ashkenazis
Asiadollar
Asiadollars
Asiago
Asiagos
Asian
Asianization
Asianizations
Asians
Asiatic
Asiatically
Asiatics
Asperges
Assamese
Assassin
Assassins
Assemblies
Assembly
Assemblyman
Assemblymen
Assiniboin
Assiniboine
Assiniboines
Assiniboins
Associate
Associates
Assumption
Assumptions
Assyrian
Assyrians
Assyriological
Assyriologies
Assyriologist
Assyriologists
Assyriology
Astrakhan
Astrakhans
AstroTurf
AstroTurfs
Astroturf
Astroturfs
Asturian
Asturians
Atabrine
Atabrines
Aterian
Athabascan
Athabascans
Athabaskan
Athabaskans
Athanasian
Athanasians
Athapascan
Athapascans
Athapaskan
Athapaskans
Athenian
Athenians
Ativan
Ativans
Atlantan
Atlantans
Atlantean
Atlantic
Atlanticism
Atlanticisms
Atlanticist
Atlanticists
Atlas
Atlases
Atman
Atmans
Atsina
Atsinas
Attic
Atticism
Atticisms
Atticize
Atticized
Atticizes
Atticizing
Aubusson
Aubussons
Aucklander
Aucklanders
Audenesque
Aufklarung
Aufklarungs
Augean
August
Augustan
Augustans
Augustinian
Augustinianism
Augustinianisms
Augustinians
Augustinism
Augustinisms
Augusts
Augustus
Augustuses
Aum
Aums
Aureomycin
Aureomycins
Aurignacian
Aussie
Aussies
Austin
Austins
Austral
Australasian
Australasians
Australian
Australianism
Australianisms
Australians
Australioid
Australioids
Australoid
Australoids
Australopithecine
Australopithecines
Austrasian
Austrasians
Austrian
Austrians
Austroasiatic
Austronesian
Austronesians
Autoharp
Autoharps
Automat
Automats
Av
Avar
Avars
Ave
Aventine
Avernal
Aves
Avesta
Avestan
Avestas
Avs
AWACS
Awacs
AWOL
Axel
Axels
Axis
Axminster
Axminsters
Axumite
Axumites
Aymara
Aymaran
Aymarans
Aymaras
Ayrshire
Ayrshires
Ayurveda
Ayurvedas
Azande
Azandes
Azanian
Azanians
Azerbaijani
Azerbaijanian
Azerbaijanians
Azerbaijanis
Azeri
Azeris
Azilian
Azoic
Azorean
Azoreans
Azorian
Azorians
Aztec
Aztecan
Aztecs
Baal
Baalim
Baalish
Baalism
Baalisms
Baalist
Baalists
Baalite
Baalites
Baals
Baathism
Baathisms
Baathist
Baathists
Babbitries
Babbitry
Babbitt
Babbittries
Babbittry
Babbitts
Babbitty
Babe
Babel
Babelic
Babels
Babes
Babi
Babies
Babis
Babism
Babisms
Babist
Babists
Babite
Babites
Baby
Babylon
Babylonian
Babylonians
Babylons
Bacchae
Bacchanalia
Bacchanalian
Bacchanalians
Bacchic
Baconian
Baconians
Bactrian
Bactrians
Badarian
Badger
Badgers
Baedeker
Baedekers
Baganda
Baggies
Baghdadi
Baghdadis
Bahai
Bahais
Bahaism
Bahaisms
Bahaist
Bahaists
Bahaman
Bahamanian
Bahamanians
Bahamans
Bahamian
Bahamians
Bahian
Bahians
Bahraini
Bahrainis
Bahreini
Bahreinis
Bahutu
Bairam
Bairams
Bajan
Bajans
Bakelite
Bakelites
Bakongo
Balante
Balantes
Baldwin
Baldwins
Balinese
Balkan
Balkanic
Balkanization
Balkanizations
Balkanize
Balkanized
Balkanizes
Balkanizing
Balmoral
Balmorals
Balochi
Balochis
Balt
Balthazar
Balthazars
Baltic
Baltimorean
Baltimoreans
Balts
Baluch
Baluches
Baluchi
Baluchis
Balzacian
Bambara
Bambaras
Bangladeshi
Bangladeshis
Banneret
Bannerets
Bannock
Bannocks
Bantam
Bantams
Bantu
Bantus
Bantustan
Bantustans
Baptist
Baptists
Barbadian
Barbadians
Barbie
Barbies
Barbizon
Barbudan
Barbudans
Barcan
Barcelonan
Barcelonans
Barcelonese
Bardolino
Bardolinos
Barmecidal
Barmecide
Barmecides
Barnumesque
Barolo
Barolos
Baroque
Baroques
Barrier
Barriers
Barthian
Barthians
Bartlett
Bartletts
Bartokian
Bashkir
Bashkirs
Basilian
Basilians
Baskerville
Baskervilles
Basotho
Basothos
Basque
Basques
Basuto
Basutos
Batavian
Batavians
Batesian
Bathinette
Bathinettes
Baudelairean
Baudelairian
Bauhaus
Bauhauses
Baume
Bavarian
Bavarians
Baycol
Baycols
Bayesian
Beardsleyesque
Beat
Beatitude
Beatitudes
Beatnik
Beatniks
Beats
Beaujolais
Beaujolaises
Beaverboard
Beaverboards
Bechuana
Bechuanas
Beckettian
Bedlam
Bedlams
Bedlington
Bedlingtons
Bedouin
Bedouins
Beduin
Beduins
Beefeater
Beefeaters
Beethovenian
Beguine
Beguines
Beiruti
Beirutis
Beja
Bejas
Belarusan
Belarusans
Belarusian
Belarusians
Belarussian
Belarussians
Belgae
Belgian
Belgians
Belgic
Belgravian
Belgravians
Belizean
Belizeans
Belleek
Belleeks
Bellini
Bellinis
Belonger
Belongers
Belongership
Belongerships
Belorussian
Belorussians
Beltane
Beltanes
Bemba
Bembas
Benadryl
Benadryls
Bench
Benches
Benday
Bendays
Benedictine
Benedictines
Benediction
Benedictions
Benedictus
Benedictuses
Bengalese
Bengali
Bengalis
Beninese
Benthamism
Benthamisms
Benthamite
Benthamites
Benzedrine
Benzedrines
Berber
Berbers
Beret
Berets
Bergonian
Bergonians
Bergonism
Bergonisms
Bergsonian
Bergsonians
Bergsonism
Bergsonisms
Berkeleian
Berkeleianism
Berkeleianisms
Berkeleians
Berkeleyan
Berkeleyans
Berkelian
Berkelianism
Berkelianisms
Berkelians
Berkelyan
Berkelyans
Berkshire
Berkshires
Berlin
Berliner
Berliners
Berlins
Berliozian
Bermudan
Bermudans
Bermudas
Bermudian
Bermudians
Bernardine
Bernardines
Bernese
Bernoullian
Berserk
Berserker
Berserkers
Berserks
Bessarabian
Bessarabians
Bessie
Bessies
Beta
Betamax
Betamaxes
Betas
Bhutanese
Biafran
Biafrans
Bible
Bibles
Biblical
Biblically
Biblicism
Biblicisms
Biblicist
Biblicistic
Biblicists
Bibliologies
Bibliology
Bicol
Bicols
Biedermeier
Biedermeyer
Bigarreau
Bigarreaus
Bigfeet
Bigfoot
Bigfooted
Bigfooting
Bigfoots
Bihari
Biharis
Bikinian
Bikinians
Bikol
Bikols
Bildungsroman
Bildungsromans
Biloxi
Biloxis
Bing
Bingo
Bingos
Bings
Bini
Binis
BIOS
Bircher
Birchers
Birchism
Birchisms
Birchist
Birchists
Birchite
Birchites
Birkenstock
Birkenstocks
Birman
Birmans
Biro
Biros
Bisayan
Bisayans
Biscayan
Biscayans
Bismarckian
Bithynian
Bithynians
Black
Blackfeet
Blackfoot
Blacks
Blackshirt
Blackshirts
Blakean
Blimp
Blimpish
Blimps
Blood
Bloods
Bloomsbury
Blue
Bluebeard
Bluebeards
Bluenose
Bluenoses
Blues
Board
Boards
Boasian
Boche
Boches
Bodhisattva
Bodhisattvas
Bodleian
Bodoni
Bodonis
Boeotian
Boeotians
Boer
Boers
Boethian
Boffin
Boffins
Bogomil
Bogomile
Bogomiles
Bogomils
Bohea
Boheas
Bohemia
Bohemian
Bohemianism
Bohemianisms
Bohemians
Bohemias
Bokharan
Bokharans
Bolivian
Bolivians
Bolognan
Bolognans
Bolognese
Bolshevik
Bolsheviki
Bolsheviks
Bolshevism
Bolshevisms
Bolshevist
Bolshevistic
Bolshevists
Bolshevization
Bolshevizations
Bolshevize
Bolshevized
Bolshevizes
Bolshevizing
Bolshie
Bolshies
Bolshy
Bombay
Bombays
Bonapartean
Bonapartism
Bonapartisms
Bonapartist
Bonapartists
Boolean
Borazon
Borazons
Bordeaux
Bordelais
Boreal
Borgesian
Bornean
Borneans
Borstal
Borstals
Bosc
Boscs
Bosnian
Bosnians
Bosporan
Bosporanic
Bosporian
Boston
Bostonian
Bostonians
Bostons
Boswell
Boswellian
Boswellians
Boswellize
Boswellized
Boswellizes
Boswellizing
Boswells
Bothnian
Bothnians
Bothnic
Botswanan
Botswanans
Boudain
Boudains
Boule
Boules
Boulle
Boulles
Bourbon
Bourbonism
Bourbonisms
Bourbons
Bourguignon
Bourguignonne
Bourse
Bourses
Boursin
Boursins
Bouvier
Bouviers
Boxer
Boxers
Brabantine
Bradleian
Bradleyan
Brahma
Brahman
Brahmanic
Brahmanical
Brahmanism
Brahmanisms
Brahmanist
Brahmanists
Brahmans
Brahmas
Brahmin
Brahminic
Brahminical
Brahminism
Brahminisms
Brahmins
Brahmsian
Braille
Brailled
Brailler
Braillers
Brailles
Braillewriter
Braillewriters
Brailling
Brandenburger
Brandenburgers
Brangus
Branguses
Braunschweiger
Braunschweigers
Brazilian
Brazilians
Breathalyzer
Breathalyzers
Brechtian
Brechtians
Bren
Brens
Brescian
Brethren
Breton
Bretons
Breviaries
Breviary
Briard
Briards
Brie
Bries
Brigadoon
Brigadoons
Brillo
Brillos
Bristolian
Bristolians
Brit
Britannia
Britannias
Britannic
Briticism
Briticisms
British
Britisher
Britishers
Britishism
Britishisms
Britishness
Britishnesses
Briton
Britons
Brits
Brittanies
Brittany
Brittanys
Brittonic
Brix
Brixes
Broadway
Broadwayite
Broadwayites
Broadways
Brobdingnagian
Brobdingnagians
Bromo
Bromos
Bronxite
Bronxites
Brooklynite
Brooklynites
Brother
Brothers
Brownie
Brownies
Brownshirt
Brownshirts
Brucknerian
Brule
Brules
Bruneian
Bruneians
Brutalism
Brutalisms
Brutalist
Brutalists
Bruxellois
Brython
Brythonic
Brythons
Bubba
Bubbas
Buckeye
Buckeyes
Buckskin
Buckskins
Buddha
Buddhahood
Buddhahoods
Buddhas
Buddhism
Buddhisms
Buddhist
Buddhistic
Buddhists
Buffalonian
Buffalonians
Buhl
Buhls
Bukharan
Bukharans
Bulgar
Bulgarian
Bulgarians
Bulgars
Bull
Bulls
Bultmannian
Buna
Bunas
Bund
Bundesrat
Bundesrath
Bundesraths
Bundesrats
Bundestag
Bundestags
Bundist
Bundists
Bunds
Bundt
Bundts
Bunraku
Bunrakus
Bunyanesque
Burberries
Burberry
Burgundian
Burgundians
Burgundies
Burgundy
Burkean
Burkian
Burley
Burleys
Burman
Burmans
Burmese
Burnsian
Burundian
Burundians
Buryat
Buryats
Bushido
Bushidos
Bushman
Bushmen
Buster
Busters
Butazolidin
Butazolidins
Bwana
Bwanas
Byelorussian
Byelorussians
Byronic
Byronically
Byzantine
Byzantines
Byzantinist
Byzantinists
Cabala
Cabalas
Cabalist
Cabalists
Cabbala
Cabbalah
Cabbalahs
Cabbalas
Cabernet
Cabernets
Cabinet
Cabinets
Caboclo
Caboclos
CAD
Caddo
Caddos
Cadette
Cadettes
Cadillac
Cadillacs
Cadmean
Caelian
Caerphillies
Caerphilly
Caesar
Caesarean
Caesareans
Caesarian
Caesarians
Caesarism
Caesarisms
Caesarist
Caesaristic
Caesarists
Caesars
Cahuilla
Cahuillas
Cain
Cainitic
Cains
Cairene
Cairenes
Cajan
Cajans
Cajun
Cajuns
Calabrese
Calabreses
Calabrian
Calabrians
Calcuttan
Calcuttans
Caledonian
Caledonians
Calends
Calgarian
Calgarians
Calgon
Calgons
Californian
Californians
Californio
Californios
Calinago
Calinagos
Calusa
Calusas
Calvados
Calvadoses
Calvaries
Calvary
Calvinism
Calvinisms
Calvinist
Calvinistic
Calvinistical
Calvinistically
Calvinists
Calydonian
Calydonians
Calypso
Calypsoes
Calypsonian
Calypsos
CAM
Cambodian
Cambodians
Cambrian
Cambrians
Camelot
Camelotian
Camelots
Camembert
Camemberts
Camenae
Cameroonian
Cameroonians
Camorra
Camorras
Camorrism
Camorrisms
Camorrist
Camorrists
Campanian
Campanians
Campari
Camparis
Campbellite
Campbellites
Canaanite
Canaanites
Canaanitic
Canaanitish
Canadarm
Canadarms
Canadian
Canadianism
Canadianisms
Canadians
Canarian
Canarians
Cancer
Cancerian
Cancerians
Cancers
Candiot
Candiote
Candiotes
Candiots
Candlemas
Candlemases
Candomble
Candombles
Canopic
Cantab
Cantabrigian
Cantabrigians
Cantabs
Canterburian
Cantonese
Canuck
Canucks
Cape
Capes
Capetian
Capetians
Capetonian
Capetonians
Capitol
Capitoline
Capitols
Caplets
Cappadocian
Cappadocians
Capraesque
Capricorn
Capricornian
Capricornians
Capricorns
Capricornus
Capricornuses
Capriote
Capriotes
Capris
Capsian
Capuchin
Capuchins
Caravaggesque
Carboniferous
Carborundum
Carborundums
Cardigan
Cardigans
Carian
Carians
Carib
Cariban
Caribans
Caribbean
Caribbeans
Caribs
Carinthian
Carinthians
Carioca
Cariocan
Cariocas
Carlism
Carlisms
Carlist
Carlists
Carlovingian
Carlovingians
Carmelite
Carmelites
Carnacian
Carniolan
Carniolans
Carnival
Carnivals
Carolean
Caroline
Carolingian
Carolingians
Carolinian
Carolinians
Carousel
Carousels
Carraran
Carrarans
Carrollian
Cartel
Cartels
Cartesian
Cartesianism
Cartesianisms
Cartesians
Carthaginian
Carthaginians
Carthusian
Carthusians
Casanova
Casanovas
Casbah
Casbahs
Caspian
Cassandra
Cassandras
Cassegrain
Cassegrainian
Cassiopeian
Castalian
Castile
Castiles
Castilian
Castilians
Castroism
Castroisms
Castroist
Castroists
Castroite
Castroites
Cat
Catalan
Catalans
Catalonian
Catalonians
Catapres
Catapreses
Catawba
Catawbas
Caterpillar
Caterpillars
Cathar
Cathari
Catharism
Catharisms
Catharist
Catharistic
Catharists
Cathars
Catholic
Catholicism
Catholicisms
Catholicities
Catholicity
Catholics
Cats
Catullian
Caucasian
Caucasians
Caucasic
Caucasoid
Caucasoids
Cavalier
Cavaliers
Caxtonian
Caymanian
Caymanians
Cayuga
Cayugas
Cayuse
Cayuses
Ceclor
Ceclors
Celebesian
Celestial
Celestials
Celotex
Celotexes
Celsius
Celsiuses
Celt
Celtiberian
Celtiberians
Celtic
Celtically
Celticism
Celticisms
Celticist
Celticists
Celtics
Celts
Cenozoic
Center
Centers
Centigrade
Centrex
Centrexes
Centrist
Centrists
Cepheid
Cepheids
Cerberean
Cesarean
Cesareans
Cewa
Cewas
Ceylonese
Cezannesque
Chablis
Chadian
Chadians
Chadic
Chalcedonian
Chalcedonians
Chalcidian
Chalcidians
Chalcolithic
Chaldaean
Chaldaeans
Chaldaic
Chaldaics
Chaldean
Chaldeans
Chaldee
Chaldees
Chaldeic
Chamorro
Chamorros
Champagne
Champagnes
Chancellor
Chancellors
Chantillies
Chantilly
Chanukah
Chanukahs
Chaos
Chaoses
Chaplinesque
Chardonnay
Chardonnays
Charleston
Charlestoned
Charlestonian
Charlestonians
Charlestoning
Charlestons
Charley
Charleys
Charlie
Charlies
Charolais
Charolaise
Charolaises
Charonic
Charterhouse
Charterhouses
Chartism
Chartisms
Chartist
Chartists
Chartreuse
Chartreuses
Chasid
Chasidic
Chasidim
Chasidism
Chasidisms
Chassid
Chassidic
Chassidim
Chassidism
Chassidisms
Chateaubriand
Chateaubriands
Chaucerian
Chaucerians
Chautauqua
Chautauquan
Chautauquans
Chautauquas
Chechen
Chechens
Chechnyan
Chechnyans
Checkhovian
Cheddar
Cheddars
Chekhovian
Chellean
Chellian
Cherokee
Cherokees
Cheshire
Cheshires
Cheshvan
Cheshvans
Chesterfield
Chesterfieldian
Chesterfields
Chestertonian
Cheviot
Cheviots
Chewa
Chewas
Cheyenne
Cheyennes
Chian
Chianina
Chianinas
Chians
Chianti
Chiantis
Chibcha
Chibchan
Chibchans
Chibchas
Chibemba
Chibembas
Chicagoan
Chicagoans
Chicana
Chicanas
Chicano
Chicanos
Chickasaw
Chickasaws
Chief
Chiefs
Chihuahua
Chihuahuas
Childermas
Childermases
Chilean
Chileans
Chimaera
Chimaeras
Chimera
Chimeras
Chinaman
Chinamen
Chinatown
Chinatowns
Chinese
Chink
Chinks
Chinoiserie
Chinoiseries
Chinook
Chinookan
Chinooks
Chipewayan
Chipewayans
Chipewyan
Chipewyans
Chippendale
Chippewa
Chippewas
Chippeway
Chippeways
Chiricahua
Chiricahuas
Chisanbop
Chisanbops
Chloromycetin
Chloromycetins
Choctaw
Choctaws
Chomskian
Chomskyan
Chomskyans
Christ
Christendom
Christendoms
Christer
Christers
Christhood
Christhoods
Christian
Christiania
Christianias
Christianities
Christianity
Christianization
Christianizations
Christianize
Christianized
Christianizer
Christianizers
Christianizes
Christianizing
Christianly
Christians
Christie
Christies
Christless
Christlike
Christlikeness
Christlikenesses
Christliness
Christlinesses
Christly
Christmas
Christmases
Christmassy
Christmastide
Christmastides
Christmastime
Christmastimes
Christmasy
Christocentric
Christogram
Christograms
Christological
Christologies
Christologist
Christologists
Christology
Christs
Christy
Chukchee
Chukchees
Chukchi
Chukchis
Chumash
Chumashes
Church
Churches
Churchillian
Churrigueresque
Chuvash
Chuvashes
Chuvashi
Ciboney
Ciboneyes
Ciboneys
Ciceronian
Cilician
Cilicians
Cimbri
Cimbrian
Cimbric
Cimmerian
Cimmerians
Cincinnatian
Cincinnatians
Cinderella
Cinderellas
Cipro
Cipros
Circassian
Circassians
Circean
Circumcision
Circumcisions
CISC
Ciskeian
Ciskeians
Cistercian
Cistercians
Cities
City
Civil
Civitan
Civitans
Clactonian
Clactonians
Classic
Classical
Clausewitzian
Claymation
Claymations
Claymore
Claymores
Clevelander
Clevelanders
Clio
Clios
Clomid
Clomids
Clovis
Clumber
Clumbers
Clyde
Clydes
Clydesdale
Clydesdales
Cochin
Cochins
Cockney
Cockneys
COD
Cognac
Cognacs
Cohanim
Cohen
Cohens
Cointreau
Cointreaus
Coke
Cokes
COLA
COLAs
Colbies
Colby
Colchian
Colchians
Coleridgean
Coleridgian
Collect
Collects
Collins
Collinses
Colombian
Colombians
Colonial
Colophonian
Colophonians
Coloradan
Coloradans
Coloradoan
Coloradoans
Colored
Coloreds
Colossian
Colossians
Coloured
Coloureds
Columbian
Columbians
COM
Comanche
Comanches
Comice
Comices
Commie
Commies
Common
Commons
Commonwealth
Commonwealths
Communard
Communards
Communion
Communions
Communism
Communisms
Communist
Communistic
Communists
Communize
Communized
Communizes
Communizing
Comneni
Comnenus
Companies
Companion
Companions
Company
Compazine
Compazines
Complin
Compline
Complines
Complins
Composite
Comrade
Comrades
Comsat
Comsats
Comstockeries
Comstockery
Comstockian
Comsymp
Comsymps
Comtean
Comtian
Comtism
Comtisms
Comtist
Comtists
Conch
Conches
Conchs
Concord
Concorde
Concordes
Concords
Conestoga
Conestogas
Confederate
Confederates
Conference
Conferences
Confiteor
Confiteors
Conformist
Conformists
Confucian
Confucianism
Confucianisms
Confucianist
Confucianists
Confucians
Congolese
Congregational
Congregationalism
Congregationalisms
Congregationalist
Congregationalists
Congress
Congresses
Congressional
Congressman
Congressmen
Congressperson
Congresspersons
Congresswoman
Congresswomen
Connemara
Connemaras
Conradian
Consecration
Consecrations
Conservatism
Conservatisms
Conservative
Conservatives
Constantinian
Constantinopolitan
Constructivism
Constructivisms
Constructivist
Constructivists
Consulate
Consulates
Continental
Continentals
Conventual
Conventuals
Converso
Conversos
Coos
Copenhagener
Copenhageners
Copernican
Copernicanism
Copernicanisms
Copernicans
Copperhead
Copperheads
Copt
Coptic
Copts
Corcyraean
Corcyraeans
Cordelier
Cordeliers
Cordilleran
Cordoban
Cordobans
Cordovan
Cordovans
Corfiote
Corfiotes
Corinthian
Corinthians
Cornhusker
Cornhuskers
Cornish
Cornishes
Cornishman
Cornishmen
Cornishwoman
Cornishwomen
Corriedale
Corriedales
Corsican
Corsicans
Cortes
Corteses
Cortland
Cortlands
Corybant
Corybantes
Corybantian
Corybantic
Corybants
Cosmoline
Cosmolines
Cossack
Cossacks
Cotswold
Cotswolds
Covenanter
Covenanters
Coventries
Coventry
Cracker
Crackerjack
Crackerjacks
Crackers
Credo
Credos
Cree
Creek
Creeks
Crees
Cremonese
Creole
Creoles
Crescent
Crescents
Cretaceous
Cretan
Cretans
Crimean
Criollo
Criollos
Croat
Croatian
Croatians
Croats
Crockpot
Crockpots
Croesi
Croesus
Croesuses
Cromwellian
Crow
Crown
Crowns
Crows
Crucifixion
Crucifixions
Crusade
Crusades
Cruzan
Cruzans
Cub
Cuban
Cubans
Cubism
Cubisms
Cubist
Cubists
Cubs
Cufic
Cuisenaire
Cuisenaires
Cuisinart
Cuisinarts
Cumaean
Cumanagoto
Cumanagotos
Cumbrian
Cumbrians
Cuna
Cunas
Curacao
Curacaos
Curia
Curiae
Cushite
Cushites
Cushitic
Cycladic
Cyclone
Cyclones
Cyclopean
Cyclopes
Cyclops
Cyclospora
Cyclosporas
Cymric
Cymry
Cynic
Cynical
Cynicism
Cynicisms
Cynics
Cyprian
Cyprians
Cypriot
Cypriote
Cypriotes
Cypriots
Cyrenaic
Cyrenaican
Cyrenaicans
Cyrenaicism
Cyrenaicisms
Cyrenaics
Cyrenian
Cyrenians
Cyrillic
Cytherean
Czech
Czechish
Czechoslovak
Czechoslovakian
Czechoslovakians
Czechoslovaks
Czechs
Dacian
Dacians
Dacron
Dacrons
Dada
Dadaism
Dadaisms
Dadaist
Dadaistic
Dadaists
Dadas
Daedalean
Daedalian
Daedalic
Dagestani
Dagestanis
Dago
Dagoes
Dagos
Dagwood
Dagwoods
Dahoman
Dahomans
Dahomean
Dahomeans
Dahomeyan
Dahomeyans
Dai
Dais
Daisies
Daisy
Dakota
Dakotan
Dakotans
Dakotas
Dalecarlian
Daliesque
Dallasite
Dallasites
Dalmane
Dalmanes
Dalmatian
Dalmatians
Daltonian
Daltonism
Daltonisms
Damascene
Damascenes
Dame
Dames
Damoclean
Dan
Danaan
Danaid
Danaides
Dane
Danegeld
Danegelds
Danegelt
Danegelts
Danes
Danish
Danishes
Danite
Danites
Dans
Dantean
Danteans
Dantescan
Dantesque
Danubian
Daoism
Daoisms
Daoist
Daoistic
Daoists
Dardan
Dardanian
Dardanians
Dardans
Darjeeling
Darjeelings
Darvon
Darvons
Darwinian
Darwinians
Darwinism
Darwinisms
Darwinist
Darwinistic
Darwinists
DAT
Dauphin
Dauphine
Dauphines
Dauphins
David
Davidic
Davids
Day
Dayak
Dayaks
Days
Deaf
Dear
Dears
Debussyan
Decadent
Decadents
Decalog
Decalogs
Decalogue
Decalogues
December
Decembers
Decembrist
Decembrists
Deco
Decos
Deepfreeze
Deepfreezes
DEET
Deism
Deisms
Deist
Deists
Delaware
Delawarean
Delawareans
Delawares
Delian
Delians
Delicious
Deliciouses
Delilah
Delilahs
Delmonico
Delmonicos
Delphian
Delphic
Delphically
Delta
Deltas
Demerara
Demeraras
Demerol
Demerols
Demiurge
Demiurges
Demo
Democracies
Democracy
Democrat
Democratic
Democrats
Demos
Demosthenic
Demotic
Dene
Denes
Denverite
Denverites
Department
Departments
Derbies
Derby
Derridean
Derridian
Detroiter
Detroiters
Deuteronomic
Deuteronomist
Deuteronomistic
Deuteronomists
Devon
Devonian
Devons
Dewar
Dewars
Deweyan
Dexedrine
Dexedrines
Dharuk
Dharuks
Dhegiha
Dhegihas
Diaspora
Diasporas
Diazinon
Diazinons
Dickensian
Dickensians
Dictaphone
Dictaphones
Dictograph
Dictographs
Diesel
Diesels
Diflucan
Diflucans
Digger
Diggers
Dilantin
Dilantins
Dilaudid
Dilaudids
DIN
Dine
DINK
Dinka
Dinkas
Diogenean
Diogenic
Dionysia
Dionysiac
Dionysiacs
Dionysian
Directoire
Disciple
Disciples
Disestablishmentarian
Disestablishmentarians
Disneyfication
Disneyfications
Disneyfied
Disneyfies
Disneyfy
Disneyfying
Disneyland
Disneylands
Dispersion
Dispersions
Dissenter
Dissenters
Dissenting
Dives
Divinities
Divinity
Divisionism
Divisionisms
Dixiecrat
Dixiecratic
Dixiecrats
Dixieland
Dixielands
Djiboutian
Djiboutians
Dobe
Doberman
Dobermans
Dobes
Dobro
Dobros
Docetic
Docetism
Docetisms
Docetist
Docetists
Doctor
Doctors
Dodecanesian
Dodecanesians
Dodgem
Dodgems
Dogon
Dogons
Dogrib
Dogribs
Dolbies
Dolby
Dom
Dominican
Dominicans
Dominick
Dominicker
Dominickers
Dominicks
Dominion
Dominions
Dominique
Dominiques
Doms
Don
Dona
Donas
Donatism
Donatisms
Donatist
Donatists
Donizettian
Donna
Donnas
Donnean
Donnian
Donnybrook
Donnybrooks
Dons
Doppler
Dorian
Dorians
Doric
Dorking
Dorkings
Dorset
Dorsets
DOS
Dostoevskian
Dostoyevskian
Doukhobor
Doukhobors
Doukhobory
Down
Downs
Draconian
Draconianism
Draconianisms
Draconic
Draconically
DRAM
Dramamine
Dramamines
DRAMs
Dravidian
Dravidians
Dravidic
Dreamtime
Dreamtimes
Dreiserian
Dreyfusard
Dreyfusards
Druid
Druidic
Druidical
Druidism
Druidisms
Druids
Druse
Drusean
Druses
Drusian
Druze
Druzean
Druzes
Druzian
Drydenian
Drygas
Drygases
Dubliner
Dubliners
Duchampian
Duchenne
Dukhobor
Dukhobors
Dukhobortsy
Dukhobory
DUKW
Dullsville
Dullsvilles
Duluthian
Duluthians
Duma
Dumas
Dumpster
Dumpsters
Dundrearies
Dunkard
Dunkards
Dunker
Dunkers
Dunkirk
Dunkirks
Dunlop
Dunlops
Dureresque
Durham
Durhams
Duricef
Duricefs
Durkheimian
Duroc
Durocs
Dutch
Dutchly
Dutchman
Dutchmen
Dutchwoman
Dutchwomen
Duwamish
Duwamishes
Dvorak
Dwamish
Dwamishes
Dyak
Dyaks
Dyirbal
Dyirbals
Dynel
Dynels
Eagle
Eagles
East
Easter
Eastern
Easterner
Easterners
Easters
Eastertide
Eastertides
Easts
Ebola
Ebolas
Ebonics
eBook
eBooks
Ecstasies
Ecstasy
ECU
Ecuadoran
Ecuadorans
Ecuadorean
Ecuadoreans
Ecuadorian
Ecuadorians
ECUs
Edam
Edams
Eddaic
Eddic
Eden
Edenic
Edens
Edgar
Edgars
Edmontonian
Edmontonians
Edo
Edomite
Edomites
Edomitish
Edos
Edsel
Edsels
Edwardean
Edwardian
Edwardiana
Edwardianism
Edwardianisms
Edwardians
Effexor
Effexors
Efik
Efiks
Egeria
Egerias
Egyptian
Egyptians
Egyptological
Egyptologies
Egyptologist
Egyptologists
Egyptology
Eighties
Einstein
Einsteinian
Einsteins
Eiswein
Eisweins
El
Elamite
Elamites
Elavil
Elavils
Elba
Elbas
Eldorado
Eldorados
Eleatic
Eleaticism
Eleaticisms
Eleatics
Eleusinian
Eleusinians
Eliotian
Eliotic
ELISA
Elizabethan
Elizabethans
Elk
Elks
Elohimic
Elohist
Elohistic
Elohists
Els
Elul
Eluls
Elysia
Elysian
Elysium
Elysiums
Elzevirian
Embden
Embdens
Emersonian
Eminence
Eminences
Emir
Emirs
Emmental
Emmentaler
Emmentalers
Emmentals
Emmenthal
Emmenthaler
Emmenthalers
Emmenthals
Emmy
Emmys
Empire
Empires
Encaenia
Encyclopedist
Encyclopedists
English
Englished
Englishes
Englishing
Englishism
Englishisms
Englishman
Englishmen
Englishness
Englishnesses
Englishries
Englishry
Englishwoman
Englishwomen
Enlightenment
Enlightenments
Enosis
Enosises
Enovid
Enovids
Eocene
Eolian
Eolians
Eolic
Eolics
Eolithic
Ephesian
Ephesians
Ephraimite
Ephraimites
Epictetian
Epicurean
Epicureanism
Epicureanisms
Epicureans
Epicurism
Epicurisms
Epiphanies
Epiphany
Epirote
Epirotes
Episcopal
Episcopalian
Episcopalianism
Episcopalianisms
Episcopalians
Episcopals
Epistle
Epistler
Epistlers
Epistles
EPROM
Erasmian
Erasmians
Erastian
Erastianism
Erastianisms
Erastians
Erector
Erectors
Erie
Eries
Eritrean
Eritreans
Eros
Eroses
Erse
Erymanthian
Eskimo
Eskimoan
Eskimoid
Eskimos
ESOP
Esperantism
Esperantisms
Esperantist
Esperantists
Esquiline
Esquimau
Esquimaux
Esquire
Esquires
Essene
Essenes
Essenian
Essenic
Essenism
Essenisms
Establishment
Establishmentarian
Establishmentarians
Establishments
Esthonian
Esthonians
Estonian
Estonians
Estremaduran
Estremadurans
Etesian
Etesians
Ethernet
Ethernets
Ethiop
Ethiope
Ethiopes
Ethiopian
Ethiopians
Ethiopic
Ethiops
Etonian
Etonians
Etrurian
Etrurians
Etruscan
Etruscans
Euboean
Euboeans
Euboic
Eucharist
Eucharistic
Eucharistical
Eucharists
Euclidean
Euclidian
Euhemerism
Euhemerisms
Eupatrid
Eupatridae
Eupatrids
Euphratean
Euramerican
Eurasian
Eurasians
Eureka
Euripidean
Euro
Eurobond
Eurobonds
Eurocentric
Eurocentrism
Eurocentrisms
Eurocentrist
Eurocentrists
Eurocommunism
Eurocommunisms
Eurocommunist
Eurocommunists
Eurocrat
Eurocratic
Eurocrats
Eurocurrencies
Eurocurrency
Eurodollar
Eurodollars
Euromarket
Euromarkets
European
Europeanism
Europeanisms
Europeanist
Europeanists
Europeanization
Europeanizations
Europeanize
Europeanized
Europeanizes
Europeanizing
Europeanly
Europeans
Europocentric
Europocentrism
Europocentrisms
Euros
Euterpean
Evangelic
Evangelical
Evangelicalism
Evangelicalisms
Evangelicals
Evangelist
Evangelists
Eve
Evenki
Evenkis
Evensong
Evensongs
Everyman
Everymen
Everywoman
Everywomen
Eves
Evista
Evistas
Ewe
Ewenki
Ewenkis
Ewes
Excellence
Excellences
Excellencies
Excellency
Exchangite
Exchangites
Exchequer
Exchequers
Exercycle
Exercycles
Exmoor
Exmoors
Explorer
Explorers
Expressionism
Expressionisms
Expressionist
Expressionists
Faberge
Faberges
Fabian
Fabianism
Fabianisms
Fabianist
Fabianists
Fabians
Faeroese
Fagin
Fagins
Fahrenheit
Fahrenheits
Faith
Faiths
Falangist
Falangists
Falasha
Falashas
Faliscan
Faliscans
Falstaffian
Fan
Fang
Fangs
Fans
Fante
Fantes
Fanti
Fantis
FAQ
FAQs
Faroese
Farsi
Farsis
Fascism
Fascisms
Fascist
Fascista
Fascisti
Fascists
Father
Fathers
Fathometer
Fathometers
Fatimid
Fatimids
Fatimite
Fatimites
Faulknerian
Faustian
Fauve
Fauves
Fauvism
Fauvisms
Fauvist
Fauvists
Februaries
February
Februarys
Fed
Federal
Federalism
Federalisms
Federalist
Federalists
Federals
FedEx
FedExes
Feds
Felliniesque
Femstat
Femstats
Fenian
Fenianism
Fenianisms
Fenians
Fescennine
Festschrift
Festschriften
Festschrifts
Feta
Fetas
Feulgen
Fiberglas
Fiberglases
Fichtean
Fichteans
Fidelism
Fidelismo
Fidelismos
Fidelisms
Fidelist
Fidelista
Fidelistas
Fidelists
FIFO
Fifties
Fijian
Fijians
Filipina
Filipinas
Filipino
Filipinos
Filofax
Filofaxes
Finlander
Finlanders
Finlandisation
Finlandisations
Finlandization
Finlandizations
Finlandize
Finlandized
Finlandizes
Finlandizing
Finn
Finnic
Finnish
Finns
Flamboyant
Flathead
Flatheads
Flaubertian
Flaubertians
Fleming
Flemings
Flemish
FLIR
Flokati
Flokatis
Florentine
Florentines
Floridan
Floridans
Floridian
Floridians
Foley
Folsom
Fon
Fons
Fontina
Fontinas
Force
Forces
Forester
Foresters
Formica
Formicas
Formosan
Formosans
Forsterian
Fosamax
Fosamaxes
Founder
Founders
Fourdrinier
Fourdriniers
Fourierism
Fourierisms
Fourierist
Fourierists
Fourierite
Fourierites
Fourth
Fourths
Fox
Foxes
Fra
Fractur
Fracturs
Fraktur
Frakturs
Framer
Framers
Franciscan
Franciscans
Francoist
Francoists
Franconian
Franconians
Francophil
Francophile
Francophiles
Francophilia
Francophilias
Francophils
Francophobe
Francophobes
Francophobia
Francophobias
Francophobic
Francophone
Francophones
Francophonic
Frank
Frankenstein
Frankensteinian
Frankensteins
Frankish
Franks
Fras
Frascati
Frascatis
Frau
Frauen
Fraulein
Frauleins
Fraus
Freemason
Freemasonries
Freemasonry
Freemasons
French
Frenched
Frenches
Frenchier
Frenchies
Frenchiest
Frenchification
Frenchifications
Frenchified
Frenchifies
Frenchify
Frenchifying
Frenching
Frenchman
Frenchmen
Frenchness
Frenchnesses
Frenchwoman
Frenchwomen
Frenchy
Freon
Freons
Freudian
Freudianism
Freudianisms
Freudians
Friday
Fridays
Friend
Friends
Friesian
Friesians
Frigidaire
Frigidaires
Frisbee
Frisbees
Frisian
Frisians
Friulian
Friulians
Frog
Frogs
Frostbelt
Frostbelts
Frostian
Fuegian
Fuegians
Fula
Fulah
Fulahs
Fulani
Fulanis
Fulas
Fulbright
Fulbrights
Fundamentalism
Fundamentalisms
Fusion
Fusions
Futurism
Futurisms
Futurist
Futuristic
Futurists
Fuzzbuster
Fuzzbusters
GABA
Gabonese
Gad
Gadarene
Gadarenes
Gadhelic
Gaditan
Gaditans
Gadite
Gadites
Gadzooks
Gael
Gaelic
Gaels
Gaeltacht
Gaeltachts
Galahad
Galahads
Galatian
Galatians
Galbraithian
Galenic
Galenical
Galenism
Galenisms
Galenist
Galenists
Galibi
Galibis
Galician
Galicians
Galilaean
Galilaeans
Galilean
Galileans
Galla
Gallas
Gallic
Gallican
Gallicanism
Gallicanisms
Gallicans
Gallicism
Gallicisms
Gallicization
Gallicizations
Gallicize
Gallicized
Gallicizer
Gallicizers
Gallicizes
Gallicizing
Gallomania
Gallomanias
Gallophile
Gallophiles
Galloway
Galloways
Galtonian
Galvestonian
Galvestonians
Galwegian
Galwegians
Gamay
Gamays
Gambian
Gambians
Gamma
Gammas
Ganda
Gandas
Gandhian
Gandhiism
Gandhiisms
Gangetic
Garamond
Garamonds
Garboesque
Gargantuan
Garibaldian
Garibaldians
Garifuna
Garifunas
Garter
Garters
Gascon
Gascons
Gaspesian
Gastarbeiter
Gastarbeiters
Gasterbeiter
Gasterbeiters
Gauguinesque
Gaul
Gaulish
Gaullism
Gaullisms
Gaullist
Gaullists
Gauls
Gaussian
Gazan
Gazans
Geat
Geatish
Geats
Geechee
Geechees
Gegenschein
Gegenscheins
Gehenna
Gehennas
Gemara
Gemaras
Gemaric
Gemarist
Gemarists
Gemini
Geminian
Geminians
Geminis
Genevan
Genevans
Genevese
Genii
Genius
Genoa
Genoas
Genoese
Genovese
Genro
Gentile
Gentiles
Gentoo
Gentoos
Gents
Geodimiter
Geodimiters
Geometric
Geometrical
Geordie
Geordies
George
Georges
Georgette
Georgettes
Georgian
Georgians
German
Germanic
Germanically
Germanism
Germanisms
Germanist
Germanists
Germanization
Germanizations
Germanize
Germanized
Germanizer
Germanizers
Germanizes
Germanizing
Germanophile
Germanophiles
Germanophobe
Germanophobes
Germanophobia
Germanophobias
Germans
Gestalt
Gestalten
Gestaltist
Gestaltists
Gestalts
Gestapo
Gestapos
Gethsemane
Gethsemanes
Gewurztraminer
Gewurztraminers
Ghanaian
Ghanaians
Ghanese
Ghanian
Ghanians
Ghibelline
Ghibellines
Ghibellinism
Ghibellinisms
Gibbonian
Gibeonite
Gibeonites
Gibraltar
Gibraltarian
Gibraltarians
Gibraltars
Gibson
Gibsons
Gideon
Gideons
Giemsa
Giemsas
GIGO
Gikuyu
Gikuyus
Gilbertese
Gileadite
Gileadites
Gill
Gills
Gilsonite
Gilsonites
Gipsies
Gipsy
Gironde
Girondes
Girondin
Girondins
Girondism
Girondisms
Girondist
Girondists
Gita
Gitas
Glacial
Gladstone
Gladstones
Gladstonian
Glagolithic
Glagolitic
Glaswegian
Glaswegians
Glengarries
Glengarry
Gloria
Glorias
Glyptal
Glyptals
Gnostic
Gnostical
Gnosticism
Gnosticisms
Gnostics
Go
Goan
Goanese
Goans
Goat
Goats
Gobelin
Gobelins
Gobian
God
Goddam
Goddammed
Goddamming
Goddamn
Goddamned
Goddamning
Goddamns
Goddams
Godfather
Godfathers
Godforsaken
Godspeed
Godspeeds
Godwinian
Goethean
Goethian
Gogolian
Goidelic
Golconda
Golcondas
Golgi
Golgotha
Golgothas
Goliath
Goliaths
Golliwog
Golliwogg
Golliwoggs
Golliwogs
Gomorrah
Gomorrahs
Gomorrean
Gond
Gonds
Gongorism
Gongorisms
Gongorist
Gongoristic
Gongorists
Goodman
Goodmen
Goodwife
Goodwives
Gopher
Gophers
Gorgonian
Gorgonzola
Gorgonzolas
Gos
Gosiute
Gosiutes
Gospel
Gospels
Goth
Gothamite
Gothamites
Gothic
Gothically
Gothicism
Gothicisms
Gothicist
Gothicists
Gothicize
Gothicized
Gothicizer
Gothicizers
Gothicizes
Gothicizing
Gothick
Gothicks
Gothicness
Gothicnesses
Gothics
Goths
Gotlander
Gotlanders
Gotterdammerung
Gotterdammerungs
Gouda
Goudas
Government
Governments
Goyaesque
Goyesque
Grace
Graces
Gradual
Graduals
Graecism
Graecisms
Graecize
Graecized
Graecizes
Graecizing
Grail
Grails
Grammies
Grammy
Grammys
Grange
Granger
Grangers
Granges
Graustark
Graustarkian
Graustarks
Gravenstein
Gravensteins
Graves
Gravettian
Gray
Grays
Greater
Grecian
Grecianize
Grecianized
Grecianizes
Grecianizing
Grecians
Grecism
Grecisms
Grecize
Grecized
Grecizes
Grecizing
Greek
Greekless
Greeks
Green
Greenbacker
Greenbackers
Greenlander
Greenlanders
Greenlandic
Greens
Gregorian
Grenadan
Grenadans
Grenadian
Grenadians
Gricean
Grimes
Grimeses
Griselda
Griseldas
Grit
Grits
Grubstreet
Grundyism
Grundyisms
Gruyere
Gruyeres
Guadeloupean
Guadeloupeans
Guamanian
Guamanians
Guarani
Guaranies
Guaranis
Guarnerius
Guarneriuses
Guatemalan
Guatemalans
Guelf
Guelfs
Guelph
Guelphs
Guernsey
Guernseys
GUI
Guianan
Guianans
Guianese
Guinean
Guineans
GUIs
Gujarati
Gujaratis
Gujrati
Gujratis
Gulag
Gulags
Gullah
Gullahs
Gunite
Gunites
Gurage
Gurkha
Gurkhas
Guy
Guyanese
Guys
Gymnasia
Gymnasium
Gymnasiums
Gypsies
Gypsy
Gypsyish
Gyro
Gyros
Habdalah
Habdalahs
Habsburg
Habsburgs
Hackney
Hackneys
Hadean
Hadith
Hadiths
Haggada
Haggadah
Haggadahs
Haggadic
Haggadist
Haggadistic
Haggadists
Haggadot
Haggadoth
Hagiographa
Haida
Haidan
Haidas
Haitian
Haitians
Hakenkreuz
Hakenkreuzes
Halacha
Halachas
Halachot
Halakah
Halakahs
Halakha
Halakhah
Halakhahs
Halakhot
Halakic
Halcion
Halcions
Haldol
Haldols
Halicarnassean
Halicarnassian
Haligonian
Haligonians
Hall
Hallel
Hallels
Halloween
Halloweens
Hallowmas
Hallowmases
Hallowmass
Hallowmasses
Halls
Hallstadt
Hallstatt
Hamadryad
Hamadryads
Hambletonian
Hambletonians
Hamburg
Hamburger
Hamburgers
Hamburgs
Hamiltonian
Hamiltonianism
Hamiltonianisms
Hamiltonians
Hamite
Hamites
Hamitic
Hampshire
Hampshires
Han
Handelian
Haniwa
Hanover
Hanoverian
Hanoverians
Hanovers
Hans
Hansa
Hansard
Hansards
Hansas
Hanse
Hanseatic
Hanses
Hanuka
Hanukah
Hanukahs
Hanukas
Hanukka
Hanukkah
Hanukkahs
Hanukkas
Hapsburg
Hapsburgs
Harappan
Hardinggrass
Hardinggrasses
Hardyesque
Harijan
Harijans
Harlemite
Harlemites
Harlequin
Harlequins
Harmattan
Harmattans
Harpies
Harpy
Harrovian
Harrovians
Hartfordite
Hartfordites
Hashemite
Hashemites
Hashimite
Hashimites
Hasid
Hasidic
Hasidim
Hasidism
Hasidisms
Haskalah
Haskalahs
Hasmonaean
Hasmonaeans
Hasmonean
Hasmoneans
Hassid
Hassidic
Hassidim
Hathoric
Hausa
Hausas
Havana
Havanan
Havanans
Havanas
Havarti
Havartis
Havasupai
Havasupais
Haversian
Hawaiian
Hawaiians
Hawkeye
Hawkeyes
HAZMAT
Heaven
Heavens
Hebe
Hebes
Hebraic
Hebraical
Hebraically
Hebraism
Hebraisms
Hebraist
Hebraistic
Hebraistical
Hebraistically
Hebraists
Hebraization
Hebraizations
Hebraize
Hebraized
Hebraizer
Hebraizers
Hebraizes
Hebraizing
Hebrew
Hebrews
Hebridean
Hebrideans
Hecataean
Hecatean
Hegelian
Hegelianism
Hegelianisms
Hegelians
Hegira
Hegiras
Heldentenor
Heldentenors
Hell
Helladic
Hellene
Hellenes
Hellenian
Hellenians
Hellenic
Hellenically
Hellenism
Hellenisms
Hellenist
Hellenistic
Hellenistical
Hellenistically
Hellenists
Hellenization
Hellenizations
Hellenize
Hellenized
Hellenizer
Hellenizers
Hellenizes
Hellenizing
Hellespontine
Hells
Helot
Helots
Helvetian
Helvetians
Helvetic
Helvetics
Helvetii
Henley
Henleys
Henrician
Hepplewhite
Heraclean
Heraclitean
Herculanean
Herculean
Hereafter
Hereafters
Hereford
Herefords
Herero
Hereros
Herez
Herezes
Heriz
Herizes
Hermetic
Hermetical
Hermeticism
Hermeticisms
Hermetism
Hermetisms
Hermitage
Hermitages
Herodotean
Herr
Herren
Herrenvolk
Herrenvolks
Herzegovinian
Herzegovinians
Heshvan
Heshvans
Heshwan
Heshwans
Hesiodic
Hesperian
Hesperid
Hesperidean
Hesperides
Hesperidian
Hessian
Hessians
Heteroousian
Heteroousians
Heterousian
Heterousians
Hexateuchal
Hib
Hibernian
Hibernians
Hibernicism
Hibernicisms
Hibs
Hidalgo
Hidalgos
Hidatsa
Hidatsas
Hieronymian
Hieronymic
Highland
Highlander
Highlanders
Highness
Highnesses
Hijra
Hijrah
Hijrahs
Hijras
Hiligaynon
Hiligaynons
Himalayan
Himalayans
Himyarite
Himyarites
Himyaritic
Hinayana
Hinayanas
Hinayanist
Hinayanistic
Hinayanists
Hindi
Hindoo
Hindooism
Hindooisms
Hindoos
Hindostani
Hindu
Hinduism
Hinduisms
Hindus
Hindustani
Hippocratic
Hispanic
Hispanically
Hispanicism
Hispanicisms
Hispanicist
Hispanicists
Hispanicization
Hispanicizations
Hispanicize
Hispanicized
Hispanicizes
Hispanicizing
Hispanics
Hispanism
Hispanisms
Hispanist
Hispanists
Hispano
Hispanophile
Hispanophiles
Hispanophilia
Hispanophilias
Hispanophobe
Hispanophobes
Hispanophobia
Hispanophobias
Hispanos
Hitchcock
Hitchcockian
Hitlerian
Hitlerism
Hitlerisms
Hitlerite
Hitlerites
Hittite
Hittites
Hizzoner
Hizzoners
Hmong
Hmongs
HO
Hobbesian
Hobbesians
Hobbism
Hobbisms
Hobbist
Hobbists
Hock
Hocks
Hogarthian
Hogmanay
Hogmanays
Hohenstaufen
Hohenstaufens
Hohenzollern
Hohenzollerns
Hohokam
Hohokams
Holarctic
Holiness
Holinesses
Holland
Hollander
Hollanders
Hollands
Hollywood
Hollywoodish
Holmesian
Holocene
Holstein
Holsteins
Holy
Homburg
Homburgs
Homeric
Homerically
Homo
Homoiousian
Homoiousianism
Homoiousianisms
Homoiousians
Homoousian
Homoousianism
Homoousianisms
Homoousians
Homos
Honan
Honans
Honduran
Honduranean
Honduraneans
Honduranian
Honduranians
Hondurans
Hongkongite
Hongkongites
Honolulan
Honolulans
Honor
Honorable
Honors
Hoopa
Hoopas
Hoosier
Hoosiers
Hoover
Hoovers
Hooverville
Hoovervilles
Hopi
Hopis
Horae
Horatian
HOs
Hospitaler
Hospitalers
Hospitaller
Hospitallers
Host
Hosts
Hottentot
Hottentots
Houdan
Houdans
Hours
Houstonian
Houstonians
Houstonite
Houstonites
Houyhnhnm
Houyhnhnms
Hoyle
Hoyles
Hualapai
Hualapais
Huastec
Huastecs
Hubbard
Hubbards
Hudibrastic
Hudibrastically
Hudibrastics
Hudsonian
Hugoesque
Huguenot
Huguenotic
Huguenotism
Huguenotisms
Huguenots
Hui
Huichol
Huicholes
Huichols
Huis
Humanism
Humanisms
Humanist
Humanists
Humvee
Humvees
Hun
Hunan
Hunanese
Hungarian
Hungarians
Hunkey
Hunkeys
Hunkie
Hunkies
Hunkpapa
Hunkpapas
Hunky
Hunnic
Hunnish
Hunnishness
Hunnishnesses
Huns
Hupa
Hupas
Huron
Hurons
Hurrian
Hurrians
Huskie
Huskies
Husky
Husserlian
Hussite
Hussites
Hussitism
Hussitisms
Hutterian
Hutterians
Hutterite
Hutterites
Hutu
Hutus
Huxleian
Huxleyan
Hwei
Hweis
Hyades
Hydra
Hydrae
Hydras
Hydriot
Hydriote
Hydriotes
Hydriots
Hyksos
Hymettian
Hymettic
Hymie
Hymies
Hyperborean
Hyperboreans
Hyrcanian
Hyrcanians
Iberian
Iberians
Ibibio
Ibibios
Ibizan
Ibizans
Ibo
Ibos
Ibsenesque
Ibsenian
Ibsenism
Ibsenisms
Ibsenite
Ibsenites
Icarian
Icarians
Icelander
Icelanders
Icelandic
Iceni
Icenian
Icenic
Idaean
Idaho
Idahoan
Idahoans
Idahoes
Idahos
Idea
Ideas
Ides
Idumaean
Idumaeans
Idumean
Idumeans
Igbo
Igbos
Ignatian
Igorot
Igorots
Iliad
Iliadic
Iliads
Ilian
Ilians
Illinoian
Illinois
Illinoisan
Illinoisans
Illuminati
Illuminism
Illuminisms
Illyrian
Illyrians
Illyric
Ilocano
Ilocanos
Ilokano
Ilokanos
Ilongo
Ilongos
Imagism
Imagisms
Imagist
Imagists
Imam
Imamate
Imamates
Imams
Imari
Imaris
Imitrex
Imitrexes
Immanuel
Immanuels
Immelmann
Immelmanns
Immortal
Immortals
Imperial
Imperials
Impressionism
Impressionisms
Impressionist
Impressionistic
Impressionists
Inca
Incaic
Incan
Incans
Incaparina
Incaparinas
Incas
Independencies
Independency
Independent
Independents
Inderal
Index
Indexes
Indiaman
Indiamen
Indian
Indianan
Indianans
Indianian
Indianians
Indianism
Indianisms
Indianist
Indianists
Indianization
Indianizations
Indianize
Indianized
Indianizes
Indianizing
Indianness
Indiannesses
Indians
Indic
Indices
Indics
Indochinese
Indocin
Indocins
Indologies
Indologist
Indologists
Indology
Indonesian
Indonesians
Indulgence
Indulgences
Infantries
Infantry
Infusoria
Ingush
Ingushes
Inka
Inkan
Inkans
Inkas
Innu
Innuit
Innuits
Innus
Inquisition
Inquisitions
Intelligence
Intelligences
International
Internationale
Internationales
Internationalism
Internationalisms
Internationalist
Internationalists
Internationals
Interstate
Interstates
Introit
Introits
Inuit
Inuits
Inupiak
Inupiaq
Inupiaqs
Inupiat
Inupiats
Invar
Invars
Inverness
Invernesses
Invocation
Invocations
Ionamin
Ionamins
Ionian
Ionians
Ionic
Ionics
Iowa
Iowan
Iowans
Iowas
Ipiutak
Iraki
Irakis
Irani
Iranian
Iranians
Iranis
Iraqi
Iraqis
Irelander
Irelanders
Irish
Irishism
Irishisms
Irishly
Irishman
Irishmen
Irishness
Irishnesses
Irishries
Irishry
Irishwoman
Irishwomen
Ironman
Ironmen
Iroquoian
Iroquoians
Iroquois
Irredentist
Irredentists
Irridentist
Irridentists
Isaurian
Isaurians
Ishmael
Ishmaelite
Ishmaelites
Ishmaelitish
Ishmaelitism
Ishmaelitisms
Ishmaels
Islam
Islamic
Islamicist
Islamicists
Islamics
Islamism
Islamisms
Islamist
Islamists
Islamite
Islamites
Islamitic
Islamization
Islamizations
Islamize
Islamized
Islamizer
Islamizers
Islamizes
Islamizing
Islams
Ismaelian
Ismaelians
Ismaili
Ismailian
Ismailians
Ismailis
Isolette
Isolettes
Israel
Israeli
Israelis
Israelite
Israelites
Israelitic
Israelitish
Israels
Issei
Isseis
Isthmian
Isthmians
Istrian
Istrians
Italian
Italianate
Italianated
Italianates
Italianating
Italianise
Italianised
Italianises
Italianising
Italianism
Italianisms
Italianization
Italianizations
Italianize
Italianized
Italianizes
Italianizing
Italians
Italic
Italicism
Italicisms
Italics
Italophile
Italophiles
Italophilia
Italophilias
Ithacan
Ithacans
Ituraean
Ituraeans
Iturean
Itureans
Ivesian
Ivies
Ivoirian
Ivoirians
Ivorian
Ivorians
Ivy
Iyar
Iyars
Iyyar
Iyyars
Jabberwockies
Jabberwocky
Jack
Jacks
Jacksonian
Jacksonianism
Jacksonianisms
Jacksonians
Jacobean
Jacobeans
Jacobian
Jacobians
Jacobin
Jacobinic
Jacobinical
Jacobinism
Jacobinisms
Jacobinize
Jacobinized
Jacobinizes
Jacobinizing
Jacobins
Jacobite
Jacobites
Jacobitic
Jacobitical
Jacobitism
Jacobitisms
Jacobus
Jacobuses
Jacquard
Jacquards
Jacquerie
Jacqueries
Jacuzzi
Jacuzzis
Jagannath
Jagannatha
Jagannathas
Jagannaths
Jain
Jaina
Jainas
Jainism
Jainisms
Jainist
Jainists
Jains
Jamaican
Jamaicans
Jamesean
Jamesian
Jams
Janeite
Janeites
Janiculan
Janissaries
Janissary
Janizaries
Janizary
Jansenism
Jansenisms
Jansenist
Jansenistic
Jansenistical
Jansenists
Januaries
January
Januarys
JAP
Jap
Japanese
Japanesque
Japanization
Japanizations
Japanize
Japanized
Japanizes
Japanizing
Japhetic
Japonaiserie
Japonaiseries
Japonism
Japonisms
Japs
Jarlsberg
Jarlsbergs
Jat
Jataka
Jatakas
JATO
JATOs
Jats
Java
Javanese
Javas
Jaycee
Jaycees
Jayhawk
Jayhawker
Jayhawkers
Jayhawks
Jeep
Jeeps
Jeffersonian
Jeffersonianism
Jeffersonianisms
Jeffersonians
Jehovic
Jehovism
Jehovisms
Jehovist
Jehovistic
Jehovists
Jello
Jellos
Jennerian
Jeremiah
Jeremiahs
Jeremian
Jeremianic
Jeroboam
Jeroboams
Jerries
Jerry
Jersey
Jerseyan
Jerseyans
Jerseyite
Jerseyites
Jerseys
Jerusalemite
Jerusalemites
Jesuit
Jesuitic
Jesuitical
Jesuitically
Jesuitism
Jesuitisms
Jesuitize
Jesuitized
Jesuitizes
Jesuitizing
Jesuitries
Jesuitry
Jesuits
Jesus
Jetway
Jetways
Jew
Jewess
Jewesses
Jewish
Jewishly
Jewishness
Jewishnesses
Jewries
Jewry
Jews
Jezebel
Jezebels
Jezreelite
Jezreelites
Jicarilla
Jicarillas
Jill
Jills
Jimsonweed
Jimsonweeds
Jivaro
Jivaros
Jockey
Jockeys
Joe
Joes
Johannine
John
Johnnie
Johnnies
Johnny
Johns
Johnsonese
Johnsoneses
Johnsongrass
Johnsongrasses
Johnsonian
Johnsonians
Jomada
Jomadas
Jonah
Jonahesque
Jonahs
Jonathan
Jonathans
Jones
Joneses
Jonsonian
Jordanian
Jordanians
Joseph
Josephite
Josephites
Josephs
Jotun
Jotunn
Jotunns
Jotuns
Jovial
Jovian
Joycean
Joyceans
JPEG
Jubilate
Jubilates
Jubilee
Jubilees
Judaean
Judaeans
Judaic
Judaica
Judaical
Judaically
Judaism
Judaisms
Judaist
Judaistic
Judaists
Judaization
Judaizations
Judaize
Judaized
Judaizer
Judaizers
Judaizes
Judaizing
Judas
Judases
Judean
Judeans
Judezmo
Judge
Judges
Judgment
Judgments
Jugendstil
Jugendstils
Juggernaut
Juggernauts
Jugoslav
Jugoslavian
Jugoslavians
Jugoslavic
Jugoslavs
Julian
Julies
July
Julys
Jumada
Jumadas
June
Juneberries
Juneberry
Junebug
Junebugs
Junes
Juneteenth
Juneteenths
Jungian
Jungians
Junior
Juniors
Junker
Junkerdom
Junkerdoms
Junkerism
Junkerisms
Junkers
Junoesque
Jurassic
Jute
Jutes
Jutish
Jutlander
Jutlanders
Jutlandish
Juvenalian
Kabardinian
Kabardinians
Kabbalah
Kabbalahs
Kabuki
Kabukis
Kabuli
Kabulis
Kabyle
Kabyles
Kaddish
Kaddishes
Kaffeeklatsch
Kaffeeklatsches
Kaffir
Kaffirs
Kaffrarian
Kaffrarians
Kafir
Kafirs
Kafkaesque
Kaiser
Kaiserin
Kaiserins
Kaisers
Kakiemon
Kakiemons
Kalashnikov
Kalashnikovs
Kalavala
Kalavalas
Kalends
Kalispel
Kalispels
Kalmarian
Kalmuck
Kalmucks
Kalmuk
Kalmuks
Kalmyk
Kalmyks
Kamasutra
Kamasutras
Kamchatkan
Kampuchean
Kampucheans
Kanak
Kanaka
Kanakas
Kanaks
Kanarese
Kandyan
Kansa
Kansan
Kansans
Kansas
Kantian
Kantianism
Kantianisms
Kantians
Kanuri
Kanuris
Kapellmeister
Kapellmeisters
Kapton
Kaptons
Karaism
Karaisms
Karaite
Karaites
Karakul
Karakuls
Karelian
Karelians
Karen
Karens
Karlsruher
Karlsruhers
Karma
Karmas
Kartvelian
Kasbah
Kasbahs
Kashan
Kashans
Kashmir
Kashmiri
Kashmirian
Kashmirians
Kashmiris
Kashmirs
Katangese
Kauravas
Kaw
Kaws
Kaybecker
Kaybeckers
Kazak
Kazakh
Kazakhs
Kazaks
Keatsian
Kechua
Kechuas
Keewatin
Kelt
Kelthane
Kelthanes
Keltic
Kelts
Kelvin
Kennedyesque
Kentish
Kentuckian
Kentuckians
Kenyan
Kenyans
Keplerian
Kepone
Kepones
Keres
Keresan
Kerman
Kermans
Kerries
Kerry
Kevlar
Kevlars
Kewpie
Kewpies
Keynesian
Keynesianism
Keynesianisms
Keynesians
Keystone
Khalkha
Khalkhas
Khmer
Khmerian
Khmers
Khoikhoi
Khoikhoin
Khoikhoins
Khoikhois
Khoisan
Khrushchevian
Khrushchevite
Kibei
Kibeis
Kickapoo
Kickapoos
Kidderminster
Kidderminsters
Kiddush
Kiddushes
Kierkegaardian
Kievan
Kievans
Kikuyu
Kikuyus
Kilim
Kilims
Kill
Kills
Kimbundu
Kimbundus
Kingship
Kingships
Kiowa
Kiowas
Kiplingesque
Kir
Kirghiz
Kirghizes
Kirghizian
Kirghizians
Kirgiz
Kirgizes
Kirman
Kirmans
Kirs
Kislev
Kislevs
Kismet
Kismets
Kittitian
Kittitians
Kiwanian
Kiwanians
Kiwi
Kiwis
Klamath
Klamaths
Klan
Klanism
Klanisms
Klans
Klansman
Klansmen
Klavern
Klaverns
Klaxon
Klaxons
Kleenex
Kleenexes
Klepht
Klephtic
Klephts
Knesset
Knessets
Knickerbocker
Knickerbockers
Knight
Knights
Knossian
Kodak
Kodaks
Kongo
Kongos
Kootenay
Kootenays
Koran
Koranic
Korans
Korat
Korats
Korean
Koreans
Kosovar
Kosovars
Kovar
Kovars
Kraken
Krakens
Kraut
Krauts
KREEP
Kremlinologies
Kremlinologist
Kremlinologists
Kremlinology
Kriegspiel
Kriegspiels
Krishnaism
Krishnaisms
Krugerrand
Krugerrands
Kshatriya
Kshatriyas
Kufic
Kuhnian
Kultur
Kulturkampf
Kulturkampfs
Kulturs
Kuna
Kunas
Kundalini
Kundalinis
Kung
Kungs
Kuomintang
Kuomintangs
Kurd
Kurdish
Kurdistan
Kurdistans
Kurds
Kurgan
Kurgans
Kurilian
Kurilians
Kushitic
Kutenai
Kutenais
Kutenay
Kutenays
Kuwaiti
Kuwaitis
Kwa
Kwakiutl
Kwakiutls
Kwanza
Kwanzaa
Kwanzaas
Kwanzas
KWIC
Kymri
Kymric
Kymry
Kynar
Kynars
Kyrgyz
Kyrgyzes
Kyrgyzstani
Kyrgyzstanis
Kyrie
Kyries
Lab
Labanotation
Labanotations
Labor
Laborite
Laborites
Labourite
Labourites
Labrador
Labradorean
Labradoreans
Labradorian
Labradorians
Labradors
Labs
Lacedaemonian
Lacedaemonians
Laconian
Laconians
Ladakhi
Ladakhis
Ladies
Ladin
Ladino
Ladinos
Ladins
Lady
Ladyship
Ladyships
Laetrile
Laetriles
Lagrangian
Lagrangians
Laingian
Lakhota
Lakhotas
Lakota
Lakotas
Lalique
Laliques
Lallan
Lallies
Lally
Lamaism
Lamaisms
Lamaist
Lamaistic
Lamaists
Lamarckian
Lamarckianism
Lamarckianisms
Lamarckians
Lamarckism
Lamarckisms
Lamaze
Lamazes
Lambrusco
Lambruscos
Lamia
Lamiae
Lamian
Lamians
Lamias
Lammas
Lammases
Lammastide
Lammastides
LAN
Lancashire
Lancashires
Lancaster
Lancasters
Lancastrian
Lancastrians
Landrace
Landraces
Landsat
Landsats
Landtag
Landtags
Langobard
Langobardic
Langobards
Languedocian
Languedocians
Lao
Laodicean
Laodiceans
Laos
Laotian
Laotians
Laplander
Laplanders
Lapp
Lappish
Lapps
Lapsang
Laputan
Laputans
Lar
Lares
Larrigan
Larrigans
Lastex
Lastexes
Latakia
Latakias
Latin
Latina
Latinas
Latinate
Latinism
Latinisms
Latinist
Latinists
Latinities
Latinity
Latinization
Latinizations
Latinize
Latinized
Latinizer
Latinizers
Latinizes
Latinizing
Latino
Latinos
Latins
Latitudinarian
Latitudinarians
Latvian
Latvians
Laudian
Lauds
Laundromat
Laundromats
Laurentian
Lavabo
Lavaboes
Lavabos
Law
Lawrencian
Lawrentian
Laws
Lawson
Lawsons
Lazarist
Lazarists
Leatherette
Leatherettes
Leavisian
Leavisite
Lebanese
Lebensraum
Lebensraums
Left
Leftism
Leftisms
Leftist
Leftists
Lefts
Leghorn
Leghorns
Legion
Legionnaire
Legionnaires
Legions
Legitimism
Legitimisms
Legitimist
Legitimists
Leibnitzian
Leibnitzians
Leibnizian
Leibnizians
Leicester
Leicesters
LEM
Lemnian
Lemnians
LEMs
Lenape
Lenapes
Leningrader
Leningraders
Leninism
Leninisms
Leninist
Leninists
Leninite
Leninites
Lent
Lenten
Lents
Leo
Leonardesque
Leonid
Leonides
Leonids
Leonine
Leos
Lepcha
Lepchas
Lepontic
Lesbian
Lesbians
Lescol
Lescols
Lesson
Lessons
Lethe
Lethean
Lethes
Lett
Lettish
Letts
Levallois
Levalloisian
Levant
Levanter
Levanters
Levantine
Levantines
Levantinism
Levantinisms
Levants
Leveler
Levelers
Leveller
Levellers
Levi
Leviathan
Leviathans
Levis
Levite
Levites
Levitic
Levitical
Levitically
Lexan
Lexans
Lhasa
Lhasas
Li
Lias
Liassic
Libera
Liberal
Liberalism
Liberalisms
Liberals
Liberas
Liberian
Liberians
Libertarian
Libertarians
Libra
Libran
Librans
Libras
Librium
Libriums
Libyan
Libyans
Liebfraumilch
Liebfraumilchs
Liechtensteiner
Liechtensteiners
Liederkranz
Liederkranzes
LIFO
Ligurian
Ligurians
Lilliputian
Lilliputians
Limburg
Limburger
Limburgers
Limburgs
Limey
Limeys
Limoges
Limousin
Limousins
Lincoln
Lincolnesque
Lincolnian
Lincolniana
Lincolns
Lindies
Lindleyan
Lindy
Lingayat
Lingayats
Linnaean
Linnean
Linotype
Linotypes
Linux
Linuxes
Lion
Lions
Lipan
Lipans
Lipitor
Lipitors
Lipizzan
Lipizzaner
Lipizzaners
Lipizzans
Lippizan
Lippizaner
Lippizaners
Lippizans
Liptauer
Liptauers
Lis
Lisboan
Lisboans
Listserv
Listservs
Lisztian
Lit
Lithuanian
Lithuanians
Lits
Liturgies
Liturgy
Litvak
Litvaks
Liverpudlian
Liverpudlians
Livonian
Livonians
Loafer
Loafers
Lochinvar
Lochinvars
Lockean
Lockeian
Locofoco
Locofocos
Locrian
Locrians
Lodine
Lodines
Logoi
Logos
Lolita
Lolitas
Lollard
Lollardies
Lollardism
Lollardisms
Lollardries
Lollardry
Lollards
Lollardy
Lombard
Lombardian
Lombardic
Lombards
Lombrosian
Lomotil
Lomotils
Londoner
Londoners
Longhorn
Longhorns
Longinean
Longobard
Longobardi
Longobardic
Longobards
Loran
Lorans
Lord
Lords
Lordship
Lordships
Lordy
Lorelei
Loreleis
Lothario
Lotharios
Lotusland
Lotuslands
Louisianan
Louisianans
Louisianian
Louisianians
Louisvillian
Louisvillians
Low
Lower
Lowestoft
Lowestofts
Lowland
Lowlander
Lowlanders
LOX
Loyalist
Loyalists
Luba
Lubas
Lubavitcher
Lubavitchers
Lucan
Lucayan
Lucayans
Lucayo
Lucayos
Luciferian
Lucina
Lucinas
Lucite
Lucites
Lucretian
Lucullan
Lucullean
Lucullian
Luddism
Luddisms
Luddite
Luddites
Luger
Lugers
Lukan
Lumbee
Lumbees
Luminism
Luminisms
Luminist
Luminists
Luna
Lunas
Lunda
Lundas
Lupercal
Lupercalia
Lupercalian
Lupercalias
Lupercals
Lurex
Lurexes
Lusatian
Lusatians
Lusitanian
Lusitanians
Lutheran
Lutheranism
Lutheranisms
Lutherans
Lutherism
Lutherisms
Lutz
Lutzes
Luvian
Luvians
Luwian
Luwians
Luxembourger
Luxembourgers
Luxembourgian
Luxemburger
Luxemburgers
Luxemburgian
Lycian
Lycians
Lycra
Lycras
Lydian
Lydians
Lyricon
Lyricons
Lysenkoism
Lysenkoisms
Lysol
Lysols
Maasai
Maasais
Mac
Macanese
Macassarese
Maccabean
Mace
Maced
Macedonian
Macedonians
Maces
Mach
Machiavelian
Machiavelians
Machiavellian
Machiavellianism
Machiavellianisms
Machiavellians
Machiavellism
Machiavellisms
Machiavellist
Machiavellists
Machmeter
Machmeters
Machs
Macing
Mackinaw
Mackinaws
Macon
Macons
Macoun
Macouns
Macs
MAD
Madagascan
Madagascans
Madam
Madame
Madeira
Madeiran
Madeirans
Madeiras
Mademoiselle
Mademoiselles
Madisonian
Madonna
Madonnas
Madrasi
Madrasis
Madrilenian
Madrilenians
Madrileno
Madrilenos
Madurese
Maecenas
Maecenases
Maeterlinckian
Maffia
Maffias
Mafia
Mafias
Mafiosi
Mafioso
Mafiosos
Magdalen
Magdalenian
Magdalens
Magellanic
Maghrebi
Maghrebian
Maghrebians
Maghrebis
Maghribi
Maghribian
Maghribians
Maghribis
Magi
Magian
Magianism
Magianisms
Magians
Maglemosean
Maglemosian
Maglev
Maglevs
Magnificat
Magnificats
Magnum
Magnums
Magus
Magyar
Magyars
Mahabharata
Mahabharatas
Mahatma
Mahatmas
Mahayana
Mahayanas
Mahayanist
Mahayanistic
Mahayanists
Mahdi
Mahdis
Mahdism
Mahdisms
Mahdist
Mahdists
Mahican
Mahicans
Mahlerian
Mahometan
Mahometans
Mahratta
Mahrattas
Maiden
Maidens
Maidu
Maidus
Mailgram
Mailgrams
Mainer
Mainers
Majesties
Majesty
Majorcan
Majorcans
Makah
Makahs
Makasarese
Makassarese
Makua
Makuas
Malaccan
Malaccans
Malaga
Malagas
Malagasies
Malagasy
Malathion
Malathions
Malawi
Malawian
Malawians
Malawis
Malay
Malayan
Malayans
Malays
Malaysian
Malaysians
Maldivan
Maldivans
Maldivian
Maldivians
Malecite
Malecites
Malian
Malians
Malinke
Malinkes
Malinois
Maliseet
Maliseets
Malmsey
Malmseys
Malpighian
Maltese
Malthusian
Malthusianism
Malthusianisms
Malthusians
Mam
Mameluke
Mamelukes
Mamluk
Mamluks
Mammon
Mammons
Mams
Man
Managuan
Managuans
Manchegan
Manchegans
Manchu
Manchurian
Manchurians
Manchus
Mancunean
Mancuneans
Mancunian
Mancunians
Mandaean
Mandaeans
Mandan
Mandans
Mande
Mandean
Mandeans
Mandelbrot
Mandes
Mandingo
Mandingoes
Mandingos
Mandinka
Mandinkas
Manes
Manhattan
Manhattanite
Manhattanites
Manhattanization
Manhattanizations
Manhattanize
Manhattanized
Manhattanizes
Manhattanizing
Manhattans
Manichaean
Manichaeanism
Manichaeanisms
Manichaeans
Manichaeism
Manichaeisms
Manichean
Manicheanism
Manicheanisms
Manicheans
Manichee
Manichees
Manicheism
Manicheisms
Manila
Manilas
Manilla
Manillas
Maninka
Maninkas
Manitoban
Manitobans
Mannerism
Mannerisms
Mantuan
Mantuans
Manx
Manxman
Manxmen
Manxwoman
Manxwomen
Manzanilla
Manzanillas
Maoism
Maoisms
Maoist
Maoists
Maori
Maoris
Mapuche
Mapuches
Mapudungun
Mapudunguns
Maquis
Maquisard
Maquisards
Marabout
Marabouts
Maraschino
Maraschinos
Maratha
Marathas
Maratta
Marattas
Maravi
Maravis
Marcan
March
Marchen
Marches
Marcionism
Marcionisms
Marcionist
Marcionists
Marcionite
Marcionites
Marengo
Marian
Marianist
Marianists
Marians
Maricopa
Maricopas
Marine
Marines
Mariolater
Mariolaters
Mariolatries
Mariolatrist
Mariolatrists
Mariolatrous
Mariolatry
Mariological
Mariologies
Mariologist
Mariologists
Mariology
Marisat
Marisats
Marist
Marists
Maritimer
Maritimers
Mark
Markan
Markoff
Markov
Markovian
Marks
Marlovian
Maronite
Maronites
Maroon
Maroons
Marquesan
Marquesans
Marrano
Marranos
Marsala
Marsalas
Marseillais
Marseillaise
Marseillaises
Marseilles
Marshalese
Marshallese
Martian
Martians
Martinican
Martinicans
Martiniquais
Martinmas
Martinmases
MARV
Marxian
Marxianism
Marxianisms
Marxians
Marxism
Marxisms
Marxist
Marxists
Maryknoller
Maryknollers
Marylander
Marylanders
Maryologies
Maryology
Masai
Masais
MASH
Mashona
Mashonas
Mason
Masonic
Masonically
Masonite
Masonites
Masonries
Masonry
Masons
Masora
Masorah
Masorahs
Masoras
Masorete
Masoretes
Masoretic
Masorite
Masorites
Mass
Massachuset
Massachusets
Massachusett
Massachusetts
Massai
Massais
Masses
Massorete
Massoretes
Mast
Master
Masters
Masts
Masurian
Masurians
Matabele
Matabeles
Matins
Matthaean
Matthean
Mattins
Mauretanian
Mauretanians
Mauritanian
Mauritanians
Mauritian
Mauritians
Mauser
Mausers
Maxwellian
May
Maya
Mayan
Mayanist
Mayanists
Mayans
Mayas
Mayday
Maydays
Maying
Mayings
Maypole
Maypoles
Mays
Maytide
Maytides
Maytime
Maytimes
Mazdaism
Mazdaisms
Mazdeism
Mazdeisms
Mbundu
Mbundus
McCarthyism
McCarthyisms
McCarthyist
McCarthyists
McCarthyite
McCarthyites
McCoy
McCoys
McIntosh
McIntoshes
McJob
McJobs
Mdewakanton
Mdewakantons
Mecca
Meccan
Meccans
Meccas
Mechlin
Mechlins
Mede
Medes
Medflies
Medfly
Median
Medians
Medicaid
Medicaids
Medicare
Medicares
Medicean
Medigap
Medigaps
Mediterranean
Mediterraneans
Medoc
Medocs
Megarean
Megarian
Megarians
Megaric
Megarics
Megillah
Megillahs
MEGO
Meissen
Meissens
Meistersinger
Meistersingers
Melanesian
Melanesians
Melanochroi
Melanochroid
Melbournian
Melbournians
Melburnian
Melburnians
Melchite
Melchites
Melchizedek
Melian
Melians
Melkite
Melkites
Mellotron
Mellotrons
Melvillean
Melvilleans
Member
Members
Memento
Mementoes
Mementos
Memnonian
Memphian
Memphians
Memphite
Memphites
Men
Menckenian
Mende
Mendelian
Mendelianism
Mendelianisms
Mendelians
Mendelism
Mendelisms
Mendelist
Mendelists
Mendelssohnian
Mendelssohnians
Mendes
Mendicant
Meneer
Meneers
Mennonite
Mennonites
Mennonitism
Mennonitisms
Menominee
Menominees
Menomini
Menominis
Menorah
Menorahs
Menshevik
Mensheviki
Mensheviks
Menshevism
Menshevisms
Menshevist
Menshevists
Meo
Meos
Mephisto
Mephistophelean
Mephistopheles
Mephistophelian
Mephistos
Mercator
Mercian
Mercians
Mercurial
Mercuries
Mercurochrome
Mercurochromes
Mercury
Meridia
Meridias
Meridional
Meridionals
Merino
Merinos
Merlot
Merlots
Meroite
Meroites
Meroitic
Merovingian
Merovingians
Merthiolate
Merthiolates
Mescalero
Mescaleros
Mesdames
Mesdemoiselles
Mesoamerican
Mesoamericanist
Mesoamericanists
Mesoamericans
Mesolithic
Mesopotamian
Mesopotamians
Mesozoic
Messapian
Messapians
Messapic
Messeigneurs
Messenian
Messenians
Messiah
Messiahs
Messiahship
Messiahships
Messianic
Messianism
Messianisms
Messias
Messiases
Messieurs
Metaphysical
Metaphysicals
Methedrine
Methedrines
Method
Methodism
Methodisms
Methodist
Methodistic
Methodistical
Methodists
Methods
Methuselah
Methuselahs
Metis
Metrazol
Metrazols
Metro
Metroplex
Metroplexes
Metros
Metternichian
Meursault
Meursaults
Mevacor
Mevacors
Mexican
Mexicans
Miami
Miamian
Miamians
Miamis
Miao
Miaos
Micawber
Micawberish
Micawbers
Miccosukee
Miccosukees
Michaelmas
Michaelmases
Michelangelesque
Michigander
Michiganders
Michiganian
Michiganians
Michiganite
Michiganites
Mick
Mickey
Mickeys
Micks
Micmac
Micmacs
Micronesian
Micronesians
Middle
Mideastern
Mideasterner
Mideasterners
MIDI
Midianite
Midianites
MIDIs
Midland
Midlander
Midlanders
Midrash
Midrashic
Midrashim
Midway
Midways
Midweek
Midweeks
Midwest
Midwestern
Midwesterner
Midwesterners
Miesian
Miesians
MIG
MiG
Mig
Migs
Mikado
Mikados
Mikasuki
Mikasukis
Milanese
Milesian
Milesians
Millerite
Millerites
Milquetoast
Milquetoasts
Miltonian
Miltonic
Milwaukeean
Milwaukeeans
Minangkabau
Minangkabaus
Ming
Minicam
Minicams
Miniconjou
Miniconjous
Minimal
Ministries
Ministry
Minneapolitan
Minneapolitans
Minneconjou
Minneconjous
Minnesotan
Minnesotans
Minoan
Minoans
Minorca
Minorcan
Minorcans
Minorcas
Minorite
Minorites
Mint
Mints
Minuteman
Minutemen
Miocene
MIPS
Miranda
Mirandize
Mirandized
Mirandizes
Mirandizing
Mirapex
Mirapexes
MIRV
MIRVed
MIRVing
MIRVs
Miserere
Misereres
Mishna
Mishnah
Mishnahs
Mishnaic
Mishnas
Mishnayot
Mishnayoth
Miskito
Miskitos
Miss
Missal
Missals
Misses
Mission
Mississippian
Mississippians
Missouri
Missourian
Missourians
Missouris
Mister
Misters
Mistress
Mistresses
Mitannian
Mitannians
Mithraea
Mithraeum
Mithraic
Mithraism
Mithraisms
Mithraist
Mithraistic
Mithraists
Miwok
Miwoks
Mixtec
Mixtecan
Mixtecans
Mixtecs
Moabite
Moabites
Moabitish
Mob
Mobs
Moche
Moches
Mochica
Mochicas
Mod
Modenese
Modern
Moderne
Modernes
Modernism
Modernisms
Modoc
Modocs
Mods
Moghul
Moghuls
Mogollon
Mogul
Moguls
Mohammedan
Mohammedanism
Mohammedanisms
Mohammedans
Moharram
Moharrams
Mohave
Mohaves
Mohawk
Mohawks
Mohegan
Mohegans
Mohican
Mohicans
Mohock
Mohockism
Mohockisms
Mohocks
Moira
Moirai
Mojave
Mojaves
Moldavian
Moldavians
Moldovan
Moldovans
Molech
Molechs
Moloch
Molochs
Molucca
Moluccan
Moluccans
Momus
Momuses
Mon
Monacan
Monacans
Monarchian
Monarchianism
Monarchianisms
Monarchianist
Monarchianists
Monarchians
Monday
Mondays
Monegasque
Monegasques
Monel
Monels
Mongol
Mongolian
Mongolians
Mongolic
Mongolism
Mongolisms
Mongoloid
Mongoloids
Mongols
Monophysite
Monophysites
Monophysitic
Monophysitism
Monophysitisms
Monopolies
Monopoly
Monotype
Monotypes
Mons
Monseigneur
Monsieur
Monsignor
Monsignorial
Monsignors
Montagnais
Montagnaises
Montagnard
Montagnards
Montanan
Montanans
Montanism
Montanisms
Montanist
Montanists
Montauk
Montauks
Montenegrin
Montenegrins
Montessorian
Montmorencies
Montmorency
Montparnassian
Montrachet
Montrachets
Montrealer
Montrealers
Moog
Moogs
Moonie
Moonies
Moor
Moorish
Moors
Moose
Moravian
Moravianism
Moravianisms
Moravians
Mordvinian
Mordvinians
Moresque
Moresques
Morgan
Morgans
Morisco
Moriscoes
Moriscos
Mormon
Mormonism
Mormonisms
Mormons
Mornay
Mornays
Moro
Moroccan
Moroccans
Moros
Morphean
Morse
Mosaic
Mosaical
Moselle
Moselles
Moslem
Moslems
Mosotho
Mosquito
Mosquitos
Mother
Mothers
Motown
Motowns
Motrin
Motrins
Mountie
Mounties
Mounty
Mousquetaire
Mousquetaires
Mousterian
Moustierian
Moviola
Moviolas
Mozambican
Mozambicans
Mozarab
Mozarabic
Mozarabs
Mozartean
Mozartian
MPEG
Ms
Mses
Mss
MUD
MUDder
MUDders
MUDding
MUDdings
Mudejar
Mudejares
Muenster
Muensters
Muganda
Mugandas
Mughal
Mughals
Mugwump
Mugwumps
Muhammadan
Muhammadanism
Muhammadanisms
Muhammadans
Muharram
Muharrams
Muharrum
Muharrums
Mullerian
Munchkin
Munchkins
Munda
Munsee
Munsees
Munster
Munsters
Murcott
Murcotts
Murphies
Murphy
Muscadet
Muscadets
Muscovite
Muscovites
Muse
Muses
Muskhogean
Muskogean
Muskogee
Muskogees
Muslim
Muslims
Mussalman
Mussalmans
Mussalmen
Mussulman
Mussulmans
Mussulmen
Muzak
Muzaks
Mycenaean
Mycenaeans
Mycenean
Myceneans
Mycenian
Mycenians
Mylar
Mylars
Mynheer
Mynheers
Myrmidon
Myrmidones
Myrmidons
Mysian
Mysians
Mysteries
Mystery
Nabataean
Nabataeans
Nabatean
Nabateans
Nabokovian
Nahuatl
Nahuatlan
Nahuatlans
Nahuatls
Naiad
Naiades
Naiads
Najdi
Najdis
Nakota
Nakotas
Nama
Namaqua
Namas
Namibian
Namibians
NAND
Nankin
Nanking
Nankings
Nankins
Nanticoke
Nanticokes
Nantucketer
Nantucketers
Napa
Napas
Napoleon
Napoleonic
Napoleons
Nappa
Nappas
Naprosyn
Naprosyns
Narraganset
Narragansets
Narragansett
Narragansetts
Nasca
Nashville
Nashvilles
Naskapi
Naskapis
Natalian
Natalians
Natchez
Nation
Nationalist
Nationalists
Nations
Native
Nativities
Nativity
Naugahyde
Naugahydes
Nauruan
Nauruans
Nautilus
Nautiluses
Navaho
Navahoes
Navahos
Navajo
Navajoes
Navajos
Navarrian
Navies
Navy
Nazarene
Nazarenes
Nazarite
Nazarites
Nazca
Nazi
Nazification
Nazifications
Nazified
Nazifies
Nazify
Nazifying
Naziism
Naziisms
Nazirite
Nazirites
Naziritism
Naziritisms
Nazis
Nazism
Nazisms
Ndebele
Ndebeles
Ndongo
Ndongos
Neandertal
Neandertals
Neanderthal
Neanderthaler
Neanderthalers
Neanderthaloid
Neanderthaloids
Neanderthals
Neapolitan
Neapolitans
Nearctic
Nebraskan
Nebraskans
Nebuchadnezzar
Nebuchadnezzars
Negress
Negresses
Negrillo
Negrilloes
Negrillos
Negrito
Negritoes
Negritos
Negritude
Negritudes
Negro
Negroes
Negroid
Negroids
Negroness
Negronesses
Negroni
Negronis
Negrophil
Negrophile
Negrophiles
Negrophilism
Negrophilisms
Negrophils
Negrophobe
Negrophobes
Negrophobia
Negrophobias
Negrophobic
Negus
Neguses
Nejdi
Nejdis
Nembutal
Nembutals
Nemean
Nemeans
Nenets
Neocene
Neoclassicism
Neoclassicisms
Neogaean
Neogene
Neolithic
Neoplasticism
Neoplasticisms
Neoplatonic
Neoplatonism
Neoplatonisms
Neoplatonist
Neoplatonists
Neorican
Neoricans
Neotropic
Neotropical
Neozoic
Nepalese
Nepali
Nepalis
Neptunian
Nereid
Nereids
Nerf
Nerfs
Neronian
Neronic
Nesselrode
Nesselrodes
Nestor
Nestorian
Nestorianism
Nestorianisms
Nestorians
Nestors
Netherland
Netherlander
Netherlanders
Netherlandian
Netherlandic
Netherlandish
Neufchatel
Neufchatels
Neustrian
Neustrians
Neutral
Neutrals
Nevadan
Nevadans
Nevadian
Nevadians
Nevisian
New
Newburg
Newburgh
Newfie
Newfies
Newfoundland
Newfoundlander
Newfoundlanders
Newfoundlands
Newporter
Newporters
Newspeak
Newspeaks
Newtonian
Newtonians
Nexis
Nexises
Nguni
Ngunis
Niagara
Niagaras
Niassan
Niassans
Nibelung
Nibelungen
Nibelungs
NiCad
NiCads
Nicaean
Nicaeans
Nicaraguan
Nicaraguans
Nicene
Nichrome
Nichromes
Niebuhrian
Nielsen
Niersteiner
Niersteiners
Nietzschean
Nietzscheanism
Nietzscheanisms
Nietzscheans
Nigerian
Nigerians
Nigerien
Nigeriens
Nigerois
Night
Nights
Nihilism
Nihilisms
Nikkei
Nikkeis
Nilot
Nilote
Nilotes
Nilotic
NIMBY
Nimby
Nimbyism
Nimbyisms
NIMBYs
Nimbys
Nimrod
Nimrods
Nineties
Ninevite
Ninevites
Ninja
Ninjas
Nintendo
Nintendos
Niobean
Nip
Nipponese
Nips
Nirvana
Nirvanas
Nisan
Nisans
Nisei
Niseis
Nissan
Nissans
Niuean
Niueans
Nixie
Nixies
Nixonesque
Nixonian
Nizam
Nizams
Nizoral
Nizorals
No
Noachian
Noachic
Noachical
Nobelist
Nobelists
Noel
Noels
Noh
Nohs
Nolvadex
Nolvadexes
Nomex
Nomexes
Nonconformist
Nonconformists
Nonconformities
Nonconformity
None
Nones
Nonjuror
Nonjurors
Nootka
Nootkas
NOR
Nordic
Nordics
Norman
Normanization
Normanizations
Normanize
Normanized
Normanizes
Normanizing
Normans
Norplant
Norplants
Norse
Norseman
Norsemen
North
Northeast
Northeastern
Northeasterner
Northeasterners
Northeasts
Northener
Northeners
Northern
Northerner
Northerners
Northland
Northlands
Northman
Northmen
Norths
Northumbrian
Northumbrians
Northwest
Northwestern
Northwesterner
Northwesterners
Northwests
Norwegian
Norwegians
Nos
Nostratic
NOT
Notable
Notables
Notogaean
Nova
Novas
November
Novembers
Novocain
Novocaine
Novocaines
Novocains
NSAID
Nsaid
NSAIDs
Nsaids
Nubian
Nubians
Nuer
Nuers
Numidian
Numidians
Nupe
Nupes
Nuristani
Nuristanis
Nuyorican
Nuyoricans
Oaxacan
Obeah
Obeahs
Obi
Obie
Obies
Obis
Oblation
Oblations
Occamistic
Occident
Occidental
Occidentalism
Occidentalisms
Occidentalist
Occidentalists
Occidentalization
Occidentalizations
Occidentalize
Occidentalized
Occidentalizes
Occidentalizing
Occidentals
Occidents
Occitan
Oceanian
Oceanians
Oceanic
Oceanid
Oceanides
Oceanids
Ocker
Ockers
Ockhamistic
October
Octobers
Od
Odd
Oddfellow
Oddfellows
Oddfellowship
Oddfellowships
Odyssean
Odyssey
Odysseys
Oedipal
Oedipally
Oedipus
Offertories
Offertory
Office
Offices
Oglala
Oglalas
Ohioan
Ohioans
Ojibwa
Ojibwas
Ojibway
Ojibways
Ojibwe
Ojibwes
Okie
Okies
Okinawan
Okinawans
Oklahoman
Oklahomans
Oktoberfest
Oktoberfests
Old
Oldowan
Oligocene
Olmec
Olmecs
Olympia
Olympiad
Olympiads
Olympian
Olympians
Olympias
Olympic
Olympics
Olynthian
Olynthians
Om
Omaha
Omahas
Omani
Omanis
Omayyad
Omayyades
Omayyads
Omer
Omers
Ommiad
Ommiades
Ommiads
Omnipotent
Oms
Oneida
Oneidas
Onondaga
Onondagan
Onondagas
Ontarian
Ontarians
Open
Opens
Opposition
Oppositions
Optimist
Optimists
OR
Orange
Orangeism
Orangeisms
Orangeman
Orangemen
Oranges
Oratorian
Oratorians
Oratories
Oratory
Orcadian
Orcadians
Ordinal
Ordinals
Ordinaries
Ordinary
Ordovician
Oregonian
Oregonians
Oreo
Oreos
Orient
Oriental
Orientalia
Orientalism
Orientalisms
Orientalist
Orientalists
Orientalization
Orientalizations
Orientalize
Orientalized
Orientalizes
Orientalizing
Orientals
Orients
Orkneyan
Orkneyans
Orleanism
Orleanisms
Orleanist
Orleanists
Orlon
Orlons
Oromo
Oromos
Orphean
Orphic
Orphically
Orphism
Orphisms
Orphist
Orphists
Orpington
Orpingtons
Orthodox
Orthodoxes
Orthodoxies
Orthodoxy
Orvieto
Orvietos
Orwellian
Osage
Osages
Oscan
Oscans
Oscar
Oscars
Osirian
Osmanli
Osmanlis
Osset
Ossete
Ossetes
Ossetian
Ossetians
Ossetic
Ossets
Ossianic
Ostiak
Ostiaks
Ostrogoth
Ostrogothic
Ostrogoths
Ostyak
Ostyaks
OTEC
Othman
Othmans
Oto
Otos
Ottawa
Ottawas
Ottoman
Ottomanlike
Ottomans
Ouija
Ouijas
Oushak
Oushaks
Outback
Outbacks
Ovambo
Ovambos
Ovidian
Ovimbundu
Ovimbundus
Ovonics
Oxbridge
Oxford
Oxfordian
Oxfordians
Oxfords
Oxonian
Oxonians
Oz
Ozalid
Ozalids
Ozarker
Ozarkers
Ozarkian
Ozarkians
Ozes
PABA
Pablum
Pablums
PAC
Pacific
Pacification
Pacifications
PACs
Paddies
Paddy
Padishah
Padishahs
Paduan
Paduans
Pahari
Paharis
Paisley
Paisleys
Paiute
Paiutes
Pakeha
Pakehas
Paki
Pakis
Pakistani
Pakistanis
Palatinate
Palatinates
Palatine
Palatines
Palauan
Palauans
Palearctic
Paleocene
Paleogene
Paleolithic
Paleosiberian
Paleosiberians
Paleozoic
Palermitan
Palermitans
Palestinian
Palestinians
Palladia
Palladian
Palladianism
Palladianisms
Palladium
Palladiums
Palmerstonian
Palmyrene
Palmyrenes
Palouse
Palouses
Pampean
Pampers
Pamphyllian
Pamphyllians
Panama
Panamanian
Panamanians
Panamas
Pandavas
Pandean
Pandit
Pandits
Panglossian
Panhandle
Panhandles
Panhellenic
Panhellenism
Panhellenisms
Panhellenist
Panhellenists
Panjabi
Panjabis
Pannonian
Pannonians
Panpipe
Panpipes
Pantagruelian
Pantagruelism
Pantagruelisms
Pantagruelist
Pantagruelists
Pantheon
Pantheons
Papacies
Papacy
Papago
Papagos
Paphian
Paphians
Paphlagonian
Paphlagonians
Papist
Papists
Papuan
Papuans
Para
Paracelsian
Paracelsians
Paraguayan
Paraguayans
Paralympian
Paralympians
Paralympic
Paralympics
Paras
Parcheesi
Parcheesis
Parian
Parians
Parisian
Parisians
Parkinsonian
Parkinsonism
Parkinsonisms
Parliament
Parliamentarian
Parliamentarians
Parliaments
Parmenidean
Parmesan
Parmesans
Parnassian
Parnassianism
Parnassianisms
Parnassians
Parnassism
Parnassisms
Parnassus
Parnassuses
Parnellite
Parnellites
Parousia
Parousias
Parsee
Parseeism
Parseeisms
Parsees
Parsi
Parsiism
Parsiisms
Parsis
Parsism
Parsisms
Parsonian
Parthenoi
Parthenos
Parthian
Parthians
Pasadenan
Pasadenans
Pascalian
Pasch
Pascha
Paschal
Paschas
Paschs
Pashtun
Pashtuns
Passamaquoddies
Passamaquoddy
Passion
Passionist
Passionists
Passions
Passiontide
Passiontides
Passover
Passovers
Pasteurian
Patagonian
Patagonians
Pater
Paternoster
Paternosters
Paters
Pathan
Pathans
Patriarch
Patriarchs
Pauline
Paulist
Paulists
Pavlova
Pavlovas
Pavlovian
Pawnee
Pawnees
Pax
Paxes
Paxil
Paxils
Payloader
Payloaders
Pecksniffian
Pecorino
Pecorinos
Pegasian
Pegasus
Pegasuses
Pegboard
Pegboards
Peircean
Peke
Pekes
Pekin
Pekinese
Pekineses
Peking
Pekingese
Pekingeses
Pekings
Pekins
Pelagian
Pelagianism
Pelagianisms
Pelagians
Pelasgi
Pelasgian
Pelasgians
Pelasgic
Peloponnesian
Peloponnesians
Pembroke
Pembrokes
Penates
Penitente
Penitentes
Penitentiaries
Penitentiary
Pennsylvanian
Pennsylvanians
Penobscot
Penobscots
Pentagonese
Pentagoneses
Pentateuchal
Pentecost
Pentecostal
Pentecostalism
Pentecostalisms
Pentecostalist
Pentecostalists
Pentecostals
Pentecosts
Pentothal
Pentothals
Pepysian
Pequot
Pequots
Percheron
Percherons
Pere
Peres
Periclean
Peripatetic
Peripateticism
Peripateticisms
Peripatetics
Permalloy
Permalloys
Permian
Pernod
Pernods
Perpendicular
Perrier
Perriers
Perseid
Perseides
Perseids
Persian
Persians
Perspex
Perspexes
Perugian
Perugians
Peruvian
Peruvians
Pesach
Pesachs
Peshito
Peshitos
Peshitta
Peshittas
PET
Petersham
Petershams
Petrarchan
Petrine
Petronian
Peul
Peuls
Phanerozoic
Pharaoh
Pharaohs
Pharaonic
Pharaonical
Pharisaic
Pharisaical
Pharisaically
Pharisaism
Pharisaisms
Pharisaist
Pharisee
Phariseeism
Phariseeisms
Pharisees
Phidian
Philadelphian
Philadelphians
Philharmonic
Philharmonics
Philippian
Philippians
Philippic
Philippics
Philippine
Philistia
Philistine
Philistines
Philistinism
Philistinisms
Phillips
Phillipses
Philomel
Philomels
Phlegethontal
Phlegethontic
Phocaean
Phocaeans
Phocian
Phocians
Phoenician
Phoenicians
Phoenix
Phoenixes
Photorealism
Photorealisms
Photostat
Photostated
Photostating
Photostats
Photostatted
Photostatting
Phrygian
Phrygians
Physiocrat
Physiocratic
Physiocrats
Piagetian
Picard
Picards
Pickwickian
Pickwickians
Pict
Pictish
Picts
Piedmontese
Piegan
Piegans
Pierian
Pierians
Pierrot
Pierrots
Piesporter
Piesporters
Pieta
Pietas
Pietism
Pietisms
Pietist
Pietists
Pigmies
Pigmy
Pilates
Pilgrim
Pilgrims
Pill
Pills
Pilsener
Pilseners
Pilsner
Pilsners
Pima
Piman
Pimas
PIN
Pindaric
Pindarics
Pinkster
Pinksters
Pinot
Pinots
Pinteresque
Pinyin
Pirandellian
Piranesian
Pisan
Pisans
Piscean
Pisceans
Pisces
Pisidian
Pitjantjara
Pitjantjaras
Pitjantjatjara
Pitjantjatjaras
Pitocin
Pitocins
Pittsburgher
Pittsburghers
Piute
Piutes
Plains
Planosol
Planosols
Plantagenet
Plantagenets
Plasticine
Plasticines
Plataean
Plataeans
Plateglass
Plateresque
Platonic
Platonically
Platonism
Platonisms
Platonist
Platonistic
Platonists
Platonize
Platonized
Platonizes
Platonizing
Plautine
Playbill
Playbills
Pleiad
Pleiades
Pleiads
Pleiocene
Pleistocene
Plexiglas
Plexiglases
Pliocene
Pliocenes
Pliofilm
Pliofilms
Plotinian
Plotinism
Plotinisms
Plotinist
Plotinists
Plutarchan
Plutarchian
Plutonian
Plutonic
Podunk
Podunks
Pointillism
Pointillisms
Polab
Polabian
Polabians
Polabs
Polack
Polacks
Polaroid
Polaroids
Polartec
Polartecs
Pole
Poles
Polish
Politburo
Politburos
Pollack
Pollacks
Pollock
Pollocks
Pollyanna
Pollyannaish
Pollyannas
Pollyannish
Polonia
Polonian
Polonians
Polyglot
Polyglots
Polynesian
Polynesians
Polypay
Polypays
Pom
Pomeranian
Pomeranians
Pommie
Pommies
Pommy
Pomo
Pomos
Pompeian
Pompeians
Pompeiian
Pompeiians
Poms
Ponca
Poncas
Pontic
Pontiff
Pontiffs
Ponzi
Ponzis
Pope
Popean
Popes
Popian
Popsicle
Popsicles
Populism
Populisms
Populist
Populistic
Populists
Populuxe
Port
Porte
Portes
Portlander
Portlanders
Ports
Portuguese
POSSLQ
POSSLQs
Postimpressionism
Postimpressionisms
Postimpressionist
Postimpressionistic
Postimpressionists
Postmodern
Potawatomi
Potawatomis
Potlatch
Potlatches
Poundian
Powhatan
Powhatans
Praetorian
Praetorians
Prakritic
Pravachol
Pravachols
Preakness
Preaknesses
Precambrian
Precisionism
Precisionisms
Precisionist
Precisionists
Preface
Prefaces
Premarin
Premarins
Premonstratensian
Premonstratensians
Presbyterial
Presbyterials
Presbyterian
Presbyterianism
Presbyterianisms
Presbyterians
Presentation
Presentations
Presidencies
Presidency
President
Presidents
Presidia
Presidium
Presidiums
Prez
Prezes
Prezzes
Prilosec
Prilosecs
Primate
Primates
Prime
Primes
Primus
Primuses
Procrustean
Prod
Prods
Progressive
Progressives
Progressivism
Progressivisms
Prohibition
Prohibitionist
Prohibitionists
Prohibitions
Prokofievian
PROM
Promethean
Prometheans
Propaganda
Propagandas
Propecia
Propecias
Proper
Propers
Prophet
Prophets
Protagorean
Protean
Protector
Protectorate
Protectorates
Protectors
Proterozoic
Protestant
Protestantism
Protestantisms
Protestants
Proteus
Proteuses
Proustian
Provencal
Provencale
Provencals
Provencaux
Providence
Providences
Provincial
Provisional
Provisionals
Provo
Provos
Prozac
Prozacs
Prussian
Prussianism
Prussianisms
Prussianize
Prussianized
Prussianizes
Prussianizing
Prussians
Psalm
Psalms
Psalter
Psalters
Ptolemaic
Ptolemaist
Ptolemaists
Ptolemies
Ptolemy
Puccinian
Puckish
Pueblo
Pueblos
Pukhtun
Pukhtuns
Pulaski
Pulaskis
Pulitzer
Pulitzers
Pullman
Pullmans
Pulmozyme
Pulmozymes
Punchinello
Punchinelloes
Punchinellos
Punic
Punjabi
Punjabis
Purana
Puranas
Puranic
Purim
Purims
Puritan
Puritanic
Puritanical
Puritanism
Puritanisms
Puritans
Puseyism
Puseyisms
Puseyite
Puseyites
Pushkinian
Pushtun
Pushtuns
Putsch
Putsches
Pygmies
Pygmy
Pynchonesque
Pyrenean
Pyreneans
Pyrex
Pyrexes
Pyroceram
Pyrocerams
Pyrrhic
Pyrrhonism
Pyrrhonisms
Pyrrhonist
Pyrrhonists
Pythagorean
Pythagoreanism
Pythagoreanisms
Pythagoreans
Pythiad
Pythiads
Pythian
Pythians
Pythic
Qatari
Qataris
Qiana
Qianas
Quaalude
Quaaludes
Quadrantid
Quadrantids
Quadrigesima
Quadrigesimal
Quadrigesimas
Quaker
Quakerish
Quakerism
Quakerisms
Quakerly
Quakers
Quapaw
Quapaws
Quarter
Quarters
Quasimodo
Quasimodos
Quaternary
Quattrocentro
Quattrocentros
Quebecer
Quebecers
Quebecker
Quebeckers
Quebecois
Quechan
Quechans
Quechua
Quechuan
Quechuans
Quechuas
Queenslander
Queenslanders
Quiche
Quiches
Quichua
Quichuas
Quinquagesima
Quinquagesimas
Quirinal
Quirinals
Quirites
Quixote
Quixotes
Quixotic
Quixotical
Quonset
Quonsets
Quran
Qurans
QWERTY
Rabbinic
Rabelaisian
Rabi
Rabia
Rabias
Rabis
Racinian
Radical
Radicals
Raetian
Raetians
Ragnarok
Ragnaroks
Raj
Rajab
Rajabs
Rajes
Rajpoot
Rajpoots
Rajput
Rajputs
RAM
Ramadan
Ramadans
Ramayana
Ramayanas
Ramazan
Ramazans
Rambouillet
Rambouillets
Ramism
Ramisms
Ramist
Ramists
RAMs
Ranger
Rangers
Rankine
Raphaelesque
Rarotongan
Rarotongans
Rasta
Rastafari
Rastafarian
Rastafarianism
Rastafarianisms
Rastafarians
Rastafaris
Rastas
Ravelian
Rayonism
Rayonisms
Rayonist
Rayonistic
Rayonists
Reagenesque
Realpolitik
Realpolitiks
Realtor
Realtors
Reaumur
Reb
Rebel
Rebels
Reblochon
Reblochons
Rebs
Recent
Reconstructionism
Reconstructionisms
Reconstructionist
Reconstructionists
Red
Redbrick
Redder
Reddest
Redemptorist
Redemptorists
Reds
Redux
Reduxes
Reform
Reformation
Reformations
Reformed
Reformer
Reformers
Reforms
Regency
Reges
Regina
Reginae
Rehoboam
Rehoboams
Reich
Reichian
Reichs
Reichstag
Reichstags
REIT
REM
Rembrandtesque
Remembrancer
Remembrancers
Remonstrant
Remonstrants
REMs
Renaissance
Renaissances
Renascence
Renascences
Representative
Representatives
Republic
Republican
Republicanism
Republicanisms
Republicans
Republics
Requiem
Requiems
Requip
Requips
Rescriptor
Rescriptors
Resistance
Resistances
Restoril
Restorils
Resurrection
Resurrections
Retrovir
Retrovirs
Reuben
Reubens
Reverence
Reverences
Reverend
Revolution
Revolutionary
Rex
Rexes
Reynard
Reynards
Rezulin
Rezulins
RFLP
Rhadamanthine
Rhaetian
Rhaetians
Rhenish
Rhenishes
Rhinelander
Rhinelanders
Rhodamine
Rhodamines
Rhodesian
Rhodesians
Rhodian
Rhodians
Rhone
Rhones
Richmonder
Richmonders
Riemannian
Riesling
Rieslings
RIF
Rif
Riff
Riffi
Riffian
Riffians
Riffs
Rifs
Right
Rightism
Rightisms
Rightist
Rightists
Rights
Rigveda
Rigvedas
Rioja
Riojas
Ripple
Ripples
Ripuarian
Ripuarians
RISC
Risorgimenti
Risorgimento
Risorgimentos
Ritalin
Ritalins
Rite
Rites
Riviera
Rivieras
Rococo
Rococos
Rodinesque
Rogaine
Rogaines
Roger
Rohypnol
Rohypnols
Rolf
Rolfed
Rolfer
Rolfers
Rolfing
Rolfings
Rolfs
Rollerblade
Rollerbladed
Rollerblades
Rollerblading
Rolodex
Rolodexes
ROM
Rom
Roma
Romaic
Roman
Romance
Romanesque
Romanesques
Romani
Romanian
Romanians
Romanic
Romanics
Romanie
Romanies
Romanis
Romanism
Romanisms
Romanist
Romanistic
Romanists
Romanization
Romanizations
Romanize
Romanized
Romanizes
Romanizing
Romano
Romanoff
Romanoffs
Romanos
Romanov
Romanovs
Romans
Romantic
Romanticism
Romanticisms
Romanticist
Romanticists
Romantics
Romany
Rome
Romeldale
Romeldales
Romeo
Romeos
Romes
Romish
Romishly
Romishness
Romishnesses
Rommanies
Rommany
Romney
Romneys
Roms
Rooseveltian
Roquefort
Roqueforts
Rorschach
Rorschachs
Rosaries
Rosary
Rosicrucian
Rosicrucianism
Rosicrucianisms
Rosicrucians
Rossinian
Rostra
Rostrum
Rota
Rotanese
Rotarian
Rotarianism
Rotarianisms
Rotarians
Rotaries
Rotary
Rotas
Rotterdammer
Rotterdammers
Rottweiler
Rottweilers
Roughrider
Roughriders
Roumanian
Roumanians
Roundhead
Roundheads
Rousseauesque
Rousseauian
Rousseauism
Rousseauisms
Rousseauist
Rousseauistic
Rousseauists
Royal
Royalist
Royalists
Royals
Ruanda
Ruandas
Rubenesian
Rubenesque
Rubicon
Rubicons
Rugbies
Rugby
Rumania
Rumanian
Rumanians
Rumanias
Rundi
Rundis
Runyonesque
Ruritan
Ruritanian
Ruritans
Rusin
Rusins
Ruskinian
Russ
Russes
Russian
Russianization
Russianizations
Russianize
Russianized
Russianizes
Russianizing
Russianness
Russiannesses
Russians
Russification
Russifications
Russified
Russifies
Russify
Russifying
Russki
Russkie
Russkies
Russkis
Russky
Russophile
Russophiles
Russophilia
Russophilias
Russophobe
Russophobes
Russophobia
Russophobias
Rusyn
Rusyns
Ruthene
Ruthenes
Ruthenian
Ruthenians
Ruthian
Rwanda
Rwandan
Rwandans
Rwandas
Rwandese
Ryukyuan
Ryukyuans
Saami
Saamis
Saanen
Saanens
Saarlander
Saarlanders
Sabaean
Sabaeans
Sabaoth
Sabbat
Sabbatarian
Sabbatarianism
Sabbatarianisms
Sabbatarians
Sabbath
Sabbaths
Sabbatic
Sabbatical
Sabbatically
Sabbats
Sabean
Sabeans
Sabellian
Sabellianism
Sabellianisms
Sabellians
Sabine
Sabines
Sabra
Sabras
SABRmetrics
Sac
Sachertorte
Sachertortes
Sacrament
Sacramentarian
Sacramentarianism
Sacramentarianisms
Sacramentarians
Sacraments
Sacs
Sadducean
Sadducee
Sadduceeism
Sadduceeisms
Sadducees
Safar
Safars
Safavid
Safavids
Sagittarian
Sagittarians
Sagittarius
Sagittariuses
Sahaptian
Sahaptians
Sahaptin
Sahaptins
Saharan
Saharans
Saharian
Sahelian
Sahelians
Saigonese
Saint
Saints
Saipanese
Saite
Saites
Saiva
Saivaism
Saivaisms
Saivas
Saivism
Saivisms
Saktism
Saktisms
Salchow
Salchows
Salernitan
Salernitans
Salesian
Salesians
Salian
Salians
Salic
Salique
Salish
Salishan
Salishans
Salishes
Sallustian
Salon
Salons
Salopian
Salopians
SALT
Saluki
Salukis
Salvadoran
Salvadorans
Salvadorean
Salvadoreans
Salvadorian
Salvadorians
Salvarsan
Salvarsans
Salvationist
Salvationists
SAM
Samaritan
Samaritans
Samhita
Samhitas
Sami
Samian
Samians
Samis
Sammarinese
Sammarinesi
Samnite
Samnites
Samoan
Samoans
Samothracian
Samothracians
Samoyed
Samoyede
Samoyedes
Samoyedic
Samoyeds
Samson
Samsonian
Samsons
San
Sancerre
Sancerres
Sanctus
Sanctuses
Sandinista
Sandinistas
Sanforize
Sanforized
Sanforizes
Sanforizing
Sangiovese
Sanhedrim
Sanhedrims
Sanhedrin
Sanhedrins
Sankhya
Sankhyas
Sans
Sanscrit
Sansei
Sanseis
Sanskrit
Sanskritic
Sanskritist
Sanskritists
Santa
Santal
Santali
Santalis
Santals
Santee
Santees
Santeria
Santerias
Santiagan
Santiagans
Saphar
Saphars
Sapphic
Sapphics
Sapphism
Sapphisms
Sapphist
Sapphists
Saracen
Saracenic
Saracens
Sardian
Sardians
Sardinian
Sardinians
Sarkese
Sarmatian
Sarmatians
Sartrean
Sartrian
Sarum
Sasanian
Sasanians
Sasanid
Sasanids
Saskatchewanian
Saskatchewanians
Sasquatch
Sasquatches
Sassanian
Sassanians
Sassanid
Sassanidae
Sassanids
Sassenach
Sassenachs
Sassurean
Sassurian
Satanism
Satanisms
Satanist
Satanists
Satsuma
Satsumas
Saturday
Saturdays
Saturnalia
Saturnalian
Saturnalias
Saturnian
Saturnians
Satyagraha
Satyagrahas
Satyr
Satyrs
Saudi
Saudis
Sauk
Sauks
Saussurean
Sauterne
Sauternes
Sauvignon
Sauvignons
Savoyard
Savoyards
Saxon
Saxonian
Saxonians
Saxonies
Saxonism
Saxonisms
Saxons
Saxony
Sazerac
Sazeracs
Scandian
Scandians
Scandinavian
Scandinavians
Sceptic
Sceptical
Scepticism
Scepticisms
Sceptics
Schadenfreude
Schadenfreudes
Scheherezade
Scheherezades
Schellingian
Schmeisser
Schmeissers
Schoenbergian
Scholastic
Scholasticism
Scholasticisms
Scholastics
Schoolman
Schoolmen
Schopenhauerian
Schopenhauerism
Schopenhauerisms
Schubertian
Science
Sciences
Scientist
Scientists
Scillonian
Scillonians
Scorpio
Scorpios
Scot
Scotch
Scotches
Scotchman
Scotchmen
Scotchwoman
Scotchwomen
Scotic
Scotism
Scotisms
Scotist
Scotists
Scots
Scotsman
Scotsmen
Scotswoman
Scotswomen
Scotticism
Scotticisms
Scottie
Scotties
Scottish
Scottishness
Scottishnesses
Scotty
Scouse
Scouser
Scousers
Scouses
Scout
Scouter
Scouters
Scouting
Scoutings
Scouts
Scrabble
Scrabbles
Scriptural
Scripture
Scriptures
Scrooge
Scrooges
SCSI
Scud
Scuds
Scythian
Scythians
Seabee
Seabees
SEAL
Sealab
Sealabs
Sealeyham
Sealeyhams
Seattleite
Seattleites
Secessionist
Secessionists
Seckel
Seckels
Seconal
Seconals
Secret
Secretaries
Secretary
Secrets
Sedarim
Seder
Seders
Seigneur
Seigneurs
Seignior
Seigniors
Sejm
Sejms
Seleucid
Seleucidae
Seleucidan
Seleucids
Seljuk
Seljukian
Seljukians
Seljuks
Sellotape
Sellotapes
Semillon
Semillons
Seminole
Seminoles
Semite
Semites
Semitic
Semiticist
Semiticists
Semitics
Semitism
Semitisms
Semitist
Semitists
Semtex
Semtexes
Senate
Senates
Seneca
Senecan
Senecas
Senegalese
Senegambian
Senegambians
Senior
Seniors
Senusi
Senusian
Senussi
Senussian
Separate
Separatist
Separatists
Sephardi
Sephardic
Sephardim
September
Septembers
Septembral
Septembrist
Septembrists
Septuagesima
Septuagesimas
Septuagint
Septuagintal
Septuagints
Serb
Serbian
Serbians
Serbs
Serene
SERM
SERMs
Sertoman
Sertomans
Servite
Servites
Serzone
Serzones
Seventies
Seventy
Sevillian
Sevillians
Sevin
Sevins
Sevres
Sexagesima
Sexagesimas
Sext
Sexts
Seychellois
Seyfert
Seyferts
Shaaban
Shaabans
Shaban
Shabans
Shabbat
Shabbatot
Shabbats
Shabbos
Shabboses
Shabuoth
Shabuoths
Shah
Shahaptian
Shahaptians
Shahaptin
Shahaptins
Shahs
Shaker
Shakerism
Shakerisms
Shakers
Shakespearean
Shakespeareana
Shakespeareanism
Shakespeareanisms
Shakespeareans
Shakespearian
Shakespeariana
Shakespearians
Shaksperean
Shakspereans
Shaksperian
Shaksperians
Shakta
Shaktas
Shakti
Shaktis
Shaktism
Shaktisms
Shaktist
Shaktists
Shan
Shanghai
Shanghainese
Shanghais
Shans
Shantung
Shantungs
Shavian
Shavianism
Shavianisms
Shavians
Shavuot
Shavuoth
Shavuoths
Shavuots
Shawnee
Shawnees
Shawwal
Shawwals
Shebat
Shebats
Sheenie
Sheenies
Sheeny
Sheetrock
Sheetrocked
Sheetrocking
Sheetrocks
Shekinah
Shekinahs
Shelleyan
Shelleyans
Shelleyesque
Shema
Shemas
Shemite
Shemites
Shemitic
Shemitish
Sheraton
Sherlock
Sherlockian
Sherlocks
Shermanesque
Sherpa
Sherpas
Shetland
Shetlander
Shetlanders
Shetlands
Shevat
Shevats
Shia
Shiah
Shiahs
Shias
Shiatsu
Shiatsus
Shiatzu
Shiatzus
Shiism
Shiisms
Shiite
Shiites
Shiitic
Shilluk
Shilluks
Shin
Shingon
Shingons
Shins
Shinto
Shintoism
Shintoisms
Shintoist
Shintoistic
Shintoists
Shintos
Shiraz
Shirazes
Shire
Shires
Shivaism
Shivaisms
Shivaist
Shivaistic
Shivaists
Shiviti
Shivitis
Shona
Shonas
Shoran
Shorans
Shorthorn
Shorthorns
Shoshone
Shoshonean
Shoshones
Shoshoni
Shoshonis
Shriner
Shriners
Shropshire
Shropshires
Shrovetide
Shrovetides
Shudra
Shudras
Shylock
Shylocks
Siamese
Siberian
Siberians
Sibyl
Sibyls
Sichuan
Sicilian
Sicilians
Sidhe
Sidonian
Sidonians
Sienese
Siennese
Sierran
Sierrans
Sihasapa
Sihasapas
Sikh
Sikhism
Sikhisms
Sikhs
Sikkimese
Silastic
Silastics
Sileni
Silenus
Silesian
Silesians
Silures
Silurian
Silurians
Simmental
Simmentals
Simmenthal
Simmenthaler
Simmenthalers
Simmenthals
SIN
Sinaic
Sinaitic
Sinanthropus
Sinanthropuses
Sindhi
Sindhis
Singaporean
Singaporeans
Singhalese
Sinhala
Sinhalas
Sinhalese
Sinicism
Sinicisms
Sinicization
Sinicizations
Sinicize
Sinicized
Sinicizes
Sinicizing
Sinification
Sinifications
Sinified
Sinifies
Sinify
Sinifying
Sinitic
Sinolog
Sinological
Sinologies
Sinologist
Sinologists
Sinologs
Sinologue
Sinologues
Sinology
Sinophile
Sinophiles
Sinophilia
Sinophilias
Sinophobe
Sinophobes
Sinophobia
Sinophobias
Sinophobic
Sion
Sions
Siouan
Siouans
Sioux
Sir
Siree
Sirees
Siren
Sirens
Sirree
Sirrees
Sirs
Sisseton
Sissetons
Sister
Sisters
Sistine
Sisyphean
Sisyphian
Sitkan
Sitkans
Sivaism
Sivaisms
Sivaist
Sivaistic
Sivaists
Sivan
Sivans
Siwash
Siwashes
Sixtine
Skeltonic
Skeltonics
Skeptic
Skeptical
Skepticism
Skepticisms
Skeptics
Skinnerian
Skinnerians
Skinnerism
Skinnerisms
Skivvies
SKU
SLAPP
SLAPPed
SLAPPing
SLAPPs
Slav
Slavic
Slavicism
Slavicisms
Slavicist
Slavicists
Slavism
Slavisms
Slavist
Slavists
Slavonian
Slavonians
Slavonic
Slavophil
Slavophile
Slavophiles
Slavophilism
Slavophilisms
Slavophils
Slavophobe
Slavophobes
Slavophobia
Slavophobias
Slavs
Slovak
Slovakian
Slovakians
Slovaks
Slovene
Slovenes
Slovenian
Slovenians
Snake
Snakes
SNAP
Snowbelt
Snowbelts
Soave
Soaves
Soay
Soays
Socialism
Socialisms
Socialist
Socialists
Socinian
Socinianism
Socinianisms
Socinians
Socotran
Socotrans
Socratic
Socratically
Socratics
Sodom
Sodomite
Sodomites
Sodoms
Sogdian
Sogdians
Solomon
Solomonic
Solomons
Solomonseal
Solomonseals
Solon
Solons
Solutrean
Solutrian
Somali
Somalian
Somalians
Somalis
Sonoran
Sonorans
Sooner
Sooners
Sophist
Sophists
Sophoclean
Sorb
Sorbian
Sorbians
Sorbs
Soroptimist
Soroptimists
Sorrentine
Sothic
Sotho
Sothos
South
Southdown
Southdowns
Southeast
Southeastern
Southeasterner
Southeasterners
Southeasts
Southern
Southerner
Southerners
Southernism
Southernisms
Southernness
Southernnesses
Southerns
Southland
Southlands
Southron
Southrons
Souths
Southwest
Southwestern
Southwesterner
Southwesterners
Southwests
Soviet
Sovietdom
Sovietdoms
Sovietism
Sovietisms
Sovietization
Sovietizations
Sovietize
Sovietized
Sovietizes
Sovietizing
Sovietologies
Sovietologist
Sovietologists
Sovietology
Soviets
Spackle
Spackled
Spackles
Spackling
Spam
Spams
Spanglish
Spanglishes
Spaniard
Spaniards
Spanish
Spanishflies
Spanishfly
Spanishness
Spanishnesses
Spansule
Spansules
SPAR
Spar
Spars
Spartacist
Spartacists
Spartan
Spartanic
Spartanism
Spartanisms
Spartanly
Spartans
Speaker
Speakers
SPECT
Spencerian
Spencerianism
Spencerianisms
Spencerians
Spencerism
Spencerisms
Spenglerian
Spenglerians
Spenserian
Spenserians
Sphinges
Sphinx
Sphinxes
Spielbergian
Spinozism
Spinozisms
Spinozist
Spinozistic
Spinozists
Spirit
Spirits
Spiritual
Spiritualism
Spiritualisms
Spiritualist
Spiritualists
Spirituals
Spirulina
Spirulinas
Spode
Spodes
Spork
Sporks
Sputnik
Sputniks
SQUID
SRAM
Staffordshire
Staffordshires
Stagirite
Stagirites
StairMaster
StairMasters
Stakhanovism
Stakhanovisms
Stakhanovite
Stakhanovites
Stalinism
Stalinisms
Stalinist
Stalinists
Stalinize
Stalinized
Stalinizes
Stalinizing
Stalinoid
Stalinoids
Standard
Standardbred
Standardbreds
Statehood
Statehoods
Statehouse
Statehouses
Stateside
Steadicam
Steadicams
Stealth
Stelazine
Stelazines
Stellite
Stellites
Sten
Stendhalian
Stenograph
Stenographs
Stens
Stentor
Stentors
Sterno
Sternos
Stetson
Stetsons
Stevengraph
Stevengraphs
Stevensgraph
Stevensgraphs
Stillson
Stillsons
Stilton
Stiltons
Stockholmer
Stockholmers
Stoic
Stoical
Stoicism
Stoicisms
Stoics
STOL
Strad
Stradivari
Stradivarii
Stradivaris
Stradivarius
Stradivariuses
Strads
Stravinskian
Stravinskyan
Street
Streets
Strindbergian
Stuart
Stuarts
Stygian
Styrian
Styrians
Styrofoam
Styrofoams
Sublime
Succoth
Succoths
Sudanese
Sudanic
Sudeten
Sudetens
Sudra
Sudras
Suffolk
Suffolks
Sufi
Sufic
Sufiism
Sufiisms
Sufis
Sufism
Sufisms
Sufistic
Sukkos
Sukkoses
Sukkot
Sukkoth
Sukkoths
Sukkots
Sulpician
Sulpicians
Sultan
Sultans
Sumatran
Sumatrans
Sumerian
Sumerians
Sumerologies
Sumerologist
Sumerologists
Sumerology
Sundanese
Sunday
Sundaylike
Sundays
Sunfish
Sunfishes
Sung
Sunna
Sunnah
Sunnahs
Sunnas
Sunni
Sunnis
Sunnism
Sunnisms
Sunnite
Sunnites
Superball
Superballs
Suprematism
Suprematisms
Suprematist
Suprematists
Suquamish
Suquamishes
Surinamer
Surinamers
Surinamese
Surrealism
Surrealisms
Susian
Susians
Susquehanna
Susquehannas
Susquehannock
Susquehannocks
Sussex
Sussexes
Sustiva
Sustivas
Susu
Susus
Svedberg
Svedbergs
Svengali
Svengalis
Swabian
Swabians
Swahili
Swahilian
Swahilis
SWAT
Swat
Swati
Swatis
Swazi
Swazis
Swede
Swedenborgian
Swedenborgianism
Swedenborgianisms
Swedenborgians
Swedenborgism
Swedenborgisms
Swedes
Swedish
Sweetheart
Sweethearts
Swiftian
Swinburgian
Swiss
Swisses
Switzer
Switzers
Sybarite
Sybarites
Sybaritic
Sybaritical
Sybaritically
Sydneyer
Sydneyers
Sydneyite
Sydneyites
Sydneysider
Sydneysiders
Symbolism
Symbolisms
Symbolist
Symbolists
Synanon
Synanons
Synoptic
Syracusan
Syracusans
Syrah
Syrahs
Syrette
Syrettes
Syriac
Syrian
Syrians
Szechuan
Szechwan
Tabasco
Tabascos
Tabernacle
Tabernacles
Tabriz
Tabrizes
TACAN
Tachism
Tachisme
Tachismes
Tachisms
Tachist
Tachiste
Tachistes
Tachists
Tacitean
Tacoman
Tacomans
Tadzhik
Tadzhiks
Tagalog
Tagalogs
Tagamet
Tagamets
Tahitian
Tahitians
Tai
Taino
Tainos
Taiping
Taipings
Tais
Taiwanese
Taiwanian
Taiwanians
Tajik
Tajiks
Talbot
Talbots
Talmud
Talmudic
Talmudical
Talmudism
Talmudisms
Talmudist
Talmudists
Talmuds
Talwin
Talwins
Tamil
Tamils
Tammany
Tammanyism
Tammanyisms
Tammuz
Tammuzes
Tampan
Tampans
Tamworth
Tamworths
Tan
Tanach
Tanachs
Tanakh
Tanakhs
Tanganyikan
Tanganyikans
Tangerine
Tanka
Tankas
Tanoan
Tans
Tantra
Tantras
Tantric
Tantrism
Tantrisms
Tantrist
Tantrists
Tanzanian
Tanzanians
Tao
Taoism
Taoisms
Taoist
Taoistic
Taoists
Taos
Tarahumara
Tarahumaras
Tarascan
Tarascans
Tarasco
Tarascos
Tardenoisian
Targum
Targumic
Targumim
Targumist
Targumists
Targums
Tarheel
Tarheels
Tarmac
Tarmacs
Tarot
Tarots
Tarpeian
Tartar
Tartarean
Tartarian
Tartars
Tartufe
Tartufes
Tartuffe
Tartuffes
Tarzan
Tarzans
Taser
Tasers
Tasian
Tasmanian
Tasmanians
TAT
Tatar
Tatarian
Tataric
Tatars
Tattersail
Tattersails
Taurean
Taureans
Taurus
Tauruses
Taxol
Taxols
Tchaikovskian
Tchaikovskyan
Te
Tebet
Tebeth
Tebeths
Tebets
Technicolor
Technicolors
Teflon
Teflons
Tehuelche
Tehuelchean
Tehuelches
Tejano
Tejanos
Telecopier
Telecopiers
Telegu
Telegus
Telemark
Telemarks
Telephoto
Telephotos
TelePrompTer
TelePrompTers
TelePrompter
TelePrompters
Teleran
Telerans
Teletype
Teletypes
Teletypesetter
Teletypesetters
Telex
Telexes
Telnet
Telnets
Telstar
Telstars
Telugu
Telugus
Temne
Temnes
Templar
Templars
Tenderfeet
Tenderfoot
Tenderfoots
Tenderloin
Tenderloins
Tenebrae
Tenebrism
Tenebrisms
Tenebrist
Tenebrists
Tennessean
Tennesseans
Tennesseean
Tennesseeans
Tennysonian
TENS
TEPP
Terce
Terces
Terpsichorean
Terramycin
Terramycins
Territorial
Territorials
Territories
Territory
Tertiaries
Tertiary
Terylene
Terylenes
Tes
Testament
Testaments
Tet
Tethyan
Teton
Tetons
Tetrazzini
Tets
Teuton
Teutones
Teutonic
Teutonically
Teutonicism
Teutonicisms
Teutonics
Teutonism
Teutonisms
Teutonist
Teutonists
Teutonization
Teutonizations
Teutonize
Teutonized
Teutonizes
Teutonizing
Teutons
Tevet
Tevets
Tewa
Tewas
Texan
Texans
Thackerayan
Thai
Thailander
Thailanders
Thais
Thalesian
Thammuz
Thammuzes
Thanatos
Thanatoses
Thanksgiving
Thanksgivings
Theatine
Theatines
Theban
Thebans
Theodosian
Theosophies
Theosophist
Theosophists
Theosophy
Theravada
Theravadas
Thermidor
Thermidorian
Thermidors
Thermit
Thermits
Thermopane
Thermopanes
Thermos
Thermoses
Thesean
Thespian
Thespians
Thessalian
Thessalians
Thessalonian
Thessalonians
Thibetan
Thibetans
Thinsulate
Thinsulates
Thiokol
Thiokols
Thomism
Thomisms
Thomist
Thomistic
Thomists
Thonga
Thongas
Thorazine
Thorazines
Thoreauvian
Thoreauvians
Thoroughbred
Thoroughbreds
Thracian
Thracians
Thucydidean
Thug
Thuggee
Thuggees
Thugs
Thule
Thurberesque
Thuringer
Thuringers
Thuringian
Thuringians
Thursday
Thursdays
Thyestean
Tiberian
Tibetan
Tibetans
Ticinese
Tierce
Tierces
Tiffany
Tigre
Tigrean
Tigreans
Tigres
Tiki
Tikis
Tilsit
Tilsiter
Tilsiters
Tilsits
Timorese
Timucua
Timucuas
Tinkertoy
Tinkertoys
Tirolean
Tiroleans
Tirolese
Tishri
Tishris
Titan
Titaness
Titanesses
Titanic
Titanism
Titanisms
Titans
Titian
Titianesque
Titoism
Titoisms
Titoist
Titoists
Tiwa
Tiwas
Tlingit
Tlingits
Tobagonian
Tobagonians
Tobies
Toby
Tocharian
Tocharians
Tofutti
Tofuttis
Toggenburg
Toggenburgs
Togolander
Togolanders
Togolese
Tokay
Tokays
Tokelauan
Tokelauans
Tokharian
Tokharians
Tokugawa
Tokyoite
Tokyoites
Toledan
Toledans
Toledo
Toledoan
Toledoans
Toledos
Tolkienesque
Tolstoian
Tolstoians
Tolstoyan
Tolstoyans
Toltec
Toltecan
Toltecs
Tom
Tommed
Tommies
Tomming
Tommy
Toms
Tongan
Tongans
Tonies
Tonkinese
Tonkingese
Tony
Tonys
Toon
Toons
Tophet
Tophets
Topsider
Topsiders
Tora
Torah
Torahs
Toras
Tories
Torontonian
Torontonians
Torot
Toroth
Torrenize
Torrenized
Torrenizes
Torrenizing
Tory
Toryism
Toryisms
Touareg
Touaregs
Touretter
Touretters
Tract
Tractarian
Tractarianism
Tractarianisms
Tractarians
Tracts
Trakehner
Trakehners
Transcaucasian
Transcaucasians
Transcendentalism
Transcendentalisms
Transfiguration
Transfigurations
Transjordanian
Transjordanians
Transkeian
Transkeians
Transvaaler
Transvaalers
Transvaalian
Transylvanian
Transylvanians
Trappist
Trappists
Treasuries
Treasury
Trebbiano
Trebbianos
Trentonian
Trentonians
Triassic
Tricolor
Tricolors
Tridentine
Tridentines
Triestine
Trinacrian
Trinacrians
Trinidadian
Trinidadians
Trinitarian
Trinitarianism
Trinitarianisms
Trinitarians
Trinities
Trinity
Trinitytide
Trinitytides
TRIP
Tripolitan
Tripolitanian
Tripolitanians
Tripolitans
Triton
Tritons
Triune
Troadic
Trobriander
Trobrianders
Trojan
Trojans
Trollopian
Trotskyism
Trotskyisms
Trotskyist
Trotskyists
Trotskyite
Trotskyites
Truth
Truths
Tsimshian
Tsimshians
Tswana
Tswanas
Tuan
Tuans
Tuareg
Tuaregs
Tucsonan
Tucsonans
Tudor
Tudors
Tuesday
Tuesdays
Tuinal
Tuinals
Tulsan
Tulsans
Tungus
Tunguses
Tungusic
Tunisian
Tunisians
Tupi
Tupian
Tupians
Tupis
Turanian
Turanians
Turcoman
Turcomans
Turinese
Turk
Turki
Turkic
Turkics
Turkis
Turkish
Turkism
Turkisms
Turkman
Turkmen
Turkmenian
Turkmens
Turkoman
Turkomans
Turks
Tuscan
Tuscans
Tuscarora
Tuscaroras
Tusculan
Tutsi
Tutsis
Tutuilan
Tutuilans
Tuvaluan
Tuvaluans
Twenties
Twinkie
Twinkies
Tygon
Tygons
Tylenol
Tylenols
Typhoean
Tyrian
Tyrians
Tyrolean
Tyroleans
Tyrolese
Tyrolian
Ubangi
Ubangis
UFOlogical
UFOlogist
UFOlogists
Ugandan
Ugandans
Ugaritic
Ugli
Uglis
Ugrian
Ugrians
Ugric
Ugrics
Uighur
Uighurs
Uigur
Uigurian
Uiguric
Uigurs
Uitlander
Uitlanders
Ukrainian
Ukrainians
Ulsterite
Ulsterites
Ulsterman
Ulstermen
Ultramontane
Ultramontanes
Ultramontanism
Ultramontanisms
Ultrasuede
Ultrasuedes
Umatilla
Umatillas
Umbrian
Umbrians
Umbundu
Umbundus
Unami
Unamis
Uncial
Uncials
Underground
Undergrounds
Undersecretaries
Undersecretary
Uniat
Uniate
Uniates
Uniatism
Uniatisms
Uniats
Union
Unionism
Unionisms
Unionist
Unionists
Unions
Unitarian
Unitarianism
Unitarianisms
Unitarians
Unities
Unity
Universalism
Universalisms
Universalist
Universalistic
Universalists
UNIX
Untouchable
Untouchables
Upanishad
Upanishadic
Upanishads
Upper
Uralian
Uralic
Uranian
Urartian
Urartians
Urdu
Ursprache
Urspraches
Ursuline
Ursulines
Urtext
Urtexts
Uruguayan
Uruguayans
Ushak
Ushaks
Utahan
Utahans
Utahn
Utahns
Ute
Utes
Utopia
Utopian
Utopianism
Utopianisms
Utopians
Utopias
Uyghur
Uyghurs
Uygur
Uygurs
Uzbeg
Uzbegs
Uzbek
Uzbeks
UZI
Uzi
UZIs
Uzis
Vaishnava
Vaishnavas
Vaishnavism
Vaishnavisms
Vaisya
Vaisyas
Valencia
Valencias
Valenciennes
Valium
Valiums
Valkyrian
Valkyrie
Valkyries
Valois
Valpolicella
Valpolicellas
Valsalva
Valsalvas
Vancouverite
Vancouverites
Vandal
Vandalic
Vandals
Vandyke
Vandykes
Vanir
Vanuatuan
Vanuatuans
VAR
VAr
Varangian
VArs
Varsovian
Varsovians
Vaseline
Vaselines
Vatican
Vaudois
Vaudoix
Veadar
Veadars
Veblenian
Veda
Vedaic
Vedaism
Vedaisms
Vedanta
Vedantas
Vedantic
Vedantism
Vedantisms
Vedantist
Vedantists
Vedas
Vedda
Veddah
Veddahs
Veddas
Veddoid
Veddoids
Vedic
Veep
Veeps
Velcro
Velcros
Venda
Vendas
Vendean
Vendeans
Venerable
Veneti
Venetian
Venetians
Venetic
Venezuelan
Venezuelans
Venite
Venites
Venus
Venuses
Venushair
Venushairs
Venusian
Venusians
Verdian
Vergilian
Vermonter
Vermonters
Veronese
Veronica
Veronicas
Veronique
Version
Versions
Very
Vespers
Vesuvian
Viagra
Viagras
Vichies
Vichy
Victorian
Victoriana
Victorianas
Victorianism
Victorianisms
Victorianization
Victorianizations
Victorianize
Victorianized
Victorianizes
Victorianizing
Victorians
Victrola
Victrolas
Vidicon
Vidicons
Viennese
Vietcong
Vietminh
Vietnamese
Vietnamize
Vietnamized
Vietnamizes
Vietnamizing
Viking
Vikings
Villafranchian
Viminal
Vincentian
Vincentians
Vineyarder
Vineyarders
Viramune
Viramunes
Virgilian
Virgin
Virginian
Virginians
Virgins
Virgo
Virgoan
Virgoans
Virgos
Visayan
Visayans
Vishnuism
Vishnuisms
Visigoth
Visigothic
Visigoths
Visitation
Visitations
Vitalium
Vitaliums
Viyella
Viyellas
Vlach
Vlachs
Vogul
Voguls
Volsci
Volscian
Volscians
Voltairean
Voltairian
Volunteer
Volunteers
Vouvray
Vouvrays
VTOL
Vulcanian
Vulgate
Vulgates
Vycor
Vycors
Wabanaki
Wabanakis
WAC
Wac
Wacs
WAF
Waf
Wafs
Wagnerian
Wagnerians
Wagnerite
Wagnerites
Wahabi
Wahabis
Wahabism
Wahabisms
Wahhabi
Wahhabis
Wahhabism
Wahhabisms
Wahhabite
Wahhabites
Wahpekute
Wahpekutes
Wahpeton
Wahpetons
Wakashan
Walachian
Walachians
Walapai
Walapais
Waldensean
Waldenseans
Waldenses
Waldensian
Waldensians
Waler
Walers
Walkman
Walkmans
Walkyrie
Walkyries
Wallachian
Wallachians
Walloon
Walloons
Walpolian
Walpurgisnacht
Walpurgisnachts
Wampanoag
Wampanoags
WAN
Wappinger
Wappingers
Warden
Wardens
Warholian
Washingtonian
Washingtonians
Washo
Washoe
Washoes
Washos
WASP
Wasp
Waspdom
Waspdoms
WASPier
Waspier
WASPiest
Waspiest
WASPiness
WASPinesses
WASPish
Waspish
WASPishness
Waspishness
WASPishnesses
Waspishnesses
Wasps
WASPy
Waspy
Wassermann
Wassermanns
Watergate
Watergates
Waterloo
Waterloos
WATS
Watteau
Watusi
Watusis
Watutsi
Watutsis
Wave
Waves
Wealthies
Wealthy
Webcast
Webcasting
Webcastings
Webcasts
Weberian
Webmaster
Webmasters
Website
Websites
Webster
Websterian
Websters
Wedgwood
Wedgwoods
Wednesday
Wednesdays
Weimaraner
Weimaraners
Weimarian
Weimarians
Weismannism
Weismannisms
Weissmanism
Weissmanisms
Welch
Wellbutrin
Wellbutrins
Wellerism
Wellerisms
Wellington
Wellingtons
Wellsian
Welsh
Welshman
Welshmen
Welshwoman
Welshwomen
Weltanschauung
Weltanschauungen
Weltanschauungs
Weltschmerz
Weltschmerzes
Wend
Wendish
Wends
Wesleyan
Wesleyanism
Wesleyanisms
Wesleyans
Wesleyism
Wesleyisms
West
Western
Westerner
Westerners
Westernism
Westernisms
Westernization
Westernizations
Westerns
Westie
Westies
Westphalian
Westphalians
Wests
Whig
Whiggeries
Whiggery
Whiggish
Whiggism
Whiggisms
Whigs
Whip
Whips
Whistlerian
White
Whitefieldian
Whitefieldians
Whitefieldite
Whitefieldites
Whites
Whitey
Whiteys
Whitmanesque
Whitmanian
Whitmonday
Whitmondays
Whitsun
Whitsunday
Whitsundays
Whitsuntide
Whitsuntides
Wicca
Wiccan
Wiccans
Wiccas
Wichita
Wichitas
Wiffle
Wiffles
Wildean
Wilhelmine
Wilsonian
Wilton
Wiltons
Wiltshire
Wiltshires
WIMP
Winchester
Winchesters
Windbreaker
Windbreakers
Windcheater
Windcheaters
Windows
Windsor
Windsors
Windsurfer
Windsurfers
Winesap
Winesaps
Winnebago
Winnebagoes
Winnebagos
Winnie
Winnies
Winnipegger
Winnipeggers
Wintel
Wintu
Wintun
Wintuns
Wintus
Wirephoto
Wirephotos
Wisconsinite
Wisconsinites
Witness
Witnesses
Wittgensteinian
Wobblies
Wobbly
Wold
Wolds
Wolof
Wolofs
Wolverine
Wolverines
Wonder
Wonders
Woodman
Woodmen
Wop
Wops
Worcester
Worcesters
Worcestershire
Worcestershires
Word
Words
Wordsworthian
World
Worlds
Worship
Worshipful
Worships
Wren
Wrens
Writings
Wyandot
Wyandots
Wyandotte
Wyandottes
Wycliffian
Wycliffism
Wycliffisms
Wycliffite
Wycliffites
Wyomingite
Wyomingites
WYSIWYG
Xanadu
Xanadus
Xanthippe
Xanthippes
Xantippe
Xantippes
Xer
Xeriscape
Xeriscapes
Xerox
Xeroxed
Xeroxes
Xeroxing
Xers
Xhosa
Xhosas
Xmas
Xmases
Xosa
Xosas
Xylocaine
Xylocaines
YAG
Yahoo
Yahoos
Yahrzeit
Yahrzeits
Yahvism
Yahvisms
Yahvist
Yahvists
Yahwism
Yahwisms
Yahwist
Yahwistic
Yahwists
Yakama
Yakamas
Yakima
Yakimas
Yakut
Yakuts
Yale
Yales
Yamasee
Yamasees
Yangshao
Yank
Yankee
Yankeedom
Yankeedoms
Yankeeism
Yankeeisms
Yankees
Yanks
Yankton
Yanktonai
Yanktonais
Yanktons
Yanomami
Yanomamis
Yanomamo
Yanomamos
Yanqui
Yanquis
Yao
Yaos
Yapese
Yaqui
Yaquis
Yarborough
Yarboroughs
Yat
Yats
Yavapai
Yavapais
Yeatsian
Yemeni
Yemenis
Yemenite
Yemenites
Yeti
Yetis
Yid
Yiddish
Yiddishism
Yiddishisms
Yiddishist
Yiddishists
Yiddishkeit
Yiddishkeits
Yids
Yinglish
Yinglishes
Yizkor
Yizkors
Yoga
Yogas
Yogi
Yogic
Yogis
Yokuts
Yooper
Yoopers
Yorkie
Yorkies
Yorkist
Yorkists
Yorkshire
Yorkshires
Yoruba
Yoruban
Yorubans
Yorubas
Young
Yquem
Yquems
Yucatec
Yucatecan
Yucatecans
Yucatecs
Yuchi
Yuchis
Yuga
Yugas
Yugoslav
Yugoslavian
Yugoslavians
Yugoslavic
Yugoslavs
Yukaghir
Yukaghirs
Yukagir
Yukagirs
Yule
Yules
Yuletide
Yuletides
Yuma
Yuman
Yumans
Yumas
Yunnanese
Yupik
Yupiks
Yuppie
Yuppies
Yurok
Yuroks
Zairean
Zaireans
Zairian
Zairians
Zambezian
Zambian
Zambians
Zamboni
Zambonis
Zantac
Zantacs
Zanzibari
Zanzibaris
Zapotec
Zapotecan
Zapotecs
Zarathustrian
Zarathustrians
Zarathustric
Zealander
Zealanders
Zealot
Zealots
Zeelander
Zeelanders
Zeitgeist
Zeitgeists
Zelig
Zeligs
Zen
Zend
Zendic
Zends
Zenic
Zens
Zephyr
Zephyrs
Zeppelin
Zeppelins
Zimbabwean
Zimbabweans
Zin
Zinfandel
Zinfandels
Zinjanthropus
Zinjanthropuses
Zins
Zion
Zionism
Zionisms
Zionist
Zionistic
Zionists
Zions
ZIP
Ziploc
Ziplocs
Zippo
Zippos
Zircaloy
Zircaloys
Zocor
Zocors
Zohar
Zohars
Zolaesque
Zoloft
Zolofts
Zomig
Zomigs
Zonian
Zonians
Zontian
Zontians
Zoroastrian
Zoroastrianism
Zoroastrianisms
Zoroastrians
Zouave
Zouaves
Zugunruhe
Zugunruhes
Zulu
Zulus
Zuni
Zunian
Zunians
Zunis
Zuricher
Zurichers
Zurvanism
Zurvanisms
Zwinglian
Zwinglianism
Zwinglianisms
Zwinglians
Zyban
Zybans
Zyflo
Zyflos
ZZZ
