ID,Shade,Color,Credits,R,G,B,RGB,CSS,Access,MS
1,Grey,Grey,N,84,84,84,545454,NULL,5526612,NULL
2,Grey,Grey,V,192,192,192,C0C0C0,NULL,12632256,NULL
3,Grey,grey,X,190,190,190,BEBEBE,NULL,12500670,NULL
4,Grey,LightGray,X,211,211,211,D3D3D3,NULL,13882323,NULL
5,Grey,LightSlateGrey,X,119,136,153,778899,789,10061943,1
6,Grey,SlateGray,X,112,128,144,708090,NULL,9470064,1
7,Grey,SlateGray1,X,198,226,255,C6E2FF,NULL,16769734,NULL
8,Grey,SlateGray2,X,185,211,238,B9D3EE,NULL,15651769,NULL
9,Grey,SlateGray3,X,159,182,205,9FB6CD,NULL,13481631,NULL
10,Grey,SlateGray4,X,108,123,139,6C7B8B,NULL,9141100,NULL
11,Grey,Black,"N,V,X",0,0,0,000000,000,0,1
12,Grey,Grey0,X,0,0,0,000000,000,0,NULL
13,Grey,Grey1,X,3,3,3,030303,NULL,197379,NULL
14,Grey,Grey2,X,5,5,5,050505,NULL,328965,NULL
15,Grey,Grey3,X,8,8,8,080808,NULL,526344,NULL
16,Grey,Grey4,X,10,10,10,0A0A0A,NULL,657930,NULL
17,Grey,Grey5,X,13,13,13,0D0D0D,NULL,855309,NULL
18,Grey,Grey6,X,15,15,15,0F0F0F,NULL,986895,NULL
19,Grey,Grey7,X,18,18,18,121212,NULL,1184274,NULL
20,Grey,Grey8,X,20,20,20,141414,NULL,1315860,NULL
21,Grey,Grey9,X,23,23,23,171717,NULL,1513239,NULL
22,Grey,Grey10,X,26,26,26,1A1A1A,NULL,1710618,NULL
23,Grey,Grey11,X,28,28,28,1C1C1C,NULL,1842204,NULL
24,Grey,Grey12,X,31,31,31,1F1F1F,NULL,2039583,NULL
25,Grey,grey13,X,33,33,33,212121,NULL,2171169,NULL
26,Grey,NULL," ",34,34,34,222222,222,2236962,NULL
27,Grey,Grey14,X,36,36,36,242424,NULL,2368548,NULL
28,Grey,Grey15,X,38,38,38,262626,NULL,2500134,NULL
29,Grey,Grey16,X,41,41,41,292929,NULL,2697513,NULL
30,Grey,Grey17,X,43,43,43,2B2B2B,NULL,2829099,NULL
31,Grey,grey18,X,46,46,46,2E2E2E,NULL,3026478,NULL
32,Grey,Grey19,X,48,48,48,303030,NULL,3158064,NULL
33,Grey,Grey20,X,51,51,51,333333,333,3355443,NULL
34,Grey,Grey21,X,54,54,54,363636,NULL,3552822,NULL
35,Grey,Grey22,X,56,56,56,383838,NULL,3684408,NULL
36,Grey,Grey23,X,59,59,59,3B3B3B,NULL,3881787,NULL
37,Grey,Grey24,X,61,61,61,3D3D3D,NULL,4013373,NULL
38,Grey,Grey25,X,64,64,64,404040,NULL,4210752,NULL
39,Grey,Grey26,X,66,66,66,424242,NULL,4342338,NULL
40,Grey,Grey27,X,69,69,69,454545,NULL,4539717,NULL
41,Grey,Grey28,X,71,71,71,474747,NULL,4671303,NULL
42,Grey,Grey29,X,74,74,74,4A4A4A,NULL,4868682,NULL
43,Grey,Grey30,X,77,77,77,4D4D4D,NULL,5066061,NULL
44,Grey,Grey31,X,79,79,79,4F4F4F,NULL,5197647,NULL
45,Grey,Grey32,X,82,82,82,525252,NULL,5395026,NULL
46,Grey,grey33,X,84,84,84,545454,NULL,5526612,NULL
47,Grey,NULL," ",85,85,85,555555,555,5592405,NULL
48,Grey,grey34,X,87,87,87,575757,NULL,5723991,NULL
49,Grey,grey35,X,89,89,89,595959,NULL,5855577,NULL
50,Grey,grey36,X,92,92,92,5C5C5C,NULL,6052956,NULL
51,Grey,grey37,X,94,94,94,5E5E5E,NULL,6184542,NULL
52,Grey,grey38,X,97,97,97,616161,NULL,6381921,NULL
53,Grey,grey39,X,99,99,99,636363,NULL,6513507,NULL
54,Grey,grey40,X,102,102,102,666666,666,6710886,NULL
55,Grey,grey41,X,105,105,105,696969,NULL,6908265,NULL
56,Grey,grey42,X,107,107,107,6B6B6B,NULL,7039851,NULL
57,Grey,grey43,X,110,110,110,6E6E6E,NULL,7237230,NULL
58,Grey,grey44,X,112,112,112,707070,NULL,7368816,NULL
59,Grey,grey45,X,115,115,115,737373,NULL,7566195,NULL
60,Grey,grey46,X,117,117,117,757575,NULL,7697781,NULL
61,Grey,NULL," ",119,119,119,777777,777,7829367,NULL
62,Grey,grey47,X,120,120,120,787878,NULL,7895160,NULL
63,Grey,grey48,X,122,122,122,7A7A7A,NULL,8026746,NULL
64,Grey,grey49,X,125,125,125,7D7D7D,NULL,8224125,NULL
65,Grey,grey50,X,127,127,127,7F7F7F,NULL,8355711,NULL
66,Grey,grey51,X,130,130,130,828282,NULL,8553090,NULL
67,Grey,grey52,X,133,133,133,858585,NULL,8750469,NULL
68,Grey,grey53,X,135,135,135,878787,NULL,8882055,NULL
69,Grey,NULL," ",136,136,136,888888,888,8947848,NULL
70,Grey,grey54,X,138,138,138,8A8A8A,NULL,9079434,NULL
71,Grey,grey55,X,140,140,140,8C8C8C,NULL,9211020,NULL
72,Grey,grey56,X,143,143,143,8F8F8F,NULL,9408399,NULL
73,Grey,grey57,X,145,145,145,919191,NULL,9539985,NULL
74,Grey,grey58,X,148,148,148,949494,NULL,9737364,NULL
75,Grey,grey59,X,150,150,150,969696,NULL,9868950,NULL
76,Grey,grey60,X,153,153,153,999999,999,10066329,NULL
77,Grey,grey61,X,156,156,156,9C9C9C,NULL,10263708,NULL
78,Grey,grey62,X,158,158,158,9E9E9E,NULL,10395294,NULL
79,Grey,grey63,X,161,161,161,A1A1A1,NULL,10592673,NULL
80,Grey,grey64,X,163,163,163,A3A3A3,NULL,10724259,NULL
81,Grey,grey65,X,166,166,166,A6A6A6,NULL,10921638,NULL
82,Grey,grey66,X,168,168,168,A8A8A8,NULL,11053224,NULL
83,Grey,grey67,X,171,171,171,ABABAB,NULL,11250603,NULL
84,Grey,grey68,X,173,173,173,ADADAD,NULL,11382189,NULL
85,Grey,grey69,X,176,176,176,B0B0B0,NULL,11579568,NULL
86,Grey,grey70,X,179,179,179,B3B3B3,NULL,11776947,NULL
87,Grey,grey71,X,181,181,181,B5B5B5,NULL,11908533,NULL
88,Grey,grey72,X,184,184,184,B8B8B8,NULL,12105912,NULL
89,Grey,NULL," ",187,187,187,BBBBBB,bbb,12303291,NULL
90,Grey,grey73,X,186,186,186,BABABA,NULL,12237498,NULL
91,Grey,grey74,X,189,189,189,BDBDBD,NULL,12434877,NULL
92,Grey,grey75,X,191,191,191,BFBFBF,NULL,12566463,NULL
93,Grey,grey76,X,194,194,194,C2C2C2,NULL,12763842,NULL
94,Grey,grey77,X,196,196,196,C4C4C4,NULL,12895428,NULL
95,Grey,grey78,X,199,199,199,C7C7C7,NULL,13092807,NULL
96,Grey,grey79,X,201,201,201,C9C9C9,NULL,13224393,NULL
97,Grey,grey80,X,204,204,204,CCCCCC,ccc,13421772,NULL
98,Grey,grey81,X,207,207,207,CFCFCF,NULL,13619151,NULL
99,Grey,grey82,X,209,209,209,D1D1D1,NULL,13750737,NULL
100,Grey,grey83,X,212,212,212,D4D4D4,NULL,13948116,NULL
101,Grey,grey84,X,214,214,214,D6D6D6,NULL,14079702,NULL
102,Grey,grey85,X,217,217,217,D9D9D9,NULL,14277081,NULL
103,Grey,grey86,X,219,219,219,DBDBDB,NULL,14408667,NULL
104,Grey,grey87,X,222,222,222,DEDEDE,NULL,14606046,NULL
105,Grey,NULL," ",221,221,221,DDDDDD,ddd,14540253,NULL
106,Grey,grey88,X,224,224,224,E0E0E0,NULL,14737632,NULL
107,Grey,grey89,X,227,227,227,E3E3E3,NULL,14935011,NULL
108,Grey,grey90,X,229,229,229,E5E5E5,NULL,15066597,NULL
109,Grey,grey91,X,232,232,232,E8E8E8,NULL,15263976,NULL
110,Grey,grey92,X,235,235,235,EBEBEB,NULL,15461355,NULL
111,Grey,grey93,X,237,237,237,EDEDED,NULL,15592941,NULL
112,Grey,NULL," ",238,238,238,EEEEEE,eee,15658734,NULL
113,Grey,grey94,X,240,240,240,F0F0F0,NULL,15790320,NULL
114,Grey,grey95,X,242,242,242,F2F2F2,NULL,15921906,NULL
115,Grey,grey96,X,245,245,245,F5F5F5,NULL,16119285,NULL
116,Grey,grey97,X,247,247,247,F7F7F7,NULL,16250871,NULL
117,Grey,grey98,X,250,250,250,FAFAFA,NULL,16448250,NULL
118,Grey,grey99,X,252,252,252,FCFCFC,NULL,16579836,NULL
119,Grey,grey100,X,255,255,255,FFFFFF,fff,16777215,NULL
121,Grey,DimGrey,N,84,84,84,545454,NULL,5526612,NULL
122,Grey,Very Light Grey,N,205,205,205,CDCDCD,NULL,13487565,NULL
123,Grey,Free Speech Grey,F,99,86,136,635688,NULL,8935011,NULL
124,Blue,AliceBlue,X,240,248,255,F0F8FF,NULL,16775408,1
125,Blue,BlueViolet,X,138,43,226,8A2BE2,NULL,14822282,1
126,Blue,Cadet Blue,N,95,159,159,5F9F9F,NULL,10461023,NULL
127,Blue,CadetBlue,X,95,158,160,5F9EA0,NULL,10526303,1
128,Blue,CadetBlue,X,95,158,160,5F9EA0,NULL,10526303,1
129,Blue,CadetBlue1,X,152,245,255,98F5FF,NULL,16774552,NULL
130,Blue,CadetBlue2,X,142,229,238,8EE5EE,NULL,15656334,NULL
131,Blue,CadetBlue3,X,122,197,205,7AC5CD,NULL,13485434,NULL
132,Blue,CadetBlue4,X,83,134,139,53868B,NULL,9143891,NULL
133,Blue,Corn Flower Blue,N,66,66,111,42426F,NULL,7291458,NULL
134,Blue,CornflowerBlue,X,100,149,237,6495ED,NULL,15570276,1
135,Blue,DarkSlateBlue,X,72,61,139,483D8B,NULL,9125192,1
136,Blue,DarkTurquoise,X,0,206,209,00CED1,NULL,13749760,1
137,Blue,DeepSkyBlue,X,0,191,255,00BFFF,NULL,16760576,1
138,Blue,DeepSkyBlue1,X,0,191,255,00BFFF,NULL,16760576,NULL
139,Blue,DeepSkyBlue2,X,0,178,238,00B2EE,NULL,15643136,NULL
140,Blue,DeepSkyBlue3,X,0,154,205,009ACD,NULL,13474304,NULL
141,Blue,DeepSkyBlue4,X,0,104,139,00688B,NULL,9136128,NULL
142,Blue,DodgerBlue,X,30,144,255,1E90FF,NULL,16748574,1
143,Blue,DodgerBlue1,X,30,144,255,1E90FF,NULL,16748574,NULL
144,Blue,DodgerBlue2,X,28,134,238,1C86EE,NULL,15631900,NULL
145,Blue,Dodgerblue 3,X,24,116,205,1874CD,NULL,13464600,NULL
146,Blue,DodgerBlue4,X,16,78,139,104E8B,NULL,9129488,NULL
147,Blue,NULL," ",170,187,204,AABBCC,abc,13417386,NULL
148,Blue,LightBlue,X,173,216,230,ADD8E6,NULL,15128749,1
149,Blue,LightBlue1,X,191,239,255,BFEFFF,NULL,16773055,NULL
150,Blue,LightBlue2,X,178,223,238,B2DFEE,NULL,15654834,NULL
151,Blue,LightBlue3,X,154,192,205,9AC0CD,NULL,13484186,NULL
152,Blue,LightBlue4,X,104,131,139,68838B,NULL,9143144,NULL
153,Blue,LightCyan,X,224,255,255,E0FFFF,NULL,16777184,1
154,Blue,LightCyan1,X,224,255,255,E0FFFF,NULL,16777184,NULL
155,Blue,LightCyan2,X,209,238,238,D1EEEE,NULL,15658705,NULL
156,Blue,LightCyan3,X,180,205,205,B4CDCD,NULL,13487540,NULL
157,Blue,LightCyan4,X,122,139,139,7A8B8B,NULL,9145210,NULL
158,Blue,LightSkyBlue,X,135,206,250,87CEFA,NULL,16436871,1
159,Blue,LightSkyBlue1,X,176,226,255,B0E2FF,NULL,16769712,NULL
160,Blue,LightSkyBlue2,X,164,211,238,A4D3EE,NULL,15651748,NULL
161,Blue,LightSkyBlue3,X,141,182,205,8DB6CD,NULL,13481613,NULL
162,Blue,LightSkyBlue4,X,96,123,139,607B8B,NULL,9141088,NULL
163,Blue,LightSlateBlue,X,132,112,255,8470FF,NULL,16740484,NULL
164,Blue,NULL," ",153,204,255,99CCFF,9cf,16764057,NULL
165,Blue,LightSteelBlue,X,176,196,222,B0C4DE,NULL,14599344,1
166,Blue,LightSteelBlue1,X,202,225,255,CAE1FF,NULL,16769482,NULL
167,Blue,LightSteelBlue2,X,188,210,238,BCD2EE,NULL,15651516,NULL
168,Blue,LightSteelBlue3,X,162,181,205,A2B5CD,NULL,13481378,NULL
169,Blue,LightSteelBlue4,X,110,123,139,6E7B8B,NULL,9141102,NULL
170,Blue,Aquamarine,N,112,219,147,70DB93,NULL,9689968,NULL
171,Blue,MediumBlue,X,0,0,205,0000CD,NULL,13434880,1
172,Blue,MediumSlateBlue,X,123,104,238,7B68EE,NULL,15624315,1
173,Blue,MediumTurquoise,X,72,209,204,48D1CC,NULL,13422920,1
174,Blue,MidnightBlue,X,25,25,112,191970,NULL,7346457,1
175,Blue,NavyBlue,X,0,0,128,000080,NULL,8388608,NULL
176,Blue,PaleTurquoise,X,175,238,238,AFEEEE,NULL,15658671,1
177,Blue,PaleTurquoise1,X,187,255,255,BBFFFF,bff,16777147,NULL
178,Blue,PaleTurquoise2,X,174,238,238,AEEEEE,NULL,15658670,NULL
179,Blue,PaleTurquoise3,X,150,205,205,96CDCD,NULL,13487510,NULL
180,Blue,PaleTurquoise4,X,102,139,139,668B8B,NULL,9145190,NULL
181,Blue,PowderBlue,X,176,224,230,B0E0E6,NULL,15130800,1
182,Blue,RoyalBlue,X,65,105,225,4169E1,NULL,14772545,1
183,Blue,RoyalBlue1,X,72,118,255,4876FF,NULL,16741960,NULL
184,Blue,RoyalBlue2,X,67,110,238,436EEE,NULL,15625795,NULL
185,Blue,RoyalBlue3,X,58,95,205,3A5FCD,NULL,13459258,NULL
186,Blue,RoyalBlue4,X,39,64,139,27408B,NULL,9125927,NULL
187,Blue,RoyalBlue5,X,0,34,102,002266,026,6693376,NULL
188,Blue,SkyBlue,X,135,206,235,87CEEB,NULL,15453831,1
189,Blue,SkyBlue1,X,135,206,255,87CEFF,NULL,16764551,NULL
190,Blue,SkyBlue2,X,126,192,238,7EC0EE,NULL,15646846,NULL
191,Blue,SkyBlue3,X,108,166,205,6CA6CD,NULL,13477484,NULL
192,Blue,SkyBlue4,X,74,112,139,4A708B,NULL,9138250,NULL
193,Blue,SlateBlue,X,106,90,205,6A5ACD,NULL,13458026,1
194,Blue,SlateBlue1,X,131,111,255,836FFF,NULL,16740227,NULL
195,Blue,SlateBlue2,X,122,103,238,7A67EE,NULL,15624058,NULL
196,Blue,SlateBlue3,X,105,89,205,6959CD,NULL,13457769,NULL
197,Blue,SlateBlue4,X,71,60,139,473C8B,NULL,9124935,NULL
198,Blue,SteelBlue,X,70,130,180,4682B4,NULL,11829830,1
199,Blue,SteelBlue1,X,99,184,255,63B8FF,NULL,16758883,NULL
200,Blue,SteelBlue2,X,92,172,238,5CACEE,NULL,15641692,NULL
201,Blue,SteelBlue3,X,79,148,205,4F94CD,NULL,13472847,NULL
202,Blue,SteelBlue4,X,54,100,139,36648B,NULL,9135158,NULL
203,Blue,NULL," ",51,102,153,336699,369,10053171,NULL
204,Blue,NULL," ",51,153,204,3399CC,39c,13408563,NULL
205,Blue,NULL," ",102,153,204,6699CC,69c,13408614,NULL
206,Blue,aquamarine,X,127,255,212,7FFFD4,NULL,13959039,1
207,Blue,aquamarine1,X,127,255,212,7FFFD4,NULL,13959039,NULL
208,Blue,aquamarine2,X,118,238,198,76EEC6,NULL,13037174,NULL
209,Blue,aquamarine3,X,102,205,170,66CDAA,NULL,11193702,NULL
210,Blue,Aquamarine4,X,69,139,116,458B74,NULL,7637829,NULL
211,Blue,azure,X,240,255,255,F0FFFF,NULL,16777200,1
212,Blue,azure1,X,240,255,255,F0FFFF,NULL,16777200,NULL
213,Blue,azure2,X,224,238,238,E0EEEE,NULL,15658720,NULL
214,Blue,azure3,X,193,205,205,C1CDCD,NULL,13487553,NULL
215,Blue,azure4,X,131,139,139,838B8B,NULL,9145219,NULL
216,Blue,Blue,"N,V,X",0,0,255,0000FF,00f,16711680,1
217,Blue,Blue1,X,0,0,255,0000FF,00f,16711680,NULL
218,Blue,Blue2,X,0,0,238,0000EE,00e,15597568,NULL
219,Blue,Blue3,X,0,0,205,0000CD,NULL,13434880,NULL
220,Blue,Blue4,X,0,0,139,00008B,NULL,9109504,NULL
221,Blue,Aqua,V,0,255,255,00FFFF,0ff,16776960,1
222,Blue,True Iris Blue," ",3,180,204,03B4CC,NULL,13415427,NULL
223,Blue,Cyan,"N,X",0,255,255,00FFFF,0ff,16776960,1
224,Blue,Cyan1,X,0,255,255,00FFFF,0ff,16776960,NULL
225,Blue,Cyan2,X,0,238,238,00EEEE,0ee,15658496,NULL
226,Blue,Cyan3,X,0,205,205,00CDCD,NULL,13487360,NULL
227,Blue,Cyan4,X,0,139,139,008B8B,NULL,9145088,NULL
228,Blue,Navy,"V,X",0,0,128,000080,NULL,8388608,1
229,Blue,Teal,V,0,128,128,008080,NULL,8421376,1
230,Blue,turquoise,X,64,224,208,40E0D0,NULL,13688896,1
231,Blue,Turquoise1,X,0,245,255,00F5FF,NULL,16774400,NULL
232,Blue,Turquoise2,X,0,229,238,00E5EE,NULL,15656192,NULL
233,Blue,Turquoise3,X,0,197,205,00C5CD,NULL,13485312,NULL
235,Blue,DarkSlateGray,X,47,79,79,2F4F4F,NULL,5197615,1
236,Blue,DarkSlateGray1,X,151,255,255,97FFFF,NULL,16777111,NULL
237,Blue,DarkSlateGray2,X,141,238,238,8DEEEE,NULL,15658637,NULL
238,Blue,DarkSlateGray3,X,121,205,205,79CDCD,NULL,13487481,NULL
239,Blue,DarkSlateGray4,X,82,139,139,528B8B,NULL,9145170,NULL
240,Blue,Dark Slate Blue,N,36,24,130,241882,NULL,8525860,NULL
241,Blue,Dark Turquoise,N,112,147,219,7093DB,NULL,14390128,NULL
242,Blue,Medium Slate Blue,N,127,0,255,7F00FF,NULL,16711807,NULL
243,Blue,Medium Turquoise,N,112,219,219,70DBDB,NULL,14408560,NULL
244,Blue,Midnight Blue,N,47,47,79,2F2F4F,NULL,5189423,NULL
245,Blue,Navy Blue,N,35,35,142,23238E,NULL,9315107,NULL
246,Blue,Neon Blue,N,77,77,255,4D4DFF,NULL,16731469,NULL
247,Blue,New Midnight Blue,N,0,0,156,00009C,NULL,10223616,NULL
248,Blue,Rich Blue,N,89,89,171,5959AB,NULL,11229529,NULL
249,Blue,Sky Blue,N,50,153,204,3299CC,NULL,13408562,NULL
250,Blue,Slate Blue,N,0,127,255,007FFF,NULL,16744192,NULL
251,Blue,Summer Sky,N,56,176,222,38B0DE,NULL,14594104,NULL
252,Blue,Iris Blue," ",3,180,200,03B4C8,NULL,13153283,NULL
253,Blue,Free Speech Blue,F,65,86,197,4156C5,NULL,12932673,NULL
254,Brown,RosyBrown,X,188,143,143,BC8F8F,NULL,9408444,1
255,Brown,RosyBrown1,X,255,193,193,FFC1C1,NULL,12698111,NULL
256,Brown,RosyBrown2,X,238,180,180,EEB4B4,NULL,11842798,NULL
257,Brown,RosyBrown3,X,205,155,155,CD9B9B,NULL,10197965,NULL
258,Brown,RosyBrown4,X,139,105,105,8B6969,NULL,6908299,NULL
259,Brown,SaddleBrown,X,139,69,19,8B4513,NULL,1262987,1
260,Brown,SandyBrown,X,244,164,96,F4A460,NULL,6333684,1
261,Brown,beige,X,245,245,220,F5F5DC,NULL,14480885,1
262,Brown,brown,X,165,42,42,A52A2A,NULL,2763429,1
263,Brown,brown,N,166,42,42,A62A2A,NULL,2763430,NULL
264,Brown,brown1,X,255,64,64,FF4040,NULL,4210943,NULL
265,Brown,brown2,X,238,59,59,EE3B3B,NULL,3881966,NULL
266,Brown,brown3,X,205,51,51,CD3333,NULL,3355597,NULL
267,Brown,brown4,X,139,35,35,8B2323,NULL,2302859,NULL
268,Brown,dark brown,N,92,64,51,5C4033,NULL,3358812,NULL
269,Brown,burlywood,X,222,184,135,DEB887,NULL,8894686,1
270,Brown,burlywood1,X,255,211,155,FFD39B,NULL,10212351,NULL
271,Brown,burlywood2,X,238,197,145,EEC591,NULL,9553390,NULL
272,Brown,burlywood3,X,205,170,125,CDAA7D,NULL,8235725,NULL
273,Brown,burlywood4,X,139,115,85,8B7355,NULL,5600139,NULL
274,Brown,baker's chocolate,N,92,51,23,5C3317,NULL,1520476,NULL
275,Brown,chocolate,X,210,105,30,D2691E,NULL,1993170,1
276,Brown,chocolate1,X,255,127,36,FF7F24,NULL,2392063,NULL
277,Brown,chocolate2,X,238,118,33,EE7621,NULL,2193134,NULL
278,Brown,chocolate3,X,205,102,29,CD661D,NULL,1926861,NULL
279,Brown,chocolate4,X,139,69,19,8B4513,NULL,1262987,NULL
280,Brown,peru,X,205,133,63,CD853F,NULL,4163021,1
281,Brown,tan,X,210,180,140,D2B48C,NULL,9221330,1
282,Brown,tan1,X,255,165,79,FFA54F,NULL,5219839,NULL
283,Brown,tan2,X,238,154,73,EE9A49,NULL,4823790,NULL
284,Brown,tan3,X,205,133,63,CD853F,NULL,4163021,NULL
285,Brown,tan4,X,139,90,43,8B5A2B,NULL,2841227,NULL
286,Brown,Dark Tan,N,151,105,79,97694F,NULL,5204375,NULL
287,Brown,Dark Wood,N,133,94,66,855E42,NULL,4349573,NULL
288,Brown,Light Wood,N,133,99,99,856363,NULL,6513541,NULL
289,Brown,Medium Wood,N,166,128,100,A68064,NULL,6586534,NULL
290,Brown,New Tan,N,235,199,158,EBC79E,NULL,10405867,NULL
291,Brown,Semi-Sweet Chocolate,N,107,66,38,6B4226,NULL,2507371,NULL
292,Brown,Sienna,N,142,107,35,8E6B23,NULL,2321294,NULL
293,Brown,Tan,N,219,147,112,DB9370,NULL,7377883,NULL
294,Brown,Very Dark Brown,N,92,64,51,5C4033,NULL,3358812,NULL
295,Green,Dark Green,N,47,79,47,2F4F2F,NULL,3100463,NULL
296,Green,DarkGreen,X,0,100,0,006400,NULL,25600,1
297,Green,dark green copper,N,74,118,110,4A766E,NULL,7239242,NULL
298,Green,DarkKhaki,X,189,183,107,BDB76B,NULL,7059389,1
299,Green,DarkOliveGreen,X,85,107,47,556B2F,NULL,3107669,1
300,Green,DarkOliveGreen1,X,202,255,112,CAFF70,NULL,7405514,NULL
301,Green,DarkOliveGreen2,X,188,238,104,BCEE68,NULL,6876860,NULL
302,Green,DarkOliveGreen3,X,162,205,90,A2CD5A,NULL,5950882,NULL
303,Green,DarkOliveGreen4,X,110,139,61,6E8B3D,NULL,4033390,NULL
304,Green,olive,V,128,128,0,808000,NULL,32896,1
305,Green,DarkSeaGreen,X,143,188,143,8FBC8F,NULL,9419919,1
306,Green,DarkSeaGreen1,X,193,255,193,C1FFC1,NULL,12713921,NULL
307,Green,DarkSeaGreen2,X,180,238,180,B4EEB4,NULL,11857588,NULL
308,Green,DarkSeaGreen3,X,155,205,155,9BCD9B,NULL,10210715,NULL
309,Green,DarkSeaGreen4,X,105,139,105,698B69,NULL,6916969,NULL
310,Green,ForestGreen,X,34,139,34,228B22,NULL,2263842,1
311,Green,GreenYellow,X,173,255,47,ADFF2F,NULL,3145645,1
312,Green,LawnGreen,X,124,252,0,7CFC00,NULL,64636,1
313,Green,LightSeaGreen,X,32,178,170,20B2AA,NULL,11186720,1
314,Green,LimeGreen,X,50,205,50,32CD32,NULL,3329330,1
315,Green,MediumSeaGreen,X,60,179,113,3CB371,NULL,7451452,1
316,Green,MediumSpringGreen,X,0,250,154,00FA9A,NULL,10156544,1
317,Green,MintCream,X,245,255,250,F5FFFA,NULL,16449525,1
318,Green,OliveDrab,X,107,142,35,6B8E23,NULL,2330219,1
319,Green,OliveDrab1,X,192,255,62,C0FF3E,NULL,4128704,NULL
320,Green,OliveDrab2,X,179,238,58,B3EE3A,NULL,3862195,NULL
321,Green,OliveDrab3,X,154,205,50,9ACD32,NULL,3329434,NULL
322,Green,OliveDrab4,X,105,139,34,698B22,NULL,2263913,NULL
323,Green,PaleGreen,X,152,251,152,98FB98,NULL,10025880,1
324,Green,PaleGreen1,X,154,255,154,9AFF9A,NULL,10157978,NULL
325,Green,PaleGreen2,X,144,238,144,90EE90,NULL,9498256,NULL
326,Green,PaleGreen3,X,124,205,124,7CCD7C,NULL,8179068,NULL
327,Green,PaleGreen4,X,84,139,84,548B54,NULL,5540692,NULL
328,Green,SeaGreen,X,46,139,87,2E8B57,NULL,5737262,1
329,Green,SeaGreen1,X,84,255,159,54FF9F,NULL,10485588,NULL
330,Green,SeaGreen2,X,78,238,148,4EEE94,NULL,9760334,NULL
331,Green,SeaGreen3,X,67,205,128,43CD80,NULL,8441155,NULL
332,Green,SpringGreen,X,0,255,127,00FF7F,NULL,8388352,1
333,Green,SpringGreen1,X,0,255,127,00FF7F,NULL,8388352,NULL
334,Green,SpringGreen2,X,0,238,118,00EE76,NULL,7794176,NULL
335,Green,SpringGreen3,X,0,205,102,00CD66,NULL,6737152,NULL
336,Green,SpringGreen4,X,0,139,69,008B45,NULL,4557568,NULL
337,Green,YellowGreen,X,154,205,50,9ACD32,NULL,3329434,1
338,Green,chartreuse,X,127,255,0,7FFF00,NULL,65407,1
339,Green,chartreuse1,X,127,255,0,7FFF00,NULL,65407,NULL
340,Green,chartreuse2,X,118,238,0,76EE00,NULL,61046,NULL
341,Green,chartreuse3,X,102,205,0,66CD00,NULL,52582,NULL
342,Green,Chartreuse4,X,69,139,0,458B00,NULL,35653,NULL
343,Green,Green,"N,X",0,255,0,00FF00,0f0,65280,NULL
344,Green,Green,V,0,128,0,008000,NULL,32768,1
345,Green,Lime,V,0,255,0,00FF00,0f0,65280,1
346,Green,Green1,X,0,255,0,00FF00,0f0,65280,NULL
347,Green,Green2,X,0,238,0,00EE00,0e0,60928,NULL
348,Green,Green3,X,0,205,0,00CD00,NULL,52480,NULL
349,Green,Green4,X,0,139,0,008B00,NULL,35584,NULL
350,Green,khaki,X,240,230,140,F0E68C,NULL,9234160,1
351,Green,khaki1,X,255,246,143,FFF68F,NULL,9434879,NULL
352,Green,khaki2,X,238,230,133,EEE685,NULL,8775406,NULL
353,Green,khaki3,X,205,198,115,CDC673,NULL,7587533,NULL
354,Green,khaki4,X,139,134,78,8B864E,NULL,5146251,NULL
355,Green,Dark Olive Green,N,79,79,47,4F4F2F,NULL,3100495,NULL
356,Green,Green Yellow [sic],N,209,146,117,D19275,NULL,7705297,NULL
357,Green,Hunter Green [sic],N,142,35,35,8E2323,NULL,2302862,NULL
358,Green,Forest Green,N,35,142,35,238E23,NULL,2330147,NULL
359,Green,Medium Forest Green,N,219,219,112,DBDB70,NULL,7396315,NULL
360,Green,Medium Sea Green,N,66,111,66,426F42,NULL,4353858,NULL
361,Green,Medium Spring Green,N,127,255,0,7FFF00,NULL,65407,NULL
362,Green,Pale Green,N,143,188,143,8FBC8F,NULL,9419919,NULL
363,Green,Sea Green,N,35,142,104,238E68,NULL,6852131,NULL
365,Green,Free Speech Green,F,9,249,17,09F911,NULL,1177865,NULL
366,Green,Free Speech Aquamarine,F,2,157,116,029D74,NULL,7642370,NULL
367,Orange,DarkOrange,X,255,140,0,FF8C00,NULL,36095,1
368,Orange,DarkOrange1,X,255,127,0,FF7F00,NULL,32767,NULL
369,Orange,DarkOrange2,X,238,118,0,EE7600,NULL,30446,NULL
370,Orange,DarkOrange3,X,205,102,0,CD6600,NULL,26317,NULL
371,Orange,DarkOrange4,X,139,69,0,8B4500,NULL,17803,NULL
372,Orange,DarkSalmon,X,233,150,122,E9967A,NULL,8034025,1
373,Orange,LightCoral,X,240,128,128,F08080,NULL,8421616,1
374,Orange,LightSalmon,X,255,160,122,FFA07A,NULL,8036607,1
375,Orange,LightSalmon1,X,255,160,122,FFA07A,NULL,8036607,NULL
376,Orange,LightSalmon2,X,238,149,114,EE9572,NULL,7509486,NULL
377,Orange,LightSalmon3,X,205,129,98,CD8162,NULL,6455757,NULL
378,Orange,LightSalmon4,X,139,87,66,8B5742,NULL,4347787,NULL
379,Orange,PeachPuff,X,255,218,185,FFDAB9,NULL,12180223,1
380,Orange,PeachPuff1,X,255,218,185,FFDAB9,NULL,12180223,NULL
381,Orange,PeachPuff2,X,238,203,173,EECBAD,NULL,11389934,NULL
382,Orange,PeachPuff3,X,205,175,149,CDAF95,NULL,9809869,NULL
383,Orange,PeachPuff4,X,139,119,101,8B7765,NULL,6649739,NULL
384,Orange,bisque,X,255,228,196,FFE4C4,NULL,12903679,1
385,Orange,bisque1,X,255,228,196,FFE4C4,NULL,12903679,NULL
386,Orange,bisque2,X,238,213,183,EED5B7,NULL,12047854,NULL
387,Orange,bisque3,X,205,183,158,CDB79E,NULL,10401741,NULL
388,Orange,bisque4,X,139,125,107,8B7D6B,NULL,7044491,NULL
389,Orange,coral,N,255,127,0,FF7F00,NULL,32767,NULL
390,Orange,coral,X,255,127,80,FF7F50,NULL,5275647,1
391,Orange,coral1,X,255,114,86,FF7256,NULL,5665535,NULL
392,Orange,coral2,X,238,106,80,EE6A50,NULL,5270254,NULL
393,Orange,coral3,X,205,91,69,CD5B45,NULL,4545485,NULL
394,Orange,coral4,X,139,62,47,8B3E2F,NULL,3096203,NULL
395,Orange,honeydew,X,240,255,240,F0FFF0,NULL,15794160,1
396,Orange,honeydew1,X,240,255,240,F0FFF0,NULL,15794160,NULL
397,Orange,honeydew2,X,224,238,224,E0EEE0,NULL,14741216,NULL
398,Orange,honeydew3,X,193,205,193,C1CDC1,NULL,12701121,NULL
399,Orange,honeydew4,X,131,139,131,838B83,NULL,8620931,NULL
400,Orange,orange,X,255,165,0,FFA500,NULL,42495,1
401,Orange,orange1,X,255,165,0,FFA500,NULL,42495,NULL
402,Orange,orange2,X,238,154,0,EE9A00,NULL,39662,NULL
403,Orange,orange3,X,205,133,0,CD8500,NULL,34253,NULL
404,Orange,orange4,X,139,90,0,8B5A00,NULL,23179,NULL
405,Orange,salmon,X,250,128,114,FA8072,NULL,7504122,1
406,Orange,salmon1,X,255,140,105,FF8C69,NULL,6917375,NULL
407,Orange,salmon2,X,238,130,98,EE8262,NULL,6456046,NULL
408,Orange,salmon3,X,205,112,84,CD7054,NULL,5533901,NULL
409,Orange,salmon4,X,139,76,57,8B4C39,NULL,3755147,NULL
410,Orange,sienna,X,160,82,45,A0522D,NULL,2970272,1
411,Orange,sienna1,X,255,130,71,FF8247,NULL,4686591,NULL
412,Orange,sienna2,X,238,121,66,EE7942,NULL,4356590,NULL
413,Orange,sienna3,X,205,104,57,CD6839,NULL,3762381,NULL
414,Orange,sienna4,X,139,71,38,8B4726,NULL,2508683,NULL
415,Orange,Mandarian Orange,N,142,35,35,8E2323,NULL,2302862,NULL
416,Orange,Orange,N,255,127,0,FF7F00,NULL,32767,NULL
417,Orange,Orange Red,N,255,36,0,FF2400,NULL,9471,NULL
418,Red,DeepPink,X,255,20,147,FF1493,NULL,9639167,1
419,Red,DeepPink1,X,255,20,147,FF1493,NULL,9639167,NULL
420,Red,DeepPink2,X,238,18,137,EE1289,NULL,8983278,NULL
421,Red,DeepPink3,X,205,16,118,CD1076,NULL,7737549,NULL
422,Red,DeepPink4,X,139,10,80,8B0A50,NULL,5245579,NULL
423,Red,HotPink,X,255,105,180,FF69B4,NULL,11823615,1
424,Red,HotPink1,X,255,110,180,FF6EB4,NULL,11824895,NULL
425,Red,HotPink2,X,238,106,167,EE6AA7,NULL,10971886,NULL
426,Red,HotPink3,X,205,96,144,CD6090,NULL,9461965,NULL
427,Red,HotPink4,X,139,58,98,8B3A62,NULL,6437515,NULL
428,Red,IndianRed,X,205,92,92,CD5C5C,NULL,6053069,1
429,Red,IndianRed1,X,255,106,106,FF6A6A,NULL,6974207,NULL
430,Red,IndianRed2,X,238,99,99,EE6363,NULL,6513646,NULL
431,Red,IndianRed3,X,205,85,85,CD5555,NULL,5592525,NULL
432,Red,IndianRed4,X,139,58,58,8B3A3A,NULL,3816075,NULL
433,Red,LightPink,X,255,182,193,FFB6C1,NULL,12695295,1
434,Red,LightPink1,X,255,174,185,FFAEB9,NULL,12168959,NULL
435,Red,LightPink2,X,238,162,173,EEA2AD,NULL,11379438,NULL
436,Red,LightPink3,X,205,140,149,CD8C95,NULL,9800909,NULL
437,Red,LightPink4,X,139,95,101,8B5F65,NULL,6643595,NULL
438,Red,MediumVioletRed,X,199,21,133,C71585,NULL,8721863,1
439,Red,MistyRose,X,255,228,225,FFE4E1,NULL,14804223,1
440,Red,MistyRose1,X,255,228,225,FFE4E1,NULL,14804223,NULL
441,Red,MistyRose2,X,238,213,210,EED5D2,NULL,13817326,NULL
442,Red,MistyRose3,X,205,183,181,CDB7B5,NULL,11909069,NULL
443,Red,MistyRose4,X,139,125,123,8B7D7B,NULL,8093067,NULL
444,Red,OrangeRed,X,255,69,0,FF4500,NULL,17919,1
445,Red,OrangeRed1,X,255,69,0,FF4500,NULL,17919,NULL
446,Red,OrangeRed2,X,238,64,0,EE4000,NULL,16622,NULL
447,Red,OrangeRed3,X,205,55,0,CD3700,NULL,14285,NULL
448,Red,OrangeRed4,X,139,37,0,8B2500,NULL,9611,NULL
449,Red,PaleVioletRed,X,219,112,147,DB7093,NULL,9662683,1
450,Red,PaleVioletRed1,X,255,130,171,FF82AB,NULL,11240191,NULL
451,Red,PaleVioletRed2,X,238,121,159,EE799F,NULL,10451438,NULL
452,Red,PaleVioletRed3,X,205,104,137,CD6889,NULL,9005261,NULL
453,Red,PaleVioletRed4,X,139,71,93,8B475D,NULL,6113163,NULL
454,Red,VioletRed,X,208,32,144,D02090,NULL,9445584,NULL
455,Red,VioletRed1,X,255,62,150,FF3E96,NULL,9846527,NULL
456,Red,VioletRed2,X,238,58,140,EE3A8C,NULL,9190126,NULL
457,Red,VioletRed3,X,205,50,120,CD3278,NULL,7877325,NULL
458,Red,VioletRed4,X,139,34,82,8B2252,NULL,5382795,NULL
459,Red,firebrick,X,178,34,34,B22222,NULL,2237106,1
460,Red,firebrick1,X,255,48,48,FF3030,NULL,3158271,NULL
461,Red,firebrick2,X,238,44,44,EE2C2C,NULL,2895086,NULL
462,Red,firebrick3,X,205,38,38,CD2626,NULL,2500301,NULL
463,Red,firebrick4,X,139,26,26,8B1A1A,NULL,1710731,NULL
464,Red,pink,X,255,192,203,FFC0CB,NULL,13353215,1
465,Red,pink1,X,255,181,197,FFB5C5,NULL,12957183,NULL
466,Red,pink2,X,238,169,184,EEA9B8,NULL,12102126,NULL
467,Red,pink3,X,205,145,158,CD919E,NULL,10392013,NULL
468,Red,pink4,X,139,99,108,8B636C,NULL,7103371,NULL
469,Red,Flesh,N,245,204,176,F5CCB0,NULL,11586805,NULL
470,Red,Feldspar,N,209,146,117,D19275,NULL,7705297,NULL
471,Red,NULL," ",204,51,51,CC3333,c33,3355596,NULL
472,Red,red,"N,V,X",255,0,0,FF0000,f00,255,1
473,Red,red1,X,255,0,0,FF0000,f00,255,NULL
474,Red,red2,X,238,0,0,EE0000,e00,238,NULL
475,Red,red3,X,205,0,0,CD0000,NULL,205,NULL
476,Red,red4,X,139,0,0,8B0000,NULL,139,NULL
477,Red,tomato,X,255,99,71,FF6347,NULL,4678655,1
478,Red,tomato1,X,255,99,71,FF6347,NULL,4678655,NULL
479,Red,tomato2,X,238,92,66,EE5C42,NULL,4349166,NULL
480,Red,tomato3,X,205,79,57,CD4F39,NULL,3755981,NULL
481,Red,tomato4,X,139,54,38,8B3626,NULL,2504331,NULL
482,Red,Dusty Rose,N,133,99,99,856363,NULL,6513541,NULL
483,Red,Firebrick,N,142,35,35,8E2323,NULL,2302862,NULL
484,Red,Indian Red,N,245,204,176,F5CCB0,NULL,11586805,NULL
485,Red,Pink,N,188,143,143,BC8F8F,NULL,9408444,NULL
486,Red,Salmon,N,111,66,66,6F4242,NULL,4342383,NULL
487,Red,Scarlet,N,140,23,23,8C1717,NULL,1513356,NULL
488,Red,Spicy Pink,N,255,28,174,FF1CAE,NULL,11410687,NULL
489,Red,Free Speech Magenta,F,227,91,216,E35BD8,NULL,14179299,NULL
490,Red,Free Speech Red,F,192,0,0,C00000,NULL,192,NULL
491,Violet,DarkOrchid,X,153,50,204,9932CC,NULL,13382297,1
492,Violet,DarkOrchid1,X,191,62,255,BF3EFF,NULL,16727743,NULL
493,Violet,DarkOrchid2,X,178,58,238,B23AEE,NULL,15612594,NULL
494,Violet,DarkOrchid3,X,154,50,205,9A32CD,NULL,13447834,NULL
495,Violet,DarkOrchid4,X,104,34,139,68228B,NULL,9118312,NULL
496,Violet,DarkViolet,X,148,0,211,9400D3,NULL,13828244,1
497,Violet,LavenderBlush,X,255,240,245,FFF0F5,NULL,16118015,1
498,Violet,LavenderBlush1,X,255,240,245,FFF0F5,NULL,16118015,NULL
499,Violet,LavenderBlush2,X,238,224,229,EEE0E5,NULL,15065326,NULL
500,Violet,LavenderBlush3,X,205,193,197,CDC1C5,NULL,12960205,NULL
501,Violet,LavenderBlush4,X,139,131,134,8B8386,NULL,8815499,NULL
502,Violet,MediumOrchid,X,186,85,211,BA55D3,NULL,13850042,1
503,Violet,MediumOrchid1,X,224,102,255,E066FF,NULL,16738016,NULL
504,Violet,MediumOrchid2,X,209,95,238,D15FEE,NULL,15622097,NULL
505,Violet,MediumOrchid3,X,180,82,205,B452CD,NULL,13456052,NULL
506,Violet,MediumOrchid4,X,122,55,139,7A378B,NULL,9123706,NULL
507,Violet,MediumPurple,X,147,112,219,9370DB,NULL,14381203,1
508,Violet,Medium Orchid,N,147,112,219,9370DB,NULL,14381203,NULL
509,Violet,MediumPurple1,X,171,130,255,AB82FF,NULL,16745131,NULL
510,Violet,Dark Orchid,N,153,50,205,9932CD,NULL,13447833,NULL
511,Violet,MediumPurple2,X,159,121,238,9F79EE,NULL,15628703,NULL
512,Violet,MediumPurple3,X,137,104,205,8968CD,NULL,13461641,NULL
513,Violet,MediumPurple4,X,93,71,139,5D478B,NULL,9127773,NULL
514,Violet,lavender,X,230,230,250,E6E6FA,NULL,16443110,1
515,Violet,magenta,"N,X",255,0,255,FF00FF,f0f,16711935,1
516,Violet,fuchsia,V,255,0,255,FF00FF,f0f,16711935,1
517,Violet,magenta1,X,255,0,255,FF00FF,f0f,16711935,NULL
518,Violet,magenta2,X,238,0,238,EE00EE,e0e,15597806,NULL
519,Violet,magenta3,X,205,0,205,CD00CD,NULL,13435085,NULL
520,Violet,magenta4,X,139,0,139,8B008B,NULL,9109643,NULL
521,Violet,maroon,X,176,48,96,B03060,NULL,6303920,NULL
522,Violet,maroon1,X,255,52,179,FF34B3,NULL,11744511,NULL
523,Violet,maroon2,X,238,48,167,EE30A7,NULL,10957038,NULL
524,Violet,maroon3,X,205,41,144,CD2990,NULL,9447885,NULL
525,Violet,maroon4,X,139,28,98,8B1C62,NULL,6429835,NULL
526,Violet,orchid,X,218,112,214,DA70D6,NULL,14053594,1
527,Violet,Orchid,N,219,112,219,DB70DB,NULL,14381275,NULL
528,Violet,orchid1,X,255,131,250,FF83FA,NULL,16417791,NULL
529,Violet,orchid2,X,238,122,233,EE7AE9,NULL,15301358,NULL
530,Violet,orchid3,X,205,105,201,CD69C9,NULL,13199821,NULL
531,Violet,orchid4,X,139,71,137,8B4789,NULL,8996747,NULL
532,Violet,plum,X,221,160,221,DDA0DD,NULL,14524637,1
533,Violet,plum1,X,255,187,255,FFBBFF,fbf,16759807,NULL
534,Violet,plum2,X,238,174,238,EEAEEE,NULL,15642350,NULL
535,Violet,plum3,X,205,150,205,CD96CD,NULL,13473485,NULL
536,Violet,plum4,X,139,102,139,8B668B,NULL,9135755,NULL
537,Violet,NULL," ",153,102,204,9966CC,96c,13395609,NULL
538,Violet,purple,X,160,32,240,A020F0,NULL,15736992,NULL
539,Violet,purple,V,128,0,128,800080,NULL,8388736,1
540,Violet,purple1,X,155,48,255,9B30FF,NULL,16724123,NULL
541,Violet,purple2,X,145,44,238,912CEE,NULL,15608977,NULL
542,Violet,purple3,X,125,38,205,7D26CD,NULL,13444733,NULL
543,Violet,purple4,X,85,26,139,551A8B,NULL,9116245,NULL
544,Violet,thistle,X,216,191,216,D8BFD8,NULL,14204888,1
545,Violet,thistle1,X,255,225,255,FFE1FF,NULL,16769535,NULL
546,Violet,thistle2,X,238,210,238,EED2EE,NULL,15651566,NULL
547,Violet,thistle3,X,205,181,205,CDB5CD,NULL,13481421,NULL
548,Violet,thistle4,X,139,123,139,8B7B8B,NULL,9141131,NULL
549,Violet,violet,X,238,130,238,EE82EE,NULL,15631086,1
550,Violet,violet blue,N,159,95,159,9F5F9F,NULL,10444703,NULL
551,Violet,Dark Purple,N,135,31,120,871F78,NULL,7872391,NULL
552,Violet,Maroon,V,128,0,0,800000,NULL,128,1
553,Violet,Medium Violet Red,N,219,112,147,DB7093,NULL,9662683,NULL
554,Violet,Neon Pink,N,255,110,199,FF6EC7,NULL,13070079,NULL
555,Violet,Plum,N,234,173,234,EAADEA,NULL,15379946,NULL
556,Violet,Thistle,N,216,191,216,D8BFD8,NULL,14204888,1
557,Violet,Turquoise,N,173,234,234,ADEAEA,NULL,15395501,NULL
558,Violet,Violet,N,79,47,79,4F2F4F,NULL,5189455,NULL
559,Violet,Violet Red,N,204,50,153,CC3299,NULL,10040012,NULL
560,White,AntiqueWhite,X,250,235,215,FAEBD7,NULL,14150650,1
561,White,AntiqueWhite1,X,255,239,219,FFEFDB,NULL,14413823,NULL
562,White,AntiqueWhite2,X,238,223,204,EEDFCC,NULL,13426670,NULL
563,White,AntiqueWhite3,X,205,192,176,CDC0B0,NULL,11583693,NULL
564,White,AntiqueWhite4,X,139,131,120,8B8378,NULL,7897995,NULL
565,White,FloralWhite,X,255,250,240,FFFAF0,NULL,15792895,1
566,White,GhostWhite,X,248,248,255,F8F8FF,NULL,16775416,1
567,White,NavajoWhite,X,255,222,173,FFDEAD,NULL,11394815,1
568,White,NavajoWhite1,X,255,222,173,FFDEAD,NULL,11394815,NULL
569,White,NavajoWhite2,X,238,207,161,EECFA1,NULL,10604526,NULL
570,White,NavajoWhite3,X,205,179,139,CDB38B,NULL,9155533,NULL
571,White,NavajoWhite4,X,139,121,94,8B795E,NULL,6191499,NULL
572,White,OldLace,X,253,245,230,FDF5E6,NULL,15136253,1
573,White,WhiteSmoke,X,245,245,245,F5F5F5,NULL,16119285,1
574,White,gainsboro,X,220,220,220,DCDCDC,NULL,14474460,1
575,White,ivory,X,255,255,240,FFFFF0,NULL,15794175,1
576,White,ivory1,X,255,255,240,FFFFF0,NULL,15794175,NULL
577,White,ivory2,X,238,238,224,EEEEE0,NULL,14741230,NULL
578,White,ivory3,X,205,205,193,CDCDC1,NULL,12701133,NULL
579,White,ivory4,X,139,139,131,8B8B83,NULL,8620939,NULL
580,White,linen,X,250,240,230,FAF0E6,NULL,15134970,1
581,White,seashell,X,255,245,238,FFF5EE,NULL,15660543,1
582,White,seashell1,X,255,245,238,FFF5EE,NULL,15660543,NULL
583,White,seashell2,X,238,229,222,EEE5DE,NULL,14607854,NULL
584,White,seashell3,X,205,197,191,CDC5BF,NULL,12568013,NULL
585,White,seashell4,X,139,134,130,8B8682,NULL,8554123,NULL
586,White,snow,X,255,250,250,FFFAFA,NULL,16448255,1
587,White,snow1,X,255,250,250,FFFAFA,NULL,16448255,NULL
588,White,snow2,X,238,233,233,EEE9E9,NULL,15329774,NULL
589,White,snow3,X,205,201,201,CDC9C9,NULL,13224397,NULL
590,White,snow4,X,139,137,137,8B8989,NULL,9013643,NULL
591,White,wheat,X,245,222,179,F5DEB3,NULL,11788021,1
592,White,wheat1,X,255,231,186,FFE7BA,NULL,12249087,NULL
593,White,wheat2,X,238,216,174,EED8AE,NULL,11458798,NULL
594,White,wheat3,X,205,186,150,CDBA96,NULL,9878221,NULL
595,White,wheat4,X,139,126,102,8B7E66,NULL,6717067,NULL
596,White,white,"N,V,X",255,255,255,FFFFFF,fff,16777215,1
597,White,Quartz,N,217,217,243,D9D9F3,NULL,15981017,NULL
598,White,Wheat,N,216,216,191,D8D8BF,NULL,12572888,NULL
599,Yellow,BlanchedAlmond,X,255,235,205,FFEBCD,NULL,13495295,1
600,Yellow,DarkGoldenrod,X,184,134,11,B8860B,NULL,755384,1
601,Yellow,DarkGoldenrod1,X,255,185,15,FFB90F,NULL,1030655,NULL
602,Yellow,DarkGoldenrod2,X,238,173,14,EEAD0E,NULL,962030,NULL
603,Yellow,DarkGoldenrod3,X,205,149,12,CD950C,NULL,824781,NULL
604,Yellow,DarkGoldenrod4,X,139,101,8,8B6508,NULL,550283,NULL
605,Yellow,LemonChiffon,X,255,250,205,FFFACD,NULL,13499135,1
606,Yellow,LemonChiffon1,X,255,250,205,FFFACD,NULL,13499135,NULL
607,Yellow,LemonChiffon2,X,238,233,191,EEE9BF,NULL,12577262,NULL
608,Yellow,LemonChiffon3,X,205,201,165,CDC9A5,NULL,10865101,NULL
609,Yellow,LemonChiffon4,X,139,137,112,8B8970,NULL,7375243,NULL
610,Yellow,LightGoldenrod,X,238,221,130,EEDD82,NULL,8576494,NULL
611,Yellow,LightGoldenrod1,X,255,236,139,FFEC8B,NULL,9170175,NULL
612,Yellow,LightGoldenrod2,X,238,220,130,EEDC82,NULL,8576238,NULL
613,Yellow,LightGoldenrod3,X,205,190,112,CDBE70,NULL,7388877,NULL
614,Yellow,LightGoldenrod4,X,139,129,76,8B814C,NULL,5013899,NULL
615,Yellow,LightGoldenrodYellow,X,250,250,210,FAFAD2,NULL,13826810,1
616,Yellow,LightYellow,X,255,255,224,FFFFE0,NULL,14745599,1
617,Yellow,LightYellow1,X,255,255,224,FFFFE0,NULL,14745599,NULL
618,Yellow,LightYellow2,X,238,238,209,EEEED1,NULL,13758190,NULL
619,Yellow,LightYellow3,X,205,205,180,CDCDB4,NULL,11849165,NULL
620,Yellow,LightYellow4,X,139,139,122,8B8B7A,NULL,8031115,NULL
621,Yellow,PaleGoldenrod,X,238,232,170,EEE8AA,NULL,11200750,1
622,Yellow,PapayaWhip,X,255,239,213,FFEFD5,NULL,14020607,1
623,Yellow,cornsilk,X,255,248,220,FFF8DC,NULL,14481663,1
624,Yellow,cornsilk1,X,255,248,220,FFF8DC,NULL,14481663,NULL
625,Yellow,cornsilk2,X,238,232,205,EEE8CD,NULL,13494510,NULL
626,Yellow,cornsilk3,X,205,200,177,CDC8B1,NULL,11651277,NULL
627,Yellow,cornsilk4,X,139,136,120,8B8878,NULL,7899275,NULL
628,Yellow,goldenrod,X,218,165,32,DAA520,NULL,2139610,1
629,Yellow,goldenrod1,X,255,193,37,FFC125,NULL,2474495,NULL
630,Yellow,goldenrod2,X,238,180,34,EEB422,NULL,2274542,NULL
631,Yellow,goldenrod3,X,205,155,29,CD9B1D,NULL,1940429,NULL
632,Yellow,goldenrod4,X,139,105,20,8B6914,NULL,1337739,NULL
633,Yellow,moccasin,X,255,228,181,FFE4B5,NULL,11920639,1
634,Yellow,yellow,"N,V,X",255,255,0,FFFF00,ff0,65535,1
635,Yellow,yellow1,X,255,255,0,FFFF00,ff0,65535,NULL
636,Yellow,yellow2,X,238,238,0,EEEE00,ee0,61166,NULL
637,Yellow,yellow3,X,205,205,0,CDCD00,NULL,52685,NULL
638,Yellow,yellow4,X,139,139,0,8B8B00,NULL,35723,NULL
639,Yellow,gold,X,255,215,0,FFD700,NULL,55295,1
640,Yellow,gold1,X,255,215,0,FFD700,NULL,55295,NULL
641,Yellow,gold2,X,238,201,0,EEC900,NULL,51694,NULL
642,Yellow,gold3,X,205,173,0,CDAD00,NULL,44493,NULL
643,Yellow,gold4,X,139,117,0,8B7500,NULL,30091,NULL
644,Yellow,Goldenrod,N,219,219,112,DBDB70,NULL,7396315,NULL
645,Yellow,Medium Goldenrod,N,234,234,174,EAEAAE,NULL,11463402,NULL
646,Yellow,Yellow Green,N,153,204,50,99CC32,NULL,3329177,NULL
647,Metal,copper,N,184,115,51,B87333,NULL,3371960,NULL
648,Metal,cool copper,N,217,135,25,D98719,NULL,1673177,NULL
649,Metal,Green Copper,N,133,99,99,856363,NULL,6513541,NULL
650,Metal,brass,N,181,166,66,B5A642,NULL,4368053,NULL
651,Metal,bronze,N,140,120,83,8C7853,NULL,5470348,NULL
652,Metal,bronze II,N,166,125,61,A67D3D,NULL,4029862,NULL
653,Metal,bright gold,N,217,217,25,D9D919,NULL,1694169,NULL
654,Metal,Old Gold,N,207,181,59,CFB53B,NULL,3913167,NULL
655,Metal,CSS Gold," ",204,153,0,CC9900,c90,39372,NULL
656,Metal,gold,N,205,127,50,CD7F32,NULL,3309517,NULL
657,Metal,silver,N,230,232,250,E6E8FA,NULL,16443622,NULL
658,Metal,Silver,V,192,192,192,C0C0C0,NULL,12632256,1
659,Metal,Light Steel Blue,N,84,84,84,545454,NULL,5526612,NULL
660,Metal,Steel Blue,N,35,107,142,236B8E,NULL,9333539,NULL
661,Grey,Silver,V,192,192,192,C0C0C0,NULL,12632256,1
662,Grey,DimGrey,X,105,105,105,696969,NULL,6908265,1
663,Grey,White,X,255,255,255,FFFFFF,fff,16777215,1
664,Blue,MediumAquamarine,X,102,205,170,66CDAA,NULL,11193702,1
665,Green,SeaGreen4,X,46,139,87,2E8B67,NULL,5737262,NULL
666,Green,Khaki,N,35,142,35,328E23,NULL,2330147,NULL
667,Green,MediumAquamarine,N,35,142,35,328E23,NULL,2330147,NULL
668,Metal,Grey,V,192,192,192,C0C0C0,NULL,12632256,NULL
669,NULL,Gray,2,128,128,128,808080,NULL,NULL,NULL
670,NULL,dark red,2,139,0,0,8B0000,NULL,NULL,NULL
671,NULL,fire brick,2,178,34,34,B22222,NULL,NULL,NULL
672,NULL,crimson,2,220,20,60,DC143C,NULL,NULL,NULL
673,NULL,indian red,2,205,92,92,CD5C5C,NULL,NULL,NULL
674,NULL,light coral,2,240,128,128,F08080,NULL,NULL,NULL
675,NULL,dark salmon,2,233,150,122,E9967A,NULL,NULL,NULL
676,NULL,light salmon,2,255,160,122,FFA07A,NULL,NULL,NULL
677,NULL,orange red,2,255,69,0,FF4500,NULL,NULL,NULL
678,NULL,dark orange,2,255,140,0,FF8C00,NULL,NULL,NULL
679,NULL,dark golden rod,2,184,134,11,B8860B,NULL,NULL,NULL
680,NULL,golden rod,2,218,165,32,DAA520,NULL,NULL,NULL
681,NULL,pale golden rod,2,238,232,170,EEE8AA,NULL,NULL,NULL
682,NULL,dark khaki,2,189,183,107,BDB76B,NULL,NULL,NULL
683,NULL,yellow green,2,154,205,50,9ACD32,NULL,NULL,NULL
684,NULL,dark olive green,2,85,107,47,556B2F,NULL,NULL,NULL
685,NULL,olive drab,2,107,142,35,6B8E23,NULL,NULL,NULL
686,NULL,lawn green,2,124,252,0,7CFC00,NULL,NULL,NULL
687,NULL,chart reuse,2,127,255,0,7FFF00,NULL,NULL,NULL
688,NULL,green yellow,2,173,255,47,ADFF2F,NULL,NULL,NULL
6486,NULL,RAL 2005 Luminous orange,NULL,255,35,1,FF2301,NULL,NULL,NULL
6487,NULL,RAL 2007 Luminous bright orange,NULL,255,164,32,FFA420,NULL,NULL,NULL
6488,NULL,RAL 2008 Bright red orange,NULL,247,94,37,F75E25,NULL,NULL,NULL
692,NULL,light green,2,144,238,144,90EE90,NULL,NULL,NULL
693,NULL,pale green,2,152,251,152,98FB98,NULL,NULL,NULL
694,NULL,dark sea green,2,143,188,143,8FBC8F,NULL,NULL,NULL
6489,NULL,RAL 2009 Traffic orange,NULL,245,64,33,F54021,NULL,NULL,NULL
6490,NULL,RAL 2010 Signal orange,NULL,216,75,32,D84B20,NULL,NULL,NULL
697,NULL,medium aqua marine,2,102,205,170,66CDAA,NULL,NULL,NULL
6491,NULL,RAL 2011 Deep orange,NULL,236,124,38,EC7C26,NULL,NULL,NULL
6492,NULL,RAL 2012 Salmon range,NULL,235,106,14,E55137,NULL,NULL,NULL
6493,NULL,RAL 2013 Pearl orange,NULL,195,88,49,C35831,NULL,NULL,NULL
701,Blue,DarkCyan,2,0,139,139,008B8B,NULL,NULL,NULL
6494,NULL,RAL 3000 Flame red,NULL,175,43,30,AF2B1E,NULL,NULL,NULL
703,NULL,light cyan,2,224,255,255,E0FFFF,NULL,NULL,NULL
6495,NULL,RAL 3001 Signal red,NULL,165,32,25,A52019,NULL,NULL,NULL
6496,NULL,RAL 3002 Carmine red,NULL,162,35,29,A2231D,NULL,NULL,NULL
706,NULL,pale turquoise,2,175,238,238,AFEEEE,NULL,NULL,NULL
707,NULL,aqua marine,2,127,255,212,7FFFD4,NULL,NULL,NULL
708,NULL,powder blue,2,176,224,230,B0E0E6,NULL,NULL,NULL
709,NULL,cadet blue,2,95,158,160,5F9EA0,NULL,NULL,NULL
6497,NULL,RAL 3003 Ruby red,NULL,155,17,30,9B111E,NULL,NULL,NULL
711,NULL,corn flowerblue,2,100,149,237,6495ED,NULL,NULL,NULL
6498,NULL,RAL 3004 Purple red,NULL,117,21,30,75151E,NULL,NULL,NULL
714,NULL,light blue,2,173,216,230,ADD8E6,NULL,NULL,NULL
715,NULL,light sky blue,2,135,206,250,87CEFA,NULL,NULL,NULL
717,Blue,DarkBlue,2,0,0,139,00008B,NULL,NULL,NULL
718,Blue,MediumBlue,2,0,0,205,0000CD,NULL,NULL,NULL
720,NULL,blue violet,2,138,43,226,8A2BE2,NULL,NULL,NULL
723,NULL,slate blue,2,106,90,205,6A5ACD,NULL,NULL,NULL
724,NULL,medium slate blue,2,123,104,238,7B68EE,NULL,NULL,NULL
725,NULL,medium purple,2,147,112,219,9370DB,NULL,NULL,NULL
726,NULL,dark magenta,2,139,0,139,8B008B,NULL,NULL,NULL
727,NULL,dark violet,2,148,0,211,9400D3,NULL,NULL,NULL
728,NULL,dark orchid,2,153,50,204,9932CC,NULL,NULL,NULL
729,NULL,medium orchid,2,186,85,211,BA55D3,NULL,NULL,NULL
730,NULL,medium violet red,2,199,21,133,C71585,NULL,NULL,NULL
731,NULL,pale violet red,2,219,112,147,DB7093,NULL,NULL,NULL
732,NULL,deep pink,2,255,20,147,FF1493,NULL,NULL,NULL
733,NULL,hot pink,2,255,105,180,FF69B4,NULL,NULL,NULL
734,NULL,light pink,2,255,182,193,FFB6C1,NULL,NULL,NULL
735,NULL,antique white,2,250,235,215,FAEBD7,NULL,NULL,NULL
736,NULL,blanched almond,2,255,235,205,FFEBCD,NULL,NULL,NULL
737,NULL,corn silk,2,255,248,220,FFF8DC,NULL,NULL,NULL
738,NULL,lemon chiffon,2,255,250,205,FFFACD,NULL,NULL,NULL
739,NULL,light golden rod yellow,2,250,250,210,FAFAD2,NULL,NULL,NULL
740,NULL,light yellow,2,255,255,224,FFFFE0,NULL,NULL,NULL
741,NULL,saddle brown,2,139,69,19,8B4513,NULL,NULL,NULL
742,NULL,sandy brown,2,244,164,96,F4A460,NULL,NULL,NULL
743,NULL,burly wood,2,222,184,135,DEB887,NULL,NULL,NULL
744,NULL,rosy brown,2,188,143,143,BC8F8F,NULL,NULL,NULL
745,NULL,navajo white,2,255,222,173,FFDEAD,NULL,NULL,NULL
746,NULL,peach puff,2,255,218,185,FFDAB9,NULL,NULL,NULL
747,NULL,misty rose,2,255,228,225,FFE4E1,NULL,NULL,NULL
748,NULL,lavender blush,2,255,240,245,FFF0F5,NULL,NULL,NULL
749,NULL,old lace,2,253,245,230,FDF5E6,NULL,NULL,NULL
750,NULL,papaya whip,2,255,239,213,FFEFD5,NULL,NULL,NULL
751,NULL,mint cream,2,245,255,250,F5FFFA,NULL,NULL,NULL
752,NULL,slate gray,2,112,128,144,708090,NULL,NULL,NULL
753,NULL,light slate gray,2,119,136,153,778899,NULL,NULL,NULL
754,NULL,light slate grey,2,119,136,153,778899,NULL,NULL,NULL
755,NULL,light steel blue,2,176,196,222,B0C4DE,NULL,NULL,NULL
756,NULL,floral white,2,255,250,240,FFFAF0,NULL,NULL,NULL
757,NULL,alice blue,2,240,248,255,F0F8FF,NULL,NULL,NULL
758,NULL,ghost white,2,248,248,255,F8F8FF,NULL,NULL,NULL
759,NULL,dim gray,2,105,105,105,696969,NULL,NULL,NULL
760,NULL,dim grey,2,105,105,105,696969,NULL,NULL,NULL
761,NULL,gray,2,128,128,128,808080,NULL,NULL,NULL
762,NULL,grey,2,128,128,128,808080,NULL,NULL,NULL
763,NULL,dark gray,2,169,169,169,A9A9A9,NULL,NULL,NULL
764,NULL,dark grey,2,169,169,169,A9A9A9,NULL,NULL,NULL
765,NULL,light gray,2,211,211,211,D3D3D3,NULL,NULL,NULL
766,NULL,light grey,2,211,211,211,D3D3D3,NULL,NULL,NULL
767,NULL,white smoke,2,245,245,245,F5F5F5,NULL,NULL,NULL
5514,NULL,PANTONE 100,NULL,244,237,124,F4ED7C,NULL,NULL,NULL
5515,NULL,PANTONE 101,NULL,244,237,71,F4ED47,NULL,NULL,NULL
5516,NULL,PANTONE 102,NULL,249,232,20,F9E814,NULL,NULL,NULL
5517,NULL,PANTONE 103,NULL,198,173,15,C6AD0F,NULL,NULL,NULL
5518,NULL,PANTONE 104,NULL,173,155,12,AD9B0C,NULL,NULL,NULL
5519,NULL,PANTONE 105,NULL,130,117,15,82750F,NULL,NULL,NULL
5520,NULL,PANTONE 106,NULL,247,232,89,F7E859,NULL,NULL,NULL
5521,NULL,PANTONE 107,NULL,249,229,38,F9E526,NULL,NULL,NULL
5522,NULL,PANTONE 108,NULL,249,221,22,F9DD16,NULL,NULL,NULL
5523,NULL,PANTONE 109,NULL,249,214,22,F9D616,NULL,NULL,NULL
5524,NULL,PANTONE 110,NULL,216,181,17,D8B511,NULL,NULL,NULL
5525,NULL,PANTONE 111,NULL,170,147,10,AA930A,NULL,NULL,NULL
5526,NULL,PANTONE 112,NULL,153,132,10,99840A,NULL,NULL,NULL
5527,NULL,PANTONE 113,NULL,249,229,91,F9E55B,NULL,NULL,NULL
5528,NULL,PANTONE 114,NULL,249,226,76,F9E24C,NULL,NULL,NULL
5529,NULL,PANTONE 115,NULL,249,224,76,F9E04C,NULL,NULL,NULL
5530,NULL,PANTONE 116,NULL,252,209,22,FCD116,NULL,NULL,NULL
5531,NULL,PANTONE 116 2X,NULL,247,181,12,F7B50C,NULL,NULL,NULL
5532,NULL,PANTONE 117,NULL,198,160,12,C6A00C,NULL,NULL,NULL
5533,NULL,PANTONE 118,NULL,170,142,10,AA8E0A,NULL,NULL,NULL
5534,NULL,PANTONE 119,NULL,137,119,25,897719,NULL,NULL,NULL
5535,NULL,PANTONE 120,NULL,249,226,127,F9E27F,NULL,NULL,NULL
5536,NULL,PANTONE 1205,NULL,247,232,170,F7E8AA,NULL,NULL,NULL
5537,NULL,PANTONE 121,NULL,249,224,112,F9E070,NULL,NULL,NULL
5538,NULL,PANTONE 1215,NULL,249,224,140,F9E08C,NULL,NULL,NULL
5539,NULL,PANTONE 122,NULL,252,216,86,FCD856,NULL,NULL,NULL
5540,NULL,PANTONE 1225,NULL,255,204,73,FFCC49,NULL,NULL,NULL
5541,NULL,PANTONE 123,NULL,255,198,30,FFC61E,NULL,NULL,NULL
5542,NULL,PANTONE 1235,NULL,252,181,20,FCB514,NULL,NULL,NULL
5543,NULL,PANTONE 124,NULL,224,170,15,E0AA0F,NULL,NULL,NULL
5544,NULL,PANTONE 1245,NULL,191,145,12,BF910C,NULL,NULL,NULL
5545,NULL,PANTONE 125,NULL,181,140,10,B58C0A,NULL,NULL,NULL
5546,NULL,PANTONE 1255,NULL,163,127,20,A37F14,NULL,NULL,NULL
5547,NULL,PANTONE 126,NULL,163,130,5,A38205,NULL,NULL,NULL
5548,NULL,PANTONE 1265,NULL,124,99,22,7C6316,NULL,NULL,NULL
5549,NULL,PANTONE 127,NULL,244,226,135,F4E287,NULL,NULL,NULL
5550,NULL,PANTONE 128,NULL,244,219,96,F4DB60,NULL,NULL,NULL
5551,NULL,PANTONE 129,NULL,242,209,61,F2D13D,NULL,NULL,NULL
5552,NULL,PANTONE 130,NULL,234,175,15,EAAF0F,NULL,NULL,NULL
5553,NULL,PANTONE 130 2X,NULL,226,145,0,E29100,NULL,NULL,NULL
5554,NULL,PANTONE 131,NULL,198,147,10,C6930A,NULL,NULL,NULL
5555,NULL,PANTONE 132,NULL,158,124,10,9E7C0A,NULL,NULL,NULL
5556,NULL,PANTONE 133,NULL,112,91,10,705B0A,NULL,NULL,NULL
5557,NULL,PANTONE 134,NULL,255,216,127,FFD87F,NULL,NULL,NULL
5558,NULL,PANTONE 1345,NULL,255,214,145,FFD691,NULL,NULL,NULL
5559,NULL,PANTONE 135,NULL,252,201,99,FCC963,NULL,NULL,NULL
5560,NULL,PANTONE 1355,NULL,252,206,135,FCCE87,NULL,NULL,NULL
5561,NULL,PANTONE 136,NULL,252,191,73,FCBF49,NULL,NULL,NULL
5562,NULL,PANTONE 1365,NULL,252,186,94,FCBA5E,NULL,NULL,NULL
5563,NULL,PANTONE 137,NULL,252,163,17,FCA311,NULL,NULL,NULL
5564,NULL,PANTONE 1375,NULL,249,155,12,F99B0C,NULL,NULL,NULL
5565,NULL,PANTONE 138,NULL,216,140,2,D88C02,NULL,NULL,NULL
5566,NULL,PANTONE 1385,NULL,204,122,2,CC7A02,NULL,NULL,NULL
5567,NULL,PANTONE 139,NULL,175,117,5,AF7505,NULL,NULL,NULL
5568,NULL,PANTONE 1395,NULL,153,96,7,996007,NULL,NULL,NULL
5569,NULL,PANTONE 140,NULL,122,91,17,7A5B11,NULL,NULL,NULL
5570,NULL,PANTONE 1405,NULL,107,71,20,6B4714,NULL,NULL,NULL
5571,NULL,PANTONE 141,NULL,242,206,104,F2CE68,NULL,NULL,NULL
5572,NULL,PANTONE 142,NULL,242,191,73,F2BF49,NULL,NULL,NULL
5573,NULL,PANTONE 143,NULL,239,178,45,EFB22D,NULL,NULL,NULL
5574,NULL,PANTONE 144,NULL,226,140,5,E28C05,NULL,NULL,NULL
5575,NULL,PANTONE 145,NULL,198,127,7,C67F07,NULL,NULL,NULL
5576,NULL,PANTONE 146,NULL,158,107,5,9E6B05,NULL,NULL,NULL
5577,NULL,PANTONE 147,NULL,114,94,38,725E26,NULL,NULL,NULL
5578,NULL,PANTONE 148,NULL,255,214,155,FFD69B,NULL,NULL,NULL
5579,NULL,PANTONE 1485,NULL,255,183,119,FFB777,NULL,NULL,NULL
5580,NULL,PANTONE 149,NULL,252,204,147,FCCC93,NULL,NULL,NULL
5581,NULL,PANTONE 1495,NULL,255,153,63,FF993F,NULL,NULL,NULL
5582,NULL,PANTONE 150,NULL,252,173,86,FCAD56,NULL,NULL,NULL
5583,NULL,PANTONE 1505,NULL,244,124,0,F47C00,NULL,NULL,NULL
5584,NULL,PANTONE 151,NULL,247,127,0,F77F00,NULL,NULL,NULL
5585,NULL,PANTONE 152,NULL,221,117,0,DD7500,NULL,NULL,NULL
5586,NULL,PANTONE 1525,NULL,181,84,0,B55400,NULL,NULL,NULL
5587,NULL,PANTONE 153,NULL,188,109,10,BC6D0A,NULL,NULL,NULL
5588,NULL,PANTONE 1535,NULL,140,68,0,8C4400,NULL,NULL,NULL
5589,NULL,PANTONE 154,NULL,153,89,5,995905,NULL,NULL,NULL
5590,NULL,PANTONE 1545,NULL,71,34,0,472200,NULL,NULL,NULL
5591,NULL,PANTONE 155,NULL,244,219,170,F4DBAA,NULL,NULL,NULL
5592,NULL,PANTONE 1555,NULL,249,191,158,F9BF9E,NULL,NULL,NULL
5593,NULL,PANTONE 156,NULL,242,198,140,F2C68C,NULL,NULL,NULL
5594,NULL,PANTONE 1565,NULL,252,165,119,FCA577,NULL,NULL,NULL
5595,NULL,PANTONE 157,NULL,237,160,79,EDA04F,NULL,NULL,NULL
5596,NULL,PANTONE 1575,NULL,252,135,68,FC8744,NULL,NULL,NULL
5597,NULL,PANTONE 158,NULL,232,117,17,E87511,NULL,NULL,NULL
5598,NULL,PANTONE 1585,NULL,249,107,7,F96B07,NULL,NULL,NULL
5599,NULL,PANTONE 159,NULL,198,96,5,C66005,NULL,NULL,NULL
5600,NULL,PANTONE 1595,NULL,209,91,5,D15B05,NULL,NULL,NULL
5601,NULL,PANTONE 160,NULL,158,84,10,9E540A,NULL,NULL,NULL
5602,NULL,PANTONE 1605,NULL,160,79,17,A04F11,NULL,NULL,NULL
5603,NULL,PANTONE 161,NULL,99,58,17,633A11,NULL,NULL,NULL
5604,NULL,PANTONE 1615,NULL,132,63,15,843F0F,NULL,NULL,NULL
5605,NULL,PANTONE 162,NULL,249,198,170,F9C6AA,NULL,NULL,NULL
5606,NULL,PANTONE 1625,NULL,249,165,140,F9A58C,NULL,NULL,NULL
5607,NULL,PANTONE 163,NULL,252,158,112,FC9E70,NULL,NULL,NULL
5608,NULL,PANTONE 1635,NULL,249,142,109,F98E6D,NULL,NULL,NULL
5609,NULL,PANTONE 164,NULL,252,127,63,FC7F3F,NULL,NULL,NULL
5610,NULL,PANTONE 1645,NULL,249,114,66,F97242,NULL,NULL,NULL
5611,NULL,PANTONE 165,NULL,249,99,2,F96302,NULL,NULL,NULL
5612,NULL,PANTONE 165 2X,NULL,234,79,0,EA4F00,NULL,NULL,NULL
5613,NULL,PANTONE 1655,NULL,249,86,2,F95602,NULL,NULL,NULL
5614,NULL,PANTONE 166,NULL,221,89,0,DD5900,NULL,NULL,NULL
5615,NULL,PANTONE 1665,NULL,221,79,5,DD4F05,NULL,NULL,NULL
768,NULL,indian red,3,176,23,31,B0171F,NULL,2037680,NULL
769,NULL,crimson,3,220,20,60,DC143C,NULL,3937500,NULL
770,NULL,lightpink 1,3,255,174,185,FFAEB9,NULL,12168959,NULL
771,NULL,lightpink 2,3,238,162,173,EEA2AD,NULL,11379438,NULL
772,NULL,lightpink 3,3,205,140,149,CD8C95,NULL,9800909,NULL
773,NULL,lightpink 4,3,139,95,101,8B5F65,NULL,6643595,NULL
774,NULL,pink 1,3,255,181,197,FFB5C5,NULL,12957183,NULL
775,NULL,pink 2,3,238,169,184,EEA9B8,NULL,12102126,NULL
776,NULL,pink 3,3,205,145,158,CD919E,NULL,10392013,NULL
777,NULL,pink 4,3,139,99,108,8B636C,NULL,7103371,NULL
778,NULL,palevioletred 1,3,255,130,171,FF82AB,NULL,11240191,NULL
779,NULL,palevioletred 2,3,238,121,159,EE799F,NULL,10451438,NULL
780,NULL,palevioletred 3,3,205,104,137,CD6889,NULL,9005261,NULL
781,NULL,palevioletred 4,3,139,71,93,8B475D,NULL,6113163,NULL
782,NULL,lavenderblush 1 (lavenderblush),3,255,240,245,FFF0F5,NULL,16118015,NULL
783,NULL,lavenderblush 2,3,238,224,229,EEE0E5,NULL,15065326,NULL
784,NULL,lavenderblush 3,3,205,193,197,CDC1C5,NULL,12960205,NULL
785,NULL,lavenderblush 4,3,139,131,134,8B8386,NULL,8815499,NULL
786,NULL,violetred 1,3,255,62,150,FF3E96,NULL,9846527,NULL
787,NULL,violetred 2,3,238,58,140,EE3A8C,NULL,9190126,NULL
788,NULL,violetred 3,3,205,50,120,CD3278,NULL,7877325,NULL
789,NULL,violetred 4,3,139,34,82,8B2252,NULL,5382795,NULL
790,NULL,hotpink 1,3,255,110,180,FF6EB4,NULL,11824895,NULL
791,NULL,hotpink 2,3,238,106,167,EE6AA7,NULL,10971886,NULL
792,NULL,hotpink 3,3,205,96,144,CD6090,NULL,9461965,NULL
793,NULL,hotpink 4,3,139,58,98,8B3A62,NULL,6437515,NULL
794,NULL,raspberry,3,135,38,87,872657,NULL,5711495,NULL
795,NULL,deeppink 1 (deeppink),3,255,20,147,FF1493,NULL,9639167,NULL
796,NULL,deeppink 2,3,238,18,137,EE1289,NULL,8983278,NULL
797,NULL,deeppink 3,3,205,16,118,CD1076,NULL,7737549,NULL
798,NULL,deeppink 4,3,139,10,80,8B0A50,NULL,5245579,NULL
799,NULL,maroon 1,3,255,52,179,FF34B3,NULL,11744511,NULL
800,NULL,maroon 2,3,238,48,167,EE30A7,NULL,10957038,NULL
801,NULL,maroon 3,3,205,41,144,CD2990,NULL,9447885,NULL
802,NULL,maroon 4,3,139,28,98,8B1C62,NULL,6429835,NULL
803,NULL,orchid 1,3,255,131,250,FF83FA,NULL,16417791,NULL
804,NULL,orchid 2,3,238,122,233,EE7AE9,NULL,15301358,NULL
805,NULL,orchid 3,3,205,105,201,CD69C9,NULL,13199821,NULL
806,NULL,orchid 4,3,139,71,137,8B4789,NULL,8996747,NULL
807,NULL,thistle 1,3,255,225,255,FFE1FF,NULL,16769535,NULL
808,NULL,thistle 2,3,238,210,238,EED2EE,NULL,15651566,NULL
809,NULL,thistle 3,3,205,181,205,CDB5CD,NULL,13481421,NULL
810,NULL,thistle 4,3,139,123,139,8B7B8B,NULL,9141131,NULL
811,NULL,plum 1,3,255,187,255,FFBBFF,NULL,16759807,NULL
812,NULL,plum 2,3,238,174,238,EEAEEE,NULL,15642350,NULL
813,NULL,plum 3,3,205,150,205,CD96CD,NULL,13473485,NULL
814,NULL,plum 4,3,139,102,139,8B668B,NULL,9135755,NULL
815,NULL,magenta (fuchsia*),3,255,0,255,FF00FF,NULL,16711935,NULL
816,NULL,magenta 2,3,238,0,238,EE00EE,NULL,15597806,NULL
817,NULL,magenta 3,3,205,0,205,CD00CD,NULL,13435085,NULL
818,NULL,magenta 4 (darkmagenta),3,139,0,139,8B008B,NULL,9109643,NULL
819,NULL,purple*,3,128,0,128,800080,NULL,8388736,NULL
820,NULL,mediumorchid 1,3,224,102,255,E066FF,NULL,16738016,NULL
821,NULL,mediumorchid 2,3,209,95,238,D15FEE,NULL,15622097,NULL
822,NULL,mediumorchid 3,3,180,82,205,B452CD,NULL,13456052,NULL
823,NULL,mediumorchid 4,3,122,55,139,7A378B,NULL,9123706,NULL
824,NULL,darkorchid 1,3,191,62,255,BF3EFF,NULL,16727743,NULL
825,NULL,darkorchid 2,3,178,58,238,B23AEE,NULL,15612594,NULL
826,NULL,darkorchid 3,3,154,50,205,9A32CD,NULL,13447834,NULL
827,NULL,darkorchid 4,3,104,34,139,68228B,NULL,9118312,NULL
828,NULL,Indigo,3,75,0,130,4B0082,NULL,8519755,NULL
829,NULL,purple 1,3,155,48,255,9B30FF,NULL,16724123,NULL
830,NULL,purple 2,3,145,44,238,912CEE,NULL,15608977,NULL
831,NULL,purple 3,3,125,38,205,7D26CD,NULL,13444733,NULL
832,NULL,purple 4,3,85,26,139,551A8B,NULL,9116245,NULL
833,NULL,mediumpurple 1,3,171,130,255,AB82FF,NULL,16745131,NULL
834,NULL,mediumpurple 2,3,159,121,238,9F79EE,NULL,15628703,NULL
835,NULL,mediumpurple 3,3,137,104,205,8968CD,NULL,13461641,NULL
836,NULL,mediumpurple 4,3,93,71,139,5D478B,NULL,9127773,NULL
837,NULL,slateblue 1,3,131,111,255,836FFF,NULL,16740227,NULL
838,NULL,slateblue 2,3,122,103,238,7A67EE,NULL,15624058,NULL
839,NULL,slateblue 3,3,105,89,205,6959CD,NULL,13457769,NULL
846,NULL,cobalt,3,61,89,171,3D59AB,NULL,11229501,NULL
851,NULL,lightsteelblue 1,3,202,225,255,CAE1FF,NULL,16769482,NULL
852,NULL,lightsteelblue 2,3,188,210,238,BCD2EE,NULL,15651516,NULL
853,NULL,lightsteelblue 3,3,162,181,205,A2B5CD,NULL,13481378,NULL
854,NULL,lightsteelblue 4,3,110,123,139,6E7B8B,NULL,9141102,NULL
855,NULL,lightslategray,3,119,136,153,778899,NULL,10061943,NULL
856,NULL,slategray 1,3,198,226,255,C6E2FF,NULL,16769734,NULL
857,NULL,slategray 2,3,185,211,238,B9D3EE,NULL,15651769,NULL
858,NULL,slategray 3,3,159,182,205,9FB6CD,NULL,13481631,NULL
859,NULL,slategray 4,3,108,123,139,6C7B8B,NULL,9141100,NULL
864,NULL,steelblue 1,3,99,184,255,63B8FF,NULL,16758883,NULL
865,NULL,steelblue 2,3,92,172,238,5CACEE,NULL,15641692,NULL
868,NULL,lightskyblue 1,3,176,226,255,B0E2FF,NULL,16769712,NULL
869,NULL,lightskyblue 2,3,164,211,238,A4D3EE,NULL,15651748,NULL
870,NULL,lightskyblue 3,3,141,182,205,8DB6CD,NULL,13481613,NULL
871,NULL,lightskyblue 4,3,96,123,139,607B8B,NULL,9141088,NULL
872,NULL,skyblue 1,3,135,206,255,87CEFF,NULL,16764551,NULL
873,NULL,skyblue 2,3,126,192,238,7EC0EE,NULL,15646846,NULL
874,NULL,skyblue 3,3,108,166,205,6CA6CD,NULL,13477484,NULL
880,NULL,peacock,3,51,161,201,33A1C9,NULL,13214003,NULL
881,NULL,lightblue 1,3,191,239,255,BFEFFF,NULL,16773055,NULL
882,NULL,lightblue 2,3,178,223,238,B2DFEE,NULL,15654834,NULL
883,NULL,lightblue 3,3,154,192,205,9AC0CD,NULL,13484186,NULL
884,NULL,lightblue 4,3,104,131,139,68838B,NULL,9143144,NULL
885,NULL,cadetblue 1,3,152,245,255,98F5FF,NULL,16774552,NULL
886,NULL,cadetblue 2,3,142,229,238,8EE5EE,NULL,15656334,NULL
887,NULL,cadetblue 3,3,122,197,205,7AC5CD,NULL,13485434,NULL
892,NULL,Turquoise4,3,0,134,139,00868B,NULL,9143808,NULL
893,NULL,azure 1 (azure),3,240,255,255,F0FFFF,NULL,16777200,NULL
894,NULL,azure 2,3,224,238,238,E0EEEE,NULL,15658720,NULL
895,NULL,azure 3,3,193,205,205,C1CDCD,NULL,13487553,NULL
896,NULL,azure 4,3,131,139,139,838B8B,NULL,9145219,NULL
897,NULL,lightcyan 1 (lightcyan),3,224,255,255,E0FFFF,NULL,16777184,NULL
898,NULL,lightcyan 2,3,209,238,238,D1EEEE,NULL,15658705,NULL
899,NULL,lightcyan 3,3,180,205,205,B4CDCD,NULL,13487540,NULL
900,NULL,lightcyan 4,3,122,139,139,7A8B8B,NULL,9145210,NULL
901,NULL,paleturquoise 1,3,187,255,255,BBFFFF,NULL,16777147,NULL
902,NULL,paleturquoise 2 (paleturquoise),3,174,238,238,AEEEEE,NULL,15658670,NULL
903,NULL,paleturquoise 3,3,150,205,205,96CDCD,NULL,13487510,NULL
904,NULL,paleturquoise 4,3,102,139,139,668B8B,NULL,9145190,NULL
905,NULL,darkslategray 1,3,151,255,255,97FFFF,NULL,16777111,NULL
906,NULL,darkslategray 2,3,141,238,238,8DEEEE,NULL,15658637,NULL
907,NULL,darkslategray 3,3,121,205,205,79CDCD,NULL,13487481,NULL
914,NULL,manganeseblue,3,3,168,158,03A89E,NULL,10397699,NULL
915,NULL,coldgrey,3,128,138,135,808A87,NULL,8882816,NULL
916,NULL,turquoiseblue,3,0,199,140,00C78C,NULL,9225984,NULL
917,NULL,aquamarine 1 (aquamarine),3,127,255,212,7FFFD4,NULL,13959039,NULL
918,NULL,aquamarine 2,3,118,238,198,76EEC6,NULL,13037174,NULL
919,NULL,aquamarine 3 (mediumaquamarine),3,102,205,170,66CDAA,NULL,11193702,NULL
924,NULL,seagreen 1,3,84,255,159,54FF9F,NULL,10485588,NULL
927,Green,SeaGreen4,3,46,139,87,2E8B57,NULL,5737262,NULL
928,NULL,emeraldgreen,3,0,201,87,00C957,NULL,5753088,NULL
929,NULL,mint,3,189,252,201,BDFCC9,NULL,13237437,NULL
930,NULL,cobaltgreen,3,61,145,64,3D9140,NULL,4231485,NULL
931,NULL,honeydew 1 (honeydew),3,240,255,240,F0FFF0,NULL,15794160,NULL
932,NULL,honeydew 2,3,224,238,224,E0EEE0,NULL,14741216,NULL
933,NULL,honeydew 3,3,193,205,193,C1CDC1,NULL,12701121,NULL
934,NULL,honeydew 4,3,131,139,131,838B83,NULL,8620931,NULL
935,NULL,darkseagreen 1,3,193,255,193,C1FFC1,NULL,12713921,NULL
936,NULL,darkseagreen 2,3,180,238,180,B4EEB4,NULL,11857588,NULL
937,NULL,darkseagreen 3,3,155,205,155,9BCD9B,NULL,10210715,NULL
938,NULL,darkseagreen 4,3,105,139,105,698B69,NULL,6916969,NULL
939,NULL,palegreen 1,3,154,255,154,9AFF9A,NULL,10157978,NULL
940,NULL,palegreen 2 (lightgreen),3,144,238,144,90EE90,NULL,9498256,NULL
941,NULL,palegreen 3,3,124,205,124,7CCD7C,NULL,8179068,NULL
942,NULL,palegreen 4,3,84,139,84,548B54,NULL,5540692,NULL
948,NULL,sapgreen,3,48,128,20,308014,NULL,1343536,NULL
949,NULL,chartreuse 1 (chartreuse),3,127,255,0,7FFF00,NULL,65407,NULL
950,NULL,chartreuse 2,3,118,238,0,76EE00,NULL,61046,NULL
951,NULL,chartreuse 3,3,102,205,0,66CD00,NULL,52582,NULL
953,NULL,darkolivegreen 1,3,202,255,112,CAFF70,NULL,7405514,NULL
954,NULL,darkolivegreen 2,3,188,238,104,BCEE68,NULL,6876860,NULL
955,NULL,darkolivegreen 3,3,162,205,90,A2CD5A,NULL,5950882,NULL
956,NULL,darkolivegreen 4,3,110,139,61,6E8B3D,NULL,4033390,NULL
957,NULL,olivedrab 1,3,192,255,62,C0FF3E,NULL,4128704,NULL
958,NULL,olivedrab 2,3,179,238,58,B3EE3A,NULL,3862195,NULL
959,NULL,olivedrab 3 (yellowgreen),3,154,205,50,9ACD32,NULL,3329434,NULL
960,NULL,olivedrab 4,3,105,139,34,698B22,NULL,2263913,NULL
961,NULL,ivory 1 (ivory),3,255,255,240,FFFFF0,NULL,15794175,NULL
962,NULL,ivory 2,3,238,238,224,EEEEE0,NULL,14741230,NULL
963,NULL,ivory 3,3,205,205,193,CDCDC1,NULL,12701133,NULL
964,NULL,ivory 4,3,139,139,131,8B8B83,NULL,8620939,NULL
965,NULL,lightyellow 1 (lightyellow),3,255,255,224,FFFFE0,NULL,14745599,NULL
966,NULL,lightyellow 2,3,238,238,209,EEEED1,NULL,13758190,NULL
967,NULL,lightyellow 3,3,205,205,180,CDCDB4,NULL,11849165,NULL
968,NULL,lightyellow 4,3,139,139,122,8B8B7A,NULL,8031115,NULL
969,NULL,yellow 1 (yellow*),3,255,255,0,FFFF00,NULL,65535,NULL
970,NULL,yellow 2,3,238,238,0,EEEE00,NULL,61166,NULL
971,NULL,yellow 3,3,205,205,0,CDCD00,NULL,52685,NULL
972,NULL,yellow 4,3,139,139,0,8B8B00,NULL,35723,NULL
973,NULL,warmgrey,3,128,128,105,808069,NULL,6914176,NULL
974,NULL,olive*,3,128,128,0,808000,NULL,32896,NULL
975,NULL,khaki 1,3,255,246,143,FFF68F,NULL,9434879,NULL
976,NULL,khaki 2,3,238,230,133,EEE685,NULL,8775406,NULL
977,NULL,khaki 3,3,205,198,115,CDC673,NULL,7587533,NULL
978,NULL,khaki 4,3,139,134,78,8B864E,NULL,5146251,NULL
979,NULL,lemonchiffon 1 (lemonchiffon),3,255,250,205,FFFACD,NULL,13499135,NULL
980,NULL,lemonchiffon 2,3,238,233,191,EEE9BF,NULL,12577262,NULL
981,NULL,lemonchiffon 3,3,205,201,165,CDC9A5,NULL,10865101,NULL
982,NULL,lemonchiffon 4,3,139,137,112,8B8970,NULL,7375243,NULL
983,NULL,lightgoldenrod 1,3,255,236,139,FFEC8B,NULL,9170175,NULL
984,NULL,lightgoldenrod 2,3,238,220,130,EEDC82,NULL,8576238,NULL
985,NULL,lightgoldenrod 3,3,205,190,112,CDBE70,NULL,7388877,NULL
986,NULL,lightgoldenrod 4,3,139,129,76,8B814C,NULL,5013899,NULL
987,NULL,banana,3,227,207,87,E3CF57,NULL,5754851,NULL
988,NULL,gold 1 (gold),3,255,215,0,FFD700,NULL,55295,NULL
989,NULL,gold 2,3,238,201,0,EEC900,NULL,51694,NULL
990,NULL,gold 3,3,205,173,0,CDAD00,NULL,44493,NULL
991,NULL,gold 4,3,139,117,0,8B7500,NULL,30091,NULL
992,NULL,cornsilk 1 (cornsilk),3,255,248,220,FFF8DC,NULL,14481663,NULL
993,NULL,cornsilk 2,3,238,232,205,EEE8CD,NULL,13494510,NULL
994,NULL,cornsilk 3,3,205,200,177,CDC8B1,NULL,11651277,NULL
995,NULL,cornsilk 4,3,139,136,120,8B8878,NULL,7899275,NULL
996,NULL,goldenrod 1,3,255,193,37,FFC125,NULL,2474495,NULL
997,NULL,goldenrod 2,3,238,180,34,EEB422,NULL,2274542,NULL
998,NULL,goldenrod 3,3,205,155,29,CD9B1D,NULL,1940429,NULL
999,NULL,goldenrod 4,3,139,105,20,8B6914,NULL,1337739,NULL
1000,NULL,darkgoldenrod 1,3,255,185,15,FFB90F,NULL,1030655,NULL
1001,NULL,darkgoldenrod 2,3,238,173,14,EEAD0E,NULL,962030,NULL
1002,NULL,darkgoldenrod 3,3,205,149,12,CD950C,NULL,824781,NULL
1003,NULL,darkgoldenrod 4,3,139,101,8,8B6508,NULL,550283,NULL
1004,NULL,orange 1 (orange),3,255,165,0,FFA500,NULL,42495,NULL
1005,NULL,orange 2,3,238,154,0,EE9A00,NULL,39662,NULL
1006,NULL,orange 3,3,205,133,0,CD8500,NULL,34253,NULL
1007,NULL,orange 4,3,139,90,0,8B5A00,NULL,23179,NULL
1008,NULL,wheat 1,3,255,231,186,FFE7BA,NULL,12249087,NULL
1009,NULL,wheat 2,3,238,216,174,EED8AE,NULL,11458798,NULL
1010,NULL,wheat 3,3,205,186,150,CDBA96,NULL,9878221,NULL
1011,NULL,wheat 4,3,139,126,102,8B7E66,NULL,6717067,NULL
1012,NULL,navajowhite 1 (navajowhite),3,255,222,173,FFDEAD,NULL,11394815,NULL
1013,NULL,navajowhite 2,3,238,207,161,EECFA1,NULL,10604526,NULL
1014,NULL,navajowhite 3,3,205,179,139,CDB38B,NULL,9155533,NULL
1015,NULL,navajowhite 4,3,139,121,94,8B795E,NULL,6191499,NULL
1016,NULL,eggshell,3,252,230,201,FCE6C9,NULL,13231868,NULL
1017,NULL,brick,3,156,102,31,9C661F,NULL,2057884,NULL
1018,NULL,cadmiumyellow,3,255,153,18,FF9912,NULL,1219071,NULL
1019,NULL,antiquewhite 1,3,255,239,219,FFEFDB,NULL,14413823,NULL
1020,NULL,antiquewhite 2,3,238,223,204,EEDFCC,NULL,13426670,NULL
1021,NULL,antiquewhite 3,3,205,192,176,CDC0B0,NULL,11583693,NULL
1022,NULL,antiquewhite 4,3,139,131,120,8B8378,NULL,7897995,NULL
1023,NULL,burlywood 1,3,255,211,155,FFD39B,NULL,10212351,NULL
1024,NULL,burlywood 2,3,238,197,145,EEC591,NULL,9553390,NULL
1025,NULL,burlywood 3,3,205,170,125,CDAA7D,NULL,8235725,NULL
1026,NULL,burlywood 4,3,139,115,85,8B7355,NULL,5600139,NULL
1027,NULL,bisque 1 (bisque),3,255,228,196,FFE4C4,NULL,12903679,NULL
1028,NULL,bisque 2,3,238,213,183,EED5B7,NULL,12047854,NULL
1029,NULL,bisque 3,3,205,183,158,CDB79E,NULL,10401741,NULL
1030,NULL,bisque 4,3,139,125,107,8B7D6B,NULL,7044491,NULL
1031,NULL,melon,3,227,168,105,E3A869,NULL,6924515,NULL
1032,NULL,carrot,3,237,145,33,ED9121,NULL,2200045,NULL
1033,NULL,darkorange 1,3,255,127,0,FF7F00,NULL,32767,NULL
1034,NULL,darkorange 2,3,238,118,0,EE7600,NULL,30446,NULL
1035,NULL,darkorange 3,3,205,102,0,CD6600,NULL,26317,NULL
1036,NULL,darkorange 4,3,139,69,0,8B4500,NULL,17803,NULL
1037,NULL,orange,3,255,128,0,FF8000,NULL,33023,NULL
1038,NULL,tan 1,3,255,165,79,FFA54F,NULL,5219839,NULL
1039,NULL,tan 2,3,238,154,73,EE9A49,NULL,4823790,NULL
1040,NULL,tan 3 (peru),3,205,133,63,CD853F,NULL,4163021,NULL
1041,NULL,tan 4,3,139,90,43,8B5A2B,NULL,2841227,NULL
1042,NULL,peachpuff 1 (peachpuff),3,255,218,185,FFDAB9,NULL,12180223,NULL
1043,NULL,peachpuff 2,3,238,203,173,EECBAD,NULL,11389934,NULL
1044,NULL,peachpuff 3,3,205,175,149,CDAF95,NULL,9809869,NULL
1045,NULL,peachpuff 4,3,139,119,101,8B7765,NULL,6649739,NULL
1046,NULL,seashell 1 (seashell),3,255,245,238,FFF5EE,NULL,15660543,NULL
1047,NULL,seashell 2,3,238,229,222,EEE5DE,NULL,14607854,NULL
1048,NULL,seashell 3,3,205,197,191,CDC5BF,NULL,12568013,NULL
1049,NULL,seashell 4,3,139,134,130,8B8682,NULL,8554123,NULL
1050,NULL,rawsienna,3,199,97,20,C76114,NULL,1335751,NULL
1051,NULL,chocolate 1,3,255,127,36,FF7F24,NULL,2392063,NULL
1052,NULL,chocolate 2,3,238,118,33,EE7621,NULL,2193134,NULL
1053,NULL,chocolate 3,3,205,102,29,CD661D,NULL,1926861,NULL
1054,NULL,chocolate 4 (saddlebrown),3,139,69,19,8B4513,NULL,1262987,NULL
1055,NULL,ivoryblack,3,41,36,33,292421,NULL,2171945,NULL
1056,NULL,flesh,3,255,125,64,FF7D40,NULL,4226559,NULL
1057,NULL,cadmiumorange,3,255,97,3,FF6103,NULL,221695,NULL
1058,NULL,burntsienna,3,138,54,15,8A360F,NULL,997002,NULL
1059,NULL,sienna 1,3,255,130,71,FF8247,NULL,4686591,NULL
1060,NULL,sienna 2,3,238,121,66,EE7942,NULL,4356590,NULL
1061,NULL,sienna 3,3,205,104,57,CD6839,NULL,3762381,NULL
1062,NULL,sienna 4,3,139,71,38,8B4726,NULL,2508683,NULL
1063,NULL,lightsalmon 1 (lightsalmon),3,255,160,122,FFA07A,NULL,8036607,NULL
1064,NULL,lightsalmon 2,3,238,149,114,EE9572,NULL,7509486,NULL
1065,NULL,lightsalmon 3,3,205,129,98,CD8162,NULL,6455757,NULL
1066,NULL,lightsalmon 4,3,139,87,66,8B5742,NULL,4347787,NULL
1067,NULL,orangered 1 (orangered),3,255,69,0,FF4500,NULL,17919,NULL
1068,NULL,orangered 2,3,238,64,0,EE4000,NULL,16622,NULL
1069,NULL,orangered 3,3,205,55,0,CD3700,NULL,14285,NULL
1070,NULL,orangered 4,3,139,37,0,8B2500,NULL,9611,NULL
1071,NULL,sepia,3,94,38,18,5E2612,NULL,1189470,NULL
1072,NULL,salmon 1,3,255,140,105,FF8C69,NULL,6917375,NULL
1073,NULL,salmon 2,3,238,130,98,EE8262,NULL,6456046,NULL
1074,NULL,salmon 3,3,205,112,84,CD7054,NULL,5533901,NULL
1075,NULL,salmon 4,3,139,76,57,8B4C39,NULL,3755147,NULL
1076,NULL,coral 1,3,255,114,86,FF7256,NULL,5665535,NULL
1077,NULL,coral 2,3,238,106,80,EE6A50,NULL,5270254,NULL
1078,NULL,coral 3,3,205,91,69,CD5B45,NULL,4545485,NULL
1079,NULL,coral 4,3,139,62,47,8B3E2F,NULL,3096203,NULL
1080,NULL,burntumber,3,138,51,36,8A3324,NULL,2372490,NULL
1081,NULL,tomato 1 (tomato),3,255,99,71,FF6347,NULL,4678655,NULL
1082,NULL,tomato 2,3,238,92,66,EE5C42,NULL,4349166,NULL
1083,NULL,tomato 3,3,205,79,57,CD4F39,NULL,3755981,NULL
1084,NULL,tomato 4,3,139,54,38,8B3626,NULL,2504331,NULL
1085,NULL,mistyrose 1 (mistyrose),3,255,228,225,FFE4E1,NULL,14804223,NULL
1086,NULL,mistyrose 2,3,238,213,210,EED5D2,NULL,13817326,NULL
1087,NULL,mistyrose 3,3,205,183,181,CDB7B5,NULL,11909069,NULL
1088,NULL,mistyrose 4,3,139,125,123,8B7D7B,NULL,8093067,NULL
1089,NULL,snow 1 (snow),3,255,250,250,FFFAFA,NULL,16448255,NULL
1090,NULL,snow 2,3,238,233,233,EEE9E9,NULL,15329774,NULL
1091,NULL,snow 3,3,205,201,201,CDC9C9,NULL,13224397,NULL
1092,NULL,snow 4,3,139,137,137,8B8989,NULL,9013643,NULL
1093,NULL,rosybrown 1,3,255,193,193,FFC1C1,NULL,12698111,NULL
1094,NULL,rosybrown 2,3,238,180,180,EEB4B4,NULL,11842798,NULL
1095,NULL,rosybrown 3,3,205,155,155,CD9B9B,NULL,10197965,NULL
1096,NULL,rosybrown 4,3,139,105,105,8B6969,NULL,6908299,NULL
1097,NULL,indianred 1,3,255,106,106,FF6A6A,NULL,6974207,NULL
1098,NULL,indianred 2,3,238,99,99,EE6363,NULL,6513646,NULL
1099,NULL,indianred 4,3,139,58,58,8B3A3A,NULL,3816075,NULL
1100,NULL,indianred 3,3,205,85,85,CD5555,NULL,5592525,NULL
1101,NULL,brown 1,3,255,64,64,FF4040,NULL,4210943,NULL
1102,NULL,brown 2,3,238,59,59,EE3B3B,NULL,3881966,NULL
1103,NULL,brown 3,3,205,51,51,CD3333,NULL,3355597,NULL
1104,NULL,brown 4,3,139,35,35,8B2323,NULL,2302859,NULL
1105,NULL,firebrick 1,3,255,48,48,FF3030,NULL,3158271,NULL
1106,NULL,firebrick 2,3,238,44,44,EE2C2C,NULL,2895086,NULL
1107,NULL,firebrick 3,3,205,38,38,CD2626,NULL,2500301,NULL
1108,NULL,firebrick 4,3,139,26,26,8B1A1A,NULL,1710731,NULL
1109,NULL,red 1 (red*),3,255,0,0,FF0000,NULL,255,NULL
1110,NULL,red 2,3,238,0,0,EE0000,NULL,238,NULL
1111,NULL,red 3,3,205,0,0,CD0000,NULL,205,NULL
1112,NULL,red 4 (darkred),3,139,0,0,8B0000,NULL,139,NULL
1113,NULL,maroon*,3,128,0,0,800000,NULL,128,NULL
1114,NULL,sgi beet,3,142,56,142,8E388E,NULL,9320590,NULL
1115,NULL,sgi slateblue,3,113,113,198,7171C6,NULL,13005169,NULL
1116,NULL,sgi lightblue,3,125,158,192,7D9EC0,NULL,12623485,NULL
1117,NULL,sgi teal,3,56,142,142,388E8E,NULL,9342520,NULL
1118,NULL,sgi chartreuse,3,113,198,113,71C671,NULL,7456369,NULL
1119,NULL,sgi olivedrab,3,142,142,56,8E8E38,NULL,3706510,NULL
1120,NULL,sgi brightgray,3,197,193,170,C5C1AA,NULL,11190725,NULL
1121,NULL,sgi salmon,3,198,113,113,C67171,NULL,7434694,NULL
1122,NULL,sgi darkgray,3,85,85,85,555555,NULL,5592405,NULL
1123,NULL,sgi gray 12,3,30,30,30,1E1E1E,NULL,1973790,NULL
1124,NULL,sgi gray 16,3,40,40,40,282828,NULL,2631720,NULL
1125,NULL,sgi gray 32,3,81,81,81,515151,NULL,5329233,NULL
1126,NULL,sgi gray 36,3,91,91,91,5B5B5B,NULL,5987163,NULL
1127,NULL,sgi gray 52,3,132,132,132,848484,NULL,8684676,NULL
1128,NULL,sgi gray 56,3,142,142,142,8E8E8E,NULL,9342606,NULL
1129,NULL,sgi lightgray,3,170,170,170,AAAAAA,NULL,11184810,NULL
1130,NULL,sgi gray 72,3,183,183,183,B7B7B7,NULL,12040119,NULL
1131,NULL,sgi gray 76,3,193,193,193,C1C1C1,NULL,12698049,NULL
1132,NULL,sgi gray 92,3,234,234,234,EAEAEA,NULL,15395562,NULL
1133,NULL,sgi gray 96,3,244,244,244,F4F4F4,NULL,16053492,NULL
1134,NULL,white*,3,255,255,255,FFFFFF,NULL,16777215,NULL
1135,NULL,white smoke (gray 96),3,245,245,245,F5F5F5,NULL,16119285,NULL
1136,NULL,lightgrey,3,211,211,211,D3D3D3,NULL,13882323,NULL
1137,NULL,silver*,3,192,192,192,C0C0C0,NULL,12632256,NULL
1138,NULL,darkgray,3,169,169,169,A9A9A9,NULL,11119017,NULL
1139,NULL,gray*,3,128,128,128,808080,NULL,8421504,NULL
1140,NULL,dimgray (gray 42),3,105,105,105,696969,NULL,6908265,NULL
1142,NULL,gray 99,3,252,252,252,FCFCFC,NULL,16579836,NULL
1143,NULL,gray 98,3,250,250,250,FAFAFA,NULL,16448250,NULL
1144,NULL,gray 97,3,247,247,247,F7F7F7,NULL,16250871,NULL
1145,NULL,white smoke (gray 96),3,245,245,245,F5F5F5,NULL,16119285,NULL
1146,NULL,gray 95,3,242,242,242,F2F2F2,NULL,15921906,NULL
1147,NULL,gray 94,3,240,240,240,F0F0F0,NULL,15790320,NULL
1148,NULL,gray 93,3,237,237,237,EDEDED,NULL,15592941,NULL
1149,NULL,gray 92,3,235,235,235,EBEBEB,NULL,15461355,NULL
1150,NULL,gray 91,3,232,232,232,E8E8E8,NULL,15263976,NULL
1151,NULL,gray 90,3,229,229,229,E5E5E5,NULL,15066597,NULL
1152,NULL,gray 89,3,227,227,227,E3E3E3,NULL,14935011,NULL
1153,NULL,gray 88,3,224,224,224,E0E0E0,NULL,14737632,NULL
1154,NULL,gray 87,3,222,222,222,DEDEDE,NULL,14606046,NULL
1155,NULL,gray 86,3,219,219,219,DBDBDB,NULL,14408667,NULL
1156,NULL,gray 85,3,217,217,217,D9D9D9,NULL,14277081,NULL
1157,NULL,gray 84,3,214,214,214,D6D6D6,NULL,14079702,NULL
1158,NULL,gray 83,3,212,212,212,D4D4D4,NULL,13948116,NULL
1159,NULL,gray 82,3,209,209,209,D1D1D1,NULL,13750737,NULL
1160,NULL,gray 81,3,207,207,207,CFCFCF,NULL,13619151,NULL
1161,NULL,gray 80,3,204,204,204,CCCCCC,NULL,13421772,NULL
1162,NULL,gray 79,3,201,201,201,C9C9C9,NULL,13224393,NULL
1163,NULL,gray 78,3,199,199,199,C7C7C7,NULL,13092807,NULL
1164,NULL,gray 77,3,196,196,196,C4C4C4,NULL,12895428,NULL
1165,NULL,gray 76,3,194,194,194,C2C2C2,NULL,12763842,NULL
1166,NULL,gray 75,3,191,191,191,BFBFBF,NULL,12566463,NULL
1167,NULL,gray 74,3,189,189,189,BDBDBD,NULL,12434877,NULL
1168,NULL,gray 73,3,186,186,186,BABABA,NULL,12237498,NULL
1169,NULL,gray 72,3,184,184,184,B8B8B8,NULL,12105912,NULL
1170,NULL,gray 71,3,181,181,181,B5B5B5,NULL,11908533,NULL
1171,NULL,gray 70,3,179,179,179,B3B3B3,NULL,11776947,NULL
1172,NULL,gray 69,3,176,176,176,B0B0B0,NULL,11579568,NULL
1173,NULL,gray 68,3,173,173,173,ADADAD,NULL,11382189,NULL
1174,NULL,gray 67,3,171,171,171,ABABAB,NULL,11250603,NULL
1175,NULL,gray 66,3,168,168,168,A8A8A8,NULL,11053224,NULL
1176,NULL,gray 65,3,166,166,166,A6A6A6,NULL,10921638,NULL
1177,NULL,gray 64,3,163,163,163,A3A3A3,NULL,10724259,NULL
1178,NULL,gray 63,3,161,161,161,A1A1A1,NULL,10592673,NULL
1179,NULL,gray 62,3,158,158,158,9E9E9E,NULL,10395294,NULL
1180,NULL,gray 61,3,156,156,156,9C9C9C,NULL,10263708,NULL
1181,NULL,gray 60,3,153,153,153,999999,NULL,10066329,NULL
1182,NULL,gray 59,3,150,150,150,969696,NULL,9868950,NULL
1183,NULL,gray 58,3,148,148,148,949494,NULL,9737364,NULL
1184,NULL,gray 57,3,145,145,145,919191,NULL,9539985,NULL
1185,NULL,gray 56,3,143,143,143,8F8F8F,NULL,9408399,NULL
1186,NULL,gray 55,3,140,140,140,8C8C8C,NULL,9211020,NULL
1187,NULL,gray 54,3,138,138,138,8A8A8A,NULL,9079434,NULL
1188,NULL,gray 53,3,135,135,135,878787,NULL,8882055,NULL
1189,NULL,gray 52,3,133,133,133,858585,NULL,8750469,NULL
1190,NULL,gray 51,3,130,130,130,828282,NULL,8553090,NULL
1191,NULL,gray 50,3,127,127,127,7F7F7F,NULL,8355711,NULL
1192,NULL,gray 49,3,125,125,125,7D7D7D,NULL,8224125,NULL
1193,NULL,gray 48,3,122,122,122,7A7A7A,NULL,8026746,NULL
1194,NULL,gray 47,3,120,120,120,787878,NULL,7895160,NULL
1195,NULL,gray 46,3,117,117,117,757575,NULL,7697781,NULL
1196,NULL,gray 45,3,115,115,115,737373,NULL,7566195,NULL
1197,NULL,gray 44,3,112,112,112,707070,NULL,7368816,NULL
1198,NULL,gray 43,3,110,110,110,6E6E6E,NULL,7237230,NULL
1199,NULL,gray 42,3,107,107,107,6B6B6B,NULL,7039851,NULL
1200,NULL,dimgray (gray 42),3,105,105,105,696969,NULL,6908265,NULL
1201,NULL,gray 40,3,102,102,102,666666,NULL,6710886,NULL
1202,NULL,gray 39,3,99,99,99,636363,NULL,6513507,NULL
1203,NULL,gray 38,3,97,97,97,616161,NULL,6381921,NULL
1204,NULL,gray 37,3,94,94,94,5E5E5E,NULL,6184542,NULL
1205,NULL,gray 36,3,92,92,92,5C5C5C,NULL,6052956,NULL
1206,NULL,gray 35,3,89,89,89,595959,NULL,5855577,NULL
1207,NULL,gray 34,3,87,87,87,575757,NULL,5723991,NULL
1208,NULL,Gray33,3,84,84,84,545454,NULL,5526612,NULL
6451,NULL,RAL 1000 Green beige,NULL,190,189,127,BEBD7F,NULL,NULL,NULL
6452,NULL,RAL 1001 Beige,NULL,194,176,120,C2B078,NULL,NULL,NULL
6453,NULL,RAL 1002 Sand yellow,NULL,198,166,100,C6A664,NULL,NULL,NULL
6454,NULL,RAL 1003 Signal yellow,NULL,229,190,1,E5BE01,NULL,NULL,NULL
6455,NULL,RAL 1004 Golden yellow,NULL,205,164,52,CDA434,NULL,NULL,NULL
6456,NULL,RAL 1005 Honey yellow,NULL,169,131,7,A98307,NULL,NULL,NULL
6457,NULL,RAL 1006 Maize yellow,NULL,228,160,16,E4A010,NULL,NULL,NULL
6458,NULL,RAL 1007 Daffodil yellow,NULL,220,156,0,DC9D00,NULL,NULL,NULL
6459,NULL,RAL 1011 Brown beige,NULL,138,102,66,8A6642,NULL,NULL,NULL
6460,NULL,RAL 1012 Lemon yellow,NULL,199,180,70,C7B446,NULL,NULL,NULL
6461,NULL,RAL 1013 Oyster white,NULL,234,230,202,EAE6CA,NULL,NULL,NULL
6462,NULL,RAL 1014 Ivory,NULL,225,204,79,E1CC4F,NULL,NULL,NULL
6463,NULL,RAL 1015 Light ivory,NULL,230,214,144,E6D690,NULL,NULL,NULL
6464,NULL,RAL 1016 Sulfur yellow,NULL,237,255,33,EDFF21,NULL,NULL,NULL
6465,NULL,RAL 1017 Saffron yellow,NULL,245,208,51,F5D033,NULL,NULL,NULL
6466,NULL,RAL 1018 Zinc yellow,NULL,248,243,53,F8F32B,NULL,NULL,NULL
6467,NULL,RAL 1019 Grey beige,NULL,158,151,100,9E9764,NULL,NULL,NULL
6468,NULL,RAL 1020 Olive yellow,NULL,153,153,80,999950,NULL,NULL,NULL
6469,NULL,RAL 1021 Rape yellow,NULL,243,218,11,F3DA0B,NULL,NULL,NULL
6470,NULL,RAL 1023 Traffic yellow,NULL,250,210,1,FAD201,NULL,NULL,NULL
6471,NULL,RAL 1024 Ochre yellow,NULL,174,160,75,AEA04B,NULL,NULL,NULL
6472,NULL,RAL 1026 Luminous yellow,NULL,255,255,0,FFFF00,NULL,NULL,NULL
6473,NULL,RAL 1027 Curry,NULL,157,145,1,9D9101,NULL,NULL,NULL
1241,White,Snow 2,4,238,233,233,EEE9E9,NULL,NULL,NULL
1242,White,Snow 3,4,205,201,201,CDC9C9,NULL,NULL,NULL
1243,White,Snow 4,4,139,137,137,8B8989,NULL,NULL,NULL
1244,White,Ghost White,4,248,248,255,F8F8FF,NULL,NULL,NULL
1245,White,White Smoke,4,245,245,245,F5F5F5,NULL,NULL,NULL
1246,White,Gainsboro,4,220,220,220,"DCCDC ",NULL,NULL,NULL
1247,White,Floral White,4,255,250,240,FFFAF0,NULL,NULL,NULL
1248,White,Old Lace,4,253,245,230,FDF5E6,NULL,NULL,NULL
1249,White,Antique White,4,250,235,215,FAEBD7,NULL,NULL,NULL
1250,White,Antique White 2,4,238,223,204,EEDFCC,NULL,NULL,NULL
1251,White,Antique White 3,4,205,192,176,CDC0B0,NULL,NULL,NULL
1252,White,Antique White 4,4,139,131,120,8B8378,NULL,NULL,NULL
1253,White,Papaya Whip,4,255,239,213,FFEFD5,NULL,NULL,NULL
1254,White,Blanched Almond,4,255,235,205,FFEBCD,NULL,NULL,NULL
1255,White,Bisque 2,4,238,213,183,EED5B7,NULL,NULL,NULL
1256,White,Bisque 3,4,205,183,158,CDB79E,NULL,NULL,NULL
1257,White,Bisque 4,4,139,125,107,8B7D6B,NULL,NULL,NULL
1258,White,Peach Puff,4,255,218,185,FFDAB9,NULL,NULL,NULL
1259,White,Peach Puff 2,4,238,203,173,EECBAD,NULL,NULL,NULL
1260,White,Peach Puff 3,4,205,175,149,CDAF95,NULL,NULL,NULL
1261,White,Peach Puff 4,4,139,119,101,8B7765,NULL,NULL,NULL
1262,White,Navajo White,4,255,222,173,FFDEAD,NULL,NULL,NULL
1263,White,Cornsilk 2,4,238,232,205,EEE8DC,NULL,NULL,NULL
1264,White,Cornsilk 3,4,205,200,177,CDC8B1,NULL,NULL,NULL
1265,White,Cornsilk 4,4,139,136,120,8B8878,NULL,NULL,NULL
1266,White,Ivory 2,4,238,238,224,EEEEE0,NULL,NULL,NULL
1267,White,Ivory 3,4,205,205,193,CDCDC1,NULL,NULL,NULL
1268,White,Ivory 4,4,139,139,131,8B8B83,NULL,NULL,NULL
1269,White,Lemon Chiffon,4,255,250,205,FFFACD,NULL,NULL,NULL
1270,White,Seashell 2,4,238,229,222,EEE5DE,NULL,NULL,NULL
1271,White,Seashell 3,4,205,197,191,CDC5BF,NULL,NULL,NULL
1272,White,Seashell 4,4,139,134,130,8B8682,NULL,NULL,NULL
1273,White,Honeydew 2,4,244,238,224,E0EEE0,NULL,NULL,NULL
1274,White,Honeydew 3,4,193,205,193,C1CDC1,NULL,NULL,NULL
1275,White,Honeydew 4,4,131,139,131,838B83,NULL,NULL,NULL
1276,White,Mint Cream,4,245,255,250,F5FFFA,NULL,NULL,NULL
1277,White,Alice Blue,4,240,248,255,F0F8FF,NULL,NULL,NULL
1278,White,Lavender Blush,4,255,240,245,FFF0F5,NULL,NULL,NULL
1279,White,Misty Rose,4,255,228,225,FFE4E1,NULL,NULL,NULL
6474,NULL,RAL 1028 Melon yellow,NULL,244,169,0,F4A900,NULL,NULL,NULL
1281,Grey,Dim Gray,4,105,105,105,696969,NULL,NULL,NULL
1282,Grey,Slate Gray,4,112,138,144,708090,NULL,NULL,NULL
1283,Grey,Light Slate Gray,4,119,136,153,778899,NULL,NULL,NULL
1284,Grey,Gray,4,190,190,190,BEBEBE,NULL,NULL,NULL
1285,Grey,Light Gray,4,211,211,211,D3D3D3,NULL,NULL,NULL
6475,NULL,RAL 1032 Broom yellow,NULL,214,174,1,D6AE01,NULL,NULL,NULL
1287,Blue,Cornflower Blue,4,100,149,237,6495ED,NULL,NULL,NULL
6476,NULL,RAL 1033 Dahlia yellow,NULL,243,165,5,F3A505,NULL,NULL,NULL
1289,Blue,Slate Blue,4,106,90,205,6A5ACD,NULL,NULL,NULL
1290,Blue,Medium Slate Blue,4,123,104,238,7B68EE,NULL,NULL,NULL
1291,Blue,Light Slate Blue,4,132,112,255,8470FF,NULL,NULL,NULL
6477,NULL,RAL 1034 Pastel yellow,NULL,239,169,74,EFA94A,NULL,NULL,NULL
6478,NULL,RAL 1035 Pearl beige,NULL,106,93,77,6A5D4D,NULL,NULL,NULL
6479,NULL,RAL 1036 Pearl gold,NULL,112,83,53,705335,NULL,NULL,NULL
6480,NULL,RAL 1037 Sun yellow,NULL,243,159,24,F39F18,NULL,NULL,NULL
1296,Blue,Sky Blue,4,135,206,250,87CEEB,NULL,NULL,NULL
1297,Blue,Light Sky Blue,4,135,206,250,87CEFA,NULL,NULL,NULL
6481,NULL,RAL 2000 Yellow orange,NULL,237,118,14,ED760E,NULL,NULL,NULL
1299,Blue,Light Steel Blue,4,176,196,222,B0C4DE,NULL,NULL,NULL
1300,Blue,Light Blue,4,173,216,230,ADD8E6,NULL,NULL,NULL
1301,Blue,Powder Blue,4,176,224,230,B0E0E6,NULL,NULL,NULL
1302,Blue,Pale Turquoise,4,175,238,238,AFEEEE,NULL,NULL,NULL
6482,NULL,RAL 2001 Red orange,NULL,201,60,32,C93C20,NULL,NULL,NULL
6483,NULL,RAL 2002 Vermilion,NULL,203,40,33,CB2821,NULL,NULL,NULL
1305,Blue,Light Cyan,4,224,255,255,E0FFFF,NULL,NULL,NULL
1306,Blue,Cadet Blue,4,95,158,160,5F9EA0,NULL,NULL,NULL
1307,Green,Medium Aquamarine,4,102,205,170,66CDAA,NULL,NULL,NULL
6484,NULL,RAL 2003 Pastel orange,NULL,255,117,20,FF7514,NULL,NULL,NULL
1309,Green,Dark Olive Green,4,85,107,47,556B2F,NULL,NULL,NULL
1310,Green,Dark Sea Green,4,143,188,143,8FBC8F,NULL,NULL,NULL
6485,NULL,RAL 2004 Pure orange,NULL,244,70,17,F44611,NULL,NULL,NULL
1314,Green,Pale Green,4,152,251,152,98FB98,NULL,NULL,NULL
1315,Green,Lawn Green,4,124,252,0,7CFC00,NULL,NULL,NULL
1317,Green,Green Yellow,4,173,255,47,ADFF2F,NULL,NULL,NULL
1319,Green,Yellow Green,4,154,205,50,9ACD32,NULL,NULL,NULL
1321,Green,Olive Drab,4,107,142,35,6B8E23,NULL,NULL,NULL
1322,Green,Dark Khaki,4,189,183,107,BDB76B,NULL,NULL,NULL
1323,Yellow,Pale Goldenrod,4,238,232,170,EEE8AA,NULL,NULL,NULL
1324,Yellow,Light Goldenrod Yellow,4,250,250,210,FAFAD2,NULL,NULL,NULL
1325,Yellow,Light Yellow,4,255,255,224,FFFFE0,NULL,NULL,NULL
1326,Yellow,Light Goldenrod,4,238,221,130,EEDD82,NULL,NULL,NULL
1327,Yellow,Dark Goldenrod,4,184,134,11,B8860B,NULL,NULL,NULL
1328,Brown,Rosy Brown,4,188,143,143,BC8F8F,NULL,NULL,NULL
1329,Brown,Indian Red,4,205,92,92,CD5C5C,NULL,NULL,NULL
1330,Brown,Saddle Brown,4,139,69,19,8B4513,NULL,NULL,NULL
1331,Brown,Sandy Brown,4,244,164,96,F4A460,NULL,NULL,NULL
1332,Orange,Dark Salmon,4,233,150,122,E9967A,NULL,NULL,NULL
1333,Orange,Light Salmon,4,255,160,122,FFA07A,NULL,NULL,NULL
1334,Orange,Dark Orange,4,255,140,0,FF8C00,NULL,NULL,NULL
1335,Orange,Light Coral,4,240,128,128,F08080,NULL,NULL,NULL
1336,Orange,Orange Red,4,255,69,0,FF4500,NULL,NULL,NULL
1337,Pink/Violet,Hot Pink,4,255,105,180,FF69B4,NULL,NULL,NULL
1338,Pink/Violet,Deep Pink,4,255,20,147,FF1493,NULL,NULL,NULL
1339,Pink/Violet,Light Pink,4,255,182,193,FFB6C1,NULL,NULL,NULL
1340,Pink/Violet,Pale Violet Red,4,219,112,147,DB7093,NULL,NULL,NULL
1341,Pink/Violet,Medium Violet Red,4,199,21,133,C71585,NULL,NULL,NULL
1342,Pink/Violet,Violet Red,4,208,32,144,D02090,NULL,NULL,NULL
1343,Pink/Violet,Medium Orchid,4,186,85,211,BA55D3,NULL,NULL,NULL
1344,Pink/Violet,Dark Orchid,4,153,50,204,9932CC,NULL,NULL,NULL
1345,Pink/Violet,Dark Violet,4,148,0,211,9400D3,NULL,NULL,NULL
1346,Pink/Violet,Blue Violet,4,138,43,226,8A2BE2,NULL,NULL,NULL
1347,Pink/Violet,Medium Purple,4,147,112,219,9370DB,NULL,NULL,NULL
5749,NULL,PANTONE 2593,NULL,135,43,147,872B93,NULL,NULL,NULL
5750,NULL,PANTONE 2597,NULL,102,0,140,66008C,NULL,NULL,NULL
5751,NULL,PANTONE 260,NULL,104,30,91,681E5B,NULL,NULL,NULL
5752,NULL,PANTONE 2602,NULL,130,12,142,820C8E,NULL,NULL,NULL
5753,NULL,PANTONE 2603,NULL,112,20,122,70147A,NULL,NULL,NULL
5754,NULL,PANTONE 2607,NULL,91,2,122,5B027A,NULL,NULL,NULL
5755,NULL,PANTONE 261,NULL,94,33,84,5E2154,NULL,NULL,NULL
5756,NULL,PANTONE 2612,NULL,112,30,114,701E72,NULL,NULL,NULL
5757,NULL,PANTONE 2613,NULL,102,17,109,66116D,NULL,NULL,NULL
5758,NULL,PANTONE 2617,NULL,86,12,112,560C70,NULL,NULL,NULL
1348,NULL,TRUMATCH 1-a,NULL,231,51,99,E73363,NULL,NULL,NULL
1349,NULL,TRUMATCH 1-b,NULL,233,89,117,E95975,NULL,NULL,NULL
1350,NULL,TRUMATCH 1-c,NULL,235,121,138,EB798A,NULL,NULL,NULL
1351,NULL,TRUMATCH 1-d,NULL,239,151,161,EF97A1,NULL,NULL,NULL
1352,NULL,TRUMATCH 1-e,NULL,243,183,188,F3B7BC,NULL,NULL,NULL
1353,NULL,TRUMATCH 1-f,NULL,247,211,213,F7D3D5,NULL,NULL,NULL
1354,NULL,TRUMATCH 1-g,NULL,252,239,239,FCEFEF,NULL,NULL,NULL
1355,NULL,TRUMATCH 1-h,NULL,253,246,247,FDF6F7,NULL,NULL,NULL
1356,NULL,TRUMATCH 1-a1,NULL,222,49,96,DE3160,NULL,NULL,NULL
1357,NULL,TRUMATCH 1-b1,NULL,224,85,113,E05571,NULL,NULL,NULL
1358,NULL,TRUMATCH 1-c1,NULL,227,116,133,E37485,NULL,NULL,NULL
1359,NULL,TRUMATCH 1-d1,NULL,230,145,155,E6919B,NULL,NULL,NULL
1360,NULL,TRUMATCH 1-e1,NULL,234,176,181,EAB0B5,NULL,NULL,NULL
1361,NULL,TRUMATCH 1-f1,NULL,238,203,206,EECBCE,NULL,NULL,NULL
1362,NULL,TRUMATCH 1-d5,NULL,186,117,127,BA757F,NULL,NULL,NULL
1363,NULL,TRUMATCH 1-e5,NULL,189,142,148,BD8E94,NULL,NULL,NULL
1364,NULL,TRUMATCH 1-a2,NULL,213,46,92,D52E5C,NULL,NULL,NULL
1365,NULL,TRUMATCH 1-b2,NULL,215,81,109,D7516D,NULL,NULL,NULL
1366,NULL,TRUMATCH 1-c2,NULL,217,111,128,D96F80,NULL,NULL,NULL
1367,NULL,TRUMATCH 1-d2,NULL,220,139,149,DC8B95,NULL,NULL,NULL
1368,NULL,TRUMATCH 1-e2,NULL,224,169,174,E0A9AE,NULL,NULL,NULL
1369,NULL,TRUMATCH 1-a5,NULL,180,36,77,B4244D,NULL,NULL,NULL
1370,NULL,TRUMATCH 1-b5,NULL,182,67,92,B6435C,NULL,NULL,NULL
1371,NULL,TRUMATCH 1-c5,NULL,184,93,109,B85D6D,NULL,NULL,NULL
1372,NULL,TRUMATCH 1-a3,NULL,202,43,87,CA2B57,NULL,NULL,NULL
1373,NULL,TRUMATCH 1-b3,NULL,204,77,104,CC4D68,NULL,NULL,NULL
1374,NULL,TRUMATCH 1-c3,NULL,207,105,122,CF697A,NULL,NULL,NULL
1375,NULL,TRUMATCH 1-d3,NULL,209,132,142,D1848E,NULL,NULL,NULL
1376,NULL,TRUMATCH 1-e3,NULL,213,160,166,D5A0A6,NULL,NULL,NULL
1377,NULL,TRUMATCH 1-a6,NULL,168,32,71,A82047,NULL,NULL,NULL
1378,NULL,TRUMATCH 1-b6,NULL,170,62,86,AA3E56,NULL,NULL,NULL
1379,NULL,TRUMATCH 1-c6,NULL,172,86,102,AC5666,NULL,NULL,NULL
1380,NULL,TRUMATCH 1-a4,NULL,191,39,82,BF2752,NULL,NULL,NULL
1381,NULL,TRUMATCH 1-b4,NULL,193,72,98,C14862,NULL,NULL,NULL
1382,NULL,TRUMATCH 1-c4,NULL,195,99,115,C36373,NULL,NULL,NULL
1383,NULL,TRUMATCH 1-d4,NULL,198,125,135,C67D87,NULL,NULL,NULL
1384,NULL,TRUMATCH 1-e4,NULL,201,152,157,C9989D,NULL,NULL,NULL
1385,NULL,TRUMATCH 1-a7,NULL,156,27,65,9C1B41,NULL,NULL,NULL
1386,NULL,TRUMATCH 1-b7,NULL,158,56,79,9E384F,NULL,NULL,NULL
1387,NULL,TRUMATCH 1-c7,NULL,160,79,94,A04F5E,NULL,NULL,NULL
1388,NULL,TRUMATCH 2-a,NULL,230,0,66,E60042,NULL,NULL,NULL
1389,NULL,TRUMATCH 2-b,NULL,232,68,88,E84458,NULL,NULL,NULL
1390,NULL,TRUMATCH 2-c,NULL,234,104,111,EA686F,NULL,NULL,NULL
1391,NULL,TRUMATCH 2-d,NULL,238,138,138,EE8A8A,NULL,NULL,NULL
1392,NULL,TRUMATCH 2-e,NULL,242,173,170,F2ADAA,NULL,NULL,NULL
1393,NULL,TRUMATCH 2-f,NULL,247,206,202,F7CECA,NULL,NULL,NULL
1394,NULL,TRUMATCH 2-g,NULL,252,236,235,FCECEB,NULL,NULL,NULL
1395,NULL,TRUMATCH 2-h,NULL,254,246,245,FEF6F5,NULL,NULL,NULL
1396,NULL,TRUMATCH 2-a1,NULL,221,0,64,DD0040,NULL,NULL,NULL
1397,NULL,TRUMATCH 2-b1,NULL,223,65,85,DF4155,NULL,NULL,NULL
1398,NULL,TRUMATCH 2-c1,NULL,226,100,108,E2646C,NULL,NULL,NULL
1399,NULL,TRUMATCH 2-d1,NULL,229,133,134,E58586,NULL,NULL,NULL
1400,NULL,TRUMATCH 2-e1,NULL,233,167,164,E9A7A4,NULL,NULL,NULL
1401,NULL,TRUMATCH 2-f1,NULL,237,198,195,EDC6C3,NULL,NULL,NULL
1402,NULL,TRUMATCH 2-d5,NULL,186,107,109,BA6B6D,NULL,NULL,NULL
1403,NULL,TRUMATCH 2-e5,NULL,189,135,134,BD8786,NULL,NULL,NULL
1404,NULL,TRUMATCH 2-a2,NULL,211,0,61,D3003D,NULL,NULL,NULL
1405,NULL,TRUMATCH 2-b2,NULL,214,62,81,D63E51,NULL,NULL,NULL
1406,NULL,TRUMATCH 2-c2,NULL,216,96,103,D86067,NULL,NULL,NULL
1407,NULL,TRUMATCH 2-d2,NULL,219,127,128,DB7F80,NULL,NULL,NULL
1408,NULL,TRUMATCH 2-e2,NULL,223,160,157,DFA09D,NULL,NULL,NULL
1409,NULL,TRUMATCH 2-a5,NULL,179,0,50,B30032,NULL,NULL,NULL
1410,NULL,TRUMATCH 2-b5,NULL,181,50,67,B53243,NULL,NULL,NULL
1411,NULL,TRUMATCH 2-c5,NULL,183,80,87,B75057,NULL,NULL,NULL
1412,NULL,TRUMATCH 2-a3,NULL,201,0,57,C90039,NULL,NULL,NULL
1413,NULL,TRUMATCH 2-b3,NULL,203,58,77,CB3A4D,NULL,NULL,NULL
1414,NULL,TRUMATCH 2-c3,NULL,206,91,98,CE5B62,NULL,NULL,NULL
1415,NULL,TRUMATCH 2-d3,NULL,208,121,122,D0797A,NULL,NULL,NULL
1416,NULL,TRUMATCH 2-e3,NULL,212,152,150,D49896,NULL,NULL,NULL
1417,NULL,TRUMATCH 2-a6,NULL,167,0,45,A7002D,NULL,NULL,NULL
1418,NULL,TRUMATCH 2-b6,NULL,169,46,62,A92E3E,NULL,NULL,NULL
1419,NULL,TRUMATCH 2-c6,NULL,171,74,81,AB4A51,NULL,NULL,NULL
1420,NULL,TRUMATCH 2-a4,NULL,190,0,54,BE0036,NULL,NULL,NULL
1421,NULL,TRUMATCH 2-b4,NULL,192,54,72,C03648,NULL,NULL,NULL
1422,NULL,TRUMATCH 2-c4,NULL,195,85,93,C3555D,NULL,NULL,NULL
1423,NULL,TRUMATCH 2-d4,NULL,197,114,116,C57274,NULL,NULL,NULL
1424,NULL,TRUMATCH 2-e4,NULL,200,143,142,C88F8E,NULL,NULL,NULL
1425,NULL,TRUMATCH 2-a7,NULL,155,0,41,9B0029,NULL,NULL,NULL
1426,NULL,TRUMATCH 2-b7,NULL,157,41,56,9D2938,NULL,NULL,NULL
1427,NULL,TRUMATCH 2-c7,NULL,159,67,75,9F434B,NULL,NULL,NULL
1428,NULL,TRUMATCH 3-a,NULL,231,61,87,E73D57,NULL,NULL,NULL
1429,NULL,TRUMATCH 3-b,NULL,234,95,107,EA5F6B,NULL,NULL,NULL
1430,NULL,TRUMATCH 3-c,NULL,236,124,128,EC7C80,NULL,NULL,NULL
1431,NULL,TRUMATCH 3-d,NULL,240,155,154,F09B9A,NULL,NULL,NULL
1432,NULL,TRUMATCH 3-e,NULL,244,185,182,F4B9B6,NULL,NULL,NULL
1433,NULL,TRUMATCH 3-f,NULL,248,212,209,F8D4D1,NULL,NULL,NULL
1434,NULL,TRUMATCH 3-g,NULL,252,238,237,FCEEED,NULL,NULL,NULL
1435,NULL,TRUMATCH 3-h,NULL,254,248,247,FEF8F7,NULL,NULL,NULL
1436,NULL,TRUMATCH 3-a1,NULL,223,59,83,DF3B53,NULL,NULL,NULL
1437,NULL,TRUMATCH 3-b1,NULL,225,92,103,E15C67,NULL,NULL,NULL
1438,NULL,TRUMATCH 3-c1,NULL,228,120,123,E4787B,NULL,NULL,NULL
1439,NULL,TRUMATCH 3-d1,NULL,231,149,149,E79595,NULL,NULL,NULL
1440,NULL,TRUMATCH 3-e1,NULL,235,178,176,EBB2B0,NULL,NULL,NULL
1441,NULL,TRUMATCH 3-f1,NULL,238,204,202,EECCCA,NULL,NULL,NULL
1442,NULL,TRUMATCH 3-g1,NULL,242,229,229,F2E5E5,NULL,NULL,NULL
1443,NULL,TRUMATCH 3-h1,NULL,244,239,238,F4EFEE,NULL,NULL,NULL
1444,NULL,TRUMATCH 3-a2,NULL,213,56,80,D53850,NULL,NULL,NULL
1445,NULL,TRUMATCH 3-b2,NULL,215,87,99,D75763,NULL,NULL,NULL
1446,NULL,TRUMATCH 3-c2,NULL,218,115,119,DA7377,NULL,NULL,NULL
1447,NULL,TRUMATCH 3-d2,NULL,221,143,143,DD8F8F,NULL,NULL,NULL
1448,NULL,TRUMATCH 3-e2,NULL,224,170,169,E0AAA9,NULL,NULL,NULL
1449,NULL,TRUMATCH 3-a5,NULL,181,45,66,B52D42,NULL,NULL,NULL
1450,NULL,TRUMATCH 3-b5,NULL,182,72,84,B64854,NULL,NULL,NULL
1451,NULL,TRUMATCH 3-c5,NULL,184,96,101,B86065,NULL,NULL,NULL
1452,NULL,TRUMATCH 3-a3,NULL,203,52,76,CB344C,NULL,NULL,NULL
1453,NULL,TRUMATCH 3-b3,NULL,205,83,94,CD535E,NULL,NULL,NULL
1454,NULL,TRUMATCH 3-c3,NULL,207,109,113,CF6D71,NULL,NULL,NULL
1455,NULL,TRUMATCH 3-d3,NULL,210,136,136,D28888,NULL,NULL,NULL
1456,NULL,TRUMATCH 3-e3,NULL,213,162,161,D5A2A1,NULL,NULL,NULL
1457,NULL,TRUMATCH 3-a6,NULL,169,41,61,A9293D,NULL,NULL,NULL
1458,NULL,TRUMATCH 3-b6,NULL,170,67,77,AA434D,NULL,NULL,NULL
1459,NULL,TRUMATCH 3-c6,NULL,172,89,94,AC595E,NULL,NULL,NULL
1460,NULL,TRUMATCH 3-a4,NULL,192,49,71,C03147,NULL,NULL,NULL
1461,NULL,TRUMATCH 3-b4,NULL,194,78,89,C24E59,NULL,NULL,NULL
1462,NULL,TRUMATCH 3-c4,NULL,196,102,107,C4666B,NULL,NULL,NULL
1463,NULL,TRUMATCH 3-d4,NULL,199,128,129,C78081,NULL,NULL,NULL
1464,NULL,TRUMATCH 3-e4,NULL,202,153,152,CA9998,NULL,NULL,NULL
1465,NULL,TRUMATCH 3-a7,NULL,157,36,55,9D2437,NULL,NULL,NULL
1466,NULL,TRUMATCH 3-b7,NULL,158,61,71,9E3D47,NULL,NULL,NULL
1467,NULL,TRUMATCH 3-c7,NULL,160,82,87,A05257,NULL,NULL,NULL
1468,NULL,TRUMATCH 4-a,NULL,216,0,11,D8000B,NULL,NULL,NULL
1469,NULL,TRUMATCH 4-b,NULL,220,66,39,DC4227,NULL,NULL,NULL
1470,NULL,TRUMATCH 4-c,NULL,226,101,67,E26543,NULL,NULL,NULL
1471,NULL,TRUMATCH 4-d,NULL,230,134,101,E68665,NULL,NULL,NULL
1472,NULL,TRUMATCH 4-e,NULL,237,169,141,EDA98D,NULL,NULL,NULL
1473,NULL,TRUMATCH 4-f,NULL,243,203,184,F3CBB8,NULL,NULL,NULL
1474,NULL,TRUMATCH 4-g,NULL,251,235,227,FBEBE3,NULL,NULL,NULL
1475,NULL,TRUMATCH 4-a1,NULL,209,0,11,D1000B,NULL,NULL,NULL
1476,NULL,TRUMATCH 4-b1,NULL,212,64,37,D44025,NULL,NULL,NULL
1477,NULL,TRUMATCH 4-c1,NULL,217,97,65,D96141,NULL,NULL,NULL
1478,NULL,TRUMATCH 4-d1,NULL,222,129,98,DE8162,NULL,NULL,NULL
1479,NULL,TRUMATCH 4-e1,NULL,228,163,136,E4A388,NULL,NULL,NULL
1480,NULL,TRUMATCH 4-f1,NULL,234,195,178,EAC3B2,NULL,NULL,NULL
1481,NULL,TRUMATCH 4-d5,NULL,180,103,79,B4674F,NULL,NULL,NULL
1482,NULL,TRUMATCH 4-e5,NULL,185,131,112,B98370,NULL,NULL,NULL
1483,NULL,TRUMATCH 4-a2,NULL,199,0,10,C7000A,NULL,NULL,NULL
1484,NULL,TRUMATCH 4-b2,NULL,203,61,35,CB3D23,NULL,NULL,NULL
1485,NULL,TRUMATCH 4-c2,NULL,208,93,62,D05D3E,NULL,NULL,NULL
1486,NULL,TRUMATCH 4-d2,NULL,212,123,94,D47B5E,NULL,NULL,NULL
1487,NULL,TRUMATCH 4-e2,NULL,218,156,131,DA9C83,NULL,NULL,NULL
1488,NULL,TRUMATCH 4-a5,NULL,168,0,8,A80008,NULL,NULL,NULL
1489,NULL,TRUMATCH 4-b5,NULL,172,50,28,AC321C,NULL,NULL,NULL
1490,NULL,TRUMATCH 4-c5,NULL,176,77,51,B04D33,NULL,NULL,NULL
1491,NULL,TRUMATCH 4-a3,NULL,190,0,10,BE000A,NULL,NULL,NULL
1492,NULL,TRUMATCH 4-b3,NULL,193,58,33,C13A21,NULL,NULL,NULL
1493,NULL,TRUMATCH 4-c3,NULL,198,88,59,C6583B,NULL,NULL,NULL
1494,NULL,TRUMATCH 4-d3,NULL,202,117,89,CA7559,NULL,NULL,NULL
1495,NULL,TRUMATCH 4-e3,NULL,208,148,125,D0947D,NULL,NULL,NULL
1496,NULL,TRUMATCH 4-a6,NULL,157,0,6,9D0006,NULL,NULL,NULL
1497,NULL,TRUMATCH 4-b6,NULL,160,46,25,A02E19,NULL,NULL,NULL
1498,NULL,TRUMATCH 4-c6,NULL,164,71,46,A4472E,NULL,NULL,NULL
1499,NULL,TRUMATCH 4-a4,NULL,179,0,9,B30009,NULL,NULL,NULL
1500,NULL,TRUMATCH 4-b4,NULL,183,54,31,B7361F,NULL,NULL,NULL
1501,NULL,TRUMATCH 4-c4,NULL,187,83,55,BB5337,NULL,NULL,NULL
1502,NULL,TRUMATCH 4-d4,NULL,191,110,84,BF6E54,NULL,NULL,NULL
1503,NULL,TRUMATCH 4-e4,NULL,196,140,118,C48C76,NULL,NULL,NULL
1504,NULL,TRUMATCH 4-a7,NULL,146,0,5,920005,NULL,NULL,NULL
1505,NULL,TRUMATCH 4-b7,NULL,149,41,22,952916,NULL,NULL,NULL
1506,NULL,TRUMATCH 4-c7,NULL,152,65,41,984129,NULL,NULL,NULL
1507,NULL,TRUMATCH 5-a,NULL,230,0,35,E60023,NULL,NULL,NULL
1508,NULL,TRUMATCH 5-b,NULL,232,67,57,E84339,NULL,NULL,NULL
1509,NULL,TRUMATCH 5-c,NULL,235,103,83,EB6753,NULL,NULL,NULL
1510,NULL,TRUMATCH 5-d,NULL,238,137,115,EE8973,NULL,NULL,NULL
1511,NULL,TRUMATCH 5-e,NULL,242,172,152,F2AC98,NULL,NULL,NULL
1512,NULL,TRUMATCH 5-f,NULL,247,205,192,F7CDC0,NULL,NULL,NULL
1513,NULL,TRUMATCH 5-g,NULL,252,236,229,FCECE5,NULL,NULL,NULL
1514,NULL,TRUMATCH 5-h,NULL,254,246,244,FEF6F4,NULL,NULL,NULL
1515,NULL,TRUMATCH 5-a1,NULL,221,0,33,DD0021,NULL,NULL,NULL
1516,NULL,TRUMATCH 5-b1,NULL,224,64,55,E04037,NULL,NULL,NULL
1517,NULL,TRUMATCH 5-c1,NULL,226,99,80,E26350,NULL,NULL,NULL
1518,NULL,TRUMATCH 5-d1,NULL,230,132,111,E6846F,NULL,NULL,NULL
1519,NULL,TRUMATCH 5-e1,NULL,234,165,147,EAA593,NULL,NULL,NULL
1520,NULL,TRUMATCH 5-f1,NULL,238,197,185,EEC5B9,NULL,NULL,NULL
1521,NULL,TRUMATCH 5-g1,NULL,242,227,221,F2E3DD,NULL,NULL,NULL
1522,NULL,TRUMATCH 5-d5,NULL,186,106,91,BA6A5B,NULL,NULL,NULL
1523,NULL,TRUMATCH 5-a2,NULL,211,0,32,D30020,NULL,NULL,NULL
1524,NULL,TRUMATCH 5-b2,NULL,214,61,52,D63D34,NULL,NULL,NULL
1525,NULL,TRUMATCH 5-c2,NULL,216,95,76,D85F4C,NULL,NULL,NULL
1526,NULL,TRUMATCH 5-d2,NULL,220,126,107,DC7E6B,NULL,NULL,NULL
1527,NULL,TRUMATCH 5-e2,NULL,223,158,141,DF9E8D,NULL,NULL,NULL
1528,NULL,TRUMATCH 5-a5,NULL,179,0,26,B3001A,NULL,NULL,NULL
1529,NULL,TRUMATCH 5-b5,NULL,181,50,43,B5322B,NULL,NULL,NULL
1530,NULL,TRUMATCH 5-c5,NULL,183,79,63,B74F3F,NULL,NULL,NULL
1531,NULL,TRUMATCH 5-a3,NULL,201,0,30,C9001E,NULL,NULL,NULL
1532,NULL,TRUMATCH 5-b3,NULL,203,58,50,CB3A32,NULL,NULL,NULL
1533,NULL,TRUMATCH 5-c3,NULL,206,90,73,CE5A49,NULL,NULL,NULL
1534,NULL,TRUMATCH 5-d3,NULL,209,120,102,D17866,NULL,NULL,NULL
1535,NULL,TRUMATCH 5-e3,NULL,212,151,135,D49787,NULL,NULL,NULL
1536,NULL,TRUMATCH 5-a6,NULL,167,0,23,A70017,NULL,NULL,NULL
1537,NULL,TRUMATCH 5-b6,NULL,169,46,39,A92E27,NULL,NULL,NULL
1538,NULL,TRUMATCH 5-c6,NULL,171,73,58,AB493A,NULL,NULL,NULL
1539,NULL,TRUMATCH 5-a4,NULL,190,0,28,BE001C,NULL,NULL,NULL
1540,NULL,TRUMATCH 5-b4,NULL,192,54,46,C0362E,NULL,NULL,NULL
1541,NULL,TRUMATCH 5-c4,NULL,195,84,68,C35444,NULL,NULL,NULL
1542,NULL,TRUMATCH 5-d4,NULL,198,113,96,C67160,NULL,NULL,NULL
1543,NULL,TRUMATCH 5-e4,NULL,201,142,128,C98E80,NULL,NULL,NULL
1544,NULL,TRUMATCH 5-a7,NULL,155,0,20,9B0014,NULL,NULL,NULL
1545,NULL,TRUMATCH 5-b7,NULL,157,42,35,9D2A23,NULL,NULL,NULL
1546,NULL,TRUMATCH 5-c7,NULL,159,67,53,9F4335,NULL,NULL,NULL
1547,NULL,TRUMATCH 6-a,NULL,230,0,4,E60004,NULL,NULL,NULL
1548,NULL,TRUMATCH 6-b,NULL,232,67,37,E84325,NULL,NULL,NULL
1549,NULL,TRUMATCH 6-c,NULL,235,102,67,EB6643,NULL,NULL,NULL
1550,NULL,TRUMATCH 6-d,NULL,239,136,101,EF8865,NULL,NULL,NULL
1551,NULL,TRUMATCH 6-e,NULL,243,171,141,F3AB8D,NULL,NULL,NULL
1552,NULL,TRUMATCH 6-f,NULL,247,204,184,F7CCB8,NULL,NULL,NULL
1553,NULL,TRUMATCH 6-g,NULL,252,236,228,FCECE4,NULL,NULL,NULL
1554,NULL,TRUMATCH 6-h,NULL,254,246,242,FEF6F2,NULL,NULL,NULL
1555,NULL,TRUMATCH 6-a1,NULL,221,0,5,DD0005,NULL,NULL,NULL
1556,NULL,TRUMATCH 6-b1,NULL,224,64,35,E04023,NULL,NULL,NULL
1557,NULL,TRUMATCH 6-c1,NULL,227,98,64,E36240,NULL,NULL,NULL
1558,NULL,TRUMATCH 6-d1,NULL,230,131,97,E68361,NULL,NULL,NULL
1559,NULL,TRUMATCH 6-e1,NULL,234,165,136,EAA588,NULL,NULL,NULL
1560,NULL,TRUMATCH 6-f1,NULL,238,197,178,EEC5B2,NULL,NULL,NULL
1561,NULL,TRUMATCH 6-d5,NULL,186,105,79,BA694F,NULL,NULL,NULL
1562,NULL,TRUMATCH 6-e5,NULL,189,133,112,BD8570,NULL,NULL,NULL
1563,NULL,TRUMATCH 6-a2,NULL,211,0,6,D30006,NULL,NULL,NULL
1564,NULL,TRUMATCH 6-b2,NULL,214,61,34,D63D22,NULL,NULL,NULL
1565,NULL,TRUMATCH 6-c2,NULL,217,94,61,D95E3D,NULL,NULL,NULL
1566,NULL,TRUMATCH 6-d2,NULL,220,125,93,DC7D5D,NULL,NULL,NULL
1567,NULL,TRUMATCH 6-e2,NULL,223,157,131,DF9D83,NULL,NULL,NULL
1568,NULL,TRUMATCH 6-a5,NULL,178,0,5,B20005,NULL,NULL,NULL
1569,NULL,TRUMATCH 6-b5,NULL,181,50,27,B5321B,NULL,NULL,NULL
1570,NULL,TRUMATCH 6-c5,NULL,183,78,50,B74E32,NULL,NULL,NULL
1571,NULL,TRUMATCH 6-a3,NULL,201,0,6,C90006,NULL,NULL,NULL
1572,NULL,TRUMATCH 6-b3,NULL,204,58,32,CC3A20,NULL,NULL,NULL
1573,NULL,TRUMATCH 6-c3,NULL,206,89,58,CE593A,NULL,NULL,NULL
1574,NULL,TRUMATCH 6-d3,NULL,209,119,89,D17759,NULL,NULL,NULL
1575,NULL,TRUMATCH 6-e3,NULL,212,150,125,D4967D,NULL,NULL,NULL
1576,NULL,TRUMATCH 6-a6,NULL,167,0,4,A70004,NULL,NULL,NULL
1577,NULL,TRUMATCH 6-b6,NULL,169,46,24,A92E18,NULL,NULL,NULL
1578,NULL,TRUMATCH 6-c6,NULL,171,73,46,AB492E,NULL,NULL,NULL
1579,NULL,TRUMATCH 6-a4,NULL,190,0,6,BE0006,NULL,NULL,NULL
1580,NULL,TRUMATCH 6-b4,NULL,192,54,29,C0361D,NULL,NULL,NULL
1581,NULL,TRUMATCH 6-c4,NULL,195,84,54,C35436,NULL,NULL,NULL
1582,NULL,TRUMATCH 6-d4,NULL,198,112,84,C67054,NULL,NULL,NULL
1583,NULL,TRUMATCH 6-e4,NULL,201,141,119,C98D77,NULL,NULL,NULL
1584,NULL,TRUMATCH 6-a7,NULL,155,0,3,9B0003,NULL,NULL,NULL
1585,NULL,TRUMATCH 6-b7,NULL,157,42,21,9D2A15,NULL,NULL,NULL
1586,NULL,TRUMATCH 6-c7,NULL,159,66,41,9F4229,NULL,NULL,NULL
1587,NULL,TRUMATCH 7-a,NULL,233,74,0,E94A00,NULL,NULL,NULL
1588,NULL,TRUMATCH 7-b,NULL,236,101,39,EC6527,NULL,NULL,NULL
1589,NULL,TRUMATCH 7-c,NULL,239,130,73,EF8249,NULL,NULL,NULL
1590,NULL,TRUMATCH 7-d,NULL,242,158,108,F29E6C,NULL,NULL,NULL
1591,NULL,TRUMATCH 7-e,NULL,245,186,148,F5BA94,NULL,NULL,NULL
1592,NULL,TRUMATCH 7-f,NULL,249,212,188,F9D4BC,NULL,NULL,NULL
1593,NULL,TRUMATCH 7-g,NULL,253,239,230,FDEFE6,NULL,NULL,NULL
1594,NULL,TRUMATCH 7-h,NULL,254,247,243,FEF7F3,NULL,NULL,NULL
1595,NULL,TRUMATCH 7-a1,NULL,225,71,0,E14700,NULL,NULL,NULL
1596,NULL,TRUMATCH 7-b1,NULL,227,98,37,E36225,NULL,NULL,NULL
1597,NULL,TRUMATCH 7-c1,NULL,230,125,70,E67D46,NULL,NULL,NULL
1598,NULL,TRUMATCH 7-d1,NULL,233,152,104,E99868,NULL,NULL,NULL
1599,NULL,TRUMATCH 7-e1,NULL,236,179,143,ECB38F,NULL,NULL,NULL
1600,NULL,TRUMATCH 7-f1,NULL,239,204,182,EFCCB6,NULL,NULL,NULL
1601,NULL,TRUMATCH 7-d5,NULL,188,122,85,BC7A55,NULL,NULL,NULL
1602,NULL,TRUMATCH 7-e5,NULL,191,144,117,BF9075,NULL,NULL,NULL
1603,NULL,TRUMATCH 7-a2,NULL,215,68,0,D74400,NULL,NULL,NULL
1604,NULL,TRUMATCH 7-b2,NULL,217,93,35,D95D23,NULL,NULL,NULL
1605,NULL,TRUMATCH 7-c2,NULL,220,120,67,DC7843,NULL,NULL,NULL
1606,NULL,TRUMATCH 7-d2,NULL,223,145,100,DF9164,NULL,NULL,NULL
1607,NULL,TRUMATCH 7-e2,NULL,226,171,137,E2AB89,NULL,NULL,NULL
1608,NULL,TRUMATCH 7-a5,NULL,181,57,0,B53900,NULL,NULL,NULL
1609,NULL,TRUMATCH 7-b5,NULL,183,78,28,B74E1C,NULL,NULL,NULL
1610,NULL,TRUMATCH 7-c5,NULL,186,100,55,BA6437,NULL,NULL,NULL
1611,NULL,TRUMATCH 7-a3,NULL,204,65,0,CC4100,NULL,NULL,NULL
1612,NULL,TRUMATCH 7-b3,NULL,206,89,33,CE5921,NULL,NULL,NULL
1613,NULL,TRUMATCH 7-c3,NULL,209,114,64,D17240,NULL,NULL,NULL
1614,NULL,TRUMATCH 7-d3,NULL,212,138,96,D48A60,NULL,NULL,NULL
1615,NULL,TRUMATCH 7-e3,NULL,214,163,131,D6A383,NULL,NULL,NULL
1616,NULL,TRUMATCH 7-a6,NULL,169,52,0,A93400,NULL,NULL,NULL
1617,NULL,TRUMATCH 7-b6,NULL,171,72,25,AB4819,NULL,NULL,NULL
1618,NULL,TRUMATCH 7-c6,NULL,173,93,51,AD5D33,NULL,NULL,NULL
1619,NULL,TRUMATCH 7-a4,NULL,193,61,0,C13D00,NULL,NULL,NULL
1620,NULL,TRUMATCH 7-b4,NULL,195,83,31,C3531F,NULL,NULL,NULL
1621,NULL,TRUMATCH 7-c4,NULL,198,107,60,C66B3C,NULL,NULL,NULL
1622,NULL,TRUMATCH 7-d4,NULL,200,131,90,C8835A,NULL,NULL,NULL
1623,NULL,TRUMATCH 7-e4,NULL,203,154,124,CB9A7C,NULL,NULL,NULL
1624,NULL,TRUMATCH 7-a7,NULL,157,48,0,9D3000,NULL,NULL,NULL
1625,NULL,TRUMATCH 7-b7,NULL,159,66,22,9F4216,NULL,NULL,NULL
1626,NULL,TRUMATCH 7-c7,NULL,161,86,46,A1562E,NULL,NULL,NULL
1627,NULL,TRUMATCH 8-a,NULL,240,132,0,F08400,NULL,NULL,NULL
1628,NULL,TRUMATCH 8-b,NULL,242,150,43,F2962B,NULL,NULL,NULL
1629,NULL,TRUMATCH 8-c,NULL,245,168,81,F5A851,NULL,NULL,NULL
1630,NULL,TRUMATCH 8-d,NULL,247,189,118,F7BD76,NULL,NULL,NULL
1631,NULL,TRUMATCH 8-e,NULL,249,207,157,F9CF9D,NULL,NULL,NULL
1632,NULL,TRUMATCH 8-f,NULL,251,225,195,FBE1C3,NULL,NULL,NULL
1633,NULL,TRUMATCH 8-g,NULL,254,243,232,FEF3E8,NULL,NULL,NULL
1634,NULL,TRUMATCH 8-h,NULL,254,249,244,FEF9F4,NULL,NULL,NULL
1635,NULL,TRUMATCH 8-a1,NULL,231,127,0,E77F00,NULL,NULL,NULL
1636,NULL,TRUMATCH 8-b1,NULL,233,145,41,E99129,NULL,NULL,NULL
1637,NULL,TRUMATCH 8-c1,NULL,235,162,78,EBA24E,NULL,NULL,NULL
1638,NULL,TRUMATCH 8-d1,NULL,238,182,114,EEB672,NULL,NULL,NULL
1639,NULL,TRUMATCH 8-e1,NULL,240,200,152,F0C898,NULL,NULL,NULL
1640,NULL,TRUMATCH 8-f1,NULL,242,217,188,F2D9BC,NULL,NULL,NULL
1641,NULL,TRUMATCH 8-d5,NULL,192,147,93,C0935D,NULL,NULL,NULL
1642,NULL,TRUMATCH 8-e5,NULL,193,161,124,C1A17C,NULL,NULL,NULL
1643,NULL,TRUMATCH 8-a2,NULL,221,122,0,DD7A00,NULL,NULL,NULL
1644,NULL,TRUMATCH 8-b2,NULL,223,138,39,DF8A27,NULL,NULL,NULL
1645,NULL,TRUMATCH 8-c2,NULL,225,155,75,E19B4B,NULL,NULL,NULL
1646,NULL,TRUMATCH 8-d2,NULL,227,174,110,E3AE6E,NULL,NULL,NULL
1647,NULL,TRUMATCH 8-e2,NULL,229,191,145,E5BF91,NULL,NULL,NULL
1648,NULL,TRUMATCH 8-a5,NULL,186,102,0,BA6600,NULL,NULL,NULL
1649,NULL,TRUMATCH 8-b5,NULL,188,117,31,BC751F,NULL,NULL,NULL
1650,NULL,TRUMATCH 8-c5,NULL,190,131,63,BE833F,NULL,NULL,NULL
1651,NULL,TRUMATCH 8-a3,NULL,210,116,0,D27400,NULL,NULL,NULL
1652,NULL,TRUMATCH 8-b3,NULL,212,132,37,D48425,NULL,NULL,NULL
1653,NULL,TRUMATCH 8-c3,NULL,214,148,72,D69448,NULL,NULL,NULL
1654,NULL,TRUMATCH 8-d3,NULL,216,166,105,D8A669,NULL,NULL,NULL
1655,NULL,TRUMATCH 8-e3,NULL,218,182,139,DAB68B,NULL,NULL,NULL
1656,NULL,TRUMATCH 8-a6,NULL,174,95,0,AE5F00,NULL,NULL,NULL
1657,NULL,TRUMATCH 8-b6,NULL,176,108,28,B06C1C,NULL,NULL,NULL
1658,NULL,TRUMATCH 8-c6,NULL,178,122,58,B27A3A,NULL,NULL,NULL
1659,NULL,TRUMATCH 8-a4,NULL,198,109,0,C66D00,NULL,NULL,NULL
1660,NULL,TRUMATCH 8-b4,NULL,200,124,34,C87C22,NULL,NULL,NULL
1661,NULL,TRUMATCH 8-c4,NULL,202,139,68,CA8B44,NULL,NULL,NULL
1662,NULL,TRUMATCH 8-d4,NULL,204,156,99,CC9C63,NULL,NULL,NULL
1663,NULL,TRUMATCH 8-e4,NULL,206,172,131,CEAC83,NULL,NULL,NULL
1664,NULL,TRUMATCH 8-a7,NULL,161,87,0,A15700,NULL,NULL,NULL
1665,NULL,TRUMATCH 8-b7,NULL,163,100,24,A36418,NULL,NULL,NULL
1666,NULL,TRUMATCH 8-c7,NULL,165,112,53,A57035,NULL,NULL,NULL
1667,NULL,TRUMATCH 9-a,NULL,253,216,102,FDD866,NULL,NULL,NULL
1668,NULL,TRUMATCH 9-b,NULL,254,221,128,FEDD80,NULL,NULL,NULL
1669,NULL,TRUMATCH 9-c,NULL,254,227,152,FEE398,NULL,NULL,NULL
1670,NULL,TRUMATCH 9-d,NULL,254,234,177,FEEAB1,NULL,NULL,NULL
1671,NULL,TRUMATCH 9-e,NULL,254,240,200,FEF0C8,NULL,NULL,NULL
1672,NULL,TRUMATCH 9-f,NULL,254,245,222,FEF5DE,NULL,NULL,NULL
1673,NULL,TRUMATCH 9-g,NULL,255,251,241,FFFBF1,NULL,NULL,NULL
1674,NULL,TRUMATCH 9-h,NULL,255,253,250,FFFDFA,NULL,NULL,NULL
1675,NULL,TRUMATCH 9-a1,NULL,244,208,99,F4D063,NULL,NULL,NULL
1676,NULL,TRUMATCH 9-b1,NULL,244,213,124,F4D57C,NULL,NULL,NULL
1677,NULL,TRUMATCH 9-c1,NULL,244,218,146,F4DA92,NULL,NULL,NULL
1678,NULL,TRUMATCH 9-d1,NULL,245,226,171,F5E2AB,NULL,NULL,NULL
1679,NULL,TRUMATCH 9-e1,NULL,245,231,193,F5E7C1,NULL,NULL,NULL
1680,NULL,TRUMATCH 9-f1,NULL,245,236,215,F5ECD7,NULL,NULL,NULL
1681,NULL,TRUMATCH 9-d5,NULL,196,182,139,C4B68B,NULL,NULL,NULL
1682,NULL,TRUMATCH 9-e5,NULL,196,186,158,C4BA9E,NULL,NULL,NULL
1683,NULL,TRUMATCH 9-a2,NULL,233,199,95,E9C75F,NULL,NULL,NULL
1684,NULL,TRUMATCH 9-b2,NULL,233,204,119,E9CC77,NULL,NULL,NULL
1685,NULL,TRUMATCH 9-c2,NULL,233,209,140,E9D18C,NULL,NULL,NULL
1686,NULL,TRUMATCH 9-d2,NULL,233,216,164,E9D8A4,NULL,NULL,NULL
1687,NULL,TRUMATCH 9-e2,NULL,233,221,185,E9DDB9,NULL,NULL,NULL
1688,NULL,TRUMATCH 9-a5,NULL,196,167,81,C4A751,NULL,NULL,NULL
1689,NULL,TRUMATCH 9-b5,NULL,196,171,101,C4AB65,NULL,NULL,NULL
1690,NULL,TRUMATCH 9-c5,NULL,196,176,119,C4B077,NULL,NULL,NULL
1691,NULL,TRUMATCH 9-a3,NULL,221,189,91,DDBD5B,NULL,NULL,NULL
1692,NULL,TRUMATCH 9-b3,NULL,221,194,114,DDC272,NULL,NULL,NULL
1693,NULL,TRUMATCH 9-c3,NULL,221,198,134,DDC686,NULL,NULL,NULL
1694,NULL,TRUMATCH 9-d3,NULL,221,205,156,DDCD9C,NULL,NULL,NULL
1695,NULL,TRUMATCH 9-e3,NULL,221,210,177,DDD2B1,NULL,NULL,NULL
1696,NULL,TRUMATCH 9-a6,NULL,183,156,76,B79C4C,NULL,NULL,NULL
1697,NULL,TRUMATCH 9-b6,NULL,183,159,95,B79F5F,NULL,NULL,NULL
1698,NULL,TRUMATCH 9-c6,NULL,183,164,112,B7A470,NULL,NULL,NULL
1699,NULL,TRUMATCH 9-a4,NULL,209,178,86,D1B256,NULL,NULL,NULL
1700,NULL,TRUMATCH 9-b4,NULL,209,183,108,D1B76C,NULL,NULL,NULL
1701,NULL,TRUMATCH 9-c4,NULL,209,187,127,D1BB7F,NULL,NULL,NULL
1702,NULL,TRUMATCH 9-d4,NULL,209,193,148,D1C194,NULL,NULL,NULL
1703,NULL,TRUMATCH 9-e4,NULL,209,198,167,D1C6A7,NULL,NULL,NULL
1704,NULL,TRUMATCH 9-a7,NULL,170,144,70,AA9046,NULL,NULL,NULL
1705,NULL,TRUMATCH 9-b7,NULL,170,147,88,AA9358,NULL,NULL,NULL
1706,NULL,TRUMATCH 9-c7,NULL,170,151,104,AA9768,NULL,NULL,NULL
1707,NULL,TRUMATCH 10-a,NULL,255,224,92,FFE05C,NULL,NULL,NULL
1708,NULL,TRUMATCH 10-b,NULL,255,227,118,FFE376,NULL,NULL,NULL
1709,NULL,TRUMATCH 10-c,NULL,255,233,147,FFE993,NULL,NULL,NULL
1710,NULL,TRUMATCH 10-d,NULL,255,237,172,FFEDAC,NULL,NULL,NULL
1711,NULL,TRUMATCH 10-e,NULL,255,243,198,FFF3C6,NULL,NULL,NULL
1712,NULL,TRUMATCH 10-f,NULL,255,247,219,FFF7DB,NULL,NULL,NULL
1713,NULL,TRUMATCH 10-g,NULL,255,252,242,FFFCF2,NULL,NULL,NULL
1714,NULL,TRUMATCH 10-h,NULL,255,253,248,FFFDF8,NULL,NULL,NULL
1715,NULL,TRUMATCH 10-a1,NULL,246,216,89,F6D859,NULL,NULL,NULL
1716,NULL,TRUMATCH 10-b1,NULL,246,219,114,F6DB72,NULL,NULL,NULL
1717,NULL,TRUMATCH 10-c1,NULL,246,225,142,F6E18E,NULL,NULL,NULL
1718,NULL,TRUMATCH 10-d1,NULL,245,228,166,F5E4A6,NULL,NULL,NULL
1719,NULL,TRUMATCH 10-e1,NULL,245,234,191,F5EABF,NULL,NULL,NULL
1720,NULL,TRUMATCH 10-f1,NULL,245,238,212,F5EED4,NULL,NULL,NULL
1721,NULL,TRUMATCH 10-d5,NULL,197,184,135,C5B887,NULL,NULL,NULL
1722,NULL,TRUMATCH 10-e5,NULL,197,188,156,C5BC9C,NULL,NULL,NULL
1723,NULL,TRUMATCH 10-a2,NULL,235,206,86,EBCE56,NULL,NULL,NULL
1724,NULL,TRUMATCH 10-b2,NULL,235,209,109,EBD16D,NULL,NULL,NULL
1725,NULL,TRUMATCH 10-c2,NULL,234,215,136,EAD788,NULL,NULL,NULL
1726,NULL,TRUMATCH 10-d2,NULL,234,218,159,EADA9F,NULL,NULL,NULL
1727,NULL,TRUMATCH 10-e2,NULL,234,224,183,EAE0B7,NULL,NULL,NULL
1728,NULL,TRUMATCH 10-a5,NULL,197,173,73,C5AD49,NULL,NULL,NULL
1729,NULL,TRUMATCH 10-b5,NULL,197,176,93,C5B05D,NULL,NULL,NULL
1730,NULL,TRUMATCH 10-c5,NULL,197,181,116,C5B574,NULL,NULL,NULL
1731,NULL,TRUMATCH 10-a3,NULL,223,196,82,DFC452,NULL,NULL,NULL
1732,NULL,TRUMATCH 10-b3,NULL,223,199,104,DFC768,NULL,NULL,NULL
1733,NULL,TRUMATCH 10-c3,NULL,222,204,130,DECC82,NULL,NULL,NULL
1734,NULL,TRUMATCH 10-d3,NULL,222,207,152,DECF98,NULL,NULL,NULL
1735,NULL,TRUMATCH 10-e3,NULL,222,213,174,DED5AE,NULL,NULL,NULL
1736,NULL,TRUMATCH 10-a6,NULL,184,161,68,B8A144,NULL,NULL,NULL
1737,NULL,TRUMATCH 10-b6,NULL,184,164,87,B8A457,NULL,NULL,NULL
1738,NULL,TRUMATCH 10-c6,NULL,184,168,108,B8A86C,NULL,NULL,NULL
1739,NULL,TRUMATCH 10-a4,NULL,210,185,78,D2B94E,NULL,NULL,NULL
1740,NULL,TRUMATCH 10-b4,NULL,210,188,99,D2BC63,NULL,NULL,NULL
1741,NULL,TRUMATCH 10-c4,NULL,210,192,123,D2C07B,NULL,NULL,NULL
1742,NULL,TRUMATCH 10-d4,NULL,210,196,143,D2C48F,NULL,NULL,NULL
1743,NULL,TRUMATCH 10-e4,NULL,209,201,165,D1C9A5,NULL,NULL,NULL
1744,NULL,TRUMATCH 10-a7,NULL,171,149,62,AB953E,NULL,NULL,NULL
1745,NULL,TRUMATCH 10-b7,NULL,171,151,81,AB9751,NULL,NULL,NULL
1746,NULL,TRUMATCH 10-c7,NULL,171,155,100,AB9B64,NULL,NULL,NULL
1747,NULL,TRUMATCH 11-a,NULL,255,229,0,FFE500,NULL,NULL,NULL
1748,NULL,TRUMATCH 11-b,NULL,255,232,42,FFE82A,NULL,NULL,NULL
1749,NULL,TRUMATCH 11-c,NULL,255,234,93,FFEA5D,NULL,NULL,NULL
1750,NULL,TRUMATCH 11-d,NULL,255,239,133,FFEF85,NULL,NULL,NULL
1751,NULL,TRUMATCH 11-e,NULL,255,244,172,FFF4AC,NULL,NULL,NULL
1752,NULL,TRUMATCH 11-f,NULL,255,249,207,FFF9CF,NULL,NULL,NULL
1753,NULL,TRUMATCH 11-g,NULL,255,252,237,FFFCED,NULL,NULL,NULL
1754,NULL,TRUMATCH 11-a1,NULL,250,220,0,FADC00,NULL,NULL,NULL
1755,NULL,TRUMATCH 11-b1,NULL,249,224,42,F9E02A,NULL,NULL,NULL
1756,NULL,TRUMATCH 11-c1,NULL,248,226,91,F8E25B,NULL,NULL,NULL
1757,NULL,TRUMATCH 11-d1,NULL,248,230,129,F8E681,NULL,NULL,NULL
1758,NULL,TRUMATCH 11-e1,NULL,247,235,166,F7EBA6,NULL,NULL,NULL
1759,NULL,TRUMATCH 11-d5,NULL,198,185,105,C6B969,NULL,NULL,NULL
1760,NULL,TRUMATCH 11-e5,NULL,198,189,136,C6BD88,NULL,NULL,NULL
1761,NULL,TRUMATCH 11-a2,NULL,238,210,0,EED200,NULL,NULL,NULL
1762,NULL,TRUMATCH 11-b2,NULL,238,214,41,EED629,NULL,NULL,NULL
1763,NULL,TRUMATCH 11-c2,NULL,237,216,87,EDD857,NULL,NULL,NULL
1764,NULL,TRUMATCH 11-d2,NULL,236,220,124,ECDC7C,NULL,NULL,NULL
1765,NULL,TRUMATCH 11-e2,NULL,235,224,159,EBE09F,NULL,NULL,NULL
1766,NULL,TRUMATCH 11-a5,NULL,200,176,0,C8B000,NULL,NULL,NULL
1767,NULL,TRUMATCH 11-b5,NULL,199,179,35,C7B323,NULL,NULL,NULL
1768,NULL,TRUMATCH 11-c5,NULL,199,181,75,C7B54B,NULL,NULL,NULL
1769,NULL,TRUMATCH 11-a3,NULL,226,200,0,E2C800,NULL,NULL,NULL
1770,NULL,TRUMATCH 11-b3,NULL,225,203,40,E1CB28,NULL,NULL,NULL
1771,NULL,TRUMATCH 11-c3,NULL,225,205,84,E1CD54,NULL,NULL,NULL
1772,NULL,TRUMATCH 11-d3,NULL,224,209,118,E0D176,NULL,NULL,NULL
1773,NULL,TRUMATCH 11-e3,NULL,223,213,152,DFD598,NULL,NULL,NULL
1774,NULL,TRUMATCH 11-a6,NULL,186,164,0,BAA400,NULL,NULL,NULL
1775,NULL,TRUMATCH 11-b6,NULL,186,167,32,BAA720,NULL,NULL,NULL
1776,NULL,TRUMATCH 11-c6,NULL,186,169,69,BAA945,NULL,NULL,NULL
1777,NULL,TRUMATCH 11-a4,NULL,213,188,0,D5BC00,NULL,NULL,NULL
1778,NULL,TRUMATCH 11-b4,NULL,213,191,38,D5BF26,NULL,NULL,NULL
1779,NULL,TRUMATCH 11-c4,NULL,212,193,79,D4C14F,NULL,NULL,NULL
1780,NULL,TRUMATCH 11-d4,NULL,211,197,112,D3C570,NULL,NULL,NULL
1781,NULL,TRUMATCH 11-e4,NULL,211,201,144,D3C990,NULL,NULL,NULL
1782,NULL,TRUMATCH 11-a7,NULL,173,152,0,AD9800,NULL,NULL,NULL
1783,NULL,TRUMATCH 11-b7,NULL,173,154,29,AD9A1D,NULL,NULL,NULL
1784,NULL,TRUMATCH 11-c7,NULL,172,156,64,AC9C40,NULL,NULL,NULL
1785,NULL,TRUMATCH 12-a,NULL,255,237,0,FFED00,NULL,NULL,NULL
1786,NULL,TRUMATCH 12-b,NULL,255,239,42,FFEF2A,NULL,NULL,NULL
1787,NULL,TRUMATCH 12-c,NULL,255,241,95,FFF15F,NULL,NULL,NULL
1788,NULL,TRUMATCH 12-d,NULL,255,244,135,FFF487,NULL,NULL,NULL
1789,NULL,TRUMATCH 12-e,NULL,255,247,174,FFF7AE,NULL,NULL,NULL
1790,NULL,TRUMATCH 12-f,NULL,255,250,208,FFFAD0,NULL,NULL,NULL
1791,NULL,TRUMATCH 12-g,NULL,255,253,238,FFFDEE,NULL,NULL,NULL
1792,NULL,TRUMATCH 12-h,NULL,255,254,247,FFFEF7,NULL,NULL,NULL
1793,NULL,TRUMATCH 12-a1,NULL,251,228,0,FBE400,NULL,NULL,NULL
1794,NULL,TRUMATCH 12-b1,NULL,251,230,42,FBE62A,NULL,NULL,NULL
1795,NULL,TRUMATCH 12-c1,NULL,250,232,92,FAE85C,NULL,NULL,NULL
1796,NULL,TRUMATCH 12-d1,NULL,249,235,130,F9EB82,NULL,NULL,NULL
1797,NULL,TRUMATCH 12-e1,NULL,247,238,168,F7EEA8,NULL,NULL,NULL
1798,NULL,TRUMATCH 12-f1,NULL,246,241,200,F6F1C8,NULL,NULL,NULL
1799,NULL,TRUMATCH 12-d5,NULL,199,188,107,C7BC6B,NULL,NULL,NULL
1800,NULL,TRUMATCH 12-e5,NULL,198,191,136,C6BF88,NULL,NULL,NULL
1801,NULL,TRUMATCH 12-a2,NULL,240,218,0,F0DA00,NULL,NULL,NULL
1802,NULL,TRUMATCH 12-b2,NULL,239,219,41,EFDB29,NULL,NULL,NULL
1803,NULL,TRUMATCH 12-c2,NULL,238,221,88,EEDD58,NULL,NULL,NULL
1804,NULL,TRUMATCH 12-d2,NULL,237,224,125,EDE07D,NULL,NULL,NULL
1805,NULL,TRUMATCH 12-e2,NULL,236,227,161,ECE3A1,NULL,NULL,NULL
1806,NULL,TRUMATCH 12-a5,NULL,201,182,0,C9B600,NULL,NULL,NULL
1807,NULL,TRUMATCH 12-b5,NULL,200,184,36,C8B824,NULL,NULL,NULL
1808,NULL,TRUMATCH 12-c5,NULL,200,186,76,C8BA4C,NULL,NULL,NULL
1809,NULL,TRUMATCH 12-a3,NULL,227,206,0,E3CE00,NULL,NULL,NULL
1810,NULL,TRUMATCH 12-b3,NULL,226,208,40,E2D028,NULL,NULL,NULL
1811,NULL,TRUMATCH 12-c3,NULL,226,210,85,E2D255,NULL,NULL,NULL
1812,NULL,TRUMATCH 12-d3,NULL,225,213,119,E1D577,NULL,NULL,NULL
1813,NULL,TRUMATCH 12-e3,NULL,224,216,153,E0D899,NULL,NULL,NULL
1814,NULL,TRUMATCH 12-a6,NULL,187,170,0,BBAA00,NULL,NULL,NULL
1815,NULL,TRUMATCH 12-b6,NULL,187,171,32,BBAB20,NULL,NULL,NULL
1816,NULL,TRUMATCH 12-c6,NULL,186,173,70,BAAD46,NULL,NULL,NULL
1817,NULL,TRUMATCH 12-a4,NULL,214,195,0,D6C300,NULL,NULL,NULL
1818,NULL,TRUMATCH 12-b4,NULL,214,196,38,D6C426,NULL,NULL,NULL
1819,NULL,TRUMATCH 12-c4,NULL,213,198,80,D5C650,NULL,NULL,NULL
1820,NULL,TRUMATCH 12-d4,NULL,212,201,113,D4C971,NULL,NULL,NULL
1821,NULL,TRUMATCH 12-e4,NULL,211,204,145,D3CC91,NULL,NULL,NULL
1822,NULL,TRUMATCH 12-a7,NULL,174,157,0,AE9D00,NULL,NULL,NULL
1823,NULL,TRUMATCH 12-b7,NULL,173,158,29,AD9E1D,NULL,NULL,NULL
1824,NULL,TRUMATCH 12-c7,NULL,173,160,65,ADA041,NULL,NULL,NULL
1825,NULL,TRUMATCH 13-a,NULL,251,233,0,FBE900,NULL,NULL,NULL
1826,NULL,TRUMATCH 13-b,NULL,252,235,45,FCEB2D,NULL,NULL,NULL
1827,NULL,TRUMATCH 13-c,NULL,253,238,95,FDEE5F,NULL,NULL,NULL
1828,NULL,TRUMATCH 13-d,NULL,254,242,135,FEF287,NULL,NULL,NULL
1829,NULL,TRUMATCH 13-e,NULL,255,246,174,FFF6AE,NULL,NULL,NULL
1830,NULL,TRUMATCH 13-f,NULL,253,249,207,FDF9CF,NULL,NULL,NULL
1831,NULL,TRUMATCH 13-g,NULL,254,253,238,FEFDEE,NULL,NULL,NULL
1832,NULL,TRUMATCH 13-a1,NULL,242,224,0,F2E000,NULL,NULL,NULL
1833,NULL,TRUMATCH 13-b1,NULL,243,226,45,F3E22D,NULL,NULL,NULL
1834,NULL,TRUMATCH 13-c1,NULL,244,229,92,F4E55C,NULL,NULL,NULL
1835,NULL,TRUMATCH 13-d1,NULL,244,233,131,F4E983,NULL,NULL,NULL
1836,NULL,TRUMATCH 13-e1,NULL,245,237,168,F5EDA8,NULL,NULL,NULL
1837,NULL,TRUMATCH 13-f1,NULL,243,240,200,F3F0C8,NULL,NULL,NULL
1838,NULL,TRUMATCH 13-d5,NULL,195,187,107,C3BB6B,NULL,NULL,NULL
1839,NULL,TRUMATCH 13-e5,NULL,196,190,136,C4BE88,NULL,NULL,NULL
1840,NULL,TRUMATCH 13-a2,NULL,230,214,0,E6D600,NULL,NULL,NULL
1841,NULL,TRUMATCH 13-b2,NULL,231,216,44,E7D82C,NULL,NULL,NULL
1842,NULL,TRUMATCH 13-c2,NULL,232,219,89,E8DB59,NULL,NULL,NULL
1843,NULL,TRUMATCH 13-d2,NULL,233,222,125,E9DE7D,NULL,NULL,NULL
1844,NULL,TRUMATCH 13-e2,NULL,233,226,161,E9E2A1,NULL,NULL,NULL
1845,NULL,TRUMATCH 13-a5,NULL,193,179,0,C1B300,NULL,NULL,NULL
1846,NULL,TRUMATCH 13-b5,NULL,194,182,38,C2B626,NULL,NULL,NULL
1847,NULL,TRUMATCH 13-c5,NULL,195,184,76,C3B84C,NULL,NULL,NULL
1848,NULL,TRUMATCH 13-a3,NULL,218,203,0,DACB00,NULL,NULL,NULL
1849,NULL,TRUMATCH 13-b3,NULL,219,205,42,DBCD2A,NULL,NULL,NULL
1850,NULL,TRUMATCH 13-c3,NULL,220,208,85,DCD055,NULL,NULL,NULL
1851,NULL,TRUMATCH 13-d3,NULL,221,211,120,DDD378,NULL,NULL,NULL
1852,NULL,TRUMATCH 13-e3,NULL,221,215,153,DDD799,NULL,NULL,NULL
1853,NULL,TRUMATCH 13-a6,NULL,180,167,0,B4A700,NULL,NULL,NULL
1854,NULL,TRUMATCH 13-b6,NULL,181,169,34,B5A922,NULL,NULL,NULL
1855,NULL,TRUMATCH 13-c6,NULL,182,171,71,B6AB47,NULL,NULL,NULL
1856,NULL,TRUMATCH 13-a4,NULL,206,191,0,CEBF00,NULL,NULL,NULL
1857,NULL,TRUMATCH 13-b4,NULL,207,194,40,CFC228,NULL,NULL,NULL
1858,NULL,TRUMATCH 13-c4,NULL,208,196,81,D0C451,NULL,NULL,NULL
1859,NULL,TRUMATCH 13-d4,NULL,208,199,113,D0C771,NULL,NULL,NULL
1860,NULL,TRUMATCH 13-e4,NULL,209,203,145,D1CB91,NULL,NULL,NULL
1861,NULL,TRUMATCH 13-a7,NULL,167,154,0,A79A00,NULL,NULL,NULL
1862,NULL,TRUMATCH 13-b7,NULL,168,156,31,A89C1F,NULL,NULL,NULL
1863,NULL,TRUMATCH 13-c7,NULL,169,158,65,A99E41,NULL,NULL,NULL
1864,NULL,TRUMATCH 14-a,NULL,227,223,0,E3DF00,NULL,NULL,NULL
1865,NULL,TRUMATCH 14-b,NULL,232,227,52,E8E334,NULL,NULL,NULL
1866,NULL,TRUMATCH 14-c,NULL,235,231,97,EBE761,NULL,NULL,NULL
1867,NULL,TRUMATCH 14-d,NULL,240,236,136,F0EC88,NULL,NULL,NULL
1868,NULL,TRUMATCH 14-e,NULL,245,242,173,F5F2AD,NULL,NULL,NULL
1869,NULL,TRUMATCH 14-f,NULL,247,247,207,F7F7CF,NULL,NULL,NULL
1870,NULL,TRUMATCH 14-g,NULL,253,252,237,FDFCED,NULL,NULL,NULL
1871,NULL,TRUMATCH 14-a1,NULL,219,214,0,DBD600,NULL,NULL,NULL
1872,NULL,TRUMATCH 14-b1,NULL,224,219,51,E0DB33,NULL,NULL,NULL
1873,NULL,TRUMATCH 14-c1,NULL,226,222,94,E2DE5E,NULL,NULL,NULL
1874,NULL,TRUMATCH 14-d1,NULL,231,227,131,E7E383,NULL,NULL,NULL
1875,NULL,TRUMATCH 14-e1,NULL,235,233,167,EBE9A7,NULL,NULL,NULL
1876,NULL,TRUMATCH 14-f1,NULL,238,237,200,EEEDC8,NULL,NULL,NULL
1877,NULL,TRUMATCH 14-d5,NULL,185,183,107,B9B76B,NULL,NULL,NULL
1878,NULL,TRUMATCH 14-e5,NULL,189,187,136,BDBB88,NULL,NULL,NULL
1879,NULL,TRUMATCH 14-a2,NULL,209,205,0,D1CD00,NULL,NULL,NULL
1880,NULL,TRUMATCH 14-b2,NULL,213,209,50,D5D132,NULL,NULL,NULL
1881,NULL,TRUMATCH 14-c2,NULL,216,212,91,D8D45B,NULL,NULL,NULL
1882,NULL,TRUMATCH 14-d2,NULL,220,217,126,DCD97E,NULL,NULL,NULL
1883,NULL,TRUMATCH 14-e2,NULL,224,222,160,E0DEA0,NULL,NULL,NULL
1884,NULL,TRUMATCH 14-a5,NULL,176,172,0,B0AC00,NULL,NULL,NULL
1885,NULL,TRUMATCH 14-b5,NULL,180,175,42,B4AF2A,NULL,NULL,NULL
1886,NULL,TRUMATCH 14-c5,NULL,182,178,78,B6B24E,NULL,NULL,NULL
1887,NULL,TRUMATCH 14-a3,NULL,198,194,0,C6C200,NULL,NULL,NULL
1888,NULL,TRUMATCH 14-b3,NULL,203,198,48,CBC630,NULL,NULL,NULL
1889,NULL,TRUMATCH 14-c3,NULL,205,202,87,CDCA57,NULL,NULL,NULL
1890,NULL,TRUMATCH 14-d3,NULL,209,206,120,D1CE78,NULL,NULL,NULL
1891,NULL,TRUMATCH 14-e3,NULL,213,211,153,D5D399,NULL,NULL,NULL
1892,NULL,TRUMATCH 14-a6,NULL,164,160,0,A4A000,NULL,NULL,NULL
1893,NULL,TRUMATCH 14-b6,NULL,168,163,38,A8A326,NULL,NULL,NULL
1894,NULL,TRUMATCH 14-c6,NULL,170,166,72,AAA648,NULL,NULL,NULL
1895,NULL,TRUMATCH 14-a4,NULL,187,183,0,BBB700,NULL,NULL,NULL
1896,NULL,TRUMATCH 14-b4,NULL,191,187,45,BFBB2D,NULL,NULL,NULL
1897,NULL,TRUMATCH 14-c4,NULL,194,190,82,C2BE52,NULL,NULL,NULL
1898,NULL,TRUMATCH 14-d4,NULL,197,195,114,C5C372,NULL,NULL,NULL
1899,NULL,TRUMATCH 14-e4,NULL,201,199,145,C9C791,NULL,NULL,NULL
1900,NULL,TRUMATCH 14-a7,NULL,152,148,0,989400,NULL,NULL,NULL
1901,NULL,TRUMATCH 14-b7,NULL,155,151,34,9B9722,NULL,NULL,NULL
1902,NULL,TRUMATCH 14-c7,NULL,157,154,66,9D9A42,NULL,NULL,NULL
1903,NULL,TRUMATCH 15-a,NULL,205,213,0,CDD500,NULL,NULL,NULL
1904,NULL,TRUMATCH 15-b,NULL,213,219,58,D5DB3A,NULL,NULL,NULL
1905,NULL,TRUMATCH 15-c,NULL,220,225,99,DCE163,NULL,NULL,NULL
1906,NULL,TRUMATCH 15-d,NULL,230,232,136,E6E888,NULL,NULL,NULL
1907,NULL,TRUMATCH 15-e,NULL,236,238,173,ECEEAD,NULL,NULL,NULL
1908,NULL,TRUMATCH 15-f,NULL,243,245,207,F3F5CF,NULL,NULL,NULL
1909,NULL,TRUMATCH 15-g,NULL,251,251,237,FBFBED,NULL,NULL,NULL
1910,NULL,TRUMATCH 15-h,NULL,254,254,247,FEFEF7,NULL,NULL,NULL
1911,NULL,TRUMATCH 15-a1,NULL,198,205,0,C6CD00,NULL,NULL,NULL
1912,NULL,TRUMATCH 15-b1,NULL,205,211,56,CDD338,NULL,NULL,NULL
1913,NULL,TRUMATCH 15-c1,NULL,212,216,96,D4D860,NULL,NULL,NULL
1914,NULL,TRUMATCH 15-d1,NULL,221,223,131,DDDF83,NULL,NULL,NULL
1915,NULL,TRUMATCH 15-e1,NULL,227,230,167,E3E6A7,NULL,NULL,NULL
1916,NULL,TRUMATCH 15-f1,NULL,234,236,200,EAECC8,NULL,NULL,NULL
1917,NULL,TRUMATCH 15-d5,NULL,178,179,107,B2B36B,NULL,NULL,NULL
1918,NULL,TRUMATCH 15-e5,NULL,183,185,136,B7B988,NULL,NULL,NULL
1919,NULL,TRUMATCH 15-a2,NULL,189,196,0,BDC400,NULL,NULL,NULL
1920,NULL,TRUMATCH 15-b2,NULL,196,201,54,C4C936,NULL,NULL,NULL
1921,NULL,TRUMATCH 15-c2,NULL,203,207,92,CBCF5C,NULL,NULL,NULL
1922,NULL,TRUMATCH 15-d2,NULL,211,213,126,D3D57E,NULL,NULL,NULL
1923,NULL,TRUMATCH 15-e2,NULL,217,219,160,D9DBA0,NULL,NULL,NULL
1924,NULL,TRUMATCH 15-a5,NULL,159,165,0,9FA500,NULL,NULL,NULL
1925,NULL,TRUMATCH 15-b5,NULL,165,169,46,A5A92E,NULL,NULL,NULL
1926,NULL,TRUMATCH 15-c5,NULL,171,174,79,ABAE4F,NULL,NULL,NULL
1927,NULL,TRUMATCH 15-a3,NULL,180,186,0,B4BA00,NULL,NULL,NULL
1928,NULL,TRUMATCH 15-b3,NULL,186,191,52,BABF34,NULL,NULL,NULL
1929,NULL,TRUMATCH 15-c3,NULL,193,196,88,C1C458,NULL,NULL,NULL
1930,NULL,TRUMATCH 15-d3,NULL,200,203,120,C8CB78,NULL,NULL,NULL
1931,NULL,TRUMATCH 15-e3,NULL,206,208,153,CED099,NULL,NULL,NULL
1932,NULL,TRUMATCH 15-a6,NULL,148,154,0,949A00,NULL,NULL,NULL
1933,NULL,TRUMATCH 15-b6,NULL,154,158,42,9A9E2A,NULL,NULL,NULL
1934,NULL,TRUMATCH 15-c6,NULL,159,162,73,9FA249,NULL,NULL,NULL
1935,NULL,TRUMATCH 15-a4,NULL,170,176,0,AAB000,NULL,NULL,NULL
1936,NULL,TRUMATCH 15-b4,NULL,176,181,49,B0B531,NULL,NULL,NULL
1937,NULL,TRUMATCH 15-c4,NULL,182,185,83,B6B953,NULL,NULL,NULL
1938,NULL,TRUMATCH 15-d4,NULL,189,191,114,BDBF72,NULL,NULL,NULL
1939,NULL,TRUMATCH 15-e4,NULL,195,197,145,C3C591,NULL,NULL,NULL
1940,NULL,TRUMATCH 15-a7,NULL,137,142,0,898E00,NULL,NULL,NULL
1941,NULL,TRUMATCH 15-b7,NULL,142,146,37,8E9225,NULL,NULL,NULL
1942,NULL,TRUMATCH 15-c7,NULL,147,150,67,939643,NULL,NULL,NULL
1943,NULL,TRUMATCH 16-a,NULL,189,207,0,BDCF00,NULL,NULL,NULL
1944,NULL,TRUMATCH 16-b,NULL,199,213,61,C7D53D,NULL,NULL,NULL
1945,NULL,TRUMATCH 16-c,NULL,209,220,100,D1DC64,NULL,NULL,NULL
1946,NULL,TRUMATCH 16-d,NULL,221,228,136,DDE488,NULL,NULL,NULL
1947,NULL,TRUMATCH 16-e,NULL,230,236,173,E6ECAD,NULL,NULL,NULL
1948,NULL,TRUMATCH 16-f,NULL,239,243,207,EFF3CF,NULL,NULL,NULL
1949,NULL,TRUMATCH 16-g,NULL,249,250,237,F9FAED,NULL,NULL,NULL
1950,NULL,TRUMATCH 16-a1,NULL,182,199,0,B6C700,NULL,NULL,NULL
1951,NULL,TRUMATCH 16-b1,NULL,192,205,59,C0CD3B,NULL,NULL,NULL
1952,NULL,TRUMATCH 16-c1,NULL,201,212,97,C9D461,NULL,NULL,NULL
1953,NULL,TRUMATCH 16-d1,NULL,213,220,132,D5DC84,NULL,NULL,NULL
1954,NULL,TRUMATCH 16-e1,NULL,221,227,167,DDE3A7,NULL,NULL,NULL
1955,NULL,TRUMATCH 16-f1,NULL,230,234,199,E6EAC7,NULL,NULL,NULL
1956,NULL,TRUMATCH 16-d5,NULL,171,177,107,ABB16B,NULL,NULL,NULL
1957,NULL,TRUMATCH 16-e5,NULL,178,183,136,B2B788,NULL,NULL,NULL
1958,NULL,TRUMATCH 16-a2,NULL,174,190,0,AEBE00,NULL,NULL,NULL
1959,NULL,TRUMATCH 16-b2,NULL,183,196,57,B7C439,NULL,NULL,NULL
1960,NULL,TRUMATCH 16-c2,NULL,193,202,93,C1CA5D,NULL,NULL,NULL
1961,NULL,TRUMATCH 16-d2,NULL,203,210,126,CBD27E,NULL,NULL,NULL
1962,NULL,TRUMATCH 16-e2,NULL,211,217,160,D3D9A0,NULL,NULL,NULL
1963,NULL,TRUMATCH 16-a5,NULL,147,160,0,93A000,NULL,NULL,NULL
1964,NULL,TRUMATCH 16-b5,NULL,155,165,48,9BA530,NULL,NULL,NULL
1965,NULL,TRUMATCH 16-c5,NULL,162,170,79,A2AA4F,NULL,NULL,NULL
1966,NULL,TRUMATCH 16-a3,NULL,166,181,0,A6B500,NULL,NULL,NULL
1967,NULL,TRUMATCH 16-b3,NULL,174,187,55,AEBB37,NULL,NULL,NULL
1968,NULL,TRUMATCH 16-c3,NULL,183,192,89,B7C059,NULL,NULL,NULL
1969,NULL,TRUMATCH 16-d3,NULL,193,199,120,C1C778,NULL,NULL,NULL
1970,NULL,TRUMATCH 16-e3,NULL,201,206,153,C9CE99,NULL,NULL,NULL
1971,NULL,TRUMATCH 16-a6,NULL,136,149,0,889500,NULL,NULL,NULL
1972,NULL,TRUMATCH 16-b6,NULL,144,154,44,909A2C,NULL,NULL,NULL
1973,NULL,TRUMATCH 16-c6,NULL,151,158,74,979E4A,NULL,NULL,NULL
1974,NULL,TRUMATCH 16-a4,NULL,156,171,0,9CAB00,NULL,NULL,NULL
1975,NULL,TRUMATCH 16-b4,NULL,165,176,51,A5B033,NULL,NULL,NULL
1976,NULL,TRUMATCH 16-c4,NULL,173,182,84,ADB654,NULL,NULL,NULL
1977,NULL,TRUMATCH 16-d4,NULL,182,188,114,B6BC72,NULL,NULL,NULL
1978,NULL,TRUMATCH 16-e4,NULL,190,195,144,BEC390,NULL,NULL,NULL
1979,NULL,TRUMATCH 16-a7,NULL,126,138,0,7E8A00,NULL,NULL,NULL
1980,NULL,TRUMATCH 16-b7,NULL,133,142,39,858E27,NULL,NULL,NULL
1981,NULL,TRUMATCH 16-c7,NULL,140,147,68,8C9344,NULL,NULL,NULL
1982,NULL,TRUMATCH 17-a,NULL,176,203,50,B0CB32,NULL,NULL,NULL
1983,NULL,TRUMATCH 17-b,NULL,189,210,86,BDD256,NULL,NULL,NULL
1984,NULL,TRUMATCH 17-c,NULL,201,218,117,C9DA75,NULL,NULL,NULL
1985,NULL,TRUMATCH 17-d,NULL,213,226,149,D5E295,NULL,NULL,NULL
1986,NULL,TRUMATCH 17-e,NULL,225,235,182,E1EBB6,NULL,NULL,NULL
1987,NULL,TRUMATCH 17-f,NULL,237,243,211,EDF3D3,NULL,NULL,NULL
1988,NULL,TRUMATCH 17-g,NULL,249,251,239,F9FBEF,NULL,NULL,NULL
1989,NULL,TRUMATCH 17-h,NULL,252,253,247,FCFDF7,NULL,NULL,NULL
1990,NULL,TRUMATCH 17-a1,NULL,170,196,48,AAC430,NULL,NULL,NULL
1991,NULL,TRUMATCH 17-b1,NULL,182,203,83,B6CB53,NULL,NULL,NULL
1992,NULL,TRUMATCH 17-c1,NULL,194,210,113,C2D271,NULL,NULL,NULL
1993,NULL,TRUMATCH 17-d1,NULL,205,218,144,CDDA90,NULL,NULL,NULL
1994,NULL,TRUMATCH 17-e1,NULL,217,226,176,D9E2B0,NULL,NULL,NULL
1995,NULL,TRUMATCH 17-f1,NULL,228,234,203,E4EACB,NULL,NULL,NULL
1996,NULL,TRUMATCH 17-d5,NULL,166,175,117,A6AF75,NULL,NULL,NULL
1997,NULL,TRUMATCH 17-e5,NULL,174,182,143,AEB68F,NULL,NULL,NULL
1998,NULL,TRUMATCH 17-a2,NULL,162,187,46,A2BB2E,NULL,NULL,NULL
1999,NULL,TRUMATCH 17-b2,NULL,174,194,80,AEC250,NULL,NULL,NULL
2000,NULL,TRUMATCH 17-c2,NULL,185,201,109,B9C96D,NULL,NULL,NULL
2001,NULL,TRUMATCH 17-d2,NULL,196,208,138,C4D08A,NULL,NULL,NULL
2002,NULL,TRUMATCH 17-e2,NULL,207,216,168,CFD8A8,NULL,NULL,NULL
2003,NULL,TRUMATCH 17-a5,NULL,136,157,37,889D25,NULL,NULL,NULL
2004,NULL,TRUMATCH 17-b5,NULL,147,163,67,93A343,NULL,NULL,NULL
2005,NULL,TRUMATCH 17-c5,NULL,156,169,93,9CA95D,NULL,NULL,NULL
2006,NULL,TRUMATCH 17-a3,NULL,154,178,44,9AB22C,NULL,NULL,NULL
2007,NULL,TRUMATCH 17-b3,NULL,165,184,76,A5B84C,NULL,NULL,NULL
2008,NULL,TRUMATCH 17-c3,NULL,176,191,104,B0BF68,NULL,NULL,NULL
2009,NULL,TRUMATCH 17-d3,NULL,187,198,131,BBC683,NULL,NULL,NULL
2010,NULL,TRUMATCH 17-e3,NULL,197,205,161,C5CDA1,NULL,NULL,NULL
2011,NULL,TRUMATCH 17-a6,NULL,127,147,34,7F9322,NULL,NULL,NULL
2012,NULL,TRUMATCH 17-b6,NULL,136,152,62,88983E,NULL,NULL,NULL
2013,NULL,TRUMATCH 17-c6,NULL,146,157,86,929D56,NULL,NULL,NULL
2014,NULL,TRUMATCH 17-a4,NULL,146,168,41,92A829,NULL,NULL,NULL
2015,NULL,TRUMATCH 17-b4,NULL,156,174,72,9CAE48,NULL,NULL,NULL
2016,NULL,TRUMATCH 17-c4,NULL,167,180,98,A7B462,NULL,NULL,NULL
2017,NULL,TRUMATCH 17-d4,NULL,176,187,124,B0BB7C,NULL,NULL,NULL
2018,NULL,TRUMATCH 17-e4,NULL,186,194,152,BAC298,NULL,NULL,NULL
2019,NULL,TRUMATCH 17-a7,NULL,117,136,29,75881D,NULL,NULL,NULL
2020,NULL,TRUMATCH 17-b7,NULL,126,140,57,7E8C39,NULL,NULL,NULL
2021,NULL,TRUMATCH 17-c7,NULL,135,145,80,879150,NULL,NULL,NULL
2022,NULL,TRUMATCH 18-a,NULL,0,164,44,00A42C,NULL,NULL,NULL
2023,NULL,TRUMATCH 18-b,NULL,86,175,79,56AF4F,NULL,NULL,NULL
2024,NULL,TRUMATCH 18-c,NULL,119,187,107,77BB6B,NULL,NULL,NULL
2025,NULL,TRUMATCH 18-d,NULL,152,201,137,98C989,NULL,NULL,NULL
2026,NULL,TRUMATCH 18-e,NULL,183,217,171,B7D9AB,NULL,NULL,NULL
2027,NULL,TRUMATCH 18-f,NULL,212,233,205,D4E9CD,NULL,NULL,NULL
2028,NULL,TRUMATCH 18-g,NULL,238,246,236,EEF6EC,NULL,NULL,NULL
2029,NULL,TRUMATCH 18-h,NULL,248,251,246,F8FBF6,NULL,NULL,NULL
2030,NULL,TRUMATCH 18-a1,NULL,0,158,43,009E2B,NULL,NULL,NULL
2031,NULL,TRUMATCH 18-b1,NULL,82,169,76,52A94C,NULL,NULL,NULL
2032,NULL,TRUMATCH 18-c1,NULL,115,180,103,73B467,NULL,NULL,NULL
2033,NULL,TRUMATCH 18-d1,NULL,147,194,132,93C284,NULL,NULL,NULL
2034,NULL,TRUMATCH 18-e1,NULL,176,209,165,B0D1A5,NULL,NULL,NULL
2035,NULL,TRUMATCH 18-f1,NULL,204,224,198,CCE0C6,NULL,NULL,NULL
2036,NULL,TRUMATCH 18-g1,NULL,229,237,228,E5EDE4,NULL,NULL,NULL
2037,NULL,TRUMATCH 18-d5,NULL,118,156,108,769C6C,NULL,NULL,NULL
2038,NULL,TRUMATCH 18-a2,NULL,0,151,40,009728,NULL,NULL,NULL
2039,NULL,TRUMATCH 18-b2,NULL,78,162,73,4EA249,NULL,NULL,NULL
2040,NULL,TRUMATCH 18-c2,NULL,110,172,99,6EAC63,NULL,NULL,NULL
2041,NULL,TRUMATCH 18-d2,NULL,141,185,127,8DB97F,NULL,NULL,NULL
2042,NULL,TRUMATCH 18-e2,NULL,169,200,159,A9C89F,NULL,NULL,NULL
2043,NULL,TRUMATCH 18-a5,NULL,0,127,32,007F20,NULL,NULL,NULL
2044,NULL,TRUMATCH 18-b5,NULL,61,136,60,3D883C,NULL,NULL,NULL
2045,NULL,TRUMATCH 18-c5,NULL,91,145,83,5B9153,NULL,NULL,NULL
2046,NULL,TRUMATCH 18-a3,NULL,0,144,38,009026,NULL,NULL,NULL
2047,NULL,TRUMATCH 18-b3,NULL,73,154,69,499A45,NULL,NULL,NULL
2048,NULL,TRUMATCH 18-c3,NULL,104,164,94,68A45E,NULL,NULL,NULL
2049,NULL,TRUMATCH 18-d3,NULL,134,176,121,86B079,NULL,NULL,NULL
2050,NULL,TRUMATCH 18-e3,NULL,161,190,151,A1BE97,NULL,NULL,NULL
2051,NULL,TRUMATCH 18-a6,NULL,0,118,29,00761D,NULL,NULL,NULL
2052,NULL,TRUMATCH 18-b6,NULL,55,127,55,377F37,NULL,NULL,NULL
2053,NULL,TRUMATCH 18-c6,NULL,83,135,77,53874D,NULL,NULL,NULL
2054,NULL,TRUMATCH 18-a4,NULL,0,136,35,008823,NULL,NULL,NULL
2055,NULL,TRUMATCH 18-b4,NULL,67,145,65,439141,NULL,NULL,NULL
2056,NULL,TRUMATCH 18-c4,NULL,97,155,89,619B59,NULL,NULL,NULL
2057,NULL,TRUMATCH 18-d4,NULL,126,166,115,7EA673,NULL,NULL,NULL
2058,NULL,TRUMATCH 18-e4,NULL,152,179,143,98B38F,NULL,NULL,NULL
2059,NULL,TRUMATCH 18-a7,NULL,0,110,26,006E1A,NULL,NULL,NULL
2060,NULL,TRUMATCH 18-b7,NULL,49,118,50,317632,NULL,NULL,NULL
2061,NULL,TRUMATCH 18-c7,NULL,75,125,71,4B7D47,NULL,NULL,NULL
2062,NULL,TRUMATCH 19-a,NULL,0,152,54,009836,NULL,NULL,NULL
2063,NULL,TRUMATCH 19-b,NULL,0,166,83,00A653,NULL,NULL,NULL
2064,NULL,TRUMATCH 19-c,NULL,88,179,108,58B36C,NULL,NULL,NULL
2065,NULL,TRUMATCH 19-d,NULL,130,193,137,82C189,NULL,NULL,NULL
2066,NULL,TRUMATCH 19-e,NULL,168,211,171,A8D3AB,NULL,NULL,NULL
2067,NULL,TRUMATCH 19-f,NULL,203,229,204,CBE5CC,NULL,NULL,NULL
2068,NULL,TRUMATCH 19-g,NULL,236,245,236,ECF5EC,NULL,NULL,NULL
2069,NULL,TRUMATCH 19-h,NULL,246,251,246,F6FBF6,NULL,NULL,NULL
2070,NULL,TRUMATCH 19-a1,NULL,0,146,52,009234,NULL,NULL,NULL
2071,NULL,TRUMATCH 19-b1,NULL,0,159,80,009F50,NULL,NULL,NULL
2072,NULL,TRUMATCH 19-c1,NULL,85,172,104,55AC68,NULL,NULL,NULL
2073,NULL,TRUMATCH 19-d1,NULL,125,186,133,7DBA85,NULL,NULL,NULL
2074,NULL,TRUMATCH 19-e1,NULL,162,203,165,A2CBA5,NULL,NULL,NULL
2075,NULL,TRUMATCH 19-f1,NULL,195,220,197,C3DCC5,NULL,NULL,NULL
2076,NULL,TRUMATCH 19-g1,NULL,227,236,228,E3ECE4,NULL,NULL,NULL
2077,NULL,TRUMATCH 19-d5,NULL,100,150,108,64966C,NULL,NULL,NULL
2078,NULL,TRUMATCH 19-a2,NULL,0,140,49,008C31,NULL,NULL,NULL
2079,NULL,TRUMATCH 19-b2,NULL,0,153,76,00994C,NULL,NULL,NULL
2080,NULL,TRUMATCH 19-c2,NULL,80,165,100,50A564,NULL,NULL,NULL
2081,NULL,TRUMATCH 19-d2,NULL,120,178,127,78B27F,NULL,NULL,NULL
2082,NULL,TRUMATCH 19-e2,NULL,155,194,158,9BC29E,NULL,NULL,NULL
2083,NULL,TRUMATCH 19-a5,NULL,0,117,40,007528,NULL,NULL,NULL
2084,NULL,TRUMATCH 19-b5,NULL,0,129,63,00813F,NULL,NULL,NULL
2085,NULL,TRUMATCH 19-c5,NULL,64,139,84,408B54,NULL,NULL,NULL
2086,NULL,TRUMATCH 19-a3,NULL,0,133,47,00852F,NULL,NULL,NULL
2087,NULL,TRUMATCH 19-b3,NULL,0,145,72,009148,NULL,NULL,NULL
2088,NULL,TRUMATCH 19-c3,NULL,76,157,95,4C9D5F,NULL,NULL,NULL
2089,NULL,TRUMATCH 19-d3,NULL,114,170,121,72AA79,NULL,NULL,NULL
2090,NULL,TRUMATCH 19-e3,NULL,147,185,151,93B997,NULL,NULL,NULL
2091,NULL,TRUMATCH 19-a6,NULL,0,109,37,006D25,NULL,NULL,NULL
2092,NULL,TRUMATCH 19-b6,NULL,0,120,58,00783A,NULL,NULL,NULL
2093,NULL,TRUMATCH 19-c6,NULL,58,130,78,3A824E,NULL,NULL,NULL
2094,NULL,TRUMATCH 19-a4,NULL,0,125,44,007D2C,NULL,NULL,NULL
2095,NULL,TRUMATCH 19-b4,NULL,0,137,68,008944,NULL,NULL,NULL
2096,NULL,TRUMATCH 19-c4,NULL,70,148,90,46945A,NULL,NULL,NULL
2097,NULL,TRUMATCH 19-d4,NULL,107,160,115,6BA073,NULL,NULL,NULL
2098,NULL,TRUMATCH 19-e4,NULL,139,174,143,8BAE8F,NULL,NULL,NULL
2099,NULL,TRUMATCH 19-a7,NULL,0,101,33,006521,NULL,NULL,NULL
2100,NULL,TRUMATCH 19-b7,NULL,0,111,53,006F35,NULL,NULL,NULL
2101,NULL,TRUMATCH 19-c7,NULL,51,120,72,337848,NULL,NULL,NULL
2102,NULL,TRUMATCH 20-a,NULL,0,154,87,009A57,NULL,NULL,NULL
2103,NULL,TRUMATCH 20-b,NULL,0,167,107,00A76B,NULL,NULL,NULL
2104,NULL,TRUMATCH 20-c,NULL,85,180,128,55B480,NULL,NULL,NULL
2105,NULL,TRUMATCH 20-d,NULL,128,195,155,80C39B,NULL,NULL,NULL
2106,NULL,TRUMATCH 20-e,NULL,166,212,184,A6D4B8,NULL,NULL,NULL
2107,NULL,TRUMATCH 20-f,NULL,202,230,212,CAE6D4,NULL,NULL,NULL
2108,NULL,TRUMATCH 20-g,NULL,236,246,238,ECF6EE,NULL,NULL,NULL
2109,NULL,TRUMATCH 20-h,NULL,246,251,248,F6FBF8,NULL,NULL,NULL
2110,NULL,TRUMATCH 20-a1,NULL,0,148,84,009454,NULL,NULL,NULL
2111,NULL,TRUMATCH 20-b1,NULL,0,161,103,00A167,NULL,NULL,NULL
2112,NULL,TRUMATCH 20-c1,NULL,81,174,123,51AE7B,NULL,NULL,NULL
2113,NULL,TRUMATCH 20-d1,NULL,123,188,149,7BBC95,NULL,NULL,NULL
2114,NULL,TRUMATCH 20-e1,NULL,161,204,177,A1CCB1,NULL,NULL,NULL
2115,NULL,TRUMATCH 20-f1,NULL,195,221,205,C3DDCD,NULL,NULL,NULL
2116,NULL,TRUMATCH 20-g1,NULL,227,236,230,E3ECE6,NULL,NULL,NULL
2117,NULL,TRUMATCH 20-d5,NULL,98,151,121,629779,NULL,NULL,NULL
2118,NULL,TRUMATCH 20-a2,NULL,0,141,80,008D50,NULL,NULL,NULL
2119,NULL,TRUMATCH 20-b2,NULL,0,154,98,009A62,NULL,NULL,NULL
2120,NULL,TRUMATCH 20-c2,NULL,77,166,118,4DA676,NULL,NULL,NULL
2121,NULL,TRUMATCH 20-d2,NULL,118,180,143,76B48F,NULL,NULL,NULL
2122,NULL,TRUMATCH 20-e2,NULL,154,195,170,9AC3AA,NULL,NULL,NULL
2123,NULL,TRUMATCH 20-a5,NULL,0,119,66,007742,NULL,NULL,NULL
2124,NULL,TRUMATCH 20-b5,NULL,0,130,83,008253,NULL,NULL,NULL
2125,NULL,TRUMATCH 20-c5,NULL,61,140,100,3D8C64,NULL,NULL,NULL
2126,NULL,TRUMATCH 20-a3,NULL,0,134,76,00864C,NULL,NULL,NULL
2127,NULL,TRUMATCH 20-b3,NULL,0,146,94,00925E,NULL,NULL,NULL
2128,NULL,TRUMATCH 20-c3,NULL,73,158,112,499E70,NULL,NULL,NULL
2129,NULL,TRUMATCH 20-d3,NULL,112,171,136,70AB88,NULL,NULL,NULL
2130,NULL,TRUMATCH 20-e3,NULL,146,186,162,92BAA2,NULL,NULL,NULL
2131,NULL,TRUMATCH 20-a6,NULL,0,111,61,006F3D,NULL,NULL,NULL
2132,NULL,TRUMATCH 20-b6,NULL,0,121,77,00794D,NULL,NULL,NULL
2133,NULL,TRUMATCH 20-c6,NULL,55,131,93,37835D,NULL,NULL,NULL
2134,NULL,TRUMATCH 20-a4,NULL,0,127,71,007F47,NULL,NULL,NULL
2135,NULL,TRUMATCH 20-b4,NULL,0,138,88,008A58,NULL,NULL,NULL
2136,NULL,TRUMATCH 20-c4,NULL,67,149,106,43956A,NULL,NULL,NULL
2137,NULL,TRUMATCH 20-d4,NULL,105,161,129,69A181,NULL,NULL,NULL
2138,NULL,TRUMATCH 20-e4,NULL,138,175,153,8AAF99,NULL,NULL,NULL
2139,NULL,TRUMATCH 20-a7,NULL,0,103,56,006738,NULL,NULL,NULL
2140,NULL,TRUMATCH 20-b7,NULL,0,112,70,007046,NULL,NULL,NULL
2141,NULL,TRUMATCH 20-c7,NULL,48,121,86,307956,NULL,NULL,NULL
2142,NULL,TRUMATCH 21-a,NULL,143,199,148,8FC794,NULL,NULL,NULL
2143,NULL,TRUMATCH 21-b,NULL,160,207,164,A0CFA4,NULL,NULL,NULL
2144,NULL,TRUMATCH 21-c,NULL,180,217,182,B4D9B6,NULL,NULL,NULL
2145,NULL,TRUMATCH 21-d,NULL,196,225,198,C4E1C6,NULL,NULL,NULL
2146,NULL,TRUMATCH 21-e,NULL,214,234,215,D6EAD7,NULL,NULL,NULL
2147,NULL,TRUMATCH 21-f,NULL,230,242,230,E6F2E6,NULL,NULL,NULL
2148,NULL,TRUMATCH 21-g,NULL,246,251,246,F6FBF6,NULL,NULL,NULL
2149,NULL,TRUMATCH 21-h,NULL,250,253,250,FAFDFA,NULL,NULL,NULL
2150,NULL,TRUMATCH 21-a1,NULL,138,192,143,8AC08F,NULL,NULL,NULL
2151,NULL,TRUMATCH 21-b1,NULL,155,200,158,9BC89E,NULL,NULL,NULL
2152,NULL,TRUMATCH 21-c1,NULL,173,209,176,ADD1B0,NULL,NULL,NULL
2153,NULL,TRUMATCH 21-d1,NULL,189,217,191,BDD9BF,NULL,NULL,NULL
2154,NULL,TRUMATCH 21-e1,NULL,206,226,208,CEE2D0,NULL,NULL,NULL
2155,NULL,TRUMATCH 21-f1,NULL,221,233,222,DDE9DE,NULL,NULL,NULL
2156,NULL,TRUMATCH 21-g1,NULL,236,241,237,ECF1ED,NULL,NULL,NULL
2157,NULL,TRUMATCH 21-d5,NULL,153,175,155,99AF9B,NULL,NULL,NULL
2158,NULL,TRUMATCH 21-a2,NULL,132,183,137,84B789,NULL,NULL,NULL
2159,NULL,TRUMATCH 21-b2,NULL,148,191,152,94BF98,NULL,NULL,NULL
2160,NULL,TRUMATCH 21-c2,NULL,166,200,169,A6C8A9,NULL,NULL,NULL
2161,NULL,TRUMATCH 21-d2,NULL,180,207,183,B4CFB7,NULL,NULL,NULL
2162,NULL,TRUMATCH 21-e2,NULL,197,216,199,C5D8C7,NULL,NULL,NULL
2163,NULL,TRUMATCH 21-a5,NULL,111,155,116,6F9B74,NULL,NULL,NULL
2164,NULL,TRUMATCH 21-b5,NULL,125,161,129,7DA181,NULL,NULL,NULL
2165,NULL,TRUMATCH 21-c5,NULL,140,168,143,8CA88F,NULL,NULL,NULL
2166,NULL,TRUMATCH 21-a3,NULL,126,174,131,7EAE83,NULL,NULL,NULL
2167,NULL,TRUMATCH 21-b3,NULL,141,182,145,8DB691,NULL,NULL,NULL
2168,NULL,TRUMATCH 21-c3,NULL,158,190,161,9EBEA1,NULL,NULL,NULL
2169,NULL,TRUMATCH 21-d3,NULL,172,197,174,ACC5AE,NULL,NULL,NULL
2170,NULL,TRUMATCH 21-e3,NULL,187,205,190,BBCDBE,NULL,NULL,NULL
2171,NULL,TRUMATCH 21-a6,NULL,102,144,109,66906D,NULL,NULL,NULL
2172,NULL,TRUMATCH 21-b6,NULL,116,150,120,749678,NULL,NULL,NULL
2173,NULL,TRUMATCH 21-c6,NULL,130,157,134,829D86,NULL,NULL,NULL
2174,NULL,TRUMATCH 21-a4,NULL,118,165,124,76A57C,NULL,NULL,NULL
2175,NULL,TRUMATCH 21-b4,NULL,133,171,137,85AB89,NULL,NULL,NULL
2176,NULL,TRUMATCH 21-c4,NULL,149,179,152,95B398,NULL,NULL,NULL
2177,NULL,TRUMATCH 21-d4,NULL,162,186,165,A2BAA5,NULL,NULL,NULL
2178,NULL,TRUMATCH 21-e4,NULL,177,194,180,B1C2B4,NULL,NULL,NULL
2179,NULL,TRUMATCH 21-a7,NULL,93,133,101,5D8565,NULL,NULL,NULL
2180,NULL,TRUMATCH 21-b7,NULL,106,139,112,6A8B70,NULL,NULL,NULL
2181,NULL,TRUMATCH 21-c7,NULL,120,145,124,78917C,NULL,NULL,NULL
2182,NULL,TRUMATCH 22-a,NULL,98,186,148,62BA94,NULL,NULL,NULL
2183,NULL,TRUMATCH 22-b,NULL,126,196,163,7EC4A3,NULL,NULL,NULL
2184,NULL,TRUMATCH 22-c,NULL,150,206,181,96CEB5,NULL,NULL,NULL
2185,NULL,TRUMATCH 22-d,NULL,176,217,196,B0D9C4,NULL,NULL,NULL
2186,NULL,TRUMATCH 22-e,NULL,200,229,214,C8E5D6,NULL,NULL,NULL
2187,NULL,TRUMATCH 22-f,NULL,223,240,229,DFF0E5,NULL,NULL,NULL
2188,NULL,TRUMATCH 22-g,NULL,242,249,246,F2F9F6,NULL,NULL,NULL
2189,NULL,TRUMATCH 22-a1,NULL,94,179,143,5EB38F,NULL,NULL,NULL
2190,NULL,TRUMATCH 22-b1,NULL,122,189,158,7ABD9E,NULL,NULL,NULL
2191,NULL,TRUMATCH 22-c1,NULL,145,198,175,91C6AF,NULL,NULL,NULL
2192,NULL,TRUMATCH 22-d1,NULL,169,209,190,A9D1BE,NULL,NULL,NULL
2193,NULL,TRUMATCH 22-e1,NULL,192,220,207,C0DCCF,NULL,NULL,NULL
2194,NULL,TRUMATCH 22-f1,NULL,214,231,221,D6E7DD,NULL,NULL,NULL
2195,NULL,TRUMATCH 22-g1,NULL,232,240,237,E8F0ED,NULL,NULL,NULL
2196,NULL,TRUMATCH 22-d5,NULL,137,169,154,89A99A,NULL,NULL,NULL
2197,NULL,TRUMATCH 22-a2,NULL,90,171,137,5AAB89,NULL,NULL,NULL
2198,NULL,TRUMATCH 22-b2,NULL,117,180,151,75B497,NULL,NULL,NULL
2199,NULL,TRUMATCH 22-c2,NULL,139,190,167,8BBEA7,NULL,NULL,NULL
2200,NULL,TRUMATCH 22-d2,NULL,162,200,182,A2C8B6,NULL,NULL,NULL
2201,NULL,TRUMATCH 22-e2,NULL,184,211,198,B8D3C6,NULL,NULL,NULL
2202,NULL,TRUMATCH 22-a5,NULL,73,144,116,499074,NULL,NULL,NULL
2203,NULL,TRUMATCH 22-b5,NULL,97,152,128,619880,NULL,NULL,NULL
2204,NULL,TRUMATCH 22-c5,NULL,117,160,142,75A08E,NULL,NULL,NULL
2205,NULL,TRUMATCH 22-a3,NULL,85,163,131,55A383,NULL,NULL,NULL
2206,NULL,TRUMATCH 22-b3,NULL,111,172,144,6FAC90,NULL,NULL,NULL
2207,NULL,TRUMATCH 22-c3,NULL,132,180,159,84B49F,NULL,NULL,NULL
2208,NULL,TRUMATCH 22-d3,NULL,154,190,173,9ABEAD,NULL,NULL,NULL
2209,NULL,TRUMATCH 22-e3,NULL,175,200,189,AFC8BD,NULL,NULL,NULL
2210,NULL,TRUMATCH 22-a6,NULL,66,135,108,42876C,NULL,NULL,NULL
2211,NULL,TRUMATCH 22-b6,NULL,89,142,120,598E78,NULL,NULL,NULL
2212,NULL,TRUMATCH 22-c6,NULL,108,149,133,6C9585,NULL,NULL,NULL
2213,NULL,TRUMATCH 22-a4,NULL,79,154,123,4F9A7B,NULL,NULL,NULL
2214,NULL,TRUMATCH 22-b4,NULL,104,162,136,68A288,NULL,NULL,NULL
2215,NULL,TRUMATCH 22-c4,NULL,125,170,151,7DAA97,NULL,NULL,NULL
2216,NULL,TRUMATCH 22-d4,NULL,146,180,164,92B4A4,NULL,NULL,NULL
2217,NULL,TRUMATCH 22-e4,NULL,165,189,179,A5BDB3,NULL,NULL,NULL
2218,NULL,TRUMATCH 22-a7,NULL,59,124,100,3B7C64,NULL,NULL,NULL
2219,NULL,TRUMATCH 22-b7,NULL,81,131,111,51836F,NULL,NULL,NULL
2220,NULL,TRUMATCH 22-c7,NULL,99,138,123,638A7B,NULL,NULL,NULL
2221,NULL,TRUMATCH 23-a,NULL,58,178,148,3AB294,NULL,NULL,NULL
2222,NULL,TRUMATCH 23-b,NULL,98,188,163,62BCA3,NULL,NULL,NULL
2223,NULL,TRUMATCH 23-c,NULL,130,199,180,82C7B4,NULL,NULL,NULL
2224,NULL,TRUMATCH 23-d,NULL,162,212,196,A2D4C4,NULL,NULL,NULL
2225,NULL,TRUMATCH 23-e,NULL,190,225,213,BEE1D5,NULL,NULL,NULL
2226,NULL,TRUMATCH 23-f,NULL,216,237,229,D8EDE5,NULL,NULL,NULL
2227,NULL,TRUMATCH 23-g,NULL,240,248,246,F0F8F6,NULL,NULL,NULL
2228,NULL,TRUMATCH 23-h,NULL,248,252,250,F8FCFA,NULL,NULL,NULL
2229,NULL,TRUMATCH 23-a1,NULL,55,172,143,37AC8F,NULL,NULL,NULL
2230,NULL,TRUMATCH 23-b1,NULL,95,181,157,5FB59D,NULL,NULL,NULL
2231,NULL,TRUMATCH 23-c1,NULL,125,192,174,7DC0AE,NULL,NULL,NULL
2232,NULL,TRUMATCH 23-d1,NULL,157,205,189,9DCDBD,NULL,NULL,NULL
2233,NULL,TRUMATCH 23-e1,NULL,183,217,206,B7D9CE,NULL,NULL,NULL
2234,NULL,TRUMATCH 23-f1,NULL,208,228,221,D0E4DD,NULL,NULL,NULL
2235,NULL,TRUMATCH 23-g1,NULL,230,239,237,E6EFED,NULL,NULL,NULL
2236,NULL,TRUMATCH 23-d5,NULL,127,165,154,7FA59A,NULL,NULL,NULL
2237,NULL,TRUMATCH 23-a2,NULL,52,164,137,34A489,NULL,NULL,NULL
2238,NULL,TRUMATCH 23-b2,NULL,91,173,151,5BAD97,NULL,NULL,NULL
2239,NULL,TRUMATCH 23-c2,NULL,120,184,167,78B8A7,NULL,NULL,NULL
2240,NULL,TRUMATCH 23-d2,NULL,150,196,181,96C4B5,NULL,NULL,NULL
2241,NULL,TRUMATCH 23-e2,NULL,175,207,197,AFCFC5,NULL,NULL,NULL
2242,NULL,TRUMATCH 23-a5,NULL,37,139,116,258B74,NULL,NULL,NULL
2243,NULL,TRUMATCH 23-b5,NULL,74,146,128,4A9280,NULL,NULL,NULL
2244,NULL,TRUMATCH 23-c5,NULL,101,155,141,659B8D,NULL,NULL,NULL
2245,NULL,TRUMATCH 23-a3,NULL,48,156,130,309C82,NULL,NULL,NULL
2246,NULL,TRUMATCH 23-b3,NULL,86,165,143,56A58F,NULL,NULL,NULL
2247,NULL,TRUMATCH 23-c3,NULL,114,174,159,72AE9F,NULL,NULL,NULL
2248,NULL,TRUMATCH 23-d3,NULL,143,186,172,8FBAAC,NULL,NULL,NULL
2249,NULL,TRUMATCH 23-e3,NULL,166,197,188,A6C5BC,NULL,NULL,NULL
2250,NULL,TRUMATCH 23-a6,NULL,31,129,108,1F816C,NULL,NULL,NULL
2251,NULL,TRUMATCH 23-b6,NULL,67,136,119,438877,NULL,NULL,NULL
2252,NULL,TRUMATCH 23-c6,NULL,93,144,132,5D9084,NULL,NULL,NULL
2253,NULL,TRUMATCH 23-a4,NULL,43,148,123,2B947B,NULL,NULL,NULL
2254,NULL,TRUMATCH 23-b4,NULL,80,156,136,509C88,NULL,NULL,NULL
2255,NULL,TRUMATCH 23-c4,NULL,108,165,150,6CA596,NULL,NULL,NULL
2256,NULL,TRUMATCH 23-d4,NULL,135,176,163,87B0A3,NULL,NULL,NULL
2257,NULL,TRUMATCH 23-e4,NULL,157,186,178,9DBAB2,NULL,NULL,NULL
2258,NULL,TRUMATCH 23-a7,NULL,23,119,100,177764,NULL,NULL,NULL
2259,NULL,TRUMATCH 23-b7,NULL,60,126,111,3C7E6F,NULL,NULL,NULL
2260,NULL,TRUMATCH 23-c7,NULL,84,133,123,54857B,NULL,NULL,NULL
2261,NULL,TRUMATCH 24-a,NULL,70,183,169,46B7A9,NULL,NULL,NULL
2262,NULL,TRUMATCH 24-b,NULL,108,193,181,6CC1B5,NULL,NULL,NULL
2263,NULL,TRUMATCH 24-c,NULL,137,203,194,89CBC2,NULL,NULL,NULL
2264,NULL,TRUMATCH 24-d,NULL,167,215,208,A7D7D0,NULL,NULL,NULL
2265,NULL,TRUMATCH 24-e,NULL,194,228,221,C2E4DD,NULL,NULL,NULL
2266,NULL,TRUMATCH 24-f,NULL,218,238,235,DAEEEB,NULL,NULL,NULL
2267,NULL,TRUMATCH 24-g,NULL,242,249,248,F2F9F8,NULL,NULL,NULL
2268,NULL,TRUMATCH 24-a1,NULL,67,176,163,43B0A3,NULL,NULL,NULL
2269,NULL,TRUMATCH 24-b1,NULL,104,186,175,68BAAF,NULL,NULL,NULL
2270,NULL,TRUMATCH 24-c1,NULL,132,196,187,84C4BB,NULL,NULL,NULL
2271,NULL,TRUMATCH 24-d1,NULL,161,208,201,A1D0C9,NULL,NULL,NULL
2272,NULL,TRUMATCH 24-e1,NULL,187,219,214,BBDBD6,NULL,NULL,NULL
2273,NULL,TRUMATCH 24-f1,NULL,210,229,226,D2E5E2,NULL,NULL,NULL
2274,NULL,TRUMATCH 24-g1,NULL,232,240,239,E8F0EF,NULL,NULL,NULL
2275,NULL,TRUMATCH 24-d5,NULL,130,167,163,82A7A3,NULL,NULL,NULL
2276,NULL,TRUMATCH 24-a2,NULL,64,169,156,40A99C,NULL,NULL,NULL
2277,NULL,TRUMATCH 24-b2,NULL,100,178,168,64B2A8,NULL,NULL,NULL
2278,NULL,TRUMATCH 24-c2,NULL,127,187,180,7FBBB4,NULL,NULL,NULL
2279,NULL,TRUMATCH 24-d2,NULL,154,198,192,9AC6C0,NULL,NULL,NULL
2280,NULL,TRUMATCH 24-e2,NULL,179,210,205,B3D2CD,NULL,NULL,NULL
2281,NULL,TRUMATCH 24-a5,NULL,50,142,132,328E84,NULL,NULL,NULL
2282,NULL,TRUMATCH 24-b5,NULL,83,150,142,53968E,NULL,NULL,NULL
2283,NULL,TRUMATCH 24-c5,NULL,107,158,153,6B9E99,NULL,NULL,NULL
2284,NULL,TRUMATCH 24-a3,NULL,60,160,148,3CA094,NULL,NULL,NULL
2285,NULL,TRUMATCH 24-b3,NULL,95,169,160,5FA9A0,NULL,NULL,NULL
2286,NULL,TRUMATCH 24-c3,NULL,120,178,171,78B2AB,NULL,NULL,NULL
2287,NULL,TRUMATCH 24-d3,NULL,146,189,183,92BDB7,NULL,NULL,NULL
2288,NULL,TRUMATCH 24-e3,NULL,170,199,195,AAC7C3,NULL,NULL,NULL
2289,NULL,TRUMATCH 24-a6,NULL,43,133,123,2B857B,NULL,NULL,NULL
2290,NULL,TRUMATCH 24-b6,NULL,75,140,133,4B8C85,NULL,NULL,NULL
2291,NULL,TRUMATCH 24-c6,NULL,98,147,143,62938F,NULL,NULL,NULL
2292,NULL,TRUMATCH 24-a4,NULL,55,152,140,37988C,NULL,NULL,NULL
2293,NULL,TRUMATCH 24-b4,NULL,89,160,151,59A097,NULL,NULL,NULL
2294,NULL,TRUMATCH 24-c4,NULL,114,168,162,72A8A2,NULL,NULL,NULL
2295,NULL,TRUMATCH 24-d4,NULL,138,178,173,8AB2AD,NULL,NULL,NULL
2296,NULL,TRUMATCH 24-e4,NULL,161,188,185,A1BCB9,NULL,NULL,NULL
2297,NULL,TRUMATCH 24-a7,NULL,36,123,114,247B72,NULL,NULL,NULL
2298,NULL,TRUMATCH 24-b7,NULL,68,129,123,44817B,NULL,NULL,NULL
2299,NULL,TRUMATCH 24-c7,NULL,90,136,132,5A8884,NULL,NULL,NULL
2300,NULL,TRUMATCH 25-a,NULL,4,169,173,04A9AD,NULL,NULL,NULL
2301,NULL,TRUMATCH 25-b,NULL,83,180,184,53B4B8,NULL,NULL,NULL
2302,NULL,TRUMATCH 25-c,NULL,120,192,195,78C0C3,NULL,NULL,NULL
2303,NULL,TRUMATCH 25-d,NULL,153,205,209,99CDD1,NULL,NULL,NULL
2304,NULL,TRUMATCH 25-e,NULL,184,220,222,B8DCDE,NULL,NULL,NULL
2305,NULL,TRUMATCH 25-f,NULL,213,234,234,D5EAEA,NULL,NULL,NULL
2306,NULL,TRUMATCH 25-g,NULL,240,247,247,F0F7F7,NULL,NULL,NULL
2307,NULL,TRUMATCH 25-h,NULL,248,252,252,F8FCFC,NULL,NULL,NULL
2308,NULL,TRUMATCH 25-a1,NULL,2,163,167,02A3A7,NULL,NULL,NULL
2309,NULL,TRUMATCH 25-b1,NULL,79,173,177,4FADB1,NULL,NULL,NULL
2310,NULL,TRUMATCH 25-c1,NULL,115,185,188,73B9BC,NULL,NULL,NULL
2311,NULL,TRUMATCH 25-d1,NULL,148,198,202,94C6CA,NULL,NULL,NULL
2312,NULL,TRUMATCH 25-e1,NULL,177,212,214,B1D4D6,NULL,NULL,NULL
2313,NULL,TRUMATCH 25-f1,NULL,205,225,226,CDE1E2,NULL,NULL,NULL
2314,NULL,TRUMATCH 25-g1,NULL,230,238,238,E6EEEE,NULL,NULL,NULL
2315,NULL,TRUMATCH 25-d5,NULL,119,160,164,77A0A4,NULL,NULL,NULL
2316,NULL,TRUMATCH 25-a2,NULL,0,156,160,009CA0,NULL,NULL,NULL
2317,NULL,TRUMATCH 25-b2,NULL,76,166,170,4CA6AA,NULL,NULL,NULL
2318,NULL,TRUMATCH 25-c2,NULL,111,177,180,6FB1B4,NULL,NULL,NULL
2319,NULL,TRUMATCH 25-d2,NULL,141,189,193,8DBDC1,NULL,NULL,NULL
2320,NULL,TRUMATCH 25-e2,NULL,169,202,205,A9CACD,NULL,NULL,NULL
2321,NULL,TRUMATCH 25-a5,NULL,0,131,135,008387,NULL,NULL,NULL
2322,NULL,TRUMATCH 25-b5,NULL,61,140,144,3D8C90,NULL,NULL,NULL
2323,NULL,TRUMATCH 25-c5,NULL,92,149,153,5C9599,NULL,NULL,NULL
2324,NULL,TRUMATCH 25-a3,NULL,0,148,152,009498,NULL,NULL,NULL
2325,NULL,TRUMATCH 25-b3,NULL,72,158,162,489EA2,NULL,NULL,NULL
2326,NULL,TRUMATCH 25-c3,NULL,105,168,172,69A8AC,NULL,NULL,NULL
2327,NULL,TRUMATCH 25-d3,NULL,135,180,184,87B4B8,NULL,NULL,NULL
2328,NULL,TRUMATCH 25-e3,NULL,161,192,195,A1C0C3,NULL,NULL,NULL
2329,NULL,TRUMATCH 25-a6,NULL,0,122,127,007A7F,NULL,NULL,NULL
2330,NULL,TRUMATCH 25-b6,NULL,55,130,135,378287,NULL,NULL,NULL
2331,NULL,TRUMATCH 25-c6,NULL,85,139,143,558B8F,NULL,NULL,NULL
2332,NULL,TRUMATCH 25-a4,NULL,0,140,144,008C90,NULL,NULL,NULL
2333,NULL,TRUMATCH 25-b4,NULL,66,149,153,429599,NULL,NULL,NULL
2334,NULL,TRUMATCH 25-c4,NULL,99,159,163,639FA3,NULL,NULL,NULL
2335,NULL,TRUMATCH 25-d4,NULL,127,170,175,7FAAAF,NULL,NULL,NULL
2336,NULL,TRUMATCH 25-e4,NULL,152,182,185,98B6B9,NULL,NULL,NULL
2337,NULL,TRUMATCH 25-a7,NULL,0,113,117,007175,NULL,NULL,NULL
2338,NULL,TRUMATCH 25-b7,NULL,48,120,125,30787D,NULL,NULL,NULL
2339,NULL,TRUMATCH 25-c7,NULL,77,128,133,4D8085,NULL,NULL,NULL
2340,NULL,TRUMATCH 26-a,NULL,0,163,181,00A3B5,NULL,NULL,NULL
2341,NULL,TRUMATCH 26-b,NULL,28,175,191,1CAFBF,NULL,NULL,NULL
2342,NULL,TRUMATCH 26-c,NULL,95,188,202,5FBCCA,NULL,NULL,NULL
2343,NULL,TRUMATCH 26-d,NULL,135,201,212,87C9D4,NULL,NULL,NULL
2344,NULL,TRUMATCH 26-e,NULL,173,218,226,ADDAE2,NULL,NULL,NULL
2345,NULL,TRUMATCH 26-f,NULL,206,231,236,CEE7EC,NULL,NULL,NULL
2346,NULL,TRUMATCH 26-g,NULL,237,246,248,EDF6F8,NULL,NULL,NULL
2347,NULL,TRUMATCH 26-h,NULL,246,251,252,F6FBFC,NULL,NULL,NULL
2348,NULL,TRUMATCH 26-a1,NULL,0,157,175,009DAF,NULL,NULL,NULL
2349,NULL,TRUMATCH 26-b1,NULL,26,169,184,1AA9B8,NULL,NULL,NULL
2350,NULL,TRUMATCH 26-c1,NULL,92,181,195,5CB5C3,NULL,NULL,NULL
2351,NULL,TRUMATCH 26-d1,NULL,130,194,205,82C2CD,NULL,NULL,NULL
2352,NULL,TRUMATCH 26-e1,NULL,167,210,218,A7D2DA,NULL,NULL,NULL
2353,NULL,TRUMATCH 26-f1,NULL,198,222,227,C6DEE3,NULL,NULL,NULL
2354,NULL,TRUMATCH 26-g1,NULL,228,237,239,E4EDEF,NULL,NULL,NULL
2355,NULL,TRUMATCH 26-d5,NULL,105,156,167,699CA7,NULL,NULL,NULL
2356,NULL,TRUMATCH 26-a2,NULL,0,150,168,0096A8,NULL,NULL,NULL
2357,NULL,TRUMATCH 26-b2,NULL,24,161,176,18A1B0,NULL,NULL,NULL
2358,NULL,TRUMATCH 26-c2,NULL,88,173,187,58ADBB,NULL,NULL,NULL
2359,NULL,TRUMATCH 26-d2,NULL,125,186,197,7DBAC5,NULL,NULL,NULL
2360,NULL,TRUMATCH 26-e2,NULL,160,200,209,A0C8D1,NULL,NULL,NULL
2361,NULL,TRUMATCH 26-a5,NULL,0,127,142,007F8E,NULL,NULL,NULL
2362,NULL,TRUMATCH 26-b5,NULL,7,136,150,078896,NULL,NULL,NULL
2363,NULL,TRUMATCH 26-c5,NULL,72,146,159,48929F,NULL,NULL,NULL
2364,NULL,TRUMATCH 26-a3,NULL,0,143,160,008FA0,NULL,NULL,NULL
2365,NULL,TRUMATCH 26-b3,NULL,20,153,168,1499A8,NULL,NULL,NULL
2366,NULL,TRUMATCH 26-c3,NULL,83,164,178,53A4B2,NULL,NULL,NULL
2367,NULL,TRUMATCH 26-d3,NULL,119,176,187,77B0BB,NULL,NULL,NULL
2368,NULL,TRUMATCH 26-e3,NULL,152,190,199,98BEC7,NULL,NULL,NULL
2369,NULL,TRUMATCH 26-a6,NULL,0,118,133,007685,NULL,NULL,NULL
2370,NULL,TRUMATCH 26-b6,NULL,0,127,140,007F8C,NULL,NULL,NULL
2371,NULL,TRUMATCH 26-c6,NULL,66,136,148,428894,NULL,NULL,NULL
2372,NULL,TRUMATCH 26-a4,NULL,0,135,151,008797,NULL,NULL,NULL
2373,NULL,TRUMATCH 26-b4,NULL,15,145,159,0F919F,NULL,NULL,NULL
2374,NULL,TRUMATCH 26-c4,NULL,78,155,169,4E9BA9,NULL,NULL,NULL
2375,NULL,TRUMATCH 26-d4,NULL,112,167,177,70A7B1,NULL,NULL,NULL
2376,NULL,TRUMATCH 26-e4,NULL,144,180,188,90B4BC,NULL,NULL,NULL
2377,NULL,TRUMATCH 26-a7,NULL,0,109,123,006D7B,NULL,NULL,NULL
2378,NULL,TRUMATCH 26-b7,NULL,0,117,130,007582,NULL,NULL,NULL
2379,NULL,TRUMATCH 26-c7,NULL,59,126,138,3B7E8A,NULL,NULL,NULL
2380,NULL,TRUMATCH 27-a,NULL,0,157,182,009DB6,NULL,NULL,NULL
2381,NULL,TRUMATCH 27-b,NULL,45,170,192,2DAAC0,NULL,NULL,NULL
2382,NULL,TRUMATCH 27-c,NULL,101,183,202,65B7CA,NULL,NULL,NULL
2383,NULL,TRUMATCH 27-d,NULL,138,197,213,8AC5D5,NULL,NULL,NULL
2384,NULL,TRUMATCH 27-e,NULL,173,213,224,ADD5E0,NULL,NULL,NULL
2385,NULL,TRUMATCH 27-f,NULL,208,230,236,D0E6EC,NULL,NULL,NULL
2386,NULL,TRUMATCH 27-g,NULL,237,246,248,EDF6F8,NULL,NULL,NULL
2387,NULL,TRUMATCH 27-a1,NULL,0,152,176,0098B0,NULL,NULL,NULL
2388,NULL,TRUMATCH 27-b1,NULL,43,164,185,2BA4B9,NULL,NULL,NULL
2389,NULL,TRUMATCH 27-c1,NULL,97,177,195,61B1C3,NULL,NULL,NULL
2390,NULL,TRUMATCH 27-d1,NULL,134,190,205,86BECD,NULL,NULL,NULL
2391,NULL,TRUMATCH 27-e1,NULL,167,205,216,A7CDD8,NULL,NULL,NULL
2392,NULL,TRUMATCH 27-f1,NULL,200,222,228,C8DEE4,NULL,NULL,NULL
2393,NULL,TRUMATCH 27-d5,NULL,108,153,167,6C99A7,NULL,NULL,NULL
2394,NULL,TRUMATCH 27-e5,NULL,135,165,176,87A5B0,NULL,NULL,NULL
2395,NULL,TRUMATCH 27-a2,NULL,0,145,168,0091A8,NULL,NULL,NULL
2396,NULL,TRUMATCH 27-b2,NULL,41,157,178,299DB2,NULL,NULL,NULL
2397,NULL,TRUMATCH 27-c2,NULL,93,169,187,5DA9BB,NULL,NULL,NULL
2398,NULL,TRUMATCH 27-d2,NULL,128,181,197,80B5C5,NULL,NULL,NULL
2399,NULL,TRUMATCH 27-e2,NULL,160,196,207,A0C4CF,NULL,NULL,NULL
2400,NULL,TRUMATCH 27-a5,NULL,0,122,143,007A8F,NULL,NULL,NULL
2401,NULL,TRUMATCH 27-b5,NULL,27,132,151,1B8497,NULL,NULL,NULL
2402,NULL,TRUMATCH 27-c5,NULL,77,143,159,4D8F9F,NULL,NULL,NULL
2403,NULL,TRUMATCH 27-a3,NULL,0,138,160,008AA0,NULL,NULL,NULL
2404,NULL,TRUMATCH 27-b3,NULL,37,149,169,2595A9,NULL,NULL,NULL
2405,NULL,TRUMATCH 27-c3,NULL,88,161,178,58A1B2,NULL,NULL,NULL
2406,NULL,TRUMATCH 27-d3,NULL,122,173,187,7AADBB,NULL,NULL,NULL
2407,NULL,TRUMATCH 27-e3,NULL,152,187,198,98BBC6,NULL,NULL,NULL
2408,NULL,TRUMATCH 27-a6,NULL,0,114,134,007286,NULL,NULL,NULL
2409,NULL,TRUMATCH 27-b6,NULL,21,123,141,157B8D,NULL,NULL,NULL
2410,NULL,TRUMATCH 27-c6,NULL,70,133,149,468595,NULL,NULL,NULL
2411,NULL,TRUMATCH 27-a4,NULL,0,130,152,008298,NULL,NULL,NULL
2412,NULL,TRUMATCH 27-b4,NULL,33,141,160,218DA0,NULL,NULL,NULL
2413,NULL,TRUMATCH 27-c4,NULL,83,152,169,5398A9,NULL,NULL,NULL
2414,NULL,TRUMATCH 27-d4,NULL,115,163,177,73A3B1,NULL,NULL,NULL
2415,NULL,TRUMATCH 27-e4,NULL,144,176,187,90B0BB,NULL,NULL,NULL
2416,NULL,TRUMATCH 27-a7,NULL,0,105,124,00697C,NULL,NULL,NULL
2417,NULL,TRUMATCH 27-b7,NULL,13,114,131,0D7283,NULL,NULL,NULL
2418,NULL,TRUMATCH 27-c7,NULL,63,123,138,3F7B8A,NULL,NULL,NULL
2419,NULL,TRUMATCH 28-a,NULL,0,171,204,00ABCC,NULL,NULL,NULL
2420,NULL,TRUMATCH 28-b,NULL,0,182,211,00B6D3,NULL,NULL,NULL
2421,NULL,TRUMATCH 28-c,NULL,89,194,218,59C2DA,NULL,NULL,NULL
2422,NULL,TRUMATCH 28-d,NULL,132,206,226,84CEE2,NULL,NULL,NULL
2423,NULL,TRUMATCH 28-e,NULL,172,221,234,ACDDEA,NULL,NULL,NULL
2424,NULL,TRUMATCH 28-f,NULL,205,234,243,CDEAF3,NULL,NULL,NULL
2425,NULL,TRUMATCH 28-g,NULL,237,248,251,EDF8FB,NULL,NULL,NULL
2426,NULL,TRUMATCH 28-h,NULL,246,251,253,F6FBFD,NULL,NULL,NULL
2427,NULL,TRUMATCH 28-a1,NULL,0,165,196,00A5C4,NULL,NULL,NULL
2428,NULL,TRUMATCH 28-b1,NULL,0,175,203,00AFCB,NULL,NULL,NULL
2429,NULL,TRUMATCH 28-c1,NULL,86,187,210,56BBD2,NULL,NULL,NULL
2430,NULL,TRUMATCH 28-d1,NULL,128,199,218,80C7DA,NULL,NULL,NULL
2431,NULL,TRUMATCH 28-e1,NULL,166,213,226,A6D5E2,NULL,NULL,NULL
2432,NULL,TRUMATCH 28-f1,NULL,197,226,234,C5E2EA,NULL,NULL,NULL
2433,NULL,TRUMATCH 28-g1,NULL,228,238,242,E4EEF2,NULL,NULL,NULL
2434,NULL,TRUMATCH 28-d5,NULL,103,160,177,67A0B1,NULL,NULL,NULL
2435,NULL,TRUMATCH 28-a2,NULL,0,158,188,009EBC,NULL,NULL,NULL
2436,NULL,TRUMATCH 28-b2,NULL,0,168,195,00A8C3,NULL,NULL,NULL
2437,NULL,TRUMATCH 28-c2,NULL,82,178,202,52B2CA,NULL,NULL,NULL
2438,NULL,TRUMATCH 28-d2,NULL,122,190,209,7ABED1,NULL,NULL,NULL
2439,NULL,TRUMATCH 28-e2,NULL,159,203,217,9FCBD9,NULL,NULL,NULL
2440,NULL,TRUMATCH 28-a5,NULL,0,133,159,00859F,NULL,NULL,NULL
2441,NULL,TRUMATCH 28-b5,NULL,0,141,165,008DA5,NULL,NULL,NULL
2442,NULL,TRUMATCH 28-c5,NULL,68,150,171,4496AB,NULL,NULL,NULL
2443,NULL,TRUMATCH 28-a3,NULL,0,150,179,0096B3,NULL,NULL,NULL
2444,NULL,TRUMATCH 28-b3,NULL,0,159,185,009FB9,NULL,NULL,NULL
2445,NULL,TRUMATCH 28-c3,NULL,78,170,192,4EAAC0,NULL,NULL,NULL
2446,NULL,TRUMATCH 28-d3,NULL,116,181,199,74B5C7,NULL,NULL,NULL
2447,NULL,TRUMATCH 28-e3,NULL,151,193,206,97C1CE,NULL,NULL,NULL
2448,NULL,TRUMATCH 28-a6,NULL,0,124,149,007C95,NULL,NULL,NULL
2449,NULL,TRUMATCH 28-b6,NULL,0,132,154,00849A,NULL,NULL,NULL
2450,NULL,TRUMATCH 28-c6,NULL,62,140,160,3E8CA0,NULL,NULL,NULL
2451,NULL,TRUMATCH 28-a4,NULL,0,142,169,008EA9,NULL,NULL,NULL
2452,NULL,TRUMATCH 28-b4,NULL,0,151,175,0097AF,NULL,NULL,NULL
2453,NULL,TRUMATCH 28-c4,NULL,73,160,182,49A0B6,NULL,NULL,NULL
2454,NULL,TRUMATCH 28-d4,NULL,110,170,188,6EAABC,NULL,NULL,NULL
2455,NULL,TRUMATCH 28-e4,NULL,143,183,195,8FB7C3,NULL,NULL,NULL
2456,NULL,TRUMATCH 28-a7,NULL,0,114,138,00728A,NULL,NULL,NULL
2457,NULL,TRUMATCH 28-b7,NULL,0,122,143,007A8F,NULL,NULL,NULL
2458,NULL,TRUMATCH 28-c7,NULL,55,130,149,378295,NULL,NULL,NULL
2459,NULL,TRUMATCH 29-a,NULL,0,179,196,00B3C4,NULL,NULL,NULL
2460,NULL,TRUMATCH 29-b,NULL,73,189,205,49BDCD,NULL,NULL,NULL
2461,NULL,TRUMATCH 29-c,NULL,115,199,212,73C7D4,NULL,NULL,NULL
2462,NULL,TRUMATCH 29-d,NULL,151,212,222,97D4DE,NULL,NULL,NULL
2463,NULL,TRUMATCH 29-e,NULL,183,225,232,B7E1E8,NULL,NULL,NULL
2464,NULL,TRUMATCH 29-f,NULL,213,237,242,D5EDF2,NULL,NULL,NULL
2465,NULL,TRUMATCH 29-g,NULL,240,248,249,F0F8F9,NULL,NULL,NULL
2466,NULL,TRUMATCH 29-h,NULL,248,252,253,F8FCFD,NULL,NULL,NULL
2467,NULL,TRUMATCH 29-a1,NULL,0,172,189,00ACBD,NULL,NULL,NULL
2468,NULL,TRUMATCH 29-b1,NULL,70,182,198,46B6C6,NULL,NULL,NULL
2469,NULL,TRUMATCH 29-c1,NULL,111,192,205,6FC0CD,NULL,NULL,NULL
2470,NULL,TRUMATCH 29-d1,NULL,145,204,214,91CCD6,NULL,NULL,NULL
2471,NULL,TRUMATCH 29-e1,NULL,176,216,224,B0D8E0,NULL,NULL,NULL
2472,NULL,TRUMATCH 29-f1,NULL,205,228,233,CDE4E9,NULL,NULL,NULL
2473,NULL,TRUMATCH 29-g1,NULL,230,239,240,E6EFF0,NULL,NULL,NULL
2474,NULL,TRUMATCH 29-d5,NULL,118,164,174,76A4AE,NULL,NULL,NULL
2475,NULL,TRUMATCH 29-a2,NULL,0,165,181,00A5B5,NULL,NULL,NULL
2476,NULL,TRUMATCH 29-b2,NULL,67,174,189,43AEBD,NULL,NULL,NULL
2477,NULL,TRUMATCH 29-c2,NULL,106,184,196,6AB8C4,NULL,NULL,NULL
2478,NULL,TRUMATCH 29-d2,NULL,139,195,205,8BC3CD,NULL,NULL,NULL
2479,NULL,TRUMATCH 29-e2,NULL,169,207,214,A9CFD6,NULL,NULL,NULL
2480,NULL,TRUMATCH 29-a5,NULL,0,139,154,008B9A,NULL,NULL,NULL
2481,NULL,TRUMATCH 29-b5,NULL,53,147,161,3593A1,NULL,NULL,NULL
2482,NULL,TRUMATCH 29-c5,NULL,89,155,167,599BA7,NULL,NULL,NULL
2483,NULL,TRUMATCH 29-a3,NULL,0,156,173,009CAD,NULL,NULL,NULL
2484,NULL,TRUMATCH 29-b3,NULL,63,165,180,3FA5B4,NULL,NULL,NULL
2485,NULL,TRUMATCH 29-c3,NULL,101,175,187,65AFBB,NULL,NULL,NULL
2486,NULL,TRUMATCH 29-d3,NULL,133,185,195,85B9C3,NULL,NULL,NULL
2487,NULL,TRUMATCH 29-e3,NULL,160,197,204,A0C5CC,NULL,NULL,NULL
2488,NULL,TRUMATCH 29-a6,NULL,0,129,144,008190,NULL,NULL,NULL
2489,NULL,TRUMATCH 29-b6,NULL,47,137,150,2F8996,NULL,NULL,NULL
2490,NULL,TRUMATCH 29-c6,NULL,82,144,156,52909C,NULL,NULL,NULL
2491,NULL,TRUMATCH 29-a4,NULL,0,148,163,0094A3,NULL,NULL,NULL
2492,NULL,TRUMATCH 29-b4,NULL,58,156,171,3A9CAB,NULL,NULL,NULL
2493,NULL,TRUMATCH 29-c4,NULL,95,165,177,5FA5B1,NULL,NULL,NULL
2494,NULL,TRUMATCH 29-d4,NULL,125,175,185,7DAFB9,NULL,NULL,NULL
2495,NULL,TRUMATCH 29-e4,NULL,152,186,193,98BAC1,NULL,NULL,NULL
2496,NULL,TRUMATCH 29-a7,NULL,0,120,133,007885,NULL,NULL,NULL
2497,NULL,TRUMATCH 29-b7,NULL,40,126,139,287E8B,NULL,NULL,NULL
2498,NULL,TRUMATCH 29-c7,NULL,75,134,145,4B8691,NULL,NULL,NULL
2499,NULL,TRUMATCH 30-a,NULL,0,166,235,00A6EB,NULL,NULL,NULL
2500,NULL,TRUMATCH 30-b,NULL,0,178,237,00B2ED,NULL,NULL,NULL
2501,NULL,TRUMATCH 30-c,NULL,46,190,240,2EBEF0,NULL,NULL,NULL
2502,NULL,TRUMATCH 30-d,NULL,112,203,243,70CBF3,NULL,NULL,NULL
2503,NULL,TRUMATCH 30-e,NULL,159,218,247,9FDAF7,NULL,NULL,NULL
2504,NULL,TRUMATCH 30-f,NULL,200,233,250,C8E9FA,NULL,NULL,NULL
2505,NULL,TRUMATCH 30-g,NULL,235,247,253,EBF7FD,NULL,NULL,NULL
2506,NULL,TRUMATCH 30-h,NULL,246,251,254,F6FBFE,NULL,NULL,NULL
2507,NULL,TRUMATCH 30-a1,NULL,0,160,226,00A0E2,NULL,NULL,NULL
2508,NULL,TRUMATCH 30-b1,NULL,0,171,229,00ABE5,NULL,NULL,NULL
2509,NULL,TRUMATCH 30-c1,NULL,44,183,231,2CB7E7,NULL,NULL,NULL
2510,NULL,TRUMATCH 30-d1,NULL,108,195,234,6CC3EA,NULL,NULL,NULL
2511,NULL,TRUMATCH 30-e1,NULL,153,210,238,99D2EE,NULL,NULL,NULL
2512,NULL,TRUMATCH 30-f1,NULL,192,224,241,C0E0F1,NULL,NULL,NULL
2513,NULL,TRUMATCH 30-d5,NULL,87,157,190,579DBE,NULL,NULL,NULL
2514,NULL,TRUMATCH 30-e5,NULL,124,169,193,7CA9C1,NULL,NULL,NULL
2515,NULL,TRUMATCH 30-a2,NULL,0,152,216,0098D8,NULL,NULL,NULL
2516,NULL,TRUMATCH 30-b2,NULL,0,164,219,00A4DB,NULL,NULL,NULL
2517,NULL,TRUMATCH 30-c2,NULL,42,175,221,2AAFDD,NULL,NULL,NULL
2518,NULL,TRUMATCH 30-d2,NULL,104,187,224,68BBE0,NULL,NULL,NULL
2519,NULL,TRUMATCH 30-e2,NULL,147,201,228,93C9E4,NULL,NULL,NULL
2520,NULL,TRUMATCH 30-a5,NULL,0,128,183,0080B7,NULL,NULL,NULL
2521,NULL,TRUMATCH 30-b5,NULL,0,138,185,008AB9,NULL,NULL,NULL
2522,NULL,TRUMATCH 30-c5,NULL,31,147,187,1F93BB,NULL,NULL,NULL
2523,NULL,TRUMATCH 30-a3,NULL,0,144,205,0090CD,NULL,NULL,NULL
2524,NULL,TRUMATCH 30-b3,NULL,0,155,208,009BD0,NULL,NULL,NULL
2525,NULL,TRUMATCH 30-c3,NULL,39,166,211,27A6D3,NULL,NULL,NULL
2526,NULL,TRUMATCH 30-d3,NULL,98,177,214,62B1D6,NULL,NULL,NULL
2527,NULL,TRUMATCH 30-e3,NULL,140,191,217,8CBFD9,NULL,NULL,NULL
2528,NULL,TRUMATCH 30-a6,NULL,0,119,171,0077AB,NULL,NULL,NULL
2529,NULL,TRUMATCH 30-b6,NULL,0,128,173,0080AD,NULL,NULL,NULL
2530,NULL,TRUMATCH 30-c6,NULL,26,137,175,1A89AF,NULL,NULL,NULL
2531,NULL,TRUMATCH 30-a4,NULL,0,136,194,0088C2,NULL,NULL,NULL
2532,NULL,TRUMATCH 30-b4,NULL,0,147,197,0093C5,NULL,NULL,NULL
2533,NULL,TRUMATCH 30-c4,NULL,35,157,199,239DC7,NULL,NULL,NULL
2534,NULL,TRUMATCH 30-d4,NULL,93,167,202,5DA7CA,NULL,NULL,NULL
2535,NULL,TRUMATCH 30-e4,NULL,132,180,205,84B4CD,NULL,NULL,NULL
2536,NULL,TRUMATCH 30-a7,NULL,0,110,158,006E9E,NULL,NULL,NULL
2537,NULL,TRUMATCH 30-b7,NULL,0,119,161,0077A1,NULL,NULL,NULL
2538,NULL,TRUMATCH 30-c7,NULL,19,127,163,137FA3,NULL,NULL,NULL
2539,NULL,TRUMATCH 31-a,NULL,0,155,221,009BDD,NULL,NULL,NULL
2540,NULL,TRUMATCH 31-b,NULL,32,167,225,20A7E1,NULL,NULL,NULL
2541,NULL,TRUMATCH 31-c,NULL,95,182,230,5FB6E6,NULL,NULL,NULL
2542,NULL,TRUMATCH 31-d,NULL,135,196,235,87C4EB,NULL,NULL,NULL
2543,NULL,TRUMATCH 31-e,NULL,171,213,241,ABD5F1,NULL,NULL,NULL
2544,NULL,TRUMATCH 31-f,NULL,207,230,247,CFE6F7,NULL,NULL,NULL
2545,NULL,TRUMATCH 31-d5,NULL,106,152,184,6A98B8,NULL,NULL,NULL
2546,NULL,TRUMATCH 31-e5,NULL,134,165,189,86A5BD,NULL,NULL,NULL
2547,NULL,TRUMATCH 31-a1,NULL,0,150,213,0096D5,NULL,NULL,NULL
2548,NULL,TRUMATCH 31-b1,NULL,30,161,217,1EA1D9,NULL,NULL,NULL
2549,NULL,TRUMATCH 31-c1,NULL,92,175,222,5CAFDE,NULL,NULL,NULL
2550,NULL,TRUMATCH 31-d1,NULL,130,189,227,82BDE3,NULL,NULL,NULL
2551,NULL,TRUMATCH 31-e1,NULL,165,205,233,A5CDE9,NULL,NULL,NULL
2552,NULL,TRUMATCH 31-f1,NULL,199,221,238,C7DDEE,NULL,NULL,NULL
2553,NULL,TRUMATCH 31-d6,NULL,98,142,172,628EAC,NULL,NULL,NULL
2554,NULL,TRUMATCH 31-e6,NULL,125,154,177,7D9AB1,NULL,NULL,NULL
2555,NULL,TRUMATCH 31-a2,NULL,0,143,203,008FCB,NULL,NULL,NULL
2556,NULL,TRUMATCH 31-b2,NULL,28,154,207,1C9ACF,NULL,NULL,NULL
2557,NULL,TRUMATCH 31-c2,NULL,88,167,213,58A7D5,NULL,NULL,NULL
2558,NULL,TRUMATCH 31-d2,NULL,125,180,217,7DB4D9,NULL,NULL,NULL
2559,NULL,TRUMATCH 31-e2,NULL,158,196,223,9EC4DF,NULL,NULL,NULL
2560,NULL,TRUMATCH 31-a5,NULL,0,120,172,0078AC,NULL,NULL,NULL
2561,NULL,TRUMATCH 31-b5,NULL,15,129,176,0F81B0,NULL,NULL,NULL
2562,NULL,TRUMATCH 31-c5,NULL,73,141,180,498DB4,NULL,NULL,NULL
2563,NULL,TRUMATCH 31-a3,NULL,0,136,194,0088C2,NULL,NULL,NULL
2564,NULL,TRUMATCH 31-b3,NULL,25,146,197,1992C5,NULL,NULL,NULL
2565,NULL,TRUMATCH 31-c3,NULL,83,159,202,539FCA,NULL,NULL,NULL
2566,NULL,TRUMATCH 31-d3,NULL,119,171,207,77ABCF,NULL,NULL,NULL
2567,NULL,TRUMATCH 31-e3,NULL,150,186,212,96BAD4,NULL,NULL,NULL
2568,NULL,TRUMATCH 31-a6,NULL,0,112,161,0070A1,NULL,NULL,NULL
2569,NULL,TRUMATCH 31-b6,NULL,8,121,164,0879A4,NULL,NULL,NULL
2570,NULL,TRUMATCH 31-c6,NULL,67,131,169,4383A9,NULL,NULL,NULL
2571,NULL,TRUMATCH 31-a4,NULL,0,128,183,0080B7,NULL,NULL,NULL
2572,NULL,TRUMATCH 31-b4,NULL,20,138,187,148ABB,NULL,NULL,NULL
2573,NULL,TRUMATCH 31-c4,NULL,78,150,192,4E96C0,NULL,NULL,NULL
2574,NULL,TRUMATCH 31-d4,NULL,112,162,196,70A2C4,NULL,NULL,NULL
2575,NULL,TRUMATCH 31-e4,NULL,142,176,201,8EB0C9,NULL,NULL,NULL
2576,NULL,TRUMATCH 31-a7,NULL,0,103,150,006796,NULL,NULL,NULL
2577,NULL,TRUMATCH 31-b7,NULL,0,112,153,007099,NULL,NULL,NULL
2578,NULL,TRUMATCH 31-c7,NULL,60,121,157,3C799D,NULL,NULL,NULL
2579,NULL,TRUMATCH 32-a,NULL,0,150,216,0096D8,NULL,NULL,NULL
2580,NULL,TRUMATCH 32-b,NULL,32,163,221,20A3DD,NULL,NULL,NULL
2581,NULL,TRUMATCH 32-c,NULL,94,176,227,5EB0E3,NULL,NULL,NULL
2582,NULL,TRUMATCH 32-d,NULL,133,192,233,85C0E9,NULL,NULL,NULL
2583,NULL,TRUMATCH 32-e,NULL,171,210,239,ABD2EF,NULL,NULL,NULL
2584,NULL,TRUMATCH 32-f,NULL,204,227,245,CCE3F5,NULL,NULL,NULL
2585,NULL,TRUMATCH 32-g,NULL,237,245,252,EDF5FC,NULL,NULL,NULL
2586,NULL,TRUMATCH 32-h,NULL,246,250,253,F6FAFD,NULL,NULL,NULL
2587,NULL,TRUMATCH 32-a1,NULL,0,144,208,0090D0,NULL,NULL,NULL
2588,NULL,TRUMATCH 32-b1,NULL,30,156,213,1E9CD5,NULL,NULL,NULL
2589,NULL,TRUMATCH 32-c1,NULL,91,170,219,5BAADB,NULL,NULL,NULL
2590,NULL,TRUMATCH 32-d1,NULL,128,185,225,80B9E1,NULL,NULL,NULL
2591,NULL,TRUMATCH 32-e1,NULL,165,202,231,A5CAE7,NULL,NULL,NULL
2592,NULL,TRUMATCH 32-f1,NULL,197,219,237,C5DBED,NULL,NULL,NULL
2593,NULL,TRUMATCH 32-d5,NULL,104,149,182,6895B6,NULL,NULL,NULL
2594,NULL,TRUMATCH 32-e5,NULL,134,163,188,86A3BC,NULL,NULL,NULL
2595,NULL,TRUMATCH 32-a2,NULL,0,138,199,008AC7,NULL,NULL,NULL
2596,NULL,TRUMATCH 32-b2,NULL,27,150,204,1B96CC,NULL,NULL,NULL
2597,NULL,TRUMATCH 32-c2,NULL,87,162,209,57A2D1,NULL,NULL,NULL
2598,NULL,TRUMATCH 32-d2,NULL,123,177,215,7BB1D7,NULL,NULL,NULL
2599,NULL,TRUMATCH 32-e2,NULL,158,193,221,9EC1DD,NULL,NULL,NULL
2600,NULL,TRUMATCH 32-a5,NULL,0,116,169,0074A9,NULL,NULL,NULL
2601,NULL,TRUMATCH 32-b5,NULL,14,126,173,0E7EAD,NULL,NULL,NULL
2602,NULL,TRUMATCH 32-c5,NULL,72,137,178,4889B2,NULL,NULL,NULL
2603,NULL,TRUMATCH 32-a3,NULL,0,131,190,0083BE,NULL,NULL,NULL
2604,NULL,TRUMATCH 32-b3,NULL,24,142,194,188EC2,NULL,NULL,NULL
2605,NULL,TRUMATCH 32-c3,NULL,82,154,199,529AC7,NULL,NULL,NULL
2606,NULL,TRUMATCH 32-d3,NULL,117,168,205,75A8CD,NULL,NULL,NULL
2607,NULL,TRUMATCH 32-e3,NULL,150,184,210,96B8D2,NULL,NULL,NULL
2608,NULL,TRUMATCH 32-a6,NULL,0,108,158,006C9E,NULL,NULL,NULL
2609,NULL,TRUMATCH 32-b6,NULL,7,117,162,0775A2,NULL,NULL,NULL
2610,NULL,TRUMATCH 32-c6,NULL,66,127,166,427FA6,NULL,NULL,NULL
2611,NULL,TRUMATCH 32-a4,NULL,0,123,180,007BB4,NULL,NULL,NULL
2612,NULL,TRUMATCH 32-b4,NULL,20,134,184,1486B8,NULL,NULL,NULL
2613,NULL,TRUMATCH 32-c4,NULL,77,146,189,4D92BD,NULL,NULL,NULL
2614,NULL,TRUMATCH 32-d4,NULL,110,158,194,6E9EC2,NULL,NULL,NULL
2615,NULL,TRUMATCH 32-e4,NULL,142,173,199,8EADC7,NULL,NULL,NULL
2616,NULL,TRUMATCH 32-a7,NULL,0,99,147,006393,NULL,NULL,NULL
2617,NULL,TRUMATCH 32-b7,NULL,0,108,150,006C96,NULL,NULL,NULL
2618,NULL,TRUMATCH 32-c7,NULL,59,118,154,3B769A,NULL,NULL,NULL
2619,NULL,TRUMATCH 33-a,NULL,29,150,212,1D96D4,NULL,NULL,NULL
2620,NULL,TRUMATCH 33-b,NULL,83,163,218,53A3DA,NULL,NULL,NULL
2621,NULL,TRUMATCH 33-c,NULL,118,176,224,76B0E0,NULL,NULL,NULL
2622,NULL,TRUMATCH 33-d,NULL,151,193,231,97C1E7,NULL,NULL,NULL
2623,NULL,TRUMATCH 33-e,NULL,182,210,238,B6D2EE,NULL,NULL,NULL
2624,NULL,TRUMATCH 33-f,NULL,211,228,245,D3E4F5,NULL,NULL,NULL
2625,NULL,TRUMATCH 33-g,NULL,239,246,252,EFF6FC,NULL,NULL,NULL
2626,NULL,TRUMATCH 33-h,NULL,248,251,254,F8FBFE,NULL,NULL,NULL
2627,NULL,TRUMATCH 33-a1,NULL,26,144,204,1A90CC,NULL,NULL,NULL
2628,NULL,TRUMATCH 33-b1,NULL,80,157,211,509DD3,NULL,NULL,NULL
2629,NULL,TRUMATCH 33-c1,NULL,114,170,216,72AAD8,NULL,NULL,NULL
2630,NULL,TRUMATCH 33-d1,NULL,145,186,223,91BADF,NULL,NULL,NULL
2631,NULL,TRUMATCH 33-e1,NULL,175,203,230,AFCBE6,NULL,NULL,NULL
2632,NULL,TRUMATCH 33-f1,NULL,203,220,236,CBDCEC,NULL,NULL,NULL
2633,NULL,TRUMATCH 33-d5,NULL,118,149,181,7695B5,NULL,NULL,NULL
2634,NULL,TRUMATCH 33-e5,NULL,142,163,187,8EA3BB,NULL,NULL,NULL
2635,NULL,TRUMATCH 33-a2,NULL,23,138,196,178AC4,NULL,NULL,NULL
2636,NULL,TRUMATCH 33-b2,NULL,76,150,202,4C96CA,NULL,NULL,NULL
2637,NULL,TRUMATCH 33-c2,NULL,109,162,207,6DA2CF,NULL,NULL,NULL
2638,NULL,TRUMATCH 33-d2,NULL,139,177,213,8BB1D5,NULL,NULL,NULL
2639,NULL,TRUMATCH 33-e2,NULL,167,194,220,A7C2DC,NULL,NULL,NULL
2640,NULL,TRUMATCH 33-a5,NULL,9,116,166,0974A6,NULL,NULL,NULL
2641,NULL,TRUMATCH 33-b5,NULL,62,126,171,3E7EAB,NULL,NULL,NULL
2642,NULL,TRUMATCH 33-c5,NULL,92,137,175,5C89AF,NULL,NULL,NULL
2643,NULL,TRUMATCH 33-a3,NULL,20,131,186,1483BA,NULL,NULL,NULL
2644,NULL,TRUMATCH 33-b3,NULL,72,143,192,488FC0,NULL,NULL,NULL
2645,NULL,TRUMATCH 33-c3,NULL,104,154,197,689AC5,NULL,NULL,NULL
2646,NULL,TRUMATCH 33-d3,NULL,132,169,203,84A9CB,NULL,NULL,NULL
2647,NULL,TRUMATCH 33-e3,NULL,159,184,209,9FB8D1,NULL,NULL,NULL
2648,NULL,TRUMATCH 33-a6,NULL,3,108,155,036C9B,NULL,NULL,NULL
2649,NULL,TRUMATCH 33-b6,NULL,57,118,160,3976A0,NULL,NULL,NULL
2650,NULL,TRUMATCH 33-c6,NULL,85,127,164,557FA4,NULL,NULL,NULL
2651,NULL,TRUMATCH 33-a4,NULL,15,123,176,0F7BB0,NULL,NULL,NULL
2652,NULL,TRUMATCH 33-b4,NULL,67,135,182,4387B6,NULL,NULL,NULL
2653,NULL,TRUMATCH 33-c4,NULL,98,145,186,6291BA,NULL,NULL,NULL
2654,NULL,TRUMATCH 33-d4,NULL,125,159,192,7D9FC0,NULL,NULL,NULL
2655,NULL,TRUMATCH 33-e4,NULL,151,174,198,97AEC6,NULL,NULL,NULL
2656,NULL,TRUMATCH 33-a7,NULL,0,99,144,006390,NULL,NULL,NULL
2657,NULL,TRUMATCH 33-b7,NULL,51,109,149,336D95,NULL,NULL,NULL
2658,NULL,TRUMATCH 33-c7,NULL,77,118,152,4D7698,NULL,NULL,NULL
2659,NULL,TRUMATCH 34-a,NULL,0,111,187,006FBB,NULL,NULL,NULL
2660,NULL,TRUMATCH 34-b,NULL,23,128,196,1780C4,NULL,NULL,NULL
2661,NULL,TRUMATCH 34-c,NULL,87,145,205,5791CD,NULL,NULL,NULL
2662,NULL,TRUMATCH 34-d,NULL,124,166,216,7CA6D8,NULL,NULL,NULL
2663,NULL,TRUMATCH 34-e,NULL,162,190,227,A2BEE3,NULL,NULL,NULL
2664,NULL,TRUMATCH 34-f,NULL,199,215,238,C7D7EE,NULL,NULL,NULL
2665,NULL,TRUMATCH 34-g,NULL,234,241,249,EAF1F9,NULL,NULL,NULL
2666,NULL,TRUMATCH 34-h,NULL,245,248,252,F5F8FC,NULL,NULL,NULL
2667,NULL,TRUMATCH 34-a1,NULL,0,107,180,006BB4,NULL,NULL,NULL
2668,NULL,TRUMATCH 34-b1,NULL,20,124,189,147CBD,NULL,NULL,NULL
2669,NULL,TRUMATCH 34-c1,NULL,83,140,198,538CC6,NULL,NULL,NULL
2670,NULL,TRUMATCH 34-d1,NULL,120,160,208,78A0D0,NULL,NULL,NULL
2671,NULL,TRUMATCH 34-e1,NULL,156,183,219,9CB7DB,NULL,NULL,NULL
2672,NULL,TRUMATCH 34-f1,NULL,191,207,230,BFCFE6,NULL,NULL,NULL
2673,NULL,TRUMATCH 34-d5,NULL,96,129,169,6081A9,NULL,NULL,NULL
2674,NULL,TRUMATCH 34-e5,NULL,127,147,178,7F93B2,NULL,NULL,NULL
2675,NULL,TRUMATCH 34-a2,NULL,0,102,172,0066AC,NULL,NULL,NULL
2676,NULL,TRUMATCH 34-b2,NULL,16,118,181,1076B5,NULL,NULL,NULL
2677,NULL,TRUMATCH 34-c2,NULL,79,134,190,4F86BE,NULL,NULL,NULL
2678,NULL,TRUMATCH 34-d2,NULL,115,153,199,7399C7,NULL,NULL,NULL
2679,NULL,TRUMATCH 34-e2,NULL,150,175,210,96AFD2,NULL,NULL,NULL
2680,NULL,TRUMATCH 34-a5,NULL,0,85,146,005592,NULL,NULL,NULL
2681,NULL,TRUMATCH 34-b5,NULL,4,99,154,04639A,NULL,NULL,NULL
2682,NULL,TRUMATCH 34-c5,NULL,65,113,161,4171A1,NULL,NULL,NULL
2683,NULL,TRUMATCH 34-a3,NULL,0,96,164,0060A4,NULL,NULL,NULL
2684,NULL,TRUMATCH 34-b3,NULL,12,112,173,0C70AD,NULL,NULL,NULL
2685,NULL,TRUMATCH 34-c3,NULL,75,127,181,4B7FB5,NULL,NULL,NULL
2686,NULL,TRUMATCH 34-d3,NULL,109,145,190,6D91BE,NULL,NULL,NULL
2687,NULL,TRUMATCH 34-e3,NULL,142,166,200,8EA6C8,NULL,NULL,NULL
2688,NULL,TRUMATCH 34-a6,NULL,0,78,137,004E89,NULL,NULL,NULL
2689,NULL,TRUMATCH 34-b6,NULL,1,92,144,015C90,NULL,NULL,NULL
2690,NULL,TRUMATCH 34-c6,NULL,59,105,151,3B6997,NULL,NULL,NULL
2691,NULL,TRUMATCH 34-a4,NULL,0,91,155,005B9B,NULL,NULL,NULL
2692,NULL,TRUMATCH 34-b4,NULL,8,106,163,086AA3,NULL,NULL,NULL
2693,NULL,TRUMATCH 34-c4,NULL,70,120,171,4678AB,NULL,NULL,NULL
2694,NULL,TRUMATCH 34-d4,NULL,103,137,180,6789B4,NULL,NULL,NULL
2695,NULL,TRUMATCH 34-e4,NULL,135,157,189,879DBD,NULL,NULL,NULL
2696,NULL,TRUMATCH 34-a7,NULL,0,72,127,00487F,NULL,NULL,NULL
2697,NULL,TRUMATCH 34-b7,NULL,0,84,134,005486,NULL,NULL,NULL
2698,NULL,TRUMATCH 34-c7,NULL,53,97,140,35618C,NULL,NULL,NULL
2699,NULL,TRUMATCH 35-a,NULL,0,97,175,0061AF,NULL,NULL,NULL
2700,NULL,TRUMATCH 35-b,NULL,46,115,185,2E73B9,NULL,NULL,NULL
2701,NULL,TRUMATCH 35-c,NULL,92,134,197,5C86C5,NULL,NULL,NULL
2702,NULL,TRUMATCH 35-d,NULL,126,158,210,7E9ED2,NULL,NULL,NULL
2703,NULL,TRUMATCH 35-e,NULL,163,183,222,A3B7DE,NULL,NULL,NULL
2704,NULL,TRUMATCH 35-f,NULL,198,210,235,C6D2EB,NULL,NULL,NULL
2705,NULL,TRUMATCH 35-g,NULL,234,237,247,EAEDF7,NULL,NULL,NULL
2706,NULL,TRUMATCH 35-h,NULL,245,246,251,F5F6FB,NULL,NULL,NULL
2707,NULL,TRUMATCH 35-a1,NULL,0,93,169,005DA9,NULL,NULL,NULL
2708,NULL,TRUMATCH 35-b1,NULL,44,111,179,2C6FB3,NULL,NULL,NULL
2709,NULL,TRUMATCH 35-c1,NULL,88,130,190,5882BE,NULL,NULL,NULL
2710,NULL,TRUMATCH 35-d1,NULL,122,152,202,7A98CA,NULL,NULL,NULL
2711,NULL,TRUMATCH 35-e1,NULL,157,177,214,9DB1D6,NULL,NULL,NULL
2712,NULL,TRUMATCH 35-f1,NULL,191,202,227,BFCAE3,NULL,NULL,NULL
2713,NULL,TRUMATCH 35-d5,NULL,98,122,165,627AA5,NULL,NULL,NULL
2714,NULL,TRUMATCH 35-e5,NULL,127,142,174,7F8EAE,NULL,NULL,NULL
2715,NULL,TRUMATCH 35-a2,NULL,0,89,161,0059A1,NULL,NULL,NULL
2716,NULL,TRUMATCH 35-b2,NULL,41,106,171,296AAB,NULL,NULL,NULL
2717,NULL,TRUMATCH 35-c2,NULL,84,124,182,547CB6,NULL,NULL,NULL
2718,NULL,TRUMATCH 35-d2,NULL,116,146,194,7492C2,NULL,NULL,NULL
2719,NULL,TRUMATCH 35-e2,NULL,150,169,205,96A9CD,NULL,NULL,NULL
2720,NULL,TRUMATCH 35-a5,NULL,0,73,137,004989,NULL,NULL,NULL
2721,NULL,TRUMATCH 35-b5,NULL,30,88,146,1E5892,NULL,NULL,NULL
2722,NULL,TRUMATCH 35-c5,NULL,69,104,154,45689A,NULL,NULL,NULL
2723,NULL,TRUMATCH 35-a3,NULL,0,84,154,00549A,NULL,NULL,NULL
2724,NULL,TRUMATCH 35-b3,NULL,37,100,163,2564A3,NULL,NULL,NULL
2725,NULL,TRUMATCH 35-c3,NULL,80,118,173,5076AD,NULL,NULL,NULL
2726,NULL,TRUMATCH 35-d3,NULL,111,138,185,6F8AB9,NULL,NULL,NULL
2727,NULL,TRUMATCH 35-e3,NULL,143,160,196,8FA0C4,NULL,NULL,NULL
2728,NULL,TRUMATCH 35-a6,NULL,0,67,129,004381,NULL,NULL,NULL
2729,NULL,TRUMATCH 35-b6,NULL,27,82,136,1B5288,NULL,NULL,NULL
2730,NULL,TRUMATCH 35-c6,NULL,64,97,144,406190,NULL,NULL,NULL
2731,NULL,TRUMATCH 35-a4,NULL,0,79,146,004F92,NULL,NULL,NULL
2732,NULL,TRUMATCH 35-b4,NULL,34,94,155,225E9B,NULL,NULL,NULL
2733,NULL,TRUMATCH 35-c4,NULL,74,111,164,4A6FA4,NULL,NULL,NULL
2734,NULL,TRUMATCH 35-d4,NULL,104,131,175,6883AF,NULL,NULL,NULL
2735,NULL,TRUMATCH 35-e4,NULL,135,151,185,8797B9,NULL,NULL,NULL
2736,NULL,TRUMATCH 35-a7,NULL,0,61,120,003D78,NULL,NULL,NULL
2737,NULL,TRUMATCH 35-b7,NULL,24,75,127,184B7F,NULL,NULL,NULL
2738,NULL,TRUMATCH 35-c7,NULL,58,89,134,3A5986,NULL,NULL,NULL
2739,NULL,TRUMATCH 36-a,NULL,0,77,159,004D9F,NULL,NULL,NULL
2740,NULL,TRUMATCH 36-b,NULL,64,95,170,405FAA,NULL,NULL,NULL
2741,NULL,TRUMATCH 36-c,NULL,98,118,184,6276B8,NULL,NULL,NULL
2742,NULL,TRUMATCH 36-d,NULL,129,143,199,818FC7,NULL,NULL,NULL
2743,NULL,TRUMATCH 36-e,NULL,163,173,215,A3ADD7,NULL,NULL,NULL
2744,NULL,TRUMATCH 36-f,NULL,198,203,230,C6CBE6,NULL,NULL,NULL
2745,NULL,TRUMATCH 36-g,NULL,234,235,246,EAEBF6,NULL,NULL,NULL
2746,NULL,TRUMATCH 36-h,NULL,245,245,250,F5F5FA,NULL,NULL,NULL
2747,NULL,TRUMATCH 36-a1,NULL,0,74,154,004A9A,NULL,NULL,NULL
2748,NULL,TRUMATCH 36-b1,NULL,61,92,164,3D5CA4,NULL,NULL,NULL
2749,NULL,TRUMATCH 36-c1,NULL,95,114,178,5F72B2,NULL,NULL,NULL
2750,NULL,TRUMATCH 36-d1,NULL,125,138,192,7D8AC0,NULL,NULL,NULL
2751,NULL,TRUMATCH 36-e1,NULL,157,167,207,9DA7CF,NULL,NULL,NULL
2752,NULL,TRUMATCH 36-f1,NULL,191,196,222,BFC4DE,NULL,NULL,NULL
2753,NULL,TRUMATCH 36-d5,NULL,100,111,156,646F9C,NULL,NULL,NULL
2754,NULL,TRUMATCH 36-e5,NULL,128,134,169,8086A9,NULL,NULL,NULL
2755,NULL,TRUMATCH 36-a2,NULL,0,70,147,004693,NULL,NULL,NULL
2756,NULL,TRUMATCH 36-b2,NULL,58,87,157,3A579D,NULL,NULL,NULL
2757,NULL,TRUMATCH 36-c2,NULL,90,109,170,5A6DAA,NULL,NULL,NULL
2758,NULL,TRUMATCH 36-d2,NULL,119,132,184,7784B8,NULL,NULL,NULL
2759,NULL,TRUMATCH 36-e2,NULL,151,159,199,979FC7,NULL,NULL,NULL
2760,NULL,TRUMATCH 36-a5,NULL,0,57,125,00397D,NULL,NULL,NULL
2761,NULL,TRUMATCH 36-b5,NULL,47,72,134,2F4886,NULL,NULL,NULL
2762,NULL,TRUMATCH 36-c5,NULL,75,91,145,4B5B91,NULL,NULL,NULL
2763,NULL,TRUMATCH 36-a3,NULL,0,66,140,00428C,NULL,NULL,NULL
2764,NULL,TRUMATCH 36-b3,NULL,54,83,150,365396,NULL,NULL,NULL
2765,NULL,TRUMATCH 36-c3,NULL,85,103,162,5567A2,NULL,NULL,NULL
2766,NULL,TRUMATCH 36-d3,NULL,113,125,175,717DAF,NULL,NULL,NULL
2767,NULL,TRUMATCH 36-e3,NULL,144,151,189,9097BD,NULL,NULL,NULL
2768,NULL,TRUMATCH 36-a6,NULL,0,52,117,003475,NULL,NULL,NULL
2769,NULL,TRUMATCH 36-b6,NULL,44,66,125,2C427D,NULL,NULL,NULL
2770,NULL,TRUMATCH 36-c6,NULL,69,84,136,455488,NULL,NULL,NULL
2771,NULL,TRUMATCH 36-a4,NULL,0,61,133,003D85,NULL,NULL,NULL
2772,NULL,TRUMATCH 36-b4,NULL,51,77,142,334D8E,NULL,NULL,NULL
2773,NULL,TRUMATCH 36-c4,NULL,80,97,154,50619A,NULL,NULL,NULL
2774,NULL,TRUMATCH 36-d4,NULL,107,118,166,6B76A6,NULL,NULL,NULL
2775,NULL,TRUMATCH 36-e4,NULL,136,143,179,888FB3,NULL,NULL,NULL
2776,NULL,TRUMATCH 36-a7,NULL,0,46,109,002E6D,NULL,NULL,NULL
2777,NULL,TRUMATCH 36-b7,NULL,40,60,116,283C74,NULL,NULL,NULL
2778,NULL,TRUMATCH 36-c7,NULL,64,77,126,404D7E,NULL,NULL,NULL
2779,NULL,TRUMATCH 37-a,NULL,96,125,189,607DBD,NULL,NULL,NULL
2780,NULL,TRUMATCH 37-b,NULL,117,142,199,758EC7,NULL,NULL,NULL
2781,NULL,TRUMATCH 37-c,NULL,142,159,208,8E9FD0,NULL,NULL,NULL
2782,NULL,TRUMATCH 37-d,NULL,165,179,219,A5B3DB,NULL,NULL,NULL
2783,NULL,TRUMATCH 37-e,NULL,191,201,230,BFC9E6,NULL,NULL,NULL
2784,NULL,TRUMATCH 37-f,NULL,215,221,240,D7DDF0,NULL,NULL,NULL
2785,NULL,TRUMATCH 37-g,NULL,241,243,250,F1F3FA,NULL,NULL,NULL
2786,NULL,TRUMATCH 37-h,NULL,247,249,252,F7F9FC,NULL,NULL,NULL
2787,NULL,TRUMATCH 37-a1,NULL,92,120,183,5C78B7,NULL,NULL,NULL
2788,NULL,TRUMATCH 37-b1,NULL,113,136,192,7188C0,NULL,NULL,NULL
2789,NULL,TRUMATCH 37-c1,NULL,137,153,201,8999C9,NULL,NULL,NULL
2790,NULL,TRUMATCH 37-d1,NULL,160,172,211,A0ACD3,NULL,NULL,NULL
2791,NULL,TRUMATCH 37-e1,NULL,184,193,222,B8C1DE,NULL,NULL,NULL
2792,NULL,TRUMATCH 37-f1,NULL,207,213,231,CFD5E7,NULL,NULL,NULL
2793,NULL,TRUMATCH 37-d5,NULL,129,139,172,818BAC,NULL,NULL,NULL
2794,NULL,TRUMATCH 37-e5,NULL,149,155,180,959BB4,NULL,NULL,NULL
2795,NULL,TRUMATCH 37-a2,NULL,88,115,175,5873AF,NULL,NULL,NULL
2796,NULL,TRUMATCH 37-b2,NULL,108,130,184,6C82B8,NULL,NULL,NULL
2797,NULL,TRUMATCH 37-c2,NULL,131,146,193,8392C1,NULL,NULL,NULL
2798,NULL,TRUMATCH 37-d2,NULL,153,165,202,99A5CA,NULL,NULL,NULL
2799,NULL,TRUMATCH 37-e2,NULL,176,185,212,B0B9D4,NULL,NULL,NULL
2800,NULL,TRUMATCH 37-a5,NULL,73,96,149,496095,NULL,NULL,NULL
2801,NULL,TRUMATCH 37-b5,NULL,90,110,156,5A6E9C,NULL,NULL,NULL
2802,NULL,TRUMATCH 37-c5,NULL,111,123,164,6F7BA4,NULL,NULL,NULL
2803,NULL,TRUMATCH 37-a3,NULL,83,109,167,536DA7,NULL,NULL,NULL
2804,NULL,TRUMATCH 37-b3,NULL,102,124,175,667CAF,NULL,NULL,NULL
2805,NULL,TRUMATCH 37-c3,NULL,125,139,184,7D8BB8,NULL,NULL,NULL
2806,NULL,TRUMATCH 37-d3,NULL,145,157,193,919DC1,NULL,NULL,NULL
2807,NULL,TRUMATCH 37-e3,NULL,168,175,202,A8AFCA,NULL,NULL,NULL
2808,NULL,TRUMATCH 37-a6,NULL,67,89,139,43598B,NULL,NULL,NULL
2809,NULL,TRUMATCH 37-b6,NULL,83,102,146,536692,NULL,NULL,NULL
2810,NULL,TRUMATCH 37-c6,NULL,103,115,153,677399,NULL,NULL,NULL
2811,NULL,TRUMATCH 37-a4,NULL,78,103,158,4E679E,NULL,NULL,NULL
2812,NULL,TRUMATCH 37-b4,NULL,96,117,166,6075A6,NULL,NULL,NULL
2813,NULL,TRUMATCH 37-c4,NULL,118,131,174,7683AE,NULL,NULL,NULL
2814,NULL,TRUMATCH 37-d4,NULL,138,148,182,8A94B6,NULL,NULL,NULL
2815,NULL,TRUMATCH 37-e4,NULL,159,166,191,9FA6BF,NULL,NULL,NULL
2816,NULL,TRUMATCH 37-a7,NULL,61,82,129,3D5281,NULL,NULL,NULL
2817,NULL,TRUMATCH 37-b7,NULL,76,94,136,4C5E88,NULL,NULL,NULL
2818,NULL,TRUMATCH 37-c7,NULL,95,106,142,5F6A8E,NULL,NULL,NULL
2819,NULL,TRUMATCH 38-a,NULL,41,39,138,29278A,NULL,NULL,NULL
2820,NULL,TRUMATCH 38-b,NULL,78,64,150,4E4096,NULL,NULL,NULL
2821,NULL,TRUMATCH 38-c,NULL,107,89,163,6B59A3,NULL,NULL,NULL
2822,NULL,TRUMATCH 38-d,NULL,133,120,182,8578B6,NULL,NULL,NULL
2823,NULL,TRUMATCH 38-e,NULL,164,155,202,A49BCA,NULL,NULL,NULL
2824,NULL,TRUMATCH 38-f,NULL,198,192,223,C6C0DF,NULL,NULL,NULL
2825,NULL,TRUMATCH 38-g,NULL,233,230,243,E9E6F3,NULL,NULL,NULL
2826,NULL,TRUMATCH 38-h,NULL,244,243,249,F4F3F9,NULL,NULL,NULL
2827,NULL,TRUMATCH 38-a1,NULL,40,37,133,282585,NULL,NULL,NULL
2828,NULL,TRUMATCH 38-b1,NULL,75,62,145,4B3E91,NULL,NULL,NULL
2829,NULL,TRUMATCH 38-c1,NULL,102,85,158,66559E,NULL,NULL,NULL
2830,NULL,TRUMATCH 38-d1,NULL,128,115,175,8073AF,NULL,NULL,NULL
2831,NULL,TRUMATCH 38-e1,NULL,159,149,195,9F95C3,NULL,NULL,NULL
2832,NULL,TRUMATCH 38-f1,NULL,191,185,215,BFB9D7,NULL,NULL,NULL
2833,NULL,TRUMATCH 38-g1,NULL,224,221,234,E0DDEA,NULL,NULL,NULL
2834,NULL,TRUMATCH 38-d5,NULL,103,92,143,675C8F,NULL,NULL,NULL
2835,NULL,TRUMATCH 38-a2,NULL,37,34,128,252280,NULL,NULL,NULL
2836,NULL,TRUMATCH 38-b2,NULL,72,58,139,483A8B,NULL,NULL,NULL
2837,NULL,TRUMATCH 38-c2,NULL,98,82,151,625297,NULL,NULL,NULL
2838,NULL,TRUMATCH 38-d2,NULL,123,110,168,7B6EA8,NULL,NULL,NULL
2839,NULL,TRUMATCH 38-e2,NULL,152,143,187,988FBB,NULL,NULL,NULL
2840,NULL,TRUMATCH 38-a5,NULL,30,24,109,1E186D,NULL,NULL,NULL
2841,NULL,TRUMATCH 38-b5,NULL,60,46,118,3C2E76,NULL,NULL,NULL
2842,NULL,TRUMATCH 38-c5,NULL,82,67,129,524381,NULL,NULL,NULL
2843,NULL,TRUMATCH 38-a3,NULL,35,31,122,231F7A,NULL,NULL,NULL
2844,NULL,TRUMATCH 38-b3,NULL,68,55,132,443784,NULL,NULL,NULL
2845,NULL,TRUMATCH 38-c3,NULL,93,77,144,5D4D90,NULL,NULL,NULL
2846,NULL,TRUMATCH 38-d3,NULL,117,105,160,7569A0,NULL,NULL,NULL
2847,NULL,TRUMATCH 38-e3,NULL,145,136,178,9188B2,NULL,NULL,NULL
2848,NULL,TRUMATCH 38-a6,NULL,28,20,102,1C1466,NULL,NULL,NULL
2849,NULL,TRUMATCH 38-b6,NULL,56,41,111,38296F,NULL,NULL,NULL
2850,NULL,TRUMATCH 38-c6,NULL,76,61,120,4C3D78,NULL,NULL,NULL
2851,NULL,TRUMATCH 38-a4,NULL,33,28,115,211C73,NULL,NULL,NULL
2852,NULL,TRUMATCH 38-b4,NULL,64,51,125,40337D,NULL,NULL,NULL
2853,NULL,TRUMATCH 38-c4,NULL,87,72,137,574889,NULL,NULL,NULL
2854,NULL,TRUMATCH 38-d4,NULL,110,99,152,6E6398,NULL,NULL,NULL
2855,NULL,TRUMATCH 38-e4,NULL,137,128,169,8980A9,NULL,NULL,NULL
2856,NULL,TRUMATCH 38-a7,NULL,26,15,94,1A0F5E,NULL,NULL,NULL
2857,NULL,TRUMATCH 38-b7,NULL,52,36,103,342467,NULL,NULL,NULL
2858,NULL,TRUMATCH 38-c7,NULL,71,55,112,473770,NULL,NULL,NULL
2859,NULL,TRUMATCH 39-a,NULL,102,21,133,661585,NULL,NULL,NULL
2860,NULL,TRUMATCH 39-b,NULL,120,59,146,783B92,NULL,NULL,NULL
2861,NULL,TRUMATCH 39-c,NULL,139,88,161,8B58A1,NULL,NULL,NULL
2862,NULL,TRUMATCH 39-d,NULL,162,121,179,A279B3,NULL,NULL,NULL
2863,NULL,TRUMATCH 39-e,NULL,184,157,201,B89DC9,NULL,NULL,NULL
2864,NULL,TRUMATCH 39-f,NULL,211,195,223,D3C3DF,NULL,NULL,NULL
2865,NULL,TRUMATCH 39-g,NULL,237,232,243,EDE8F3,NULL,NULL,NULL
2866,NULL,TRUMATCH 39-h,NULL,246,242,248,F6F2F8,NULL,NULL,NULL
2867,NULL,TRUMATCH 39-a1,NULL,98,18,128,621280,NULL,NULL,NULL
2868,NULL,TRUMATCH 39-b1,NULL,116,56,141,74388D,NULL,NULL,NULL
2869,NULL,TRUMATCH 39-c1,NULL,134,85,156,86559C,NULL,NULL,NULL
2870,NULL,TRUMATCH 39-d1,NULL,156,116,173,9C74AD,NULL,NULL,NULL
2871,NULL,TRUMATCH 39-e1,NULL,177,151,194,B197C2,NULL,NULL,NULL
2872,NULL,TRUMATCH 39-f1,NULL,203,188,215,CBBCD7,NULL,NULL,NULL
2873,NULL,TRUMATCH 39-g1,NULL,228,223,234,E4DFEA,NULL,NULL,NULL
2874,NULL,TRUMATCH 39-d5,NULL,126,93,141,7E5D8D,NULL,NULL,NULL
2875,NULL,TRUMATCH 39-a2,NULL,94,16,123,5E107B,NULL,NULL,NULL
2876,NULL,TRUMATCH 39-b2,NULL,111,53,135,6F3587,NULL,NULL,NULL
2877,NULL,TRUMATCH 39-c2,NULL,128,81,149,805195,NULL,NULL,NULL
2878,NULL,TRUMATCH 39-d2,NULL,149,111,166,956FA6,NULL,NULL,NULL
2879,NULL,TRUMATCH 39-e2,NULL,170,145,186,AA91BA,NULL,NULL,NULL
2880,NULL,TRUMATCH 39-a5,NULL,80,2,105,500269,NULL,NULL,NULL
2881,NULL,TRUMATCH 39-b5,NULL,93,42,115,5D2A73,NULL,NULL,NULL
2882,NULL,TRUMATCH 39-c5,NULL,108,67,127,6C437F,NULL,NULL,NULL
2883,NULL,TRUMATCH 39-a3,NULL,89,12,118,590C76,NULL,NULL,NULL
2884,NULL,TRUMATCH 39-b3,NULL,105,50,129,693281,NULL,NULL,NULL
2885,NULL,TRUMATCH 39-c3,NULL,122,77,142,7A4D8E,NULL,NULL,NULL
2886,NULL,TRUMATCH 39-d3,NULL,142,106,158,8E6A9E,NULL,NULL,NULL
2887,NULL,TRUMATCH 39-e3,NULL,162,138,177,A28AB1,NULL,NULL,NULL
2888,NULL,TRUMATCH 39-a6,NULL,75,0,98,4B0062,NULL,NULL,NULL
2889,NULL,TRUMATCH 39-b6,NULL,88,37,108,58256C,NULL,NULL,NULL
2890,NULL,TRUMATCH 39-c6,NULL,101,61,119,653D77,NULL,NULL,NULL
2891,NULL,TRUMATCH 39-a4,NULL,85,7,111,55076F,NULL,NULL,NULL
2892,NULL,TRUMATCH 39 b4,NULL,99,46,122,632E7A,NULL,NULL,NULL
2893,NULL,TRUMATCH 39-c4,NULL,115,72,135,734887,NULL,NULL,NULL
2894,NULL,TRUMATCH 39-d4,NULL,134,99,150,866396,NULL,NULL,NULL
2895,NULL,TRUMATCH 39-e4,NULL,153,130,168,9982A8,NULL,NULL,NULL
2896,NULL,TRUMATCH 39-a7,NULL,70,0,91,46005B,NULL,NULL,NULL
2897,NULL,TRUMATCH 39-b7,NULL,81,32,100,512064,NULL,NULL,NULL
2898,NULL,TRUMATCH 39-c7,NULL,93,55,110,5D376E,NULL,NULL,NULL
2899,NULL,TRUMATCH 40-a,NULL,149,90,161,955AA1,NULL,NULL,NULL
2900,NULL,TRUMATCH 40-b,NULL,162,111,173,A26FAD,NULL,NULL,NULL
2901,NULL,TRUMATCH 40-c,NULL,178,137,188,B289BC,NULL,NULL,NULL
2902,NULL,TRUMATCH 40-d,NULL,192,162,203,C0A2CB,NULL,NULL,NULL
2903,NULL,TRUMATCH 40-e,NULL,208,189,219,D0BDDB,NULL,NULL,NULL
2904,NULL,TRUMATCH 40-f,NULL,227,214,233,E3D6E9,NULL,NULL,NULL
2905,NULL,TRUMATCH 40-g,NULL,244,239,247,F4EFF7,NULL,NULL,NULL
2906,NULL,TRUMATCH 40-h,NULL,251,247,251,FBF7FB,NULL,NULL,NULL
2907,NULL,TRUMATCH 40-a1,NULL,143,86,156,8F569C,NULL,NULL,NULL
2908,NULL,TRUMATCH 40-b1,NULL,156,107,167,9C6BA7,NULL,NULL,NULL
2909,NULL,TRUMATCH 40-c1,NULL,171,132,182,AB84B6,NULL,NULL,NULL
2910,NULL,TRUMATCH 40-d1,NULL,185,156,196,B99CC4,NULL,NULL,NULL
2911,NULL,TRUMATCH 40-e1,NULL,200,182,211,C8B6D3,NULL,NULL,NULL
2912,NULL,TRUMATCH 40-f1,NULL,218,206,225,DACEE1,NULL,NULL,NULL
2913,NULL,TRUMATCH 40-g1,NULL,234,230,238,EAE6EE,NULL,NULL,NULL
2914,NULL,TRUMATCH 40-d5,NULL,151,125,160,977DA0,NULL,NULL,NULL
2915,NULL,TRUMATCH 40-a2,NULL,137,82,149,895295,NULL,NULL,NULL
2916,NULL,TRUMATCH 40-b2,NULL,149,102,160,9566A0,NULL,NULL,NULL
2917,NULL,TRUMATCH 40-c2,NULL,164,126,174,A47EAE,NULL,NULL,NULL
2918,NULL,TRUMATCH 40-d2,NULL,178,149,188,B295BC,NULL,NULL,NULL
2919,NULL,TRUMATCH 40-e2,NULL,192,174,202,C0AECA,NULL,NULL,NULL
2920,NULL,TRUMATCH 40-a5,NULL,116,68,127,74447F,NULL,NULL,NULL
2921,NULL,TRUMATCH 40-b5,NULL,126,85,136,7E5588,NULL,NULL,NULL
2922,NULL,TRUMATCH 40-c5,NULL,139,106,148,8B6A94,NULL,NULL,NULL
2923,NULL,TRUMATCH 40-a3,NULL,130,78,142,824E8E,NULL,NULL,NULL
2924,NULL,TRUMATCH 40-b3,NULL,142,97,153,8E6199,NULL,NULL,NULL
2925,NULL,TRUMATCH 40-c3,NULL,156,120,166,9C78A6,NULL,NULL,NULL
2926,NULL,TRUMATCH 40-d3,NULL,169,142,179,A98EB3,NULL,NULL,NULL
2927,NULL,TRUMATCH 40-e3,NULL,182,165,193,B6A5C1,NULL,NULL,NULL
2928,NULL,TRUMATCH 40-a6,NULL,108,62,119,6C3E77,NULL,NULL,NULL
2929,NULL,TRUMATCH 40-b6,NULL,118,79,128,764F80,NULL,NULL,NULL
2930,NULL,TRUMATCH 40-c6,NULL,130,98,139,82628B,NULL,NULL,NULL
2931,NULL,TRUMATCH 40-a4,NULL,123,73,135,7B4987,NULL,NULL,NULL
2932,NULL,TRUMATCH 40-b4,NULL,135,91,145,875B91,NULL,NULL,NULL
2933,NULL,TRUMATCH 40-c4,NULL,148,113,157,94719D,NULL,NULL,NULL
2934,NULL,TRUMATCH 40-d4,NULL,160,134,170,A086AA,NULL,NULL,NULL
2935,NULL,TRUMATCH 40-e4,NULL,172,156,183,AC9CB7,NULL,NULL,NULL
2936,NULL,TRUMATCH 40-a7,NULL,100,56,111,64386F,NULL,NULL,NULL
2937,NULL,TRUMATCH 40-b7,NULL,109,72,119,6D4877,NULL,NULL,NULL
2938,NULL,TRUMATCH 40-c7,NULL,120,90,129,785A81,NULL,NULL,NULL
2939,NULL,TRUMATCH 41-a,NULL,162,83,157,A2539D,NULL,NULL,NULL
2940,NULL,TRUMATCH 41-b,NULL,174,106,169,AE6AA9,NULL,NULL,NULL
2941,NULL,TRUMATCH 41-c,NULL,187,132,184,BB84B8,NULL,NULL,NULL
2942,NULL,TRUMATCH 41-d,NULL,200,161,201,C8A1C9,NULL,NULL,NULL
2943,NULL,TRUMATCH 41-e,NULL,214,187,217,D6BBD9,NULL,NULL,NULL
2944,NULL,TRUMATCH 41-f,NULL,228,213,232,E4D5E8,NULL,NULL,NULL
2945,NULL,TRUMATCH 41-g,NULL,246,238,246,F6EEF6,NULL,NULL,NULL
2946,NULL,TRUMATCH 41-a1,NULL,157,79,151,9D4F97,NULL,NULL,NULL
2947,NULL,TRUMATCH 41-b1,NULL,167,102,163,A766A3,NULL,NULL,NULL
2948,NULL,TRUMATCH 41-c1,NULL,181,127,177,B57FB1,NULL,NULL,NULL
2949,NULL,TRUMATCH 41-d1,NULL,193,155,194,C19BC2,NULL,NULL,NULL
2950,NULL,TRUMATCH 41-e1,NULL,206,180,209,CEB4D1,NULL,NULL,NULL
2951,NULL,TRUMATCH 41-f1,NULL,220,205,224,DCCDE0,NULL,NULL,NULL
2952,NULL,TRUMATCH 41-g1,NULL,236,229,237,ECE5ED,NULL,NULL,NULL
2953,NULL,TRUMATCH 41-d5,NULL,157,124,158,9D7C9E,NULL,NULL,NULL
2954,NULL,TRUMATCH 41-a2,NULL,150,76,145,964C91,NULL,NULL,NULL
2955,NULL,TRUMATCH 41-b2,NULL,160,97,156,A0619C,NULL,NULL,NULL
2956,NULL,TRUMATCH 41-c2,NULL,173,121,170,AD79AA,NULL,NULL,NULL
2957,NULL,TRUMATCH 41-d2,NULL,185,148,186,B994BA,NULL,NULL,NULL
2958,NULL,TRUMATCH 41-e2,NULL,197,172,200,C5ACC8,NULL,NULL,NULL
2959,NULL,TRUMATCH 41-a5,NULL,127,62,123,7F3E7B,NULL,NULL,NULL
2960,NULL,TRUMATCH 41-b5,NULL,136,81,133,885185,NULL,NULL,NULL
2961,NULL,TRUMATCH 41-c5,NULL,147,101,144,936590,NULL,NULL,NULL
2962,NULL,TRUMATCH 41-a3,NULL,143,71,138,8F478A,NULL,NULL,NULL
2963,NULL,TRUMATCH 41-b3,NULL,153,92,149,995C95,NULL,NULL,NULL
2964,NULL,TRUMATCH 41-c3,NULL,165,115,162,A573A2,NULL,NULL,NULL
2965,NULL,TRUMATCH 41-d3,NULL,176,140,177,B08CB1,NULL,NULL,NULL
2966,NULL,TRUMATCH 41-e3,NULL,187,164,191,BBA4BF,NULL,NULL,NULL
2967,NULL,TRUMATCH 41-a6,NULL,118,56,115,763873,NULL,NULL,NULL
2968,NULL,TRUMATCH 41-b6,NULL,127,74,124,7F4A7C,NULL,NULL,NULL
2969,NULL,TRUMATCH 41-c6,NULL,137,94,135,895E87,NULL,NULL,NULL
2970,NULL,TRUMATCH 41-a4,NULL,135,67,131,874383,NULL,NULL,NULL
2971,NULL,TRUMATCH 41-b4,NULL,144,87,141,90578D,NULL,NULL,NULL
2972,NULL,TRUMATCH 41-c4,NULL,156,108,153,9C6C99,NULL,NULL,NULL
2973,NULL,TRUMATCH 41-d4,NULL,166,133,168,A685A8,NULL,NULL,NULL
2974,NULL,TRUMATCH 41-e4,NULL,177,154,181,B19AB5,NULL,NULL,NULL
2975,NULL,TRUMATCH 41-a7,NULL,110,51,107,6E336B,NULL,NULL,NULL
2976,NULL,TRUMATCH 41-b7,NULL,118,68,116,764474,NULL,NULL,NULL
2977,NULL,TRUMATCH 41-c7,NULL,127,86,126,7F567E,NULL,NULL,NULL
2978,NULL,TRUMATCH 42-a,NULL,191,108,168,BF6CA8,NULL,NULL,NULL
2979,NULL,TRUMATCH 42-b,NULL,199,131,182,C783B6,NULL,NULL,NULL
2980,NULL,TRUMATCH 42-c,NULL,207,153,195,CF99C3,NULL,NULL,NULL
2981,NULL,TRUMATCH 42-d,NULL,217,176,209,D9B0D1,NULL,NULL,NULL
2982,NULL,TRUMATCH 42-e,NULL,227,199,223,E3C7DF,NULL,NULL,NULL
2983,NULL,TRUMATCH 42-f,NULL,237,221,236,EDDDEC,NULL,NULL,NULL
2984,NULL,TRUMATCH 42-g,NULL,248,241,247,F8F1F7,NULL,NULL,NULL
2985,NULL,TRUMATCH 42-h,NULL,253,250,252,FDFAFC,NULL,NULL,NULL
2986,NULL,TRUMATCH 42-a1,NULL,184,104,163,B868A3,NULL,NULL,NULL
2987,NULL,TRUMATCH 42-b1,NULL,192,126,175,C07EAF,NULL,NULL,NULL
2988,NULL,TRUMATCH 42-c1,NULL,200,147,188,C893BC,NULL,NULL,NULL
2989,NULL,TRUMATCH 42-d1,NULL,209,170,202,D1AACA,NULL,NULL,NULL
2990,NULL,TRUMATCH 42-e1,NULL,218,192,215,DAC0D7,NULL,NULL,NULL
2991,NULL,TRUMATCH 42-f1,NULL,228,213,228,E4D5E4,NULL,NULL,NULL
2992,NULL,TRUMATCH 42-g1,NULL,238,232,238,EEE8EE,NULL,NULL,NULL
2993,NULL,TRUMATCH 42-d5,NULL,169,136,164,A988A4,NULL,NULL,NULL
2994,NULL,TRUMATCH 42-a2,NULL,176,99,156,B0639C,NULL,NULL,NULL
2995,NULL,TRUMATCH 42-b2,NULL,183,120,168,B778A8,NULL,NULL,NULL
2996,NULL,TRUMATCH 42-c2,NULL,191,140,180,BF8CB4,NULL,NULL,NULL
2997,NULL,TRUMATCH 42-d2,NULL,200,162,193,C8A2C1,NULL,NULL,NULL
2998,NULL,TRUMATCH 42-e2,NULL,208,183,206,D0B7CE,NULL,NULL,NULL
2999,NULL,TRUMATCH 42-a5,NULL,149,82,133,955285,NULL,NULL,NULL
3000,NULL,TRUMATCH 42-b5,NULL,156,100,143,9C648F,NULL,NULL,NULL
3001,NULL,TRUMATCH 42-c5,NULL,162,118,153,A27699,NULL,NULL,NULL
3002,NULL,TRUMATCH 42-a3,NULL,168,94,149,A85E95,NULL,NULL,NULL
3003,NULL,TRUMATCH 42-b3,NULL,175,114,160,AF72A0,NULL,NULL,NULL
3004,NULL,TRUMATCH 42-c3,NULL,182,133,172,B685AC,NULL,NULL,NULL
3005,NULL,TRUMATCH 42-d3,NULL,190,154,184,BE9AB8,NULL,NULL,NULL
3006,NULL,TRUMATCH 42-e3,NULL,198,174,196,C6AEC4,NULL,NULL,NULL
3007,NULL,TRUMATCH 42-a6,NULL,139,76,124,8B4C7C,NULL,NULL,NULL
3008,NULL,TRUMATCH 42-b6,NULL,145,93,134,915D86,NULL,NULL,NULL
3009,NULL,TRUMATCH 42-c6,NULL,152,109,143,986D8F,NULL,NULL,NULL
3010,NULL,TRUMATCH 42-a4,NULL,159,88,141,9F588D,NULL,NULL,NULL
3011,NULL,TRUMATCH 42-b4,NULL,165,107,152,A56B98,NULL,NULL,NULL
3012,NULL,TRUMATCH 42-c4,NULL,172,126,163,AC7EA3,NULL,NULL,NULL
3013,NULL,TRUMATCH 40-d4,NULL,180,146,175,B492AF,NULL,NULL,NULL
3014,NULL,TRUMATCH 42-e4,NULL,187,164,186,BBA4BA,NULL,NULL,NULL
3015,NULL,TRUMATCH 42-a7,NULL,129,69,115,814573,NULL,NULL,NULL
3016,NULL,TRUMATCH 42-b7,NULL,135,86,124,87567C,NULL,NULL,NULL
3017,NULL,TRUMATCH 42-c7,NULL,141,101,133,8D6585,NULL,NULL,NULL
3018,NULL,TRUMATCH 43-a,NULL,227,139,184,E38BB8,NULL,NULL,NULL
3019,NULL,TRUMATCH 43-b,NULL,230,158,195,E69EC3,NULL,NULL,NULL
3020,NULL,TRUMATCH 43-c,NULL,234,176,207,EAB0CF,NULL,NULL,NULL
3021,NULL,TRUMATCH 43-d,NULL,238,196,219,EEC4DB,NULL,NULL,NULL
3022,NULL,TRUMATCH 43-e,NULL,243,213,229,F3D5E5,NULL,NULL,NULL
3023,NULL,TRUMATCH 43-f,NULL,247,229,239,F7E5EF,NULL,NULL,NULL
3024,NULL,TRUMATCH 43-g,NULL,252,244,248,FCF4F8,NULL,NULL,NULL
3025,NULL,TRUMATCH 43-a1,NULL,218,134,177,DA86B1,NULL,NULL,NULL
3026,NULL,TRUMATCH 43-b1,NULL,222,152,188,DE98BC,NULL,NULL,NULL
3027,NULL,TRUMATCH 43-c1,NULL,225,170,199,E1AAC7,NULL,NULL,NULL
3028,NULL,TRUMATCH 43-d1,NULL,229,189,211,E5BDD3,NULL,NULL,NULL
3029,NULL,TRUMATCH 43-e1,NULL,233,205,221,E9CDDD,NULL,NULL,NULL
3030,NULL,TRUMATCH 43-f1,NULL,237,220,231,EDDCE7,NULL,NULL,NULL
3031,NULL,TRUMATCH 43-g1,NULL,242,235,240,F2EBF0,NULL,NULL,NULL
3032,NULL,TRUMATCH 43-d5,NULL,185,152,172,B998AC,NULL,NULL,NULL
3033,NULL,TRUMATCH 43-a2,NULL,209,127,170,D17FAA,NULL,NULL,NULL
3034,NULL,TRUMATCH 43-b2,NULL,212,145,180,D491B4,NULL,NULL,NULL
3035,NULL,TRUMATCH 43-c2,NULL,215,162,191,D7A2BF,NULL,NULL,NULL
3036,NULL,TRUMATCH 43-d2,NULL,219,180,202,DBB4CA,NULL,NULL,NULL
3037,NULL,TRUMATCH 43-e2,NULL,223,196,212,DFC4D4,NULL,NULL,NULL
3038,NULL,TRUMATCH 43-a5,NULL,177,106,144,B16A90,NULL,NULL,NULL
3039,NULL,TRUMATCH 43-b5,NULL,180,122,153,B47A99,NULL,NULL,NULL
3040,NULL,TRUMATCH 43-c5,NULL,182,136,162,B688A2,NULL,NULL,NULL
3041,NULL,TRUMATCH 43-a3,NULL,199,121,162,C779A2,NULL,NULL,NULL
3042,NULL,TRUMATCH 43-b3,NULL,202,138,172,CA8AAC,NULL,NULL,NULL
3043,NULL,TRUMATCH 43-c3,NULL,205,154,182,CD9AB6,NULL,NULL,NULL
3044,NULL,TRUMATCH 43-d3,NULL,208,171,193,D0ABC1,NULL,NULL,NULL
3045,NULL,TRUMATCH 43-e3,NULL,212,186,202,D4BACA,NULL,NULL,NULL
3046,NULL,TRUMATCH 43-a6,NULL,166,99,135,A66387,NULL,NULL,NULL
3047,NULL,TRUMATCH 43-b6,NULL,168,113,144,A87190,NULL,NULL,NULL
3048,NULL,TRUMATCH 43-c6,NULL,171,127,152,AB7F98,NULL,NULL,NULL
3049,NULL,TRUMATCH 43-a4,NULL,188,114,153,BC7299,NULL,NULL,NULL
3050,NULL,TRUMATCH 43-b4,NULL,191,130,163,BF82A3,NULL,NULL,NULL
3051,NULL,TRUMATCH 43-c4,NULL,194,145,172,C291AC,NULL,NULL,NULL
3052,NULL,TRUMATCH 43-d4,NULL,197,162,183,C5A2B7,NULL,NULL,NULL
3053,NULL,TRUMATCH 43-e4,NULL,200,176,191,C8B0BF,NULL,NULL,NULL
3054,NULL,TRUMATCH 43-a7,NULL,154,91,126,9A5B7E,NULL,NULL,NULL
3055,NULL,TRUMATCH 43-b7,NULL,156,104,134,9C6886,NULL,NULL,NULL
3056,NULL,TRUMATCH 43-c7,NULL,159,117,141,9F758D,NULL,NULL,NULL
3057,NULL,TRUMATCH 44-a,NULL,183,0,132,B70084,NULL,NULL,NULL
3058,NULL,TRUMATCH 44-b,NULL,191,63,147,BF3F93,NULL,NULL,NULL
3059,NULL,TRUMATCH 44-c,NULL,201,100,163,C964A3,NULL,NULL,NULL
3060,NULL,TRUMATCH 44-d,NULL,210,134,182,D286B6,NULL,NULL,NULL
3061,NULL,TRUMATCH 44-e,NULL,221,170,204,DDAACC,NULL,NULL,NULL
3062,NULL,TRUMATCH 44-f,NULL,234,204,225,EACCE1,NULL,NULL,NULL
3063,NULL,TRUMATCH 44-g,NULL,247,235,244,F7EBF4,NULL,NULL,NULL
3064,NULL,TRUMATCH 44-h,NULL,250,243,248,FAF3F8,NULL,NULL,NULL
3065,NULL,TRUMATCH 44-a1,NULL,177,0,127,B1007F,NULL,NULL,NULL
3066,NULL,TRUMATCH 44-b1,NULL,184,60,142,B83C8E,NULL,NULL,NULL
3067,NULL,TRUMATCH 44-c1,NULL,194,96,158,C2609E,NULL,NULL,NULL
3068,NULL,TRUMATCH 44-d1,NULL,202,129,176,CA81B0,NULL,NULL,NULL
3069,NULL,TRUMATCH 44-e1,NULL,213,163,197,D5A3C5,NULL,NULL,NULL
3070,NULL,TRUMATCH 44-f1,NULL,226,196,217,E2C4D9,NULL,NULL,NULL
3071,NULL,TRUMATCH 44-g1,NULL,237,227,235,EDE3EB,NULL,NULL,NULL
3072,NULL,TRUMATCH 44-d5,NULL,164,103,144,A46790,NULL,NULL,NULL
3073,NULL,TRUMATCH 44-a2,NULL,169,0,122,A9007A,NULL,NULL,NULL
3074,NULL,TRUMATCH 44-b2,NULL,176,57,136,B03988,NULL,NULL,NULL
3075,NULL,TRUMATCH 44-c2,NULL,185,91,151,B95B97,NULL,NULL,NULL
3076,NULL,TRUMATCH 44-d2,NULL,193,123,169,C17BA9,NULL,NULL,NULL
3077,NULL,TRUMATCH 44-e2,NULL,204,156,189,CC9CBD,NULL,NULL,NULL
3078,NULL,TRUMATCH 44-a5,NULL,143,0,103,8F0067,NULL,NULL,NULL
3079,NULL,TRUMATCH 44-b5,NULL,149,44,116,952C74,NULL,NULL,NULL
3080,NULL,TRUMATCH 44-c5,NULL,157,75,129,9D4B81,NULL,NULL,NULL
3081,NULL,TRUMATCH 44-a3,NULL,161,0,116,A10074,NULL,NULL,NULL
3082,NULL,TRUMATCH 44-b3,NULL,168,53,130,A83582,NULL,NULL,NULL
3083,NULL,TRUMATCH 44-c3,NULL,177,86,144,B15690,NULL,NULL,NULL
3084,NULL,TRUMATCH 44-d3,NULL,184,117,161,B875A1,NULL,NULL,NULL
3085,NULL,TRUMATCH 44-e3,NULL,194,148,180,C294B4,NULL,NULL,NULL
3086,NULL,TRUMATCH 44-a6,NULL,134,0,96,860060,NULL,NULL,NULL
3087,NULL,TRUMATCH 44-b6,NULL,140,40,108,8C286C,NULL,NULL,NULL
3088,NULL,TRUMATCH 44-c6,NULL,147,69,120,934578,NULL,NULL,NULL
3089,NULL,TRUMATCH 44-a4,NULL,152,0,110,98006E,NULL,NULL,NULL
3090,NULL,TRUMATCH 44-b4,NULL,159,49,123,9F317B,NULL,NULL,NULL
3091,NULL,TRUMATCH 44-c4,NULL,167,81,136,A75188,NULL,NULL,NULL
3092,NULL,TRUMATCH 44-d4,NULL,174,110,152,AE6E98,NULL,NULL,NULL
3093,NULL,TRUMATCH 44-e4,NULL,184,140,170,B88CAA,NULL,NULL,NULL
3094,NULL,TRUMATCH 44-a7,NULL,125,0,89,7D0059,NULL,NULL,NULL
3095,NULL,TRUMATCH 44-b7,NULL,130,34,100,822264,NULL,NULL,NULL
3096,NULL,TRUMATCH 44-c7,NULL,136,63,112,883F70,NULL,NULL,NULL
3097,NULL,TRUMATCH 45-a,NULL,236,130,173,EC82AD,NULL,NULL,NULL
3098,NULL,TRUMATCH 45-b,NULL,238,151,187,EE97BB,NULL,NULL,NULL
3099,NULL,TRUMATCH 45-c,NULL,241,172,200,F1ACC8,NULL,NULL,NULL
3100,NULL,TRUMATCH 45-d,NULL,244,192,213,F4C0D5,NULL,NULL,NULL
3101,NULL,TRUMATCH 45-e,NULL,247,210,225,F7D2E1,NULL,NULL,NULL
3102,NULL,TRUMATCH 45-f,NULL,250,228,237,FAE4ED,NULL,NULL,NULL
3103,NULL,TRUMATCH 45-d5,NULL,189,148,168,BD94A8,NULL,NULL,NULL
3104,NULL,TRUMATCH 45-e5,NULL,191,163,177,BFA3B1,NULL,NULL,NULL
3105,NULL,TRUMATCH 45-a1,NULL,227,125,167,E37DA7,NULL,NULL,NULL
3106,NULL,TRUMATCH 45-b1,NULL,229,145,180,E591B4,NULL,NULL,NULL
3107,NULL,TRUMATCH 45-c1,NULL,232,165,193,E8A5C1,NULL,NULL,NULL
3108,NULL,TRUMATCH 45-d1,NULL,234,184,206,EAB8CE,NULL,NULL,NULL
3109,NULL,TRUMATCH 45-e1,NULL,237,202,217,EDCAD9,NULL,NULL,NULL
3110,NULL,TRUMATCH 45-f1,NULL,240,219,229,F0DBE5,NULL,NULL,NULL
3111,NULL,TRUMATCH 45-d6,NULL,177,138,157,B18A9D,NULL,NULL,NULL
3112,NULL,TRUMATCH 45-e6,NULL,179,152,165,B398A5,NULL,NULL,NULL
3113,NULL,TRUMATCH 45-a2,NULL,217,119,160,D977A0,NULL,NULL,NULL
3114,NULL,TRUMATCH 45-b2,NULL,219,139,173,DB8BAD,NULL,NULL,NULL
3115,NULL,TRUMATCH 45-c2,NULL,221,158,185,DD9EB9,NULL,NULL,NULL
3116,NULL,TRUMATCH 45-d2,NULL,224,176,197,E0B0C5,NULL,NULL,NULL
3117,NULL,TRUMATCH 45-e2,NULL,226,193,208,E2C1D0,NULL,NULL,NULL
3118,NULL,TRUMATCH 45-a5,NULL,184,99,136,B86388,NULL,NULL,NULL
3119,NULL,TRUMATCH 45-b5,NULL,186,116,147,BA7493,NULL,NULL,NULL
3120,NULL,TRUMATCH 45-c5,NULL,187,133,157,BB859D,NULL,NULL,NULL
3121,NULL,TRUMATCH 45-a3,NULL,207,113,153,CF7199,NULL,NULL,NULL
3122,NULL,TRUMATCH 45-b3,NULL,208,132,165,D084A5,NULL,NULL,NULL
3123,NULL,TRUMATCH 45-c3,NULL,211,150,176,D396B0,NULL,NULL,NULL
3124,NULL,TRUMATCH 45-d3,NULL,213,168,188,D5A8BC,NULL,NULL,NULL
3125,NULL,TRUMATCH 45-e3,NULL,215,184,198,D7B8C6,NULL,NULL,NULL
3126,NULL,TRUMATCH 45-a6,NULL,172,92,128,AC5C80,NULL,NULL,NULL
3127,NULL,TRUMATCH 45-b6,NULL,174,108,138,AE6C8A,NULL,NULL,NULL
3128,NULL,TRUMATCH 45-c6,NULL,175,123,147,AF7B93,NULL,NULL,NULL
3129,NULL,TRUMATCH 45-a4,NULL,195,106,145,C36A91,NULL,NULL,NULL
3130,NULL,TRUMATCH 45-b4,NULL,197,124,156,C57C9C,NULL,NULL,NULL
3131,NULL,TRUMATCH 45-c4,NULL,199,142,167,C78EA7,NULL,NULL,NULL
3132,NULL,TRUMATCH 45-d4,NULL,201,158,178,C99EB2,NULL,NULL,NULL
3133,NULL,TRUMATCH 45-e4,NULL,203,173,188,CBADBC,NULL,NULL,NULL
3134,NULL,TRUMATCH 45-a7,NULL,160,84,119,A05477,NULL,NULL,NULL
3135,NULL,TRUMATCH 45-b7,NULL,162,99,128,A26380,NULL,NULL,NULL
3136,NULL,TRUMATCH 45-c7,NULL,163,114,137,A37289,NULL,NULL,NULL
3137,NULL,TRUMATCH 46-a,NULL,227,76,134,E34C86,NULL,NULL,NULL
3138,NULL,TRUMATCH 46-b,NULL,230,105,149,E66995,NULL,NULL,NULL
3139,NULL,TRUMATCH 46-c,NULL,233,135,168,E987A8,NULL,NULL,NULL
3140,NULL,TRUMATCH 46-d,NULL,238,163,187,EEA3BB,NULL,NULL,NULL
3141,NULL,TRUMATCH 46-e,NULL,241,190,207,F1BECF,NULL,NULL,NULL
3142,NULL,TRUMATCH 46-f,NULL,247,215,225,F7D7E1,NULL,NULL,NULL
3143,NULL,TRUMATCH 46-g,NULL,252,241,244,FCF1F4,NULL,NULL,NULL
3144,NULL,TRUMATCH 46-a1,NULL,218,73,130,DA4982,NULL,NULL,NULL
3145,NULL,TRUMATCH 46-b1,NULL,222,101,144,DE6590,NULL,NULL,NULL
3146,NULL,TRUMATCH 46-c1,NULL,224,130,162,E082A2,NULL,NULL,NULL
3147,NULL,TRUMATCH 46-d1,NULL,229,157,180,E59DB4,NULL,NULL,NULL
3148,NULL,TRUMATCH 46-e1,NULL,232,183,200,E8B7C8,NULL,NULL,NULL
3149,NULL,TRUMATCH 46-f1,NULL,237,207,217,EDCFD9,NULL,NULL,NULL
3150,NULL,TRUMATCH 46-g1,NULL,242,232,235,F2E8EB,NULL,NULL,NULL
3151,NULL,TRUMATCH 46-d5,NULL,185,126,147,B97E93,NULL,NULL,NULL
3152,NULL,TRUMATCH 46-a2,NULL,209,69,125,D1457D,NULL,NULL,NULL
3153,NULL,TRUMATCH 46-b2,NULL,212,97,138,D4618A,NULL,NULL,NULL
3154,NULL,TRUMATCH 46-c2,NULL,215,124,155,D77C9B,NULL,NULL,NULL
3155,NULL,TRUMATCH 46-d2,NULL,219,150,173,DB96AD,NULL,NULL,NULL
3156,NULL,TRUMATCH 46-e2,NULL,222,175,191,DEAFBF,NULL,NULL,NULL
3157,NULL,TRUMATCH 46-a5,NULL,177,56,106,B1386A,NULL,NULL,NULL
3158,NULL,TRUMATCH 46-b5,NULL,180,80,117,B45075,NULL,NULL,NULL
3159,NULL,TRUMATCH 46-c5,NULL,182,104,132,B66884,NULL,NULL,NULL
3160,NULL,TRUMATCH 46-a3,NULL,199,65,119,C74177,NULL,NULL,NULL
3161,NULL,TRUMATCH 46-b3,NULL,202,91,132,CA5B84,NULL,NULL,NULL
3162,NULL,TRUMATCH 46-c3,NULL,204,118,148,CC7694,NULL,NULL,NULL
3163,NULL,TRUMATCH 46-d3,NULL,208,143,165,D08FA5,NULL,NULL,NULL
3164,NULL,TRUMATCH 46-e3,NULL,211,166,182,D3A6B6,NULL,NULL,NULL
3165,NULL,TRUMATCH 46-a6,NULL,166,51,99,A63363,NULL,NULL,NULL
3166,NULL,TRUMATCH 46-b6,NULL,168,74,110,A84A6E,NULL,NULL,NULL
3167,NULL,TRUMATCH 46-c6,NULL,170,96,124,AA607C,NULL,NULL,NULL
3168,NULL,TRUMATCH 46-a4,NULL,188,60,113,BC3C71,NULL,NULL,NULL
3169,NULL,TRUMATCH 46-b4,NULL,191,86,125,BF567D,NULL,NULL,NULL
3170,NULL,TRUMATCH 46-c4,NULL,193,111,140,C16F8C,NULL,NULL,NULL
3171,NULL,TRUMATCH 46-d4,NULL,197,135,156,C5879C,NULL,NULL,NULL
3172,NULL,TRUMATCH 46-e4,NULL,199,157,173,C79DAD,NULL,NULL,NULL
3173,NULL,TRUMATCH 46-a7,NULL,154,45,91,9A2D5B,NULL,NULL,NULL
3174,NULL,TRUMATCH 46-b7,NULL,156,67,102,9C4366,NULL,NULL,NULL
3175,NULL,TRUMATCH 46-c7,NULL,158,89,115,9E5973,NULL,NULL,NULL
3176,NULL,TRUMATCH 47-a,NULL,226,61,122,E23D7A,NULL,NULL,NULL
3177,NULL,TRUMATCH 47-b,NULL,229,96,137,E56089,NULL,NULL,NULL
3178,NULL,TRUMATCH 47-c,NULL,232,125,156,E87D9C,NULL,NULL,NULL
3179,NULL,TRUMATCH 47-d,NULL,237,156,177,ED9CB1,NULL,NULL,NULL
3180,NULL,TRUMATCH 47-e,NULL,241,185,200,F1B9C8,NULL,NULL,NULL
3181,NULL,TRUMATCH 47-f,NULL,246,213,221,F6D5DD,NULL,NULL,NULL
3182,NULL,TRUMATCH 47-g,NULL,252,239,243,FCEFF3,NULL,NULL,NULL
3183,NULL,TRUMATCH 47-h,NULL,254,248,250,FEF8FA,NULL,NULL,NULL
3184,NULL,TRUMATCH 47-a1,NULL,218,58,118,DA3A76,NULL,NULL,NULL
3185,NULL,TRUMATCH 47-b1,NULL,221,92,133,DD5C85,NULL,NULL,NULL
3186,NULL,TRUMATCH 47-c1,NULL,224,121,151,E07997,NULL,NULL,NULL
3187,NULL,TRUMATCH 47-d1,NULL,228,150,171,E496AB,NULL,NULL,NULL
3188,NULL,TRUMATCH 47-e1,NULL,232,179,193,E8B3C1,NULL,NULL,NULL
3189,NULL,TRUMATCH 47-f1,NULL,237,205,213,EDCDD5,NULL,NULL,NULL
3190,NULL,TRUMATCH 47-g1,NULL,242,230,234,F2E6EA,NULL,NULL,NULL
3191,NULL,TRUMATCH 47-d5,NULL,185,121,139,B9798B,NULL,NULL,NULL
3192,NULL,TRUMATCH 47-a2,NULL,208,55,113,D03771,NULL,NULL,NULL
3193,NULL,TRUMATCH 47-b2,NULL,212,88,127,D4587F,NULL,NULL,NULL
3194,NULL,TRUMATCH 47-c2,NULL,214,115,145,D67391,NULL,NULL,NULL
3195,NULL,TRUMATCH 47-d2,NULL,218,144,164,DA90A4,NULL,NULL,NULL
3196,NULL,TRUMATCH 47-e2,NULL,221,171,185,DDABB9,NULL,NULL,NULL
3197,NULL,TRUMATCH 47-a5,NULL,177,43,96,B12B60,NULL,NULL,NULL
3198,NULL,TRUMATCH 47-b5,NULL,179,72,109,B3486D,NULL,NULL,NULL
3199,NULL,TRUMATCH 47-c5,NULL,181,96,123,B5607B,NULL,NULL,NULL
3200,NULL,TRUMATCH 47-a3,NULL,198,51,108,C6336C,NULL,NULL,NULL
3201,NULL,TRUMATCH 47-b3,NULL,201,83,122,C9537A,NULL,NULL,NULL
3202,NULL,TRUMATCH 47-c3,NULL,203,109,138,CB6D8A,NULL,NULL,NULL
3203,NULL,TRUMATCH 47-d3,NULL,208,137,156,D0899C,NULL,NULL,NULL
3204,NULL,TRUMATCH 47-e3,NULL,210,162,176,D2A2B0,NULL,NULL,NULL
3205,NULL,TRUMATCH 47-a6,NULL,165,39,89,A52759,NULL,NULL,NULL
3206,NULL,TRUMATCH 47-b6,NULL,168,67,101,A84365,NULL,NULL,NULL
3207,NULL,TRUMATCH 47-c6,NULL,170,89,115,AA5973,NULL,NULL,NULL
3208,NULL,TRUMATCH 47-a4,NULL,188,47,102,BC2F66,NULL,NULL,NULL
3209,NULL,TRUMATCH 47-b4,NULL,191,78,115,BF4E73,NULL,NULL,NULL
3210,NULL,TRUMATCH 47-c4,NULL,193,103,131,C16783,NULL,NULL,NULL
3211,NULL,TRUMATCH 47-d4,NULL,196,129,148,C48194,NULL,NULL,NULL
3212,NULL,TRUMATCH 47-e4,NULL,199,153,167,C799A7,NULL,NULL,NULL
3213,NULL,TRUMATCH 47-a7,NULL,153,34,82,992252,NULL,NULL,NULL
3214,NULL,TRUMATCH 47-b7,NULL,156,61,94,9C3D5E,NULL,NULL,NULL
3215,NULL,TRUMATCH 47-c7,NULL,158,82,107,9E526B,NULL,NULL,NULL
3216,NULL,TRUMATCH 48-a,NULL,229,0,131,E50083,NULL,NULL,NULL
3217,NULL,TRUMATCH 48-b,NULL,231,67,148,E74394,NULL,NULL,NULL
3218,NULL,TRUMATCH 48-c,NULL,234,107,165,EA6BA5,NULL,NULL,NULL
3219,NULL,TRUMATCH 48-d,NULL,237,142,184,ED8EB8,NULL,NULL,NULL
3220,NULL,TRUMATCH 48-e,NULL,241,176,206,F1B0CE,NULL,NULL,NULL
3221,NULL,TRUMATCH 48-f,NULL,246,208,226,F6D0E2,NULL,NULL,NULL
3222,NULL,TRUMATCH 48-g,NULL,252,237,244,FCEDF4,NULL,NULL,NULL
3223,NULL,TRUMATCH 48-h,NULL,253,246,250,FDF6FA,NULL,NULL,NULL
3224,NULL,TRUMATCH 48-a1,NULL,220,0,127,DC007F,NULL,NULL,NULL
3225,NULL,TRUMATCH 48-b1,NULL,222,64,143,DE408F,NULL,NULL,NULL
3226,NULL,TRUMATCH 48-c1,NULL,225,103,159,E1679F,NULL,NULL,NULL
3227,NULL,TRUMATCH 48-d1,NULL,228,136,178,E488B2,NULL,NULL,NULL
3228,NULL,TRUMATCH 48-e1,NULL,232,170,199,E8AAC7,NULL,NULL,NULL
3229,NULL,TRUMATCH 48-f1,NULL,237,201,218,EDC9DA,NULL,NULL,NULL
3230,NULL,TRUMATCH 48-d5,NULL,185,109,145,B96D91,NULL,NULL,NULL
3231,NULL,TRUMATCH 48-e5,NULL,188,136,162,BC88A2,NULL,NULL,NULL
3232,NULL,TRUMATCH 48-a2,NULL,211,0,122,D3007A,NULL,NULL,NULL
3233,NULL,TRUMATCH 48-b2,NULL,213,60,137,D53C89,NULL,NULL,NULL
3234,NULL,TRUMATCH 48-c2,NULL,215,98,153,D76299,NULL,NULL,NULL
3235,NULL,TRUMATCH 48-d2,NULL,218,130,170,DA82AA,NULL,NULL,NULL
3236,NULL,TRUMATCH 48-e2,NULL,222,162,190,DEA2BE,NULL,NULL,NULL
3237,NULL,TRUMATCH 48-a5,NULL,178,0,103,B20067,NULL,NULL,NULL
3238,NULL,TRUMATCH 48-b5,NULL,180,47,116,B42F74,NULL,NULL,NULL
3239,NULL,TRUMATCH 48-c5,NULL,182,80,130,B65082,NULL,NULL,NULL
3240,NULL,TRUMATCH 48-a3,NULL,200,0,116,C80074,NULL,NULL,NULL
3241,NULL,TRUMATCH 48-b3,NULL,202,56,131,CA3883,NULL,NULL,NULL
3242,NULL,TRUMATCH 48-c3,NULL,205,92,145,CD5C91,NULL,NULL,NULL
3243,NULL,TRUMATCH 48-d3,NULL,207,123,162,CF7BA2,NULL,NULL,NULL
3244,NULL,TRUMATCH 48-e3,NULL,211,154,181,D39AB5,NULL,NULL,NULL
3245,NULL,TRUMATCH 48-a6,NULL,167,0,96,A70060,NULL,NULL,NULL
3246,NULL,TRUMATCH 48-b6,NULL,168,42,109,A82A6D,NULL,NULL,NULL
3247,NULL,TRUMATCH 48-c6,NULL,170,74,121,AA4A79,NULL,NULL,NULL
3248,NULL,TRUMATCH 48-a4,NULL,189,0,109,BD006D,NULL,NULL,NULL
3249,NULL,TRUMATCH 48-b4,NULL,191,52,124,BF347C,NULL,NULL,NULL
3250,NULL,TRUMATCH 48-c4,NULL,194,86,138,C2568A,NULL,NULL,NULL
3251,NULL,TRUMATCH 48-d4,NULL,196,116,154,C4749A,NULL,NULL,NULL
3252,NULL,TRUMATCH 48-e4,NULL,199,145,172,C791AC,NULL,NULL,NULL
3253,NULL,TRUMATCH 48-a7,NULL,155,0,88,9B0058,NULL,NULL,NULL
3254,NULL,TRUMATCH 48-b7,NULL,157,36,101,9D2465,NULL,NULL,NULL
3255,NULL,TRUMATCH 48-c7,NULL,159,67,113,9F4371,NULL,NULL,NULL
3256,NULL,TRUMATCH 49-a,NULL,161,105,18,A16912,NULL,NULL,NULL
3257,NULL,TRUMATCH 49-b,NULL,175,125,54,AF7D36,NULL,NULL,NULL
3258,NULL,TRUMATCH 49-c,NULL,187,145,84,BB9154,NULL,NULL,NULL
3259,NULL,TRUMATCH 49-d,NULL,202,168,117,CAA875,NULL,NULL,NULL
3260,NULL,TRUMATCH 49-e,NULL,216,192,155,D8C09B,NULL,NULL,NULL
3261,NULL,TRUMATCH 49-f,NULL,231,216,193,E7D8C1,NULL,NULL,NULL
3262,NULL,TRUMATCH 49-g,NULL,245,239,231,F5EFE7,NULL,NULL,NULL
3263,NULL,TRUMATCH 49-h,NULL,251,248,244,FBF8F4,NULL,NULL,NULL
3264,NULL,TRUMATCH 49-a1,NULL,156,102,17,9C6611,NULL,NULL,NULL
3265,NULL,TRUMATCH 49-b1,NULL,169,120,52,A97834,NULL,NULL,NULL
3266,NULL,TRUMATCH 49-c1,NULL,181,140,82,B58C52,NULL,NULL,NULL
3267,NULL,TRUMATCH 49-d1,NULL,195,162,113,C3A271,NULL,NULL,NULL
3268,NULL,TRUMATCH 49-e1,NULL,208,185,149,D0B995,NULL,NULL,NULL
3269,NULL,TRUMATCH 49-f1,NULL,222,208,186,DED0BA,NULL,NULL,NULL
3270,NULL,TRUMATCH 49-d5,NULL,157,130,93,9D825D,NULL,NULL,NULL
3271,NULL,TRUMATCH 49-e5,NULL,169,149,122,A9957A,NULL,NULL,NULL
3272,NULL,TRUMATCH 49-a2,NULL,149,97,15,95610F,NULL,NULL,NULL
3273,NULL,TRUMATCH 49-b2,NULL,162,115,49,A27331,NULL,NULL,NULL
3274,NULL,TRUMATCH 49-c2,NULL,173,134,78,AD864E,NULL,NULL,NULL
3275,NULL,TRUMATCH 49-d2,NULL,186,155,109,BA9B6D,NULL,NULL,NULL
3276,NULL,TRUMATCH 49-e2,NULL,199,177,143,C7B18F,NULL,NULL,NULL
3277,NULL,TRUMATCH 49-a5,NULL,125,81,11,7D510B,NULL,NULL,NULL
3278,NULL,TRUMATCH 49-b5,NULL,137,96,40,896028,NULL,NULL,NULL
3279,NULL,TRUMATCH 49-c5,NULL,146,113,65,927141,NULL,NULL,NULL
3280,NULL,TRUMATCH 49-a3,NULL,142,92,14,8E5C0E,NULL,NULL,NULL
3281,NULL,TRUMATCH 49-b3,NULL,154,110,46,9A6E2E,NULL,NULL,NULL
3282,NULL,TRUMATCH 49-c3,NULL,165,128,74,A5804A,NULL,NULL,NULL
3283,NULL,TRUMATCH 49-d3,NULL,177,148,104,B19468,NULL,NULL,NULL
3284,NULL,TRUMATCH 49-e3,NULL,190,168,137,BEA889,NULL,NULL,NULL
3285,NULL,TRUMATCH 49-a6,NULL,117,75,9,754B09,NULL,NULL,NULL
3286,NULL,TRUMATCH 49-b6,NULL,127,89,36,7F5924,NULL,NULL,NULL
3287,NULL,TRUMATCH 49-c6,NULL,136,104,60,88683C,NULL,NULL,NULL
3288,NULL,TRUMATCH 49-a4,NULL,134,87,12,86570C,NULL,NULL,NULL
3289,NULL,TRUMATCH 49-b4,NULL,146,103,43,92672B,NULL,NULL,NULL
3290,NULL,TRUMATCH 49-c4,NULL,156,120,70,9C7846,NULL,NULL,NULL
3291,NULL,TRUMATCH 49-d4,NULL,168,139,98,A88B62,NULL,NULL,NULL
3292,NULL,TRUMATCH 49-e4,NULL,179,159,130,B39F82,NULL,NULL,NULL
3293,NULL,TRUMATCH 49-a7,NULL,107,68,8,6B4408,NULL,NULL,NULL
3294,NULL,TRUMATCH 49-b7,NULL,117,82,32,755220,NULL,NULL,NULL
3295,NULL,TRUMATCH 49-c7,NULL,126,96,54,7E6036,NULL,NULL,NULL
3296,NULL,TRUMATCH 50-a,NULL,123,55,30,7B371E,NULL,NULL,NULL
3297,NULL,TRUMATCH 50-b,NULL,141,77,51,8D4D33,NULL,NULL,NULL
3298,NULL,TRUMATCH 50-c,NULL,158,101,75,9E654B,NULL,NULL,NULL
3299,NULL,TRUMATCH 50-d,NULL,178,130,106,B2826A,NULL,NULL,NULL
3300,NULL,TRUMATCH 50-e,NULL,198,164,144,C6A490,NULL,NULL,NULL
3301,NULL,TRUMATCH 50-f,NULL,219,198,185,DBC6B9,NULL,NULL,NULL
3302,NULL,TRUMATCH 50-g,NULL,240,233,228,F0E9E4,NULL,NULL,NULL
3303,NULL,TRUMATCH 50-h,NULL,249,244,241,F9F4F1,NULL,NULL,NULL
3304,NULL,TRUMATCH 50-a1,NULL,119,53,28,77351C,NULL,NULL,NULL
3305,NULL,TRUMATCH 50-b1,NULL,136,74,49,884A31,NULL,NULL,NULL
3306,NULL,TRUMATCH 50-c1,NULL,152,98,73,986249,NULL,NULL,NULL
3307,NULL,TRUMATCH 50-d1,NULL,171,125,102,AB7D66,NULL,NULL,NULL
3308,NULL,TRUMATCH 50-e1,NULL,191,158,139,BF9E8B,NULL,NULL,NULL
3309,NULL,TRUMATCH 50-f1,NULL,211,191,178,D3BFB2,NULL,NULL,NULL
3310,NULL,TRUMATCH 50-d5,NULL,139,100,83,8B6453,NULL,NULL,NULL
3311,NULL,TRUMATCH 50-e5,NULL,155,127,114,9B7F72,NULL,NULL,NULL
3312,NULL,TRUMATCH 50-a2,NULL,114,50,27,72321B,NULL,NULL,NULL
3313,NULL,TRUMATCH 50-b2,NULL,130,70,46,82462E,NULL,NULL,NULL
3314,NULL,TRUMATCH 50-c2,NULL,146,93,69,925D45,NULL,NULL,NULL
3315,NULL,TRUMATCH 50-d2,NULL,164,120,98,A47862,NULL,NULL,NULL
3316,NULL,TRUMATCH 50-e2,NULL,183,151,134,B79786,NULL,NULL,NULL
3317,NULL,TRUMATCH 50-a5,NULL,97,40,21,612815,NULL,NULL,NULL
3318,NULL,TRUMATCH 50-b5,NULL,110,58,37,6E3A25,NULL,NULL,NULL
3319,NULL,TRUMATCH 50-c5,NULL,123,78,57,7B4E39,NULL,NULL,NULL
3320,NULL,TRUMATCH 50-a3,NULL,109,47,25,6D2F19,NULL,NULL,NULL
3321,NULL,TRUMATCH 50-b3,NULL,124,67,43,7C432B,NULL,NULL,NULL
3322,NULL,TRUMATCH 50-c3,NULL,139,89,65,8B5941,NULL,NULL,NULL
3323,NULL,TRUMATCH 50-d3,NULL,156,114,94,9C725E,NULL,NULL,NULL
3324,NULL,TRUMATCH 50-e3,NULL,174,144,127,AE907F,NULL,NULL,NULL
3325,NULL,TRUMATCH 50-a6,NULL,91,36,18,5B2412,NULL,NULL,NULL
3326,NULL,TRUMATCH 50-b6,NULL,103,53,34,673522,NULL,NULL,NULL
3327,NULL,TRUMATCH 50-c6,NULL,115,72,52,734834,NULL,NULL,NULL
3328,NULL,TRUMATCH 50-a4,NULL,103,44,23,672C17,NULL,NULL,NULL
3329,NULL,TRUMATCH 50-b4,NULL,117,62,40,753E28,NULL,NULL,NULL
3330,NULL,TRUMATCH 50-c4,NULL,131,83,61,83533D,NULL,NULL,NULL
3331,NULL,TRUMATCH 50-d4,NULL,148,107,88,946B58,NULL,NULL,NULL
3332,NULL,TRUMATCH 50-e4,NULL,165,136,121,A58879,NULL,NULL,NULL
3333,NULL,TRUMATCH 50-a7,NULL,84,32,16,542010,NULL,NULL,NULL
3334,NULL,TRUMATCH 50-b7,NULL,95,48,30,5F301E,NULL,NULL,NULL
3335,NULL,TRUMATCH 50-c7,NULL,106,65,47,6A412F,NULL,NULL,NULL
3336,NULL,TRUMATCH 1-g7,NULL,169,159,163,A99FA3,NULL,NULL,NULL
3337,NULL,TRUMATCH 1-6g,NULL,181,172,176,B5ACB0,NULL,NULL,NULL
3338,NULL,TRUMATCH 1-g5,NULL,194,185,188,C2B9BC,NULL,NULL,NULL
3339,NULL,TRUMATCH 1-g4,NULL,207,197,199,CFC5C7,NULL,NULL,NULL
3340,NULL,TRUMATCH 1-g3,NULL,219,209,211,DBD1D3,NULL,NULL,NULL
3341,NULL,TRUMATCH 1-g2,NULL,231,219,221,E7DBDD,NULL,NULL,NULL
3342,NULL,TRUMATCH 1-h2,NULL,232,226,228,E8E2E4,NULL,NULL,NULL
3343,NULL,TRUMATCH 1-h1,NULL,243,237,238,F3EDEE,NULL,NULL,NULL
3344,NULL,TRUMATCH 5-g7,NULL,169,158,157,A99E9D,NULL,NULL,NULL
3345,NULL,TRUMATCH 5-g6,NULL,182,170,168,B6AAA8,NULL,NULL,NULL
3346,NULL,TRUMATCH 5-g5,NULL,194,183,180,C2B7B4,NULL,NULL,NULL
3347,NULL,TRUMATCH 5-g4,NULL,207,195,191,CFC3BF,NULL,NULL,NULL
3348,NULL,TRUMATCH 5-g3,NULL,219,206,202,DBCECA,NULL,NULL,NULL
3349,NULL,TRUMATCH 5-g2,NULL,231,217,212,E7D9D4,NULL,NULL,NULL
3350,NULL,TRUMATCH 5-h2,NULL,232,226,225,E8E2E1,NULL,NULL,NULL
3351,NULL,TRUMATCH 5-h1,NULL,244,237,235,F4EDEB,NULL,NULL,NULL
3352,NULL,TRUMATCH 9-g7,NULL,170,168,165,AAA8A5,NULL,NULL,NULL
3353,NULL,TRUMATCH 9-g6,NULL,183,181,177,B7B5B1,NULL,NULL,NULL
3354,NULL,TRUMATCH 9-g5,NULL,195,194,189,C3C2BD,NULL,NULL,NULL
3355,NULL,TRUMATCH 9-g4,NULL,208,207,201,D0CFC9,NULL,NULL,NULL
3356,NULL,TRUMATCH 9-g3,NULL,221,219,212,DDDBD4,NULL,NULL,NULL
3357,NULL,TRUMATCH 9-g2,NULL,233,231,223,E9E7DF,NULL,NULL,NULL
3358,NULL,TRUMATCH 9-g1,NULL,245,241,233,F5F1E9,NULL,NULL,NULL
3359,NULL,TRUMATCH 9-h1,NULL,245,244,241,F5F4F1,NULL,NULL,NULL
3360,NULL,TRUMATCH 13-g7,NULL,169,169,162,A9A9A2,NULL,NULL,NULL
3361,NULL,TRUMATCH 13-g6,NULL,182,182,174,B6B6AE,NULL,NULL,NULL
3362,NULL,TRUMATCH 13-g5,NULL,195,196,186,C3C4BA,NULL,NULL,NULL
3363,NULL,TRUMATCH 13-g4,NULL,208,209,198,D0D1C6,NULL,NULL,NULL
3364,NULL,TRUMATCH 13-g3,NULL,220,221,209,DCDDD1,NULL,NULL,NULL
3365,NULL,TRUMATCH 13-g2,NULL,233,232,220,E9E8DC,NULL,NULL,NULL
3366,NULL,TRUMATCH 13-g1,NULL,244,243,229,F4F3E5,NULL,NULL,NULL
3367,NULL,TRUMATCH 13-h1,NULL,245,245,238,F5F5EE,NULL,NULL,NULL
3368,NULL,TRUMATCH 17-g7,NULL,166,167,163,A6A7A3,NULL,NULL,NULL
3369,NULL,TRUMATCH 17-g6,NULL,178,181,175,B2B5AF,NULL,NULL,NULL
3370,NULL,TRUMATCH 17-g5,NULL,191,194,188,BFC2BC,NULL,NULL,NULL
3371,NULL,TRUMATCH 17-g4,NULL,203,207,199,CBCFC7,NULL,NULL,NULL
3372,NULL,TRUMATCH 17-g3,NULL,216,219,210,D8DBD2,NULL,NULL,NULL
3373,NULL,TRUMATCH 17-g2,NULL,227,231,221,E3E7DD,NULL,NULL,NULL
3374,NULL,TRUMATCH 17-g1,NULL,239,241,231,EFF1E7,NULL,NULL,NULL
3375,NULL,TRUMATCH 17-h1,NULL,242,243,238,F2F3EE,NULL,NULL,NULL
3376,NULL,TRUMATCH 21-g7,NULL,164,167,168,A4A7A8,NULL,NULL,NULL
3377,NULL,TRUMATCH 21-g6,NULL,177,181,180,B1B5B4,NULL,NULL,NULL
3378,NULL,TRUMATCH 21-g5,NULL,189,194,193,BDC2C1,NULL,NULL,NULL
3379,NULL,TRUMATCH 21-g4,NULL,201,207,205,C9CFCD,NULL,NULL,NULL
3380,NULL,TRUMATCH 21-g3,NULL,213,219,217,D5DBD9,NULL,NULL,NULL
3381,NULL,TRUMATCH 21-g2,NULL,225,230,227,E1E6E3,NULL,NULL,NULL
3382,NULL,TRUMATCH 21-h2,NULL,229,232,231,E5E8E7,NULL,NULL,NULL
3383,NULL,TRUMATCH 21-h1,NULL,240,243,241,F0F3F1,NULL,NULL,NULL
3384,NULL,TRUMATCH 25-g7,NULL,160,165,168,A0A5A8,NULL,NULL,NULL
3385,NULL,TRUMATCH 25-g6,NULL,172,178,181,ACB2B5,NULL,NULL,NULL
3386,NULL,TRUMATCH 25-g5,NULL,184,191,193,B8BFC1,NULL,NULL,NULL
3387,NULL,TRUMATCH 25-g4,NULL,196,204,205,C4CCCD,NULL,NULL,NULL
3388,NULL,TRUMATCH 25-g3,NULL,208,216,217,D0D8D9,NULL,NULL,NULL
3389,NULL,TRUMATCH 25-g2,NULL,219,227,228,DBE3E4,NULL,NULL,NULL
3390,NULL,TRUMATCH 25-h2,NULL,227,232,232,E3E8E8,NULL,NULL,NULL
3391,NULL,TRUMATCH 25-h1,NULL,238,242,243,EEF2F3,NULL,NULL,NULL
3392,NULL,TRUMATCH 29-g7,NULL,160,166,170,A0A6AA,NULL,NULL,NULL
3393,NULL,TRUMATCH 29-g6,NULL,172,179,183,ACB3B7,NULL,NULL,NULL
3394,NULL,TRUMATCH 29-g5,NULL,184,192,195,B8C0C3,NULL,NULL,NULL
3395,NULL,TRUMATCH 29-g4,NULL,196,205,208,C4CDD0,NULL,NULL,NULL
3396,NULL,TRUMATCH 29-g3,NULL,208,217,219,D0D9DB,NULL,NULL,NULL
3397,NULL,TRUMATCH 29-g2,NULL,219,228,230,DBE4E6,NULL,NULL,NULL
3398,NULL,TRUMATCH 29-h2,NULL,227,232,234,E3E8EA,NULL,NULL,NULL
3399,NULL,TRUMATCH 29-h1,NULL,238,243,244,EEF3F4,NULL,NULL,NULL
3400,NULL,TRUMATCH 33-g7,NULL,160,164,172,A0A4AC,NULL,NULL,NULL
3401,NULL,TRUMATCH 33-g6,NULL,172,177,185,ACB1B9,NULL,NULL,NULL
3402,NULL,TRUMATCH 33-g5,NULL,184,190,197,B8BEC5,NULL,NULL,NULL
3403,NULL,TRUMATCH 33-g4,NULL,196,203,210,C4CBD2,NULL,NULL,NULL
3404,NULL,TRUMATCH 33-g3,NULL,207,215,221,CFD7DD,NULL,NULL,NULL
3405,NULL,TRUMATCH 33-g2,NULL,219,226,232,DBE2E8,NULL,NULL,NULL
3406,NULL,TRUMATCH 33-g1,NULL,230,237,243,E6EDF3,NULL,NULL,NULL
3407,NULL,TRUMATCH 33-h1,NULL,238,241,244,EEF1F4,NULL,NULL,NULL
3408,NULL,TRUMATCH 37-g7,NULL,161,162,170,A1A2AA,NULL,NULL,NULL
3409,NULL,TRUMATCH 37-g6,NULL,173,175,183,ADAFB7,NULL,NULL,NULL
3410,NULL,TRUMATCH 37-g5,NULL,185,188,196,B9BCC4,NULL,NULL,NULL
3411,NULL,TRUMATCH 37-g4,NULL,197,200,208,C5C8D0,NULL,NULL,NULL
3412,NULL,TRUMATCH 37-g3,NULL,209,212,220,D1D4DC,NULL,NULL,NULL
3413,NULL,TRUMATCH 37-g2,NULL,220,223,231,DCDFE7,NULL,NULL,NULL
3414,NULL,TRUMATCH 37-g1,NULL,231,234,241,E7EAF1,NULL,NULL,NULL
3415,NULL,TRUMATCH 37-h1,NULL,238,240,243,EEF0F3,NULL,NULL,NULL
3416,NULL,TRUMATCH 41-g7,NULL,164,159,168,A49FA8,NULL,NULL,NULL
3417,NULL,TRUMATCH 41-g6,NULL,177,172,180,B1ACB4,NULL,NULL,NULL
3418,NULL,TRUMATCH 41-g5,NULL,189,185,193,BDB9C1,NULL,NULL,NULL
3419,NULL,TRUMATCH 41-g4,NULL,201,197,205,C9C5CD,NULL,NULL,NULL
3420,NULL,TRUMATCH 41-g3,NULL,213,208,216,D5D0D8,NULL,NULL,NULL
3421,NULL,TRUMATCH 41-g2,NULL,225,219,227,E1DBE3,NULL,NULL,NULL
3422,NULL,TRUMATCH 41-h2,NULL,229,227,231,E5E3E7,NULL,NULL,NULL
3423,NULL,TRUMATCH 41-h1,NULL,241,238,242,F1EEF2,NULL,NULL,NULL
3424,NULL,TRUMATCH 45-g7,NULL,169,163,169,A9A3A9,NULL,NULL,NULL
3425,NULL,TRUMATCH 45-g6,NULL,182,176,182,B6B0B6,NULL,NULL,NULL
3426,NULL,TRUMATCH 45-g5,NULL,194,189,195,C2BDC3,NULL,NULL,NULL
3427,NULL,TRUMATCH 45-g4,NULL,207,202,207,CFCACF,NULL,NULL,NULL
3428,NULL,TRUMATCH 45-g3,NULL,219,214,219,DBD6DB,NULL,NULL,NULL
3429,NULL,TRUMATCH 45-g2,NULL,231,225,230,E7E1E6,NULL,NULL,NULL
3430,NULL,TRUMATCH 45-h2,NULL,232,230,233,E8E6E9,NULL,NULL,NULL
3431,NULL,TRUMATCH 45-h1,NULL,244,241,243,F4F1F3,NULL,NULL,NULL
3432,NULL,TRUMATCH 48-g7,NULL,168,159,166,A89FA6,NULL,NULL,NULL
3433,NULL,TRUMATCH 48-g6,NULL,181,171,179,B5ABB3,NULL,NULL,NULL
3434,NULL,TRUMATCH 48-g5,NULL,193,184,191,C1B8BF,NULL,NULL,NULL
3435,NULL,TRUMATCH 48-g4,NULL,206,196,203,CEC4CB,NULL,NULL,NULL
3436,NULL,TRUMATCH 48-g3,NULL,218,207,215,DACFD7,NULL,NULL,NULL
3437,NULL,TRUMATCH 48-g2,NULL,230,218,225,E6DAE1,NULL,NULL,NULL
3438,NULL,TRUMATCH 48-h2,NULL,232,227,231,E8E3E7,NULL,NULL,NULL
3439,NULL,TRUMATCH 48-h1,NULL,243,237,241,F3EDF1,NULL,NULL,NULL
3440,NULL,FOCOLTONE 1070,NULL,0,166,235,00A6EB,NULL,NULL,NULL
3441,NULL,FOCOLTONE 1071,NULL,229,0,131,E50083,NULL,NULL,NULL
3442,NULL,FOCOLTONE 1072,NULL,255,237,0,FFED00,NULL,NULL,NULL
3443,NULL,FOCOLTONE 1073,NULL,27,28,32,1B1C20,NULL,NULL,NULL
3444,NULL,FOCOLTONE 1074,NULL,46,29,134,2E1D86,NULL,NULL,NULL
3445,NULL,FOCOLTONE 1075,NULL,0,152,54,009836,NULL,NULL,NULL
3446,NULL,FOCOLTONE 1076,NULL,230,0,4,E60004,NULL,NULL,NULL
3447,NULL,FOCOLTONE 1073,NULL,27,28,32,1B1C20,NULL,NULL,NULL
3448,NULL,FOCOLTONE 1083,NULL,206,208,210,CED0D2,NULL,NULL,NULL
3449,NULL,FOCOLTONE 2250,NULL,184,186,189,B8BABD,NULL,NULL,NULL
3450,NULL,FOCOLTONE 3417,NULL,152,152,156,98989C,NULL,NULL,NULL
3451,NULL,FOCOLTONE 1076,NULL,230,0,4,E60004,NULL,NULL,NULL
3452,NULL,FOCOLTONE 1082,NULL,188,0,6,BC0006,NULL,NULL,NULL
3453,NULL,FOCOLTONE 2249,NULL,169,0,5,A90005,NULL,NULL,NULL
3454,NULL,FOCOLTONE 3416,NULL,139,0,2,8B0002,NULL,NULL,NULL
3455,NULL,FOCOLTONE 2285,NULL,230,0,60,E6003C,NULL,NULL,NULL
3456,NULL,FOCOLTONE 2291,NULL,230,0,54,E60036,NULL,NULL,NULL
3457,NULL,FOCOLTONE 3458,NULL,230,0,48,E60030,NULL,NULL,NULL
3458,NULL,FOCOLTONE 3464,NULL,230,0,41,E60029,NULL,NULL,NULL
3459,NULL,FOCOLTONE 3470,NULL,230,0,35,E60023,NULL,NULL,NULL
3460,NULL,FOCOLTONE 1142,NULL,229,0,92,E5005C,NULL,NULL,NULL
3461,NULL,FOCOLTONE 2303,NULL,229,0,86,E50056,NULL,NULL,NULL
3462,NULL,FOCOLTONE 1118,NULL,229,0,79,E5004F,NULL,NULL,NULL
3463,NULL,FOCOLTONE 2309,NULL,229,0,73,E50049,NULL,NULL,NULL
3464,NULL,FOCOLTONE 3452,NULL,230,0,66,E60042,NULL,NULL,NULL
3465,NULL,FOCOLTONE 1020,NULL,242,174,184,F2AEB8,NULL,NULL,NULL
3466,NULL,FOCOLTONE 1034,NULL,239,151,164,EF97A4,NULL,NULL,NULL
3467,NULL,FOCOLTONE 3403,NULL,237,127,130,ED7F82,NULL,NULL,NULL
3468,NULL,FOCOLTONE 2208,NULL,235,117,140,EB758C,NULL,NULL,NULL
3469,NULL,FOCOLTONE 2222,NULL,235,104,107,EB686B,NULL,NULL,NULL
3470,NULL,FOCOLTONE 1017,NULL,198,143,153,C68F99,NULL,NULL,NULL
3471,NULL,FOCOLTONE 1031,NULL,196,124,136,C47C88,NULL,NULL,NULL
3472,NULL,FOCOLTONE 2205,NULL,174,84,104,AE5468,NULL,NULL,NULL
3473,NULL,FOCOLTONE 2219,NULL,173,75,78,AD4B4E,NULL,NULL,NULL
3474,NULL,FOCOLTONE 3342,NULL,178,84,83,B25453,NULL,NULL,NULL
3475,NULL,FOCOLTONE 1048,NULL,251,223,184,FBDFB8,NULL,NULL,NULL
3476,NULL,FOCOLTONE 1062,NULL,250,211,159,FAD39F,NULL,NULL,NULL
3477,NULL,FOCOLTONE 2236,NULL,249,199,121,F9C779,NULL,NULL,NULL
3478,NULL,FOCOLTONE 1006,NULL,247,190,129,F7BE81,NULL,NULL,NULL
3479,NULL,FOCOLTONE 2180,NULL,242,156,88,F29C58,NULL,NULL,NULL
3480,NULL,FOCOLTONE 2328,NULL,240,132,0,F08400,NULL,NULL,NULL
3481,NULL,FOCOLTONE 2334,NULL,236,100,0,EC6400,NULL,NULL,NULL
3482,NULL,FOCOLTONE 3483,NULL,234,90,0,EA5A00,NULL,NULL,NULL
3483,NULL,FOCOLTONE 3489,NULL,234,79,0,EA4F00,NULL,NULL,NULL
3484,NULL,FOCOLTONE 3495,NULL,233,66,0,E94200,NULL,NULL,NULL
3485,NULL,FOCOLTONE 1155,NULL,245,163,0,F5A300,NULL,NULL,NULL
3486,NULL,FOCOLTONE 2316,NULL,243,153,0,F39900,NULL,NULL,NULL
3487,NULL,FOCOLTONE 1161,NULL,242,142,0,F28E00,NULL,NULL,NULL
3488,NULL,FOCOLTONE 2322,NULL,240,132,0,F08400,NULL,NULL,NULL
3489,NULL,FOCOLTONE 3507,NULL,238,121,0,EE7900,NULL,NULL,NULL
3490,NULL,FOCOLTONE 3389,NULL,247,175,44,F7AF2C,NULL,NULL,NULL
3491,NULL,FOCOLTONE 2194,NULL,239,134,73,EF8649,NULL,NULL,NULL
3492,NULL,FOCOLTONE 3347,NULL,234,92,80,EA5C50,NULL,NULL,NULL
3493,NULL,FOCOLTONE 3361,NULL,233,80,55,E95037,NULL,NULL,NULL
3494,NULL,FOCOLTONE 3375,NULL,232,67,45,E8432D,NULL,NULL,NULL
3495,NULL,FOCOLTONE 1167,NULL,255,211,0,FFD300,NULL,NULL,NULL
3496,NULL,FOCOLTONE 1173,NULL,253,202,0,FDCA00,NULL,NULL,NULL
3497,NULL,FOCOLTONE 2340,NULL,251,193,0,FBC100,NULL,NULL,NULL
3498,NULL,FOCOLTONE 1149,NULL,249,183,0,F9B700,NULL,NULL,NULL
3499,NULL,FOCOLTONE 3501,NULL,247,173,0,F7AD00,NULL,NULL,NULL
3500,NULL,FOCOLTONE 1072,NULL,255,237,0,FFED00,NULL,NULL,NULL
3501,NULL,FOCOLTONE 1079,NULL,212,193,0,D4C100,NULL,NULL,NULL
3502,NULL,FOCOLTONE 2246,NULL,190,172,0,BEAC00,NULL,NULL,NULL
3503,NULL,FOCOLTONE 3413,NULL,155,140,0,9B8C00,NULL,NULL,NULL
3504,NULL,FOCOLTONE 1027,NULL,255,252,228,FFFCE4,NULL,NULL,NULL
3505,NULL,FOCOLTONE 1041,NULL,255,251,218,FFFBDA,NULL,NULL,NULL
3506,NULL,FOCOLTONE 2215,NULL,255,250,208,FFFAD0,NULL,NULL,NULL
3507,NULL,FOCOLTONE 1055,NULL,255,249,197,FFF9C5,NULL,NULL,NULL
3508,NULL,FOCOLTONE 3410,NULL,255,248,185,FFF8B9,NULL,NULL,NULL
3509,NULL,FOCOLTONE 1069,NULL,255,247,174,FFF7AE,NULL,NULL,NULL
3510,NULL,FOCOLTONE 2229,NULL,255,246,161,FFF6A1,NULL,NULL,NULL
3511,NULL,FOCOLTONE 1013,NULL,255,245,148,FFF594,NULL,NULL,NULL
3512,NULL,FOCOLTONE 2243,NULL,255,244,135,FFF487,NULL,NULL,NULL
3513,NULL,FOCOLTONE 3354,NULL,255,243,122,FFF37A,NULL,NULL,NULL
3514,NULL,FOCOLTONE 2187,NULL,255,242,108,FFF26C,NULL,NULL,NULL
3515,NULL,FOCOLTONE 2201,NULL,255,241,95,FFF15F,NULL,NULL,NULL
3516,NULL,FOCOLTONE 3368,NULL,255,240,80,FFF050,NULL,NULL,NULL
3517,NULL,FOCOLTONE 3382,NULL,255,239,64,FFEF40,NULL,NULL,NULL
3518,NULL,FOCOLTONE 3396,NULL,255,239,42,FFEF2A,NULL,NULL,NULL
3519,NULL,FOCOLTONE 1148,NULL,234,225,0,EAE100,NULL,NULL,NULL
3520,NULL,FOCOLTONE 1154,NULL,223,221,0,DFDD00,NULL,NULL,NULL
3521,NULL,FOCOLTONE 2315,NULL,212,216,0,D4D800,NULL,NULL,NULL
3522,NULL,FOCOLTONE 1160,NULL,201,211,0,C9D300,NULL,NULL,NULL
3523,NULL,FOCOLTONE 3482,NULL,189,207,0,BDCF00,NULL,NULL,NULL
3524,NULL,FOCOLTONE 1146,NULL,190,183,0,BEB700,NULL,NULL,NULL
3525,NULL,FOCOLTONE 1152,NULL,182,180,0,B6B400,NULL,NULL,NULL
3526,NULL,FOCOLTONE 1158,NULL,164,173,0,A4AD00,NULL,NULL,NULL
3527,NULL,FOCOLTONE 1164,NULL,145,165,0,91A500,NULL,NULL,NULL
3528,NULL,FOCOLTONE 1170,NULL,124,157,0,7C9D00,NULL,NULL,NULL
3529,NULL,FOCOLTONE 1166,NULL,177,202,0,B1CA00,NULL,NULL,NULL
3530,NULL,FOCOLTONE 2321,NULL,165,197,0,A5C500,NULL,NULL,NULL
3531,NULL,FOCOLTONE 1172,NULL,152,192,0,98C000,NULL,NULL,NULL
3532,NULL,FOCOLTONE 2327,NULL,139,188,8,8BBC08,NULL,NULL,NULL
3533,NULL,FOCOLTONE 3488,NULL,125,183,19,7DB713,NULL,NULL,NULL
3534,NULL,FOCOLTONE 2333,NULL,111,179,27,6FB31B,NULL,NULL,NULL
3535,NULL,FOCOLTONE 2339,NULL,96,175,32,60AF20,NULL,NULL,NULL
3536,NULL,FOCOLTONE 3494,NULL,79,172,37,4FAC25,NULL,NULL,NULL
3537,NULL,FOCOLTONE 3500,NULL,55,168,41,37A829,NULL,NULL,NULL
3538,NULL,FOCOLTONE 3506,NULL,0,164,44,00A42C,NULL,NULL,NULL
3539,NULL,FOCOLTONE 1005,NULL,229,233,149,E5E995,NULL,NULL,NULL
3540,NULL,FOCOLTONE 2179,NULL,209,221,112,D1DD70,NULL,NULL,NULL
3541,NULL,FOCOLTONE 3346,NULL,184,212,125,B8D47D,NULL,NULL,NULL
3542,NULL,FOCOLTONE 2193,NULL,160,201,104,A0C968,NULL,NULL,NULL
3543,NULL,FOCOLTONE 3360,NULL,120,186,97,78BA61,NULL,NULL,NULL
3544,NULL,FOCOLTONE 1163,NULL,176,181,0,B0B500,NULL,NULL,NULL
3545,NULL,FOCOLTONE 1169,NULL,153,166,6,99A606,NULL,NULL,NULL
3546,NULL,FOCOLTONE 2336,NULL,105,145,34,699122,NULL,NULL,NULL
3547,NULL,FOCOLTONE 3497,NULL,80,127,40,507F28,NULL,NULL,NULL
3548,NULL,FOCOLTONE 3503,NULL,76,92,38,4C5C26,NULL,NULL,NULL
3549,NULL,FOCOLTONE 1002,NULL,187,190,123,BBBE7B,NULL,NULL,NULL
3550,NULL,FOCOLTONE 2176,NULL,153,161,84,99A154,NULL,NULL,NULL
3551,NULL,FOCOLTONE 3343,NULL,108,126,75,6C7E4B,NULL,NULL,NULL
3552,NULL,FOCOLTONE 2190,NULL,117,147,77,75934D,NULL,NULL,NULL
3553,NULL,FOCOLTONE 3357,NULL,65,111,55,416F37,NULL,NULL,NULL
3554,NULL,FOCOLTONE 3480,NULL,111,123,0,6F7B00,NULL,NULL,NULL
3555,NULL,FOCOLTONE 3486,NULL,68,109,5,446D05,NULL,NULL,NULL
3556,NULL,FOCOLTONE 3492,NULL,34,102,16,226610,NULL,NULL,NULL
3557,NULL,FOCOLTONE 3498,NULL,9,100,19,096413,NULL,NULL,NULL
3558,NULL,FOCOLTONE 3504,NULL,0,98,22,006216,NULL,NULL,NULL
3559,NULL,FOCOLTONE 1162,NULL,144,148,0,909400,NULL,NULL,NULL
3560,NULL,FOCOLTONE 1168,NULL,125,136,3,7D8803,NULL,NULL,NULL
3561,NULL,FOCOLTONE 2335,NULL,73,106,21,496A15,NULL,NULL,NULL
3562,NULL,FOCOLTONE 3496,NULL,41,74,19,294A13,NULL,NULL,NULL
3563,NULL,FOCOLTONE 3502,NULL,42,52,18,2A3412,NULL,NULL,NULL
3564,NULL,FOCOLTONE 2313,NULL,155,158,0,9B9E00,NULL,NULL,NULL
3565,NULL,FOCOLTONE 2319,NULL,119,144,0,779000,NULL,NULL,NULL
3566,NULL,FOCOLTONE 2325,NULL,99,137,2,638902,NULL,NULL,NULL
3567,NULL,FOCOLTONE 2331,NULL,77,131,15,4D830F,NULL,NULL,NULL
3568,NULL,FOCOLTONE 2337,NULL,65,128,20,418014,NULL,NULL,NULL
3569,NULL,FOCOLTONE 1022,NULL,207,206,188,CFCEBC,NULL,NULL,NULL
3570,NULL,FOCOLTONE 1036,NULL,208,205,180,D0CDB4,NULL,NULL,NULL
3571,NULL,FOCOLTONE 1050,NULL,208,204,163,D0CCA3,NULL,NULL,NULL
3572,NULL,FOCOLTONE 1064,NULL,209,202,144,D1CA90,NULL,NULL,NULL
3573,NULL,FOCOLTONE 1008,NULL,210,200,123,D2C87B,NULL,NULL,NULL
3574,NULL,FOCOLTONE 2210,NULL,186,183,154,BAB79A,NULL,NULL,NULL
3575,NULL,FOCOLTONE 2224,NULL,187,179,120,BBB378,NULL,NULL,NULL
3576,NULL,FOCOLTONE 2238,NULL,188,177,101,BCB165,NULL,NULL,NULL
3577,NULL,FOCOLTONE 2182,NULL,188,176,81,BCB051,NULL,NULL,NULL
3578,NULL,FOCOLTONE 2196,NULL,189,175,71,BDAF47,NULL,NULL,NULL
3579,NULL,FOCOLTONE 3405,NULL,153,147,113,999371,NULL,NULL,NULL
3580,NULL,FOCOLTONE 3349,NULL,154,143,74,9A8F4A,NULL,NULL,NULL
3581,NULL,FOCOLTONE 3363,NULL,154,142,48,9A8E30,NULL,NULL,NULL
3582,NULL,FOCOLTONE 3377,NULL,155,141,37,9B8D25,NULL,NULL,NULL
3583,NULL,FOCOLTONE 3391,NULL,155,141,24,9B8D18,NULL,NULL,NULL
3584,NULL,FOCOLTONE 1075,NULL,0,152,54,009836,NULL,NULL,NULL
3585,NULL,FOCOLTONE 1081,NULL,0,124,43,007C2B,NULL,NULL,NULL
3586,NULL,FOCOLTONE 2248,NULL,0,111,37,006F25,NULL,NULL,NULL
3587,NULL,FOCOLTONE 3415,NULL,0,90,28,005A1C,NULL,NULL,NULL
3588,NULL,FOCOLTONE 2255,NULL,0,156,121,009C79,NULL,NULL,NULL
3589,NULL,FOCOLTONE 2261,NULL,0,155,112,009B70,NULL,NULL,NULL
3590,NULL,FOCOLTONE 3428,NULL,0,155,104,009B68,NULL,NULL,NULL
3591,NULL,FOCOLTONE 3434,NULL,0,154,96,009A60,NULL,NULL,NULL
3592,NULL,FOCOLTONE 3440,NULL,0,154,87,009A57,NULL,NULL,NULL
3593,NULL,FOCOLTONE 3420,NULL,0,93,77,005D4D,NULL,NULL,NULL
3594,NULL,FOCOLTONE 3426,NULL,0,92,59,005C3B,NULL,NULL,NULL
3595,NULL,FOCOLTONE 3432,NULL,0,92,54,005C36,NULL,NULL,NULL
3596,NULL,FOCOLTONE 3438,NULL,0,91,48,005B30,NULL,NULL,NULL
3597,NULL,FOCOLTONE 3436,NULL,0,69,40,004528,NULL,NULL,NULL
3598,NULL,FOCOLTONE 2271,NULL,0,117,116,007574,NULL,NULL,NULL
3599,NULL,FOCOLTONE 2277,NULL,0,115,102,007366,NULL,NULL,NULL
3600,NULL,FOCOLTONE 2253,NULL,0,114,88,007258,NULL,NULL,NULL
3601,NULL,FOCOLTONE 2259,NULL,0,114,82,007252,NULL,NULL,NULL
3602,NULL,FOCOLTONE 3437,NULL,0,118,76,00764C,NULL,NULL,NULL
3603,NULL,FOCOLTONE 3374,NULL,72,174,90,48AE5A,NULL,NULL,NULL
3604,NULL,FOCOLTONE 3388,NULL,47,169,81,2FA951,NULL,NULL,NULL
3605,NULL,FOCOLTONE 2235,NULL,82,181,138,52B58A,NULL,NULL,NULL
3606,NULL,FOCOLTONE 3384,NULL,77,128,71,4D8047,NULL,NULL,NULL
3607,NULL,FOCOLTONE 3371,NULL,29,103,51,1D6733,NULL,NULL,NULL
3608,NULL,FOCOLTONE 3385,NULL,2,101,45,02652D,NULL,NULL,NULL
3609,NULL,FOCOLTONE 3383,NULL,40,75,38,284B26,NULL,NULL,NULL
3610,NULL,FOCOLTONE 2231,NULL,96,150,124,60967C,NULL,NULL,NULL
3611,NULL,FOCOLTONE 2232,NULL,54,133,102,368566,NULL,NULL,NULL
3612,NULL,FOCOLTONE 2230,NULL,67,109,91,436D5B,NULL,NULL,NULL
3613,NULL,FOCOLTONE 2251,NULL,0,77,70,004D46,NULL,NULL,NULL
3614,NULL,FOCOLTONE 2257,NULL,0,68,60,00443C,NULL,NULL,NULL
3615,NULL,FOCOLTONE 1019,NULL,214,235,225,D6EBE1,NULL,NULL,NULL
3616,NULL,FOCOLTONE 1033,NULL,190,225,213,BEE1D5,NULL,NULL,NULL
3617,NULL,FOCOLTONE 1047,NULL,166,213,192,A6D5C0,NULL,NULL,NULL
3618,NULL,FOCOLTONE 1061,NULL,140,201,170,8CC9AA,NULL,NULL,NULL
3619,NULL,FOCOLTONE 2221,NULL,96,187,159,60BB9F,NULL,NULL,NULL
3620,NULL,FOCOLTONE 1016,NULL,174,193,186,AEC1BA,NULL,NULL,NULL
3621,NULL,FOCOLTONE 1030,NULL,156,184,176,9CB8B0,NULL,NULL,NULL
3622,NULL,FOCOLTONE 1044,NULL,136,174,159,88AE9F,NULL,NULL,NULL
3623,NULL,FOCOLTONE 1058,NULL,115,165,140,73A58C,NULL,NULL,NULL
3624,NULL,FOCOLTONE 2218,NULL,66,137,118,428976,NULL,NULL,NULL
3625,NULL,FOCOLTONE 1043,NULL,167,191,180,A7BFB4,NULL,NULL,NULL
3626,NULL,FOCOLTONE 1057,NULL,144,173,156,90AD9C,NULL,NULL,NULL
3627,NULL,FOCOLTONE 1042,NULL,137,156,149,899C95,NULL,NULL,NULL
3628,NULL,FOCOLTONE 1056,NULL,118,142,129,768E81,NULL,NULL,NULL
3629,NULL,FOCOLTONE 2207,NULL,121,199,199,79C7C7,NULL,NULL,NULL
3630,NULL,FOCOLTONE 3402,NULL,0,173,177,00ADB1,NULL,NULL,NULL
3631,NULL,FOCOLTONE 2204,NULL,87,146,148,579294,NULL,NULL,NULL
3632,NULL,FOCOLTONE 3399,NULL,0,103,108,00676C,NULL,NULL,NULL
3633,NULL,FOCOLTONE 1085,NULL,0,126,130,007E82,NULL,NULL,NULL
3634,NULL,FOCOLTONE 2258,NULL,0,95,86,005F56,NULL,NULL,NULL
3635,NULL,FOCOLTONE 1112,NULL,0,160,167,00A0A7,NULL,NULL,NULL
3636,NULL,FOCOLTONE 2273,NULL,0,159,158,009F9E,NULL,NULL,NULL
3637,NULL,FOCOLTONE 1088,NULL,0,158,148,009E94,NULL,NULL,NULL
3638,NULL,FOCOLTONE 2279,NULL,0,157,139,009D8B,NULL,NULL,NULL
3639,NULL,FOCOLTONE 3422,NULL,0,157,130,009D82,NULL,NULL,NULL
3640,NULL,FOCOLTONE 1110,NULL,0,131,137,008389,NULL,NULL,NULL
3641,NULL,FOCOLTONE 1086,NULL,0,130,122,00827A,NULL,NULL,NULL
3642,NULL,FOCOLTONE 2276,NULL,0,131,125,00837D,NULL,NULL,NULL
3643,NULL,FOCOLTONE 2252,NULL,0,107,98,006B62,NULL,NULL,NULL
3644,NULL,FOCOLTONE 2275,NULL,0,96,92,00605C,NULL,NULL,NULL
3645,NULL,FOCOLTONE 1103,NULL,0,146,174,0092AE,NULL,NULL,NULL
3646,NULL,FOCOLTONE 1109,NULL,0,139,153,008B99,NULL,NULL,NULL
3647,NULL,FOCOLTONE 1102,NULL,0,119,143,00778F,NULL,NULL,NULL
3648,NULL,FOCOLTONE 1108,NULL,0,114,127,00727F,NULL,NULL,NULL
3649,NULL,FOCOLTONE 1084,NULL,0,103,107,00676B,NULL,NULL,NULL
3650,NULL,FOCOLTONE 1092,NULL,0,134,173,0086AD,NULL,NULL,NULL
3651,NULL,FOCOLTONE 1098,NULL,0,133,167,0085A7,NULL,NULL,NULL
3652,NULL,FOCOLTONE 1104,NULL,0,132,152,008498,NULL,NULL,NULL
3653,NULL,FOCOLTONE 2265,NULL,0,119,143,00778F,NULL,NULL,NULL
3654,NULL,FOCOLTONE 3444,NULL,0,95,107,005F6B,NULL,NULL,NULL
3655,NULL,FOCOLTONE 1094,NULL,0,164,211,00A4D3,NULL,NULL,NULL
3656,NULL,FOCOLTONE 1100,NULL,0,163,202,00A3CA,NULL,NULL,NULL
3657,NULL,FOCOLTONE 2267,NULL,0,163,194,00A3C2,NULL,NULL,NULL
3658,NULL,FOCOLTONE 1106,NULL,0,162,185,00A2B9,NULL,NULL,NULL
3659,NULL,FOCOLTONE 3446,NULL,0,161,176,00A1B0,NULL,NULL,NULL
3660,NULL,FOCOLTONE 1011,NULL,224,243,252,E0F3FC,NULL,NULL,NULL
3661,NULL,FOCOLTONE 1025,NULL,212,238,251,D4EEFB,NULL,NULL,NULL
3662,NULL,FOCOLTONE 2185,NULL,200,233,250,C8E9FA,NULL,NULL,NULL
3663,NULL,FOCOLTONE 1039,NULL,187,228,249,BBE4F9,NULL,NULL,NULL
3664,NULL,FOCOLTONE 3352,NULL,173,223,248,ADDFF8,NULL,NULL,NULL
3665,NULL,FOCOLTONE 1053,NULL,159,218,247,9FDAF7,NULL,NULL,NULL
3666,NULL,FOCOLTONE 2199,NULL,144,213,245,90D5F5,NULL,NULL,NULL
3667,NULL,FOCOLTONE 1067,NULL,129,208,244,81D0F4,NULL,NULL,NULL
3668,NULL,FOCOLTONE 2213,NULL,112,203,243,70CBF3,NULL,NULL,NULL
3669,NULL,FOCOLTONE 3366,NULL,94,198,242,5EC6F2,NULL,NULL,NULL
3670,NULL,FOCOLTONE 2227,NULL,74,194,241,4AC2F1,NULL,NULL,NULL
3671,NULL,FOCOLTONE 2241,NULL,46,190,240,2EBEF0,NULL,NULL,NULL
3672,NULL,FOCOLTONE 3380,NULL,0,186,239,00BAEF,NULL,NULL,NULL
3673,NULL,FOCOLTONE 3394,NULL,0,182,238,00B6EE,NULL,NULL,NULL
3674,NULL,FOCOLTONE 3408,NULL,0,178,237,00B2ED,NULL,NULL,NULL
3675,NULL,FOCOLTONE 3351,NULL,104,133,151,688597,NULL,NULL,NULL
3676,NULL,FOCOLTONE 3365,NULL,50,118,147,327693,NULL,NULL,NULL
3677,NULL,FOCOLTONE 3379,NULL,0,111,145,006F91,NULL,NULL,NULL
3678,NULL,FOCOLTONE 3393,NULL,0,108,145,006C91,NULL,NULL,NULL
3679,NULL,FOCOLTONE 3407,NULL,0,106,144,006A90,NULL,NULL,NULL
3680,NULL,FOCOLTONE 2184,NULL,146,170,186,92AABA,NULL,NULL,NULL
3681,NULL,FOCOLTONE 2198,NULL,106,156,182,6A9CB6,NULL,NULL,NULL
3682,NULL,FOCOLTONE 2212,NULL,82,148,180,5294B4,NULL,NULL,NULL
3683,NULL,FOCOLTONE 2226,NULL,51,142,178,338EB2,NULL,NULL,NULL
3684,NULL,FOCOLTONE 2240,NULL,27,139,177,1B8BB1,NULL,NULL,NULL
3685,NULL,FOCOLTONE 1010,NULL,182,198,208,B6C6D0,NULL,NULL,NULL
3686,NULL,FOCOLTONE 1024,NULL,173,194,207,ADC2CF,NULL,NULL,NULL
3687,NULL,FOCOLTONE 1038,NULL,153,186,205,99BACD,NULL,NULL,NULL
3688,NULL,FOCOLTONE 1052,NULL,131,178,203,83B2CB,NULL,NULL,NULL
3689,NULL,FOCOLTONE 1066,NULL,106,170,201,6AAAC9,NULL,NULL,NULL
3690,NULL,FOCOLTONE 1049,NULL,162,195,231,A2C3E7,NULL,NULL,NULL
3691,NULL,FOCOLTONE 1063,NULL,136,178,223,88B2DF,NULL,NULL,NULL
3692,NULL,FOCOLTONE 2237,NULL,80,156,213,509CD5,NULL,NULL,NULL
3693,NULL,FOCOLTONE 3390,NULL,52,135,200,3487C8,NULL,NULL,NULL
3694,NULL,FOCOLTONE 3404,NULL,64,95,170,405FAA,NULL,NULL,NULL
3695,NULL,FOCOLTONE 1046,NULL,133,159,190,859FBE,NULL,NULL,NULL
3696,NULL,FOCOLTONE 1060,NULL,112,145,184,7091B8,NULL,NULL,NULL
3697,NULL,FOCOLTONE 2234,NULL,55,114,158,37729E,NULL,NULL,NULL
3698,NULL,FOCOLTONE 3387,NULL,20,79,123,144F7B,NULL,NULL,NULL
3699,NULL,FOCOLTONE 3398,NULL,69,95,129,455F81,NULL,NULL,NULL
3700,NULL,FOCOLTONE 1070,NULL,0,166,235,00A6EB,NULL,NULL,NULL
3701,NULL,FOCOLTONE 1077,NULL,0,135,192,0087C0,NULL,NULL,NULL
3702,NULL,FOCOLTONE 2244,NULL,0,120,173,0078AD,NULL,NULL,NULL
3703,NULL,FOCOLTONE 3411,NULL,0,98,142,00628E,NULL,NULL,NULL
3704,NULL,FOCOLTONE 1107,NULL,0,149,220,0095DC,NULL,NULL,NULL
3705,NULL,FOCOLTONE 1113,NULL,0,143,215,008FD7,NULL,NULL,NULL
3706,NULL,FOCOLTONE 2280,NULL,0,137,209,0089D1,NULL,NULL,NULL
3707,NULL,FOCOLTONE 1089,NULL,0,131,204,0083CC,NULL,NULL,NULL
3708,NULL,FOCOLTONE 3441,NULL,0,125,198,007DC6,NULL,NULL,NULL
3709,NULL,FOCOLTONE 1091,NULL,0,117,173,0075AD,NULL,NULL,NULL
3710,NULL,FOCOLTONE 1097,NULL,0,104,156,00689C,NULL,NULL,NULL
3711,NULL,FOCOLTONE 1090,NULL,0,95,143,005F8F,NULL,NULL,NULL
3712,NULL,FOCOLTONE 1096,NULL,0,84,130,005482,NULL,NULL,NULL
3713,NULL,FOCOLTONE 3443,NULL,0,90,129,005A81,NULL,NULL,NULL
3714,NULL,FOCOLTONE 1105,NULL,0,121,181,0079B5,NULL,NULL,NULL
3715,NULL,FOCOLTONE 1111,NULL,0,116,176,0074B0,NULL,NULL,NULL
3716,NULL,FOCOLTONE 1087,NULL,0,106,168,006AA8,NULL,NULL,NULL
3717,NULL,FOCOLTONE 1093,NULL,0,95,159,005F9F,NULL,NULL,NULL
3718,NULL,FOCOLTONE 1099,NULL,0,84,149,005495,NULL,NULL,NULL
3719,NULL,FOCOLTONE 1095,NULL,0,118,192,0076C0,NULL,NULL,NULL
3720,NULL,FOCOLTONE 2256,NULL,0,111,187,006FBB,NULL,NULL,NULL
3721,NULL,FOCOLTONE 1101,NULL,0,104,181,0068B5,NULL,NULL,NULL
3722,NULL,FOCOLTONE 2262,NULL,0,97,175,0061AF,NULL,NULL,NULL
3723,NULL,FOCOLTONE 3447,NULL,0,90,169,005AA9,NULL,NULL,NULL
3724,NULL,FOCOLTONE 2268,NULL,0,84,164,0054A4,NULL,NULL,NULL
3725,NULL,FOCOLTONE 2274,NULL,0,77,159,004D9F,NULL,NULL,NULL
3726,NULL,FOCOLTONE 3423,NULL,0,70,155,00469B,NULL,NULL,NULL
3727,NULL,FOCOLTONE 3429,NULL,14,64,150,0E4096,NULL,NULL,NULL
3728,NULL,FOCOLTONE 3435,NULL,27,56,146,1B3892,NULL,NULL,NULL
3729,NULL,FOCOLTONE 2278,NULL,0,99,155,00639B,NULL,NULL,NULL
3730,NULL,FOCOLTONE 2254,NULL,0,79,138,004F8A,NULL,NULL,NULL
3731,NULL,FOCOLTONE 2260,NULL,0,68,130,004482,NULL,NULL,NULL
3732,NULL,FOCOLTONE 2266,NULL,0,58,122,003A7A,NULL,NULL,NULL
3733,NULL,FOCOLTONE 2272,NULL,0,53,119,003577,NULL,NULL,NULL
3734,NULL,FOCOLTONE 3439,NULL,0,71,121,004779,NULL,NULL,NULL
3735,NULL,FOCOLTONE 3445,NULL,0,48,104,003068,NULL,NULL,NULL
3736,NULL,FOCOLTONE 3421,NULL,0,34,95,00225F,NULL,NULL,NULL
3737,NULL,FOCOLTONE 3427,NULL,3,29,92,031D5C,NULL,NULL,NULL
3738,NULL,FOCOLTONE 3433,NULL,12,23,89,0C1759,NULL,NULL,NULL
3739,NULL,FOCOLTONE 2264,NULL,0,84,137,005489,NULL,NULL,NULL
3740,NULL,FOCOLTONE 2270,NULL,0,78,109,004E6D,NULL,NULL,NULL
3741,NULL,FOCOLTONE 2263,NULL,0,59,102,003B66,NULL,NULL,NULL
3742,NULL,FOCOLTONE 3442,NULL,0,50,76,00324C,NULL,NULL,NULL
3743,NULL,FOCOLTONE 2269,NULL,0,55,79,00374F,NULL,NULL,NULL
3744,NULL,FOCOLTONE 3419,NULL,17,72,87,114857,NULL,NULL,NULL
3745,NULL,FOCOLTONE 3425,NULL,29,67,68,1D4344,NULL,NULL,NULL
3746,NULL,FOCOLTONE 3431,NULL,36,61,60,243D3C,NULL,NULL,NULL
3747,NULL,FOCOLTONE 3418,NULL,5,39,48,052730,NULL,NULL,NULL
3748,NULL,FOCOLTONE 3424,NULL,12,36,35,0C2423,NULL,NULL,NULL
3749,NULL,FOCOLTONE 3401,NULL,35,52,104,233468,NULL,NULL,NULL
3750,NULL,FOCOLTONE 3397,NULL,39,52,76,27344C,NULL,NULL,NULL
3751,NULL,FOCOLTONE 3430,NULL,17,32,31,11201F,NULL,NULL,NULL
3752,NULL,FOCOLTONE 1071,NULL,229,0,131,E50083,NULL,NULL,NULL
3753,NULL,FOCOLTONE 1078,NULL,188,0,108,BC006C,NULL,NULL,NULL
3754,NULL,FOCOLTONE 2245,NULL,168,0,97,A80061,NULL,NULL,NULL
3755,NULL,FOCOLTONE 3412,NULL,139,0,78,8B004E,NULL,NULL,NULL
3756,NULL,FOCOLTONE 1054,NULL,250,228,238,FAE4EE,NULL,NULL,NULL
3757,NULL,FOCOLTONE 1068,NULL,248,218,232,F8DAE8,NULL,NULL,NULL
3758,NULL,FOCOLTONE 2242,NULL,246,208,226,F6D0E2,NULL,NULL,NULL
3759,NULL,FOCOLTONE 1012,NULL,244,198,220,F4C6DC,NULL,NULL,NULL
3760,NULL,FOCOLTONE 3395,NULL,243,187,213,F3BBD5,NULL,NULL,NULL
3761,NULL,FOCOLTONE 1026,NULL,241,176,206,F1B0CE,NULL,NULL,NULL
3762,NULL,FOCOLTONE 2186,NULL,240,165,199,F0A5C7,NULL,NULL,NULL
3763,NULL,FOCOLTONE 1040,NULL,238,153,192,EE99C0,NULL,NULL,NULL
3764,NULL,FOCOLTONE 2200,NULL,237,142,184,ED8EB8,NULL,NULL,NULL
3765,NULL,FOCOLTONE 3409,NULL,236,130,177,EC82B1,NULL,NULL,NULL
3766,NULL,FOCOLTONE 2214,NULL,234,118,171,EA76AB,NULL,NULL,NULL
3767,NULL,FOCOLTONE 2228,NULL,234,107,165,EA6BA5,NULL,NULL,NULL
3768,NULL,FOCOLTONE 3353,NULL,232,95,159,E85F9F,NULL,NULL,NULL
3769,NULL,FOCOLTONE 3367,NULL,232,82,154,E8529A,NULL,NULL,NULL
3770,NULL,FOCOLTONE 3381,NULL,231,67,148,E74394,NULL,NULL,NULL
3771,NULL,FOCOLTONE 1124,NULL,229,0,118,E50076,NULL,NULL,NULL
3772,NULL,FOCOLTONE 1130,NULL,229,0,113,E50071,NULL,NULL,NULL
3773,NULL,FOCOLTONE 2297,NULL,229,0,108,E5006C,NULL,NULL,NULL
3774,NULL,FOCOLTONE 1136,NULL,229,0,103,E50067,NULL,NULL,NULL
3775,NULL,FOCOLTONE 3476,NULL,229,0,97,E50061,NULL,NULL,NULL
3776,NULL,FOCOLTONE 1115,NULL,209,0,80,D10050,NULL,NULL,NULL
3777,NULL,FOCOLTONE 2282,NULL,193,7,63,C1073F,NULL,NULL,NULL
3778,NULL,FOCOLTONE 3449,NULL,176,16,70,B01046,NULL,NULL,NULL
3779,NULL,FOCOLTONE 1114,NULL,172,0,65,AC0041,NULL,NULL,NULL
3780,NULL,FOCOLTONE 2288,NULL,158,25,59,9E193B,NULL,NULL,NULL
3781,NULL,FOCOLTONE 2295,NULL,169,0,79,A9004F,NULL,NULL,NULL
3782,NULL,FOCOLTONE 2301,NULL,169,0,61,A9003D,NULL,NULL,NULL
3783,NULL,FOCOLTONE 2307,NULL,169,0,51,A90033,NULL,NULL,NULL
3784,NULL,FOCOLTONE 2283,NULL,169,0,41,A90029,NULL,NULL,NULL
3785,NULL,FOCOLTONE 2289,NULL,169,0,37,A90025,NULL,NULL,NULL
3786,NULL,FOCOLTONE 1122,NULL,188,0,97,BC0061,NULL,NULL,NULL
3787,NULL,FOCOLTONE 1128,NULL,188,0,93,BC005D,NULL,NULL,NULL
3788,NULL,FOCOLTONE 1134,NULL,188,0,84,BC0054,NULL,NULL,NULL
3789,NULL,FOCOLTONE 1140,NULL,188,0,74,BC004A,NULL,NULL,NULL
3790,NULL,FOCOLTONE 1116,NULL,188,0,64,BC0040,NULL,NULL,NULL
3791,NULL,FOCOLTONE 1119,NULL,208,0,131,D00083,NULL,NULL,NULL
3792,NULL,FOCOLTONE 1125,NULL,200,0,132,C80084,NULL,NULL,NULL
3793,NULL,FOCOLTONE 2286,NULL,192,0,132,C00084,NULL,NULL,NULL
3794,NULL,FOCOLTONE 1131,NULL,183,0,132,B70084,NULL,NULL,NULL
3795,NULL,FOCOLTONE 3453,NULL,175,0,132,AF0084,NULL,NULL,NULL
3796,NULL,FOCOLTONE 1137,NULL,166,0,132,A60084,NULL,NULL,NULL
3797,NULL,FOCOLTONE 2292,NULL,157,0,132,9D0084,NULL,NULL,NULL
3798,NULL,FOCOLTONE 1143,NULL,148,0,132,940084,NULL,NULL,NULL
3799,NULL,FOCOLTONE 2298,NULL,139,5,132,8B0584,NULL,NULL,NULL
3800,NULL,FOCOLTONE 3459,NULL,131,10,133,830A85,NULL,NULL,NULL
3801,NULL,FOCOLTONE 1121,NULL,200,0,118,C80076,NULL,NULL,NULL
3802,NULL,FOCOLTONE 1127,NULL,184,0,114,B80072,NULL,NULL,NULL
3803,NULL,FOCOLTONE 1133,NULL,167,9,104,A70968,NULL,NULL,NULL
3804,NULL,FOCOLTONE 1139,NULL,149,22,94,95165E,NULL,NULL,NULL
3805,NULL,FOCOLTONE 2294,NULL,140,20,110,8C146E,NULL,NULL,NULL
3806,NULL,FOCOLTONE 1117,NULL,171,0,108,AB006C,NULL,NULL,NULL
3807,NULL,FOCOLTONE 1123,NULL,164,0,108,A4006C,NULL,NULL,NULL
3808,NULL,FOCOLTONE 1129,NULL,151,0,109,97006D,NULL,NULL,NULL
3809,NULL,FOCOLTONE 1135,NULL,137,0,109,89006D,NULL,NULL,NULL
3810,NULL,FOCOLTONE 1141,NULL,122,0,109,7A006D,NULL,NULL,NULL
3811,NULL,FOCOLTONE 1051,NULL,203,186,197,CBBAC5,NULL,NULL,NULL
3812,NULL,FOCOLTONE 1065,NULL,202,178,192,CAB2C0,NULL,NULL,NULL
3813,NULL,FOCOLTONE 1009,NULL,200,162,181,C8A2B5,NULL,NULL,NULL
3814,NULL,FOCOLTONE 1023,NULL,197,144,170,C590AA,NULL,NULL,NULL
3815,NULL,FOCOLTONE 1037,NULL,195,125,158,C37D9E,NULL,NULL,NULL
3816,NULL,FOCOLTONE 2239,NULL,180,152,168,B498A8,NULL,NULL,NULL
3817,NULL,FOCOLTONE 2183,NULL,177,120,148,B17894,NULL,NULL,NULL
3818,NULL,FOCOLTONE 2197,NULL,175,102,137,AF6689,NULL,NULL,NULL
3819,NULL,FOCOLTONE 2211,NULL,173,84,127,AD547F,NULL,NULL,NULL
3820,NULL,FOCOLTONE 2225,NULL,172,75,123,AC4B7B,NULL,NULL,NULL
3821,NULL,FOCOLTONE 3392,NULL,147,111,130,936F82,NULL,NULL,NULL
3822,NULL,FOCOLTONE 3406,NULL,143,74,109,8F4A6D,NULL,NULL,NULL
3823,NULL,FOCOLTONE 3350,NULL,142,50,97,8E3261,NULL,NULL,NULL
3824,NULL,FOCOLTONE 3364,NULL,141,41,93,8D295D,NULL,NULL,NULL
3825,NULL,FOCOLTONE 3378,NULL,141,29,89,8D1D59,NULL,NULL,NULL
3826,NULL,FOCOLTONE 1120,NULL,165,0,97,A50061,NULL,NULL,NULL
3827,NULL,FOCOLTONE 1126,NULL,151,0,94,97005E,NULL,NULL,NULL
3828,NULL,FOCOLTONE 1132,NULL,137,0,85,890055,NULL,NULL,NULL
3829,NULL,FOCOLTONE 1138,NULL,123,11,76,7B0B4C,NULL,NULL,NULL
3830,NULL,FOCOLTONE 2293,NULL,104,0,80,680050,NULL,NULL,NULL
3831,NULL,FOCOLTONE 2284,NULL,142,0,97,8E0061,NULL,NULL,NULL
3832,NULL,FOCOLTONE 2290,NULL,116,0,98,740062,NULL,NULL,NULL
3833,NULL,FOCOLTONE 2296,NULL,103,0,98,670062,NULL,NULL,NULL
3834,NULL,FOCOLTONE 2302,NULL,91,0,98,5B0062,NULL,NULL,NULL
3835,NULL,FOCOLTONE 2308,NULL,85,0,99,550063,NULL,NULL,NULL
3836,NULL,FOCOLTONE 3451,NULL,107,0,78,6B004E,NULL,NULL,NULL
3837,NULL,FOCOLTONE 3457,NULL,81,0,79,51004F,NULL,NULL,NULL
3838,NULL,FOCOLTONE 3463,NULL,65,0,80,410050,NULL,NULL,NULL
3839,NULL,FOCOLTONE 3469,NULL,60,0,80,3C0050,NULL,NULL,NULL
3840,NULL,FOCOLTONE 3475,NULL,53,0,80,350050,NULL,NULL,NULL
3841,NULL,FOCOLTONE 2304,NULL,122,14,133,7A0E85,NULL,NULL,NULL
3842,NULL,FOCOLTONE 2310,NULL,114,17,133,721185,NULL,NULL,NULL
3843,NULL,FOCOLTONE 3465,NULL,106,20,133,6A1485,NULL,NULL,NULL
3844,NULL,FOCOLTONE 3471,NULL,97,22,133,611685,NULL,NULL,NULL
3845,NULL,FOCOLTONE 3477,NULL,86,24,133,561885,NULL,NULL,NULL
3846,NULL,FOCOLTONE 3345,NULL,107,44,96,6B2C60,NULL,NULL,NULL
3847,NULL,FOCOLTONE 3359,NULL,78,32,92,4E205C,NULL,NULL,NULL
3848,NULL,FOCOLTONE 3373,NULL,62,24,89,3E1859,NULL,NULL,NULL
3849,NULL,FOCOLTONE 3473,NULL,87,34,101,572265,NULL,NULL,NULL
3850,NULL,FOCOLTONE 3472,NULL,54,6,57,360639,NULL,NULL,NULL
3851,NULL,FOCOLTONE 1074,NULL,46,29,134,2E1D86,NULL,NULL,NULL
3852,NULL,FOCOLTONE 1080,NULL,36,17,111,24116F,NULL,NULL,NULL
3853,NULL,FOCOLTONE 2247,NULL,32,9,100,200964,NULL,NULL,NULL
3854,NULL,FOCOLTONE 3414,NULL,27,0,81,1B0051,NULL,NULL,NULL
3855,NULL,FOCOLTONE 2209,NULL,136,97,166,8861A6,NULL,NULL,NULL
3856,NULL,FOCOLTONE 2223,NULL,117,85,161,7555A1,NULL,NULL,NULL
3857,NULL,FOCOLTONE 3376,NULL,102,58,146,663A92,NULL,NULL,NULL
3858,NULL,FOCOLTONE 3362,NULL,129,69,151,814597,NULL,NULL,NULL
3859,NULL,FOCOLTONE 3348,NULL,175,85,157,AF559D,NULL,NULL,NULL
3860,NULL,FOCOLTONE 2192,NULL,114,86,133,725685,NULL,NULL,NULL
3861,NULL,FOCOLTONE 2206,NULL,100,69,124,64457C,NULL,NULL,NULL
3862,NULL,FOCOLTONE 2220,NULL,86,60,120,563C78,NULL,NULL,NULL
3863,NULL,FOCOLTONE 2217,NULL,120,86,108,78566C,NULL,NULL,NULL
3864,NULL,FOCOLTONE 2202,NULL,101,69,102,654566,NULL,NULL,NULL
3865,NULL,FOCOLTONE 2216,NULL,88,60,79,583C4F,NULL,NULL,NULL
3866,NULL,FOCOLTONE 1007,NULL,218,188,217,DABCD9,NULL,NULL,NULL
3867,NULL,FOCOLTONE 1021,NULL,206,165,203,CEA5CB,NULL,NULL,NULL
3868,NULL,FOCOLTONE 2181,NULL,196,151,195,C497C3,NULL,NULL,NULL
3869,NULL,FOCOLTONE 1035,NULL,186,138,188,BA8ABC,NULL,NULL,NULL
3870,NULL,FOCOLTONE 2195,NULL,155,119,179,9B77B3,NULL,NULL,NULL
3871,NULL,FOCOLTONE 1004,NULL,179,154,179,B39AB3,NULL,NULL,NULL
3872,NULL,FOCOLTONE 1018,NULL,170,134,168,AA86A8,NULL,NULL,NULL
3873,NULL,FOCOLTONE 2178,NULL,145,110,145,916E91,NULL,NULL,NULL
3874,NULL,FOCOLTONE 1032,NULL,153,112,155,99709B,NULL,NULL,NULL
3875,NULL,FOCOLTONE 2203,NULL,137,97,137,896189,NULL,NULL,NULL
3876,NULL,FOCOLTONE 1015,NULL,207,163,182,CFA3B6,NULL,NULL,NULL
3877,NULL,FOCOLTONE 1014,NULL,171,134,151,AB8697,NULL,NULL,NULL
3878,NULL,FOCOLTONE 1029,NULL,187,136,161,BB88A1,NULL,NULL,NULL
3879,NULL,FOCOLTONE 1028,NULL,154,112,134,9A7086,NULL,NULL,NULL
3880,NULL,FOCOLTONE 3370,NULL,105,63,57,693F39,NULL,NULL,NULL
3881,NULL,FOCOLTONE 2300,NULL,123,30,90,7B1E5A,NULL,NULL,NULL
3882,NULL,FOCOLTONE 2306,NULL,115,34,78,73224E,NULL,NULL,NULL
3883,NULL,FOCOLTONE 2299,NULL,92,13,63,5C0D3F,NULL,NULL,NULL
3884,NULL,FOCOLTONE 2305,NULL,87,17,54,571136,NULL,NULL,NULL
3885,NULL,FOCOLTONE 3455,NULL,132,32,56,842038,NULL,NULL,NULL
3886,NULL,FOCOLTONE 3461,NULL,107,37,52,6B2534,NULL,NULL,NULL
3887,NULL,FOCOLTONE 3467,NULL,98,38,48,622630,NULL,NULL,NULL
3888,NULL,FOCOLTONE 3466,NULL,60,15,24,3C0F18,NULL,NULL,NULL
3889,NULL,FOCOLTONE 3400,NULL,144,73,78,90494E,NULL,NULL,NULL
3890,NULL,FOCOLTONE 3356,NULL,131,71,63,83473F,NULL,NULL,NULL
3891,NULL,FOCOLTONE 3341,NULL,107,46,45,6B2E2D,NULL,NULL,NULL
3892,NULL,FOCOLTONE 3355,NULL,79,37,33,4F2521,NULL,NULL,NULL
3893,NULL,FOCOLTONE 3369,NULL,64,31,29,401F1D,NULL,NULL,NULL
3894,NULL,FOCOLTONE 2281,NULL,143,0,43,8F002B,NULL,NULL,NULL
3895,NULL,FOCOLTONE 2287,NULL,118,11,40,760B28,NULL,NULL,NULL
3896,NULL,FOCOLTONE 3448,NULL,107,0,36,6B0024,NULL,NULL,NULL
3897,NULL,FOCOLTONE 3454,NULL,81,7,28,51071C,NULL,NULL,NULL
3898,NULL,FOCOLTONE 3460,NULL,66,13,26,420D1A,NULL,NULL,NULL
3899,NULL,FOCOLTONE 3474,NULL,139,0,54,8B0036,NULL,NULL,NULL
3900,NULL,FOCOLTONE 3450,NULL,139,0,35,8B0023,NULL,NULL,NULL
3901,NULL,FOCOLTONE 3456,NULL,139,0,24,8B0018,NULL,NULL,NULL
3902,NULL,FOCOLTONE 3462,NULL,139,0,20,8B0014,NULL,NULL,NULL
3903,NULL,FOCOLTONE 3468,NULL,139,0,16,8B0010,NULL,NULL,NULL
3904,NULL,FOCOLTONE 3344,NULL,142,51,43,8E332B,NULL,NULL,NULL
3905,NULL,FOCOLTONE 3358,NULL,141,44,27,8D2C1B,NULL,NULL,NULL
3906,NULL,FOCOLTONE 3372,NULL,140,36,22,8C2416,NULL,NULL,NULL
3907,NULL,FOCOLTONE 3499,NULL,148,103,0,946700,NULL,NULL,NULL
3908,NULL,FOCOLTONE 3505,NULL,143,71,0,8F4700,NULL,NULL,NULL
3909,NULL,FOCOLTONE 3481,NULL,141,51,0,8D3300,NULL,NULL,NULL
3910,NULL,FOCOLTONE 3487,NULL,141,44,0,8D2C00,NULL,NULL,NULL
3911,NULL,FOCOLTONE 3493,NULL,140,36,0,8C2400,NULL,NULL,NULL
3912,NULL,FOCOLTONE 3479,NULL,179,83,15,B3530F,NULL,NULL,NULL
3913,NULL,FOCOLTONE 3485,NULL,132,71,28,84471C,NULL,NULL,NULL
3914,NULL,FOCOLTONE 3491,NULL,105,63,32,693F20,NULL,NULL,NULL
3915,NULL,FOCOLTONE 3478,NULL,107,46,4,6B2E04,NULL,NULL,NULL
3916,NULL,FOCOLTONE 2324,NULL,141,94,26,8D5E1A,NULL,NULL,NULL
3917,NULL,FOCOLTONE 2330,NULL,122,84,30,7A541E,NULL,NULL,NULL
3918,NULL,FOCOLTONE 3484,NULL,79,37,12,4F250C,NULL,NULL,NULL
3919,NULL,FOCOLTONE 3490,NULL,63,32,14,3F200E,NULL,NULL,NULL
3920,NULL,FOCOLTONE 2233,NULL,182,145,90,B6915A,NULL,NULL,NULL
3921,NULL,FOCOLTONE 1000,NULL,182,148,108,B6946C,NULL,NULL,NULL
3922,NULL,FOCOLTONE 3386,NULL,148,104,21,946815,NULL,NULL,NULL
3923,NULL,FOCOLTONE 2323,NULL,103,67,16,674310,NULL,NULL,NULL
3924,NULL,FOCOLTONE 2329,NULL,90,60,19,5A3C13,NULL,NULL,NULL
3925,NULL,FOCOLTONE 1045,NULL,205,182,152,CDB698,NULL,NULL,NULL
3926,NULL,FOCOLTONE 1059,NULL,204,173,132,CCAD84,NULL,NULL,NULL
3927,NULL,FOCOLTONE 1003,NULL,202,155,107,CA9B6B,NULL,NULL,NULL
3928,NULL,FOCOLTONE 2177,NULL,178,114,64,B27240,NULL,NULL,NULL
3929,NULL,FOCOLTONE 2191,NULL,176,98,52,B06234,NULL,NULL,NULL
3930,NULL,FOCOLTONE 1001,NULL,221,181,129,DDB581,NULL,NULL,NULL
3931,NULL,FOCOLTONE 2175,NULL,200,144,91,C8905B,NULL,NULL,NULL
3932,NULL,FOCOLTONE 2189,NULL,160,115,79,A0734F,NULL,NULL,NULL
3933,NULL,FOCOLTONE 2174,NULL,147,105,66,936942,NULL,NULL,NULL
3934,NULL,FOCOLTONE 2188,NULL,118,83,56,765338,NULL,NULL,NULL
3935,NULL,FOCOLTONE 1165,NULL,208,172,0,D0AC00,NULL,NULL,NULL
3936,NULL,FOCOLTONE 1171,NULL,206,165,0,CEA500,NULL,NULL,NULL
3937,NULL,FOCOLTONE 1147,NULL,204,150,0,CC9600,NULL,NULL,NULL
3938,NULL,FOCOLTONE 1153,NULL,201,134,0,C98600,NULL,NULL,NULL
3939,NULL,FOCOLTONE 1159,NULL,198,117,0,C67500,NULL,NULL,NULL
3940,NULL,FOCOLTONE 1145,NULL,225,175,0,E1AF00,NULL,NULL,NULL
3941,NULL,FOCOLTONE 1151,NULL,212,154,0,D49A00,NULL,NULL,NULL
3942,NULL,FOCOLTONE 2312,NULL,202,142,0,CA8E00,NULL,NULL,NULL
3943,NULL,FOCOLTONE 1157,NULL,192,130,0,C08200,NULL,NULL,NULL
3944,NULL,FOCOLTONE 2318,NULL,162,114,16,A27210,NULL,NULL,NULL
3945,NULL,FOCOLTONE 2338,NULL,184,141,0,B88D00,NULL,NULL,NULL
3946,NULL,FOCOLTONE 2314,NULL,179,112,0,B37000,NULL,NULL,NULL
3947,NULL,FOCOLTONE 2320,NULL,176,96,0,B06000,NULL,NULL,NULL
3948,NULL,FOCOLTONE 2326,NULL,174,80,0,AE5000,NULL,NULL,NULL
3949,NULL,FOCOLTONE 2332,NULL,173,73,0,AD4900,NULL,NULL,NULL
3950,NULL,FOCOLTONE 1144,NULL,184,143,0,B88F00,NULL,NULL,NULL
3951,NULL,FOCOLTONE 1150,NULL,174,126,0,AE7E00,NULL,NULL,NULL
3952,NULL,FOCOLTONE 1156,NULL,157,106,0,9D6A00,NULL,NULL,NULL
3953,NULL,FOCOLTONE 2311,NULL,148,103,0,946700,NULL,NULL,NULL
3954,NULL,FOCOLTONE 2317,NULL,118,82,8,765208,NULL,NULL,NULL
3955,NULL,FOCOLTONE 4061,NULL,247,247,248,F7F7F8,NULL,NULL,NULL
3956,NULL,FOCOLTONE 4062,NULL,237,238,239,EDEEEF,NULL,NULL,NULL
3957,NULL,FOCOLTONE 4063,NULL,227,229,230,E3E5E6,NULL,NULL,NULL
3958,NULL,FOCOLTONE 4064,NULL,216,218,220,D8DADC,NULL,NULL,NULL
3959,NULL,FOCOLTONE 1083,NULL,206,208,210,CED0D2,NULL,NULL,NULL
3960,NULL,FOCOLTONE 5055,NULL,195,197,200,C3C5C8,NULL,NULL,NULL
3961,NULL,FOCOLTONE 2250,NULL,184,186,189,B8BABD,NULL,NULL,NULL
3962,NULL,FOCOLTONE 5056,NULL,174,175,178,AEAFB2,NULL,NULL,NULL
3963,NULL,FOCOLTONE 5057,NULL,163,163,167,A3A3A7,NULL,NULL,NULL
3964,NULL,FOCOLTONE 3417,NULL,152,152,156,98989C,NULL,NULL,NULL
3965,NULL,FOCOLTONE 6055,NULL,141,140,144,8D8C90,NULL,NULL,NULL
3966,NULL,FOCOLTONE 6056,NULL,129,128,132,818084,NULL,NULL,NULL
3967,NULL,FOCOLTONE 6057,NULL,116,115,120,747378,NULL,NULL,NULL
3968,NULL,FOCOLTONE 6058,NULL,104,103,108,68676C,NULL,NULL,NULL
3969,NULL,FOCOLTONE 6059,NULL,92,91,96,5C5B60,NULL,NULL,NULL
3970,NULL,FOCOLTONE 4000,NULL,237,235,234,EDEBEA,NULL,NULL,NULL
3971,NULL,FOCOLTONE 4014,NULL,218,214,212,DAD6D4,NULL,NULL,NULL
3972,NULL,FOCOLTONE 4028,NULL,199,193,191,C7C1BF,NULL,NULL,NULL
3973,NULL,FOCOLTONE 4039,NULL,182,173,170,B6ADAA,NULL,NULL,NULL
3974,NULL,FOCOLTONE 4050,NULL,165,154,150,A59A96,NULL,NULL,NULL
3975,NULL,FOCOLTONE 5000,NULL,148,135,132,948784,NULL,NULL,NULL
3976,NULL,FOCOLTONE 5011,NULL,132,117,114,847572,NULL,NULL,NULL
3977,NULL,FOCOLTONE 5022,NULL,116,100,98,746462,NULL,NULL,NULL
3978,NULL,FOCOLTONE 5033,NULL,101,85,82,655552,NULL,NULL,NULL
3979,NULL,FOCOLTONE 5044,NULL,87,70,67,574643,NULL,NULL,NULL
3980,NULL,FOCOLTONE 6000,NULL,75,57,53,4B3935,NULL,NULL,NULL
3981,NULL,FOCOLTONE 6011,NULL,64,45,41,402D29,NULL,NULL,NULL
3982,NULL,FOCOLTONE 6022,NULL,53,35,31,35231F,NULL,NULL,NULL
3983,NULL,FOCOLTONE 6033,NULL,43,26,23,2B1A17,NULL,NULL,NULL
3984,NULL,FOCOLTONE 6044,NULL,34,18,16,221210,NULL,NULL,NULL
3985,NULL,FOCOLTONE 4001,NULL,245,242,241,F5F2F1,NULL,NULL,NULL
3986,NULL,FOCOLTONE 4015,NULL,233,228,226,E9E4E2,NULL,NULL,NULL
3987,NULL,FOCOLTONE 4029,NULL,222,215,211,DED7D3,NULL,NULL,NULL
3988,NULL,FOCOLTONE 4040,NULL,211,201,196,D3C9C4,NULL,NULL,NULL
3989,NULL,FOCOLTONE 4051,NULL,200,187,181,C8BBB5,NULL,NULL,NULL
3990,NULL,FOCOLTONE 5001,NULL,189,174,167,BDAEA7,NULL,NULL,NULL
3991,NULL,FOCOLTONE 5012,NULL,179,161,153,B3A199,NULL,NULL,NULL
3992,NULL,FOCOLTONE 5023,NULL,169,148,140,A9948C,NULL,NULL,NULL
3993,NULL,FOCOLTONE 5034,NULL,158,135,127,9E877F,NULL,NULL,NULL
3994,NULL,FOCOLTONE 5045,NULL,148,123,115,947B73,NULL,NULL,NULL
3995,NULL,FOCOLTONE 6001,NULL,138,112,103,8A7067,NULL,NULL,NULL
3996,NULL,FOCOLTONE 6012,NULL,129,102,93,81665D,NULL,NULL,NULL
3997,NULL,FOCOLTONE 6023,NULL,120,92,83,785C53,NULL,NULL,NULL
3998,NULL,FOCOLTONE 6034,NULL,112,84,75,70544B,NULL,NULL,NULL
3999,NULL,FOCOLTONE 6045,NULL,103,76,67,674C43,NULL,NULL,NULL
4000,NULL,FOCOLTONE 7005,NULL,223,0,5,DF0005,NULL,NULL,NULL
4001,NULL,FOCOLTONE 7011,NULL,215,0,5,D70005,NULL,NULL,NULL
4002,NULL,FOCOLTONE 7017,NULL,206,0,6,CE0006,NULL,NULL,NULL
4003,NULL,FOCOLTONE 7023,NULL,197,0,6,C50006,NULL,NULL,NULL
4004,NULL,FOCOLTONE 1082,NULL,188,0,6,BC0006,NULL,NULL,NULL
4005,NULL,FOCOLTONE 7029,NULL,178,0,5,B20005,NULL,NULL,NULL
4006,NULL,FOCOLTONE 2249,NULL,169,0,5,A90005,NULL,NULL,NULL
4007,NULL,FOCOLTONE 7035,NULL,159,0,4,9F0004,NULL,NULL,NULL
4008,NULL,FOCOLTONE 7041,NULL,149,0,3,950003,NULL,NULL,NULL
4009,NULL,FOCOLTONE 3416,NULL,139,0,2,8B0002,NULL,NULL,NULL
4010,NULL,FOCOLTONE 7047,NULL,128,0,0,800000,NULL,NULL,NULL
4011,NULL,FOCOLTONE 7053,NULL,118,0,0,760000,NULL,NULL,NULL
4012,NULL,FOCOLTONE 7059,NULL,108,0,0,6C0000,NULL,NULL,NULL
4013,NULL,FOCOLTONE 7065,NULL,98,0,0,620000,NULL,NULL,NULL
4014,NULL,FOCOLTONE 7071,NULL,88,0,0,580000,NULL,NULL,NULL
4015,NULL,FOCOLTONE 4006,NULL,254,246,242,FEF6F2,NULL,NULL,NULL
4016,NULL,FOCOLTONE 4020,NULL,252,236,228,FCECE4,NULL,NULL,NULL
4017,NULL,FOCOLTONE 4034,NULL,250,225,213,FAE1D5,NULL,NULL,NULL
4018,NULL,FOCOLTONE 4045,NULL,249,215,199,F9D7C7,NULL,NULL,NULL
4019,NULL,FOCOLTONE 4056,NULL,247,204,184,F7CCB8,NULL,NULL,NULL
4020,NULL,FOCOLTONE 5006,NULL,246,193,170,F6C1AA,NULL,NULL,NULL
4021,NULL,FOCOLTONE 5017,NULL,244,182,155,F4B69B,NULL,NULL,NULL
4022,NULL,FOCOLTONE 5028,NULL,243,171,141,F3AB8D,NULL,NULL,NULL
4023,NULL,FOCOLTONE 5039,NULL,241,159,127,F19F7F,NULL,NULL,NULL
4024,NULL,FOCOLTONE 5050,NULL,240,147,114,F09372,NULL,NULL,NULL
4025,NULL,FOCOLTONE 6006,NULL,239,136,101,EF8865,NULL,NULL,NULL
4026,NULL,FOCOLTONE 6017,NULL,237,124,89,ED7C59,NULL,NULL,NULL
4027,NULL,FOCOLTONE 6028,NULL,236,113,77,EC714D,NULL,NULL,NULL
4028,NULL,FOCOLTONE 6039,NULL,235,102,67,EB6643,NULL,NULL,NULL
4029,NULL,FOCOLTONE 6050,NULL,234,91,56,EA5B38,NULL,NULL,NULL
4030,NULL,FOCOLTONE 4013,NULL,255,254,247,FFFEF7,NULL,NULL,NULL
4031,NULL,FOCOLTONE 4027,NULL,255,253,238,FFFDEE,NULL,NULL,NULL
4032,NULL,FOCOLTONE 1027,NULL,255,252,228,FFFCE4,NULL,NULL,NULL
4033,NULL,FOCOLTONE 1041,NULL,255,251,218,FFFBDA,NULL,NULL,NULL
4034,NULL,FOCOLTONE 2215,NULL,255,250,208,FFFAD0,NULL,NULL,NULL
4035,NULL,FOCOLTONE 1055,NULL,255,249,197,FFF9C5,NULL,NULL,NULL
4036,NULL,FOCOLTONE 3410,NULL,255,248,185,FFF8B9,NULL,NULL,NULL
4037,NULL,FOCOLTONE 1069,NULL,255,247,174,FFF7AE,NULL,NULL,NULL
4038,NULL,FOCOLTONE 2229,NULL,255,246,161,FFF6A1,NULL,NULL,NULL
4039,NULL,FOCOLTONE 1013,NULL,255,245,148,FFF594,NULL,NULL,NULL
4040,NULL,FOCOLTONE 2243,NULL,255,244,135,FFF487,NULL,NULL,NULL
4041,NULL,FOCOLTONE 3354,NULL,255,243,122,FFF37A,NULL,NULL,NULL
4042,NULL,FOCOLTONE 2187,NULL,255,242,108,FFF26C,NULL,NULL,NULL
4043,NULL,FOCOLTONE 2201,NULL,255,241,95,FFF15F,NULL,NULL,NULL
4044,NULL,FOCOLTONE 3368,NULL,255,240,80,FFF050,NULL,NULL,NULL
4045,NULL,FOCOLTONE 7002,NULL,253,230,0,FDE600,NULL,NULL,NULL
4046,NULL,FOCOLTONE 7008,NULL,244,221,0,F4DD00,NULL,NULL,NULL
4047,NULL,FOCOLTONE 7014,NULL,233,212,0,E9D400,NULL,NULL,NULL
4048,NULL,FOCOLTONE 7020,NULL,223,203,0,DFCB00,NULL,NULL,NULL
4049,NULL,FOCOLTONE 1079,NULL,212,193,0,D4C100,NULL,NULL,NULL
4050,NULL,FOCOLTONE 7026,NULL,201,182,0,C9B600,NULL,NULL,NULL
4051,NULL,FOCOLTONE 2246,NULL,190,172,0,BEAC00,NULL,NULL,NULL
4052,NULL,FOCOLTONE 7032,NULL,178,161,0,B2A100,NULL,NULL,NULL
4053,NULL,FOCOLTONE 7038,NULL,167,151,0,A79700,NULL,NULL,NULL
4054,NULL,FOCOLTONE 3413,NULL,155,140,0,9B8C00,NULL,NULL,NULL
4055,NULL,FOCOLTONE 7044,NULL,143,129,0,8F8100,NULL,NULL,NULL
4056,NULL,FOCOLTONE 7050,NULL,131,118,0,837600,NULL,NULL,NULL
4057,NULL,FOCOLTONE 7056,NULL,118,106,0,766A00,NULL,NULL,NULL
4058,NULL,FOCOLTONE 7062,NULL,105,95,0,695F00,NULL,NULL,NULL
4059,NULL,FOCOLTONE 7068,NULL,93,84,0,5D5400,NULL,NULL,NULL
4060,NULL,FOCOLTONE 4008,NULL,247,246,240,F7F6F0,NULL,NULL,NULL
4061,NULL,FOCOLTONE 4022,NULL,238,237,223,EEEDDF,NULL,NULL,NULL
4062,NULL,FOCOLTONE 4036,NULL,228,227,206,E4E3CE,NULL,NULL,NULL
4063,NULL,FOCOLTONE 4047,NULL,218,216,189,DAD8BD,NULL,NULL,NULL
4064,NULL,FOCOLTONE 4058,NULL,208,205,172,D0CDAC,NULL,NULL,NULL
4065,NULL,FOCOLTONE 5008,NULL,197,193,155,C5C19B,NULL,NULL,NULL
4066,NULL,FOCOLTONE 5019,NULL,187,181,138,BBB58A,NULL,NULL,NULL
4067,NULL,FOCOLTONE 5030,NULL,176,169,121,B0A979,NULL,NULL,NULL
4068,NULL,FOCOLTONE 5041,NULL,165,157,106,A59D6A,NULL,NULL,NULL
4069,NULL,FOCOLTONE 5052,NULL,153,145,90,99915A,NULL,NULL,NULL
4070,NULL,FOCOLTONE 6008,NULL,142,132,75,8E844B,NULL,NULL,NULL
4071,NULL,FOCOLTONE 6019,NULL,130,120,61,82783D,NULL,NULL,NULL
4072,NULL,FOCOLTONE 6030,NULL,117,108,46,756C2E,NULL,NULL,NULL
4073,NULL,FOCOLTONE 6041,NULL,105,96,34,696022,NULL,NULL,NULL
4074,NULL,FOCOLTONE 6052,NULL,93,85,22,5D5516,NULL,NULL,NULL
4075,NULL,FOCOLTONE 4005,NULL,246,251,246,F6FBF6,NULL,NULL,NULL
4076,NULL,FOCOLTONE 4019,NULL,236,245,236,ECF5EC,NULL,NULL,NULL
4077,NULL,FOCOLTONE 4033,NULL,225,240,226,E1F0E2,NULL,NULL,NULL
4078,NULL,FOCOLTONE 4044,NULL,214,234,215,D6EAD7,NULL,NULL,NULL
4079,NULL,FOCOLTONE 4055,NULL,203,229,204,CBE5CC,NULL,NULL,NULL
4080,NULL,FOCOLTONE 5005,NULL,191,223,193,BFDFC1,NULL,NULL,NULL
4081,NULL,FOCOLTONE 5016,NULL,180,217,182,B4D9B6,NULL,NULL,NULL
4082,NULL,FOCOLTONE 5027,NULL,168,211,171,A8D3AB,NULL,NULL,NULL
4083,NULL,FOCOLTONE 5038,NULL,155,205,160,9BCDA0,NULL,NULL,NULL
4084,NULL,FOCOLTONE 5049,NULL,143,199,148,8FC794,NULL,NULL,NULL
4085,NULL,FOCOLTONE 6005,NULL,130,193,137,82C189,NULL,NULL,NULL
4086,NULL,FOCOLTONE 6016,NULL,117,188,127,75BC7F,NULL,NULL,NULL
4087,NULL,FOCOLTONE 6027,NULL,103,183,117,67B775,NULL,NULL,NULL
4088,NULL,FOCOLTONE 6038,NULL,88,179,108,58B36C,NULL,NULL,NULL
4089,NULL,FOCOLTONE 6049,NULL,71,174,100,47AE64,NULL,NULL,NULL
4090,NULL,FOCOLTONE 7004,NULL,0,147,52,009334,NULL,NULL,NULL
4091,NULL,FOCOLTONE 7010,NULL,0,142,50,008E32,NULL,NULL,NULL
4092,NULL,FOCOLTONE 7016,NULL,0,136,48,008830,NULL,NULL,NULL
4093,NULL,FOCOLTONE 7022,NULL,0,130,46,00822E,NULL,NULL,NULL
4094,NULL,FOCOLTONE 1081,NULL,0,124,43,007C2B,NULL,NULL,NULL
4095,NULL,FOCOLTONE 7028,NULL,0,117,40,007528,NULL,NULL,NULL
4096,NULL,FOCOLTONE 2248,NULL,0,111,37,006F25,NULL,NULL,NULL
4097,NULL,FOCOLTONE 7034,NULL,0,104,34,006822,NULL,NULL,NULL
4098,NULL,FOCOLTONE 7040,NULL,0,97,31,00611F,NULL,NULL,NULL
4099,NULL,FOCOLTONE 3415,NULL,0,90,28,005A1C,NULL,NULL,NULL
4100,NULL,FOCOLTONE 7046,NULL,0,83,25,005319,NULL,NULL,NULL
4101,NULL,FOCOLTONE 7052,NULL,0,76,22,004C16,NULL,NULL,NULL
4102,NULL,FOCOLTONE 7058,NULL,0,68,18,004412,NULL,NULL,NULL
4103,NULL,FOCOLTONE 7064,NULL,0,61,15,003D0F,NULL,NULL,NULL
4104,NULL,FOCOLTONE 7070,NULL,0,54,11,00360B,NULL,NULL,NULL
4105,NULL,FOCOLTONE 4002,NULL,238,243,239,EEF3EF,NULL,NULL,NULL
4106,NULL,FOCOLTONE 4016,NULL,220,229,222,DCE5DE,NULL,NULL,NULL
4107,NULL,FOCOLTONE 4030,NULL,202,216,204,CAD8CC,NULL,NULL,NULL
4108,NULL,FOCOLTONE 4041,NULL,184,201,186,B8C9BA,NULL,NULL,NULL
4109,NULL,FOCOLTONE 4052,NULL,166,187,169,A6BBA9,NULL,NULL,NULL
4110,NULL,FOCOLTONE 5002,NULL,149,173,152,95AD98,NULL,NULL,NULL
4111,NULL,FOCOLTONE 5013,NULL,132,159,135,849F87,NULL,NULL,NULL
4112,NULL,FOCOLTONE 5024,NULL,115,145,119,739177,NULL,NULL,NULL
4113,NULL,FOCOLTONE 5035,NULL,98,131,104,628368,NULL,NULL,NULL
4114,NULL,FOCOLTONE 5046,NULL,81,118,90,51765A,NULL,NULL,NULL
4115,NULL,FOCOLTONE 6002,NULL,65,106,76,416A4C,NULL,NULL,NULL
4116,NULL,FOCOLTONE 6013,NULL,49,94,62,315E3E,NULL,NULL,NULL
4117,NULL,FOCOLTONE 6024,NULL,33,82,50,215232,NULL,NULL,NULL
4118,NULL,FOCOLTONE 6035,NULL,11,71,39,0B4727,NULL,NULL,NULL
4119,NULL,FOCOLTONE 6046,NULL,0,61,30,003D1E,NULL,NULL,NULL
4120,NULL,FOCOLTONE 4011,NULL,246,251,254,F6FBFE,NULL,NULL,NULL
4121,NULL,FOCOLTONE 4025,NULL,235,247,253,EBF7FD,NULL,NULL,NULL
4122,NULL,FOCOLTONE 1011,NULL,224,243,252,E0F3FC,NULL,NULL,NULL
4123,NULL,FOCOLTONE 1025,NULL,212,238,251,D4EEFB,NULL,NULL,NULL
4124,NULL,FOCOLTONE 2185,NULL,200,233,250,C8E9FA,NULL,NULL,NULL
4125,NULL,FOCOLTONE 1039,NULL,187,228,249,BBE4F9,NULL,NULL,NULL
4126,NULL,FOCOLTONE 3352,NULL,173,223,248,ADDFF8,NULL,NULL,NULL
4127,NULL,FOCOLTONE 1053,NULL,159,218,247,9FDAF7,NULL,NULL,NULL
4128,NULL,FOCOLTONE 2199,NULL,144,213,245,90D5F5,NULL,NULL,NULL
4129,NULL,FOCOLTONE 1067,NULL,129,208,244,81D0F4,NULL,NULL,NULL
4130,NULL,FOCOLTONE 2213,NULL,112,203,243,70CBF3,NULL,NULL,NULL
4131,NULL,FOCOLTONE 3366,NULL,94,198,242,5EC6F2,NULL,NULL,NULL
4133,NULL,FOCOLTONE 2241,NULL,46,190,240,2EBEF0,NULL,NULL,NULL
4134,NULL,FOCOLTONE 3380,NULL,0,186,239,00BAEF,NULL,NULL,NULL
4135,NULL,FOCOLTONE 7000,NULL,0,161,228,00A1E4,NULL,NULL,NULL
4136,NULL,FOCOLTONE 7006,NULL,0,155,220,009BDC,NULL,NULL,NULL
4137,NULL,FOCOLTONE 7012,NULL,0,148,211,0094D3,NULL,NULL,NULL
4138,NULL,FOCOLTONE 7018,NULL,0,142,202,008ECA,NULL,NULL,NULL
4139,NULL,FOCOLTONE 1077,NULL,0,135,192,0087C0,NULL,NULL,NULL
4140,NULL,FOCOLTONE 7024,NULL,0,128,183,0080B7,NULL,NULL,NULL
4141,NULL,FOCOLTONE 2244,NULL,0,120,173,0078AD,NULL,NULL,NULL
4142,NULL,FOCOLTONE 7030,NULL,0,113,163,0071A3,NULL,NULL,NULL
4143,NULL,FOCOLTONE 7036,NULL,0,105,152,006998,NULL,NULL,NULL
4144,NULL,FOCOLTONE 3411,NULL,0,98,142,00628E,NULL,NULL,NULL
4145,NULL,FOCOLTONE 7042,NULL,0,90,132,005A84,NULL,NULL,NULL
4146,NULL,FOCOLTONE 7048,NULL,0,82,121,005279,NULL,NULL,NULL
4147,NULL,FOCOLTONE 7054,NULL,0,73,111,00496F,NULL,NULL,NULL
4148,NULL,FOCOLTONE 7060,NULL,0,65,100,004164,NULL,NULL,NULL
4149,NULL,FOCOLTONE 7066,NULL,0,57,89,003959,NULL,NULL,NULL
4150,NULL,FOCOLTONE 4010,NULL,238,244,247,EEF4F7,NULL,NULL,NULL
4151,NULL,FOCOLTONE 4024,NULL,219,231,237,DBE7ED,NULL,NULL,NULL
4152,NULL,FOCOLTONE 4038,NULL,200,218,228,C8DAE4,NULL,NULL,NULL
4153,NULL,FOCOLTONE 4049,NULL,181,204,217,B5CCD9,NULL,NULL,NULL
4154,NULL,FOCOLTONE 4060,NULL,163,191,206,A3BFCE,NULL,NULL,NULL
4155,NULL,FOCOLTONE 5010,NULL,145,177,195,91B1C3,NULL,NULL,NULL
4156,NULL,FOCOLTONE 5021,NULL,128,163,184,80A3B8,NULL,NULL,NULL
4157,NULL,FOCOLTONE 5032,NULL,110,150,172,6E96AC,NULL,NULL,NULL
4158,NULL,FOCOLTONE 5043,NULL,93,137,161,5D89A1,NULL,NULL,NULL
4159,NULL,FOCOLTONE 5054,NULL,75,124,149,4B7C95,NULL,NULL,NULL
4160,NULL,FOCOLTONE 6010,NULL,56,112,137,387089,NULL,NULL,NULL
4161,NULL,FOCOLTONE 6021,NULL,37,99,126,25637E,NULL,NULL,NULL
4162,NULL,FOCOLTONE 6032,NULL,12,87,114,0C5772,NULL,NULL,NULL
4163,NULL,FOCOLTONE 6043,NULL,0,76,102,004C66,NULL,NULL,NULL
4164,NULL,FOCOLTONE 6054,NULL,0,65,91,00415B,NULL,NULL,NULL
4165,NULL,FOCOLTONE 4012,NULL,253,246,250,FDF6FA,NULL,NULL,NULL
4166,NULL,FOCOLTONE 4026,NULL,252,237,244,FCEDF4,NULL,NULL,NULL
4167,NULL,FOCOLTONE 1054,NULL,250,228,238,FAE4EE,NULL,NULL,NULL
4168,NULL,FOCOLTONE 1068,NULL,248,218,232,F8DAE8,NULL,NULL,NULL
4169,NULL,FOCOLTONE 2242,NULL,246,208,226,F6D0E2,NULL,NULL,NULL
4170,NULL,FOCOLTONE 1012,NULL,244,198,220,F4C6DC,NULL,NULL,NULL
4171,NULL,FOCOLTONE 3395,NULL,243,187,213,F3BBD5,NULL,NULL,NULL
4172,NULL,FOCOLTONE 1026,NULL,241,176,206,F1B0CE,NULL,NULL,NULL
4173,NULL,FOCOLTONE 2186,NULL,240,165,199,F0A5C7,NULL,NULL,NULL
4174,NULL,FOCOLTONE 1040,NULL,238,153,192,EE99C0,NULL,NULL,NULL
4175,NULL,FOCOLTONE 2200,NULL,237,142,184,ED8EB8,NULL,NULL,NULL
4176,NULL,FOCOLTONE 3409,NULL,236,130,177,EC82B1,NULL,NULL,NULL
4177,NULL,FOCOLTONE 2214,NULL,234,118,171,EA76AB,NULL,NULL,NULL
4178,NULL,FOCOLTONE 2228,NULL,234,107,165,EA6BA5,NULL,NULL,NULL
4179,NULL,FOCOLTONE 3353,NULL,232,95,159,E85F9F,NULL,NULL,NULL
4180,NULL,FOCOLTONE 7001,NULL,222,0,128,DE0080,NULL,NULL,NULL
4181,NULL,FOCOLTONE 7007,NULL,214,0,123,D6007B,NULL,NULL,NULL
4182,NULL,FOCOLTONE 7013,NULL,205,0,119,CD0077,NULL,NULL,NULL
4183,NULL,FOCOLTONE 7019,NULL,197,0,114,C50072,NULL,NULL,NULL
4184,NULL,FOCOLTONE 1078,NULL,188,0,108,BC006C,NULL,NULL,NULL
4185,NULL,FOCOLTONE 7025,NULL,178,0,103,B20067,NULL,NULL,NULL
4186,NULL,FOCOLTONE 2245,NULL,168,0,97,A80061,NULL,NULL,NULL
4187,NULL,FOCOLTONE 7031,NULL,159,0,91,9F005B,NULL,NULL,NULL
4188,NULL,FOCOLTONE 7037,NULL,149,0,84,950054,NULL,NULL,NULL
4189,NULL,FOCOLTONE 3412,NULL,139,0,78,8B004E,NULL,NULL,NULL
4190,NULL,FOCOLTONE 7043,NULL,129,0,71,810047,NULL,NULL,NULL
4191,NULL,FOCOLTONE 7049,NULL,119,0,63,77003F,NULL,NULL,NULL
4192,NULL,FOCOLTONE 7055,NULL,109,0,56,6D0038,NULL,NULL,NULL
4193,NULL,FOCOLTONE 7061,NULL,99,0,49,630031,NULL,NULL,NULL
4194,NULL,FOCOLTONE 7067,NULL,90,0,41,5A0029,NULL,NULL,NULL
4195,NULL,FOCOLTONE 4009,NULL,245,239,242,F5EFF2,NULL,NULL,NULL
4196,NULL,FOCOLTONE 4023,NULL,234,222,229,EADEE5,NULL,NULL,NULL
4197,NULL,FOCOLTONE 4037,NULL,223,205,215,DFCDD7,NULL,NULL,NULL
4198,NULL,FOCOLTONE 4048,NULL,212,187,201,D4BBC9,NULL,NULL,NULL
4199,NULL,FOCOLTONE 4059,NULL,201,170,187,C9AABB,NULL,NULL,NULL
4200,NULL,FOCOLTONE 5009,NULL,190,153,173,BE99AD,NULL,NULL,NULL
4201,NULL,FOCOLTONE 5020,NULL,179,137,158,B3899E,NULL,NULL,NULL
4202,NULL,FOCOLTONE 5031,NULL,167,121,144,A77990,NULL,NULL,NULL
4203,NULL,FOCOLTONE 5042,NULL,156,105,131,9C6983,NULL,NULL,NULL
4204,NULL,FOCOLTONE 5053,NULL,145,89,117,915975,NULL,NULL,NULL
4205,NULL,FOCOLTONE 6009,NULL,134,74,104,864A68,NULL,NULL,NULL
4206,NULL,FOCOLTONE 6020,NULL,122,60,91,7A3C5B,NULL,NULL,NULL
4207,NULL,FOCOLTONE 6031,NULL,111,46,79,6F2E4F,NULL,NULL,NULL
4208,NULL,FOCOLTONE 6042,NULL,100,31,66,641F42,NULL,NULL,NULL
4209,NULL,FOCOLTONE 6053,NULL,90,14,54,5A0E36,NULL,NULL,NULL
4210,NULL,FOCOLTONE 4007,NULL,244,243,249,F4F3F9,NULL,NULL,NULL
4211,NULL,FOCOLTONE 4021,NULL,233,230,243,E9E6F3,NULL,NULL,NULL
4212,NULL,FOCOLTONE 4035,NULL,221,217,236,DDD9EC,NULL,NULL,NULL
4213,NULL,FOCOLTONE 4046,NULL,209,204,229,D1CCE5,NULL,NULL,NULL
4214,NULL,FOCOLTONE 4057,NULL,198,190,222,C6BEDE,NULL,NULL,NULL
4215,NULL,FOCOLTONE 5007,NULL,186,177,215,BAB1D7,NULL,NULL,NULL
4216,NULL,FOCOLTONE 5018,NULL,175,164,207,AFA4CF,NULL,NULL,NULL
4217,NULL,FOCOLTONE 5029,NULL,165,151,200,A597C8,NULL,NULL,NULL
4218,NULL,FOCOLTONE 5040,NULL,154,138,192,9A8AC0,NULL,NULL,NULL
4219,NULL,FOCOLTONE 5051,NULL,144,126,185,907EB9,NULL,NULL,NULL
4220,NULL,FOCOLTONE 6007,NULL,134,114,178,8672B2,NULL,NULL,NULL
4221,NULL,FOCOLTONE 6018,NULL,125,103,172,7D67AC,NULL,NULL,NULL
4222,NULL,FOCOLTONE 6029,NULL,116,93,166,745DA6,NULL,NULL,NULL
4223,NULL,FOCOLTONE 6040,NULL,108,84,160,6C54A0,NULL,NULL,NULL
4224,NULL,FOCOLTONE 6051,NULL,99,75,155,634B9B,NULL,NULL,NULL
4225,NULL,FOCOLTONE 4004,NULL,237,235,242,EDEBF2,NULL,NULL,NULL
4226,NULL,FOCOLTONE 4018,NULL,217,215,227,D9D7E3,NULL,NULL,NULL
4227,NULL,FOCOLTONE 4032,NULL,198,195,213,C6C3D5,NULL,NULL,NULL
4228,NULL,FOCOLTONE 4043,NULL,180,175,198,B4AFC6,NULL,NULL,NULL
4229,NULL,FOCOLTONE 4054,NULL,163,156,183,A39CB7,NULL,NULL,NULL
4230,NULL,FOCOLTONE 5004,NULL,146,137,168,9289A8,NULL,NULL,NULL
4231,NULL,FOCOLTONE 5015,NULL,130,120,154,82789A,NULL,NULL,NULL
4232,NULL,FOCOLTONE 5026,NULL,114,103,140,72678C,NULL,NULL,NULL
4233,NULL,FOCOLTONE 5037,NULL,99,87,127,63577F,NULL,NULL,NULL
4234,NULL,FOCOLTONE 5048,NULL,86,73,114,564972,NULL,NULL,NULL
4235,NULL,FOCOLTONE 6004,NULL,73,58,101,493A65,NULL,NULL,NULL
4236,NULL,FOCOLTONE 6015,NULL,63,45,89,3F2D59,NULL,NULL,NULL
4237,NULL,FOCOLTONE 6026,NULL,53,32,77,35204D,NULL,NULL,NULL
4238,NULL,FOCOLTONE 6037,NULL,44,19,65,2C1341,NULL,NULL,NULL
4239,NULL,FOCOLTONE 6048,NULL,35,4,55,230437,NULL,NULL,NULL
4240,NULL,FOCOLTONE 7003,NULL,44,27,130,2C1B82,NULL,NULL,NULL
4241,NULL,FOCOLTONE 7009,NULL,42,25,126,2A197E,NULL,NULL,NULL
4242,NULL,FOCOLTONE 7015,NULL,40,23,121,281779,NULL,NULL,NULL
4243,NULL,FOCOLTONE 7021,NULL,38,20,116,261474,NULL,NULL,NULL
4244,NULL,FOCOLTONE 1080,NULL,36,17,111,24116F,NULL,NULL,NULL
4245,NULL,FOCOLTONE 7027,NULL,34,13,106,220D6A,NULL,NULL,NULL
4246,NULL,FOCOLTONE 2247,NULL,32,9,100,200964,NULL,NULL,NULL
4247,NULL,FOCOLTONE 7033,NULL,31,5,94,1F055E,NULL,NULL,NULL
4248,NULL,FOCOLTONE 7039,NULL,29,1,88,1D0158,NULL,NULL,NULL
4249,NULL,FOCOLTONE 3414,NULL,27,0,81,1B0051,NULL,NULL,NULL
4250,NULL,FOCOLTONE 7045,NULL,25,0,74,19004A,NULL,NULL,NULL
4251,NULL,FOCOLTONE 7051,NULL,22,0,67,160043,NULL,NULL,NULL
4252,NULL,FOCOLTONE 7057,NULL,20,0,60,14003C,NULL,NULL,NULL
4253,NULL,FOCOLTONE 7063,NULL,18,0,53,120035,NULL,NULL,NULL
4254,NULL,FOCOLTONE 7069,NULL,17,0,48,110030,NULL,NULL,NULL
4255,NULL,FOCOLTONE 4003,NULL,245,238,235,F5EEEB,NULL,NULL,NULL
4256,NULL,FOCOLTONE 4017,NULL,235,220,213,EBDCD5,NULL,NULL,NULL
4257,NULL,FOCOLTONE 4031,NULL,224,203,193,E0CBC1,NULL,NULL,NULL
4258,NULL,FOCOLTONE 4042,NULL,213,185,172,D5B9AC,NULL,NULL,NULL
4259,NULL,FOCOLTONE 4053,NULL,202,167,153,CAA799,NULL,NULL,NULL
4260,NULL,FOCOLTONE 5003,NULL,191,150,134,BF9686,NULL,NULL,NULL
4261,NULL,FOCOLTONE 5014,NULL,180,133,116,B48574,NULL,NULL,NULL
4262,NULL,FOCOLTONE 5025,NULL,168,117,99,A87563,NULL,NULL,NULL
4263,NULL,FOCOLTONE 5036,NULL,157,101,83,9D6553,NULL,NULL,NULL
4264,NULL,FOCOLTONE 5047,NULL,145,86,67,915643,NULL,NULL,NULL
4265,NULL,FOCOLTONE 6003,NULL,133,72,52,854834,NULL,NULL,NULL
4266,NULL,FOCOLTONE 6014,NULL,121,59,39,793B27,NULL,NULL,NULL
4267,NULL,FOCOLTONE 6025,NULL,110,47,28,6E2F1C,NULL,NULL,NULL
4268,NULL,FOCOLTONE 6036,NULL,99,35,18,632312,NULL,NULL,NULL
4269,NULL,FOCOLTONE 6047,NULL,89,24,9,591809,NULL,NULL,NULL
4270,NULL,TOYO 0001,NULL,173,53,133,AD3585,NULL,NULL,NULL
4271,NULL,TOYO 0002,NULL,194,0,135,C20087,NULL,NULL,NULL
4272,NULL,TOYO 0003,NULL,208,69,170,D045AA,NULL,NULL,NULL
4273,NULL,TOYO 0004,NULL,164,89,137,A45989,NULL,NULL,NULL
4274,NULL,TOYO 0005,NULL,183,98,150,B76296,NULL,NULL,NULL
4275,NULL,TOYO 0006,NULL,216,94,174,D85EAE,NULL,NULL,NULL
4276,NULL,TOYO 0007,NULL,175,0,110,AF006E,NULL,NULL,NULL
4277,NULL,TOYO 0008,NULL,199,0,120,C70078,NULL,NULL,NULL
4278,NULL,TOYO 0009,NULL,204,95,157,CC5F9D,NULL,NULL,NULL
4279,NULL,TOYO 0010,NULL,220,81,153,DC5199,NULL,NULL,NULL
4280,NULL,TOYO 0011,NULL,218,59,139,DA3B8B,NULL,NULL,NULL
4281,NULL,TOYO 0012,NULL,230,118,168,E676A8,NULL,NULL,NULL
4282,NULL,TOYO 0013,NULL,226,137,186,E289BA,NULL,NULL,NULL
4283,NULL,TOYO 0014,NULL,232,163,195,E8A3C3,NULL,NULL,NULL
4284,NULL,TOYO 0015,NULL,231,170,201,E7AAC9,NULL,NULL,NULL
4285,NULL,TOYO 0016,NULL,231,179,201,E7B3C9,NULL,NULL,NULL
4286,NULL,TOYO 0017,NULL,232,195,209,E8C3D1,NULL,NULL,NULL
4287,NULL,TOYO 0018,NULL,239,179,198,EFB3C6,NULL,NULL,NULL
4288,NULL,TOYO 0019,NULL,233,115,162,E973A2,NULL,NULL,NULL
4289,NULL,TOYO 0020,NULL,179,59,121,B33B79,NULL,NULL,NULL
4290,NULL,TOYO 0021,NULL,143,45,100,8F2D64,NULL,NULL,NULL
4291,NULL,TOYO 0022,NULL,151,15,88,970F58,NULL,NULL,NULL
4292,NULL,TOYO 0023,NULL,198,0,101,C60065,NULL,NULL,NULL
4293,NULL,TOYO 0024,NULL,215,43,130,D72B82,NULL,NULL,NULL
4294,NULL,TOYO 0025,NULL,203,0,95,CB005F,NULL,NULL,NULL
4295,NULL,TOYO 0026,NULL,189,0,89,BD0059,NULL,NULL,NULL
4296,NULL,TOYO 0027,NULL,172,0,76,AC004C,NULL,NULL,NULL
4297,NULL,TOYO 0028,NULL,156,17,66,9C1142,NULL,NULL,NULL
4298,NULL,TOYO 0029,NULL,193,44,97,C12C61,NULL,NULL,NULL
4299,NULL,TOYO 0030,NULL,217,14,114,D90E72,NULL,NULL,NULL
4300,NULL,TOYO 0031,NULL,228,86,146,E45692,NULL,NULL,NULL
4301,NULL,TOYO 0032,NULL,188,88,121,BC5879,NULL,NULL,NULL
4302,NULL,TOYO 0033,NULL,150,54,84,963654,NULL,NULL,NULL
4303,NULL,TOYO 0034,NULL,211,0,93,D3005D,NULL,NULL,NULL
4304,NULL,TOYO 0035,NULL,203,0,75,CB004B,NULL,NULL,NULL
4305,NULL,TOYO 0036,NULL,220,26,98,DC1A62,NULL,NULL,NULL
4306,NULL,TOYO 0037,NULL,157,82,94,9D525E,NULL,NULL,NULL
4307,NULL,TOYO 0038,NULL,230,87,145,E65791,NULL,NULL,NULL
4308,NULL,TOYO 0039,NULL,227,71,133,E34785,NULL,NULL,NULL
4309,NULL,TOYO 0040,NULL,238,137,174,EE89AE,NULL,NULL,NULL
4310,NULL,TOYO 0041,NULL,242,123,158,F27B9E,NULL,NULL,NULL
4311,NULL,TOYO 0042,NULL,223,116,147,DF7493,NULL,NULL,NULL
4312,NULL,TOYO 0043,NULL,229,98,132,E56284,NULL,NULL,NULL
4313,NULL,TOYO 0044,NULL,234,64,108,EA406C,NULL,NULL,NULL
4314,NULL,TOYO 0045,NULL,202,0,52,CA0034,NULL,NULL,NULL
4315,NULL,TOYO 0046,NULL,215,0,64,D70040,NULL,NULL,NULL
4316,NULL,TOYO 0047,NULL,218,131,145,DA8391,NULL,NULL,NULL
4317,NULL,TOYO 0048,NULL,243,173,190,F3ADBE,NULL,NULL,NULL
4318,NULL,TOYO 0049,NULL,245,165,184,F5A5B8,NULL,NULL,NULL
4319,NULL,TOYO 0050,NULL,247,181,193,F7B5C1,NULL,NULL,NULL
4320,NULL,TOYO 0051,NULL,233,181,186,E9B5BA,NULL,NULL,NULL
4321,NULL,TOYO 0052,NULL,232,195,197,E8C3C5,NULL,NULL,NULL
4322,NULL,TOYO 0053,NULL,244,196,197,F4C4C5,NULL,NULL,NULL
4323,NULL,TOYO 0054,NULL,241,198,195,F1C6C3,NULL,NULL,NULL
4324,NULL,TOYO 0055,NULL,242,191,184,F2BFB8,NULL,NULL,NULL
4325,NULL,TOYO 0056,NULL,247,168,170,F7A8AA,NULL,NULL,NULL
4326,NULL,TOYO 0057,NULL,255,161,169,FFA1A9,NULL,NULL,NULL
4327,NULL,TOYO 0058,NULL,209,116,133,D17485,NULL,NULL,NULL
4328,NULL,TOYO 0059,NULL,245,107,131,F56B83,NULL,NULL,NULL
4329,NULL,TOYO 0060,NULL,249,97,124,F9617C,NULL,NULL,NULL
4330,NULL,TOYO 0061,NULL,213,57,85,D53955,NULL,NULL,NULL
4331,NULL,TOYO 0062,NULL,209,90,106,D15A6A,NULL,NULL,NULL
4332,NULL,TOYO 0063,NULL,217,0,66,D90042,NULL,NULL,NULL
4333,NULL,TOYO 0064,NULL,210,0,56,D20038,NULL,NULL,NULL
4334,NULL,TOYO 0065,NULL,184,0,50,B80032,NULL,NULL,NULL
4335,NULL,TOYO 0066,NULL,195,42,69,C32A45,NULL,NULL,NULL
4336,NULL,TOYO 0067,NULL,181,19,52,B51334,NULL,NULL,NULL
4337,NULL,TOYO 0068,NULL,189,64,74,BD404A,NULL,NULL,NULL
4338,NULL,TOYO 0069,NULL,217,0,46,D9002E,NULL,NULL,NULL
4339,NULL,TOYO 0070,NULL,221,0,46,DD002E,NULL,NULL,NULL
4340,NULL,TOYO 0071,NULL,225,3,51,E10333,NULL,NULL,NULL
4341,NULL,TOYO 0072,NULL,229,27,67,E51B43,NULL,NULL,NULL
4342,NULL,TOYO 0073,NULL,230,29,61,E61D3D,NULL,NULL,NULL
4343,NULL,TOYO 0074,NULL,227,102,109,E3666D,NULL,NULL,NULL
4344,NULL,TOYO 0075,NULL,246,72,85,F64855,NULL,NULL,NULL
4345,NULL,TOYO 0076,NULL,242,56,67,F23843,NULL,NULL,NULL
4346,NULL,TOYO 0077,NULL,246,69,76,F6454C,NULL,NULL,NULL
4347,NULL,TOYO 0078,NULL,252,78,75,FC4E4B,NULL,NULL,NULL
4348,NULL,TOYO 0079,NULL,255,127,129,FF7F81,NULL,NULL,NULL
4349,NULL,TOYO 0080,NULL,255,111,111,FF6F6F,NULL,NULL,NULL
4350,NULL,TOYO 0081,NULL,255,133,124,FF857C,NULL,NULL,NULL
4351,NULL,TOYO 0082,NULL,255,162,159,FFA29F,NULL,NULL,NULL
4352,NULL,TOYO 0083,NULL,255,153,146,FF9992,NULL,NULL,NULL
4353,NULL,TOYO 0084,NULL,253,175,165,FDAFA5,NULL,NULL,NULL
4354,NULL,TOYO 0085,NULL,255,96,86,FF6056,NULL,NULL,NULL
4355,NULL,TOYO 0086,NULL,255,80,78,FF504E,NULL,NULL,NULL
4356,NULL,TOYO 0087,NULL,229,67,67,E54343,NULL,NULL,NULL
4357,NULL,TOYO 0088,NULL,240,50,57,F03239,NULL,NULL,NULL
4358,NULL,TOYO 0089,NULL,197,24,48,C51830,NULL,NULL,NULL
4359,NULL,TOYO 0090,NULL,187,34,40,BB2228,NULL,NULL,NULL
4360,NULL,TOYO 0091,NULL,199,31,40,C71F28,NULL,NULL,NULL
4361,NULL,TOYO 0092,NULL,175,77,78,AF4D4E,NULL,NULL,NULL
4362,NULL,TOYO 0093,NULL,189,68,69,BD4445,NULL,NULL,NULL
4363,NULL,TOYO 0094,NULL,167,46,52,A72E34,NULL,NULL,NULL
4364,NULL,TOYO 0095,NULL,170,53,51,AA3533,NULL,NULL,NULL
4365,NULL,TOYO 0096,NULL,195,40,45,C3282D,NULL,NULL,NULL
4366,NULL,TOYO 0097,NULL,202,46,42,CA2E2A,NULL,NULL,NULL
4367,NULL,TOYO 0098,NULL,217,38,43,D9262B,NULL,NULL,NULL
4368,NULL,TOYO 0099,NULL,229,24,40,E51828,NULL,NULL,NULL
4369,NULL,TOYO 0100,NULL,233,35,42,E9232A,NULL,NULL,NULL
4370,NULL,TOYO 0101,NULL,234,28,19,EA1C13,NULL,NULL,NULL
4371,NULL,TOYO 0102,NULL,245,49,7,F53107,NULL,NULL,NULL
4372,NULL,TOYO 0103,NULL,251,63,41,FB3F29,NULL,NULL,NULL
4373,NULL,TOYO 0104,NULL,243,95,82,F35F52,NULL,NULL,NULL
4374,NULL,TOYO 0105,NULL,255,109,94,FF6D5E,NULL,NULL,NULL
4375,NULL,TOYO 0106,NULL,255,137,121,FF8979,NULL,NULL,NULL
4376,NULL,TOYO 0107,NULL,255,142,114,FF8E72,NULL,NULL,NULL
4377,NULL,TOYO 0108,NULL,255,168,149,FFA895,NULL,NULL,NULL
4378,NULL,TOYO 0109,NULL,255,160,136,FFA088,NULL,NULL,NULL
4379,NULL,TOYO 0110,NULL,255,104,69,FF6845,NULL,NULL,NULL
4380,NULL,TOYO 0111,NULL,255,94,61,FF5E3D,NULL,NULL,NULL
4381,NULL,TOYO 0112,NULL,249,106,69,F96A45,NULL,NULL,NULL
4382,NULL,TOYO 0113,NULL,255,75,44,FF4B2C,NULL,NULL,NULL
4383,NULL,TOYO 0114,NULL,189,88,71,BD5847,NULL,NULL,NULL
4384,NULL,TOYO 0115,NULL,179,57,48,B33930,NULL,NULL,NULL
4385,NULL,TOYO 0116,NULL,183,77,45,B74D2D,NULL,NULL,NULL
4386,NULL,TOYO 0117,NULL,210,67,45,D2432D,NULL,NULL,NULL
4387,NULL,TOYO 0118,NULL,202,72,37,CA4825,NULL,NULL,NULL
4388,NULL,TOYO 0119,NULL,225,76,43,E14C2B,NULL,NULL,NULL
4389,NULL,TOYO 0120,NULL,244,77,19,F44D13,NULL,NULL,NULL
4390,NULL,TOYO 0121,NULL,213,82,24,D55218,NULL,NULL,NULL
4391,NULL,TOYO 0122,NULL,230,84,27,E6541B,NULL,NULL,NULL
4392,NULL,TOYO 0123,NULL,185,72,28,B9481C,NULL,NULL,NULL
4393,NULL,TOYO 0124,NULL,226,110,60,E26E3C,NULL,NULL,NULL
4394,NULL,TOYO 0125,NULL,254,79,0,FE4F00,NULL,NULL,NULL
4395,NULL,TOYO 0126,NULL,249,109,59,F96D3B,NULL,NULL,NULL
4396,NULL,TOYO 0127,NULL,255,119,68,FF7744,NULL,NULL,NULL
4397,NULL,TOYO 0128,NULL,255,92,0,FF5C00,NULL,NULL,NULL
4398,NULL,TOYO 0129,NULL,228,126,80,E47E50,NULL,NULL,NULL
4399,NULL,TOYO 0130,NULL,255,136,89,FF8859,NULL,NULL,NULL
4400,NULL,TOYO 0131,NULL,255,160,118,FFA076,NULL,NULL,NULL
4401,NULL,TOYO 0132,NULL,255,149,104,FF9568,NULL,NULL,NULL
4402,NULL,TOYO 0133,NULL,247,201,181,F7C9B5,NULL,NULL,NULL
4403,NULL,TOYO 0134,NULL,244,206,193,F4CEC1,NULL,NULL,NULL
4404,NULL,TOYO 0135,NULL,247,205,180,F7CDB4,NULL,NULL,NULL
4405,NULL,TOYO 0136,NULL,254,180,149,FEB495,NULL,NULL,NULL
4406,NULL,TOYO 0137,NULL,251,190,157,FBBE9D,NULL,NULL,NULL
4407,NULL,TOYO 0138,NULL,251,192,153,FBC099,NULL,NULL,NULL
4408,NULL,TOYO 0139,NULL,255,147,100,FF9364,NULL,NULL,NULL
4409,NULL,TOYO 0140,NULL,203,83,17,CB5311,NULL,NULL,NULL
4410,NULL,TOYO 0141,NULL,223,140,85,DF8C55,NULL,NULL,NULL
4411,NULL,TOYO 0142,NULL,228,125,70,E47D46,NULL,NULL,NULL
4412,NULL,TOYO 0143,NULL,238,123,51,EE7B33,NULL,NULL,NULL
4413,NULL,TOYO 0144,NULL,255,102,0,FF6600,NULL,NULL,NULL
4414,NULL,TOYO 0145,NULL,255,110,0,FF6E00,NULL,NULL,NULL
4415,NULL,TOYO 0146,NULL,255,123,0,FF7B00,NULL,NULL,NULL
4416,NULL,TOYO 0147,NULL,255,127,43,FF7F2B,NULL,NULL,NULL
4417,NULL,TOYO 0148,NULL,255,133,0,FF8500,NULL,NULL,NULL
4418,NULL,TOYO 0149,NULL,255,163,92,FFA35C,NULL,NULL,NULL
4419,NULL,TOYO 0150,NULL,255,173,116,FFAD74,NULL,NULL,NULL
4420,NULL,TOYO 0151,NULL,253,188,127,FDBC7F,NULL,NULL,NULL
4421,NULL,TOYO 0152,NULL,228,133,60,E4853C,NULL,NULL,NULL
4422,NULL,TOYO 0153,NULL,235,115,0,EB7300,NULL,NULL,NULL
4423,NULL,TOYO 0154,NULL,236,125,0,EC7D00,NULL,NULL,NULL
4424,NULL,TOYO 0155,NULL,239,142,59,EF8E3B,NULL,NULL,NULL
4425,NULL,TOYO 0156,NULL,210,108,9,D26C09,NULL,NULL,NULL
4426,NULL,TOYO 0157,NULL,194,111,21,C26F15,NULL,NULL,NULL
4427,NULL,TOYO 0158,NULL,213,121,17,D57911,NULL,NULL,NULL
4428,NULL,TOYO 0159,NULL,217,132,0,D98400,NULL,NULL,NULL
4429,NULL,TOYO 0160,NULL,234,144,39,EA9027,NULL,NULL,NULL
4430,NULL,TOYO 0161,NULL,255,144,0,FF9000,NULL,NULL,NULL
4431,NULL,TOYO 0162,NULL,255,164,0,FFA400,NULL,NULL,NULL
4432,NULL,TOYO 0163,NULL,255,156,0,FF9C00,NULL,NULL,NULL
4433,NULL,TOYO 0164,NULL,255,176,0,FFB000,NULL,NULL,NULL
4434,NULL,TOYO 0165,NULL,240,158,39,F09E27,NULL,NULL,NULL
4435,NULL,TOYO 0166,NULL,191,127,59,BF7F3B,NULL,NULL,NULL
4436,NULL,TOYO 0167,NULL,182,113,53,B67135,NULL,NULL,NULL
4437,NULL,TOYO 0168,NULL,242,174,104,F2AE68,NULL,NULL,NULL
4438,NULL,TOYO 0169,NULL,255,185,113,FFB971,NULL,NULL,NULL
4439,NULL,TOYO 0170,NULL,255,186,103,FFBA67,NULL,NULL,NULL
4440,NULL,TOYO 0171,NULL,254,190,122,FEBE7A,NULL,NULL,NULL
4441,NULL,TOYO 0172,NULL,252,196,135,FCC487,NULL,NULL,NULL
4442,NULL,TOYO 0173,NULL,243,177,101,F3B165,NULL,NULL,NULL
4443,NULL,TOYO 0174,NULL,243,186,108,F3BA6C,NULL,NULL,NULL
4444,NULL,TOYO 0175,NULL,254,196,98,FEC462,NULL,NULL,NULL
4445,NULL,TOYO 0176,NULL,249,211,134,F9D386,NULL,NULL,NULL
4446,NULL,TOYO 0177,NULL,255,181,54,FFB536,NULL,NULL,NULL
4447,NULL,TOYO 0178,NULL,255,180,18,FFB412,NULL,NULL,NULL
4448,NULL,TOYO 0179,NULL,232,159,7,E89F07,NULL,NULL,NULL
4449,NULL,TOYO 0180,NULL,253,173,0,FDAD00,NULL,NULL,NULL
4450,NULL,TOYO 0181,NULL,198,134,0,C68600,NULL,NULL,NULL
4451,NULL,TOYO 0182,NULL,231,174,0,E7AE00,NULL,NULL,NULL
4452,NULL,TOYO 0183,NULL,255,194,41,FFC229,NULL,NULL,NULL
4453,NULL,TOYO 0184,NULL,251,207,100,FBCF64,NULL,NULL,NULL
4454,NULL,TOYO 0185,NULL,244,223,157,F4DF9D,NULL,NULL,NULL
4455,NULL,TOYO 0186,NULL,246,220,134,F6DC86,NULL,NULL,NULL
4456,NULL,TOYO 0187,NULL,255,193,0,FFC100,NULL,NULL,NULL
4457,NULL,TOYO 0188,NULL,255,197,0,FFC500,NULL,NULL,NULL
4458,NULL,TOYO 0189,NULL,255,200,0,FFC800,NULL,NULL,NULL
4459,NULL,TOYO 0190,NULL,254,204,58,FECC3A,NULL,NULL,NULL
4460,NULL,TOYO 0191,NULL,254,208,58,FED03A,NULL,NULL,NULL
4461,NULL,TOYO 0192,NULL,255,205,0,FFCD00,NULL,NULL,NULL
4462,NULL,TOYO 0193,NULL,226,181,19,E2B513,NULL,NULL,NULL
4463,NULL,TOYO 0194,NULL,221,185,0,DDB900,NULL,NULL,NULL
4464,NULL,TOYO 0195,NULL,191,144,35,BF9023,NULL,NULL,NULL
4465,NULL,TOYO 0196,NULL,187,154,30,BB9A1E,NULL,NULL,NULL
4466,NULL,TOYO 0197,NULL,172,139,31,AC8B1F,NULL,NULL,NULL
4467,NULL,TOYO 0198,NULL,200,170,73,C8AA49,NULL,NULL,NULL
4468,NULL,TOYO 0199,NULL,250,216,96,FAD860,NULL,NULL,NULL
4469,NULL,TOYO 0200,NULL,255,217,0,FFD900,NULL,NULL,NULL
4470,NULL,TOYO 0201,NULL,251,221,0,FBDD00,NULL,NULL,NULL
4471,NULL,TOYO 0202,NULL,252,218,21,FCDA15,NULL,NULL,NULL
4472,NULL,TOYO 0203,NULL,250,225,47,FAE12F,NULL,NULL,NULL
4473,NULL,TOYO 0204,NULL,247,222,106,F7DE6A,NULL,NULL,NULL
4474,NULL,TOYO 0205,NULL,246,221,134,F6DD86,NULL,NULL,NULL
4475,NULL,TOYO 0206,NULL,250,218,69,FADA45,NULL,NULL,NULL
4476,NULL,TOYO 0207,NULL,249,226,70,F9E246,NULL,NULL,NULL
4477,NULL,TOYO 0208,NULL,247,227,97,F7E361,NULL,NULL,NULL
4478,NULL,TOYO 0209,NULL,244,229,135,F4E587,NULL,NULL,NULL
4479,NULL,TOYO 0210,NULL,240,230,174,F0E6AE,NULL,NULL,NULL
4480,NULL,TOYO 0211,NULL,242,228,151,F2E497,NULL,NULL,NULL
4481,NULL,TOYO 0212,NULL,234,227,119,EAE377,NULL,NULL,NULL
4482,NULL,TOYO 0213,NULL,224,212,112,E0D470,NULL,NULL,NULL
4483,NULL,TOYO 0214,NULL,234,220,0,EADC00,NULL,NULL,NULL
4484,NULL,TOYO 0215,NULL,212,192,67,D4C043,NULL,NULL,NULL
4485,NULL,TOYO 0216,NULL,205,184,0,CDB800,NULL,NULL,NULL
4486,NULL,TOYO 0217,NULL,171,153,7,AB9907,NULL,NULL,NULL
4487,NULL,TOYO 0218,NULL,171,159,24,AB9F18,NULL,NULL,NULL
4488,NULL,TOYO 0219,NULL,138,134,31,8A861F,NULL,NULL,NULL
4489,NULL,TOYO 0220,NULL,174,177,0,AEB100,NULL,NULL,NULL
4490,NULL,TOYO 0221,NULL,199,207,0,C7CF00,NULL,NULL,NULL
4491,NULL,TOYO 0222,NULL,178,200,0,B2C800,NULL,NULL,NULL
4492,NULL,TOYO 0223,NULL,185,211,0,B9D300,NULL,NULL,NULL
4493,NULL,TOYO 0224,NULL,201,206,0,C9CE00,NULL,NULL,NULL
4494,NULL,TOYO 0225,NULL,215,218,63,D7DA3F,NULL,NULL,NULL
4495,NULL,TOYO 0226,NULL,208,207,0,D0CF00,NULL,NULL,NULL
4496,NULL,TOYO 0227,NULL,225,220,64,E1DC40,NULL,NULL,NULL
4497,NULL,TOYO 0228,NULL,217,221,103,D9DD67,NULL,NULL,NULL
4498,NULL,TOYO 0229,NULL,227,228,150,E3E496,NULL,NULL,NULL
4499,NULL,TOYO 0230,NULL,209,223,98,D1DF62,NULL,NULL,NULL
4500,NULL,TOYO 0231,NULL,202,224,129,CAE081,NULL,NULL,NULL
4501,NULL,TOYO 0232,NULL,190,203,86,BECB56,NULL,NULL,NULL
4502,NULL,TOYO 0233,NULL,162,186,54,A2BA36,NULL,NULL,NULL
4503,NULL,TOYO 0234,NULL,130,152,48,829830,NULL,NULL,NULL
4504,NULL,TOYO 0235,NULL,149,179,92,95B35C,NULL,NULL,NULL
4505,NULL,TOYO 0236,NULL,175,192,111,AFC06F,NULL,NULL,NULL
4506,NULL,TOYO 0237,NULL,189,215,39,BDD727,NULL,NULL,NULL
4507,NULL,TOYO 0238,NULL,182,217,80,B6D950,NULL,NULL,NULL
4508,NULL,TOYO 0239,NULL,198,218,130,C6DA82,NULL,NULL,NULL
4509,NULL,TOYO 0240,NULL,185,213,104,B9D568,NULL,NULL,NULL
4510,NULL,TOYO 0241,NULL,170,208,99,AAD063,NULL,NULL,NULL
4511,NULL,TOYO 0242,NULL,176,211,114,B0D372,NULL,NULL,NULL
4512,NULL,TOYO 0243,NULL,187,216,134,BBD886,NULL,NULL,NULL
4513,NULL,TOYO 0244,NULL,147,204,67,93CC43,NULL,NULL,NULL
4514,NULL,TOYO 0245,NULL,133,192,35,85C023,NULL,NULL,NULL
4515,NULL,TOYO 0246,NULL,119,174,66,77AE42,NULL,NULL,NULL
4516,NULL,TOYO 0247,NULL,124,164,82,7CA452,NULL,NULL,NULL
4517,NULL,TOYO 0248,NULL,98,193,32,62C120,NULL,NULL,NULL
4518,NULL,TOYO 0249,NULL,127,196,98,7FC462,NULL,NULL,NULL
4519,NULL,TOYO 0250,NULL,156,207,122,9CCF7A,NULL,NULL,NULL
4520,NULL,TOYO 0251,NULL,180,215,147,B4D793,NULL,NULL,NULL
4521,NULL,TOYO 0252,NULL,166,211,143,A6D38F,NULL,NULL,NULL
4522,NULL,TOYO 0253,NULL,127,178,103,7FB267,NULL,NULL,NULL
4523,NULL,TOYO 0254,NULL,104,140,76,688C4C,NULL,NULL,NULL
4524,NULL,TOYO 0255,NULL,99,145,81,639151,NULL,NULL,NULL
4525,NULL,TOYO 0256,NULL,76,149,53,4C9535,NULL,NULL,NULL
4526,NULL,TOYO 0257,NULL,68,155,65,449B41,NULL,NULL,NULL
4527,NULL,TOYO 0258,NULL,87,199,84,57C754,NULL,NULL,NULL
4528,NULL,TOYO 0259,NULL,97,187,80,61BB50,NULL,NULL,NULL
4529,NULL,TOYO 0260,NULL,61,195,85,3DC355,NULL,NULL,NULL
4530,NULL,TOYO 0261,NULL,0,171,51,00AB33,NULL,NULL,NULL
4531,NULL,TOYO 0262,NULL,71,131,68,478344,NULL,NULL,NULL
4532,NULL,TOYO 0263,NULL,67,125,79,437D4F,NULL,NULL,NULL
4533,NULL,TOYO 0264,NULL,24,126,66,187E42,NULL,NULL,NULL
4534,NULL,TOYO 0265,NULL,12,139,73,0C8B49,NULL,NULL,NULL
4535,NULL,TOYO 0266,NULL,0,149,67,009543,NULL,NULL,NULL
4536,NULL,TOYO 0267,NULL,81,152,102,519866,NULL,NULL,NULL
4537,NULL,TOYO 0268,NULL,57,197,115,39C573,NULL,NULL,NULL
4538,NULL,TOYO 0269,NULL,134,215,167,86D7A7,NULL,NULL,NULL
4539,NULL,TOYO 0270,NULL,139,215,159,8BD79F,NULL,NULL,NULL
4540,NULL,TOYO 0271,NULL,85,206,150,55CE96,NULL,NULL,NULL
4541,NULL,TOYO 0272,NULL,0,184,102,00B866,NULL,NULL,NULL
4542,NULL,TOYO 0273,NULL,0,177,99,00B163,NULL,NULL,NULL
4543,NULL,TOYO 0274,NULL,0,164,84,00A454,NULL,NULL,NULL
4544,NULL,TOYO 0275,NULL,0,122,71,007A47,NULL,NULL,NULL
4545,NULL,TOYO 0276,NULL,83,145,109,53916D,NULL,NULL,NULL
4546,NULL,TOYO 0277,NULL,71,188,134,47BC86,NULL,NULL,NULL
4547,NULL,TOYO 0278,NULL,119,200,158,77C89E,NULL,NULL,NULL
4548,NULL,TOYO 0279,NULL,166,214,179,A6D6B3,NULL,NULL,NULL
4549,NULL,TOYO 0280,NULL,0,169,103,00A967,NULL,NULL,NULL
4550,NULL,TOYO 0281,NULL,0,153,88,009958,NULL,NULL,NULL
4551,NULL,TOYO 0282,NULL,0,138,65,008A41,NULL,NULL,NULL
4552,NULL,TOYO 0283,NULL,0,127,89,007F59,NULL,NULL,NULL
4553,NULL,TOYO 0284,NULL,0,131,85,008355,NULL,NULL,NULL
4554,NULL,TOYO 0285,NULL,0,127,82,007F52,NULL,NULL,NULL
4555,NULL,TOYO 0286,NULL,0,105,69,006945,NULL,NULL,NULL
4556,NULL,TOYO 0287,NULL,0,104,75,00684B,NULL,NULL,NULL
4557,NULL,TOYO 0288,NULL,0,179,124,00B37C,NULL,NULL,NULL
4558,NULL,TOYO 0289,NULL,0,183,150,00B796,NULL,NULL,NULL
4559,NULL,TOYO 0290,NULL,0,175,140,00AF8C,NULL,NULL,NULL
4560,NULL,TOYO 0291,NULL,0,171,129,00AB81,NULL,NULL,NULL
4561,NULL,TOYO 0292,NULL,0,153,108,00996C,NULL,NULL,NULL
4562,NULL,TOYO 0293,NULL,0,156,111,009C6F,NULL,NULL,NULL
4563,NULL,TOYO 0294,NULL,0,111,81,006F51,NULL,NULL,NULL
4564,NULL,TOYO 0295,NULL,0,130,89,008259,NULL,NULL,NULL
4565,NULL,TOYO 0296,NULL,0,138,106,008A6A,NULL,NULL,NULL
4566,NULL,TOYO 0297,NULL,0,150,115,009673,NULL,NULL,NULL
4567,NULL,TOYO 0298,NULL,0,122,97,007A61,NULL,NULL,NULL
4568,NULL,TOYO 0299,NULL,0,109,88,006D58,NULL,NULL,NULL
4569,NULL,TOYO 0300,NULL,0,135,110,00876E,NULL,NULL,NULL
4570,NULL,TOYO 0301,NULL,0,167,142,00A78E,NULL,NULL,NULL
4571,NULL,TOYO 0302,NULL,0,181,154,00B59A,NULL,NULL,NULL
4572,NULL,TOYO 0303,NULL,0,180,157,00B49D,NULL,NULL,NULL
4573,NULL,TOYO 0304,NULL,63,207,182,3FCFB6,NULL,NULL,NULL
4574,NULL,TOYO 0305,NULL,160,207,187,A0CFBB,NULL,NULL,NULL
4575,NULL,TOYO 0306,NULL,161,222,204,A1DECC,NULL,NULL,NULL
4576,NULL,TOYO 0307,NULL,100,199,180,64C7B4,NULL,NULL,NULL
4577,NULL,TOYO 0308,NULL,0,160,139,00A08B,NULL,NULL,NULL
4578,NULL,TOYO 0309,NULL,0,145,122,00917A,NULL,NULL,NULL
4579,NULL,TOYO 0310,NULL,0,164,150,00A496,NULL,NULL,NULL
4580,NULL,TOYO 0311,NULL,0,146,128,009280,NULL,NULL,NULL
4581,NULL,TOYO 0312,NULL,40,145,128,289180,NULL,NULL,NULL
4582,NULL,TOYO 0313,NULL,0,169,148,00A994,NULL,NULL,NULL
4583,NULL,TOYO 0314,NULL,172,217,203,ACD9CB,NULL,NULL,NULL
4584,NULL,TOYO 0315,NULL,136,208,197,88D0C5,NULL,NULL,NULL
4585,NULL,TOYO 0316,NULL,22,203,195,16CBC3,NULL,NULL,NULL
4586,NULL,TOYO 0317,NULL,0,196,186,00C4BA,NULL,NULL,NULL
4587,NULL,TOYO 0318,NULL,0,165,156,00A59C,NULL,NULL,NULL
4588,NULL,TOYO 0319,NULL,0,139,128,008B80,NULL,NULL,NULL
4589,NULL,TOYO 0320,NULL,0,128,122,00807A,NULL,NULL,NULL
4590,NULL,TOYO 0321,NULL,0,99,86,006356,NULL,NULL,NULL
4591,NULL,TOYO 0322,NULL,0,86,78,00564E,NULL,NULL,NULL
4592,NULL,TOYO 0323,NULL,0,106,93,006A5D,NULL,NULL,NULL
4593,NULL,TOYO 0324,NULL,0,131,117,008375,NULL,NULL,NULL
4594,NULL,TOYO 0325,NULL,0,133,118,008576,NULL,NULL,NULL
4595,NULL,TOYO 0326,NULL,0,159,150,009F96,NULL,NULL,NULL
4596,NULL,TOYO 0327,NULL,30,190,189,1EBEBD,NULL,NULL,NULL
4597,NULL,TOYO 0328,NULL,0,180,176,00B4B0,NULL,NULL,NULL
4598,NULL,TOYO 0329,NULL,0,156,153,009C99,NULL,NULL,NULL
4599,NULL,TOYO 0330,NULL,0,97,89,006159,NULL,NULL,NULL
4600,NULL,TOYO 0331,NULL,0,134,130,008682,NULL,NULL,NULL
4601,NULL,TOYO 0332,NULL,0,150,151,009697,NULL,NULL,NULL
4602,NULL,TOYO 0333,NULL,0,130,131,008283,NULL,NULL,NULL
4603,NULL,TOYO 0334,NULL,0,122,128,007A80,NULL,NULL,NULL
4604,NULL,TOYO 0335,NULL,0,127,131,007F83,NULL,NULL,NULL
4605,NULL,TOYO 0336,NULL,0,128,140,00808C,NULL,NULL,NULL
4606,NULL,TOYO 0337,NULL,0,146,157,00929D,NULL,NULL,NULL
4607,NULL,TOYO 0338,NULL,0,155,168,009BA8,NULL,NULL,NULL
4608,NULL,TOYO 0339,NULL,0,195,200,00C3C8,NULL,NULL,NULL
4609,NULL,TOYO 0340,NULL,103,208,209,67D0D1,NULL,NULL,NULL
4610,NULL,TOYO 0341,NULL,175,218,213,AFDAD5,NULL,NULL,NULL
4611,NULL,TOYO 0342,NULL,139,209,209,8BD1D1,NULL,NULL,NULL
4612,NULL,TOYO 0343,NULL,66,195,202,42C3CA,NULL,NULL,NULL
4613,NULL,TOYO 0344,NULL,0,187,196,00BBC4,NULL,NULL,NULL
4614,NULL,TOYO 0345,NULL,53,176,182,35B0B6,NULL,NULL,NULL
4615,NULL,TOYO 0346,NULL,61,195,204,3DC3CC,NULL,NULL,NULL
4616,NULL,TOYO 0347,NULL,0,174,187,00AEBB,NULL,NULL,NULL
4617,NULL,TOYO 0348,NULL,0,144,161,0090A1,NULL,NULL,NULL
4618,NULL,TOYO 0349,NULL,0,162,189,00A2BD,NULL,NULL,NULL
4619,NULL,TOYO 0350,NULL,0,168,187,00A8BB,NULL,NULL,NULL
4620,NULL,TOYO 0351,NULL,0,107,121,006B79,NULL,NULL,NULL
4621,NULL,TOYO 0352,NULL,0,115,131,007383,NULL,NULL,NULL
4622,NULL,TOYO 0353,NULL,0,135,157,00879D,NULL,NULL,NULL
4623,NULL,TOYO 0354,NULL,0,135,159,00879F,NULL,NULL,NULL
4624,NULL,TOYO 0355,NULL,0,109,127,006D7F,NULL,NULL,NULL
4625,NULL,TOYO 0356,NULL,0,104,126,00687E,NULL,NULL,NULL
4626,NULL,TOYO 0357,NULL,0,125,169,007DA9,NULL,NULL,NULL
4627,NULL,TOYO 0358,NULL,0,129,149,008195,NULL,NULL,NULL
4628,NULL,TOYO 0359,NULL,0,188,212,00BCD4,NULL,NULL,NULL
4629,NULL,TOYO 0360,NULL,104,205,219,68CDDB,NULL,NULL,NULL
4630,NULL,TOYO 0361,NULL,111,206,220,6FCEDC,NULL,NULL,NULL
4631,NULL,TOYO 0362,NULL,0,170,210,00AAD2,NULL,NULL,NULL
4632,NULL,TOYO 0363,NULL,0,147,188,0093BC,NULL,NULL,NULL
4633,NULL,TOYO 0364,NULL,0,131,172,0083AC,NULL,NULL,NULL
4634,NULL,TOYO 0365,NULL,0,108,143,006C8F,NULL,NULL,NULL
4635,NULL,TOYO 0366,NULL,0,105,139,00698B,NULL,NULL,NULL
4636,NULL,TOYO 0367,NULL,0,155,197,009BC5,NULL,NULL,NULL
4637,NULL,TOYO 0368,NULL,0,177,212,00B1D4,NULL,NULL,NULL
4638,NULL,TOYO 0369,NULL,151,205,215,97CDD7,NULL,NULL,NULL
4639,NULL,TOYO 0370,NULL,166,210,217,A6D2D9,NULL,NULL,NULL
4640,NULL,TOYO 0371,NULL,0,157,182,009DB6,NULL,NULL,NULL
4641,NULL,TOYO 0372,NULL,0,129,165,0081A5,NULL,NULL,NULL
4642,NULL,TOYO 0373,NULL,0,125,155,007D9B,NULL,NULL,NULL
4643,NULL,TOYO 0374,NULL,0,128,182,0080B6,NULL,NULL,NULL
4644,NULL,TOYO 0375,NULL,0,140,192,008CC0,NULL,NULL,NULL
4645,NULL,TOYO 0376,NULL,0,137,194,0089C2,NULL,NULL,NULL
4646,NULL,TOYO 0377,NULL,0,117,166,0075A6,NULL,NULL,NULL
4647,NULL,TOYO 0378,NULL,0,114,162,0072A2,NULL,NULL,NULL
4648,NULL,TOYO 0379,NULL,0,84,124,00547C,NULL,NULL,NULL
4649,NULL,TOYO 0380,NULL,0,121,176,0079B0,NULL,NULL,NULL
4650,NULL,TOYO 0381,NULL,0,120,174,0078AE,NULL,NULL,NULL
4651,NULL,TOYO 0382,NULL,0,124,197,007CC5,NULL,NULL,NULL
4652,NULL,TOYO 0383,NULL,0,155,212,009BD4,NULL,NULL,NULL
4653,NULL,TOYO 0384,NULL,0,160,213,00A0D5,NULL,NULL,NULL
4654,NULL,TOYO 0385,NULL,0,187,221,00BBDD,NULL,NULL,NULL
4655,NULL,TOYO 0386,NULL,60,176,195,3CB0C3,NULL,NULL,NULL
4656,NULL,TOYO 0387,NULL,187,219,224,BBDBE0,NULL,NULL,NULL
4657,NULL,TOYO 0388,NULL,140,206,222,8CCEDE,NULL,NULL,NULL
4658,NULL,TOYO 0389,NULL,0,177,218,00B1DA,NULL,NULL,NULL
4659,NULL,TOYO 0390,NULL,0,159,209,009FD1,NULL,NULL,NULL
4660,NULL,TOYO 0391,NULL,0,126,172,007EAC,NULL,NULL,NULL
4661,NULL,TOYO 0392,NULL,66,179,211,42B3D3,NULL,NULL,NULL
4662,NULL,TOYO 0393,NULL,112,195,221,70C3DD,NULL,NULL,NULL
4663,NULL,TOYO 0394,NULL,174,210,222,AED2DE,NULL,NULL,NULL
4664,NULL,TOYO 0395,NULL,63,177,214,3FB1D6,NULL,NULL,NULL
4665,NULL,TOYO 0396,NULL,69,179,218,45B3DA,NULL,NULL,NULL
4666,NULL,TOYO 0397,NULL,113,180,213,71B4D5,NULL,NULL,NULL
4667,NULL,TOYO 0398,NULL,160,204,221,A0CCDD,NULL,NULL,NULL
4668,NULL,TOYO 0399,NULL,0,151,202,0097CA,NULL,NULL,NULL
4669,NULL,TOYO 0400,NULL,0,122,192,007AC0,NULL,NULL,NULL
4670,NULL,TOYO 0401,NULL,0,100,142,00648E,NULL,NULL,NULL
4671,NULL,TOYO 0402,NULL,27,101,136,1B6588,NULL,NULL,NULL
4672,NULL,TOYO 0403,NULL,0,140,206,008CCE,NULL,NULL,NULL
4673,NULL,TOYO 0404,NULL,0,116,193,0074C1,NULL,NULL,NULL
4674,NULL,TOYO 0405,NULL,0,100,174,0064AE,NULL,NULL,NULL
4675,NULL,TOYO 0406,NULL,0,94,171,005EAB,NULL,NULL,NULL
4676,NULL,TOYO 0407,NULL,0,96,162,0060A2,NULL,NULL,NULL
4677,NULL,TOYO 0408,NULL,0,79,137,004F89,NULL,NULL,NULL
4678,NULL,TOYO 0409,NULL,0,85,137,005589,NULL,NULL,NULL
4679,NULL,TOYO 0410,NULL,0,122,187,007ABB,NULL,NULL,NULL
4680,NULL,TOYO 0411,NULL,0,143,207,008FCF,NULL,NULL,NULL
4681,NULL,TOYO 0412,NULL,0,103,185,0067B9,NULL,NULL,NULL
4682,NULL,TOYO 0413,NULL,0,103,186,0067BA,NULL,NULL,NULL
4683,NULL,TOYO 0414,NULL,0,93,175,005DAF,NULL,NULL,NULL
4684,NULL,TOYO 0415,NULL,0,134,202,0086CA,NULL,NULL,NULL
4685,NULL,TOYO 0416,NULL,0,107,189,006BBD,NULL,NULL,NULL
4686,NULL,TOYO 0417,NULL,0,101,185,0065B9,NULL,NULL,NULL
4687,NULL,TOYO 0418,NULL,0,85,161,0055A1,NULL,NULL,NULL
4688,NULL,TOYO 0419,NULL,49,138,193,318AC1,NULL,NULL,NULL
4689,NULL,TOYO 0420,NULL,73,156,203,499CCB,NULL,NULL,NULL
4690,NULL,TOYO 0421,NULL,101,167,207,65A7CF,NULL,NULL,NULL
4691,NULL,TOYO 0422,NULL,117,174,210,75AED2,NULL,NULL,NULL
4692,NULL,TOYO 0423,NULL,156,191,216,9CBFD8,NULL,NULL,NULL
4693,NULL,TOYO 0424,NULL,127,174,209,7FAED1,NULL,NULL,NULL
4694,NULL,TOYO 0425,NULL,128,172,205,80ACCD,NULL,NULL,NULL
4695,NULL,TOYO 0426,NULL,140,177,210,8CB1D2,NULL,NULL,NULL
4696,NULL,TOYO 0427,NULL,59,139,196,3B8BC4,NULL,NULL,NULL
4697,NULL,TOYO 0428,NULL,26,126,188,1A7EBC,NULL,NULL,NULL
4698,NULL,TOYO 0429,NULL,16,99,147,106393,NULL,NULL,NULL
4699,NULL,TOYO 0430,NULL,82,128,161,5280A1,NULL,NULL,NULL
4700,NULL,TOYO 0431,NULL,0,97,163,0061A3,NULL,NULL,NULL
4701,NULL,TOYO 0432,NULL,0,85,176,0055B0,NULL,NULL,NULL
4702,NULL,TOYO 0433,NULL,0,73,151,004997,NULL,NULL,NULL
4703,NULL,TOYO 0434,NULL,0,84,182,0054B6,NULL,NULL,NULL
4704,NULL,TOYO 0435,NULL,0,68,165,0044A5,NULL,NULL,NULL
4705,NULL,TOYO 0436,NULL,0,112,192,0070C0,NULL,NULL,NULL
4706,NULL,TOYO 0437,NULL,79,153,207,4F99CF,NULL,NULL,NULL
4707,NULL,TOYO 0438,NULL,136,172,208,88ACD0,NULL,NULL,NULL
4708,NULL,TOYO 0439,NULL,120,158,202,789ECA,NULL,NULL,NULL
4709,NULL,TOYO 0440,NULL,71,135,191,4787BF,NULL,NULL,NULL
4710,NULL,TOYO 0441,NULL,0,73,149,004995,NULL,NULL,NULL
4711,NULL,TOYO 0442,NULL,0,81,172,0051AC,NULL,NULL,NULL
4712,NULL,TOYO 0443,NULL,0,68,155,00449B,NULL,NULL,NULL
4713,NULL,TOYO 0444,NULL,23,94,165,175EA5,NULL,NULL,NULL
4714,NULL,TOYO 0445,NULL,55,116,179,3774B3,NULL,NULL,NULL
4715,NULL,TOYO 0446,NULL,120,160,202,78A0CA,NULL,NULL,NULL
4716,NULL,TOYO 0447,NULL,94,128,185,5E80B9,NULL,NULL,NULL
4717,NULL,TOYO 0448,NULL,63,107,172,3F6BAC,NULL,NULL,NULL
4718,NULL,TOYO 0449,NULL,0,59,161,003BA1,NULL,NULL,NULL
4719,NULL,TOYO 0450,NULL,0,42,139,002A8B,NULL,NULL,NULL
4720,NULL,TOYO 0451,NULL,57,89,152,395998,NULL,NULL,NULL
4721,NULL,TOYO 0452,NULL,100,127,185,647FB9,NULL,NULL,NULL
4722,NULL,TOYO 0453,NULL,121,134,188,7986BC,NULL,NULL,NULL
4723,NULL,TOYO 0454,NULL,148,162,193,94A2C1,NULL,NULL,NULL
4724,NULL,TOYO 0455,NULL,157,166,199,9DA6C7,NULL,NULL,NULL
4725,NULL,TOYO 0456,NULL,142,153,194,8E99C2,NULL,NULL,NULL
4726,NULL,TOYO 0457,NULL,115,125,183,737DB7,NULL,NULL,NULL
4727,NULL,TOYO 0458,NULL,85,91,160,555BA0,NULL,NULL,NULL
4728,NULL,TOYO 0459,NULL,49,48,139,31308B,NULL,NULL,NULL
4729,NULL,TOYO 0460,NULL,28,35,117,1C2375,NULL,NULL,NULL
4730,NULL,TOYO 0461,NULL,45,51,124,2D337C,NULL,NULL,NULL
4731,NULL,TOYO 0462,NULL,53,30,131,351E83,NULL,NULL,NULL
4732,NULL,TOYO 0463,NULL,70,60,134,463C86,NULL,NULL,NULL
4733,NULL,TOYO 0464,NULL,112,100,180,7064B4,NULL,NULL,NULL
4734,NULL,TOYO 0465,NULL,141,143,192,8D8FC0,NULL,NULL,NULL
4735,NULL,TOYO 0466,NULL,170,164,202,AAA4CA,NULL,NULL,NULL
4736,NULL,TOYO 0467,NULL,133,125,182,857DB6,NULL,NULL,NULL
4737,NULL,TOYO 0468,NULL,119,108,171,776CAB,NULL,NULL,NULL
4738,NULL,TOYO 0469,NULL,119,111,162,776FA2,NULL,NULL,NULL
4739,NULL,TOYO 0470,NULL,103,94,136,675E88,NULL,NULL,NULL
4740,NULL,TOYO 0471,NULL,99,90,126,635A7E,NULL,NULL,NULL
4741,NULL,TOYO 0472,NULL,164,151,205,A497CD,NULL,NULL,NULL
4742,NULL,TOYO 0473,NULL,198,190,217,C6BED9,NULL,NULL,NULL
4743,NULL,TOYO 0474,NULL,188,175,211,BCAFD3,NULL,NULL,NULL
4744,NULL,TOYO 0475,NULL,142,115,187,8E73BB,NULL,NULL,NULL
4745,NULL,TOYO 0476,NULL,85,69,143,55458F,NULL,NULL,NULL
4746,NULL,TOYO 0477,NULL,91,41,137,5B2989,NULL,NULL,NULL
4747,NULL,TOYO 0478,NULL,86,71,123,56477B,NULL,NULL,NULL
4748,NULL,TOYO 0479,NULL,94,70,121,5E4679,NULL,NULL,NULL
4749,NULL,TOYO 0480,NULL,99,58,134,633A86,NULL,NULL,NULL
4750,NULL,TOYO 0481,NULL,121,77,176,794DB0,NULL,NULL,NULL
4751,NULL,TOYO 0482,NULL,175,148,197,AF94C5,NULL,NULL,NULL
4752,NULL,TOYO 0483,NULL,169,144,196,A990C4,NULL,NULL,NULL
4753,NULL,TOYO 0484,NULL,199,184,212,C7B8D4,NULL,NULL,NULL
4754,NULL,TOYO 0485,NULL,201,187,213,C9BBD5,NULL,NULL,NULL
4755,NULL,TOYO 0486,NULL,184,165,203,B8A5CB,NULL,NULL,NULL
4756,NULL,TOYO 0487,NULL,202,175,214,CAAFD6,NULL,NULL,NULL
4757,NULL,TOYO 0488,NULL,144,120,164,9078A4,NULL,NULL,NULL
4758,NULL,TOYO 0489,NULL,173,133,200,AD85C8,NULL,NULL,NULL
4759,NULL,TOYO 0490,NULL,130,58,167,823AA7,NULL,NULL,NULL
4760,NULL,TOYO 0491,NULL,112,59,135,703B87,NULL,NULL,NULL
4761,NULL,TOYO 0492,NULL,128,18,147,801293,NULL,NULL,NULL
4762,NULL,TOYO 0493,NULL,134,76,148,864C94,NULL,NULL,NULL
4763,NULL,TOYO 0494,NULL,143,66,149,8F4295,NULL,NULL,NULL
4764,NULL,TOYO 0495,NULL,144,61,146,903D92,NULL,NULL,NULL
4765,NULL,TOYO 0496,NULL,119,69,130,774582,NULL,NULL,NULL
4766,NULL,TOYO 0497,NULL,151,99,169,9763A9,NULL,NULL,NULL
4767,NULL,TOYO 0498,NULL,147,106,153,936A99,NULL,NULL,NULL
4768,NULL,TOYO 0499,NULL,190,158,191,BE9EBF,NULL,NULL,NULL
4769,NULL,TOYO 0500,NULL,186,121,179,BA79B3,NULL,NULL,NULL
4770,NULL,TOYO 0501,NULL,221,160,205,DDA0CD,NULL,NULL,NULL
4771,NULL,TOYO 0502,NULL,224,176,212,E0B0D4,NULL,NULL,NULL
4772,NULL,TOYO 0503,NULL,218,178,207,DAB2CF,NULL,NULL,NULL
4773,NULL,TOYO 0504,NULL,219,193,212,DBC1D4,NULL,NULL,NULL
4774,NULL,TOYO 0505,NULL,232,184,214,E8B8D6,NULL,NULL,NULL
4775,NULL,TOYO 0506,NULL,229,167,209,E5A7D1,NULL,NULL,NULL
4776,NULL,TOYO 0507,NULL,219,126,196,DB7EC4,NULL,NULL,NULL
4777,NULL,TOYO 0508,NULL,187,90,182,BB5AB6,NULL,NULL,NULL
4778,NULL,TOYO 0509,NULL,174,31,157,AE1F9D,NULL,NULL,NULL
4779,NULL,TOYO 0510,NULL,160,0,146,A00092,NULL,NULL,NULL
4780,NULL,TOYO 0511,NULL,128,39,125,80277D,NULL,NULL,NULL
4781,NULL,TOYO 0512,NULL,151,61,142,973D8E,NULL,NULL,NULL
4782,NULL,TOYO 0513,NULL,175,0,131,AF0083,NULL,NULL,NULL
4783,NULL,TOYO 0514,NULL,166,38,124,A6267C,NULL,NULL,NULL
4784,NULL,TOYO 0515,NULL,153,74,131,994A83,NULL,NULL,NULL
4785,NULL,TOYO 0516,NULL,165,80,138,A5508A,NULL,NULL,NULL
4786,NULL,TOYO 0517,NULL,255,113,204,FF71CC,NULL,NULL,NULL
4787,NULL,TOYO 0518,NULL,255,134,202,FF86CA,NULL,NULL,NULL
4788,NULL,TOYO 0519,NULL,255,130,184,FF82B8,NULL,NULL,NULL
4789,NULL,TOYO 0520,NULL,255,142,161,FF8EA1,NULL,NULL,NULL
4790,NULL,TOYO 0521,NULL,255,173,149,FFAD95,NULL,NULL,NULL
4791,NULL,TOYO 0522,NULL,255,186,128,FFBA80,NULL,NULL,NULL
4792,NULL,TOYO 0523,NULL,255,210,129,FFD281,NULL,NULL,NULL
4793,NULL,TOYO 0524,NULL,248,252,125,F8FC7D,NULL,NULL,NULL
4794,NULL,TOYO 0525,NULL,166,239,132,A6EF84,NULL,NULL,NULL
4795,NULL,TOYO 0526,NULL,0,133,201,0085C9,NULL,NULL,NULL
4796,NULL,TOYO 0527,NULL,181,139,126,B58B7E,NULL,NULL,NULL
4797,NULL,TOYO 0528,NULL,212,168,160,D4A8A0,NULL,NULL,NULL
4798,NULL,TOYO 0529,NULL,212,145,135,D49187,NULL,NULL,NULL
4799,NULL,TOYO 0530,NULL,222,139,124,DE8B7C,NULL,NULL,NULL
4800,NULL,TOYO 0531,NULL,236,145,115,EC9173,NULL,NULL,NULL
4801,NULL,TOYO 0532,NULL,240,151,121,F09779,NULL,NULL,NULL
4802,NULL,TOYO 0533,NULL,235,169,136,EBA988,NULL,NULL,NULL
4803,NULL,TOYO 0534,NULL,237,167,126,EDA77E,NULL,NULL,NULL
4804,NULL,TOYO 0535,NULL,197,141,113,C58D71,NULL,NULL,NULL
4805,NULL,TOYO 0536,NULL,201,147,134,C99386,NULL,NULL,NULL
4806,NULL,TOYO 0537,NULL,210,184,178,D2B8B2,NULL,NULL,NULL
4807,NULL,TOYO 0538,NULL,204,155,123,CC9B7B,NULL,NULL,NULL
4808,NULL,TOYO 0539,NULL,227,167,127,E3A77F,NULL,NULL,NULL
4809,NULL,TOYO 0540,NULL,215,156,109,D79C6D,NULL,NULL,NULL
4810,NULL,TOYO 0541,NULL,231,175,148,E7AF94,NULL,NULL,NULL
4811,NULL,TOYO 0542,NULL,212,153,111,D4996F,NULL,NULL,NULL
4812,NULL,TOYO 0543,NULL,198,162,127,C6A27F,NULL,NULL,NULL
4813,NULL,TOYO 0544,NULL,203,135,100,CB8764,NULL,NULL,NULL
4814,NULL,TOYO 0545,NULL,134,105,91,86695B,NULL,NULL,NULL
4815,NULL,TOYO 0546,NULL,140,116,99,8C7463,NULL,NULL,NULL
4816,NULL,TOYO 0547,NULL,166,137,123,A6897B,NULL,NULL,NULL
4817,NULL,TOYO 0548,NULL,161,144,132,A19084,NULL,NULL,NULL
4818,NULL,TOYO 0549,NULL,184,168,155,B8A89B,NULL,NULL,NULL
4819,NULL,TOYO 0550,NULL,201,178,160,C9B2A0,NULL,NULL,NULL
4820,NULL,TOYO 0551,NULL,197,176,157,C5B09D,NULL,NULL,NULL
4821,NULL,TOYO 0552,NULL,215,197,188,D7C5BC,NULL,NULL,NULL
4822,NULL,TOYO 0553,NULL,219,205,194,DBCDC2,NULL,NULL,NULL
4823,NULL,TOYO 0554,NULL,223,208,202,DFD0CA,NULL,NULL,NULL
4824,NULL,TOYO 0555,NULL,233,210,209,E9D2D1,NULL,NULL,NULL
4825,NULL,TOYO 0556,NULL,241,209,204,F1D1CC,NULL,NULL,NULL
4826,NULL,TOYO 0557,NULL,239,213,206,EFD5CE,NULL,NULL,NULL
4827,NULL,TOYO 0558,NULL,240,215,206,F0D7CE,NULL,NULL,NULL
4828,NULL,TOYO 0559,NULL,242,215,195,F2D7C3,NULL,NULL,NULL
4829,NULL,TOYO 0560,NULL,221,197,184,DDC5B8,NULL,NULL,NULL
4830,NULL,TOYO 0561,NULL,227,215,199,E3D7C7,NULL,NULL,NULL
4831,NULL,TOYO 0562,NULL,229,214,201,E5D6C9,NULL,NULL,NULL
4832,NULL,TOYO 0563,NULL,230,215,200,E6D7C8,NULL,NULL,NULL
4833,NULL,TOYO 0564,NULL,231,210,187,E7D2BB,NULL,NULL,NULL
4834,NULL,TOYO 0565,NULL,230,211,190,E6D3BE,NULL,NULL,NULL
4835,NULL,TOYO 0566,NULL,242,218,182,F2DAB6,NULL,NULL,NULL
4836,NULL,TOYO 0567,NULL,242,221,187,F2DDBB,NULL,NULL,NULL
4837,NULL,TOYO 0568,NULL,236,224,200,ECE0C8,NULL,NULL,NULL
4838,NULL,TOYO 0569,NULL,244,206,162,F4CEA2,NULL,NULL,NULL
4839,NULL,TOYO 0570,NULL,244,203,163,F4CBA3,NULL,NULL,NULL
4840,NULL,TOYO 0571,NULL,231,190,158,E7BE9E,NULL,NULL,NULL
4841,NULL,TOYO 0572,NULL,216,188,167,D8BCA7,NULL,NULL,NULL
4842,NULL,TOYO 0573,NULL,238,202,161,EECAA1,NULL,NULL,NULL
4843,NULL,TOYO 0574,NULL,236,204,163,ECCCA3,NULL,NULL,NULL
4844,NULL,TOYO 0575,NULL,214,184,142,D6B88E,NULL,NULL,NULL
4845,NULL,TOYO 0576,NULL,218,193,166,DAC1A6,NULL,NULL,NULL
4846,NULL,TOYO 0577,NULL,223,201,176,DFC9B0,NULL,NULL,NULL
4847,NULL,TOYO 0578,NULL,203,177,153,CBB199,NULL,NULL,NULL
4848,NULL,TOYO 0579,NULL,213,188,161,D5BCA1,NULL,NULL,NULL
4849,NULL,TOYO 0580,NULL,193,166,142,C1A68E,NULL,NULL,NULL
4850,NULL,TOYO 0581,NULL,221,172,116,DDAC74,NULL,NULL,NULL
4851,NULL,TOYO 0582,NULL,214,174,127,D6AE7F,NULL,NULL,NULL
4852,NULL,TOYO 0583,NULL,206,156,102,CE9C66,NULL,NULL,NULL
4853,NULL,TOYO 0584,NULL,204,150,75,CC964B,NULL,NULL,NULL
4854,NULL,TOYO 0585,NULL,188,156,115,BC9C73,NULL,NULL,NULL
4855,NULL,TOYO 0586,NULL,168,153,121,A89979,NULL,NULL,NULL
4856,NULL,TOYO 0587,NULL,159,137,99,9F8963,NULL,NULL,NULL
4857,NULL,TOYO 0588,NULL,160,141,110,A08D6E,NULL,NULL,NULL
4858,NULL,TOYO 0589,NULL,184,169,141,B8A98D,NULL,NULL,NULL
4859,NULL,TOYO 0590,NULL,166,143,104,A68F68,NULL,NULL,NULL
4860,NULL,TOYO 0591,NULL,182,176,158,B6B09E,NULL,NULL,NULL
4861,NULL,TOYO 0592,NULL,193,178,148,C1B294,NULL,NULL,NULL
4862,NULL,TOYO 0593,NULL,210,182,135,D2B687,NULL,NULL,NULL
4863,NULL,TOYO 0594,NULL,214,193,160,D6C1A0,NULL,NULL,NULL
4864,NULL,TOYO 0595,NULL,204,193,166,CCC1A6,NULL,NULL,NULL
4865,NULL,TOYO 0596,NULL,215,208,188,D7D0BC,NULL,NULL,NULL
4866,NULL,TOYO 0597,NULL,219,207,181,DBCFB5,NULL,NULL,NULL
4867,NULL,TOYO 0598,NULL,221,199,164,DDC7A4,NULL,NULL,NULL
4868,NULL,TOYO 0599,NULL,241,225,185,F1E1B9,NULL,NULL,NULL
4869,NULL,TOYO 0600,NULL,238,228,194,EEE4C2,NULL,NULL,NULL
4870,NULL,TOYO 0601,NULL,239,229,191,EFE5BF,NULL,NULL,NULL
4871,NULL,TOYO 0602,NULL,238,229,192,EEE5C0,NULL,NULL,NULL
4872,NULL,TOYO 0603,NULL,234,229,197,EAE5C5,NULL,NULL,NULL
4873,NULL,TOYO 0604,NULL,217,212,184,D9D4B8,NULL,NULL,NULL
4874,NULL,TOYO 0605,NULL,233,218,160,E9DAA0,NULL,NULL,NULL
4875,NULL,TOYO 0606,NULL,219,201,130,DBC982,NULL,NULL,NULL
4876,NULL,TOYO 0607,NULL,209,201,138,D1C98A,NULL,NULL,NULL
4877,NULL,TOYO 0608,NULL,197,187,132,C5BB84,NULL,NULL,NULL
4878,NULL,TOYO 0609,NULL,157,155,103,9D9B67,NULL,NULL,NULL
4879,NULL,TOYO 0610,NULL,152,148,121,989479,NULL,NULL,NULL
4880,NULL,TOYO 0611,NULL,171,166,144,ABA690,NULL,NULL,NULL
4881,NULL,TOYO 0612,NULL,180,185,126,B4B97E,NULL,NULL,NULL
4882,NULL,TOYO 0613,NULL,193,206,134,C1CE86,NULL,NULL,NULL
4883,NULL,TOYO 0614,NULL,185,202,134,B9CA86,NULL,NULL,NULL
4884,NULL,TOYO 0615,NULL,172,189,133,ACBD85,NULL,NULL,NULL
4885,NULL,TOYO 0616,NULL,148,166,125,94A67D,NULL,NULL,NULL
4886,NULL,TOYO 0617,NULL,188,195,154,BCC39A,NULL,NULL,NULL
4887,NULL,TOYO 0618,NULL,193,198,168,C1C6A8,NULL,NULL,NULL
4888,NULL,TOYO 0619,NULL,198,196,182,C6C4B6,NULL,NULL,NULL
4889,NULL,TOYO 0620,NULL,221,222,201,DDDEC9,NULL,NULL,NULL
4890,NULL,TOYO 0621,NULL,225,225,192,E1E1C0,NULL,NULL,NULL
4891,NULL,TOYO 0622,NULL,224,230,197,E0E6C5,NULL,NULL,NULL
4892,NULL,TOYO 0623,NULL,207,218,193,CFDAC1,NULL,NULL,NULL
4893,NULL,TOYO 0624,NULL,211,228,207,D3E4CF,NULL,NULL,NULL
4894,NULL,TOYO 0625,NULL,163,203,145,A3CB91,NULL,NULL,NULL
4895,NULL,TOYO 0626,NULL,163,217,173,A3D9AD,NULL,NULL,NULL
4896,NULL,TOYO 0627,NULL,217,222,212,D9DED4,NULL,NULL,NULL
4897,NULL,TOYO 0628,NULL,196,206,194,C4CEC2,NULL,NULL,NULL
4898,NULL,TOYO 0629,NULL,187,201,187,BBC9BB,NULL,NULL,NULL
4899,NULL,TOYO 0630,NULL,170,178,156,AAB29C,NULL,NULL,NULL
4900,NULL,TOYO 0631,NULL,161,179,158,A1B39E,NULL,NULL,NULL
4901,NULL,TOYO 0632,NULL,139,173,144,8BAD90,NULL,NULL,NULL
4902,NULL,TOYO 0633,NULL,119,177,135,77B187,NULL,NULL,NULL
4903,NULL,TOYO 0634,NULL,138,168,149,8AA895,NULL,NULL,NULL
4904,NULL,TOYO 0635,NULL,119,164,135,77A487,NULL,NULL,NULL
4905,NULL,TOYO 0636,NULL,108,161,144,6CA190,NULL,NULL,NULL
4906,NULL,TOYO 0637,NULL,93,157,146,5D9D92,NULL,NULL,NULL
4907,NULL,TOYO 0638,NULL,97,130,108,61826C,NULL,NULL,NULL
4908,NULL,TOYO 0639,NULL,68,139,116,448B74,NULL,NULL,NULL
4909,NULL,TOYO 0640,NULL,72,145,128,489180,NULL,NULL,NULL
4910,NULL,TOYO 0641,NULL,20,159,138,149F8A,NULL,NULL,NULL
4911,NULL,TOYO 0642,NULL,96,148,132,609484,NULL,NULL,NULL
4912,NULL,TOYO 0643,NULL,53,157,144,359D90,NULL,NULL,NULL
4913,NULL,TOYO 0644,NULL,119,155,143,779B8F,NULL,NULL,NULL
4914,NULL,TOYO 0645,NULL,97,174,151,61AE97,NULL,NULL,NULL
4915,NULL,TOYO 0646,NULL,123,179,162,7BB3A2,NULL,NULL,NULL
4916,NULL,TOYO 0647,NULL,124,176,164,7CB0A4,NULL,NULL,NULL
4917,NULL,TOYO 0648,NULL,176,192,183,B0C0B7,NULL,NULL,NULL
4918,NULL,TOYO 0649,NULL,157,199,190,9DC7BE,NULL,NULL,NULL
4919,NULL,TOYO 0650,NULL,196,213,201,C4D5C9,NULL,NULL,NULL
4920,NULL,TOYO 0651,NULL,205,225,213,CDE1D5,NULL,NULL,NULL
4921,NULL,TOYO 0652,NULL,192,223,214,C0DFD6,NULL,NULL,NULL
4922,NULL,TOYO 0653,NULL,144,165,160,90A5A0,NULL,NULL,NULL
4923,NULL,TOYO 0654,NULL,162,166,158,A2A69E,NULL,NULL,NULL
4924,NULL,TOYO 0655,NULL,133,188,184,85BCB8,NULL,NULL,NULL
4925,NULL,TOYO 0656,NULL,63,156,152,3F9C98,NULL,NULL,NULL
4926,NULL,TOYO 0657,NULL,80,134,131,508683,NULL,NULL,NULL
4927,NULL,TOYO 0658,NULL,68,140,140,448C8C,NULL,NULL,NULL
4928,NULL,TOYO 0659,NULL,82,137,139,52898B,NULL,NULL,NULL
4929,NULL,TOYO 0660,NULL,101,128,133,658085,NULL,NULL,NULL
4930,NULL,TOYO 0661,NULL,116,140,141,748C8D,NULL,NULL,NULL
4931,NULL,TOYO 0662,NULL,155,182,178,9BB6B2,NULL,NULL,NULL
4932,NULL,TOYO 0663,NULL,173,214,215,ADD6D7,NULL,NULL,NULL
4933,NULL,TOYO 0664,NULL,132,201,204,84C9CC,NULL,NULL,NULL
4934,NULL,TOYO 0665,NULL,113,194,196,71C2C4,NULL,NULL,NULL
4935,NULL,TOYO 0666,NULL,65,173,178,41ADB2,NULL,NULL,NULL
4936,NULL,TOYO 0667,NULL,132,180,181,84B4B5,NULL,NULL,NULL
4937,NULL,TOYO 0668,NULL,104,161,162,68A1A2,NULL,NULL,NULL
4938,NULL,TOYO 0669,NULL,66,143,151,428F97,NULL,NULL,NULL
4939,NULL,TOYO 0670,NULL,9,112,122,09707A,NULL,NULL,NULL
4940,NULL,TOYO 0671,NULL,39,127,143,277F8F,NULL,NULL,NULL
4941,NULL,TOYO 0672,NULL,47,140,157,2F8C9D,NULL,NULL,NULL
4942,NULL,TOYO 0673,NULL,107,150,155,6B969B,NULL,NULL,NULL
4943,NULL,TOYO 0674,NULL,125,170,180,7DAAB4,NULL,NULL,NULL
4944,NULL,TOYO 0675,NULL,145,173,180,91ADB4,NULL,NULL,NULL
4945,NULL,TOYO 0676,NULL,178,197,198,B2C5C6,NULL,NULL,NULL
4946,NULL,TOYO 0677,NULL,186,206,206,BACECE,NULL,NULL,NULL
4947,NULL,TOYO 0678,NULL,150,171,178,96ABB2,NULL,NULL,NULL
4948,NULL,TOYO 0679,NULL,112,173,184,70ADB8,NULL,NULL,NULL
4949,NULL,TOYO 0680,NULL,69,144,160,4590A0,NULL,NULL,NULL
4950,NULL,TOYO 0681,NULL,53,120,136,357888,NULL,NULL,NULL
4951,NULL,TOYO 0682,NULL,39,140,163,278CA3,NULL,NULL,NULL
4952,NULL,TOYO 0683,NULL,42,148,172,2A94AC,NULL,NULL,NULL
4953,NULL,TOYO 0684,NULL,48,131,158,30839E,NULL,NULL,NULL
4954,NULL,TOYO 0685,NULL,115,155,169,739BA9,NULL,NULL,NULL
4955,NULL,TOYO 0686,NULL,110,154,175,6E9AAF,NULL,NULL,NULL
4956,NULL,TOYO 0687,NULL,67,142,178,438EB2,NULL,NULL,NULL
4957,NULL,TOYO 0688,NULL,108,132,147,6C8493,NULL,NULL,NULL
4958,NULL,TOYO 0689,NULL,90,129,152,5A8198,NULL,NULL,NULL
4959,NULL,TOYO 0690,NULL,109,153,181,6D99B5,NULL,NULL,NULL
4960,NULL,TOYO 0691,NULL,173,203,213,ADCBD5,NULL,NULL,NULL
4961,NULL,TOYO 0692,NULL,172,209,225,ACD1E1,NULL,NULL,NULL
4962,NULL,TOYO 0693,NULL,190,205,215,BECDD7,NULL,NULL,NULL
4963,NULL,TOYO 0694,NULL,190,203,211,BECBD3,NULL,NULL,NULL
4964,NULL,TOYO 0695,NULL,165,190,205,A5BECD,NULL,NULL,NULL
4965,NULL,TOYO 0696,NULL,172,189,205,ACBDCD,NULL,NULL,NULL
4966,NULL,TOYO 0697,NULL,144,171,186,90ABBA,NULL,NULL,NULL
4967,NULL,TOYO 0698,NULL,133,162,181,85A2B5,NULL,NULL,NULL
4968,NULL,TOYO 0699,NULL,101,132,157,65849D,NULL,NULL,NULL
4969,NULL,TOYO 0700,NULL,75,106,134,4B6A86,NULL,NULL,NULL
4970,NULL,TOYO 0701,NULL,105,119,145,697791,NULL,NULL,NULL
4971,NULL,TOYO 0702,NULL,103,110,130,676E82,NULL,NULL,NULL
4972,NULL,TOYO 0703,NULL,128,134,150,808696,NULL,NULL,NULL
4973,NULL,TOYO 0704,NULL,171,181,200,ABB5C8,NULL,NULL,NULL
4974,NULL,TOYO 0705,NULL,191,199,209,BFC7D1,NULL,NULL,NULL
4975,NULL,TOYO 0706,NULL,195,206,220,C3CEDC,NULL,NULL,NULL
4976,NULL,TOYO 0707,NULL,216,213,213,D8D5D5,NULL,NULL,NULL
4977,NULL,TOYO 0708,NULL,210,206,209,D2CED1,NULL,NULL,NULL
4978,NULL,TOYO 0709,NULL,210,201,204,D2C9CC,NULL,NULL,NULL
4979,NULL,TOYO 0710,NULL,205,201,217,CDC9D9,NULL,NULL,NULL
4980,NULL,TOYO 0711,NULL,171,167,191,ABA7BF,NULL,NULL,NULL
4981,NULL,TOYO 0712,NULL,99,101,139,63658B,NULL,NULL,NULL
4982,NULL,TOYO 0713,NULL,134,132,159,86849F,NULL,NULL,NULL
4983,NULL,TOYO 0714,NULL,126,113,138,7E718A,NULL,NULL,NULL
4984,NULL,TOYO 0715,NULL,128,118,129,807681,NULL,NULL,NULL
4985,NULL,TOYO 0716,NULL,119,108,117,776C75,NULL,NULL,NULL
4986,NULL,TOYO 0717,NULL,181,176,183,B5B0B7,NULL,NULL,NULL
4987,NULL,TOYO 0718,NULL,180,166,191,B4A6BF,NULL,NULL,NULL
4988,NULL,TOYO 0719,NULL,216,203,212,D8CBD4,NULL,NULL,NULL
4989,NULL,TOYO 0720,NULL,222,206,217,DECED9,NULL,NULL,NULL
4990,NULL,TOYO 0721,NULL,231,206,216,E7CED8,NULL,NULL,NULL
4991,NULL,TOYO 0722,NULL,233,215,221,E9D7DD,NULL,NULL,NULL
4992,NULL,TOYO 0723,NULL,233,218,221,E9DADD,NULL,NULL,NULL
4993,NULL,TOYO 0724,NULL,232,199,216,E8C7D8,NULL,NULL,NULL
4994,NULL,TOYO 0725,NULL,173,156,171,AD9CAB,NULL,NULL,NULL
4995,NULL,TOYO 0726,NULL,147,120,149,937895,NULL,NULL,NULL
4996,NULL,TOYO 0727,NULL,158,108,151,9E6C97,NULL,NULL,NULL
4997,NULL,TOYO 0728,NULL,175,132,168,AF84A8,NULL,NULL,NULL
4998,NULL,TOYO 0729,NULL,206,131,171,CE83AB,NULL,NULL,NULL
4999,NULL,TOYO 0730,NULL,152,119,139,98778B,NULL,NULL,NULL
5000,NULL,TOYO 0731,NULL,173,126,136,AD7E88,NULL,NULL,NULL
5001,NULL,TOYO 0732,NULL,184,135,148,B88794,NULL,NULL,NULL
5002,NULL,TOYO 0733,NULL,197,185,182,C5B9B6,NULL,NULL,NULL
5003,NULL,TOYO 0734,NULL,205,185,181,CDB9B5,NULL,NULL,NULL
5004,NULL,TOYO 0735,NULL,215,199,194,D7C7C2,NULL,NULL,NULL
5005,NULL,TOYO 0736,NULL,229,206,200,E5CEC8,NULL,NULL,NULL
5006,NULL,TOYO 0737,NULL,224,171,180,E0ABB4,NULL,NULL,NULL
5007,NULL,TOYO 0738,NULL,222,165,175,DEA5AF,NULL,NULL,NULL
5008,NULL,TOYO 0739,NULL,203,158,172,CB9EAC,NULL,NULL,NULL
5009,NULL,TOYO 0740,NULL,190,137,145,BE8991,NULL,NULL,NULL
5010,NULL,TOYO 0741,NULL,207,148,154,CF949A,NULL,NULL,NULL
5011,NULL,TOYO 0742,NULL,206,151,148,CE9794,NULL,NULL,NULL
5012,NULL,TOYO 0743,NULL,207,171,166,CFABA6,NULL,NULL,NULL
5013,NULL,TOYO 0744,NULL,162,135,134,A28786,NULL,NULL,NULL
5014,NULL,TOYO 0745,NULL,144,119,116,907774,NULL,NULL,NULL
5015,NULL,TOYO 0746,NULL,162,129,119,A28177,NULL,NULL,NULL
5016,NULL,TOYO 0747,NULL,162,148,143,A2948F,NULL,NULL,NULL
5017,NULL,TOYO 0748,NULL,239,227,206,EFE3CE,NULL,NULL,NULL
5018,NULL,TOYO 0749,NULL,230,220,206,E6DCCE,NULL,NULL,NULL
5019,NULL,TOYO 0750,NULL,227,218,198,E3DAC6,NULL,NULL,NULL
5020,NULL,TOYO 0751,NULL,218,219,212,DADBD4,NULL,NULL,NULL
5021,NULL,TOYO 0752,NULL,227,223,223,E3DFDF,NULL,NULL,NULL
5022,NULL,TOYO 0753,NULL,212,211,203,D4D3CB,NULL,NULL,NULL
5023,NULL,TOYO 0754,NULL,212,209,202,D4D1CA,NULL,NULL,NULL
5024,NULL,TOYO 0755,NULL,208,201,200,D0C9C8,NULL,NULL,NULL
5025,NULL,TOYO 0756,NULL,211,204,193,D3CCC1,NULL,NULL,NULL
5026,NULL,TOYO 0757,NULL,210,209,197,D2D1C5,NULL,NULL,NULL
5027,NULL,TOYO 0758,NULL,211,218,205,D3DACD,NULL,NULL,NULL
5028,NULL,TOYO 0759,NULL,203,208,196,CBD0C4,NULL,NULL,NULL
5029,NULL,TOYO 0760,NULL,201,197,182,C9C5B6,NULL,NULL,NULL
5030,NULL,TOYO 0761,NULL,204,202,192,CCCAC0,NULL,NULL,NULL
5031,NULL,TOYO 0762,NULL,204,204,206,CCCCCE,NULL,NULL,NULL
5032,NULL,TOYO 0763,NULL,207,200,193,CFC8C1,NULL,NULL,NULL
5033,NULL,TOYO 0764,NULL,204,198,187,CCC6BB,NULL,NULL,NULL
5034,NULL,TOYO 0765,NULL,185,188,180,B9BCB4,NULL,NULL,NULL
5035,NULL,TOYO 0766,NULL,177,191,185,B1BFB9,NULL,NULL,NULL
5036,NULL,TOYO 0767,NULL,204,188,180,CCBCB4,NULL,NULL,NULL
5037,NULL,TOYO 0768,NULL,182,180,175,B6B4AF,NULL,NULL,NULL
5038,NULL,TOYO 0769,NULL,187,188,187,BBBCBB,NULL,NULL,NULL
5039,NULL,TOYO 0770,NULL,195,180,170,C3B4AA,NULL,NULL,NULL
5040,NULL,TOYO 0771,NULL,180,178,180,B4B2B4,NULL,NULL,NULL
5041,NULL,TOYO 0772,NULL,189,182,171,BDB6AB,NULL,NULL,NULL
5042,NULL,TOYO 0773,NULL,180,177,167,B4B1A7,NULL,NULL,NULL
5043,NULL,TOYO 0774,NULL,176,177,169,B0B1A9,NULL,NULL,NULL
5044,NULL,TOYO 0775,NULL,168,172,169,A8ACA9,NULL,NULL,NULL
5045,NULL,TOYO 0776,NULL,170,162,150,AAA296,NULL,NULL,NULL
5046,NULL,TOYO 0777,NULL,155,162,169,9BA2A9,NULL,NULL,NULL
5047,NULL,TOYO 0778,NULL,161,157,151,A19D97,NULL,NULL,NULL
5048,NULL,TOYO 0779,NULL,168,161,150,A8A196,NULL,NULL,NULL
5049,NULL,TOYO 0780,NULL,149,161,158,95A19E,NULL,NULL,NULL
5050,NULL,TOYO 0781,NULL,146,158,159,929E9F,NULL,NULL,NULL
5051,NULL,TOYO 0782,NULL,158,156,141,9E9C8D,NULL,NULL,NULL
5052,NULL,TOYO 0783,NULL,164,151,139,A4978B,NULL,NULL,NULL
5053,NULL,TOYO 0784,NULL,161,169,174,A1A9AE,NULL,NULL,NULL
5054,NULL,TOYO 0785,NULL,159,161,160,9FA1A0,NULL,NULL,NULL
5055,NULL,TOYO 0786,NULL,149,151,144,959790,NULL,NULL,NULL
5056,NULL,TOYO 0787,NULL,156,148,143,9C948F,NULL,NULL,NULL
5057,NULL,TOYO 0788,NULL,149,149,148,959594,NULL,NULL,NULL
5058,NULL,TOYO 0789,NULL,147,138,127,938A7F,NULL,NULL,NULL
5059,NULL,TOYO 0790,NULL,147,147,149,939395,NULL,NULL,NULL
5060,NULL,TOYO 0791,NULL,124,142,144,7C8E90,NULL,NULL,NULL
5061,NULL,TOYO 0792,NULL,132,136,134,848886,NULL,NULL,NULL
5062,NULL,TOYO 0793,NULL,119,126,129,777E81,NULL,NULL,NULL
5063,NULL,TOYO 0794,NULL,130,130,130,828282,NULL,NULL,NULL
5064,NULL,TOYO 0795,NULL,121,114,102,797266,NULL,NULL,NULL
5065,NULL,TOYO 0796,NULL,117,116,108,75746C,NULL,NULL,NULL
5066,NULL,TOYO 0797,NULL,128,118,102,807666,NULL,NULL,NULL
5067,NULL,TOYO 0798,NULL,95,66,70,5F4246,NULL,NULL,NULL
5068,NULL,TOYO 0799,NULL,84,47,52,542F34,NULL,NULL,NULL
5069,NULL,TOYO 0800,NULL,67,49,49,433131,NULL,NULL,NULL
5070,NULL,TOYO 0801,NULL,67,45,46,432D2E,NULL,NULL,NULL
5071,NULL,TOYO 0802,NULL,100,35,44,64232C,NULL,NULL,NULL
5072,NULL,TOYO 0803,NULL,121,28,51,791C33,NULL,NULL,NULL
5073,NULL,TOYO 0804,NULL,145,29,55,911D37,NULL,NULL,NULL
5074,NULL,TOYO 0805,NULL,164,58,73,A43A49,NULL,NULL,NULL
5075,NULL,TOYO 0806,NULL,169,78,86,A94E56,NULL,NULL,NULL
5076,NULL,TOYO 0807,NULL,124,41,48,7C2930,NULL,NULL,NULL
5077,NULL,TOYO 0808,NULL,140,37,51,8C2533,NULL,NULL,NULL
5078,NULL,TOYO 0809,NULL,171,40,44,AB282C,NULL,NULL,NULL
5079,NULL,TOYO 0810,NULL,133,45,47,852D2F,NULL,NULL,NULL
5080,NULL,TOYO 0811,NULL,149,45,43,952D2B,NULL,NULL,NULL
5081,NULL,TOYO 0812,NULL,85,38,37,552625,NULL,NULL,NULL
5082,NULL,TOYO 0813,NULL,93,70,58,5D463A,NULL,NULL,NULL
5083,NULL,TOYO 0814,NULL,86,62,53,563E35,NULL,NULL,NULL
5084,NULL,TOYO 0815,NULL,81,58,49,513A31,NULL,NULL,NULL
5085,NULL,TOYO 0816,NULL,96,80,73,605049,NULL,NULL,NULL
5086,NULL,TOYO 0817,NULL,126,109,106,7E6D6A,NULL,NULL,NULL
5087,NULL,TOYO 0818,NULL,128,113,103,807167,NULL,NULL,NULL
5088,NULL,TOYO 0819,NULL,104,93,85,685D55,NULL,NULL,NULL
5089,NULL,TOYO 0820,NULL,86,70,62,56463E,NULL,NULL,NULL
5090,NULL,TOYO 0821,NULL,86,57,41,563929,NULL,NULL,NULL
5091,NULL,TOYO 0822,NULL,95,63,45,5F3F2D,NULL,NULL,NULL
5092,NULL,TOYO 0823,NULL,136,96,75,88604B,NULL,NULL,NULL
5093,NULL,TOYO 0824,NULL,93,43,34,5D2B22,NULL,NULL,NULL
5094,NULL,TOYO 0825,NULL,85,42,31,552A1F,NULL,NULL,NULL
5095,NULL,TOYO 0826,NULL,131,53,43,83352B,NULL,NULL,NULL
5096,NULL,TOYO 0827,NULL,78,54,41,4E3629,NULL,NULL,NULL
5097,NULL,TOYO 0828,NULL,80,53,29,50351D,NULL,NULL,NULL
5098,NULL,TOYO 0829,NULL,114,89,69,725945,NULL,NULL,NULL
5099,NULL,TOYO 0830,NULL,111,70,51,6F4633,NULL,NULL,NULL
5100,NULL,TOYO 0831,NULL,148,51,39,943327,NULL,NULL,NULL
5101,NULL,TOYO 0832,NULL,141,58,36,8D3A24,NULL,NULL,NULL
5102,NULL,TOYO 0833,NULL,141,61,35,8D3D23,NULL,NULL,NULL
5103,NULL,TOYO 0834,NULL,165,72,57,A54839,NULL,NULL,NULL
5104,NULL,TOYO 0835,NULL,160,99,81,A06351,NULL,NULL,NULL
5105,NULL,TOYO 0836,NULL,185,89,59,B9593B,NULL,NULL,NULL
5106,NULL,TOYO 0837,NULL,129,61,32,813D20,NULL,NULL,NULL
5107,NULL,TOYO 0838,NULL,107,60,33,6B3C21,NULL,NULL,NULL
5108,NULL,TOYO 0839,NULL,131,62,24,833E18,NULL,NULL,NULL
5109,NULL,TOYO 0840,NULL,165,73,22,A54916,NULL,NULL,NULL
5110,NULL,TOYO 0841,NULL,162,83,16,A25310,NULL,NULL,NULL
5111,NULL,TOYO 0842,NULL,131,87,53,835735,NULL,NULL,NULL
5112,NULL,TOYO 0843,NULL,124,75,27,7C4B1B,NULL,NULL,NULL
5113,NULL,TOYO 0844,NULL,135,86,17,875611,NULL,NULL,NULL
5114,NULL,TOYO 0845,NULL,104,70,29,68461D,NULL,NULL,NULL
5115,NULL,TOYO 0846,NULL,130,89,24,825918,NULL,NULL,NULL
5116,NULL,TOYO 0847,NULL,165,109,15,A56D0F,NULL,NULL,NULL
5117,NULL,TOYO 0848,NULL,100,82,51,645233,NULL,NULL,NULL
5118,NULL,TOYO 0849,NULL,103,92,71,675C47,NULL,NULL,NULL
5119,NULL,TOYO 0850,NULL,106,93,69,6A5D45,NULL,NULL,NULL
5120,NULL,TOYO 0851,NULL,133,120,102,857866,NULL,NULL,NULL
5121,NULL,TOYO 0852,NULL,75,63,50,4B3F32,NULL,NULL,NULL
5122,NULL,TOYO 0853,NULL,69,55,26,45371A,NULL,NULL,NULL
5123,NULL,TOYO 0854,NULL,79,63,23,4F3F17,NULL,NULL,NULL
5124,NULL,TOYO 0855,NULL,116,90,28,745A1C,NULL,NULL,NULL
5125,NULL,TOYO 0856,NULL,137,107,26,896B1A,NULL,NULL,NULL
5126,NULL,TOYO 0857,NULL,155,111,12,9B6F0C,NULL,NULL,NULL
5127,NULL,TOYO 0858,NULL,169,126,3,A97E03,NULL,NULL,NULL
5128,NULL,TOYO 0859,NULL,147,124,19,937C13,NULL,NULL,NULL
5129,NULL,TOYO 0860,NULL,145,131,86,918356,NULL,NULL,NULL
5130,NULL,TOYO 0861,NULL,132,132,115,848473,NULL,NULL,NULL
5131,NULL,TOYO 0862,NULL,133,127,103,857F67,NULL,NULL,NULL
5132,NULL,TOYO 0863,NULL,120,115,97,787361,NULL,NULL,NULL
5133,NULL,TOYO 0864,NULL,117,101,59,75653B,NULL,NULL,NULL
5134,NULL,TOYO 0865,NULL,117,104,25,756819,NULL,NULL,NULL
5135,NULL,TOYO 0866,NULL,114,106,23,726A17,NULL,NULL,NULL
5136,NULL,TOYO 0867,NULL,103,91,29,675B1D,NULL,NULL,NULL
5137,NULL,TOYO 0868,NULL,110,100,68,6E6444,NULL,NULL,NULL
5138,NULL,TOYO 0869,NULL,75,68,45,4B442D,NULL,NULL,NULL
5139,NULL,TOYO 0870,NULL,84,87,51,545733,NULL,NULL,NULL
5140,NULL,TOYO 0871,NULL,99,104,33,636821,NULL,NULL,NULL
5141,NULL,TOYO 0872,NULL,96,110,27,606E1B,NULL,NULL,NULL
5142,NULL,TOYO 0873,NULL,133,139,68,858B44,NULL,NULL,NULL
5143,NULL,TOYO 0874,NULL,139,137,102,8B8966,NULL,NULL,NULL
5144,NULL,TOYO 0875,NULL,112,115,91,70735B,NULL,NULL,NULL
5145,NULL,TOYO 0876,NULL,85,108,52,556C34,NULL,NULL,NULL
5146,NULL,TOYO 0877,NULL,70,114,33,467221,NULL,NULL,NULL
5147,NULL,TOYO 0878,NULL,76,79,31,4C4F1F,NULL,NULL,NULL
5148,NULL,TOYO 0879,NULL,59,73,34,3B4922,NULL,NULL,NULL
5149,NULL,TOYO 0880,NULL,55,84,41,375429,NULL,NULL,NULL
5150,NULL,TOYO 0881,NULL,54,94,46,365E2E,NULL,NULL,NULL
5151,NULL,TOYO 0882,NULL,50,76,53,324C35,NULL,NULL,NULL
5152,NULL,TOYO 0883,NULL,45,86,61,2D563D,NULL,NULL,NULL
5153,NULL,TOYO 0884,NULL,23,95,63,175F3F,NULL,NULL,NULL
5154,NULL,TOYO 0885,NULL,73,92,77,495C4D,NULL,NULL,NULL
5155,NULL,TOYO 0886,NULL,40,94,82,285E52,NULL,NULL,NULL
5156,NULL,TOYO 0887,NULL,51,121,110,33796E,NULL,NULL,NULL
5157,NULL,TOYO 0888,NULL,70,115,108,46736C,NULL,NULL,NULL
5158,NULL,TOYO 0889,NULL,77,97,91,4D615B,NULL,NULL,NULL
5159,NULL,TOYO 0890,NULL,0,86,63,00563F,NULL,NULL,NULL
5160,NULL,TOYO 0891,NULL,0,78,57,004E39,NULL,NULL,NULL
5161,NULL,TOYO 0892,NULL,0,63,50,003F32,NULL,NULL,NULL
5162,NULL,TOYO 0893,NULL,11,61,50,0B3D32,NULL,NULL,NULL
5163,NULL,TOYO 0894,NULL,0,73,63,00493F,NULL,NULL,NULL
5164,NULL,TOYO 0895,NULL,0,101,84,006554,NULL,NULL,NULL
5165,NULL,TOYO 0896,NULL,0,81,78,00514E,NULL,NULL,NULL
5166,NULL,TOYO 0897,NULL,0,100,98,006462,NULL,NULL,NULL
5167,NULL,TOYO 0898,NULL,13,100,99,0D6463,NULL,NULL,NULL
5168,NULL,TOYO 0899,NULL,25,95,93,195F5D,NULL,NULL,NULL
5169,NULL,TOYO 0900,NULL,6,123,118,067B76,NULL,NULL,NULL
5170,NULL,TOYO 0901,NULL,6,82,88,065258,NULL,NULL,NULL
5171,NULL,TOYO 0902,NULL,0,63,64,003F40,NULL,NULL,NULL
5172,NULL,TOYO 0903,NULL,2,54,52,023634,NULL,NULL,NULL
5173,NULL,TOYO 0904,NULL,0,83,87,005357,NULL,NULL,NULL
5174,NULL,TOYO 0905,NULL,0,89,99,005963,NULL,NULL,NULL
5175,NULL,TOYO 0906,NULL,0,103,109,00676D,NULL,NULL,NULL
5176,NULL,TOYO 0907,NULL,0,97,107,00616B,NULL,NULL,NULL
5177,NULL,TOYO 0908,NULL,0,109,115,006D73,NULL,NULL,NULL
5178,NULL,TOYO 0909,NULL,22,91,100,165B64,NULL,NULL,NULL
5179,NULL,TOYO 0910,NULL,0,81,92,00515C,NULL,NULL,NULL
5180,NULL,TOYO 0911,NULL,0,57,66,003942,NULL,NULL,NULL
5181,NULL,TOYO 0912,NULL,0,68,85,004455,NULL,NULL,NULL
5182,NULL,TOYO 0913,NULL,0,59,71,003B47,NULL,NULL,NULL
5183,NULL,TOYO 0914,NULL,0,77,106,004D6A,NULL,NULL,NULL
5184,NULL,TOYO 0915,NULL,0,84,112,005470,NULL,NULL,NULL
5185,NULL,TOYO 0916,NULL,0,80,106,00506A,NULL,NULL,NULL
5186,NULL,TOYO 0917,NULL,0,78,100,004E64,NULL,NULL,NULL
5187,NULL,TOYO 0918,NULL,0,79,104,004F68,NULL,NULL,NULL
5188,NULL,TOYO 0919,NULL,0,55,60,00373C,NULL,NULL,NULL
5189,NULL,TOYO 0920,NULL,59,109,122,3B6D7A,NULL,NULL,NULL
5190,NULL,TOYO 0921,NULL,55,93,108,375D6C,NULL,NULL,NULL
5191,NULL,TOYO 0922,NULL,47,85,101,2F5565,NULL,NULL,NULL
5192,NULL,TOYO 0923,NULL,47,86,105,2F5669,NULL,NULL,NULL
5193,NULL,TOYO 0924,NULL,8,55,67,083743,NULL,NULL,NULL
5194,NULL,TOYO 0925,NULL,0,51,64,003340,NULL,NULL,NULL
5195,NULL,TOYO 0926,NULL,0,69,101,004565,NULL,NULL,NULL
5196,NULL,TOYO 0927,NULL,0,57,83,003953,NULL,NULL,NULL
5197,NULL,TOYO 0928,NULL,0,60,93,003C5D,NULL,NULL,NULL
5198,NULL,TOYO 0929,NULL,0,60,95,003C5F,NULL,NULL,NULL
5199,NULL,TOYO 0930,NULL,0,57,97,003961,NULL,NULL,NULL
5200,NULL,TOYO 0931,NULL,0,71,117,004775,NULL,NULL,NULL
5201,NULL,TOYO 0932,NULL,0,53,107,00356B,NULL,NULL,NULL
5202,NULL,TOYO 0933,NULL,0,59,119,003B77,NULL,NULL,NULL
5203,NULL,TOYO 0934,NULL,0,52,96,003460,NULL,NULL,NULL
5204,NULL,TOYO 0935,NULL,31,70,101,1F4665,NULL,NULL,NULL
5205,NULL,TOYO 0936,NULL,60,79,98,3C4F62,NULL,NULL,NULL
5206,NULL,TOYO 0937,NULL,16,50,67,103243,NULL,NULL,NULL
5207,NULL,TOYO 0938,NULL,0,55,81,003751,NULL,NULL,NULL
5208,NULL,TOYO 0939,NULL,6,48,72,063048,NULL,NULL,NULL
5209,NULL,TOYO 0940,NULL,0,50,88,003258,NULL,NULL,NULL
5210,NULL,TOYO 0941,NULL,0,52,91,00345B,NULL,NULL,NULL
5211,NULL,TOYO 0942,NULL,1,53,97,013561,NULL,NULL,NULL
5212,NULL,TOYO 0943,NULL,17,48,79,11304F,NULL,NULL,NULL
5213,NULL,TOYO 0944,NULL,9,46,67,092E43,NULL,NULL,NULL
5214,NULL,TOYO 0945,NULL,25,37,52,192534,NULL,NULL,NULL
5215,NULL,TOYO 0946,NULL,25,38,47,19262F,NULL,NULL,NULL
5216,NULL,TOYO 0947,NULL,19,43,69,132B45,NULL,NULL,NULL
5217,NULL,TOYO 0948,NULL,8,47,102,082F66,NULL,NULL,NULL
5218,NULL,TOYO 0949,NULL,56,66,100,384264,NULL,NULL,NULL
5219,NULL,TOYO 0950,NULL,66,69,101,424565,NULL,NULL,NULL
5220,NULL,TOYO 0951,NULL,50,54,69,323645,NULL,NULL,NULL
5221,NULL,TOYO 0952,NULL,34,38,57,222639,NULL,NULL,NULL
5222,NULL,TOYO 0953,NULL,46,45,88,2E2D58,NULL,NULL,NULL
5223,NULL,TOYO 0954,NULL,59,40,105,3B2869,NULL,NULL,NULL
5224,NULL,TOYO 0955,NULL,79,80,97,4F5061,NULL,NULL,NULL
5225,NULL,TOYO 0956,NULL,91,95,121,5B5F79,NULL,NULL,NULL
5226,NULL,TOYO 0957,NULL,88,94,126,585E7E,NULL,NULL,NULL
5227,NULL,TOYO 0958,NULL,61,60,82,3D3C52,NULL,NULL,NULL
5228,NULL,TOYO 0959,NULL,62,43,84,3E2B54,NULL,NULL,NULL
5229,NULL,TOYO 0960,NULL,77,46,104,4D2E68,NULL,NULL,NULL
5230,NULL,TOYO 0961,NULL,75,48,88,4B3058,NULL,NULL,NULL
5231,NULL,TOYO 0962,NULL,66,41,76,42294C,NULL,NULL,NULL
5232,NULL,TOYO 0963,NULL,70,61,83,463D53,NULL,NULL,NULL
5233,NULL,TOYO 0964,NULL,103,91,117,675B75,NULL,NULL,NULL
5234,NULL,TOYO 0965,NULL,126,101,119,7E6577,NULL,NULL,NULL
5235,NULL,TOYO 0966,NULL,122,85,119,7A5577,NULL,NULL,NULL
5236,NULL,TOYO 0967,NULL,93,60,106,5D3C6A,NULL,NULL,NULL
5237,NULL,TOYO 0968,NULL,102,55,99,663763,NULL,NULL,NULL
5238,NULL,TOYO 0969,NULL,78,42,72,4E2A48,NULL,NULL,NULL
5239,NULL,TOYO 0970,NULL,59,39,62,3B273E,NULL,NULL,NULL
5240,NULL,TOYO 0971,NULL,95,48,93,5F305D,NULL,NULL,NULL
5241,NULL,TOYO 0972,NULL,118,38,96,762660,NULL,NULL,NULL
5242,NULL,TOYO 0973,NULL,134,30,99,861E63,NULL,NULL,NULL
5243,NULL,TOYO 0974,NULL,144,78,110,904E6E,NULL,NULL,NULL
5244,NULL,TOYO 0975,NULL,124,73,96,7C4960,NULL,NULL,NULL
5245,NULL,TOYO 0976,NULL,98,30,70,621E46,NULL,NULL,NULL
5246,NULL,TOYO 0977,NULL,85,50,66,553242,NULL,NULL,NULL
5247,NULL,TOYO 0978,NULL,108,73,85,6C4955,NULL,NULL,NULL
5248,NULL,TOYO 0979,NULL,156,101,120,9C6578,NULL,NULL,NULL
5249,NULL,TOYO 0980,NULL,158,84,109,9E546D,NULL,NULL,NULL
5250,NULL,TOYO 0981,NULL,91,26,52,5B1A34,NULL,NULL,NULL
5251,NULL,TOYO 0982,NULL,142,5,71,8E0547,NULL,NULL,NULL
5252,NULL,TOYO 0983,NULL,132,4,59,84043B,NULL,NULL,NULL
5253,NULL,TOYO 0984,NULL,157,95,106,9D5F6A,NULL,NULL,NULL
5254,NULL,TOYO 0985,NULL,122,96,102,7A6066,NULL,NULL,NULL
5255,NULL,TOYO 0986,NULL,115,82,86,735256,NULL,NULL,NULL
5256,NULL,TOYO 0987,NULL,166,91,100,A65B64,NULL,NULL,NULL
5257,NULL,TOYO 0988,NULL,126,132,127,7E847F,NULL,NULL,NULL
5258,NULL,TOYO 0989,NULL,121,127,127,797F7F,NULL,NULL,NULL
5259,NULL,TOYO 0990,NULL,105,122,130,697A82,NULL,NULL,NULL
5260,NULL,TOYO 0991,NULL,115,127,127,737F7F,NULL,NULL,NULL
5261,NULL,TOYO 0992,NULL,119,107,89,776B59,NULL,NULL,NULL
5262,NULL,TOYO 0993,NULL,123,109,100,7B6D64,NULL,NULL,NULL
5263,NULL,TOYO 0994,NULL,123,122,123,7B7A7B,NULL,NULL,NULL
5264,NULL,TOYO 0995,NULL,117,116,112,757470,NULL,NULL,NULL
5265,NULL,TOYO 0996,NULL,110,112,109,6E706D,NULL,NULL,NULL
5266,NULL,TOYO 0997,NULL,97,112,119,617077,NULL,NULL,NULL
5267,NULL,TOYO 0998,NULL,80,91,97,505B61,NULL,NULL,NULL
5268,NULL,TOYO 0999,NULL,82,83,70,525346,NULL,NULL,NULL
5269,NULL,TOYO 1000,NULL,79,79,81,4F4F51,NULL,NULL,NULL
5270,NULL,TOYO 1001,NULL,85,84,80,555450,NULL,NULL,NULL
5271,NULL,TOYO 1002,NULL,92,84,85,5C5455,NULL,NULL,NULL
5272,NULL,TOYO 1003,NULL,89,90,90,595A5A,NULL,NULL,NULL
5273,NULL,TOYO 1004,NULL,82,85,87,525557,NULL,NULL,NULL
5274,NULL,TOYO 1005,NULL,66,79,88,424F58,NULL,NULL,NULL
5275,NULL,TOYO 1006,NULL,76,77,77,4C4D4D,NULL,NULL,NULL
5276,NULL,TOYO 1007,NULL,68,73,74,44494A,NULL,NULL,NULL
5277,NULL,TOYO 1008,NULL,65,76,88,414C58,NULL,NULL,NULL
5278,NULL,TOYO 1009,NULL,80,72,64,504840,NULL,NULL,NULL
5279,NULL,TOYO 1010,NULL,59,62,58,3B3E3A,NULL,NULL,NULL
5280,NULL,TOYO 1011,NULL,46,57,49,2E3931,NULL,NULL,NULL
5281,NULL,TOYO 1012,NULL,48,67,60,30433C,NULL,NULL,NULL
5282,NULL,TOYO 1013,NULL,61,61,59,3D3D3B,NULL,NULL,NULL
5283,NULL,TOYO 1014,NULL,64,60,57,403C39,NULL,NULL,NULL
5284,NULL,TOYO 1015,NULL,64,64,63,40403F,NULL,NULL,NULL
5285,NULL,TOYO 1016,NULL,51,50,50,333232,NULL,NULL,NULL
5286,NULL,TOYO 1017,NULL,50,53,44,32352C,NULL,NULL,NULL
5287,NULL,TOYO 1018,NULL,43,44,46,2B2C2E,NULL,NULL,NULL
5288,NULL,TOYO 1019,NULL,38,35,30,26231E,NULL,NULL,NULL
5289,NULL,TOYO 1020,NULL,38,37,35,262523,NULL,NULL,NULL
5290,NULL,TOYO 1021,NULL,27,31,32,1B1F20,NULL,NULL,NULL
5291,NULL,TOYO 1022,NULL,179,180,178,B3B4B2,NULL,NULL,NULL
5292,NULL,TOYO 1023,NULL,191,213,202,BFD5CA,NULL,NULL,NULL
5293,NULL,TOYO 1024,NULL,237,210,194,EDD2C2,NULL,NULL,NULL
5294,NULL,TOYO 1025,NULL,233,219,193,E9DBC1,NULL,NULL,NULL
5295,NULL,TOYO 1026,NULL,237,212,177,EDD4B1,NULL,NULL,NULL
5296,NULL,TOYO 1027,NULL,166,142,136,A68E88,NULL,NULL,NULL
5297,NULL,TOYO 1028,NULL,150,138,130,968A82,NULL,NULL,NULL
5298,NULL,TOYO 1029,NULL,172,168,117,ACA875,NULL,NULL,NULL
5299,NULL,TOYO 1030,NULL,149,166,144,95A690,NULL,NULL,NULL
5300,NULL,TOYO 1031,NULL,144,160,139,90A08B,NULL,NULL,NULL
5301,NULL,TOYO 1032,NULL,139,168,160,8BA8A0,NULL,NULL,NULL
5302,NULL,TOYO 1033,NULL,128,150,151,809697,NULL,NULL,NULL
5303,NULL,TOYO 1034,NULL,89,145,158,59919E,NULL,NULL,NULL
5304,NULL,TOYO 1035,NULL,109,146,156,6D929C,NULL,NULL,NULL
5305,NULL,TOYO 1036,NULL,102,136,157,66889D,NULL,NULL,NULL
5306,NULL,TOYO 1037,NULL,122,130,145,7A8291,NULL,NULL,NULL
5307,NULL,TOYO 1038,NULL,126,130,144,7E8290,NULL,NULL,NULL
5308,NULL,TOYO 1039,NULL,166,144,158,A6909E,NULL,NULL,NULL
5309,NULL,TOYO 1040,NULL,182,143,156,B68F9C,NULL,NULL,NULL
5310,NULL,TOYO 1041,NULL,181,128,135,B58087,NULL,NULL,NULL
5311,NULL,TOYO 1042,NULL,167,171,170,A7ABAA,NULL,NULL,NULL
5312,NULL,TOYO 1043,NULL,133,138,138,858A8A,NULL,NULL,NULL
5313,NULL,TOYO 1044,NULL,126,128,126,7E807E,NULL,NULL,NULL
5314,NULL,TOYO 1045,NULL,124,126,123,7C7E7B,NULL,NULL,NULL
5315,NULL,TOYO 1046,NULL,141,151,145,8D9791,NULL,NULL,NULL
5316,NULL,TOYO 1047,NULL,146,151,141,92978D,NULL,NULL,NULL
5317,NULL,TOYO 1048,NULL,155,155,139,9B9B8B,NULL,NULL,NULL
5318,NULL,TOYO 1049,NULL,139,120,85,8B7855,NULL,NULL,NULL
5319,NULL,TOYO 1050,NULL,147,117,87,937557,NULL,NULL,NULL
5759,NULL,PANTONE 262,NULL,84,35,68,542344,NULL,NULL,NULL
5760,NULL,PANTONE 2622,NULL,96,45,89,602D59,NULL,NULL,NULL
5761,NULL,PANTONE 2623,NULL,91,25,94,5B195E,NULL,NULL,NULL
5762,NULL,PANTONE 2627,NULL,76,20,94,4C145E,NULL,NULL,NULL
5763,NULL,PANTONE 263,NULL,224,206,224,E0CEE0,NULL,NULL,NULL
5764,NULL,PANTONE 2635,NULL,201,173,216,C9ADD8,NULL,NULL,NULL
5765,NULL,PANTONE 264,NULL,198,170,219,C6AADB,NULL,NULL,NULL
5766,NULL,PANTONE 2645,NULL,181,145,209,B591D1,NULL,NULL,NULL
5767,NULL,PANTONE 265,NULL,150,99,196,9663C4,NULL,NULL,NULL
5768,NULL,PANTONE 2655,NULL,155,109,198,9B6DC6,NULL,NULL,NULL
5769,NULL,PANTONE 266,NULL,109,40,170,6D28AA,NULL,NULL,NULL
5770,NULL,PANTONE 2665,NULL,137,79,191,894FBF,NULL,NULL,NULL
5771,NULL,PANTONE 267,NULL,89,17,142,59118E,NULL,NULL,NULL
5772,NULL,PANTONE 268,NULL,79,33,112,4F2170,NULL,NULL,NULL
5773,NULL,PANTONE 2685,NULL,86,0,140,56008C,NULL,NULL,NULL
5774,NULL,PANTONE 269,NULL,68,35,89,442359,NULL,NULL,NULL
5775,NULL,PANTONE 2695,NULL,68,35,94,44235E,NULL,NULL,NULL
5776,NULL,PANTONE 270,NULL,186,175,211,BAAFD3,NULL,NULL,NULL
5777,NULL,PANTONE 2705,NULL,173,158,211,AD9ED3,NULL,NULL,NULL
5778,NULL,PANTONE 2706,NULL,209,206,221,D1CEDD,NULL,NULL,NULL
5779,NULL,PANTONE 2707,NULL,191,209,229,BFD1E5,NULL,NULL,NULL
5780,NULL,PANTONE 2708,NULL,175,188,219,AFBCDB,NULL,NULL,NULL
5781,NULL,PANTONE 271,NULL,158,145,198,9E91C6,NULL,NULL,NULL
5782,NULL,PANTONE 2715,NULL,147,122,204,937ACC,NULL,NULL,NULL
5783,NULL,PANTONE 2716,NULL,165,160,214,A5A0D6,NULL,NULL,NULL
5784,NULL,PANTONE 2717,NULL,165,186,224,A5BAE0,NULL,NULL,NULL
5785,NULL,PANTONE 2718,NULL,91,119,204,5B77CC,NULL,NULL,NULL
5786,NULL,PANTONE 272,NULL,137,119,186,8977BA,NULL,NULL,NULL
5787,NULL,PANTONE 2725,NULL,114,81,188,7251BC,NULL,NULL,NULL
5788,NULL,PANTONE 2726,NULL,102,86,188,6656BC,NULL,NULL,NULL
5789,NULL,PANTONE 2727,NULL,94,104,196,5E68C4,NULL,NULL,NULL
5790,NULL,PANTONE 2728,NULL,48,68,181,3044B5,NULL,NULL,NULL
5791,NULL,PANTONE 273,NULL,56,25,122,38197A,NULL,NULL,NULL
5792,NULL,PANTONE 2735,NULL,79,0,147,4F0093,NULL,NULL,NULL
5793,NULL,PANTONE 2736,NULL,73,48,173,4930AD,NULL,NULL,NULL
5794,NULL,PANTONE 2738,NULL,45,0,142,2D008E,NULL,NULL,NULL
5795,NULL,PANTONE 274,NULL,43,17,102,2B1166,NULL,NULL,NULL
5796,NULL,PANTONE 2745,NULL,63,0,119,3F0077,NULL,NULL,NULL
5797,NULL,PANTONE 2746,NULL,63,40,147,3F2893,NULL,NULL,NULL
5798,NULL,PANTONE 2747,NULL,28,20,107,1C146B,NULL,NULL,NULL
5799,NULL,PANTONE 2748,NULL,30,28,119,1E1C77,NULL,NULL,NULL
5800,NULL,PANTONE 275,NULL,38,15,84,260F54,NULL,NULL,NULL
5801,NULL,PANTONE 2755,NULL,53,0,109,35006D,NULL,NULL,NULL
5802,NULL,PANTONE 2756,NULL,51,40,117,332875,NULL,NULL,NULL
5803,NULL,PANTONE 2757,NULL,20,22,84,141654,NULL,NULL,NULL
5804,NULL,PANTONE 2758,NULL,25,33,104,192168,NULL,NULL,NULL
5805,NULL,PANTONE 276,NULL,43,33,71,2B2147,NULL,NULL,NULL
5806,NULL,PANTONE 2765,NULL,43,12,86,2B0C56,NULL,NULL,NULL
5807,NULL,PANTONE 2766,NULL,43,38,91,2B265B,NULL,NULL,NULL
5808,NULL,PANTONE 2767,NULL,20,33,61,14213D,NULL,NULL,NULL
5809,NULL,PANTONE 2768,NULL,17,33,81,112151,NULL,NULL,NULL
5810,NULL,PANTONE 277,NULL,181,209,232,B5D1E8,NULL,NULL,NULL
5811,NULL,PANTONE 278,NULL,153,186,221,99BADD,NULL,NULL,NULL
5812,NULL,PANTONE 279,NULL,102,137,204,6689CC,NULL,NULL,NULL
5813,NULL,PANTONE 280,NULL,0,43,127,002B7F,NULL,NULL,NULL
5814,NULL,PANTONE 281,NULL,0,40,104,002868,NULL,NULL,NULL
5815,NULL,PANTONE 282,NULL,0,38,84,002654,NULL,NULL,NULL
5816,NULL,PANTONE 283,NULL,155,196,226,9BC4E2,NULL,NULL,NULL
5817,NULL,PANTONE 284,NULL,117,170,219,75AADB,NULL,NULL,NULL
5818,NULL,PANTONE 285,NULL,58,117,196,3A75C4,NULL,NULL,NULL
5819,NULL,PANTONE 286,NULL,0,56,168,0038A8,NULL,NULL,NULL
5820,NULL,PANTONE 287,NULL,0,56,147,003893,NULL,NULL,NULL
5821,NULL,PANTONE 288,NULL,0,51,127,00337F,NULL,NULL,NULL
5822,NULL,PANTONE 289,NULL,0,38,73,002649,NULL,NULL,NULL
5823,NULL,PANTONE 290,NULL,196,216,226,C4D8E2,NULL,NULL,NULL
5824,NULL,PANTONE 2905,NULL,147,198,224,93C6E0,NULL,NULL,NULL
5825,NULL,PANTONE 291,NULL,168,206,226,A8CEE2,NULL,NULL,NULL
5826,NULL,PANTONE 2915,NULL,96,175,221,60AFDD,NULL,NULL,NULL
5827,NULL,PANTONE 292,NULL,117,178,221,75B2DD,NULL,NULL,NULL
5828,NULL,PANTONE 2925,NULL,0,142,214,008ED6,NULL,NULL,NULL
5829,NULL,PANTONE 293,NULL,0,81,186,0051BA,NULL,NULL,NULL
5830,NULL,PANTONE 2935,NULL,0,91,191,005BBF,NULL,NULL,NULL
5831,NULL,PANTONE 294,NULL,0,63,135,003F87,NULL,NULL,NULL
5832,NULL,PANTONE 2945,NULL,0,84,160,0054A0,NULL,NULL,NULL
5833,NULL,PANTONE 295,NULL,0,56,107,00386B,NULL,NULL,NULL
5834,NULL,PANTONE 2955,NULL,0,61,107,003D6B,NULL,NULL,NULL
5835,NULL,PANTONE 296,NULL,0,45,71,002D47,NULL,NULL,NULL
5836,NULL,PANTONE 2965,NULL,0,51,76,00334C,NULL,NULL,NULL
5837,NULL,PANTONE 297,NULL,130,198,226,82C6E2,NULL,NULL,NULL
5838,NULL,PANTONE 2975,NULL,186,224,226,BAE0E2,NULL,NULL,NULL
5839,NULL,PANTONE 298,NULL,81,181,224,51B5E0,NULL,NULL,NULL
5840,NULL,PANTONE 2985,NULL,81,191,226,51BFE2,NULL,NULL,NULL
5841,NULL,PANTONE 299,NULL,0,163,221,00A3DD,NULL,NULL,NULL
5842,NULL,PANTONE 2995,NULL,0,165,219,00A5DB,NULL,NULL,NULL
5843,NULL,PANTONE 300,NULL,0,114,198,0072C6,NULL,NULL,NULL
5844,NULL,PANTONE 3005,NULL,0,132,201,0084C9,NULL,NULL,NULL
5845,NULL,PANTONE 301,NULL,0,91,153,005B99,NULL,NULL,NULL
5846,NULL,PANTONE 3015,NULL,0,112,158,00709E,NULL,NULL,NULL
5847,NULL,PANTONE 302,NULL,0,79,109,004F6D,NULL,NULL,NULL
5848,NULL,PANTONE 3025,NULL,0,84,107,00546B,NULL,NULL,NULL
5849,NULL,PANTONE 303,NULL,0,63,84,003F54,NULL,NULL,NULL
5850,NULL,PANTONE 3035,NULL,0,68,84,004454,NULL,NULL,NULL
5851,NULL,PANTONE 304,NULL,165,221,226,A5DDE2,NULL,NULL,NULL
5852,NULL,PANTONE 305,NULL,112,206,226,70CEE2,NULL,NULL,NULL
5853,NULL,PANTONE 306,NULL,0,188,226,00BCE2,NULL,NULL,NULL
5854,NULL,PANTONE 306 2X,NULL,0,163,209,00A3D1,NULL,NULL,NULL
5855,NULL,PANTONE 307,NULL,0,122,165,007AA5,NULL,NULL,NULL
5856,NULL,PANTONE 308,NULL,0,96,124,00607C,NULL,NULL,NULL
5857,NULL,PANTONE 309,NULL,0,63,73,003F49,NULL,NULL,NULL
5858,NULL,PANTONE 310,NULL,114,209,221,72D1DD,NULL,NULL,NULL
5859,NULL,PANTONE 3105,NULL,127,214,219,7FD6DB,NULL,NULL,NULL
5860,NULL,PANTONE 311,NULL,40,196,216,28C4D8,NULL,NULL,NULL
5861,NULL,PANTONE 3115,NULL,45,198,214,2DC6D6,NULL,NULL,NULL
5862,NULL,PANTONE 312,NULL,0,173,198,00ADC6,NULL,NULL,NULL
5863,NULL,PANTONE 3125,NULL,0,183,198,00B7C6,NULL,NULL,NULL
5864,NULL,PANTONE 313,NULL,0,153,181,0099B5,NULL,NULL,NULL
5865,NULL,PANTONE 3135,NULL,0,155,170,009BAA,NULL,NULL,NULL
5866,NULL,PANTONE 314,NULL,0,130,155,00829B,NULL,NULL,NULL
5867,NULL,PANTONE 3145,NULL,0,132,142,00848E,NULL,NULL,NULL
5868,NULL,PANTONE 315,NULL,0,107,119,006B77,NULL,NULL,NULL
5869,NULL,PANTONE 3155,NULL,0,109,117,006D75,NULL,NULL,NULL
5870,NULL,PANTONE 316,NULL,0,73,79,00494F,NULL,NULL,NULL
5871,NULL,PANTONE 3165,NULL,0,86,91,00565B,NULL,NULL,NULL
5872,NULL,PANTONE 317,NULL,201,232,221,C9E8DD,NULL,NULL,NULL
5873,NULL,PANTONE 318,NULL,147,221,219,93DDDB,NULL,NULL,NULL
5874,NULL,PANTONE 319,NULL,76,206,209,4CCED1,NULL,NULL,NULL
5875,NULL,PANTONE 320,NULL,0,158,160,009EA0,NULL,NULL,NULL
5876,NULL,PANTONE 320 2X,NULL,0,127,130,007F82,NULL,NULL,NULL
5877,NULL,PANTONE 321,NULL,0,135,137,008789,NULL,NULL,NULL
5878,NULL,PANTONE 322,NULL,0,114,114,007272,NULL,NULL,NULL
5879,NULL,PANTONE 323,NULL,0,102,99,006663,NULL,NULL,NULL
5880,NULL,PANTONE 324,NULL,170,221,214,AADDD6,NULL,NULL,NULL
5881,NULL,PANTONE 3242,NULL,135,221,209,87DDD1,NULL,NULL,NULL
5882,NULL,PANTONE 3245,NULL,140,224,209,8CE0D1,NULL,NULL,NULL
5883,NULL,PANTONE 3248,NULL,122,211,193,7AD3C1,NULL,NULL,NULL
5884,NULL,PANTONE 325,NULL,86,201,193,56C9C1,NULL,NULL,NULL
5885,NULL,PANTONE 3252,NULL,86,214,201,56D6C9,NULL,NULL,NULL
5886,NULL,PANTONE 3255,NULL,71,214,193,47D6C1,NULL,NULL,NULL
5887,NULL,PANTONE 3258,NULL,53,196,175,35C4AF,NULL,NULL,NULL
5888,NULL,PANTONE 326,NULL,0,178,170,00B2AA,NULL,NULL,NULL
5889,NULL,PANTONE 3262,NULL,0,193,181,00C1B5,NULL,NULL,NULL
5890,NULL,PANTONE 3265,NULL,0,198,178,00C6B2,NULL,NULL,NULL
5891,NULL,PANTONE 3268,NULL,0,175,153,00AF99,NULL,NULL,NULL
5892,NULL,PANTONE 327,NULL,0,140,130,008C82,NULL,NULL,NULL
5893,NULL,PANTONE 327 2X,NULL,0,137,119,008977,NULL,NULL,NULL
5894,NULL,PANTONE 3272,NULL,0,170,158,00AA9E,NULL,NULL,NULL
5895,NULL,PANTONE 3275,NULL,0,178,160,00B2A0,NULL,NULL,NULL
5896,NULL,PANTONE 3278,NULL,0,155,132,009B84,NULL,NULL,NULL
5897,NULL,PANTONE 328,NULL,0,119,112,007770,NULL,NULL,NULL
5898,NULL,PANTONE 3282,NULL,0,140,130,008C82,NULL,NULL,NULL
5899,NULL,PANTONE 3285,NULL,0,153,135,009987,NULL,NULL,NULL
5900,NULL,PANTONE 3288,NULL,0,130,112,008270,NULL,NULL,NULL
5901,NULL,PANTONE 329,NULL,0,109,102,006D66,NULL,NULL,NULL
5902,NULL,PANTONE 3292,NULL,0,96,86,006056,NULL,NULL,NULL
5903,NULL,PANTONE 3295,NULL,0,130,114,008272,NULL,NULL,NULL
5904,NULL,PANTONE 3298,NULL,0,107,91,006B5B,NULL,NULL,NULL
5905,NULL,PANTONE 330,NULL,0,89,81,005951,NULL,NULL,NULL
5906,NULL,PANTONE 3302,NULL,0,73,63,00493F,NULL,NULL,NULL
5907,NULL,PANTONE 3305,NULL,0,79,66,004F42,NULL,NULL,NULL
5908,NULL,PANTONE 3308,NULL,0,68,56,004438,NULL,NULL,NULL
5909,NULL,PANTONE 331,NULL,186,234,214,BAEAD6,NULL,NULL,NULL
5910,NULL,PANTONE 332,NULL,160,229,206,A0E5CE,NULL,NULL,NULL
5911,NULL,PANTONE 333,NULL,94,221,193,5EDDC1,NULL,NULL,NULL
5912,NULL,PANTONE 334,NULL,0,153,124,00997C,NULL,NULL,NULL
5913,NULL,PANTONE 335,NULL,0,124,102,007C66,NULL,NULL,NULL
5914,NULL,PANTONE 336,NULL,0,104,84,006854,NULL,NULL,NULL
5915,NULL,PANTONE 337,NULL,155,219,193,9BDBC1,NULL,NULL,NULL
5916,NULL,PANTONE 3375,NULL,142,226,188,8EE2BC,NULL,NULL,NULL
5917,NULL,PANTONE 338,NULL,122,209,181,7AD1B5,NULL,NULL,NULL
5918,NULL,PANTONE 3385,NULL,84,216,168,54D8A8,NULL,NULL,NULL
5919,NULL,PANTONE 339,NULL,0,178,140,00B28C,NULL,NULL,NULL
5920,NULL,PANTONE 3395,NULL,0,201,147,00C993,NULL,NULL,NULL
5921,NULL,PANTONE 340,NULL,0,153,119,009977,NULL,NULL,NULL
5922,NULL,PANTONE 3405,NULL,0,178,122,00B27A,NULL,NULL,NULL
5923,NULL,PANTONE 341,NULL,0,122,94,007A5E,NULL,NULL,NULL
5924,NULL,PANTONE 3415,NULL,0,124,89,007C59,NULL,NULL,NULL
5925,NULL,PANTONE 342,NULL,0,107,84,006B54,NULL,NULL,NULL
5926,NULL,PANTONE 3425,NULL,0,104,71,006847,NULL,NULL,NULL
5927,NULL,PANTONE 343,NULL,0,86,63,00563F,NULL,NULL,NULL
5928,NULL,PANTONE 3435,NULL,2,73,48,024930,NULL,NULL,NULL
5929,NULL,PANTONE 344,NULL,181,226,191,B5E2BF,NULL,NULL,NULL
5930,NULL,PANTONE 345,NULL,150,216,175,96D8AF,NULL,NULL,NULL
5931,NULL,PANTONE 346,NULL,112,206,155,70CE9B,NULL,NULL,NULL
5932,NULL,PANTONE 347,NULL,0,158,96,009E60,NULL,NULL,NULL
5933,NULL,PANTONE 348,NULL,0,135,81,008751,NULL,NULL,NULL
5934,NULL,PANTONE 349,NULL,0,107,63,006B3F,NULL,NULL,NULL
5935,NULL,PANTONE 350,NULL,35,79,51,234F33,NULL,NULL,NULL
5936,NULL,PANTONE 351,NULL,181,232,191,B5E8BF,NULL,NULL,NULL
5937,NULL,PANTONE 352,NULL,153,229,178,99E5B2,NULL,NULL,NULL
5938,NULL,PANTONE 353,NULL,132,226,168,84E2A8,NULL,NULL,NULL
5939,NULL,PANTONE 354,NULL,0,183,96,00B760,NULL,NULL,NULL
5940,NULL,PANTONE 355,NULL,0,158,73,009E49,NULL,NULL,NULL
5941,NULL,PANTONE 356,NULL,0,122,61,007A3D,NULL,NULL,NULL
5942,NULL,PANTONE 357,NULL,33,91,51,215B33,NULL,NULL,NULL
5943,NULL,PANTONE 358,NULL,170,221,150,AADD96,NULL,NULL,NULL
5944,NULL,PANTONE 359,NULL,160,219,142,A0DB8E,NULL,NULL,NULL
5945,NULL,PANTONE 360,NULL,96,198,89,60C659,NULL,NULL,NULL
5946,NULL,PANTONE 361,NULL,30,181,58,1EB53A,NULL,NULL,NULL
5947,NULL,PANTONE 362,NULL,51,158,53,339E35,NULL,NULL,NULL
5948,NULL,PANTONE 363,NULL,61,142,51,3D8E33,NULL,NULL,NULL
5949,NULL,PANTONE 364,NULL,58,119,40,3A7728,NULL,NULL,NULL
5950,NULL,PANTONE 365,NULL,211,232,163,D3E8A3,NULL,NULL,NULL
5951,NULL,PANTONE 366,NULL,196,229,142,C4E58E,NULL,NULL,NULL
5952,NULL,PANTONE 367,NULL,170,221,109,AADD6D,NULL,NULL,NULL
5953,NULL,PANTONE 368,NULL,91,191,33,5BBF21,NULL,NULL,NULL
5954,NULL,PANTONE 368 2X,NULL,0,158,15,009E0F,NULL,NULL,NULL
5955,NULL,PANTONE 369,NULL,86,170,28,56AA1C,NULL,NULL,NULL
5956,NULL,PANTONE 370,NULL,86,142,20,568E14,NULL,NULL,NULL
5957,NULL,PANTONE 371,NULL,86,107,33,566B21,NULL,NULL,NULL
5958,NULL,PANTONE 372,NULL,216,237,150,D8ED96,NULL,NULL,NULL
5959,NULL,PANTONE 373,NULL,206,234,130,CEEA82,NULL,NULL,NULL
5960,NULL,PANTONE 374,NULL,186,232,96,BAE860,NULL,NULL,NULL
5961,NULL,PANTONE 375,NULL,140,214,0,8CD600,NULL,NULL,NULL
5962,NULL,PANTONE 375 2X,NULL,84,188,0,54BC00,NULL,NULL,NULL
5963,NULL,PANTONE 376,NULL,127,186,0,7FBA00,NULL,NULL,NULL
5964,NULL,PANTONE 377,NULL,112,147,2,709302,NULL,NULL,NULL
5965,NULL,PANTONE 378,NULL,86,99,20,566314,NULL,NULL,NULL
5966,NULL,PANTONE 379,NULL,224,234,104,E0EA68,NULL,NULL,NULL
5967,NULL,PANTONE 380,NULL,214,229,66,D6E542,NULL,NULL,NULL
5968,NULL,PANTONE 381,NULL,204,226,38,CCE226,NULL,NULL,NULL
5969,NULL,PANTONE 382,NULL,186,216,10,BAD80A,NULL,NULL,NULL
5970,NULL,PANTONE 382 2X,NULL,158,196,0,9EC400,NULL,NULL,NULL
5971,NULL,PANTONE 383,NULL,163,175,7,A3AF07,NULL,NULL,NULL
5972,NULL,PANTONE 384,NULL,147,153,5,939905,NULL,NULL,NULL
5973,NULL,PANTONE 385,NULL,112,112,20,707014,NULL,NULL,NULL
5974,NULL,PANTONE 386,NULL,232,237,96,E8ED60,NULL,NULL,NULL
5975,NULL,PANTONE 387,NULL,224,237,68,E0ED44,NULL,NULL,NULL
5976,NULL,PANTONE 388,NULL,214,232,15,D6E80F,NULL,NULL,NULL
5977,NULL,PANTONE 389,NULL,206,224,7,CEE007,NULL,NULL,NULL
5978,NULL,PANTONE 390,NULL,186,196,5,BAC405,NULL,NULL,NULL
5979,NULL,PANTONE 391,NULL,158,158,7,9E9E07,NULL,NULL,NULL
5980,NULL,PANTONE 392,NULL,132,130,5,848205,NULL,NULL,NULL
5981,NULL,PANTONE 393,NULL,242,239,135,F2EF87,NULL,NULL,NULL
5982,NULL,PANTONE 3935,NULL,242,237,109,F2ED6D,NULL,NULL,NULL
5983,NULL,PANTONE 394,NULL,234,237,53,EAED35,NULL,NULL,NULL
5984,NULL,PANTONE 3945,NULL,239,234,7,EFEA07,NULL,NULL,NULL
5985,NULL,PANTONE 395,NULL,229,232,17,E5E811,NULL,NULL,NULL
5986,NULL,PANTONE 3955,NULL,237,226,17,EDE211,NULL,NULL,NULL
5987,NULL,PANTONE 396,NULL,224,226,12,E0E20C,NULL,NULL,NULL
5988,NULL,PANTONE 3965,NULL,232,221,17,E8DD11,NULL,NULL,NULL
5989,NULL,PANTONE 397,NULL,193,191,10,C1BF0A,NULL,NULL,NULL
5990,NULL,PANTONE 3975,NULL,181,168,12,B5A80C,NULL,NULL,NULL
5991,NULL,PANTONE 398,NULL,175,168,10,AFA80A,NULL,NULL,NULL
5992,NULL,PANTONE 3985,NULL,153,140,10,998C0A,NULL,NULL,NULL
5993,NULL,PANTONE 399,NULL,153,142,7,998E07,NULL,NULL,NULL
5994,NULL,PANTONE 3995,NULL,109,96,2,6D6002,NULL,NULL,NULL
5995,NULL,PANTONE 400,NULL,209,198,181,D1C6B5,NULL,NULL,NULL
5996,NULL,PANTONE 401,NULL,193,181,165,C1B5A5,NULL,NULL,NULL
5997,NULL,PANTONE 402,NULL,175,165,147,AFA593,NULL,NULL,NULL
5998,NULL,PANTONE 403,NULL,153,140,124,998C7C,NULL,NULL,NULL
5999,NULL,PANTONE 404,NULL,130,117,102,827566,NULL,NULL,NULL
6000,NULL,PANTONE 405,NULL,107,94,79,6B5E4F,NULL,NULL,NULL
6001,NULL,PANTONE 406,NULL,206,193,181,CEC1B5,NULL,NULL,NULL
6002,NULL,PANTONE 408,NULL,168,153,140,A8998C,NULL,NULL,NULL
6003,NULL,PANTONE 409,NULL,153,137,124,99897C,NULL,NULL,NULL
6004,NULL,PANTONE 410,NULL,124,109,99,7C6D63,NULL,NULL,NULL
6005,NULL,PANTONE 411,NULL,102,89,76,66594C,NULL,NULL,NULL
6006,NULL,PANTONE 412,NULL,61,48,40,3D3028,NULL,NULL,NULL
6007,NULL,PANTONE 413,NULL,198,193,178,C6C1B2,NULL,NULL,NULL
6008,NULL,PANTONE 414,NULL,181,175,160,B5AFA0,NULL,NULL,NULL
6009,NULL,PANTONE 415,NULL,163,158,140,A39E8C,NULL,NULL,NULL
6010,NULL,PANTONE 416,NULL,142,140,122,8E8C7A,NULL,NULL,NULL
6011,NULL,PANTONE 417,NULL,119,114,99,777263,NULL,NULL,NULL
6012,NULL,PANTONE 418,NULL,96,94,79,605E4F,NULL,NULL,NULL
6013,NULL,PANTONE 419,NULL,40,40,33,282821,NULL,NULL,NULL
6014,NULL,PANTONE 420,NULL,209,204,191,D1CCBF,NULL,NULL,NULL
6015,NULL,PANTONE 421,NULL,191,186,175,BFBAAF,NULL,NULL,NULL
6016,NULL,PANTONE 422,NULL,175,170,163,AFAAA3,NULL,NULL,NULL
6017,NULL,PANTONE 423,NULL,150,147,142,96938E,NULL,NULL,NULL
6018,NULL,PANTONE 424,NULL,130,127,119,827F77,NULL,NULL,NULL
6019,NULL,PANTONE 425,NULL,96,96,91,60605B,NULL,NULL,NULL
6020,NULL,PANTONE 426,NULL,43,43,40,2B2B28,NULL,NULL,NULL
6021,NULL,PANTONE 427,NULL,221,219,209,DDDBD1,NULL,NULL,NULL
6022,NULL,PANTONE 428,NULL,209,206,198,D1CEC6,NULL,NULL,NULL
6023,NULL,PANTONE 429,NULL,173,175,170,ADAFAA,NULL,NULL,NULL
6024,NULL,PANTONE 430,NULL,145,150,147,919693,NULL,NULL,NULL
6025,NULL,PANTONE 431,NULL,102,109,112,666D70,NULL,NULL,NULL
6026,NULL,PANTONE 432,NULL,68,79,81,444F51,NULL,NULL,NULL
6027,NULL,PANTONE 433,NULL,48,56,58,30383A,NULL,NULL,NULL
6028,NULL,PANTONE 433 2X,NULL,10,12,17,0A0C11,NULL,NULL,NULL
6029,NULL,PANTONE 434,NULL,224,209,198,E0D1C6,NULL,NULL,NULL
6030,NULL,PANTONE 435,NULL,211,191,183,D3BFB7,NULL,NULL,NULL
6031,NULL,PANTONE 436,NULL,188,165,158,BCA59E,NULL,NULL,NULL
6032,NULL,PANTONE 437,NULL,140,112,107,8C706B,NULL,NULL,NULL
6033,NULL,PANTONE 438,NULL,89,63,61,593F3D,NULL,NULL,NULL
6034,NULL,PANTONE 439,NULL,73,53,51,493533,NULL,NULL,NULL
6035,NULL,PANTONE 440,NULL,63,48,43,3F302B,NULL,NULL,NULL
6036,NULL,PANTONE 441,NULL,209,209,198,D1D1C6,NULL,NULL,NULL
6037,NULL,PANTONE 442,NULL,186,191,183,BABFB7,NULL,NULL,NULL
6038,NULL,PANTONE 443,NULL,163,168,163,A3A8A3,NULL,NULL,NULL
6039,NULL,PANTONE 444,NULL,137,142,140,898E8C,NULL,NULL,NULL
6040,NULL,PANTONE 445,NULL,86,89,89,565959,NULL,NULL,NULL
6041,NULL,PANTONE 446,NULL,73,76,73,494C49,NULL,NULL,NULL
6042,NULL,PANTONE 447,NULL,63,63,56,3F3F38,NULL,NULL,NULL
6043,NULL,PANTONE 448,NULL,84,71,45,54472D,NULL,NULL,NULL
6044,NULL,PANTONE 4485,NULL,96,76,17,604C11,NULL,NULL,NULL
6045,NULL,PANTONE 449,NULL,84,71,38,544726,NULL,NULL,NULL
6046,NULL,PANTONE 4495,NULL,135,117,48,877530,NULL,NULL,NULL
6047,NULL,PANTONE 450,NULL,96,84,43,60542B,NULL,NULL,NULL
6048,NULL,PANTONE 4505,NULL,160,145,81,A09151,NULL,NULL,NULL
6049,NULL,PANTONE 451,NULL,173,160,122,ADA07A,NULL,NULL,NULL
6050,NULL,PANTONE 4515,NULL,188,173,117,BCAD75,NULL,NULL,NULL
6051,NULL,PANTONE 452,NULL,196,183,150,C4B796,NULL,NULL,NULL
6052,NULL,PANTONE 4525,NULL,204,191,142,CCBF8E,NULL,NULL,NULL
6053,NULL,PANTONE 453,NULL,214,204,175,D6CCAF,NULL,NULL,NULL
6054,NULL,PANTONE 4535,NULL,219,206,165,DBCEA5,NULL,NULL,NULL
6055,NULL,PANTONE 454,NULL,226,216,191,E2D8BF,NULL,NULL,NULL
6056,NULL,PANTONE 4545,NULL,229,219,186,E5DBBA,NULL,NULL,NULL
6057,NULL,PANTONE 455,NULL,102,86,20,665614,NULL,NULL,NULL
6058,NULL,PANTONE 456,NULL,153,135,20,998714,NULL,NULL,NULL
6059,NULL,PANTONE 457,NULL,181,155,12,B59B0C,NULL,NULL,NULL
6060,NULL,PANTONE 458,NULL,221,204,107,DDCC6B,NULL,NULL,NULL
6061,NULL,PANTONE 459,NULL,226,214,124,E2D67C,NULL,NULL,NULL
6062,NULL,PANTONE 460,NULL,234,221,150,EADD96,NULL,NULL,NULL
6063,NULL,PANTONE 461,NULL,237,229,173,EDE5AD,NULL,NULL,NULL
6064,NULL,PANTONE 462,NULL,91,71,35,5B4723,NULL,NULL,NULL
6065,NULL,PANTONE 4625,NULL,71,35,17,472311,NULL,NULL,NULL
6066,NULL,PANTONE 463,NULL,117,84,38,755426,NULL,NULL,NULL
6067,NULL,PANTONE 4635,NULL,140,89,51,8C5933,NULL,NULL,NULL
6068,NULL,PANTONE 464,NULL,135,96,40,876028,NULL,NULL,NULL
6069,NULL,PANTONE 464 2X,NULL,112,66,20,704214,NULL,NULL,NULL
6070,NULL,PANTONE 4645,NULL,178,130,96,B28260,NULL,NULL,NULL
6071,NULL,PANTONE 465,NULL,193,168,117,C1A875,NULL,NULL,NULL
6072,NULL,PANTONE 4655,NULL,196,153,119,C49977,NULL,NULL,NULL
6073,NULL,PANTONE 466,NULL,209,191,145,D1BF91,NULL,NULL,NULL
6074,NULL,PANTONE 4665,NULL,216,181,150,D8B596,NULL,NULL,NULL
6075,NULL,PANTONE 467,NULL,221,204,165,DDCCA5,NULL,NULL,NULL
6076,NULL,PANTONE 4675,NULL,229,198,170,E5C6AA,NULL,NULL,NULL
6077,NULL,PANTONE 468,NULL,226,214,181,E2D6B5,NULL,NULL,NULL
6078,NULL,PANTONE 4685,NULL,237,211,188,EDD3BC,NULL,NULL,NULL
6079,NULL,PANTONE 469,NULL,96,51,17,603311,NULL,NULL,NULL
6080,NULL,PANTONE 4695,NULL,81,38,28,51261C,NULL,NULL,NULL
6081,NULL,PANTONE 470,NULL,155,79,25,9B4F19,NULL,NULL,NULL
6082,NULL,PANTONE 4705,NULL,124,81,61,7C513D,NULL,NULL,NULL
6083,NULL,PANTONE 471,NULL,188,94,30,BC5E1E,NULL,NULL,NULL
6084,NULL,PANTONE 471 2X,NULL,163,68,2,A34402,NULL,NULL,NULL
6085,NULL,PANTONE 4715,NULL,153,112,91,99705B,NULL,NULL,NULL
6086,NULL,PANTONE 472,NULL,234,170,122,EAAA7A,NULL,NULL,NULL
6087,NULL,PANTONE 4725,NULL,181,145,124,B5917C,NULL,NULL,NULL
6088,NULL,PANTONE 473,NULL,244,196,160,F4C4A0,NULL,NULL,NULL
6089,NULL,PANTONE 4735,NULL,204,175,155,CCAF9B,NULL,NULL,NULL
6090,NULL,PANTONE 474,NULL,244,204,170,F4CCAA,NULL,NULL,NULL
6091,NULL,PANTONE 4745,NULL,216,191,170,D8BFAA,NULL,NULL,NULL
6092,NULL,PANTONE 475,NULL,247,211,181,F7D3B5,NULL,NULL,NULL
6093,NULL,PANTONE 4755,NULL,226,204,186,E2CCBA,NULL,NULL,NULL
6094,NULL,PANTONE 476,NULL,89,61,43,593D2B,NULL,NULL,NULL
6095,NULL,PANTONE 477,NULL,99,56,38,633826,NULL,NULL,NULL
6096,NULL,PANTONE 478,NULL,122,63,40,7A3F28,NULL,NULL,NULL
6097,NULL,PANTONE 479,NULL,175,137,112,AF8970,NULL,NULL,NULL
6098,NULL,PANTONE 480,NULL,211,183,163,D3B7A3,NULL,NULL,NULL
6099,NULL,PANTONE 481,NULL,224,204,186,E0CCBA,NULL,NULL,NULL
6100,NULL,PANTONE 482,NULL,229,211,193,E5D3C1,NULL,NULL,NULL
6101,NULL,PANTONE 483,NULL,107,48,33,6B3021,NULL,NULL,NULL
6102,NULL,PANTONE 484,NULL,155,48,28,9B301C,NULL,NULL,NULL
6103,NULL,PANTONE 485,NULL,216,30,5,D81E05,NULL,NULL,NULL
6104,NULL,PANTONE 485 2X,NULL,204,12,0,CC0C00,NULL,NULL,NULL
6105,NULL,PANTONE 486,NULL,237,158,132,ED9E84,NULL,NULL,NULL
6106,NULL,PANTONE 487,NULL,239,181,160,EFB5A0,NULL,NULL,NULL
6107,NULL,PANTONE 488,NULL,242,196,175,F2C4AF,NULL,NULL,NULL
6108,NULL,PANTONE 489,NULL,242,209,191,F2D1BF,NULL,NULL,NULL
6109,NULL,PANTONE 490,NULL,91,38,38,5B2626,NULL,NULL,NULL
6110,NULL,PANTONE 491,NULL,117,40,40,752828,NULL,NULL,NULL
6111,NULL,PANTONE 492,NULL,145,51,56,913338,NULL,NULL,NULL
6112,NULL,PANTONE 494,NULL,242,173,178,F2ADB2,NULL,NULL,NULL
6113,NULL,PANTONE 495,NULL,244,188,191,F4BCBF,NULL,NULL,NULL
6114,NULL,PANTONE 496,NULL,247,201,198,F7C9C6,NULL,NULL,NULL
6115,NULL,PANTONE 497,NULL,81,40,38,512826,NULL,NULL,NULL
6116,NULL,PANTONE 4975,NULL,68,30,28,441E1C,NULL,NULL,NULL
6117,NULL,PANTONE 498,NULL,109,51,43,6D332B,NULL,NULL,NULL
6118,NULL,PANTONE 4985,NULL,132,73,73,844949,NULL,NULL,NULL
6119,NULL,PANTONE 499,NULL,122,56,45,7A382D,NULL,NULL,NULL
6120,NULL,PANTONE 4995,NULL,165,107,109,A56B6D,NULL,NULL,NULL
6121,NULL,PANTONE 500,NULL,206,137,140,CE898C,NULL,NULL,NULL
6122,NULL,PANTONE 5005,NULL,188,135,135,BC8787,NULL,NULL,NULL
6123,NULL,PANTONE 501,NULL,234,178,178,EAB2B2,NULL,NULL,NULL
6124,NULL,PANTONE 5015,NULL,216,173,168,D8ADA8,NULL,NULL,NULL
6125,NULL,PANTONE 502,NULL,242,198,196,F2C6C4,NULL,NULL,NULL
6126,NULL,PANTONE 5025,NULL,226,188,183,E2BCB7,NULL,NULL,NULL
6127,NULL,PANTONE 503,NULL,244,209,204,F4D1CC,NULL,NULL,NULL
6128,NULL,PANTONE 5035,NULL,237,206,198,EDCEC6,NULL,NULL,NULL
6129,NULL,PANTONE 504,NULL,81,30,38,511E26,NULL,NULL,NULL
6130,NULL,PANTONE 505,NULL,102,30,43,661E2B,NULL,NULL,NULL
6131,NULL,PANTONE 506,NULL,122,38,56,7A2638,NULL,NULL,NULL
6132,NULL,PANTONE 507,NULL,216,137,155,D8899B,NULL,NULL,NULL
6133,NULL,PANTONE 508,NULL,232,165,175,E8A5AF,NULL,NULL,NULL
6134,NULL,PANTONE 509,NULL,242,186,191,F2BABF,NULL,NULL,NULL
6135,NULL,PANTONE 510,NULL,244,198,201,F4C6C9,NULL,NULL,NULL
6136,NULL,PANTONE 511,NULL,96,33,68,602144,NULL,NULL,NULL
6137,NULL,PANTONE 5115,NULL,79,33,58,4F213A,NULL,NULL,NULL
6138,NULL,PANTONE 512,NULL,132,33,107,84216B,NULL,NULL,NULL
6139,NULL,PANTONE 5125,NULL,117,71,96,754760,NULL,NULL,NULL
6140,NULL,PANTONE 513,NULL,158,35,135,9E2387,NULL,NULL,NULL
6141,NULL,PANTONE 5135,NULL,147,107,127,936B7F,NULL,NULL,NULL
6142,NULL,PANTONE 514,NULL,216,132,188,D884BC,NULL,NULL,NULL
6143,NULL,PANTONE 5145,NULL,173,135,153,AD8799,NULL,NULL,NULL
6144,NULL,PANTONE 515,NULL,232,163,201,E8A3C9,NULL,NULL,NULL
6145,NULL,PANTONE 5155,NULL,204,175,183,CCAFB7,NULL,NULL,NULL
6146,NULL,PANTONE 516,NULL,242,186,211,F2BAD3,NULL,NULL,NULL
6147,NULL,PANTONE 5165,NULL,224,201,204,E0C9CC,NULL,NULL,NULL
6148,NULL,PANTONE 517,NULL,244,204,216,F4CCD8,NULL,NULL,NULL
6149,NULL,PANTONE 5175,NULL,232,214,209,E8D6D1,NULL,NULL,NULL
6150,NULL,PANTONE 518,NULL,81,45,68,512D44,NULL,NULL,NULL
6151,NULL,PANTONE 5185,NULL,71,40,53,472835,NULL,NULL,NULL
6152,NULL,PANTONE 519,NULL,99,48,94,63305E,NULL,NULL,NULL
6153,NULL,PANTONE 5195,NULL,89,51,68,593344,NULL,NULL,NULL
6154,NULL,PANTONE 520,NULL,112,53,114,703572,NULL,NULL,NULL
6155,NULL,PANTONE 5205,NULL,142,104,119,8E6877,NULL,NULL,NULL
6156,NULL,PANTONE 521,NULL,181,140,178,B58CB2,NULL,NULL,NULL
6157,NULL,PANTONE 5215,NULL,181,147,155,B5939B,NULL,NULL,NULL
6158,NULL,PANTONE 522,NULL,198,163,193,C6A3C1,NULL,NULL,NULL
6159,NULL,PANTONE 5225,NULL,204,173,175,CCADAF,NULL,NULL,NULL
6160,NULL,PANTONE 523,NULL,211,183,204,D3B7CC,NULL,NULL,NULL
6161,NULL,PANTONE 5235,NULL,221,198,196,DDC6C4,NULL,NULL,NULL
6162,NULL,PANTONE 524,NULL,226,204,211,E2CCD3,NULL,NULL,NULL
6163,NULL,PANTONE 5245,NULL,229,211,204,E5D3CC,NULL,NULL,NULL
6164,NULL,PANTONE 525,NULL,81,38,84,512654,NULL,NULL,NULL
6165,NULL,PANTONE 5255,NULL,53,38,79,35264F,NULL,NULL,NULL
6166,NULL,PANTONE 526,NULL,104,33,122,68217A,NULL,NULL,NULL
6167,NULL,PANTONE 5265,NULL,73,61,99,493D63,NULL,NULL,NULL
6168,NULL,PANTONE 527,NULL,122,30,153,7A1E99,NULL,NULL,NULL
6169,NULL,PANTONE 5275,NULL,96,86,119,605677,NULL,NULL,NULL
6170,NULL,PANTONE 528,NULL,175,114,193,AF72C1,NULL,NULL,NULL
6171,NULL,PANTONE 5285,NULL,140,130,153,8C8299,NULL,NULL,NULL
6172,NULL,PANTONE 529,NULL,206,163,211,CEA3D3,NULL,NULL,NULL
6173,NULL,PANTONE 5295,NULL,178,168,181,B2A8B5,NULL,NULL,NULL
6174,NULL,PANTONE 530,NULL,214,175,214,D6AFD6,NULL,NULL,NULL
6175,NULL,PANTONE 5305,NULL,204,193,198,CCC1C6,NULL,NULL,NULL
6176,NULL,PANTONE 531,NULL,229,198,219,E5C6DB,NULL,NULL,NULL
6177,NULL,PANTONE 5315,NULL,219,211,211,DBD3D3,NULL,NULL,NULL
6178,NULL,PANTONE 532,NULL,53,56,66,353842,NULL,NULL,NULL
6179,NULL,PANTONE 533,NULL,53,63,91,353F5B,NULL,NULL,NULL
6180,NULL,PANTONE 534,NULL,58,73,114,3A4972,NULL,NULL,NULL
6181,NULL,PANTONE 535,NULL,155,163,183,9BA3B7,NULL,NULL,NULL
6182,NULL,PANTONE 536,NULL,173,178,193,ADB2C1,NULL,NULL,NULL
6183,NULL,PANTONE 537,NULL,196,198,206,C4C6CE,NULL,NULL,NULL
6184,NULL,PANTONE 538,NULL,214,211,214,D6D3D6,NULL,NULL,NULL
6185,NULL,PANTONE 539,NULL,0,48,73,003049,NULL,NULL,NULL
6186,NULL,PANTONE 5395,NULL,2,40,58,02283A,NULL,NULL,NULL
6187,NULL,PANTONE 540,NULL,0,51,91,00335B,NULL,NULL,NULL
6188,NULL,PANTONE 5405,NULL,63,96,117,3F6075,NULL,NULL,NULL
6189,NULL,PANTONE 541,NULL,0,63,119,003F77,NULL,NULL,NULL
6190,NULL,PANTONE 5415,NULL,96,124,140,607C8C,NULL,NULL,NULL
6191,NULL,PANTONE 542,NULL,102,147,188,6693BC,NULL,NULL,NULL
6192,NULL,PANTONE 5425,NULL,132,153,165,8499A5,NULL,NULL,NULL
6193,NULL,PANTONE 543,NULL,147,183,209,93B7D1,NULL,NULL,NULL
6194,NULL,PANTONE 5435,NULL,175,188,191,AFBCBF,NULL,NULL,NULL
6195,NULL,PANTONE 544,NULL,183,204,219,B7CCDB,NULL,NULL,NULL
6196,NULL,PANTONE 5445,NULL,196,204,204,C4CCCC,NULL,NULL,NULL
6197,NULL,PANTONE 545,NULL,196,211,221,C4D3DD,NULL,NULL,NULL
6198,NULL,PANTONE 5455,NULL,214,216,211,D6D8D3,NULL,NULL,NULL
6199,NULL,PANTONE 546,NULL,12,56,68,0C3844,NULL,NULL,NULL
6200,NULL,PANTONE 5463,NULL,0,53,58,00353A,NULL,NULL,NULL
6201,NULL,PANTONE 5467,NULL,25,56,51,193833,NULL,NULL,NULL
6202,NULL,PANTONE 547,NULL,0,63,84,003F54,NULL,NULL,NULL
6203,NULL,PANTONE 5473,NULL,38,104,109,26686D,NULL,NULL,NULL
6204,NULL,PANTONE 5477,NULL,58,86,79,3A564F,NULL,NULL,NULL
6205,NULL,PANTONE 548,NULL,0,68,89,004459,NULL,NULL,NULL
6206,NULL,PANTONE 5483,NULL,96,145,145,609191,NULL,NULL,NULL
6207,NULL,PANTONE 5487,NULL,102,124,114,667C72,NULL,NULL,NULL
6208,NULL,PANTONE 549,NULL,94,153,170,5E99AA,NULL,NULL,NULL
6209,NULL,PANTONE 5493,NULL,140,175,173,8CAFAD,NULL,NULL,NULL
6210,NULL,PANTONE 5497,NULL,145,163,153,91A399,NULL,NULL,NULL
6211,NULL,PANTONE 550,NULL,135,175,191,87AFBF,NULL,NULL,NULL
6212,NULL,PANTONE 5503,NULL,170,196,191,AAC4BF,NULL,NULL,NULL
6213,NULL,PANTONE 5507,NULL,175,186,178,AFBAB2,NULL,NULL,NULL
6214,NULL,PANTONE 551,NULL,163,193,201,A3C1C9,NULL,NULL,NULL
6215,NULL,PANTONE 5513,NULL,206,216,209,CED8D1,NULL,NULL,NULL
6216,NULL,PANTONE 5517,NULL,201,206,196,C9CEC4,NULL,NULL,NULL
6217,NULL,PANTONE 552,NULL,196,214,214,C4D6D6,NULL,NULL,NULL
6218,NULL,PANTONE 5523,NULL,214,221,214,D6DDD6,NULL,NULL,NULL
6219,NULL,PANTONE 5527,NULL,206,209,198,CED1C6,NULL,NULL,NULL
6220,NULL,PANTONE 553,NULL,35,68,53,234435,NULL,NULL,NULL
6221,NULL,PANTONE 5535,NULL,33,61,48,213D30,NULL,NULL,NULL
6222,NULL,PANTONE 554,NULL,25,94,71,195E47,NULL,NULL,NULL
6223,NULL,PANTONE 5545,NULL,79,109,94,4F6D5E,NULL,NULL,NULL
6224,NULL,PANTONE 555,NULL,7,109,84,076D54,NULL,NULL,NULL
6225,NULL,PANTONE 5555,NULL,119,145,130,779182,NULL,NULL,NULL
6226,NULL,PANTONE 556,NULL,122,168,145,7AA891,NULL,NULL,NULL
6227,NULL,PANTONE 5565,NULL,150,170,153,96AA99,NULL,NULL,NULL
6228,NULL,PANTONE 557,NULL,163,193,173,A3C1AD,NULL,NULL,NULL
6229,NULL,PANTONE 5575,NULL,175,191,173,AFBFAD,NULL,NULL,NULL
6230,NULL,PANTONE 558,NULL,183,206,188,B7CEBC,NULL,NULL,NULL
6231,NULL,PANTONE 5585,NULL,196,206,191,C4CEBF,NULL,NULL,NULL
6232,NULL,PANTONE 559,NULL,198,214,196,C6D6C4,NULL,NULL,NULL
6233,NULL,PANTONE 5595,NULL,216,219,204,D8DBCC,NULL,NULL,NULL
6234,NULL,PANTONE 560,NULL,43,76,63,2B4C3F,NULL,NULL,NULL
6235,NULL,PANTONE 5605,NULL,35,58,45,233A2D,NULL,NULL,NULL
6236,NULL,PANTONE 561,NULL,38,102,89,266659,NULL,NULL,NULL
6237,NULL,PANTONE 5615,NULL,84,104,86,546856,NULL,NULL,NULL
6238,NULL,PANTONE 562,NULL,30,122,109,1E7A6D,NULL,NULL,NULL
6239,NULL,PANTONE 5625,NULL,114,132,112,728470,NULL,NULL,NULL
6240,NULL,PANTONE 563,NULL,127,188,170,7FBCAA,NULL,NULL,NULL
6241,NULL,PANTONE 5635,NULL,158,170,153,9EAA99,NULL,NULL,NULL
6242,NULL,PANTONE 564,NULL,5,112,94,05705E,NULL,NULL,NULL
6243,NULL,PANTONE 5645,NULL,188,193,178,BCC1B2,NULL,NULL,NULL
6244,NULL,PANTONE 565,NULL,188,219,204,BCDBCC,NULL,NULL,NULL
6245,NULL,PANTONE 5655,NULL,198,204,186,C6CCBA,NULL,NULL,NULL
6246,NULL,PANTONE 566,NULL,209,226,211,D1E2D3,NULL,NULL,NULL
6247,NULL,PANTONE 5665,NULL,214,214,198,D6D6C6,NULL,NULL,NULL
6248,NULL,PANTONE 567,NULL,38,81,66,265142,NULL,NULL,NULL
6249,NULL,PANTONE 568,NULL,0,114,99,007263,NULL,NULL,NULL
6250,NULL,PANTONE 569,NULL,0,135,114,008772,NULL,NULL,NULL
6251,NULL,PANTONE 570,NULL,127,198,178,7FC6B2,NULL,NULL,NULL
6252,NULL,PANTONE 571,NULL,170,219,198,AADBC6,NULL,NULL,NULL
6253,NULL,PANTONE 572,NULL,188,226,206,BCE2CE,NULL,NULL,NULL
6254,NULL,PANTONE 573,NULL,204,229,214,CCE5D6,NULL,NULL,NULL
6255,NULL,PANTONE 574,NULL,73,89,40,495928,NULL,NULL,NULL
6256,NULL,PANTONE 5743,NULL,63,73,38,3F4926,NULL,NULL,NULL
6257,NULL,PANTONE 5747,NULL,66,71,22,424716,NULL,NULL,NULL
6258,NULL,PANTONE 575,NULL,84,119,48,547730,NULL,NULL,NULL
6259,NULL,PANTONE 5753,NULL,94,102,58,5E663A,NULL,NULL,NULL
6260,NULL,PANTONE 5757,NULL,107,112,43,6B702B,NULL,NULL,NULL
6261,NULL,PANTONE 576,NULL,96,142,58,608E3A,NULL,NULL,NULL
6262,NULL,PANTONE 5763,NULL,119,124,79,777C4F,NULL,NULL,NULL
6263,NULL,PANTONE 5767,NULL,140,145,79,8C914F,NULL,NULL,NULL
6264,NULL,PANTONE 577,NULL,181,204,142,B5CC8E,NULL,NULL,NULL
6265,NULL,PANTONE 5773,NULL,155,158,114,9B9E72,NULL,NULL,NULL
6266,NULL,PANTONE 5777,NULL,170,173,117,AAAD75,NULL,NULL,NULL
6267,NULL,PANTONE 578,NULL,198,214,160,C6D6A0,NULL,NULL,NULL
6268,NULL,PANTONE 5783,NULL,181,181,142,B5B58E,NULL,NULL,NULL
6269,NULL,PANTONE 5787,NULL,198,198,153,C6C699,NULL,NULL,NULL
6270,NULL,PANTONE 579,NULL,201,214,163,C9D6A3,NULL,NULL,NULL
6271,NULL,PANTONE 5793,NULL,198,198,165,C6C6A5,NULL,NULL,NULL
6272,NULL,PANTONE 5797,NULL,211,209,170,D3D1AA,NULL,NULL,NULL
6273,NULL,PANTONE 580,NULL,216,221,181,D8DDB5,NULL,NULL,NULL
6274,NULL,PANTONE 5803,NULL,216,214,183,D8D6B7,NULL,NULL,NULL
6275,NULL,PANTONE 5807,NULL,224,221,188,E0DDBC,NULL,NULL,NULL
6276,NULL,PANTONE 581,NULL,96,94,17,605E11,NULL,NULL,NULL
6277,NULL,PANTONE 5815,NULL,73,68,17,494411,NULL,NULL,NULL
6278,NULL,PANTONE 582,NULL,135,137,5,878905,NULL,NULL,NULL
6279,NULL,PANTONE 5825,NULL,117,112,43,75702B,NULL,NULL,NULL
6280,NULL,PANTONE 583,NULL,170,186,10,AABA0A,NULL,NULL,NULL
6281,NULL,PANTONE 5835,NULL,158,153,89,9E9959,NULL,NULL,NULL
6282,NULL,PANTONE 584,NULL,206,214,73,CED649,NULL,NULL,NULL
6283,NULL,PANTONE 5845,NULL,178,170,112,B2AA70,NULL,NULL,NULL
6284,NULL,PANTONE 585,NULL,219,224,107,DBE06B,NULL,NULL,NULL
6285,NULL,PANTONE 5855,NULL,204,198,147,CCC693,NULL,NULL,NULL
6286,NULL,PANTONE 586,NULL,226,229,132,E2E584,NULL,NULL,NULL
6287,NULL,PANTONE 5865,NULL,214,206,163,D6CEA3,NULL,NULL,NULL
6288,NULL,PANTONE 587,NULL,232,232,155,E8E89B,NULL,NULL,NULL
6289,NULL,PANTONE 5875,NULL,224,219,181,E0DBB5,NULL,NULL,NULL
6290,NULL,PANTONE 600,NULL,244,237,175,F4EDAF,NULL,NULL,NULL
6291,NULL,PANTONE 601,NULL,242,237,158,F2ED9E,NULL,NULL,NULL
6292,NULL,PANTONE 602,NULL,242,234,135,F2EA87,NULL,NULL,NULL
6293,NULL,PANTONE 603,NULL,237,232,91,EDE85B,NULL,NULL,NULL
6294,NULL,PANTONE 604,NULL,232,221,33,E8DD21,NULL,NULL,NULL
6295,NULL,PANTONE 605,NULL,221,206,17,DDCE11,NULL,NULL,NULL
6296,NULL,PANTONE 606,NULL,211,191,17,D3BF11,NULL,NULL,NULL
6297,NULL,PANTONE 607,NULL,242,234,188,F2EABC,NULL,NULL,NULL
6298,NULL,PANTONE 608,NULL,239,232,173,EFE8AD,NULL,NULL,NULL
6299,NULL,PANTONE 609,NULL,234,229,150,EAE596,NULL,NULL,NULL
6300,NULL,PANTONE 610,NULL,226,219,114,E2DB72,NULL,NULL,NULL
6301,NULL,PANTONE 611,NULL,214,206,73,D6CE49,NULL,NULL,NULL
6302,NULL,PANTONE 612,NULL,196,186,0,C4BA00,NULL,NULL,NULL
6303,NULL,PANTONE 613,NULL,175,160,12,AFA00C,NULL,NULL,NULL
6304,NULL,PANTONE 614,NULL,234,226,183,EAE2B7,NULL,NULL,NULL
6305,NULL,PANTONE 615,NULL,226,219,170,E2DBAA,NULL,NULL,NULL
6306,NULL,PANTONE 616,NULL,221,214,155,DDD69B,NULL,NULL,NULL
6307,NULL,PANTONE 617,NULL,204,196,124,CCC47C,NULL,NULL,NULL
6308,NULL,PANTONE 618,NULL,181,170,89,B5AA59,NULL,NULL,NULL
6309,NULL,PANTONE 619,NULL,150,140,40,968C28,NULL,NULL,NULL
6310,NULL,PANTONE 620,NULL,132,119,17,847711,NULL,NULL,NULL
6311,NULL,PANTONE 621,NULL,216,221,206,D8DDCE,NULL,NULL,NULL
6312,NULL,PANTONE 622,NULL,193,209,191,C1D1BF,NULL,NULL,NULL
6313,NULL,PANTONE 623,NULL,165,191,170,A5BFAA,NULL,NULL,NULL
6314,NULL,PANTONE 624,NULL,127,160,140,7FA08C,NULL,NULL,NULL
6315,NULL,PANTONE 625,NULL,91,135,114,5B8772,NULL,NULL,NULL
6316,NULL,PANTONE 626,NULL,33,84,63,21543F,NULL,NULL,NULL
6317,NULL,PANTONE 627,NULL,12,48,38,0C3026,NULL,NULL,NULL
6318,NULL,PANTONE 628,NULL,204,226,221,CCE2DD,NULL,NULL,NULL
6319,NULL,PANTONE 629,NULL,178,216,216,B2D8D8,NULL,NULL,NULL
6320,NULL,PANTONE 630,NULL,140,204,211,8CCCD3,NULL,NULL,NULL
6321,NULL,PANTONE 631,NULL,84,183,198,54B7C6,NULL,NULL,NULL
6322,NULL,PANTONE 632,NULL,0,160,186,00A0BA,NULL,NULL,NULL
6323,NULL,PANTONE 633,NULL,0,127,153,007F99,NULL,NULL,NULL
6324,NULL,PANTONE 634,NULL,0,102,127,00667F,NULL,NULL,NULL
6325,NULL,PANTONE 635,NULL,186,224,224,BAE0E0,NULL,NULL,NULL
6326,NULL,PANTONE 636,NULL,153,214,221,99D6DD,NULL,NULL,NULL
6327,NULL,PANTONE 637,NULL,107,201,219,6BC9DB,NULL,NULL,NULL
6328,NULL,PANTONE 638,NULL,0,181,214,00B5D6,NULL,NULL,NULL
6329,NULL,PANTONE 639,NULL,0,160,196,00A0C4,NULL,NULL,NULL
6330,NULL,PANTONE 640,NULL,0,140,178,008CB2,NULL,NULL,NULL
6331,NULL,PANTONE 641,NULL,0,122,165,007AA5,NULL,NULL,NULL
6332,NULL,PANTONE 642,NULL,209,216,216,D1D8D8,NULL,NULL,NULL
6333,NULL,PANTONE 643,NULL,198,209,214,C6D1D6,NULL,NULL,NULL
6334,NULL,PANTONE 644,NULL,155,175,196,9BAFC4,NULL,NULL,NULL
6335,NULL,PANTONE 645,NULL,119,150,178,7796B2,NULL,NULL,NULL
6336,NULL,PANTONE 646,NULL,94,130,163,5E82A3,NULL,NULL,NULL
6337,NULL,PANTONE 647,NULL,38,84,124,26547C,NULL,NULL,NULL
6338,NULL,PANTONE 648,NULL,0,48,94,00305E,NULL,NULL,NULL
6339,NULL,PANTONE 649,NULL,214,214,216,D6D6D8,NULL,NULL,NULL
6340,NULL,PANTONE 650,NULL,191,198,209,BFC6D1,NULL,NULL,NULL
6341,NULL,PANTONE 651,NULL,155,170,191,9BAABF,NULL,NULL,NULL
6342,NULL,PANTONE 652,NULL,109,135,168,6D87A8,NULL,NULL,NULL
6343,NULL,PANTONE 653,NULL,51,86,135,335687,NULL,NULL,NULL
6344,NULL,PANTONE 654,NULL,15,43,91,0F2B5B,NULL,NULL,NULL
6345,NULL,PANTONE 655,NULL,12,28,71,0C1C47,NULL,NULL,NULL
6346,NULL,PANTONE 656,NULL,214,219,224,D6DBE0,NULL,NULL,NULL
6347,NULL,PANTONE 657,NULL,193,201,221,C1C9DD,NULL,NULL,NULL
6348,NULL,PANTONE 658,NULL,165,175,214,A5AFD6,NULL,NULL,NULL
6349,NULL,PANTONE 659,NULL,127,140,191,7F8CBF,NULL,NULL,NULL
6350,NULL,PANTONE 660,NULL,89,96,168,5960A8,NULL,NULL,NULL
6351,NULL,PANTONE 661,NULL,45,51,142,2D338E,NULL,NULL,NULL
6352,NULL,PANTONE 662,NULL,12,25,117,0C1975,NULL,NULL,NULL
6353,NULL,PANTONE 663,NULL,226,211,214,E2D3D6,NULL,NULL,NULL
6354,NULL,PANTONE 664,NULL,216,204,209,D8CCD1,NULL,NULL,NULL
6355,NULL,PANTONE 665,NULL,198,181,196,C6B5C4,NULL,NULL,NULL
6356,NULL,PANTONE 666,NULL,168,147,173,A893AD,NULL,NULL,NULL
6357,NULL,PANTONE 667,NULL,127,102,137,7F6689,NULL,NULL,NULL
6358,NULL,PANTONE 668,NULL,102,73,117,664975,NULL,NULL,NULL
6359,NULL,PANTONE 669,NULL,71,43,89,472B59,NULL,NULL,NULL
6360,NULL,PANTONE 670,NULL,242,214,216,F2D6D8,NULL,NULL,NULL
6361,NULL,PANTONE 671,NULL,239,198,211,EFC6D3,NULL,NULL,NULL
6362,NULL,PANTONE 672,NULL,234,170,196,EAAAC4,NULL,NULL,NULL
6363,NULL,PANTONE 673,NULL,224,140,178,E08CB2,NULL,NULL,NULL
6364,NULL,PANTONE 674,NULL,211,107,158,D36B9E,NULL,NULL,NULL
6365,NULL,PANTONE 675,NULL,188,56,119,BC3877,NULL,NULL,NULL
6366,NULL,PANTONE 676,NULL,160,0,84,A00054,NULL,NULL,NULL
6367,NULL,PANTONE 677,NULL,237,214,214,EDD6D6,NULL,NULL,NULL
6368,NULL,PANTONE 678,NULL,234,204,206,EACCCE,NULL,NULL,NULL
6369,NULL,PANTONE 679,NULL,229,191,198,E5BFC6,NULL,NULL,NULL
6370,NULL,PANTONE 680,NULL,211,158,175,D39EAF,NULL,NULL,NULL
6371,NULL,PANTONE 681,NULL,183,114,142,B7728E,NULL,NULL,NULL
6372,NULL,PANTONE 682,NULL,160,81,117,A05175,NULL,NULL,NULL
6373,NULL,PANTONE 683,NULL,127,40,79,7F284F,NULL,NULL,NULL
6374,NULL,PANTONE 684,NULL,239,204,206,EFCCCE,NULL,NULL,NULL
6375,NULL,PANTONE 685,NULL,234,191,196,EABFC4,NULL,NULL,NULL
6376,NULL,PANTONE 686,NULL,224,170,186,E0AABA,NULL,NULL,NULL
6377,NULL,PANTONE 687,NULL,201,137,158,C9899E,NULL,NULL,NULL
6378,NULL,PANTONE 688,NULL,178,102,132,B26684,NULL,NULL,NULL
6379,NULL,PANTONE 689,NULL,147,66,102,934266,NULL,NULL,NULL
6380,NULL,PANTONE 690,NULL,112,35,66,702342,NULL,NULL,NULL
6381,NULL,PANTONE 691,NULL,239,209,201,EFD1C9,NULL,NULL,NULL
6382,NULL,PANTONE 692,NULL,232,191,186,E8BFBA,NULL,NULL,NULL
6383,NULL,PANTONE 693,NULL,219,168,165,DBA8A5,NULL,NULL,NULL
6384,NULL,PANTONE 694,NULL,201,140,140,C98C8C,NULL,NULL,NULL
6385,NULL,PANTONE 695,NULL,178,107,112,B26B70,NULL,NULL,NULL
6386,NULL,PANTONE 696,NULL,142,71,73,8E4749,NULL,NULL,NULL
6387,NULL,PANTONE 697,NULL,127,56,58,7F383A,NULL,NULL,NULL
6388,NULL,PANTONE 698,NULL,247,209,204,F7D1CC,NULL,NULL,NULL
6389,NULL,PANTONE 699,NULL,247,191,191,F7BFBF,NULL,NULL,NULL
6390,NULL,PANTONE 700,NULL,242,165,170,F2A5AA,NULL,NULL,NULL
6391,NULL,PANTONE 701,NULL,232,135,142,E8878E,NULL,NULL,NULL
6392,NULL,PANTONE 702,NULL,214,96,109,D6606D,NULL,NULL,NULL
6393,NULL,PANTONE 703,NULL,183,56,68,B73844,NULL,NULL,NULL
6394,NULL,PANTONE 704,NULL,158,40,40,9E2828,NULL,NULL,NULL
6395,NULL,PANTONE 705,NULL,249,221,214,F9DDD6,NULL,NULL,NULL
6396,NULL,PANTONE 706,NULL,252,201,198,FCC9C6,NULL,NULL,NULL
6397,NULL,PANTONE 707,NULL,252,173,175,FCADAF,NULL,NULL,NULL
6398,NULL,PANTONE 708,NULL,249,142,153,F98E99,NULL,NULL,NULL
6399,NULL,PANTONE 709,NULL,242,104,119,F26877,NULL,NULL,NULL
6400,NULL,PANTONE 710,NULL,224,66,81,E04251,NULL,NULL,NULL
6401,NULL,PANTONE 711,NULL,209,45,51,D12D33,NULL,NULL,NULL
6402,NULL,PANTONE 712,NULL,255,211,170,FFD3AA,NULL,NULL,NULL
6403,NULL,PANTONE 713,NULL,249,201,163,F9C9A3,NULL,NULL,NULL
6404,NULL,PANTONE 714,NULL,249,186,130,F9BA82,NULL,NULL,NULL
6405,NULL,PANTONE 715,NULL,252,158,73,FC9E49,NULL,NULL,NULL
6406,NULL,PANTONE 716,NULL,242,132,17,F28411,NULL,NULL,NULL
6407,NULL,PANTONE 717,NULL,211,109,0,D36D00,NULL,NULL,NULL
6408,NULL,PANTONE 718,NULL,191,91,0,BF5B00,NULL,NULL,NULL
6409,NULL,PANTONE 719,NULL,244,209,175,F4D1AF,NULL,NULL,NULL
6410,NULL,PANTONE 720,NULL,239,196,158,EFC49E,NULL,NULL,NULL
6411,NULL,PANTONE 721,NULL,232,178,130,E8B282,NULL,NULL,NULL
6412,NULL,PANTONE 722,NULL,209,142,84,D18E54,NULL,NULL,NULL
6413,NULL,PANTONE 723,NULL,186,117,48,BA7530,NULL,NULL,NULL
6499,NULL,RAL 3005 Wine red,NULL,94,33,41,5E2129,NULL,NULL,NULL
6500,NULL,RAL 3007 Black red,NULL,65,34,39,412227,NULL,NULL,NULL
6501,NULL,RAL 3009 Oxide red,NULL,100,36,36,642424,NULL,NULL,NULL
6502,NULL,RAL 3011 Brown red,NULL,120,31,25,781F19,NULL,NULL,NULL
6503,NULL,RAL 3012 Beige red,NULL,193,135,107,C1876B,NULL,NULL,NULL
6504,NULL,RAL 3013 Tomato red,NULL,161,35,18,A12312,NULL,NULL,NULL
6505,NULL,RAL 3014 Antique pink,NULL,211,110,112,D36E70,NULL,NULL,NULL
6506,NULL,RAL 3015 Light pink,NULL,234,137,154,EA899A,NULL,NULL,NULL
6507,NULL,RAL 3016 Coral red,NULL,179,40,33,B32821,NULL,NULL,NULL
6508,NULL,RAL 3017 Rose,NULL,230,50,68,E63244,NULL,NULL,NULL
6509,NULL,RAL 3018 Strawberry red,NULL,213,48,50,D53032,NULL,NULL,NULL
6510,NULL,RAL 3020 Traffic red,NULL,204,6,5,CC0605,NULL,NULL,NULL
6511,NULL,RAL 3022 Salmon pink,NULL,217,80,48,D95030,NULL,NULL,NULL
6512,NULL,RAL 3024 Luminous red,NULL,248,0,0,F80000,NULL,NULL,NULL
6513,NULL,RAL 3026 Luminous bright red,NULL,254,0,0,FE0000,NULL,NULL,NULL
6514,NULL,RAL 3027 Raspberry red,NULL,197,29,52,C51D34,NULL,NULL,NULL
6515,NULL,RAL 3028 Pure  red,NULL,203,50,52,CB3234,NULL,NULL,NULL
6516,NULL,RAL 3031 Orient red,NULL,179,36,40,B32428,NULL,NULL,NULL
6517,NULL,RAL 3032 Pearl ruby red,NULL,114,20,34,721422,NULL,NULL,NULL
6518,NULL,RAL 3033 Pearl pink,NULL,180,76,67,B44C43,NULL,NULL,NULL
6519,NULL,RAL 4001 Red lilac,NULL,222,76,138,6D3F5B,NULL,NULL,NULL
6520,NULL,RAL 4002 Red violet,NULL,146,43,62,922B3E,NULL,NULL,NULL
6521,NULL,RAL 4003 Heather violet,NULL,222,76,138,DE4C8A,NULL,NULL,NULL
6522,NULL,RAL 4004 Claret violet,NULL,110,28,52,641C34,NULL,NULL,NULL
6523,NULL,RAL 4005 Blue lilac,NULL,108,70,117,6C4675,NULL,NULL,NULL
6524,NULL,RAL 4006 Traffic purple,NULL,160,52,114,A03472,NULL,NULL,NULL
6525,NULL,RAL 4007 Purple violet,NULL,74,25,44,4A192C,NULL,NULL,NULL
6526,NULL,RAL 4008 Signal violet,NULL,146,36,125,924E7D,NULL,NULL,NULL
6527,NULL,RAL 4009 Pastel violet,NULL,164,125,144,A18594,NULL,NULL,NULL
6528,NULL,RAL 4010 Telemagenta,NULL,215,45,109,CF3476,NULL,NULL,NULL
6529,NULL,RAL 4011 Pearl violet,NULL,134,115,161,8673A1,NULL,NULL,NULL
6530,NULL,RAL 4012 Pearl black berry,NULL,108,104,129,6C6874,NULL,NULL,NULL
6531,NULL,RAL 5000 Violet blue,NULL,42,46,75,354D73,NULL,NULL,NULL
6532,NULL,RAL 5001 Green blue,NULL,31,52,56,1F3438,NULL,NULL,NULL
6533,NULL,RAL 5002 Ultramarine blue,NULL,32,33,79,20214F,NULL,NULL,NULL
6534,NULL,RAL 5003 Saphire blue,NULL,29,30,51,1D1E33,NULL,NULL,NULL
6535,NULL,RAL 5004 Black blue,NULL,32,33,79,18171C,NULL,NULL,NULL
6536,NULL,RAL 5005 Signal blue,NULL,30,45,110,1E2460,NULL,NULL,NULL
6537,NULL,RAL 5007 Brillant blue,NULL,62,95,138,3E5F8A,NULL,NULL,NULL
6538,NULL,RAL 5008 Grey blue,NULL,38,37,45,26252D,NULL,NULL,NULL
6539,NULL,RAL 5009 Azure blue,NULL,2,86,105,025669,NULL,NULL,NULL
6540,NULL,RAL 5010 Gentian blue,NULL,14,41,75,0E294B,NULL,NULL,NULL
6541,NULL,RAL 5011 Steel blue,NULL,35,26,36,231A24,NULL,NULL,NULL
6542,NULL,RAL 5012 Light blue,NULL,59,131,189,3B83BD,NULL,NULL,NULL
6543,NULL,RAL 5013 Cobalt blue,NULL,37,41,74,1E213D,NULL,NULL,NULL
6544,NULL,RAL 5014 Pigeon blue,NULL,96,111,140,606E8C,NULL,NULL,NULL
6545,NULL,RAL 5015 Sky blue,NULL,34,113,179,2271B3,NULL,NULL,NULL
6546,NULL,RAL 5017 Traffic blue,NULL,6,57,113,063971,NULL,NULL,NULL
6547,NULL,RAL 5018 Turquoise blue,NULL,63,136,143,3F888F,NULL,NULL,NULL
6548,NULL,RAL 5019 Capri blue,NULL,27,85,131,1B5583,NULL,NULL,NULL
6549,NULL,RAL 5020 Ocean blue,NULL,29,51,74,1D334A,NULL,NULL,NULL
6550,NULL,RAL 5021 Water blue,NULL,37,109,123,256D7B,NULL,NULL,NULL
6551,NULL,RAL 5022 Night blue,NULL,37,40,80,252850,NULL,NULL,NULL
6552,NULL,RAL 5023 Distant blue,NULL,73,103,141,49678D,NULL,NULL,NULL
6553,NULL,RAL 5024 Pastel blue,NULL,93,155,155,5D9B9B,NULL,NULL,NULL
6554,NULL,RAL 5025 Pearl gentian blue,NULL,42,100,120,2A6478,NULL,NULL,NULL
6555,NULL,RAL 5026 Pearl night blue,NULL,16,44,84,102C54,NULL,NULL,NULL
6556,NULL,RAL 6000 Patina green,NULL,49,102,80,316650,NULL,NULL,NULL
6557,NULL,RAL 6001 Emerald green,NULL,40,114,51,287233,NULL,NULL,NULL
6558,NULL,RAL 6002 Leaf green,NULL,45,87,44,2D572C,NULL,NULL,NULL
6559,NULL,RAL 6003 Olive green,NULL,66,70,50,424632,NULL,NULL,NULL
6560,NULL,RAL 6004 Blue green,NULL,31,58,61,1F3A3D,NULL,NULL,NULL
6561,NULL,RAL 6005 Moss green,NULL,47,69,56,2F4538,NULL,NULL,NULL
6562,NULL,RAL 6006 Grey olive,NULL,62,59,50,3E3B32,NULL,NULL,NULL
6563,NULL,RAL 6007 Bottle green,NULL,52,59,41,343B29,NULL,NULL,NULL
6564,NULL,RAL 6008 Brown green,NULL,57,53,42,39352A,NULL,NULL,NULL
6565,NULL,RAL 6009 Fir green,NULL,49,55,43,31372B,NULL,NULL,NULL
6566,NULL,RAL 6010 Grass green,NULL,53,104,45,35682D,NULL,NULL,NULL
6567,NULL,RAL 6011 Reseda green,NULL,88,114,70,587246,NULL,NULL,NULL
6568,NULL,RAL 6012 Black green,NULL,52,62,64,343E40,NULL,NULL,NULL
6569,NULL,RAL 6013 Reed green,NULL,108,113,86,6C7156,NULL,NULL,NULL
6570,NULL,RAL 6014 Yellow olive,NULL,71,64,46,47402E,NULL,NULL,NULL
6571,NULL,RAL 6015 Black olive,NULL,59,60,54,3B3C36,NULL,NULL,NULL
6572,NULL,RAL 6016 Turquoise green,NULL,30,89,69,1E5945,NULL,NULL,NULL
6573,NULL,RAL 6017 May green,NULL,76,145,65,4C9141,NULL,NULL,NULL
6574,NULL,RAL 6018 Yellow green,NULL,87,166,57,57A639,NULL,NULL,NULL
6575,NULL,RAL 6019 Pastel green,NULL,189,236,182,BDECB6,NULL,NULL,NULL
6576,NULL,RAL 6020 Chrome green,NULL,46,58,35,2E3A23,NULL,NULL,NULL
6577,NULL,RAL 6021 Pale green,NULL,137,172,118,89AC76,NULL,NULL,NULL
6578,NULL,RAL 6022 Olive drab,NULL,37,34,27,25221B,NULL,NULL,NULL
6579,NULL,RAL 6024 Traffic green,NULL,48,132,70,308446,NULL,NULL,NULL
6580,NULL,RAL 6025 Fern green,NULL,61,100,45,3D642D,NULL,NULL,NULL
6581,NULL,RAL 6026 Opal green,NULL,1,93,82,015D52,NULL,NULL,NULL
6582,NULL,RAL 6027 Light green,NULL,132,195,190,84C3BE,NULL,NULL,NULL
6583,NULL,RAL 6028 Pine green,NULL,44,85,69,2C5545,NULL,NULL,NULL
6584,NULL,RAL 6029 Mint green,NULL,32,96,61,20603D,NULL,NULL,NULL
6585,NULL,RAL 6032 Signal green,NULL,49,127,67,317F43,NULL,NULL,NULL
6586,NULL,RAL 6033 Mint turquoise,NULL,73,126,118,497E76,NULL,NULL,NULL
6587,NULL,RAL 6034 Pastel turquoise,NULL,127,181,181,7FB5B5,NULL,NULL,NULL
6588,NULL,RAL 6035 Pearl green,NULL,28,84,45,1C542D,NULL,NULL,NULL
6589,NULL,RAL 6036 Pearl opal green,NULL,22,53,55,193737,NULL,NULL,NULL
6590,NULL,RAL 6037 Pure green,NULL,0,143,57,008F39,NULL,NULL,NULL
6591,NULL,RAL 6038 Luminous green,NULL,0,187,45,00BB2D,NULL,NULL,NULL
6592,NULL,RAL 7000 Squirrel grey,NULL,120,133,139,78858B,NULL,NULL,NULL
6593,NULL,RAL 7001 Silver grey,NULL,138,149,151,8A9597,NULL,NULL,NULL
6594,NULL,RAL 7002 Olive grey,NULL,126,123,82,7E7B52,NULL,NULL,NULL
6595,NULL,RAL 7003 Moss grey,NULL,108,112,89,6C7059,NULL,NULL,NULL
6596,NULL,RAL 7004 Signal grey,NULL,150,153,146,969992,NULL,NULL,NULL
6597,NULL,RAL 7005 Mouse grey,NULL,100,107,99,646B63,NULL,NULL,NULL
6598,NULL,RAL 7006 Beige grey,NULL,109,101,82,6D6552,NULL,NULL,NULL
6599,NULL,RAL 7008 Khaki grey,NULL,106,95,49,6A5F31,NULL,NULL,NULL
6600,NULL,RAL 7009 Green grey,NULL,77,86,69,4D5645,NULL,NULL,NULL
6601,NULL,RAL 7010 Tarpaulin grey,NULL,76,81,74,4C514A,NULL,NULL,NULL
6602,NULL,RAL 7011 Iron grey,NULL,67,75,77,434B4D,NULL,NULL,NULL
6603,NULL,RAL 7012 Basalt grey,NULL,78,87,84,4E5754,NULL,NULL,NULL
6604,NULL,RAL 7013 Brown grey,NULL,70,69,49,464531,NULL,NULL,NULL
6605,NULL,RAL 7015 Slate grey,NULL,67,71,80,434750,NULL,NULL,NULL
6606,NULL,RAL 7016 Anthracite grey,NULL,41,49,51,293133,NULL,NULL,NULL
6607,NULL,RAL 7021 Black grey,NULL,35,40,43,23282B,NULL,NULL,NULL
6608,NULL,RAL 7022 Umbra grey,NULL,51,47,44,332F2C,NULL,NULL,NULL
6609,NULL,RAL 7023 Concrete grey,NULL,104,108,94,686C5E,NULL,NULL,NULL
6610,NULL,RAL 7024 Graphite grey,NULL,71,74,81,474A51,NULL,NULL,NULL
6611,NULL,RAL 7026 Granite grey,NULL,47,53,59,2F353B,NULL,NULL,NULL
6612,NULL,RAL 7030 Stone grey,NULL,139,140,122,8B8C7A,NULL,NULL,NULL
6613,NULL,RAL 7031 Blue grey,NULL,71,75,78,474B4E,NULL,NULL,NULL
6614,NULL,RAL 7032 Pebble grey,NULL,184,183,153,B8B799,NULL,NULL,NULL
6615,NULL,RAL 7033 Cement grey,NULL,125,132,113,7D8471,NULL,NULL,NULL
6616,NULL,RAL 7034 Yellow grey,NULL,143,139,102,8F8B66,NULL,NULL,NULL
6617,NULL,RAL 7035 Light grey,NULL,215,215,215,D7D7D7,NULL,NULL,NULL
6618,NULL,RAL 7036 Platinum grey,NULL,127,118,121,7F7679,NULL,NULL,NULL
6619,NULL,RAL 7037 Dusty grey,NULL,125,127,120,7D7F7D,NULL,NULL,NULL
6620,NULL,RAL 7038 Agate grey,NULL,195,195,195,B5B8B1,NULL,NULL,NULL
6621,NULL,RAL 7039 Quartz grey,NULL,108,105,96,6C6960,NULL,NULL,NULL
6622,NULL,RAL 7040 Window grey,NULL,157,161,170,9DA1AA,NULL,NULL,NULL
6623,NULL,RAL 7042 Traffic grey A,NULL,141,148,141,8D948D,NULL,NULL,NULL
6624,NULL,RAL 7043 Traffic grey B,NULL,78,84,82,4E5452,NULL,NULL,NULL
6625,NULL,RAL 7044 Silk grey,NULL,202,196,176,CAC4B0,NULL,NULL,NULL
6626,NULL,RAL 7045 Telegrey 1,NULL,144,144,144,909090,NULL,NULL,NULL
6627,NULL,RAL 7046 Telegrey 2,NULL,130,137,143,82898F,NULL,NULL,NULL
6628,NULL,RAL 7047 Telegrey 4,NULL,208,208,208,D0D0D0,NULL,NULL,NULL
6629,NULL,RAL 7048 Pearl mouse grey,NULL,137,129,118,898176,NULL,NULL,NULL
6630,NULL,RAL 8000 Green brown,NULL,130,108,52,826C34,NULL,NULL,NULL
6631,NULL,RAL 8001 Ochre brown,NULL,149,95,32,955F20,NULL,NULL,NULL
6632,NULL,RAL 8002 Signal brown,NULL,108,59,42,6C3B2A,NULL,NULL,NULL
6633,NULL,RAL 8003 Clay brown,NULL,115,66,34,734222,NULL,NULL,NULL
6634,NULL,RAL 8004 Copper brown,NULL,142,64,42,8E402A,NULL,NULL,NULL
6635,NULL,RAL 8007 Fawn brown,NULL,89,53,31,59351F,NULL,NULL,NULL
6636,NULL,RAL 8008 Olive brown,NULL,111,79,40,6F4F28,NULL,NULL,NULL
6637,NULL,RAL 8011 Nut brown,NULL,91,58,41,5B3A29,NULL,NULL,NULL
6638,NULL,RAL 8012 Red brown,NULL,89,35,33,592321,NULL,NULL,NULL
6639,NULL,RAL 8014 Sepia brown,NULL,56,44,30,382C1E,NULL,NULL,NULL
6640,NULL,RAL 8015 Chestnut brown,NULL,99,58,52,633A34,NULL,NULL,NULL
6641,NULL,RAL 8016 Mahogany brown,NULL,76,47,39,4C2F27,NULL,NULL,NULL
6642,NULL,RAL 8017 Chocolate brown,NULL,69,50,46,45322E,NULL,NULL,NULL
6643,NULL,RAL 8019 Grey brown,NULL,64,58,58,403A3A,NULL,NULL,NULL
6644,NULL,RAL 8022 Black brown,NULL,33,33,33,212121,NULL,NULL,NULL
6645,NULL,RAL 8023 Orange brown,NULL,166,94,46,A65E2E,NULL,NULL,NULL
6646,NULL,RAL 8024 Beige brown,NULL,121,85,61,79553D,NULL,NULL,NULL
6647,NULL,RAL 8025 Pale brown,NULL,117,92,72,755C48,NULL,NULL,NULL
6648,NULL,RAL 8028 Terra brown,NULL,78,59,49,4E3B31,NULL,NULL,NULL
6649,NULL,RAL 8029 Pearl copper,NULL,118,60,40,763C28,NULL,NULL,NULL
6650,NULL,RAL 9001 Cream,NULL,250,244,227,FDF4E3,NULL,NULL,NULL
6651,NULL,RAL 9002 Grey white,NULL,231,235,218,E7EBDA,NULL,NULL,NULL
6652,NULL,RAL 9003 Signal white,NULL,244,244,244,F4F4F4,NULL,NULL,NULL
5616,NULL,PANTONE 167,NULL,188,79,7,BC4F07,NULL,NULL,NULL
5617,NULL,PANTONE 1675,NULL,165,63,15,A53F0F,NULL,NULL,NULL
5618,NULL,PANTONE 168,NULL,109,48,17,6D3011,NULL,NULL,NULL
5619,NULL,PANTONE 1685,NULL,132,53,17,843511,NULL,NULL,NULL
5620,NULL,PANTONE 169,NULL,249,186,170,F9BAAA,NULL,NULL,NULL
5621,NULL,PANTONE 170,NULL,249,137,114,F98972,NULL,NULL,NULL
5622,NULL,PANTONE 171,NULL,249,96,58,F9603A,NULL,NULL,NULL
5623,NULL,PANTONE 172,NULL,247,73,2,F74902,NULL,NULL,NULL
5624,NULL,PANTONE 173,NULL,209,68,20,D14414,NULL,NULL,NULL
5625,NULL,PANTONE 174,NULL,147,51,17,933311,NULL,NULL,NULL
5626,NULL,PANTONE 175,NULL,109,51,33,6D3321,NULL,NULL,NULL
5627,NULL,PANTONE 176,NULL,249,175,173,F9AFAD,NULL,NULL,NULL
5628,NULL,PANTONE 1765,NULL,249,158,163,F99EA3,NULL,NULL,NULL
5629,NULL,PANTONE 1767,NULL,249,178,183,F9B2B7,NULL,NULL,NULL
5630,NULL,PANTONE 177,NULL,249,130,127,F9827F,NULL,NULL,NULL
5631,NULL,PANTONE 1775,NULL,249,132,142,F9848E,NULL,NULL,NULL
5632,NULL,PANTONE 1777,NULL,252,102,117,FC6675,NULL,NULL,NULL
5633,NULL,PANTONE 178,NULL,249,94,89,F95E59,NULL,NULL,NULL
5634,NULL,PANTONE 1785,NULL,252,79,89,FC4F59,NULL,NULL,NULL
5635,NULL,PANTONE 1787,NULL,244,63,79,F43F4F,NULL,NULL,NULL
5636,NULL,PANTONE 1788,NULL,239,43,45,EF2B2D,NULL,NULL,NULL
5637,NULL,PANTONE 1788 2X,NULL,214,33,0,D62100,NULL,NULL,NULL
5638,NULL,PANTONE 179,NULL,226,61,40,E23D28,NULL,NULL,NULL
5639,NULL,PANTONE 1795,NULL,214,40,40,D62828,NULL,NULL,NULL
5640,NULL,PANTONE 1797,NULL,204,45,48,CC2D30,NULL,NULL,NULL
5641,NULL,PANTONE 180,NULL,193,56,40,C13828,NULL,NULL,NULL
5642,NULL,PANTONE 1805,NULL,175,38,38,AF2626,NULL,NULL,NULL
5643,NULL,PANTONE 1807,NULL,160,48,51,A03033,NULL,NULL,NULL
5644,NULL,PANTONE 181,NULL,124,45,35,7C2D23,NULL,NULL,NULL
5645,NULL,PANTONE 1810,NULL,124,33,30,7C211E,NULL,NULL,NULL
5646,NULL,PANTONE 1817,NULL,91,45,40,5B2D28,NULL,NULL,NULL
5647,NULL,PANTONE 182,NULL,249,191,193,F9BFC1,NULL,NULL,NULL
5648,NULL,PANTONE 183,NULL,252,140,153,FC8C99,NULL,NULL,NULL
5649,NULL,PANTONE 184,NULL,252,94,114,FC5E72,NULL,NULL,NULL
5650,NULL,PANTONE 185,NULL,232,17,45,E8112D,NULL,NULL,NULL
5651,NULL,PANTONE 185 2X,NULL,209,22,0,D11600,NULL,NULL,NULL
5652,NULL,PANTONE 186,NULL,206,17,38,CE1126,NULL,NULL,NULL
5653,NULL,PANTONE 187,NULL,175,30,45,AF1E2D,NULL,NULL,NULL
5654,NULL,PANTONE 188,NULL,124,33,40,7C2128,NULL,NULL,NULL
5655,NULL,PANTONE 189,NULL,255,163,178,FFA3B2,NULL,NULL,NULL
5656,NULL,PANTONE 1895,NULL,252,191,201,FCBFC9,NULL,NULL,NULL
5657,NULL,PANTONE 190,NULL,252,117,142,FC758E,NULL,NULL,NULL
5658,NULL,PANTONE 1905,NULL,252,155,178,FC9BB2,NULL,NULL,NULL
5659,NULL,PANTONE 191,NULL,244,71,107,F4476B,NULL,NULL,NULL
5660,NULL,PANTONE 1915,NULL,244,84,124,F4547C,NULL,NULL,NULL
5661,NULL,PANTONE 192,NULL,229,5,58,E5053A,NULL,NULL,NULL
5662,NULL,PANTONE 1925,NULL,224,7,71,E00747,NULL,NULL,NULL
5663,NULL,PANTONE 193,NULL,196,0,67,C40043,NULL,NULL,NULL
5664,NULL,PANTONE 1935,NULL,193,5,56,C10538,NULL,NULL,NULL
5665,NULL,PANTONE 194,NULL,153,33,53,992135,NULL,NULL,NULL
5666,NULL,PANTONE 1945,NULL,168,12,53,A80C35,NULL,NULL,NULL
5667,NULL,PANTONE 1955,NULL,147,22,56,931638,NULL,NULL,NULL
5668,NULL,PANTONE 196,NULL,250,213,225,FAD5E1,NULL,NULL,NULL
5669,NULL,PANTONE 197,NULL,246,165,190,F6A5BE,NULL,NULL,NULL
5670,NULL,PANTONE 198,NULL,239,91,132,EF5B84,NULL,NULL,NULL
5671,NULL,PANTONE 199,NULL,160,39,75,A0274B,NULL,NULL,NULL
5672,NULL,PANTONE 200,NULL,196,30,58,C41E3A,NULL,NULL,NULL
5673,NULL,PANTONE 201,NULL,163,38,56,A32638,NULL,NULL,NULL
5674,NULL,PANTONE 202,NULL,140,38,51,8C2633,NULL,NULL,NULL
5675,NULL,PANTONE 203,NULL,242,175,193,F2AFC1,NULL,NULL,NULL
5676,NULL,PANTONE 204,NULL,237,122,158,ED7A9E,NULL,NULL,NULL
5677,NULL,PANTONE 205,NULL,229,76,124,E54C7C,NULL,NULL,NULL
5678,NULL,PANTONE 206,NULL,211,5,71,D30547,NULL,NULL,NULL
5679,NULL,PANTONE 207,NULL,192,0,78,C0004E,NULL,NULL,NULL
5680,NULL,PANTONE 208,NULL,142,35,68,8E2344,NULL,NULL,NULL
5681,NULL,PANTONE 209,NULL,117,38,61,75263D,NULL,NULL,NULL
5682,NULL,PANTONE 210,NULL,255,160,191,FFA0BF,NULL,NULL,NULL
5683,NULL,PANTONE 211,NULL,255,119,168,FF77A8,NULL,NULL,NULL
5684,NULL,PANTONE 212,NULL,249,79,142,F94F8E,NULL,NULL,NULL
5685,NULL,PANTONE 213,NULL,234,15,107,EA0F6B,NULL,NULL,NULL
5686,NULL,PANTONE 214,NULL,204,2,86,CC0256,NULL,NULL,NULL
5687,NULL,PANTONE 215,NULL,165,5,68,A50544,NULL,NULL,NULL
5688,NULL,PANTONE 216,NULL,124,30,63,7C1E3F,NULL,NULL,NULL
5689,NULL,PANTONE 217,NULL,244,191,209,F4BFD1,NULL,NULL,NULL
5690,NULL,PANTONE 218,NULL,237,114,170,ED72AA,NULL,NULL,NULL
5691,NULL,PANTONE 219,NULL,226,40,130,E22882,NULL,NULL,NULL
5692,NULL,PANTONE 220,NULL,170,0,79,AA004F,NULL,NULL,NULL
5693,NULL,PANTONE 221,NULL,147,0,66,930042,NULL,NULL,NULL
5694,NULL,PANTONE 222,NULL,112,25,61,70193D,NULL,NULL,NULL
5695,NULL,PANTONE 223,NULL,249,147,196,F993C4,NULL,NULL,NULL
5696,NULL,PANTONE 224,NULL,244,107,175,F46BAF,NULL,NULL,NULL
5697,NULL,PANTONE 225,NULL,237,40,147,ED2893,NULL,NULL,NULL
5698,NULL,PANTONE 226,NULL,214,2,112,D60270,NULL,NULL,NULL
5699,NULL,PANTONE 227,NULL,173,0,91,AD005B,NULL,NULL,NULL
5700,NULL,PANTONE 228,NULL,140,0,76,8C004C,NULL,NULL,NULL
5701,NULL,PANTONE 229,NULL,109,33,63,6D213F,NULL,NULL,NULL
5702,NULL,PANTONE 230,NULL,255,160,204,FFA0CC,NULL,NULL,NULL
5703,NULL,PANTONE 231,NULL,252,112,186,FC70BA,NULL,NULL,NULL
5704,NULL,PANTONE 232,NULL,244,63,165,F43FA5,NULL,NULL,NULL
5705,NULL,PANTONE 233,NULL,206,0,124,CE007C,NULL,NULL,NULL
5706,NULL,PANTONE 234,NULL,170,0,102,AA0066,NULL,NULL,NULL
5707,NULL,PANTONE 235,NULL,142,5,84,8E0554,NULL,NULL,NULL
5708,NULL,PANTONE 236,NULL,249,175,211,F9AFD3,NULL,NULL,NULL
5709,NULL,PANTONE 2365,NULL,247,196,216,F7C4D8,NULL,NULL,NULL
5710,NULL,PANTONE 237,NULL,244,132,196,F484C4,NULL,NULL,NULL
5711,NULL,PANTONE 2375,NULL,234,107,191,EA6BBF,NULL,NULL,NULL
5712,NULL,PANTONE 238,NULL,237,79,175,ED4FAF,NULL,NULL,NULL
5713,NULL,PANTONE 2385,NULL,219,40,165,DB28A5,NULL,NULL,NULL
5714,NULL,PANTONE 239,NULL,224,33,158,E0219E,NULL,NULL,NULL
5715,NULL,PANTONE 2395,NULL,196,0,140,C4008C,NULL,NULL,NULL
5716,NULL,PANTONE 240,NULL,196,15,137,C40F89,NULL,NULL,NULL
5717,NULL,PANTONE 2405,NULL,168,0,122,A8007A,NULL,NULL,NULL
5718,NULL,PANTONE 241,NULL,173,0,117,AD0075,NULL,NULL,NULL
5719,NULL,PANTONE 2415,NULL,155,0,112,9B0070,NULL,NULL,NULL
5720,NULL,PANTONE 242,NULL,124,28,81,7C1C51,NULL,NULL,NULL
5721,NULL,PANTONE 2425,NULL,135,0,91,87005B,NULL,NULL,NULL
5722,NULL,PANTONE 243,NULL,242,186,216,F2BAD8,NULL,NULL,NULL
5723,NULL,PANTONE 244,NULL,237,160,211,EDA0D3,NULL,NULL,NULL
5724,NULL,PANTONE 245,NULL,232,127,201,E87FC9,NULL,NULL,NULL
5725,NULL,PANTONE 246,NULL,204,0,160,CC00A0,NULL,NULL,NULL
5726,NULL,PANTONE 247,NULL,183,0,142,B7008E,NULL,NULL,NULL
5727,NULL,PANTONE 248,NULL,163,5,127,A3057F,NULL,NULL,NULL
5728,NULL,PANTONE 249,NULL,127,40,96,7F2860,NULL,NULL,NULL
5729,NULL,PANTONE 250,NULL,237,196,221,EDC4DD,NULL,NULL,NULL
5730,NULL,PANTONE 251,NULL,226,158,214,E29ED6,NULL,NULL,NULL
5731,NULL,PANTONE 252,NULL,211,107,198,D36BC6,NULL,NULL,NULL
5732,NULL,PANTONE 253,NULL,175,35,165,AF23A5,NULL,NULL,NULL
5733,NULL,PANTONE 254,NULL,160,45,150,A02D96,NULL,NULL,NULL
5734,NULL,PANTONE 255,NULL,119,45,107,772D6B,NULL,NULL,NULL
5735,NULL,PANTONE 256,NULL,229,196,214,E5C4D6,NULL,NULL,NULL
5736,NULL,PANTONE 2562,NULL,216,168,216,D8A8D8,NULL,NULL,NULL
5737,NULL,PANTONE 2563,NULL,209,160,204,D1A0CC,NULL,NULL,NULL
5738,NULL,PANTONE 2567,NULL,191,147,204,BF93CC,NULL,NULL,NULL
5739,NULL,PANTONE 257,NULL,211,165,201,D3A5C9,NULL,NULL,NULL
5740,NULL,PANTONE 2572,NULL,198,135,209,C687D1,NULL,NULL,NULL
5741,NULL,PANTONE 2573,NULL,186,124,188,BA7CBC,NULL,NULL,NULL
5742,NULL,PANTONE 2577,NULL,170,114,191,AA72BF,NULL,NULL,NULL
5743,NULL,PANTONE 258,NULL,155,79,150,9B4F96,NULL,NULL,NULL
5744,NULL,PANTONE 2582,NULL,170,71,186,AA47BA,NULL,NULL,NULL
5745,NULL,PANTONE 2583,NULL,158,79,165,9E4FA5,NULL,NULL,NULL
5746,NULL,PANTONE 2587,NULL,142,71,173,8E47AD,NULL,NULL,NULL
5747,NULL,PANTONE 259,NULL,114,22,107,72166B,NULL,NULL,NULL
5748,NULL,PANTONE 2592,NULL,147,15,165,930FA5,NULL,NULL,NULL
6414,NULL,PANTONE 724,NULL,142,73,5,8E4905,NULL,NULL,NULL
6415,NULL,PANTONE 725,NULL,117,56,2,753802,NULL,NULL,NULL
6416,NULL,PANTONE 726,NULL,237,211,181,EDD3B5,NULL,NULL,NULL
6417,NULL,PANTONE 727,NULL,226,191,155,E2BF9B,NULL,NULL,NULL
6418,NULL,PANTONE 728,NULL,211,168,124,D3A87C,NULL,NULL,NULL
6419,NULL,PANTONE 729,NULL,193,142,96,C18E60,NULL,NULL,NULL
6420,NULL,PANTONE 730,NULL,170,117,63,AA753F,NULL,NULL,NULL
6421,NULL,PANTONE 731,NULL,114,63,10,723F0A,NULL,NULL,NULL
6422,NULL,PANTONE 732,NULL,96,51,10,60330A,NULL,NULL,NULL
6423,NULL,PANTONE 801,NULL,0,170,204,00AACC,NULL,NULL,NULL
6424,NULL,PANTONE 801 2X,NULL,0,137,175,0089AF,NULL,NULL,NULL
6425,NULL,PANTONE 802,NULL,96,221,73,60DD49,NULL,NULL,NULL
6426,NULL,PANTONE 802 2X,NULL,28,206,40,1CCE28,NULL,NULL,NULL
6427,NULL,PANTONE 803,NULL,255,237,56,FFED38,NULL,NULL,NULL
6428,NULL,PANTONE 803 2X,NULL,255,216,22,FFD816,NULL,NULL,NULL
6429,NULL,PANTONE 804,NULL,255,147,56,FF9338,NULL,NULL,NULL
6430,NULL,PANTONE 804 2X,NULL,255,127,30,FF7F1E,NULL,NULL,NULL
6431,NULL,PANTONE 805,NULL,249,89,81,F95951,NULL,NULL,NULL
6432,NULL,PANTONE 805 2X,NULL,249,58,43,F93A2B,NULL,NULL,NULL
6433,NULL,PANTONE 806,NULL,255,0,147,FF0093,NULL,NULL,NULL
6434,NULL,PANTONE 806 2X,NULL,247,2,124,F7027C,NULL,NULL,NULL
6435,NULL,PANTONE 807,NULL,214,0,158,D6009E,NULL,NULL,NULL
6436,NULL,PANTONE 807 2X,NULL,191,0,140,BF008C,NULL,NULL,NULL
6437,NULL,PANTONE 808,NULL,0,181,155,00B59B,NULL,NULL,NULL
6438,NULL,PANTONE 808 2X,NULL,0,160,135,00A087,NULL,NULL,NULL
6439,NULL,PANTONE 809,NULL,221,224,15,DDE00F,NULL,NULL,NULL
6440,NULL,PANTONE 809 2X,NULL,214,214,12,D6D60C,NULL,NULL,NULL
6441,NULL,PANTONE 810,NULL,255,204,30,FFCC1E,NULL,NULL,NULL
6442,NULL,PANTONE 810 2X,NULL,255,188,33,FFBC21,NULL,NULL,NULL
6443,NULL,PANTONE 811,NULL,255,114,71,FF7247,NULL,NULL,NULL
6444,NULL,PANTONE 811 2X,NULL,255,84,22,FF5416,NULL,NULL,NULL
6445,NULL,PANTONE 812,NULL,252,35,102,FC2366,NULL,NULL,NULL
6446,NULL,PANTONE 812 2X,NULL,252,7,79,FC074F,NULL,NULL,NULL
6447,NULL,PANTONE 813,NULL,229,0,153,E50099,NULL,NULL,NULL
6448,NULL,PANTONE 813 2X,NULL,209,0,132,D10084,NULL,NULL,NULL
6449,NULL,PANTONE 814,NULL,140,96,193,8C60C1,NULL,NULL,NULL
6450,NULL,PANTONE 814 2X,NULL,112,63,175,703FAF,NULL,NULL,NULL
6653,NULL,RAL 9004 Signal black,NULL,40,40,40,282828,NULL,NULL,NULL
6654,NULL,RAL 9005 Jet black,NULL,10,10,10,0A0A0A,NULL,NULL,NULL
6655,NULL,RAL 9006 White aluminium,NULL,165,165,165,A5A5A5,NULL,NULL,NULL
6656,NULL,RAL 9007 Grey aluminium,NULL,143,143,143,8F8F8F,NULL,NULL,NULL
6657,NULL,RAL 9010 Pure white,NULL,255,255,255,FFFFFF,NULL,NULL,NULL
6658,NULL,RAL 9011 Graphite black,NULL,28,28,28,1C1C1C,NULL,NULL,NULL
6659,NULL,RAL 9016 Traffic white,NULL,246,246,246,F6F6F6,NULL,NULL,NULL
6660,NULL,RAL 9017 Traffic black,NULL,30,30,30,1E1E1E,NULL,NULL,NULL
6661,NULL,RAL 9018 Papyrus white,NULL,215,215,215,D7D7D7,NULL,NULL,NULL
6662,NULL,RAL 9022 Pearl light grey,NULL,156,156,156,9C9C9C,NULL,NULL,NULL
6663,NULL,RAL 9023 Pearl dark grey,NULL,130,130,130,828282,NULL,NULL,NULL
